link,name,ingredients,recipe_category,recipe_cuisine,rating,rating_count,keywords
https://www.epicurious.com/recipes/food/views/fresh-ginger-cake-103238,Fresh Ginger Cake ,"4 ounces fresh ginger $ 1 cup mild molasses $ 1 cup sugar $ 1 cup vegetable oil, preferably peanut $ 2 1/2 cups flour $ 1 teaspoon ground cinnamon $ 1/2 teaspoon ground cloves $ 1/2 teaspoon ground black pepper $ 1 cup water $ 2 teaspoons baking soda $ 2 eggs, at room temperature $ ",Cake $ Ginger $ Brunch $ Dessert $ Bake $ Mother's Day $ Fall $ Shower $ Vegetarian $ Pescatarian $ Dairy Free $ Tree Nut Free $ Soy Free $ Kosher $ ,American $ ,3.5/4,93,Cake $ Ginger $ Brunch $ Dessert $ Bake $ Mother's Day $ Fall $ Shower $ Vegetarian $ Pescatarian $ Dairy Free $ Tree Nut Free $ Soy Free $ Kosher $ American $ 
https://www.epicurious.com/recipes/food/views/fire-roasted-tomato-and-bread-salad-with-spicy-vinaigrette-103607,Fire-Roasted Tomato and Bread Salad with Spicy Vinaigrette ,"8 tablespoons olive oil $ 4 large tomatoes (about 2 1/4 pounds), halved horizontally $ 8 3/4-inch-thick crusty country-style bread slices (each about 5x3 inches) $ 1/3 cup red wine vinegar $ 1 teaspoon minced canned chipotle chili* $ 1 garlic clove, minced $ 1/2 red onion, chopped $ 1/2 cup chopped fresh cilantro $ ",Salad $ Onion $ Tomato $ Roast $ Picnic $ Summer $ Bon Appétit $ ,American $ ,3.5/4,10,Salad $ Onion $ Tomato $ Roast $ Picnic $ Summer $ Bon Appétit $ American $ 
https://www.epicurious.com/recipes/food/views/sweet-corn-and-tomato-salad-with-fresh-cilantro-109684,Sweet Corn and Tomato Salad with Fresh Cilantro ,"10 ears fresh corn, husked $ 2 pounds plum tomatoes, cut into 1/2-inch cubes $ 3/4 cup finely chopped red onion $ 1/2 cup chopped fresh cilantro $ 1/4 cup extra-virgin olive oil $ 1 tablespoon red wine vinegar $ ",Salad $ Onion $ Tomato $ Side $ Vegetarian $ Quick & Easy $ Graduation $ Corn $ Summer $ Vegan $ Cilantro $ Bon Appétit $ Pescatarian $ Dairy Free $ Wheat/Gluten-Free $ Peanut Free $ Tree Nut Free $ Soy Free $ No Sugar Added $ Kosher $ ,American $ ,3.5/4,81,Salad $ Onion $ Tomato $ Side $ Vegetarian $ Quick & Easy $ Graduation $ Corn $ Summer $ Vegan $ Cilantro $ Bon Appétit $ Pescatarian $ Dairy Free $ Wheat/Gluten-Free $ Peanut Free $ Tree Nut Free $ Soy Free $ No Sugar Added $ Kosher $ American $ 
https://www.epicurious.com/recipes/food/views/cinnamon-crumble-apple-pie-108650,Cinnamon Crumble Apple Pie ,"1 1/3 cups all purpose flour $ 1/2 teaspoon salt $ 1/2 teaspoon sugar $ 1/4 cup (1/2 stick) chilled unsalted butter, cut into 1/2-inch cubes $ 1/4 cup frozen solid vegetable shortening, cut into 1/2-inch cubes $ 3 tablespoons (or more) ice water $ 1/2 teaspoon apple cider vinegar $ 3 1/4 pounds Granny Smith apples, peeled, cored, sliced 1/4 inch thick $ 2/3 cup sugar $ 2 tablespoons all purpose flour $ 2 teaspoons ground cinnamon $ 2 tablespoons unsalted butter, melted $ 1 cup all purpose flour $ 1/2 cup sugar $ 1/4 cup (packed) golden brown sugar $ 1 1/2 teaspoons ground cinnamon $ 1/2 teaspoon salt $ 6 tablespoons chilled unsalted butter, cut into 1/2-inch cubes $ Vanilla ice cream $ ",Food Processor $ Fruit $ Dessert $ Bake $ Thanksgiving $ Vinegar $ Apple $ Fall $ Cinnamon $ Bon Appétit $ Vegetarian $ Pescatarian $ Peanut Free $ Tree Nut Free $ Soy Free $ Kosher $ ,American $ ,3.5/4,305,Food Processor $ Fruit $ Dessert $ Bake $ Thanksgiving $ Vinegar $ Apple $ Fall $ Cinnamon $ Bon Appétit $ Vegetarian $ Pescatarian $ Peanut Free $ Tree Nut Free $ Soy Free $ Kosher $ American $ 
https://www.epicurious.com/recipes/food/views/fresh-apricot-upside-down-cake-108370,Fresh Apricot Upside-Down Cake ,"1 stick (1/2 cup) unsalted butter $ 3/4 cup packed light brown sugar $ 10 or 11 small (2- to 2 1/4-inch) fresh apricots (1 1/4 lb), halved lengthwise and pitted $ 1 3/4 cups all-purpose flour $ 1 1/2 teaspoons baking powder $ 1/2 teaspoon baking soda $ 1/2 teaspoon salt $ 1 stick (1/2 cup) unsalted butter, softened $ 3/4 cup granulated sugar $ 1 1/2 teaspoons vanilla extract $ 1/4 teaspoon almond extract $ 2 large eggs at room temperature for 30 minutes $ 3/4 cup well-shaken buttermilk $ Special equipment: a 10-inchwell-seasoned cast-iron or heavy nonstick skillet (at least 2 inches deep) $ ",Cake $ Fruit $ Dessert $ Bake $ Apricot $ Almond $ Vanilla $ Summer $ Birthday $ Family Reunion $ Simmer $ Gourmet $ ,American $ ,3.5/4,48,Cake $ Fruit $ Dessert $ Bake $ Apricot $ Almond $ Vanilla $ Summer $ Birthday $ Family Reunion $ Simmer $ Gourmet $ American $ 
https://www.epicurious.com/recipes/food/views/manhattan-clam-chowder-109191,Manhattan Clam Chowder ,"2 bacon slices, cut into 1/2-inch squares $ 1/3 cup chopped onion $ 3 tablespoons diced (1/3 inch) green bell pepper $ 3 tablespoons diced (1/3 inch) celery $ 2/3 cup diced (1/3 inch) peeled boiling potato (1 small) $ 1 (8-oz) bottle clam juice $ 1 cup canned diced tomatoes (8 oz), including juice $ 1 1/2 dozen small hard-shelled clams (1 1/2 to 2 inches in diameter; 2 pounds total), scrubbed well $ 2 tablespoons chopped fresh flat-leaf parsley $ ",Soup/Stew $ Potato $ Shellfish $ Tomato $ Sauté $ Quick & Easy $ Clam $ Celery $ Bell Pepper $ Spring $ Simmer $ Gourmet $ ,American $ ,3.5/4,29,Soup/Stew $ Potato $ Shellfish $ Tomato $ Sauté $ Quick & Easy $ Clam $ Celery $ Bell Pepper $ Spring $ Simmer $ Gourmet $ American $ 
https://www.epicurious.com/recipes/food/views/puffed-apple-pancake-107071,Puffed Apple Pancake ,"1 cup whole milk $ 4 large eggs $ 3 tablespoons sugar $ 1 teaspoon vanilla extract $ 1/2 teaspoon salt $ 1/4 teaspoon ground cinnamon $ 2/3 cup all purpose flour $ 4 tablespoons (1/2 stick) unsalted butter $ 12 ounces Golden Delicious apples (about 2), peeled, cored, thinly sliced $ 3 tablespoons (packed) golden brown sugar $ Powdered sugar (optional) $ ",Milk/Cream $ Egg $ Fruit $ Breakfast $ Brunch $ Bake $ Kid-Friendly $ Apple $ Fall $ Cinnamon $ Bon Appétit $ Vegetarian $ Pescatarian $ Peanut Free $ Tree Nut Free $ Soy Free $ Kosher $ ,American $ ,3.5/4,143,Milk/Cream $ Egg $ Fruit $ Breakfast $ Brunch $ Bake $ Kid-Friendly $ Apple $ Fall $ Cinnamon $ Bon Appétit $ Vegetarian $ Pescatarian $ Peanut Free $ Tree Nut Free $ Soy Free $ Kosher $ American $ 
https://www.epicurious.com/recipes/food/views/rice-pudding-gonzo-106089,"Rice Pudding ""Gonzo"" ",2 quarts whole milk $ 1 cup long-grain white rice (do not rinse) $ 1 cup sugar $ 2 tablespoons unsalted butter $ 1 teaspoon vanilla $ 1/4 teaspoon salt $ 2 large eggs $ 1 cup heavy cream $ 1/2 teaspoon cinnamon $ ,Milk/Cream $ Rice $ Dessert $ Winter $ Chill $ Gourmet $ Vegetarian $ Pescatarian $ Wheat/Gluten-Free $ Peanut Free $ Tree Nut Free $ Soy Free $ Kosher $ ,American $ ,3.5/4,209,Milk/Cream $ Rice $ Dessert $ Winter $ Chill $ Gourmet $ Vegetarian $ Pescatarian $ Wheat/Gluten-Free $ Peanut Free $ Tree Nut Free $ Soy Free $ Kosher $ American $ 
https://www.epicurious.com/recipes/food/views/moms-meat-loaf-2480,Mom's Meat Loaf ,2 pounds ground beef $ 1/2 pound ground pork $ 1 cup minced onion $ 1/2 cup catsup $ 1/2 cup seasoned dry breadcrumbs $ 2 eggs $ 2 tablespoons Worcestershire sauce $ 2 teaspoons dried oregano $ 2 teaspoons dried basil $ 1 1/2 teaspoons garlic powder $ 1 teaspoon salt $ 3/4 teaspoon pepper $ ,Beef $ Onion $ Pork $ Bake $ Kid-Friendly $ Winter $ Bon Appétit $ ,American $ ,3.5/4,82,Beef $ Onion $ Pork $ Bake $ Kid-Friendly $ Winter $ Bon Appétit $ American $ 
https://www.epicurious.com/recipes/food/views/praline-pecan-tarts-11845,Praline Pecan Tarts ,"2 recipes Pastry Dough or enough for 2 single-crust 9-inch pies $ 3/4 cup light corn syrup $ 3 large eggs $ 1/4 teaspoon salt $ 2 teaspoons dark rum or vanilla extract $ 1 tablespoon unsalted butter, melted $ 1 cup finely chopped homemade Pralines $ 2 cups pecan halves (about 6 ounces) $ ",Egg $ Dessert $ Bake $ Pecan $ Gourmet $ ,American $ ,0/4,0,Egg $ Dessert $ Bake $ Pecan $ Gourmet $ American $ 
https://www.epicurious.com/recipes/food/views/molded-jell-o-salad-15059,Molded Jell-O Salad ,"1 package lime or lemon Jell-O, dissolved with 1 cup hot water $ 3/4 cup cold water $ 1/4 cup mayonnaise $ 1 bottlecapful of vinegar $ 1 cup cottage cheese $ 1 cup (total) chopped celery, onions, carrots (if you add too much the Jell-O will be too watery to gel) $ Ripe olives or parsley $ ",Salad $ Vegetable $ Side $ Mayonnaise $ Spring $ Chill $ Cottage Cheese $ Sugar Conscious $ Kidney Friendly $ Vegetarian $ Pescatarian $ Wheat/Gluten-Free $ Peanut Free $ Tree Nut Free $ Soy Free $ Kosher $ ,American $ ,3/4,15,Salad $ Vegetable $ Side $ Mayonnaise $ Spring $ Chill $ Cottage Cheese $ Sugar Conscious $ Kidney Friendly $ Vegetarian $ Pescatarian $ Wheat/Gluten-Free $ Peanut Free $ Tree Nut Free $ Soy Free $ Kosher $ American $ 
https://www.epicurious.com/recipes/food/views/medley-of-zucchini-chayote-and-yellow-squash-4372,"Medley of Zucchini, Chayote and Yellow Squash ","6 tablespoons (3/4 stick) butter $ 1 1/2 cups finely chopped white onion $ 1 1/2 tablespoons minced garlic $ 2 3/4 poundschayote squash, peeled, pitted, cut crosswise into 1/4-inch slices $ 18 ounces zucchini, cut crosswise into 1/4-inch slices $ 14 ounces yellow crookneck squash, cut crosswise into 1/4-inch slices $ 3 tablespoons chopped chives $ 3 tablespoons chopped fresh cilantro $ ",Sauté $ Low Sodium $ Low/No Sugar $ Wheat/Gluten-Free $ Squash $ Zucchini $ Fall $ Yellow Squash $ Bon Appétit $ ,American $ ,3/4,6,Sauté $ Low Sodium $ Low/No Sugar $ Wheat/Gluten-Free $ Squash $ Zucchini $ Fall $ Yellow Squash $ Bon Appétit $ American $ 
https://www.epicurious.com/recipes/food/views/herbed-buttered-parsnips-10833,Herbed Buttered Parsnips ,"3 pounds parsnips, peeled and cut diagonally into 1/2-inch-thick slices $ 1/2 stick (1/4 cup) unsalted butter, cut into pieces and softened $ 1/3 cup finely chopped fresh parsley leaves $ 1 tablespoon fresh thyme leaves, chopped fine, or 1 teaspoon dried, crumbled $ 1 1/2 teaspoons fresh lemon juice, or to taste $ ",Herb $ Side $ Steam $ Thanksgiving $ Parsnip $ Thyme $ Gourmet $ ,American $ ,2/4,4,Herb $ Side $ Steam $ Thanksgiving $ Parsnip $ Thyme $ Gourmet $ American $ 
https://www.epicurious.com/recipes/food/views/baked-spiced-butternut-squash-with-apples-and-maple-syrup-15643,Baked Spiced Butternut Squash with Apples and Maple Syrup ,"1/2 cup (1 stick) butter $ 3/4 cup pure maple syrup $ 1/4 cup apple juice $ 1 teaspoon ground cinnamon $ 1/2 teaspoon ground allspice $ 1/2 teaspoon salt $ 3 small butternut squashes, peeled, halved lengthwise, seeded, cut crosswise into 1/3-inch-thick slices $ 4 6-ounce Granny Smith apples, peeled, halved, cored, cut into 1/4-inch-thick slices $ ",Fruit $ Vegetable $ Side $ Bake $ Thanksgiving $ Vegetarian $ Kid-Friendly $ Apple $ Spice $ Butternut Squash $ Fall $ Maple Syrup $ Bon Appétit $ ,American $ ,3.5/4,58,Fruit $ Vegetable $ Side $ Bake $ Thanksgiving $ Vegetarian $ Kid-Friendly $ Apple $ Spice $ Butternut Squash $ Fall $ Maple Syrup $ Bon Appétit $ American $ 
https://www.epicurious.com/recipes/food/views/vanilla-bean-ice-cream-with-maple-caramel-sauce-916,Vanilla Bean Ice Cream with Maple Caramel Sauce ,"3 cups whipping cream $ 1 cup half and half $ 1 vanilla bean, split lengthwise $ 3/4 cup sugar $ 8 large egg yolks $ Maple Caramel Sauce $ 6 tablespoons chopped toasted pecans $ ",Milk/Cream $ Ice Cream Machine $ Dessert $ Kid-Friendly $ Frozen Dessert $ Vanilla $ Fall $ Summer $ Bon Appétit $ ,American $ ,0/4,0,Milk/Cream $ Ice Cream Machine $ Dessert $ Kid-Friendly $ Frozen Dessert $ Vanilla $ Fall $ Summer $ Bon Appétit $ American $ 
https://www.epicurious.com/recipes/food/views/original-girl-scout-cookies-100807,Original Girl Scout Cookies ,"1 cup butter, or substitute $ 1 cup sugar $ 2 tablespoons of milk $ 2 eggs $ 1 teaspoon of vanilla $ 2 cups of flour $ 2 teaspoons of baking powder $ ",Cookies $ Milk/Cream $ Mixer $ Dairy $ Dessert $ Bake $ Picnic $ Kid-Friendly $ Back to School $ Spring $ Kidney Friendly $ Vegetarian $ Pescatarian $ Peanut Free $ Tree Nut Free $ Soy Free $ Kosher $ ,American $ ,2.5/4,5,Cookies $ Milk/Cream $ Mixer $ Dairy $ Dessert $ Bake $ Picnic $ Kid-Friendly $ Back to School $ Spring $ Kidney Friendly $ Vegetarian $ Pescatarian $ Peanut Free $ Tree Nut Free $ Soy Free $ Kosher $ American $ 
https://www.epicurious.com/recipes/food/views/cobb-salad-11049,Cobb Salad ,"1/2 head of romaine, rinsed, spun dry, and chopped fine (about 4 cups) $ 1/2 head of Boston lettuce, rinsed, spun dry, and chopped fine (about 4 cups) $ 1 small bunch of curly endive, rinsed, spun dry, and chopped fine (about 4 cups) $ 1/2 bunch of watercress, coarse stems discarded and the watercress rinsed, spun dry, and chopped fine (about 2 cups) $ 6 slices of lean bacon, chopped fine $ 3 ripe avocados (preferably California) $ 2 whole skinless boneless chicken breasts (about 1 1/2 pounds total), halved, cooked, and diced fine $ 1 tomato, seeded and chopped fine $ 1/2 hard-boiled large egg, separated, the yolk grated fine and the white grated fine $ 2 tablespoons chopped fresh chives $ 1/3 cup red-wine vinegar $ 1 tablespoon Dijon-style mustard $ 2/3 cup olive oil $ 1/2 cup finely grated Roquefort $ ",Salad $ Chicken $ Egg $ Leafy Green $ Tomato $ Blue Cheese $ Bacon $ Avocado $ Endive $ Watercress $ Gourmet $ ,American $ ,3.5/4,25,Salad $ Chicken $ Egg $ Leafy Green $ Tomato $ Blue Cheese $ Bacon $ Avocado $ Endive $ Watercress $ Gourmet $ American $ 
https://www.epicurious.com/recipes/food/views/spiced-cranberry-sauce-13348,Spiced Cranberry Sauce ,"a 12-ounce bag of cranberries, picked over $ 1/2 cup honey $ 2 to 3 tablespoons firmly packed brown sugar, or to taste $ two 3-inch cinnamon sticks $ 6 whole cloves $ 1/4 teaspoon freshly grated nutmeg, or to taste $ 3/4 cup water $ ",Condiment/Spread $ Sauce $ Christmas $ Thanksgiving $ Quick & Easy $ Low Sodium $ Cranberry $ Chill $ Cinnamon $ Clove $ Gourmet $ ,American $ ,4/4,64,Condiment/Spread $ Sauce $ Christmas $ Thanksgiving $ Quick & Easy $ Low Sodium $ Cranberry $ Chill $ Cinnamon $ Clove $ Gourmet $ American $ 
https://www.epicurious.com/recipes/food/views/oven-roasted-turkey-roulade-102667,Oven-Roasted Turkey Roulade ,"10 garlic cloves, peeled $ 2 tablespoons olive oil $ 1/2 cup fresh breadcrumbs made from crustless French bread $ 1/4 cup finely chopped celery $ 1/4 cup finely chopped pimiento-stuffed green Spanish olives $ 3 tablespoons chopped fresh parsley $ 1 teaspoon grated lemon peel $ 1/2 teaspoon chopped fresh rosemary $ 1 2 1/2-pound turkey breast half (skin, bones and fillet removed), butterflied $ 2 1/2 cups (about) canned low-salt chicken broth $ ",Garlic $ Poultry $ turkey $ Roast $ Thanksgiving $ Dinner $ Winter $ Healthy $ Bon Appétit $ Sugar Conscious $ Dairy Free $ Peanut Free $ Tree Nut Free $ Soy Free $ Kosher $ ,American $ ,2.5/4,7,Garlic $ Poultry $ turkey $ Roast $ Thanksgiving $ Dinner $ Winter $ Healthy $ Bon Appétit $ Sugar Conscious $ Dairy Free $ Peanut Free $ Tree Nut Free $ Soy Free $ Kosher $ American $ 
https://www.epicurious.com/recipes/food/views/coconut-layer-cake-102696,Coconut Layer Cake ,"2 3/4 cups all purpose flour $ 1 teaspoon baking powder $ 1/2 teaspoon baking soda $ 1/2 teaspoon salt $ 1 3/4 cups sugar $ 1 cup (2 sticks) unsalted butter, room temperature $ 1 cup canned sweetened cream of coconut (such as Coco López)* $ 4 large eggs, separated $ 1 teaspoon vanilla extract $ 1 cup buttermilk $ Pinch of salt $ Cream Cheese Frosting $ 4 cups sweetened shredded coconut $ *Canned sweetened cream of coconut is available in the liquor section of most supermarkets nationwide. $ ",Cake $ Mixer $ Dairy $ Egg $ Dessert $ Bake $ Coconut $ Winter $ Bon Appétit $ Vegetarian $ Pescatarian $ Peanut Free $ Tree Nut Free $ Soy Free $ Kosher $ ,American $ ,3.5/4,252,Cake $ Mixer $ Dairy $ Egg $ Dessert $ Bake $ Coconut $ Winter $ Bon Appétit $ Vegetarian $ Pescatarian $ Peanut Free $ Tree Nut Free $ Soy Free $ Kosher $ American $ 
https://www.epicurious.com/recipes/food/views/steamed-pumpkin-bread-with-walnuts-and-dates-102515,Steamed Pumpkin Bread with Walnuts and Dates ,1/2 cup all purpose flour $ 1/2 cup whole wheat flour $ 1/2 cup yellow cornmeal $ 1 teaspoon baking soda $ 1/2 teaspoon salt $ 1/4 cup chopped dates $ 1/4 cup chopped walnuts $ 2/3 cup buttermilk $ 1/2 cup canned pure pumpkin $ 1/2 cup honey $ 1 large egg yolk $ ,Bread $ Fruit $ Nut $ Steam $ Thanksgiving $ Vegetarian $ Date $ Walnut $ Pumpkin $ Fall $ Winter $ Bon Appétit $ ,American $ ,3/4,5,Bread $ Fruit $ Nut $ Steam $ Thanksgiving $ Vegetarian $ Date $ Walnut $ Pumpkin $ Fall $ Winter $ Bon Appétit $ American $ 
https://www.epicurious.com/recipes/food/views/steamed-clams-and-lobster-with-shallot-butter-corn-sausages-and-potatoes-101948,"Steamed Clams and Lobster with Shallot Butter, Corn, Sausages and Potatoes ","6 dozen littleneck clams (about 9 pounds), scrubbed $ 2 pounds sweet Italian turkey sausages $ 6 medium-size white potatoes (about 2 pounds), unpeeled $ 2 cups water $ 1 tablespoon dried oregano $ 1 teaspoon dried crushed red pepper $ Shallot Butter $ 6 1-pound live lobsters or three 2-pound live lobsters $ 6 ears corn, husked $ ",Shellfish $ Steam $ Sausage $ Clam $ Lobster $ Corn $ Summer $ Bon Appétit $ ,American $ ,4/4,9,Shellfish $ Steam $ Sausage $ Clam $ Lobster $ Corn $ Summer $ Bon Appétit $ American $ 
https://www.epicurious.com/recipes/food/views/roast-turkey-with-maple-herb-butter-and-gravy-4438,Roast Turkey with Maple Herb Butter and Gravy ,"2 cups apple cider $ 1/3 cup pure maple syrup $ 2 tablespoons chopped fresh thyme or 2 teaspoons dried $ 2 tablespoons chopped fresh marjoram or 2 teaspoons dried $ 1 1/2 teaspoons grated lemon peel $ 3/4 cup (1 1/2 sticks) butter, room temperature $ 1 14-pound turkey, neck and giblets reserved $ 2 cups chopped onion $ 1 1/2 cups chopped celery with leaves $ 1 cup coarsely chopped carrot $ 2 cups canned low-salt chicken broth $ 3 cups (about) canned low-salt chicken broth $ 3 tablespoons all purpose flour $ 1 teaspoon chopped fresh thyme or 1/2 teaspoon dried $ 1 small bay leaf $ 2 tablespoons apple brandy (optional) $ ",Herb $ turkey $ Roast $ Christmas $ Thanksgiving $ Fall $ Maple Syrup $ Bon Appétit $ ,American $ ,3.5/4,89,Herb $ turkey $ Roast $ Christmas $ Thanksgiving $ Fall $ Maple Syrup $ Bon Appétit $ American $ 
https://www.epicurious.com/recipes/food/views/red-and-yellow-pepper-relish-102687,Red and Yellow Pepper Relish ,"2 tablespoons (1/4 stick) butter $ 2 tablespoons olive oil $ 1 large onion, thinly sliced $ 1 red bell pepper, coarsely chopped $ 1 yellow bell pepper, coarsely chopped $ 1/3 cup coarsely chopped pitted Kalamata olives $ 1 tablespoon Dijon mustard $ 1 large garlic clove, chopped $ ",Condiment/Spread $ Garlic $ Olive $ Onion $ Pepper $ Sauté $ Bell Pepper $ Chill $ Bon Appétit $ ,American $ ,3/4,16,Condiment/Spread $ Garlic $ Olive $ Onion $ Pepper $ Sauté $ Bell Pepper $ Chill $ Bon Appétit $ American $ 
https://www.epicurious.com/recipes/food/views/blackberry-jam-cake-106362,Blackberry Jam Cake ,"1 teaspoon baking soda $ 1 cup buttermilk $ 1 cup butter $ 2 cups sugar $ 4 egg yolks, beaten $ 3 cups flour $ 2 teaspoons cinnamon $ 1 teaspoon nutmeg $ 1 teaspoon cloves $ 1 teaspoon allspice $ 1 teaspoon vanilla $ 1 cup blackberry jam $ 4 egg whites, beaten $ ",Cake $ Dessert $ Bake $ Blackberry $ Summer $ Jam or Jelly $ ,American $ ,2.5/4,3,Cake $ Dessert $ Bake $ Blackberry $ Summer $ Jam or Jelly $ American $ 
https://www.epicurious.com/recipes/food/views/jellied-cranberry-sauce-108767,Jellied Cranberry Sauce ,"4 (12-ounce) bags cranberries, thawed if frozen $ 3 cups sugar $ 3 1/3 cups cold water $ 2 tablespoons unflavored gelatin (from three 1/4-ounce envelopes) $ a 3 1/2-cup nonreactive decorative mold or 10 individual (1/3-cup) decorative molds $ ",Sauce $ Side $ Thanksgiving $ Cranberry $ Fall $ Chill $ Gourmet $ Fat Free $ Kidney Friendly $ Dairy Free $ Wheat/Gluten-Free $ Peanut Free $ Tree Nut Free $ Soy Free $ ,American $ ,3/4,11,Sauce $ Side $ Thanksgiving $ Cranberry $ Fall $ Chill $ Gourmet $ Fat Free $ Kidney Friendly $ Dairy Free $ Wheat/Gluten-Free $ Peanut Free $ Tree Nut Free $ Soy Free $ American $ 
https://www.epicurious.com/recipes/food/views/caramelized-apple-and-pear-pie-102543,Caramelized Apple and Pear Pie ,"1/2 cup applejack brandy or brandy $ 1/2 cup dried currants $ 2 tablespoons fresh lemon juice $ 2 teaspoons vanilla extract $ 5 tablespoons unsalted butter $ 1 1/4 pounds Granny Smith apples, peeled, quartered, cored, cut into 1/3-inch-thick wedges $ 1 teaspoon ground cinnamon $ 1 teaspoon ground nutmeg $ 1 pound firm but ripe Bartlett pears, peeled, cored, cut into 1/3-inch-thick wedges $ 2 tablespoons cornstarch $ 3/4 cup (packed) golden brown sugar $ 1/4 cup light corn syrup $ 1/4 cup whipping cream $ 3/4 cup coarsely chopped lightly toasted walnuts $ 
epi:recipeLink id=""102545""<1 Cinnamon Pastry Crust>/epi:recipeLink<, chilled
 $ Vanilla ice cream $ ",Fruit $ Dessert $ Bake $ Christmas $ Thanksgiving $ Apple $ Pear $ Fall $ Bon Appétit $ ,American $ ,2.5/4,5,Fruit $ Dessert $ Bake $ Christmas $ Thanksgiving $ Apple $ Pear $ Fall $ Bon Appétit $ American $ 
https://www.epicurious.com/recipes/food/views/shrimp-cakes-with-andouille-sausage-106163,Shrimp Cakes with Andouille Sausage ,"1 pound cooked peeled medium shrimp, cut into 1/2-inch pieces (2 cups) $ 1 cup 1/2-inch cubes andouille sausage* (about 4 ounces) $ 2 tablespoons (1/4 stick) butter $ 1/2 cup minced green bell pepper $ 1/4 cup minced onion $ 1/3 cup mayonnaise $ 1 1/4 cups fresh breadcrumbs made from crustless French bread $ 1 green onion, minced $ 1 tablespoon Dijon mustard $ ",Food Processor $ Pork $ Shellfish $ Appetizer $ Sauté $ Lunch $ Sausage $ Seafood $ Shrimp $ Winter $ Bon Appétit $ Sugar Conscious $ Peanut Free $ Tree Nut Free $ Soy Free $ ,American $ Cajun/Creole $ ,3.5/4,24,Food Processor $ Pork $ Shellfish $ Appetizer $ Sauté $ Lunch $ Sausage $ Seafood $ Shrimp $ Winter $ Bon Appétit $ Sugar Conscious $ Peanut Free $ Tree Nut Free $ Soy Free $ American $ Cajun/Creole $ 
https://www.epicurious.com/recipes/food/views/hearty-lamb-and-vegetable-stew-107488,Hearty Lamb and Vegetable Stew ,"1 1/2 pounds lamb stew meat, cut into 1-inch pieces $ 1 tablespoon all purpose flour $ 3 tablespoons olive oil $ 1 large green bell pepper, cut into 1-inch pieces $ 1 medium onion, finely chopped $ 3 3x1/2-inch strips lemon peel $ 2 garlic cloves, chopped $ 2 small bay leaves $ 2 cups low-salt chicken broth $ 1 tablespoon tomato paste $ 4 medium carrots (about 8 ounces), peeled, cut into 1-inch pieces $ 1 cup frozen petite peas $ Chopped fresh parsley $ ",Soup/Stew $ Lamb $ Vegetable $ Sauté $ Stew $ Winter $ Bon Appétit $ California $ ,American $ ,3.5/4,30,Soup/Stew $ Lamb $ Vegetable $ Sauté $ Stew $ Winter $ Bon Appétit $ California $ American $ 
https://www.epicurious.com/recipes/food/views/double-corn-and-cheese-muffins-102195,Double-Corn and Cheese Muffins ,"1/3 cup whole milk $ 1 large egg $ 1 8 1/2-ounce box corn muffin mix $ 1/3 cup (packed) shredded ""pizza cheese"" or mozzarella cheese $ 1/3 cup frozen corn kernels, thawed $ 3 tablespoons chopped fresh basil $ ",Bread $ Cheese $ Bake $ Vegetarian $ Mozzarella $ Corn $ Fall $ Hominy/Cornmeal/Masa $ Bon Appétit $ ,American $ ,2/4,9,Bread $ Cheese $ Bake $ Vegetarian $ Mozzarella $ Corn $ Fall $ Hominy/Cornmeal/Masa $ Bon Appétit $ American $ 
https://www.epicurious.com/recipes/food/views/cajun-style-blackened-halibut-102161,Cajun-Style Blackened Halibut ,"1 teaspoon salt $ 1 teaspoon minced fresh thyme $ 1/2 teaspoon dried oregano $ 1/2 teaspoon cayenne pepper $ 1/2 teaspoon sweet paprika $ 1/2 teaspoon ground black pepper $ 1/2 teaspoon fennel seeds, crushed $ 4 6-ounce halibut fillets $ 2 tablespoons olive oil $ 4 teaspoons butter $ ",Fish $ Low Carb $ Halloween $ Halibut $ Fall $ Bon Appétit $ ,American $ Cajun/Creole $ ,3.5/4,72,Fish $ Low Carb $ Halloween $ Halibut $ Fall $ Bon Appétit $ American $ Cajun/Creole $ 
https://www.epicurious.com/recipes/food/views/beets-and-caramelized-onions-with-feta-108478,Beets and Caramelized Onions with Feta ,"2 tablespoons cider vinegar $ 1 teaspoon Dijon mustard (preferably whole-grain or coarse-grain) $ 1/4 teaspoon black pepper $ 3/4 teaspoon salt $ 5 tablespoons olive oil $ 1 lb onions (2 medium), quartered lengthwise, then cut crosswise into 1-inch pieces $ 2 (15-oz) cans small whole beets, drained and quartered (or halved if very small) $ 3 oz crumbled feta (1/2 cup) $ 1/4 cup pine nuts (1 oz), toasted and coarsely chopped $ ",Salad $ Cheese $ Nut $ Onion $ Vegetable $ Appetizer $ Side $ Vegetarian $ Quick & Easy $ Feta $ Pine Nut $ Beet $ Fall $ Gourmet $ ,American $ ,4/4,91,Salad $ Cheese $ Nut $ Onion $ Vegetable $ Appetizer $ Side $ Vegetarian $ Quick & Easy $ Feta $ Pine Nut $ Beet $ Fall $ Gourmet $ American $ 
https://www.epicurious.com/recipes/food/views/individual-cheesecakes-with-mixed-berry-sauce-108468,Individual Cheesecakes with Mixed-Berry Sauce ,"2 cups ground vanilla wafer cookies or shortbread cookies (about 10 ounces) $ 1/4 cup (1/2 stick) unsalted butter, melted $ 3 8-ounce packages cream cheese, room temperature $ 3/4 cup sugar $ 1/2 teaspoon vanilla extract $ 2 large eggs $ 2 large egg yolks $ 1/4 cup (1/2 stick) unsalted butter $ 1/4 cup sugar $ 2 1/2-pint baskets raspberries $ 2 1/2-pint baskets blueberries $ 6 tablespoons black raspberry liqueur (such as Chambord) $ ",Cake $ Berry $ Fruit $ Dessert $ Bake $ Cream Cheese $ Blueberry $ Raspberry $ Summer $ Chill $ Party $ Bon Appétit $ Vegetarian $ Pescatarian $ Peanut Free $ Tree Nut Free $ Soy Free $ Kosher $ ,American $ ,3/4,25,Cake $ Berry $ Fruit $ Dessert $ Bake $ Cream Cheese $ Blueberry $ Raspberry $ Summer $ Chill $ Party $ Bon Appétit $ Vegetarian $ Pescatarian $ Peanut Free $ Tree Nut Free $ Soy Free $ Kosher $ American $ 
https://www.epicurious.com/recipes/food/views/cranberry-and-pickled-beet-relish-108765,Cranberry and Pickled Beet Relish ,"1/2 cup red-wine vinegar $ 1/2 cup water $ 2/3 cup sugar $ 3 cups fresh or frozen cranberries (12 ounces; not thawed if frozen) $ 1 (16-ounces) jar sliced pickled beets, drained and quartered $ ",Condiment/Spread $ Sauce $ Side $ Thanksgiving $ Quick & Easy $ Vinegar $ Cranberry $ Beet $ Fall $ Simmer $ Gourmet $ Fat Free $ Kidney Friendly $ Vegan $ Vegetarian $ Pescatarian $ Dairy Free $ Wheat/Gluten-Free $ Peanut Free $ Tree Nut Free $ Soy Free $ Kosher $ ,American $ ,0/4,0,Condiment/Spread $ Sauce $ Side $ Thanksgiving $ Quick & Easy $ Vinegar $ Cranberry $ Beet $ Fall $ Simmer $ Gourmet $ Fat Free $ Kidney Friendly $ Vegan $ Vegetarian $ Pescatarian $ Dairy Free $ Wheat/Gluten-Free $ Peanut Free $ Tree Nut Free $ Soy Free $ Kosher $ American $ 
https://www.epicurious.com/recipes/food/views/parnsips-and-celery-root-with-nutmeg-107307,Parnsips and Celery Root with Nutmeg ,"4 tablespoons (1/2 stick) butter $ 1 cup chopped onion $ 2 pounds parsnips, peeled, cut into 1/2-inch cubes $ 1 1/4 pounds celery root (celeriac), trimmed, peeled, cut into 1/2-inch cubes (about 2 cups) $ 1 1/4 cups low-salt chicken broth $ 1/2 cup whipping cream $ 1/2 teaspoon ground nutmeg $ 1/2 cup minced fresh celery leaves $ ",Vegetable $ Side $ Sauté $ Thanksgiving $ Parsnip $ Fall $ Nutmeg $ Simmer $ Bon Appétit $ Wheat/Gluten-Free $ Peanut Free $ Tree Nut Free $ Soy Free $ No Sugar Added $ ,American $ ,3.5/4,4,Vegetable $ Side $ Sauté $ Thanksgiving $ Parsnip $ Fall $ Nutmeg $ Simmer $ Bon Appétit $ Wheat/Gluten-Free $ Peanut Free $ Tree Nut Free $ Soy Free $ No Sugar Added $ American $ 
https://www.epicurious.com/recipes/food/views/garlic-roasted-potato-skins-107579,Garlic Roasted Potato Skins ,"3 lb russet (baking) potatoes (6 to 8 medium; preferably organic) $ 1 small head garlic (2 inches in diameter) $ 3/4 stick (6 tablespoons) unsalted butter, softened $ 1 teaspoon salt $ 1/4 teaspoon black pepper $ Accompaniment: onion and spinach dip $ ",Garlic $ Potato $ Appetizer $ Bake $ Roast $ Super Bowl $ Quick & Easy $ Winter $ Gourmet $ ,American $ ,3.5/4,84,Garlic $ Potato $ Appetizer $ Bake $ Roast $ Super Bowl $ Quick & Easy $ Winter $ Gourmet $ American $ 
https://www.epicurious.com/recipes/food/views/chestnut-soup-108722,Chestnut Soup ,"3 tablespoons unsalted butter $ 1/2 cup finely chopped celery $ 1/2 cup finely chopped carrot $ 1/2 cup finely chopped onion $ 3 fresh flat-leaf parsley sprigs $ 2 whole cloves $ 1 Turkish or 1/2 California bay leaf $ 6 cups low-sodium chicken broth $ 1 (14- to 15-ounce) jar peeled cooked whole chestnuts, crumbled (3 cups) $ 1/4 cup Sercial Madeira $ 1/4 cup heavy cream $ 1/4 teaspoon black pepper $ N/A kitchen string $ cheesecloth; kitchen string $ ",Soup/Stew $ Milk/Cream $ Blender $ Thanksgiving $ Quick & Easy $ Fortified Wine $ Fall $ Chestnut $ Simmer $ Gourmet $ ,American $ ,3.5/4,42,Soup/Stew $ Milk/Cream $ Blender $ Thanksgiving $ Quick & Easy $ Fortified Wine $ Fall $ Chestnut $ Simmer $ Gourmet $ American $ 
https://www.epicurious.com/recipes/food/views/coffee-cardamom-flans-with-orange-creme-fraiche-107724,Coffee-Cardamom Flans with Orange Crème Fraîche ,"2 cups sugar $ 1/3 cup water $ 1 teaspoon light corn syrup $ 4 cups whole milk $ 1/4 cup finely ground espresso beans $ 1 tablespoon whole green cardamom pods, each cracked slightly $ 6 large egg yolks $ 2 large eggs $ Orange Crème Fraîche $ ",Coffee $ Citrus $ Egg $ Dessert $ Bake $ Winter $ Bon Appétit $ ,American $ ,3/4,2,Coffee $ Citrus $ Egg $ Dessert $ Bake $ Winter $ Bon Appétit $ American $ 
https://www.epicurious.com/recipes/food/views/butterflied-leg-of-lamb-with-thyme-and-orange-107276,Butterflied Leg of Lamb with Thyme and Orange ,"1 1/2 tablespoons chopped fresh thyme $ 1 1/2 tablespoons grated orange peel $ 3 garlic cloves, minced $ 1 1/2 teaspoons coarse salt $ 1 1/2 teaspoons ground black pepper $ 1 4-pound boneless leg of lamb, fat well trimmed $ Olive oil $ ",Citrus $ Herb $ Lamb $ Broil $ Fall $ Bon Appétit $ ,American $ Greek $ ,3.5/4,10,Citrus $ Herb $ Lamb $ Broil $ Fall $ Bon Appétit $ American $ Greek $ 
https://www.epicurious.com/recipes/food/views/macaroni-and-cheese-with-mushrooms-and-bacon-108958,Macaroni and Cheese with Mushrooms and Bacon ,"1 pound small elbow macaroni (about 4 cups) $ 4 tablespoons (1/2 stick) butter $ 3/4 pound mushrooms, chopped $ 1 small onion, finely chopped $ 1 tablespoon all purpose flour $ 3/4 teaspoon dry mustard $ 1/2 teaspoon salt $ 1/4 teaspoon ground black pepper $ 1 1/2 cups whole milk $ 3 cups (packed) grated sharp cheddar cheese (about 12 ounces) $ 1/4 cup chopped fresh parsley $ 8 slices thick-cut bacon, chopped $ 1 cup fresh breadcrumbs made from crustless French bread $ ",Mushroom $ Pasta $ Side $ Bake $ Cheddar $ Bacon $ Winter $ Bon Appétit $ Los Angeles $ California $ ,American $ ,3/4,32,Mushroom $ Pasta $ Side $ Bake $ Cheddar $ Bacon $ Winter $ Bon Appétit $ Los Angeles $ California $ American $ 
https://www.epicurious.com/recipes/food/views/spiced-party-mix-107578,Spiced Party Mix ,"2 large egg whites $ 1 1/2 teaspoons Worcestershire sauce $ 1/4 cup sugar $ 2 tablespoons sweet paprika $ 1 1/2 teaspoons cayenne $ 9 cups freshly popped unsalted popcorn $ 2 cups miniature pretzels $ 1 1/2 cups salted roasted peanuts $ 1 1/2 cups whole almonds, toasted $ 1 1/2 cups pecans, toasted $ 1 1/2 cups salted roasted cashews $ ",Egg $ Nut $ Bake $ Super Bowl $ Quick & Easy $ Spice $ Winter $ Gourmet $ ,American $ ,2.5/4,16,Egg $ Nut $ Bake $ Super Bowl $ Quick & Easy $ Spice $ Winter $ Gourmet $ American $ 
https://www.epicurious.com/recipes/food/views/roasted-chestnuts-108718,Roasted Chestnuts ,1 1/2 to 2 pounds whole chestnuts in shell $ 1 teaspoon vegetable oil $ 1/4 cup water $ a chestnut knife (optional); a large heavy skillet (preferably cast-iron) with a lid $ ,Nut $ Roast $ Christmas $ Vegetarian $ Fall $ Winter $ Healthy $ Vegan $ Chestnut $ Christmas Eve $ Gourmet $ ,American $ ,3.5/4,18,Nut $ Roast $ Christmas $ Vegetarian $ Fall $ Winter $ Healthy $ Vegan $ Chestnut $ Christmas Eve $ Gourmet $ American $ 
https://www.epicurious.com/recipes/food/views/cajun-baked-shrimp-106835,Cajun Baked Shrimp ,"3 pounds uncooked large shrimp, unpeeled $ 3/4 cup (1 1/2 sticks) butter $ 1 1/2 cups bottled Italian dressing $ 1/2 cup fresh lemon juice $ 1/2 cup chopped fresh mint $ 2 tablespoons Worcestershire sauce $ 1 tablespoon hot pepper sauce $ 4 bay leaves, crumbled $ 2 teaspoons ground black pepper $ 1 teaspoon salt $ ",Shellfish $ Bake $ Quick & Easy $ Mint $ Shrimp $ Summer $ Bon Appétit $ Texas $ ,American $ Cajun/Creole $ ,3/4,45,Shellfish $ Bake $ Quick & Easy $ Mint $ Shrimp $ Summer $ Bon Appétit $ Texas $ American $ Cajun/Creole $ 
https://www.epicurious.com/recipes/food/views/caramel-dark-chocolate-truffles-with-fleur-de-sel-109085,Caramel-Dark Chocolate Truffles with Fleur de Sel ,"20 ounces bittersweet or semisweet chocolate, finely chopped, divided $ 1/3 cup sugar $ 2 tablespoons water $ 2/3 cup whipping cream $ 1/4 teaspoon fleur de sel $ 1/2 cup unsweetened cocoa powder $ Additional fleur de sel $ ",Candy $ Milk/Cream $ Chocolate $ Dessert $ Christmas $ Cocktail Party $ Winter $ Shower $ Edible Gift $ Engagement Party $ Bon Appétit $ ,American $ ,3.5/4,78,Candy $ Milk/Cream $ Chocolate $ Dessert $ Christmas $ Cocktail Party $ Winter $ Shower $ Edible Gift $ Engagement Party $ Bon Appétit $ American $ 
https://www.epicurious.com/recipes/food/views/gratin-of-sweet-potatoes-and-bourbon-105395,Gratin of Sweet Potatoes and Bourbon ,"3 pounds dark orange sweet potatoes $ 4 tablespoons (1/2 stick) butter, plus butter for the baking dish $ Salt $ 1 cup heavy (whipping) cream $ 1 tablespoon bourbon $ Freshly grated nutmeg $ ",Bourbon $ Milk/Cream $ Side $ Bake $ Sweet Potato/Yam $ Fall $ Vegetarian $ Pescatarian $ Wheat/Gluten-Free $ Peanut Free $ Tree Nut Free $ Soy Free $ No Sugar Added $ Kosher $ ,American $ ,3/4,9,Bourbon $ Milk/Cream $ Side $ Bake $ Sweet Potato/Yam $ Fall $ Vegetarian $ Pescatarian $ Wheat/Gluten-Free $ Peanut Free $ Tree Nut Free $ Soy Free $ No Sugar Added $ Kosher $ American $ 
https://www.epicurious.com/recipes/food/views/grilled-molasses-and-rum-glazed-fresh-ham-103961,Grilled Molasses and Rum-Glazed Fresh Ham ,"4 quarts water $ 1 cup sugar $ 1 cup table salt $ 30 whole cloves $ 4 whole nutmegs, cracked $ 1 (8- to 10-lb) bone-in shank-end fresh ham, skinned and trimmed of all but a thin layer of fat $ 2 tablespoons plus 2 teaspoons coriander seeds $ 4 teaspoons cumin seeds $ 4 teaspoons whole black peppercorns $ 4 teaspoons paprika $ 4 teaspoons kosher salt $ 1/4 cup dark rum $ 1/4 cup molasses (preferably mildly flavored) $ 1/2 stick (1/4 cup) unsalted butter $ ",Rum $ Pork $ Christmas $ Easter $ Thanksgiving $ Backyard BBQ $ Ham $ Spice $ Tailgating $ Family Reunion $ Brine $ Grill/Barbecue $ Party $ Molasses $ Gourmet $ ,American $ ,3.5/4,19,Rum $ Pork $ Christmas $ Easter $ Thanksgiving $ Backyard BBQ $ Ham $ Spice $ Tailgating $ Family Reunion $ Brine $ Grill/Barbecue $ Party $ Molasses $ Gourmet $ American $ 
https://www.epicurious.com/recipes/food/views/lemon-cream-pie-106882,Lemon Cream Pie ,"6 large eggs $ 3/4 cup sugar $ 2 teaspoons grated lemon zest $ 3/4 cup fresh lemon juice $ 1/2 cup (1 stick) unsalted butter, cut into 8 pieces $ 1 cup heavy cream, chilled $ 1 prepared crumb crust $ ",Citrus $ Dairy $ Dessert $ Freeze/Chill $ Summer $ Chill $ ,American $ ,3/4,17,Citrus $ Dairy $ Dessert $ Freeze/Chill $ Summer $ Chill $ American $ 
https://www.epicurious.com/recipes/food/views/maple-pecan-scones-107137,Maple-Pecan Scones ,"2 cups all purpose flour $ 1/2 cup sugar $ 2 teaspoons baking powder $ 1/4 teaspoon salt $ 6 tablespoons (3/4 stick) chilled unsalted butter, cut into pieces $ 1/2 cup toasted chopped pecans $ 3/4 cup whipping cream $ 2 large egg yolks $ 1 1/4 teaspoons maple extract $ 1 egg, beaten to blend with 1 teaspoon water (for glaze) $ ",Bread $ Milk/Cream $ Nut $ Breakfast $ Brunch $ Bake $ Pecan $ Fall $ Maple Syrup $ Bon Appétit $ Kidney Friendly $ Vegetarian $ Pescatarian $ Peanut Free $ Soy Free $ Kosher $ ,American $ English $ ,3.5/4,35,Bread $ Milk/Cream $ Nut $ Breakfast $ Brunch $ Bake $ Pecan $ Fall $ Maple Syrup $ Bon Appétit $ Kidney Friendly $ Vegetarian $ Pescatarian $ Peanut Free $ Soy Free $ Kosher $ American $ English $ 
https://www.epicurious.com/recipes/food/views/grilled-mahi-mahi-with-avocado-melon-salsa-109581,Grilled Mahi-Mahi with Avocado-Melon Salsa ,"1 small avocado, diced $ 1 cup 1/3-inch cubes cantaloupe $ 1/2 cup diced red onion $ 1/3 cup chopped fresh cilantro $ 3 tablespoons fresh lime juice $ 3/4 teaspoon grated lime peel $ 4 6-ounce mahi-mahi fillets (each about 1 inch thick) $ 1 tablespoon olive oil $ 3 tablespoons Jamaican jerk seasoning $ ",Fish $ Onion $ Lime $ Cantaloupe $ Avocado $ Summer $ Grill/Barbecue $ Cilantro $ Bon Appétit $ ,American $ ,3.5/4,43,Fish $ Onion $ Lime $ Cantaloupe $ Avocado $ Summer $ Grill/Barbecue $ Cilantro $ Bon Appétit $ American $ 
https://www.epicurious.com/recipes/food/views/moist-yellow-cake-109358,Moist Yellow Cake ,"3 cups (330 g) cake flour $ 1 tablebspoon baking powder $ 1/2 teaspoon salt $ 1 cup (8 ounces or 230 g) unsalted butter, room temperature $ 2 cups (454 g) granulated sugar $ 5 large eggs $ 2 teaspoon vanilla extract $ 1 1/4 cups (10 fluid ounces or 300 ml) buttermilk $ ",Cake $ Milk/Cream $ Mixer $ Egg $ Dessert $ Bake $ Wedding $ ,American $ ,3/4,191,Cake $ Milk/Cream $ Mixer $ Egg $ Dessert $ Bake $ Wedding $ American $ 
https://www.epicurious.com/recipes/food/views/flattened-cornish-game-hens-with-garlic-citrus-marinade-109704,Flattened Cornish Game Hens with Garlic-Citrus Marinade ,"1/4 cup olive oil $ 4 teaspoons chopped fresh thyme plus additional sprigs for garnish $ 3 garlic cloves, finely chopped $ 2 teaspoons grated lemon peel $ 2 teaspoons grated lime peel $ 1 teaspoon honey $ 1/2 teaspoon salt $ 1/2 teaspoon pepper $ 2 Cornish game hens (1 1/4 to 1 1/2 pounds each), halved lengthwise $ Lemon and lime wedges $ ",Citrus $ Garlic $ Low Carb $ Summer $ Grill/Barbecue $ Bon Appétit $ ,American $ ,3/4,10,Citrus $ Garlic $ Low Carb $ Summer $ Grill/Barbecue $ Bon Appétit $ American $ 
https://www.epicurious.com/recipes/food/views/fish-skewers-with-tarragon-vinaigrette-109687,Fish Skewers with Tarragon Vinaigrette ,"1/3 cup olive oil $ 1/4 cup white wine vinegar $ 2 tablespoons minced shallots $ 1 tablespoon chopped fresh tarragon $ 1 tablespoon Dijon mustard $ 1 pound tuna, monkfish, or halibut fillets, cut into 1-inch chunks $ 6 cups mixed baby greens $ ",Fish $ Leafy Green $ Low Carb $ Vinegar $ Summer $ Grill/Barbecue $ Tarragon $ Shallot $ Bon Appétit $ ,American $ ,3/4,8,Fish $ Leafy Green $ Low Carb $ Vinegar $ Summer $ Grill/Barbecue $ Tarragon $ Shallot $ Bon Appétit $ American $ 
https://www.epicurious.com/recipes/food/views/strawberry-daiquiri-slush-with-honeydew-melon-103697,Strawberry Daiquiri Slush with Honeydew Melon ,"1 (12-oz) package frozen unsweetened strawberries $ 1/3 cup light corn syrup $ 1/4 to 1/3 cup white rum $ 2 tablespoons fresh lime juice $ 1/2 ripe honeydew melon, seeded and flesh cut into 1/2-inch cubes $ Garnish: lime slices $ ",Rum $ Berry $ Fruit $ Dessert $ No-Cook $ Picnic $ Quick & Easy $ Strawberry $ Honeydew $ Spring $ Summer $ Vegan $ Gourmet $ Vegetarian $ Pescatarian $ Dairy Free $ Wheat/Gluten-Free $ Peanut Free $ Tree Nut Free $ Soy Free $ Kosher $ ,American $ ,4/4,1,Rum $ Berry $ Fruit $ Dessert $ No-Cook $ Picnic $ Quick & Easy $ Strawberry $ Honeydew $ Spring $ Summer $ Vegan $ Gourmet $ Vegetarian $ Pescatarian $ Dairy Free $ Wheat/Gluten-Free $ Peanut Free $ Tree Nut Free $ Soy Free $ Kosher $ American $ 
https://www.epicurious.com/recipes/food/views/chopped-salad-103724,Chopped Salad ,"2 tablespoons apricot preserves $ 2 tablespoons fresh lime juice $ 1 tablespoon fresh orange juice $ 1/2 teaspoon dried hot red pepper flakes $ 1/2 lb jícama, peeled and cut into 1/3-inch dice (1 cup) $ 1/4 lb English cucumber, cut into 1/3-inch dice (1 cup) $ 1 red bell pepper, cut into 1/3-inch dice $ 1/2 cup chopped red onion $ 4 cups shredded romaine $ 1 cup radish sprouts $ 1/3 cup chopped fresh cilantro $ 1 1/2 teaspoons cumin seeds, toasted $ ",Salad $ Picnic $ Lime $ Orange $ Cucumber $ Hot Pepper $ Radish $ Spring $ Summer $ Jícama $ Gourmet $ ,American $ ,2/4,6,Salad $ Picnic $ Lime $ Orange $ Cucumber $ Hot Pepper $ Radish $ Spring $ Summer $ Jícama $ Gourmet $ American $ 
https://www.epicurious.com/recipes/food/views/lemon-nutmeg-shortbreads-with-lemon-icing-103159,Lemon-Nutmeg Shortbreads with Lemon Icing ,"1 cup all purpose flour $ 2 1/2 tablespoons cornstarch $ 1/4 teaspoon ground nutmeg $ 1/8 teaspoon salt $ 1/2 cup (1 stick) unsalted butter, room temperature $ 1/3 cup sugar $ 1 tablespoon plus 1 teaspoon grated lemon peel $ 1 teaspoon vanilla extract $ Lemon Icing $ ",Cookies $ Dairy $ Dessert $ Bake $ Christmas $ Back to School $ Lemon $ Vanilla $ Fall $ Spring $ Edible Gift $ Nutmeg $ Bon Appétit $ Kidney Friendly $ Vegetarian $ Pescatarian $ Peanut Free $ Tree Nut Free $ Soy Free $ Kosher $ ,American $ ,3/4,9,Cookies $ Dairy $ Dessert $ Bake $ Christmas $ Back to School $ Lemon $ Vanilla $ Fall $ Spring $ Edible Gift $ Nutmeg $ Bon Appétit $ Kidney Friendly $ Vegetarian $ Pescatarian $ Peanut Free $ Tree Nut Free $ Soy Free $ Kosher $ American $ 
https://www.epicurious.com/recipes/food/views/pumpkin-custard-tart-with-red-wine-caramel-sauce-105627,Pumpkin Custard Tart with Red-Wine Caramel Sauce ,"1/2 cup whole almonds with skin (2 1/2 oz), toasted $ 1 1/3 cups all-purpose flour $ 1/2 teaspoon baking powder $ 1/2 teaspoon salt $ 1/4 teaspoon cinnamon $ Pinch each of ground ginger, cardamom, cloves, white pepper, and freshly grated nutmeg $ 3/4 stick (6 tablespoons) unsalted butter, softened $ 1/2 cup sugar $ 1 large egg $ 3/4 cup packed dark brown sugar $ 2 large eggs $ 1 tablespoon mild molasses $ 1/8 teaspoon salt $ 1/8 teaspoon each of ground cinnamon, mace, cloves, and freshly grated nutmeg $ 1 3/4 cups canned solid-pack pumpkin (15 oz) or fresh pumpkin purée $ 2/3 cup heavy cream $ 2 tablespoons pine nuts $ Accompaniment: red-wine caramel sauce $ a 10- by 1-inch fluted round tart pan with removable bottom; pie weights or raw rice $ ",Dessert $ Bake $ Pumpkin $ Fall $ Gourmet $ Vegetarian $ Pescatarian $ Peanut Free $ Soy Free $ Kosher $ ,American $ ,3/4,9,Dessert $ Bake $ Pumpkin $ Fall $ Gourmet $ Vegetarian $ Pescatarian $ Peanut Free $ Soy Free $ Kosher $ American $ 
https://www.epicurious.com/recipes/food/views/swordfish-nicoise-106706,Swordfish Niçoise ,"1 large clove of garlic $ Coarse salt, to taste $ 2 1/2 tablespoons red-wine vinegar $ 1/3 cup plus 2 tablespoons extra-virgin olive oil $ Freshly ground black pepper, to taste $ 4 red new potatoes $ 8 ounces tender green beans, ends snapped, halved diagonally and blanched $ 1/2 cup diced (1/4 inch) red bell pepper $ 1/2 small red onion, slivered lengthwise $ 1/4 cup pitted Niçoise olives $ 1 tablespoon drained tiny capers $ 1/4 cup loosely packed slivered basil leaves $ 2 tablespoons fresh lemon juice $ 4 swordfish steaks (about 6 ounces each) $ 1 hard-cooked egg, coarsely chopped $ 2 tablespoons chopped flat-leaf parsley $ ",Egg $ Fish $ Leafy Green $ Olive $ Broil $ Dinner $ Lunch $ Spring $ Parade $ Sugar Conscious $ Pescatarian $ Dairy Free $ Wheat/Gluten-Free $ Peanut Free $ Tree Nut Free $ Soy Free $ No Sugar Added $ Kosher $ ,American $ French $ ,3/4,4,Egg $ Fish $ Leafy Green $ Olive $ Broil $ Dinner $ Lunch $ Spring $ Parade $ Sugar Conscious $ Pescatarian $ Dairy Free $ Wheat/Gluten-Free $ Peanut Free $ Tree Nut Free $ Soy Free $ No Sugar Added $ Kosher $ American $ French $ 
https://www.epicurious.com/recipes/food/views/dreamy-garden-spaghettini-106809,Dreamy Garden Spaghettini ,"8 ripe plum tomatoes, halved lengthwise $ 1/4 cup extra-virgin olive oil $ 1 tablespoon sugar $ Freshly ground black pepper, to taste $ 1/4 cup loosely packed whole, small flat-leaf parsley leaves $ 1 tablespoon drained tiny capers $ 1 teaspoon finely grated lemon zest $ 1/4 cup fresh lemon juice $ 12 ounces dried spaghettini $ 1/4 pound snow peas, blanched $ 1 bunch arugula, rinsed and patted dry (for garnish) $ ",Pasta $ Tomato $ Vegetable $ Bake $ Fall $ Parade $ ,American $ ,0/4,0,Pasta $ Tomato $ Vegetable $ Bake $ Fall $ Parade $ American $ 
https://www.epicurious.com/recipes/food/views/tender-pork-tenderloin-106805,Tender Pork Tenderloin ,"1 pork tenderloin (about 1 pound) $ 1 clove of garlic, cut into slivers $ Salt and pepper, to taste $ 1/2 teaspoon ground cumin $ 2 tablespoons extra-virgin olive oil $ 1/2 cup chicken broth $ 1/2 cup dry white wine $ ",Pork $ Roast $ Fall $ Parade $ ,American $ ,3.5/4,112,Pork $ Roast $ Fall $ Parade $ American $ 
https://www.epicurious.com/recipes/food/views/frozen-mocha-cake-with-chocolate-ganache-glaze-107946,Frozen Mocha Cake with Chocolate Ganache Glaze ,"4 ounces bittersweet (not unsweetened) or semisweet chocolate, chopped $ 2 tablespoons water $ 3 large eggs, separated $ 1/4 cup sugar $ 5 large egg yolks $ 1/2 cup sugar $ 1/4 cup Kahlúa or other coffee liqueur $ 1 cup chilled heavy whipping cream $ 2 1/2 teaspoons instant espresso powder $ 3 large egg whites $ 1/2 cup finely chopped bittersweet (not unsweetened) or semisweet chocolate $ 1/2 cup whipping cream $ 1/4 cup Kahlúa or other coffee liqueur $ 1 tablespoon light corn syrup $ 6 ounces bittersweet (not unsweetened) or semisweet chocolate, chopped $ 2 tablespoons whole coffee beans $ ",Cake $ Coffee $ Milk/Cream $ Chocolate $ Egg $ Dessert $ Bake $ Kid-Friendly $ Kahlúa $ Bon Appétit $ Vegetarian $ Pescatarian $ Peanut Free $ Tree Nut Free $ Soy Free $ Kosher $ ,American $ ,4/4,53,Cake $ Coffee $ Milk/Cream $ Chocolate $ Egg $ Dessert $ Bake $ Kid-Friendly $ Kahlúa $ Bon Appétit $ Vegetarian $ Pescatarian $ Peanut Free $ Tree Nut Free $ Soy Free $ Kosher $ American $ 
https://www.epicurious.com/recipes/food/views/pork-tenderloin-with-rhubarb-currant-chutney-108304,Pork Tenderloin with Rhubarb-Currant Chutney ,3/4 cup (packed) dark brown sugar $ 1/3 cup apple cider vinegar $ 2 tablespoons water $ 1 tablespoon minced peeled fresh ginger $ 1 1/2 teaspoons grated lemon peel $ 1 cinnamon stick $ 2 cups 1/2-inch pieces fresh rhubarb $ 1/2 cup dried currants $ 2 1-pound pork tenderloins $ 1 tablespoon vegetable oil $ ,Pork $ Currant $ Pork Tenderloin $ Summer $ Grill/Barbecue $ Rhubarb $ Bon Appétit $ ,American $ ,3.5/4,27,Pork $ Currant $ Pork Tenderloin $ Summer $ Grill/Barbecue $ Rhubarb $ Bon Appétit $ American $ 
https://www.epicurious.com/recipes/food/views/spiral-rolls-108009,Spiral Rolls ,"3/4 cup plus 1 tablespoon warm milk (105–110°F) $ 2 1/4 teaspoons active dry yeast (from a 1/4-oz package) $ 2 1/2 tablespoons sugar $ 3 cups all-purpose flour $ 1 1/2 sticks (3/4 cup) unsalted butter, cut into bits $ 1 1/2 teaspoons salt $ 1 large egg $ Special equipment: a muffin pan with 12 muffin cups $ ",Bread $ Milk/Cream $ Dairy $ Side $ Bake $ Gourmet $ Kidney Friendly $ Vegetarian $ Pescatarian $ Peanut Free $ Tree Nut Free $ Soy Free $ Kosher $ ,American $ ,3.5/4,6,Bread $ Milk/Cream $ Dairy $ Side $ Bake $ Gourmet $ Kidney Friendly $ Vegetarian $ Pescatarian $ Peanut Free $ Tree Nut Free $ Soy Free $ Kosher $ American $ 
https://www.epicurious.com/recipes/food/views/apple-dried-cherry-and-walnut-salad-with-maple-dressing-107064,"Apple, Dried Cherry, and Walnut Salad with Maple Dressing ","1/4 cup mayonnaise $ 1/4 cup pure maple syrup $ 3 tablespoons Champagne vinegar or other white wine vinegar $ 2 teaspoons sugar $ 1/2 cup vegetable oil $ 1 5-ounce bag mixed baby greens (about 10 cups lightly packed) $ 2 Granny Smith apples, peeled, cored, cut into matchstick-size strips $ 1/2 cup dried tart cherries $ 1/2 cup chopped walnuts, toasted $ ",Salad $ Fruit $ Leafy Green $ Side $ No-Cook $ Quick & Easy $ Mayonnaise $ Vinegar $ Apple $ Cherry $ Walnut $ Fall $ Maple Syrup $ Bon Appétit $ Kidney Friendly $ Vegetarian $ Pescatarian $ Dairy Free $ Wheat/Gluten-Free $ Peanut Free $ Soy Free $ Kosher $ ,American $ ,3.5/4,367,Salad $ Fruit $ Leafy Green $ Side $ No-Cook $ Quick & Easy $ Mayonnaise $ Vinegar $ Apple $ Cherry $ Walnut $ Fall $ Maple Syrup $ Bon Appétit $ Kidney Friendly $ Vegetarian $ Pescatarian $ Dairy Free $ Wheat/Gluten-Free $ Peanut Free $ Soy Free $ Kosher $ American $ 
https://www.epicurious.com/recipes/food/views/carolina-chopped-pork-barbecue-sandwiches-with-spicy-vinegar-sauce-108296,Carolina Chopped Pork Barbecue Sandwiches with Spicy Vinegar Sauce ,"4 cups apple cider vinegar $ 1 cup ketchup $ 1/4 cup Worcestershire sauce $ 3 tablespoons (packed) golden brown sugar $ 2 tablespoons Dijon mustard $ 2 tablespoons salt $ 1 tablespoon dried crushed red pepper $ 2 teaspoons black pepper $ 1 10-pound bag charcoal briquettes $ 6 cups (about) hickory-wood chips, soaked in cold water 30 minutes, drained $ 2 untrimmed boneless pork shoulder halves (Boston butt; about 7 pounds) $ 12 hamburger buns, split $ ",Sandwich $ Pork $ Vinegar $ Summer $ Grill/Barbecue $ Bon Appétit $ ,American $ ,3.5/4,12,Sandwich $ Pork $ Vinegar $ Summer $ Grill/Barbecue $ Bon Appétit $ American $ 
https://www.epicurious.com/recipes/food/views/southwestern-black-bean-and-hominy-salad-103777,Southwestern Black Bean and Hominy Salad ,"1 15-ounce can black beans, rinsed, drained well $ 1 15-ounce can golden hominy, rinsed, drained well $ 1 avocado, peeled, pitted, diced $ 1 cup diced yellow bell pepper $ 1/2 cup chopped red onion $ 1/4 cup chopped fresh cilantro $ 1 1/2 tablespoons minced seeded jalape‱o chili $ 1/2 cup (or more) salsa verde $ ",Salad $ Bean $ Pepper $ Side $ No-Cook $ Picnic $ Vegetarian $ Quick & Easy $ High Fiber $ Backyard BBQ $ Avocado $ Legume $ Bell Pepper $ Summer $ Vegan $ Raw $ Jalapeño $ Cilantro $ Hominy/Cornmeal/Masa $ Bon Appétit $ ,American $ Southwestern $ ,3/4,22,Salad $ Bean $ Pepper $ Side $ No-Cook $ Picnic $ Vegetarian $ Quick & Easy $ High Fiber $ Backyard BBQ $ Avocado $ Legume $ Bell Pepper $ Summer $ Vegan $ Raw $ Jalapeño $ Cilantro $ Hominy/Cornmeal/Masa $ Bon Appétit $ American $ Southwestern $ 
https://www.epicurious.com/recipes/food/views/green-chili-hash-browns-2240,Green Chili Hash Browns ,"1 32-ounce bag frozen hash browns $ 3 4-ounce cans diced green chilies, drained $ 1 10 3/4-ounce can cream of chicken soup $ 2 cups grated sharp cheddar cheese (about 8 ounces) $ 1 cup sour cream $ ",Cheese $ Dairy $ Potato $ Breakfast $ Side $ Bake $ Cheddar $ Hot Pepper $ Sour Cream $ Bon Appétit $ New Mexico $ Peanut Free $ Tree Nut Free $ Soy Free $ No Sugar Added $ ,American $ Southwestern $ ,3.5/4,11,Cheese $ Dairy $ Potato $ Breakfast $ Side $ Bake $ Cheddar $ Hot Pepper $ Sour Cream $ Bon Appétit $ New Mexico $ Peanut Free $ Tree Nut Free $ Soy Free $ No Sugar Added $ American $ Southwestern $ 
https://www.epicurious.com/recipes/food/views/bake-sale-lemon-meringue-pie-689,Bake-Salé Lemon Meringue Pie ,"1 refrigerated pie crust (half of 15-ounce package), room temperature $ 1 teaspoon all purpose flour $ 1 1/4 cups plus 1/3 cup sugar $ 1 1/2 cups water $ 6 tablespoons cornstarch $ 5 large eggs, separated $ 1 tablespoon grated lemon peel $ Pinch of salt $ 1/2 cup fresh lemon juice $ 2 tablespoons (1/4 stick) unsalted butter, room temperature $ 1/2 teaspoon cream of tartar $ ",Egg $ Dessert $ Bake $ Kid-Friendly $ Lemon $ Summer $ Bon Appétit $ Kidney Friendly $ Peanut Free $ Tree Nut Free $ Soy Free $ ,American $ ,3/4,35,Egg $ Dessert $ Bake $ Kid-Friendly $ Lemon $ Summer $ Bon Appétit $ Kidney Friendly $ Peanut Free $ Tree Nut Free $ Soy Free $ American $ 
https://www.epicurious.com/recipes/food/views/parsleyed-steamed-potatoes-102579,Parsleyed Steamed Potatoes ,"2 lb small potatoes (about 2 inches in diameter) $ 2 tablespoons unsalted butter, softened $ 1/3 cup finely chopped fresh flat-leaf parsley $ ",Potato $ Side $ Steam $ Thanksgiving $ Fall $ Parsley $ Gourmet $ Sugar Conscious $ Vegetarian $ Pescatarian $ Wheat/Gluten-Free $ Peanut Free $ Tree Nut Free $ Soy Free $ No Sugar Added $ Kosher $ ,American $ ,2.5/4,7,Potato $ Side $ Steam $ Thanksgiving $ Fall $ Parsley $ Gourmet $ Sugar Conscious $ Vegetarian $ Pescatarian $ Wheat/Gluten-Free $ Peanut Free $ Tree Nut Free $ Soy Free $ No Sugar Added $ Kosher $ American $ 
https://www.epicurious.com/recipes/food/views/texas-style-chili-11341,Texas-Style Chili ,"1/4 pound bacon, chopped $ 3 medium onions, chopped $ 8 garlic cloves, minced $ 1/3 cup medium-hot pure chili powder* $ 1 tablespoon ground cumin $ 4 pounds boneless beef chuck, cut into 1/2-inch pieces $ 5 cups water $ 2 teaspoons dried orégano, crumbled $ 2 teaspoons salt, or to taste $ 1 tablespoon cornmeal $ *Available at some specialty foods shops $ ",Beef $ Garlic $ Onion $ Super Bowl $ Bacon $ Winter $ Gourmet $ ,American $ ,3/4,33,Beef $ Garlic $ Onion $ Super Bowl $ Bacon $ Winter $ Gourmet $ American $ 
https://www.epicurious.com/recipes/food/views/cinnamon-applejack-ice-cream-103978,Cinnamon Applejack Ice Cream ,"1/2 vanilla bean, split lengthwise $ 2 cups half-and-half $ 2 cups heavy cream $ 4 (3-inch) cinnamon sticks, coarsely crushed $ 10 large egg yolks $ 3/4 cup plus 2 tablespoons sugar $ 1/2 cup applejack brandy or Calvados $ an ice-cream maker $ ",Milk/Cream $ Ice Cream Machine $ Dairy $ Dessert $ Thanksgiving $ Frozen Dessert $ Fall $ Winter $ Cinnamon $ Calvados $ Gourmet $ Kidney Friendly $ Vegetarian $ Pescatarian $ Wheat/Gluten-Free $ Peanut Free $ Tree Nut Free $ Soy Free $ Kosher $ ,American $ ,2/4,2,Milk/Cream $ Ice Cream Machine $ Dairy $ Dessert $ Thanksgiving $ Frozen Dessert $ Fall $ Winter $ Cinnamon $ Calvados $ Gourmet $ Kidney Friendly $ Vegetarian $ Pescatarian $ Wheat/Gluten-Free $ Peanut Free $ Tree Nut Free $ Soy Free $ Kosher $ American $ 
https://www.epicurious.com/recipes/food/views/old-fashioned-crawfish-boil-105854,Old-Fashioned Crawfish Boil ,"1 gallon water $ 2 3-ounce packages crab boil $ 1/4 cup salt $ 1/4 cup hot sauce $ 2 tablespoons cayenne pepper $ 1 1/2 pounds small red potatoes $ 6 small onions, peeled $ 4 - 6 ears corn, halved $ 1 bell pepper, coarsely chopped $ 2 stalks celery, coarsely chopped $ 1 head garlic, halved $ 3 large lemons, halved $ 5 pounds live crawfish, rinsed and purged in salt water $ ",Potato $ Shellfish $ Mardi Gras $ Lemon $ Spice $ Corn $ Spring $ Family Reunion $ Boil $ ,American $ Southern $ ,3/4,10,Potato $ Shellfish $ Mardi Gras $ Lemon $ Spice $ Corn $ Spring $ Family Reunion $ Boil $ American $ Southern $ 
https://www.epicurious.com/recipes/food/views/lemon-layer-cake-with-lemon-curd-and-mascarpone-107898,Lemon Layer Cake with Lemon Curd and Mascarpone ,"1 cup sugar $ 3/4 cup fresh lemon juice $ 3 large eggs $ 3 large egg yolks $ 1/4 cup (1/2 stick) chilled unsalted butter, cut into 1/2-inch cubes $ 6 large eggs, separated $ 14 tablespoons sugar $ 1 3/4 cups sifted cake flour (sifted, then measured) $ 1/4 teaspoon salt $ 1/2 cup sugar $ 1/2 cup boiling water $ 1/4 cup fresh lemon juice $ 2 cups chilled heavy whipping cream $ 3/4 cup sugar $ 3 8-ounce containers chilled mascarpone cheese* $ ",Cake $ Milk/Cream $ Egg $ Dessert $ Bake $ Lemon $ Spring $ Bon Appétit $ Kidney Friendly $ Vegetarian $ Pescatarian $ Peanut Free $ Tree Nut Free $ Soy Free $ Kosher $ ,American $ ,3.5/4,273,Cake $ Milk/Cream $ Egg $ Dessert $ Bake $ Lemon $ Spring $ Bon Appétit $ Kidney Friendly $ Vegetarian $ Pescatarian $ Peanut Free $ Tree Nut Free $ Soy Free $ Kosher $ American $ 
https://www.epicurious.com/recipes/food/views/fried-catfish-sandwiches-with-curried-mayonnaise-106628,Fried Catfish Sandwiches with Curried Mayonnaise ,"1/2 cup mayonnaise $ 1 tablespoon curry powder $ 1 tablespoon fresh lemon juice $ 1 18-inch-long French-bread baguette, cut crosswise into 4 equal pieces $ 1/2 cup yellow cornmeal $ 1/2 cup all purpose flour $ 1/2 cup whole milk $ 4 catfish fillets (each about 5 ounces) $ 3 tablespoons olive oil $ 1 large tomato, thinly sliced $ 4 Boston lettuce leaves $ ",Sandwich $ Milk/Cream $ Fish $ Tomato $ Fry $ Sauté $ Quick & Easy $ Lunch $ Cornmeal $ Summer $ Pan-Fry $ Bon Appétit $ Boston $ Massachusetts $ Pescatarian $ Peanut Free $ Tree Nut Free $ Soy Free $ ,American $ Southern $ ,3/4,8,Sandwich $ Milk/Cream $ Fish $ Tomato $ Fry $ Sauté $ Quick & Easy $ Lunch $ Cornmeal $ Summer $ Pan-Fry $ Bon Appétit $ Boston $ Massachusetts $ Pescatarian $ Peanut Free $ Tree Nut Free $ Soy Free $ American $ Southern $ 
https://www.epicurious.com/recipes/food/views/mocha-toffee-cashew-bars-105937,Mocha Toffee Cashew Bars ,"2 sticks (1 cup) unsalted butter, softened $ 1 cup packed brown sugar $ 1 large egg yolk $ 1 1/2 teaspoons vanilla $ 3 tablespoons instant-espresso powder* dissolved in 2 tablespoons boiling water $ 2 cups all-purpose flour $ 1/2 teaspoon salt $ 8 oz fine-quality bittersweet chocolate (not unsweetened), finely chopped $ 3/4 cup salted roasted cashews (4 oz), chopped $ ",Coffee $ Chocolate $ Nut $ Dessert $ Bake $ Cashew $ Edible Gift $ Gourmet $ Kidney Friendly $ Vegetarian $ Pescatarian $ Peanut Free $ Soy Free $ Kosher $ ,American $ ,2.5/4,14,Coffee $ Chocolate $ Nut $ Dessert $ Bake $ Cashew $ Edible Gift $ Gourmet $ Kidney Friendly $ Vegetarian $ Pescatarian $ Peanut Free $ Soy Free $ Kosher $ American $ 
https://www.epicurious.com/recipes/food/views/apricot-and-pistachio-baked-rice-106588,Apricot and Pistachio Baked Rice ,"1 1/2 cups basmati rice $ 6 cups water $ 2 tablespoons kosher salt $ 2 tablespoons vegetable oil $ 3/4 lb firm-ripe apricots (4 large), cut into 1/2-inch pieces $ 1/3 cup shelled pistachios (not dyed red) $ 1/3 cup dried cherries or cranberries $ 3 tablespoons dried currants $ ",Fruit $ Nut $ Rice $ Side $ Bake $ Quick & Easy $ Cranberry $ Currant $ Apricot $ Pistachio $ Summer $ Boil $ Gourmet $ ,American $ ,3/4,13,Fruit $ Nut $ Rice $ Side $ Bake $ Quick & Easy $ Cranberry $ Currant $ Apricot $ Pistachio $ Summer $ Boil $ Gourmet $ American $ 
https://www.epicurious.com/recipes/food/views/creamy-asparagus-tarragon-soup-106729,Creamy Asparagus Tarragon Soup ,"1 large leek (2 inches of green left on) $ 2 tablespoons white vinegar $ 2 tablespoons olive oil $ 2 tablespoons unsalted butter $ 1 onion, peeled and chopped $ 1 parsnip, peeled and chopped $ 6 cups defatted chicken broth $ 2 to 3 tablespoons chopped fresh tarragon leaves $ 2 pounds medium-sized asparagus, ends trimmed $ 1/3 to 1/2 cup heavy (or whipping) cream $ 15 small cantaloupe or watermelon balls, for garnish $ 20 small fresh mint leaves, for garnish $ 1/3 cup sour cream, for garnish $ ",Soup/Stew $ Milk/Cream $ Dairy $ Vegetable $ Vinegar $ Asparagus $ Leek $ Parsnip $ Spring $ Tarragon $ Parade $ ,American $ ,3/4,7,Soup/Stew $ Milk/Cream $ Dairy $ Vegetable $ Vinegar $ Asparagus $ Leek $ Parsnip $ Spring $ Tarragon $ Parade $ American $ 
https://www.epicurious.com/recipes/food/views/coconut-tuile-cones-with-passion-fruit-ice-cream-106601,Coconut Tuile Cones with Passion-Fruit Ice Cream ,1/2 stick (1/4 cup) unsalted butter $ 1/4 cup packed light brown sugar $ 3 tablespoons light corn syrup $ 1/4 cup all-purpose flour $ 1/2 cup sweetened flaked coconut $ Accompaniment: passion-fruit ice cream $ Garnish: sliced star fruit $ Special equipment: a small metal offset spatula $ ,Dairy $ Fruit $ Dessert $ Bake $ Coconut $ Summer $ Passion Fruit $ Gourmet $ Kidney Friendly $ Vegetarian $ Pescatarian $ Peanut Free $ Tree Nut Free $ Soy Free $ Kosher $ ,American $ ,3/4,7,Dairy $ Fruit $ Dessert $ Bake $ Coconut $ Summer $ Passion Fruit $ Gourmet $ Kidney Friendly $ Vegetarian $ Pescatarian $ Peanut Free $ Tree Nut Free $ Soy Free $ Kosher $ American $ 
https://www.epicurious.com/recipes/food/views/basil-garlic-mayonnaise-108355,Basil Garlic Mayonnaise ,"1 cup coarsely chopped fresh basil $ 1 garlic clove, smashed $ 1/4 teaspoon salt $ 1/8 teaspoon cayenne $ 3/4 cup mayonnaise $ ",Condiment/Spread $ Food Processor $ Herb $ Side $ Quick & Easy $ Mayonnaise $ Summer $ Gourmet $ ,American $ ,3.5/4,13,Condiment/Spread $ Food Processor $ Herb $ Side $ Quick & Easy $ Mayonnaise $ Summer $ Gourmet $ American $ 
https://www.epicurious.com/recipes/food/views/butterflied-leg-of-lamb-106680,Butterflied Leg of Lamb ,"3/4 cup each dry red wine and soy sauce $ 4 large cloves of garlic, crushed $ 1 tablespoon coarsely ground black pepper $ 10 tablespoons coarsely chopped flat-leaf parsley $ 1 butterflied leg of lamb (about 4 to 5 pounds) $ ",Lamb $ Red Wine $ Summer $ Grill/Barbecue $ Soy Sauce $ Parade $ ,American $ ,3.5/4,7,Lamb $ Red Wine $ Summer $ Grill/Barbecue $ Soy Sauce $ Parade $ American $ 
https://www.epicurious.com/recipes/food/views/grilled-monster-pork-chops-with-tomatillo-and-green-apple-sauce-109529,Grilled Monster Pork Chops with Tomatillo and Green Apple Sauce ,"3 tablespoons ground coriander $ 3 tablespoons ground cumin $ 2 1/2 tablespoons kosher salt $ 1 1/2 tablespoons black pepper $ 3 tablespoons olive oil $ 4 (2-inch-thick) loin pork chops (each about 1 lb) $ 1/2 lb fresh tomatillos (about 5), husks discarded and tomatillos rinsed $ 2 Granny Smith apples $ 1/2 cup loosely packed fresh cilantro sprigs $ 1 garlic clove, minced $ 1 teaspoon ground cumin $ 1/4 cup apple juice $ 1 tablespoon fresh lime juice $ 1 tablespoon mild honey $ 1 teaspoon minced canned chipotle chiles in adobo $ a large chimney starter (if using charcoal); a 17- by 12 1/2- by 3 1/2-inch disposable aluminum roasting pan (if using charcoal); an instant-read thermometer $ ",Pepper $ Marinate $ Apple $ Pork Chop $ Summer $ Tailgating $ Grill/Barbecue $ Tomatillo $ Cilantro $ Gourmet $ ,American $ ,3.5/4,61,Pepper $ Marinate $ Apple $ Pork Chop $ Summer $ Tailgating $ Grill/Barbecue $ Tomatillo $ Cilantro $ Gourmet $ American $ 
https://www.epicurious.com/recipes/food/views/roasted-snapper-with-artichokes-and-lemon-109445,Roasted Snapper with Artichokes and Lemon ,"5 tablespoons fresh lemon juice (from about 2 lemons), reserving juiced lemons $ 4 large artichokes with stems attached (10 to 12 oz each) $ 6 tablespoons extra-virgin olive oil $ 4 (1/2-inch-thick) red snapper fillets with skin (6 oz each) $ 1 tablespoon chopped fresh tarragon $ ",Roast $ Quick & Easy $ Lemon $ Snapper $ Artichoke $ Tarragon $ Gourmet $ ,American $ ,3/4,4,Roast $ Quick & Easy $ Lemon $ Snapper $ Artichoke $ Tarragon $ Gourmet $ American $ 
https://www.epicurious.com/recipes/food/views/spiced-zucchini-walnut-bread-109568,Spiced Zucchini Walnut Bread ,"2 cups all purpose flour $ 2 teaspoons ground cinnamon $ 1 teaspoon salt $ 1 teaspoon baking soda $ 1 teaspoon ground allspice $ 1/2 teaspoon baking powder $ 2 1/2 cups sugar $ 1 1/2 cups vegetable oil $ 3 large eggs $ 1 tablespoon vanilla extract $ 2 teaspoons grated lemon peel $ 2 cups coarsely grated zucchini (from about 2 medium) $ 1 cup walnuts, toasted, coarsely chopped (about 4 ounces) $ ",Bread $ Brunch $ Side $ Bake $ Walnut $ Zucchini $ Summer $ Bon Appétit $ California $ Kidney Friendly $ Vegetarian $ Pescatarian $ Dairy Free $ Peanut Free $ Soy Free $ Kosher $ ,American $ ,2.5/4,123,Bread $ Brunch $ Side $ Bake $ Walnut $ Zucchini $ Summer $ Bon Appétit $ California $ Kidney Friendly $ Vegetarian $ Pescatarian $ Dairy Free $ Peanut Free $ Soy Free $ Kosher $ American $ 
https://www.epicurious.com/recipes/food/views/easy-pie-crust-106764,Easy Pie Crust ,"1 1/2 cups all-purpose flour $ 1 teaspoon sugar $ 1 teaspoon salt $ 10 tablespoons cold, unsalted butter, cut into small pieces $ 1/4 cup ice water $ ",Dessert $ Bake $ Summer $ Parade $ Sugar Conscious $ Kidney Friendly $ Vegetarian $ Pescatarian $ Peanut Free $ Tree Nut Free $ Soy Free $ Kosher $ ,American $ ,3.5/4,4,Dessert $ Bake $ Summer $ Parade $ Sugar Conscious $ Kidney Friendly $ Vegetarian $ Pescatarian $ Peanut Free $ Tree Nut Free $ Soy Free $ Kosher $ American $ 
https://www.epicurious.com/recipes/food/views/sun-dried-tomato-onion-jam-109467,Sun-Dried Tomato Onion Jam ,"3 medium onions, halved lengthwise and thinly sliced crosswise $ 3 tablespoons unsalted butter $ 1/3 cup sugar $ 1/2 teaspoon salt $ 1/4 teaspoon black pepper $ 1/8 teaspoon dried hot red pepper flakes $ 1/2 cup dry white wine $ 1 tablespoon red-wine vinegar $ 1/4 cup packed dried apricots, thinly sliced $ 3/4 cup drained oil-packed sun-dried tomatoes, chopped $ ",Condiment/Spread $ Sauce $ Onion $ Tomato $ Sauté $ Dried Fruit $ White Wine $ Simmer $ Gourmet $ ,American $ ,3/4,13,Condiment/Spread $ Sauce $ Onion $ Tomato $ Sauté $ Dried Fruit $ White Wine $ Simmer $ Gourmet $ American $ 
https://www.epicurious.com/recipes/food/views/turkey-enchiladas-adobo-109175,Turkey Enchiladas Adobo ,"8 6-inch-diameter corn tortillas $ 2 tablespoons olive oil $ 1 medium onion, coarsely chopped $ 1 16-ounce can or jar enchilada sauce $ 6 tablespoons chopped fresh cilantro, divided $ 2 teaspoons chopped canned chipotle chiles plus 1 teaspoon adobo sauce $ 2 cups (about 10 ounces) diced roasted turkey $ 3/4 cup 1/3-inch dice assorted red, green, yellow, and/or orange bell peppers, divided $ 1 cup (packed) grated Monterey Jack cheese or Mexican-style cheese blend (about 4 ounces) $ ",Cheese $ Poultry $ turkey $ Broil $ Sauté $ Bell Pepper $ Hot Pepper $ Fall $ Winter $ Cilantro $ Tortillas $ Bon Appétit $ ,American $ Southwestern $ ,2.5/4,12,Cheese $ Poultry $ turkey $ Broil $ Sauté $ Bell Pepper $ Hot Pepper $ Fall $ Winter $ Cilantro $ Tortillas $ Bon Appétit $ American $ Southwestern $ 
https://www.epicurious.com/recipes/food/views/roasted-beef-tenderloin-with-sherry-vinaigrette-and-watercress-109390,Roasted Beef Tenderloin with Sherry Vinaigrette and Watercress ,"6 tablespoons olive oil, divided $ 1 2 1/4-pound beef tenderloin (preferably from thick end) $ 1 1/2 teaspoons coarse kosher salt $ 2 teaspoons coarsely ground mixed peppercorns $ 1/4 cup Sherry wine vinegar $ 1 tablespoon coarse Dijon mustard $ 1/4 cup chopped shallots $ 1 large bunch watercress $ ",Beef $ Mustard $ Roast $ Winter $ Shallot $ Watercress $ Bon Appétit $ ,American $ ,3/4,6,Beef $ Mustard $ Roast $ Winter $ Shallot $ Watercress $ Bon Appétit $ American $ 
https://www.epicurious.com/recipes/food/views/shrimp-with-lemon-tarragon-green-beans-and-peas-109382,"Shrimp with Lemon, Tarragon, Green Beans, and Peas ","3/4 cup (1 1/2 sticks) unsalted butter, room temperature $ 1/2 cup minced fresh tarragon plus sprigs from 1 package fresh tarragon (tied together) $ 4 teaspoons minced fresh chives $ 2 1/2 teaspoons grated lemon peel $ 4 cups chopped leeks (white and pale green parts only) $ 1/2 teaspoon dried thyme $ 12 ounces green beans, trimmed, cut into 1 1/2-inch pieces $ 2 cups frozen petite peas $ 16 uncooked jumbo shrimp, peeled, deveined, shells reserved $ 2 tablespoons fresh lemon juice $ ",Citrus $ Sauté $ Shrimp $ Leek $ Green Bean $ Pea $ Tarragon $ Boil $ Bon Appétit $ ,American $ ,3/4,16,Citrus $ Sauté $ Shrimp $ Leek $ Green Bean $ Pea $ Tarragon $ Boil $ Bon Appétit $ American $ 
https://www.epicurious.com/recipes/food/views/grilled-mahimahi-with-pineapple-sambal-109524,Grilled Mahimahi with Pineapple Sambal ,"2 garlic cloves, finely chopped $ 3 oz shallots, halved lengthwise and thinly sliced crosswise (2/3cup) $ 3 tablespoons vegetable oil $ 2 fresh Thai or serrano chiles (2 to 3 inches long), minced, including seeds $ 3/4 pineapple (preferably not labeled ""super sweet""), peeled, cored, and cut into 1/2-inch cubes (4 cups) $ 1 1/2 tablespoons Asian fish sauce $ 1 teaspoon sugar $ 1/4 teaspoon salt $ 1/3 cup coarsely chopped fresh cilantro $ 6 (1- to 1 1/2-inch-thick) pieces mahimahi fillet with skin (6 oz each) $ ",Fish $ Pepper $ Pineapple $ Summer $ Grill/Barbecue $ Shallot $ Cilantro $ Gourmet $ ,American $ ,3/4,22,Fish $ Pepper $ Pineapple $ Summer $ Grill/Barbecue $ Shallot $ Cilantro $ Gourmet $ American $ 
https://www.epicurious.com/recipes/food/views/candied-cranberries-2838,Candied Cranberries ,1 cup sugar $ 2 tablespoons water $ 1/2 cup cranberries $ ,Candy $ Fruit $ Thanksgiving $ Low Sodium $ Cranberry $ Fall $ Winter $ Bon Appétit $ ,American $ ,3.5/4,6,Candy $ Fruit $ Thanksgiving $ Low Sodium $ Cranberry $ Fall $ Winter $ Bon Appétit $ American $ 
https://www.epicurious.com/recipes/food/views/broiled-cornish-hens-with-molasses-and-allspice-11707,Broiled Cornish Hens with Molasses and Allspice ,"1 tablespoon molasses $ 2 teaspoons fresh lemon juice $ 1 teaspoon ground allspice $ 2 Cornish hens, backbones removed and the hens flattened and patted  dry $ ",Broil $ Quick & Easy $ Spice $ Molasses $ Gourmet $ ,American $ ,3.5/4,5,Broil $ Quick & Easy $ Spice $ Molasses $ Gourmet $ American $ 
https://www.epicurious.com/recipes/food/views/meat-loaf-40041,Meat Loaf ,"2 cups freshly made bread crumbs $ 1 onion, chopped fine $ 2 eggs, slightly beaten $ 2 pounds ground beef $ 2 tablespoons Worcestershire sauce $ 1 1/2 teaspoons dry mustard $ 1 1/2 teaspoons salt $ 1/2 teaspoon freshly ground pepper $ 1/4 cup milk $ ",Beef $ Egg $ Onion $ Bake $ Kid-Friendly $ Spice $ ,American $ ,3/4,47,Beef $ Egg $ Onion $ Bake $ Kid-Friendly $ Spice $ American $ 
https://www.epicurious.com/recipes/food/views/old-fashioned-cherry-vanilla-pie-14181,Old-Fashioned Cherry Vanilla Pie ,"1 1/2 sticks (3/4 cup) cold unsalted butter $ 2 1/2 cups all-purpose flour $ 1/2 teaspoon salt $ 1/4 cup cold vegetable shortening $ 5 to 7 tablespoons ice water $ 1 cup plus 2 tablespoons sugar $ 1/4 cup quick-cooking tapioca $ 1/2 teaspoon salt $ 1/2 teaspoon cinnamon $ 6 cups fresh or frozen pitted tart cherries (about 3 1/2 pints fresh, picked over) $ 2 tablespoons vanilla $ 1 tablespoon sugar $ Accompaniment: vanilla ice cream $ ",Dairy $ Dessert $ Bake $ Cherry $ Summer $ Gourmet $ ,American $ ,3.5/4,27,Dairy $ Dessert $ Bake $ Cherry $ Summer $ Gourmet $ American $ 
https://www.epicurious.com/recipes/food/views/california-succotash-102506,California Succotash ,"1 pound large pearl onions $ 2 cups whipping cream $ 1 large red bell pepper $ 1 pound zucchini, diced $ 3 3/4 cups fresh corn kernels or frozen, thawed $ ",Dairy $ Vegetable $ Side $ Thanksgiving $ Vegetarian $ Corn $ Fall $ Vegan $ Bon Appétit $ Pescatarian $ Wheat/Gluten-Free $ Peanut Free $ Tree Nut Free $ Soy Free $ No Sugar Added $ Kosher $ ,American $ ,4/4,12,Dairy $ Vegetable $ Side $ Thanksgiving $ Vegetarian $ Corn $ Fall $ Vegan $ Bon Appétit $ Pescatarian $ Wheat/Gluten-Free $ Peanut Free $ Tree Nut Free $ Soy Free $ No Sugar Added $ Kosher $ American $ 
https://www.epicurious.com/recipes/food/views/pistachio-brittle-102704,Pistachio Brittle ,Nonstick vegetable oil spray $ 1 cup sugar $ 1/4 cup water $ 1/4 cup natural unsalted pistachios $ ,Candy $ Nut $ Dessert $ Christmas $ Vegetarian $ Pistachio $ Winter $ Vegan $ Bon Appétit $ ,American $ ,3.5/4,13,Candy $ Nut $ Dessert $ Christmas $ Vegetarian $ Pistachio $ Winter $ Vegan $ Bon Appétit $ American $ 
https://www.epicurious.com/recipes/food/views/southern-sausage-souffle-1331,Southern Sausage Soufflé ,"3/4 pound bulk breakfast sausage $ 1 green bell pepper $ 6 home-style white bread slices, crusts trimmed, cut into cubes $ 1 cup seasoned corn bread stuffing mix $ 1 cup (packed) grated sharp cheddar cheese (about 4 ounces) $ 4 eggs $ 2 cups milk $ 1/2 teaspoon salt $ 2 14 1/2-ounce cans stewed tomatoes (preferably Cajun style) $ ",Cheese $ Dairy $ Egg $ Tomato $ Appetizer $ Brunch $ Bake $ Sausage $ Spring $ Bon Appétit $ South Carolina $ Peanut Free $ Tree Nut Free $ Soy Free $ ,American $ Cajun/Creole $ ,3.5/4,8,Cheese $ Dairy $ Egg $ Tomato $ Appetizer $ Brunch $ Bake $ Sausage $ Spring $ Bon Appétit $ South Carolina $ Peanut Free $ Tree Nut Free $ Soy Free $ American $ Cajun/Creole $ 
https://www.epicurious.com/recipes/food/views/gingered-brioche-summer-pudding-with-sour-cream-mascarpone-12651,Gingered Brioche Summer Pudding with Sour Cream Mascarpone ,"1 cup sugar $ 3/4 cup water $ 5 teaspoons finely grated peeled fresh gingerroot, or to taste $ 4 firm-ripe nectarines (about 1 3/4 pounds), pitted and cut into 1/2-inch wedges $ 4 firm-ripe plums (about 1 1/2 pounds), pitted and cut into 1/2-inch wedges $ 3 cups picked over blueberries, rinsed $ 2 teaspoons fresh lemon juice $ four to eight 1/2-inch-thick slices (about 1/2 pound) from loaf of brioche or challah $ Accompaniment:Sour Cream Mascarpone $ ",Fruit $ Ginger $ Dessert $ Bake $ Blueberry $ Nectarine $ Plum $ Summer $ Gourmet $ ,American $ ,3/4,1,Fruit $ Ginger $ Dessert $ Bake $ Blueberry $ Nectarine $ Plum $ Summer $ Gourmet $ American $ 
https://www.epicurious.com/recipes/food/views/open-faced-designer-apple-pie-102232,Open-Faced Designer Apple Pie ,"1 Flaky Cream Cheese Pie Crust for a 9-inch lattice pie $ 1/2 egg white, lightly beaten $ 2 1/2 pounds baking apples, about 6 peeled, cored and sliced 1/8 inch thick $ 1 tablespoon freshly squeezed lemon juice $ 1/4 cup light brown sugar, packed $ 1/4 granulated sugar $ 1/2 to 1 1/2 teaspoons ground cinnamon $ 1/4 teaspoon nutmeg, preferably freshly grated $ 1/4 teaspoon salt $ 2 tablespoons unsalted butter $ 1 tablespoon + 1 teaspoon cornstarch $ 1 large egg, lightly beaten $ 1/4 cup apricot preserves $ ",Fruit $ Dessert $ Bake $ Picnic $ Apple $ Fall $ Summer $ Kidney Friendly $ Vegetarian $ Pescatarian $ Wheat/Gluten-Free $ Peanut Free $ Tree Nut Free $ Soy Free $ Kosher $ ,American $ ,0/4,0,Fruit $ Dessert $ Bake $ Picnic $ Apple $ Fall $ Summer $ Kidney Friendly $ Vegetarian $ Pescatarian $ Wheat/Gluten-Free $ Peanut Free $ Tree Nut Free $ Soy Free $ Kosher $ American $ 
https://www.epicurious.com/recipes/food/views/comice-pear-crisp-102241,Comice Pear Crisp ,"1/2 cup walnuts or almonds $ 1 cup all-purpose flour $ 3 tablespoons brown sugar $ 2 tablespoons granulated sugar $ 1/8 teaspoon ground cinnamon $ a pinch salt $ 6 tablespoons (3/4 stick) unsalted butter $ 6 ripe pears (about 2 pounds), peeled, cored, and cut in 1/2-inch dice $ 1/4 cup sugar $ 2 tablespoons flour $ ",Fruit $ Nut $ Dessert $ Bake $ Pear $ Fall $ Vegetarian $ Pescatarian $ Peanut Free $ Soy Free $ Kosher $ ,American $ ,2/4,7,Fruit $ Nut $ Dessert $ Bake $ Pear $ Fall $ Vegetarian $ Pescatarian $ Peanut Free $ Soy Free $ Kosher $ American $ 
https://www.epicurious.com/recipes/food/views/eggplant-pizza-102240,Eggplant Pizza ,1 large eggplant (1 1/4 pound) $ About 3 tablespoons olive oil $ 1 (1/4-ounce) package fast-acting yeast $ 2/3 cup warm water (110-115°F.) $ 1 2/3 cups all-purpose flour $ 1/2 teaspoon salt $ 2 tablespoons olive oil $ 3 ounces grated mozzarella (3/4 cup) $ 3/4 ounces grated Asiago or Parmesan (1/4 cup) $ 2 tablespoons olive oil $ 2 tablespoons minced garlic $ 1/2 teaspoon dried hot red pepper flakes $ ,Cheese $ Vegetable $ Bake $ Dinner $ Lunch $ Mozzarella $ Parmesan $ Eggplant $ Fall $ Summer $ Gourmet $ Pennsylvania $ Vegetarian $ Pescatarian $ Peanut Free $ Tree Nut Free $ Soy Free $ No Sugar Added $ Kosher $ Diabetes-Friendly $ ,American $ Italian American $ ,3.5/4,35,Cheese $ Vegetable $ Bake $ Dinner $ Lunch $ Mozzarella $ Parmesan $ Eggplant $ Fall $ Summer $ Gourmet $ Pennsylvania $ Vegetarian $ Pescatarian $ Peanut Free $ Tree Nut Free $ Soy Free $ No Sugar Added $ Kosher $ Diabetes-Friendly $ American $ Italian American $ 
https://www.epicurious.com/recipes/food/views/roasted-carrot-and-tomato-soup-with-basil-102204,Roasted Carrot and Tomato Soup with Basil ,"Nonstick vegetable oil spray $ 1 large onion, thinly sliced $ 2 pounds plum tomatoes, halved lengthwise $ 1 pound carrots, peeled, cut into 1/2-inch-thick rounds $ 2 garlic cloves, unpeeled $ 1 tablespoon olive oil $ 2 1/2 cups water $ 2 3/4 cups (about) low-fat (1%) milk $ 1/2 cup thinly sliced fresh basil $ ",Soup/Stew $ Tomato $ Vegetable $ Roast $ Vegetarian $ High Fiber $ Basil $ Carrot $ Healthy $ Bon Appétit $ ,American $ ,3/4,57,Soup/Stew $ Tomato $ Vegetable $ Roast $ Vegetarian $ High Fiber $ Basil $ Carrot $ Healthy $ Bon Appétit $ American $ 
