link,name,ingredients,recipe_category,recipe_cuisine,rating,rating_count,keywords
https://www.epicurious.com/recipes/food/views/cube-steaks-dijon-107858,Cube Steaks Dijon ,2 12-ounce cube steaks $ 2 tablespoons (1/4 stick) butter $ 1/3 cup finely chopped shallots $ 1 teaspoon dried rubbed sage $ 1/3 cup dry vermouth $ 1/2 cup whipping cream or half and half $ 2 tablespoons whole grain Dijon mustard $ ,Milk/Cream $ Beef $ Mustard $ Sauté $ Low Carb $ Quick & Easy $ Shallot $ Bon Appétit $ ,American $ ,3.5/4,48,Milk/Cream $ Beef $ Mustard $ Sauté $ Low Carb $ Quick & Easy $ Shallot $ Bon Appétit $ American $ 
https://www.epicurious.com/recipes/food/views/baked-ham-with-mustard-red-currant-glaze-and-rhubarb-chutney-107925,Baked Ham with Mustard-Red Currant Glaze and Rhubarb Chutney ,3/4 cup red currant jelly $ 6 tablespoons whole grain Dijon mustard $ 1 1/2 teaspoons ground ginger $ 1 9-pound fully cooked bone-in ham (shank or butt end) $ 1 bunch watercress $ Rhubarb Chutney $ ,Mustard $ Bake $ Easter $ Ham $ Spring $ Watercress $ Jam or Jelly $ Bon Appétit $ ,American $ ,3.5/4,31,Mustard $ Bake $ Easter $ Ham $ Spring $ Watercress $ Jam or Jelly $ Bon Appétit $ American $ 
https://www.epicurious.com/recipes/food/views/crazy-cantina-chili-101652,Crazy Cantina Chili ,1 can (16 ounces) kidney beans $ 1 can (16 ounces) black beans $ 1 can (16 ounces) garbanzo beans $ 1 onion $ 2 tablespoons vegetable oil $ 2 tablespoons chili powder $ 1/8 teaspoon cayenne pepper $ 1 can (28 ounces) crushed tomatoes with juice $ 1 cup tomato juice $ salt and pepper to taste $ shredded cheddar cheese $ sour cream or plain yogurt $ ,Soup/Stew $ Bean $ Tomato $ Kid-Friendly $ Chickpea $ Fall $ ,American $ ,3/4,10,Soup/Stew $ Bean $ Tomato $ Kid-Friendly $ Chickpea $ Fall $ American $ 
https://www.epicurious.com/recipes/food/views/potato-and-fennel-gratin-102499,Potato and Fennel Gratin ,"2 tablespoons (1/4 stick) butter $ 3 cups chopped leeks (white and pale green parts only; about 4 large) $ 3 medium-size fresh fennel bulbs with fronds, trimmed, cored, thinly sliced, fronds reserved $ 2 pounds red-skinned potatoes, peeled, thinly sliced $ 1 1/2 cups freshly grated Parmesan cheese (about 4 1/2 ounces) $ 1 1/2 cups chicken stock or canned low-salt chicken broth $ 1 cup whipping cream $ ",Potato $ Vegetable $ Side $ Bake $ Thanksgiving $ Casserole/Gratin $ Fennel $ Fall $ Bon Appétit $ Wheat/Gluten-Free $ Peanut Free $ Tree Nut Free $ Soy Free $ No Sugar Added $ ,American $ ,3.5/4,32,Potato $ Vegetable $ Side $ Bake $ Thanksgiving $ Casserole/Gratin $ Fennel $ Fall $ Bon Appétit $ Wheat/Gluten-Free $ Peanut Free $ Tree Nut Free $ Soy Free $ No Sugar Added $ American $ 
https://www.epicurious.com/recipes/food/views/winter-vegetables-with-horseradish-dill-butter-11059,Winter Vegetables with Horseradish Dill Butter ,"6 pounds small red potatoes, quartered and reserved in a bowl of cold water $ 3 pounds Brussel sprouts, trimmed and halved $ 1 1/2 pounds parsnips, peeled and cut into 2-inch sticks $ 1 1/2 pounds carrots, peeled and cut diagonally 1 inch thick $ 1 1/2 pounds small turnips, peeled and cut into sixths $ 3 sticks (1 1/2 cups) unsalted butter $ 1/3 cup drained bottled horseradish $ 1/3 cup cider vinegar $ 1/3 cup minced fresh dill $ ",Potato $ Steam $ Vegetarian $ Quick & Easy $ High Fiber $ Low/No Sugar $ Horseradish $ Vinegar $ Carrot $ Parsnip $ Turnip $ Winter $ Brussels Sprout $ Dill $ Gourmet $ ,American $ ,3.5/4,18,Potato $ Steam $ Vegetarian $ Quick & Easy $ High Fiber $ Low/No Sugar $ Horseradish $ Vinegar $ Carrot $ Parsnip $ Turnip $ Winter $ Brussels Sprout $ Dill $ Gourmet $ American $ 
https://www.epicurious.com/recipes/food/views/maple-praline-ice-cream-sauce-10103,Maple Praline Ice-Cream Sauce ,"1/2 cup Grade B maple syrup (or Grade A maple syrup flavored with 3 drops maple extract, or to taste) $ 1/4 cup firmly packed light brown sugar $ 1/8 teaspoon salt $ 1/2 cup heavy cream $ 1 tablespoon unsalted butter $ 1/2 cup pecans, chopped coarse and toasted lightly $ Accompaniment: vanilla ice cream $ ",Sauce $ Milk/Cream $ Nut $ Dessert $ Kid-Friendly $ Pecan $ Birthday $ Maple Syrup $ Boil $ Candy Thermometer $ Gourmet $ ,American $ ,4/4,7,Sauce $ Milk/Cream $ Nut $ Dessert $ Kid-Friendly $ Pecan $ Birthday $ Maple Syrup $ Boil $ Candy Thermometer $ Gourmet $ American $ 
https://www.epicurious.com/recipes/food/views/bread-pudding-with-warm-bourbon-sauce-102163,Bread Pudding with Warm Bourbon Sauce ,"4 large eggs $ 1 cup whole milk $ 1 cup whipping cream $ 1/4 cup sugar $ 1 teaspoon vanilla extract $ Pinch of salt $ 4 cups day-old cinnamon-raisin bread with crusts, cut into 1/2-inch pieces $ 1/2 cup pecans, toasted, chopped $ Bourbon Sauce $ ",Bourbon $ Dairy $ Egg $ Dessert $ Bake $ Mardi Gras $ Fall $ Bon Appétit $ Vegetarian $ Pescatarian $ Peanut Free $ Soy Free $ Kosher $ ,American $ ,3.5/4,80,Bourbon $ Dairy $ Egg $ Dessert $ Bake $ Mardi Gras $ Fall $ Bon Appétit $ Vegetarian $ Pescatarian $ Peanut Free $ Soy Free $ Kosher $ American $ 
https://www.epicurious.com/recipes/food/views/coffee-baked-alaska-with-mocha-sauce-102139,Coffee Baked Alaska with Mocha Sauce ,"1 quart coffee ice cream, softened $ 1 10.75-ounce frozen pound cake $ 4 large egg whites $ 1/4 teaspoon cream of tartar $ 1 teaspoon coffee liqueur $ 1/3 cup sugar $ 1 1/2 cups freshly brewed strong coffee $ 10 ounces semisweet chocolate, chopped $ 2 tablespoons coffee liqueur $ ",Chocolate $ Dairy $ Egg $ Dessert $ Fall $ Bon Appétit $ Vegetarian $ Pescatarian $ Peanut Free $ Tree Nut Free $ Soy Free $ Kosher $ ,American $ ,3.5/4,13,Chocolate $ Dairy $ Egg $ Dessert $ Fall $ Bon Appétit $ Vegetarian $ Pescatarian $ Peanut Free $ Tree Nut Free $ Soy Free $ Kosher $ American $ 
https://www.epicurious.com/recipes/food/views/pear-and-sweet-wine-gelatin-parfaits-102210,Pear and Sweet Wine Gelatin Parfaits ,"1 6-ounce package sparkling white grape-flavored Jell-O $ 1 1/4 cups sweet Muscat wine (such as Quady Essensia) or other sweet dessert wine $ 1/2 cup water $ 2 1/2 cups seltzer or club soda $ 2 large ripe pears, peeled, cored, chopped $ Fresh mint sprigs (optional) $ ",Wine $ Fruit $ Dessert $ Freeze/Chill $ Wheat/Gluten-Free $ Pear $ Marsala $ Fall $ Chill $ Bon Appétit $ Fat Free $ Kidney Friendly $ Dairy Free $ Peanut Free $ Tree Nut Free $ Soy Free $ ,American $ ,3/4,1,Wine $ Fruit $ Dessert $ Freeze/Chill $ Wheat/Gluten-Free $ Pear $ Marsala $ Fall $ Chill $ Bon Appétit $ Fat Free $ Kidney Friendly $ Dairy Free $ Peanut Free $ Tree Nut Free $ Soy Free $ American $ 
https://www.epicurious.com/recipes/food/views/oreo-overkill-pie-102211,Oreo Overkill Pie ,"20 Oreo cookies $ 3 tablespoons unsalted butter, melted $ 1 quart cookies and cream $ Ice cream, slightly softened $ 1 large banana, peeled, thinly sliced $ Purchased hot fudge sauce $ ",Chocolate $ Dairy $ Dessert $ Freeze/Chill $ Kid-Friendly $ Frozen Dessert $ Summer $ Bon Appétit $ ,American $ ,3/4,7,Chocolate $ Dairy $ Dessert $ Freeze/Chill $ Kid-Friendly $ Frozen Dessert $ Summer $ Bon Appétit $ American $ 
https://www.epicurious.com/recipes/food/views/roasted-salmon-with-orange-herb-sauce-102205,Roasted Salmon with Orange-Herb Sauce ,"1 large orange, unpeeled, sliced $ 1 large onion, halved, thinly sliced $ 1 1/2 tablespoons olive oil $ 6 3-ounce skinless salmon fillets $ 3 tablespoons chopped fresh dill $ 1/2 cup orange juice $ 1/4 cup thinly sliced green onions $ 1 1/2 tablespoons fresh lemon juice $ Additional unpeeled orange slices $ ",Citrus $ Fish $ Herb $ Roast $ Dinner $ Orange $ Salmon $ Fall $ Healthy $ Dill $ Bon Appétit $ Pescatarian $ Paleo $ Dairy Free $ Wheat/Gluten-Free $ Peanut Free $ Tree Nut Free $ Soy Free $ No Sugar Added $ ,American $ ,3/4,26,Citrus $ Fish $ Herb $ Roast $ Dinner $ Orange $ Salmon $ Fall $ Healthy $ Dill $ Bon Appétit $ Pescatarian $ Paleo $ Dairy Free $ Wheat/Gluten-Free $ Peanut Free $ Tree Nut Free $ Soy Free $ No Sugar Added $ American $ 
https://www.epicurious.com/recipes/food/views/baked-white-polenta-with-two-cheeses-107653,Baked White Polenta with Two Cheeses ,"12 cups water $ 1 tablespoon salt $ 2 large garlic cloves, minced $ 3 cups white cornmeal $ 12 ounces sharp white cheddar cheese, shredded (about 3 cups) $ 8 ounces mascarpone cheese* $ 4 tablespoons (1/2 stick) butter $ 1/4 teaspoon ground white pepper $ ",Cheese $ Side $ Bake $ Super Bowl $ Vegetarian $ Winter $ Bon Appétit $ ,American $ Italian $ ,3/4,19,Cheese $ Side $ Bake $ Super Bowl $ Vegetarian $ Winter $ Bon Appétit $ American $ Italian $ 
https://www.epicurious.com/recipes/food/views/rib-eye-steaks-with-bell-peppers-and-gorgonzola-butter-102171,Rib-Eye Steaks with Bell Peppers and Gorgonzola Butter ,"1/4 cup (packed) crumbled Gorgonzola cheese (about 1 1/2 ounces) $ 2 tablespoons (1/4 stick) butter, room temperature $ 3 tablespoons minced fresh marjoram $ 1/2 cup extra-virgin olive oil $ 6 large garlic cloves, minced $ 4 1 1/4-inch-thick rib-eye steaks $ 2 large green bell peppers, cut into 1 1/2-inch-wide strips $ 2 large red bell peppers, cut into 1 1/2-inch-wide strips $ 2 large yellow bell peppers, cut into 1 1/2-inch-wide strips $ ",Beef $ Cheese $ Dairy $ Vegetable $ Blue Cheese $ Beef Rib $ Bell Pepper $ Grill/Barbecue $ Bon Appétit $ ,American $ ,3.5/4,9,Beef $ Cheese $ Dairy $ Vegetable $ Blue Cheese $ Beef Rib $ Bell Pepper $ Grill/Barbecue $ Bon Appétit $ American $ 
https://www.epicurious.com/recipes/food/views/baked-shrimp-toasts-108879,Baked Shrimp Toasts ,"4 teaspoons minced garlic $ 1 tablespoon minced peeled fresh ginger $ 1 tablespoon vegetable oil $ 1 tablespoon mirin* $ 2 teaspoons soy sauce $ 1/2 teaspoon salt $ 3/4 pound medium shrimp in shell (31 to 35 per pound), peeled, deveined, and cut into 1/2-inch pieces $ 3 tablespoons chopped fresh cilantro $ 1 (9- by 4-inch) white Pullman loaf, unsliced $ ",Wine $ Garlic $ Ginger $ Shellfish $ Bake $ Christmas $ Cocktail Party $ Shrimp $ Winter $ Cilantro $ Gourmet $ ,American $ ,3/4,13,Wine $ Garlic $ Ginger $ Shellfish $ Bake $ Christmas $ Cocktail Party $ Shrimp $ Winter $ Cilantro $ Gourmet $ American $ 
https://www.epicurious.com/recipes/food/views/toffee-bar-coffee-cake-102620,Toffee Bar Coffee Cake ,"2 cups all purpose flour $ 1 cup (packed) dark brown sugar $ 1/2 cup sugar $ 1/2 cup (1 stick) unsalted butter, room temperature $ 1/2 teaspoon salt $ 4 1.4-ounce chocolate-covered English toffee bars (such as Heath Bars), chopped (about 1 cup) $ 1 cup chopped pecans $ 1 teaspoon baking soda $ 1 cup buttermilk $ 1 large egg $ 1 teaspoon vanilla extract $ ",Cake $ Egg $ Breakfast $ Dessert $ Bake $ Bon Appétit $ Kidney Friendly $ Vegetarian $ Pescatarian $ Peanut Free $ Soy Free $ Kosher $ ,American $ ,3.5/4,64,Cake $ Egg $ Breakfast $ Dessert $ Bake $ Bon Appétit $ Kidney Friendly $ Vegetarian $ Pescatarian $ Peanut Free $ Soy Free $ Kosher $ American $ 
https://www.epicurious.com/recipes/food/views/mashed-sweet-potato-with-citrus-108753,Mashed Sweet Potato with Citrus ,1 large sweet potato (12 to 14 ounces) $ 2 tablespoons unsalted butter $ 1 teaspoon finely grated fresh orange zest $ 2 tablespoons fresh orange juice $ 1/4 teaspoon salt $ 1/8 teaspoon freshly grated nutmeg $ ,Fruit Juice $ Citrus $ Side $ Bake $ Thanksgiving $ Vegetarian $ Orange $ Sweet Potato/Yam $ Fall $ Healthy $ Nutmeg $ Gourmet $ Pescatarian $ Wheat/Gluten-Free $ Peanut Free $ Tree Nut Free $ Soy Free $ No Sugar Added $ Kosher $ ,American $ ,3.5/4,18,Fruit Juice $ Citrus $ Side $ Bake $ Thanksgiving $ Vegetarian $ Orange $ Sweet Potato/Yam $ Fall $ Healthy $ Nutmeg $ Gourmet $ Pescatarian $ Wheat/Gluten-Free $ Peanut Free $ Tree Nut Free $ Soy Free $ No Sugar Added $ Kosher $ American $ 
https://www.epicurious.com/recipes/food/views/spiced-whipped-sweet-potatoes-with-brown-sugar-107316,Spiced Whipped Sweet Potatoes with Brown Sugar ,"6 8-ounce red-skinned sweet potatoes (yams) $ 1/2 cup (packed) golden brown sugar $ 1/4 cup (1/2 stick) butter, room temperature $ 1 tablespoon fresh lemon juice $ 2 teaspoons grated orange peel $ 3/4 teaspoon ground cinnamon $ 3/4 teaspoon ground allspice $ 3/4 teaspoon ground nutmeg $ Cinnamon sticks (optional) $ Orange peel strips (optional) $ ",Side $ Bake $ Thanksgiving $ Sweet Potato/Yam $ Fall $ Cinnamon $ Nutmeg $ Bon Appétit $ Vegetarian $ Pescatarian $ Wheat/Gluten-Free $ Peanut Free $ Tree Nut Free $ Soy Free $ Kosher $ ,American $ ,3.5/4,31,Side $ Bake $ Thanksgiving $ Sweet Potato/Yam $ Fall $ Cinnamon $ Nutmeg $ Bon Appétit $ Vegetarian $ Pescatarian $ Wheat/Gluten-Free $ Peanut Free $ Tree Nut Free $ Soy Free $ Kosher $ American $ 
https://www.epicurious.com/recipes/food/views/red-potatoes-tossed-in-roasted-garlic-butter-with-sage-and-bacon-107311,Red Potatoes Tossed in Roasted-Garlic Butter with Sage and Bacon ,"12 large garlic cloves, peeled $ 3 tablespoons olive oil $ 3 tablespoons butter, room temperature $ 8 bacon slices, chopped $ 3 pounds 1- to 1 1/2-inch-diameter red-skinned potatoes $ 4 teaspoons dried rubbed sage $ Fresh sage sprigs (optional) $ ",Garlic $ Potato $ Side $ Roast $ Thanksgiving $ Fall $ Sage $ Bon Appétit $ Sugar Conscious $ Wheat/Gluten-Free $ Peanut Free $ Tree Nut Free $ Soy Free $ No Sugar Added $ ,American $ ,3/4,15,Garlic $ Potato $ Side $ Roast $ Thanksgiving $ Fall $ Sage $ Bon Appétit $ Sugar Conscious $ Wheat/Gluten-Free $ Peanut Free $ Tree Nut Free $ Soy Free $ No Sugar Added $ American $ 
https://www.epicurious.com/recipes/food/views/sour-cream-maple-cake-with-lemon-glaze-107332,Sour Cream Maple Cake with Lemon Glaze ,"Nonstick vegetable oil spray $ 2 cups all purpose flour $ 2 teaspoons baking powder $ 1/2 teaspoon baking soda $ 1/4 teaspoon salt $ 1 1/3 cups sour cream $ 1/4 cup pure maple syrup $ 1/2 cup walnuts, toasted, chopped $ 1/4 cup plus 1 1/3 cups maple sugar $ 1/4 teaspoon ground cinnamon $ 13 tablespoons butter, cut into pieces, room temperature $ 2 large eggs $ 2 teaspoons vanilla extract $ 1 1/3 cups powdered sugar $ 3 tablespoons sour cream $ 1 tablespoon pure maple syrup $ 1 1/2 teaspoons fresh lemon juice $ 1 teaspoon vanilla extract $ 1/2 teaspoon grated lemon peel $ Whipped cream $ ",Cake $ Citrus $ Dairy $ Dessert $ Bake $ Walnut $ Fall $ Maple Syrup $ Bon Appétit $ Kidney Friendly $ Vegetarian $ Pescatarian $ Peanut Free $ Soy Free $ Kosher $ ,American $ ,3.5/4,21,Cake $ Citrus $ Dairy $ Dessert $ Bake $ Walnut $ Fall $ Maple Syrup $ Bon Appétit $ Kidney Friendly $ Vegetarian $ Pescatarian $ Peanut Free $ Soy Free $ Kosher $ American $ 
https://www.epicurious.com/recipes/food/views/double-chocolate-mocha-brownies-107431,Double Chocolate Mocha Brownies ,"1 1/2 sticks (3/4 cup) unsalted butter $ 5 oz unsweetened chocolate, coarsely chopped $ 2 cups sugar $ 1 tablespoon instant-espresso powder or instant-coffee granules $ 1 teaspoon vanilla $ 1/2 teaspoon salt $ 4 large eggs $ 1 cup all-purpose flour $ 3/4 cup semisweet chocolate chips $ ",Coffee $ Chocolate $ Dessert $ Bake $ Fall $ Winter $ Gourmet $ Kidney Friendly $ Vegetarian $ Pescatarian $ Peanut Free $ Tree Nut Free $ Soy Free $ Kosher $ ,American $ ,4/4,90,Coffee $ Chocolate $ Dessert $ Bake $ Fall $ Winter $ Gourmet $ Kidney Friendly $ Vegetarian $ Pescatarian $ Peanut Free $ Tree Nut Free $ Soy Free $ Kosher $ American $ 
https://www.epicurious.com/recipes/food/views/shepherds-pie-107418,Shepherd's Pie ,"10 oz pearl onions $ 4 medium leeks (white and pale green parts only), cut into 1/2-inch-thick slices $ 2 lb boneless lamb shoulder, cut into 1-inch cubes $ 2 teaspoons salt $ 1/2 teaspoon black pepper $ 5 tablespoons all-purpose flour $ 3 1/2 tablespoons unsalted butter, softened $ 2 tablespoons chopped garlic $ 1/2 cup dry white wine $ 1 1/2 tablespoons tomato paste $ 1 cup beef broth $ 1 cup water $ 2 teaspoons chopped fresh thyme $ 5 carrots, cut diagonally into 1/3-inch-thick slices $ 2 medium turnips, peeled and cut into 1/2-inch pieces $ 2 lb russet (baking) potatoes $ 1/2 cup heavy cream $ 1/2 cup milk $ 3 tablespoons unsalted butter $ 1 teaspoon salt $ 1/4 teaspoon black pepper $ a wide 3-quart heavy flameproof casserole (about 2 inches deep; not glass); a potato ricer or a food mill fitted with medium disk $ ",Beef $ Lamb $ Potato $ Vegetable $ Bake $ Broil $ Fall $ Winter $ Gourmet $ ,American $ Eastern European/Russian $ English $ ,3/4,42,Beef $ Lamb $ Potato $ Vegetable $ Bake $ Broil $ Fall $ Winter $ Gourmet $ American $ Eastern European/Russian $ English $ 
https://www.epicurious.com/recipes/food/views/verbena-brined-pork-chops-108674,Verbena-Brined Pork Chops ,"4 quarts water $ 1 cup loosely packed fresh lemon verbena leaves (1/2 ounces) or 1/2 cup dried (optional; sometimes called vervain) $ 1/4 cup plus 2 tablespoons kosher salt $ 1/4 cup plus 2 tablespoons sugar $ 8 (1 1/2-inch-thick) pork rib chops (6 pounds total), frenched (see cooks' note, below) $ Accompaniment: Hoppin' John Risotto $ an instant-read thermometer $ ",Herb $ Pork $ Backyard BBQ $ Pork Chop $ Summer $ Grill $ Brine $ Grill/Barbecue $ Gourmet $ ,American $ ,0/4,0,Herb $ Pork $ Backyard BBQ $ Pork Chop $ Summer $ Grill $ Brine $ Grill/Barbecue $ Gourmet $ American $ 
https://www.epicurious.com/recipes/food/views/cheddar-and-pepper-scones-102323,Cheddar and Pepper Scones ,"3 cups unbleached all-purpose flour $ 2 tablespoons baking powder $ 1/2 teaspoon baking soda $ 1 tablespoon sugar $ 1 teaspoon salt $ 8 tablespoons (1 stick) unsalted butter $ 1 cup grated cheddar cheese (4 ounces) $ 1 tablespoon coarsely ground black pepper, or to taste $ 3/4-1 cup buttermilk or plain yogurt $ Milk for glazing $ ",Bread $ Milk/Cream $ Breakfast $ Bake $ Cheddar $ Sugar Conscious $ Vegetarian $ Pescatarian $ Peanut Free $ Tree Nut Free $ Soy Free $ Kosher $ ,American $ English $ ,3.5/4,24,Bread $ Milk/Cream $ Breakfast $ Bake $ Cheddar $ Sugar Conscious $ Vegetarian $ Pescatarian $ Peanut Free $ Tree Nut Free $ Soy Free $ Kosher $ American $ English $ 
https://www.epicurious.com/recipes/food/views/sweet-potato-and-roasted-mushroom-stuffing-107293,Sweet Potato and Roasted Mushroom Stuffing ,"1/2 pound crimini mushrooms, halved $ 2 tablespoons olive oil $ 4 cups 1-inch cubes peeled red-skinned sweet potatoes (yams; about 21/4 pounds) $ 2 tablespoons (1/4 stick) butter $ 1 cup diced red onion $ 3/4 cup diced celery $ 3 large garlic cloves, minced $ 2 teaspoons chopped fresh thyme $ 2 small bay leaves $ 5 green onions, coarsely chopped $ 6 cups 1-inch cubes French bread with crusts (from 1-pound loaf) $ 3/4 cup orange juice $ 3/4 cup whole milk $ 3/4 cup low-salt chicken broth $ 3 large eggs, beaten to blend $ ",Milk/Cream $ Mushroom $ Side $ Bake $ Thanksgiving $ Stuffing/Dressing $ Sweet Potato/Yam $ Fall $ Bon Appétit $ Peanut Free $ Tree Nut Free $ Soy Free $ ,American $ ,4/4,6,Milk/Cream $ Mushroom $ Side $ Bake $ Thanksgiving $ Stuffing/Dressing $ Sweet Potato/Yam $ Fall $ Bon Appétit $ Peanut Free $ Tree Nut Free $ Soy Free $ American $ 
https://www.epicurious.com/recipes/food/views/sangria-jell-o-salad-102116,Sangria Jell-O Salad ,"1 6-ounce package raspberry-flavored Jell-O $ 1 3/4 cups fruity red wine $ 1 cup chilled orange juice $ 1/4 cup fresh lemon juice $ 3 large oranges $ 1 cup green seedless grapes, halved lengthwise (about 7 ounces) $ 1 cup sliced hulled strawberries $ Additional grapes and strawberries $ Orange slices $ ",Fruit Juice $ Fruit $ Dessert $ Sangria $ Strawberry $ Red Wine $ Summer $ Chill $ Grape $ Bon Appétit $ Fat Free $ Dairy Free $ Wheat/Gluten-Free $ Peanut Free $ Tree Nut Free $ Soy Free $ ,American $ ,3.5/4,16,Fruit Juice $ Fruit $ Dessert $ Sangria $ Strawberry $ Red Wine $ Summer $ Chill $ Grape $ Bon Appétit $ Fat Free $ Dairy Free $ Wheat/Gluten-Free $ Peanut Free $ Tree Nut Free $ Soy Free $ American $ 
https://www.epicurious.com/recipes/food/views/mexican-poblano-spinach-and-black-bean-lasagne-with-goat-cheese-107413,"Mexican Poblano, Spinach, and Black Bean ""Lasagne"" with Goat Cheese ","12 medium to large fresh poblano chiles (2 1/4 lb) $ 1 (14- to 16-oz) can whole tomatoes including juice $ 3 large garlic cloves, chopped $ 1/4 cup chopped fresh cilantro $ 1/4 teaspoon sugar $ 1/4 teaspoon salt, or to taste $ 2 tablespoons olive oil $ 1 cup heavy cream $ 2 teaspoons dried epazote* (optional) $ 8 oz soft mild goat cheese $ 1/4 teaspoon salt, or to taste $ 4 (3/4-lb) bunches spinach, coarse stems discarded $ 2 tablespoons olive oil $ 1/4 cup raisins $ 1/4 teaspoon salt, or to taste $ 3 tablespoons olive oil $ 6 (6-inch) corn tortillas, halved $ 1 cup cooked black beans, rinsed and drained if canned $ Garnish: toasted pine nuts $ a 2- to 2 1/2-quart shallow flameproof casserole dish (about 2 inches deep; not glass) $ ",Bean $ Cheese $ Leafy Green $ Pepper $ Tomato $ Fry $ Sauté $ Vegetarian $ Goat Cheese $ Spinach $ Fall $ Winter $ Gourmet $ ,American $ Central/South American $ Mexican $ ,3/4,77,Bean $ Cheese $ Leafy Green $ Pepper $ Tomato $ Fry $ Sauté $ Vegetarian $ Goat Cheese $ Spinach $ Fall $ Winter $ Gourmet $ American $ Central/South American $ Mexican $ 
https://www.epicurious.com/recipes/food/views/potato-gratin-with-gruyere-and-creme-fraiche-107310,Potato Gratin with Gruyère and Crème Fraîche ,"3 pounds russet potatoes, peeled, cut into 1/8-inch-thick rounds $ 1 1/2 cups crème fraîche,* stirred to loosen $ 1 1/2 cups (packed) grated Gruyère cheese (about 6 ounces) $ 2 tablespoons chopped fresh Italian parsley $ ",Cheese $ Dairy $ Potato $ Side $ Bake $ Thanksgiving $ Fall $ Bon Appétit $ ,American $ ,3.5/4,189,Cheese $ Dairy $ Potato $ Side $ Bake $ Thanksgiving $ Fall $ Bon Appétit $ American $ 
https://www.epicurious.com/recipes/food/views/parmesan-pepper-popcorn-108510,Parmesan Pepper Popcorn ,2 tablespoons extra-virgin olive oil $ About 8 cups hot plain popcorn $ 1 oz finely grated Parmigiano-Reggiano (1/3 cup) $ 1/2 teaspoon black pepper $ 1/4 teaspoon salt $ ,Cheese $ Cocktail Party $ Super Bowl $ Thanksgiving $ Vegetarian $ Quick & Easy $ Parmesan $ Poker/Game Night $ Party $ Gourmet $ ,American $ ,3.5/4,12,Cheese $ Cocktail Party $ Super Bowl $ Thanksgiving $ Vegetarian $ Quick & Easy $ Parmesan $ Poker/Game Night $ Party $ Gourmet $ American $ 
https://www.epicurious.com/recipes/food/views/belgian-endive-and-apple-salad-with-cranberry-vinaigrette-102519,Belgian Endive and Apple Salad with Cranberry Vinaigrette ,"2 tablespoons olive oil (preferably extra-virgin) $ 2 tablespoons frozen cranberry juice concentrate, thawed $ 1 tablespoon white wine vinegar $ 3 heads Belgian endive, thinly sliced crosswise $ 2 Red Delicious or Fuji apples, unpeeled, cored, chopped $ 1/2 cup chopped fresh cranberries $ 1/4 cup thinly sliced green onions $ 1/4 cup walnuts, toasted, coarsely chopped $ ",Salad $ Fruit $ Nut $ Vegetable $ Appetizer $ No-Cook $ Thanksgiving $ Vegetarian $ New Year's Day $ Cranberry $ Apple $ Fall $ Healthy $ Vegan $ Endive $ Bon Appétit $ Sugar Conscious $ Kidney Friendly $ Pescatarian $ Dairy Free $ Wheat/Gluten-Free $ Peanut Free $ Soy Free $ Kosher $ ,American $ ,3.5/4,21,Salad $ Fruit $ Nut $ Vegetable $ Appetizer $ No-Cook $ Thanksgiving $ Vegetarian $ New Year's Day $ Cranberry $ Apple $ Fall $ Healthy $ Vegan $ Endive $ Bon Appétit $ Sugar Conscious $ Kidney Friendly $ Pescatarian $ Dairy Free $ Wheat/Gluten-Free $ Peanut Free $ Soy Free $ Kosher $ American $ 
https://www.epicurious.com/recipes/food/views/cinnamon-brown-sugar-and-walnut-shortbread-crescents-108974,"Cinnamon, Brown Sugar, and Walnut Shortbread Crescents ","2 cups all purpose flour $ 1 teaspoon ground cinnamon $ 1/4 teaspoon (generous) salt $ 1 cup (2 sticks) unsalted butter, room temperature $ 2/3 cup (packed) golden brown sugar $ 1/2 cup walnuts, toasted, finely chopped $ 4 ounces bittersweet (not unsweetened) or semisweet chocolate, chopped $ ",Cookies $ Bake $ Walnut $ Winter $ Cinnamon $ Bon Appétit $ ,American $ ,3.5/4,15,Cookies $ Bake $ Walnut $ Winter $ Cinnamon $ Bon Appétit $ American $ 
https://www.epicurious.com/recipes/food/views/dried-fruit-compote-with-port-cinnamon-and-ginger-107509,"Dried Fruit Compote with Port, Cinnamon, and Ginger ","1 cup water $ 1 cup ruby Port $ 1/2 cup sugar $ 2 cinnamon sticks $ 2 tablespoons finely chopped crystallized ginger $ 2 8-ounce bags mixed dried fruits, large pieces quartered $ ",Fruit $ Ginger $ Dessert $ Port $ Winter $ Vegan $ Bon Appétit $ California $ Fat Free $ Kidney Friendly $ Vegetarian $ Pescatarian $ Dairy Free $ Wheat/Gluten-Free $ Peanut Free $ Tree Nut Free $ Soy Free $ Kosher $ ,American $ ,3.5/4,3,Fruit $ Ginger $ Dessert $ Port $ Winter $ Vegan $ Bon Appétit $ California $ Fat Free $ Kidney Friendly $ Vegetarian $ Pescatarian $ Dairy Free $ Wheat/Gluten-Free $ Peanut Free $ Tree Nut Free $ Soy Free $ Kosher $ American $ 
https://www.epicurious.com/recipes/food/views/vanilla-brown-sugar-syrup-107784,Vanilla Brown Sugar Syrup ,"1/2 vanilla bean $ 1/4 cup strained fresh pineapple juice, squeezed with your hands from pineapple rind (reserved from topping for pecan waffles ) $ 1 1/2 cups packed dark brown sugar $ 1 1/2 cups water $ 3 tablespoons unsalted butter $ 1/8 teaspoon salt $ ",Sauce $ Breakfast $ Brunch $ Quick & Easy $ Pineapple $ Vanilla $ Gourmet $ ,American $ ,3.5/4,2,Sauce $ Breakfast $ Brunch $ Quick & Easy $ Pineapple $ Vanilla $ Gourmet $ American $ 
https://www.epicurious.com/recipes/food/views/cherry-tomato-polenta-tartlets-with-basil-mayonnaise-108429,Cherry Tomato Polenta Tartlets with Basil Mayonnaise ,"1 cup mayonnaise $ 3/4 cup (lightly packed) torn fresh basil leaves (from 1 large bunch) $ 1 tablespoon fresh lemon juice $ 24 small cherry tomatoes, quartered $ 2 garlic cloves, minced $ 1 tablespoon olive oil $ 2 1/2 cups water $ 1 teaspoon coarse kosher salt $ 1/2 cup (3 ounces) polenta (coarse cornmeal)* $ 1/3 cup (packed) grated Parmesan cheese $ 1 tablespoon unsalted butter $ ",Tomato $ Appetizer $ Quick & Easy $ Basil $ Cornmeal $ Summer $ Bon Appétit $ Sugar Conscious $ Kidney Friendly $ Vegetarian $ Pescatarian $ Wheat/Gluten-Free $ Peanut Free $ Tree Nut Free $ Soy Free $ Kosher $ ,American $ ,3.5/4,23,Tomato $ Appetizer $ Quick & Easy $ Basil $ Cornmeal $ Summer $ Bon Appétit $ Sugar Conscious $ Kidney Friendly $ Vegetarian $ Pescatarian $ Wheat/Gluten-Free $ Peanut Free $ Tree Nut Free $ Soy Free $ Kosher $ American $ 
https://www.epicurious.com/recipes/food/views/dandelion-salad-with-warm-bacon-dressing-106375,Dandelion Salad with Warm Bacon Dressing ,"1 lb tender dandelion greens, tough stems removed $ 5 bacon slices $ 1 1/2 tablespoons finely chopped shallot $ 1 1/2 tablespoons cider vinegar $ 1/4 teaspoon salt $ 1/8 teaspoon black pepper $ ",Salad $ Leafy Green $ Quick & Easy $ Bacon $ Summer $ Gourmet $ ,American $ ,2.5/4,11,Salad $ Leafy Green $ Quick & Easy $ Bacon $ Summer $ Gourmet $ American $ 
https://www.epicurious.com/recipes/food/views/macaroni-and-blue-cheese-with-chives-107867,Macaroni and Blue Cheese with Chives ,1 pound spiral tube-shaped pasta $ 2 tablespoons (1/4 stick) butter $ 1/4 cup all purpose flour $ 2 cups whole milk $ 1 cup whipping cream $ 3 cups grated cheddar cheese $ 1 1/2 cups crumbled blue cheese $ 1 tablespoon minced fresh chives $ ,Milk/Cream $ Pasta $ Bake $ Kid-Friendly $ Blue Cheese $ Cheddar $ Spring $ Chive $ Bon Appétit $ ,American $ ,3.5/4,109,Milk/Cream $ Pasta $ Bake $ Kid-Friendly $ Blue Cheese $ Cheddar $ Spring $ Chive $ Bon Appétit $ American $ 
https://www.epicurious.com/recipes/food/views/sage-stuffing-107372,Sage Stuffing ,"8 cups coarse fresh bread crumbs (from a 1-lb white loaf with crust removed) $ 4 cups coarsely crumbled buttermilk corn bread $ 1/4 cup finely chopped fresh flat-leaf parsley $ 3 tablespoons finely chopped fresh sage $ 1 teaspoon salt $ 1/2 teaspoon black pepper $ 2 sticks (1 cup) unsalted butter $ 2 medium onions, finely chopped (1 1/2 cups) $ 1 turkey liver or 3 chicken livers (2 to 3 oz total), trimmed and finely chopped $ 1 cup finely chopped celery $ 2 large eggs, lightly beaten $ 1 cup turkey giblet stock or low-sodium chicken broth $ 1/2 cup heavy cream $ ",Herb $ Onion $ Side $ Bake $ Thanksgiving $ Stuffing/Dressing $ Celery $ Fall $ Sage $ Parsley $ Gourmet $ Peanut Free $ Tree Nut Free $ Soy Free $ ,American $ ,3.5/4,82,Herb $ Onion $ Side $ Bake $ Thanksgiving $ Stuffing/Dressing $ Celery $ Fall $ Sage $ Parsley $ Gourmet $ Peanut Free $ Tree Nut Free $ Soy Free $ American $ 
https://www.epicurious.com/recipes/food/views/cranberry-avocado-salsa-107504,Cranberry-Avocado Salsa ,"1 yellow bell pepper $ 1 12-ounce bag fresh or frozen cranberries (3 cups) $ 1/2 cup sugar $ 1/4 cup orange juice $ 1 medium jalapeño chili, seeded, chopped $ 1 tablespoon grated orange peel $ 2 ripe avocados, halved, pitted, peeled, diced $ 1/4 cup chopped fresh cilantro $ ",Condiment/Spread $ Sauce $ Food Processor $ Berry $ Side $ No-Cook $ Cranberry $ Avocado $ Winter $ Jalapeño $ Bon Appétit $ Vegan $ Vegetarian $ Pescatarian $ Dairy Free $ Wheat/Gluten-Free $ Peanut Free $ Tree Nut Free $ Soy Free $ Kosher $ ,American $ ,3.5/4,8,Condiment/Spread $ Sauce $ Food Processor $ Berry $ Side $ No-Cook $ Cranberry $ Avocado $ Winter $ Jalapeño $ Bon Appétit $ Vegan $ Vegetarian $ Pescatarian $ Dairy Free $ Wheat/Gluten-Free $ Peanut Free $ Tree Nut Free $ Soy Free $ Kosher $ American $ 
https://www.epicurious.com/recipes/food/views/kumquat-and-cranberry-compote-107376,Kumquat and Cranberry Compote ,"2 (12-oz) bags cranberries, thawed if frozen $ 9 oz kumquats, trimmed and quartered lengthwise (1 1/2 cups) $ 1 cup water $ 1 1/4 cups sugar $ 2 tablespoons finely chopped peeled fresh ginger $ 2 whole star anise $ 1/4 teaspoon salt $ ",Condiment/Spread $ Berry $ Citrus $ Ginger $ Stew $ Thanksgiving $ Quick & Easy $ Cranberry $ Fall $ Kumquat $ Anise $ Gourmet $ ,American $ ,3/4,13,Condiment/Spread $ Berry $ Citrus $ Ginger $ Stew $ Thanksgiving $ Quick & Easy $ Cranberry $ Fall $ Kumquat $ Anise $ Gourmet $ American $ 
https://www.epicurious.com/recipes/food/views/fresh-fig-tart-with-rosemary-cornmeal-crust-and-lemon-mascarpone-cream-108371,Fresh Fig Tart with Rosemary Cornmeal Crust and Lemon Mascarpone Cream ,"1 1/2 cups all-purpose flour $ 1/2 cup yellow cornmeal (not stone-ground) $ 1 tablespoon sugar $ 1/4 teaspoon salt $ 1 stick (1/2 cup) cold unsalted butter, cut into pieces $ 1 1/2 tablespoons finely chopped fresh rosemary $ 4 to 5 tablespoons ice water $ 1/3 cup sour cream $ 1 cup mascarpone cheese (8 oz) $ 1/4 cup sugar $ 1 1/2 teaspoons finely grated fresh lemon zest $ 1/8 teaspoon salt $ 2 tablespoons red-currant jelly $ 1 tablespoon honey $ 1 1/2 lb fresh figs $ an 11 1/4- by 8- by 1-inch rectangular or 10-inch round fluted tart pan (1 inch deep) with a removable bottom $ ",Cheese $ Fruit $ Dessert $ Bake $ Cream Cheese $ Lemon $ Fig $ Rosemary $ Cornmeal $ Spring $ Summer $ Honey $ Sour Cream $ Jam or Jelly $ Gourmet $ Vegetarian $ Pescatarian $ Peanut Free $ Tree Nut Free $ Soy Free $ Kosher $ ,American $ ,3.5/4,57,Cheese $ Fruit $ Dessert $ Bake $ Cream Cheese $ Lemon $ Fig $ Rosemary $ Cornmeal $ Spring $ Summer $ Honey $ Sour Cream $ Jam or Jelly $ Gourmet $ Vegetarian $ Pescatarian $ Peanut Free $ Tree Nut Free $ Soy Free $ Kosher $ American $ 
https://www.epicurious.com/recipes/food/views/peanut-butter-and-jelly-jewels-105891,Peanut Butter and Jelly Jewels ,"1 cup bleached all-purpose flour (dip and sweep method) (5 ounces = 142 grams) $ 1 teaspoon baking soda (5 grams) $ 1/8 teaspoon salt $ 1/2 cup light brown sugar (firmly packed) (3.75 ounces = 108 grams) $ 1/4 cup granulated sugar (1.75 ounces = 50 grams) $ 1/2 cup unsalted butter (4 ounces = 113 grams) $ 1 cup smooth peanut butter (9.25 ounces = 266 grams) $ 1 large egg (3 tablespoons + 1/2 teaspoon) (1.75 ounces = 50 grams, weighed without the shell) $ 1/2 teaspoon pure vanilla extract (2 grams) $ 1 1/2 (12-ounce) jars cherry preserves (1 pound 2 ounces = 510 grams) $ 2 (3-ounce) bars milk chocolate (6 ounces = 170 grams) $ 2 (3-ounce) bars bittersweet chocolate (6 ounces = 170 grams) $ 6 tablespoons unsalted butter (room temperature) (3 ounces = 85 grams) $ ungreased cookie sheets $ 1 1/4-inch cookie scoop or a measuring teaspoon $ ",Cookies $ Food Processor $ Mixer $ Chocolate $ Nut $ Dessert $ Bake $ Kid-Friendly $ Back to School $ Cherry $ Peanut $ Fall $ Jam or Jelly $ Kidney Friendly $ Vegetarian $ Pescatarian $ Tree Nut Free $ Soy Free $ Kosher $ ,American $ ,3/4,16,Cookies $ Food Processor $ Mixer $ Chocolate $ Nut $ Dessert $ Bake $ Kid-Friendly $ Back to School $ Cherry $ Peanut $ Fall $ Jam or Jelly $ Kidney Friendly $ Vegetarian $ Pescatarian $ Tree Nut Free $ Soy Free $ Kosher $ American $ 
https://www.epicurious.com/recipes/food/views/tenderloin-steaks-with-cranberry-port-sauce-and-gorgonzola-cheese-102864,Tenderloin Steaks with Cranberry-Port Sauce and Gorgonzola Cheese ,"4 tablespoons (1/2 stick) butter $ 2 large garlic cloves, sliced $ 1 large shallot, sliced $ 1 1/4 cups canned beef broth $ 1 cup ruby Port $ 1/4 cup dried cranberries $ 4 5- to 6-ounce beef tenderloin steaks (each about 1 inch thick) $ 1/2 teaspoon minced fresh rosemary $ 1/2 cup crumbled Gorgonzola cheese $ ",Beef $ Berry $ Cheese $ Quick & Easy $ Blue Cheese $ Cranberry $ Rosemary $ Beef Tenderloin $ Port $ Winter $ Bon Appétit $ California $ ,American $ ,4/4,186,Beef $ Berry $ Cheese $ Quick & Easy $ Blue Cheese $ Cranberry $ Rosemary $ Beef Tenderloin $ Port $ Winter $ Bon Appétit $ California $ American $ 
https://www.epicurious.com/recipes/food/views/roasted-vegetable-pizza-106311,Roasted Vegetable Pizza ,"1 10-ounce tube refrigerated pizza dough $ 4 tablespoons garlic-flavored olive oil or regular olive oil $ 8 cherry tomatoes, halved $ 1 red bell pepper, sliced $ 1 medium zucchini, quartered lengthwise, cut crosswise into 1/2-inch-thick pieces (about 1 3/4 cups) $ 1 small red onion, thinly sliced (about 2 cups) $ 1 8-ounce package shredded 3- or 4-cheese pizza blend $ 3 tablespoons chopped fresh basil $ ",Cheese $ Tomato $ Vegetable $ Bake $ Roast $ Basil $ Bell Pepper $ Zucchini $ Spring $ Bon Appétit $ ,American $ Italian $ ,3.5/4,14,Cheese $ Tomato $ Vegetable $ Bake $ Roast $ Basil $ Bell Pepper $ Zucchini $ Spring $ Bon Appétit $ American $ Italian $ 
https://www.epicurious.com/recipes/food/views/butter-cookies-with-chocolate-104205,Butter Cookies with Chocolate ,"2 cups (4 sticks) unsalted butter, room temperature $ 2 cups powdered sugar, sifted $ 2 tablespoons water $ 1 teaspoon vanilla extract $ 1 teaspoon almond extract $ 4 cups all purpose flour, sifted $ 1 teaspoon salt $ 12 ounces bittersweet (not unsweetened) or semisweet chocolate, finely chopped $ ",Cookies $ Chocolate $ Dessert $ Bake $ Fall $ Bon Appétit $ Kidney Friendly $ Vegetarian $ Pescatarian $ Peanut Free $ Soy Free $ Kosher $ ,American $ ,3/4,7,Cookies $ Chocolate $ Dessert $ Bake $ Fall $ Bon Appétit $ Kidney Friendly $ Vegetarian $ Pescatarian $ Peanut Free $ Soy Free $ Kosher $ American $ 
https://www.epicurious.com/recipes/food/views/mushroom-leek-soup-with-brie-croutons-104188,Mushroom-Leek Soup with Brie Croutons ,"1/4 cup (1/2 stick) butter $ 3 large leeks (white and pale green parts only), thinly sliced (about 3 cups) $ 8 ounces shiitake mushrooms, stemmed, sliced $ 8 ounces crimini mushrooms, sliced $ 2 tablespoons all purpose flour $ 4 cups chicken stock or canned low-salt chicken broth $ 1 cup whipping cream $ 2 tablespoons dry Sherry $ 4 green onions, sliced $ 12 1/4-inch-thick slices French-bread baguette $ 1/2 pound Brie, frozen, rind removed, cheese cut into 1/4-inch-thick slices $ 2 tablespoons chopped fresh chives $ ",Soup/Stew $ Mushroom $ Onion $ Broil $ Brie $ Leek $ Winter $ Bon Appétit $ ,American $ ,3.5/4,63,Soup/Stew $ Mushroom $ Onion $ Broil $ Brie $ Leek $ Winter $ Bon Appétit $ American $ 
https://www.epicurious.com/recipes/food/views/gazpacho-with-avocado-puree-108434,Gazpacho with Avocado Purée ,"5 pounds medium tomatoes, shallow X cut in skin on side opposite stem $ 3 cups low-salt chicken broth $ 3/4 cup finely chopped red onion $ 2/3 cup fresh lime juice $ 6 garlic cloves, finely chopped $ 2 tablespoons chopped fresh Italian parsley $ 2 tablespoons chopped fresh chives $ 2 tablespoons chopped fresh cilantro $ 2 medium Haas avocados (about 1 pound), peeled, seeded, diced $ 2 serrano chiles, stemmed, seeded, deveined, minced $ 2 tablespoons (about) cold water $ 4 tablespoons extra-virgin olive oil $ ",Soup/Stew $ Tomato $ Freeze/Chill $ No-Cook $ Avocado $ Summer $ Chill $ Bon Appétit $ ,American $ Spanish/Portuguese $ ,1.5/4,5,Soup/Stew $ Tomato $ Freeze/Chill $ No-Cook $ Avocado $ Summer $ Chill $ Bon Appétit $ American $ Spanish/Portuguese $ 
https://www.epicurious.com/recipes/food/views/braised-chicken-with-shallots-garlic-and-balsamic-vinegar-105589,"Braised Chicken with Shallots, Garlic, and Balsamic Vinegar ","6 bacon slices (4 oz), cut crosswise into 1/4-inch-wide strips $ 1 (3 1/2-lb) chicken, cut into 8 serving pieces $ 1 lb shallots, thinly sliced $ 1 head garlic, cloves separated and peeled $ 1/4 cup balsamic vinegar $ ",Chicken $ Garlic $ Braise $ Vinegar $ Bacon $ Fall $ Shallot $ Gourmet $ ,American $ ,3/4,112,Chicken $ Garlic $ Braise $ Vinegar $ Bacon $ Fall $ Shallot $ Gourmet $ American $ 
https://www.epicurious.com/recipes/food/views/grilled-bass-with-green-tomato-and-watermelon-salsa-108388,Grilled Bass with Green Tomato and Watermelon Salsa ,"1 1/2 cups finely chopped green tomatoes (1/2 lb) $ 1 1/2 cups finely chopped red watermelon $ 2/3 cup minced red onion $ 1 (2 1/2- to 3-inch) fresh red or green chile such as Thai or serrano, minced (including seeds) $ 1/4 cup chopped fresh cilantro $ 1 teaspoon fresh lime juice $ 3/4 teaspoon salt $ 6 (6-oz) center-cut pieces striped bass fillet with skin or mahimahi (1 inch thick) $ 1 1/2 tablespoons olive oil $ ",Fish $ Tomato $ Picnic $ Quick & Easy $ Lime $ Watermelon $ Bass $ Hot Pepper $ Summer $ Grill/Barbecue $ Cilantro $ Gourmet $ ,American $ ,3/4,12,Fish $ Tomato $ Picnic $ Quick & Easy $ Lime $ Watermelon $ Bass $ Hot Pepper $ Summer $ Grill/Barbecue $ Cilantro $ Gourmet $ American $ 
https://www.epicurious.com/recipes/food/views/maple-barbecued-pork-burgers-105303,Maple-Barbecued Pork Burgers ,"8 ounces pork sausage (preferably hot breakfast sausage) $ 1/2 cup diced green bell pepper $ 2/3 cup bottled barbecue sauce $ 1 1/2 tablespoons pure maple syrup $ 1 1/2 tablespoons apple cider vinegar $ 2 onion rolls, split $ 1/2 cup purchased coleslaw $ ",Sandwich $ Pork $ Fourth of July $ Summer $ Grill/Barbecue $ Maple Syrup $ Bon Appétit $ ,American $ ,3.5/4,6,Sandwich $ Pork $ Fourth of July $ Summer $ Grill/Barbecue $ Maple Syrup $ Bon Appétit $ American $ 
https://www.epicurious.com/recipes/food/views/salmon-burgers-with-spinach-and-ginger-105602,Salmon Burgers with Spinach and Ginger ,"1 lb salmon fillet, skinned $ 4 oz baby spinach, coarsely chopped (3 cups) $ 3 scallions, minced $ 1 tablespoon finely grated peeled fresh ginger $ 1/4 teaspoon salt $ 1/4 teaspoon black pepper $ 1 large egg white $ 1 tablespoon soy sauce $ Vegetable oil for brushing skillet $ 2 tablespoons pickled ginger $ ",Ginger $ Leafy Green $ Quick & Easy $ Salmon $ Fall $ Pan-Fry $ Healthy $ Gourmet $ ,American $ ,3.5/4,60,Ginger $ Leafy Green $ Quick & Easy $ Salmon $ Fall $ Pan-Fry $ Healthy $ Gourmet $ American $ 
https://www.epicurious.com/recipes/food/views/grilled-balsamic-marinated-london-broil-with-red-onions-108387,Grilled Balsamic-Marinated London Broil with Red Onions ,"4 garlic cloves, minced $ 1/4 cup balsamic vinegar $ 3 tablespoons olive oil $ 1 1/2 lb (1 1/4-inch-thick) top round London broil $ 3 small red onions (3/4 lb total) $ about 24 wooden picks; an instant-read thermometer $ ",Beef $ Onion $ Marinate $ Fourth of July $ Low/No Sugar $ Vinegar $ Summer $ Grill/Barbecue $ Gourmet $ ,American $ ,3.5/4,26,Beef $ Onion $ Marinate $ Fourth of July $ Low/No Sugar $ Vinegar $ Summer $ Grill/Barbecue $ Gourmet $ American $ 
https://www.epicurious.com/recipes/food/views/country-captain-soup-466,Country Captain Soup ,"1 tablespoon olive oil $ 1 large onion, coarsely chopped $ 1/2 cup chopped red bell pepper $ 4 garlic cloves, chopped $ 6 skinless boneless chicken thighs (about 1 1/4 pounds), cut into 1-inch pieces $ 1 tablespoon curry powder $ 1 teaspoon grated peeled fresh ginger $ 1/4 teaspoon dried crushed red pepper $ 4 cups (or more) canned chicken broth $ 2 cups canned diced peeled tomatoes with juices $ 1 large Granny Smith apple, peeled, coarsely chopped $ 1/4 cup orzo (rice-shaped pasta; also called riso) $ 2 tablespoons dried currants $ Chopped fresh cilantro $ Plain yogurt $ ",Soup/Stew $ Chicken $ Ginger $ Pasta $ Tomato $ Quick & Easy $ Apple $ Curry $ Bon Appétit $ ,American $ ,3.5/4,67,Soup/Stew $ Chicken $ Ginger $ Pasta $ Tomato $ Quick & Easy $ Apple $ Curry $ Bon Appétit $ American $ 
https://www.epicurious.com/recipes/food/views/a-hollywood-ham-482,A Hollywood Ham ,"1 5-to 6-pound bone-in water-added ham, butt portion $ 3 cups apple cider $ 1 1/2 cups packed dried apple chunks (about 4 1/2 ounces) $ 3/4 cup golden brown sugar $ 6 tablespoons cider vinegar $ 3 tablespoons Dijon Mustard $ ",Fruit Juice $ Bake $ Christmas $ Easter $ Thanksgiving $ Kid-Friendly $ Oscars $ Dried Fruit $ Apple $ Ham $ Spring $ Bon Appétit $ ,American $ ,3.5/4,11,Fruit Juice $ Bake $ Christmas $ Easter $ Thanksgiving $ Kid-Friendly $ Oscars $ Dried Fruit $ Apple $ Ham $ Spring $ Bon Appétit $ American $ 
https://www.epicurious.com/recipes/food/views/garlic-bread-puddings-11503,Garlic Bread Puddings ,"2 cups milk $ 8 garlic cloves, chopped $ 2 large whole eggs $ 2 large egg yolks $ 3 tablespoons minced fresh parsley leaves $ 3/4 teaspoon salt $ 2 1/2 cups 1/2-inch cubes of Italian bread $ ",Milk/Cream $ Egg $ Garlic $ Side $ Bake $ Vegetarian $ Gourmet $ ,American $ ,3/4,7,Milk/Cream $ Egg $ Garlic $ Side $ Bake $ Vegetarian $ Gourmet $ American $ 
https://www.epicurious.com/recipes/food/views/red-cabbage-and-carrot-slaw-12508,Red Cabbage and Carrot Slaw ,"4 cups finely shredded carrot $ 4 cups finely shredded red cabbage $ 1/2 cup rice vinegar (available at Asian markets and some supermarkets) $ 1 tablespoon sugar, or to taste $ 1 teaspoon vegetable oil $ 1/2 teaspoon salt, or to taste $ ",Salad $ Side $ Quick & Easy $ Low Cal $ Carrot $ Summer $ Healthy $ Vegan $ Cabbage $ Gourmet $ Vegetarian $ Pescatarian $ Dairy Free $ Wheat/Gluten-Free $ Peanut Free $ Tree Nut Free $ Soy Free $ Kosher $ ,American $ ,2.5/4,9,Salad $ Side $ Quick & Easy $ Low Cal $ Carrot $ Summer $ Healthy $ Vegan $ Cabbage $ Gourmet $ Vegetarian $ Pescatarian $ Dairy Free $ Wheat/Gluten-Free $ Peanut Free $ Tree Nut Free $ Soy Free $ Kosher $ American $ 
https://www.epicurious.com/recipes/food/views/grilled-blue-cheese-sandwiches-with-walnuts-and-watercress-102362,Grilled Blue Cheese Sandwiches with Walnuts and Watercress ,"1 cup crumbled blue cheese (about 8 ounces) $ 1/2 cup finely chopped toasted walnuts $ 16 slices whole wheat bread, trimmed into crustless 3-inch squares $ 16 small watercress sprigs $ 6 tablespoons (3/4 stick) butter $ ",Sandwich $ Cheese $ Dinner $ Lunch $ Blue Cheese $ Walnut $ Bon Appétit $ ,American $ ,3/4,3,Sandwich $ Cheese $ Dinner $ Lunch $ Blue Cheese $ Walnut $ Bon Appétit $ American $ 
https://www.epicurious.com/recipes/food/views/crab-cakes-13346,Crab Cakes ,"1 large egg $ 3 tablespoons mayonnaise $ 1 1/2 teaspoons English-style dry mustard, or to taste $ 1/4 cup chopped drained bottled pimiento $ 3 tablespoons minced fresh parsley leaves $ 1 teaspoon Old Bay Seasoning (available at fish markets and some supermarkets) if desired $ 1 teaspoon Worcestershire sauce $ 2 dashes of Tabasco, or to taste $ 1/4 teaspoon black pepper, or to taste $ 1/4 teaspoon salt $ 1 pound backfin or lump crab meat, picked over $ 3/4 cup finely crushed Saltines (about 20 crackers) $ 2 tablespoons vegetable oil $ 1 tablespoon unsalted butter $ lemon wedges as an accompaniment $ ",Appetizer $ Sauté $ Thanksgiving $ Quick & Easy $ Lunch $ Crab $ Gourmet $ ,American $ ,3/4,23,Appetizer $ Sauté $ Thanksgiving $ Quick & Easy $ Lunch $ Crab $ Gourmet $ American $ 
https://www.epicurious.com/recipes/food/views/double-cranberry-molded-salad-102510,Double-Cranberry Molded Salad ,3 1/2 cups cranberry juice cocktail $ 4 1/4-ounce envelopes unflavored gelatin $ 2 12-ounce bags cranberries $ 2 1/4 cups sugar $ 2 tablespoons fresh lemon juice $ 1 1/4 cups finely chopped celery $ ,Salad $ Food Processor $ Side $ Thanksgiving $ Cranberry $ Celery $ Fall $ Chill $ Bon Appétit $ ,American $ ,3.5/4,14,Salad $ Food Processor $ Side $ Thanksgiving $ Cranberry $ Celery $ Fall $ Chill $ Bon Appétit $ American $ 
https://www.epicurious.com/recipes/food/views/mashed-potatoes-with-sun-dried-tomatoes-102496,Mashed Potatoes with Sun-Dried Tomatoes ,"1/2 cup chopped sun-dried tomatoes (not packed in oil; about 2 ounces) $ 1/2 cup (packed) grated Parmesan cheese (about 1 1/2 ounces) $ 2 tablespoons olive oil $ 3 pounds russet potatoes, peeled, cut into 1-inch pieces $ 1/2 cup whole milk $ 1/2 cup half and half $ 3 tablespoons butter $ 1 teaspoon salt $ 1/4 teaspoon ground nutmeg $ 1/4 teaspoon ground black pepper $ ",Potato $ Tomato $ Side $ Thanksgiving $ Vegetarian $ Fall $ Bon Appétit $ ,American $ ,3.5/4,10,Potato $ Tomato $ Side $ Thanksgiving $ Vegetarian $ Fall $ Bon Appétit $ American $ 
https://www.epicurious.com/recipes/food/views/truffled-mashed-potatoes-102495,Truffled Mashed Potatoes ,"4 pounds white potatoes, peeled, cut into 1-inch pieces $ 1 cup half and half $ 1/4 cup (1/2 stick) butter $ 1/4 cup olive oil $ 1 tablespoon white truffle oil* $ 1 teaspoon chopped black truffles (optional)* $ *White truffle oil and black truffles are available at Italian markets, specialty foods stores and some supermarkets. $ ",Mushroom $ Potato $ Side $ Thanksgiving $ Vegetarian $ Fall $ Bon Appétit $ ,American $ ,3/4,20,Mushroom $ Potato $ Side $ Thanksgiving $ Vegetarian $ Fall $ Bon Appétit $ American $ 
https://www.epicurious.com/recipes/food/views/beef-barley-soup-with-wild-mushrooms-and-parsnips-102363,Beef Barley Soup with Wild Mushrooms and Parsnips ,"3 tablespoons olive oil $ 1 1/2 pounds assorted fresh wild mushrooms (such as crimini and oyster), sliced $ 3/4 pound onions, chopped $ 2 celery stalks, chopped $ 4 large garlic cloves, chopped $ 3 1/2 pounds center-cut beef shank slices (about 3/4 to 1 inch thick) $ 8 cups canned beef broth $ 7 cups water $ 1 1/4 pounds red bell peppers, chopped $ 1 pound parsnips, peeled, cut into 1/2-inch pieces $ 1/2 pound carrots, peeled, cut into 1/2-inch pieces $ 1 3/4 cups pearl barley (about 9 ounces) $ 1 1/2 cups canned crushed tomatoes with added puree $ 2 3/4-ounce packages dried porcini mushrooms (see note below), brushed clean of any grit, coarsely chopped $ 2 tablespoons dried marjoram $ 1 tablespoon dried thyme $ ",Soup/Stew $ Beef $ Mushroom $ Beef Shank $ Barley $ Parsnip $ Fall $ Winter $ Bon Appétit $ ,American $ ,3.5/4,49,Soup/Stew $ Beef $ Mushroom $ Beef Shank $ Barley $ Parsnip $ Fall $ Winter $ Bon Appétit $ American $ 
https://www.epicurious.com/recipes/food/views/black-bottom-chocolate-pie-102366,Black-Bottom Chocolate Pie ,"2/3 cup sugar $ 1/4 cup cornstarch $ 2 tablespoons unsweetened cocoa powder $ Pinch of salt $ 6 large egg yolks $ 2 cups low-fat (1%) milk $ 1/2 cup chilled whipping cream $ 6 ounces bittersweet (not unsweetened) or semisweet chocolate, chopped $ 1 tablespoon dark rum $ 1 teaspoon vanilla extract $ Chocolate Crumb Crust $ 1 cup chilled whipping cream $ 2 tablespoons powdered sugar $ 1 teaspoon dark rum $ Chocolate curls $ ",Chocolate $ Dessert $ Freeze/Chill $ Kid-Friendly $ Birthday $ Chill $ Bon Appétit $ Kidney Friendly $ Vegetarian $ Pescatarian $ Wheat/Gluten-Free $ Peanut Free $ Tree Nut Free $ Soy Free $ Kosher $ ,American $ ,3.5/4,91,Chocolate $ Dessert $ Freeze/Chill $ Kid-Friendly $ Birthday $ Chill $ Bon Appétit $ Kidney Friendly $ Vegetarian $ Pescatarian $ Wheat/Gluten-Free $ Peanut Free $ Tree Nut Free $ Soy Free $ Kosher $ American $ 
https://www.epicurious.com/recipes/food/views/winter-crudites-with-walnut-garlic-dip-102635,Winter Crudites with Walnut-Garlic Dip ,"1 12-ounce russet potato, peeled, quartered $ 3/4 cup walnuts, toasted $ 2/3 cup extra-virgin olive oil $ 1/3 cup fresh lemon juice $ 3 garlic cloves $ 1 tablespoon chopped fresh oregano $ 2 tablespoons cold water $ 1/3 cup finely chopped fresh parsley $ Assorted raw vegetables (such as carrots, radishes, and red and green bell peppers) $ ",Condiment/Spread $ Garlic $ Vegetable $ Appetizer $ Christmas $ Cocktail Party $ Walnut $ Winter $ Bon Appétit $ ,American $ Greek $ ,1.5/4,13,Condiment/Spread $ Garlic $ Vegetable $ Appetizer $ Christmas $ Cocktail Party $ Walnut $ Winter $ Bon Appétit $ American $ Greek $ 
https://www.epicurious.com/recipes/food/views/fish-and-vegetables-with-pesto-baked-in-foil-packets-102647,Fish and Vegetables with Pesto Baked in Foil Packets ,"2/3 cup purchased pesto $ 2 tablespoons fresh lemon juice $ 1/4 teaspoon hot pepper sauce $ 4 5- to 6-ounce red snapper or orange roughy fillets $ 16 asparagus spears, each trimmed to 4-inch length $ 10 ounces plum tomatoes, coarsely chopped $ 2 yellow crookneck squash, thinly sliced on diagonal $ ",Fish $ Tomato $ Vegetable $ Bake $ Dinner $ Seafood $ Snapper $ Asparagus $ Squash $ Winter $ Bon Appétit $ Georgia $ ,American $ ,3.5/4,58,Fish $ Tomato $ Vegetable $ Bake $ Dinner $ Seafood $ Snapper $ Asparagus $ Squash $ Winter $ Bon Appétit $ Georgia $ American $ 
https://www.epicurious.com/recipes/food/views/chocolate-almond-pie-102544,Chocolate-Almond Pie ,"4 ounces bittersweet (not unsweetened) or semisweet chocolate, chopped $ 3 tablespoons unsalted butter $ 1 1/4 cups dark corn syrup $ 3/4 cup sugar $ 4 large eggs $ 2 teaspoons vanilla extract $ 3/4 teaspoon almond extract $ Pinch of salt $ 3 cups sliced almonds, toasted $ 
epi:recipeLink id=""102545""<1 Cinnamon Pastry Crust>/epi:recipeLink<, chilled
 $ ",Chocolate $ Nut $ Dessert $ Bake $ Christmas $ Thanksgiving $ Almond $ Fall $ Christmas Eve $ Bon Appétit $ Vegetarian $ Pescatarian $ Peanut Free $ Soy Free $ Kosher $ ,American $ ,2.5/4,7,Chocolate $ Nut $ Dessert $ Bake $ Christmas $ Thanksgiving $ Almond $ Fall $ Christmas Eve $ Bon Appétit $ Vegetarian $ Pescatarian $ Peanut Free $ Soy Free $ Kosher $ American $ 
https://www.epicurious.com/recipes/food/views/turkey-hash-with-sweet-potatoes-and-turnips-102434,Turkey Hash with Sweet Potatoes and Turnips ,"2 cups 1/2-inch dice skinned roasted turkey or chicken, bones reserved $ 3 cups unsalted chicken broth $ 1 bay leaf $ 1 8-ounce sweet potato, peeled and quarted lengthwise $ 1/2 pound turnips, peeled and quartered $ 2 tablespoons (1/4 stick) butter $ 2 large onions, chopped $ 4 ounces mushrooms, quartered $ 1/4 cup whipping cream $ 1 egg yolk $ 1 teaspoon minced fresh tarragon or 1/2 teaspoon dried, crumbled $ Salt and freshly ground pepper $ Minced fresh tarragon or dried, crumbled $ ",turkey $ Sauté $ Quick & Easy $ High Fiber $ Dinner $ Turnip $ Sweet Potato/Yam $ Fall $ Bon Appétit $ Wheat/Gluten-Free $ Peanut Free $ Tree Nut Free $ Soy Free $ No Sugar Added $ ,American $ ,3.5/4,2,turkey $ Sauté $ Quick & Easy $ High Fiber $ Dinner $ Turnip $ Sweet Potato/Yam $ Fall $ Bon Appétit $ Wheat/Gluten-Free $ Peanut Free $ Tree Nut Free $ Soy Free $ No Sugar Added $ American $ 
https://www.epicurious.com/recipes/food/views/cod-with-herb-stuffing-crust-102528,Cod with Herb-Stuffing Crust ,"3/4 cup herb-seasoned dry stuffing mix $ 2 tablespoons chopped fresh parsley $ 1 teaspoon grated lemon peel $ 1 12-ounce cod fillet, quartered $ 3 tablespoons butter, melted $ Lemon wedges $ ",Fish $ Herb $ Bake $ Quick & Easy $ Dinner $ Cod $ Fall $ Parsley $ Bon Appétit $ Sugar Conscious $ Pescatarian $ Wheat/Gluten-Free $ Peanut Free $ Tree Nut Free $ Soy Free $ No Sugar Added $ Kosher $ ,American $ ,3/4,24,Fish $ Herb $ Bake $ Quick & Easy $ Dinner $ Cod $ Fall $ Parsley $ Bon Appétit $ Sugar Conscious $ Pescatarian $ Wheat/Gluten-Free $ Peanut Free $ Tree Nut Free $ Soy Free $ No Sugar Added $ Kosher $ American $ 
https://www.epicurious.com/recipes/food/views/blue-plate-special-meat-loaf-729,Blue Plate Special Meat Loaf ,6 ounces ground pork $ 6 ounces ground beef $ 1/2 cup finely crushed corn chips $ 1/2 cup thinly sliced green onions $ 1/2 cup bottled chili sauce $ 1 egg $ 1 1/4 teaspoons chili powder $ 3/4 teaspoon salt $ 1/2 teaspoon ground pepper $ ,Pork $ Bake $ Kid-Friendly $ Ground Beef $ Chill $ Bon Appétit $ ,American $ ,3/4,24,Pork $ Bake $ Kid-Friendly $ Ground Beef $ Chill $ Bon Appétit $ American $ 
https://www.epicurious.com/recipes/food/views/seared-scallops-with-brussels-sprouts-and-bacon-108676,Seared Scallops with Brussels Sprouts and Bacon ,"10 ounces Brussels sprouts, trimmed and halved lengthwise $ 3 bacon slices (3 ounces), cut crosswise into 1/2-inch pieces $ 1 cup low-sodium chicken broth $ 1/4 cup plus 2 teaspoons water $ 1 1/2 tablespoons unsalted butter $ 1/4 teaspoon salt $ Pinch of sugar $ 12 large sea scallops (1 1/4 pounds), tough muscle removed from side of each if necessary $ 2 teaspoons olive oil $ 3/4 teaspoon cornstarch $ 2 teaspoons fresh lemon juice $ ",Pork $ Shellfish $ Vegetable $ Sauté $ Quick & Easy $ Bacon $ Scallop $ Fall $ Brussels Sprout $ Gourmet $ ,American $ ,3.5/4,34,Pork $ Shellfish $ Vegetable $ Sauté $ Quick & Easy $ Bacon $ Scallop $ Fall $ Brussels Sprout $ Gourmet $ American $ 
https://www.epicurious.com/recipes/food/views/peanut-butter-cookies-105746,Peanut Butter Cookies ,"1 stick (1/2 cup) unsalted butter, softened $ 1 1/2 cups chunky peanut butter (not ""all-natural"") $ 1 cup packed light brown sugar $ 1 large egg $ 1 3/4 cups all-purpose flour $ 1 teaspoon baking powder $ 1/2 teaspoon salt $ ",Cookies $ Nut $ Bake $ Kid-Friendly $ Peanut $ Fall $ Gourmet $ ,American $ ,2.5/4,57,Cookies $ Nut $ Bake $ Kid-Friendly $ Peanut $ Fall $ Gourmet $ American $ 
https://www.epicurious.com/recipes/food/views/chocolate-espresso-lava-cakes-with-espresso-whipped-cream-106232,Chocolate-Espresso Lava Cakes with Espresso Whipped Cream ,"1 cup all purpose flour $ 3/4 cup unsweetened cocoa powder $ 6 teaspoons instant espresso powder or instant coffee powder $ 1 1/2 teaspoons baking powder $ 1 cup (2 sticks) salted butter, melted $ 1 cup sugar $ 1 cup (packed) golden brown sugar $ 4 large eggs $ 1 1/2 teaspoons vanilla extract $ 1/4 teaspoon almond extract $ 12 tablespoons semisweet chocolate chips (about 4 1/2 ounces) $ 1 cup chilled whipping cream $ 3 tablespoons powdered sugar $ ",Cake $ Coffee $ Milk/Cream $ Chocolate $ Dessert $ Bake $ Winter $ Bon Appétit $ Vegetarian $ Pescatarian $ Peanut Free $ Soy Free $ Kosher $ ,American $ ,3.5/4,134,Cake $ Coffee $ Milk/Cream $ Chocolate $ Dessert $ Bake $ Winter $ Bon Appétit $ Vegetarian $ Pescatarian $ Peanut Free $ Soy Free $ Kosher $ American $ 
https://www.epicurious.com/recipes/food/views/seafood-in-celery-root-and-lovage-broth-108678,Seafood in Celery Root and Lovage Broth ,"3/4 pound celery root (sometimes called celeriac), peeled with a knife and cut into 1/2-inch pieces (1 1/3 cups) $ 2 (6-inch) fresh lovage sprigs, coarsely chopped, or 1/4 cup coarsely chopped tender inner leaves from celery ribs $ 1 teaspoon table salt $ 4 cups water $ 1/2 stick (1/4 cup) unsalted butter $ 1 1/2 pound oyster mushrooms, trimmed $ 1 cup diced (1/3-inch) fennel bulb (sometimes called anise; 5 ounces) $ 1/2 cup diced (1/3-inch) sweet onion such as Vidalia or Walla Walla (2 1/2 ounces) $ 1 cup dry white wine $ 1/2 cup heavy cream $ 12 large sea scallops (1pound ), tough muscle removed from side of each if necessary $ 12 jumbo shrimp (10 to 15 per pound ), peeled $ 12 shucked Kumamoto oysters in their liquor $ 1/4 teaspoon coarsely ground black pepper $ Coarse sea salt to taste $ Garnish: fresh lovage or celery leaves, chopped $ ",Leafy Green $ Mushroom $ Oyster $ Scallop $ Shrimp $ Celery $ Fennel $ White Wine $ Fall $ Simmer $ Gourmet $ ,American $ ,3/4,1,Leafy Green $ Mushroom $ Oyster $ Scallop $ Shrimp $ Celery $ Fennel $ White Wine $ Fall $ Simmer $ Gourmet $ American $ 
https://www.epicurious.com/recipes/food/views/cranberry-turtle-bars-105743,Cranberry Turtle Bars ,"2 cups all-purpose flour $ 1/2 cup packed light brown sugar $ 1/2 teaspoon salt $ 1 1/2 sticks (3/4 cup) cold unsalted butter, cut into 1/2-inch cubes $ 2 sticks (1 cup) unsalted butter $ 1 2/3 cups granulated sugar $ 1/4 cup light corn syrup $ 1/2 teaspoon salt $ 1 1/2 cups fresh or frozen cranberries (not thawed; 63/4 oz), coarsely chopped $ 1 teaspoon vanilla $ 3 cups pecans (12 oz), toasted and cooled , then coarsely chopped $ 2 oz fine-quality bittersweet chocolate (not unsweetened), very finely chopped $ Special equipment: a candy thermometer $ ",Berry $ Chocolate $ Nut $ Dessert $ Bake $ Cranberry $ Pecan $ Fall $ Gourmet $ Kidney Friendly $ Vegetarian $ Pescatarian $ Peanut Free $ Soy Free $ Kosher $ ,American $ ,3.5/4,60,Berry $ Chocolate $ Nut $ Dessert $ Bake $ Cranberry $ Pecan $ Fall $ Gourmet $ Kidney Friendly $ Vegetarian $ Pescatarian $ Peanut Free $ Soy Free $ Kosher $ American $ 
https://www.epicurious.com/recipes/food/views/maine-lobster-with-wild-mushrooms-and-rosemary-vapor-108559,Maine Lobster with Wild Mushrooms and Rosemary Vapor ,"1 cup distilled white vinegar $ 4 1 1/2-pound live Maine lobsters $ 1/2 cup canola oil $ 3 carrots, peeled, thinly sliced $ 1 onion, thinly sliced $ 1 fresh fennel bulb, thinly sliced $ 2 tomatoes, thinly sliced $ 4 fresh tarragon sprigs $ 8 cups fresh rosemary leaves stripped from branches (about ten .66-ounce packages) $ 2 tablespoons plus 1 1/2 cups (3 1/4 sticks) butter, room temperature $ 2 pounds assorted fresh wild mushrooms (such as oyster, crimini, chanterelle, and stemmed shiitake), cut into 1-inch pieces $ 4 large fresh thyme sprigs $ 3 garlic cloves, halved $ ",Mushroom $ Onion $ Tomato $ Rosemary $ Lobster $ Fennel $ Carrot $ Fall $ Tarragon $ Thyme $ Bon Appétit $ ,American $ ,3.5/4,22,Mushroom $ Onion $ Tomato $ Rosemary $ Lobster $ Fennel $ Carrot $ Fall $ Tarragon $ Thyme $ Bon Appétit $ American $ 
https://www.epicurious.com/recipes/food/views/upside-down-pear-gingerbread-cake-106181,Upside-Down Pear Gingerbread Cake ,"2 1/2 firm pears (preferably Bosc) $ 1/2 stick (1/4 cup) unsalted butter $ 3/4 cup packed light brown sugar $ 2 1/2 cups all-purpose flour $ 1 1/2 teaspoons baking soda $ 1 teaspoon ground cinnamon $ 1 teaspoon ground ginger $ 1/2 teaspoon ground cloves $ 1/4 teaspoon salt $ 1 cup molasses (preferably mild) $ 1 cup boiling water $ 1 stick (1/2 cup) unsalted butter, softened $ 1/2 cup packed light brown sugar $ 1 large egg, lightly beaten $ Accompaniment: vanilla ice cream $ a well-seasoned 10-inch cast-iron skillet or a 12-inch deep nonstick skillet (handle wrapped with a double layer of foil if not ovenproof) $ ",Cake $ Fruit $ Ginger $ Dessert $ Bake $ Christmas $ Thanksgiving $ Pear $ Winter $ Christmas Eve $ Gourmet $ Vegetarian $ Pescatarian $ Peanut Free $ Tree Nut Free $ Soy Free $ Kosher $ ,American $ ,3.5/4,117,Cake $ Fruit $ Ginger $ Dessert $ Bake $ Christmas $ Thanksgiving $ Pear $ Winter $ Christmas Eve $ Gourmet $ Vegetarian $ Pescatarian $ Peanut Free $ Tree Nut Free $ Soy Free $ Kosher $ American $ 
https://www.epicurious.com/recipes/food/views/creamed-corn-gratin-with-fried-onion-rings-and-bacon-108827,Creamed Corn Gratin with Fried Onion Rings and Bacon ,"1 1/2 cups fresh breadcrumbs made from crustless French bread $ 6 bacon slices, chopped $ 1/3 cup all purpose flour $ 1 large red onion, thinly sliced into rounds $ 1/2 cup (or more) vegetable oil $ 10 green onions, chopped $ 2 tablespoons (1/4 stick) butter $ 1 large onion, chopped $ 8 cups frozen corn kernels (about 2 pounds 6 ounces) $ 2 cups whole milk $ 1 cup whipping cream $ 3 tablespoons quick-cooking grits $ 1/4 teaspoon cayenne pepper $ 1 cup (packed) coarsely grated Monterey Jack cheese (about 4 ounces) $ ",Milk/Cream $ Onion $ Side $ Bake $ Sauté $ Thanksgiving $ Casserole/Gratin $ Bacon $ Corn $ Fall $ Monterey Jack $ Bon Appétit $ Peanut Free $ Tree Nut Free $ Soy Free $ ,American $ ,3.5/4,128,Milk/Cream $ Onion $ Side $ Bake $ Sauté $ Thanksgiving $ Casserole/Gratin $ Bacon $ Corn $ Fall $ Monterey Jack $ Bon Appétit $ Peanut Free $ Tree Nut Free $ Soy Free $ American $ 
https://www.epicurious.com/recipes/food/views/chocolate-toffee-diamonds-107442,Chocolate Toffee Diamonds ,"2 sticks (1 cup) unsalted butter, softened $ 1 cup packed brown sugar $ 1 large egg yolk $ 2 teaspoons vanilla $ 2 cups all-purpose flour $ 1/2 teaspoon salt $ 12 oz fine-quality bittersweet chocolate (not unsweetened), finely chopped $ 1 1/4 cups walnuts (5 oz), toasted and coarsely chopped $ a metal offset spatula $ ",Chocolate $ Dessert $ Bake $ Christmas $ Winter $ Gourmet $ Kidney Friendly $ Vegetarian $ Pescatarian $ Peanut Free $ Soy Free $ Kosher $ ,American $ ,2.5/4,17,Chocolate $ Dessert $ Bake $ Christmas $ Winter $ Gourmet $ Kidney Friendly $ Vegetarian $ Pescatarian $ Peanut Free $ Soy Free $ Kosher $ American $ 
https://www.epicurious.com/recipes/food/views/chili-popcorn-108503,Chili Popcorn ,1/2 teaspoon salt $ 1/2 teaspoon chili powder $ Scant 1/8 teaspoon garlic powder $ 1/8 teaspoon paprika $ 1/8 teaspoon cayenne $ About 8 cups hot plain popcorn $ ,Quick & Easy $ Spice $ Corn $ Fall $ Gourmet $ ,American $ ,3/4,4,Quick & Easy $ Spice $ Corn $ Fall $ Gourmet $ American $ 
https://www.epicurious.com/recipes/food/views/tomato-and-apple-chutney-105230,Tomato and Apple Chutney ,"1 (3-inch) cinnamon stick $ 1 teaspoon black peppercorns $ 1/2 teaspoon coriander seeds $ 6 whole cloves $ 3 lb ripe tomatoes, peeled, seeded, and coarsely chopped $ 2 Granny Smith apples, peeled, cored, and cut into 1/2-inch pieces $ 1 cup golden raisins $ 2 garlic cloves, minced $ 1 fresh serrano chile, minced, including seeds $ 1 tablespoon finely chopped peeled fresh ginger $ 1 cup cider vinegar $ 1/2 cup fresh orange juice $ 1/3 cup fresh lime juice $ 1 cup packed light brown sugar $ 1 teaspoon salt $ 1 teaspoon cumin seeds $ 1/2 teaspoon mustard seeds $ 5 (1/2-pint) canning jars with lids and screw bands; cheesecloth $ ",Condiment/Spread $ Ginger $ Tomato $ Apple $ Summer $ Edible Gift $ Gourmet $ ,American $ ,3/4,3,Condiment/Spread $ Ginger $ Tomato $ Apple $ Summer $ Edible Gift $ Gourmet $ American $ 
https://www.epicurious.com/recipes/food/views/cornmeal-pancakes-with-honey-pecan-butter-108554,Cornmeal Pancakes with Honey-Pecan Butter ,"1/2 cup (1 stick) unsalted European-style butter, room temperature $ 2 tablespoons honey $ Generous pinch of ground cinnamon $ 1/3 cup finely chopped toasted pecans $ 1 cup plus 2 tablespoons all purpose flour $ 1/3 cup fine yellow cornmeal $ 2 tablespoons sugar $ 1 teaspoon baking powder $ 1/2 teaspoon baking soda $ 1/4 teaspoon salt $ 2 large eggs $ 3/4 cup sour cream $ 3/4 cup whole milk $ 1/4 cup vegetable oil $ 1/2 teaspoon vanilla extract $ Melted European-style butter $ Maple syrup, warmed $ ",Cake $ Milk/Cream $ Egg $ Breakfast $ Brunch $ Fry $ Kid-Friendly $ Pecan $ Cornmeal $ Fall $ Honey $ Sour Cream $ Bon Appétit $ ,American $ ,3.5/4,32,Cake $ Milk/Cream $ Egg $ Breakfast $ Brunch $ Fry $ Kid-Friendly $ Pecan $ Cornmeal $ Fall $ Honey $ Sour Cream $ Bon Appétit $ American $ 
https://www.epicurious.com/recipes/food/views/chilled-corn-soup-with-crab-and-chile-oil-105206,Chilled Corn Soup with Crab and Chile Oil ,"6 ears fresh corn, shucked and desilked $ 2 cups cold whole milk $ 1/2 teaspoon salt $ 3/4 teaspoon black pepper $ 2 tablespoons chopped fresh chives $ 1 (6-oz) frozen king crab leg, thawed $ 4 teaspoons Asian chile oil $ ",Soup/Stew $ Milk/Cream $ Crab $ Summer $ Chill $ Gourmet $ ,American $ ,3/4,13,Soup/Stew $ Milk/Cream $ Crab $ Summer $ Chill $ Gourmet $ American $ 
https://www.epicurious.com/recipes/food/views/pumpkin-and-pecan-semifreddo-with-caramel-sauce-107334,Pumpkin and Pecan Semifreddo with Caramel Sauce ,"1 cup gingersnap cookie crumbs $ 2 tablespoons (packed) golden brown sugar $ 3 tablespoons unsalted butter, melted $ 3/4 cup canned pure pumpkin $ 1 tablespoon honey $ 1/2 teaspoon ground ginger $ 1/8 teaspoon ground cinnamon $ 1/8 teaspoon ground cloves $ 1/8 teaspoon ground cardamom $ 1/8 teaspoon ground nutmeg $ 1 cup sugar $ 1/4 cup water $ 1 1/2 tablespoons light corn syrup $ 4 large egg whites $ 1/2 cup pecans, toasted, coarsely chopped $ 1/2 cup English toffee bits $ 1 cup sugar $ 1/4 cup water $ 2 tablespoons light corn syrup $ 1/2 cup whipping cream $ 1/4 cup (1/2 stick) unsalted butter, cut into pieces $ 1/4 cup crème fraîche or sour cream $ 1 teaspoon vanilla extract $ 1/8 teaspoon salt $ Whipped cream $ ",Dairy $ Nut $ Dessert $ Freeze/Chill $ Thanksgiving $ Pecan $ Pumpkin $ Fall $ Bon Appétit $ Kidney Friendly $ Vegetarian $ Pescatarian $ Peanut Free $ Soy Free $ Kosher $ ,American $ Italian $ ,3/4,32,Dairy $ Nut $ Dessert $ Freeze/Chill $ Thanksgiving $ Pecan $ Pumpkin $ Fall $ Bon Appétit $ Kidney Friendly $ Vegetarian $ Pescatarian $ Peanut Free $ Soy Free $ Kosher $ American $ Italian $ 
https://www.epicurious.com/recipes/food/views/herbed-rack-of-lamb-with-parsley-mint-and-walnut-saute-108569,"Herbed Rack of Lamb with Parsley, Mint, and Walnut Sauté ","3 1 1/4-pound racks of lamb, frenched $ 5 tablespoons olive oil $ 2 teaspoons coarse kosher salt $ 1/2 cup finely chopped fresh Italian parsley $ 1/4 cup finely chopped fresh rosemary $ 1/4 cup finely chopped fresh mint $ 2 tablespoons extra-virgin olive oil $ 1/2 cup finely chopped shallots $ 6 cups (packed) fresh Italian parsley leaves (from 2 large bunches) $ 3/4 cup very coarsely chopped fresh mint leaves $ 1/2 cup water $ 2 teaspoons grated lemon peel $ 3/4 cup coarsely chopped toasted walnuts (about 2 1/2 ounces) $ 2 tablespoons walnut oil $ 1 tablespoon fresh lemon juice $ ",Herb $ Lamb $ Nut $ Roast $ Easter $ Low/No Sugar $ Dinner $ Mint $ Rack of Lamb $ Walnut $ Spring $ Parsley $ Bon Appétit $ Sugar Conscious $ Paleo $ Dairy Free $ Wheat/Gluten-Free $ Peanut Free $ Soy Free $ No Sugar Added $ Kosher $ ,American $ ,3/4,1,Herb $ Lamb $ Nut $ Roast $ Easter $ Low/No Sugar $ Dinner $ Mint $ Rack of Lamb $ Walnut $ Spring $ Parsley $ Bon Appétit $ Sugar Conscious $ Paleo $ Dairy Free $ Wheat/Gluten-Free $ Peanut Free $ Soy Free $ No Sugar Added $ Kosher $ American $ 
https://www.epicurious.com/recipes/food/views/pomegranate-beet-and-blood-orange-salad-108809,"Pomegranate, Beet, and Blood Orange Salad ","4 medium beets $ 3 tablespoons vegetable oil $ 1 teaspoon salt $ 1/2 teaspoon ground black pepper $ 1/4 cup water $ 1/4 cup blood orange juice (from about 1 blood orange) $ 1 tablespoon pomegranate molasses* $ 1 tablespoon white wine vinegar $ 1 medium red onion, thinly sliced $ 3 blood oranges, peeled, cut into1/4-inch-thick slices $ 1 cup pomegranate seeds (from one 11-ounce pomegranate) $ ",Salad $ Fruit $ Vegetable $ Roast $ Vegetarian $ Orange $ Beet $ Winter $ Vegan $ Pomegranate $ Bon Appétit $ ,American $ ,3.5/4,9,Salad $ Fruit $ Vegetable $ Roast $ Vegetarian $ Orange $ Beet $ Winter $ Vegan $ Pomegranate $ Bon Appétit $ American $ 
https://www.epicurious.com/recipes/food/views/annabels-pasta-salad-101557,Annabel's Pasta Salad ,"5 oz (150 g) pasta bows (farfalle) $ 2 oz (60 g) green beans $ 1/2 cup (60 g) sliced carrots $ 1/2 cup (100 g) frozen corn $ 4 cherry tomatoes, quartered $ 2 Tbsp (30 g) grated onion $ 4 Tbsp vegetable oil $ 1 Tbsp white wine vinegar $ 2 Tbsp water $ 1/2 tsp chopped fresh ginger $ 1 Tbsp chopped celery $ 1 Tbsp soy sauce $ 1 1/2 tsp tomato paste $ 1 tsp superfine sugar $ salt and pepper, to taste $ pepper $ ",Pasta $ Tomato $ Side $ Kid-Friendly $ Quick & Easy $ Dinner $ Lunch $ Corn $ Green Bean $ Carrot $ Spring $ Vegan $ Vegetarian $ Pescatarian $ Dairy Free $ Peanut Free $ Tree Nut Free $ Kosher $ ,American $ ,3/4,16,Pasta $ Tomato $ Side $ Kid-Friendly $ Quick & Easy $ Dinner $ Lunch $ Corn $ Green Bean $ Carrot $ Spring $ Vegan $ Vegetarian $ Pescatarian $ Dairy Free $ Peanut Free $ Tree Nut Free $ Kosher $ American $ 
https://www.epicurious.com/recipes/food/views/tarragon-caper-egg-salad-sandwiches-with-smoked-salmon-105416,Tarragon-Caper Egg Salad Sandwiches with Smoked Salmon ,"6 hard-boiled large eggs, peeled $ 1 tablespoon finely chopped shallot $ 2 teaspoons finely chopped fresh tarragon $ 2 tablespoons drained capers, rinsed and finely chopped $ 1/2 cup mayonnaise $ 6 (4- to 5-inch) soft round seeded rolls, split $ 18 watercress sprigs, tough stems discarded $ 1/4 lb sliced smoked salmon $ ",Sandwich $ Egg $ Salmon $ Tarragon $ Capers $ Gourmet $ ,American $ ,3.5/4,27,Sandwich $ Egg $ Salmon $ Tarragon $ Capers $ Gourmet $ American $ 
https://www.epicurious.com/recipes/food/views/green-olive-and-almond-tapenade-103176,Green Olive and Almond Tapenade ,"1 1/2 cups brine-cured green olives (10-ounce jar), pitted $ 1/2 cup fresh parsley $ 1/4 cup slivered almonds, toasted $ 2 tablespoons fresh lemon juice $ 2/3 cup olive oil $ Accompaniment: carrot sticks, toasted pita wedges, or toasted baguette slices $ ",Condiment/Spread $ Food Processor $ Nut $ Olive $ No-Cook $ Lemon $ Almond $ Spring $ Gourmet $ California $ ,American $ ,3/4,8,Condiment/Spread $ Food Processor $ Nut $ Olive $ No-Cook $ Lemon $ Almond $ Spring $ Gourmet $ California $ American $ 
https://www.epicurious.com/recipes/food/views/hashed-sweet-potatoes-106280,Hashed Sweet Potatoes ,1 1/4 pound starchy yellow sweet potatoes (not orange) $ 1/2 teaspoon salt $ 1/2 stick (4 tablespoons) unsalted butter $ ,Side $ Sweet Potato/Yam $ Winter $ Gourmet $ Vegetarian $ Pescatarian $ Wheat/Gluten-Free $ Peanut Free $ Tree Nut Free $ Soy Free $ No Sugar Added $ Kosher $ ,American $ ,2/4,4,Side $ Sweet Potato/Yam $ Winter $ Gourmet $ Vegetarian $ Pescatarian $ Wheat/Gluten-Free $ Peanut Free $ Tree Nut Free $ Soy Free $ No Sugar Added $ Kosher $ American $ 
https://www.epicurious.com/recipes/food/views/bread-dressing-with-dried-apricots-pistachios-and-mint-108824,"Bread Dressing with Dried Apricots, Pistachios, and Mint ",6 tablespoons unsalted butter $ 3 cups chopped onions $ 6 cups (packed) 3/4-inch cubes crustless country-style white bread (from one 1-pound loaf) $ 1 cup pomegranate seeds or 3/4 cup dried cranberries $ 3/4 cup diced dried apricots (about 4 1/2 ounces) $ 1/2 cup pistachios (about 2 ounces) $ 1/2 cup coarsely chopped fresh mint $ 1 tablespoon grated lemon peel $ 1 1/4 teaspoons salt $ 1/2 teaspoon ground black pepper $ 3/4 cup giblet broth (reserved from Roast Turkey with Pomegranate Glaze ) or low-salt chicken broth $ ,Fruit $ Nut $ Side $ Bake $ Thanksgiving $ Stuffing/Dressing $ Apricot $ Mint $ Pistachio $ Fall $ Bon Appétit $ Pescatarian $ Peanut Free $ Soy Free $ Kosher $ ,American $ ,3.5/4,8,Fruit $ Nut $ Side $ Bake $ Thanksgiving $ Stuffing/Dressing $ Apricot $ Mint $ Pistachio $ Fall $ Bon Appétit $ Pescatarian $ Peanut Free $ Soy Free $ Kosher $ American $ 
https://www.epicurious.com/recipes/food/views/watercress-endive-and-orange-salad-106623,"Watercress, Endive, and Orange Salad ","2 oranges $ 1 1/2 tablespoons Sherry wine vinegar $ Pinch of sugar $ 5 tablespoons extra-virgin olive oil $ 1 bunch watercress, thick stems trimmed $ 3 large heads of Belgian endive, trimmed, thinly sliced crosswise $ 1/2 cup walnuts, chopped $ ",Salad $ Citrus $ Leafy Green $ No-Cook $ Quick & Easy $ Lunch $ Vinegar $ Walnut $ Summer $ Endive $ Watercress $ Bon Appétit $ ,American $ ,0/4,0,Salad $ Citrus $ Leafy Green $ No-Cook $ Quick & Easy $ Lunch $ Vinegar $ Walnut $ Summer $ Endive $ Watercress $ Bon Appétit $ American $ 
https://www.epicurious.com/recipes/food/views/lemon-lime-pound-cake-104735,Lemon-Lime Pound Cake ,"Nonstick vegetable oil spray $ 3 cups all purpose flour $ 1/2 teaspoon salt $ 1 1/2 cups (3 sticks) unsalted butter, room temperature $ 3 cups sugar $ 5 large eggs $ 1 1/2 teaspoons grated lemon peel $ 1 1/2 teaspoons grated lime peel $ 3/4 cup plus 2 tablespoons (about) lemon-lime soda (such as 7UP) $ 1 1/4 cups powdered sugar $ ",Cake $ Mixer $ Citrus $ Egg $ Dessert $ Bake $ Kid-Friendly $ Lemon $ Lime $ Bon Appétit $ Louisiana $ Kidney Friendly $ Vegetarian $ Pescatarian $ Peanut Free $ Tree Nut Free $ Soy Free $ Kosher $ ,American $ Southern $ ,3.5/4,45,Cake $ Mixer $ Citrus $ Egg $ Dessert $ Bake $ Kid-Friendly $ Lemon $ Lime $ Bon Appétit $ Louisiana $ Kidney Friendly $ Vegetarian $ Pescatarian $ Peanut Free $ Tree Nut Free $ Soy Free $ Kosher $ American $ Southern $ 
https://www.epicurious.com/recipes/food/views/mollys-plum-tart-106719,Molly's Plum Tart ,"2 cups all-purpose flour $ 1/2 cup cold unsalted butter, cut into small pieces $ 1 tablespoon sugar $ 1/2 teaspoon salt $ 1 large egg yolk $ 1/3 cup cold water $ 1/2 cup whole unblanched almonds $ 1/4 cup plus 2 tablespoons sugar $ 1/4 cup all-purpose flour $ 11/2 pounds small Italian plums, halved and pitted $ 4 tablespoons unsalted butter, cut into small pieces $ 1/2 cup red currant jelly $ 1 tablespoon Grand Marnier $ ",Fruit $ Dessert $ Bake $ Quick & Easy $ Plum $ Summer $ Parade $ Kidney Friendly $ Vegetarian $ Pescatarian $ Peanut Free $ Soy Free $ Kosher $ ,American $ ,3.5/4,6,Fruit $ Dessert $ Bake $ Quick & Easy $ Plum $ Summer $ Parade $ Kidney Friendly $ Vegetarian $ Pescatarian $ Peanut Free $ Soy Free $ Kosher $ American $ 
https://www.epicurious.com/recipes/food/views/scallop-chowder-108106,Scallop Chowder ,"2 large leeks (white and pale green parts only), finely chopped (1 1/2 cups) $ 1 tablespoon unsalted butter $ 1 large russet (baking) potato (3/4 pound) $ 2 tablespoons dry white wine $ 1 (6-inch) fresh thyme sprig $ 1/4 teaspoon white pepper $ 3/4 pound sea scallops, tough muscle removed from side of each if necessary and scallops cut into 1/3-inch dice $ 3 1/2 cups bottled clam juice (28 ounces) $ 1 medium carrot, cut into 1/3-inch dice (1/2 cup) $ 1 large celery rib, cut into 1/3-inch dice (1/2 cup) $ 1 ounce sliced bacon (about 2 slices), chopped $ 1/2 cup whole milk $ 1/4 teaspoon salt, or to taste $ Accompaniment: herbed oyster crackers $ ",Soup/Stew $ Milk/Cream $ Blender $ Potato $ Shellfish $ Low Fat $ Lunch $ Bacon $ Scallop $ Simmer $ Gourmet $ Wheat/Gluten-Free $ Peanut Free $ Tree Nut Free $ Soy Free $ ,American $ ,3/4,11,Soup/Stew $ Milk/Cream $ Blender $ Potato $ Shellfish $ Low Fat $ Lunch $ Bacon $ Scallop $ Simmer $ Gourmet $ Wheat/Gluten-Free $ Peanut Free $ Tree Nut Free $ Soy Free $ American $ 
https://www.epicurious.com/recipes/food/views/peach-and-amaretti-crisp-108094,Peach and Amaretti Crisp ,"8 peaches (about 3 pounds), peeled and cut into 1/4-inch slices (8 cups) $ 2 tablespoons granulated sugar $ 1 tablespoon flour $ 1 teaspoon vanilla extract or 1/2 teaspoon almond extract $ 3/4 cup flour $ 1/2 cup firmly packed light brown sugar $ 1/4 cup granulated sugar $ 3/4 cup crushed amaretti cookies (about 16 cookies) $ 1 teaspoon ground cinnamon $ 1/2 cup almonds, toasted $ 8 tablespoons (1 stick) unsalted butter, cut into 1/2-inch pieces and chilled $ ",Food Processor $ Fruit $ Dessert $ Bake $ Peach $ Almond $ Summer $ Vegetarian $ Pescatarian $ Peanut Free $ Soy Free $ Kosher $ ,American $ ,3.5/4,8,Food Processor $ Fruit $ Dessert $ Bake $ Peach $ Almond $ Summer $ Vegetarian $ Pescatarian $ Peanut Free $ Soy Free $ Kosher $ American $ 
https://www.epicurious.com/recipes/food/views/stilton-tart-with-cranberry-chutney-105906,Stilton Tart with Cranberry Chutney ,"Pastry dough $ 1 cup heavy cream $ 1 whole large egg $ 2 large egg yolks $ 1/4 teaspoon salt $ 1/4 teaspoon black pepper $ 5 oz chilled Stilton, rind removed and cheese crumbled (1 1/2 cups) $ Accompaniment: cranberry chutney $ Special equipment: a 13 1/2- by 4- by 1-inch rectangular fluted tart pan with a removable bottom $ pie weights or raw rice $ ",Cheese $ Bake $ Cocktail Party $ Buffet $ Blue Cheese $ Cranberry $ Fall $ Winter $ Gourmet $ ,American $ English $ ,3.5/4,66,Cheese $ Bake $ Cocktail Party $ Buffet $ Blue Cheese $ Cranberry $ Fall $ Winter $ Gourmet $ American $ English $ 
https://www.epicurious.com/recipes/food/views/green-bean-salad-with-tuna-sauce-and-olives-108182,Green Bean Salad with Tuna Sauce and Olives ,"1 pound green beans, trimmed $ 1 (3-ounce) can white tuna packed in oil, drained and flaked $ 1/4 cup extra-virgin olive oil $ 2 tablespoons water $ 1 1/2 teaspoons fresh lemon juice $ 1 teaspoon anchovy paste $ 2 tablespoons Niçoise or other small brine-cured black olives $ 2 tablespoons fresh flat-leaf parsley leaves $ ",Salad $ Blender $ Bean $ Olive $ Side $ Quick & Easy $ Lemon $ Tuna $ Green Bean $ Summer $ Healthy $ Gourmet $ ,American $ Italian $ ,3/4,9,Salad $ Blender $ Bean $ Olive $ Side $ Quick & Easy $ Lemon $ Tuna $ Green Bean $ Summer $ Healthy $ Gourmet $ American $ Italian $ 
https://www.epicurious.com/recipes/food/views/apricot-berry-and-jicama-salad-with-honey-lime-dressing-106615,"Apricot, Berry, and Jícama Salad with Honey-Lime Dressing ","8 ounces apricots or nectarines, halved, pitted, cut into 1/2-inch pieces $ 1 1-pint basket strawberries, hulled, cut into 1/2-inch pieces $ 1 1/2-pint basket fresh blueberries $ 1 1/2-pint basket fresh raspberries $ 1 1/2 cups 1/2-inch pieces peeled jicama $ 2 teaspoons minced seeded jalapeño chili $ 3 tablespoons fresh lime juice $ 3 tablespoons honey $ 1 tablespoon vegetable oil $ 2 tablespoons roasted salted sunflower seeds $ ",Salad $ Berry $ Fruit $ No-Cook $ Salad Dressing $ Blueberry $ Raspberry $ Strawberry $ Lime $ Apricot $ Summer $ Healthy $ Honey $ Jalapeño $ Seed $ Bon Appétit $ ,American $ ,3/4,17,Salad $ Berry $ Fruit $ No-Cook $ Salad Dressing $ Blueberry $ Raspberry $ Strawberry $ Lime $ Apricot $ Summer $ Healthy $ Honey $ Jalapeño $ Seed $ Bon Appétit $ American $ 
https://www.epicurious.com/recipes/food/views/no-bake-blueberry-cheesecake-with-graham-cracker-crust-108320,No-Bake Blueberry Cheesecake with Graham Cracker Crust ,"9 whole graham crackers $ 1/2 cup old-fashioned oats $ 3 tablespoons (packed) golden brown sugar $ 1/8 teaspoon salt $ 5 tablespoons unsalted butter, melted $ 1 teaspoon vanilla extract $ 1/4 cup water $ 1 tablespoon unflavored gelatin (measured from 2 envelopes) $ 12 ounces Philadelphia-brand cream cheese, room temperature $ 1 cup heavy whipping cream $ 1 cup sugar $ 1 tablespoon fresh lemon juice $ 3 cups fresh blueberries $ 1 cup chilled heavy whipping cream $ 1 tablespoon sugar $ 4 1/2-pint baskets blueberries $ 2/3 cup blueberry jam $ ",Cake $ Berry $ Cheese $ Dessert $ No-Cook $ Mother's Day $ Blueberry $ Summer $ Bon Appétit $ Peanut Free $ Tree Nut Free $ Soy Free $ ,American $ ,3.5/4,107,Cake $ Berry $ Cheese $ Dessert $ No-Cook $ Mother's Day $ Blueberry $ Summer $ Bon Appétit $ Peanut Free $ Tree Nut Free $ Soy Free $ American $ 
https://www.epicurious.com/recipes/food/views/hazelnut-chocolate-stars-106790,Hazelnut-Chocolate Stars ,"1 1/2 cups hazelnuts $ 1/2 cup chocolate chips $ 1 1/3 cups plus 1 teaspoon all-purpose flour $ 1 1/2 teaspoons baking powder $ 1/2 teaspoon salt $ 3/4 cup cold unsalted butter, cut into pieces $ 3/4 cup brown sugar $ 1 egg $ 1 teaspoon vanilla $ 1 pound dried apricots, coarsely chopped $ 2 tablespoons fresh lemon juice $ 1 cup water $ 1 tablespoon sugar $ ",Cookies $ Chocolate $ Nut $ Bake $ Winter $ Parade $ ,American $ ,3/4,2,Cookies $ Chocolate $ Nut $ Bake $ Winter $ Parade $ American $ 
https://www.epicurious.com/recipes/food/views/lobsters-with-tarragon-vermouth-sauce-106894,Lobsters with Tarragon Vermouth Sauce ,6 qt water $ 3 tablespoons fine sea salt $ 4 (1 1/4- to 1 1/2-lb) live lobsters $ 1 stick (1/2 cup) unsalted butter $ 3 tablespoons dry vermouth $ 1 tablespoon tarragon white-wine vinegar $ 3 large egg yolks $ 1/4 teaspoon salt $ 1/4 teaspoon black pepper $ 1/2 teaspoon fresh lemon juice $ 1 1/2 teaspoons chopped fresh tarragon $ ,Shellfish $ Quick & Easy $ Vinegar $ Lemon $ Lobster $ Summer $ Tarragon $ Boil $ Gourmet $ ,American $ ,3/4,3,Shellfish $ Quick & Easy $ Vinegar $ Lemon $ Lobster $ Summer $ Tarragon $ Boil $ Gourmet $ American $ 
https://www.epicurious.com/recipes/food/views/claires-mandelbrot-108001,Claire's Mandelbrot ,"3 1/2 cups all-purpose flour $ 1 cup sugar $ 2 teaspoons baking powder $ 1 teaspoon salt $ 3 large eggs $ 3/4 cup vegetable oil $ 1 teaspoon vanilla $ 1 1/4 cups walnuts (4 oz), chopped $ 3/4 cup semisweet mini chocolate chips $ ",Cookies $ Chocolate $ Egg $ Dessert $ Bake $ Kid-Friendly $ Rosh Hashanah/Yom Kippur $ Walnut $ Kosher $ Gourmet $ New York $ ,American $ Jewish $ ,2.5/4,13,Cookies $ Chocolate $ Egg $ Dessert $ Bake $ Kid-Friendly $ Rosh Hashanah/Yom Kippur $ Walnut $ Kosher $ Gourmet $ New York $ American $ Jewish $ 
