link,name,ingredients,recipe_category,recipe_cuisine,rating,rating_count,keywords
https://www.epicurious.com/recipes/food/views/english-pudding-with-cranberries-figs-and-brown-sugar-hard-sauce-3021,"English Pudding with Cranberries, Figs and Brown Sugar Hard Sauce ","1 cup all purpose flour $ 1 teaspoon ground cinnamon $ 1 teaspoon ground ginger $ 3/4 teaspoon baking powder $ 1/2 teaspoon salt $ 1/2 teaspoon ground cloves $ 1/2 teaspoon ground nutmeg $ 2 cups dried cranberries $ 1 1/2 cups coarsely chopped dried Calimyrna figs (about 8 ounces) $ 1 cup dried currants $ 4 cups fresh white French breadcrumbs $ 1 cup (packed) golden brown sugar $ 3 large eggs $ 1/2 cup (1 stick) unsalted butter, melted $ 1/3 cup pure maple syrup $ 1/4 cup Grand Marnier or other orange liqueur $ 1/4 cup dark rum $ 1 tablespoon grated tangerine or orange peel $ 2 teaspoons vanilla extract $ Tangerine or orange peel twists (optional) $ Fresh cranberries, rolled in sugar (optional) $ 
epi:recipeLink id=""3022""<brown sugar="""" hard="""" sauce="""">/epi:recipeLink<</brown>
 $ ",Rum $ Fruit $ Dessert $ Steam $ Christmas $ Cranberry $ Currant $ Fig $ Spice $ Triple Sec $ Winter $ Bon Appétit $ ,English $ ,2/4,5,Rum $ Fruit $ Dessert $ Steam $ Christmas $ Cranberry $ Currant $ Fig $ Spice $ Triple Sec $ Winter $ Bon Appétit $ English $ 
https://www.epicurious.com/recipes/food/views/scottish-oat-scones-1585,Scottish Oat Scones ,"1 1/2 cups all purpose flour $ 1 1/4 cup old-fashioned oatmeal $ 1/4 cup sugar $ 1 tablespoon baking powder $ 1 teaspoon cream of tartar $ 1/2 teaspoon salt $ 2/3 cup unsalted butter, melted $ 1/3 cup milk $ 1 egg, beaten to blend $ 1/2 cup raisins $ ",Bread $ Breakfast $ Brunch $ Bake $ Quick & Easy $ Oat $ Bon Appétit $ Massachusetts $ Kidney Friendly $ Vegetarian $ Pescatarian $ Peanut Free $ Tree Nut Free $ Soy Free $ Kosher $ ,English $ ,3.5/4,62,Bread $ Breakfast $ Brunch $ Bake $ Quick & Easy $ Oat $ Bon Appétit $ Massachusetts $ Kidney Friendly $ Vegetarian $ Pescatarian $ Peanut Free $ Tree Nut Free $ Soy Free $ Kosher $ English $ 
https://www.epicurious.com/recipes/food/views/hazelnut-scones-104073,Hazelnut Scones ,"2 cups all purpose flour $ 1/4 cup plus 1 tablespoon sugar $ 1 1/2 teaspoons baking powder $ 3/4 teaspoon salt $ 1/2 teaspoon baking soda $ 6 tablespoons chilled unsalted butter, cut into 1/4-inch pieces $ 3/4 cup hazelnuts (about 3 1/2 ounces), toasted, husked, coarsely chopped $ 1/2 cup whole milk $ 1/4 cup sour cream $ 1 large egg $ 1/2 teaspoon vanilla extract $ ",Bread $ Breakfast $ Brunch $ Bake $ Vegetarian $ Fall $ Hazelnut $ Bon Appétit $ Kidney Friendly $ Pescatarian $ Peanut Free $ Soy Free $ Kosher $ ,English $ ,3/4,16,Bread $ Breakfast $ Brunch $ Bake $ Vegetarian $ Fall $ Hazelnut $ Bon Appétit $ Kidney Friendly $ Pescatarian $ Peanut Free $ Soy Free $ Kosher $ English $ 
https://www.epicurious.com/recipes/food/views/welsh-rabbit-with-tomato-10667,Welsh Rabbit with Tomato ,"2 tablespoons unsalted butter $ 3 tablespoons all-purpose flour $ 2/3 cup beer (not dark) $ a 13 1/2- to 14 1/2-ounce can tomatoes, drained in a sieve, chopped, and drained again well $ 10 ounces extra-sharp Cheddar, grated coarse $ 1/2 teaspoon English-style dry mustard $ 1 teaspoon Worcestershire sauce $ 1/4 teaspoon Tabasco, or to taste $ eighteen 1-inch slices of Italian bread or 12 English muffin halves, toasted $ flat-leafed parsley sprigs for garnish $ bacon as an accompaniment if desired $ ",Tomato $ Cheddar $ Fall $ Gourmet $ ,English $ ,3/4,7,Tomato $ Cheddar $ Fall $ Gourmet $ English $ 
https://www.epicurious.com/recipes/food/views/winter-pudding-13661,Winter Pudding ,"2 cups fresh or frozen cranberries (about 8 ounces) $ 3/4 cup sugar $ 1/2 cup plus 1 tablespoon water $ 7 slices very thin firm white sandwich bread, crusts discarded $ 3 Golden Delicious apples (about 1 1/2 pounds total) $ 2 cinnamon sticks $ 10 whole cloves tied in cheesecloth $ 1 1/4 teaspoons unflavored gelatin $ ",Food Processor $ Berry $ Fruit $ Dessert $ Christmas $ Picnic $ Thanksgiving $ Cranberry $ Apple $ Spice $ Winter $ Chill $ Cinnamon $ Clove $ Party $ Gourmet $ ,English $ ,2/4,0,Food Processor $ Berry $ Fruit $ Dessert $ Christmas $ Picnic $ Thanksgiving $ Cranberry $ Apple $ Spice $ Winter $ Chill $ Cinnamon $ Clove $ Party $ Gourmet $ English $ 
https://www.epicurious.com/recipes/food/views/english-mint-sauce-with-raspberry-vinegar-12335,English Mint Sauce with Raspberry Vinegar ,"1 cup packed fresh mint leaves, rinsed and spun dry $ 2 tablespoons sugar $ 1 1/2 tablespoons boiling water $ 4 tablespoons raspberry vinegar (available at specialty foods shops and some supermarkets) $ ",Sauce $ Food Processor $ No-Cook $ Quick & Easy $ Low Sodium $ Vinegar $ Mint $ Chill $ Gourmet $ ,English $ ,3/4,3,Sauce $ Food Processor $ No-Cook $ Quick & Easy $ Low Sodium $ Vinegar $ Mint $ Chill $ Gourmet $ English $ 
https://www.epicurious.com/recipes/food/views/veal-chops-with-caramelized-onion-and-stilton-sauce-1820,Veal Chops with Caramelized Onion and Stilton Sauce ,"5 tablespoons unsalted butter $ 2 large onions, halved, thinly sliced $ 1 tablespoon sugar $ 1 teaspoon dried thyme $ 1/2 cup unsalted beef broth $ 1 cup crumbled Stilton cheese $ 4 1/2-inch-thick veal chops $ 3 tablespoons Sherry wine vinegar $ 1/4 cup dried currants $ ",Cheese $ Onion $ Sauté $ Blue Cheese $ Veal $ Bon Appétit $ ,English $ ,3.5/4,31,Cheese $ Onion $ Sauté $ Blue Cheese $ Veal $ Bon Appétit $ English $ 
https://www.epicurious.com/recipes/food/views/strawberry-rhubarb-courting-cake-1827,"Strawberry-Rhubarb ""Courting"" Cake ","1 cup (2 sticks) unsalted butter, room temperature $ 1 cup plus 8 tablespoons sugar $ 4 eggs $ 3 teaspoons vanilla extract $ 2 3/4 cups all purpose flour $ 4 teaspoons baking powder $ 2 teaspoons ground nutmeg $ 1 teaspoon salt $ 1/4 cup milk $ 1 1/2 cups chilled whipping cream $ Powdered sugar $ 1 1-pint basket strawberries, stemmed $ Makes about 3 1/2 cups $ 4 cups 1/2-inch-thick rhubarb slices (about 1 generous pound) $ 1/2 cup sugar $ 2 tablespoons water $ 1 16-ounce package frozen sliced sweetened strawberries, thawed $ 1/2 teaspoon vanilla extract $ 1/2 teaspoon ground nutmeg $ ",Cake $ Milk/Cream $ Berry $ Dairy $ Fruit $ Dessert $ Bake $ Valentine's Day $ Strawberry $ Spice $ Spring $ Winter $ Chill $ Rhubarb $ Bon Appétit $ Vegetarian $ Pescatarian $ Peanut Free $ Tree Nut Free $ Soy Free $ Kosher $ ,English $ ,3.5/4,30,Cake $ Milk/Cream $ Berry $ Dairy $ Fruit $ Dessert $ Bake $ Valentine's Day $ Strawberry $ Spice $ Spring $ Winter $ Chill $ Rhubarb $ Bon Appétit $ Vegetarian $ Pescatarian $ Peanut Free $ Tree Nut Free $ Soy Free $ Kosher $ English $ 
https://www.epicurious.com/recipes/food/views/oatmeal-date-drop-scones-10330,Oatmeal Date Drop Scones ,"3/4 cup milk $ 1 large egg $ 3 tablespoons light brown sugar $ 1 tablespoon vanilla extract $ 2 1/4 cups cake flour (not self-rising) $ 1 cup old-fashioned rolled oats $ 1 tablespoon double-acting baking powder $ 1/2 teaspoon baking soda $ 1/2 teaspoon salt $ 3/4 stick (6 tablespoons) cold unsalted butter, cut into bits $ 1/2 cup chopped pitted dates $ ",Bread $ Milk/Cream $ Breakfast $ Brunch $ Bake $ Date $ Oat $ Gourmet $ Kidney Friendly $ Vegetarian $ Pescatarian $ Peanut Free $ Tree Nut Free $ Soy Free $ Kosher $ ,English $ ,3/4,28,Bread $ Milk/Cream $ Breakfast $ Brunch $ Bake $ Date $ Oat $ Gourmet $ Kidney Friendly $ Vegetarian $ Pescatarian $ Peanut Free $ Tree Nut Free $ Soy Free $ Kosher $ English $ 
https://www.epicurious.com/recipes/food/views/maple-tea-scones-102641,Maple Tea Scones ,"3 cups all purpose flour $ 4 tablespoons (packed) dark brown sugar $ 1 1/2 teaspoons baking powder $ 1/2 teaspoon baking soda $ 1/2 teaspoon salt $ 3/4 cup (1 1/2 sticks) chilled unsalted butter, cut into 1/2-inch pieces $ 1/2 cup (or more) plus 6 tablespoons whipping cream $ 1/2 cup plus 2 tablespoons pure maple syrup $ 2/3 cup (about) powdered sugar $ ",Bread $ Dairy $ Egg $ Bake $ Winter $ Maple Syrup $ Bon Appétit $ ,American $ English $ ,3.5/4,56,Bread $ Dairy $ Egg $ Bake $ Winter $ Maple Syrup $ Bon Appétit $ American $ English $ 
https://www.epicurious.com/recipes/food/views/chocolate-chip-scones-104462,Chocolate Chip Scones ,"2 cups unbleached all-purpose flour $ 1/3 cup plus 2 tablespoons sugar $ 1 teaspoon baking powder $ 1/2 teaspoon baking soda $ 1/2 teaspoon salt $ 6 tablespoons (3/4 stick) chilled unsalted butter, diced $ 1 teaspoon (packed) grated lemon peel $ 3/4 cup miniature semisweet chocolate chips $ 3/4 cup chilled buttermilk $ 1 large egg yolk $ 1 teaspoon vanilla extract $ Milk (for glaze) $ ",Chocolate $ Breakfast $ Brunch $ Bake $ Winter $ Bon Appétit $ Kidney Friendly $ Vegetarian $ Pescatarian $ Peanut Free $ Tree Nut Free $ Soy Free $ Kosher $ ,English $ ,3.5/4,124,Chocolate $ Breakfast $ Brunch $ Bake $ Winter $ Bon Appétit $ Kidney Friendly $ Vegetarian $ Pescatarian $ Peanut Free $ Tree Nut Free $ Soy Free $ Kosher $ English $ 
https://www.epicurious.com/recipes/food/views/beef-with-mushrooms-and-glazed-onions-5347,Beef with Mushrooms and Glazed Onions ,"3 pounds 1- to 2-inch pieces beef marrow bones $ 3 cups beef stock or canned beef broth $ 1 1/2 cups dry red wine $ 3/4 cup ruby Port $ 6 8-ounce filet mignon steaks (about 1 inch thick) $ 1 tablespoon olive oil $ 3 tablespoons unsalted butter $ 18 ounces assorted fresh wild mushrooms (such as crimini, oyster and stemmed shiitake), sliced $ 3 large shallots, thinly sliced $ 1 1/2 tablespoons minced garlic $ 3 plum tomatoes, seeded, diced $ 2 teaspoons chopped fresh parsley $ Glazed Onions $ ",Soup/Stew $ Beef $ Mushroom $ Onion $ Tomato $ Bake $ Sauté $ Port $ Red Wine $ Winter $ Bon Appétit $ ,English $ ,3.5/4,6,Soup/Stew $ Beef $ Mushroom $ Onion $ Tomato $ Bake $ Sauté $ Port $ Red Wine $ Winter $ Bon Appétit $ English $ 
https://www.epicurious.com/recipes/food/views/lemon-blueberry-and-gingerbread-trifles-10008,"Lemon, Blueberry, and Gingerbread Trifles ","1 1/2 cups all-purpose flour $ 1 teaspoon baking soda $ 1/4 teaspoon salt $ 1 teaspoon ground ginger $ 1 teaspoon ground cinnamon $ 1/8 teaspoon ground cloves $ 1/4 teaspoon ground allspice $ 1/2 stick (1/4 cup) unsalted butter, softened $ 1/2 cup sugar $ 1/3 cup unsulfured molasses $ 2 tablespoons vegetable oil $ 2 large eggs $ 1 1/2 pounds frozen blueberries (about 5 cups) $ 3/4 cup sugar $ 1/2 cup water $ 1 tablespoon fresh lemon juice $ 8 large egg yolks $ 1 cup sugar $ 3/4 cup fresh lemon juice (from about 3 large lemons) $ 7 tablespoons unsalted butter, cut into pieces and softened $ 1 tablespoon freshly grated lemon zest (from about 2 large lemons) $ 1 cup well-chilled heavy cream $ Garnish: fresh lemon zest, removed with a vegetable peeler and cut into julienne strips $ ",Milk/Cream $ Mixer $ Ginger $ Dessert $ Bake $ Christmas $ Blueberry $ Lemon $ Spice $ Winter $ Chill $ Molasses $ Gourmet $ Vegetarian $ Pescatarian $ Peanut Free $ Tree Nut Free $ Soy Free $ Kosher $ ,English $ ,3.5/4,10,Milk/Cream $ Mixer $ Ginger $ Dessert $ Bake $ Christmas $ Blueberry $ Lemon $ Spice $ Winter $ Chill $ Molasses $ Gourmet $ Vegetarian $ Pescatarian $ Peanut Free $ Tree Nut Free $ Soy Free $ Kosher $ English $ 
https://www.epicurious.com/recipes/food/views/ishbels-yorkshire-pudding-102308,Ishbel's Yorkshire Pudding ,"5 ounces flour (or 1 heaping cup) $ 1/4 teaspoon salt $ 1 cup milk $ 2 eggs $ 1-2 ounces melted fat (beef, duck, lard, butter, oil) $ ",Milk/Cream $ Egg $ Appetizer $ Bake $ Quick & Easy $ Fall $ ,English $ ,3.5/4,74,Milk/Cream $ Egg $ Appetizer $ Bake $ Quick & Easy $ Fall $ English $ 
https://www.epicurious.com/recipes/food/views/cottage-pie-1757,Cottage Pie ,"1 pound russet potatoes, peeled, cut in half $ 5 tablespoons unsalted butter $ 1/2 pound mushrooms, sliced $ 1 pound lean ground beef $ 1 small onion, chopped $ 4 garlic cloves, minced $ 2 tablespoons all purpose flour $ 3/4 cup canned beef gravy $ 1/4 cup chopped fresh parsley $ 1 medium carrot, sliced $ 1 tablespoon Worcestershire sauce $ 1/2 teaspoon dried marjoram $ ",Beef $ Mushroom $ Potato $ Bake $ Sauté $ Bon Appétit $ California $ ,English $ ,3/4,63,Beef $ Mushroom $ Potato $ Bake $ Sauté $ Bon Appétit $ California $ English $ 
https://www.epicurious.com/recipes/food/views/cheddar-scones-with-ham-and-honey-mustard-butter-101500,Cheddar Scones with Ham and Honey-Mustard Butter ,"4 cups all-purpose flour $ 2 tablespoons baking powder $ 1 1/2 teaspoons salt $ 1 stick (1/2 cup) cold unsalted butter $ 6 ounces coarsely grated extra-sharp Cheddar (about 1 1/2 cups) $ 1 cup whole milk $ 2/3 cup heavy cream $ 1 stick (1/2 cup) unsalted butter, softened $ 3 tablespoons coarse-grained mustard $ 3 tablespoons honey $ 6 large soft-leafed lettuce leaves such as Bibb $ 1/2 pound very thinly sliced cooked ham (preferably Black Forest) $ ",Cheese $ Dairy $ Pork $ Breakfast $ Brunch $ Bake $ Easter $ Cheddar $ Pastry $ Gourmet $ Sugar Conscious $ Kidney Friendly $ ,English $ ,3.5/4,28,Cheese $ Dairy $ Pork $ Breakfast $ Brunch $ Bake $ Easter $ Cheddar $ Pastry $ Gourmet $ Sugar Conscious $ Kidney Friendly $ English $ 
https://www.epicurious.com/recipes/food/views/roasted-cod-on-saffron-mashed-potatoes-102421,Roasted Cod on Saffron Mashed Potatoes ,"2 pounds russet potatoes, peeled, cut into 1 1/2-inch pieces $ 1/2 cup whipping cream $ 1/4 teaspoon crushed saffron $ 4 6-ounce cod or sea bass fillets (each about 3/4 inch thick) $ 3 tablespoons olive oil $ 1 1/2 teaspoons balsamic vinegar $ 1 cup arugula $ 1/2 cup mixed fresh herbs (such as basil, dill and tarragon) $ ",Milk/Cream $ Fish $ Herb $ Potato $ Roast $ Dinner $ Cod $ Fall $ Bon Appétit $ Sugar Conscious $ Pescatarian $ Wheat/Gluten-Free $ Peanut Free $ Tree Nut Free $ Soy Free $ No Sugar Added $ Kosher $ ,English $ ,3/4,13,Milk/Cream $ Fish $ Herb $ Potato $ Roast $ Dinner $ Cod $ Fall $ Bon Appétit $ Sugar Conscious $ Pescatarian $ Wheat/Gluten-Free $ Peanut Free $ Tree Nut Free $ Soy Free $ No Sugar Added $ Kosher $ English $ 
https://www.epicurious.com/recipes/food/views/heart-shaped-dried-cherry-and-chocolate-chip-scones-106201,Heart-Shaped Dried Cherry and Chocolate Chip Scones ,"2 cups unbleached all purpose flour $ 1/3 cup plus 2 tablespoons sugar $ 1 teaspoon baking powder $ 1/2 teaspoon baking soda $ 1/2 teaspoon salt $ 7 tablespoons chilled unsalted butter, diced $ 1 teaspoon (packed) grated orange peel $ 3/4 cup miniature semisweet chocolate chips $ 3/4 cup coarsely chopped dried tart cherries $ 2/3 cup chilled buttermilk $ 1 large egg yolk $ 1 teaspoon vanilla extract $ 1/4 teaspoon almond extract $ Milk (for glaze) $ ",Bread $ Chocolate $ Breakfast $ Brunch $ Bake $ Valentine's Day $ Kid-Friendly $ Mother's Day $ Dried Fruit $ Cherry $ Winter $ Anniversary $ Shower $ Pastry $ Bon Appétit $ ,English $ ,3.5/4,64,Bread $ Chocolate $ Breakfast $ Brunch $ Bake $ Valentine's Day $ Kid-Friendly $ Mother's Day $ Dried Fruit $ Cherry $ Winter $ Anniversary $ Shower $ Pastry $ Bon Appétit $ English $ 
https://www.epicurious.com/recipes/food/views/orange-poppy-seed-scones-5101,Orange-Poppy Seed Scones ,"2 1/2 cups all purpose flour $ 1/3 cup sugar $ 3 tablespoons poppy seeds $ 1 1/2 teaspoons cream of tartar $ 3/4 teaspoon baking soda $ 1/4 teaspoon salt $ 3/4 cup (1 1/2 sticks) chilled unsalted butter, cut into small pieces $ 2 teaspoons grated orange peel $ 1 large egg $ 2 tablespoons orange juice $ ",Bread $ Citrus $ Dairy $ Breakfast $ Brunch $ Bake $ Mother's Day $ Father's Day $ New Year's Day $ Orange $ Winter $ Shower $ Poppy $ Pastry $ Bon Appétit $ Kidney Friendly $ Vegetarian $ Pescatarian $ Peanut Free $ Tree Nut Free $ Soy Free $ Kosher $ ,English $ ,3.5/4,14,Bread $ Citrus $ Dairy $ Breakfast $ Brunch $ Bake $ Mother's Day $ Father's Day $ New Year's Day $ Orange $ Winter $ Shower $ Poppy $ Pastry $ Bon Appétit $ Kidney Friendly $ Vegetarian $ Pescatarian $ Peanut Free $ Tree Nut Free $ Soy Free $ Kosher $ English $ 
https://www.epicurious.com/recipes/food/views/nutmeg-scented-scones-108945,Nutmeg-Scented Scones ,"2 cups all purpose flour $ 1/3 cup golden brown sugar $ 2 teaspoons baking powder $ 1 1/4 teaspoons freshly grated whole nutmeg or ground nutmeg $ 1/2 teaspoon baking soda $ 1/2 teaspoon salt $ 6 tablespoons (3/4 stick) chilled unsalted butter, cut into 1/2-inch cubes $ 1 cup sour cream $ 1 egg white, beaten to blend with 2 teaspoons water (for glaze) $ 2 teaspoons sugar $ ",Bread $ Breakfast $ Brunch $ Bake $ Nutmeg $ Bon Appétit $ Kidney Friendly $ Vegetarian $ Pescatarian $ Peanut Free $ Tree Nut Free $ Soy Free $ Kosher $ ,English $ ,3.5/4,17,Bread $ Breakfast $ Brunch $ Bake $ Nutmeg $ Bon Appétit $ Kidney Friendly $ Vegetarian $ Pescatarian $ Peanut Free $ Tree Nut Free $ Soy Free $ Kosher $ English $ 
https://www.epicurious.com/recipes/food/views/endive-pear-and-stilton-salad-100759,"Endive, Pear, and Stilton Salad ","1 shallot $ 1 whole star anise* $ 1/3 cup vegetable oil $ 3 tablespoons fresh orange juice $ 1 teaspoon Port $ 2 firm-ripe pears (preferably Bosc) $ 4 Belgian endives $ 5 ounces Stilton cheese, crumbled (about 1 cup) $ Garnish: chopped fresh parsley leaves or fresh chervil sprigs $ *available at specialty foods shops and some supermarkets $ ",Cheese $ Dairy $ Fruit $ Leafy Green $ Vegetable $ Appetizer $ Brunch $ Roast $ Picnic $ Vegetarian $ Lunch $ Blue Cheese $ Pear $ Fall $ Endive $ Gourmet $ Pescatarian $ Wheat/Gluten-Free $ Peanut Free $ Tree Nut Free $ Soy Free $ Kosher $ ,English $ French $ ,3.5/4,22,Cheese $ Dairy $ Fruit $ Leafy Green $ Vegetable $ Appetizer $ Brunch $ Roast $ Picnic $ Vegetarian $ Lunch $ Blue Cheese $ Pear $ Fall $ Endive $ Gourmet $ Pescatarian $ Wheat/Gluten-Free $ Peanut Free $ Tree Nut Free $ Soy Free $ Kosher $ English $ French $ 
https://www.epicurious.com/recipes/food/views/rhubarb-fool-454,Rhubarb Fool ,"8 ounces fresh rhubarb stalks, trimmed, cut crosswise into 1/2-inch slices, or 8 ounces frozen rhubarb, thawed $ 1/4 cup sugar $ 3 tablespoons orange juice $ 2 tablespoons Grand Marnier or other orange liqueur $ 1 cup low-fat vanilla yogurt $ ",Fruit $ Dessert $ Valentine's Day $ Low Fat $ Quick & Easy $ Yogurt $ Low Sodium $ Spring $ Summer $ Chill $ Rhubarb $ Bon Appétit $ Vegetarian $ Pescatarian $ Wheat/Gluten-Free $ Peanut Free $ Tree Nut Free $ Soy Free $ Kosher $ ,English $ ,2.5/4,7,Fruit $ Dessert $ Valentine's Day $ Low Fat $ Quick & Easy $ Yogurt $ Low Sodium $ Spring $ Summer $ Chill $ Rhubarb $ Bon Appétit $ Vegetarian $ Pescatarian $ Wheat/Gluten-Free $ Peanut Free $ Tree Nut Free $ Soy Free $ Kosher $ English $ 
https://www.epicurious.com/recipes/food/views/gingered-shortbread-102462,Gingered Shortbread ,"1 cup (2 sticks) unsalted butter, at room temperature $ 1/2 cup sugar $ 1 2/3 cups all-purpose flour $ 1/3 cup white rice flour (available at natural food stores and many supermarkets) or cornstarch $ 1 teaspoon ground ginger $ 1/2 cup (about 2 ounces) finely chopped crystallized ginger $ ",Cookies $ Mixer $ Ginger $ Dessert $ Bake $ Christmas $ Spice $ Fall $ Winter $ Kidney Friendly $ Vegetarian $ Pescatarian $ Peanut Free $ Tree Nut Free $ Soy Free $ Kosher $ ,English $ ,2.5/4,6,Cookies $ Mixer $ Ginger $ Dessert $ Bake $ Christmas $ Spice $ Fall $ Winter $ Kidney Friendly $ Vegetarian $ Pescatarian $ Peanut Free $ Tree Nut Free $ Soy Free $ Kosher $ English $ 
https://www.epicurious.com/recipes/food/views/scallop-salad-with-new-potatoes-in-creamy-vinaigrette-5349,Scallop Salad with New Potatoes in Creamy Vinaigrette ,"3 tablespoons olive oil $ 2 tablespoons white wine vinegar $ 1 teaspoon prepared hot English mustard $ 1 teaspoon Dijon mustard $ 1/2 cup mayonnaise $ 1 tablespoon whipping cream $ 2 tablespoons finely chopped fresh chives $ 8 small red-skinned potatoes $ 16 medium sea scallops (about 1 pound), halved horizontally $ 5 ounces mixed baby greens $ Additional chopped fresh chives $ ",Salad $ Herb $ Potato $ Shellfish $ Appetizer $ Sauté $ Spring $ Bon Appétit $ Sugar Conscious $ Pescatarian $ Wheat/Gluten-Free $ Peanut Free $ Tree Nut Free $ Soy Free $ ,English $ ,3.5/4,18,Salad $ Herb $ Potato $ Shellfish $ Appetizer $ Sauté $ Spring $ Bon Appétit $ Sugar Conscious $ Pescatarian $ Wheat/Gluten-Free $ Peanut Free $ Tree Nut Free $ Soy Free $ English $ 
https://www.epicurious.com/recipes/food/views/chocolate-cranberry-and-ginger-trifle-102689,"Chocolate, Cranberry and Ginger Trifle ","2 (12-ounce) bags cranberries $ 1 3/4 cups sugar $ 1 cup orange juice $ 1 tablespoon grated orange peel $ 1 teaspoon ground ginger $ 1/2 cup chopped crystallized ginger $ 1 3/4 cups whole milk $ 6 large egg yolks $ 3/4 cup sugar $ 1/4 cup cornstarch $ 4 ounces bittersweet (not unsweetened) or semisweet chocolate, chopped $ 1/4 cup Grand Marnier or other orange liqueur $ 1/2 cup chopped crystallized ginger $ 1 3/4 cups chilled whipping cream $ 1 (16-ounce) frozen pound cake, thawed, cut crosswise into 16 slices, each slice quartered $ 9 tablespoons Grand Marnier or other orange liqueur $ ",Milk/Cream $ Mixer $ Chocolate $ Dairy $ Egg $ Fruit $ Ginger $ Dessert $ Christmas $ Cranberry $ Winter $ Chill $ Bon Appétit $ Kidney Friendly $ Vegetarian $ Pescatarian $ Peanut Free $ Tree Nut Free $ Soy Free $ Kosher $ ,English $ ,3/4,23,Milk/Cream $ Mixer $ Chocolate $ Dairy $ Egg $ Fruit $ Ginger $ Dessert $ Christmas $ Cranberry $ Winter $ Chill $ Bon Appétit $ Kidney Friendly $ Vegetarian $ Pescatarian $ Peanut Free $ Tree Nut Free $ Soy Free $ Kosher $ English $ 
https://www.epicurious.com/recipes/food/views/sticky-toffee-pudding-with-caramel-sauce-101401,Sticky Toffee Pudding with Caramel Sauce ,"4 cups whipping cream $ 2 cups (packed) dark brown sugar $ 1/2 cup (1 stick) unsalted butter $ 2 1/2 cups all purpose flour $ 2 teaspoons baking powder $ 1 1/2 cups water $ 1 1/4 cups chopped pitted dates $ 2 teaspoons baking soda $ 1 cup (2 sticks) unsalted butter, room temperature $ 2/3 cup sugar $ 4 large eggs $ 2 teaspoons vanilla extract $ ",Dairy $ Fruit $ Dessert $ Bake $ Date $ Winter $ Bon Appétit $ Vegetarian $ Pescatarian $ Peanut Free $ Tree Nut Free $ Soy Free $ Kosher $ ,English $ ,3.5/4,33,Dairy $ Fruit $ Dessert $ Bake $ Date $ Winter $ Bon Appétit $ Vegetarian $ Pescatarian $ Peanut Free $ Tree Nut Free $ Soy Free $ Kosher $ English $ 
https://www.epicurious.com/recipes/food/views/roast-rack-of-lamb-with-mint-sauce-1260,Roast Rack of Lamb with Mint Sauce ,"3 8-chop racks of lamb, trimmed $ 6 tablespoons Dijon mustard $ 3 cups fresh white breadcrumbs $ 6 tablespoons chopped fresh mint $ Fresh mint sprigs $ 1 cup plus 2 tablespoons chopped fresh mint $ 1/2 cup canned beef broth $ 1/3 cup minced shallots $ 6 tablespoons red wine vinegar $ 1/4 cup sugar $ 2 teaspoons cornstarch $ ",Lamb $ Mustard $ Roast $ New Year's Eve $ Mint $ Rack of Lamb $ Winter $ Bon Appétit $ ,English $ ,4/4,38,Lamb $ Mustard $ Roast $ New Year's Eve $ Mint $ Rack of Lamb $ Winter $ Bon Appétit $ English $ 
https://www.epicurious.com/recipes/food/views/sausage-shepherds-pie-with-sweet-potatoes-and-squash-5119,Sausage Shepherd's Pie with Sweet Potatoes and Squash ,"1 1/2 pounds tan-skinned sweet potatoes, peeled, cut into 2-inch pieces (about 5 cups) $ 1 pound butternut squash, peeled, seeded, cut into 2-inch pieces (about 3 cups) $ 1 medium russet potato, peeled, cut into 2-inch pieces $ 2 tablespoons (1/4 stick) butter $ 2 tablespoons pure maple syrup $ 1 1/2 pounds sweet Italian sausage, casings removed $ 2 cups chopped onions $ 1 tablespoon minced garlic $ 3/4cup frozen peas $ 3/4cup frozen corn kernels $ 1/3 cup whipping cream $ 1 large egg, lightly beaten $ 1 1/2 teaspoons curry powder $ 1/2 teaspoon ground coriander $ 6 drops hot pepper sauce $ ",Milk/Cream $ Onion $ Potato $ Bake $ Sausage $ Corn $ Pea $ Butternut Squash $ Sweet Potato/Yam $ Winter $ Bon Appétit $ ,English $ ,3.5/4,102,Milk/Cream $ Onion $ Potato $ Bake $ Sausage $ Corn $ Pea $ Butternut Squash $ Sweet Potato/Yam $ Winter $ Bon Appétit $ English $ 
https://www.epicurious.com/recipes/food/views/cheddar-and-stilton-drop-biscuits-102397,Cheddar and Stilton Drop Biscuits ,"2 1/2 cups unbleached all purpose flour $ 2 tablespoons sugar $ 1 tablespoon baking powder $ 3/4 teaspoon cream of tartar $ 1/2 teaspoon salt $ 7 tablespoons chilled unsalted butter, cut into 1/2-inch pieces $ 1 cup (packed) coarsely grated sharp cheddar cheese, chilled $ 1/2 cup coarsely crumbled Stilton cheese (about 2 ounces), chilled $ 1 1/4 cups chilled buttermilk $ 1 large egg $ ",Cheese $ Dairy $ Breakfast $ Brunch $ Side $ Bake $ Dinner $ Lunch $ Fall $ Potluck $ Bon Appétit $ Sugar Conscious $ Kidney Friendly $ Vegetarian $ Pescatarian $ Peanut Free $ Tree Nut Free $ Soy Free $ Kosher $ ,English $ ,4/4,32,Cheese $ Dairy $ Breakfast $ Brunch $ Side $ Bake $ Dinner $ Lunch $ Fall $ Potluck $ Bon Appétit $ Sugar Conscious $ Kidney Friendly $ Vegetarian $ Pescatarian $ Peanut Free $ Tree Nut Free $ Soy Free $ Kosher $ English $ 
https://www.epicurious.com/recipes/food/views/stilton-potato-gratin-1269,Stilton Potato Gratin ,"2 1/2 pounds russet potatoes (about 5 medium), peeled, thinly sliced $ 8 ounces Stilton cheese or other blue cheese, crumbled $ 1 1/3 cups canned low-salt chicken broth $ 2 tablespoons (1/4 stick) butter, cut into small pieces $ ",Cheese $ Potato $ Side $ Bake $ Casserole/Gratin $ Blue Cheese $ Winter $ Bon Appétit $ ,English $ ,3/4,16,Cheese $ Potato $ Side $ Bake $ Casserole/Gratin $ Blue Cheese $ Winter $ Bon Appétit $ English $ 
https://www.epicurious.com/recipes/food/views/orange-currant-scones-4591,Orange-Currant Scones ,"3 cups all purpose flour $ 1/3 cup sugar $ 2 1/2 teaspoons baking powder $ 3/4 teaspoon salt $ 1/2 teaspoon baking soda $ 1/2 cup (1 stick) chilled unsalted butter, cut into pieces $ 1/2 cup chilled solid vegetable shortening, cut into pieces $ 1 cup plus 2 tablespoons chilled buttermilk $ 3/4 cup dried currants $ 1 tablespoon grated orange peel $ Additional sugar $ ",Fruit $ Breakfast $ Brunch $ Bake $ Currant $ Orange $ Bon Appétit $ Kidney Friendly $ Vegetarian $ Pescatarian $ Peanut Free $ Tree Nut Free $ Soy Free $ Kosher $ ,English $ ,3.5/4,24,Fruit $ Breakfast $ Brunch $ Bake $ Currant $ Orange $ Bon Appétit $ Kidney Friendly $ Vegetarian $ Pescatarian $ Peanut Free $ Tree Nut Free $ Soy Free $ Kosher $ English $ 
https://www.epicurious.com/recipes/food/views/grilled-roast-beef-and-stilton-sandwich-1819,Grilled Roast Beef and Stilton Sandwich ,"1 cup crumbled Stilton cheese $ 2 tablespoons mayonnaise $ 1 tablespoon prepared horseradish $ 8 3x5-inch sourdough bread slices $ 1 pound thinly sliced roast beef $ 1/2 red onion, thinly sliced $ 1 bunch arugula, stems trimmed $ 2 tablespoons (1/4 stick) butter $ ",Sandwich $ Beef $ Cheese $ Leafy Green $ Onion $ Quick & Easy $ Blue Cheese $ Arugula $ Spring $ Bon Appétit $ ,English $ ,3.5/4,23,Sandwich $ Beef $ Cheese $ Leafy Green $ Onion $ Quick & Easy $ Blue Cheese $ Arugula $ Spring $ Bon Appétit $ English $ 
https://www.epicurious.com/recipes/food/views/gingerbread-raisin-scones-1109,Gingerbread-Raisin Scones ,"2 cups all purpose flour $ 1/3 cup packed dark brown sugar $ 1 tablespoon baking powder $ 3/4 teaspoon ground cinnamon $ 1/2 teaspoon ground ginger $ 1/8 teaspoon ground cloves $ 6 tablespoons (3/4 stick) chilled butter, cut into pieces $ 1/4 cup milk $ 1 large egg $ 3 tablespoons light unsulfured molasses $ 1 teaspoon vanilla extract $ 2/3 cup raisins $ ",Bread $ Food Processor $ Ginger $ Breakfast $ Brunch $ Bake $ Christmas $ Raisin $ Spice $ Christmas Eve $ Bon Appétit $ Pennsylvania $ Vegetarian $ Pescatarian $ Peanut Free $ Tree Nut Free $ Soy Free $ Kosher $ ,English $ ,3.5/4,22,Bread $ Food Processor $ Ginger $ Breakfast $ Brunch $ Bake $ Christmas $ Raisin $ Spice $ Christmas Eve $ Bon Appétit $ Pennsylvania $ Vegetarian $ Pescatarian $ Peanut Free $ Tree Nut Free $ Soy Free $ Kosher $ English $ 
https://www.epicurious.com/recipes/food/views/phyllo-wrapped-figs-with-prosciutto-and-stilton-107465,Phyllo-Wrapped Figs with Prosciutto and Stilton ,"16 teaspoons Stilton cheese (about 4 ounces) $ 32 dried black Mission figs $ 4 6x4-inch thin prosciutto slices, cut lengthwise in half $ 8 sheets fresh phyllo pastry or frozen, thawed $ 3/4 cup (1 1/2 sticks) unsalted butter, melted $ 2 cups ruby Port $ 1/4 cup balsamic vinegar $ 2 tablespoons sugar $ 1 1/2 cups whipping cream $ 4 1/2 tablespoons pine nuts, toasted $ ",Cheese $ Fruit $ Pork $ Appetizer $ Bake $ Cocktail Party $ Blue Cheese $ Fig $ Pine Nut $ Port $ Winter $ Prosciutto $ Phyllo/Puff Pastry Dough $ Bon Appétit $ Peanut Free $ Soy Free $ ,American $ English $ ,3/4,20,Cheese $ Fruit $ Pork $ Appetizer $ Bake $ Cocktail Party $ Blue Cheese $ Fig $ Pine Nut $ Port $ Winter $ Prosciutto $ Phyllo/Puff Pastry Dough $ Bon Appétit $ Peanut Free $ Soy Free $ American $ English $ 
https://www.epicurious.com/recipes/food/views/spicy-red-fish-stew-109491,Spicy Red Fish Stew ,"3 large red bell peppers $ 5 tablespoons extra-virgin olive oil $ 12 shallots, chopped $ 2 14 1/2-ounce cans chopped tomatoes in juice $ 2 garlic cloves, minced $ 3/4 teaspoon dried crushed red pepper $ 1/2 cup chopped fresh cilantro $ 1 teaspoon grated lemon peel $ 2 pounds halibut or cod fillets, cut into 1-inch pieces $ ",Soup/Stew $ Tomato $ Sauté $ Stew $ Low Carb $ Quick & Easy $ Cod $ Bell Pepper $ Winter $ Shallot $ Cilantro $ Bon Appétit $ London $ England $ ,English $ ,3.5/4,63,Soup/Stew $ Tomato $ Sauté $ Stew $ Low Carb $ Quick & Easy $ Cod $ Bell Pepper $ Winter $ Shallot $ Cilantro $ Bon Appétit $ London $ England $ English $ 
https://www.epicurious.com/recipes/food/views/caramelized-onion-and-parmesan-cream-scones-107251,Caramelized-Onion and Parmesan Cream Scones ,"2 tablespoons olive oil $ 1 large onion, cut into 1/2-inch squares (about 2 cups) $ 4 cups cake flour or all purpose flour $ 4 teaspoons baking powder $ 1 tablespoon coarse salt $ 2 cups freshly grated Parmesan cheese (about 5 ounces) $ 2 cups chilled whipping cream $ ",Bread $ Milk/Cream $ Onion $ Brunch $ Side $ Bake $ Thanksgiving $ Parmesan $ Fall $ Bon Appétit $ Sugar Conscious $ Vegetarian $ Pescatarian $ Peanut Free $ Tree Nut Free $ Soy Free $ No Sugar Added $ Kosher $ ,American $ English $ ,3.5/4,13,Bread $ Milk/Cream $ Onion $ Brunch $ Side $ Bake $ Thanksgiving $ Parmesan $ Fall $ Bon Appétit $ Sugar Conscious $ Vegetarian $ Pescatarian $ Peanut Free $ Tree Nut Free $ Soy Free $ No Sugar Added $ Kosher $ American $ English $ 
https://www.epicurious.com/recipes/food/views/herbed-yorkshire-puddings-105964,Herbed Yorkshire Puddings ,3 large eggs $ 1 cup whole milk $ 1 cup all purpose flour $ 1/4 teaspoon salt $ 1 tablespoon chopped fresh parsley $ 1 tablespoon chopped fresh chives $ 2 teaspoons chopped fresh sage $ 2 teaspoons chopped fresh thyme $ 1 teaspoon chopped fresh rosemary $ 6 tablespoons reserved pan drippings from Roast Prime Rib with Madeira Sauce and Horseradish Sauce or 6 tablespoons olive oil $ ,Egg $ Herb $ Side $ Bake $ Christmas $ Winter $ Bon Appétit $ Sugar Conscious $ Kidney Friendly $ Vegetarian $ Pescatarian $ Peanut Free $ Tree Nut Free $ Soy Free $ Kosher $ ,English $ ,3/4,38,Egg $ Herb $ Side $ Bake $ Christmas $ Winter $ Bon Appétit $ Sugar Conscious $ Kidney Friendly $ Vegetarian $ Pescatarian $ Peanut Free $ Tree Nut Free $ Soy Free $ Kosher $ English $ 
https://www.epicurious.com/recipes/food/views/cranberry-tangerine-scones-105962,Cranberry-Tangerine Scones ,"2 cups all purpose flour $ 1/3 cup sugar $ 2 tablespoons grated tangerine peel $ 1 tablespoon baking powder $ 1/2 teaspoon salt $ 1/2 cup (1 stick) chilled unsalted butter, cut into small pieces $ 1/2 cup dried cranberries $ 1/4 cup crème fraîche or sour cream $ 3 tablespoons fresh tangerine juice $ 1 large egg $ 2 teaspoons unsalted butter, melted $ 2 teaspoons raw sugar* $ ",Bread $ Berry $ Citrus $ Breakfast $ Brunch $ Bake $ Cranberry $ Winter $ Tangerine $ Bon Appétit $ ,English $ ,4/4,72,Bread $ Berry $ Citrus $ Breakfast $ Brunch $ Bake $ Cranberry $ Winter $ Tangerine $ Bon Appétit $ English $ 
https://www.epicurious.com/recipes/food/views/easy-raspberry-trifle-1953,Easy Raspberry Trifle ,"1 4.4-ounce package custard dessert mix (such as Jello- brand) $ 3/4 cup raspberry preserves $ 2 10-ounce packages frozen raspberries in syrup, thawed, drained, 1/4 cup syrup reserved $ 1 16-ounce frozen pound cake, thawed, crust trimmed, cut into 1/2-inch-thick slices $ 3/4 cup cream Sherry $ 1 1/4 cups chilled whipping cream $ ",Milk/Cream $ Dairy $ Dessert $ Raspberry $ Sherry $ Chill $ Bon Appétit $ Ireland $ ,English $ ,3.5/4,37,Milk/Cream $ Dairy $ Dessert $ Raspberry $ Sherry $ Chill $ Bon Appétit $ Ireland $ English $ 
https://www.epicurious.com/recipes/food/views/caraway-currant-scones-14114,Caraway Currant Scones ,"1 cup all-purpose flour $ 2 1/2 teaspoons baking powder $ 1/4 teaspoon salt $ 2 teaspoon sugar $ 2 1/2 tablespoons cold unsalted butter, cut into bits, plus 1/2 tablespoon melted unsalted butter $ 6 tablespoons well-shaken buttermilk $ 2 tablespoons dried currants $ 1/2 teaspoon crushed caraway seeds, toasted lightly $ ",Bread $ Breakfast $ Brunch $ Bake $ Quick & Easy $ Currant $ Caraway $ Gourmet $ Vegetarian $ Pescatarian $ Peanut Free $ Tree Nut Free $ Soy Free $ Kosher $ ,English $ ,3/4,1,Bread $ Breakfast $ Brunch $ Bake $ Quick & Easy $ Currant $ Caraway $ Gourmet $ Vegetarian $ Pescatarian $ Peanut Free $ Tree Nut Free $ Soy Free $ Kosher $ English $ 
https://www.epicurious.com/recipes/food/views/pine-nut-cardamom-scones-10331,Pine Nut Cardamom Scones ,"1/2 cup milk $ 1 large egg $ 3 tablespoons light brown sugar $ 1 teaspoon vanilla extract $ 2 1/4 cups cake flour (not self-rising) $ 1/2 teaspoon salt $ 1 tablespoon double-acting baking powder $ 1/2 teaspoon baking soda $ 2 teaspoons ground cardamom $ 1/4 teaspoon cinnamon $ 1/4 teaspoon freshly grated nutmeg $ 2 teaspoons freshly grated lemon zest $ 3/4 stick (6 tablespoons) cold unsalted butter, cut into bits $ 1/3 cup pine nuts, toasted lightly $ an egg wash made by beating 1 large egg with 2 tablespoons milk $ granulated sugar for sprinkling the scones $ ",Bread $ Milk/Cream $ Breakfast $ Dessert $ Bake $ Pine Nut $ Spice $ Gourmet $ Kidney Friendly $ Vegetarian $ Pescatarian $ Peanut Free $ Soy Free $ Kosher $ ,English $ ,2/4,7,Bread $ Milk/Cream $ Breakfast $ Dessert $ Bake $ Pine Nut $ Spice $ Gourmet $ Kidney Friendly $ Vegetarian $ Pescatarian $ Peanut Free $ Soy Free $ Kosher $ English $ 
https://www.epicurious.com/recipes/food/views/spiced-roast-beef-in-mini-yorkshire-puddings-with-mustard-dressing-4548,Spiced Roast Beef in Mini Yorkshire Puddings with Mustard Dressing ,1 teaspoon ground black pepper $ 1 teaspoon ground coriander $ 1/2 teaspoon ground allspice $ 1 teaspoon olive oil $ 1 1 1/4-pound piece beef tenderloin $ 1/4 cup chopped drained oil-packed sun-dried tomatoes plus 2 tablespoons oil reserved from jar $ 1/4 cup coarse-grained mustard $ Mini Yorkshire Puddings $ ,Beef $ Mustard $ Roast $ Winter $ Bon Appétit $ ,English $ ,3/4,2,Beef $ Mustard $ Roast $ Winter $ Bon Appétit $ English $ 
https://www.epicurious.com/recipes/food/views/twice-baked-cheddar-cheese-souffles-5350,Twice-Baked Cheddar Cheese Souffles ,1/4 cup dry breadcrumbs $ 2 tablespoons finely chopped toasted hazelnuts $ 1/3 cup whole milk $ 1 tablespoon butter $ 1 tablespoon all purpose flour $ 3/4 cup grated sharp cheddar cheese (about 4 1/2 ounces) $ 1 large egg yolk $ 4 large egg whites $ 1 tablespoon fresh lemon juice $ Pinch of salt $ ,Dairy $ Egg $ Appetizer $ Bake $ Vegetarian $ Cheddar $ Spring $ Bon Appétit $ Sugar Conscious $ Kidney Friendly $ Pescatarian $ Peanut Free $ Soy Free $ Kosher $ ,English $ ,3/4,6,Dairy $ Egg $ Appetizer $ Bake $ Vegetarian $ Cheddar $ Spring $ Bon Appétit $ Sugar Conscious $ Kidney Friendly $ Pescatarian $ Peanut Free $ Soy Free $ Kosher $ English $ 
https://www.epicurious.com/recipes/food/views/griddle-scones-108010,Griddle Scones ,"2 cups all-purpose flour plus additional for dusting $ 1 teaspoon baking soda $ 1 teaspoon cream of tartar $ 3/4 teaspoon salt $ 3/4 cup well-shaken buttermilk $ 1/2 stick (1/4 cup) unsalted butter, melted $ Special equipment: a well-seasoned cast-iron griddle or skillet $ Accompaniments: softened butter and jam $ ",Bread $ Breakfast $ Brunch $ Bake $ Quick & Easy $ Gourmet $ Sugar Conscious $ Kidney Friendly $ Vegetarian $ Pescatarian $ Peanut Free $ Tree Nut Free $ Soy Free $ No Sugar Added $ Kosher $ ,American $ English $ ,3/4,10,Bread $ Breakfast $ Brunch $ Bake $ Quick & Easy $ Gourmet $ Sugar Conscious $ Kidney Friendly $ Vegetarian $ Pescatarian $ Peanut Free $ Tree Nut Free $ Soy Free $ No Sugar Added $ Kosher $ American $ English $ 
https://www.epicurious.com/recipes/food/views/classic-scones-109487,Classic Scones ,2 3/4 cups self-rising flour $ 1 tablespoon sugar $ 2 teaspoons baking powder $ 3/4 cup (or more) chilled whole milk $ 1 large egg $ 1 tablespoon vegetable oil $ Butter $ Jam $ Whipped heavy cream $ ,Bread $ Milk/Cream $ Breakfast $ Brunch $ Bake $ Jam or Jelly $ Bon Appétit $ Sugar Conscious $ Vegetarian $ Pescatarian $ Peanut Free $ Tree Nut Free $ Soy Free $ Kosher $ ,English $ ,2.5/4,28,Bread $ Milk/Cream $ Breakfast $ Brunch $ Bake $ Jam or Jelly $ Bon Appétit $ Sugar Conscious $ Vegetarian $ Pescatarian $ Peanut Free $ Tree Nut Free $ Soy Free $ Kosher $ English $ 
https://www.epicurious.com/recipes/food/views/tipsy-cake-103211,Tipsy Cake ,"1 cup whole milk $ 3/4 cup heavy cream $ 4 large egg yolks $ 1/2 cup sugar $ 5 teaspoons cornstarch $ 1 1/2 cups cake flour (not self-rising) $ 1 1/2 teaspoons baking powder $ 1/2 teaspoon salt $ 1 1/4 sticks unsalted butter, softened $ 1/2 cup sugar $ 3/4 teaspoon vanilla $ 2 large eggs $ 1 large egg yolk $ 3/4 cup whole milk $ 8 tablespoons sweet Sherry, brandy, or dessert wine $ 9 tablespoons strawberry jam $ Accompaniment: lightly sweetened whipped cream $ ",Cake $ Milk/Cream $ Mixer $ Egg $ Dessert $ Bake $ Strawberry $ Sherry $ Birthday $ Chill $ Jam or Jelly $ Gourmet $ Kidney Friendly $ Vegetarian $ Pescatarian $ Peanut Free $ Tree Nut Free $ Soy Free $ Kosher $ ,English $ ,2/4,7,Cake $ Milk/Cream $ Mixer $ Egg $ Dessert $ Bake $ Strawberry $ Sherry $ Birthday $ Chill $ Jam or Jelly $ Gourmet $ Kidney Friendly $ Vegetarian $ Pescatarian $ Peanut Free $ Tree Nut Free $ Soy Free $ Kosher $ English $ 
https://www.epicurious.com/recipes/food/views/tea-scones-5317,Tea Scones ,"2 cups cake flour $ 1/4 cup sugar $ 1 tablespoon baking powder $ 1/4 teaspoon salt $ 6 tablespoons (3/4 stick) chilled unsalted butter, cut into pieces $ 1 large egg $ 7 tablespoons (about) cold milk (do not use low-fat or nonfat) $ ",Bread $ Dairy $ Breakfast $ Brunch $ Bake $ Bon Appétit $ Kidney Friendly $ Vegetarian $ Pescatarian $ Peanut Free $ Tree Nut Free $ Soy Free $ Kosher $ ,English $ ,3/4,19,Bread $ Dairy $ Breakfast $ Brunch $ Bake $ Bon Appétit $ Kidney Friendly $ Vegetarian $ Pescatarian $ Peanut Free $ Tree Nut Free $ Soy Free $ Kosher $ English $ 
https://www.epicurious.com/recipes/food/views/modern-mince-pie-2694,Modern Mince Pie ,"3 1/2 pounds small pippin apples (about 7), peeled, cored, chopped $ 1/2 cup chopped pitted prunes $ 1/2 cup golden raisins $ 1/2 cup dried currants $ 1/2 cup firmly packed dark brown sugar $ 1/4 cup unsulfured (light) molasses $ 1/4 cup brandy $ 1/4 cup orange juice $ 1/4 cup (1/2 stick) unsalted butter, cut into pieces $ 2 tablespoons dark rum $ 1 tablespoon grated orange peel $ 1 teaspoon grated lemon peel $ 1 teaspoon ground cinnamon $ 1/4 teaspoon ground cloves $ 1/4 teaspoon ground allspice $ 1/4 teaspoon ground nutmeg $ Pinch of salt $ 2 Buttermilk Pie Crust Dough disks $ Milk $ Rum raisin ice cream (optional) $ ",Rum $ Fruit $ Dessert $ Bake $ Thanksgiving $ Currant $ Prune $ Raisin $ Apple $ Spice $ Brandy $ Fall $ Bon Appétit $ Vegetarian $ Pescatarian $ Peanut Free $ Tree Nut Free $ Soy Free $ Kosher $ ,English $ ,3/4,14,Rum $ Fruit $ Dessert $ Bake $ Thanksgiving $ Currant $ Prune $ Raisin $ Apple $ Spice $ Brandy $ Fall $ Bon Appétit $ Vegetarian $ Pescatarian $ Peanut Free $ Tree Nut Free $ Soy Free $ Kosher $ English $ 
https://www.epicurious.com/recipes/food/views/scotch-eggs-11508,Scotch Eggs ,"1 1/4 pounds bulk country-style or herbed sausage $ 1 teaspoon crumbled dried sage $ 1/2 teaspoon dried thyme, crumbled $ 1/4 teaspoon cayenne $ 4 hard-boiled large eggs $ 1/2 cup all-purpose flour $ 2 raw large eggs, beaten lightly $ 1 cup fresh bread crumbs $ vegetable oil for deep-frying the eggs $ ",Egg $ Breakfast $ Side $ Fry $ Easter $ Sausage $ Spice $ Gourmet $ Sugar Conscious $ Dairy Free $ Peanut Free $ Tree Nut Free $ Soy Free $ ,English $ ,3.5/4,27,Egg $ Breakfast $ Side $ Fry $ Easter $ Sausage $ Spice $ Gourmet $ Sugar Conscious $ Dairy Free $ Peanut Free $ Tree Nut Free $ Soy Free $ English $ 
https://www.epicurious.com/recipes/food/views/chocolate-chip-toffee-scones-4290,Chocolate Chip-Toffee Scones ,"3 1/4 cups all purpose flour $ 1/2 cup sugar $ 1 tablespoon plus 1 teaspoon baking powder $ 1/4 teaspoon salt $ 1 cup semisweet chocolate chips $ 1/2 cup walnuts, toasted, chopped $ 1/2 cup chocolate-covered English toffee bits $ 2 cups chilled whipping cream $ 2 tablespoons (1/4 stick) unsalted butter, melted $ Additional sugar $ ",Bread $ Chocolate $ Dairy $ Nut $ Breakfast $ Brunch $ Bake $ Bon Appétit $ Kidney Friendly $ Vegetarian $ Pescatarian $ Peanut Free $ Soy Free $ Kosher $ ,English $ ,3.5/4,79,Bread $ Chocolate $ Dairy $ Nut $ Breakfast $ Brunch $ Bake $ Bon Appétit $ Kidney Friendly $ Vegetarian $ Pescatarian $ Peanut Free $ Soy Free $ Kosher $ English $ 
https://www.epicurious.com/recipes/food/views/sauteed-mushrooms-with-melted-stilton-101666,Sauteed Mushrooms with Melted Stilton ,1/2 pound mushrooms $ 1/2 pound Stilton cheese $ 2 large garlic cloves $ 1 tablespoon unsalted butter $ 1/3 cup heavy cream $ Accompaniment: chunks of crusty whole-grain bread $ ,Mushroom $ Appetizer $ Sauté $ Blue Cheese $ Winter $ Gourmet $ ,English $ ,3.5/4,13,Mushroom $ Appetizer $ Sauté $ Blue Cheese $ Winter $ Gourmet $ English $ 
https://www.epicurious.com/recipes/food/views/scotch-broth-101454,Scotch Broth ,"A leg of lamb bone, cracked (with meat on it) $ 2 or 3 medium onions, whole $ 6 stalks of celery, diced $ 6 carrots, diced $ 1 garlic clove $ 1/2 cup pearl barley $ salt, pepper, parsley, and some celery leaves $ ",Soup/Stew $ Vegetable $ Barley $ Celery $ Carrot $ ,English $ ,3/4,6,Soup/Stew $ Vegetable $ Barley $ Celery $ Carrot $ English $ 
https://www.epicurious.com/recipes/food/views/mini-yorkshire-puddings-4549,Mini Yorkshire Puddings ,"Olive oil $ 2 cups plus 2 tablespoons all purpose flour $ 3/4 teaspoon salt $ 3 large eggs, beaten to blend $ 1 1/4 cups whole milk $ 1/4 cup water $ ",Dairy $ Egg $ Bake $ Winter $ Bon Appétit $ ,English $ ,3/4,0,Dairy $ Egg $ Bake $ Winter $ Bon Appétit $ English $ 
https://www.epicurious.com/recipes/food/views/gooseberry-fool-15240,Gooseberry Fool ,3 cups pink or green gooseberries (about 1 pound) $ 1/2 cup granulated sugar $ 1/2 cup well-chilled heavy cream $ 1/4 cup crème fraîche $ 1/4 cup superfine granulated sugar $ ,Berry $ Dairy $ Dessert $ Summer $ Gourmet $ Vegetarian $ Pescatarian $ Wheat/Gluten-Free $ Peanut Free $ Tree Nut Free $ Soy Free $ Kosher $ ,English $ ,3.5/4,6,Berry $ Dairy $ Dessert $ Summer $ Gourmet $ Vegetarian $ Pescatarian $ Wheat/Gluten-Free $ Peanut Free $ Tree Nut Free $ Soy Free $ Kosher $ English $ 
https://www.epicurious.com/recipes/food/views/old-fashioned-butterscotch-pudding-5145,Old-Fashioned Butterscotch Pudding ,2 cups whipping cream $ 1 cup milk (do not use low-fat or nonfat) $ 1/4 cup (packed) dark brown sugar $ 3/4 cup sugar $ 1/4 cup water $ 6 large egg yolks $ 1 teaspoon vanilla extract $ Pinch of salt $ ,Milk/Cream $ Egg $ Dessert $ Bake $ Chill $ Bon Appétit $ ,English $ ,4/4,13,Milk/Cream $ Egg $ Dessert $ Bake $ Chill $ Bon Appétit $ English $ 
https://www.epicurious.com/recipes/food/views/cream-of-cauliflower-and-stilton-soup-1241,Cream of Cauliflower and Stilton Soup ,"1 1-pound head cauliflower, cut into small florets $ 1/4 cup (1/2 stick) butter $ 1 medium onion, chopped $ 1 leek (white and pale green parts only), chopped $ 3/4 cup chopped celery $ 1/4 cup all purpose flour $ 3 cups canned vegetable broth $ 1 cup (or more) milk $ 3 ounces Stilton cheese, crumbled $ Ground white pepper $ ",Soup/Stew $ Milk/Cream $ Cheese $ Dairy $ Vegetable $ Blue Cheese $ Cauliflower $ Winter $ Bon Appétit $ California $ ,English $ ,3.5/4,108,Soup/Stew $ Milk/Cream $ Cheese $ Dairy $ Vegetable $ Blue Cheese $ Cauliflower $ Winter $ Bon Appétit $ California $ English $ 
https://www.epicurious.com/recipes/food/views/scottish-oatcakes-100408,Scottish Oatcakes ,"1 1/2 cups old-fashioned oats $ 1 cup all purpose flour $ 1/2 cup sugar $ 1/2 teaspoon baking soda $ 1/4 teaspoon salt $ 1/2 cup chilled solid vegetable shortening, cut into pieces $ 1/4 cup buttermilk $ ",Bread $ Milk/Cream $ Breakfast $ Bake $ Oat $ Bon Appétit $ California $ Kidney Friendly $ Vegetarian $ Pescatarian $ Peanut Free $ Tree Nut Free $ Soy Free $ Kosher $ ,English $ ,3/4,21,Bread $ Milk/Cream $ Breakfast $ Bake $ Oat $ Bon Appétit $ California $ Kidney Friendly $ Vegetarian $ Pescatarian $ Peanut Free $ Tree Nut Free $ Soy Free $ Kosher $ English $ 
https://www.epicurious.com/recipes/food/views/pesto-cheddar-cheese-scones-102643,Pesto-Cheddar Cheese Scones ,"2 tablespoons plus 1/2 cup yellow cornmeal $ 3 cups all purpose flour $ 4 teaspoons baking powder $ 1/3 teaspoon cream of tartar $ 3/4 teaspoon salt $ 3/4 cup plus 2 tablespoons (1"" sticks) chilled unsalted butter, cut into 1/2-inch pieces $ 2/3 cup (packed) coarsely shredded sharp cheddar cheese (about 3 ounces) $ 1 cup plus 4 tablespoons (about) chilled whole milk $ 1/4 cup purchased pesto $ 1 large egg $ ",Bread $ Cheese $ Bake $ Cheddar $ Basil $ Winter $ Bon Appétit $ Michigan $ ,American $ English $ ,2/4,5,Bread $ Cheese $ Bake $ Cheddar $ Basil $ Winter $ Bon Appétit $ Michigan $ American $ English $ 
https://www.epicurious.com/recipes/food/views/whipped-parsnips-5352,Whipped Parsnips ,"1 pound parsnips, peeled, cut into 1/2-inch pieces $ 1 1/2 cups (about) whole milk $ 1/3 cup whipping cream $ ",Milk/Cream $ Vegetable $ Side $ Parsnip $ Winter $ Bon Appétit $ Vegetarian $ Pescatarian $ Wheat/Gluten-Free $ Peanut Free $ Tree Nut Free $ Soy Free $ No Sugar Added $ Kosher $ ,English $ ,3.5/4,9,Milk/Cream $ Vegetable $ Side $ Parsnip $ Winter $ Bon Appétit $ Vegetarian $ Pescatarian $ Wheat/Gluten-Free $ Peanut Free $ Tree Nut Free $ Soy Free $ No Sugar Added $ Kosher $ English $ 
https://www.epicurious.com/recipes/food/views/suet-pastry-dough-103215,Suet Pastry Dough ,1 1/2 cups all-purpose flour $ 1/3 cup sugar $ 1 tablespoon baking powder $ 3/4 teaspoon salt $ 1 cup cold finely chopped rendered beef suet (4 oz) $ 8 tablespoons whole milk $ ,Milk/Cream $ Food Processor $ Beef $ No-Cook $ Gourmet $ ,English $ ,2.5/4,4,Milk/Cream $ Food Processor $ Beef $ No-Cook $ Gourmet $ English $ 
https://www.epicurious.com/recipes/food/views/molasses-glazed-pecan-scones-107850,Molasses-Glazed Pecan Scones ,"2 cups all purpose flour $ 3/4 cup (packed) golden brown sugar $ 1 teaspoon baking powder $ 1/2 teaspoon baking soda $ 1/2 teaspoon salt $ 10 tablespoons (1 1/4 sticks) chilled unsalted butter, cut into 1/2-inch cubes $ 3/4 cup pecans, toasted, broken into pieces $ 2/3 cup buttermilk $ 2 large egg yolks $ 1 teaspoon maple extract $ 2 tablespoons whipping cream $ 2/3 cup powdered sugar $ 1/2 teaspoon mild-flavored (light) molasses $ ",Bread $ Milk/Cream $ Breakfast $ Bake $ Kid-Friendly $ Pecan $ Molasses $ Bon Appétit $ Wisconsin $ Kidney Friendly $ Vegetarian $ Pescatarian $ Peanut Free $ Soy Free $ Kosher $ ,American $ English $ ,3.5/4,18,Bread $ Milk/Cream $ Breakfast $ Bake $ Kid-Friendly $ Pecan $ Molasses $ Bon Appétit $ Wisconsin $ Kidney Friendly $ Vegetarian $ Pescatarian $ Peanut Free $ Soy Free $ Kosher $ American $ English $ 
https://www.epicurious.com/recipes/food/views/warm-scallop-salad-with-prosciutto-chips-109508,Warm Scallop Salad with Prosciutto Chips ,"4 paper-thin slices prosciutto $ 6 tablespoons olive oil, divided $ 1 5-ounce package mixed babygreens $ 1/2 cup (packed) fresh basil leaves, thinly sliced $ 12 sea scallops $ All purpose flour $ 2 tablespoons fresh lemon juice $ 1 teaspoon grated lemon peel $ ",Salad $ Leafy Green $ Appetizer $ Fry $ Quick & Easy $ Lemon $ Basil $ Scallop $ Prosciutto $ Bon Appétit $ Sugar Conscious $ Dairy Free $ Peanut Free $ Tree Nut Free $ Soy Free $ No Sugar Added $ ,English $ ,4/4,16,Salad $ Leafy Green $ Appetizer $ Fry $ Quick & Easy $ Lemon $ Basil $ Scallop $ Prosciutto $ Bon Appétit $ Sugar Conscious $ Dairy Free $ Peanut Free $ Tree Nut Free $ Soy Free $ No Sugar Added $ English $ 
https://www.epicurious.com/recipes/food/views/baked-chocolate-puddings-with-vanilla-whipped-cream-109492,Baked Chocolate Puddings with Vanilla Whipped Cream ,"1/2 cup (1 stick) unsalted butter $ 4 ounces bittersweet (not unsweetened) or semisweet chocolate, chopped $ 2 large eggs $ 2 large egg yolks $ 3/4 cup plus 1 tablespoon sugar $ 1 tablespoon self-rising flour $ 1 cup chilled whipping cream $ 2 teaspoons vanilla extract $ ",Milk/Cream $ Chocolate $ Egg $ Dessert $ Bake $ Kid-Friendly $ Quick & Easy $ Bon Appétit $ London $ England $ ,English $ ,2.5/4,5,Milk/Cream $ Chocolate $ Egg $ Dessert $ Bake $ Kid-Friendly $ Quick & Easy $ Bon Appétit $ London $ England $ English $ 
https://www.epicurious.com/recipes/food/views/tagliatelle-with-fava-beans-and-pecorin0-romano-5360,Tagliatelle with Fava Beans and Pecorin0 Romano ,"3 cups shelled fresh fava beans or frozen lima beans, thawed $ 2 cups coarsely chopped fresh basil $ 2 large garlic cloves, chopped $ 1/4 cup olive oil (preferably extra-virgin) $ 2 tablespoons fresh lemon juice $ 12 ounces tagliatelle or fettuccine $ 1/3 cup freshly grated pecorino Romano cheese $ ",Bean $ Cheese $ Herb $ Pasta $ Appetizer $ Vegetarian $ Spring $ Bon Appétit $ Pescatarian $ Peanut Free $ Tree Nut Free $ Soy Free $ No Sugar Added $ Kosher $ ,English $ Italian $ ,3/4,21,Bean $ Cheese $ Herb $ Pasta $ Appetizer $ Vegetarian $ Spring $ Bon Appétit $ Pescatarian $ Peanut Free $ Tree Nut Free $ Soy Free $ No Sugar Added $ Kosher $ English $ Italian $ 
https://www.epicurious.com/recipes/food/views/raspberry-syllabub-104345,Raspberry Syllabub ,3/4 cup sugar $ 2/3 cup dry white wine $ 1/2 cup fresh lemon juice $ 1/3 cup dry Sherry $ 2 tablespoons grated lemon peel $ 2 cups chilled whipping cream $ 2 1/2-pint baskets raspberries $ ,Milk/Cream $ Berry $ Fruit $ Dessert $ No-Cook $ Raspberry $ Lemon $ Sherry $ White Wine $ Summer $ Chill $ Bon Appétit $ ,English $ ,3/4,2,Milk/Cream $ Berry $ Fruit $ Dessert $ No-Cook $ Raspberry $ Lemon $ Sherry $ White Wine $ Summer $ Chill $ Bon Appétit $ English $ 
https://www.epicurious.com/recipes/food/views/brandysnaps-with-lemon-curd-ice-cream-and-blackberries-1830,Brandysnaps with Lemon Curd Ice Cream and Blackberries ,"1 cup plus 2 tablespoons sugar $ 2/3 cup fresh lemon juice $ 1/2 cup (1 stick) unsalted butter, cut into pieces $ 3 tablespoons grated lemon peel $ 3 large eggs $ 1 cup whipping cream $ 1/2 cup milk $ 3 tablespoons dark corn syrup $ 2 tablespoons firmly packed dark brown sugar $ 2 tablespoons (1/4 stick) unsalted butter $ 1 tablespoon brandy $ 1/3 cup all purpose flour $ 2 1/2-pint baskets fresh blackberries $ ",Berry $ Citrus $ Dairy $ Egg $ Dessert $ Bake $ Freeze/Chill $ Frozen Dessert $ Blackberry $ Lemon $ Brandy $ Summer $ Bon Appétit $ Vegetarian $ Pescatarian $ Peanut Free $ Tree Nut Free $ Soy Free $ Kosher $ ,English $ ,4/4,2,Berry $ Citrus $ Dairy $ Egg $ Dessert $ Bake $ Freeze/Chill $ Frozen Dessert $ Blackberry $ Lemon $ Brandy $ Summer $ Bon Appétit $ Vegetarian $ Pescatarian $ Peanut Free $ Tree Nut Free $ Soy Free $ Kosher $ English $ 
https://www.epicurious.com/recipes/food/views/butterscotch-pudding-107528,Butterscotch Pudding ,"3/4 cup sugar $ 1/4 cup water $ 1/4 cup whipping cream $ 1/2 cup (packed) golden brown sugar $ 1/3 cup cornstarch $ 1 teaspoon salt $ 3 cups whole milk $ 4 large egg yolks $ 1/4 cup (1/2 stick) unsalted butter, cut into small pieces, room temperature $ 2 tablespoons Scotch $ 1 teaspoon vanilla extract $ 4 bananas, sliced $ Whipped cream $ 1/2 cup English toffee bits $ ",Scotch $ Dairy $ Fruit $ Dessert $ Banana $ Winter $ Bon Appétit $ Kidney Friendly $ Vegetarian $ Pescatarian $ Wheat/Gluten-Free $ Peanut Free $ Tree Nut Free $ Soy Free $ Kosher $ ,American $ English $ ,3.5/4,30,Scotch $ Dairy $ Fruit $ Dessert $ Banana $ Winter $ Bon Appétit $ Kidney Friendly $ Vegetarian $ Pescatarian $ Wheat/Gluten-Free $ Peanut Free $ Tree Nut Free $ Soy Free $ Kosher $ American $ English $ 
https://www.epicurious.com/recipes/food/views/steak-potato-and-leek-pies-109485,"Steak, Potato, and Leek Pies ","3 tablespoons butter, divided $ 2 6-ounce beef tenderloin steaks (each about 1 inch thick) $ 1 3/4 cups 1/3-inch cubes peeled red-skinned potatoes (10 to 12 ounces) $ 1 1/2 cups chopped leeks (white and pale green parts only; about 2 medium) $ 1/2 teaspoon dry mustard $ 1 tablespoon steak sauce $ 2 large green onions, chopped $ 4 refrigerated pie crusts (two 15-ounce packages), room temperature $ 1 egg, beaten to blend (for glaze) $ ",Beef $ Onion $ Potato $ Bake $ Sauté $ Lunch $ Leek $ Winter $ Bon Appétit $ California $ Sugar Conscious $ Peanut Free $ Tree Nut Free $ Soy Free $ ,English $ ,3/4,12,Beef $ Onion $ Potato $ Bake $ Sauté $ Lunch $ Leek $ Winter $ Bon Appétit $ California $ Sugar Conscious $ Peanut Free $ Tree Nut Free $ Soy Free $ English $ 
https://www.epicurious.com/recipes/food/views/raisin-scones-104416,Raisin Scones ,3 3/4 cups all-purpose flour $ 1 1/2 tablespoons baking powder $ 1/2 teaspoon salt $ 6 tablespoons (3/4 stick) cold unsalted butter $ 1/2 cup dark raisins $ 1 1/4 cups whole milk $ ,Bread $ Breakfast $ Brunch $ Bake $ Raisin $ Gourmet $ ,English $ ,2.5/4,16,Bread $ Breakfast $ Brunch $ Bake $ Raisin $ Gourmet $ English $ 
https://www.epicurious.com/recipes/food/views/stilton-cauliflower-soup-107584,Stilton Cauliflower Soup ,"1 medium onion, finely chopped $ 2 celery ribs, strings removed with a vegetable peeler and ribs finely chopped $ 1/2 lb cauliflower, cut into 1-inch florets (2 1/4 cups) $ 3 tablespoons unsalted butter $ 2 cups chicken broth $ 1 cup plus 2 tablespoons whole milk $ 1 teaspoon cornstarch $ 1/3 cup crumbled Stilton cheese (2 oz) $ 1/2 cup light cream or half-and-half $ 1/4 teaspoon white pepper $ 1/8 teaspoon salt $ Garnish: croutons and crumbled Stilton $ ",Soup/Stew $ Cheese $ Vegetable $ Sauté $ Quick & Easy $ Lunch $ Winter $ Simmer $ Gourmet $ Peanut Free $ Tree Nut Free $ Soy Free $ ,American $ English $ ,3.5/4,55,Soup/Stew $ Cheese $ Vegetable $ Sauté $ Quick & Easy $ Lunch $ Winter $ Simmer $ Gourmet $ Peanut Free $ Tree Nut Free $ Soy Free $ American $ English $ 
https://www.epicurious.com/recipes/food/views/bacon-wrapped-shrimp-with-rosemary-and-stilton-105951,Bacon-Wrapped Shrimp with Rosemary and Stilton ,"20 uncooked large shrimp, peeled, deveined $ 1 tablespoon (about) chopped fresh rosemary $ Balsamic vinegar $ 10 bacon slices, cut in half crosswise $ Crumbled Stilton cheese, or other blue cheese $ ",Cheese $ Pork $ Shellfish $ Appetizer $ Broil $ Cocktail Party $ Low Carb $ Blue Cheese $ Bacon $ Shrimp $ Winter $ Bon Appétit $ Sugar Conscious $ Kidney Friendly $ Wheat/Gluten-Free $ Peanut Free $ Tree Nut Free $ Soy Free $ No Sugar Added $ ,English $ ,3.5/4,57,Cheese $ Pork $ Shellfish $ Appetizer $ Broil $ Cocktail Party $ Low Carb $ Blue Cheese $ Bacon $ Shrimp $ Winter $ Bon Appétit $ Sugar Conscious $ Kidney Friendly $ Wheat/Gluten-Free $ Peanut Free $ Tree Nut Free $ Soy Free $ No Sugar Added $ English $ 
https://www.epicurious.com/recipes/food/views/snapper-with-tapenade-and-radish-and-chive-salad-5353,Snapper with Tapenade and Radish and Chive Salad ,3/4 cup plus 1 tablespoon olive oil $ 1/3 cup balsamic vinegar $ 2 tablespoons fresh lemon juice $ 1 tablespoon honey $ 3/4 teaspoon Worcestershire sauce $ 4 tablespoons (1/2 stick) butter $ 3 10-ounce packages fresh spinach leaves $ 4 6-ounce red snapper fillets $ 1/2 cup tapenade or olive paste $ Radish and Chive Salad $ ,Fish $ Leafy Green $ Olive $ Sauté $ Snapper $ Radish $ Spring $ Chive $ Bon Appétit $ ,English $ ,3/4,8,Fish $ Leafy Green $ Olive $ Sauté $ Snapper $ Radish $ Spring $ Chive $ Bon Appétit $ English $ 
https://www.epicurious.com/recipes/food/views/meyer-lemon-cranberry-scones-14312,Meyer Lemon Cranberry Scones ,"2 tablespoons freshly grated lemon zest (from about 3 lemons; preferably Meyer) $ 2 1/2 cups all-purpose flour $ 1/2 cup sugar plus 3 tablespoons additional if using fresh cranberries $ 1 tablespoon baking powder $ 1/2 teaspoon salt $ 3/4 stick (6 tablespoons) cold unsalted butter, cut into bits $ 1 1/4 cups fresh cranberries, chopped coarse, or 1 1/4 cups dried cranberries or dried cherries $ 1 large egg $ 1 large egg yolk $ 1 cup heavy cream $ Accompaniment: crème fraîche or whipped cream $ ",Bread $ Milk/Cream $ Food Processor $ Breakfast $ Brunch $ Dessert $ Bake $ Cranberry $ Lemon $ Gourmet $ Kidney Friendly $ Vegetarian $ Pescatarian $ Peanut Free $ Tree Nut Free $ Soy Free $ Kosher $ ,English $ ,3.5/4,59,Bread $ Milk/Cream $ Food Processor $ Breakfast $ Brunch $ Dessert $ Bake $ Cranberry $ Lemon $ Gourmet $ Kidney Friendly $ Vegetarian $ Pescatarian $ Peanut Free $ Tree Nut Free $ Soy Free $ Kosher $ English $ 
https://www.epicurious.com/recipes/food/views/queen-elizabeths-favorite-quiche-6001,Queen Elizabeth's Favorite Quiche ,"1 1/4 cup all-purpose flour $ 1 stick unsalted chilled butter $ 1/4 tablespoon salt $ 4 tablespoons ice water $ 3 spring onions (tops of) $ 2 medium artichokes, turned and sliced in eighths $ 2 green zucchini, core removed, quatered and sliced thin $ 1 medium portobello mushroom, sliced in eighths $ 2 tomatoes skin off, seeded and large dice $ 6 asparagus tips, blanched, shocked and split in half lengthwise $ 1 cup whole milk $ 1/2 cup heavy cream $ 3 medium eggs $ salt, pepper and nutmeg to taste $ 1 lpound fresh tuna, cut in small, uniform pieces $ 1 cup white wine $ 1 cup water $ 1 teaspoon whole black peppercorns $ 3 allspice berries $ 4 tomatoes peeled, seeded and small dice $ 3 tablespoons capers $ 1 bunch watercress $ fresh chives $ ",Food Processor $ Egg $ Mushroom $ Bake $ Tuna $ Artichoke $ Asparagus $ Zucchini $ ,English $ ,3/4,13,Food Processor $ Egg $ Mushroom $ Bake $ Tuna $ Artichoke $ Asparagus $ Zucchini $ English $ 
https://www.epicurious.com/recipes/food/views/endive-stilton-and-pear-tart-1810,"Endive, Stilton and Pear Tart ","2 tablespoons unsalted butter $ 2 heads Belgian endive, cut crosswise into 1-inch slices $ 1/2 cup chopped shallots $ 1 teaspoon curry powder $ 3 large pears, peeled, cored, coarsely chopped $ 1 tablespoon balsamic vinegar or red wine vinegar $ 1 17 1/4-ounce package frozen puff pastry sheets, thawed (2 sheets) $ 1 large egg, beaten to blend (glaze) $ 1 cup crumbled Stilton cheese $ 3 tablespoons chopped fresh chives $ ",Appetizer $ Bake $ Freeze/Chill $ Sauté $ Vegetarian $ Lunch $ Blue Cheese $ Pear $ Chill $ Endive $ Bon Appétit $ Pescatarian $ Peanut Free $ Tree Nut Free $ Soy Free $ Kosher $ ,English $ ,3.5/4,10,Appetizer $ Bake $ Freeze/Chill $ Sauté $ Vegetarian $ Lunch $ Blue Cheese $ Pear $ Chill $ Endive $ Bon Appétit $ Pescatarian $ Peanut Free $ Tree Nut Free $ Soy Free $ Kosher $ English $ 
https://www.epicurious.com/recipes/food/views/apple-endive-and-stilton-salad-14329,"Apple, Endive, and Stilton Salad ","2 tablespoons white-wine vinegar $ 1 tablespoon red-wine vinegar $ 1/2 teaspoon Dijon mustard $ 1/4 teaspoon sugar $ 2 tablespoons extra-virgin olive oil $ 1 small shallot, minced $ 1/8 teaspoon salt $ freshly ground black pepper to taste $ 2 tablespoons unsalted butter $ 1 cup walnuts, chopped coarse $ 1/2 teaspoon sugar $ 2 large Belgian endives $ 2 Granny Smith apples $ 1/2 cup Stilton cheese, crumbled $ 2 tablespoons chopped fresh tarragon leaves $ freshly ground white pepper to taste $ ",Salad $ Vegetarian $ Quick & Easy $ Blue Cheese $ Apple $ Walnut $ Fall $ Tarragon $ Endive $ Gourmet $ ,English $ ,3.5/4,15,Salad $ Vegetarian $ Quick & Easy $ Blue Cheese $ Apple $ Walnut $ Fall $ Tarragon $ Endive $ Gourmet $ English $ 
https://www.epicurious.com/recipes/food/views/chocolate-toffee-trifle-4578,Chocolate-Toffee Trifle ,"1 1/2 ounces unsweetened chocolate, finely chopped $ 1 cup sifted cake flour $ 1 teaspoon baking soda $ 1/4 teaspoon salt $ 1 3/4 cups (packed) golden brown sugar $ 1/2 cup (1 stick) unsalted butter, room temperature $ 1 large egg $ 1 large egg yolk $ 1/4 cup buttermilk $ 1/2 cup boiling water $ 1 teaspoon vanilla extract $ 3 cups chilled whipping cream $ 1 1/2 cups chocolate-covered English toffee bits (two 6-ounce bags) $ Semisweet chocolate shavings $ ",Chocolate $ Dairy $ Dessert $ Bake $ Fall $ Chill $ Bon Appétit $ Kidney Friendly $ Vegetarian $ Pescatarian $ Peanut Free $ Tree Nut Free $ Soy Free $ Kosher $ ,English $ ,3.5/4,29,Chocolate $ Dairy $ Dessert $ Bake $ Fall $ Chill $ Bon Appétit $ Kidney Friendly $ Vegetarian $ Pescatarian $ Peanut Free $ Tree Nut Free $ Soy Free $ Kosher $ English $ 
https://www.epicurious.com/recipes/food/views/man-of-the-moment-102777,Man of the Moment ,1 1/2 ounces Scotch $ 1 ounce Grand Marnier $ 1 ounce lemon juice $ 1 teaspoon grenadine $ ,Liqueur $ Scotch $ Alcoholic $ Cocktail Party $ Cocktail $ Lemon $ Chill $ Engagement Party $ Drink $ ,English $ ,3/4,2,Liqueur $ Scotch $ Alcoholic $ Cocktail Party $ Cocktail $ Lemon $ Chill $ Engagement Party $ Drink $ English $ 
https://www.epicurious.com/recipes/food/views/trifle-101488,Trifle ,"Lady fingers, stale Génoise or sponge cake $ 1 cupOloroso sherry $ 8 egg yolks $ 1 1/2 cups rich milk $ 1/2 cup sugar $ Whipped cream, candied cherries, angelica peel, chopped pistachio nuts $ ",Dairy $ Egg $ Dessert $ Winter $ Chill $ House & Garden $ ,English $ ,3.5/4,2,Dairy $ Egg $ Dessert $ Winter $ Chill $ House & Garden $ English $ 
https://www.epicurious.com/recipes/food/views/ginger-scones-104666,Ginger Scones ,"Special item: 3-inch round cutter $ 2 1/4 cups unbleached pastry flour or unbleached all-purpose flour $ 1/3 cup granulated sugar $ 1 tablespoon baking powder $ 1 teaspoon finely chopped lemon zest (about 1/2 lemon) $ 1 1/2 sticks (6 ounces) unsalted butter, cut into 1-inch cubes and frozen $ 4 1/2 ounces candied ginger, finely chopped into 1/4-inch pieces to equal 2/3 cup $ 3/4 cup heavy cream, plus extra for brushing the tops of the scones $ ",Bread $ Food Processor $ Ginger $ Breakfast $ Brunch $ Bake $ Mother's Day $ Fall $ Kidney Friendly $ Vegetarian $ Pescatarian $ Peanut Free $ Tree Nut Free $ Soy Free $ Kosher $ ,English $ ,3.5/4,172,Bread $ Food Processor $ Ginger $ Breakfast $ Brunch $ Bake $ Mother's Day $ Fall $ Kidney Friendly $ Vegetarian $ Pescatarian $ Peanut Free $ Tree Nut Free $ Soy Free $ Kosher $ English $ 
https://www.epicurious.com/recipes/food/views/currant-scones-1918,Currant Scones ,"3 cups all purpose flour $ 3 tablespoons sugar $ 1 teaspoon baking soda $ 1/2 teaspoon salt $ 6 tablespoons (3/4 stick) chilled unsalted butter, cut into pieces $ 1/3 cup dried currants $ 1 egg, beaten to blend $ 3/4 cup plus 3 tablespoons (about) buttermilk $ 1 tablespoon milk $ Butter or whipped cream $ Assorted jams $ ",Bread $ Milk/Cream $ Dairy $ Fruit $ Bake $ Currant $ Spring $ Bon Appétit $ ,English $ ,2.5/4,10,Bread $ Milk/Cream $ Dairy $ Fruit $ Bake $ Currant $ Spring $ Bon Appétit $ English $ 
https://www.epicurious.com/recipes/food/views/orange-currant-scones-14309,Orange Currant Scones ,"4 cups all-purpose white flour $ 3 tablespoons granulated sugar $ 2 teaspoons baking powder $ 2 teaspoons baking soda $ 1/4 teaspoon salt $ 2 sticks (1 cup) unsalted butter, cut into bits $ 3 tablespoons freshly grated orange zest (from about 2 navel oranges) $ 1 1/2 cups dried currants $ 1 cup plus 2 tablespoons well-shaken buttermilk $ 2 large eggs $ 1/4 cup granulated raw sugar (turbinado or Demerara) $ ",Bread $ Milk/Cream $ Mixer $ Egg $ Breakfast $ Brunch $ Bake $ Currant $ Orange $ Gourmet $ Vegetarian $ Pescatarian $ Peanut Free $ Tree Nut Free $ Soy Free $ Kosher $ ,English $ ,3.5/4,49,Bread $ Milk/Cream $ Mixer $ Egg $ Breakfast $ Brunch $ Bake $ Currant $ Orange $ Gourmet $ Vegetarian $ Pescatarian $ Peanut Free $ Tree Nut Free $ Soy Free $ Kosher $ English $ 
https://www.epicurious.com/recipes/food/views/sticky-toffee-pudding-5325,Sticky Toffee Pudding ,"12 ounces pitted dates (about 2 1/2 cups) $ 1 2/3 cups water $ 3 1/2 cups all purpose flour $ 4 teaspoons baking powder $ 1 1/2 teaspoons baking soda $ 2 cups (packed) dark brown sugar $ 1/2 cup (1 stick) unsalted butter, room temperature $ 3 large eggs $ Toffee Sauce $ Whipped cream or crème fraîche $ ",Egg $ Fruit $ Dessert $ Bake $ Date $ Winter $ Bon Appétit $ Vegetarian $ Pescatarian $ Peanut Free $ Tree Nut Free $ Soy Free $ Kosher $ ,English $ ,3/4,10,Egg $ Fruit $ Dessert $ Bake $ Date $ Winter $ Bon Appétit $ Vegetarian $ Pescatarian $ Peanut Free $ Tree Nut Free $ Soy Free $ Kosher $ English $ 
https://www.epicurious.com/recipes/food/views/bread-and-butter-pudding-1832,Bread and Butter Pudding ,"8 tablespoons (1 stick) unsalted butter, room temperature $ 14 white bread slices (about 13 ounces), crusts trimmed $ 1/2 cup dried currants $ 1/2 cup raisins $ 1/2 teaspoon ground cinnamon $ 6 large eggs $ 3 cups milk $ 1 cup whipping cream $ 1/2 cup sugar $ Pinch of freshly grated nutmeg $ ",Dairy $ Egg $ Dessert $ Bake $ Currant $ Raisin $ Bon Appétit $ Vegetarian $ Pescatarian $ Peanut Free $ Tree Nut Free $ Soy Free $ Kosher $ ,English $ ,2.5/4,2,Dairy $ Egg $ Dessert $ Bake $ Currant $ Raisin $ Bon Appétit $ Vegetarian $ Pescatarian $ Peanut Free $ Tree Nut Free $ Soy Free $ Kosher $ English $ 
https://www.epicurious.com/recipes/food/views/treacle-scones-1813,Treacle Scones ,2 cups all purpose flour $ 1/4 cup firmly packed dark brown sugar $ 2 1/2 teaspoons baking powder $ 1/2 teaspoon baking soda $ 1/4 teaspoon ground cinnamon $ 1/4 teaspoon ground nutmeg $ 1/4 teaspoon salt $ 1/2 cup dried currants $ 1/4 cup (1/2 stick) unsalted butter $ 2 tablespoons dark molasses (do not use blackstrap) $ 3/4 cup buttermilk $ Melted butter $ Sugar $ ,Bread $ Dairy $ Fruit $ Bake $ Currant $ Spring $ Bon Appétit $ ,English $ ,3/4,6,Bread $ Dairy $ Fruit $ Bake $ Currant $ Spring $ Bon Appétit $ English $ 
https://www.epicurious.com/recipes/food/views/cawl-1811,Cawl ,"8 ounces slab bacon, rind removed, cut crosswise into 1/2-inch-thick slices, then cut into 1/2-inch-wide pieces $ 2 small leeks $ 3 medium parsnips, peeled, chopped $ 2 russet potatoes, peeled, chopped $ 1 large onion, chopped $ 1 small turnip, peeled, chopped $ 1 bay leaf $ 2 14 1/2-ounce can beef broth $ 2 14 1/2-ounce cans low-salt chicken broth $ 1/2 small head green cabbage, chopped (about 4 cups) $ Chopped fresh parsley $ ",Soup/Stew $ Potato $ Stew $ Bacon $ Leek $ Parsnip $ Turnip $ Bon Appétit $ ,English $ ,3/4,5,Soup/Stew $ Potato $ Stew $ Bacon $ Leek $ Parsnip $ Turnip $ Bon Appétit $ English $ 
https://www.epicurious.com/recipes/food/views/brown-sugar-hard-sauce-3022,Brown Sugar Hard Sauce ,"1/3 cup (packed) golden brown sugar $ 4 tablespoons dark rum $ 1 tablespoon grated tangerine or orange peel $ 1 cup (2 sticks) unsalted butter, room temperature $ 1/2 cup powdered sugar $ ",Condiment/Spread $ Sauce $ Rum $ Mixer $ Dessert $ Christmas $ Orange $ Winter $ Bon Appétit $ Kidney Friendly $ Vegetarian $ Pescatarian $ Wheat/Gluten-Free $ Peanut Free $ Tree Nut Free $ Soy Free $ Kosher $ ,English $ ,2/4,4,Condiment/Spread $ Sauce $ Rum $ Mixer $ Dessert $ Christmas $ Orange $ Winter $ Bon Appétit $ Kidney Friendly $ Vegetarian $ Pescatarian $ Wheat/Gluten-Free $ Peanut Free $ Tree Nut Free $ Soy Free $ Kosher $ English $ 
https://www.epicurious.com/recipes/food/views/mincemeat-sticky-buns-108786,Mincemeat Sticky Buns ,"1 large navel orange $ 1 (9-ounce) package condensed mincemeat, crumbled $ 1/2 stick (1/4 cup) unsalted butter, softened $ 2/3 cup packed light brown sugar $ 1 pound frozen white bread dough, thawed overnight in refrigerator according to package instructions $ ",Bread $ Citrus $ Fruit $ Breakfast $ Brunch $ Bake $ Quick & Easy $ Orange $ Fall $ Pastry $ Gourmet $ ,English $ ,3/4,4,Bread $ Citrus $ Fruit $ Breakfast $ Brunch $ Bake $ Quick & Easy $ Orange $ Fall $ Pastry $ Gourmet $ English $ 
https://www.epicurious.com/recipes/food/views/coffee-toffee-crunch-torte-4226,Coffee-Toffee Crunch Torte ,"1 cup almonds, toasted $ 1 1/2 cups ground sugar cookies (such as Pepperidge Farms Bordeaux; about 6 3/4 ounces) $ 1/2 cup coarsely chopped chocolate-covered English toffee (such as Skor or Heath bar; about 3 ounces) $ 5 to 6 tablespoons butter, melted, hot $ 1/2 cup whipping cream $ 2 tablespoons dark corn syrup $ 6 ounces bittersweet (not unsweetened) or semisweet chocolate, chopped $ 3/4 cup plus 2 tablespoons sugar $ 6 large egg yolks $ 1/3 cup water $ 3 tablespoons instant espresso powder $ 1/2 teaspoon ground nutmeg $ 2 1/2 cups chilled whipping cream $ 2 tablespoons coffee liqueur $ 1 teaspoon vanilla extract $ 1 1/2 cups coarsely chopped chocolate-covered English toffee (such as Skor or Heath bar; about 9 ounces) $ 20 (about) whole almonds, toasted $ ",Coffee $ Chocolate $ Dairy $ Egg $ Nut $ Dessert $ Bake $ Freeze/Chill $ Almond $ Summer $ Chill $ Bon Appétit $ ,English $ ,4/4,39,Coffee $ Chocolate $ Dairy $ Egg $ Nut $ Dessert $ Bake $ Freeze/Chill $ Almond $ Summer $ Chill $ Bon Appétit $ English $ 
https://www.epicurious.com/recipes/food/views/old-fashioned-mincemeat-sauce-5801,Old-Fashioned Mincemeat Sauce ,"3/4 cup purchased mincemeat from jar $ 2/3 cup sugar $ 1/2 cup orange juice $ 1/4 cup fresh lemon juice $ 1/4 cup brandy $ 4 3 x 3/4-inch strips orange peel $ 1 cinnamon stick, broken in half $ 3 tablespoons whipping cream $ ",Sauce $ Christmas $ Lemon $ Orange $ Dried Fruit $ Brandy $ Winter $ Bon Appétit $ ,English $ ,0/4,0,Sauce $ Christmas $ Lemon $ Orange $ Dried Fruit $ Brandy $ Winter $ Bon Appétit $ English $ 
https://www.epicurious.com/recipes/food/views/treacle-farls-1927,Treacle Farls ,"4 cups all purpose flour $ 1/4 cup sugar $ 1 teaspoon baking soda $ 1/2 teaspoon ground ginger $ 1/4 teaspoon salt $ 1/4 cup (1/2 stick) chilled unsalted butter, cut into pieces $ 1 3/4 cups (about) buttermilk $ 2 tablespoons dark molasses $ ",Bread $ Ginger $ Bake $ Molasses $ Bon Appétit $ ,English $ ,3/4,3,Bread $ Ginger $ Bake $ Molasses $ Bon Appétit $ English $ 
https://www.epicurious.com/recipes/food/views/lemon-curd-and-blueberry-trifle-108465,Lemon Curd and Blueberry Trifle ,"1 1/3 cups sugar $ 3/4 cup (1 1/2 sticks) unsalted butter, cut into 1/2-inch cubes $ 2/3 cup fresh lemon juice $ 1 tablespoon grated lemon peel $ 1/8 teaspoon salt $ 5 large eggs, beaten to blend $ 1 cup water $ 1 cup sugar $ 1/3 cup fresh lemon juice $ 1 tablespoon (packed) grated lemon peel $ 1 8-ounce package cream cheese, room temperature $ 3/4 cup sugar $ 2 1/4 cups chilled heavy whipping cream $ 1/4 teaspoon vanilla extract $ 3 1/2-pint containers fresh blueberries $ 1 12-ounce purchased pound cake, cut into 1-inch cubes $ ",Milk/Cream $ Mixer $ Berry $ Dairy $ Dessert $ Fourth of July $ Mother's Day $ Backyard BBQ $ Cream Cheese $ Blueberry $ Lemon $ Summer $ Shower $ Chill $ Party $ Bon Appétit $ Kidney Friendly $ Vegetarian $ Pescatarian $ Peanut Free $ Tree Nut Free $ Soy Free $ Kosher $ ,English $ ,3.5/4,33,Milk/Cream $ Mixer $ Berry $ Dairy $ Dessert $ Fourth of July $ Mother's Day $ Backyard BBQ $ Cream Cheese $ Blueberry $ Lemon $ Summer $ Shower $ Chill $ Party $ Bon Appétit $ Kidney Friendly $ Vegetarian $ Pescatarian $ Peanut Free $ Tree Nut Free $ Soy Free $ Kosher $ English $ 
https://www.epicurious.com/recipes/food/views/apricot-almond-scones-108696,Apricot Almond Scones ,"1/2 cup dried apricots (2 3/4 ounces) $ 3 tablespoons water $ 2 tablespoons packed light brown sugar $ 1/2 tablespoon Disaronno Amaretto $ 2 tablespoons sliced almonds with skins (1/2 ounce) $ 2 3/4 cups unbleached all-purpose flour plus additional for dusting $ 3 tablespoons granulated sugar $ 2 teaspoons baking powder $ 1/2 teaspoon salt $ 1 1/4 sticks (10 tablespoons) cold unsalted butter, cut into 1/2-inch cubes $ 3 1/2 ounces pure almond paste (1/3 cup) $ 4 tablespoons sliced almonds with skins (1 ounce) $ 1 cup well-shaken buttermilk $ 2 large eggs $ 1 1/2 teaspoons almond extract $ ",Bread $ Milk/Cream $ Food Processor $ Fruit $ Breakfast $ Brunch $ Bake $ Kid-Friendly $ Quick & Easy $ Apricot $ Almond $ Gourmet $ ,English $ ,3/4,14,Bread $ Milk/Cream $ Food Processor $ Fruit $ Breakfast $ Brunch $ Bake $ Kid-Friendly $ Quick & Easy $ Apricot $ Almond $ Gourmet $ English $ 
https://www.epicurious.com/recipes/food/views/veal-with-whipped-parsnips-and-mushroom-cream-sauce-5351,Veal with Whipped Parsnips and Mushroom Cream Sauce ,"2 tablespoons (1/4 stick) butter $ 8 ounces assorted fresh wild mushrooms (such as crimini, oyster and stemmed shiitake), sliced $ 2 cups chicken stock or canned low-salt chicken broth $ 1/2 cup whipping cream $ 1 tablespoon finely chopped fresh parsley $ 1 teaspoon whole grain Dijon mustard $ 4 8-ounce veal rib chops (each 1 1/4 inches thick), boned $ Whipped Parsnips $ ",Milk/Cream $ Dairy $ Mushroom $ Sauté $ Veal $ Parsnip $ Winter $ Bon Appétit $ ,English $ ,3.5/4,10,Milk/Cream $ Dairy $ Mushroom $ Sauté $ Veal $ Parsnip $ Winter $ Bon Appétit $ English $ 
https://www.epicurious.com/recipes/food/views/black-pepper-sabayon-on-asparagus-spears-109484,Black Pepper Sabayon on Asparagus Spears ,"1 tablespoon whole black peppercorns $ 2 tablespoons finely chopped white onion $ 1/2 cup mayonnaise $ 1/3 cup sour cream $ 2 tablespoons whipping cream $ 1 teaspoon white wine vinegar $ 2 pounds large asparagus spears, trimmed $ Lemon wedges $ ",Appetizer $ Side $ Broil $ Mayonnaise $ Asparagus $ Sour Cream $ Bon Appétit $ Sugar Conscious $ Vegetarian $ Pescatarian $ Wheat/Gluten-Free $ Peanut Free $ Tree Nut Free $ Soy Free $ Kosher $ ,English $ ,3.5/4,13,Appetizer $ Side $ Broil $ Mayonnaise $ Asparagus $ Sour Cream $ Bon Appétit $ Sugar Conscious $ Vegetarian $ Pescatarian $ Wheat/Gluten-Free $ Peanut Free $ Tree Nut Free $ Soy Free $ Kosher $ English $ 
https://www.epicurious.com/recipes/food/views/raisin-scones-102461,Raisin Scones ,"4 cups all purpose flour $ 1/2 cup sugar $ 4 teaspoons baking powder $ 1/2 teaspoon salt $ 12 tablespoons (1 1/2 sticks) chilled unsalted butter, diced $ 1/2 cup golden raisins $ 1/2 cup raisins $ 1 cup whipping cream $ 3 large eggs $ 1 tablespoon vanilla extract $ 1 tablespoon grated lemon peel $ 2 teaspoons water $ ",Bread $ Milk/Cream $ Dairy $ Egg $ Fruit $ Breakfast $ Brunch $ Bake $ Vegetarian $ Dried Fruit $ Raisin $ Fall $ Winter $ Bon Appétit $ ,English $ ,3.5/4,75,Bread $ Milk/Cream $ Dairy $ Egg $ Fruit $ Breakfast $ Brunch $ Bake $ Vegetarian $ Dried Fruit $ Raisin $ Fall $ Winter $ Bon Appétit $ English $ 
https://www.epicurious.com/recipes/food/views/raspberry-hazelnut-scones-107470,Raspberry-Hazelnut Scones ,"2 1/4 cups unbleached all purpose flour $ 1/3 cup sugar $ 1 tablespoon baking powder $ 1/2 teaspoon salt $ 3/4 cup (1 1/2 sticks) chilled unsalted butter, cut into 1/2-inch cubes $ 3/4 cup plus 2 tablespoons chilled whipping cream $ 3/4 cup hazelnuts, toasted, husked, coarsely chopped $ 4 tablespoons raspberry preserves $ ",Bread $ Food Processor $ Berry $ Nut $ Breakfast $ Bake $ Raspberry $ Winter $ Hazelnut $ Bon Appétit $ ,American $ English $ ,3.5/4,30,Bread $ Food Processor $ Berry $ Nut $ Breakfast $ Bake $ Raspberry $ Winter $ Hazelnut $ Bon Appétit $ American $ English $ 
https://www.epicurious.com/recipes/food/views/walnut-golden-raisin-and-fennel-seed-scones-109368,"Walnut, Golden Raisin, and Fennel Seed Scones ","2 cups all purpose flour $ 1/3 cup sugar $ 2 teaspoons baking powder $ 1/2 teaspoon salt $ 6 tablespoons chilled unsalted butter, cut into 1/2-inch cubes $ 2 large egg yolks $ 1/2 cup buttermilk $ 1/2 cup golden raisins $ 1/3 cup chopped toasted walnuts $ 1 tablespoon fennel seeds $ 1 large egg beaten to blend with 1 tablespoon water (for glaze) $ ",Bread $ Fruit $ Nut $ Breakfast $ Brunch $ Bake $ Raisin $ Walnut $ Fennel $ Spring $ Bon Appétit $ Kidney Friendly $ Vegetarian $ Pescatarian $ Peanut Free $ Soy Free $ Kosher $ ,English $ ,3/4,6,Bread $ Fruit $ Nut $ Breakfast $ Brunch $ Bake $ Raisin $ Walnut $ Fennel $ Spring $ Bon Appétit $ Kidney Friendly $ Vegetarian $ Pescatarian $ Peanut Free $ Soy Free $ Kosher $ English $ 
https://www.epicurious.com/recipes/food/views/cheddar-chive-scones-103680,Cheddar-Chive Scones ,"3 cups all-purpose flour $ 1 tablespoon baking powder $ 1 tablespoon sugar $ 2 teaspoons salt $ 1/2 cup finely chopped fresh chives $ 5 oz extra-sharp Cheddar, coarsely grated (1 1/2 cups) $ 2 cups heavy cream plus additional for brushing $ Accompaniments: sliced prosciutto and honeydew melon $ ",Bread $ Cheese $ Herb $ Breakfast $ Side $ Bake $ Cheddar $ Chive $ Gourmet $ Sugar Conscious $ Kidney Friendly $ ,American $ English $ ,3.5/4,71,Bread $ Cheese $ Herb $ Breakfast $ Side $ Bake $ Cheddar $ Chive $ Gourmet $ Sugar Conscious $ Kidney Friendly $ American $ English $ 
https://www.epicurious.com/recipes/food/views/pea-and-lettuce-puree-with-tarragon-104896,Pea and Lettuce Purée with Tarragon ,"8 scallions, chopped $ 1/2 stick (1/4cup) unsalted butter $ 1pound Boston lettuce (3 small heads), coarsely chopped $ 2 tablespoons water $ 1 (10-ounce) box frozen peas (preferably baby peas), thawed, or 2 cups shelled fresh peas (2 to 2 1/2 lb in pods) $ 1 1/2 teaspoons salt $ 1 tablespoon fresh lemon juice $ 2 teaspoons chopped fresh tarragon $ ",Food Processor $ Herb $ Vegetable $ Side $ Vegetarian $ Quick & Easy $ Pea $ Spring $ Healthy $ Tarragon $ Lettuce $ Gourmet $ Sugar Conscious $ Pescatarian $ Wheat/Gluten-Free $ Peanut Free $ Tree Nut Free $ Soy Free $ No Sugar Added $ Kosher $ ,English $ ,3/4,9,Food Processor $ Herb $ Vegetable $ Side $ Vegetarian $ Quick & Easy $ Pea $ Spring $ Healthy $ Tarragon $ Lettuce $ Gourmet $ Sugar Conscious $ Pescatarian $ Wheat/Gluten-Free $ Peanut Free $ Tree Nut Free $ Soy Free $ No Sugar Added $ Kosher $ English $ 
