link,name,ingredients,recipe_category,recipe_cuisine,rating,rating_count,keywords
https://www.epicurious.com/recipes/food/views/fusilli-with-eggplant-pine-nuts-currants-and-capers-106472,"Fusilli with Eggplant, Pine Nuts, Currants, and Capers ","2 16-ounce eggplants, cut crosswise into 1/2-inch-thick slices $ 2 tablespoons olive oil $ 1 medium onion, chopped $ 4 garlic cloves, minced $ 3/4 cup pine nuts, toasted $ 3/4 cup dried currants $ 1/2 cup drained capers $ 2 14 1/4-ounce cans diced tomatoes in juice $ 1 pound fusilli pasta $ 1 cup freshly grated pecorino Romano cheese $ 1/2 cup chopped fresh basil $ ",Pasta $ Sauté $ Vegetarian $ Currant $ Pine Nut $ Eggplant $ Capers $ Bon Appétit $ ,Italian $ Mediterranean $ ,3.5/4,44,Pasta $ Sauté $ Vegetarian $ Currant $ Pine Nut $ Eggplant $ Capers $ Bon Appétit $ Italian $ Mediterranean $ 
https://www.epicurious.com/recipes/food/views/marsala-and-dried-fig-crostata-107729,Marsala and Dried-Fig Crostata ,"1 1/4 pounds dried Calimyrna figs, stemmed, coarsely chopped $ 1 3/4 cups dry Marsala $ 1 3/4 cups water $ 1/4 cup (packed) golden brown sugar $ 2 cinnamon sticks $ 1/8 teaspoon ground cloves $ 2 1/4 cups all purpose flour $ 1/2 cup sugar $ 2 teaspoons fennel seeds $ 1/4 teaspoon salt $ 1/2 cup plus 6 tablespoons (1 3/4 sticks) unsalted butter, room temperature $ 2 large eggs $ Vanilla ice cream $ ",Wine $ Fruit $ Dessert $ Bake $ Vegetarian $ Fig $ Marsala $ Winter $ Simmer $ Bon Appétit $ ,American $ Italian $ ,3.5/4,8,Wine $ Fruit $ Dessert $ Bake $ Vegetarian $ Fig $ Marsala $ Winter $ Simmer $ Bon Appétit $ American $ Italian $ 
https://www.epicurious.com/recipes/food/views/italian-fig-cookies-107444,Italian Fig Cookies ,"1 cup packed soft dried Mission figs (8 oz), hard tips discarded $ 3/4 cup raisins (3 3/4 oz) $ 3/4 cup mild honey $ 1/4 cup brandy $ 1 1/2 teaspoons finely grated fresh orange zest $ 1 teaspoon finely grated fresh lemon zest $ 1 tablespoon ground cinnamon $ 1/4 teaspoon ground cloves $ 1/4 teaspoon freshly grated nutmeg $ 3/4 cup whole almonds (4 oz), toasted and coarsely chopped $ 3/4 cup walnuts (3 oz), toasted and coarsely chopped $ 4 cups all-purpose flour $ 1 cup plus 2 tablespoons sugar $ 1 tablespoon baking powder $ 1 teaspoon salt $ 2 sticks (1 cup) cold unsalted butter, cut into 1/2-inch cubes $ 2 large eggs, lightly beaten $ 1/2 cup whole milk $ 1 1/2 teaspoons vanilla $ 1 teaspoon finely grated fresh orange or lemon zest $ 1 cup confectioners sugar $ 1/2 teaspoon vanilla $ 1 1/2 to 2 tablespoons fresh orange juice $ Garnish: multicolored nonpareils* $ ",Cookies $ Fruit $ Dessert $ Bake $ Christmas $ Raisin $ Fig $ Almond $ Walnut $ Brandy $ Winter $ Honey $ Gourmet $ Kidney Friendly $ Vegetarian $ Pescatarian $ Peanut Free $ Soy Free $ Kosher $ ,Italian $ ,3.5/4,75,Cookies $ Fruit $ Dessert $ Bake $ Christmas $ Raisin $ Fig $ Almond $ Walnut $ Brandy $ Winter $ Honey $ Gourmet $ Kidney Friendly $ Vegetarian $ Pescatarian $ Peanut Free $ Soy Free $ Kosher $ Italian $ 
https://www.epicurious.com/recipes/food/views/cashew-orange-biscotti-101269,Cashew Orange Biscotti ,1 1/2 cups roasted cashews (about 7 ounces) $ 2 cups unbleached all-purpose flour $ 1 cup sugar $ 1 teaspoon baking soda $ 1/4 teaspoon salt $ 4 large eggs $ 1 tablespoon freshly grated orange zest $ 1 teaspoon vanilla $ 1 teaspoon water $ ,Cookies $ Bake $ Vegetarian $ Orange $ Cashew $ Spring $ Gourmet $ ,Italian $ ,3/4,25,Cookies $ Bake $ Vegetarian $ Orange $ Cashew $ Spring $ Gourmet $ Italian $ 
https://www.epicurious.com/recipes/food/views/pork-chop-milanese-with-arugula-and-teardrop-tomatoes-107558,Pork Chop Milanese with Arugula and Teardrop Tomatoes ,"4 center-cut pork chops, 1 inch thick $ Kosher salt and freshly ground black pepper $ 2 extra-large eggs, lightly beaten $ 1 cup fresh bread crumbs, lightly toasted $ 1/4 cup plus 3 tablespoons extra-virgin olive oil $ 1 tablespoon unsalted butter $ 1 bunch of arugula, stems removed $ 1/2 pound teardrop tomatoes, halved lenghtwise $ 1 tablespoon fresh lemon juice $ 1 lemon, cut into 4 wedges, seeds removed $ ",Leafy Green $ Pork $ Tomato $ Sauté $ Spring $ Pan-Fry $ ,Italian $ ,3/4,17,Leafy Green $ Pork $ Tomato $ Sauté $ Spring $ Pan-Fry $ Italian $ 
https://www.epicurious.com/recipes/food/views/raisin-nut-spice-cookies-106495,Raisin-Nut Spice Cookies ,"Nonstick vegetable oil spray $ 1 cup powdered sugar $ 8 teaspoons (about) whole milk $ 1 cup whole almonds (about 5 ounces), toasted, cooled $ 1/2 cup walnut pieces (about 2 ounces), toasted, cooled $ 1 3/4 cups all purpose flour $ 3/4 cup (1 1/2 sticks) unsalted butter, cut into 1/2-inch pieces, room temperature $ 2/3 cup sugar $ 1 teaspoon finely grated lemon peel $ 1 teaspoon finely grated orange peel $ 1 teaspoon aniseed $ 3/4 teaspoon salt $ 1/2 teaspoon ground cinnamon $ 1/4 teaspoon ground cloves $ 1/4 teaspoon baking soda $ 2 large egg yolks $ 1 cup golden raisins $ ",Cookies $ Bake $ Raisin $ Almond $ Walnut $ Spice $ Bon Appétit $ ,Italian $ Mediterranean $ ,3.5/4,6,Cookies $ Bake $ Raisin $ Almond $ Walnut $ Spice $ Bon Appétit $ Italian $ Mediterranean $ 
https://www.epicurious.com/recipes/food/views/sage-onion-and-wild-rice-risotto-cakes-102572,"Sage, Onion and Wild-Rice Risotto Cakes ","4 cups water $ 1/2 teaspoon salt $ 1/2 cup wild rice $ 5 to 6 cups light vegetable stock or broth $ 1 tablespoon unsalted butter $ 2 tablespoons olive oil $ 1/4 cup thinly sliced fresh sage $ 3 yellow onions, finely chopped (3 cups) $ 3 large celery ribs, finely chopped (1 cup) $ 2 1/2 cups Arborio rice (1 pound) $ 1/2 cup dry Marsala wine $ 1 tablespoon chopped fresh thyme $ Freshly ground black pepper $ 3/4 cup finely grated fresh Parmesan $ 1/2 cup chopped fresh parsley $ 3 large eggs, separated $ About 1/2 cup olive oil $ ",Onion $ Pasta $ Side $ Sauté $ Christmas $ Thanksgiving $ Vegetarian $ Parmesan $ Fall $ Sage $ Christmas Eve $ Parsley $ Wild Rice $ Gourmet $ ,Italian $ ,3/4,25,Onion $ Pasta $ Side $ Sauté $ Christmas $ Thanksgiving $ Vegetarian $ Parmesan $ Fall $ Sage $ Christmas Eve $ Parsley $ Wild Rice $ Gourmet $ Italian $ 
https://www.epicurious.com/recipes/food/views/porcini-olive-and-rosemary-focaccia-781,"Porcini, Olive and Rosemary Focaccia ","Hot water $ 1 ounce dried porcini mushrooms, reconstituted in 1 cup hot water (see instructions below) $ 1 envelope dry yeast $ 1/4 cup olive oil $ 2 teaspoons coarse salt $ 2 teaspoons chopped fresh rosemary $ 2 cups plus 4 tablespoons (about) unbleached all purpose flour $ 1/2 cup coarsely chopped pitted brine-cured olives (such as Kalamata) $ 1 ounce dried porcini mushrooms $ 1 cup hot water $ ",Bread $ Food Processor $ Mushroom $ Olive $ Appetizer $ Bake $ Rosemary $ Bon Appétit $ Sugar Conscious $ Kidney Friendly $ Vegan $ Vegetarian $ Pescatarian $ Dairy Free $ Peanut Free $ Tree Nut Free $ Soy Free $ No Sugar Added $ Kosher $ ,Italian $ ,3.5/4,3,Bread $ Food Processor $ Mushroom $ Olive $ Appetizer $ Bake $ Rosemary $ Bon Appétit $ Sugar Conscious $ Kidney Friendly $ Vegan $ Vegetarian $ Pescatarian $ Dairy Free $ Peanut Free $ Tree Nut Free $ Soy Free $ No Sugar Added $ Kosher $ Italian $ 
https://www.epicurious.com/recipes/food/views/light-minestrone-15589,Light Minestrone ,"Roasted Vegetable Broth (about 8 cups) $ 3/4 cup elbow macaroni $ 1 14 1/2-ounce can diced tomatoes, drained $ 1 cup sliced green beans $ 3/4 cup chopped yellow crookneck squash $ 1 cup frozen green peas, unthawed $ 2 cups reserved cooked vegetables from Roasted Vegetable Broth $ 1/2 cup chopped fresh basil $ 1/4 cup grated Parmesan cheese $ ",Soup/Stew $ Bean $ Pasta $ Tomato $ Vegetable $ Low Fat $ Bon Appétit $ ,Italian $ ,3.5/4,18,Soup/Stew $ Bean $ Pasta $ Tomato $ Vegetable $ Low Fat $ Bon Appétit $ Italian $ 
https://www.epicurious.com/recipes/food/views/roasted-eggplant-lasagna-with-broiled-tomato-sauce-15581,Roasted Eggplant Lasagna with Broiled Tomato Sauce ,"2 1-pound eggplants, peeled, cut into 1-inch pieces $ 2 tablespoons olive oil $ 2 pounds part-skim ricotta cheese $ 1 1/4 cups freshly grated Parmesan cheese (about 3 ounces) $ 1/2 cup chopped shallots $ 1 tablespoon chopped fresh rosemary $ Broiled Tomato Sauce with Roasted Garlic $ 9 no-boil or oven-ready lasagna noodles $ 8 ounces smoked mozzarella cheese or smoked Gouda cheese, thinly sliced $ ",Pasta $ Tomato $ Vegetable $ Bake $ Vegetarian $ Mozzarella $ Parmesan $ Ricotta $ Bon Appétit $ ,Italian $ ,3/4,31,Pasta $ Tomato $ Vegetable $ Bake $ Vegetarian $ Mozzarella $ Parmesan $ Ricotta $ Bon Appétit $ Italian $ 
https://www.epicurious.com/recipes/food/views/spicy-tomato-sauce-13622,Spicy Tomato Sauce ,"3 garlic cloves, minced $ 3 tablespoons olive oil $ 1 large onion, chopped fine $ 1/2 teaspoon dried hot red pepper flakes $ two 28- to 32-ounce cans tomatoes including juice, puréed coarse in a blender in 2 batches $ 1/2 teaspoon dried thyme, crumbled $ ",Sauce $ Garlic $ Pasta $ Tomato $ Quick & Easy $ Spice $ Winter $ Thyme $ Simmer $ Gourmet $ ,Italian $ ,3/4,7,Sauce $ Garlic $ Pasta $ Tomato $ Quick & Easy $ Spice $ Winter $ Thyme $ Simmer $ Gourmet $ Italian $ 
https://www.epicurious.com/recipes/food/views/vesuvius-tomatoes-2454,Vesuvius Tomatoes ,"2 tablespoons plus 1/2 cup extra-virgin olive oil $ 2 cups finely chopped onions $ 12 large ripe plum tomatoes, halved lengthwise $ 3 large garlic cloves, peeled, bruised $ 12 fresh basil leaves $ 1/2 teaspoon salt $ 1/4 teaspoon sugar $ 1/8 teaspoon dried crushed red pepper $ ",Onion $ Tomato $ Side $ Roast $ Fall $ Bon Appétit $ Cambridge $ Massachusetts $ Vegan $ Vegetarian $ Pescatarian $ Dairy Free $ Wheat/Gluten-Free $ Peanut Free $ Tree Nut Free $ Soy Free $ Kosher $ ,Italian $ ,4/4,3,Onion $ Tomato $ Side $ Roast $ Fall $ Bon Appétit $ Cambridge $ Massachusetts $ Vegan $ Vegetarian $ Pescatarian $ Dairy Free $ Wheat/Gluten-Free $ Peanut Free $ Tree Nut Free $ Soy Free $ Kosher $ Italian $ 
https://www.epicurious.com/recipes/food/views/fresh-tasting-tomato-sauce-and-spaghetti-40033,Fresh-Tasting Tomato Sauce and Spaghetti ,"1 1/2 pounds tomatoes or 2 cups tomato pulp $ 1 to 2 garlic cloves, minced $ 3 to 4 tablespoons extra-virgin olive oil $ Fine sea salt plus 2 to 3 tablespoons salt $ Freshly ground black pepper $ 5 to 6 quarts water $ 14 to 16 ounces spaghetti $ 3 tablespoons chopped fresh basil or any combination of fresh herbs, chopped $ 1/2 cup grated Parmigiano-Reggiano for topping pasta (optional) $ ",Pasta $ Tomato $ Vegetarian $ Parmesan $ Basil $ Fall $ ,Italian $ ,3.5/4,38,Pasta $ Tomato $ Vegetarian $ Parmesan $ Basil $ Fall $ Italian $ 
https://www.epicurious.com/recipes/food/views/bolognese-sauce-107226,Bolognese Sauce ,"2 medium onions, finely chopped $ 4 celery ribs, finely chopped $ 2 medium carrots, finely chopped $ 5 garlic cloves, thinly sliced $ 1/4 cup extra-virgin olive oil $ 1/4 pound pancetta or slab bacon, ground by butcher or thinly sliced and pulsed in food processor until finely chopped $ 1 pound ground veal $ 1 pound ground pork (not lean) $ 1 (6-ounce) can tomato paste $ 1 cup whole milk $ 1 cup dry white wine $ 1 cup water $ 1 teaspoon fresh thyme leaves $ 1 1/4 teaspoons kosher salt $ 1/2 teaspoon black pepper $ ",Sauce $ Pork $ Tomato $ Sauté $ Veal $ Bacon $ White Wine $ Fall $ Simmer $ Gourmet $ Sauce Secrets $ ,Italian $ ,3.5/4,108,Sauce $ Pork $ Tomato $ Sauté $ Veal $ Bacon $ White Wine $ Fall $ Simmer $ Gourmet $ Sauce Secrets $ Italian $ 
https://www.epicurious.com/recipes/food/views/penne-in-country-ragu-108631,Penne in Country Ragù ,"4 tablespoons extra-virgin olive oil $ 4 ounces Italian sweet sausage, casings removed $ 2 garlic cloves, minced $ 1/8 teaspoon dried crushed red pepper $ 2 medium carrots, finely chopped $ 1 medium onion, finely chopped $ 1 celery stalk, finely chopped $ 2 cups finely chopped canned whole Italian-style plum tomatoes $ 1 cup (or more) low-salt chicken broth $ 1/2 cup Chianti or other dry red wine $ 1/2 cup chopped fresh basil $ 12 ounces penne pasta $ 1 cup freshly grated pecorino Romano cheese $ ",Pasta $ Tomato $ Sauté $ Parmesan $ Basil $ Sausage $ Red Wine $ Fall $ Simmer $ Bon Appétit $ ,Italian $ ,3.5/4,54,Pasta $ Tomato $ Sauté $ Parmesan $ Basil $ Sausage $ Red Wine $ Fall $ Simmer $ Bon Appétit $ Italian $ 
https://www.epicurious.com/recipes/food/views/tortellini-with-chicken-and-pesto-794,Tortellini with Chicken and Pesto ,2 large bunches fresh basil (about 4 cups loosely packed leaves) $ 2/3 cup olive oil $ 2/3 cup grated Parmesan cheese $ 4 garlic cloves $ 2 tablespoons pine nuts $ 1 pound fresh cheese tortellini $ 2 cups diced cooked chicken $ Additional grated Parmesan cheese $ ,Chicken $ Garlic $ Pasta $ Kid-Friendly $ Parmesan $ Basil $ Bon Appétit $ Boston $ Massachusetts $ ,Italian $ ,3/4,33,Chicken $ Garlic $ Pasta $ Kid-Friendly $ Parmesan $ Basil $ Bon Appétit $ Boston $ Massachusetts $ Italian $ 
https://www.epicurious.com/recipes/food/views/salsicce-al-pomodoro-15634,Salsicce al Pomodoro ,"1 to 1 1/2 pounds fresh, sweet Italian sausage $ 1 tablespoon extra-virgin olive oil $ 1 28-ounce can Italian-style peeled tomatoes $ 1/8 teaspoon or more hot red pepper flakes $ ",Sauce $ Pork $ Tomato $ Sauté $ Sausage $ Simmer $ ,Italian $ ,3.5/4,4,Sauce $ Pork $ Tomato $ Sauté $ Sausage $ Simmer $ Italian $ 
https://www.epicurious.com/recipes/food/views/gelato-di-crema-15400,Gelato di Crema ,2 cups whole milk $ 6 egg yolks $ 1/3 to 1/2 cup sugar $ Pinch of sea salt $ ,Dairy $ Egg $ Dessert $ Summer $ ,Italian $ ,2.5/4,3,Dairy $ Egg $ Dessert $ Summer $ Italian $ 
https://www.epicurious.com/recipes/food/views/veal-with-prosciutto-and-sage-4093,Veal with Prosciutto and Sage ,"1 tablespoon butter $ 1/4 cup chopped shallots $ 12 fresh whole sage leaves or 1 teaspoon dried, rubbed $ 2 teaspoons chopped fresh thyme or 1 teaspoon dried $ 1 bay leaf $ 1 cup dry white wine $ 1 cup beef stock or canned broth $ 1 cup chicken stock or canned low-salt broth $ 1/2 cup whipping cream $ 8 4-ounce boneless veal rib chops $ All purpose flour $ 2 tablespoons olive oil $ 8 paper-thin prosciutto slices $ ",Sauté $ Veal $ White Wine $ Prosciutto $ Sage $ Bon Appétit $ ,Italian $ ,3.5/4,12,Sauté $ Veal $ White Wine $ Prosciutto $ Sage $ Bon Appétit $ Italian $ 
https://www.epicurious.com/recipes/food/views/pasta-with-white-beans-tomatoes-and-escarole-11492,"Pasta with White Beans, Tomatoes, and Escarole ","1 pound dried white beans such as Great Northern, soaked in enough cold water to cover them by 2 inches overnight or quick-soaked (procedure follows) and drained $ 2 cups finely chopped onion $ 1 1/2 tablespoons minced garlic $ 1 teaspoon dried sage, crumbled $ 3/4 teaspoon dried rosemary, crumbled $ 1/2 teaspoon dried thyme, crumbled $ 1/4 teaspoon dried hot red pepper flakes, or to taste $ 1/4 cup olive oil $ 12 cups packed coarsely shredded escarole $ 1/2 cup dry white wine $ a 28-ounce can Italian tomatoes, drained, reserving the juice, and chopped $ 1/2 cup minced fresh parsley leaves (preferably flat-leafed) $ 1 pound fusilli (corkscrew-shaped pasta) $ freshly grated Parmesan to taste $ ",Bean $ Onion $ Pasta $ Tomato $ Side $ Vegetarian $ Escarole $ Gourmet $ ,Italian $ ,3.5/4,4,Bean $ Onion $ Pasta $ Tomato $ Side $ Vegetarian $ Escarole $ Gourmet $ Italian $ 
https://www.epicurious.com/recipes/food/views/yellow-pepper-risotto-11539,Yellow Pepper Risotto ,"3 yellow bell peppers, chopped $ 1 tablespoon water $ 5 tablespoons unsalted butter $ 1 cup finely diced zucchini $ 4 cups low-salt chicken broth $ 6 shallots, minced (about 1 cup) $ 1 garlic clove, minced $ 1 cup Arborio rice* $ 1/3 cup dry white wine $ 1 cup freshly grated Parmesan cheese $ 2 tablespoons minced flat-leafed parsley leaves $ *available at specialty foods shops and some supermarkets $ ",Rice $ Side $ Parmesan $ Bell Pepper $ Zucchini $ Shallot $ Gourmet $ ,Italian $ ,3.5/4,49,Rice $ Side $ Parmesan $ Bell Pepper $ Zucchini $ Shallot $ Gourmet $ Italian $ 
https://www.epicurious.com/recipes/food/views/nanas-anise-biscotti-451,Nana's Anise Biscotti ,"2 cups sugar $ 1 cup (2 sticks) unsalted butter, room temperature $ 4 large eggs $ 4 1/2 cups all purpose flour $ 4 teaspoons baking powder $ 1 teaspoon salt $ 1/3 cup brandy $ 1 1/2 teaspoons anise extract $ 1 teaspoon vanilla extract $ 1 cup whole almonds, toasted $ 2 tablespoons aniseed $ ",Cookies $ Nut $ Dessert $ Bake $ Almond $ Anise $ Bon Appétit $ California $ Kidney Friendly $ Vegetarian $ Pescatarian $ Peanut Free $ Soy Free $ Kosher $ ,Italian $ ,4/4,67,Cookies $ Nut $ Dessert $ Bake $ Almond $ Anise $ Bon Appétit $ California $ Kidney Friendly $ Vegetarian $ Pescatarian $ Peanut Free $ Soy Free $ Kosher $ Italian $ 
https://www.epicurious.com/recipes/food/views/lighter-lasagna-105543,Lighter Lasagna ,"1 tablespoon extra-virgin olive oil $ 1/2 cup finely chopped onion $ 2 garlic cloves, minced $ 2 pounds chopped plum tomatoes (about 4 cups) $ 1/3 cup plus 2 tablespoons chopped fresh basil $ 1 cup low-fat ricotta cheese $ 1/4 cup (packed) grated low-fat mozzarella cheese $ 8 lasagna noodles, freshly cooked, cut crosswise in half $ 1/4 cup freshly grated Parmesan cheese $ ",Pasta $ Tomato $ Sauté $ Mozzarella $ Parmesan $ Ricotta $ Basil $ Winter $ Healthy $ Bon Appétit $ ,Italian $ ,3/4,8,Pasta $ Tomato $ Sauté $ Mozzarella $ Parmesan $ Ricotta $ Basil $ Winter $ Healthy $ Bon Appétit $ Italian $ 
https://www.epicurious.com/recipes/food/views/slow-roasted-tuna-with-tomatoes-herbs-and-spices-106469,"Slow-Roasted Tuna with Tomatoes, Herbs, and Spices ","1 2 1/4-pound tuna fillet $ 9 whole cloves $ 9 whole coriander seeds $ 3 large garlic cloves, cut into slivers $ 1/3 cup extra-virgin olive oil $ 1 large red onion, thinly sliced $ 1 1/2 pounds plum tomatoes, halved, seeded, chopped $ 1 teaspoon dried oregano $ 1/3 cup white wine vinegar $ ",Fish $ Tomato $ Roast $ Low Carb $ Wheat/Gluten-Free $ Spring $ Bon Appétit $ ,Italian $ Mediterranean $ ,3.5/4,10,Fish $ Tomato $ Roast $ Low Carb $ Wheat/Gluten-Free $ Spring $ Bon Appétit $ Italian $ Mediterranean $ 
https://www.epicurious.com/recipes/food/views/eggplant-parmesan-heros-107588,Eggplant Parmesan Heros ,"3 tablespoons olive oil $ 1 small onion, finely chopped $ 2 garlic cloves, chopped $ 2 (28-oz) cans whole tomatoes in purée, puréed in a blender until smooth $ 2 teaspoons salt $ 3/4 teaspoon black pepper $ 1 (1 1/4-lb) eggplant, cut crosswise into 1/4-inch-thick rounds $ 2 cups all-purpose flour $ 3 1/2 cups fine fresh bread crumbs (from firm white sandwich bread), lightly toasted $ 1 cup finely grated Parmigiano-Reggiano (3 ounces) $ 5 large eggs, lightly beaten $ 2 cups vegetable oil $ 4 (12-inch-long) loaves Italian bread, halved lengthwise $ 1 lb fresh mozzarella, thinly sliced $ ",Sandwich $ Cheese $ Tomato $ Vegetable $ Bake $ Fry $ Super Bowl $ Vegetarian $ Kid-Friendly $ Back to School $ Winter $ Gourmet $ ,American $ Italian $ ,3/4,18,Sandwich $ Cheese $ Tomato $ Vegetable $ Bake $ Fry $ Super Bowl $ Vegetarian $ Kid-Friendly $ Back to School $ Winter $ Gourmet $ American $ Italian $ 
https://www.epicurious.com/recipes/food/views/osso-buco-20036,Osso Buco ,"4 pounds shanks of veal, cut in 2"" pieces $ 1/2 cup flour $ 1 tablespoon salt $ 3 tablespoons olive oil $ 2 tablespoons butter $ 1 cup water $ 1/2 cup white wine $ 1 or 2 cloves garlic, crushed $ 1/2 teaspoon basil, crushed $ Pinch of thyme $ 1 tablespoon minced parsley $ 2 tablespoons tomato paste $ 2 onions, chopped $ 1 teaspoon minced lemon zest $ 4 carrots, scraped and diced $ 1 stalk celery, chopped $ 1 tablespoon minced celery leaves $ ",Onion $ Veal $ Celery $ Carrot $ White Wine $ Winter $ House & Garden $ ,Italian $ ,3.5/4,16,Onion $ Veal $ Celery $ Carrot $ White Wine $ Winter $ House & Garden $ Italian $ 
https://www.epicurious.com/recipes/food/views/asparagus-risotto-303,Asparagus Risotto ,"1 pound asparagus, trimmed, cut into 2-inch lengths $ 5 cups canned low-salt chicken broth $ 2 tablespoons olive oil $ 1/2 cup chopped onion $ 1 1/2 cups arborio rice or medium-grain white rice $ 1/2 cup dry white wine $ 6 tablespoons (3/4 stick) butter $ 3/4 cup freshly grated Parmesan cheese (about 3 ounces) $ ",Rice $ Vegetable $ Side $ Asparagus $ Spring $ Bon Appétit $ Sugar Conscious $ Wheat/Gluten-Free $ Peanut Free $ Tree Nut Free $ Soy Free $ ,Italian $ ,3.5/4,90,Rice $ Vegetable $ Side $ Asparagus $ Spring $ Bon Appétit $ Sugar Conscious $ Wheat/Gluten-Free $ Peanut Free $ Tree Nut Free $ Soy Free $ Italian $ 
https://www.epicurious.com/recipes/food/views/polenta-with-mozzarella-and-parmesan-5730,Polenta with Mozzarella and Parmesan ,3 1/2 cups whole milk $ 3/4 cup yellow cornmeal $ 1/2 teaspoon minced fresh rosemary $ 1 cup grated mozzarella cheese $ 1/2 cup grated Parmesan cheese $ ,Milk/Cream $ Side $ Vegetarian $ Quick & Easy $ Mozzarella $ Parmesan $ Rosemary $ Cornmeal $ Winter $ Bon Appétit $ California $ Pescatarian $ Wheat/Gluten-Free $ Peanut Free $ Tree Nut Free $ Soy Free $ No Sugar Added $ Kosher $ ,Italian $ ,3.5/4,12,Milk/Cream $ Side $ Vegetarian $ Quick & Easy $ Mozzarella $ Parmesan $ Rosemary $ Cornmeal $ Winter $ Bon Appétit $ California $ Pescatarian $ Wheat/Gluten-Free $ Peanut Free $ Tree Nut Free $ Soy Free $ No Sugar Added $ Kosher $ Italian $ 
https://www.epicurious.com/recipes/food/views/tomato-fennel-soup-with-gremolata-1536,Tomato-Fennel Soup with Gremolata ,"2 tablespoons olive oil $ 2 cups finely chopped fennel bulb $ 1 28-ounce can Italian-style tomatoes, drained, juices reserved $ 2 2/3 cups chicken stock or canned low-salt broth $ 1/4 cup fresh lemon juice $ 2 tablespoons chopped fresh parsley $ 2 tablespoons chopped fennel fronds $ 4 teaspoons minced garlic $ 1 1/2 teaspoons grated lemon peel $ ",Soup/Stew $ Herb $ Tomato $ Lemon $ Fennel $ Bon Appétit $ ,Italian $ ,3.5/4,27,Soup/Stew $ Herb $ Tomato $ Lemon $ Fennel $ Bon Appétit $ Italian $ 
https://www.epicurious.com/recipes/food/views/pork-scaloppine-with-sun-dried-tomatoes-and-rosemary-154,Pork Scaloppine with Sun-Dried Tomatoes and Rosemary ,"8 ounces pork tenderloin, well trimmed $ 8 sun-dried tomatoes (not packed in oil) $ 2 teaspoons olive oil $ 2 large garlic cloves, thinly sliced $ 2 tablespoons dry white wine $ 1/2 cup canned unsalted chicken broth $ 1/4 teaspoon minced fresh rosemary $ ",Pork $ Tomato $ Low Carb $ Low Fat $ Rosemary $ Pork Tenderloin $ Bon Appétit $ ,Italian $ ,3.5/4,44,Pork $ Tomato $ Low Carb $ Low Fat $ Rosemary $ Pork Tenderloin $ Bon Appétit $ Italian $ 
https://www.epicurious.com/recipes/food/views/pizza-bianca-with-goat-cheese-and-greens-106098,Pizza Bianca with Goat Cheese and Greens ,"3/4 cup warm water (105°F to 115°F) $ 1 1/2 teaspoons dry yeast (from 1 envelope) $ 1 tablespoon extra-virgin olive oil $ 1 teaspoon salt $ 1 3/4 cups (about) unbleached all purpose flour $ 2 tablespoons extra-virgin olive oil $ 1 large garlic clove, minced $ 1/4 teaspoon dried crushed red pepper $ 1 bunch Swiss chard (about 10 ounces), white ribs cut away $ 2 tablespoons extra-virgin olive oil $ 1 large garlic clove, minced $ Yellow cornmeal $ 8 ounces whole-milk mozzarella cheese, coarsely grated $ 4 ounces soft fresh goat cheese, crumbled (about 1 cup) $ ",Bread $ Cheese $ Leafy Green $ Appetizer $ Bake $ Cocktail Party $ Super Bowl $ Vegetarian $ Dinner $ Lunch $ Goat Cheese $ Mozzarella $ Winter $ Poker/Game Night $ Chard $ Bon Appétit $ Sugar Conscious $ Pescatarian $ Peanut Free $ Tree Nut Free $ Soy Free $ No Sugar Added $ Kosher $ ,Italian $ ,3.5/4,64,Bread $ Cheese $ Leafy Green $ Appetizer $ Bake $ Cocktail Party $ Super Bowl $ Vegetarian $ Dinner $ Lunch $ Goat Cheese $ Mozzarella $ Winter $ Poker/Game Night $ Chard $ Bon Appétit $ Sugar Conscious $ Pescatarian $ Peanut Free $ Tree Nut Free $ Soy Free $ No Sugar Added $ Kosher $ Italian $ 
https://www.epicurious.com/recipes/food/views/stromboli-106161,Stromboli ,"1 lb pizza dough, thawed if frozen $ 1/4 cup finely grated Parmigiano-Reggiano (1/2 oz) $ 3 oz thinly sliced salami (about 12 slices) $ 4 oz thinly sliced provolone (about 12 slices) $ 2/3 cup jarred roasted bell peppers, rinsed and chopped $ 1 large egg, lightly beaten $ ",Cheese $ Bake $ Super Bowl $ Kid-Friendly $ Quick & Easy $ Back to School $ Lunch $ Parmesan $ Meat $ Winter $ Poker/Game Night $ Party $ Gourmet $ Sugar Conscious $ Peanut Free $ Tree Nut Free $ Soy Free $ ,Italian $ ,3.5/4,50,Cheese $ Bake $ Super Bowl $ Kid-Friendly $ Quick & Easy $ Back to School $ Lunch $ Parmesan $ Meat $ Winter $ Poker/Game Night $ Party $ Gourmet $ Sugar Conscious $ Peanut Free $ Tree Nut Free $ Soy Free $ Italian $ 
https://www.epicurious.com/recipes/food/views/pesto-crusted-chicken-breasts-106320,Pesto-Crusted Chicken Breasts ,1 7-ounce package purchased refrigerated pesto $ 1/2 cup chopped walnuts $ 4 tablespoons fresh lemon juice $ 1 teaspoon grated lemon peel $ 4 skinless chicken breast halves with bones $ 1 tablespoon olive oil $ Lemon wedges $ ,Chicken $ Bake $ Basil $ Walnut $ Spring $ Bon Appétit $ ,Italian $ ,3/4,63,Chicken $ Bake $ Basil $ Walnut $ Spring $ Bon Appétit $ Italian $ 
https://www.epicurious.com/recipes/food/views/linguine-with-red-clam-sauce-104174,Linguine with Red Clam Sauce ,"1 tablespoon olive oil $ 1 cup chopped onion $ 6 canned anchovy fillets, drained, chopped $ 3 large garlic cloves, chopped $ 1/2 teaspoon dried crushed red pepper $ 2 14 1/2-ounce cans Italian-style diced tomatoes $ 4 6 1/2-ounce cans chopped clams $ 1/2 cup dry red wine $ 3 tablespoons tomato paste $ 1 pound linguine, freshly cooked $ Chopped fresh parsley $ Grated Parmesan cheese (optional) $ ",Fish $ Onion $ Pasta $ Tomato $ Quick & Easy $ Clam $ Red Wine $ Fall $ Bon Appétit $ ,Italian $ ,3.5/4,41,Fish $ Onion $ Pasta $ Tomato $ Quick & Easy $ Clam $ Red Wine $ Fall $ Bon Appétit $ Italian $ 
https://www.epicurious.com/recipes/food/views/crostini-napoletani-107538,Crostini Napoletani ,"1 baguette, cut into 16 slices, or 8 slices country bread $ 3 garlic cloves, peeled and left whole $ 2 cups fresh ricotta $ 2 tablespoons freshly ground black pepper $ 3 tablespoons chopped fresh oregano $ 16 anchovy fillets, preferably marinated fresh fillets $ 3 tablespoons extra-virgin olive oil $ ",Cheese $ Fish $ Herb $ Appetizer $ Broil $ Ricotta $ Fall $ Sugar Conscious $ Kidney Friendly $ Pescatarian $ Peanut Free $ Tree Nut Free $ Soy Free $ Kosher $ ,Italian $ ,3.5/4,2,Cheese $ Fish $ Herb $ Appetizer $ Broil $ Ricotta $ Fall $ Sugar Conscious $ Kidney Friendly $ Pescatarian $ Peanut Free $ Tree Nut Free $ Soy Free $ Kosher $ Italian $ 
https://www.epicurious.com/recipes/food/views/fresh-pasta-rectangles-107042,Fresh Pasta Rectangles ,"1 2/3 cups plus 1 tablespoon all-purpose flour plus additional $ 3 large eggs, lightly beaten $ Semolina flour for dusting $ a pasta machine or a KitchenAid standing mixer fitted with pasta-maker attachment $ ",Food Processor $ Pasta Maker $ Egg $ Gourmet $ ,Italian $ ,0/4,2,Food Processor $ Pasta Maker $ Egg $ Gourmet $ Italian $ 
https://www.epicurious.com/recipes/food/views/celery-radishes-and-endive-with-anchovy-dressing-107790,"Celery, Radishes, and Endive with Anchovy Dressing ","8 large celery ribs, strings discarded and ribs halved lengthwise $ 1 bunch small radishes $ 1 Belgian endive $ 8 flat anchovy fillets, chopped (1 1/2 tablespoons) $ 1 small garlic clove, chopped $ 1/2 teaspoon salt $ 1/2 teaspoon black pepper $ 1 tablespoon white-wine vinegar $ 6 tablespoons extra-virgin olive oil $ ",Fish $ Appetizer $ No-Cook $ Celery $ Radish $ Endive $ Gourmet $ Sugar Conscious $ Pescatarian $ Paleo $ Dairy Free $ Wheat/Gluten-Free $ Peanut Free $ Tree Nut Free $ Soy Free $ No Sugar Added $ Kosher $ ,Italian $ ,3/4,1,Fish $ Appetizer $ No-Cook $ Celery $ Radish $ Endive $ Gourmet $ Sugar Conscious $ Pescatarian $ Paleo $ Dairy Free $ Wheat/Gluten-Free $ Peanut Free $ Tree Nut Free $ Soy Free $ No Sugar Added $ Kosher $ Italian $ 
https://www.epicurious.com/recipes/food/views/almond-cookies-104570,Almond Cookies ,"2 cups raw almonds with skins (10 1/2 ounces), toasted $ 1/4 cup pine nuts (1 ounce), lightly toasted $ 1 1/3 cups sugar $ 2 to 3 large egg whites $ 2 tablespoons cake flour (not self-rising) $ 1/8 teaspoon salt $ ",Cookies $ Nut $ Bake $ Almond $ Winter $ Gourmet $ ,Italian $ ,3.5/4,24,Cookies $ Nut $ Bake $ Almond $ Winter $ Gourmet $ Italian $ 
https://www.epicurious.com/recipes/food/views/braised-kale-crostini-103417,Braised Kale Crostini ,"12 1/2-inch-thick Italian bread slices (each slice about 2x3 inches) $ 8 tablespoons olive oil $ 5 large garlic cloves, 1 halved and 4 minced $ 1/2 teaspoon dried crushed red pepper $ 1 pound kale, thick ribs and stems cut away, leaves sliced $ 3 1/2 cups canned low-salt chicken broth $ ",Leafy Green $ Appetizer $ Bake $ Braise $ Kale $ Fall $ Bon Appétit $ Sugar Conscious $ Kidney Friendly $ Dairy Free $ Peanut Free $ Tree Nut Free $ Soy Free $ ,Italian $ ,3.5/4,14,Leafy Green $ Appetizer $ Bake $ Braise $ Kale $ Fall $ Bon Appétit $ Sugar Conscious $ Kidney Friendly $ Dairy Free $ Peanut Free $ Tree Nut Free $ Soy Free $ Italian $ 
https://www.epicurious.com/recipes/food/views/harvest-focaccia-105774,Harvest Focaccia ,"2 1/4 cups water, room temperature $ 1 1/4 teaspoons dry yeast $ 4 3/4 cups plus 2 tablespoons unbleached all purpose flour $ 1 1/2 teaspoons salt $ 1 cup seedless red grapes, rinsed, patted dry $ 1 tablespoon plus additional olive oil $ 2 teaspoons chopped fresh thyme $ Yellow cornmeal $ 1/4 cup coarsely chopped walnuts $ 1 teaspoon chopped fresh rosemary $ 1 teaspoon grated lemon peel $ 1 tablespoon raw sugar* $ Coarsely cracked black pepper $ ",Bread $ Bake $ Walnut $ Fall $ Grape $ Bon Appétit $ ,Italian $ ,3.5/4,3,Bread $ Bake $ Walnut $ Fall $ Grape $ Bon Appétit $ Italian $ 
https://www.epicurious.com/recipes/food/views/ricotta-orange-fritters-107832,Ricotta Orange Fritters ,1 large egg $ 3 tablespoons granulated sugar $ 1/2 teaspoon finely grated fresh orange zest $ 1/2 teaspoon fresh orange juice $ 1/2 cup whole-milk ricotta $ 1/3 cup all-purpose flour $ 1/8 teaspoon salt $ 1 cup olive oil $ Confectioners sugar for dusting $ ,Dessert $ Fry $ Quick & Easy $ Ricotta $ Orange $ Gourmet $ Kidney Friendly $ Vegetarian $ Pescatarian $ Peanut Free $ Tree Nut Free $ Soy Free $ Kosher $ ,Italian $ ,3.5/4,23,Dessert $ Fry $ Quick & Easy $ Ricotta $ Orange $ Gourmet $ Kidney Friendly $ Vegetarian $ Pescatarian $ Peanut Free $ Tree Nut Free $ Soy Free $ Kosher $ Italian $ 
https://www.epicurious.com/recipes/food/views/pasta-with-veal-sausage-and-porcini-ragu-103450,"Pasta with Veal, Sausage and Porcini Ragù ","1 cup water $ 1 ounce dried porcini mushrooms* $ 1/4 cup extra-virgin olive oil $ 1 small onion, finely chopped $ 1 small carrot, peeled, finely chopped $ 1/4 cup plus 2 tablespoons finely chopped fresh Italian parsley $ 2 garlic cloves, finely chopped $ 8 ounces sweet Italian sausages, casings removed $ 8 ounces veal stew meat, coarsely chopped $ 1/2 cup dry red wine $ 2 14-ounce cans low-salt chicken broth $ 1 28-ounce can whole tomatoes in juice $ 2 bay leaves $ 2 teaspoons chopped fresh sage $ 1 teaspoon fennel seeds, lightly crushed $ 1 pound fresh pappardelle or purchased fettuccine $ Freshly grated Parmesan cheese $ ",Beef $ Mushroom $ Pasta $ Pork $ Tomato $ Sauté $ Dinner $ Red Wine $ Parsley $ Bon Appétit $ ,Italian $ ,3.5/4,141,Beef $ Mushroom $ Pasta $ Pork $ Tomato $ Sauté $ Dinner $ Red Wine $ Parsley $ Bon Appétit $ Italian $ 
https://www.epicurious.com/recipes/food/views/warm-pasta-salad-with-mushrooms-and-radicchio-10091,Warm Pasta Salad with Mushrooms and Radicchio ,"1/3 pound orecchiette (ear-shaped pasta) or farfalle (bow-tie pasta) $ 2 tablespoons olive oil $ 1/2 pound fresh white mushrooms, sliced $ 1/2 pound fresh shiitake mushrooms, stems discarded and caps sliced $ 1 large garlic clove, minced $ 3 tablespoons red-wine vinegar $ 1/2 cup low-salt chicken broth $ 3/4 cup frozen baby peas, thawed $ 1/2 teaspoon Dijon mustard $ 1/4 pound radicchio, shredded (about 2 cups) $ 1/3 cup freshly grated Parmesan cheese $ ",Salad $ Leafy Green $ Mushroom $ Pasta $ Side $ Quick & Easy $ High Fiber $ Lunch $ Pea $ Fall $ Healthy $ Gourmet $ Peanut Free $ Tree Nut Free $ Soy Free $ No Sugar Added $ ,Italian $ ,2.5/4,14,Salad $ Leafy Green $ Mushroom $ Pasta $ Side $ Quick & Easy $ High Fiber $ Lunch $ Pea $ Fall $ Healthy $ Gourmet $ Peanut Free $ Tree Nut Free $ Soy Free $ No Sugar Added $ Italian $ 
https://www.epicurious.com/recipes/food/views/strawberry-vin-santo-sauce-103468,Strawberry Vin Santo Sauce ,"1 pound fresh strawberries, hulled, quartered (about 4 cups) $ 1/3 cup sugar $ 2 tablespoons Vin Santo,* Muscat wine or cream Sherry $ 1/4 teaspoon vanilla extract $ 1/4 teaspoon (packed) grated lemon peel $ ",Sauce $ Food Processor $ Fruit $ Dessert $ Quick & Easy $ Strawberry $ Lemon $ Fortified Wine $ Summer $ Simmer $ Bon Appétit $ Fat Free $ Kidney Friendly $ Vegan $ Vegetarian $ Pescatarian $ Dairy Free $ Wheat/Gluten-Free $ Peanut Free $ Tree Nut Free $ Soy Free $ Kosher $ ,Italian $ ,4/4,8,Sauce $ Food Processor $ Fruit $ Dessert $ Quick & Easy $ Strawberry $ Lemon $ Fortified Wine $ Summer $ Simmer $ Bon Appétit $ Fat Free $ Kidney Friendly $ Vegan $ Vegetarian $ Pescatarian $ Dairy Free $ Wheat/Gluten-Free $ Peanut Free $ Tree Nut Free $ Soy Free $ Kosher $ Italian $ 
https://www.epicurious.com/recipes/food/views/tuscan-style-pork-roast-arista-104553,Tuscan-Style Pork Roast (arista) ,"6 garlic cloves $ 1/4 cup fresh rosemary $ 2 teaspoons fine sea salt $ 1 (4 1/2- to 5-lb) rib section center-cut pork loin, boned, meat reassembled with bones, and tied by butcher $ ",Garlic $ Pork $ Marinate $ Roast $ Rosemary $ Pork Tenderloin $ Winter $ Gourmet $ ,Italian $ ,3.5/4,42,Garlic $ Pork $ Marinate $ Roast $ Rosemary $ Pork Tenderloin $ Winter $ Gourmet $ Italian $ 
https://www.epicurious.com/recipes/food/views/strawberry-panna-cotta-with-strawberries-and-honey-103528,Strawberry Panna Cotta with Strawberries and Honey ,4 cups halved hulled strawberries (about 2 one-pint baskets) $ 1 1/2 cups low-fat (1%) milk $ 1/2 cup whipping cream $ 1/3 cup sugar $ 1 envelope unflavored gelatin $ 1/2 teaspoon vanilla extract $ 3 tablespoons honey $ ,Milk/Cream $ Food Processor $ Berry $ Dairy $ Fruit $ Dessert $ Strawberry $ Summer $ Chill $ Honey $ Ramekin $ Bon Appétit $ Wheat/Gluten-Free $ Peanut Free $ Tree Nut Free $ Soy Free $ ,Italian $ ,3.5/4,14,Milk/Cream $ Food Processor $ Berry $ Dairy $ Fruit $ Dessert $ Strawberry $ Summer $ Chill $ Honey $ Ramekin $ Bon Appétit $ Wheat/Gluten-Free $ Peanut Free $ Tree Nut Free $ Soy Free $ Italian $ 
https://www.epicurious.com/recipes/food/views/pasta-with-baked-tomato-sauce-104465,Pasta with Baked Tomato Sauce ,"1/3 cup extra-virgin olive oil $ 1 pound very ripe cherry tomatoes, halved $ 1/3 cup plain dry bread crumbs $ 1/4 cup freshly grated Parmigiano-Reggiano cheese $ 2 tablespoons freshly grated pecorino cheese $ 2 garlic cloves, finely chopped $ Salt and freshly ground pepper to taste $ 1 pound dried fusilli (corkscrew) or farfalline (butterfly) pasta $ 1/4 cup loosely packed fresh basil leaves, torn $ ",Pasta $ Tomato $ Bake $ Parmesan $ Basil $ Fall $ ,Italian $ ,3.5/4,83,Pasta $ Tomato $ Bake $ Parmesan $ Basil $ Fall $ Italian $ 
https://www.epicurious.com/recipes/food/views/white-beans-with-sage-and-olive-oil-103458,White Beans with Sage and Olive Oil ,"1 pound dried Great Northern beans $ 6 cups cold water $ 1/4 cup extra-virgin olive oil $ 1 1/2 tablespoons chopped fresh sage $ 1 large garlic clove, minced $ Additional olive oil $ ",Bean $ Garlic $ Herb $ Side $ Vegetarian $ Legume $ Fall $ Sage $ Bon Appétit $ Sugar Conscious $ Kidney Friendly $ Vegan $ Pescatarian $ Paleo $ Dairy Free $ Wheat/Gluten-Free $ Peanut Free $ Tree Nut Free $ Soy Free $ No Sugar Added $ Kosher $ ,Italian $ ,2.5/4,14,Bean $ Garlic $ Herb $ Side $ Vegetarian $ Legume $ Fall $ Sage $ Bon Appétit $ Sugar Conscious $ Kidney Friendly $ Vegan $ Pescatarian $ Paleo $ Dairy Free $ Wheat/Gluten-Free $ Peanut Free $ Tree Nut Free $ Soy Free $ No Sugar Added $ Kosher $ Italian $ 
https://www.epicurious.com/recipes/food/views/michaels-antipasti-104352,Michael's Antipasti ,"15 whole anchovies in salt or 30 anchovy fillets, packed in oil $ 1/4 teaspoon red pepper flakes $ 2 tablespoons chopped flat-leaf parsley $ 1/4 cup olive oil, more if needed $ 2 to 4 red, yellow, or orange bell peppers $ 1 eggplant, sliced 1/2-inch thick $ 2 zucchini sliced 1/2-inch thick $ 2 red onions, sliced 1/2-inch thick $ Coarse salt and freshly ground black pepper $ 1/2 cup black olives $ 1/2 cup green olives $ ",Fish $ Olive $ Onion $ Appetizer $ Roast $ Oscars $ Eggplant $ Bell Pepper $ Zucchini $ Pescatarian $ Paleo $ Dairy Free $ Wheat/Gluten-Free $ Peanut Free $ Tree Nut Free $ Soy Free $ No Sugar Added $ Kosher $ ,Italian $ ,3/4,3,Fish $ Olive $ Onion $ Appetizer $ Roast $ Oscars $ Eggplant $ Bell Pepper $ Zucchini $ Pescatarian $ Paleo $ Dairy Free $ Wheat/Gluten-Free $ Peanut Free $ Tree Nut Free $ Soy Free $ No Sugar Added $ Kosher $ Italian $ 
https://www.epicurious.com/recipes/food/views/braised-lentils-105559,Braised Lentils ,3 tablespoons extra-virgin olive oil $ 1 cup finely chopped red onion $ 2/3 cup finely chopped carrot $ 1/2 cup finely chopped celery $ 1 1/4 cups dried green lentils $ 4 cups chicken stock or canned low-salt chicken broth $ ,Bean $ Onion $ Side $ Braise $ Sauté $ Quick & Easy $ Celery $ Lentil $ Carrot $ Fall $ Bon Appétit $ Dairy Free $ Wheat/Gluten-Free $ Peanut Free $ Tree Nut Free $ Soy Free $ No Sugar Added $ Kosher $ ,Italian $ ,3.5/4,44,Bean $ Onion $ Side $ Braise $ Sauté $ Quick & Easy $ Celery $ Lentil $ Carrot $ Fall $ Bon Appétit $ Dairy Free $ Wheat/Gluten-Free $ Peanut Free $ Tree Nut Free $ Soy Free $ No Sugar Added $ Kosher $ Italian $ 
https://www.epicurious.com/recipes/food/views/beef-rolls-with-parmesan-pine-nuts-olives-and-capers-107804,"Beef Rolls with Parmesan, Pine Nuts, Olives, and Capers ","1 1/2 lb fresh plum tomatoes, coarsely chopped $ 2 large garlic cloves, smashed and peeled $ 1/4 teaspoon salt $ 1/4 teaspoon black pepper $ 4 1/2 tablespoons olive oil $ 1/3 cup pitted green olives, chopped $ 1 tablespoon drained bottled capers, chopped $ 4 tablespoons pine nuts $ 1/4 cup fresh bread crumbs from an Italian loaf $ 2/3 oz finely grated Parmigiano-Reggiano (1/3 cup) $ 4 tablespoons finely chopped fresh flat-leaf parsley $ 2 (1/2-lb) pieces boneless beef top round (1/4 inch thick) $ kitchen string $ ",Beef $ Olive $ Tomato $ Sauté $ Quick & Easy $ Parmesan $ Pine Nut $ Gourmet $ ,Italian $ ,2.5/4,27,Beef $ Olive $ Tomato $ Sauté $ Quick & Easy $ Parmesan $ Pine Nut $ Gourmet $ Italian $ 
https://www.epicurious.com/recipes/food/views/quaresimali-chocolate-alphabet-cookies-103149,Quaresimali (Chocolate Alphabet Cookies) ,3 egg whites $ Pinch of salt $ 1/4 cup superfine sugar $ 1/4 cup powdered sugar $ 6 tablespoons unsweetened cocoa powder $ 2 tablespoons flour $ ,Cookies $ Chocolate $ Egg $ Dessert $ Bake $ Easter $ Kid-Friendly $ Quick & Easy $ Spring $ Fat Free $ Kidney Friendly $ Vegetarian $ Pescatarian $ Dairy Free $ Peanut Free $ Tree Nut Free $ Soy Free $ Kosher $ ,Italian $ ,2/4,6,Cookies $ Chocolate $ Egg $ Dessert $ Bake $ Easter $ Kid-Friendly $ Quick & Easy $ Spring $ Fat Free $ Kidney Friendly $ Vegetarian $ Pescatarian $ Dairy Free $ Peanut Free $ Tree Nut Free $ Soy Free $ Kosher $ Italian $ 
https://www.epicurious.com/recipes/food/views/italian-coleslaw-with-fennel-and-capers-106830,Italian Coleslaw with Fennel and Capers ,"4 cups chopped red cabbage (from about 1/2 large head) $ 1 medium fennel bulb, trimmed, chopped $ 1/2 cup chopped fresh Italian parsley $ 3 tablespoons drained capers $ 3 tablespoons fresh lemon juice $ 2 tablespoons extra-virgin olive oil $ 2 garlic cloves, minced $ ",Vegetable $ Side $ No-Cook $ Low Fat $ Low/No Sugar $ Summer $ Healthy $ Raw $ Bon Appétit $ ,American $ Italian $ ,2.5/4,6,Vegetable $ Side $ No-Cook $ Low Fat $ Low/No Sugar $ Summer $ Healthy $ Raw $ Bon Appétit $ American $ Italian $ 
https://www.epicurious.com/recipes/food/views/patatine-e-carciofi-arrosto-br-roasted-potatoes-and-artichokes-101059,"Patatine e Carciofi Arrosto
                roasted Potatoes and Artichokes ","1 tablespoon finely grated fresh lemon zest $ 3 tablespoons finely chopped fresh flat-leafed parsley or basil leaves $ 2 teaspoons minced garlic $ 2 pounds red potatoes (about 1 1/2 inches in diameter) $ 6 tablespoons extra-virgin olive oil $ freshly ground black pepper $ 3 unpeeled garlic cloves $ 2 fresh rosemary sprigs $ 2 fresh thyme sprigs $ 6 large artichokes (about 4 pounds), trimmed Italian style $ 1 to 1 1/2 cups vegetable broth or water $ 1/2 cup packed fresh flat-leafed parsley leaves $ 1/2 cup packed fresh basil leaves $ ",Herb $ Potato $ Side $ Roast $ Passover $ Vegetarian $ Artichoke $ Spring $ Kosher $ Gourmet $ Vegan $ Pescatarian $ Wheat/Gluten-Free $ Peanut Free $ Tree Nut Free $ Soy Free $ No Sugar Added $ ,Italian $ Jewish $ ,3/4,6,Herb $ Potato $ Side $ Roast $ Passover $ Vegetarian $ Artichoke $ Spring $ Kosher $ Gourmet $ Vegan $ Pescatarian $ Wheat/Gluten-Free $ Peanut Free $ Tree Nut Free $ Soy Free $ No Sugar Added $ Italian $ Jewish $ 
https://www.epicurious.com/recipes/food/views/pasta-with-lemon-cream-and-prosciutto-107652,Pasta with Lemon Cream and Prosciutto ,"2 tablespoons (1/4 stick) butter $ 3 large shallots, minced $ 3/4 cup low-salt chicken broth $ 1 cup whipping cream $ 2 teaspoons grated lemon peel $ 1 teaspoon grated orange peel $ 1/4 teaspoon cayenne pepper $ 2 cups frozen green peas, thawed $ 2 tablespoons thinly sliced fresh mint leaves $ 1 tablespoon fresh lemon juice $ 12 ounces penne pasta $ 12 thin slices prosciutto $ Freshly grated Parmesan cheese $ ",Citrus $ Pasta $ Pork $ Sauté $ Winter $ Prosciutto $ Bon Appétit $ ,Italian $ ,3.5/4,94,Citrus $ Pasta $ Pork $ Sauté $ Winter $ Prosciutto $ Bon Appétit $ Italian $ 
https://www.epicurious.com/recipes/food/views/shrimp-stuffed-portobello-mushrooms-104927,Shrimp-Stuffed Portobello Mushrooms ,"1/4 cup olive oil $ 1/2 cup chopped onion $ 1/4 cup chopped fresh basil $ 3 large garlic cloves, chopped $ 1/2 teaspoon chopped fresh rosemary $ 6 ounces cooked bay shrimp $ 2/3 cup fresh breadcrumbs made from crustless French bread $ 1/2 cup grated Parmesan cheese $ 1/4 cup mayonnaise $ 8 2- to 2 1/2-inch portobello mushrooms, dark gills removed $ ",Mushroom $ Shellfish $ Bake $ Cocktail Party $ Quick & Easy $ Mayonnaise $ Parmesan $ Basil $ Rosemary $ Shrimp $ Bon Appétit $ ,Italian $ ,4/4,156,Mushroom $ Shellfish $ Bake $ Cocktail Party $ Quick & Easy $ Mayonnaise $ Parmesan $ Basil $ Rosemary $ Shrimp $ Bon Appétit $ Italian $ 
https://www.epicurious.com/recipes/food/views/italian-fish-soup-109020,Italian Fish Soup ,"1 lb cleaned squid, bodies and tentacles separated but kept intact $ 1/2 lb large shrimp in shell (21 to 25 per lb), peeled, leaving tail and first segment of shell intact, and deveined $ 1/8 teaspoon black pepper $ 3/4 teaspoon salt $ 1/4 cup olive oil $ 3 garlic cloves, finely chopped $ 1/2 teaspoon dried hot red pepper flakes $ 1/4 teaspoon dried oregano, crumbled $ 1 cup dry white wine $ 4 1/2 cups water $ 12 small hard-shelled clams such as littlenecks (less than 2 inches in diameter), scrubbed $ 12 mussels (preferably cultivated), scrubbed and beards removed $ 4 cups fish stock or bottled clam juice (32 fl oz) $ 2 (14-oz) cans diced tomatoes in juice $ 1 teaspoon sugar $ 1 lb skinless halibut fillet, cut into 1-inch pieces $ 1/4 cup chopped fresh basil $ 1/4 cup chopped fresh flat-leaf parsley $ 1 (12-inch) Italian loaf, cut into 1/2-inch-thick slices $ 2 tablespoons olive oil $ 1 garlic clove, halved crosswise $ 2 tablespoons finely chopped fresh flat-leaf parsley $ Accompaniment: extra-virgin olive oil for drizzling $ ",Soup/Stew $ Fish $ Garlic $ Shellfish $ Sauté $ Stew $ Christmas $ Dinner $ Lunch $ Shrimp $ Squid $ White Wine $ Winter $ Gourmet $ Pescatarian $ Dairy Free $ Peanut Free $ Tree Nut Free $ Soy Free $ ,Italian $ ,3.5/4,12,Soup/Stew $ Fish $ Garlic $ Shellfish $ Sauté $ Stew $ Christmas $ Dinner $ Lunch $ Shrimp $ Squid $ White Wine $ Winter $ Gourmet $ Pescatarian $ Dairy Free $ Peanut Free $ Tree Nut Free $ Soy Free $ Italian $ 
https://www.epicurious.com/recipes/food/views/sweet-peppers-with-pasta-102237,Sweet Peppers with Pasta ,"4 large garlic cloves, minced $ 1/4 cup extra-virgin olive oil $ 6 large red and yellow bell peppers (3 pounds), cut into 2-inch-long julienne $ 1/2 cup dry white wine $ 1 pound penne $ ",Garlic $ Pasta $ Vegetarian $ Bell Pepper $ White Wine $ Fall $ Vegan $ Gourmet $ ,Italian $ ,3.5/4,16,Garlic $ Pasta $ Vegetarian $ Bell Pepper $ White Wine $ Fall $ Vegan $ Gourmet $ Italian $ 
https://www.epicurious.com/recipes/food/views/pot-luck-soup-107545,Pot Luck Soup ,"2 tablespoons olive oil $ 1 tablespoon butter $ 1 medium-sized onion, chopped $ 2 ribs of celery, cut into 1/4-inch dice $ 1 carrot, peeled and cut into 1/4-inch dice $ 2 cloves of garlic, minced $ 1/8 teaspoon ground cloves $ 1 can (35 ounces) Italian plum tomatoes $ 3 to 4 cups canned broth (chicken or vegetable) $ 1/3 cup dried lentils, green or brown $ 1/4 cup dry red wine $ Salt and freshly ground black pepper, to taste $ 1/4 cup chopped flat-leaf parsley $ ",Soup/Stew $ Onion $ Tomato $ Sauté $ Celery $ Lentil $ Carrot $ Red Wine $ Winter $ Simmer $ Parade $ ,Italian $ ,3/4,10,Soup/Stew $ Onion $ Tomato $ Sauté $ Celery $ Lentil $ Carrot $ Red Wine $ Winter $ Simmer $ Parade $ Italian $ 
https://www.epicurious.com/recipes/food/views/penne-alla-gorgonzola-108673,Penne alla Gorgonzola ,"1 pound penne (preferably ridged) $ 3 tablespoons unsalted butter $ 1 tablespoon thinly sliced fresh sage or 1 teaspoon dried sage, crumbled $ 1 cup whole milk $ 1/2 pound Gorgonzola dolce or Saga Blue, rind discarded and cheese cut into pieces (2 cups) $ 1/4 teaspoon black pepper $ 1/8 teaspoon freshly grated nutmeg $ 2 ounces finely grated Parmigiano-Reggiano (1 cup) $ ",Milk/Cream $ Cheese $ Pasta $ Vegetarian $ Quick & Easy $ Blue Cheese $ Parmesan $ Sage $ Gourmet $ ,Italian $ ,3/4,11,Milk/Cream $ Cheese $ Pasta $ Vegetarian $ Quick & Easy $ Blue Cheese $ Parmesan $ Sage $ Gourmet $ Italian $ 
https://www.epicurious.com/recipes/food/views/spaghetti-with-pecorino-romano-and-black-pepper-107264,Spaghetti with Pecorino Romano and Black Pepper ,"Kosher salt or coarse sea salt $ 1 1/2 pounds spaghetti, spaghettoni, tonnarelli or fettuccine $ About 2 cups freshly grated Pecorino Romano $ 1 heaping tablespoon freshly ground black pepper $ ",Cheese $ Pasta $ Side $ Quick & Easy $ Fall $ Sugar Conscious $ Vegetarian $ Pescatarian $ Peanut Free $ Tree Nut Free $ Soy Free $ No Sugar Added $ Kosher $ ,Italian $ ,3/4,6,Cheese $ Pasta $ Side $ Quick & Easy $ Fall $ Sugar Conscious $ Vegetarian $ Pescatarian $ Peanut Free $ Tree Nut Free $ Soy Free $ No Sugar Added $ Kosher $ Italian $ 
https://www.epicurious.com/recipes/food/views/gianduia-mousse-cake-105215,Gianduia Mousse Cake ,9 ounces fine-quality bittersweet chocolate (not unsweetened) $ 7 ounces fine-quality milk chocolate $ 1 cup Nutella * (chocolate-hazelnut spread; from a 13-ounce jar) $ 3/4 cupunsweetened hazelnut butter ** $ 6 large eggs $ 1/2 cup superfine granulated sugar $ 1 cup well-chilled heavy cream $ Accompaniment: whipped cream $ ,Cake $ Chocolate $ Dessert $ Bake $ Hazelnut $ Gourmet $ Vegetarian $ Pescatarian $ Wheat/Gluten-Free $ Peanut Free $ Soy Free $ Kosher $ ,Italian $ ,4/4,45,Cake $ Chocolate $ Dessert $ Bake $ Hazelnut $ Gourmet $ Vegetarian $ Pescatarian $ Wheat/Gluten-Free $ Peanut Free $ Soy Free $ Kosher $ Italian $ 
https://www.epicurious.com/recipes/food/views/roasted-red-pepper-frittata-108670,Roasted Red Pepper Frittata ,"2 red bell peppers $ 12 large eggs $ 1/4 cup whole milk $ 1 1/2 ounces finely grated Parmigiano-Reggiano (3/4 cup) $ 2 garlic cloves, minced $ 1/2 teaspoon salt $ 1/2 teaspoon black pepper $ 1 pound tomatoes (2 large), peeled (see cooks' note below), seeded, and chopped $ 1/4 cup chopped fresh basil $ 3 tablespoons olive oil $ 2 tablespoons finely chopped fresh flat-leaf parsley $ ",Egg $ Tomato $ Breakfast $ Brunch $ Broil $ Vegetarian $ Quick & Easy $ Lunch $ Parmesan $ Basil $ Bell Pepper $ Fall $ Healthy $ Gourmet $ Pescatarian $ Wheat/Gluten-Free $ Peanut Free $ Tree Nut Free $ Soy Free $ No Sugar Added $ Kosher $ ,Italian $ ,2.5/4,3,Egg $ Tomato $ Breakfast $ Brunch $ Broil $ Vegetarian $ Quick & Easy $ Lunch $ Parmesan $ Basil $ Bell Pepper $ Fall $ Healthy $ Gourmet $ Pescatarian $ Wheat/Gluten-Free $ Peanut Free $ Tree Nut Free $ Soy Free $ No Sugar Added $ Kosher $ Italian $ 
https://www.epicurious.com/recipes/food/views/spaghetti-with-sweet-100-tomatoes-garlic-chives-and-lemon-basil-107560,"Spaghetti with Sweet 100 Tomatoes, Garlic Chives, and Lemon Basil ","Kosher salt $ 1/4 cup extra-virgin olive oil $ 4 garlic cloves, thinly sliced $ 1 pint Sweet 100 tomatoes or other tiny tomatoes $ 1/2 bunch of garlic chives, cut into 1-inch lengths $ 12 fresh lemon basil leaves, finely shredded $ Freshly ground black pepper, to taste $ 1 pound spaghetti $ ",Herb $ Pasta $ Tomato $ Sauté $ Summer $ Healthy $ Boil $ ,Italian $ ,3/4,4,Herb $ Pasta $ Tomato $ Sauté $ Summer $ Healthy $ Boil $ Italian $ 
https://www.epicurious.com/recipes/food/views/rustic-nectarine-and-blackberry-crostata-with-cornmeal-crust-106869,Rustic Nectarine and Blackberry Crostata with Cornmeal Crust ,"1 2/3 cups all purpose flour $ 1/4 cup polenta (coarse cornmeal)* $ 3 tablespoons sugar $ 1 teaspoon (packed) grated orange peel $ 3/4 teaspoon salt $ 14 tablespoons (1 3/4 sticks) chilled unsalted butter, cut into 1/2-inch cubes $ 1/3 cup (or more) ice water $ 1/4 cup sugar $ 1 1/2 teaspoons cornstarch $ 4 medium nectarines, each pitted and cut into 16 slices $ 1 1/2-pint basket blackberries $ 1/2 teaspoon vanilla extract $ 1 egg, beaten to blend (for glaze) $ Raw sugar crystals $ Peach preserves, heated $ Vanilla ice cream $ ",Berry $ Fruit $ Dessert $ Bake $ Blackberry $ Nectarine $ Summer $ Bon Appétit $ ,American $ Italian $ ,3.5/4,55,Berry $ Fruit $ Dessert $ Bake $ Blackberry $ Nectarine $ Summer $ Bon Appétit $ American $ Italian $ 
https://www.epicurious.com/recipes/food/views/trippa-alla-romana-107811,Trippa alla Romana ,"3 lb raw beef honeycomb tripe (not partially cooked) $ 1/3 cup extra-virgin olive oil $ 1 large onion, chopped $ 2 carrots, chopped $ 2 celery ribs, chopped $ 2 garlic cloves, chopped $ 1/2 teaspoon salt $ 1/4 teaspoon pepper $ 2/3 cup dry white wine $ 1 (32-oz) can whole tomatoes in juice, with juice reserved $ 2 cups cold water $ 1/4 cup fresh mint, chopped $ Salt and pepper, to taste $ Garnish: Pecorino Romano and chopped mint $ ",Beef $ Onion $ Tomato $ Mint $ Celery $ Carrot $ Winter $ Gourmet $ ,Italian $ ,3.5/4,11,Beef $ Onion $ Tomato $ Mint $ Celery $ Carrot $ Winter $ Gourmet $ Italian $ 
https://www.epicurious.com/recipes/food/views/pesto-105234,Pesto ,1 small garlic clove $ 1/4 cup pine nuts $ 1 cup fresh basil $ 1/4 teaspoon salt $ 1/3 cup extra-virgin olive oil $ ,Garlic $ Condiment $ Basil $ Pine Nut $ Summer $ Gourmet $ ,Italian $ ,2.5/4,12,Garlic $ Condiment $ Basil $ Pine Nut $ Summer $ Gourmet $ Italian $ 
https://www.epicurious.com/recipes/food/views/creamy-lemon-tart-106503,Creamy Lemon Tart ,"1 cup (2 sticks) unsalted butter, room temperature $ 2 large egg yolks $ 1 tablespoon sugar $ 2 1/4 cups unbleached all purpose flour $ 1/4 teaspoon salt $ 3 tablespoons (about) water $ 5 large eggs $ 1 cup sugar $ 3/4 cup heavy whipping cream $ 2/3 cup fresh lemon juice $ 3 tablespoons grated lemon peel $ ",Dairy $ Dessert $ Bake $ Lemon $ Spring $ Bon Appétit $ Kidney Friendly $ Vegetarian $ Pescatarian $ Peanut Free $ Tree Nut Free $ Soy Free $ Kosher $ ,Italian $ ,3.5/4,15,Dairy $ Dessert $ Bake $ Lemon $ Spring $ Bon Appétit $ Kidney Friendly $ Vegetarian $ Pescatarian $ Peanut Free $ Tree Nut Free $ Soy Free $ Kosher $ Italian $ 
https://www.epicurious.com/recipes/food/views/chocolate-almond-torte-106496,Chocolate Almond Torte ,"1 1/2 cups blanched slivered almonds $ 1 cup sugar $ 8 ounces bittersweet (not unsweetened) or semisweet chocolate, chopped $ 5 large eggs, separated $ 1/2 teaspoon almond extract $ 1/2 teaspoon grated lemon peel $ 1/2 cup (1 stick) unsalted butter, melted, cooled $ 1/4 teaspoon salt $ Powdered sugar $ ",Cake $ Chocolate $ Dessert $ Bake $ Almond $ Bon Appétit $ Kidney Friendly $ Vegetarian $ Pescatarian $ Wheat/Gluten-Free $ Peanut Free $ Soy Free $ Kosher $ ,Italian $ ,3.5/4,42,Cake $ Chocolate $ Dessert $ Bake $ Almond $ Bon Appétit $ Kidney Friendly $ Vegetarian $ Pescatarian $ Wheat/Gluten-Free $ Peanut Free $ Soy Free $ Kosher $ Italian $ 
https://www.epicurious.com/recipes/food/views/soft-polenta-with-leeks-100534,Soft Polenta with Leeks ,"3 tablespoons butter $ 3 large leeks (white and pale green parts only), thinly sliced $ 2 1/4 cups (or more) water $ 2 cups canned chicken broth $ 1 bay leaf $ 1 cup polenta* $ 1/3 cup freshly grated Parmesan cheese $ *Sold at Italian markets, natural foods stores and some supermarkets. If unavailable, substitute 1 cup regular yellow cornmeal, and cook leek-cornmeal mixture for about 15 minutes rather than 35 minutes. $ ",Side $ Quick & Easy $ Parmesan $ Cornmeal $ Leek $ Winter $ Bon Appétit $ Peanut Free $ Tree Nut Free $ Soy Free $ No Sugar Added $ ,Italian $ ,3.5/4,21,Side $ Quick & Easy $ Parmesan $ Cornmeal $ Leek $ Winter $ Bon Appétit $ Peanut Free $ Tree Nut Free $ Soy Free $ No Sugar Added $ Italian $ 
https://www.epicurious.com/recipes/food/views/fried-sweet-cheese-ravioli-with-honey-106494,Fried Sweet Cheese Ravioli with Honey ,"4 cups coarsely grated whole-milk mozzarella cheese $ 15-ounce container whole-milk or part-skim ricotta cheese $ 1 cup grated pecorino Sardo or pecorino Romano cheese $ 4 teaspoons grated lemon peel $ 4 cups bread flour $ 1/2 teaspoon salt $ 4 large eggs, beaten to blend $ 1/4 cup (1/2 stick) unsalted butter, cut into 1/2-inch pieces, room temperature $ 1/2 cup plus 2 tablespoons (about) room-temperature water $ Corn oil or olive oil (for frying) $ Honey (preferably chestnut) $ ",Cheese $ Pasta $ Dessert $ Fry $ Valentine's Day $ New Year's Eve $ Bon Appétit $ Sugar Conscious $ Kidney Friendly $ Vegetarian $ Pescatarian $ Peanut Free $ Soy Free $ Kosher $ ,Italian $ Mediterranean $ ,1/4,2,Cheese $ Pasta $ Dessert $ Fry $ Valentine's Day $ New Year's Eve $ Bon Appétit $ Sugar Conscious $ Kidney Friendly $ Vegetarian $ Pescatarian $ Peanut Free $ Soy Free $ Kosher $ Italian $ Mediterranean $ 
https://www.epicurious.com/recipes/food/views/palermo-pasta-with-clam-sauce-106219,Palermo Pasta with Clam Sauce ,"5 tablespoons butter $ 6 caper-wrapped anchovies in oil, drained (1 1/2 tablespoons oil reserved), chopped $ 5 garlic cloves, finely chopped $ 2 10-ounce cans baby clams, drained well, juices reserved $ 3/4 cup dry white wine $ 1/2 cup whipping cream $ 1 pound spaghettini $ 1/2 cup (packed) sliced fresh basil $ Lemon wedges $ ",Pasta $ Shellfish $ Sauté $ Dinner $ Seafood $ Clam $ Winter $ Noodle $ Bon Appétit $ Sugar Conscious $ Pescatarian $ Peanut Free $ Tree Nut Free $ Soy Free $ ,Italian $ ,3/4,36,Pasta $ Shellfish $ Sauté $ Dinner $ Seafood $ Clam $ Winter $ Noodle $ Bon Appétit $ Sugar Conscious $ Pescatarian $ Peanut Free $ Tree Nut Free $ Soy Free $ Italian $ 
https://www.epicurious.com/recipes/food/views/risotto-croquettes-with-mozzarella-and-prosciutto-106455,Risotto Croquettes with Mozzarella and Prosciutto ,"3 cups canned low-salt chicken broth $ 1 tablespoon unsalted butter $ 1/2 medium onion, chopped $ 1 1/4 cups (8 to 9 ounces) arborio rice $ 1/3 cup dry white wine $ 1/2 cup freshly grated Parmesan $ 2 large eggs $ All purpose flour $ 2 cups finely ground fresh breadcrumbs made from crustless Italian or French bread $ 2/3 cup finely diced whole-milk mozzarella cheese $ 1/3 cup finely chopped prosciutto $ Vegetable oil (for deep-frying) $ ",Rice $ Appetizer $ Fry $ Mozzarella $ White Wine $ Prosciutto $ Bon Appétit $ Sugar Conscious $ Kidney Friendly $ Peanut Free $ Tree Nut Free $ Soy Free $ ,Italian $ Mediterranean $ ,3.5/4,19,Rice $ Appetizer $ Fry $ Mozzarella $ White Wine $ Prosciutto $ Bon Appétit $ Sugar Conscious $ Kidney Friendly $ Peanut Free $ Tree Nut Free $ Soy Free $ Italian $ Mediterranean $ 
https://www.epicurious.com/recipes/food/views/italian-pea-pottage-108556,Italian Pea Pottage ,"2 slices thick-cut smoked bacon $ 1 large red onion, diced $ 1 quart stock $ 1 pound dried green split peas, rinsed $ 1/2 teaspoon freshly milled black pepper $ 1 tablespoon salt $ 1 tablespoon crushed aniseed $ 1 cup finely chopped flat-leaf parsley $ 1 cup shredded smoked duck breast $ ",Soup/Stew $ Duck $ Onion $ Bacon $ Pea $ Fall $ Parsley $ Simmer $ ,Italian $ ,0/4,0,Soup/Stew $ Duck $ Onion $ Bacon $ Pea $ Fall $ Parsley $ Simmer $ Italian $ 
https://www.epicurious.com/recipes/food/views/artichoke-bottoms-braised-in-olive-oil-with-garlic-and-mint-106242,Artichoke Bottoms Braised in Olive Oil with Garlic and Mint ,"6 large artichokes (10 to 12 oz each) $ 1 lemon, halved $ 1 cup water $ 1/3 cup extra-virgin olive oil $ 1 tablespoon finely chopped garlic $ 2 teaspoons kosher salt $ 1 tablespoon finely chopped fresh mint $ Garnish: chopped fresh mint $ a melon-ball cutter $ ",Garlic $ Appetizer $ Braise $ Vegetarian $ Mint $ Artichoke $ Gourmet $ Sugar Conscious $ Vegan $ Pescatarian $ Paleo $ Dairy Free $ Wheat/Gluten-Free $ Peanut Free $ Tree Nut Free $ Soy Free $ No Sugar Added $ Kosher $ ,Italian $ ,3/4,3,Garlic $ Appetizer $ Braise $ Vegetarian $ Mint $ Artichoke $ Gourmet $ Sugar Conscious $ Vegan $ Pescatarian $ Paleo $ Dairy Free $ Wheat/Gluten-Free $ Peanut Free $ Tree Nut Free $ Soy Free $ No Sugar Added $ Kosher $ Italian $ 
https://www.epicurious.com/recipes/food/views/summer-tomato-and-basil-spaghettini-108432,Summer Tomato and Basil Spaghettini ,"2 1/2 pounds plum tomatoes, shallow X cut in skin on side opposite stem $ 1 cup pitted Niçois or Kalamata olives, halved $ 8 tablespoons extra-virgin olive oil $ 1/2 cup thinly sliced fresh basil leaves $ 1/3 cup chopped shallots $ 1 cup coarse fresh breadcrumbs made from crustless French bread $ 1 pound spaghettini $ 1 8-ounce ball water-packed mozzarella cheese, cut into 1 1/2x1/4-inch strips $ Fresh basil sprigs $ ",Herb $ Pasta $ Tomato $ Appetizer $ Sauté $ Vegetarian $ Quick & Easy $ Basil $ Summer $ Bon Appétit $ Pescatarian $ Peanut Free $ Tree Nut Free $ Soy Free $ Kosher $ ,American $ Italian $ ,3/4,6,Herb $ Pasta $ Tomato $ Appetizer $ Sauté $ Vegetarian $ Quick & Easy $ Basil $ Summer $ Bon Appétit $ Pescatarian $ Peanut Free $ Tree Nut Free $ Soy Free $ Kosher $ American $ Italian $ 
https://www.epicurious.com/recipes/food/views/tiramisu-with-brandy-custard-103162,Tiramisu with Brandy Custard ,6 large eggs $ 1 1/3 cups sugar $ 5 tablespoons brandy $ 1 1/2 pounds mascarpone cheese* $ 1 1/2 cups water $ 1/2 cup instant espresso powder $ 3/4 cup chilled whipping cream $ 44 (about) crisp Italian ladyfinger cookies (from two 7-ounce packages)** $ 1/2 cup unsweetened cocoa powder $ 1/4 cup powdered sugar $ ,Coffee $ Milk/Cream $ Dairy $ Egg $ Dessert $ Graduation $ Brandy $ Spring $ Bon Appétit $ Kidney Friendly $ Vegetarian $ Pescatarian $ Peanut Free $ Tree Nut Free $ Soy Free $ Kosher $ ,Italian $ ,3.5/4,87,Coffee $ Milk/Cream $ Dairy $ Egg $ Dessert $ Graduation $ Brandy $ Spring $ Bon Appétit $ Kidney Friendly $ Vegetarian $ Pescatarian $ Peanut Free $ Tree Nut Free $ Soy Free $ Kosher $ Italian $ 
https://www.epicurious.com/recipes/food/views/tuaca-zabaglione-with-sauteed-vanilla-pears-105571,Tuaca Zabaglione with Sauteed Vanilla Pears ,"2 tablespoons (1/4 stick) unsalted butter $ 2 1/4 pounds firm but ripe pears (about 6), peeled, cored, cut into 1/2-inch pieces $ 1/4 cup (packed) golden brown sugar $ 2 tablespoons sugar $ 1/4 cup Pinot Grigio or other dry white wine $ 1/2 vanilla bean, split lengthwise in half $ 8 large egg yolks $ 1/2 cup sugar $ 6 tablespoons Tuaca liqueur $ 2 tablespoons plus 1 cup chilled whipping cream $ 1/4 teaspoon ground cinnamon $ Powdered sugar $ ",Liqueur $ Egg $ Dessert $ Sauté $ Pear $ Vanilla $ White Wine $ Winter $ Bon Appétit $ Vegetarian $ Pescatarian $ Wheat/Gluten-Free $ Peanut Free $ Tree Nut Free $ Soy Free $ Kosher $ ,Italian $ ,3.5/4,5,Liqueur $ Egg $ Dessert $ Sauté $ Pear $ Vanilla $ White Wine $ Winter $ Bon Appétit $ Vegetarian $ Pescatarian $ Wheat/Gluten-Free $ Peanut Free $ Tree Nut Free $ Soy Free $ Kosher $ Italian $ 
https://www.epicurious.com/recipes/food/views/fennel-seed-focaccia-with-kalamata-olives-104194,Fennel Seed Focaccia with Kalamata Olives ,"1 1/4 cups unbleached all purpose flour $ 1/4 teaspoon dry yeast $ 3/4 cup lukewarm water (95°F to 100°F) $ 1/4 cup warm water (105°F to 115°F) $ 1/2 teaspoon dry yeast $ 1 cup plus 2 tablespoons cool water (85°F to 90°F) $ 2 tablespoons olive oil $ 5 teaspoons coarse salt $ 1 1/2 tablespoons milk $ 2 teaspoons fennel seeds, crushed $ 3 2/3 cups (about) bread flour $ 1 cup pitted Kalamata olives; 2/3 cup chopped, 1/3 cup quartered $ ",Bread $ Olive $ Side $ Bake $ Bon Appétit $ Sugar Conscious $ Vegetarian $ Pescatarian $ Peanut Free $ Tree Nut Free $ Soy Free $ No Sugar Added $ Kosher $ ,Italian $ ,3.5/4,4,Bread $ Olive $ Side $ Bake $ Bon Appétit $ Sugar Conscious $ Vegetarian $ Pescatarian $ Peanut Free $ Tree Nut Free $ Soy Free $ No Sugar Added $ Kosher $ Italian $ 
https://www.epicurious.com/recipes/food/views/ricotta-and-spinach-tortelloni-in-tomato-sauce-102856,Ricotta and Spinach Tortelloni in Tomato Sauce ,"5 tablespoons olive oil $ 1 cup chopped onion $ 12 garlic cloves, sliced $ 6 large tomatoes, chopped (about 5 cups) $ 1 cup chopped fresh basil $ 1 10-ounce package spinach leaves, stems trimmed $ 1 cup ricotta cheese $ 1/2 cup freshly grated Parmesan cheese $ Ground nutmeg $ 24 square wonton wrappers $ ",Garlic $ Leafy Green $ Pasta $ Tomato $ Sauté $ Vegetarian $ Quick & Easy $ Parmesan $ Ricotta $ Winter $ Boil $ Bon Appétit $ ,Italian $ ,3.5/4,3,Garlic $ Leafy Green $ Pasta $ Tomato $ Sauté $ Vegetarian $ Quick & Easy $ Parmesan $ Ricotta $ Winter $ Boil $ Bon Appétit $ Italian $ 
https://www.epicurious.com/recipes/food/views/eggplant-manicotti-with-ricotta-asiago-and-spinach-filling-105539,"Eggplant Manicotti with Ricotta, Asiago, and Spinach Filling ","3 tablespoons olive oil $ 1 large onion, chopped $ 3/4 cup chopped celery $ 1 large carrot, peeled, chopped $ 1/4 cup chopped garlic $ 1/2 cup dry red wine $ 1 28-ounce can crushed tomatoes with added puree $ 1 cup chicken stock or canned low-salt chicken broth $ 1 cup chopped fresh basil (from about 2 large bunches) $ 1 pound fresh or whole-milk ricotta cheese $ 1 cup grated Asiago cheese* (about 3 ounces) $ 3/4 cup chopped fresh baby spinach $ 1/2 teaspoon ground nutmeg $ 1/8 teaspoon cayenne pepper $ 1 large egg $ 2 medium eggplants, unpeeled, each cut lengthwise into eight 1/3-inch-thick slices $ 1/4 cup (about) olive oil $ 1/4 cup freshly grated Parmesan cheese $ ",Cheese $ Garlic $ Tomato $ Bake $ Parmesan $ Ricotta $ Basil $ Eggplant $ Spinach $ Winter $ Bon Appétit $ Illinois $ ,Italian $ ,3.5/4,36,Cheese $ Garlic $ Tomato $ Bake $ Parmesan $ Ricotta $ Basil $ Eggplant $ Spinach $ Winter $ Bon Appétit $ Illinois $ Italian $ 
https://www.epicurious.com/recipes/food/views/winter-squash-stuffed-pasta-with-almonds-108867,Winter Squash-Stuffed Pasta with Almonds ,"1 cup unbleached all-purpose flour plus additional for dusting $ 1/2 cup cake flour (not self-rising) $ 1/2 teaspoon salt $ 2 whole large eggs, lightly beaten $ 1 tablespoon water $ 2 (12-oz) boxes frozen butternut squash (winter squash), cooked according to package directions and drained in a colander $ 2 large egg yolks, lightly beaten $ 1/4 cup finely ground amaretti crumbs* (from about 5 crisp Italian macaroons) $ 2 1/4 oz very finely grated Parmigiano-Reggiano (1 cup) $ 1/8 teaspoon black pepper $ 3 1/2 cups chicken stock $ 3 tablespoons olive oil $ 1/4 cup sliced almonds $ Garnish: fresh chives $ a pasta machine $ ",Food Processor $ Egg $ Lunch $ Parmesan $ Almond $ Squash $ Winter $ Gourmet $ Pescatarian $ Peanut Free $ Soy Free $ Kosher $ ,Italian $ ,3/4,0,Food Processor $ Egg $ Lunch $ Parmesan $ Almond $ Squash $ Winter $ Gourmet $ Pescatarian $ Peanut Free $ Soy Free $ Kosher $ Italian $ 
https://www.epicurious.com/recipes/food/views/spicy-marinated-mozzarella-with-oregano-and-capers-106102,Spicy Marinated Mozzarella with Oregano and Capers ,"12 ounces fresh water-packed mozzarella cheese, drained, cut into 1/4-inch-thick slices $ 6 tablespoons extra-virgin olive oil $ 2 garlic cloves, minced $ 1/4 teaspoon dried crushed red pepper $ 1 tablespoon minced fresh oregano $ 1/4 teaspoon coarse salt $ 1/4 teaspoon ground black pepper $ 2 tablespoons capers, chopped $ ",Salad $ Cheese $ Appetizer $ Picnic $ Low Carb $ Quick & Easy $ Backyard BBQ $ Mozzarella $ Summer $ Party $ Oregano $ Capers $ Bon Appétit $ ,Italian $ ,3.5/4,52,Salad $ Cheese $ Appetizer $ Picnic $ Low Carb $ Quick & Easy $ Backyard BBQ $ Mozzarella $ Summer $ Party $ Oregano $ Capers $ Bon Appétit $ Italian $ 
https://www.epicurious.com/recipes/food/views/veal-scaloppine-with-eggplant-and-mushrooms-106317,Veal Scaloppine with Eggplant and Mushrooms ,"1 pound eggplant, cut crosswise into 1/4-inch-thick slices $ 4 tablespoons olive oil $ 1 cup all purpose flour $ 12 2-ounce slices veal top round, pounded to 1/4-inch thickness $ 2 tablespoons (1/4 stick) butter $ 4 ounces button mushrooms, sliced (about 1 1/2 cups) $ 1 cup whipping cream $ 1/4 cup Madeira $ 1 tablespoon porcini powder $ 2 tablespoons chopped fresh Italian parsley $ ",Mushroom $ Potato $ Sauté $ Veal $ Eggplant $ Bon Appétit $ ,Italian $ ,3.5/4,6,Mushroom $ Potato $ Sauté $ Veal $ Eggplant $ Bon Appétit $ Italian $ 
https://www.epicurious.com/recipes/food/views/veal-gremolata-5724,Veal Gremolata ,3 tablespoons chopped fresh Italian parsley $ 3 teaspoons finely chopped garlic $ 1 1/2 teaspoons grated lemon peel $ 10 ounces thin veal scallops $ 2 tablespoons (1/4 stick) unsalted butter $ 1 1/2 tablespoons fresh lemon juice $ ,Garlic $ Sauté $ Low Carb $ Quick & Easy $ Wheat/Gluten-Free $ Lemon $ Veal $ Bon Appétit $ ,Italian $ ,3/4,13,Garlic $ Sauté $ Low Carb $ Quick & Easy $ Wheat/Gluten-Free $ Lemon $ Veal $ Bon Appétit $ Italian $ 
https://www.epicurious.com/recipes/food/views/pasta-dough-for-agnolotti-105858,Pasta Dough for Agnolotti ,1 3/4 cups (8 ounces) all-purpose flour $ 6 large egg yolks $ 1 large egg $ 1 1/2 teaspoons olive oil $ 1 tablespoon milk $ ,Egg $ ,Italian $ ,3.5/4,10,Egg $ Italian $ 
https://www.epicurious.com/recipes/food/views/neapolitan-ricotta-and-wheatberry-pie-104912,Neapolitan Ricotta and Wheatberry Pie ,"1/2 cup hulled soft wheatberries* $ 2 1/4 cups plus 3 tablespoons all-purpose flour $ 1/2 cup plus 1/3 cup sugar $ 1 teaspoon baking powder $ 1 teaspoon salt $ 1 1/2 sticks (3/4 cup) cold unsalted butter, cut into pieces $ 3 whole large eggs $ 4 cups cold water $ 4 large egg yolks $ 1 tablespoon cornstarch $ 1 1/4 cups milk $ 1 teaspoon vanilla $ 1 pound fresh ricotta $ 1/2 teaspoon orange-flower water** $ 1 1/4 teaspoons finely grated fresh orange zest $ 2 tablespoons finely chopped candied citron*** $ 1/4 teaspoon cinnamon $ *available at natural foods stores and Middle Eastern markets $ **available in the supermarket 's bar section or in the baking aisle, or by mail order from Kalustyan's (212-685-3451) $ ***available at specialty foods shops and some supermarkets $ a fluted pastry wheel $ ",Milk/Cream $ Cheese $ Egg $ Dessert $ Bake $ Easter $ Ricotta $ Orange $ Spring $ Whole Wheat $ Gourmet $ Vegetarian $ Pescatarian $ Peanut Free $ Tree Nut Free $ Soy Free $ Kosher $ ,Italian $ ,2.5/4,8,Milk/Cream $ Cheese $ Egg $ Dessert $ Bake $ Easter $ Ricotta $ Orange $ Spring $ Whole Wheat $ Gourmet $ Vegetarian $ Pescatarian $ Peanut Free $ Tree Nut Free $ Soy Free $ Kosher $ Italian $ 
https://www.epicurious.com/recipes/food/views/tiny-potato-dumplings-with-tomato-onion-and-guanciale-sauce-107797,"Tiny Potato Dumplings with Tomato, Onion, and Guanciale Sauce ","1 tablespoon olive oil $ 5 oz guanciale (cured pork jowl)* or pancetta, finely chopped (1/2 cup) $ 1 large red onion, finely chopped (1 1/4 cups) $ 1 small garlic clove, minced $ 1 (28- to 32-oz) can plum tomatoes, drained (reserving juice) and finely chopped $ 1/2 cup water $ 1 teaspoon sugar $ 1/2 teaspoon salt $ 1 1/2 lb yellow-fleshed potatoes such as Yukon Gold $ 1 1/2 cups all-purpose flour plus additional for dusting $ 1 1/4 teaspoons salt $ Accompaniment: finely grated Pecorino Romano $ a potato ricer $ ",Pork $ Potato $ Tomato $ Sauté $ Winter $ Gourmet $ ,Italian $ ,3.5/4,10,Pork $ Potato $ Tomato $ Sauté $ Winter $ Gourmet $ Italian $ 
https://www.epicurious.com/recipes/food/views/strawberry-panna-cotta-with-strawberry-compote-106549,Strawberry Panna Cotta with Strawberry Compote ,"3 cups sliced strawberries (1 pound) $ 1 3/4 cups well-shaken low-fat buttermilk $ 6 tablespoons sugar $ 2 1/2 teaspoons unflavored gelatin, from less than 2 (1/4-oz) envelopes $ 1/4 cup whole milk $ 1/4 cup heavy cream $ 2 1/2 cups strawberries (preferably small; 3/4 lb), trimmed $ 1/4 cup fresh orange juice $ 2 teaspoons superfine granulated sugar $ 6 (6-oz) stainless-steel or ceramic molds $ ",Milk/Cream $ Dessert $ Low Fat $ Strawberry $ Spring $ Healthy $ Gourmet $ ,Italian $ ,3.5/4,16,Milk/Cream $ Dessert $ Low Fat $ Strawberry $ Spring $ Healthy $ Gourmet $ Italian $ 
https://www.epicurious.com/recipes/food/views/ginger-fig-and-cranberry-semifreddo-with-blackberry-sauce-104853,"Ginger, Fig, and Cranberry Semifreddo with Blackberry Sauce ","8 large egg yolks $ 2/3 cup sugar $ 1/2 cup dry white wine $ 2 tablespoons grated orange peel $ 2 3/4 cups chilled whipping cream $ 1/3 cup dried Calimyrna figs, finely chopped $ 1/3 cup dried cranberries, finely chopped $ 1/4 cup minced crystallized ginger $ Blackberry Sauce $ ",Mixer $ Egg $ Fruit $ Ginger $ Dessert $ Freeze/Chill $ Frozen Dessert $ Cranberry $ Fig $ White Wine $ Spring $ Candy Thermometer $ Bon Appétit $ Kidney Friendly $ Vegetarian $ Pescatarian $ Wheat/Gluten-Free $ Peanut Free $ Tree Nut Free $ Soy Free $ Kosher $ ,Italian $ ,4/4,5,Mixer $ Egg $ Fruit $ Ginger $ Dessert $ Freeze/Chill $ Frozen Dessert $ Cranberry $ Fig $ White Wine $ Spring $ Candy Thermometer $ Bon Appétit $ Kidney Friendly $ Vegetarian $ Pescatarian $ Wheat/Gluten-Free $ Peanut Free $ Tree Nut Free $ Soy Free $ Kosher $ Italian $ 
https://www.epicurious.com/recipes/food/views/penne-with-yellow-peppers-and-capers-103821,Penne with Yellow Peppers and Capers ,"2 tablespoons olive oil $ 3 yellow, red, or orange bell peppers, cut lengthwise into 1/4-inch-thick strips $ 1 large onion, cut lengthwise into 1/4-inch-thick slices $ 2 garlic cloves, minced $ 3 anchovy fillets, rinsed and chopped $ 3 tablespoons capers, rinsed and chopped $ 1 teaspoon white-wine vinegar $ 12 oz dried penne (preferably ridged) $ 1/4 cup chopped fresh basil $ Accompaniment: grated parmesan $ ",Fish $ Pasta $ Pepper $ Quick & Easy $ Dinner $ Lunch $ Bell Pepper $ Summer $ Noodle $ Capers $ Gourmet $ Pescatarian $ Dairy Free $ Peanut Free $ Tree Nut Free $ Soy Free $ No Sugar Added $ Kosher $ ,Italian $ ,2/4,3,Fish $ Pasta $ Pepper $ Quick & Easy $ Dinner $ Lunch $ Bell Pepper $ Summer $ Noodle $ Capers $ Gourmet $ Pescatarian $ Dairy Free $ Peanut Free $ Tree Nut Free $ Soy Free $ No Sugar Added $ Kosher $ Italian $ 
https://www.epicurious.com/recipes/food/views/greek-italian-chopped-salad-108234,Greek-Italian Chopped Salad ,"6 tablespoons olive oil $ 3 tablespoons white wine vinegar $ 1 teaspoon dried oregano $ 1 small garlic clove, minced $ 6 cups chopped romaine lettuce $ 1 15 1/2-ounce can garbanzo beans (chickpeas), drained $ 1 red bell pepper, diced $ 1 cup very thinly sliced red onion $ 1 cup very thinly sliced fresh fennel bulb $ 1/2 cup crumbled feta cheese (about 3 ounces) $ 2 ounces thinly sliced Italian Genoa salami, cut into strips $ 1/4 cup sliced pitted Kalamata olives $ ",Salad $ Bean $ Olive $ No-Cook $ Picnic $ Lunch $ Buffet $ Feta $ Meat $ Fennel $ Lettuce $ Bon Appétit $ Vermont $ Wheat/Gluten-Free $ Peanut Free $ Tree Nut Free $ Soy Free $ No Sugar Added $ ,Greek $ Italian $ ,3.5/4,37,Salad $ Bean $ Olive $ No-Cook $ Picnic $ Lunch $ Buffet $ Feta $ Meat $ Fennel $ Lettuce $ Bon Appétit $ Vermont $ Wheat/Gluten-Free $ Peanut Free $ Tree Nut Free $ Soy Free $ No Sugar Added $ Greek $ Italian $ 
https://www.epicurious.com/recipes/food/views/goat-cheese-arugula-ravioli-with-tomato-pancetta-butter-104784,Goat Cheese-Arugula Ravioli with Tomato-Pancetta Butter ,"2 tablespoons olive oil $ 3 large shallots, minced $ 8 ounces arugula, chopped (about 8 cups) $ 6 ounces soft fresh goat cheese (such as Montrachet), crumbled $ 1/2 cup (about 1 1/2 ounces) freshly grated Parmesan cheese $ Nonstick vegetable oil spray $ 42 (about) wonton wrappers (from one 12-ounce package) $ 2 large egg whites, whisked just until foamy $ 6 ounces thinly sliced pancetta* or bacon, coarsely chopped $ 1/4 cup (1/2 stick) butter $ 6 large plum tomatoes, quartered, seeds and membranes discarded, tomatoes diced $ 1 teaspoon chopped fresh thyme $ 5 tablespoons butter, melted $ 12 fresh basil leaves $ Fresh thyme sprigs $ ",Leafy Green $ Tomato $ Goat Cheese $ Parmesan $ Basil $ Bacon $ Arugula $ Summer $ Bon Appétit $ ,Italian $ ,3.5/4,95,Leafy Green $ Tomato $ Goat Cheese $ Parmesan $ Basil $ Bacon $ Arugula $ Summer $ Bon Appétit $ Italian $ 
https://www.epicurious.com/recipes/food/views/pesto-20143,Pesto ,"2 cups fresh basil leaves $ 3 cloves garlic $ 1 cup parsley $ 2/3 cup pine nuts $ Olive oil, approximately 1 cup $ ",Sauce $ Garlic $ Low Sodium $ Basil $ Pine Nut $ Parsley $ House & Garden $ ,Italian $ ,3/4,6,Sauce $ Garlic $ Low Sodium $ Basil $ Pine Nut $ Parsley $ House & Garden $ Italian $ 
https://www.epicurious.com/recipes/food/views/olive-focaccia-with-pancetta-and-onion-topping-1296,Olive Focaccia with Pancetta and Onion Topping ,"1 3/4 cups (or more) bread flour $ 1 package fast-rising dry yeast $ 1 teaspoon sugar $ 3/4 teaspoon salt $ 3/4 cup hot water (125°F to 130°F) $ 2 1/2 tablespoons (or more) olive oil $ 1/2 cup chopped pitted Kalamata olives $ Olive oil $ 2 ounces pancetta or bacon, chopped $ 1 medium onion, thinly sliced $ 1 1/2 teaspoons chopped fresh rosemary or 1/2 teaspoon dried crumbled $ Fresh rosemary sprigs (optional) $ ",Bread $ Food Processor $ Olive $ Onion $ Pork $ Bake $ Rosemary $ Bacon $ Bon Appétit $ ,Italian $ ,3.5/4,5,Bread $ Food Processor $ Olive $ Onion $ Pork $ Bake $ Rosemary $ Bacon $ Bon Appétit $ Italian $ 
https://www.epicurious.com/recipes/food/views/double-chocolate-walnut-biscotti-10994,Double Chocolate Walnut Biscotti ,"2 cups all-purpose flour $ 1/2 cup unsweetened cocoa powder $ 1 teaspoon baking soda $ 1 teaspoon salt $ 3/4 stick (6 tablespoons) unsalted butter, softened $ 1 cup granulated sugar $ 2 large eggs $ 1 cup walnuts, chopped $ 3/4 cup semisweet chocolate chips $ 1 tablespoon confectioners' sugar $ ",Cookies $ Chocolate $ Bake $ Kid-Friendly $ Walnut $ Winter $ Gourmet $ ,Italian $ ,3.5/4,289,Cookies $ Chocolate $ Bake $ Kid-Friendly $ Walnut $ Winter $ Gourmet $ Italian $ 
https://www.epicurious.com/recipes/food/views/artichokes-stuffed-with-pancetta-and-parsley-103416,Artichokes Stuffed with Pancetta and Parsley ,"2 lemons, halved $ 4 large artichokes $ 3 tablespoons olive oil $ 3 ounces pancetta,* finely chopped $ 1/2 cup minced fresh Italian parsley $ 2/3 cup water $ ",Pork $ Vegetable $ Appetizer $ Braise $ Artichoke $ Spring $ Bon Appétit $ Sugar Conscious $ Paleo $ Dairy Free $ Wheat/Gluten-Free $ Peanut Free $ Tree Nut Free $ Soy Free $ No Sugar Added $ ,Italian $ Southern Italian $ ,3/4,7,Pork $ Vegetable $ Appetizer $ Braise $ Artichoke $ Spring $ Bon Appétit $ Sugar Conscious $ Paleo $ Dairy Free $ Wheat/Gluten-Free $ Peanut Free $ Tree Nut Free $ Soy Free $ No Sugar Added $ Italian $ Southern Italian $ 
https://www.epicurious.com/recipes/food/views/artichokes-with-romano-cracked-pepper-and-olive-103218,"Artichokes with Romano, Cracked Pepper and Olive ","2 lemons, halved $ 4 artichokes (about 10 ounces each) $ 3/4 cup extra-virgin olive oil $ 3/4 cup grated pecorino Romano cheese $ 1 1/2 teaspoons cracked black pepper $ 3/4 teaspoon salt $ ",Cheese $ Vegetable $ Appetizer $ Steam $ Artichoke $ Spring $ Bon Appétit $ Sugar Conscious $ Vegetarian $ Pescatarian $ Wheat/Gluten-Free $ Peanut Free $ Tree Nut Free $ Soy Free $ No Sugar Added $ Kosher $ ,Italian $ ,3/4,13,Cheese $ Vegetable $ Appetizer $ Steam $ Artichoke $ Spring $ Bon Appétit $ Sugar Conscious $ Vegetarian $ Pescatarian $ Wheat/Gluten-Free $ Peanut Free $ Tree Nut Free $ Soy Free $ No Sugar Added $ Kosher $ Italian $ 
https://www.epicurious.com/recipes/food/views/fresh-parsley-tagliatelle-with-porcini-14929,Fresh Parsley Tagliatelle with Porcini ,2 1/2 cups '00' (Italian soft wheat) flour* or cake flour (not rising) plus additional for kneading and tossing $ 3 tablespoons olive oil $ 4 large egg yolks $ 6 to 8 tablespoons water $ 2 cups fresh flat-leafed parsley leaves $ 1 pound fresh porcini mushrooms** $ 3 large garlic cloves $ 1/4 cup extra-virgin olive oil $ 1 tablespoon unsalted butter $ 1/2 cup dry white wine $ Accompaniment: freshly grated Parmigiano-Reggiano $ ,Mushroom $ Pasta $ Gourmet $ ,Italian $ ,3/4,3,Mushroom $ Pasta $ Gourmet $ Italian $ 
https://www.epicurious.com/recipes/food/views/linguine-with-mushrooms-and-parmesan-cream-sauce-109362,Linguine with Mushrooms and Parmesan Cream Sauce ,"1/4 cup olive oil $ 1 1/2 pounds crimini mushrooms, sliced $ 6 large garlic cloves, thinly sliced $ 1/8 teaspoon ground nutmeg $ 1 1/4 cups whipping cream $ 16 ounces linguine $ 3 1/2 cups grated Parmesan cheese, divided $ 3/4 cup chopped fresh parsley, divided $ ",Milk/Cream $ Mushroom $ Pasta $ Vegetarian $ Quick & Easy $ Parmesan $ Bon Appétit $ Connecticut $ ,Italian $ ,3/4,20,Milk/Cream $ Mushroom $ Pasta $ Vegetarian $ Quick & Easy $ Parmesan $ Bon Appétit $ Connecticut $ Italian $ 
