link,name,ingredients,recipe_category,recipe_cuisine,rating,rating_count,keywords
https://www.epicurious.com/recipes/food/views/shrimp-and-scallops-with-asian-eggplant-103971,Shrimp and Scallops with Asian Eggplant ,"2 scallions $ 1/2 lb large shrimp (about 12), shelled and deveined $ 1/2 lb sea scallops, tough muscles removed $ 3 1/2 to 5 tablespoons vegetable oil $ 1 (1/2-lb) Asian eggplant or small Italian eggplant, halved lengthwise and cut diagonally into 1/2-inch-thick slices $ 1/4 cup water $ 1 tablespoon soy sauce $ 1 to 2 teaspoons sugar $ 1/4 teaspoon Asian chile paste $ 1 tablespoon fresh lime juice $ 1 tablespoon fresh cilantro leaves $ 1 tablespoon small fresh basil leaves $ ",Shellfish $ Stir-Fry $ Quick & Easy $ Dinner $ Basil $ Seafood $ Scallop $ Shrimp $ Eggplant $ Fall $ Cilantro $ Gourmet $ Pescatarian $ Dairy Free $ Peanut Free $ Tree Nut Free $ ,Asian $ ,3.5/4,43,Shellfish $ Stir-Fry $ Quick & Easy $ Dinner $ Basil $ Seafood $ Scallop $ Shrimp $ Eggplant $ Fall $ Cilantro $ Gourmet $ Pescatarian $ Dairy Free $ Peanut Free $ Tree Nut Free $ Asian $ 
https://www.epicurious.com/recipes/food/views/spareribs-with-tangerine-black-bean-glaze-102137,Spareribs with Tangerine-Black Bean Glaze ,3 1/2 pounds baby back pork rib racks $ 2/3 cup ketchup $ 2/3 cup tangerine-orange juice $ 3 tablespoons black bean garlic sauce* $ 2 tablespoons minced fresh ginger $ 2 tablespoons chili-garlic sauce* $ 2 tablespoons dry Sherry $ 2 tablespoons (packed) brown sugar $ 1 tablespoon oriental sesame oil $ 1 tablespoon soy sauce $ 1 tablespoon sesame seeds $ ,Bean $ Citrus $ Pork $ Roast $ Pork Rib $ Fall $ Tangerine $ Bon Appétit $ ,Asian $ ,3.5/4,3,Bean $ Citrus $ Pork $ Roast $ Pork Rib $ Fall $ Tangerine $ Bon Appétit $ Asian $ 
https://www.epicurious.com/recipes/food/views/thai-style-chicken-and-rice-soup-109019,Thai-Style Chicken and Rice Soup ,"8 cups chicken stock or low-sodium chicken broth (64 fl oz) $ 4 cups water $ 1 tablespoon Thai green curry paste* $ 4 garlic cloves, coarsely chopped $ 1 (2-inch) piece peeled fresh ginger, coarsely chopped $ 1 teaspoon coriander seeds, crushed $ 2 cups loosely packed whole fresh cilantro leaves plus 1/2 cup chopped (from 2 large bunches) $ 1 cup jasmine rice $ 3/4 lb boneless skinless chicken breast, thinly sliced crosswise, then slices cut lengthwise into thin strips, or 3/4 lb medium shrimp in shell (31 to 35 per lb), peeled and deveined $ 1 (13- to 14-oz) can unsweetened coconut milk, stirred well $ 1/4 lb snow peas, trimmed and cut diagonally into 1/4-inch strips $ 2 tablespoons Asian fish sauce $ 2 tablespoons fresh lime juice $ 1 1/2 teaspoons salt, or to taste $ Accompaniment: lime wedges $ ",Soup/Stew $ Chicken $ Ginger $ Poultry $ Rice $ Coconut $ Curry $ Winter $ Cilantro $ Gourmet $ ,Asian $ Thai $ ,3.5/4,131,Soup/Stew $ Chicken $ Ginger $ Poultry $ Rice $ Coconut $ Curry $ Winter $ Cilantro $ Gourmet $ Asian $ Thai $ 
https://www.epicurious.com/recipes/food/views/ginger-hoisin-beef-and-scallions-on-crispy-noodle-cakes-101191,Ginger-Hoisin Beef and Scallions on Crispy Noodle Cakes ,1/4 pound rice noodles (rice vermicelli) $ 8 thin scallions $ 2 tablespoons grated peeled fresh gingerroot $ about 1/2 cup vegetable oil $ a 1-pound piece beef tenderloin $ 1/4 cup fresh lime juice $ 1/4 cup hoisin sauce $ 2 tablespoons soy sauce (preferably Kikkoman) $ ,Beef $ Ginger $ Marinate $ Cocktail Party $ Spring $ Gourmet $ ,Asian $ ,2.5/4,11,Beef $ Ginger $ Marinate $ Cocktail Party $ Spring $ Gourmet $ Asian $ 
https://www.epicurious.com/recipes/food/views/watercress-and-mushroom-salad-with-asian-dressing-2268,Watercress and Mushroom Salad with Asian Dressing ,"2 tablespoons balsamic vinegar $ 1 1/2 teaspoons grated orange peel $ 1/2 teaspoon Dijon mustard $ 1/4 cup canned low-salt chicken broth $ 1 tablespoon oriental sesame oil $ 1 tablespoon olive oil $ 1 1/4 pounds large mushrooms, stems trimmed, caps thinly sliced $ 1/2 cup thinly sliced green onions $ 2 large bunches watercress, trimmed $ ",Salad $ Mushroom $ Summer $ Watercress $ Bon Appétit $ ,Asian $ ,2/4,2,Salad $ Mushroom $ Summer $ Watercress $ Bon Appétit $ Asian $ 
https://www.epicurious.com/recipes/food/views/scallop-and-corn-pot-stickers-11846,Scallop and Corn Pot Stickers ,"1/2 pound sea scallops $ 1/4 teaspoon salt $ 1/4 cup soft tofu (preferably silken) $ 1/4 cup cooked corn $ 1/4 cup minced red bell pepper $ 3 tablespoons minced scallion $ 2 tablespoons finely chopped fresh coriander $ eighteen 3-to-4 inch round won ton or dumpling or gyozo wrappers, thawed if frozen $ cornstarch for dusting tray $ Sesame Vinaigrette $ ",Food Processor $ Appetizer $ Fry $ Scallop $ Tofu $ Corn $ Bell Pepper $ Chill $ Cilantro $ Gourmet $ Sugar Conscious $ Kidney Friendly $ Pescatarian $ Dairy Free $ Wheat/Gluten-Free $ Peanut Free $ Tree Nut Free $ ,Asian $ ,3.5/4,9,Food Processor $ Appetizer $ Fry $ Scallop $ Tofu $ Corn $ Bell Pepper $ Chill $ Cilantro $ Gourmet $ Sugar Conscious $ Kidney Friendly $ Pescatarian $ Dairy Free $ Wheat/Gluten-Free $ Peanut Free $ Tree Nut Free $ Asian $ 
https://www.epicurious.com/recipes/food/views/thai-style-seafood-salad-with-herbs-4072,Thai-Style Seafood Salad with Herbs ,"1 stalk lemongrass or 1 tablespoon grated lemon peel $ 14 ounces cleaned uncooked squid, tentacles reserved, bodies cut into 1/2-inch-thick rings $ 8 ounces uncooked large shrimp, peeled, deveined $ 3 tablespoons fresh lime juice $ 2 tablespoons fish sauce (nam pla) $ 1/2 teaspoon dried crushed red pepper $ 1/2 cup minced shallots $ 3 tablespoons chopped fresh tarragon $ 2 tablespoons chopped fresh cilantro $ 8 crisp lettuce leaves $ ",Herb $ Shellfish $ Appetizer $ Sauté $ Low Carb $ Low Fat $ Summer $ Healthy $ Bon Appétit $ ,Asian $ Thai $ ,3.5/4,8,Herb $ Shellfish $ Appetizer $ Sauté $ Low Carb $ Low Fat $ Summer $ Healthy $ Bon Appétit $ Asian $ Thai $ 
https://www.epicurious.com/recipes/food/views/crispy-asian-chicken-and-watercress-salad-101091,Crispy Asian Chicken and Watercress Salad ,1/4 cup hoisin sauce $ 1/4 cup water $ 1 1/2 tablespoons soy sauce $ 1/2 teaspoon finely grated peeled fresh gingerroot $ 4 radishes $ 2 scallions $ 3/4 bunch watercress $ 3/4 cup fresh bean sprouts $ 1 pound boneless chicken thighs with skin $ 2 tablespoons all-purpose flour $ 2 tablespoons cornstarch $ 1 cup vegetable oil for frying $ ,Chicken $ Ginger $ Fry $ Quick & Easy $ Radish $ Spring $ Watercress $ Gourmet $ ,Asian $ ,3/4,4,Chicken $ Ginger $ Fry $ Quick & Easy $ Radish $ Spring $ Watercress $ Gourmet $ Asian $ 
https://www.epicurious.com/recipes/food/views/black-bean-soy-sauce-102456,Black Bean-Soy Sauce ,"1/2 cup soy sauce $ 1/4 cup Asian fermented black beans,* rinsed well, drained $ 1/4 cup rice vinegar $ 3 tablespoons water $ 3 tablespoons (packed) thinly sliced pickled ginger* $ 1 tablespoon chopped peeled fresh ginger $ 3 garlic cloves, chopped $ 1/4 cup chopped green onions $ 1/4 cup chopped fresh cilantro $ 1 tablespoon sesame seeds $ ",Sauce $ Bean $ Garlic $ Ginger $ No-Cook $ Fall $ Soy Sauce $ Bon Appétit $ ,Asian $ ,2.5/4,4,Sauce $ Bean $ Garlic $ Ginger $ No-Cook $ Fall $ Soy Sauce $ Bon Appétit $ Asian $ 
https://www.epicurious.com/recipes/food/views/spicy-chicken-and-vegetable-bundles-101318,Spicy Chicken and Vegetable Bundles ,"1/3 cup (generous) finely chopped green onions $ 1/4 cup plus 2 tablespons chopped fresh cilantro $ 1/4 cup fresh lime juice $ 3 large garlic cloves, minced $ 2 tablespoons minced seeded red jalepeño chilies $ 2 tablespoons hoisin sauce $ 1 14 1/2-ounce can low-salt chicken broth $ 12 large green cabbage leaves, thick ribs trimmed $ 4 ounces thin green beans, ends trimmed, thinly sliced diagonally $ 1/2 pound ground chicken (white meat only) $ ",Chicken $ Vegetable $ Appetizer $ Low Fat $ Green Bean $ Summer $ Cabbage $ Jalapeño $ Cilantro $ Bon Appétit $ ,Asian $ ,3/4,6,Chicken $ Vegetable $ Appetizer $ Low Fat $ Green Bean $ Summer $ Cabbage $ Jalapeño $ Cilantro $ Bon Appétit $ Asian $ 
https://www.epicurious.com/recipes/food/views/scallion-mushroom-and-shrimp-custards-100879,"Scallion, Mushroom, and Shrimp Custards ",3 large eggs $ 1 1/2 cups chicken broth $ 2 teaspoons mirin $ 1 teaspoon soy sauce such as Kikkoman $ 1 teaspoon freshly grated lemon zest $ 4 medium shrimp $ 1 scallion $ 1 large mushroom $ ,Egg $ Mushroom $ Shellfish $ Appetizer $ Steam $ Winter $ Gourmet $ Sugar Conscious $ Kidney Friendly $ Dairy Free $ Peanut Free $ Tree Nut Free $ No Sugar Added $ ,Asian $ Japanese $ ,3.5/4,2,Egg $ Mushroom $ Shellfish $ Appetizer $ Steam $ Winter $ Gourmet $ Sugar Conscious $ Kidney Friendly $ Dairy Free $ Peanut Free $ Tree Nut Free $ No Sugar Added $ Asian $ Japanese $ 
https://www.epicurious.com/recipes/food/views/asian-chicken-salad-with-roasted-peanuts-106300,Asian Chicken Salad with Roasted Peanuts ,"3/4 cup bottled Asian-style dressing $ 1/4 cup chopped fresh cilantro $ 2 tablespoons chopped fresh ginger $ 1 6-ounce package baby spinach leaves $ 2 cups mixed sliced red, yellow and green bell peppers $ 1 2- to 2 1/2-pound rotisserie chicken, meat torn into bite-size pieces (about 4 cups) $ 1/2 cup honey-roasted peanuts $ 1 mango, peeled, pitted, sliced $ ",Salad $ Chicken $ Ginger $ Leafy Green $ No-Cook $ Mango $ Peanut $ Bell Pepper $ Spring $ Cilantro $ Bon Appétit $ ,Asian $ ,3.5/4,89,Salad $ Chicken $ Ginger $ Leafy Green $ No-Cook $ Mango $ Peanut $ Bell Pepper $ Spring $ Cilantro $ Bon Appétit $ Asian $ 
https://www.epicurious.com/recipes/food/views/szechuan-sesame-noodles-102196,Szechuan Sesame Noodles ,"8 ounces thin dried Asian noodles or linguine $ 4 tablespoons oriental sesame oil $ 3 tablespoons chopped peanuts $ 2 tablespoons finely chopped peeled fresh ginger $ 3 large garlic cloves, minced $ 6 tablespoons bottled teriyaki sauce $ 2 tablespoons fresh lime juice $ 1 teaspoon chili-garlic sauce $ 1 1/2 cups thinly sliced green or red onions $ ",Onion $ Pasta $ Vegetable $ Peanut $ Fall $ Bon Appétit $ ,Asian $ Chinese $ ,3.5/4,38,Onion $ Pasta $ Vegetable $ Peanut $ Fall $ Bon Appétit $ Asian $ Chinese $ 
https://www.epicurious.com/recipes/food/views/shrimp-tempura-cocktail-108545,Shrimp Tempura Cocktail ,"2 tablespoons olive oil $ 1 onion, chopped $ 2 large tomatoes, coarsely chopped $ 3 garlic cloves, minced $ 1 teaspoon minced canned chipotle chiles* $ 2 large ripe avocados, peeled, pitted $ 1/3 cup chopped fresh cilantro $ 1/4 cup fresh lime juice $ 1/4 cup minced shallots $ 2 tablespoons minced jalapeño chiles $ Vegetable oil (for deep-frying) $ 2 cups rice flour** $ 2 cups club soda $ 24 uncooked large shrimp, peeled, deveined, tail shells left intact $ 4 cups thinly sliced romaine lettuce $ ",Onion $ Tomato $ Appetizer $ Fry $ Sauté $ Lime $ Shrimp $ Avocado $ Jalapeño $ Cilantro $ Bon Appétit $ ,Asian $ ,3.5/4,4,Onion $ Tomato $ Appetizer $ Fry $ Sauté $ Lime $ Shrimp $ Avocado $ Jalapeño $ Cilantro $ Bon Appétit $ Asian $ 
https://www.epicurious.com/recipes/food/views/spring-rolls-with-orange-and-red-bell-pepper-salsa-101250,Spring Rolls with Orange and Red Bell Pepper Salsa ,"1 orange, peel and white pith removed, chopped $ 1 small red bell pepper, seeded, chopped $ 2 green onions, chopped $ 1 red or green jalepeño chili, seeded, minced $ 1/4 cup coarsely chopped fresh cilantro $ 1 tablespoon oriental sesame oil $ 1 1/2 teaspoons chopped peeled fresh ginger $ 1 teaspoon soy sauce $ 4 7-ounce packages prepared frozen spring rolls $ Large radiccio leaves $ ",Citrus $ Ginger $ Pepper $ Appetizer $ Vegetarian $ Summer $ Jalapeño $ Cilantro $ Bon Appétit $ ,Asian $ ,4/4,8,Citrus $ Ginger $ Pepper $ Appetizer $ Vegetarian $ Summer $ Jalapeño $ Cilantro $ Bon Appétit $ Asian $ 
https://www.epicurious.com/recipes/food/views/vietnamese-style-beef-noodle-soup-108724,Vietnamese-Style Beef Noodle Soup ,"6 ounces dried rice-stick noodles (rice vermicelli) $ 1/4 pound snow peas, cut diagonally into 1/4-inch strips (1 cup) $ 1 cup sliced shallots (3 large) $ 3 (1/8-inch-thick) slices fresh ginger, smashed $ 1 teaspoon minced fresh serrano chile, including seeds, or to taste $ 1 tablespoon vegetable oil $ 3 1/2 cups beef broth (28 fluid ounces) $ 1 3/4 cups water $ 1/2 pound thinly sliced rare roast beef (from deli counter), torn into pieces $ 6 ounces fresh bean sprouts $ 1/4 cup loosely packed fresh cilantro leaves $ 1/4 cup loosely packed fresh basil leaves, torn if large $ 1/4 cup loosely packed fresh mint leaves $ 3 tablespoons Asian fish sauce, or to taste $ 3 tablespoons fresh lime juice $ Accompaniment: lime wedges $ ",Soup/Stew $ Beef $ Ginger $ Pasta $ Quick & Easy $ Lime $ Mint $ Basil $ Hot Pepper $ Healthy $ Cilantro $ Simmer $ Gourmet $ ,Asian $ Vietnamese $ ,2.5/4,39,Soup/Stew $ Beef $ Ginger $ Pasta $ Quick & Easy $ Lime $ Mint $ Basil $ Hot Pepper $ Healthy $ Cilantro $ Simmer $ Gourmet $ Asian $ Vietnamese $ 
https://www.epicurious.com/recipes/food/views/nuoc-cham-108358,Nuoc Cham ,1/4 cup fresh lime juice $ 3 tablespoons Asian fish sauce $ 2 tablespoons water $ 1 tablespoon packed brown sugar $ ,Sauce $ Citrus $ Fish $ Side $ Quick & Easy $ Lime $ Summer $ Gourmet $ Fat Free $ Pescatarian $ Dairy Free $ Wheat/Gluten-Free $ Peanut Free $ Tree Nut Free $ Soy Free $ ,Asian $ Vietnamese $ ,2.5/4,5,Sauce $ Citrus $ Fish $ Side $ Quick & Easy $ Lime $ Summer $ Gourmet $ Fat Free $ Pescatarian $ Dairy Free $ Wheat/Gluten-Free $ Peanut Free $ Tree Nut Free $ Soy Free $ Asian $ Vietnamese $ 
https://www.epicurious.com/recipes/food/views/salmon-fillet-with-soy-glaze-107751,Salmon Fillet with Soy Glaze ,1/4 cup soy sauce $ 1/4 cup pure maple syrup $ 1 (2-lb) piece center-cut salmon fillet with skin (1 1/2 inches thick) $ ,Fish $ Roast $ Quick & Easy $ Salmon $ Winter $ Maple Syrup $ Soy Sauce $ Gourmet $ ,Asian $ ,3.5/4,96,Fish $ Roast $ Quick & Easy $ Salmon $ Winter $ Maple Syrup $ Soy Sauce $ Gourmet $ Asian $ 
https://www.epicurious.com/recipes/food/views/thai-chinese-cabbage-salad-15136,Thai Chinese-Cabbage Salad ,1 head Napa cabbage (also called Chinese cabbage) $ 1 tablespoon coarse salt $ 2 small fresh red or green Thai* or fresh jalapeño chiles $ 1 stalk fresh lemongrass* $ 1 large garlic clove $ 1 shallot $ 2 tablespoons Asian fish sauce* (preferably naam pla) $ 2 tablespoons fresh lime juice $ *available at Asian markets and some specialty foods shops and supermarkets. $ ,Salad $ Garlic $ Pepper $ Vegetable $ Side $ No-Cook $ Lime $ Hot Pepper $ Summer $ Healthy $ Cabbage $ Lemongrass $ Gourmet $ Fat Free $ Sugar Conscious $ Pescatarian $ Dairy Free $ Wheat/Gluten-Free $ Peanut Free $ Tree Nut Free $ Soy Free $ No Sugar Added $ ,Asian $ Thai $ ,3/4,9,Salad $ Garlic $ Pepper $ Vegetable $ Side $ No-Cook $ Lime $ Hot Pepper $ Summer $ Healthy $ Cabbage $ Lemongrass $ Gourmet $ Fat Free $ Sugar Conscious $ Pescatarian $ Dairy Free $ Wheat/Gluten-Free $ Peanut Free $ Tree Nut Free $ Soy Free $ No Sugar Added $ Asian $ Thai $ 
https://www.epicurious.com/recipes/food/views/grilled-fish-with-cilantro-chutney-in-banana-leaves-105016,Grilled Fish with Cilantro Chutney in Banana Leaves ,"1 (1- by 1 1/2-inch) piece fresh ginger, peeled $ 5 garlic cloves $ 1 fresh hot green chile such as jalapeño or serrano, trimmed $ 1/2 cup chopped fresh coconut (see how to crack and peel fresh coconut ) $ 3 cups fresh cilantro sprigs $ 1/3 cup fresh mint leaves $ 1/4 cup white-wine vinegar $ 1 teaspoon sugar $ 1/4 teaspoon salt, or to taste $ 1 (1-pound) package frozen banana leaves, thawed $ 6 (6-ounce) pieces white fish fillet (1 inch thick) such as wahoo, cod, or halibut $ kitchen string $ ",Food Processor $ Fish $ Ginger $ Quick & Easy $ Backyard BBQ $ Dinner $ Coconut $ Mint $ Hot Pepper $ Summer $ Grill $ Grill/Barbecue $ Cilantro $ Gourmet $ Pescatarian $ Dairy Free $ Wheat/Gluten-Free $ Peanut Free $ Tree Nut Free $ Soy Free $ Kosher $ ,Asian $ ,3/4,12,Food Processor $ Fish $ Ginger $ Quick & Easy $ Backyard BBQ $ Dinner $ Coconut $ Mint $ Hot Pepper $ Summer $ Grill $ Grill/Barbecue $ Cilantro $ Gourmet $ Pescatarian $ Dairy Free $ Wheat/Gluten-Free $ Peanut Free $ Tree Nut Free $ Soy Free $ Kosher $ Asian $ 
https://www.epicurious.com/recipes/food/views/sweet-and-sour-stuffed-mustard-cabbage-107746,Sweet-and-Sour Stuffed Mustard Cabbage ,"1 large onion (1 lb), halved and thinly sliced crosswise $ 3 tablespoons vegetable oil $ 1 (28- to 32-oz) can whole tomatoes including juice $ 3 tablespoons fresh lemon juice $ 3 tablespoons packed dark brown sugar $ 1/2 cup dried sour cherries $ 2 teaspoons salt $ 1/2 teaspoon black pepper $ 2 lb wrapped-heart mustard cabbage (2 heads) $ 1 lb ground chuck (preferably not lean) $ 3 tablespoons long-grain rice $ 3 tablespoons water $ 1/4 cup grated onion $ 2 teaspoons salt $ 1/4 teaspoon black pepper $ ",Sauce $ Beef $ Leafy Green $ Rice $ Sauté $ Rosh Hashanah/Yom Kippur $ Winter $ Simmer $ Gourmet $ ,Asian $ ,3/4,10,Sauce $ Beef $ Leafy Green $ Rice $ Sauté $ Rosh Hashanah/Yom Kippur $ Winter $ Simmer $ Gourmet $ Asian $ 
https://www.epicurious.com/recipes/food/views/angled-loofah-bread-and-butter-pickles-107780,Angled Loofah Bread-and-Butter Pickles ,"1 angled loofah (1/2 lb) $ 2 tablespoons kosher salt $ 2 cups ice cubes $ 1 cup cider vinegar $ 1/2 cup water $ 3/4 cup sugar $ 1 teaspoon mustard seeds $ 1/2 teaspoon celery seeds $ 1/4 teaspoon turmeric $ 1 medium sweet onion (1/2 lb), thinly sliced crosswise and separated into rings $ ",Onion $ Vegetable $ Side $ Vinegar $ Gourmet $ Fat Free $ Vegan $ Vegetarian $ Pescatarian $ Dairy Free $ Wheat/Gluten-Free $ Peanut Free $ Tree Nut Free $ Soy Free $ Kosher $ ,Asian $ ,1.5/4,2,Onion $ Vegetable $ Side $ Vinegar $ Gourmet $ Fat Free $ Vegan $ Vegetarian $ Pescatarian $ Dairy Free $ Wheat/Gluten-Free $ Peanut Free $ Tree Nut Free $ Soy Free $ Kosher $ Asian $ 
https://www.epicurious.com/recipes/food/views/honey-and-soy-glazed-salmon-14110,Honey and Soy Glazed Salmon ,2 tablespoons honey $ 2 tablespoons soy sauce $ 1 1/2 tablespoons fresh lime juice $ 2 teaspoons Dijon mustard $ 1 tablespoon water $ 2 teaspoons vegetable oil $ two 6-ounce pieces salmon fillet $ ,Mustard $ Sauté $ Quick & Easy $ Salmon $ Honey $ Soy Sauce $ Gourmet $ ,Asian $ ,3.5/4,134,Mustard $ Sauté $ Quick & Easy $ Salmon $ Honey $ Soy Sauce $ Gourmet $ Asian $ 
https://www.epicurious.com/recipes/food/views/beef-and-green-pepper-stir-fry-2029,Beef and Green Pepper Stir-Fry ,"2 1/2 tablespoons soy sauce $ 1 tablespoon dry white wine $ 1 tablespoon oriental sesame oil $ 3 teaspoons cornstarch $ 1 teaspoon minced peeled fresh ginger $ 1 garlic clove, minced $ 1/2 pound flank, or skirt steak, cut into thin strips $ 1/4 cup canned beef broth $ 6 tablespoons vegetable oil $ 1 8-ounce can sliced water chestnuts, drained $ 1 small green bell pepper, thinly sliced $ Freshly cooked rice $ ",Beef $ Pepper $ Stir-Fry $ Quick & Easy $ Summer $ Bon Appétit $ Massachusetts $ ,Asian $ ,3/4,31,Beef $ Pepper $ Stir-Fry $ Quick & Easy $ Summer $ Bon Appétit $ Massachusetts $ Asian $ 
https://www.epicurious.com/recipes/food/views/asian-spring-rolls-11646,Asian Spring Rolls ,"2 ounces cellophane (bean-thread) noodles*, soaked in boiling-hot water to cover for 20 minutes, drained well, and chopped $ 6 dried shiitake mushrooms*, soaked in hot water to cover for 20 minutes, rinsed, squeezed dry, the stems discarded, and the caps sliced thin $ 3/4 pound lean ground pork $ 3 garlic cloves, minced $ 3 large shallots, minced $ 1 tablespoon minced peeled fresh gingerroot $ 1 large carrot, shredded $ 1/3 cup chopped fresh coriander $ 1/3 cup chopped fresh mint leaves $ 1 cup chopped mung bean sprouts* $ 2 tablespoons soy sauce $ 1 1/2 teaspoons salt $ 1 teaspoon sugar $ 20 spring-roll wrappers* $ an egg wash made by beating 1 large egg with 1 teaspoon water $ vegetable oil for deep-frying $ 1/4 cup soy sauce $ 1/4 cup fresh lime juice $ 2 tablespoons water $ 2 garlic cloves, minced and mashed to a paste with 1/2 teaspoon salt $ 2 tablespoons sugar $ a 2-inch fresh red or green chili, seeded and minced (wear rubber gloves), or 1/4 teaspoon dried hot red pepper flakes, or to taste $ scallion brushes for garnish if desired $ *available at Asian markets, some specialty foods shops, and many supermarkets $ ",Garlic $ Herb $ Mushroom $ Pork $ Appetizer $ Side $ Fry $ Lime $ Mint $ Carrot $ Shallot $ Soy Sauce $ Gourmet $ ,Asian $ ,3.5/4,26,Garlic $ Herb $ Mushroom $ Pork $ Appetizer $ Side $ Fry $ Lime $ Mint $ Carrot $ Shallot $ Soy Sauce $ Gourmet $ Asian $ 
https://www.epicurious.com/recipes/food/views/stir-fried-cabbage-with-green-onions-2025,Stir-Fried Cabbage with Green Onions ,"2 teaspoons cornstarch $ 3 tablespoons canned chicken broth $ 1/4 cup vegetable oil $ 1 garlic clove, minced $ 4 cups shredded Napa cabbage $ 2 tablespoons soy sauce $ 1 1/2 tablespoons distilled white vinegar $ 1 teaspoon sugar $ 3 green onions, sliced $ ",Onion $ Side $ Stir-Fry $ Quick & Easy $ Summer $ Cabbage $ Bon Appétit $ Massachusetts $ Dairy Free $ Peanut Free $ Tree Nut Free $ Kosher $ ,Asian $ ,2.5/4,6,Onion $ Side $ Stir-Fry $ Quick & Easy $ Summer $ Cabbage $ Bon Appétit $ Massachusetts $ Dairy Free $ Peanut Free $ Tree Nut Free $ Kosher $ Asian $ 
https://www.epicurious.com/recipes/food/views/chinese-noodle-and-chicken-or-turkey-salad-1975,Chinese Noodle and Chicken or Turkey Salad ,"2 pounds linguine $ 1/4 cup oriental sesame oil $ 2 2 1/2-pound roasted chickens, skinned, boned, shredded or 12 cups cooked turkey $ 4 bunches green onions, sliced $ 2 bunches fresh cilantro, chopped $ 4 jalapeño chilies, seeded, deveined, minced $ 1 1/4 pounds snow peas, stringed, thinly sliced lengthwise $ 1 cup soy sauce $ 1/2 cup creamy peanut butter (do not use old-fashioned style or freshly ground) $ 1/2 cup rice vinegar $ 1/2 cup oriental sesame oil $ 2 tablespoons sugar $ Napa cabbage leaves $ ",Salad $ Chicken $ Onion $ Pasta $ Poultry $ turkey $ Lunch $ Peanut $ Sesame $ Bon Appétit $ Dairy Free $ Tree Nut Free $ Kosher $ ,Asian $ Chinese $ ,3.5/4,44,Salad $ Chicken $ Onion $ Pasta $ Poultry $ turkey $ Lunch $ Peanut $ Sesame $ Bon Appétit $ Dairy Free $ Tree Nut Free $ Kosher $ Asian $ Chinese $ 
https://www.epicurious.com/recipes/food/views/banana-walnut-spring-rolls-with-caramel-rum-sauce-4275,Banana-Walnut Spring Rolls with Caramel-Rum Sauce ,"1 cup sugar $ 1/2 cup water $ 3/4 cup whipping cream $ 1 1/2 tablespoons dark rum $ 12 spring roll wrappers $ 3 small bananas, peeled, quartered lengthwise, trimmed to 4 inches $ 1/4 cup toffee bits (such as Skor) $ 1/4 cup finely chopped toasted walnuts $ Vegetable oil (for deep-frying) $ Powdered sugar $ Chinese five-spice powder $ ",Rum $ Dairy $ Fruit $ Dessert $ Fry $ Banana $ Walnut $ Fall $ Bon Appétit $ ,Asian $ ,3.5/4,19,Rum $ Dairy $ Fruit $ Dessert $ Fry $ Banana $ Walnut $ Fall $ Bon Appétit $ Asian $ 
https://www.epicurious.com/recipes/food/views/asian-pork-tenderloin-fallom-11990,Asian Pork Tenderloin Fallom ,"1/4 cup fresh orange juice $ 2 tablespoons oyster sauce $ 2 tablespoons soy sauce $ 1 1/2 tablespoons Asian sesame oil $ 1 1/2 teaspoons five-spice powder* $ 1/2 teaspoon dried thyme, crumbled $ 3 garlic cloves, minced $ 1 pound pork tenderloin, trimmed of any excess fat $ all-purpose flour for dredging pork $ 2 tablespoons unsalted butter $ 1 tablespoon vegetable oil $ 2 large shallots, chopped fine $ 1/4 pound shiitake mushrooms, stems discarded and caps sliced thin $ 1/4 cup brandy $ 1/4 cup water $ 1/3 cup apricot preserves $ 1/3 cup heavy cream $ *available at Asian markets $ ",Mushroom $ Pork $ Marinate $ Orange $ Brandy $ Spring $ Gourmet $ Sweden $ ,Asian $ ,3.5/4,49,Mushroom $ Pork $ Marinate $ Orange $ Brandy $ Spring $ Gourmet $ Sweden $ Asian $ 
https://www.epicurious.com/recipes/food/views/mussels-with-sausage-coconut-milk-and-lime-4274,"Mussels with Sausage, Coconut Milk and Lime ","2 tablespoons oriental sesame oil $ 2 1/2 cups thinly sliced red onions $ 8 ounces hot links sausage, cut into 1/2-inch pieces $ 1/4 cup thinly sliced peeled lemongrass $ 1 tablespoon minced peeled fresh ginger $ 1 tablespoon minced garlic $ 2 cups fish stock or bottled clam juice $ 1 cup canned unsweetened coconut milk $ 3 tablespoons fresh lime juice $ 2 tablespoons rice vinegar $ 1 tablespoon soy sauce $ 1 1/2 teaspoons ground coriander $ 1/4 cup chopped fresh cilantro $ 3 dozen mussels, scrubbed, debearded $ ",Ginger $ Herb $ Coconut $ Sausage $ Mussel $ Bon Appétit $ ,Asian $ ,3.5/4,19,Ginger $ Herb $ Coconut $ Sausage $ Mussel $ Bon Appétit $ Asian $ 
https://www.epicurious.com/recipes/food/views/braised-chicken-teriyaki-2002,Braised Chicken Teriyaki ,"1 cup soy sauce $ 3/4 cup sake or dry white wine $ 3/4 cup canned low-salt chicken broth $ 1/4 cup sugar $ 1 1/2 tablespoons minced peeled fresh ginger $ 4 large garlic cloves, minced $ 1 4 1/2-pound fryer chicken $ ",Chicken $ Garlic $ Ginger $ Poultry $ Braise $ Dinner $ Bon Appétit $ Lancaster $ Pennsylvania $ ,Asian $ Japanese $ ,3/4,21,Chicken $ Garlic $ Ginger $ Poultry $ Braise $ Dinner $ Bon Appétit $ Lancaster $ Pennsylvania $ Asian $ Japanese $ 
https://www.epicurious.com/recipes/food/views/sesame-coleslaw-5638,Sesame Coleslaw ,"6 cups very thinly sliced green cabbage (about 1-pound head) $ 3 cups shredded peeled carrots $ 2 cups fresh spinach leaves, trimmed, thinly sliced $ 1/2 cup plus 1 tablespoon rice vinegar $ 1/4 cup oriental sesame oil $ 1/4 cup sugar $ 3 tablespoons minced peeled fresh ginger $ 2 teaspoons soy sauce $ Additional fresh spinach leaves $ 1 1/2 tablespoons sesame seeds, toasted $ ",Salad $ Ginger $ Side $ Low Cal $ Summer $ Cabbage $ Sesame $ Bon Appétit $ Vegan $ Vegetarian $ Pescatarian $ Dairy Free $ Peanut Free $ Tree Nut Free $ Kosher $ ,Asian $ ,3/4,42,Salad $ Ginger $ Side $ Low Cal $ Summer $ Cabbage $ Sesame $ Bon Appétit $ Vegan $ Vegetarian $ Pescatarian $ Dairy Free $ Peanut Free $ Tree Nut Free $ Kosher $ Asian $ 
https://www.epicurious.com/recipes/food/views/sweet-and-sour-halibut-11342,Sweet-and-Sour Halibut ,"1/4 cup water $ 1 1/2 tablespoons red-wine vinegar $ 1 whole scallion, sliced thin, plus the green parts of 2 scallions, sliced thin $ 1 1/2 teaspoons minced peeled fresh gingerroot $ 1 1/2 teaspoons sugar $ 1 tablespoon soy sauce $ 1 tablespoon ketchup $ 1/4 teaspoon Asian (toasted) sesame oil $ 1 teaspoon cornstarch dissolved in 2 tablespoons water $ a 1-inch-thick halibut steak (about 1 pound), the skin and bone discarded and the fish cut into 3/4-inch pieces $ all-purpose flour seasoned with salt and pepper for dredging the fish $ vegetable oil for frying the fish $ cooked rice as a accompaniment $ ",Ginger $ Onion $ Fry $ Quick & Easy $ Vinegar $ Halibut $ Gourmet $ ,Asian $ ,3.5/4,24,Ginger $ Onion $ Fry $ Quick & Easy $ Vinegar $ Halibut $ Gourmet $ Asian $ 
https://www.epicurious.com/recipes/food/views/hoisin-and-honey-pork-riblets-12141,Hoisin and Honey Pork Riblets ,"3 1/2 pounds pork of spareribs, halved crosswise, preferably by a butcher, and cut into individual ribs $ 1/3 cup honey $ 1/4 cup soy sauce $ 1 large garlic clove, minced and mashed to a paste with 1/4 teaspoon salt $ 1/3 cup hoisin sauce $ 1/2 teaspoon English-style dry mustard $ 1/4 cup distilled white vinegar $ ",Pork $ Broil $ Cocktail Party $ Pork Rib $ Honey $ Gourmet $ ,Asian $ ,3.5/4,19,Pork $ Broil $ Cocktail Party $ Pork Rib $ Honey $ Gourmet $ Asian $ 
https://www.epicurious.com/recipes/food/views/almond-fortune-cookies-14123,Almond Fortune Cookies ,1 large egg white $ 1/4 cup all-purpose flour $ 1/4 cup sugar $ 1/4 cup finely chopped sliced almonds $ fortunes $ ,Cookies $ Nut $ Dessert $ Bake $ Low Sodium $ Lunar New Year $ Winter $ Gourmet $ ,Asian $ ,3/4,25,Cookies $ Nut $ Dessert $ Bake $ Low Sodium $ Lunar New Year $ Winter $ Gourmet $ Asian $ 
https://www.epicurious.com/recipes/food/views/thai-style-chicken-in-coconut-sauce-12159,Thai-Style Chicken in Coconut Sauce ,"2 tablespoons vegetable oil $ 6 whole chicken legs (about 3 pounds), cut into drumstick and thigh sections $ 2 teaspoons minced peeled fresh gingerroot $ 2 teaspoons finely chopped garlic $ 1 1/2 tablespoons all-purpose flour $ 1/2 teaspoon curry powder $ 2 tablespoons dry Sherry $ an 8 1/2-ounce can cream of coconut $ 1 1/2 cups chicken broth $ 1/2 teaspoon black pepper $ 1/4 cup finely chopped fresh coriander plus, if desired, coriander sprigs for garnish $ 1/4 cup soy sauce $ 2 1/2 teaspoons minced seeded fresh jalapeño pepper, or to taste (wear rubber gloves) $ 2 red bell peppers, chopped $ 1 tablespoon fresh lime juice, or to taste $ cooked rice as an accompaniment $ ",Chicken $ Poultry $ Coconut $ Curry $ Gourmet $ ,Asian $ Thai $ ,3.5/4,60,Chicken $ Poultry $ Coconut $ Curry $ Gourmet $ Asian $ Thai $ 
https://www.epicurious.com/recipes/food/views/seared-ahi-tuna-salad-4266,Seared Ahi Tuna Salad ,"1/2 cup olive oil $ 1/4 cup fresh lime juice $ 1/4 cup orange juice $ 2 tablespoons soy sauce $ 2 tablespoons oriental sesame oil $ 2 tablespoons minced fresh chives $ 1 tablespoon minced fresh ginger $ Vegetable oil (for deep-frying) $ 8 wonton wrappers, cut into thin strips $ 12 large cherry tomatoes, cut in half $ 2 medium carrots, peeled, cut on diagonal into thin slices $ 16 sugar snap peas $ 6 tablespoons sesame seeds $ 4 5-ounce fresh tuna steaks (each about 3/4 to 1 inch thick) $ 8 ounces mixed baby lettuces $ ",Salad $ Tomato $ Fry $ Sauté $ Tuna $ Carrot $ Chill $ Sesame $ Sugar Snap Pea $ Lettuce $ Boil $ Bon Appétit $ ,Asian $ ,3.5/4,36,Salad $ Tomato $ Fry $ Sauté $ Tuna $ Carrot $ Chill $ Sesame $ Sugar Snap Pea $ Lettuce $ Boil $ Bon Appétit $ Asian $ 
https://www.epicurious.com/recipes/food/views/moo-shu-pork-100,Moo Shu Pork ,"6 ounces lean boneless pork loin chops, cut into 1/4-inch-thick strips, well trimmed $ 1/2 small onion, thinly sliced $ 2 tablespoons minced peeled fresh ginger $ 2 garlic cloves, minced $ 2 cups thinly sliced bok choy $ 1/2 red bell pepper, sliced $ 5 large mushrooms, cut into matchstick-size strips $ 2 cups bean sprouts $ 2 tablespoons sake $ 1 tablespoon hoisin sauce* $ 1 tablespoon low-sodium soy sauce $ 4 8-inch-diameter flour tortillas or frozen Chinese crepes, thawed $ *Hoisin sauce is available at Southeast Asian markets and specialty foods stores. $ ",Pork $ Vegetable $ Stir-Fry $ Low Fat $ Bon Appétit $ ,Asian $ Chinese $ ,2.5/4,29,Pork $ Vegetable $ Stir-Fry $ Low Fat $ Bon Appétit $ Asian $ Chinese $ 
https://www.epicurious.com/recipes/food/views/sauteed-cod-on-snow-peas-and-cabbage-with-miso-sesame-vinaigrette-106743,Sauteed Cod on Snow Peas and Cabbage with Miso Sesame Vinaigrette ,"2 tablespoons seasoned rice vinegar $ 3 tablespoons water $ 2 tablespoons red or white miso (fermented soybean paste) $ 1 tablespoon sugar $ 1 tablespoon mirin (Japanese sweet rice wine) $ 2 tablespoons finely grated peeled fresh ginger $ 4 teaspoons nerigoma (Japanese sesame paste) or well-stirred tahini $ 3 tablespoons vegetable oil $ 2 tablespoons vegetable oil $ 2 garlic cloves, finely chopped $ 1/2 lb Savoy cabbage, very thinly sliced crosswise $ 1/2 lb napa cabbage, very thinly sliced crosswise $ 1/4 lb snow peas, very thinly sliced lengthwise $ 2 tablespoons vegetable oil $ 4 (5-oz) pieces cod fillet (3/4 to 1 inch thick) $ ",Fish $ Sauté $ Summer $ Gourmet $ ,Asian $ Japanese $ ,3.5/4,28,Fish $ Sauté $ Summer $ Gourmet $ Asian $ Japanese $ 
https://www.epicurious.com/recipes/food/views/grouper-sandwiches-with-wasabi-coleslaw-109073,Grouper Sandwiches with Wasabi Coleslaw ,"2 cups thinly sliced red cabbage $ 1/4 cup wasabi mayonnaise $ 2 tablespoons rice vinegar $ 4 5-ounce grouper fillets or other firm white fish $ 1/2 cuppanko (Japanese breadcrumbs) or fresh breadcrumbs made from crustless French bread $ 3 tablespoons vegetable oil $ 4 sesame-seed sandwich buns, split $ Lemon wedges $ ",Sandwich $ Fish $ Picnic $ Super Bowl $ Quick & Easy $ Lunch $ Vinegar $ Spring $ Winter $ Cabbage $ Bon Appétit $ Pescatarian $ Dairy Free $ Peanut Free $ Tree Nut Free $ Soy Free $ Kosher $ ,American $ Asian $ ,3/4,6,Sandwich $ Fish $ Picnic $ Super Bowl $ Quick & Easy $ Lunch $ Vinegar $ Spring $ Winter $ Cabbage $ Bon Appétit $ Pescatarian $ Dairy Free $ Peanut Free $ Tree Nut Free $ Soy Free $ Kosher $ American $ Asian $ 
https://www.epicurious.com/recipes/food/views/asian-noodle-mushroom-and-cabbage-salad-106819,"Asian Noodle, Mushroom, and Cabbage Salad ","12 large dried shiitake mushrooms $ 1 tablespoon peanut oil $ 3 cups thinly sliced Napa cabbage $ 1 tablespoon minced peeled fresh ginger $ 1 tablespoon minced garlic $ 14 green onions; 12 halved lengthwise and cut on diagonal into 2-inch lengths, 2 chopped $ 3 tablespoons soy sauce $ 1 1-pound package fresh thin Chinese egg noodles or one 12-ounce package dried Chinese egg noodles $ 1/3 cup oriental sesame oil $ 2 tablespoons fresh lemon juice $ 1 tablespoon unseasoned rice vinegar $ 2 teaspoons sugar $ 3 hard-boiled eggs; 2 thinly sliced, 1 chopped for garnish $ 1 cup chopped fresh cilantro $ ",Bread $ Salad $ Mushroom $ Pasta $ Side $ Stir-Fry $ Summer $ Bon Appétit $ Sugar Conscious $ Vegetarian $ Pescatarian $ Dairy Free $ Tree Nut Free $ Kosher $ ,Asian $ Chinese $ ,3/4,23,Bread $ Salad $ Mushroom $ Pasta $ Side $ Stir-Fry $ Summer $ Bon Appétit $ Sugar Conscious $ Vegetarian $ Pescatarian $ Dairy Free $ Tree Nut Free $ Kosher $ Asian $ Chinese $ 
https://www.epicurious.com/recipes/food/views/tuna-sates-with-wasabi-mayonnaise-12417,Tuna Sates with Wasabi Mayonnaise ,"1 cup mayonnaise $ 4 teaspoons soy sauce $ 1 1/2 teaspoons sugar $ 2 teaspoons fresh lemon juice $ 2 teaspoons wasabi paste (green horseradish paste), or to taste $ a 12-ounce tuna steak, cut into twenty 1-inch cubes $ ten 8-inch bamboo skewers, soaked in water 30 minutes $ ",Quick & Easy $ Backyard BBQ $ Mayonnaise $ Wasabi $ Tuna $ Summer $ Grill $ Grill/Barbecue $ Soy Sauce $ Gourmet $ ,Asian $ ,3.5/4,42,Quick & Easy $ Backyard BBQ $ Mayonnaise $ Wasabi $ Tuna $ Summer $ Grill $ Grill/Barbecue $ Soy Sauce $ Gourmet $ Asian $ 
https://www.epicurious.com/recipes/food/views/pork-dumplings-104209,Pork Dumplings ,"8 Chinese dried mushrooms $ 14 fresh water chestnuts, about 12 ounces $ 8 ounces ground pork butt $ 2 tablespoons finely chopped cilantro $ 1 cup minced scallions $ 1 tablespoon plus 1 teaspoon Shao Hsing rice cooking wine $ 1 tablespoon thin soy sauce $ 1 1/2 teaspoons sesame oil $ 2 teaspoons sugar $ 1/4 teaspoon salt $ 1/4 teaspoon ground white pepper $ 1/2 cup cornstarch $ 2 large egg whites, beaten $ 1/2 package fresh round won ton skins, about 8 ounces $ 8 large flat Napa cabbage leaves $ ",Mushroom $ Onion $ Pork $ Appetizer $ Steam $ Chestnut $ Cabbage $ Dairy Free $ Peanut Free $ ,Asian $ Chinese $ ,3.5/4,16,Mushroom $ Onion $ Pork $ Appetizer $ Steam $ Chestnut $ Cabbage $ Dairy Free $ Peanut Free $ Asian $ Chinese $ 
https://www.epicurious.com/recipes/food/views/hoisin-chicken-skewers-103635,Hoisin Chicken Skewers ,"1/4 cup hoisin sauce $ 1 tablespoon minced peeled fresh ginger $ 1 tablespoon oriental sesame oil $ 1 tablespoon unseasoned rice vinegar $ 2 skinless boneless chicken breast halves, cut into 1-inch pieces $ 1 tablespoon sesame seeds $ ",Chicken $ Quick & Easy $ Summer $ Grill/Barbecue $ Bon Appétit $ ,Asian $ ,3/4,39,Chicken $ Quick & Easy $ Summer $ Grill/Barbecue $ Bon Appétit $ Asian $ 
https://www.epicurious.com/recipes/food/views/sesame-spinach-with-ginger-and-garlic-100753,Sesame Spinach with Ginger and Garlic ,1 garlic clove $ 2 teaspoons sesame seeds $ 1 tablespoon vegetable oil $ 1 teaspoon grated peeled fresh gingerroot $ 6 ounces trimmed fresh spinach (about 12 cups) $ ,Garlic $ Ginger $ Leafy Green $ Side $ Sauté $ Vegetarian $ Quick & Easy $ Spinach $ Fall $ Spring $ Vegan $ Sesame $ Gourmet $ Sugar Conscious $ Pescatarian $ Dairy Free $ Wheat/Gluten-Free $ Peanut Free $ Tree Nut Free $ Soy Free $ No Sugar Added $ Kosher $ ,Asian $ ,3/4,7,Garlic $ Ginger $ Leafy Green $ Side $ Sauté $ Vegetarian $ Quick & Easy $ Spinach $ Fall $ Spring $ Vegan $ Sesame $ Gourmet $ Sugar Conscious $ Pescatarian $ Dairy Free $ Wheat/Gluten-Free $ Peanut Free $ Tree Nut Free $ Soy Free $ No Sugar Added $ Kosher $ Asian $ 
https://www.epicurious.com/recipes/food/views/fried-chinese-five-spice-chicken-wings-101930,Fried Chinese Five-Spice Chicken Wings ,"3 pounds chicken wings (12 to 14) $ 1 onion $ a 1 1/2-inch piece peeled fresh gingerroot $ 2 tablespoons soy sauce (preferably Kikkoman) $ 1‚ tablespoons medium-dry Sherry $ 1 tablespoon Chinese five-spice powder $ 1 tablespoon sugar $ 2 tablespoons plus 1 teaspoon coarse salt $ 2 teaspoons freshly ground black pepper, or to taste $ 1/2 cup cornstarch $ 6 cups vegetable oil $ ",Chicken $ Appetizer $ Braise $ Fry $ Marinate $ Cocktail Party $ Super Bowl $ Poker/Game Night $ Party $ Gourmet $ ,Asian $ Chinese $ ,3/4,18,Chicken $ Appetizer $ Braise $ Fry $ Marinate $ Cocktail Party $ Super Bowl $ Poker/Game Night $ Party $ Gourmet $ Asian $ Chinese $ 
https://www.epicurious.com/recipes/food/views/asian-five-spice-chocolate-cake-102238,Asian Five-Spice Chocolate Cake ,"7 ounces fine-quality unsweetened chocolate, finely chopped $ 6 ounces fine-quality bittersweet chocolate, finely chopped $ 1/2 cup water $ 1 1/4 cups sugar $ 4 teaspoons Chinese five-spice powder $ 2 1/4 sticks unsalted butter, cut into pieces and softened $ 6 large eggs $ Accompaniment: ginger cream $ ",Chocolate $ Dessert $ Bake $ Spice $ Party $ Gourmet $ Kidney Friendly $ Vegetarian $ Pescatarian $ Wheat/Gluten-Free $ Peanut Free $ Tree Nut Free $ Soy Free $ Kosher $ ,American $ Asian $ ,3.5/4,30,Chocolate $ Dessert $ Bake $ Spice $ Party $ Gourmet $ Kidney Friendly $ Vegetarian $ Pescatarian $ Wheat/Gluten-Free $ Peanut Free $ Tree Nut Free $ Soy Free $ Kosher $ American $ Asian $ 
https://www.epicurious.com/recipes/food/views/creamy-chinese-celery-soup-107735,Creamy Chinese Celery Soup ,"1 medium leek (white and pale green parts only), chopped $ 1 medium russet (baking) potato $ 1/2 cup chopped shallot $ 2 tablespoons unsalted butter $ 1 tablespoon olive oil $ 2 bunches Chinese celery (1 1/2 lb total), top leaves discarded and stalks cut into 2-inch pieces $ 1/2 cup dry white wine $ 4 cups chicken stock or low-sodium chicken broth (32 fl oz) $ 1/2 cup heavy cream $ 1/2 teaspoon salt $ 1/4 teaspoon black pepper $ 6 (1/4-inch-thick) diagonal baguette slices $ 1/4 cup extra-virgin olive oil $ Kosher salt to taste $ Garnish: fresh Chinese parsley leaves or flat-leaf parsley leaves $ ",Soup/Stew $ Dairy $ Vegetable $ Quick & Easy $ Celery $ Leek $ White Wine $ Winter $ Gourmet $ ,Asian $ Chinese $ ,3.5/4,28,Soup/Stew $ Dairy $ Vegetable $ Quick & Easy $ Celery $ Leek $ White Wine $ Winter $ Gourmet $ Asian $ Chinese $ 
https://www.epicurious.com/recipes/food/views/cucumber-daikon-relish-107658,Cucumber-Daikon Relish ,"2 English hothouse cucumbers, peeled, halved, seeded, cut crosswise into 1/4-inch-thick slices $ 2 teaspoons sea salt $ 8 ounces daikon (Japanese white radish), peeled, cut into 2x1/4-inch sticks $ 2/3 cup unseasoned rice vinegar $ 2/3 cup sugar $ 1 tablespoon minced fresh ginger $ 1/8 teaspoon cayenne pepper $ ",Condiment/Spread $ Salad $ Vegetable $ No-Cook $ Cucumber $ Radish $ Winter $ Bon Appétit $ ,Asian $ Japanese $ ,3/4,10,Condiment/Spread $ Salad $ Vegetable $ No-Cook $ Cucumber $ Radish $ Winter $ Bon Appétit $ Asian $ Japanese $ 
https://www.epicurious.com/recipes/food/views/sukiyaki-with-red-snapper-108561,Sukiyaki with Red Snapper ,"4 cups dashi* $ 1/2 cup mirin (sweet Japanese rice wine)** $ 1/2 cup soy sauce $ 2 pounds red snapper fillets, halved lengthwise, cut crosswise into 1/2-inch-wide strips $ 1 pound firm tofu (bean curd), drained, cut into 1/2-inch cubes $ 9 ounces fresh shiitake mushrooms, stemmed, caps quartered (about 4 cups) $ 1 bunch garland chrysanthemum,*** large stems removed, or fresh spinach leaves, coarsely chopped (about 3 cups) $ ",Soup/Stew $ Leafy Green $ Mushroom $ Soy $ Quick & Easy $ Snapper $ Tofu $ Fall $ Soy Sauce $ Bon Appétit $ ,Asian $ ,2/4,2,Soup/Stew $ Leafy Green $ Mushroom $ Soy $ Quick & Easy $ Snapper $ Tofu $ Fall $ Soy Sauce $ Bon Appétit $ Asian $ 
https://www.epicurious.com/recipes/food/views/wasabi-crusted-chicken-breasts-108957,Wasabi-Crusted Chicken Breasts ,"1 1/4 cups panko (Japanese breadcrumbs) or fresh breadcrumbs made from crustless French bread $ 4 teaspoons wasabi powder $ 1/2 teaspoon salt $ 1/4 teaspoon pepper $ 2 eggs, beaten to blend $ 4 skinless boneless chicken breast halves, flattened to 1/3-inch thickness between plastic wrap $ 4 tablespoons peanut oil $ 3 tablespoons teriyaki sauce $ 3 tablespoons sake $ 3 tablespoons low-salt chicken broth $ 3 green onions, thinly sliced $ ",Chicken $ Sauté $ Wasabi $ Sake $ Winter $ Bon Appétit $ ,Asian $ ,3/4,54,Chicken $ Sauté $ Wasabi $ Sake $ Winter $ Bon Appétit $ Asian $ 
https://www.epicurious.com/recipes/food/views/chicken-with-chestnuts-108668,Chicken with Chestnuts ,"3 tablespoons coarsely crushed yellow rock sugar (sometimes labeled ""yellow rock candy"") $ 3 tablespoons Chinese rice wine (preferably Shaoxing) or medium-dry Sherry $ 2 tablespoons dark mushroom soy sauce $ 1/2 tablespoon oyster sauce $ 2 cups water $ 2 1/4 pounds whole chicken legs (including thighs; about 2 large) $ 2 tablespoons vegetable oil $ 1 (1-inch) piece fresh ginger, peeled and cut crosswise into 1/8-inch-thick slices $ 1 large garlic clove, smashed $ 16 frozen shelled and blanched chestnuts (3 ounces), thawed $ 1 teaspoon Asian sesame oil $ 2 tablespoons chopped scallion $ ",Wine $ Wok $ Chicken $ Ginger $ Stir-Fry $ Dinner $ Lunar New Year $ Chestnut $ Sesame $ Soy Sauce $ Gourmet $ Dairy Free $ Peanut Free $ ,Asian $ Chinese $ ,3/4,1,Wine $ Wok $ Chicken $ Ginger $ Stir-Fry $ Dinner $ Lunar New Year $ Chestnut $ Sesame $ Soy Sauce $ Gourmet $ Dairy Free $ Peanut Free $ Asian $ Chinese $ 
https://www.epicurious.com/recipes/food/views/asian-cucumber-ribbon-salad-105612,Asian Cucumber Ribbon Salad ,"1/4 cup seasoned rice vinegar $ 1/2 teaspoon sugar $ 1 teaspoon soy sauce $ 1/2 teaspoon Asian sesame oil $ 1 1/2 English cucumbers (1 1/4 lb total), halved crosswise $ ",Salad $ Side $ No-Cook $ Vegetarian $ Quick & Easy $ Vinegar $ Cucumber $ Healthy $ Soy Sauce $ Gourmet $ Sugar Conscious $ Kidney Friendly $ Vegan $ Pescatarian $ Dairy Free $ Peanut Free $ Tree Nut Free $ Kosher $ ,Asian $ ,3/4,34,Salad $ Side $ No-Cook $ Vegetarian $ Quick & Easy $ Vinegar $ Cucumber $ Healthy $ Soy Sauce $ Gourmet $ Sugar Conscious $ Kidney Friendly $ Vegan $ Pescatarian $ Dairy Free $ Peanut Free $ Tree Nut Free $ Kosher $ Asian $ 
https://www.epicurious.com/recipes/food/views/stir-fried-lemongrass-beef-with-asian-greens-105344,Stir-Fried Lemongrass Beef with Asian Greens ,"1 1/2 pounds beef top sirloin, fat trimmed, cut lengthwise in half $ 3 tablespoons minced lemongrass $ 4 tablespoons fish sauce (nam pla)* $ 1 1/2 tablespoons soy sauce $ 1 1/2 teaspoons sugar $ 3 garlic cloves, minced $ 4 tablespoons peanut oil $ 3 tablespoons fresh lime juice $ 1 large shallot, minced $ 1 tablespoon minced seeded serrano chile $ 1 bunch mustard greens, torn into 1-inch pieces $ 1 head of bok choy, torn into 1-inch pieces $ 2 cups thinly sliced red onions $ 1 cup (packed) opal basil** or regular basil leaves $ ",Salad $ Beef $ Leafy Green $ Stir-Fry $ Summer $ Lemongrass $ Bon Appétit $ ,Asian $ ,3/4,15,Salad $ Beef $ Leafy Green $ Stir-Fry $ Summer $ Lemongrass $ Bon Appétit $ Asian $ 
https://www.epicurious.com/recipes/food/views/jasmine-tea-sorbet-10494,Jasmine Tea Sorbet ,3 cups water $ 2 1/2 tablespoons fine-quality jasmine tea leaves $ 3/4 cup plus 2 tablespoons sugar $ ,Tea $ Ice Cream Machine $ Dessert $ Freeze/Chill $ Low Fat $ Quick & Easy $ Low Sodium $ Frozen Dessert $ Summer $ Gourmet $ ,Asian $ ,3/4,12,Tea $ Ice Cream Machine $ Dessert $ Freeze/Chill $ Low Fat $ Quick & Easy $ Low Sodium $ Frozen Dessert $ Summer $ Gourmet $ Asian $ 
https://www.epicurious.com/recipes/food/views/spicy-peanut-sauce-12029,Spicy Peanut Sauce ,"2 tablespoons vegetable oil $ 3 scallions, chopped fine $ 1 garlic clove, chopped fine $ 1 tablespoon finely grated peeled fresh gingerroot $ 1 cup water $ 1/2 cup creamy or chunky peanut butter $ 1/4 cup soy sauce $ 1/4 cup distilled white vinegar $ 3 tablespoons firmly packed brown sugar $ 1/4 teaspoon dried hot red pepper flakes $ ",Sauce $ Ginger $ Nut $ Kid-Friendly $ Quick & Easy $ Peanut $ Spring $ Gourmet $ ,Asian $ ,3.5/4,61,Sauce $ Ginger $ Nut $ Kid-Friendly $ Quick & Easy $ Peanut $ Spring $ Gourmet $ Asian $ 
https://www.epicurious.com/recipes/food/views/thai-fish-curry-2060,Thai Fish Curry ,"1/3 cup finely chopped onion $ 2 tablespoons minced fresh cilantro stems $ 2 tablespoons minced fresh lemongrass (from bottom 6 inches of stalk) $ 1 tablespoon turmeric $ 1 tablespoon minced fresh ginger $ 1 tablespoon ground cumin $ 3 large garlic cloves, halved $ 3/4 teaspoon dried crushed red pepper $ 1 tablespoon vegetable oil $ 3/4 pound 1 1/2-inch-thick sea bass fillets, cut into 3-inch pieces $ 1 cup canned unsweetened coconut milk $ 2/3 cup bottled clam juice $ Minced fresh cilantro $ Freshly cooked rice $ ",Fish $ Ginger $ Herb $ Quick & Easy $ Fall $ Winter $ Bon Appétit $ ,Asian $ Thai $ ,3/4,19,Fish $ Ginger $ Herb $ Quick & Easy $ Fall $ Winter $ Bon Appétit $ Asian $ Thai $ 
https://www.epicurious.com/recipes/food/views/crudites-with-asian-style-dip-5734,Crudites with Asian-Style Dip ,"1/2 cup mayonnaise $ 1/4 cup sour cream $ 2 tablespoons soy sauce $ 2 tablespoons chopped fresh basil $ 1 tablespoon oriental sesame oil $ 1 tablespoon toasted sesame seeds $ 1 tablespoon rice vinegar $ 1 teaspoon minced peeled fresh ginger $ 1 teaspoon sugar $ 1/2 teaspoon dry mustard $ 1/8 teaspoon cayenne pepper $ Assorted cut-up vegetables (such as carrots, red bell peppers, sugar snap peas, cucumbers and broccoli) $ ",Condiment/Spread $ Ginger $ Vegetable $ No-Cook $ Cocktail Party $ Vegetarian $ Mayonnaise $ Vinegar $ Spice $ Sour Cream $ Sesame $ Bon Appétit $ Japan $ ,Asian $ ,3/4,88,Condiment/Spread $ Ginger $ Vegetable $ No-Cook $ Cocktail Party $ Vegetarian $ Mayonnaise $ Vinegar $ Spice $ Sour Cream $ Sesame $ Bon Appétit $ Japan $ Asian $ 
https://www.epicurious.com/recipes/food/views/beef-sates-with-southeast-asian-sauce-12418,Beef Sates with Southeast Asian Sauce ,"1/4 cup fresh lime juice $ 2 tablespoons water $ 4 teaspoons soy sauce $ 2 garlic cloves $ 3 slices peeled fresh gingerroot, each the side of a quarter $ 1 teaspoon sugar $ 1/4 teaspoon dried hot red pepper flakes $ 3 tablespoons vegetable oil $ an 8-ounce filet mignon, cut into twenty-four 1-inch cubes $ 1/4 cup fresh coriander sprigs, washed well, spun dry, and chopped fine $ 1 tablespoon minced fresh mint leaves $ 1 scallion, minced $ twelve 8-inch bamboo skewers, soaked in water 30 minutes. $ ",Food Processor $ Ginger $ Marinate $ Quick & Easy $ Backyard BBQ $ Lime $ Beef Tenderloin $ Summer $ Grill $ Grill/Barbecue $ Cilantro $ Soy Sauce $ Gourmet $ ,Asian $ Thai $ ,3.5/4,15,Food Processor $ Ginger $ Marinate $ Quick & Easy $ Backyard BBQ $ Lime $ Beef Tenderloin $ Summer $ Grill $ Grill/Barbecue $ Cilantro $ Soy Sauce $ Gourmet $ Asian $ Thai $ 
https://www.epicurious.com/recipes/food/views/herbal-soup-101430,Herbal Soup ,1 American ginseng root $ 5 slices dried abalone $ 5 to 6 cups water $ 1 skinless chicken breast $ salt to taste $ ,Chicken $ Fish $ Herb $ Spring $ ,Asian $ ,3/4,3,Chicken $ Fish $ Herb $ Spring $ Asian $ 
https://www.epicurious.com/recipes/food/views/fried-shrimp-with-peanut-sauce-11754,Fried Shrimp with Peanut Sauce ,"1/4 cup creamy peanut butter $ 4 teaspoons soy sauce $ 4 teaspoons fresh lemon juice, or to taste $ 2 teaspoons firmly packed light brown sugar $ 1 large garlic clove, minced $ 1/3 cup plus 2 tablespoons water $ cayenne to taste $ 2 tablespoons thinly sliced scallion greens $ 1 large egg $ 3/4 pound small shrimp (about 32), shelled $ all-purpose flour seasoned with salt and pepper $ vegetable oil for deep-frying the shrimp $ ",Shellfish $ Fry $ Lemon $ Peanut $ Shrimp $ Soy Sauce $ Gourmet $ ,Asian $ ,3.5/4,26,Shellfish $ Fry $ Lemon $ Peanut $ Shrimp $ Soy Sauce $ Gourmet $ Asian $ 
https://www.epicurious.com/recipes/food/views/stir-fried-chestnuts-and-chinese-cabbage-108740,Stir-Fried Chestnuts and Chinese Cabbage ,"3 tablespoons peanut oil $ 2 teaspoons minced garlic $ 2 teaspoons minced peeled fresh ginger $ 1/4 teaspoon salt $ 1 pound Napa cabbage, quartered lengthwise, cored, and sliced diagonally into 1/4-inch-wide strips $ 2 cups bottled peeled cooked whole chestnuts (10 ounces) halved $ 1/2 teaspoon sugar $ 1 tablespoon soy sauce $ 1 teaspoon Asian sesame oil $ ",Ginger $ Nut $ Side $ Stir-Fry $ Thanksgiving $ Vegetarian $ Quick & Easy $ Fall $ Vegan $ Chestnut $ Cabbage $ Sesame $ Soy Sauce $ Gourmet $ Sugar Conscious $ Pescatarian $ Dairy Free $ Kosher $ ,Asian $ Chinese $ ,3/4,6,Ginger $ Nut $ Side $ Stir-Fry $ Thanksgiving $ Vegetarian $ Quick & Easy $ Fall $ Vegan $ Chestnut $ Cabbage $ Sesame $ Soy Sauce $ Gourmet $ Sugar Conscious $ Pescatarian $ Dairy Free $ Kosher $ Asian $ Chinese $ 
https://www.epicurious.com/recipes/food/views/mock-mandarin-pancakes-14119,Mock Mandarin Pancakes ,twenty-four 6- to 8-inch flour tortillas $ 1/4 cup Asian sesame oil $ ,Bread $ Side $ Bake $ Quick & Easy $ Gourmet $ ,Asian $ ,0/4,0,Bread $ Side $ Bake $ Quick & Easy $ Gourmet $ Asian $ 
https://www.epicurious.com/recipes/food/views/asian-risotto-with-pancetta-and-mussels-1188,Asian Risotto with Pancetta and Mussels ,"1 1/2 cups hot water $ 1 ounce dried shiitake mushrooms $ 3 cups bottled clam juice $ 2 cups water $ 1 tablespoon vegetable oil $ 1/4 pound pancetta, chopped $ 2 tablespoons minced peeled fresh ginger $ 1 bunch green onions, chopped $ 1 1/2 pounds mussels, scrubbed, debearded $ 2 cups 1/4-inch-thick slices bok choy stems $ 2 cups arborio or medium-grain rice $ 1/2 cup dry vermouth $ 2 cups chopped bok choy leaves $ 1/2 pound snow peas, stringed, thinly sliced lengthwise $ 1/4 cup chopped fresh cilantro $ Fresh cilantro sprigs $ ",Mushroom $ Pork $ Rice $ Shellfish $ Bacon $ Mussel $ Healthy $ Bok Choy $ Bon Appétit $ ,Asian $ ,3.5/4,5,Mushroom $ Pork $ Rice $ Shellfish $ Bacon $ Mussel $ Healthy $ Bok Choy $ Bon Appétit $ Asian $ 
https://www.epicurious.com/recipes/food/views/thai-shrimp-soup-with-lemon-and-jalapenos-1182,Thai Shrimp Soup with Lemon and Jalapenos ,"1 pound uncooked large shrimp $ 3 cups water $ 2 cups bottled clam juice $ 1 onion, sliced $ 8 quarter-size slices fresh ginger $ 6 tablespoons fresh lemon juice $ 2 jalapeño chilies, split lengthwise $ 2 bay leaves $ 1 tablespoon grated lemon peel $ 1/2 teaspoon whole black peppercorns $ 1 cup canned unsweetened coconut milk $ 1/2 pound wafer-thin boneless pork loin chops, cut into thin strips $ 1 skinless boneless chicken breast half, cut crosswise into thin strips $ 1 tablespoon nam pla (fish sauce) $ 2 teaspoons garlic chili sauce $ 3 cups hot cooked white rice $ 1/4 cup chopped green onions $ 1/4 cup chopped fresh cilantro $ ",Soup/Stew $ Chicken $ Ginger $ Pork $ Shellfish $ Lunch $ Lemon $ Coconut $ Shrimp $ Healthy $ Jalapeño $ Bon Appétit $ Sugar Conscious $ Dairy Free $ Peanut Free $ Tree Nut Free $ Soy Free $ No Sugar Added $ ,Asian $ Thai $ ,3.5/4,22,Soup/Stew $ Chicken $ Ginger $ Pork $ Shellfish $ Lunch $ Lemon $ Coconut $ Shrimp $ Healthy $ Jalapeño $ Bon Appétit $ Sugar Conscious $ Dairy Free $ Peanut Free $ Tree Nut Free $ Soy Free $ No Sugar Added $ Asian $ Thai $ 
https://www.epicurious.com/recipes/food/views/mahimahi-with-ginger-soy-sauce-and-stir-fried-vegetables-5226,Mahimahi with Ginger-Soy Sauce and Stir-Fried Vegetables ,"1/2 cup soy sauce $ 1/4 cup grated peeled fresh ginger $ 1/4 cup fresh lime juice $ 1/4 cup chopped fresh cilantro $ 1/4 cup water $ 4 green onions, finely chopped $ 2 tablespoons rice vinegar $ 1 tablespoon brown sugar $ 1 teaspoon minced jalapeño chili $ 3/4 teaspoon minced garlic $ 6 6-ounce skinless mahimahi fillets $ 1/3 cup coriander seeds, crushed $ 2 tablespoons vegetable oil $ Stir-fried Vegetables $ ",Fish $ Ginger $ Onion $ Bake $ Lime $ Cilantro $ Soy Sauce $ Coriander $ Bon Appétit $ Texas $ ,Asian $ ,3/4,13,Fish $ Ginger $ Onion $ Bake $ Lime $ Cilantro $ Soy Sauce $ Coriander $ Bon Appétit $ Texas $ Asian $ 
https://www.epicurious.com/recipes/food/views/soba-noodle-soup-with-roast-pork-and-bok-choy-14014,Soba Noodle Soup with Roast Pork and Bok Choy ,1 tablespoon hoisin sauce $ 1 tablespoon sugar $ 1 1/2 teaspoons Chinese five-spice powder $ 1 tablespoon plus 1 teaspoon soy sauce $ a 3/4-pound piece well trimmed boneless pork loin $ 8 cups chicken broth $ six 1/8-inch slices peeled fresh gingerroot $ 3 star anise $ 2 large garlic cloves $ 1/2 pound dried soba noodles $ 1/2 pound bok choy (about 1/2 small head) $ ,Soup/Stew $ Ginger $ Pasta $ Pork $ Roast $ Spice $ Winter $ Anise $ Bok Choy $ Simmer $ Gourmet $ ,Asian $ ,3/4,12,Soup/Stew $ Ginger $ Pasta $ Pork $ Roast $ Spice $ Winter $ Anise $ Bok Choy $ Simmer $ Gourmet $ Asian $ 
https://www.epicurious.com/recipes/food/views/spicy-pork-and-kumquat-stir-fry-2664,Spicy Pork and Kumquat Stir-Fry ,"1 pound 1/2-inch-thick boneless pork loin chops (about 6) cut crosswise into 1/3-inch-wide strips $ 2 tablespoons hoisin sauce $ 1 tablespoon oyster sauce $ 1 tablespoon cornstarch $ 2 teaspoons Chinese five spice powder* $ 5 ounces kumquats, quartered lengthwise, seeded $ 1 tablespoon sugar $ 1 1/2 tablespoons hot chili oil or chili sesame oil* $ 2 tablespoons minced peeled fresh ginger $ 1/2 cup canned chicken broth $ 1 teaspoon rice vinegar $ *Available at oriental markets and in oriental section of some supermarkets. $ ",Fruit $ Ginger $ Pork $ Stir-Fry $ Quick & Easy $ Kumquat $ Bon Appétit $ ,Asian $ ,3.5/4,16,Fruit $ Ginger $ Pork $ Stir-Fry $ Quick & Easy $ Kumquat $ Bon Appétit $ Asian $ 
https://www.epicurious.com/recipes/food/views/green-curry-chicken-with-peas-and-basil-4628,Green-Curry Chicken with Peas and Basil ,"2 teaspoons olive oil $ 1 cup chopped onion $ 2 teaspoons minced fresh ginger $ 1 pound skinless boneless chicken breast halves, cut into strips $ 1 cup canned unsweetened coconut milk $ 1/2 cup canned low-salt chicken broth $ 1 tablespoon Thai green curry paste $ 4 tablespoons thinly sliced fresh basil $ 1 tablespoon chopped fresh cilantro $ 1 1/2 cups snow peas, stringed $ 1/4 cup thinly sliced green onions $ Cooked rice $ ",Chicken $ Ginger $ Herb $ Poultry $ Vegetable $ Sauté $ Quick & Easy $ Wheat/Gluten-Free $ Dinner $ Basil $ Curry $ Pea $ Bon Appétit $ ,Asian $ Thai $ Southeast Asian $ ,3/4,38,Chicken $ Ginger $ Herb $ Poultry $ Vegetable $ Sauté $ Quick & Easy $ Wheat/Gluten-Free $ Dinner $ Basil $ Curry $ Pea $ Bon Appétit $ Asian $ Thai $ Southeast Asian $ 
https://www.epicurious.com/recipes/food/views/crispy-noodle-pancake-105593,Crispy Noodle Pancake ,"6 ounces fresh chow mein noodles $ 4 green onions, chopped $ 1 teaspoon plus 1 1/2 tablespoons vegetable oil $ 1 1/2 tablespoons oriental sesame oil $ ",Onion $ Pasta $ Side $ Fry $ Quick & Easy $ Sugar Conscious $ Vegetarian $ Pescatarian $ Dairy Free $ Peanut Free $ Tree Nut Free $ Soy Free $ No Sugar Added $ Kosher $ ,Asian $ ,3/4,7,Onion $ Pasta $ Side $ Fry $ Quick & Easy $ Sugar Conscious $ Vegetarian $ Pescatarian $ Dairy Free $ Peanut Free $ Tree Nut Free $ Soy Free $ No Sugar Added $ Kosher $ Asian $ 
https://www.epicurious.com/recipes/food/views/chinese-broccoli-with-sausage-and-polenta-107739,Chinese Broccoli with Sausage and Polenta ,"2 lb Chinese broccoli, thick ends trimmed $ 6 cups water $ 1 1/2 teaspoons salt $ 1 1/2 cups polenta (not instant) or yellow cornmeal $ 3 tablespoons unsalted butter, softened $ 1/2 cup heavy cream $ 2 tablespoons finely grated parmesan $ 2 tablespoons olive oil $ 3/4 lb hot Italian sausage, casings removed $ 2 garlic cloves, thinly sliced $ 1 teaspoon salt $ 1/2 teaspoon black pepper $ ",Pork $ Vegetable $ Sauté $ Quick & Easy $ Sausage $ Broccoli $ Winter $ Simmer $ Boil $ Gourmet $ ,Asian $ Chinese $ ,3/4,11,Pork $ Vegetable $ Sauté $ Quick & Easy $ Sausage $ Broccoli $ Winter $ Simmer $ Boil $ Gourmet $ Asian $ Chinese $ 
https://www.epicurious.com/recipes/food/views/asian-vegetables-with-tofu-and-coconut-milk-105542,Asian Vegetables with Tofu and Coconut Milk ,"8 small broccoli florets $ 8 small cauliflower florets $ 1 tablespoon oriental sesame oil $ 2 large garlic cloves, minced $ 12 pieces canned baby corn, drained $ 8 snow peas, strings removed $ 6 large shiitake mushrooms (about 4 ounces), stemmed, caps sliced $ 1 small Chinese or Japanese eggplant, quartered lengthwise, cut crosswise into 1-inch pieces $ 3/4 cup canned unsweetened coconut milk* $ 2 tablespoons soy sauce $ 1 tablespoon oyster sauce* or vegetarian oyster sauce* $ 1 2-inch square baked teriyaki-seasoned tofu, cut into 1x1/2x1/4-inch pieces $ 1 baby bok choy, quartered lengthwise $ 1 green onion, cut into 1-inch pieces $ ",Milk/Cream $ Mushroom $ Side $ Sauté $ Vegetarian $ Tofu $ Broccoli $ Cauliflower $ Corn $ Eggplant $ Pea $ Fall $ Bon Appétit $ ,Asian $ ,2.5/4,13,Milk/Cream $ Mushroom $ Side $ Sauté $ Vegetarian $ Tofu $ Broccoli $ Cauliflower $ Corn $ Eggplant $ Pea $ Fall $ Bon Appétit $ Asian $ 
https://www.epicurious.com/recipes/food/views/tofu-and-leek-stir-fry-with-ground-beef-107984,Tofu and Leek Stir-Fry with Ground Beef ,"2 baby leeks (1/2 lb total; white and pale green parts only), cut diagonally into 1/8-inch-thick slices $ 10 oz soft or firm tofu (not silken or extra-firm), drained and cut into 1/2-inch cubes $ 1 tablespoon peanut oil $ 1/4 lb ground beef $ 1 teaspoon Chinese rice wine (preferably Shaoxing) or medium-dry Sherry $ 1 teaspoon dark soy sauce $ 1/2 tablespoon Chinese chile bean sauce or paste $ 1 teaspoon minced peeled fresh ginger $ 1 teaspoon mild pure chile powder $ 1/2 teaspoon Chinese fermented black beans, soaked in water 10 minutes and drained $ 1/4 cup chicken broth $ 1/2 teaspoon potato starch or cornstarch mixed with 2 teaspoons cold water $ Accompaniment: white rice $ Garnish: 1/2 teaspoon Sichuan peppercorns, toasted and ground with a mortar and pestle $ ",Wok $ Stir-Fry $ Quick & Easy $ Dinner $ Ground Beef $ Tofu $ Leek $ Gourmet $ Dairy Free $ Tree Nut Free $ Kosher $ ,Asian $ ,3/4,9,Wok $ Stir-Fry $ Quick & Easy $ Dinner $ Ground Beef $ Tofu $ Leek $ Gourmet $ Dairy Free $ Tree Nut Free $ Kosher $ Asian $ 
https://www.epicurious.com/recipes/food/views/spicy-asian-style-noodles-with-clams-103780,Spicy Asian-Style Noodles with Clams ,"8 ounces vermicelli pasta $ 2 tablespoons oriental sesame oil $ 1 red bell pepper, thinly sliced $ 1/2 cup chopped onion $ 6 garlic cloves, chopped $ 1 tablespoon chopped peeled fresh ginger $ 1 teaspoon dried crushed red pepper $ 1 cup water $ 3 tablespoons rice vinegar $ 2 tablespoons soy sauce $ 24 fresh clams, scrubbed $ 1/2 cup chopped fresh cilantro $ ",Pasta $ Shellfish $ Sauté $ Dinner $ Seafood $ Clam $ Noodle $ Bon Appétit $ Florida $ Sugar Conscious $ Pescatarian $ Dairy Free $ Peanut Free $ Tree Nut Free $ No Sugar Added $ ,Asian $ ,3/4,16,Pasta $ Shellfish $ Sauté $ Dinner $ Seafood $ Clam $ Noodle $ Bon Appétit $ Florida $ Sugar Conscious $ Pescatarian $ Dairy Free $ Peanut Free $ Tree Nut Free $ No Sugar Added $ Asian $ 
https://www.epicurious.com/recipes/food/views/vanilla-thins-106770,Vanilla Thins ,"1/2 stick (1/4 cup) unsalted butter, softened $ 1/4 cup sugar $ 1/8 teaspoon salt $ 1 large egg $ 1/2 teaspoon vanilla $ 1/4 cup plus 1 teaspoon all-purpose flour $ ",Cookies $ Bake $ Summer $ Gourmet $ ,Asian $ ,3/4,5,Cookies $ Bake $ Summer $ Gourmet $ Asian $ 
https://www.epicurious.com/recipes/food/views/soy-ginger-beef-and-noodle-salad-with-peanut-dressing-106946,Soy-Ginger Beef and Noodle Salad with Peanut Dressing ,"1 1/4 cups boiling water $ 3 tea bags of Chinese black tea $ 2/3 cup smooth peanut butter $ 1/4 cup soy sauce $ 2 tablespoons fresh lime juice $ 1/4 teaspoon cayenne pepper $ 1 cup chopped watercress $ 1/2 cup chopped fresh mint $ 5 tablespoons soy sauce $ 2 tablespoons unseasoned rice vinegar $ 1 tablespoon minced peeled fresh ginger $ 1 tablespoon honey $ 1 teaspoon dried crushed red pepper $ 1 teaspoon ground cumin $ 1 1 1/4- to 1 1/2-pound top sirloin steak, cut crosswise into 1/4- to 1/3-inch-thick slices; slices then cut into 3-inch strips $ 3/4 pound linguine $ 1 tablespoon oriental sesame oil $ 2 12-ounce cucumbers, peeled, halved lengthwise, seeded $ 8 large green onions, halved lengthwise, cut on diagonal into 1-inch lengths $ 1 bunch fresh mint $ 1 bunch watercress $ 1/2 cup roasted salted peanuts, coarsely chopped $ Lime wedges $ ",Salad $ Tea $ Beef $ Ginger $ Pasta $ Marinate $ Mint $ Peanut $ Summer $ Grill/Barbecue $ Watercress $ Soy Sauce $ Bon Appétit $ ,Asian $ ,3/4,19,Salad $ Tea $ Beef $ Ginger $ Pasta $ Marinate $ Mint $ Peanut $ Summer $ Grill/Barbecue $ Watercress $ Soy Sauce $ Bon Appétit $ Asian $ 
https://www.epicurious.com/recipes/food/views/scallop-tea-rice-109068,Scallop Tea Rice ,"1 1/2 cups short-grain rice (such as sushi rice) $ 2 1/2 cups bottled clam juice, divided $ 3 tablespoons soy sauce, divided $ 3 tablespoons sake, divided $ 2 teaspoons minced peeled fresh ginger $ 1 teaspoon sugar $ 1/2 teaspoon coarse kosher salt $ 2 tablespoons loose green tea leaves or tea leaves from about 6 tea bags $ 2 cups boiling water $ 8 ounces sea scallops (about 12), side muscles removed $ 1 4-ounce jar salmon roe (caviar) $ 2 teaspoons white sesame seeds, toasted $ 1 green onion, thinly sliced $ Wasabi paste* $ ",Tea $ Ginger $ Rice $ Shellfish $ Quick & Easy $ Wasabi $ Scallop $ Sake $ Winter $ Healthy $ Soy Sauce $ Simmer $ Bon Appétit $ ,Asian $ Japanese $ ,3/4,8,Tea $ Ginger $ Rice $ Shellfish $ Quick & Easy $ Wasabi $ Scallop $ Sake $ Winter $ Healthy $ Soy Sauce $ Simmer $ Bon Appétit $ Asian $ Japanese $ 
https://www.epicurious.com/recipes/food/views/stir-fried-vegetables-with-orange-and-mint-105678,Stir-Fried Vegetables with Orange and Mint ,"1 cup purchased peeled baby carrots $ 2 cups broccoli florets $ 2 cups cauliflower florets $ 2 small zucchini (about 4 ounces), trimmed, cut into 1/3-inch cubes $ 1 yellow crookneck squash, trimmed, cut into 1/3-inch cubes $ 1/4 cup chopped fresh Italian parsley $ 3 tablespoons Sherry wine vinegar $ 2 tablespoons chopped fresh mint $ 2 tablespoons olive oil $ 1 tablespoon grated orange peel $ 2 large garlic cloves, chopped $ ",Wok $ Steam $ Stir-Fry $ Low Fat $ Mint $ Broccoli $ Cauliflower $ Carrot $ Squash $ Zucchini $ Fall $ Parsley $ Bon Appétit $ ,Asian $ ,1/4,4,Wok $ Steam $ Stir-Fry $ Low Fat $ Mint $ Broccoli $ Cauliflower $ Carrot $ Squash $ Zucchini $ Fall $ Parsley $ Bon Appétit $ Asian $ 
https://www.epicurious.com/recipes/food/views/sweet-chile-dipping-sauce-108363,Sweet Chile Dipping Sauce ,1/4 cup water $ 1/4 cup sugar $ 1/2 cup rice vinegar (not seasoned) $ 3/4 teaspoon salt $ 1/2 teaspoon sambal oelek (chile garlic sauce) or 1/2 teaspoon dried hot red pepper flakes $ ,Condiment/Spread $ Pepper $ Side $ Cocktail Party $ Quick & Easy $ Backyard BBQ $ Vinegar $ Hot Pepper $ Summer $ Gourmet $ Fat Free $ Vegan $ Vegetarian $ Pescatarian $ Dairy Free $ Wheat/Gluten-Free $ Peanut Free $ Tree Nut Free $ Soy Free $ Kosher $ ,Asian $ ,4/4,3,Condiment/Spread $ Pepper $ Side $ Cocktail Party $ Quick & Easy $ Backyard BBQ $ Vinegar $ Hot Pepper $ Summer $ Gourmet $ Fat Free $ Vegan $ Vegetarian $ Pescatarian $ Dairy Free $ Wheat/Gluten-Free $ Peanut Free $ Tree Nut Free $ Soy Free $ Kosher $ Asian $ 
https://www.epicurious.com/recipes/food/views/gingered-spareribs-with-brown-sugar-and-soy-107277,Gingered Spareribs with Brown Sugar and Soy ,"2 tablespoons vegetable oil $ 3 pounds well-trimmed pork spareribs, cut into individual ribs $ 2 garlic cloves, minced $ 1 tablespoon minced peeled fresh ginger $ 3/4 cup (packed) golden brown sugar $ 3/4 cup rice vinegar $ 1/2 cup reduced-sodium soy sauce $ 1 teaspoon cornstarch dissolved in 1 tablespoon cold water (optional) $ Steamed white rice $ ",Ginger $ Braise $ Sauté $ Pork Rib $ Fall $ Bon Appétit $ Hawaii $ ,American $ Asian $ ,3.5/4,26,Ginger $ Braise $ Sauté $ Pork Rib $ Fall $ Bon Appétit $ Hawaii $ American $ Asian $ 
https://www.epicurious.com/recipes/food/views/shrimp-salad-106896,Shrimp Salad ,"2 garlic cloves, chopped $ 1/4 cup peanut oil $ 2 small tomatoes, quartered lengthwise, seeded, and cut into 1/4-inch-thick strips $ 1/3 cup thinly sliced shallot $ 1/2 teaspoon minced seeded fresh green Thai or serrano chile, or to taste $ 1/4 cup Asian fish sauce $ 1/4 cup fresh lime juice $ 4 qt water $ 1 tablespoon salt $ 2 (1/4-inch-thick) slices fresh ginger, crushed with flat side of a knife $ 1 1/2 lb large shrimp (24 to 30), shelled and deveined $ 1/3 cup salted roasted peanuts, finely chopped $ Garnish: fresh cilantro leaves and lime wedges $ ",Salad $ Ginger $ Nut $ Shellfish $ Summer $ Gourmet $ ,Asian $ ,4/4,9,Salad $ Ginger $ Nut $ Shellfish $ Summer $ Gourmet $ Asian $ 
https://www.epicurious.com/recipes/food/views/ginger-soy-grilled-steak-103782,Ginger-Soy Grilled Steak ,6 tablespoons soy sauce $ 1/4 cup chopped onion $ 1/4 cup rice vinegar $ 2 tablespoons oriental sesame oil $ 1 tablespoon chopped peeled fresh ginger $ 1 cup chopped green onions $ 1 1 1/2-pound top sirloin steak (about 1 inch thick) $ ,Beef $ Ginger $ Soy $ Marinate $ Fourth of July $ Backyard BBQ $ Meat $ Steak $ Summer $ Tailgating $ Grill $ Grill/Barbecue $ Party $ Soy Sauce $ Bon Appétit $ New York $ ,Asian $ ,3.5/4,73,Beef $ Ginger $ Soy $ Marinate $ Fourth of July $ Backyard BBQ $ Meat $ Steak $ Summer $ Tailgating $ Grill $ Grill/Barbecue $ Party $ Soy Sauce $ Bon Appétit $ New York $ Asian $ 
https://www.epicurious.com/recipes/food/views/ginger-fried-rice-with-shiitake-mushrooms-107757,Ginger Fried Rice with Shiitake Mushrooms ,"2 tablespoons plus 1 teaspoon vegetable oil $ 1 large egg, beaten with 1 tablespoon water $ 1 1/2 tablespoons minced peeled fresh ginger $ 3 scallions, white and green parts chopped separately $ 3/4 teaspoon kosher salt $ 1/2 lb fresh shiitake mushrooms, stems discarded and caps thinly sliced $ 3 cups cold cooked white rice $ 1/2 teaspoon Asian sesame oil $ ",Ginger $ Mushroom $ Rice $ Side $ Stir-Fry $ Vegetarian $ Low/No Sugar $ Winter $ Gourmet $ Sugar Conscious $ Kidney Friendly $ Pescatarian $ Dairy Free $ Wheat/Gluten-Free $ Peanut Free $ Tree Nut Free $ Soy Free $ No Sugar Added $ Kosher $ ,Asian $ ,3/4,67,Ginger $ Mushroom $ Rice $ Side $ Stir-Fry $ Vegetarian $ Low/No Sugar $ Winter $ Gourmet $ Sugar Conscious $ Kidney Friendly $ Pescatarian $ Dairy Free $ Wheat/Gluten-Free $ Peanut Free $ Tree Nut Free $ Soy Free $ No Sugar Added $ Kosher $ Asian $ 
https://www.epicurious.com/recipes/food/views/jade-dumplings-with-soy-sesame-dipping-sauce-107838,Jade Dumplings with Soy-Sesame Dipping Sauce ,"1/3 cup soy sauce $ 1 green onion, very thinly sliced $ 2 tablespoons rice vinegar $ 2 teaspoons oriental sesame oil $ 1 tablespoon minced fresh ginger $ 1 garlic clove, peeled $ 12 ounces fresh asparagus, trimmed, quartered crosswise $ 1 8-ounce can whole water chestnuts, drained $ 3 green onions, quartered $ 1 teaspoon oriental sesame oil $ 1 teaspoon soy sauce $ 1/4 teaspoon coarse kosher salt $ All purpose flour $ 36 wonton wrappers $ Romaine lettuce leaves $ ",Ginger $ Onion $ Appetizer $ Steam $ Vegetarian $ Asparagus $ Vegan $ Chestnut $ Soy Sauce $ Bon Appétit $ Sugar Conscious $ Kidney Friendly $ Pescatarian $ Dairy Free $ Peanut Free $ Kosher $ ,Asian $ ,3/4,20,Ginger $ Onion $ Appetizer $ Steam $ Vegetarian $ Asparagus $ Vegan $ Chestnut $ Soy Sauce $ Bon Appétit $ Sugar Conscious $ Kidney Friendly $ Pescatarian $ Dairy Free $ Peanut Free $ Kosher $ Asian $ 
https://www.epicurious.com/recipes/food/views/chopped-spinach-with-toasted-sesame-seeds-106852,Chopped Spinach with Toasted Sesame Seeds ,"1/4 cup sesame seeds $ 5 large (8- to 9-ounce) bunches fresh spinach, stem ends and roots trimmed, rinsed well $ 4 teaspoons oriental sesame oil $ 1 tablespoon unseasoned rice vinegar $ 1/4 teaspoon hot pepper sauce $ ",Leafy Green $ Side $ Quick & Easy $ Low/No Sugar $ Vinegar $ Spinach $ Summer $ Bon Appétit $ Sugar Conscious $ Kidney Friendly $ Vegan $ Vegetarian $ Pescatarian $ Paleo $ Dairy Free $ Wheat/Gluten-Free $ Peanut Free $ Tree Nut Free $ Soy Free $ No Sugar Added $ Kosher $ ,Asian $ ,3/4,10,Leafy Green $ Side $ Quick & Easy $ Low/No Sugar $ Vinegar $ Spinach $ Summer $ Bon Appétit $ Sugar Conscious $ Kidney Friendly $ Vegan $ Vegetarian $ Pescatarian $ Paleo $ Dairy Free $ Wheat/Gluten-Free $ Peanut Free $ Tree Nut Free $ Soy Free $ No Sugar Added $ Kosher $ Asian $ 
https://www.epicurious.com/recipes/food/views/seafood-pancake-109591,Seafood Pancake ,"7 ounces fresh squid (calamari) $ 18 ounces fresh shrimp $ 2 ounces oysters $ 2 cups flour $ 1 1/2 cups water $ 2 eggs $ 2 teaspoons crushed garlic $ 1/2 teaspoon salt $ 5 ounces scallions, chopped into 1-inch pieces $ 2 teaspoons vegetable oil $ 2 teaspoons soy sauce $ 2 tablespoons vinegar $ 1 teaspoon sugar $ 1 teaspoon red pepper flakes $ 2 teaspoons sesame seeds $ ",Appetizer $ Side $ Fry $ Oyster $ Shrimp $ Squid $ Sugar Conscious $ Pescatarian $ Dairy Free $ Peanut Free $ Tree Nut Free $ ,Asian $ ,2.5/4,4,Appetizer $ Side $ Fry $ Oyster $ Shrimp $ Squid $ Sugar Conscious $ Pescatarian $ Dairy Free $ Peanut Free $ Tree Nut Free $ Asian $ 
https://www.epicurious.com/recipes/food/views/cucumber-salad-109463,Cucumber Salad ,"2 tablespoons fine-quality dried shrimp such as BDMP or Sea Emperor brands (optional) $ 1/2 cup fresh lime juice $ 3 tablespoons sugar $ 2 tablespoons nam pla (Asian fish sauce; preferably Thai) $ 2 seedless cucumbers (usually plastic-wrapped; 1 1/2 lb total), halved lengthwise and sliced crosswise 1/8 inch thick $ 2 small shallots, thinly sliced (2 tablespoons) $ ",Salad $ Side $ No-Cook $ Quick & Easy $ Lime $ Shrimp $ Cucumber $ Summer $ Shallot $ Gourmet $ Fat Free $ Kidney Friendly $ Pescatarian $ Dairy Free $ Wheat/Gluten-Free $ Peanut Free $ Tree Nut Free $ Soy Free $ ,Asian $ Thai $ ,3.5/4,7,Salad $ Side $ No-Cook $ Quick & Easy $ Lime $ Shrimp $ Cucumber $ Summer $ Shallot $ Gourmet $ Fat Free $ Kidney Friendly $ Pescatarian $ Dairy Free $ Wheat/Gluten-Free $ Peanut Free $ Tree Nut Free $ Soy Free $ Asian $ Thai $ 
https://www.epicurious.com/recipes/food/views/steamed-sticky-rice-109457,Steamed Sticky Rice ,4 cups raw Thai sticky rice* (26 oz) $ cheesecloth $ ,Rice $ Side $ Steam $ Quick & Easy $ Gourmet $ Sugar Conscious $ Low Sugar $ Kidney Friendly $ Vegan $ Vegetarian $ Pescatarian $ Dairy Free $ Wheat/Gluten-Free $ Peanut Free $ Tree Nut Free $ Soy Free $ No Sugar Added $ Kosher $ ,Asian $ Thai $ ,4/4,3,Rice $ Side $ Steam $ Quick & Easy $ Gourmet $ Sugar Conscious $ Low Sugar $ Kidney Friendly $ Vegan $ Vegetarian $ Pescatarian $ Dairy Free $ Wheat/Gluten-Free $ Peanut Free $ Tree Nut Free $ Soy Free $ No Sugar Added $ Kosher $ Asian $ Thai $ 
https://www.epicurious.com/recipes/food/views/egg-fried-rice-109443,Egg Fried Rice ,"2 tablespoons vegetable oil $ 2 large eggs, lightly beaten $ 3 cups cold unsalted cooked rice $ 1/2 teaspoon salt $ 1/8 teaspoon black pepper $ 4 scallions, thinly sliced $ 1 cup frozen peas, thawed $ ",Egg $ Rice $ Side $ Fry $ Quick & Easy $ Pea $ Gourmet $ ,Asian $ ,2.5/4,13,Egg $ Rice $ Side $ Fry $ Quick & Easy $ Pea $ Gourmet $ Asian $ 
https://www.epicurious.com/recipes/food/views/peanut-noodles-with-gingered-vegetables-and-tofu-15579,Peanut Noodles with Gingered Vegetables and Tofu ,"2 tablespoons peanut oil $ 2 tablespoons minced fresh ginger $ 8 ounces broccoli, tops cut into florets, stems peeled, cut into thin strips $ 1 large carrot, peeled, cut into thin strips $ 1 celery stalk, thinly sliced $ 8 green onions, white parts cut into thin strips, green parts chopped $ 1 medium zucchini $ 1 medium-size yellow crookneck squash, cut lengthwise in half, then crosswise into 1/3-inch-thick slices $ 1 red bell pepper, cut into thin strips $ 2 tablespoons dry Sherry $ 10 ounces extra-firm or firm tofu, cut into 1/2-inch pieces $ 12 ounces spaghetti, freshly cooked $ Chinese Peanut Sauce $ 1 cup lightly salted roasted peanuts $ ",Ginger $ Pasta $ Soy $ Vegetable $ Sauté $ Vegetarian $ Peanut $ Fall $ Bon Appétit $ ,Asian $ ,3/4,47,Ginger $ Pasta $ Soy $ Vegetable $ Sauté $ Vegetarian $ Peanut $ Fall $ Bon Appétit $ Asian $ 
https://www.epicurious.com/recipes/food/views/rice-noodles-with-garlic-and-herbs-12063,Rice Noodles with Garlic and Herbs ,"1 cup plus 2 tablespoons vegetable oil $ 1/2 cup thinly sliced shallot $ 1/3 cup thinly sliced garlic $ 1/4 cup tamarind (from a pliable block) $ 1/2 cup warm water $ 3 tablespoons Asian fish sauce (preferably naam pla) $ 3 tablespoons rice vinegar $ 1 1/2 tablespoons firmly packed brown sugar $ 1/4 cup water $ 3/4 pound dried flat rice noodles (about 1/4 to 1/2 inch wide) $ 1 small onion, sliced thin $ 1 small red bell pepper, cut into thin strips $ 3/4 pint vine-ripened cherry tomatoes, quartered $ 1/4 cup thinly sliced fresh Thai basil leaves or Italian basil leaves $ 1/4 cup chopped fresh coriander $ ",Garlic $ Herb $ Tomato $ Side $ Vegetarian $ Dinner $ Basil $ Bell Pepper $ Summer $ Pan-Fry $ Noodle $ Gourmet $ Pescatarian $ Dairy Free $ Wheat/Gluten-Free $ Peanut Free $ Tree Nut Free $ Soy Free $ ,Asian $ Thai $ Southeast Asian $ ,3/4,8,Garlic $ Herb $ Tomato $ Side $ Vegetarian $ Dinner $ Basil $ Bell Pepper $ Summer $ Pan-Fry $ Noodle $ Gourmet $ Pescatarian $ Dairy Free $ Wheat/Gluten-Free $ Peanut Free $ Tree Nut Free $ Soy Free $ Asian $ Thai $ Southeast Asian $ 
https://www.epicurious.com/recipes/food/views/cold-chinese-style-sesame-noodles-with-cucumber-12224,Cold Chinese-Style Sesame Noodles with Cucumber ,"2 tablespoons dark (Asian) sesame oil $ 1 tablespoon soy sauce $ 1 tablespoon white-wine vinegar or rice vinegar (not seasoned) $ 1/4 teaspoon sugar $ 1/4 teaspoon salt, or to taste $ 1/8 teaspoon dried hot red pepper flakes $ 6 ounces capellini $ 1/2 seedless cucumber, cut lengthwise into thin spears and crosswise into thin slices (about 1 cup) $ 1 scallion, minced, or 1 tablespoon minced fresh coriander $ 1 1/2 teaspoons sesame seeds, toasted lightly and cooled $ ",Pasta $ Vegetable $ Side $ Vegetarian $ Quick & Easy $ Cucumber $ Summer $ Noodle $ Gourmet $ Vegan $ Pescatarian $ Dairy Free $ Peanut Free $ Tree Nut Free $ Kosher $ ,Asian $ Chinese $ ,3/4,23,Pasta $ Vegetable $ Side $ Vegetarian $ Quick & Easy $ Cucumber $ Summer $ Noodle $ Gourmet $ Vegan $ Pescatarian $ Dairy Free $ Peanut Free $ Tree Nut Free $ Kosher $ Asian $ Chinese $ 
https://www.epicurious.com/recipes/food/views/sesame-beef-and-snow-pea-soup-970,Sesame Beef and Snow Pea Soup ,2 cups canned beef broth $ 3/4 cup 1-inch pieces diagonally cut snow peas (about 3 ounces) $ 2/3 cup matchstick-size strips red bell pepper $ 1 cup 1/2-inch-wide strips thinly sliced roast beef (about 5 ounces) $ 2/3 cup sliced green onions $ 1 tablespoon minced peeled fresh ginger $ 4 teaspoons rice vinegar $ 1 1/2 teaspoons oriental sesame oil $ 1 1/2 cups cooked white rice (about 1/2 cup raw) $ ,Soup/Stew $ Beef $ Ginger $ Rice $ Vegetable $ Quick & Easy $ Bell Pepper $ Winter $ Bon Appétit $ ,Asian $ ,3/4,12,Soup/Stew $ Beef $ Ginger $ Rice $ Vegetable $ Quick & Easy $ Bell Pepper $ Winter $ Bon Appétit $ Asian $ 
https://www.epicurious.com/recipes/food/views/snow-pea-and-napa-cabbage-slaw-13128,Snow Pea and Napa Cabbage Slaw ,"1/2 pound snow peas, trimmed and strings discarded $ 1 1/2 pounds Napa cabbage, cut into thin shreds (about 9 cups) $ 2 medium carrots, shredded $ 1 medium yellow bell pepper, cut into thin strips $ 3 scallions, chopped fine $ 1 tablespoon fresh lemon juice $ 1 tablespoon rice vinegar $ 3 tablespoons olive oil $ ",Salad $ Side $ Vegetarian $ Quick & Easy $ Pea $ Vegan $ Cabbage $ Gourmet $ Pescatarian $ Paleo $ Dairy Free $ Wheat/Gluten-Free $ Peanut Free $ Tree Nut Free $ Soy Free $ No Sugar Added $ Kosher $ ,Asian $ ,3/4,2,Salad $ Side $ Vegetarian $ Quick & Easy $ Pea $ Vegan $ Cabbage $ Gourmet $ Pescatarian $ Paleo $ Dairy Free $ Wheat/Gluten-Free $ Peanut Free $ Tree Nut Free $ Soy Free $ No Sugar Added $ Kosher $ Asian $ 
https://www.epicurious.com/recipes/food/views/thai-chicken-pasta-5388,Thai Chicken Pasta ,"1 14-ounce can light unsweetened coconut milk $ 2 tablespoons Thai red curry paste $ 1 tablespoon minced peeled fresh ginger $ 1 cup canned low-salt chicken broth $ 1 tablespoon cornstarch $ 1 1/2 pounds skinless boneless chicken breast halves, cut into 1/2-inch pieces $ 2 tablespoons fish sauce (nam pla) $ 2 tablespoons fresh lime juice $ 1 small red bell pepper, chopped $ 1 cup sliced green onions $ 1 1/4 cups chopped fresh basil $ 1 pound linguine $ 2 cups small fresh broccoli florets (about 5 ounces) $ ",Chicken $ Pasta $ Kid-Friendly $ Coconut $ Basil $ Broccoli $ Summer $ Bon Appétit $ ,Asian $ Thai $ ,3/4,77,Chicken $ Pasta $ Kid-Friendly $ Coconut $ Basil $ Broccoli $ Summer $ Bon Appétit $ Asian $ Thai $ 
https://www.epicurious.com/recipes/food/views/sliced-chicken-salad-with-chili-ginger-vinaigrette-5659,Sliced Chicken Salad with Chili-Ginger Vinaigrette ,1 cup canned low-salt chicken broth $ 1/2 cup soy sauce $ 1/3 cup plus 1/2 cup light corn syrup $ 1/4 cup chopped peeled fresh ginger $ 1/4 cup orange juice $ 1 tablespoon grated orange peel $ 1/2 teaspoon Chinese five-spice powder $ 1/4 teaspoon dried crushed red pepper $ 6 skinless boneless chicken breast halves $ 2 tablespoons chili-garlic sauce* $ 1 5-ounce package mixed baby greens (about 10 cups) $ 2 cups matchstick-size strips peeled jicama $ Onion or radish sprouts $ *Available in Asian markets and the Asian foods section of many supermarkets. $ ,Salad $ Chicken $ Citrus $ Leafy Green $ Low Cal $ Bon Appétit $ ,Asian $ ,2/4,5,Salad $ Chicken $ Citrus $ Leafy Green $ Low Cal $ Bon Appétit $ Asian $ 
https://www.epicurious.com/recipes/food/views/chicken-and-beef-sates-12002,Chicken and Beef Sates ,"eight 10-inch wooden skewers $ 1/2 cup heavy cream $ 1 teaspoon curry powder $ 1/4 teaspoon turmeric $ 3/4 teaspoon ground cumin $ 1/4 teaspoon cayenne $ 3/4 teaspoon salt $ 1 small onion, chopped $ 2 garlic cloves, minced $ 1 small whole boneless skinless chicken breast (about 6 ounces) $ 1 small rib-eye steak (about 6 ounces), trimmed $ ",Beef $ Chicken $ Dairy $ Herb $ Poultry $ Appetizer $ Broil $ Quick & Easy $ Gourmet $ Sugar Conscious $ Wheat/Gluten-Free $ Peanut Free $ Tree Nut Free $ Soy Free $ No Sugar Added $ ,Asian $ ,3/4,11,Beef $ Chicken $ Dairy $ Herb $ Poultry $ Appetizer $ Broil $ Quick & Easy $ Gourmet $ Sugar Conscious $ Wheat/Gluten-Free $ Peanut Free $ Tree Nut Free $ Soy Free $ No Sugar Added $ Asian $ 
https://www.epicurious.com/recipes/food/views/asian-shrimp-and-noodle-salad-4336,Asian Shrimp and Noodle Salad ,"7 tablespoons bottled oil and vinegar dressing $ 5 to 6 teaspoons fish sauce (nam pla) or soy sauce $ 4 tablespoons chopped fresh basil $ 1 tablespoon minced peeled fresh ginger $ 8 ounces cooked peeled shrimp $ 6 ounces thin dried Asian noodles (somen) or vermicelli $ 1/4 unpeeled cucumber, seeded, cut into matchstick-size strips $ ",Salad $ Ginger $ Marinate $ Quick & Easy $ Basil $ Shrimp $ Cucumber $ Summer $ Noodle $ Boil $ Bon Appétit $ ,Asian $ ,3/4,9,Salad $ Ginger $ Marinate $ Quick & Easy $ Basil $ Shrimp $ Cucumber $ Summer $ Noodle $ Boil $ Bon Appétit $ Asian $ 
https://www.epicurious.com/recipes/food/views/gingered-soba-noodles-13247,Gingered Soba Noodles ,6 ounces soba (buckwheat) noodles* $ 1 tablespoon grated fresh gingerroot $ 2 tablespoons rice vinegar $ 2 teaspoons Asian sesame oil $ 1 teaspoon soy sauce $ 1/4 to 1/2 teaspoon sugar if desired $ *available at Asian markets and natural foods stores $ ,Ginger $ Pasta $ Side $ Vegetarian $ Quick & Easy $ Chill $ Vegan $ Gourmet $ Sugar Conscious $ Kidney Friendly $ Pescatarian $ Dairy Free $ Peanut Free $ Tree Nut Free $ Kosher $ ,Asian $ ,3/4,8,Ginger $ Pasta $ Side $ Vegetarian $ Quick & Easy $ Chill $ Vegan $ Gourmet $ Sugar Conscious $ Kidney Friendly $ Pescatarian $ Dairy Free $ Peanut Free $ Tree Nut Free $ Kosher $ Asian $ 
https://www.epicurious.com/recipes/food/views/edamame-15260,Edamame ,a 1-pound bag frozen edamame $ coarse salt to taste $ ,Bean $ Soy $ Cocktail Party $ Quick & Easy $ Low/No Sugar $ Summer $ Gourmet $ ,Asian $ ,3.5/4,12,Bean $ Soy $ Cocktail Party $ Quick & Easy $ Low/No Sugar $ Summer $ Gourmet $ Asian $ 
