link,name,ingredients,recipe_category,recipe_cuisine,rating,rating_count,keywords
https://www.epicurious.com/recipes/food/views/truffled-french-fries-230655,Truffled French Fries ,"Peanut oil (for frying) $ 3 pounds russet potatoes (about 3 large), peeled, cut into 2 1/2x1/3-inch strips $ 1 tablespoon truffle oil* $ ",Potato $ Side $ Fry $ Bon Appétit $ Sugar Conscious $ Vegan $ Vegetarian $ Pescatarian $ Dairy Free $ Wheat/Gluten-Free $ Tree Nut Free $ Soy Free $ No Sugar Added $ Kosher $ ,American $ ,4/4,5,Potato $ Side $ Fry $ Bon Appétit $ Sugar Conscious $ Vegan $ Vegetarian $ Pescatarian $ Dairy Free $ Wheat/Gluten-Free $ Tree Nut Free $ Soy Free $ No Sugar Added $ Kosher $ American $ 
https://www.epicurious.com/recipes/food/views/warm-chocolate-tarts-with-pink-peppercorn-ice-cream-230669,Warm Chocolate Tarts with Pink Peppercorn Ice Cream ,"1/3 cup sliced almonds (about 1 1/4 ounces) $ 3/4 cup (1 1/2 sticks) unsalted butter, room temperature $ 3/4 cup powdered sugar $ 1 large egg $ 2 1/4 cups all purpose flour $ 3/4 teaspoon salt $ 6 ounces bittersweet (not unsweetened) or semisweet chocolate, chopped $ 6 tablespoons (3/4 stick) unsalted butter $ 4 large eggs $ 1/2 cup sugar $ 2 1/2 tablespoons all purpose flour $ Pink Peppercorn Ice Cream $ ",Food Processor $ Chocolate $ Dessert $ Bake $ Almond $ Double Boiler $ Bon Appétit $ Kidney Friendly $ Vegetarian $ Pescatarian $ Peanut Free $ Soy Free $ Kosher $ ,American $ ,3.5/4,4,Food Processor $ Chocolate $ Dessert $ Bake $ Almond $ Double Boiler $ Bon Appétit $ Kidney Friendly $ Vegetarian $ Pescatarian $ Peanut Free $ Soy Free $ Kosher $ American $ 
https://www.epicurious.com/recipes/food/views/bitter-caramel-ice-cream-230664,Bitter Caramel Ice Cream ,1 3/4 cups sugar $ 1/2 cup water $ 1/2 teaspoon fresh lemon juice $ 2/3 cup whipping cream $ 1/8 teaspoon fleur de sel* $ 9 large egg yolks $ 3/4 cup sugar $ 4 cups whole milk $ 1/2 cup whipping cream $ 1 tablespoon light corn syrup $ 1 1/2 teaspoons fresh lemon juice $ 1 teaspoon vanilla extract $ 1/8 teaspoon fleur de sel* $ ,Milk/Cream $ Ice Cream Machine $ Egg $ Dessert $ Frozen Dessert $ Chill $ Bon Appétit $ Kidney Friendly $ Vegetarian $ Pescatarian $ Wheat/Gluten-Free $ Peanut Free $ Tree Nut Free $ Soy Free $ Kosher $ ,American $ ,0/4,0,Milk/Cream $ Ice Cream Machine $ Egg $ Dessert $ Frozen Dessert $ Chill $ Bon Appétit $ Kidney Friendly $ Vegetarian $ Pescatarian $ Wheat/Gluten-Free $ Peanut Free $ Tree Nut Free $ Soy Free $ Kosher $ American $ 
https://www.epicurious.com/recipes/food/views/lemon-pound-cake-with-berries-and-whipped-cream-230660,Lemon Pound Cake with Berries and Whipped Cream ,"3 cups sifted all purpose flour (sifted, then measured) $ 1 tablespoon baking powder $ 3/4 teaspoon salt $ 3 1/3 cups sugar, divided $ 1 cup (2 sticks) unsalted butter, room temperature $ 1/2 cup solid vegetable shortening, room temperature $ 5 large eggs $ 1 cup whole milk $ 6 tablespoons fresh lemon juice $ 2 tablespoons grated lemon peel $ 4 cups halved hulled strawberries $ 2 1/2-pint containers fresh blackberries $ Whipped cream $ ",Cake $ Milk/Cream $ Mixer $ Fruit $ Dessert $ Bake $ Fourth of July $ Blackberry $ Strawberry $ Lemon $ Summer $ Bon Appétit $ Vegetarian $ Pescatarian $ Peanut Free $ Tree Nut Free $ Soy Free $ Kosher $ ,American $ ,3/4,28,Cake $ Milk/Cream $ Mixer $ Fruit $ Dessert $ Bake $ Fourth of July $ Blackberry $ Strawberry $ Lemon $ Summer $ Bon Appétit $ Vegetarian $ Pescatarian $ Peanut Free $ Tree Nut Free $ Soy Free $ Kosher $ American $ 
https://www.epicurious.com/recipes/food/views/heath-bar-brownies-230656,Heath Bar Brownies ,"3/4 cup (1 1/2 sticks) unsalted butter, cut into 1/2-inch cubes $ 3 1/2 ounces unsweetened chocolate, chopped $ 3/4 cup all purpose flour $ 1/2 teaspoon salt $ 1/4 teaspoon baking soda $ 1 2/3 cups sugar $ 3 large eggs $ 1 teaspoon vanilla extract $ 1 cup walnut pieces (about 4 ounces), toasted, cooled $ 5 1.4-ounce Heath English toffee candy bars, chopped $ ",Mixer $ Chocolate $ Nut $ Dessert $ Bake $ Picnic $ Kid-Friendly $ Back to School $ Walnut $ Bon Appétit $ Kidney Friendly $ Vegetarian $ Pescatarian $ Peanut Free $ Soy Free $ Kosher $ ,American $ ,3.5/4,30,Mixer $ Chocolate $ Nut $ Dessert $ Bake $ Picnic $ Kid-Friendly $ Back to School $ Walnut $ Bon Appétit $ Kidney Friendly $ Vegetarian $ Pescatarian $ Peanut Free $ Soy Free $ Kosher $ American $ 
https://www.epicurious.com/recipes/food/views/spiced-syrup-230701,Spiced Syrup ,2 cups (packed) golden brown sugar $ 2 cups water $ 3/4 cup dark corn syrup $ 1 1/2 tablespoons fresh lemon juice $ 1 teaspoon ground cinnamon $ 1/2 teaspoon vanilla extract $ ,Sauce $ Dessert $ Quick & Easy $ Lemon $ Vanilla $ Cinnamon $ Simmer $ Bon Appétit $ Fat Free $ Kidney Friendly $ Vegan $ Vegetarian $ Pescatarian $ Dairy Free $ Wheat/Gluten-Free $ Peanut Free $ Tree Nut Free $ Soy Free $ Kosher $ ,American $ ,3.5/4,1,Sauce $ Dessert $ Quick & Easy $ Lemon $ Vanilla $ Cinnamon $ Simmer $ Bon Appétit $ Fat Free $ Kidney Friendly $ Vegan $ Vegetarian $ Pescatarian $ Dairy Free $ Wheat/Gluten-Free $ Peanut Free $ Tree Nut Free $ Soy Free $ Kosher $ American $ 
https://www.epicurious.com/recipes/food/views/bourbon-creamed-corn-230652,Bourbon Creamed Corn ,"1/4 cup (1/2 stick) butter $ 1 cup chopped shallots (about 4 large) $ 3 garlic cloves, minced $ 1 large red bell pepper, coarsely chopped $ 3 cups fresh corn kernels (cut from about 5 medium ears) $ 2/3 cup whipping cream, divided $ 1/4 cup bourbon $ 1 1/4 cups chopped green onions (about 6), divided $ ",Bourbon $ Milk/Cream $ Dairy $ Vegetable $ Side $ Sauté $ Quick & Easy $ Kentucky Derby $ Corn $ Bell Pepper $ Simmer $ Bon Appétit $ Vegetarian $ Pescatarian $ Wheat/Gluten-Free $ Peanut Free $ Tree Nut Free $ Soy Free $ No Sugar Added $ Kosher $ ,American $ Southern $ ,3/4,29,Bourbon $ Milk/Cream $ Dairy $ Vegetable $ Side $ Sauté $ Quick & Easy $ Kentucky Derby $ Corn $ Bell Pepper $ Simmer $ Bon Appétit $ Vegetarian $ Pescatarian $ Wheat/Gluten-Free $ Peanut Free $ Tree Nut Free $ Soy Free $ No Sugar Added $ Kosher $ American $ Southern $ 
https://www.epicurious.com/recipes/food/views/rutabaga-puree-230654,Rutabaga Purée ,"3 pounds rutabagas, peeled, cut into 1-inch cubes $ 3 tablespoons butter $ ",Food Processor $ Side $ Thanksgiving $ Vegetarian $ Quick & Easy $ Fall $ Rutabaga $ Bon Appétit $ Pescatarian $ Wheat/Gluten-Free $ Peanut Free $ Tree Nut Free $ Soy Free $ No Sugar Added $ Kosher $ ,American $ ,3.5/4,13,Food Processor $ Side $ Thanksgiving $ Vegetarian $ Quick & Easy $ Fall $ Rutabaga $ Bon Appétit $ Pescatarian $ Wheat/Gluten-Free $ Peanut Free $ Tree Nut Free $ Soy Free $ No Sugar Added $ Kosher $ American $ 
https://www.epicurious.com/recipes/food/views/pan-roasted-duck-breast-with-truffled-polenta-and-lingonberry-sauce-230647,Pan-Roasted Duck Breast with Truffled Polenta and Lingonberry Sauce ,"2 cups dry red wine $ 1 14-ounce can low-salt chicken broth $ 1 14-ounce can low-salt beef broth $ 2 fresh thyme sprigs $ 1 bay leaf $ 1 1/2 teaspoons butter, room temperature $ 1 1/2 teaspoons all purpose flour $ 1/2 cup lingonberry preserves $ Nonstick vegetable oil spray $ 2 tablespoons olive oil $ 2 garlic cloves, minced $ 6 ounces fresh crimini (often labeled baby bella) mushrooms, sliced (about 2 cups) $ 2 1/2 ounces fresh shiitake mushrooms, stemmed, caps sliced (about 2 cups) $ 3 cups low-salt chicken broth $ 3/4 cup polenta (coarse cornmeal)* $ 1 tablespoon white truffle oil $ 6 boneless duck breast halves with skin (about 2 1/4 pounds) $ Additional olive oil $ ",Berry $ Duck $ Mushroom $ Backyard BBQ $ Cornmeal $ Red Wine $ Summer $ Grill $ Grill/Barbecue $ Jam or Jelly $ Bon Appétit $ ,American $ ,4/4,21,Berry $ Duck $ Mushroom $ Backyard BBQ $ Cornmeal $ Red Wine $ Summer $ Grill $ Grill/Barbecue $ Jam or Jelly $ Bon Appétit $ American $ 
https://www.epicurious.com/recipes/food/views/toasted-almond-and-pecorino-sandwiches-230631,Toasted Almond and Pecorino Sandwiches ,"3 cups whole unblanched almonds (about 1 pound), toasted, cooled $ 1/2 cup plus 2 tablespoons olive oil $ 3 tablespoons fresh lemon juice $ 1 tablespoon grated lemon peel $ 1 tablespoon chopped fresh sage $ 1/2 teaspoon salt $ 1/4 teaspoon ground black pepper $ 12 1/2-inch-thick slices country-style bread (each about 3 1/2x5 1/2 inches) $ 1 10- to 12-ounce wedge pecorino cheese, cut into very thin slices $ Additional olive oil $ ",Sandwich $ Food Processor $ Cheese $ Vegetarian $ Lunch $ Parmesan $ Lemon $ Almond $ Pan-Fry $ Sage $ Bon Appétit $ Pescatarian $ Peanut Free $ Soy Free $ Kosher $ ,American $ ,2.5/4,10,Sandwich $ Food Processor $ Cheese $ Vegetarian $ Lunch $ Parmesan $ Lemon $ Almond $ Pan-Fry $ Sage $ Bon Appétit $ Pescatarian $ Peanut Free $ Soy Free $ Kosher $ American $ 
https://www.epicurious.com/recipes/food/views/pork-tenderloin-with-cider-jus-and-rutabaga-puree-230641,Pork Tenderloin with Cider Jus and Rutabaga Purée ,"2 cups apple cider $ 1 cup low-salt chicken broth $ 3/4 cup chopped onion $ 6 whole allspice $ 3 whole star anise* $ 3 large fresh thyme sprigs $ 2 cinnamon sticks $ 2 teaspoons apple cider vinegar $ 1 Turkish bay leaf $ 5 tablespoons unsalted butter, cut into 1/2-inch cubes $ 2 12-ounce pork tenderloins, well trimmed $ Olive oil $ Rutabaga Puree $ ",Fruit Juice $ Pork $ Backyard BBQ $ Apple $ Pork Tenderloin $ Summer $ Grill $ Grill/Barbecue $ Thyme $ Anise $ Cinnamon $ Bon Appétit $ ,American $ ,3.5/4,20,Fruit Juice $ Pork $ Backyard BBQ $ Apple $ Pork Tenderloin $ Summer $ Grill $ Grill/Barbecue $ Thyme $ Anise $ Cinnamon $ Bon Appétit $ American $ 
https://www.epicurious.com/recipes/food/views/pizza-dough-230616,Pizza Dough ,1 1/2 cups warm water (110°F to 115°F) $ 1 1/2 tablespoons sugar $ 3 teaspoons active dry yeast (about 1 1/2 envelopes) $ 4 1/2 cups all purpose flour $ 4 1/2 tablespoons olive oil $ 2 1/4 teaspoons salt $ Cornmeal (for dusting) $ Nonstick vegetable oil spray $ ,Bake $ Vegan $ Bon Appétit $ ,American $ ,3.5/4,20,Bake $ Vegan $ Bon Appétit $ American $ 
https://www.epicurious.com/recipes/food/views/sweet-and-spicy-rosemary-hazelnuts-230609,Sweet and Spicy Rosemary Hazelnuts ,"Vegetable oil $ 4 cups hazelnuts, toasted, husked $ 1 cup (packed) dark brown sugar $ 1/3 cup coarsely chopped fresh rosemary $ 1 tablespoon coarse kosher salt $ 5 dashes of hot pepper sauce $ ",Bake $ Cocktail Party $ Rosemary $ Hazelnut $ Bon Appétit $ ,American $ ,2.5/4,17,Bake $ Cocktail Party $ Rosemary $ Hazelnut $ Bon Appétit $ American $ 
https://www.epicurious.com/recipes/food/views/fried-calamari-with-rouille-cherry-peppers-and-lemon-230602,"Fried Calamari with Rouille, Cherry Peppers, and Lemon ","1 cup mayonnaise $ 1 tablespoon fresh lemon juice $ 2 teaspoons Hungarian sweet paprika $ 1 teaspoon cayenne pepper $ 1 large garlic clove, minced $ 1/4 cup olive oil $ 1 tablespoon dried crushed red pepper $ 1/2 cup chopped seeded pickled cherry peppers $ 1 teaspoon fresh lemon juice $ Vegetable oil (for frying) $ 1 cup yellow cornmeal $ 1 cup all purpose flour $ 2 teaspoons salt $ 1 teaspoon ground black pepper $ 2 pounds fresh or thawed frozen small calamari, bodies cleaned and cut into 1/2-inch-wide rings, tentacles reserved $ 2 lemons, each cut into 6 wedges $ ",Pepper $ Appetizer $ Fry $ Lemon $ Squid $ Bon Appétit $ Sugar Conscious $ Pescatarian $ Dairy Free $ Peanut Free $ Tree Nut Free $ Soy Free $ ,American $ ,3.5/4,9,Pepper $ Appetizer $ Fry $ Lemon $ Squid $ Bon Appétit $ Sugar Conscious $ Pescatarian $ Dairy Free $ Peanut Free $ Tree Nut Free $ Soy Free $ American $ 
https://www.epicurious.com/recipes/food/views/rib-eye-steaks-with-gorgonzola-butter-and-crispy-sweet-onion-rings-230600,Rib-Eye Steaks with Gorgonzola Butter and Crispy Sweet Onion Rings ,"2 heads of garlic, top 3/4 inch cut off to expose cloves $ 2 tablespoons olive oil $ 1/2 cup (1 stick) unsalted butter, room temperature $ 1/3 cup crumbled Gorgonzola cheese (about 2 ounces) $ 2 tablespoons chopped fresh parsley $ 3 cups buttermilk $ 2 sweet onions (such as Vidalia or Walla Walla), thinly sliced into rounds, then separated into rings $ 3 cups unbleached all purpose flour $ 3 tablespoons onion powder $ 3 tablespoons garlic powder $ 1 1/2 teaspoons salt $ 1 1/2 teaspoons ground black pepper $ 4 cups canola oil (for frying) $ 6 10- to 12-ounce rib-eye steaks $ 2 tablespoons olive oil $ ",Onion $ Fry $ Sauté $ Dinner $ Blue Cheese $ Steak $ Butter $ Bon Appétit $ Peanut Free $ Tree Nut Free $ Soy Free $ No Sugar Added $ ,American $ ,4/4,44,Onion $ Fry $ Sauté $ Dinner $ Blue Cheese $ Steak $ Butter $ Bon Appétit $ Peanut Free $ Tree Nut Free $ Soy Free $ No Sugar Added $ American $ 
https://www.epicurious.com/recipes/food/views/crab-fritters-with-herb-salad-and-meyer-lemon-aioli-230601,Crab Fritters with Herb Salad and Meyer Lemon Aïoli ,"1/2 cup mayonnaise $ 2 tablespoons fresh Meyer lemon juice $ 1 1/2 teaspoons finely grated Meyer lemon peel $ 1 1/2 teaspoons Dijon mustard $ 1 teaspoon Sherry wine vinegar $ 1/4 cup extra-virgin olive oil $ 2 large eggs, separated $ 1 tablespoon crème fraîche or sour cream $ 1 cup (packed) fresh crabmeat, picked over, broken into 1/2-inch pieces (about 6 ounces) $ 2 tablespoons chopped fresh chives $ 1 tablespoon finely chopped shallot $ 1 tablespoon chopped fresh Italian parsley $ 4 medium-size fresh shiitake mushrooms, stemmed, caps thinly sliced $ 1 tablespoon butter $ 2 tablespoons extra-virgin olive oil $ 1 tablespoon fresh Meyer lemon juice $ 1/2 cup (packed) small fresh basil leaves $ 1/2 cup (packed) fresh Italian parsley leaves $ ",Citrus $ Herb $ Shellfish $ Appetizer $ Fry $ Bon Appétit $ Sugar Conscious $ Pescatarian $ Wheat/Gluten-Free $ Peanut Free $ Tree Nut Free $ Soy Free $ ,American $ ,3/4,8,Citrus $ Herb $ Shellfish $ Appetizer $ Fry $ Bon Appétit $ Sugar Conscious $ Pescatarian $ Wheat/Gluten-Free $ Peanut Free $ Tree Nut Free $ Soy Free $ American $ 
https://www.epicurious.com/recipes/food/views/mulled-cider-200928,Mulled Cider ,"1/4 cup light brown sugar, firmly packed $ 4 whole cloves $ 3 whole allspice, crushed $ 3 one-inch pieces of cinnamon stick $ Pinch of salt $ Generous grating of nutmeg $ 2 quarts cider $ Garnish: Fresh piece of cinnamon stick $ ",Fruit Juice $ Non-Alcoholic $ Thanksgiving $ Apple $ Fall $ Cinnamon $ Clove $ Nutmeg $ Gourmet $ Drink $ ,American $ ,0/4,1,Fruit Juice $ Non-Alcoholic $ Thanksgiving $ Apple $ Fall $ Cinnamon $ Clove $ Nutmeg $ Gourmet $ Drink $ American $ 
https://www.epicurious.com/recipes/food/views/times-square-cocktail-200894,Times Square Cocktail ,1 1/4 cups Southern Comfort $ 1/4 cup sweet vermouth $ 1/2 cup grenadine $ 5 cups chilled Champagne or other sparkling wine $ ,Bourbon $ Champagne $ Alcoholic $ Cocktail Party $ Fortified Wine $ Chill $ Gourmet $ Drink $ ,American $ ,3/4,3,Bourbon $ Champagne $ Alcoholic $ Cocktail Party $ Fortified Wine $ Chill $ Gourmet $ Drink $ American $ 
https://www.epicurious.com/recipes/food/views/chocolate-egg-cream-201102,Chocolate Egg Cream ,1/2 cup chilled whole milk $ Chilled seltzer $ 1/4 cup chocolate syrup $ ,Milk/Cream $ Non-Alcoholic $ Chocolate $ Kid-Friendly $ Quick & Easy $ Gourmet $ Drink $ ,American $ ,1/4,1,Milk/Cream $ Non-Alcoholic $ Chocolate $ Kid-Friendly $ Quick & Easy $ Gourmet $ Drink $ American $ 
https://www.epicurious.com/recipes/food/views/hot-buttered-cranberry-cider-200888,Hot Buttered Cranberry Cider ,"4 cups cranberry juice cocktail $ 4 cups apple cider $ One 3-inch cinnamon stick $ 1 cup dark rum $ 2 tablespoons honey, or to taste $ 6 tablespoons (3/4 stick) unsalted butter, cut into bits $ ",Fruit Juice $ Rum $ Alcoholic $ Thanksgiving $ Quick & Easy $ Cranberry $ Apple $ Winter $ Honey $ Christmas Eve $ Simmer $ Gourmet $ Drink $ ,American $ ,4/4,4,Fruit Juice $ Rum $ Alcoholic $ Thanksgiving $ Quick & Easy $ Cranberry $ Apple $ Winter $ Honey $ Christmas Eve $ Simmer $ Gourmet $ Drink $ American $ 
https://www.epicurious.com/recipes/food/views/applejack-grog-200896,Applejack Grog ,1 jigger applejack $ 1 teaspoon lemon juice $ 1 teaspoon sugar syrup $ tea $ Garnish: cinnamon stick $ ,Tea $ Alcoholic $ Thanksgiving $ Apple $ Spirit $ Fall $ Winter $ Christmas Eve $ Gourmet $ Drink $ ,American $ ,0/4,0,Tea $ Alcoholic $ Thanksgiving $ Apple $ Spirit $ Fall $ Winter $ Christmas Eve $ Gourmet $ Drink $ American $ 
https://www.epicurious.com/recipes/food/views/applejack-toddy-200898,Applejack Toddy ,3 ounces applejack $ 2 tablespoons sugar $ 2 or 3 whole cloves $ Small piece of cinnamon stick $ Thin slice of lemon $ Boiling water $ ,Alcoholic $ Thanksgiving $ Lemon $ Apple $ Brandy $ Fall $ Winter $ Cinnamon $ Clove $ Christmas Eve $ Gourmet $ Drink $ ,American $ ,0/4,0,Alcoholic $ Thanksgiving $ Lemon $ Apple $ Brandy $ Fall $ Winter $ Cinnamon $ Clove $ Christmas Eve $ Gourmet $ Drink $ American $ 
https://www.epicurious.com/recipes/food/views/maryland-eggnog-200924,Maryland Eggnog ,12 eggs $ 1/2 cup fine granulated sugar $ 4 quarts heavy cream $ 1 quart milk $ 1 1/2 quarts brandy $ 1 pint dark rum $ 1 teaspoon ground nutmeg $ ,Milk/Cream $ Rum $ Alcoholic $ Egg $ Christmas $ Brandy $ Winter $ Christmas Eve $ Nutmeg $ Gourmet $ Drink $ ,American $ ,3.5/4,2,Milk/Cream $ Rum $ Alcoholic $ Egg $ Christmas $ Brandy $ Winter $ Christmas Eve $ Nutmeg $ Gourmet $ Drink $ American $ 
https://www.epicurious.com/recipes/food/views/maple-frappe-200582,Maple Frappé ,1 pint butter pecan ice cream $ 1/4 cup half and half $ 1/4 cup maple syrup $ Cinnamon $ ,Milk/Cream $ Non-Alcoholic $ Kid-Friendly $ Quick & Easy $ Frozen Dessert $ Fall $ Maple Syrup $ Bon Appétit $ Drink $ ,American $ ,4/4,1,Milk/Cream $ Non-Alcoholic $ Kid-Friendly $ Quick & Easy $ Frozen Dessert $ Fall $ Maple Syrup $ Bon Appétit $ Drink $ American $ 
https://www.epicurious.com/recipes/food/views/four-spirits-eggnog-200911,Four Spirits Eggnog ,"18 egg yolks $ 1 fifth Cognac $ 1 pint dark rum $ 3/4 pint peach brandy $ 1/2 pint applejack $ 1 1/2 pounds confectioners' sugar $ 3 quarts milk $ 2 cups heavy cream $ 18 egg whites, lightly beaten $ ",Milk/Cream $ Rum $ Alcoholic $ Egg $ Christmas $ Cocktail Party $ Apple $ Peach $ Brandy $ Cognac/Armagnac $ Winter $ Chill $ Christmas Eve $ Gourmet $ Drink $ ,American $ ,4/4,3,Milk/Cream $ Rum $ Alcoholic $ Egg $ Christmas $ Cocktail Party $ Apple $ Peach $ Brandy $ Cognac/Armagnac $ Winter $ Chill $ Christmas Eve $ Gourmet $ Drink $ American $ 
https://www.epicurious.com/recipes/food/views/gourmets-eggnog-200913,Gourmet's Eggnog ,"12 egg whites $ 12 egg yolks $ 1 1/2 cups granulated sugar $ 1 1/2 quarts brandy $ 1 pint dark rum $ 1 quart milk $ 1 quart heavy cream (lightly whipped) $ Garnish: nutmeg, grated, to taste $ ",Milk/Cream $ Rum $ Alcoholic $ Egg $ Christmas $ Brandy $ Winter $ Christmas Eve $ Nutmeg $ Gourmet $ Drink $ ,American $ ,3.5/4,4,Milk/Cream $ Rum $ Alcoholic $ Egg $ Christmas $ Brandy $ Winter $ Christmas Eve $ Nutmeg $ Gourmet $ Drink $ American $ 
https://www.epicurious.com/recipes/food/views/applejack-warmer-200899,Applejack Warmer ,1 teaspoon baked apple or applesauce $ 1 lump of sugar $ 1 jigger of applejack $ Hot water $ Garnish: fresh nutmeg $ ,Alcoholic $ Thanksgiving $ Apple $ Brandy $ Fall $ Winter $ Christmas Eve $ Gourmet $ Drink $ ,American $ ,0/4,0,Alcoholic $ Thanksgiving $ Apple $ Brandy $ Fall $ Winter $ Christmas Eve $ Gourmet $ Drink $ American $ 
https://www.epicurious.com/recipes/food/views/applejack-rabbit-200897,Applejack Rabbit ,Cracked ice $ 2 ounces apple brandy $ Juice of 1/2 lemon $ 1 tablespoon maple syrup $ ,Alcoholic $ Cocktail Party $ Lemon $ Apple $ Brandy $ Maple Syrup $ Gourmet $ Drink $ ,American $ ,0/4,0,Alcoholic $ Cocktail Party $ Lemon $ Apple $ Brandy $ Maple Syrup $ Gourmet $ Drink $ American $ 
https://www.epicurious.com/recipes/food/views/eggnoggin-200910,Eggnoggin ,"12 egg yolks $ 1 cup fine granulated sugar $ Crushed ice $ 1 quart bourbon $ 1 pint Cognac $ 1/2 pint heavy white rum $ 1/2 pint apricot liqueur $ 1 quart milk $ 1 quart heavy cream $ 12 egg whites, stiffly beaten $ 2 tablespoons orange-flower water $ Garnish: powdered zest of orange, to taste $ ",Bourbon $ Liqueur $ Milk/Cream $ Rum $ Alcoholic $ Egg $ Christmas $ Cocktail Party $ Orange $ Apricot $ Cognac/Armagnac $ Winter $ Christmas Eve $ Gourmet $ Drink $ ,American $ ,0/4,0,Bourbon $ Liqueur $ Milk/Cream $ Rum $ Alcoholic $ Egg $ Christmas $ Cocktail Party $ Orange $ Apricot $ Cognac/Armagnac $ Winter $ Christmas Eve $ Gourmet $ Drink $ American $ 
https://www.epicurious.com/recipes/food/views/basic-cobbler-200356,Basic Cobbler ,"Crushed ice $ 1 teaspoon superfine sugar $ 1 1/2 to 3 ounces liquor or wine, according to taste $ Fruit and mint garnish $ ",Wine $ Alcoholic $ Fruit $ Cocktail Party $ Spirit $ Spring $ Summer $ Shower $ Party $ House & Garden $ Drink $ ,American $ ,0/4,0,Wine $ Alcoholic $ Fruit $ Cocktail Party $ Spirit $ Spring $ Summer $ Shower $ Party $ House & Garden $ Drink $ American $ 
https://www.epicurious.com/recipes/food/views/grilled-apple-and-herb-marinated-pork-chops-and-potatoes-12551,Grilled Apple-and Herb-Marinated Pork Chops and Potatoes ,"six 1-inch-thick center-cut loin or shoulder pork chops $ 2 pounds small boiling potatoes, scrubbed $ a 6-ounce can frozen apple juice concentrate, thawed $ 1/3 cup apple jelly $ 1/4 cup vegetable oil $ 3 tablespoons cider vinegar $ 2 tablespoons Worcestershire sauce $ 2 tablespoons Dijon-style mustard $ 2 teaspoons dried rosemary $ 1 teaspoon crumbled dried sage $ 2 teaspoon salt $ 1 teaspoon freshly ground black pepper $ ",Fruit $ Potato $ Marinate $ Backyard BBQ $ Apple $ Rosemary $ Pork Chop $ Summer $ Grill $ Sage $ Gourmet $ ,American $ ,3/4,12,Fruit $ Potato $ Marinate $ Backyard BBQ $ Apple $ Rosemary $ Pork Chop $ Summer $ Grill $ Sage $ Gourmet $ American $ 
https://www.epicurious.com/recipes/food/views/baked-corn-with-thyme-12369,Baked Corn with Thyme ,1-1/2 cups fresh corn (cut from about 3 ears) or thawed frozen $ 1/3 cup heavy cream $ 1/2 teaspoon minced fresh thyme $ 2 tablespoons fresh bread crumbs $ ,Milk/Cream $ Vegetable $ Side $ Bake $ Quick & Easy $ Corn $ Summer $ Thyme $ Gourmet $ Vegetarian $ Pescatarian $ Peanut Free $ Tree Nut Free $ Soy Free $ Kosher $ ,American $ ,3.5/4,14,Milk/Cream $ Vegetable $ Side $ Bake $ Quick & Easy $ Corn $ Summer $ Thyme $ Gourmet $ Vegetarian $ Pescatarian $ Peanut Free $ Tree Nut Free $ Soy Free $ Kosher $ American $ 
https://www.epicurious.com/recipes/food/views/sauteed-skirt-steak-103668,Sauteed Skirt Steak ,"3 lb skirt steak, cut into 8 pieces $ 1 1/2 tablespoons Worcestershire sauce $ 1 tablespoon oil $ ",Beef $ Sauté $ Quick & Easy $ Steak $ Gourmet $ ,American $ ,3/4,5,Beef $ Sauté $ Quick & Easy $ Steak $ Gourmet $ American $ 
https://www.epicurious.com/recipes/food/views/warm-tortilla-chips-with-spicy-cheese-dip-107737,Warm Tortilla Chips with Spicy Cheese Dip ,"1/2 cup finely chopped drained bottled roasted red peppers $ 2 fresh serrano chiles, minced (including seeds) $ 3 scallions, finely chopped $ 1 cup sour cream $ 1/2 cup crumbled cotija cheese or feta (2 1/2 ounces) $ 1 teaspoon cumin seeds, toasted and finely ground in an electric coffee/spice grinder or with a mortar and pestle $ 1/4 teaspoon salt $ 1 large bag tortilla chips $ ",Cheese $ Appetizer $ Vegetarian $ Quick & Easy $ Feta $ Winter $ Gourmet $ Sugar Conscious $ Pescatarian $ Wheat/Gluten-Free $ Peanut Free $ Tree Nut Free $ Soy Free $ Kosher $ ,American $ Mexican $ ,3.5/4,10,Cheese $ Appetizer $ Vegetarian $ Quick & Easy $ Feta $ Winter $ Gourmet $ Sugar Conscious $ Pescatarian $ Wheat/Gluten-Free $ Peanut Free $ Tree Nut Free $ Soy Free $ Kosher $ American $ Mexican $ 
https://www.epicurious.com/recipes/food/views/mashed-sweet-potatoes-and-bananas-with-pecan-streusel-108961,Mashed Sweet Potatoes and Bananas with Pecan Streusel ,"10 medium-size tan-skinned sweet potatoes (about 6 pounds), scrubbed $ 4 bananas, unpeeled $ 1 cup (2 sticks) butter, room temperature $ 1/3 cup honey $ 1 1/2 cups pecan pieces $ 3/4 cup (packed) golden brown sugar $ 1/2 cup all purpose flour $ ",Side $ Bake $ Banana $ Pecan $ Sweet Potato/Yam $ Winter $ Bon Appétit $ Vegetarian $ Pescatarian $ Peanut Free $ Soy Free $ Kosher $ ,American $ ,3.5/4,30,Side $ Bake $ Banana $ Pecan $ Sweet Potato/Yam $ Winter $ Bon Appétit $ Vegetarian $ Pescatarian $ Peanut Free $ Soy Free $ Kosher $ American $ 
https://www.epicurious.com/recipes/food/views/crabmeat-apple-and-mango-salad-on-cumin-apple-chips-105400,"Crabmeat, Apple, and Mango Salad on Cumin Apple Chips ","1 medium Granny Smith apple, chopped (1 cup) $ 2 tablespoons chopped shallot $ 1 large garlic clove, chopped $ 2 tablespoons cider vinegar $ 3/4 teaspoon salt $ 2/3 cup extra-virgin olive oil $ 1 lb jumbo lump crabmeat $ 1/2 large firm-ripe mango, peeled, pitted, and cut into 1/4-inch dice (1/2 cup) $ 1 medium Granny Smith apple, cut into 1/4-inch dice $ 1/3 cup chopped fresh cilantro $ Cumin apple chips $ ",Salad $ No-Cook $ Apple $ Mango $ Crab $ Fall $ Gourmet $ ,American $ ,3/4,17,Salad $ No-Cook $ Apple $ Mango $ Crab $ Fall $ Gourmet $ American $ 
https://www.epicurious.com/recipes/food/views/full-of-beans-salad-106660,Full of Beans Salad ,"1/2 pound green beans (stem ends removed), halved crosswise and blanched $ 1/2 pound yellow wax beans (stem ends removed), halved crosswise and blanched $ 4 scallions (3 inches of green left on), thinly sliced $ 1 cup (drained and rinsed) canned dark-red kidney beans $ 1 cup (drained and rinsed) canned black beans $ 1 cup (drained and rinsed) canned garbanzo beans $ Salt and freshly ground black pepper, to taste $ 1/2 cup Red-Wine Vinaigrette $ 2 tablespoons chopped flat-leaf parsley, for garnish $ ",Salad $ Bean $ No-Cook $ Quick & Easy $ Summer $ Parade $ ,American $ ,3/4,10,Salad $ Bean $ No-Cook $ Quick & Easy $ Summer $ Parade $ American $ 
https://www.epicurious.com/recipes/food/views/mashed-sweet-potatoes-with-brown-sugar-and-pecans-15683,Mashed Sweet Potatoes with Brown Sugar and Pecans ,"1 cup (packed) golden brown sugar $ 1/2 cup chopped pecans (about 2 ounces) $ 1/4 cup (1/2 stick) chilled butter, cut into 1/4-inch pieces $ 5 pounds red-skinned sweet potatoes (yams), peeled, cut into 1 1/2-inch pieces $ 4 large eggs $ 3 tablespoons pure maple syrup $ 2 tablespoons vanilla extract $ 1 tablespoon fresh lemon juice $ 2 teaspoons salt $ ",Food Processor $ Nut $ Side $ Bake $ Thanksgiving $ Vegetarian $ Kid-Friendly $ Pecan $ Sweet Potato/Yam $ Fall $ Maple Syrup $ Bon Appétit $ Pescatarian $ Wheat/Gluten-Free $ Peanut Free $ Soy Free $ Kosher $ ,American $ ,4/4,219,Food Processor $ Nut $ Side $ Bake $ Thanksgiving $ Vegetarian $ Kid-Friendly $ Pecan $ Sweet Potato/Yam $ Fall $ Maple Syrup $ Bon Appétit $ Pescatarian $ Wheat/Gluten-Free $ Peanut Free $ Soy Free $ Kosher $ American $ 
https://www.epicurious.com/recipes/food/views/ginger-sweet-potato-pie-with-cinnamon-meringue-15722,Ginger Sweet-Potato Pie with Cinnamon Meringue ,2 pounds sweet potatoes (about 4 medium) $ 3/4 cup milk $ 1/2 cup heavy cream $ 1/3 cup sugar $ 2 large eggs $ 1/4 teaspoon salt $ 1/4 teaspoon freshly grated nutmeg $ a pinch of ground cloves $ 1/4 cup crystallized ginger* (about 2 ounces) $ pastry dough $ pie weights or raw rice for weighting shell $ 1 cup sugar $ 2 teaspoons cinnamon $ 5 large egg whites $ *available at some supermarkets and specialty foods shops $ ,Milk/Cream $ Food Processor $ Mixer $ Egg $ Ginger $ Dessert $ Bake $ Thanksgiving $ Vegetarian $ Sweet Potato/Yam $ Fall $ Cinnamon $ Gourmet $ Pescatarian $ Peanut Free $ Tree Nut Free $ Soy Free $ Kosher $ ,American $ ,3.5/4,17,Milk/Cream $ Food Processor $ Mixer $ Egg $ Ginger $ Dessert $ Bake $ Thanksgiving $ Vegetarian $ Sweet Potato/Yam $ Fall $ Cinnamon $ Gourmet $ Pescatarian $ Peanut Free $ Tree Nut Free $ Soy Free $ Kosher $ American $ 
https://www.epicurious.com/recipes/food/views/creamed-chayote-with-chives-15710,Creamed Chayote with Chives ,4 chayotes (about 2 1/2 pounds) $ 2 tablespoons vegetable oil $ 1 cup heavy cream $ 3 tablespoons chopped fresh chives $ ,Milk/Cream $ Vegetable $ Side $ Quick & Easy $ Chive $ Simmer $ Gourmet $ Sugar Conscious $ Vegetarian $ Pescatarian $ Wheat/Gluten-Free $ Peanut Free $ Tree Nut Free $ Soy Free $ No Sugar Added $ Kosher $ ,American $ Central/South American $ Mexican $ ,3/4,6,Milk/Cream $ Vegetable $ Side $ Quick & Easy $ Chive $ Simmer $ Gourmet $ Sugar Conscious $ Vegetarian $ Pescatarian $ Wheat/Gluten-Free $ Peanut Free $ Tree Nut Free $ Soy Free $ No Sugar Added $ Kosher $ American $ Central/South American $ Mexican $ 
https://www.epicurious.com/recipes/food/views/curried-wild-mushroom-pate-107679,Curried Wild Mushroom Pâté ,"5 tablespoons butter $ 1 1/4 pounds fresh shiitake mushrooms, stemmed, or crimini mushrooms, very coarsely chopped $ 1/2 cup chopped shallots (about 2 large) $ 2 garlic cloves, chopped $ 1 3/4 teaspoons curry powder $ 1/2 teaspoon ground cumin $ 1 cup roasted salted cashews $ 2 tablespoons olive oil $ 2 tablespoons finely chopped mixed fresh herbs (such as parsley, chives, and basil) $ Fresh parsley or basil sprigs (optional) $ 1 French-bread baguette, cut into 1/2-inch-thick slices, toasted $ ",Mushroom $ Appetizer $ Sauté $ Winter $ Shallot $ Bon Appétit $ Sugar Conscious $ Vegetarian $ Pescatarian $ Peanut Free $ Soy Free $ Kosher $ ,American $ French $ ,3.5/4,27,Mushroom $ Appetizer $ Sauté $ Winter $ Shallot $ Bon Appétit $ Sugar Conscious $ Vegetarian $ Pescatarian $ Peanut Free $ Soy Free $ Kosher $ American $ French $ 
https://www.epicurious.com/recipes/food/views/mint-chocolate-chip-ice-milk-sandwiches-12449,Mint Chocolate Chip Ice-Milk Sandwiches ,"about 2 cups mint chocolate chip ice milk, softened lightly $ 1/2 cup sugar $ 1 tablespoon cornstarch $ 2 1/3 cups low-fat (1%) milk $ 2 large egg yolks, beaten lightly $ 1 tablespoon green or white crème de menthe $ 1 ounce fine-quality bittersweet chocolate (not unsweetened), chopped $ 24 cocoa snaps $ 1/2 cup all-purpose flour $ 1/2 cup sugar $ 1/4 cup unsweetened cocoa powder $ 1/2 teaspoon baking powder $ 1/4 teaspoon salt $ 2 tablespoons unsalted butter, softened $ 1 large egg, beaten lightly $ ",Milk/Cream $ Ice Cream Machine $ Chocolate $ Dessert $ Bake $ Low Sodium $ Frozen Dessert $ Mint $ Chartreuse $ Summer $ Gourmet $ Kidney Friendly $ Vegetarian $ Pescatarian $ Peanut Free $ Tree Nut Free $ Soy Free $ Kosher $ ,American $ ,3/4,1,Milk/Cream $ Ice Cream Machine $ Chocolate $ Dessert $ Bake $ Low Sodium $ Frozen Dessert $ Mint $ Chartreuse $ Summer $ Gourmet $ Kidney Friendly $ Vegetarian $ Pescatarian $ Peanut Free $ Tree Nut Free $ Soy Free $ Kosher $ American $ 
https://www.epicurious.com/recipes/food/views/rich-pumpkin-pie-20025,Rich Pumpkin Pie ,"Pastry for 9"" pie $ 2 cups cooked puréed pumpkin $ 1 cup brown sugar $ 6 eggs, lightly beaten $ 2 cups cream $ 1/2 teaspoon salt $ 1 teaspoon cinnamon $ 1/2 teaspoon ground cloves $ 1/2 teaspoon mace $ 1/3 cup cognac $ 4 tablespoons finely chopped candied ginger $ ",Egg $ Ginger $ Dessert $ Bake $ Thanksgiving $ Spice $ Cognac/Armagnac $ Pumpkin $ Fall $ House & Garden $ Kidney Friendly $ Vegetarian $ Pescatarian $ Peanut Free $ Tree Nut Free $ Soy Free $ Kosher $ ,American $ ,3.5/4,16,Egg $ Ginger $ Dessert $ Bake $ Thanksgiving $ Spice $ Cognac/Armagnac $ Pumpkin $ Fall $ House & Garden $ Kidney Friendly $ Vegetarian $ Pescatarian $ Peanut Free $ Tree Nut Free $ Soy Free $ Kosher $ American $ 
https://www.epicurious.com/recipes/food/views/pear-apple-chutney-13466,Pear Apple Chutney ,2 firm-ripe red Bartlett pears $ 2 Granny Smith apples $ 1 cup golden raisins $ 1/2 cup rice vinegar (not seasoned) $ 1/4 cup sugar $ 1 tablespoon finely chopped peeled fresh gingerroot $ 1 teaspoon mustard seeds $ 1/2 teaspoon cinnamon $ ,Condiment/Spread $ Fruit $ Ginger $ Christmas $ Quick & Easy $ Wheat/Gluten-Free $ Raisin $ Apple $ Pear $ Winter $ Gourmet $ ,American $ ,3/4,15,Condiment/Spread $ Fruit $ Ginger $ Christmas $ Quick & Easy $ Wheat/Gluten-Free $ Raisin $ Apple $ Pear $ Winter $ Gourmet $ American $ 
https://www.epicurious.com/recipes/food/views/corn-chive-pudding-13470,Corn Chive Pudding ,"two 10-ounce package frozen corn kernels, thawed $ 1/4 cup sugar $ 1 1/4 teaspoons salt $ 2 cups milk $ 4 large eggs $ 1/2 vanilla bean, split lengthwise and seeds scraped, reserving pod for another use $ 1/2 stick (1/4 cup) unsalted butter, melted and cooled $ 3 tablespoons all-purpose flour $ 1/4 cup chopped fresh chives $ a pinch freshly grated nutmeg $ Garnish: 3 tablespoons chopped fresh chives $ ",Milk/Cream $ Dairy $ Egg $ Side $ Bake $ Christmas $ Vanilla $ Corn $ Winter $ Chive $ Nutmeg $ Gourmet $ Vegetarian $ Pescatarian $ Peanut Free $ Tree Nut Free $ Soy Free $ Kosher $ ,American $ ,3.5/4,29,Milk/Cream $ Dairy $ Egg $ Side $ Bake $ Christmas $ Vanilla $ Corn $ Winter $ Chive $ Nutmeg $ Gourmet $ Vegetarian $ Pescatarian $ Peanut Free $ Tree Nut Free $ Soy Free $ Kosher $ American $ 
https://www.epicurious.com/recipes/food/views/golden-granola-107695,Golden Granola ,2 cups old-fashioned oats $ Nonstick vegetable oil spray $ 1 cup shredded sweetened coconut $ 1/2 cup pine nuts $ 1/2 cup roasted salted sunflower seeds $ 1/2 cup natural unsalted cashews $ 1/2 cup roasted salted macadamia nuts $ 1/4 cup sesame seeds $ 1/2 cup pure maple syrup $ 1/4 cup vegetable oil $ 1/4 cup dark corn syrup $ 2 teaspoons mild-flavored (light) molasses $ 1/2 cup raisins $ ,Nut $ Breakfast $ Brunch $ Bake $ Raisin $ Coconut $ Cashew $ Macadamia Nut $ Winter $ Molasses $ Maple Syrup $ Bon Appétit $ Colorado $ ,American $ ,3.5/4,13,Nut $ Breakfast $ Brunch $ Bake $ Raisin $ Coconut $ Cashew $ Macadamia Nut $ Winter $ Molasses $ Maple Syrup $ Bon Appétit $ Colorado $ American $ 
https://www.epicurious.com/recipes/food/views/pumpkin-ginger-and-molasses-tart-104323,"Pumpkin, Ginger and Molasses Tart ","1 cup all purpose flour $ 1/2 cup cake flour $ 1/4 teaspoon salt $ 1/2 cup plus 2 tablespoons (1 1/4 sticks) unsalted butter, room temperature $ 1/4 cup sugar $ 1 large egg yolk $ 1/2 teaspoon vanilla extract $ 2 large eggs $ 1/2 cup (packed) dark brown sugar $ 2 tablespoons mild-flavored (light) molasses $ 2/3 cup whipping cream $ 1 teaspoon ground cinnamon $ 1/2 teaspoon ground ginger $ 1/8 teaspoon ground cloves $ 1/8 teaspoon salt $ 1 1/2 cups canned pure pumpkin $ 1 cup chilled whipping cream $ 2 tablespoons powdered sugar $ 1 teaspoon vanilla extract $ ",Milk/Cream $ Mixer $ Egg $ Ginger $ Dessert $ Bake $ Thanksgiving $ Pumpkin $ Fall $ Molasses $ Bon Appétit $ Vegetarian $ Pescatarian $ Peanut Free $ Tree Nut Free $ Soy Free $ Kosher $ ,American $ ,3.5/4,6,Milk/Cream $ Mixer $ Egg $ Ginger $ Dessert $ Bake $ Thanksgiving $ Pumpkin $ Fall $ Molasses $ Bon Appétit $ Vegetarian $ Pescatarian $ Peanut Free $ Tree Nut Free $ Soy Free $ Kosher $ American $ 
https://www.epicurious.com/recipes/food/views/blueberry-tartlets-with-lime-curd-106663,Blueberry Tartlets with Lime Curd ,"1/2 cup sugar $ 1/3 cup fresh lime juice $ 4 large egg yolks $ 5 tablespoons unsalted butter, cut into 1/2-inch cubes $ 1 1/2 teaspoons grated lime peel $ 1 1/2 cups all purpose flour $ 3 tablespoons sugar $ 1/4 teaspoon salt $ 1/2 cup (1 stick) chilled unsalted butter, cut into 1/2-inch cubes $ 3 tablespoons (about) chilled whipping cream $ 1 large egg yolk $ 3 1/2-pint baskets blueberries $ 1 tablespoon sugar $ ",Berry $ Citrus $ Dessert $ Bake $ Blueberry $ Summer $ Bon Appétit $ Kidney Friendly $ Vegetarian $ Pescatarian $ Peanut Free $ Tree Nut Free $ Soy Free $ Kosher $ ,American $ ,3.5/4,18,Berry $ Citrus $ Dessert $ Bake $ Blueberry $ Summer $ Bon Appétit $ Kidney Friendly $ Vegetarian $ Pescatarian $ Peanut Free $ Tree Nut Free $ Soy Free $ Kosher $ American $ 
https://www.epicurious.com/recipes/food/views/rigatoni-with-southwestern-style-ground-turkey-sauce-12370,Rigatoni with Southwestern-Style Ground-Turkey Sauce ,"1/2 cup minced red onion $ 2 tablespoons olive oil $ 1 garlic clove, minced $ 1 small red bell pepper, cut into 1/4-inch diced $ 1/2 teaspoon chili powder $ 1/4 teaspoon ground cumin $ 1/8 teaspoon cayenne $ 3/4 pound ground turkey $ 1 14-ounce can plum tomatoes including-the juice $ 1 pinch of dried hot red pepper $ 1/4 cup finely chopped fresh coriander plus coriander sprigs for garnish if desired $ 1/4 pound rigatoni $ coarsely grated Monterey Jack for sprinkling the pasta $ ",Pasta $ Tomato $ turkey $ Quick & Easy $ Spice $ Summer $ Cilantro $ Gourmet $ ,American $ Southwestern $ ,3/4,36,Pasta $ Tomato $ turkey $ Quick & Easy $ Spice $ Summer $ Cilantro $ Gourmet $ American $ Southwestern $ 
https://www.epicurious.com/recipes/food/views/lemon-cajun-sweet-dough-pies-12398,Lemon Cajun Sweet Dough Pies ,"5 cups all-purpose flour $ 2 teaspoons baking powder $ 1/2 teaspoon salt $ 1 stick (1/2 cup) unsalted butter, softened $ 1/4 cup vegetable shortening $ 1 1/2 cups sugar $ 2 large eggs $ 2/3 cup milk $ 1 teaspoon vanilla $ 1/2 cup sugar $ 2 tablespoons cornstarch $ 1/8 teaspoon salt $ 1/2 cup water $ 1/4 cup milk $ 2 large egg yolks $ 2 teaspoons unsalted butter $ 1/4 cup fresh lemon juice $ 1 teaspoon freshly grated lemon zest $ ",Egg $ Dessert $ Bake $ Lemon $ Summer $ Gourmet $ Kidney Friendly $ Vegetarian $ Pescatarian $ Peanut Free $ Tree Nut Free $ Soy Free $ Kosher $ ,American $ Cajun/Creole $ ,0/4,0,Egg $ Dessert $ Bake $ Lemon $ Summer $ Gourmet $ Kidney Friendly $ Vegetarian $ Pescatarian $ Peanut Free $ Tree Nut Free $ Soy Free $ Kosher $ American $ Cajun/Creole $ 
https://www.epicurious.com/recipes/food/views/dried-apple-tart-with-crisp-crumble-topping-15712,Dried-Apple Tart with Crisp Crumble Topping ,12 ounces dried apples (preferably Granny Smith) $ 1/2 cup packed light brown sugar $ 4 cups water $ 2 cups apple cider $ 1 tablespoon fresh lemon juice $ four 3-inch cinnamon sticks $ 3/4 stick (6 tablespoons) cold unsalted butter $ 3/4 cup all-purpose flour $ 1/2 cup granulated sugar $ 1 1/4 sticks (10 tablespoons) cold unsalted butter $ 1 1/2 cups all-purpose flour $ 1/2 cup confectioners' sugar $ Accompaniment: whipped cream or vanilla ice cream $ ,Food Processor $ Fruit $ Dessert $ Bake $ Thanksgiving $ Vegetarian $ Back to School $ Apple $ Fall $ Gourmet $ Pescatarian $ Peanut Free $ Tree Nut Free $ Soy Free $ Kosher $ ,American $ ,3.5/4,10,Food Processor $ Fruit $ Dessert $ Bake $ Thanksgiving $ Vegetarian $ Back to School $ Apple $ Fall $ Gourmet $ Pescatarian $ Peanut Free $ Tree Nut Free $ Soy Free $ Kosher $ American $ 
https://www.epicurious.com/recipes/food/views/beef-carpaccio-with-orange-olive-salsa-and-shaved-cheese-107677,Beef Carpaccio with Orange-Olive Salsa and Shaved Cheese ,"2 large navel oranges $ 1/2 cup diced red onion $ 1/2 cup pitted Kalamata olives $ 1/4 cup chopped fresh parsley $ 2 tablespoons olive oil $ 1 garlic clove, minced $ 1/2 teaspoon Hungarian sweet paprika $ 1/2 teaspoon ground cumin $ 1/8 teaspoon cayenne pepper $ 2 teaspoons whole black peppercorns $ 2 teaspoons fennel seeds $ 1 teaspoon white peppercorns $ 1 teaspoon coarse kosher salt $ 1 1/2 teaspoons dried lavender blossoms (optional)* $ 4 tablespoons olive oil $ 1 1 1/4-pound trimmed beef tenderloin $ 2 cups lightly packed fresh arugula $ 1 2-ounce wedge aged Gouda cheese, shaved using vegetable peeler $ ",Beef $ Citrus $ Olive $ Appetizer $ Sauté $ Orange $ Winter $ Bon Appétit $ Sugar Conscious $ Wheat/Gluten-Free $ Peanut Free $ Tree Nut Free $ Soy Free $ No Sugar Added $ ,American $ Italian $ ,4/4,10,Beef $ Citrus $ Olive $ Appetizer $ Sauté $ Orange $ Winter $ Bon Appétit $ Sugar Conscious $ Wheat/Gluten-Free $ Peanut Free $ Tree Nut Free $ Soy Free $ No Sugar Added $ American $ Italian $ 
https://www.epicurious.com/recipes/food/views/rhubarb-crisp-with-buttermilk-ice-cream-106652,Rhubarb Crisp with Buttermilk Ice Cream ,"24 ounces fresh rhubarb, trimmed, cut into 1/2-inch pieces (about 5 cups) $ 2/3 cup sugar $ 2 tablespoons all purpose flour $ 1 tablespoon unsalted butter, melted $ 1/2 teaspoon grated orange peel $ 1/2 teaspoon ground cinnamon $ 2/3 cup (packed) golden brown sugar $ 1/3 cup chopped toasted walnuts $ 1/4 cup all purpose flour $ 2 tablespoons unsalted butter, melted $ Buttermilk Ice Cream $ ",Dairy $ Fruit $ Dessert $ Bake $ Summer $ Rhubarb $ Bon Appétit $ Vegetarian $ Pescatarian $ Peanut Free $ Soy Free $ Kosher $ ,American $ ,3.5/4,44,Dairy $ Fruit $ Dessert $ Bake $ Summer $ Rhubarb $ Bon Appétit $ Vegetarian $ Pescatarian $ Peanut Free $ Soy Free $ Kosher $ American $ 
https://www.epicurious.com/recipes/food/views/cheddar-and-cream-scones-107689,Cheddar and Cream Scones ,"2 cups all purpose flour $ 1 tablespoon baking powder $ 2 teaspoons sugar $ 1/4 teaspoon salt $ 1/2 cup (1 stick) chilled unsalted butter, cut into 1/2-inch cubes $ 1 cup (packed) coarsely grated extra-sharp white cheddar cheese (about 4 ounces) $ 3/4 cup chilled whipping cream $ 1 large egg $ ",Bread $ Milk/Cream $ Mixer $ Cheese $ Dairy $ Breakfast $ Brunch $ Bake $ Cheddar $ Winter $ Bon Appétit $ Sugar Conscious $ Kidney Friendly $ Vegetarian $ Pescatarian $ Peanut Free $ Tree Nut Free $ Soy Free $ Kosher $ ,American $ English $ ,3/4,21,Bread $ Milk/Cream $ Mixer $ Cheese $ Dairy $ Breakfast $ Brunch $ Bake $ Cheddar $ Winter $ Bon Appétit $ Sugar Conscious $ Kidney Friendly $ Vegetarian $ Pescatarian $ Peanut Free $ Tree Nut Free $ Soy Free $ Kosher $ American $ English $ 
https://www.epicurious.com/recipes/food/views/roasted-carrot-sandwich-with-hummus-and-braised-romaine-107643,Roasted Carrot Sandwich with Hummus and Braised Romaine ,"4 tablespoons vegetable oil $ 8 medium carrots, peeled, cut to 6-inch lengths $ 5 large garlic cloves, unpeeled, plus 2 teaspoons minced garlic $ 6 large fresh thyme sprigs $ 2 hearts of romaine lettuce, cut lengthwise in half $ 3/4 cup vegetable broth $ 2 tablespoons plus 1/2 cup extra-virgin olive oil $ 2 15 1/2-ounce cans garbanzo beans (chickpeas), drained $ 1/4 cup fresh cilantro leaves $ 1 bay leaf $ 2 large pinches of cayenne pepper $ 1 tablespoon fresh lime juice $ 1 teaspoon cumin seeds, toasted $ 4 7 x 4 1/2-inch slices country-style white bread, toasted $ Parmesan cheese wedge $ ",Sandwich $ Vegetable $ Braise $ Roast $ Sauté $ Parmesan $ Lime $ Chickpea $ Carrot $ Winter $ Lettuce $ Bon Appétit $ ,American $ ,2.5/4,13,Sandwich $ Vegetable $ Braise $ Roast $ Sauté $ Parmesan $ Lime $ Chickpea $ Carrot $ Winter $ Lettuce $ Bon Appétit $ American $ 
https://www.epicurious.com/recipes/food/views/banoffee-pie-103940,Banoffee Pie ,"3/4 cup all purpose flour $ 6 tablespoons (3/4 stick) chilled unsalted butter $ 2 tablespoons sugar $ 1/4 teaspoon salt $ 1/2 cup dry-roasted macadamia nuts $ 1 large egg yolk $ 1 teaspoon vanilla extract $ 2 14-ounce cans sweetened condensed milk $ 1/2 cup whipping cream $ 1 tablespoon dark rum $ 1 tablespoon vanilla extract $ 4 bananas, peeled, sliced $ 3 tablespoons instant coffee crystals $ 1 tablespoon water $ 2 cups chilled whipping cream $ 1/2 cup sugar $ ",Fruit $ Dessert $ Banana $ Macadamia Nut $ Fall $ Bon Appétit $ Vegetarian $ Pescatarian $ Peanut Free $ Soy Free $ Kosher $ ,American $ ,2.5/4,22,Fruit $ Dessert $ Banana $ Macadamia Nut $ Fall $ Bon Appétit $ Vegetarian $ Pescatarian $ Peanut Free $ Soy Free $ Kosher $ American $ 
https://www.epicurious.com/recipes/food/views/sour-cherry-cobbler-12348,Sour Cherry Cobbler ,"4 cups sour cherries, picked over, rinsed, and drained well $ 2 tablespoons cornstarch $ 2/3 cup plus 2 tablespoons sugar $ 2 tablespoons fresh lemon juice $ 1/4 teaspoon almond extract $ 1 cup all-purpose flour $ 1 teaspoon double-acting baking powder $ 1/2 teaspoon salt $ 3/4 stick (6 tablespoons) cold unsalted butter, cut into bits $ peach and brown sugar ice cream (recipe follows) or vanilla ice cream as an accompaniment if desired $ 2 pounds very ripe peaches (about 4),pitted and chopped $ 2 tablespoons granulated sugar $ 3/4 firmly packed light brown sugar $ 3 large egg yolks $ 1 large whole egg $ 1-1/2 cups half-and-half $ 1/4 teaspoon cinnamon $ 1/4 teaspoon freshly grated nutmeg $ 2 tablespoons peach schnapps or peach-flavored liqueur $ ",Milk/Cream $ Ice Cream Machine $ Fruit $ Dessert $ Bake $ Cherry $ Peach $ Summer $ Gourmet $ ,American $ ,3.5/4,27,Milk/Cream $ Ice Cream Machine $ Fruit $ Dessert $ Bake $ Cherry $ Peach $ Summer $ Gourmet $ American $ 
https://www.epicurious.com/recipes/food/views/spiced-sweet-potato-cake-with-brown-sugar-icing-104322,Spiced Sweet-Potato Cake with Brown Sugar Icing ,4 8-ounce red-skinned sweet potatoes(yams) $ Nonstick vegetable oil spray $ 2 3/4 cups all purpose flour $ 2 teaspoons ground cinnamon $ 1 1/4 teaspoons ground ginger $ 1 teaspoon baking powder $ 1 teaspoon baking soda $ 1/2 teaspoon salt $ 2 cups sugar $ 1 cup vegetable oil $ 4 large eggs $ 1 teaspoon vanilla extract $ 1 cup powdered sugar $ 3/4 cup (packed) dark brown sugar $ 1/2 cup whipping cream $ 1/4 cup (1/2 stick) unsalted butter $ 1/4 teaspoon vanilla extract $ ,Cake $ Dessert $ Bake $ Thanksgiving $ Spice $ Sweet Potato/Yam $ Fall $ Bon Appétit $ Kidney Friendly $ Vegetarian $ Pescatarian $ Peanut Free $ Tree Nut Free $ Soy Free $ Kosher $ ,American $ ,4/4,89,Cake $ Dessert $ Bake $ Thanksgiving $ Spice $ Sweet Potato/Yam $ Fall $ Bon Appétit $ Kidney Friendly $ Vegetarian $ Pescatarian $ Peanut Free $ Tree Nut Free $ Soy Free $ Kosher $ American $ 
https://www.epicurious.com/recipes/food/views/chocolate-chunk-oatmeal-coconut-cookies-105431,Chocolate Chunk Oatmeal Coconut Cookies ,"2 sticks (1 cup) unsalted butter, softened $ 1 cup packed brown sugar $ 6 tablespoons granulated sugar $ 2 large eggs $ 1 1/2 teaspoons vanilla $ 1/2 teaspoon baking soda $ 1/2 teaspoon salt $ 1 cup all-purpose flour $ 2 1/4 cups old-fashioned oats $ 1 1/2 cups packaged finely shredded unsweetened coconut $ 12 oz semisweet or bittersweet chocolate (not unsweetened), cut into 1/2-inch chunks (about 2 cups) $ 3/4 cup almonds with skins (4 oz), toasted, cooled, and chopped $ ",Cookies $ Chocolate $ Bake $ Coconut $ Oat $ Gourmet $ ,American $ ,3.5/4,244,Cookies $ Chocolate $ Bake $ Coconut $ Oat $ Gourmet $ American $ 
https://www.epicurious.com/recipes/food/views/wendes-blue-ribbon-apple-pie-with-candied-ginger-106670,Wende's Blue-Ribbon Apple Pie with Candied Ginger ,"Buttery Pie Crust for a 9-inch double pie $ 5 or 6 large Granny Smith apples (to make 5 cups, sliced) $ 1 1/2 tablespoons fresh lemon juice $ 1/2 cup (packed) light-brown sugar $ 4 ounces crystallized ginger $ 2 tablespoons cornstarch $ 1 1/2 teaspoons ground cinnamon $ 2 tablespoons Calvados (apple brandy) $ 1 large egg white, lightly beaten with 1 tablespoon water $ 2 tablespoons cold unsalted butter, cut into small pieces $ 2 tablespoons milk $ 1 teaspoon sugar $ ",Fruit $ Ginger $ Dessert $ Bake $ Quick & Easy $ Apple $ Fall $ Parade $ Kidney Friendly $ Vegetarian $ Pescatarian $ Wheat/Gluten-Free $ Peanut Free $ Tree Nut Free $ Soy Free $ Kosher $ ,American $ ,3/4,3,Fruit $ Ginger $ Dessert $ Bake $ Quick & Easy $ Apple $ Fall $ Parade $ Kidney Friendly $ Vegetarian $ Pescatarian $ Wheat/Gluten-Free $ Peanut Free $ Tree Nut Free $ Soy Free $ Kosher $ American $ 
https://www.epicurious.com/recipes/food/views/garlic-rosemary-turkey-with-mushroom-gravy-105799,Garlic-Rosemary Turkey with Mushroom Gravy ,"6 large heads of garlic, unpeeled, top 1/3 inch cut off to expose garlic $ 6 tablespoons olive oil $ 1/4 cup (1/2 stick) unsalted butter, room temperature $ 2 tablespoons chopped fresh rosemary $ 2 tablespoons Dijon mustard $ 1/2 teaspoon salt $ 1/2 teaspoon ground black pepper $ 1 18- to 19-pound turkey; neck, gizzard and heart reserved $ 1 large onion, chopped $ 2 large celery stalks, chopped $ 1 large carrot, chopped $ 2 1/2 cups dry white wine $ 7 cups (about) canned low-salt chicken broth $ 2 pounds mushrooms, thickly sliced $ 1/3 cup all purpose flour $ ",Garlic $ Mushroom $ turkey $ Roast $ Thanksgiving $ Rosemary $ Fall $ Bon Appétit $ ,American $ ,3.5/4,52,Garlic $ Mushroom $ turkey $ Roast $ Thanksgiving $ Rosemary $ Fall $ Bon Appétit $ American $ 
https://www.epicurious.com/recipes/food/views/glazed-red-pepper-fennel-almonds-107680,Glazed Red Pepper-Fennel Almonds ,Nonstick vegetable oil spray $ 3 tablespoons sugar $ 2 teaspoons fennel seeds $ 1 teaspoon dried crushed red pepper $ 1 teaspoon salt $ 1 cup whole almonds $ 1 tablespoon water $ ,Nut $ Bake $ Almond $ Winter $ Bon Appétit $ ,American $ ,4/4,35,Nut $ Bake $ Almond $ Winter $ Bon Appétit $ American $ 
https://www.epicurious.com/recipes/food/views/apple-celery-and-smoked-ham-stuffing-108823,"Apple, Celery, and Smoked Ham Stuffing ",5 cups 1/2-inch cubes crustless firm white bread (about 7 ounces) $ 5 tablespoons butter $ 4 cups chopped onions $ 2 cups chopped celery $ 4 cups small cubes peeled Granny Smith apples $ 2 1/3 cups small cubes Black Forest ham $ 2 tablespoons chopped fresh Italian parsley $ 1 tablespoon minced fresh thyme $ 1 tablespoon minced fresh sage $ 1 tablespoon minced fresh marjoram $ 1/2 teaspoon minced fresh rosemary $ 1/4 teaspoon ground nutmeg $ 1 1/4 cups low-salt chicken broth $ 2 large eggs $ ,Egg $ Fruit $ Herb $ Side $ Bake $ Thanksgiving $ Stuffing/Dressing $ Apple $ Ham $ Celery $ Fall $ Bon Appétit $ Peanut Free $ Tree Nut Free $ Soy Free $ ,American $ ,3/4,13,Egg $ Fruit $ Herb $ Side $ Bake $ Thanksgiving $ Stuffing/Dressing $ Apple $ Ham $ Celery $ Fall $ Bon Appétit $ Peanut Free $ Tree Nut Free $ Soy Free $ American $ 
https://www.epicurious.com/recipes/food/views/coconut-cake-with-lime-curd-13461,Coconut Cake with Lime Curd ,"3 cups White Lily flour or cake flour (not self-rising) $ 1 tablespoon baking powder $ 1 teaspoon salt $ 1 cup whole milk $ 1/2 cup fresh coconut liquid (from about 3 heavy coconuts without any cracks and containing liquid, (procedure follows) or water $ 1 1/2 teaspoons vanilla $ 2 1/2 sticks (1 1/4 cups) unsalted butter, softened $ 1 3/4 cups sugar $ 5 large eggs $ 6 large egg yolks $ 3/4 cup sugar $ 1/2 cup fresh lime juice $ 3 tablespoons heavy cream $ 3/4 stick (6 tablespoons) cold unsalted butter, cut into pieces $ 2 teaspoons freshly grated lime zest $ 1 cup shredded fresh coconut (procedure follows) or sweetened  flaked coconut $ 2 large egg whites $ 1 1/2 cups sugar $ 1/2 cup water $ 1 tablespoon light corn syrup $ 1 teaspoon freshly grated lime zest $ 1 teaspoon fresh lime juice $ about 4 cups shaved fresh coconut (procedure follows) or 2 1/2 cups sweetened flaked coconut $ ",Citrus $ Egg $ Dessert $ Bake $ Christmas $ Lime $ Coconut $ Winter $ Gourmet $ ,American $ ,2.5/4,8,Citrus $ Egg $ Dessert $ Bake $ Christmas $ Lime $ Coconut $ Winter $ Gourmet $ American $ 
https://www.epicurious.com/recipes/food/views/salmon-burgers-with-hoisin-and-ginger-106838,Salmon Burgers with Hoisin and Ginger ,"1 pound skinless boneless salmon fillet, cut into 1-inch pieces $ 1/4 cup fresh cilantro leaves $ 2 tablespoons hoisin sauce $ 2 tablespoons mayonnaise $ 1/4 cup chopped green onions $ 2 teaspoons minced peeled fresh ginger $ 1 garlic clove, minced $ 3/4 teaspoon salt $ 1/2 teaspoon ground black pepper $ 2 1/2 teaspoons oriental sesame oil $ 4 large sesame-seed hamburger buns $ Additional hoisin sauce $ Additional mayonnaise $ 8 butter lettuce leaves $ ",Fish $ Ginger $ Summer $ Grill/Barbecue $ Bon Appétit $ ,American $ ,3/4,20,Fish $ Ginger $ Summer $ Grill/Barbecue $ Bon Appétit $ American $ 
https://www.epicurious.com/recipes/food/views/corned-beef-and-coleslaw-sandwich-12533,Corned Beef and Coleslaw Sandwich ,"2 tablespoons white-wine vinegar $ 1 1/2 tablespoons Dijon-style mustard plus additional for spreading on the bread $ 1 1/2 tablespoons drained bottled horseradish $ 1/4 cup olive oil $ 3 cups thinly sliced cabbage $ 1 cup thinly sliced red onion $ 1 cup coarsely grated carrots $ a 16-inch-long loaf of Italian or French bread, halved horizontally with a serrated knife $ 1/2 pound thinly sliced corned beef $ ",Sandwich $ Beef $ Onion $ No-Cook $ Super Bowl $ Lunch $ Horseradish $ Meat $ Poker/Game Night $ Cabbage $ Gourmet $ Dairy Free $ Peanut Free $ Tree Nut Free $ Soy Free $ Kosher $ ,American $ ,1.5/4,4,Sandwich $ Beef $ Onion $ No-Cook $ Super Bowl $ Lunch $ Horseradish $ Meat $ Poker/Game Night $ Cabbage $ Gourmet $ Dairy Free $ Peanut Free $ Tree Nut Free $ Soy Free $ Kosher $ American $ 
https://www.epicurious.com/recipes/food/views/blackberry-jam-cake-with-penuche-frosting-11726,Blackberry Jam Cake with Penuche Frosting ,"1 1/4 cups all-purpose flour $ 1 teaspoon double-acting baking powder $ 1 teaspoon salt $ 1 teaspoon cinnamon $ 1/2 teaspoon freshly grated nutmeg $ 1/4 teaspoon ground cloves $ 1 stick (1/2 cup) unsalted butter, softened $ 1 cup firmly packed light brown sugar $ 2 large eggs $ 1 teaspoon vanilla $ 1/2 cup buttermilk $ 1/2 cup blackberry jam $ 1/2 cup raisins $ 3/4 cup chopped pecans $ 1 cup firmly packed light brown sugar $ 1/3 cup heavy cream $ 3 tablespoons unsalted butter $ ",Cake $ Fruit $ Nut $ Dessert $ Bake $ Blackberry $ Raisin $ Pecan $ Spring $ Gourmet $ ,American $ ,3/4,3,Cake $ Fruit $ Nut $ Dessert $ Bake $ Blackberry $ Raisin $ Pecan $ Spring $ Gourmet $ American $ 
https://www.epicurious.com/recipes/food/views/achiote-butter-basted-turkey-with-ancho-chili-gravy-4370,Achiote Butter-Basted Turkey with Ancho Chili Gravy ,"2 fresh poblano chilies $ 3 dried ancho chilies, stemmed, halved, seeded $ 1 22- to 24-pound turkey, giblets discarded $ 1 large white onion, quartered $ 3/4 cup (1 1/2 sticks) butter, room temperature $ 3 tablespoons achiote paste $ 3 1/2 cups (about) canned low-salt chicken broth $ 1/4 cup Masa Harina (corn tortilla mix) $ ",Herb $ Pepper $ turkey $ Roast $ Thanksgiving $ Fall $ Bon Appétit $ ,American $ ,3.5/4,20,Herb $ Pepper $ turkey $ Roast $ Thanksgiving $ Fall $ Bon Appétit $ American $ 
https://www.epicurious.com/recipes/food/views/corn-bread-croutons-13486,Corn Bread Croutons ,"1 tablespoon olive oil $ 2 Thomas' corn Toast-R-Cakes or 1 corn muffin, cut into 1/3-inch  cubes $ ",Bread $ Sauté $ Quick & Easy $ Cornmeal $ Winter $ Gourmet $ ,American $ ,0/4,1,Bread $ Sauté $ Quick & Easy $ Cornmeal $ Winter $ Gourmet $ American $ 
https://www.epicurious.com/recipes/food/views/fresh-corn-puddings-jake-annies-13033,Fresh Corn Puddings Jake & Annie's ,"6 ears fresh corn, shucked $ 1/2 cup heavy cream $ 1/2 cup milk $ 1 tablespoon sugar $ 1/2 teaspoon salt $ 1/8 teaspoon freshly ground black pepper $ 1/2 stick (1/4 cup) unsalted butter, melted and cooled $ 3 large eggs, beaten lightly $ ",Dairy $ Vegetable $ Side $ Bake $ Summer $ Gourmet $ Kidney Friendly $ Vegetarian $ Pescatarian $ Wheat/Gluten-Free $ Peanut Free $ Tree Nut Free $ Soy Free $ Kosher $ ,American $ ,0/4,1,Dairy $ Vegetable $ Side $ Bake $ Summer $ Gourmet $ Kidney Friendly $ Vegetarian $ Pescatarian $ Wheat/Gluten-Free $ Peanut Free $ Tree Nut Free $ Soy Free $ Kosher $ American $ 
https://www.epicurious.com/recipes/food/views/oyster-spinach-bisque-with-corn-bread-croutons-13485,Oyster Spinach Bisque with Corn Bread Croutons ,"36 shucked oysters in their liquor $ 2 tablespoons unsalted butter $ 2 large shallots, chopped fine $ 1/2 cup medium-dry Sherry $ 3 cups milk $ 1 cup heavy cream $ 1 cup packed spinach leaves, washed well, drained, and shredded fine $ Garnish: 24 small spinach leaves, washed well and spun day, and 1/4 cup finely chopped red bell pepper $ Corn Bread Croutons $ ",Soup/Stew $ Dairy $ Leafy Green $ Shellfish $ Christmas $ Winter $ Gourmet $ ,American $ ,2.5/4,5,Soup/Stew $ Dairy $ Leafy Green $ Shellfish $ Christmas $ Winter $ Gourmet $ American $ 
https://www.epicurious.com/recipes/food/views/whole-grain-mustard-pan-rolls-13452,Whole-Grain Mustard Pan Rolls ,"1 1/4 cups milk $ 3/4 stick (6 tablespoons) unsalted butter, cut into pieces $ 1/4 cup pure maple syrup $ two 1/4-ounce packages active dry yeast (5 teaspoons) $ 6 cups all-purpose flour $ 1 tablespoon salt $ 1 large whole egg $ 1 large egg yolk $ 1/2 cup whole-grain or coarse-grained Dijon mustard $ 2 tablespoons unsalted butter, melted and cooled $ 1 tablespoon pure maple syrup $ 1 large egg, beaten lightly $ 1 teaspoon mustard seeds for sprinkling $ ",Bread $ Mustard $ Bake $ Christmas $ Winter $ Gourmet $ ,American $ ,3/4,5,Bread $ Mustard $ Bake $ Christmas $ Winter $ Gourmet $ American $ 
https://www.epicurious.com/recipes/food/views/pulled-turkey-barbecue-seibels-14178,Pulled Turkey Barbecue Seibels ,"2 large onions $ 1 large garlic clove $ 2 cups cider vinegar $ 1/2 stick (1/4 cup) unsalted butter $ 1/2 cup ketchup $ 3 tablespoons Worcestershire sauce $ 2 tablespoons Tabasco plus additional to taste $ 1 tablespoon salt $ 1 tablespoon freshly ground black pepper $ a 4 1/2- to 5-pound turkey breast, skin discarded $ Accompaniment: soft sandwich rolls, toasted lightly if desired $ ",Sandwich $ Onion $ Tomato $ turkey $ Super Bowl $ Lunch $ Vinegar $ Tailgating $ Simmer $ Gourmet $ Sugar Conscious $ Peanut Free $ Tree Nut Free $ Soy Free $ No Sugar Added $ ,American $ ,3.5/4,24,Sandwich $ Onion $ Tomato $ turkey $ Super Bowl $ Lunch $ Vinegar $ Tailgating $ Simmer $ Gourmet $ Sugar Conscious $ Peanut Free $ Tree Nut Free $ Soy Free $ No Sugar Added $ American $ 
https://www.epicurious.com/recipes/food/views/grilled-mozzarella-cheeseburgers-with-dried-tomato-and-arugula-pesto-12456,Grilled Mozzarella Cheeseburgers with Dried Tomato and Arugula Pesto ,"1 large red onion $ 2 pounds ground beef $ 3/4 cup dried tomato and arugula pesto, or to taste $ 6 ounces mozzarella, cut into 6 slices $ olive oil for brushing onion $ 6 hamburger buns, grilled lightly if desired $ 1 1/2 cups packed arugula, washed well and spun dry $ 1/3 cup drained bottled dried tomatoes packed in oil $ 1/4 cup olive oil $ 3 tablespoons freshly grated Parmesan $ 2 tablespoons pine nuts, toasted golden and cooled $ 1 large garlic clove, chopped and mashed to a paste with 1/2 teaspoon salt $ a pinch sugar $ ",Tomato $ Backyard BBQ $ Mozzarella $ Ground Beef $ Arugula $ Summer $ Grill $ Grill/Barbecue $ Gourmet $ ,American $ Italian American $ ,2.5/4,3,Tomato $ Backyard BBQ $ Mozzarella $ Ground Beef $ Arugula $ Summer $ Grill $ Grill/Barbecue $ Gourmet $ American $ Italian American $ 
https://www.epicurious.com/recipes/food/views/corn-cakes-and-caviar-106673,Corn Cakes and Caviar ,"2 cups cooked corn kernels $ 2/3 cup heavy cream $ 1/3 cup yellow cornmeal $ 2/3 cup all-purpose flour $ 1 teaspoon baking powder $ 1/2 teaspoon salt $ 1/8 teaspoon black pepper $ 3 large eggs, lightly beaten $ 1/3 cup unsalted butter, melted $ 2 teaspoons vegetable oil $ Crème fraîche or sour cream, for serving $ Caviar, for serving $ ",Fish $ Vegetable $ Appetizer $ Bake $ Winter $ Parade $ Sugar Conscious $ Kidney Friendly $ Vegetarian $ Pescatarian $ Peanut Free $ Tree Nut Free $ Soy Free $ No Sugar Added $ Kosher $ ,American $ ,3/4,6,Fish $ Vegetable $ Appetizer $ Bake $ Winter $ Parade $ Sugar Conscious $ Kidney Friendly $ Vegetarian $ Pescatarian $ Peanut Free $ Tree Nut Free $ Soy Free $ No Sugar Added $ Kosher $ American $ 
https://www.epicurious.com/recipes/food/views/sweet-and-sour-cipolline-onions-109198,Sweet-and-Sour Cipolline Onions ,"2 lb cipolline or small (1 1/2-inch) white boiling onions, left unpeeled $ 1 cup sugar $ 1/4 cup water $ 1 cup dry red wine $ 1 cup red-wine vinegar $ 2 tablespoons extra-virgin olive oil $ 1 teaspoon salt $ 10 whole black peppercorns $ 1 Turkish or 1/2 California bay leaf $ 1 tablespoon balsamic vinegar $ ",Onion $ Side $ Marinate $ Cocktail Party $ Quick & Easy $ Vinegar $ Red Wine $ Spring $ Edible Gift $ Gourmet $ ,American $ Italian $ ,3/4,6,Onion $ Side $ Marinate $ Cocktail Party $ Quick & Easy $ Vinegar $ Red Wine $ Spring $ Edible Gift $ Gourmet $ American $ Italian $ 
https://www.epicurious.com/recipes/food/views/creamy-succotash-salad-5484,Creamy Succotash Salad ,"2/3 cup mayonnaise $ 6 tablespoons buttermilk $ 4 teaspoons Dijon mustard $ 4 teaspoons fresh lemon juice $ 4 teaspoons sugar $ 1/2 teaspoon hot pepper sauce $ 2 large red bell peppers $ 3 cups frozen baby lima beans, thawed (from two 10-ounce packages) $ 5 cups frozen corn kernels, thawed, drained (about 24 ounces) $ 2/3 cup thinly sliced green onions $ ",Citrus $ Onion $ Pepper $ Vegetable $ Side $ Summer $ Bon Appétit $ ,American $ ,3.5/4,8,Citrus $ Onion $ Pepper $ Vegetable $ Side $ Summer $ Bon Appétit $ American $ 
https://www.epicurious.com/recipes/food/views/old-fashioned-indian-pudding-20012,Old-Fashioned Indian Pudding ,1 quart scalded milk $ 1/3 cup yellow corn meal $ Pinch of salt $ 1/2 cup molasses $ 1 good teaspoon ginger $ ,Milk/Cream $ Dairy $ Ginger $ Dessert $ Bake $ Cornmeal $ Fall $ Molasses $ Double Boiler $ House & Garden $ Vegetarian $ Pescatarian $ Wheat/Gluten-Free $ Peanut Free $ Tree Nut Free $ Soy Free $ Kosher $ ,American $ ,3.5/4,13,Milk/Cream $ Dairy $ Ginger $ Dessert $ Bake $ Cornmeal $ Fall $ Molasses $ Double Boiler $ House & Garden $ Vegetarian $ Pescatarian $ Wheat/Gluten-Free $ Peanut Free $ Tree Nut Free $ Soy Free $ Kosher $ American $ 
https://www.epicurious.com/recipes/food/views/grilled-ham-cheese-and-salami-with-caper-relish-107645,"Grilled Ham, Cheese, and Salami with Caper Relish ","1/2 cup olive oil $ 3 tablespoons white wine vinegar $ 1 large shallot, minced $ 4 teaspoons minced fresh oregano $ 1 rectangular 10x7x1 1/2-inch bread loaf (such as ciabatta) $ 3 ounces sliced provolone cheese $ 4 ounces sliced Italian Genoa salami $ 4 ounces sliced Black Forest ham $ 3 tablespoons finely chopped pitted brine-cured green olives $ 3 tablespoons capers, chopped $ 3 tablespoons minced peperoncini $ 3 tablespoons butter, room temperature $ 3 ounces Teleme or Fontina cheese, grated (about 1 cup) $ 1 cup thinly sliced iceberg lettuce $ ",Sandwich $ Cheese $ Olive $ Pepper $ Pork $ Lunch $ Ham $ Winter $ Grill/Barbecue $ Bon Appétit $ Sugar Conscious $ Peanut Free $ Tree Nut Free $ Soy Free $ ,American $ Italian $ ,3.5/4,29,Sandwich $ Cheese $ Olive $ Pepper $ Pork $ Lunch $ Ham $ Winter $ Grill/Barbecue $ Bon Appétit $ Sugar Conscious $ Peanut Free $ Tree Nut Free $ Soy Free $ American $ Italian $ 
https://www.epicurious.com/recipes/food/views/banana-fritters-15737,Banana Fritters ,4 firm bananas $ 1 1/2 cups light rum $ 1 large egg $ 4 cups cornflakes $ about 5 cups vegetable oil for deep-frying $ ,Rum $ Fruit $ Breakfast $ Brunch $ Dessert $ Side $ Fry $ Kid-Friendly $ Banana $ Gourmet $ Vegetarian $ Pescatarian $ Dairy Free $ Peanut Free $ Tree Nut Free $ Soy Free $ Kosher $ ,American $ ,2/4,4,Rum $ Fruit $ Breakfast $ Brunch $ Dessert $ Side $ Fry $ Kid-Friendly $ Banana $ Gourmet $ Vegetarian $ Pescatarian $ Dairy Free $ Peanut Free $ Tree Nut Free $ Soy Free $ Kosher $ American $ 
https://www.epicurious.com/recipes/food/views/jazzy-slaw-106739,Jazzy Slaw ,"1 green cabbage (about 2 pounds), cored and thinly shredded $ 2 medium-sized carrots, peeled and grated $ 1 green bell pepper, stemmed, seeded, halved and grated $ 1 tablespoon coarsely grated yellow onion $ 2 cups mayonnaise $ 1/2 cup sugar $ 1/4 cup Dijon mustard $ 1/4 cup cider vinegar $ 1 tablespoon celery seeds $ Salt to taste $ Freshly ground black pepper, to taste $ 2 tablespoons chopped flat-leaf parsley, for garnish $ ",Vegetable $ Side $ No-Cook $ Mayonnaise $ Vinegar $ Bell Pepper $ Carrot $ Summer $ Cabbage $ Parsley $ Parade $ Vegetarian $ Pescatarian $ Dairy Free $ Wheat/Gluten-Free $ Peanut Free $ Tree Nut Free $ Soy Free $ Kosher $ ,American $ ,2.5/4,2,Vegetable $ Side $ No-Cook $ Mayonnaise $ Vinegar $ Bell Pepper $ Carrot $ Summer $ Cabbage $ Parsley $ Parade $ Vegetarian $ Pescatarian $ Dairy Free $ Wheat/Gluten-Free $ Peanut Free $ Tree Nut Free $ Soy Free $ Kosher $ American $ 
https://www.epicurious.com/recipes/food/views/chocolate-macadamia-nut-sauce-14923,Chocolate Macadamia Nut Sauce ,2/3 cup macadamia nuts (about 3 1/2 ounces) $ 1 ounce fine quality bittersweet chocolate (not unsweetened) $ 1/2 cup sugar $ 3/4 cup heavy cream $ ,Sauce $ Chocolate $ Dessert $ Macadamia Nut $ Gourmet $ Kidney Friendly $ Vegetarian $ Pescatarian $ Wheat/Gluten-Free $ Peanut Free $ Soy Free $ Kosher $ ,American $ ,0/4,0,Sauce $ Chocolate $ Dessert $ Macadamia Nut $ Gourmet $ Kidney Friendly $ Vegetarian $ Pescatarian $ Wheat/Gluten-Free $ Peanut Free $ Soy Free $ Kosher $ American $ 
https://www.epicurious.com/recipes/food/views/roasted-almonds-with-rosemary-fleur-de-sel-108939,Roasted Almonds with Rosemary Fleur de Sel ,"Nonstick vegetable oil spray $ 1 large egg white $ 1 tablespoon sugar $ 1 1/2 tablespoons dried rosemary, crushed $ 1 1/2 teaspoons fleur de sel* $ 1/4 teaspoon cayenne pepper $ 2 cups whole blanched almonds $ ",Bake $ Christmas $ Rosemary $ Almond $ Winter $ Bon Appétit $ ,American $ ,3/4,20,Bake $ Christmas $ Rosemary $ Almond $ Winter $ Bon Appétit $ American $ 
https://www.epicurious.com/recipes/food/views/maple-squash-puree-108752,Maple Squash Purée ,"5 pounds butternut squash, peeled, seeded, and cut into 1-inch pieces (10 cups) $ 2 cups water $ 1 3/4 teaspoons salt $ 1/3 cup pure maple syrup $ 3 tablespoons unsalted butter, cut into tablespoon pieces $ 1/2 teaspoon black pepper $ ",Food Processor $ Side $ Thanksgiving $ Vegetarian $ Butternut Squash $ Fall $ Healthy $ Maple Syrup $ Gourmet $ Pescatarian $ Wheat/Gluten-Free $ Peanut Free $ Tree Nut Free $ Soy Free $ Kosher $ ,American $ ,3.5/4,11,Food Processor $ Side $ Thanksgiving $ Vegetarian $ Butternut Squash $ Fall $ Healthy $ Maple Syrup $ Gourmet $ Pescatarian $ Wheat/Gluten-Free $ Peanut Free $ Tree Nut Free $ Soy Free $ Kosher $ American $ 
https://www.epicurious.com/recipes/food/views/cheddar-cheese-biscuits-2520,Cheddar Cheese Biscuits ,"2 cups all purpose flour $ 1 tablespoon sugar $ 2 1/2 teaspoons baking powder $ 1 teaspoon pepper $ 1/2 teaspoon baking soda $ 1/2 teaspoon salt $ 6 tablespoons (3/4 stick) chilled unsalted butter, cut into 1/2-inch pieces $ 1 1/4 cups grated extra-sharp cheddar cheese $ 1 cup (about) cold buttermilk $ 1 egg beaten with 1 tablespoon milk (glaze) $ Poppy seeds $ ",Bread $ Cheese $ Bake $ Fall $ Bon Appétit $ ,American $ ,3.5/4,33,Bread $ Cheese $ Bake $ Fall $ Bon Appétit $ American $ 
https://www.epicurious.com/recipes/food/views/tropical-bananas-foster-103653,Tropical Bananas Foster ,"1/4 cup (1/2 stick) butter $ 1/2 cup (packed) dark brown sugar $ 1/4 cup mango nectar $ 1 tablespoon dark rum $ 1 tablespoon minced crystallized ginger $ 1/8 teaspoon ground nutmeg $ 1 cup diced peeled pineapple $ 1 banana, peeled, sliced $ 1 cup diced peeled mango $ Vanilla ice cream or macadamia brittle ice cream $ Toasted sweetened coconut (optional) $ ","Rum $ Fruit $ Ginger $ Dessert $ Sauté $ Banana $ Mango $ Pineapple $ Summer $ Bon Appétit $ Washington, D.C. $ Kidney Friendly $ Vegetarian $ Pescatarian $ Wheat/Gluten-Free $ Peanut Free $ Soy Free $ Kosher $ ",American $ ,3.5/4,14,"Rum $ Fruit $ Ginger $ Dessert $ Sauté $ Banana $ Mango $ Pineapple $ Summer $ Bon Appétit $ Washington, D.C. $ Kidney Friendly $ Vegetarian $ Pescatarian $ Wheat/Gluten-Free $ Peanut Free $ Soy Free $ Kosher $ American $ "
https://www.epicurious.com/recipes/food/views/aunt-roses-pound-cake-103343,Aunt Rosé's Pound Cake ,"2 1/3 cups self-rising cake flour $ 2 sticks (1 cup) unsalted butter, softened $ 8 oz cream cheese $ 2 cups sugar $ 2 teaspoons vanilla $ 6 large eggs $ ",Cake $ Dairy $ Egg $ Dessert $ Bake $ Spring $ Gourmet $ Kidney Friendly $ Vegetarian $ Pescatarian $ Peanut Free $ Tree Nut Free $ Soy Free $ Kosher $ ,American $ ,3.5/4,126,Cake $ Dairy $ Egg $ Dessert $ Bake $ Spring $ Gourmet $ Kidney Friendly $ Vegetarian $ Pescatarian $ Peanut Free $ Tree Nut Free $ Soy Free $ Kosher $ American $ 
https://www.epicurious.com/recipes/food/views/bacon-and-fried-egg-sandwiches-104478,Bacon and Fried Egg Sandwiches ,"4 wedges of focaccia or 4 English muffins, split, toasted $ 3 tablespoons honey mustard $ 6 bacon slices $ 1 tablespoon butter $ 4 large eggs $ 2 bunches arugula $ ",Egg $ Pork $ Breakfast $ Brunch $ Fry $ Winter $ Bon Appétit $ Peanut Free $ Tree Nut Free $ Soy Free $ ,American $ ,3.5/4,94,Egg $ Pork $ Breakfast $ Brunch $ Fry $ Winter $ Bon Appétit $ Peanut Free $ Tree Nut Free $ Soy Free $ American $ 
https://www.epicurious.com/recipes/food/views/corn-bread-stuffing-20020,Corn Bread Stuffing ,"1/4 pound (or more) butter $ 1 1/4 cups finely chopped onion $ 1 cup finely diced celery $ 1/2 cup chopped celery tops $ 1 1/2 teaspoons thyme $ 1 pound small link sausages or chipolatas, lightly browned $ 1 tablespoon salt or more, to taste $ 1 1/2 teaspoons freshly ground black pepper $ 6-8 cups coarse corn bread crumbs $ 3/4 cup Madeira $ ",Onion $ Pork $ Vegetable $ Side $ Bake $ Thanksgiving $ Stuffing/Dressing $ Sausage $ Cornmeal $ Celery $ Fortified Wine $ Fall $ House & Garden $ ,American $ ,3.5/4,6,Onion $ Pork $ Vegetable $ Side $ Bake $ Thanksgiving $ Stuffing/Dressing $ Sausage $ Cornmeal $ Celery $ Fortified Wine $ Fall $ House & Garden $ American $ 
https://www.epicurious.com/recipes/food/views/potato-gratin-with-bacon-and-thyme-109178,Potato Gratin with Bacon and Thyme ,"1 large head of garlic $ 2 tablespoons extra-virgin olive oil $ 3 medium onions, halved lengthwise, each half cut crosswise into 1/4-inch-thick slices $ 2 tablespoons fresh thyme, divided $ 1/2 pound thick-cut bacon, sliced crosswise into 1/4-inch strips $ 1 cup whipping cream $ 1 1/2 pounds Yukon Gold potatoes $ 1 teaspoon coarse kosher salt, divided $ ",Milk/Cream $ Garlic $ Herb $ Pork $ Potato $ Side $ Bake $ Valentine's Day $ Casserole/Gratin $ Bacon $ Winter $ Thyme $ Bon Appétit $ ,American $ ,3.5/4,33,Milk/Cream $ Garlic $ Herb $ Pork $ Potato $ Side $ Bake $ Valentine's Day $ Casserole/Gratin $ Bacon $ Winter $ Thyme $ Bon Appétit $ American $ 
https://www.epicurious.com/recipes/food/views/apricot-tart-with-pistachio-almond-frangipane-106662,Apricot Tart with Pistachio-Almond Frangipane ,"1 1/2 cups all purpose flour $ 3 tablespoons sugar $ 1/4 teaspoon salt $ 1/2 cup (1 stick) chilled unsalted butter, cut into 1/2-inch cubes $ 2 tablespoons chilled whipping cream $ 1 large egg yolk $ 1/2 cup shelled natural unsalted pistachios (about 2 ounces) $ 1/2 cup slivered almonds (about 2 ounces) $ 1/2 cup sugar $ 1/2 cup (1 stick) chilled unsalted butter, cut into 1/2-inch cubes $ 1 large egg $ 1 teaspoon vanilla extract $ 1/2 teaspoon almond extract $ 9 large apricots, halved, pitted $ 1/3 cup apricot jam $ 2 teaspoons water $ Chopped pistachios $ ",Fruit $ Nut $ Dessert $ Bake $ Apricot $ Almond $ Pistachio $ Summer $ Bon Appétit $ Vegetarian $ Pescatarian $ Peanut Free $ Soy Free $ Kosher $ ,American $ ,3/4,18,Fruit $ Nut $ Dessert $ Bake $ Apricot $ Almond $ Pistachio $ Summer $ Bon Appétit $ Vegetarian $ Pescatarian $ Peanut Free $ Soy Free $ Kosher $ American $ 
https://www.epicurious.com/recipes/food/views/chocolate-cookies-108917,Chocolate Cookies ,"Ingredients for basic butter cookies $ 1/2 cup Dutch-process unsweetened cocoa powder $ 1/2 teaspoon baking soda $ 10 1/2 oz fine-quality bittersweet chocolate (not unsweetened), melted and cooled $ Garnish: salted roasted pistachios, finely ground; Demerara sugar $ ",Cookies $ Chocolate $ Bake $ Christmas $ Pecan $ Winter $ Gourmet $ ,American $ ,2.5/4,20,Cookies $ Chocolate $ Bake $ Christmas $ Pecan $ Winter $ Gourmet $ American $ 
https://www.epicurious.com/recipes/food/views/winter-salad-with-sauteed-bay-scallops-107694,Winter Salad with Sauteed Bay Scallops ,"2 tablespoons orange juice $ 1 1/2 tablespoons plus 2 teaspoons balsamic vinegar $ 1/4 cup plus 1 tablespoon extra-virgin olive oil $ 2 large oranges $ 1 teaspoon grated orange peel $ 1 teaspoon grated lime peel $ 1 teaspoon fresh lime juice $ 1/4 teaspoon ground black pepper $ 1 pound bay scallops $ 10 cups (lightly packed) mixed bitter greens (such as escarole, radicchio, endive, and frisée) $ 16 grape tomatoes, halved $ ",Salad $ Leafy Green $ Shellfish $ Sauté $ Scallop $ Winter $ Endive $ Escarole $ Bon Appétit $ ,American $ ,3/4,27,Salad $ Leafy Green $ Shellfish $ Sauté $ Scallop $ Winter $ Endive $ Escarole $ Bon Appétit $ American $ 
https://www.epicurious.com/recipes/food/views/grissini-with-prosciutto-107681,Grissini with Prosciutto ,"Butter, room temperature $ 12 10- to 12-inch-long grissini or other long thin breadsticks $ 1/3 cup freshly grated Parmesan cheese $ 12 4x3-inch thin prosciutto slices $ 60 arugula leaves (about 2 large bunches) $ ",Bread $ Leafy Green $ Pork $ No-Cook $ Arugula $ Winter $ Prosciutto $ Bon Appétit $ ,American $ Italian $ ,3/4,16,Bread $ Leafy Green $ Pork $ No-Cook $ Arugula $ Winter $ Prosciutto $ Bon Appétit $ American $ Italian $ 
https://www.epicurious.com/recipes/food/views/remoulade-sauce-106731,Rémoulade Sauce ,"3/4 cup mayonnaise $ 2 teaspoons Dijon mustard $ 1 1/2 teaspoons whole-grain mustard $ 1 teaspoon tarragon vinegar $ 1/4 teaspoon Tabasco sauce $ 2 teaspoons drained tiny capers, chopped $ 1 tablespoon chopped fresh flat-leaf parsley $ 1 scallion (3 inches of green left on), very thinly sliced $ Salt and freshly ground black pepper, to taste $ N/A freshly ground black pepper $ ",Condiment/Spread $ Sauce $ Dairy $ Mustard $ Onion $ No-Cook $ Quick & Easy $ Mayonnaise $ Vinegar $ Spring $ Capers $ Parade $ ,American $ French $ ,3.5/4,26,Condiment/Spread $ Sauce $ Dairy $ Mustard $ Onion $ No-Cook $ Quick & Easy $ Mayonnaise $ Vinegar $ Spring $ Capers $ Parade $ American $ French $ 
https://www.epicurious.com/recipes/food/views/tricolor-potatoes-with-pesto-and-parmesan-106648,Tricolor Potatoes with Pesto and Parmesan ,8 tablespoons olive oil $ 1 cup (packed) fresh basil leaves $ 2 large shallots $ 4 garlic cloves $ Nonstick vegetable oil spray $ 1 1/2 pounds red-skinned new potatoes $ 1 1/2 pounds Yukon Gold potatoes (each about 1 1/2 inches in diameter) $ 1 pound purple potatoes (each about 1 1/2 inches in diameter) $ 3/4 cup freshly grated Parmesan cheese $ ,Cheese $ Potato $ Side $ Roast $ Summer $ Bon Appétit $ Sugar Conscious $ Vegetarian $ Pescatarian $ Wheat/Gluten-Free $ Peanut Free $ Tree Nut Free $ Soy Free $ No Sugar Added $ Kosher $ ,American $ ,3/4,35,Cheese $ Potato $ Side $ Roast $ Summer $ Bon Appétit $ Sugar Conscious $ Vegetarian $ Pescatarian $ Wheat/Gluten-Free $ Peanut Free $ Tree Nut Free $ Soy Free $ No Sugar Added $ Kosher $ American $ 
https://www.epicurious.com/recipes/food/views/crab-salad-sandwiches-2229,Crab Salad Sandwiches ,"1/4 cup regular or low-fat mayonnaise $ 1 teaspoon seafood seasoning $ 1/4 cup finely chopped celery $ 2 tablespoons finely chopped onion $ 6 ounces crabmeat, picked over $ 2 large seeded sandwich rolls (such as kaiser), split horizontally $ 1 cup thinly sliced romaine lettuce $ ",Sandwich $ Dairy $ Leafy Green $ Shellfish $ Quick & Easy $ Lunch $ Seafood $ Crab $ Summer $ Bon Appétit $ Sugar Conscious $ Pescatarian $ Dairy Free $ Peanut Free $ Tree Nut Free $ Soy Free $ ,American $ New England $ ,3/4,20,Sandwich $ Dairy $ Leafy Green $ Shellfish $ Quick & Easy $ Lunch $ Seafood $ Crab $ Summer $ Bon Appétit $ Sugar Conscious $ Pescatarian $ Dairy Free $ Peanut Free $ Tree Nut Free $ Soy Free $ American $ New England $ 
https://www.epicurious.com/recipes/food/views/raspberry-cake-with-marsala-creme-fraiche-and-raspberries-106658,"Raspberry Cake with Marsala, Crème Fraîche, and Raspberries ","1 1/2 cups all purpose flour $ 1 teaspoon baking powder $ 1 teaspoon salt $ 1/4 teaspoon baking soda $ 1/4 teaspoon ground nutmeg $ 1/2 cup Marsala $ 1/4 cup fresh orange juice $ 14 tablespoons (1 3/4 sticks) unsalted butter, room temperature $ 1 cup plus 4 tablespoons sugar $ 2 large eggs $ 1 teaspoon vanilla extract $ 1 teaspoon grated lemon peel $ 4 cups fresh raspberries $ 2 cups crème fraîche or sour cream $ ",Cake $ Berry $ Dairy $ Dessert $ Bake $ Summer $ Bon Appétit $ Kidney Friendly $ Vegetarian $ Pescatarian $ Peanut Free $ Tree Nut Free $ Soy Free $ Kosher $ ,American $ ,3.5/4,78,Cake $ Berry $ Dairy $ Dessert $ Bake $ Summer $ Bon Appétit $ Kidney Friendly $ Vegetarian $ Pescatarian $ Peanut Free $ Tree Nut Free $ Soy Free $ Kosher $ American $ 
https://www.epicurious.com/recipes/food/views/hazelnut-linzertorte-with-cranberry-apricot-filling-105847,Hazelnut Linzertorte with Cranberry-Apricot Filling ,"1 12-ounce package cranberries $ 2 15-ounce cans apricot halves in light syrup, drained, chopped $ 1 cup sugar $ 1/4 cup orange juice $ 2 cups all purpose flour $ 1 cup hazelnuts, toasted $ 3/4 cup sugar $ 1 teaspoon baking powder $ 1 teaspoon ground cinnamon $ 3/4 cup (1 1/2 sticks) chilled unsalted butter, cut into 1/2-inch pieces $ 2 large egg yolks $ 2 teaspoons grated orange peel $ 1 teaspoon vanilla extract $ 2 tablespoons apricot jam $ 1 teaspoon water $ ",Dessert $ Bake $ Cranberry $ Apricot $ Fall $ Hazelnut $ Bon Appétit $ Kidney Friendly $ Vegetarian $ Pescatarian $ Peanut Free $ Soy Free $ Kosher $ ,American $ ,3.5/4,11,Dessert $ Bake $ Cranberry $ Apricot $ Fall $ Hazelnut $ Bon Appétit $ Kidney Friendly $ Vegetarian $ Pescatarian $ Peanut Free $ Soy Free $ Kosher $ American $ 
https://www.epicurious.com/recipes/food/views/spiced-up-apple-cake-106667,Spiced-Up Apple Cake ,"2 1/4 cups all-purpose flour $ 2 1/2 teaspoons baking powder $ 1 teaspoon ground cinnamon $ 1/2 teaspoon each ground cloves, ground ginger, and baking soda $ Pinch of salt $ 3 cups peeled and finely diced tart apples $ 1/3 cup raisins $ 1/3 cup chopped walnuts $ 3/4 cup unsalted butter, at room temperature $ 1 1/2 cups (packed) dark-brown sugar $ 1 teaspoon vanilla extract $ 3 large eggs $ 1/2 cup buttermilk $ 1/2 cup applesauce $ 1/3 cup Calvados (apple brandy) or applejack $ 2 tablespoons sugar $ 1 teaspoon fresh lemon juice $ 6 strips (3x1/2-inch) lemon zest $ Confectioners' sugar, for dusting $ ",Cake $ Fruit $ Dessert $ Bake $ Apple $ Spice $ Fall $ Parade $ Kidney Friendly $ Vegetarian $ Pescatarian $ Peanut Free $ Soy Free $ Kosher $ ,American $ ,3/4,5,Cake $ Fruit $ Dessert $ Bake $ Apple $ Spice $ Fall $ Parade $ Kidney Friendly $ Vegetarian $ Pescatarian $ Peanut Free $ Soy Free $ Kosher $ American $ 
