link,name,ingredients,recipe_category,recipe_cuisine,rating,rating_count,keywords
https://www.epicurious.com/recipes/food/views/coffee-caramel-creme-brulee-351540,Coffee-Caramel Crème Brûlée ,"2 cups heavy whipping cream, divided $ 1/4 cup dark-roast coffee beans (such as French roast; about 3/4 ounce), crushed with mallet in plastic bag $ 1 cup sugar, divided $ 1/2 cup water $ 2 cups half and half $ 8 large egg yolks $ 1/4 teaspoon salt $ 8 teaspoons raw sugar* $ ",Coffee $ Milk/Cream $ Egg $ Dessert $ Broil $ Valentine's Day $ Engagement Party $ Bon Appétit $ ,French $ ,4/4,26,Coffee $ Milk/Cream $ Egg $ Dessert $ Broil $ Valentine's Day $ Engagement Party $ Bon Appétit $ French $ 
https://www.epicurious.com/recipes/food/views/quick-coq-au-vin-241656,Quick Coq au Vin ,"3 tablespoons olive oil $ 2 or 3 thick slices bacon, roughly chopped $ 1 (4-pound) chicken, cut into six pieces $ 1 handful flour, seasoned with salt and pepper to taste $ 8 to 10 ounces button or cremini mushrooms, rinsed and halved (optional) $ 20 whole baby carrots, cut in half $ 1 clove garlic, peeled and minced $ 2 large sweet onions, chopped, or 2 cups pearl onions $ 1 bottle red wine (white works, too) $ 1 cup chicken broth $ 1 bay leaf $ 2 sprigs thyme $ ",Chicken $ Mushroom $ Onion $ Sauté $ Dinner $ Bacon $ Carrot $ Red Wine $ Fall $ Cookie $ Paleo $ Dairy Free $ Wheat/Gluten-Free $ Peanut Free $ Tree Nut Free $ Soy Free $ ,French $ ,3/4,39,Chicken $ Mushroom $ Onion $ Sauté $ Dinner $ Bacon $ Carrot $ Red Wine $ Fall $ Cookie $ Paleo $ Dairy Free $ Wheat/Gluten-Free $ Peanut Free $ Tree Nut Free $ Soy Free $ French $ 
https://www.epicurious.com/recipes/food/views/butternut-squash-galette-351429,Butternut Squash Galette ,"1 1/4 cups all-purpose flour $ 1 stick cold unsalted butter, cut into 1/2-inch cubes $ 1 tablespoon chopped sage leaves $ 1/2 teaspoon fine sea salt $ 4 to 6 tablespoons ice-cold water $ 1 large egg, lightly beaten $ 1 (2-pound) butternut squash, peeled, seeded, and cut into 2- by 1/4-inch slices (4 cups) $ 1/2 teaspoon fine sea salt $ 3 tablespoons olive oil, divided $ 2 leeks (white and pale green parts only), thinly sliced crosswise $ 6 ounces soft mild goat cheese, crumbled $ ",Food Processor $ Bake $ Dinner $ Goat Cheese $ Butternut Squash $ Butter $ Gourmet $ Vegetarian $ Pescatarian $ Peanut Free $ Tree Nut Free $ Soy Free $ No Sugar Added $ Kosher $ ,French $ ,4/4,33,Food Processor $ Bake $ Dinner $ Goat Cheese $ Butternut Squash $ Butter $ Gourmet $ Vegetarian $ Pescatarian $ Peanut Free $ Tree Nut Free $ Soy Free $ No Sugar Added $ Kosher $ French $ 
https://www.epicurious.com/recipes/food/views/black-and-green-olive-tapenade-234059,Black and Green Olive Tapenade ,"1 cup Niçoise olives, pitted $ 1 cup small green French olives (Picholine), pitted $ 1/4 cup Oven-Dried Tomatoes , drained $ 1 tablespoon capers $ 1 garlic clove $ 1 anchovy fillet $ 1/2 tablespoon chopped fresh basil leaves $ 1/2 tablespoon chopped fresh thyme leaves $ 1/2 tablespoon chopped fresh flat-leaf parsley leaves $ 1/4 tablespoon chopped fresh oregano leaves $ 1/4 cup extra-virgin olive oil $ ",Condiment/Spread $ Food Processor $ Herb $ Olive $ Tomato $ No-Cook $ Oscars $ Fall $ Winter $ ,French $ Mediterranean $ ,4/4,32,Condiment/Spread $ Food Processor $ Herb $ Olive $ Tomato $ No-Cook $ Oscars $ Fall $ Winter $ French $ Mediterranean $ 
https://www.epicurious.com/recipes/food/views/orange-rice-pudding-234363,Orange Rice Pudding ,1/2 cup short-grain rice $ Salt $ 4 oranges $ 2 cups whole milk $ 3 tablespoons sugar $ 2 tablespoons orange marmalade $ ,Milk/Cream $ Citrus $ Dairy $ Rice $ Dessert $ Quick & Easy $ Orange $ Jam or Jelly $ Simmer $ Boil $ Vegetarian $ Pescatarian $ Wheat/Gluten-Free $ Peanut Free $ Tree Nut Free $ Soy Free $ Kosher $ ,French $ ,3.5/4,8,Milk/Cream $ Citrus $ Dairy $ Rice $ Dessert $ Quick & Easy $ Orange $ Jam or Jelly $ Simmer $ Boil $ Vegetarian $ Pescatarian $ Wheat/Gluten-Free $ Peanut Free $ Tree Nut Free $ Soy Free $ Kosher $ French $ 
https://www.epicurious.com/recipes/food/views/cocoa-nib-chocolate-and-citrus-dacquoise-351263,"Cocoa Nib, Chocolate, and Citrus Dacquoise ","Nonstick vegetable oil spray $ 1 cup powdered sugar $ 1 tablespoon cornstarch $ 3/4 cup cocoa nibs* (about 2 1/2 to 3 ounces), finely ground in spice mill or small coffee grinder $ 1/2 teaspoon coarse kosher salt $ 3/4 cup egg whites (about 6 large) $ 1/4 teaspoon cream of tartar $ 1/4 cup sugar $ Nonstick vegetable oil spray $ 1/2 cup sugar, divided $ 1/4 cup all purpose flour $ 1/4 cup unsweetened cocoa powder $ 1/4 teaspoon baking powder $ 1/8 teaspoon baking soda $ 1/8 teaspoon coarse kosher salt $ 1/3 cup canola oil or other vegetable oil $ 2 large eggs, separated $ 2 tablespoons water $ 1 1/4 cups chilled heavy whipping cream $ 1 8-ounce container mascarpone cheese** $ 1/4 cup powdered sugar $ 2 teaspoons vanilla extract $ 6 ounces bittersweet chocolate, chopped $ 3/4 cup heavy whipping cream $ 3 tablespoons water $ 3 tablespoons unsweetened cocoa powder $ 2 tablespoons light corn syrup $ 3 tablespoons unsalted butter, room temperature $ Blood Orange Marmalade $ Blood orange segments (for garnish) $ ",Milk/Cream $ Microwave $ Mixer $ Chocolate $ Citrus $ Dessert $ Bake $ Valentine's Day $ Chill $ Engagement Party $ Bon Appétit $ Vegetarian $ Pescatarian $ Peanut Free $ Tree Nut Free $ Soy Free $ Kosher $ ,French $ ,3.5/4,39,Milk/Cream $ Microwave $ Mixer $ Chocolate $ Citrus $ Dessert $ Bake $ Valentine's Day $ Chill $ Engagement Party $ Bon Appétit $ Vegetarian $ Pescatarian $ Peanut Free $ Tree Nut Free $ Soy Free $ Kosher $ French $ 
https://www.epicurious.com/recipes/food/views/warm-frisee-lardon-salade-with-poached-eggs-in-red-wine-sauce-241765,Warm Frisée-Lardon Salade with Poached Eggs in Red-Wine Sauce ,"1/2 cup chopped shallots $ 1 1/2 tablespoons unsalted butter, divided $ 1 teaspoon tomato paste $ 1 (750-ml) bottle dry red wine $ 2 garlic cloves, chopped $ 4 thyme sprigs $ 1 large parsley sprig $ 1 Turkish or 1/2 California bay leaf $ 1 (1/4-pound) piece slab bacon, cut crosswise into 1/4-inch sticks (lardons) $ 2/3 cup veal demi-glace or 2 tablespoons demi-glace concentrate plus 1/2 cup water $ 1/2 tablespoon all-purpose flour $ 8 (1/2-inch-thick) baguette slices $ 1 tablespoon olive oil $ 1 garlic clove, halved $ 1 teaspoon distilled white vinegar $ 8 large eggs $ 1/2 pound frisée, trimmed and torn into pieces (4 cups) $ 1 teaspoon distilled white vinegar $ 2 teaspoons olive oil $ ",Egg $ Leafy Green $ Brunch $ Mother's Day $ Dinner $ Lunch $ Fall $ Winter $ Gourmet $ Peanut Free $ Tree Nut Free $ Soy Free $ ,French $ ,3/4,3,Egg $ Leafy Green $ Brunch $ Mother's Day $ Dinner $ Lunch $ Fall $ Winter $ Gourmet $ Peanut Free $ Tree Nut Free $ Soy Free $ French $ 
https://www.epicurious.com/recipes/food/views/ricotta-souffles-with-blackberry-compote-351054,Ricotta Soufflés with Blackberry Compote ,"1 cup plus 6 tablespoons sugar, divided $ 1 tablespoon cornstarch $ 2 tablespoons plus 1 teaspoon all purpose flour $ 4 large egg yolks $ 1 1/2 teaspoons finely grated lemon peel $ 1 cup whole milk $ 1 cup fresh ricotta cheese $ 2 cups frozen blackberries (about 1/2 pound) $ 1/4 cup sweet vermouth $ 3 tablespoons fresh lemon juice $ 6 large egg whites $ ",Mixer $ Egg $ Dessert $ Bake $ Vegetarian $ High Fiber $ Dinner $ Ricotta $ Blackberry $ Bon Appétit $ Kidney Friendly $ Pescatarian $ Peanut Free $ Tree Nut Free $ Soy Free $ Kosher $ ,French $ ,3.5/4,4,Mixer $ Egg $ Dessert $ Bake $ Vegetarian $ High Fiber $ Dinner $ Ricotta $ Blackberry $ Bon Appétit $ Kidney Friendly $ Pescatarian $ Peanut Free $ Tree Nut Free $ Soy Free $ Kosher $ French $ 
https://www.epicurious.com/recipes/food/views/country-pate-em-pate-de-campagne-em-350966,Country Pâté (Pâté de Campagne) ,"3/4 cup Cognac $ 3 tablespoons unsalted butter $ 1 cup minced onion $ 2 1/2 pounds ground pork $ 12 ounces bacon (8 to 10 slices), finely chopped, plus 14 bacon slices (for lining pan) $ plus 14 bacon slices $ 3 garlic cloves, pressed $ 2 1/2 teaspoons salt $ 2 1/2 teaspoons dried thyme $ 1 1/2 teaspoons allspice $ 1 teaspoon freshly ground black pepper $ 2 large eggs, lightly beaten $ 1/3 cup whipping cream $ 1 6-ounce piece ham steak, cut crosswise into 1/4-inch-thick strips $ Coarse sea salt $ Cornichons* $ Dijon mustard $ ",Pork $ Appetizer $ Bake $ Bastille Day $ Dinner $ Bacon $ Ham $ Cognac/Armagnac $ Candy Thermometer $ Bon Appétit $ Sugar Conscious $ Wheat/Gluten-Free $ Peanut Free $ Tree Nut Free $ Soy Free $ ,French $ ,4/4,51,Pork $ Appetizer $ Bake $ Bastille Day $ Dinner $ Bacon $ Ham $ Cognac/Armagnac $ Candy Thermometer $ Bon Appétit $ Sugar Conscious $ Wheat/Gluten-Free $ Peanut Free $ Tree Nut Free $ Soy Free $ French $ 
https://www.epicurious.com/recipes/food/views/pear-souffles-with-chocolate-sauce-350967,Pear Soufflés with Chocolate Sauce ,"2/3 cup heavy whipping cream $ 5 ounces bittersweet chocolate, chopped $ 2 tablespoons bourbon $ Unsalted butter for soufflé dishes plus 2 tablespoons, divided Sugar for soufflé dishes plus 8 tablespoons, divided $ 5 ripe Anjou pears (about 2 1/2 pounds), peeled, cored, cut into 1/2-inch cubes (6 to 7 cups) $ 2 teaspoons fresh lemon juice $ 3 large egg yolks, room temperature $ 4 large egg whites, room temperature $ Pinch of salt $ ",Chocolate $ Egg $ Dessert $ Bake $ Sauté $ Pear $ Simmer $ Bon Appétit $ Vegetarian $ Pescatarian $ Wheat/Gluten-Free $ Peanut Free $ Tree Nut Free $ Soy Free $ Kosher $ ,French $ ,3/4,4,Chocolate $ Egg $ Dessert $ Bake $ Sauté $ Pear $ Simmer $ Bon Appétit $ Vegetarian $ Pescatarian $ Wheat/Gluten-Free $ Peanut Free $ Tree Nut Free $ Soy Free $ Kosher $ French $ 
https://www.epicurious.com/recipes/food/views/quick-pear-napoleans-350918,Quick Pear Napoleans ,"1/2 package (1 pound) frozen all-butter puff pastry in 1 piece, thawed $ 1/2 cup chilled heavy cream $ 1/2 cup sour cream $ 1 cup sugar $ 2 (14-ounce) cans pear halves in light syrup, drained, reserving syrup $ 2 tablespoon unsalted butter $ Garnish: confectioners sugar for dusting $ ",Milk/Cream $ Mixer $ Dessert $ Quick & Easy $ Bastille Day $ Pear $ Phyllo/Puff Pastry Dough $ Gourmet $ Kidney Friendly $ Vegetarian $ Pescatarian $ Peanut Free $ Tree Nut Free $ Soy Free $ Kosher $ ,French $ ,2.5/4,1,Milk/Cream $ Mixer $ Dessert $ Quick & Easy $ Bastille Day $ Pear $ Phyllo/Puff Pastry Dough $ Gourmet $ Kidney Friendly $ Vegetarian $ Pescatarian $ Peanut Free $ Tree Nut Free $ Soy Free $ Kosher $ French $ 
https://www.epicurious.com/recipes/food/views/chanterelle-rillettes-350775,Chanterelle Rillettes ,"16 tablespoons (2 sticks) butter, room temperature, divided $ 2 tablespoons extra-virgin olive oil $ 12 ounces fresh chanterelles, cleaned, coarsely chopped (about 5 cups) $ 1 garlic clove, minced $ 1/4 cup imported dry Marsala $ 1 tablespoon (or more) fresh lemon juice $ 1 tablespoon tomato paste $ 1 teaspoon (packed) finely grated lemon peel $ 3 tablespoons chopped fresh Italian parsley $ Toasted baguette slices $ ",Mushroom $ Appetizer $ Cocktail Party $ Vegetarian $ New Year's Eve $ Engagement Party $ Bon Appétit $ Sugar Conscious $ Pescatarian $ Peanut Free $ Tree Nut Free $ Soy Free $ Kosher $ ,French $ ,1.5/4,3,Mushroom $ Appetizer $ Cocktail Party $ Vegetarian $ New Year's Eve $ Engagement Party $ Bon Appétit $ Sugar Conscious $ Pescatarian $ Peanut Free $ Tree Nut Free $ Soy Free $ Kosher $ French $ 
https://www.epicurious.com/recipes/food/views/chestnut-armagnac-souffle-with-bittersweet-chocolate-sauce-350760,Chestnut-Armagnac Soufflé with Bittersweet Chocolate Sauce ,"1 7.25-to 7.41-ounce jar whole steamed chestnuts or vacuum-packed roasted chestnuts* $ 2 tablespoons water $ 3 tablespoons unsalted butter, room temperature, divided $ 1/4 cup sugar (for coating soufflé dish) plus 14 tablespoons sugar, divided $ 2 cups whole milk, divided $ 4 large egg yolks $ 3 tablespoons cornstarch $ 1/4 teaspoon salt $ 2 tablespoons Armagnac, Cognac, or other brandy $ 1 teaspoon vanilla extract $ 1 cup egg whites (about 8 large) $ 1/8 teaspoon cream of tartar $ Bittersweet Chocolate Sauce $ ",Chocolate $ Dessert $ Bake $ Christmas $ Cognac/Armagnac $ Chestnut $ Christmas Eve $ Bon Appétit $ Vegetarian $ Pescatarian $ Wheat/Gluten-Free $ Peanut Free $ Soy Free $ Kosher $ ,French $ ,3/4,3,Chocolate $ Dessert $ Bake $ Christmas $ Cognac/Armagnac $ Chestnut $ Christmas Eve $ Bon Appétit $ Vegetarian $ Pescatarian $ Wheat/Gluten-Free $ Peanut Free $ Soy Free $ Kosher $ French $ 
https://www.epicurious.com/recipes/food/views/red-mullet-fillets-with-haricots-verts-and-dried-apricots-243619,Red Mullet Fillets with Haricots Verts and Dried Apricots ,"8 (2-ounce) rouget (red mullet) fillets with skin (from four 3/4-pound whole fish), pin bones removed with tweezers $ 1/4 cup mild extra-virgin olive oil (preferably from Liguria), divided, plus additional for drizzling $ 1/3 pound haricots verts, trimmed and cut into 1/4-inch pieces $ 6 dried apricots, cut into 1/4-inch dice $ 1/4 cup pine nuts, <epi recipelink="""" id=""105622"">toasted</epi> $ 6 large mint leaves, very thinly sliced crosswise $ small mint leaves $ ",Fish $ Sauté $ Quick & Easy $ Dinner $ Apricot $ Mint $ Pine Nut $ Seafood $ Green Bean $ Healthy $ Gourmet $ Pescatarian $ Paleo $ Dairy Free $ Wheat/Gluten-Free $ Peanut Free $ Soy Free $ No Sugar Added $ ,French $ ,0/4,0,Fish $ Sauté $ Quick & Easy $ Dinner $ Apricot $ Mint $ Pine Nut $ Seafood $ Green Bean $ Healthy $ Gourmet $ Pescatarian $ Paleo $ Dairy Free $ Wheat/Gluten-Free $ Peanut Free $ Soy Free $ No Sugar Added $ French $ 
https://www.epicurious.com/recipes/food/views/asian-noodles-with-barbecued-duck-confit-243565,Asian Noodles with Barbecued Duck Confit ,"7 ounces (1/4-inch-wide) dried rice-stick noodles (rice vermicelli) $ 2 medium carrots, cut into matchsticks $ 1/4 pound Chinese long beans or regular green beans, cut into 1-inch lengths $ 4 Confit Duck Legs at room temperature $ 1/2 cup chopped scallions (about 3) $ 2 cups coarsely torn mixed fresh herbs such as mint, cilantro, and basil $ 2 tablespoons hoisin sauce $ 1 tablespoon fresh lime juice $ 2 teaspoons Sriracha (Southeast Asian chile sauce) $ 1/4 cup soy sauce $ 3 tablespoons Chinese black vinegar (preferably Chinkiang) $ 1 1/2 tablespoons packed dark brown sugar $ 1 teaspoon Asian sesame oil $ 1 garlic clove, finely chopped $ ",Duck $ Broil $ Vinegar $ Green Bean $ Carrot $ Noodle $ Soy Sauce $ Simmer $ Gourmet $ Lunar New Year $ ,Asian $ French $ Chinese $ ,4/4,10,Duck $ Broil $ Vinegar $ Green Bean $ Carrot $ Noodle $ Soy Sauce $ Simmer $ Gourmet $ Lunar New Year $ Asian $ French $ Chinese $ 
https://www.epicurious.com/recipes/food/views/ham-persillade-with-mustard-potato-salad-and-mashed-peas-243208,Ham Persillade with Mustard Potato Salad and Mashed Peas ,"6 long parsley sprigs, divided $ 1 3/4 cups reduced-sodium chicken broth $ 1 large garlic clove, minced $ 2 teaspoon unflavored gelatin (from 1 envelope) $ 3 tablespoons water $ 1 (3/4-pound) piece baked ham, cut into 1/2-inch cubes (2 cups) $ 1/2 cup mayonnaise $ 2 tablespoons Dijon mustard $ 2 tablespoons white-wine vinegar $ 2 celery ribs, finely chopped (1 cup) $ 1/4 cup chopped cornichons or sour gherkins $ 1 pound boiled potatoes, peeled and cut into 1/2-inch cubes (2 1/2 cups) $ 1 (10-ounce) box frozen baby peas, thawed $ 2 teaspoons finely chopped marjoram $ 3 tablespoons extra-virgin olive oil $ Equipment: 4 (16-ounce) wide jars or containers with lids $ Garnish: celery leaves $ ",Salad $ Mustard $ Potato $ Picnic $ Lunch $ Mayonnaise $ Ham $ Pea $ Summer $ Gourmet $ Sugar Conscious $ Dairy Free $ Wheat/Gluten-Free $ Peanut Free $ Tree Nut Free $ Soy Free $ ,French $ ,3/4,1,Salad $ Mustard $ Potato $ Picnic $ Lunch $ Mayonnaise $ Ham $ Pea $ Summer $ Gourmet $ Sugar Conscious $ Dairy Free $ Wheat/Gluten-Free $ Peanut Free $ Tree Nut Free $ Soy Free $ French $ 
https://www.epicurious.com/recipes/food/views/easy-chocolate-mousse-three-ways-350647,"Easy Chocolate Mousse, Three Ways ","8 ounces semisweet Bakers chocolate chopped $ 2 (8-ounce) containers Cool Whip topping $ 1/2 cup of toasted coconut, slivered nuts, or crushed candy $ 1/3 cup malted milk powder $ 1/2 cup Whoppers candies, crushed $ 3 tablespoons amaretto liquor $ 1/2 cup slivered almonds,  $ ",Microwave $ Chocolate $ Dessert $ Valentine's Day $ Kid-Friendly $ Oscars $ New Year's Eve $ Shower $ Vegetarian $ Pescatarian $ Soy Free $ Kosher $ ,French $ ,1.5/4,21,Microwave $ Chocolate $ Dessert $ Valentine's Day $ Kid-Friendly $ Oscars $ New Year's Eve $ Shower $ Vegetarian $ Pescatarian $ Soy Free $ Kosher $ French $ 
https://www.epicurious.com/recipes/food/views/roast-pumpkin-with-cheese-fondue-350655,"Roast Pumpkin with Cheese ""Fondue"" ","1 (15-inch) piece of baguette, cut into 1/2-inch slices (7 ounces total) $ 1 (7-pound) orange pumpkin $ 1 1/2 cups heavy cream $ 1 cup reduced-sodium chicken or vegetable broth $ 1/2 teaspoon grated nutmeg $ 2 1/2 cups coarsely grated Gruyère (6 ounces) $ 2 1/2 cups coarsely grated Emmental (6 ounces) $ 1 tablespoon olive oil $ ",Cheese $ Appetizer $ Bake $ Thanksgiving $ Vegetarian $ Dinner $ Pumpkin $ Fall $ Swiss Cheese $ Gourmet $ Peanut Free $ Tree Nut Free $ Soy Free $ ,French $ ,3.5/4,69,Cheese $ Appetizer $ Bake $ Thanksgiving $ Vegetarian $ Dinner $ Pumpkin $ Fall $ Swiss Cheese $ Gourmet $ Peanut Free $ Tree Nut Free $ Soy Free $ French $ 
https://www.epicurious.com/recipes/food/views/foie-gras-toasts-with-sauternes-gelee-350573,Foie Gras Toasts with Sauternes Geleé ,"1 cup Sauternes or other white dessert wine $ 1/2 cup sugar $ 1 1/2 teaspoons unflavored gelatin (from a 1/4-ounce envelope) $ 2 tablespoons water $ 1 (1-inch-thick) slice of foie gras terrine (6 ounces; not páté or mousse) or a 6 1/2-ounces block $ 6 (1/2-inch-thick) slices firm white bread (pullman loaf or firm sandwich bread) $ 1 1/2 tablespoons unsalted butter, melted $ Equipment: a small offset spatula $ ",Wine $ Bake $ Cocktail Party $ Thanksgiving $ Oscars $ Meat $ Engagement Party $ Gourmet $ ,French $ ,4/4,11,Wine $ Bake $ Cocktail Party $ Thanksgiving $ Oscars $ Meat $ Engagement Party $ Gourmet $ French $ 
https://www.epicurious.com/recipes/food/views/braised-endives-with-orange-243530,Braised Endives with Orange ,"1 orange $ 5 Belgian endives (1 1/4 pounds) $ 2/3 cup reduced-sodium chicken broth $ 5 tablespoons unsalted butter, divided $ 1 1/2 cups coarse fresh bread crumbs from a baguette $ 1/2 teaspoon Chinese five-spice powder $ 1/4 cup heavy cream $ ",Milk/Cream $ Side $ Orange $ Endive $ Gourmet $ Peanut Free $ Tree Nut Free $ Soy Free $ ,French $ ,4/4,6,Milk/Cream $ Side $ Orange $ Endive $ Gourmet $ Peanut Free $ Tree Nut Free $ Soy Free $ French $ 
https://www.epicurious.com/recipes/food/views/new-coq-au-vin-243531,New Coq au Vin ,"6 chicken thighs with skin and bone $ 2 tablespoons olive oil $ 10 garlic cloves, halved $ 3 celery ribs, cut crosswise into 1-inch pieces $ 1 cup dry white wine $ 1 cup water $ 1/4 cup finely chopped flat-leaf parsley $ Olive-oil Mashed Potatoes $ ",Chicken $ Garlic $ Dinner $ Celery $ White Wine $ Simmer $ Gourmet $ Sugar Conscious $ Dairy Free $ Wheat/Gluten-Free $ Peanut Free $ Tree Nut Free $ Soy Free $ Kosher $ ,French $ ,3/4,59,Chicken $ Garlic $ Dinner $ Celery $ White Wine $ Simmer $ Gourmet $ Sugar Conscious $ Dairy Free $ Wheat/Gluten-Free $ Peanut Free $ Tree Nut Free $ Soy Free $ Kosher $ French $ 
https://www.epicurious.com/recipes/food/views/ginger-cardamom-oeufs-a-la-neige-243532,Ginger Cardamom Oeufs à la Neige ,"3 large eggs $ 1/2 cup plus 3 tablespoons sugar, divided $ 2 cups whole milk $ 1/2 teaspoon ground ginger $ 1/4 teaspoon ground cardamom $ 1/2 teaspoon cornstarch $ 1/8 teaspoon salt $ 1/2 teaspoon pure vanilla extract $ 1/4 cup roasted shelled pistachios, chopped $ ",Milk/Cream $ Egg $ Ginger $ Dessert $ Poach $ Pistachio $ Spice $ Chill $ Gourmet $ Vegetarian $ Pescatarian $ Wheat/Gluten-Free $ Peanut Free $ Soy Free $ Kosher $ ,French $ Indian $ ,3.5/4,4,Milk/Cream $ Egg $ Ginger $ Dessert $ Poach $ Pistachio $ Spice $ Chill $ Gourmet $ Vegetarian $ Pescatarian $ Wheat/Gluten-Free $ Peanut Free $ Soy Free $ Kosher $ French $ Indian $ 
https://www.epicurious.com/recipes/food/views/poached-eggs-with-mushrooms-two-ways-243534,Poached Eggs with Mushrooms Two Ways ,"3 pounds white mushrooms, divided $ 5 tablespoons extra-virgin olive oil, divided, plus more for drizzling $ 1/2 cup packed flat-leaf parsley sprigs $ 4 garlic cloves $ 1 tablespoon red-wine vinegar $ 1 tablespoon unsalted butter $ 1 tablespoon distilled white vinegar $ 8 large eggs $ 3/4 teaspoon cumin seeds, toasted and lightly crushed $ Flaky sea salt such as Maldon $ buttered baguette slices $ ",Egg $ Mushroom $ Brunch $ Poach $ Roast $ Sauté $ Vegetarian $ Lunch $ Vinegar $ Gourmet $ Pescatarian $ Peanut Free $ Tree Nut Free $ Soy Free $ Kosher $ ,French $ ,3/4,11,Egg $ Mushroom $ Brunch $ Poach $ Roast $ Sauté $ Vegetarian $ Lunch $ Vinegar $ Gourmet $ Pescatarian $ Peanut Free $ Tree Nut Free $ Soy Free $ Kosher $ French $ 
https://www.epicurious.com/recipes/food/views/tarragon-crab-salad-243535,Tarragon Crab Salad ,"1 large egg yolk $ 1 tablespoon white-wine vinegar $ 1 tablespoon water $ 3 tablespoons mild olive oil $ 1 pound jumbo lump crabmeat, picked over $ 2 teaspoons chopped tarragon $ 3 tablespoons chopped chives $ 2 large tomatoes (1 1/2 to 2 pounds total), sliced thick $ 3 cups baby romaine leaves $ Toasted baguette slices $ ",Salad $ Blender $ Tomato $ No-Cook $ Quick & Easy $ Crab $ Summer $ Healthy $ Tarragon $ Chive $ Lettuce $ Gourmet $ ,French $ ,3/4,10,Salad $ Blender $ Tomato $ No-Cook $ Quick & Easy $ Crab $ Summer $ Healthy $ Tarragon $ Chive $ Lettuce $ Gourmet $ French $ 
https://www.epicurious.com/recipes/food/views/sliced-baked-ham-with-camembert-sauce-243536,Sliced Baked Ham with Camembert Sauce ,"1 1/2 pounds thick-sliced good-quality baked ham such as Virginia $ 1/2 cup heavy cream $ 1 firm-ripe Camembert, chilled, rind discarded and cheese coarsely chopped $ 1 large egg yolk $ Broccolini or green beans $ ",Milk/Cream $ Egg $ Quick & Easy $ Buffet $ Brie $ Ham $ Winter $ Gourmet $ ,French $ ,3/4,2,Milk/Cream $ Egg $ Quick & Easy $ Buffet $ Brie $ Ham $ Winter $ Gourmet $ French $ 
https://www.epicurious.com/recipes/food/views/shrimp-in-ginger-butter-sauce-243537,Shrimp in Ginger Butter Sauce ,"6 ounces large shrimp in shell, peeled $ 2 tablespoons unsalted butter $ 1 1/2 teaspoons grated peeled ginger $ 2 tablespoons medium-dry Sherry $ 2 tablespoons coarsely chopped cilantro $ a baguette $ green beans $ ",Ginger $ Sauté $ Quick & Easy $ Shrimp $ Sherry $ Cilantro $ Gourmet $ ,French $ Southeast Asian $ ,3.5/4,39,Ginger $ Sauté $ Quick & Easy $ Shrimp $ Sherry $ Cilantro $ Gourmet $ French $ Southeast Asian $ 
https://www.epicurious.com/recipes/food/views/confit-duck-legs-243544,Confit Duck Legs ,"1 large head garlic, left unpeeled, plus 4 large cloves, divided $ 1/4 cup kosher salt $ 1 tablespoon finely chopped thyme $ 1 teaspoon Quatre épices (French four-spice blend) $ 2 large shallots, finely chopped (1/4 cup) $ 2 Turkish bay leaves or 1 California, crumbled $ 6 fresh Moulard, Muscovy, or Long Island (Pekin) duck legs (5 pounds total) $ 2 whole cloves $ 5 (7-ounce) containers rendered duck fat $ Equipment: a deep-fat thermometer $ ",Duck $ Garlic $ Marinate $ Bastille Day $ Spice $ Clove $ Shallot $ Gourmet $ ,French $ ,3.5/4,15,Duck $ Garlic $ Marinate $ Bastille Day $ Spice $ Clove $ Shallot $ Gourmet $ French $ 
https://www.epicurious.com/recipes/food/views/french-four-spice-blend-243545,French Four Spice Blend ,1 tablespoon white pepper $ Rounded 1/4 teaspoon ground cloves $ 1 teaspoon ground ginger $ 1 teaspoon grated nutmeg $ ,Ginger $ No-Cook $ Quick & Easy $ Spice $ Clove $ Nutmeg $ Gourmet $ ,French $ ,4/4,2,Ginger $ No-Cook $ Quick & Easy $ Spice $ Clove $ Nutmeg $ Gourmet $ French $ 
https://www.epicurious.com/recipes/food/views/white-bean-soup-with-duck-confit-243546,White Bean Soup with Duck Confit ,"1 pound dried white beans such as cannellini (2 1/2 cups), picked over and rinsed $ 4 Confit Duck Legs at room temperature $ 3 tablespoons extra-virgin olive oil $ 2 medium onions, finely chopped $ 2 large carrots, finely chopped $ 2 celery ribs, finely chopped $ 4 large garlic cloves, finely chopped $ 2 Turkish bay leaves or 1 California $ 2 large thyme sprigs $ 2 whole cloves $ 5 cups reduced-sodium chicken broth $ 8 cups water $ 1 (15-ounce) can diced tomatoes, drained $ 1/3 cup Armagnac or Cognac $ 1/2 cup chopped flat-leaf parsley $ ",Soup/Stew $ Blender $ Bean $ Duck $ Tomato $ Cognac/Armagnac $ Fall $ Simmer $ Gourmet $ ,French $ ,4/4,13,Soup/Stew $ Blender $ Bean $ Duck $ Tomato $ Cognac/Armagnac $ Fall $ Simmer $ Gourmet $ French $ 
https://www.epicurious.com/recipes/food/views/duck-confit-with-oranges-and-watercress-243564,Duck Confit with Oranges and Watercress ,"4 navel oranges $ 1 tablespoon red-wine vinegar $ 2 teaspoons fresh lemon juice $ 1 teaspoon packed dark brown sugar $ 1/4 cup extra-virgin olive oil $ 4 Confit Duck Legs at room temperature $ 8 cups watercress sprigs (from 2 bunches), tough stems discarded $ 1 cup walnuts, Toasted , cooled, and coarsely broken $ ",Salad $ Duck $ Orange $ Walnut $ Fall $ Watercress $ Gourmet $ ,French $ ,3/4,1,Salad $ Duck $ Orange $ Walnut $ Fall $ Watercress $ Gourmet $ French $ 
https://www.epicurious.com/recipes/food/views/creamy-sauerkraut-gratin-with-duck-confit-243547,Creamy SauerKraut Gratin with Duck Confit ,"1/4 cup plain fine dry bread crumbs $ 1 large onion, finely chopped $ 1 Turkish or 1/2 California bay leaf $ 1/4 teaspoon juniper berries (see cooks' note, below), crushed $ 2 tablespoons unsalted butter $ 2 pounds sauerkraut, drained and chopped $ 3 Confit Duck Legs at room temperature $ 2 cups heavy cream $ 1 cup whole milk $ 4 large eggs $ 1/4 teaspoon grated nutmeg $ a 2-quart shallow gratin $ ",Milk/Cream $ Duck $ Egg $ Bake $ Fall $ Oktoberfest $ Cabbage $ Gourmet $ ,French $ German $ ,3.5/4,11,Milk/Cream $ Duck $ Egg $ Bake $ Fall $ Oktoberfest $ Cabbage $ Gourmet $ French $ German $ 
https://www.epicurious.com/recipes/food/views/duck-confit-with-potato-leek-ragout-243566,Duck Confit with Potato Leek Ragout ,"2 large leeks (white and pale green parts only), halved lengthwise, then cut into 1-inch pieces (4 cups) $ 4 Confit Duck Legs at room temperature $ 3/4 cup pitted prunes, coarsely chopped $ 1/4 cup Armagnac or Cognac $ 2 tablespoons rendered duck fat or extra-virgin olive oil $ 1/2 pound cremini mushrooms, trimmed and halved lengthwise $ 2 tablespoons extra-virgin olive oil $ 1 cup dry white wine $ 1 Turkish or 1/2 California bay leaf $ 3 large thyme sprigs $ 2 whole cloves $ 6 strips (3- by 1-inch) lemon zest $ 4 strips (4- by 1-inch) orange zest $ 1 cup reduced-sodium chicken broth $ 2 cups water, divided $ 1 pound (1- to 1 1/2-inch) Yukon Gold potatoes, quartered $ ",Citrus $ Duck $ Mushroom $ Potato $ Dinner $ Prune $ Cognac/Armagnac $ Leek $ White Wine $ Winter $ Simmer $ Gourmet $ Dairy Free $ Wheat/Gluten-Free $ Peanut Free $ Tree Nut Free $ Soy Free $ Kosher $ ,French $ ,4/4,5,Citrus $ Duck $ Mushroom $ Potato $ Dinner $ Prune $ Cognac/Armagnac $ Leek $ White Wine $ Winter $ Simmer $ Gourmet $ Dairy Free $ Wheat/Gluten-Free $ Peanut Free $ Tree Nut Free $ Soy Free $ Kosher $ French $ 
https://www.epicurious.com/recipes/food/views/fricassee-of-game-hen-with-creamy-leeks-and-vadoum-243606,Fricassee of Game Hen with Creamy Leeks and Vadoum ,"2 tablespoons vegetable oil $ Backbones and wing tips from 3 Cornish hens $ 6 cups cold water $ 3 cups chopped reserved leek greens (see below) $ 1 medium carrot, finely chopped $ 1 celery rib, finely chopped $ 2 garlic cloves, crushed $ 3 large thyme sprigs $ 1 whole clove $ 1 Turkish or 1/2 California bay leaf $ 1/8 teaspoon black peppercorns $ 3 Cornish hens, quartered, backbones and wing tips removed with kitchen shears $ 2 tablespoons vegetable oil $ 6 leeks (about 3 pounds), greens reserved for stock $ 1/2 cup dry white wine $ 2/3 cup heavy cream $ 1/4 cup <epi recipelink="""" id=""243607"">vadouvan</epi> $ ",Milk/Cream $ Garlic $ Poultry $ Dinner $ Leek $ White Wine $ Thyme $ Clove $ Gourmet $ Wheat/Gluten-Free $ Peanut Free $ Tree Nut Free $ Soy Free $ ,French $ ,3.5/4,7,Milk/Cream $ Garlic $ Poultry $ Dinner $ Leek $ White Wine $ Thyme $ Clove $ Gourmet $ Wheat/Gluten-Free $ Peanut Free $ Tree Nut Free $ Soy Free $ French $ 
https://www.epicurious.com/recipes/food/views/scarlet-poached-pears-243611,Scarlet Poached Pears ,"2 cups Orange Muscat such as Essencia (from a 750-ml bottle) $ 1 medium red beet (1/4 pound), peeled and sliced $ 1 tablespoon sugar $ 2 teaspoons fresh lemon juice $ 1 (2-inch) cinnamon stick $ 2 Turkish bay leaves or 1 California $ 3 small firm-ripe pears (3/4 to 1 pound total), such as Forelle, peeled, halved lengthwise, and cored $ ",Dessert $ Poach $ Christmas $ Vegetarian $ Quick & Easy $ Lemon $ Pear $ Beet $ White Wine $ Winter $ Healthy $ Cinnamon $ Gourmet $ Fat Free $ Kidney Friendly $ Vegan $ Pescatarian $ Dairy Free $ Wheat/Gluten-Free $ Peanut Free $ Tree Nut Free $ Soy Free $ Kosher $ ,French $ ,3.5/4,18,Dessert $ Poach $ Christmas $ Vegetarian $ Quick & Easy $ Lemon $ Pear $ Beet $ White Wine $ Winter $ Healthy $ Cinnamon $ Gourmet $ Fat Free $ Kidney Friendly $ Vegan $ Pescatarian $ Dairy Free $ Wheat/Gluten-Free $ Peanut Free $ Tree Nut Free $ Soy Free $ Kosher $ French $ 
https://www.epicurious.com/recipes/food/views/creamed-parsley-243617,Creamed Parsley ,"12 cups packed flat-leaf parsley sprigs (2- to 3-inch sprigs from about six 2-ounces bunches), tough stems discarded $ 1/2 medium shallot, finely chopped $ 1 tablespoon salted butter $ 1 unpeeled small garlic clove, lightly smashed $ 5 thin slices peeled ginger (from a 1/2-inch-diameter piece) $ 1/4 cup heavy cream $ 3 tablespoons crème fraîche $ 2 (3-inch-long) strips of orange zest $ 1 mint sprig $ ",Milk/Cream $ Ginger $ Side $ Vegetarian $ Quick & Easy $ Orange $ Mint $ Healthy $ Parsley $ Simmer $ Gourmet $ Sugar Conscious $ Kidney Friendly $ Pescatarian $ Wheat/Gluten-Free $ Peanut Free $ Tree Nut Free $ Soy Free $ No Sugar Added $ Kosher $ ,French $ ,3.5/4,2,Milk/Cream $ Ginger $ Side $ Vegetarian $ Quick & Easy $ Orange $ Mint $ Healthy $ Parsley $ Simmer $ Gourmet $ Sugar Conscious $ Kidney Friendly $ Pescatarian $ Wheat/Gluten-Free $ Peanut Free $ Tree Nut Free $ Soy Free $ No Sugar Added $ Kosher $ French $ 
https://www.epicurious.com/recipes/food/views/layered-melon-and-smoked-sable-with-ginger-emulsion-243618,Layered Melon and Smoked Sable with Ginger Emulsion ,1 (3-inch) piece peeled ginger $ 1/3 cup mild olive oil $ 1 tablespoon fresh lime juice $ 12 thin slices smoked sable (3/4 pound) $ 1 Cavaillon melon or 1/2 cantaloupe $ thin julienne of black and red radish $ ,Fish $ Ginger $ No-Cook $ Quick & Easy $ Lime $ Melon $ Cantaloupe $ Summer $ Healthy $ Gourmet $ ,French $ ,0/4,0,Fish $ Ginger $ No-Cook $ Quick & Easy $ Lime $ Melon $ Cantaloupe $ Summer $ Healthy $ Gourmet $ French $ 
https://www.epicurious.com/recipes/food/views/french-red-onion-soup-243524,French Red Onion Soup ,"2 cups reduced-sodium chicken broth $ 2 cups water $ 2 whole star anise $ 6 black peppercorns $ 2 pounds red onions, cut into 1/2-inch wedges $ 3 tablespoons olive oil $ 1/2 cup dry red wine $ 4 (1-inch-thick) slices of baguette $ 2 cups coarsely grated Manchego or Gruyère (6 to 7 ounces) $ ",Soup/Stew $ Cheese $ Onion $ Sauté $ Lunch $ Red Wine $ Winter $ Anise $ Simmer $ Gourmet $ Peanut Free $ Tree Nut Free $ Soy Free $ ,French $ ,3/4,19,Soup/Stew $ Cheese $ Onion $ Sauté $ Lunch $ Red Wine $ Winter $ Anise $ Simmer $ Gourmet $ Peanut Free $ Tree Nut Free $ Soy Free $ French $ 
https://www.epicurious.com/recipes/food/views/espresso-blackberry-macarons-243644,Espresso Blackberry Macarons ,"3 ounces almond flour (2/3 cup) or blanched sliced almonds (3/4 cup) or slivered almonds (2/3 cup) $ 1 1/2 cups confectioners sugar $ 1 tablespoon instant-espresso powder $ 1 teaspoon pure vanilla extract $ 3 large egg whites, at room temperature 30 minutes $ 1/4 teaspoon salt $ 3 tablespoons granulated sugar $ About 1/2 cup blackberry jelly $ a food processor with a sharp blade or an electric coffee/spice grinder $ a large pastry bag fitted with a 3/8-inch plain tip or a quart-size sealable bag with a corner snipped off $ an offset spatula. $ ",Cookies $ Coffee $ Food Processor $ Egg $ Dessert $ Bake $ Blackberry $ Almond $ Jam or Jelly $ Gourmet $ ,French $ ,2/4,6,Cookies $ Coffee $ Food Processor $ Egg $ Dessert $ Bake $ Blackberry $ Almond $ Jam or Jelly $ Gourmet $ French $ 
https://www.epicurious.com/recipes/food/views/five-spice-pork-rillettes-243645,Five Spice Pork Rillettes ,"3 garlic cloves $ 1 teaspoon Chinese five-spice powder $ 1 tablespoon plus 1/2 teaspoon kosher salt, divided $ 2 pounds boneless pork shoulder, cut into 1 1/2-inch pieces $ 1 pound skinless pork fatback (not salted), cut into 1/2-inch pieces $ 5 flat-leaf parsley sprigs $ 1 Turkish or 1/2 California bay leaf $ 5 scallions, 3 halved crosswise and 2 finely chopped $ 2 cups water $ 1/3 cup plus 1 tablespoon dry Sherry, divided $ 1 medium carrot, finely chopped $ cheesecloth $ kitchen string $ a 4-cup terrine or crock $ toasted baguette or crackers $ ",Condiment/Spread $ Pork $ Braise $ Cocktail Party $ Spice $ Sherry $ Chill $ Gourmet $ ,French $ ,4/4,2,Condiment/Spread $ Pork $ Braise $ Cocktail Party $ Spice $ Sherry $ Chill $ Gourmet $ French $ 
https://www.epicurious.com/recipes/food/views/sauteed-fennel-with-almonds-raisins-and-saffron-243631,"Sautéed Fennel with Almonds, Raisins, and Saffron ","2 fennel bulbs (1 pound total), stalks discarded $ 1/4 cup whole almonds (preferably Marcona), lightly toasted $ 1/4 cup extra-virgin olive oil $ 10 garlic cloves, finely chopped $ 1/4 cup raisins $ 2 teaspoons whole coriander seeds $ 1/2 teaspoon grated orange zest $ 1/4 cup fresh orange juice $ Pinch of saffron threads, crumbled $ 1/2 cup chopped cilantro $ fennel fronds and chervil leaves $ ",Garlic $ Side $ Sauté $ Orange $ Raisin $ Almond $ Saffron $ Fennel $ Fall $ Healthy $ Vegan $ Gourmet $ Vegetarian $ Pescatarian $ Paleo $ Dairy Free $ Wheat/Gluten-Free $ Peanut Free $ Soy Free $ No Sugar Added $ Kosher $ ,French $ Moroccan $ ,3.5/4,24,Garlic $ Side $ Sauté $ Orange $ Raisin $ Almond $ Saffron $ Fennel $ Fall $ Healthy $ Vegan $ Gourmet $ Vegetarian $ Pescatarian $ Paleo $ Dairy Free $ Wheat/Gluten-Free $ Peanut Free $ Soy Free $ No Sugar Added $ Kosher $ French $ Moroccan $ 
https://www.epicurious.com/recipes/food/views/braised-duck-legs-and-sauteed-duck-breast-243632,Braised Duck Legs and Sautéed Duck Breast ,"1 (6- to 7-pound) Long Island (Pekin) duck, excess fat from body cavity discarded $ 1 leek, cut into 1-inch pieces $ 2 large sweet onions (2 pounds total) such as Vidalia $ 1 medium carrot $ 1 quart water $ 2 pounds parsnips $ 1 tablespoon plus 1 teaspoon grapeseed or vegetable oil, divided $ 1 (1-inch) piece peeled ginger $ 1 teaspoon grated lemon zest $ 3 tablespoons fresh lemon juice $ 1/4 cup chopped parsley $ 3 garlic cloves, finely chopped $ ",Duck $ Garlic $ Ginger $ Braise $ Dinner $ Lemon $ Winter $ Parsley $ Gourmet $ Dairy Free $ Wheat/Gluten-Free $ Peanut Free $ Tree Nut Free $ Soy Free $ No Sugar Added $ Kosher $ ,French $ ,4/4,15,Duck $ Garlic $ Ginger $ Braise $ Dinner $ Lemon $ Winter $ Parsley $ Gourmet $ Dairy Free $ Wheat/Gluten-Free $ Peanut Free $ Tree Nut Free $ Soy Free $ No Sugar Added $ Kosher $ French $ 
https://www.epicurious.com/recipes/food/views/french-apple-turnovers-em-chaussons-aux-pommes-em-350419,French Apple Turnovers (Chaussons Aux Pommes) ,"3/4 pound Granny Smith apples $ 3/4 pound Golden Delicious apples $ 1/4 cup water $ 3 tablespoons sugar $ 3/4 teaspoon fresh lemon juice $ 1 14- to 16-ounce package all-butter frozen puff pastry (1 or 2 sheets, depending on brand), thawed $ 1 egg, beaten to blend (for glaze) $ Superfine sugar (optional) $ ",Breakfast $ Brunch $ Bake $ Kid-Friendly $ High Fiber $ Back to School $ Frozen Dessert $ Apple $ Fall $ Phyllo/Puff Pastry Dough $ Pastry $ Bon Appétit $ Kidney Friendly $ Vegetarian $ Pescatarian $ Peanut Free $ Tree Nut Free $ Soy Free $ Kosher $ ,French $ ,3.5/4,32,Breakfast $ Brunch $ Bake $ Kid-Friendly $ High Fiber $ Back to School $ Frozen Dessert $ Apple $ Fall $ Phyllo/Puff Pastry Dough $ Pastry $ Bon Appétit $ Kidney Friendly $ Vegetarian $ Pescatarian $ Peanut Free $ Tree Nut Free $ Soy Free $ Kosher $ French $ 
https://www.epicurious.com/recipes/food/views/quail-escabeche-i-caille-en-escabeche-i-243634,Quail Escabeche (Caille en Escabeche) ,"4 whole quail (1 1/2 pounds) $ 2 tablespoons extra-virgin olive oil plus additional for drizzling $ 2 fennel bulbs (1 pound total), stalks discarded and bulbs chopped $ 3 medium shallots, finely chopped (1/2 cup) $ 1 garlic clove, finely chopped $ 1 lemongrass stalk, 1 or 2 outer layers discarded and lower 4 inches of stalk minced $ 1/2 cup raisins $ 1 (2-inch) cinnamon stick (preferably Mexican/Ceylon canela) $ 1 cup dry white wine $ ",Braise $ Raisin $ Quail $ Fennel $ Winter $ Shallot $ Lemongrass $ Gourmet $ ,French $ Spanish/Portuguese $ ,4/4,1,Braise $ Raisin $ Quail $ Fennel $ Winter $ Shallot $ Lemongrass $ Gourmet $ French $ Spanish/Portuguese $ 
https://www.epicurious.com/recipes/food/views/beef-cheeks-braised-in-red-wine-with-orange-zest-i-joues-de-boeuf-aux-agrumes-i-243635,Beef Cheeks Braised in Red Wine with Orange Zest (Joues de Boeuf aux Agrumes) ,"2 pounds beef cheeks or boneless beef chuck roast $ 2 tablespoons grapeseed or vegetable oil $ 1 pound onions, coarsely chopped $ 1 pound baby carrots, peeled $ 1 (750-ml) bottle dry red wine $ 6 to 8 (3- by 1-inch) strips of orange zest $ ",Soup/Stew $ Beef $ Onion $ Braise $ Dinner $ Orange $ Carrot $ Red Wine $ Winter $ Gourmet $ Dairy Free $ Wheat/Gluten-Free $ Peanut Free $ Tree Nut Free $ Soy Free $ Kosher $ ,French $ ,3/4,7,Soup/Stew $ Beef $ Onion $ Braise $ Dinner $ Orange $ Carrot $ Red Wine $ Winter $ Gourmet $ Dairy Free $ Wheat/Gluten-Free $ Peanut Free $ Tree Nut Free $ Soy Free $ Kosher $ French $ 
https://www.epicurious.com/recipes/food/views/mocha-mousse-with-sichuan-peppercorns-i-mousse-au-moka-et-poivre-i-243637,Mocha Mousse with Sichuan Peppercorns (Mousse au Moka et Poivre) ,"1/4 teaspoon Sichuan peppercorns $ 1/3 cup heavy cream $ 1 1/2 teaspoon ground coffee beans $ 4 ounces 70%-cacao bittersweet chocolate, chopped $ 3 large egg whites $ 1 tablespoon sugar $ Equipment: a mortar and pestle or an electric coffee/spice grinder; 4 (4- to 5-ounces) serving glasses or ramekins $ 4 (4- to 5-ounces) serving glasses or ramekins $ Accompaniment: lightly sweetened whipped cream $ ",Coffee $ Milk/Cream $ Mixer $ Chocolate $ Egg $ Dessert $ Spice $ Chill $ Ramekin $ Gourmet $ Kidney Friendly $ Vegetarian $ Pescatarian $ Wheat/Gluten-Free $ Peanut Free $ Tree Nut Free $ Soy Free $ Kosher $ ,French $ ,3.5/4,16,Coffee $ Milk/Cream $ Mixer $ Chocolate $ Egg $ Dessert $ Spice $ Chill $ Ramekin $ Gourmet $ Kidney Friendly $ Vegetarian $ Pescatarian $ Wheat/Gluten-Free $ Peanut Free $ Tree Nut Free $ Soy Free $ Kosher $ French $ 
https://www.epicurious.com/recipes/food/views/celery-root-and-potato-puree-with-chervil-i-celeri-rave-en-puree-i-243636,Celery Root and Potato Purée with Chervil (Céleri Rave en Purée) ,1 1/2 pounds Yukon Gold potatoes $ 1 1/2 pounds celery root (celeriac) $ 1 cup heavy cream $ 1/4 cup chopped chervil $ Equipment: a food mill or potato ricer $ ,Milk/Cream $ Herb $ Potato $ Side $ Steam $ Vegetarian $ Quick & Easy $ Celery $ Root Vegetable $ Fall $ Gourmet $ Pescatarian $ Wheat/Gluten-Free $ Peanut Free $ Tree Nut Free $ Soy Free $ No Sugar Added $ Kosher $ ,French $ ,3.5/4,5,Milk/Cream $ Herb $ Potato $ Side $ Steam $ Vegetarian $ Quick & Easy $ Celery $ Root Vegetable $ Fall $ Gourmet $ Pescatarian $ Wheat/Gluten-Free $ Peanut Free $ Tree Nut Free $ Soy Free $ No Sugar Added $ Kosher $ French $ 
https://www.epicurious.com/recipes/food/views/brandied-plum-clafoutis-243386,Brandied Plum Clafoutis ,"4 tablespoons (1/2 stick) salted butter, melted, divided $ 1 1/2 pounds plums, pitted; 1 plum sliced thin, others cut into 1/2-inch cubes $ 7 tablespoons plus 1/2 cup sugar, divided $ 4 tablespoons brandy, divided $ 1/4 cup thawed frozen orange juice concentrate $ 1/2 cup (about) heavy whipping cream $ 3 tablespoons all purpose flour $ 2 large eggs $ ",Cake $ Milk/Cream $ Egg $ Dessert $ Bake $ Orange $ Plum $ Brandy $ Fall $ Bon Appétit $ ,French $ ,3.5/4,13,Cake $ Milk/Cream $ Egg $ Dessert $ Bake $ Orange $ Plum $ Brandy $ Fall $ Bon Appétit $ French $ 
https://www.epicurious.com/recipes/food/views/millefeuille-of-fresh-figs-and-ricotta-242824,Millefeuille of Fresh Figs and Ricotta ,"4 sheets phyllo dough, thawed according to package directions $ 3 tablespoons unsalted butter, melted, divided $ 4 teaspoons sugar, divided $ 1 1/2 cups part-skim ricotta $ 1/4 cup sugar $ Zest of 2 lemons $ Fresh lemon juice $ 1 cup balsamic vinegar $ 1 tablespoon sugar $ 16 black mission figs, sliced $ Freshly ground black pepper $ 1 tablespoon pine nuts, toasted 10 minutes in a cast-iron skillet $ ",Bake $ Vegetarian $ Vinegar $ Ricotta $ Fig $ Pine Nut $ Phyllo/Puff Pastry Dough $ Self $ ,French $ Italian $ ,3.5/4,3,Bake $ Vegetarian $ Vinegar $ Ricotta $ Fig $ Pine Nut $ Phyllo/Puff Pastry Dough $ Self $ French $ Italian $ 
https://www.epicurious.com/recipes/food/views/pann-bagnat-350284,Pann Bagnat ,"12 ounces canned chunk light tuna in water, drained $ 8 pitted kalamata olives, coarsely chopped $ 1/4cup chopped red onion $ 2 anchovies, finely chopped $ 2 tablespoons Dijon mustard $ 1 tablespoon chopped fresh parsley $ 2 teaspoon capers $ 2 tablespoons red wine vinegar $ 1 tablespoon extra-virgin olive oil $ 8 slices tomato $ 4 lettuce leaves $ 1 baguette (about 16 inches), sliced horizontally and $ ",Bread $ Fish $ Tomato $ Picnic $ Back to School $ Lunch $ Tuna $ Healthy $ Self $ Pescatarian $ Dairy Free $ Peanut Free $ Tree Nut Free $ Soy Free $ Kosher $ ,French $ ,3.5/4,3,Bread $ Fish $ Tomato $ Picnic $ Back to School $ Lunch $ Tuna $ Healthy $ Self $ Pescatarian $ Dairy Free $ Peanut Free $ Tree Nut Free $ Soy Free $ Kosher $ French $ 
https://www.epicurious.com/recipes/food/views/soft-lady-fingers-350260,Soft Lady Fingers ,"5 large eggs, separated, at room temperature 30 minutes $ 2/3 cup sugar, divided $ 7/8 cup all-purpose flour $ Confectioners sugar for dusting $ Equipment: a pastry bag with 3/4-inch $ ",Cookies $ Egg $ Dessert $ Bake $ Oscars $ Bastille Day $ Back to School $ Shower $ Engagement Party $ Potluck $ Gourmet $ Kidney Friendly $ Vegetarian $ Pescatarian $ Dairy Free $ Peanut Free $ Tree Nut Free $ Soy Free $ Kosher $ ,French $ ,3.5/4,10,Cookies $ Egg $ Dessert $ Bake $ Oscars $ Bastille Day $ Back to School $ Shower $ Engagement Party $ Potluck $ Gourmet $ Kidney Friendly $ Vegetarian $ Pescatarian $ Dairy Free $ Peanut Free $ Tree Nut Free $ Soy Free $ Kosher $ French $ 
https://www.epicurious.com/recipes/food/views/sole-amandine-with-shredded-brussels-sprouts-350229,Sole Amandine with Shredded Brussels Sprouts ,"1 cup thinly sliced Brussels sprouts (6 to 8) $ 2 (3- to 4-ounce) sole fillets $ All-purpose flour for dredging $ 1 tablespoon vegetable oil $ 3 tablespoons unsalted butter, divided $ 2 tablespoons sliced almonds $ 2 teaspoon fresh lemon juice $ Accompaniment: lemon wedge $ ",Fish $ Quick & Easy $ Dinner $ Almond $ Pan-Fry $ Brussels Sprout $ Gourmet $ Sugar Conscious $ Pescatarian $ Peanut Free $ Soy Free $ No Sugar Added $ Kosher $ ,French $ ,3.5/4,14,Fish $ Quick & Easy $ Dinner $ Almond $ Pan-Fry $ Brussels Sprout $ Gourmet $ Sugar Conscious $ Pescatarian $ Peanut Free $ Soy Free $ No Sugar Added $ Kosher $ French $ 
https://www.epicurious.com/recipes/food/views/duck-with-raspberries-em-canard-aux-framboises-em-350237,Duck with Raspberries (Canard aux Framboises) ,"4 pounds boneless magret duck breast halves with skin (about 4) $ 1/2 cup finely chopped shallots $ 2 garlic cloves, chopped $ 2 tablespoons sugar $ 1/3 cup raspberry vinegar $ 1 cup demi-glace (6 1/2 ounces; preferably D'Artagnan duck and veal demi-glace) $ 2 cups raspberries(12 ounces), divided $ 1 1/2 tablespoons unsalted butter, cut into bits $ ",Duck $ Roast $ Dinner $ Raspberry $ Fall $ Birthday $ Gourmet $ Wheat/Gluten-Free $ Peanut Free $ Tree Nut Free $ Soy Free $ ,French $ ,3.5/4,20,Duck $ Roast $ Dinner $ Raspberry $ Fall $ Birthday $ Gourmet $ Wheat/Gluten-Free $ Peanut Free $ Tree Nut Free $ Soy Free $ French $ 
https://www.epicurious.com/recipes/food/views/upside-down-apple-tarts-350247,Upside Down Apple Tarts ,"1/2 vanilla bean, split lengthwise $ 1 1/4 cups whole milk $ 1/3 cup sugar, divided $ 1 1/2 tablespoons all-purpose flour $ 1 tablespoon cornstarch $ 1 whole large egg $ 1 large egg yolk $ 1 1/2 tablespoon unsalted butter, cut into bits $ 2 pounds Golden Delicious apples (about 4) $ 1 pound frozen all-butter puff pastry, thawed $ 3 tablespoons unsalted butter, melted $ 3 tablespoons light corn syrup $ 2 teaspoons water $ Equipment: a 6-inch-diameter bowl or plate; a 1 1/2-inch round cookie cutter; a 10-inch disposable pastry bag or sealable plastic bag $ Accompaniment: vanilla ice cream $ ",Dessert $ Apple $ Fall $ Potluck $ Phyllo/Puff Pastry Dough $ Gourmet $ Kidney Friendly $ Vegetarian $ Pescatarian $ Peanut Free $ Tree Nut Free $ Soy Free $ Kosher $ ,French $ ,0/4,0,Dessert $ Apple $ Fall $ Potluck $ Phyllo/Puff Pastry Dough $ Gourmet $ Kidney Friendly $ Vegetarian $ Pescatarian $ Peanut Free $ Tree Nut Free $ Soy Free $ Kosher $ French $ 
https://www.epicurious.com/recipes/food/views/caviar-eggs-350244,Caviar Eggs ,"6 large eggs $ 2 teaspoons distilled white vinegar $ 1/4 cup chilled heavy cream $ 1 teaspoon fresh lemon juice $ 1 teaspoon vodka $ 1/8 teaspoon plus a pinch of cayenne, divided $ 2 tablespoons (cut into bits) plus 1 teaspoon unsalted butter, divided $ 2 tablespoons domestic caviar such as osetra or rainbow trout $ Equipment: a 6- to 8-inch nonstick skillet $ ",Egg $ Appetizer $ Quick & Easy $ Seafood $ Pan-Fry $ Gourmet $ Sugar Conscious $ Kidney Friendly $ Pescatarian $ Wheat/Gluten-Free $ Peanut Free $ Tree Nut Free $ Soy Free $ No Sugar Added $ ,French $ ,3.5/4,5,Egg $ Appetizer $ Quick & Easy $ Seafood $ Pan-Fry $ Gourmet $ Sugar Conscious $ Kidney Friendly $ Pescatarian $ Wheat/Gluten-Free $ Peanut Free $ Tree Nut Free $ Soy Free $ No Sugar Added $ French $ 
https://www.epicurious.com/recipes/food/views/tuna-steak-au-poivre-350243,Tuna Steak au Poivre ,"3 tablespoons soy sauce $ 2 tablespoons water $ 1 tablespoon fresh lime juice $ 1/2 teaspoon grated peeled ginger $ 1/2 teaspoon sugar $ 1 scallion green, thinly sliced $ 2 1/2 teaspoons black peppercorns $ 1/2 teaspoon white peppercorns $ 1 teaspoon coriander seeds $ 2 pounds tuna steaks (1 inch thick) $ 2 tablespoons vegetable oil $ ",Ginger $ Soy $ Low Carb $ Quick & Easy $ Low Cal $ Bastille Day $ Dinner $ Tuna $ Healthy $ Gourmet $ Sugar Conscious $ Pescatarian $ Dairy Free $ Peanut Free $ Tree Nut Free $ Kosher $ ,French $ ,3.5/4,31,Ginger $ Soy $ Low Carb $ Quick & Easy $ Low Cal $ Bastille Day $ Dinner $ Tuna $ Healthy $ Gourmet $ Sugar Conscious $ Pescatarian $ Dairy Free $ Peanut Free $ Tree Nut Free $ Kosher $ French $ 
https://www.epicurious.com/recipes/food/views/cafe-brulot-350239,Café Brûlot ,1 orange $ 12 whole cloves $ 1/3 cup brandy $ 1/3 cup Cointreau or other orange-flavored liqueur $ 3 (2-inch-long) strips of lemon zest $ 2 (3-inch) cinnamon sticks $ 1 tablespoons sugar $ 3 cups hot very strong brewed coffee (preferably chicory coffee blend or French roast) $ ,Coffee $ Liqueur $ Alcoholic $ Quick & Easy $ Brandy $ Gourmet $ Drink $ ,French $ ,4/4,2,Coffee $ Liqueur $ Alcoholic $ Quick & Easy $ Brandy $ Gourmet $ Drink $ French $ 
https://www.epicurious.com/recipes/food/views/roasted-veal-chop-with-morels-350245,Roasted Veal Chop with Morels ,"1 1/2 cups boiling water $ 1 1/4 ounces dried morels (about 1 1/3 cups) $ 2 (1 1/3-inch-thick) veal rib chops $ 1 tablespoon vegetable oil $ 1 1/2 tablespoons unsalted butter $ 1 garlic clove, smashed $ 1 thyme sprig $ 1 tablespoon finely chopped shallot $ 2 tablespoon Cognac $ 2/3 cup crème fraîche $ 1/2 tablespoon chopped chives $ 1 teaspoon chopped tarragon $ ",Milk/Cream $ Mushroom $ Roast $ Quick & Easy $ Dinner $ Veal $ Fall $ Gourmet $ Sugar Conscious $ Wheat/Gluten-Free $ Peanut Free $ Tree Nut Free $ Soy Free $ ,French $ ,4/4,18,Milk/Cream $ Mushroom $ Roast $ Quick & Easy $ Dinner $ Veal $ Fall $ Gourmet $ Sugar Conscious $ Wheat/Gluten-Free $ Peanut Free $ Tree Nut Free $ Soy Free $ French $ 
https://www.epicurious.com/recipes/food/views/braised-fingerling-potato-coins-350231,Braised Fingerling Potato Coins ,"2 pounds fingerling potatoes, peeled if desired $ 2 cups water $ 3/4 stick unsalted butter, cut into bits $ 3 tablespoons finely chopped flat-leaf parsley $ Equipment: an adjustable-blade slicer $ ",Potato $ Side $ Braise $ Bastille Day $ Dinner $ Lunch $ Parsley $ Gourmet $ Sugar Conscious $ Vegetarian $ Pescatarian $ Wheat/Gluten-Free $ Peanut Free $ Tree Nut Free $ Soy Free $ No Sugar Added $ Kosher $ ,French $ ,4/4,54,Potato $ Side $ Braise $ Bastille Day $ Dinner $ Lunch $ Parsley $ Gourmet $ Sugar Conscious $ Vegetarian $ Pescatarian $ Wheat/Gluten-Free $ Peanut Free $ Tree Nut Free $ Soy Free $ No Sugar Added $ Kosher $ French $ 
https://www.epicurious.com/recipes/food/views/lamb-shoulder-chops-with-apples-and-prunes-350258,Lamb Shoulder Chops with Apples and Prunes ,"1/4 cup brandy $ 1 teaspoon cider vinegar $ 10 pitted prunes, chopped $ 1 Turkish or 1/2 California bay leaf $ 4 (1/2-inch-thick) lamb shoulder chops (about 1/2 pound each) $ 1 tablespoon olive oil $ 1 tablespoon unsalted butter $ 1 Gala apple, peeled and cut into 1/2-inch pieces $ 1/4 cup finely chopped shallot $ 2 garlic cloves, finely chopped $ 1 cup reduced-sodium chicken broth $ ",Lamb $ Braise $ Quick & Easy $ Dinner $ Prune $ Apple $ Fall $ Winter $ Party $ Gourmet $ Wheat/Gluten-Free $ Peanut Free $ Tree Nut Free $ Soy Free $ ,French $ ,3/4,12,Lamb $ Braise $ Quick & Easy $ Dinner $ Prune $ Apple $ Fall $ Winter $ Party $ Gourmet $ Wheat/Gluten-Free $ Peanut Free $ Tree Nut Free $ Soy Free $ French $ 
https://www.epicurious.com/recipes/food/views/vidalia-onion-fritters-243626,Vidalia Onion Fritters ,"1 1/3 cups all-purpose flour, or more if needed $ 2 teaspoons baking powder $ Coarse (kosher) salt, to taste $ 2 to 2 1/2 cups milk $ 2 large eggs $ 1/2 teaspoon white wine vinegar $ 1/4 teaspoon Tabasco sauce or chili-garlic sauce (sambal oelek) $ 2 large Vidalia onions, sliced lengthwise (top to bottom) $ Canola or other vegetable oil, for deep-frying $ Tamarind Dipping Sauce , for serving $ ",Onion $ Appetizer $ Fry $ Cocktail Party $ Oscars $ Back to School $ Rosh Hashanah/Yom Kippur $ Family Reunion $ Poker/Game Night $ Deep-Fry $ Vegetarian $ Pescatarian $ Peanut Free $ Tree Nut Free $ Soy Free $ No Sugar Added $ Kosher $ ,French $ ,3/4,4,Onion $ Appetizer $ Fry $ Cocktail Party $ Oscars $ Back to School $ Rosh Hashanah/Yom Kippur $ Family Reunion $ Poker/Game Night $ Deep-Fry $ Vegetarian $ Pescatarian $ Peanut Free $ Tree Nut Free $ Soy Free $ No Sugar Added $ Kosher $ French $ 
https://www.epicurious.com/recipes/food/views/apple-and-pomegranate-tart-tartin-350124,Apple and Pomegranate Tart Tartin ,"1 cup all purpose flour $ 2 tablespoons sugar $ 1/4 teaspoon salt $ 6 tablespoons (3/4 stick) chilled unsalted butter, cut into 1/2-inch cubes $ 1/4 cup crème fraîche or sour cream $ 3 cups refrigerated pure pomegranate juice $ 1/4 cup (1/2 stick) unsalted butter, room temperature $ 3/4 cup sugar $ 7 medium Golden Delicious apples (about 3 1/4 pounds), peeled, quartered, cored $ 1/8 teaspoon ground allspice $ Large pinch of coarse kosher salt $ Vanilla ice cream $ ",Fruit Juice $ Blender $ Dessert $ Bake $ Mother's Day $ Bastille Day $ Apple $ Fall $ Pomegranate $ Potluck $ Bon Appétit $ Vegetarian $ Pescatarian $ Peanut Free $ Tree Nut Free $ Soy Free $ Kosher $ ,French $ ,3/4,8,Fruit Juice $ Blender $ Dessert $ Bake $ Mother's Day $ Bastille Day $ Apple $ Fall $ Pomegranate $ Potluck $ Bon Appétit $ Vegetarian $ Pescatarian $ Peanut Free $ Tree Nut Free $ Soy Free $ Kosher $ French $ 
https://www.epicurious.com/recipes/food/views/individual-zucchini-lemon-and-ricotta-galettes-350127,"Individual Zucchini, Lemon, and Ricotta Galettes ","2 cups all purpose flour $ 1/2 teaspoon salt $ 3/4 cup (1 1/2 sticks) chilled unsalted butter, cut into 1/2-inch cubes $ 4 tablespoons (or more) ice water $ 5 2/3 cups coarsely grated zucchini (about 1 1/3 pounds) $ 1 1/4 teaspoons salt, divided $ 4 tablespoons butter, divided $ 4 teaspoons extra-virgin olive oil $ 1 cup finely chopped onion $ 1 small garlic clove, minced $ 2 teaspoons fresh lemon juice $ 1 1/4 cups ricotta cheese $ 1/3 cup plus 1/4 cup grated Parmesan cheese $ 1 large egg $ 2 teaspoons finely grated lemon peel $ 1/2 teaspoon ground black pepper $ Fleur de sel* $ ",Cheese $ Side $ Bake $ Picnic $ Vegetarian $ High Fiber $ Mother's Day $ Bastille Day $ Dinner $ Lunch $ Parmesan $ Ricotta $ Lemon $ Zucchini $ Shower $ Bon Appétit $ Pescatarian $ Peanut Free $ Tree Nut Free $ Soy Free $ No Sugar Added $ Kosher $ ,French $ ,3.5/4,38,Cheese $ Side $ Bake $ Picnic $ Vegetarian $ High Fiber $ Mother's Day $ Bastille Day $ Dinner $ Lunch $ Parmesan $ Ricotta $ Lemon $ Zucchini $ Shower $ Bon Appétit $ Pescatarian $ Peanut Free $ Tree Nut Free $ Soy Free $ No Sugar Added $ Kosher $ French $ 
https://www.epicurious.com/recipes/food/views/tomato-tartes-tatins-242646,Tomato Tartes Tatins ,"4 pints cherry tomatoes, tops cut off $ 3 tablespoons unsalted butter, melted $ 4 teaspoons sugar $ 8 sun-dried tomatoes (not in oil), chopped $ 1/2 pound frozen puff pastry, defrosted $ ",Tomato $ Bake $ Vegetarian $ Summer $ Phyllo/Puff Pastry Dough $ Cookie $ ,French $ ,3/4,3,Tomato $ Bake $ Vegetarian $ Summer $ Phyllo/Puff Pastry Dough $ Cookie $ French $ 
https://www.epicurious.com/recipes/food/views/bittersweet-chocolate-souffles-242545,Bittersweet Chocolate Soufflés ,"Nonstick vegetable oil spray $ 10 ounces bittersweet chocolate, chopped $ 1/4 cup (1/2 stick) unsalted butter $ 5 large eggs, separated $ 1/3 cup plus 1 tablespoon sugar $ 1 tablespoon unsweetened cocoa powder $ 1 1/2 teaspoons fresh lemon juice $ ",Mixer $ Chocolate $ Egg $ Dessert $ Bake $ High Fiber $ Bastille Day $ Bon Appétit $ Maryland $ Kidney Friendly $ Vegetarian $ Pescatarian $ Wheat/Gluten-Free $ Peanut Free $ Tree Nut Free $ Soy Free $ Kosher $ ,French $ ,3.5/4,9,Mixer $ Chocolate $ Egg $ Dessert $ Bake $ High Fiber $ Bastille Day $ Bon Appétit $ Maryland $ Kidney Friendly $ Vegetarian $ Pescatarian $ Wheat/Gluten-Free $ Peanut Free $ Tree Nut Free $ Soy Free $ Kosher $ French $ 
https://www.epicurious.com/recipes/food/views/grits-cheese-and-onion-souffles-242470,"Grits, Cheese, and Onion Soufflés ","2 tablespoons (1/4 stick) butter $ 3/4 cup chopped onion $ 3/4 cup chopped leek $ 1 1/2 cups whole milk, divided $ 1/2 teaspoon salt $ 1/3 cup quick-cooking grits $ 4 large eggs, separated $ 3 green onions, chopped $ 1 cup (packed) grated hot pepper Monterey Jack cheese (about 4 ounces), divided $ ",Cheese $ Onion $ Breakfast $ Brunch $ Bake $ Vegetarian $ Quick & Easy $ Low Cal $ Dinner $ Lunch $ Monterey Jack $ Hominy/Cornmeal/Masa $ Bon Appétit $ Pescatarian $ Wheat/Gluten-Free $ Peanut Free $ Tree Nut Free $ Soy Free $ Kosher $ ,French $ ,3.5/4,34,Cheese $ Onion $ Breakfast $ Brunch $ Bake $ Vegetarian $ Quick & Easy $ Low Cal $ Dinner $ Lunch $ Monterey Jack $ Hominy/Cornmeal/Masa $ Bon Appétit $ Pescatarian $ Wheat/Gluten-Free $ Peanut Free $ Tree Nut Free $ Soy Free $ Kosher $ French $ 
https://www.epicurious.com/recipes/food/views/cauliflower-souffle-with-brown-butter-242305,Cauliflower Soufflé with Brown Butter ,3 tablespoons finely grated Parmigiano-Reggiano $ 1 1/4 cups finely chopped cauliflower florets $ 1/4 cup finely chopped flat-leaf parsley $ White pepper to taste $ 1/2 stick unsalted butter $ 4 1/2 tablespoons all-purpose flour $ 1 1/2 cups whole milk $ 6 large egg yolks $ 8 large egg whites $ 1 stick salted butter $ 2-qt soufflé dish $ ,Cheese $ Bake $ Dinner $ Parmesan $ Cauliflower $ Family Reunion $ Gourmet $ California $ Vegetarian $ Pescatarian $ Peanut Free $ Tree Nut Free $ Soy Free $ No Sugar Added $ Kosher $ ,French $ ,3.5/4,16,Cheese $ Bake $ Dinner $ Parmesan $ Cauliflower $ Family Reunion $ Gourmet $ California $ Vegetarian $ Pescatarian $ Peanut Free $ Tree Nut Free $ Soy Free $ No Sugar Added $ Kosher $ French $ 
https://www.epicurious.com/recipes/food/views/sea-bass-with-marinated-vegetables-242301,Sea Bass with Marinated Vegetables ,"1 ripe medium tomato $ 1 garlic clove, smashed $ 4 basil leaves $ 1 fresh thyme sprig $ 6 green olives, such as picholine, pitted and chopped $ 12 Niçoise olives, pitted and chopped $ 1 tablespoon drained capers $ 1 celery rib, peeled and diced $ 1/2 small fennel bulb, stalks discarded and bulb diced $ 1 small zucchini, diced $ 1 red bell pepper, diced $ 1 green bell pepper, diced $ 1 small onion, diced $ About 2 cups extra-virgin olive oil, divided $ 1 pinch saffron, crumbled $ 1 lemon, peel and pith cut off and lemon quartered and diced $ 6 (6-oz) pieces sea bass or striped bass fillet with skin, small bones removed $ 1/4 teaspoon fine sea salt $ Extra-virgin olive oil for drizzling $ 1 teaspoon chopped fresh chives $ Coarse sea salt to taste $ ",Vegetable $ Bake $ Roast $ Dinner $ Bass $ Healthy $ Gourmet $ France $ ,French $ ,3/4,6,Vegetable $ Bake $ Roast $ Dinner $ Bass $ Healthy $ Gourmet $ France $ French $ 
https://www.epicurious.com/recipes/food/views/lemon-curd-tart-with-olive-oil-242290,Lemon Curd Tart with Olive Oil ,"2 tablespoons almonds with skins, toasted and cooled $ 3/4 cup all-purpose flour $ 1/4 cup confectioners sugar $ Pinch of fine sea salt $ 1/2 stick cold unsalted butter, cut into 1/2-inch cubes $ 1 large egg yolk $ 3 1/2 tablespoons fruity olive oil (preferably French) $ 3 large lemons $ 3/4 cup granulated sugar $ 2 teaspoons cornstarch $ 2 whole large eggs plus 2 large yolks $ 1/2 stick unsalted butter, cut into 1/2-inch cubes $ 2 tablespoons fruity olive oil (preferably French) $ a 9-inch round tart pan with removable side; a small offset spatula $ ",Citrus $ Dessert $ Bake $ Vegetarian $ Lemon $ Spring $ Chill $ Gourmet $ Kidney Friendly $ Pescatarian $ Peanut Free $ Soy Free $ Kosher $ ,French $ ,4/4,59,Citrus $ Dessert $ Bake $ Vegetarian $ Lemon $ Spring $ Chill $ Gourmet $ Kidney Friendly $ Pescatarian $ Peanut Free $ Soy Free $ Kosher $ French $ 
https://www.epicurious.com/recipes/food/views/chicken-breasts-provencal-242287,Chicken Breasts Provençal ,"1 pound ripe plum tomatoes $ 4 (6- to 8-ounce) skinless boneless chicken breasts, tenders reserved for another use $ 1/4 cup all-purpose flour $ 2 tablespoons vegetable oil $ 1 teaspoon minced garlic $ 1 flat anchovy fillet, mashed to a paste $ 1/2 cup dry white wine $ 3/4 cup chicken stock or reduced-sodium chicken broth $ 10 pitted brine-cured black olives, thinly sliced lengthwise $ 2 tablespoons unsalted butter, softened $ 1 tablespoon finely shredded basil $ ",Chicken $ Low Cal $ Bastille Day $ Dinner $ Healthy $ Potluck $ Gourmet $ New York $ Peanut Free $ Tree Nut Free $ Soy Free $ ,French $ French Provençal $ ,3.5/4,85,Chicken $ Low Cal $ Bastille Day $ Dinner $ Healthy $ Potluck $ Gourmet $ New York $ Peanut Free $ Tree Nut Free $ Soy Free $ French $ French Provençal $ 
https://www.epicurious.com/recipes/food/views/pink-peppercorn-pavlova-with-strawberries-vanilla-cream-and-basil-syrup-242146,"Pink Peppercorn Pavlova with Strawberries, Vanilla Cream, and Basil Syrup ","1/3 cup (packed) fresh basil leaves $ 1/2 cup light corn syrup $ 4 large egg whites, room temperature $ 1 cup sugar, divided $ 1 1/2 teaspoons cornstarch $ 1/2 teaspoon white wine vinegar $ 1 tablespoon pink peppercorns, lightly crushed $ 1 (1-pint) basket strawberries, hulled $ 2 tablespoons sugar $ 3/4 cup chilled whipping cream $ 1 tablespoon sugar $ 1/2 vanilla bean, split lengthwise $ 1 (1-pint) basket strawberries, hulled, quartered $ Fresh basil leaves (for garnish) $ ",Blender $ Mixer $ Dessert $ Bake $ Vegetarian $ High Fiber $ Summer $ Bon Appétit $ Kidney Friendly $ Pescatarian $ Wheat/Gluten-Free $ Peanut Free $ Tree Nut Free $ Soy Free $ Kosher $ ,French $ ,3.5/4,15,Blender $ Mixer $ Dessert $ Bake $ Vegetarian $ High Fiber $ Summer $ Bon Appétit $ Kidney Friendly $ Pescatarian $ Wheat/Gluten-Free $ Peanut Free $ Tree Nut Free $ Soy Free $ Kosher $ French $ 
https://www.epicurious.com/recipes/food/views/crispy-waffles-with-salted-caramel-coulis-242122,Crispy Waffles with Salted Caramel Coulis ,"1/2 cup sugar $ 1/4 cup water $ 1/2 cup heavy whipping cream $ 3 1/2 tablespoons unsalted butter $ 1/2 teaspoon fleur de sel or coarse kosher salt $ 1 3/4 cups all purpose flour $ 2 tablespoons sugar $ 1 1/2 teaspoons baking powder $ 1/2 teaspoon salt $ 1 3/4 cups whole milk $ 2 large eggs $ 6 tablespoons (3/4 stick) unsalted butter, melted, slightly cooled $ Peanut oil $ Powdered sugar $ ",Dessert $ Fall $ Winter $ Bon Appétit $ Vegetarian $ Pescatarian $ Tree Nut Free $ Soy Free $ Kosher $ ,French $ ,4/4,24,Dessert $ Fall $ Winter $ Bon Appétit $ Vegetarian $ Pescatarian $ Tree Nut Free $ Soy Free $ Kosher $ French $ 
https://www.epicurious.com/recipes/food/views/classic-cheese-souffle-242119,Classic Cheese Soufflé ,2 tablespoons finely grated Parmesan cheese $ 1 cup whole milk $ 2 1/2 tablespoons unsalted butter $ 3 tablespoons unbleached all purpose flour $ 1/2 teaspoon paprika $ 1/2 teaspoon salt $ Pinch of ground nutmeg $ 4 large egg yolks $ 5 large egg whites $ 1 cup (packed) coarsely grated Gruyère cheese (about 4 ounces) $ ,,,0,0,
https://www.epicurious.com/recipes/food/views/lemon-almond-tuiles-242021,Lemon-Almond Tuiles ,"1/4 cup sugar $ 1 large egg white $ 6 tablespoons potato starch $ 4 tablespoons unsalted butter, melted, or 1/4 cup olive oil $ 3/4 teaspoon grated lemon zest $ 1/4 teaspoon salt $ 1/4 teaspoon pure almond extract $ Equipment: a 17- by 11-inch nonstick bakeware liner such as a Silpat; a small offset spatula $ ",Dessert $ Bake $ Passover $ Quick & Easy $ Lemon $ Almond $ Spring $ Kosher $ Kosher for Passover $ Gourmet $ Kidney Friendly $ Vegetarian $ Pescatarian $ Wheat/Gluten-Free $ Peanut Free $ Soy Free $ ,French $ Italian $ ,3/4,4,Dessert $ Bake $ Passover $ Quick & Easy $ Lemon $ Almond $ Spring $ Kosher $ Kosher for Passover $ Gourmet $ Kidney Friendly $ Vegetarian $ Pescatarian $ Wheat/Gluten-Free $ Peanut Free $ Soy Free $ French $ Italian $ 
https://www.epicurious.com/recipes/food/views/floating-islands-with-lemon-scented-custard-sauce-and-raspberries-241879,Floating Islands with Lemon-Scented Custard Sauce and Raspberries ,1 cup whipping cream $ 1/2 cup whole milk $ 6 large egg yolks $ 1/3 cup sugar $ 3 tablespoons fresh lemon juice $ 2 teaspoons finely grated lemon peel $ 1/2 cup egg whites (about 4 large) $ Pinch of salt $ 2/3 cup sugar $ 6 paper-thin lemon slices $ 2 6-ounce containers fresh raspberries $ ,Mixer $ Egg $ Dessert $ Bake $ Kid-Friendly $ Mother's Day $ Raspberry $ Lemon $ Bon Appétit $ Kidney Friendly $ Vegetarian $ Pescatarian $ Wheat/Gluten-Free $ Peanut Free $ Tree Nut Free $ Soy Free $ Kosher $ ,French $ ,4/4,8,Mixer $ Egg $ Dessert $ Bake $ Kid-Friendly $ Mother's Day $ Raspberry $ Lemon $ Bon Appétit $ Kidney Friendly $ Vegetarian $ Pescatarian $ Wheat/Gluten-Free $ Peanut Free $ Tree Nut Free $ Soy Free $ Kosher $ French $ 
https://www.epicurious.com/recipes/food/views/chicken-with-vin-jaune-and-morels-241774,Chicken with Vin Jaune and Morels ,"3/4 ounces dried morel mushrooms $ 1 cup boiling-hot water $ 1 large shallot, thinly sliced $ 2 garlic cloves, smashed $ 1 tablespoon unsalted butter $ 1 cup heavy cream $ 1 whole chicken (about 3 1/2 pound), cut into 8 pieces $ 1 tablespoon vegetable oil $ 3/4 cup vin jaune or Savagnin plus additional for sprinkling $ ",Chicken $ Mushroom $ Sauté $ Dinner $ Fall $ Winter $ Gourmet $ Sugar Conscious $ Wheat/Gluten-Free $ Peanut Free $ Tree Nut Free $ Soy Free $ No Sugar Added $ ,French $ ,3.5/4,12,Chicken $ Mushroom $ Sauté $ Dinner $ Fall $ Winter $ Gourmet $ Sugar Conscious $ Wheat/Gluten-Free $ Peanut Free $ Tree Nut Free $ Soy Free $ No Sugar Added $ French $ 
https://www.epicurious.com/recipes/food/views/calvados-sorbet-241773,Calvados Sorbet ,2/3 cup water $ 1/2 cup sugar $ 1 1/2 cups nonalcoholic sparkling cider $ 1/3 cup Calvados $ Equipment: an ice cream maker $ ,Ice Cream Machine $ Dessert $ Fall $ Winter $ Party $ Calvados $ Gourmet $ Fat Free $ Kidney Friendly $ Vegan $ Vegetarian $ Pescatarian $ Dairy Free $ Wheat/Gluten-Free $ Peanut Free $ Tree Nut Free $ Soy Free $ Kosher $ ,French $ ,4/4,1,Ice Cream Machine $ Dessert $ Fall $ Winter $ Party $ Calvados $ Gourmet $ Fat Free $ Kidney Friendly $ Vegan $ Vegetarian $ Pescatarian $ Dairy Free $ Wheat/Gluten-Free $ Peanut Free $ Tree Nut Free $ Soy Free $ Kosher $ French $ 
https://www.epicurious.com/recipes/food/views/snails-and-mushrooms-in-herbed-cream-241772,Snails and Mushrooms in Herbed Cream ,"2/3 cup crème fraîche $ 5 ounces small white or cremini mushrooms, trimmed and halved or quartered $ 1 1/2 tablespoons minced shallot $ 1 teaspoon minced garlic $ 1 (7-ounce) can imported medium escargots (18 to 24 snails), rinsed and drained $ 1 tablespoon finely chopped parsley or chervil $ 1 tablespoon finely chopped chives $ 1 teaspoon finely chopped tarragon $ 1 tablespoon unsalted butter $ Accompaniment: toasted baguette slices $ ",Mushroom $ Quick & Easy $ Fall $ Winter $ Simmer $ Gourmet $ ,French $ ,4/4,7,Mushroom $ Quick & Easy $ Fall $ Winter $ Simmer $ Gourmet $ French $ 
https://www.epicurious.com/recipes/food/views/profiteroles-with-coffee-ice-cream-241770,Profiteroles with Coffee Ice Cream ,"1 quart coffee ice cream $ 6 tablespoons unsalted butter, cut into pieces $ 3/4 cup water $ 1/4 teaspoon salt $ 3/4 cup all-purpose flour $ 3 large eggs $ 1/2 cup sugar $ 1 cup heavy cream $ 7 ounce fine-quality bittersweet chocolate (no more than 60% cacao if marked), finely chopped $ 1/2 teaspoon pure vanilla extract $ 1 tablespoon Cognac or brandy (optional) $ Equipment: a small (about 1 1/2-inch) ice cream scoop; a large pastry bag fitted with a 3/4-inch plain tip $ large pastry bag fitted with a 3/4-inch plain tip $ ",Mixer $ Chocolate $ Dessert $ Freeze/Chill $ Kid-Friendly $ Spring $ Summer $ Gourmet $ Vegetarian $ Pescatarian $ Peanut Free $ Tree Nut Free $ Soy Free $ Kosher $ ,French $ ,3.5/4,35,Mixer $ Chocolate $ Dessert $ Freeze/Chill $ Kid-Friendly $ Spring $ Summer $ Gourmet $ Vegetarian $ Pescatarian $ Peanut Free $ Tree Nut Free $ Soy Free $ Kosher $ French $ 
https://www.epicurious.com/recipes/food/views/salmon-with-lentils-and-mustard-herb-butter-em-saumon-aux-lentilles-em-241768,Salmon with Lentils and Mustard-Herb Butter (Saumon aux Lentilles) ,"5 tablespoons unsalted butter, softened $ 1 tablespoon chopped chives $ 1 teaspoon chopped tarragon $ 2 teaspoons grainy mustard $ 2 teaspoons fresh lemon juice $ 1 cup French green lentils $ 4 cups water $ 2 medium leeks (white and pale green parts only) $ 1 tablespoon unsalted butter $ 1/2 to 1 tablespoon fresh lemon juice $ 4 (6-ounce) pieces skinless salmon fillet $ 2 tablespoons unsalted butter $ ",Sauté $ Quick & Easy $ Dinner $ Salmon $ Leek $ Lentil $ Fall $ Winter $ Simmer $ Gourmet $ Sugar Conscious $ Pescatarian $ Wheat/Gluten-Free $ Peanut Free $ Tree Nut Free $ Soy Free $ No Sugar Added $ ,French $ ,4/4,182,Sauté $ Quick & Easy $ Dinner $ Salmon $ Leek $ Lentil $ Fall $ Winter $ Simmer $ Gourmet $ Sugar Conscious $ Pescatarian $ Wheat/Gluten-Free $ Peanut Free $ Tree Nut Free $ Soy Free $ No Sugar Added $ French $ 
https://www.epicurious.com/recipes/food/views/pot-au-feu-241767,Pot-au-Feu ,"4 pound tied bone-in beef chuck roast $ 4 pound (2- to 3-inch) bone-in short ribs $ 2 onions, quartered $ 2 medium carrots, halved lengthwise $ 6 quarts water $ 2 (3-inch) pieces celery $ 6 parsley sprigs $ 6 thyme sprigs $ 2 Turkish bay leaves or 1 California $ 1/4 teaspoon black peppercorns $ 1 whole clove $ 8 small or 4 medium leeks (2 1/2 pounds) $ 1 pound small boiling onions (about 20), left unpeeled $ 8 (2-inch-long) veal marrowbones (optional) $ 8 small carrots (1 pound), peeled and trimmed, leaving 1/2 inch of stems $ 1 pound small turnips, peeled and cut into 1-inch wedges $ Equipment: a 12-quart pot; cheesecloth; kitchen string $ Accompaniments: toasted baguette slices for marrow; coarse salt; Dijon mustard; finely grated fresh or bottled horseradish; cornichons $ Garnish: chopped parsley $ ",Beef $ Roast $ Dinner $ Fall $ Winter $ Gourmet $ Paleo $ Dairy Free $ Wheat/Gluten-Free $ Peanut Free $ Tree Nut Free $ Soy Free $ No Sugar Added $ ,French $ ,3/4,11,Beef $ Roast $ Dinner $ Fall $ Winter $ Gourmet $ Paleo $ Dairy Free $ Wheat/Gluten-Free $ Peanut Free $ Tree Nut Free $ Soy Free $ No Sugar Added $ French $ 
https://www.epicurious.com/recipes/food/views/shoe-string-potatoes-em-pommes-pailles-em-241764,Shoe String Potatoes (Pommes Pailles) ,About 6 cups vegetable oil for frying $ 2 russet (baking) potatoes (1 1/2 pounds total) $ Equipment: a deep-fat thermometer; an adjustable-blade slicer fitted with 1/8-inch julienne blade $ ,Potato $ Side $ Kid-Friendly $ Quick & Easy $ Deep-Fry $ Gourmet $ Sugar Conscious $ Vegan $ Vegetarian $ Pescatarian $ Dairy Free $ Wheat/Gluten-Free $ Peanut Free $ Tree Nut Free $ Soy Free $ No Sugar Added $ Kosher $ ,French $ ,4/4,3,Potato $ Side $ Kid-Friendly $ Quick & Easy $ Deep-Fry $ Gourmet $ Sugar Conscious $ Vegan $ Vegetarian $ Pescatarian $ Dairy Free $ Wheat/Gluten-Free $ Peanut Free $ Tree Nut Free $ Soy Free $ No Sugar Added $ Kosher $ French $ 
https://www.epicurious.com/recipes/food/views/pan-seared-rib-eye-steak-with-bearnaise-em-entrecote-bearnaise-em-241756,Pan-Seared Rib-Eye Steak with Béarnaise (Entrecôte Béarnaise) ,"2 (1 1/4-inch-thick) boneless rib-eye steaks (16 ounces each) $ 1 tablespoon vegetable oil $ 1/4 cup dry white wine $ 1/4 cup white-wine vinegar $ 1/4 cup finely chopped shallots $ 2 tablespoons chopped fresh tarragon, divided $ 3 large egg yolks $ 1 stick unsalted butter, cut into 8 pieces $ 1/2 teaspoon fresh lemon juice, or to taste $ Accompaniment: shoe string potatoes $ ",Beef $ Sauté $ Quick & Easy $ Bastille Day $ Dinner $ Steak $ Gourmet $ Sugar Conscious $ Wheat/Gluten-Free $ Peanut Free $ Tree Nut Free $ Soy Free $ ,French $ ,3.5/4,17,Beef $ Sauté $ Quick & Easy $ Bastille Day $ Dinner $ Steak $ Gourmet $ Sugar Conscious $ Wheat/Gluten-Free $ Peanut Free $ Tree Nut Free $ Soy Free $ French $ 
https://www.epicurious.com/recipes/food/views/seared-scallops-with-tarragon-butter-sauce-241746,Seared Scallops with Tarragon-Butter Sauce ,"1 1/4 pounds large sea scallops, tough ligament from side of each discarded $ 7 tablespoons unsalted butter, cut into tablespoons, divided $ 2 tablespoons finely chopped shallot $ 1/4 cup dry white wine $ 1/4 cup white-wine vinegar $ 1 tablespoon finely chopped tarragon $ ",Sauté $ Quick & Easy $ Dinner $ Scallop $ White Wine $ Tarragon $ Gourmet $ Sugar Conscious $ Pescatarian $ Wheat/Gluten-Free $ Peanut Free $ Tree Nut Free $ Soy Free $ ,French $ ,4/4,82,Sauté $ Quick & Easy $ Dinner $ Scallop $ White Wine $ Tarragon $ Gourmet $ Sugar Conscious $ Pescatarian $ Wheat/Gluten-Free $ Peanut Free $ Tree Nut Free $ Soy Free $ French $ 
https://www.epicurious.com/recipes/food/views/creamy-celery-root-and-haricot-vert-salad-241743,Creamy Celery-Root and Haricot Vert Salad ,"1/2 cup mayonnaise $ 2 1/2 teaspoons fresh lemon juice $ 1 pound celery root (celeriac), peeled and quartered $ 1/2 pound haricots verts or other thin green beans, trimmed and halved crosswise $ 2 tablespoons finely chopped parsley, divided $ Equipment: an adjustable-blade slicer fitted with 1/8-inch julienne blade $ ",Salad $ Side $ Quick & Easy $ Mayonnaise $ Green Bean $ Root Vegetable $ Boil $ Gourmet $ Sugar Conscious $ Vegetarian $ Pescatarian $ Paleo $ Dairy Free $ Wheat/Gluten-Free $ Peanut Free $ Tree Nut Free $ Soy Free $ Kosher $ ,French $ ,3/4,2,Salad $ Side $ Quick & Easy $ Mayonnaise $ Green Bean $ Root Vegetable $ Boil $ Gourmet $ Sugar Conscious $ Vegetarian $ Pescatarian $ Paleo $ Dairy Free $ Wheat/Gluten-Free $ Peanut Free $ Tree Nut Free $ Soy Free $ Kosher $ French $ 
https://www.epicurious.com/recipes/food/views/roasted-chicken-with-dijon-sauce-241742,Roasted Chicken with Dijon Sauce ,"3 pounds chicken parts (thighs, drumsticks, and/or breasts), with skin and bones $ 1 tablespoon vegetable oil $ 2 small shallots, thinly sliced $ 3/4 cup dry white wine $ 3/4 cup reduced-sodium chicken broth $ 1/4 cup heavy cream $ 2 tablespoons Dijon mustard $ 1 tablespoon finely chopped chives $ ",Milk/Cream $ Chicken $ Mustard $ Roast $ Quick & Easy $ Dinner $ White Wine $ Chive $ Shallot $ Gourmet $ Sugar Conscious $ Wheat/Gluten-Free $ Peanut Free $ Tree Nut Free $ Soy Free $ ,French $ ,3/4,35,Milk/Cream $ Chicken $ Mustard $ Roast $ Quick & Easy $ Dinner $ White Wine $ Chive $ Shallot $ Gourmet $ Sugar Conscious $ Wheat/Gluten-Free $ Peanut Free $ Tree Nut Free $ Soy Free $ French $ 
https://www.epicurious.com/recipes/food/views/zucchini-rice-gratin-241741,Zucchini Rice Gratin ,"1/3 cup long-grain white rice $ 1 1/2 pounds zucchini (about 3 medium), sliced crosswise 1/4 inch thick $ 6 1/2 tablespoons olive oil, divided $ 1/2 pounds plum tomatoes, sliced crosswise 1/4 inch thick $ 1 medium onion, halved lengthwise and thinly sliced $ 3 garlic cloves, finely chopped $ 2 large eggs, lightly beaten $ 1 teaspoon chopped thyme $ 1/2 cup grated Parmigiano-Reggiano, divided $ ",Rice $ Tomato $ Side $ Bake $ Roast $ Casserole/Gratin $ Parmesan $ Zucchini $ Gourmet $ Vegetarian $ Pescatarian $ Wheat/Gluten-Free $ Peanut Free $ Tree Nut Free $ Soy Free $ No Sugar Added $ Kosher $ ,French $ ,3/4,97,Rice $ Tomato $ Side $ Bake $ Roast $ Casserole/Gratin $ Parmesan $ Zucchini $ Gourmet $ Vegetarian $ Pescatarian $ Wheat/Gluten-Free $ Peanut Free $ Tree Nut Free $ Soy Free $ No Sugar Added $ Kosher $ French $ 
https://www.epicurious.com/recipes/food/views/saffron-rouille-241736,Saffron Rouille ,1/8 teaspoon crumbled saffron threads $ 1/4 teaspoon hot water $ 1 cup mayonnaise $ 1/4 cup chopped roasted red peppers $ 1/4 cup extra-virgin olive oil $ 1/2 teaspoon fresh lemon juice $ 2 teaspoons finely chopped garlic $ 1/2 teaspoon cayenne $ ,Condiment/Spread $ Sauce $ Blender $ No-Cook $ Quick & Easy $ Mayonnaise $ Saffron $ Bell Pepper $ Gourmet $ ,French $ French Provençal $ ,3.5/4,5,Condiment/Spread $ Sauce $ Blender $ No-Cook $ Quick & Easy $ Mayonnaise $ Saffron $ Bell Pepper $ Gourmet $ French $ French Provençal $ 
https://www.epicurious.com/recipes/food/views/lemon-sugar-galette-241731,Lemon-Sugar Galette ,"1/2 pound pizza dough, thawed if frozen $ 2 tablespoons unsalted butter, melted $ 2 tablespoons sugar $ 1/2 teaspoon grated lemon zest $ ",Cake $ Dessert $ Bake $ Quick & Easy $ Lemon $ Gourmet $ Kidney Friendly $ Vegetarian $ Pescatarian $ Peanut Free $ Tree Nut Free $ Soy Free $ Kosher $ ,French $ ,0/4,0,Cake $ Dessert $ Bake $ Quick & Easy $ Lemon $ Gourmet $ Kidney Friendly $ Vegetarian $ Pescatarian $ Peanut Free $ Tree Nut Free $ Soy Free $ Kosher $ French $ 
https://www.epicurious.com/recipes/food/views/butter-sugar-crepes-241729,Butter-Sugar Crepes ,"7 tablespoons unsalted butter, melted and cooled, divided $ 1 cup whole milk $ 1 cup all-purpose flour $ 2 large eggs $ 6 tablespoons sugar, divided $ ",Milk/Cream $ Egg $ Brunch $ Dessert $ Bastille Day $ Pan-Fry $ Gourmet $ Kidney Friendly $ Vegetarian $ Pescatarian $ Peanut Free $ Tree Nut Free $ Soy Free $ Kosher $ ,French $ ,3.5/4,11,Milk/Cream $ Egg $ Brunch $ Dessert $ Bastille Day $ Pan-Fry $ Gourmet $ Kidney Friendly $ Vegetarian $ Pescatarian $ Peanut Free $ Tree Nut Free $ Soy Free $ Kosher $ French $ 
https://www.epicurious.com/recipes/food/views/frozen-apricot-souffle-241728,Frozen Apricot Soufflé ,"1/2 pound dried California (Pacific) apricots $ 1 cup water $ 1 cup sugar $ 6 large egg whites, at room temperature 30 minutes $ 2 cups chilled heavy cream $ 1/2 teaspoon pure almond extract $ 1/4 teaspoon pure vanilla extract $ Equipment: a 1 1/2-quart soufflé dish; kitchen string; a candy thermometer $ Garnish: unsweetened cocoa powder and confectioners sugar for dusting $ ",Milk/Cream $ Food Processor $ Mixer $ Egg $ Dessert $ Frozen Dessert $ Apricot $ Vanilla $ Gourmet $ Kidney Friendly $ Vegetarian $ Pescatarian $ Wheat/Gluten-Free $ Peanut Free $ Soy Free $ Kosher $ ,French $ ,2.5/4,2,Milk/Cream $ Food Processor $ Mixer $ Egg $ Dessert $ Frozen Dessert $ Apricot $ Vanilla $ Gourmet $ Kidney Friendly $ Vegetarian $ Pescatarian $ Wheat/Gluten-Free $ Peanut Free $ Soy Free $ Kosher $ French $ 
https://www.epicurious.com/recipes/food/views/pear-and-almond-tart-241727,Pear and Almond Tart ,"1 1/4 cups all-purpose flour $ 1 1/2 tablespoons sugar $ 1/4 teaspoon salt $ 7 tablespoons cold unsalted butter, cut into 1/2-inch cubes $ 1 large egg yolk $ 2 1/2 tablespoons cold water $ 2 firm-ripe Anjou or Bartlett pears (1 pound total) $ 2 1/2 tablespoons poire William (French pear brandy) or Cognac, divided $ 2 large eggs plus 1 large yolk $ 3 tablespoons sugar $ 1/4 teaspoon pure vanilla extract $ 2/3 cup crème fraîche or heavy cream $ 1 cup sliced almonds with skins (3 1/2 ounce) $ 1/4 cup sugar $ 1 large egg white $ Equipment: A 9- to 9 1/2-inch fluted round tart pan with removable bottom; pie weights or raw rice $ ",Milk/Cream $ Egg $ Dessert $ Bake $ Pear $ Almond $ Eau de Vie $ Winter $ Chill $ Gourmet $ Vegetarian $ Pescatarian $ Peanut Free $ Soy Free $ Kosher $ ,French $ ,3.5/4,14,Milk/Cream $ Egg $ Dessert $ Bake $ Pear $ Almond $ Eau de Vie $ Winter $ Chill $ Gourmet $ Vegetarian $ Pescatarian $ Peanut Free $ Soy Free $ Kosher $ French $ 
https://www.epicurious.com/recipes/food/views/grand-marnier-crepe-cake-241754,Grand Marnier Crêpe Cake ,"6 large eggs $ 1 cup whole milk $ 3 cups chilled heavy cream, divided $ 1 teaspoon pure vanilla extract, divided $ 1 cup all-purpose flour $ 1/8 teaspoon salt $ 1 cup confectioners sugar, divided $ 2 teaspoons grated orange zest , divided $ 2 tablespoons unsalted butter, melted $ 1 tablespoon Grand Marnier or Cointreau $ ",Cake $ Liqueur $ Milk/Cream $ Mixer $ Egg $ Dessert $ Bastille Day $ Orange $ Gourmet $ Kidney Friendly $ Vegetarian $ Pescatarian $ Peanut Free $ Tree Nut Free $ Soy Free $ Kosher $ ,French $ ,3.5/4,38,Cake $ Liqueur $ Milk/Cream $ Mixer $ Egg $ Dessert $ Bastille Day $ Orange $ Gourmet $ Kidney Friendly $ Vegetarian $ Pescatarian $ Peanut Free $ Tree Nut Free $ Soy Free $ Kosher $ French $ 
https://www.epicurious.com/recipes/food/views/vegetarian-cassoulet-241753,Vegetarian Cassoulet ,"3 medium leeks (white and pale green parts only) $ 4 medium carrots, halved lengthwise and cut into 1-inch-wide pieces $ 3 celery ribs, cut into 1-inch-wide pieces $ 4 garlic cloves, chopped $ 1/4 cup olive oil $ 4 thyme sprigs $ 2 parsley sprigs $ 1 Turkish or 1/2 California bay leaf $ 1/8 teaspoon ground cloves $ 3 (19-ounce) cans cannellini or Great Northern beans, rinsed and drained $ 1 quart water $ 4 cups coarse fresh bread crumbs from a baguette $ 1/3 cup olive oil $ 1 tablespoon chopped garlic $ 1/4 cup chopped parsley $ ",Bean $ Garlic $ Vegetarian $ Casserole/Gratin $ Celery $ Leek $ Carrot $ Winter $ Potluck $ Gourmet $ ,French $ ,3.5/4,114,Bean $ Garlic $ Vegetarian $ Casserole/Gratin $ Celery $ Leek $ Carrot $ Winter $ Potluck $ Gourmet $ French $ 
https://www.epicurious.com/recipes/food/views/pork-chops-with-stewed-tomatoes-capers-and-rosemary-241752,"Pork Chops with Stewed Tomatoes, Capers and Rosemary ","1 (14 1/2-ounce) can stewed tomatoes $ 4 (3/4-inch-thick) bone-in rib pork chops (2 pounds total) $ 2 tablespoons olive oil, divided $ 2 garlic cloves, forced through a press $ 2 tablespoons drained bottled capers $ 2 tablespoons sweet relish $ 1 rosemary sprig $ ",Tomato $ Sauté $ Quick & Easy $ Dinner $ Rosemary $ Pork Chop $ Capers $ Gourmet $ Dairy Free $ Wheat/Gluten-Free $ Peanut Free $ Tree Nut Free $ Soy Free $ No Sugar Added $ ,French $ ,3.5/4,19,Tomato $ Sauté $ Quick & Easy $ Dinner $ Rosemary $ Pork Chop $ Capers $ Gourmet $ Dairy Free $ Wheat/Gluten-Free $ Peanut Free $ Tree Nut Free $ Soy Free $ No Sugar Added $ French $ 
https://www.epicurious.com/recipes/food/views/mussels-and-fries-with-mustard-mayonnaise-241751,Mussels and Fries with Mustard Mayonnaise ,"1 (15- to 16-ounce) package frozen french fries $ 1 small onion $ 2 garlic cloves, forced through a press $ 3 tablespoons unsalted butter $ 2 teaspoons dry mustard $ 2 teaspoons water $ 1/2 cup mayonnaise $ 1 cup dry white wine $ 2 pounds cultivated mussels, rinsed $ 2 tablespoons chopped flat-leaf parsley $ Equipment: an adjustable-blade slicer $ Accompaniment: crusty bread (preferably a baguette) $ ",Mustard $ Potato $ Quick & Easy $ Mayonnaise $ Mussel $ White Wine $ Gourmet $ ,French $ ,3.5/4,8,Mustard $ Potato $ Quick & Easy $ Mayonnaise $ Mussel $ White Wine $ Gourmet $ French $ 
https://www.epicurious.com/recipes/food/views/blade-steaks-with-mushroom-madeira-sauce-241750,Blade Steaks with Mushroom-Madeira Sauce ,"1 1/2 pound top blade beef chuck steaks $ 2 tablespoons olive oil, divided $ 1 shallot, chopped $ 2 (4 ounce) packages sliced fresh mushrooms $ 1/2 cup Madeira $ 3/4 cup water $ 1 teaspoon cornstarch mixed with 1 tablespoon water $ ",Beef $ Mushroom $ Sauté $ Quick & Easy $ Father's Day $ Dinner $ Steak $ Fortified Wine $ Gourmet $ Sugar Conscious $ Dairy Free $ Wheat/Gluten-Free $ Peanut Free $ Tree Nut Free $ Soy Free $ Kosher $ ,French $ ,3/4,8,Beef $ Mushroom $ Sauté $ Quick & Easy $ Father's Day $ Dinner $ Steak $ Fortified Wine $ Gourmet $ Sugar Conscious $ Dairy Free $ Wheat/Gluten-Free $ Peanut Free $ Tree Nut Free $ Soy Free $ Kosher $ French $ 
https://www.epicurious.com/recipes/food/views/chicken-in-riesling-241725,Chicken in Riesling ,"1 whole chicken (about 3 1/2 pound), backbone discarded and chicken cut French style into 8 pieces (see cooks' note, below) $ 1 tablespoon vegetable oil $ 3 tablespoons unsalted butter, divided $ 4 medium leeks (white and pale green parts only), finely chopped (2 cups) $ 2 tablespoons finely chopped shallot $ 4 medium carrots, halved diagonally $ 1 cup dry white wine (preferably Alsatian Riesling) $ 1 1/2 pound small (2-inch) red potatoes $ 2 tablespoons finely chopped flat-leaf parsley $ 1/2 cup crème fraîche or heavy cream $ Fresh lemon juice to taste $ ",Milk/Cream $ Chicken $ Potato $ Braise $ Dinner $ Leek $ Carrot $ White Wine $ Oktoberfest $ Gourmet $ Wheat/Gluten-Free $ Peanut Free $ Tree Nut Free $ Soy Free $ ,French $ German $ ,3.5/4,191,Milk/Cream $ Chicken $ Potato $ Braise $ Dinner $ Leek $ Carrot $ White Wine $ Oktoberfest $ Gourmet $ Wheat/Gluten-Free $ Peanut Free $ Tree Nut Free $ Soy Free $ French $ German $ 
https://www.epicurious.com/recipes/food/views/trout-choucroute-241724,Trout Choucroute ,"4 bacon slices $ 1 large onion, halved lengthwise and thinly sliced $ 3 tablespoons unsalted butter $ 1 pound sauerkraut, drained, rinsed, and squeezed dry $ 2 juniper berries, slightly crushed $ 1 Turkish or 1/2 California bay leaf $ 1 1/2 teaspoons sugar $ 2/3 cup dry white wine (preferably Alsatian Riesling) $ 3/4 cup water $ 4 (4- to 5-ounce) trout fillets with skin, pin bones removed $ ",Dinner $ Bacon $ Trout $ White Wine $ Cabbage $ Gourmet $ Wheat/Gluten-Free $ Peanut Free $ Tree Nut Free $ Soy Free $ ,French $ German $ ,4/4,4,Dinner $ Bacon $ Trout $ White Wine $ Cabbage $ Gourmet $ Wheat/Gluten-Free $ Peanut Free $ Tree Nut Free $ Soy Free $ French $ German $ 
https://www.epicurious.com/recipes/food/views/bouillabaisse-simplified-241658,"Bouillabaisse, Simplified ","2 tablespoons olive oil $ 2 cloves garlic, peeled and smashed $ 1 large onion, peeled and sliced $ 1 small fennel bulb, thinly sliced $ 1 large pinch saffron, soaked in 2 tablespoons orange juice for 10 minutes (optional) $ 1 strip orange zest $ 1 (14-ounce) can whole peeled tomatoes, in juice $ 6 cups seafood stock (sold at most fish markets) or clam juice $ Some or all of the following seafood (ask your fish seller for enough to serve 4 to 6 people): halibut, cod, tilapia, or snapper (in large chunks); shell-on large shrimp or lump crabmeat; clams or mussels $ 1 bunch Italian parsley, chopped $ ",Soup/Stew $ Fish $ Shellfish $ Tomato $ Quick & Easy $ Saffron $ Fennel $ Simmer $ Cookie $ ,French $ Mediterranean $ ,3.5/4,20,Soup/Stew $ Fish $ Shellfish $ Tomato $ Quick & Easy $ Saffron $ Fennel $ Simmer $ Cookie $ French $ Mediterranean $ 
https://www.epicurious.com/recipes/food/views/the-easiest-chocolate-mousse-ever-241657,The Easiest Chocolate Mousse Ever ,"6 ounces good-quality semisweet chocolate (such as Valrhona), chopped, plus extra for shavings (optional) $ 1 cup milk (any fat content) $ 2 tablespoons brewed espresso $ 4 tablespoons butter (1/2 stick) $ 2 eggs (the freshest possible) $ ",Coffee $ Milk/Cream $ Blender $ Chocolate $ Egg $ Dessert $ Quick & Easy $ Chill $ Cookie $ Sugar Conscious $ Kidney Friendly $ Vegetarian $ Pescatarian $ Wheat/Gluten-Free $ Peanut Free $ Tree Nut Free $ Soy Free $ Kosher $ ,French $ ,3/4,19,Coffee $ Milk/Cream $ Blender $ Chocolate $ Egg $ Dessert $ Quick & Easy $ Chill $ Cookie $ Sugar Conscious $ Kidney Friendly $ Vegetarian $ Pescatarian $ Wheat/Gluten-Free $ Peanut Free $ Tree Nut Free $ Soy Free $ Kosher $ French $ 
