link,name,ingredients,recipe_category,recipe_cuisine,rating,rating_count,keywords
https://www.epicurious.com/recipes/food/views/bean-jelly-with-chile-vinegar-sauce-238708,Bean Jelly with Chile Vinegar Sauce ,"2 3/4 cups water $ 1/2 cup mung-bean starch $ 1/2 teaspoon salt $ 2 tablespoons soy sauce $ 1 tablespoon Chinese black vinegar (preferably Chinkiang) $ 2 teaspoons sugar $ 2 teaspoons Sichuan-pepper oil , or to taste $ 1 teaspoon red-chile oil $ 1 teaspoon finely grated (with a rasp) peeled fresh ginger $ 1/2 teaspoon finely grated (with a rasp) garlic $ 3 large scallions (white and pale green parts only), cut into very thin shreds $ 1 (3-inch) piece daikon (also called Chinese radish or luo bo), peeled and cut into matchsticks $ Garnish: chopped scallion greens; chopped roasted peanuts $ ",Ginger $ Soy $ Freeze/Chill $ Vinegar $ Chill $ Gourmet $ ,Asian $ Chinese $ ,2/4,1,Ginger $ Soy $ Freeze/Chill $ Vinegar $ Chill $ Gourmet $ Asian $ Chinese $ 
https://www.epicurious.com/recipes/food/views/shredded-chicken-with-ginger-and-cilantro-238707,Shredded Chicken with Ginger and Cilantro ,"2 chicken breast halves with skin and bone (1 1/2 pounds total) $ 1 1/2 teaspoons fresh lime juice $ 1 teaspoon Asian chile-bean paste with garlic (preferably Lan Chi) $ 1 teaspoon red-chile oil , or to taste $ 1 teaspoon Sichuan-pepper oil , or to taste $ 1 teaspoon finely grated (with a rasp) peeled fresh ginger $ 1/2 teaspoon finely grated (with a rasp) garlic $ 1/2 teaspoon minced fresh mild long red chile such as Holland $ 1/2 teaspoon salt $ 1 cup fresh cilantro sprigs $ ",Chicken $ Garlic $ Ginger $ Herb $ Steam $ Dinner $ Lime $ Cilantro $ Gourmet $ Sugar Conscious $ Dairy Free $ Wheat/Gluten-Free $ Peanut Free $ Tree Nut Free $ No Sugar Added $ Kosher $ ,Asian $ Chinese $ ,3/4,5,Chicken $ Garlic $ Ginger $ Herb $ Steam $ Dinner $ Lime $ Cilantro $ Gourmet $ Sugar Conscious $ Dairy Free $ Wheat/Gluten-Free $ Peanut Free $ Tree Nut Free $ No Sugar Added $ Kosher $ Asian $ Chinese $ 
https://www.epicurious.com/recipes/food/views/lions-head-casserole-238436,Lion's Head Casserole ,"8 large dried shiitake mushrooms (3/4 ounces) $ 2 cups boiling-hot water $ 1 pound ground pork butt (not lean) $ 1 large bunch scallions (white and pale green parts only), finely chopped $ 6 large fresh water chestnuts, peeled and finely chopped, or 10 canned whole water chestnuts, rinsed, drained, and finely chopped $ 1 tablespoon Chinese rice wine (preferably Shaoxing) or medium-dry Sherry $ 2 teaspoons Asian sesame oil $ 1 teaspoon sugar $ 2 tablespoons finely chopped peeled fresh ginger $ 2 tablespoons soy sauce $ 1 1/4 teaspoons salt $ 1 (2 1/2- to 3-pound) head Napa cabbage $ 2/3 cup peanut or vegetable oil $ 1 tablespoon cornstarch $ 1/4 teaspoon black pepper $ 2 cups reduced-sodium chicken broth (16 fluid ounces) $ Accompaniment: steamed white rice $ a well-seasoned 14-inch flat-bottomed wok $ ",Wok $ Leafy Green $ Mushroom $ Onion $ Pork $ Rice $ Vegetable $ Fry $ Stir-Fry $ Dinner $ Gourmet $ Lunar New Year $ Dairy Free $ ,Asian $ Chinese $ ,3.5/4,14,Wok $ Leafy Green $ Mushroom $ Onion $ Pork $ Rice $ Vegetable $ Fry $ Stir-Fry $ Dinner $ Gourmet $ Lunar New Year $ Dairy Free $ Asian $ Chinese $ 
https://www.epicurious.com/recipes/food/views/singapore-carrot-cake-238408,"Singapore ""Carrot Cake"" ","1 pound daikon (also called Chinese radish or luo bo) $ 7 tablespoons peanut or vegetable oil $ 2 teaspoons salt $ 1 teaspoon white pepper $ 2 cups finely ground rice flour (not sweet; an Asian brand such as Erawan) $ 2 cups water $ 6 large eggs $ 2 tablespoons chopped garlic $ 1/4 cup ketjap manis (Indonesian sweet soy sauce) or thick soy sauce $ 1 1/2 teaspoons sambal oelek or Sriracha (Southeast Asian chile sauce) plus additional for serving $ 3 scallions, chopped (1/4 cup) $ 1/2 cup loosely packed sprigs fresh cilantro $ a well-seasoned 14-inch flat-bottomed wok with lid $ ",Wok $ Egg $ Garlic $ Herb $ Onion $ Soy $ Vegetable $ Steam $ Stir-Fry $ Vegetarian $ Gourmet $ ,Asian $ Chinese $ ,3/4,5,Wok $ Egg $ Garlic $ Herb $ Onion $ Soy $ Vegetable $ Steam $ Stir-Fry $ Vegetarian $ Gourmet $ Asian $ Chinese $ 
https://www.epicurious.com/recipes/food/views/stir-fried-chicken-with-bell-peppers-and-snow-cabbage-238278,Stir-Fried Chicken with Bell Peppers and Snow Cabbage ,"1 pound skinless boneless chicken breast halves $ 1 egg white $ 2 teaspoons soy sauce $ 2 teaspoons plus 1 tablespoon Shaoxing wine (Chinese rice wine) or dry Sherry $ 1 1/2 teaspoons cornstarch $ 1/4 teaspoon ground white pepper $ 3 teaspoons Asian sesame oil, divided $ 1 (6 1/2-ounce) can preserved snow cabbage, well drained $ 1 teaspoon sugar $ 2 tablespoons peanut oil or vegetable oil, divided $ 1 medium-size red bell pepper, cut into matchstick-size strips $ 1 medium-size green bell pepper, cut into matchstick-size strips $ 1/4 teaspoon salt $ ",Wok $ Chicken $ Egg $ Pepper $ Soy $ Vegetable $ Stir-Fry $ Dinner $ Lunch $ Bon Appétit $ Dairy Free $ Tree Nut Free $ Kosher $ ,Asian $ Chinese $ ,2.5/4,1,Wok $ Chicken $ Egg $ Pepper $ Soy $ Vegetable $ Stir-Fry $ Dinner $ Lunch $ Bon Appétit $ Dairy Free $ Tree Nut Free $ Kosher $ Asian $ Chinese $ 
https://www.epicurious.com/recipes/food/views/sweet-and-sour-spareribs-238277,Sweet-and-Sour Spareribs ,"2 pounds pork spareribs, well trimmed, cut into single ribs (about 8 to 9 ribs) $ 3/4 cup water $ 3 tablespoons sugar $ 2 (1-inch-diameter 1/2-inch-thick) slices peeled fresh ginger, smashed $ 2 tablespoons soy sauce $ 2 tablespoons Shaoxing wine (Chinese rice wine) or dry Sherry $ 1 tablespoon dark soy sauce $ 1 tablespoon Chinkiang vinegar or balsamic vinegar $ 1 tablespoon ketchup $ 1/2 teaspoon salt $ ",Ginger $ Pork $ Appetizer $ Bon Appétit $ Dairy Free $ Peanut Free $ Tree Nut Free $ ,Asian $ Chinese $ ,3.5/4,7,Ginger $ Pork $ Appetizer $ Bon Appétit $ Dairy Free $ Peanut Free $ Tree Nut Free $ Asian $ Chinese $ 
https://www.epicurious.com/recipes/food/views/crystal-shrimp-238276,Crystal Shrimp ,"1 pound uncooked medium shrimp, peeled, deveined $ 2 1/4 teaspoons salt, divided $ 1 large egg white $ 1 tablespoon plus 1 teaspoon cornstarch $ 1/4 cup low-salt chicken broth $ 2 tablespoons Shaoxing wine (Chinese rice wine) or dry Sherry $ 1 teaspoon Asian sesame oil $ 1/4 teaspoon ground white pepper $ 4 cups peanut oil or vegetable oil $ 1/2 cup (1-inch-long pieces) green onions $ 4 quarter-size slices peeled fresh ginger, crushed with side of heavy large knife $ 3/4 cup frozen green peas, thawed $ ",Wok $ Egg $ Fish $ Ginger $ Onion $ Vegetable $ Fry $ Dinner $ Lunch $ Bon Appétit $ Sugar Conscious $ Dairy Free $ Wheat/Gluten-Free $ Tree Nut Free $ Soy Free $ ,Asian $ Chinese $ ,2.5/4,3,Wok $ Egg $ Fish $ Ginger $ Onion $ Vegetable $ Fry $ Dinner $ Lunch $ Bon Appétit $ Sugar Conscious $ Dairy Free $ Wheat/Gluten-Free $ Tree Nut Free $ Soy Free $ Asian $ Chinese $ 
https://www.epicurious.com/recipes/food/views/five-spice-tofu-stir-fry-with-carrots-and-celery-238275,Five-Spice Tofu Stir-Fry with Carrots and Celery ,"2 tablespoons peanut oil or vegetable oil, divided $ 8 ounces savory baked five-spice tofu cakes (about 2 squares), cut into matchstick-size strips $ 2 cups matchstick-size strips carrots (about 3 medium) $ 2 cups matchstick-size strips celery (about 3 long stalks) $ 1/3 cup finely chopped rinsed canned Szechuan preserved vegetable (about 1 1/4 ounces) $ 1 tablespoon Shaoxing wine (Chinese rice wine) or dry Sherry $ 1/2 teaspoon salt $ 1/2 teaspoon sugar $ 1/4 teaspoon ground white pepper $ 2 teaspoons Asian sesame oil $ ",Wok $ Soy $ Vegetable $ Stir-Fry $ Vegetarian $ Dinner $ Lunch $ Vegan $ Bon Appétit $ Pescatarian $ Dairy Free $ Wheat/Gluten-Free $ Tree Nut Free $ Soy Free $ Kosher $ ,Asian $ Chinese $ ,3/4,4,Wok $ Soy $ Vegetable $ Stir-Fry $ Vegetarian $ Dinner $ Lunch $ Vegan $ Bon Appétit $ Pescatarian $ Dairy Free $ Wheat/Gluten-Free $ Tree Nut Free $ Soy Free $ Kosher $ Asian $ Chinese $ 
https://www.epicurious.com/recipes/food/views/pork-and-noodle-soup-with-shiitake-and-snow-cabbage-238274,Pork and Noodle Soup with Shiitake and Snow Cabbage ,"1 1/2 ounces medium-size dried shiitake mushrooms (dried forest mushrooms) $ 1 cup cold water $ 6 cups low-salt chicken broth $ 2 (1-inch-diameter 1/8-inch-thick slices) peeled fresh ginger $ 1 pound fresh Shanghai noodles $ 3 tablespoons peanut oil or vegetable oil, divided $ 12 ounces pork butt, trimmed, cut into 2-inch-long matchstick-size strips $ 1 tablespoon Shaoxing wine (Chinese rice wine) or dry Sherry $ 1 tablespoon soy sauce $ 1 (6 1/2-ounce) can preserved snow cabbage, well drained $ 1 cup drained canned bamboo shoot strips (most of one 8-ounce can) $ 3/4 teaspoon sugar $ ",Soup/Stew $ Wok $ Ginger $ Mushroom $ Pasta $ Pork $ Stir-Fry $ Bon Appétit $ ,Asian $ Chinese $ ,4/4,5,Soup/Stew $ Wok $ Ginger $ Mushroom $ Pasta $ Pork $ Stir-Fry $ Bon Appétit $ Asian $ Chinese $ 
https://www.epicurious.com/recipes/food/views/soy-marinated-fish-238273,Soy-Marinated Fish ,"1 1/2 pounds 3/4-inch-thick hake or pollack fillets, cut into 2x3- or 2x4-inch pieces $ 1/2 cup chopped green onions $ 3 tablespoons minced peeled fresh ginger $ 3 tablespoons Shaoxing wine (Chinese rice wine) or dry Sherry, divided $ 2 tablespoons peanut oil or vegetable oil, divided $ 1 tablespoon soy sauce $ 3 tablespoons sugar $ 2 tablespoons soy sauce $ 2 tablespoons Asian sesame oil $ 2 tablespoons Shaoxing wine (Chinese rice wine) or dry Sherry $ 1 tablespoon dark soy sauce $ 1 whole star anise $ 1/4 cup chopped green onions $ ",Wine $ Wok $ Fish $ Ginger $ Onion $ Soy $ Appetizer $ Marinate $ Dinner $ Sherry $ Soy Sauce $ Bon Appétit $ Pescatarian $ Dairy Free $ Tree Nut Free $ Kosher $ ,Asian $ Chinese $ ,3.5/4,6,Wine $ Wok $ Fish $ Ginger $ Onion $ Soy $ Appetizer $ Marinate $ Dinner $ Sherry $ Soy Sauce $ Bon Appétit $ Pescatarian $ Dairy Free $ Tree Nut Free $ Kosher $ Asian $ Chinese $ 
https://www.epicurious.com/recipes/food/views/shanghai-soup-dumplings-238272,Shanghai Soup Dumplings ,"10 cups plus 3 tablespoons (or more) water $ 2 3/4 to 3 pounds chicken wings, backs, and necks $ 2 1/2 ounces Chinese-style cured smoked ham or Smithfield ham, cut into 4 slices $ 3/4 cup coarsely chopped green onions (white parts only) $ 2 (1-inch-diameter 1/2-inch-thick) slices peeled fresh ginger $ 1 whole dried shiitake mushroom $ 1 large garlic clove, flattened $ 1 tablespoon soy sauce $ 2 teaspoons Shaoxing wine (Chinese rice wine) $ 1 tablespoon unflavored gelatin (from 2 envelopes) $ 1 cup black vinegar $ 6 tablespoons soy sauce $ 2 tablespoons very thin matchstick-size strips peeled fresh ginger $ 1 pound ground pork $ 1/4 pound peeled deveined uncooked shrimp, finely chopped $ 1/3 cup finely chopped green onions (white parts only) $ 3 tablespoons sugar $ 2 tablespoons soy sauce $ 1 large garlic clove, minced $ 3/4 teaspoon salt $ 1/2 teaspoon ground black pepper $ 1/2 teaspoon finely grated peeled fresh ginger $ 1/2 teaspoon Shaoxing wine (Chinese rice wine) $ 1/4 teaspoon Asian sesame oil $ 75 (about) 3-inch square or round dumpling wrappers (from two 14-ounce packages) $ 1 large head of Napa cabbage, leaves separated $ ",Soup/Stew $ Chicken $ Fish $ Garlic $ Ginger $ Leafy Green $ Mushroom $ Onion $ Pork $ Soy $ Appetizer $ Steam $ Cocktail Party $ Entertaining $ Bon Appétit $ Sugar Conscious $ Kidney Friendly $ Peanut Free $ Tree Nut Free $ ,Asian $ Chinese $ ,3/4,21,Soup/Stew $ Chicken $ Fish $ Garlic $ Ginger $ Leafy Green $ Mushroom $ Onion $ Pork $ Soy $ Appetizer $ Steam $ Cocktail Party $ Entertaining $ Bon Appétit $ Sugar Conscious $ Kidney Friendly $ Peanut Free $ Tree Nut Free $ Asian $ Chinese $ 
https://www.epicurious.com/recipes/food/views/sesame-onion-nan-238120,Sesame Onion Nan ,3/4 cup plus 2 tablespoons warm water (105–115°F) $ 1 teaspoon sugar $ 1 teaspoon active dry yeast (from a 1/4-ounce package) $ 3 3/4 cups unbleached all-purpose flour plus 1/4 cup for kneading $ 2 teaspoons salt $ 1 teaspoon baking powder $ 1/2 cup whole-milk plain yogurt $ 1 large egg $ 2 tablespoons vegetable oil $ 1 medium onion $ 2 tablespoons sesame seeds $ 3 tablespoons vegetable oil $ a pizza/baking stone; parchment paper; a pizza/baking peel (optional); a large thick skewer $ ,Egg $ Side $ Bake $ Vegetarian $ Yogurt $ Gourmet $ Pescatarian $ Peanut Free $ Tree Nut Free $ Soy Free $ Kosher $ ,Chinese $ ,2.5/4,2,Egg $ Side $ Bake $ Vegetarian $ Yogurt $ Gourmet $ Pescatarian $ Peanut Free $ Tree Nut Free $ Soy Free $ Kosher $ Chinese $ 
https://www.epicurious.com/recipes/food/views/ginger-scented-chicken-soup-237657,Ginger-Scented Chicken Soup ,"1 large bunch fresh cilantro (1/4 pound) $ 1/2 cup finely chopped peeled fresh ginger plus 1/2 cup very fine matchsticks $ 1 (3-pound) whole chicken $ 2 bunches scallions (7 ounces total) $ 10 cups water $ 3/4 cup Chinese rice wine or medium-dry Sherry $ 1 tablespoon salt $ 3 carrots, thinly sliced crosswise $ 1/2 pound dried thin egg noodles (4 cups) $ ",Soup/Stew $ Chicken $ Ginger $ Herb $ Onion $ Pasta $ Vegetable $ Cilantro $ Gourmet $ ,Chinese $ ,3.5/4,14,Soup/Stew $ Chicken $ Ginger $ Herb $ Onion $ Pasta $ Vegetable $ Cilantro $ Gourmet $ Chinese $ 
https://www.epicurious.com/recipes/food/views/vegetarian-style-congee-em-xi-fan-em-237647,Vegetarian-Style Congee (Xi-fan) ,"2 tablespoons vegetable oil $ 2 garlic cloves, crushed and finely chopped $ 1 tablespoon freshly grated ginger $ 6 dried Chinese mushrooms, soaked in hot water for 20 minutes, stems discarded, finely chopped $ 1 small carrot, diced $ 1 cup brown basmati rice $ 1 cup equal parts green split peas, whole green lentils, whole grain, barley flakes and pearl barley $ 12 cups boiling water $ 1 red bell pepper, finely diced $ 4 cups vegetable stock $ Handful of canned bamboo shoots, chopped $ 2 tablespoons light soy sauce $ 1 tablespoon toasted sesame oil $ Pinch of freshly ground black pepper $ Small handful of cilantro leaves and stems, chopped $ ",Wok $ Garlic $ Herb $ Mushroom $ Pepper $ Rice $ Vegetable $ Stir-Fry $ Vegetarian $ Barley $ Lentil $ ,Asian $ Chinese $ ,3.5/4,3,Wok $ Garlic $ Herb $ Mushroom $ Pepper $ Rice $ Vegetable $ Stir-Fry $ Vegetarian $ Barley $ Lentil $ Asian $ Chinese $ 
https://www.epicurious.com/recipes/food/views/chicken-wings-with-black-bean-sauce-237583,Chicken Wings with Black-Bean Sauce ,"2 pounds chicken wings $ 1/2 cup reduced-sodium chicken broth $ 2 teaspoons soy sauce $ 2 teaspoons cornstarch $ 1 teaspoon sugar $ 2 tablespoons peanut or vegetable oil $ 1 tablespoon Chinese fermented black beans, rinsed and drained $ 1 tablespoon finely chopped garlic $ 2 teaspoons finely chopped peeled fresh ginger $ 1/8 teaspoon dried hot red-pepper flakes $ a well-seasoned 14-inch flat-bottomed wok with cover $ ",Wok $ Chicken $ Garlic $ Ginger $ Poultry $ Appetizer $ Stir-Fry $ Gourmet $ Sugar Conscious $ Dairy Free $ Tree Nut Free $ Kosher $ ,Asian $ Chinese $ ,3.5/4,3,Wok $ Chicken $ Garlic $ Ginger $ Poultry $ Appetizer $ Stir-Fry $ Gourmet $ Sugar Conscious $ Dairy Free $ Tree Nut Free $ Kosher $ Asian $ Chinese $ 
https://www.epicurious.com/recipes/food/views/pork-fried-rice-237524,Pork Fried Rice ,"400 g (13 oz) pork fillets $ 1/3 cup vegetable oil $ 4 free-range eggs, lightly beaten $ 1 small red onion, finely diced $ 1 tablespoon finely diced ginger $ 2 teaspoons white sugar $ 2 tablespoons hoisin sauce $ 2 tablespoons light soy sauce $ 1 tablespoon malt vinegar $ 1/4 teaspoon sesame oil $ 4 cups steamed rice $ 2/3 cup finely sliced spring onions (scallions) $ ",Wok $ Egg $ Pork $ Rice $ Side $ Stir-Fry $ Sugar Conscious $ Kidney Friendly $ Dairy Free $ Peanut Free $ Tree Nut Free $ ,Asian $ Chinese $ ,4/4,48,Wok $ Egg $ Pork $ Rice $ Side $ Stir-Fry $ Sugar Conscious $ Kidney Friendly $ Dairy Free $ Peanut Free $ Tree Nut Free $ Asian $ Chinese $ 
https://www.epicurious.com/recipes/food/views/shredded-pork-with-garlic-sauce-237523,Shredded Pork with Garlic Sauce ,"8 ounces fresh ham or pork butt, cut into pieces 2 inches long, one quarter inch wide, and one quarter inch thick $ 1 large egg white $ 1 teaspoon cornstarch $ one eighth teaspoon salt $ Vegetable oil, for passing through $ 3 tablespoons distilled white vinegar $ 3 tablespoons soy sauce $ 3 tablespoons sugar $ 2 tablespoons rice wine or dry sherry $ 1 tablespoon cornstarch $ One 1/2-inch piece peeled fresh ginger, minced $ 3 garlic cloves, sliced 1/8-inch thick $ 2 scallions, white part only, cut into thin 2-inch-long strips $ 1/2 cup canned sliced bamboo shoots (cut into thin 2-inch-long strips) $ 1/2 cup sliced water chestnuts $ 1/2 cup dried tree ears, soaked in hot tap water until softened, drained, patted dry, and torn by hand into 1-inch pieces $ 1/2 medium red bell pepper, seeds and ribs removed, cut into thin 2-inch-long strips $ 1 1/2 tablespoons hot chili paste $ 1 teaspoon hot chili oil, optional $ 1 teaspoon dark sesame oil $ ",Wok $ Egg $ Garlic $ Ginger $ Pork $ Soy $ Stir-Fry $ ,Asian $ Chinese $ ,3/4,6,Wok $ Egg $ Garlic $ Ginger $ Pork $ Soy $ Stir-Fry $ Asian $ Chinese $ 
https://www.epicurious.com/recipes/food/views/marinated-tri-tip-with-chinese-mustard-sauce-and-roasted-green-onions-and-mushrooms-237321,Marinated Tri-Tip with Chinese Mustard Sauce and Roasted Green Onions and Mushrooms ,"1/3 cup dry red wine $ 2 tablespoons soy sauce $ 3 garlic gloves, minced $ 1 teaspoon plus 2 tablespoons dry mustard $ 1 1 1/2-pound beef tri-tip roast $ 2 tablespoons honey $ 2 tablespoons water $ 1/4 teaspoon salt $ 3 bunches green onions, root ends trimmed, dark green tops cut off and discarded $ 1 pound or three 6-ounce packages baby portobello mushrooms $ 2 tablespoons olive oil $ ",Beef $ Garlic $ Mushroom $ Mustard $ Onion $ Roast $ Father's Day $ Dinner $ Bon Appétit $ Dairy Free $ Peanut Free $ Tree Nut Free $ ,Chinese $ ,2.5/4,13,Beef $ Garlic $ Mushroom $ Mustard $ Onion $ Roast $ Father's Day $ Dinner $ Bon Appétit $ Dairy Free $ Peanut Free $ Tree Nut Free $ Chinese $ 
https://www.epicurious.com/recipes/food/views/banana-and-mango-spring-rolls-with-coconut-chocolate-ganache-237110,Banana and Mango Spring Rolls with Coconut-Chocolate Ganache ,"1 (14-ounce) can unsweetened coconut milk $ 1/3 cup palm sugar or 1/3 cup (packed) golden brown sugar $ 1 1/2 teaspoons ground ginger $ 8 ounces semisweet chocolate, chopped $ 8 (8-inch) square frozen spring roll pastry wrappers, thawed $ 4 small ripe Chinese bananas (dwarf bananas), peeled, halved lengthwise, or 2 regular bananas, peeled, halved lengthwise, then halved crosswise $ 2 Champagne mangoes (small orange kidney-shaped mangoes) or 1 regular mango, peeled, pitted, cut lengthwise into 3-inch-long, 1/2-inch-wide strips $ 1 egg, beaten to blend $ Vegetable oil (preferably grapeseed oil; for frying) $ Fresh mint sprigs $ ",Chocolate $ Dessert $ Fry $ Cocktail Party $ Lunar New Year $ Banana $ Mango $ Bon Appétit $ Vegetarian $ Pescatarian $ Peanut Free $ Tree Nut Free $ Soy Free $ Kosher $ ,Asian $ Chinese $ ,3/4,16,Chocolate $ Dessert $ Fry $ Cocktail Party $ Lunar New Year $ Banana $ Mango $ Bon Appétit $ Vegetarian $ Pescatarian $ Peanut Free $ Tree Nut Free $ Soy Free $ Kosher $ Asian $ Chinese $ 
https://www.epicurious.com/recipes/food/views/golden-crisp-daikon-cake-with-spicy-herb-soy-sauce-237085,Golden Crisp Daikon Cake with Spicy Herb Soy Sauce ,"1 1/2 pounds daikon (Asian white radish), peeled, cut into 1-inch pieces $ 2 Chinese sweet pork sausages (lop chong), cut into 1/4-inch cubes (about 3 ounces) $ 1/2 cup finely chopped green onions (about 3 large) $ 2 tablespoons small dried shrimp, finely chopped $ 1 1/2 cups water, divided $ Nonstick vegetable oil spray $ 1 1/2 cups rice flour $ 1 cup soy sauce $ 1 tablespoon Asian sesame oil $ 2 tablespoons (or more) vegetable oil, divided $ 1 cup fresh cilantro leaves $ 1 tablespoon grated peeled fresh ginger, juices included $ 2 small Thai red chiles, halved lengthwise, seeds removed, thinly sliced crosswise or 1 tablespoon hot chili sauce (such as sriracha) $ 1 tablespoon sesame seeds, toasted $ ",Food Processor $ Herb $ Onion $ Pepper $ Pork $ Vegetable $ Appetizer $ Steam $ Cocktail Party $ High Fiber $ Lunar New Year $ Sausage $ Shrimp $ Hot Pepper $ Bon Appétit $ Sugar Conscious $ Peanut Free $ Tree Nut Free $ No Sugar Added $ ,Chinese $ ,4/4,5,Food Processor $ Herb $ Onion $ Pepper $ Pork $ Vegetable $ Appetizer $ Steam $ Cocktail Party $ High Fiber $ Lunar New Year $ Sausage $ Shrimp $ Hot Pepper $ Bon Appétit $ Sugar Conscious $ Peanut Free $ Tree Nut Free $ No Sugar Added $ Chinese $ 
https://www.epicurious.com/recipes/food/views/baby-bok-choy-with-braised-shiitake-sauce-237106,Baby Bok Choy with Braised Shiitake Sauce ,"10 large dried shiitake mushrooms (about 1 1/2 ounces) $ 3 tablespoons vegetable oil, divided $ 8 baby bok choy, halved lengthwise $ 1 teaspoon tapioca starch or cornstarch $ 1 tablespoon water $ 1 large garlic clove, minced $ 1 cup low-salt chicken broth $ 1 tablespoon soy sauce $ 1 tablespoon oyster sauce $ 1 tablespoon Asian sesame oil $ 1 teaspoon sugar $ 1 1-inch piece fresh ginger, peeled, cut into very thin matchstick-size strips (about 2 tablespoons) $ ",Garlic $ Mushroom $ Side $ Low Cal $ High Fiber $ Lunar New Year $ Bok Choy $ Bon Appétit $ Sugar Conscious $ Kidney Friendly $ Peanut Free $ Tree Nut Free $ ,Asian $ Chinese $ ,3/4,15,Garlic $ Mushroom $ Side $ Low Cal $ High Fiber $ Lunar New Year $ Bok Choy $ Bon Appétit $ Sugar Conscious $ Kidney Friendly $ Peanut Free $ Tree Nut Free $ Asian $ Chinese $ 
https://www.epicurious.com/recipes/food/views/jasmine-rice-with-garlic-ginger-and-cilantro-237105,"Jasmine Rice with Garlic, Ginger, and Cilantro ","3 cups jasmine rice $ 3 tablespoons vegetable oil $ 1/3 cup finely chopped peeled fresh ginger $ 3 large garlic cloves, minced $ 4 1/2 cups low-salt chicken broth $ 3/4 teaspoon salt $ 1 large bunch fresh cilantro, 2 inches of bottom stems trimmed and discarded, tops and remaining stems coarsely chopped $ ",Garlic $ Ginger $ Rice $ Side $ Lunar New Year $ Cilantro $ Bon Appétit $ Sugar Conscious $ Dairy Free $ Wheat/Gluten-Free $ Peanut Free $ Tree Nut Free $ Soy Free $ No Sugar Added $ Kosher $ ,Chinese $ ,3.5/4,52,Garlic $ Ginger $ Rice $ Side $ Lunar New Year $ Cilantro $ Bon Appétit $ Sugar Conscious $ Dairy Free $ Wheat/Gluten-Free $ Peanut Free $ Tree Nut Free $ Soy Free $ No Sugar Added $ Kosher $ Chinese $ 
https://www.epicurious.com/recipes/food/views/twice-cooked-five-spice-lamb-with-red-chiles-237099,Twice-Cooked Five-Spice Lamb with Red Chiles ,"6 large meaty lamb shanks (about 7 1/2 pounds) $ 2/3 cup sugar $ 6 tablespoons plus 6 cups water, divided $ 1 cup soy sauce $ 1/2 cup black vinegar $ 1 (4-ounce) piece fresh ginger, peeled, sliced (about 2/3 cup) $ 12 whole star anise $ 8 large garlic cloves, peeled, crushed $ 4 2-inch-long small dried red chiles $ 2 teaspoons Chinese five-spice powder $ 2 green onions, thinly sliced on diagonal $ ",Garlic $ Lamb $ Lunar New Year $ Hot Pepper $ Anise $ Soy Sauce $ Simmer $ Bon Appétit $ ,Chinese $ ,3.5/4,12,Garlic $ Lamb $ Lunar New Year $ Hot Pepper $ Anise $ Soy Sauce $ Simmer $ Bon Appétit $ Chinese $ 
https://www.epicurious.com/recipes/food/views/asian-noodles-with-chicken-and-scallions-236648,Asian Noodles with Chicken and Scallions ,"1 lb chicken tenders (not coated or cooked) $ 1 lb fresh or frozen broccoli florets $ 1 lb dried udon (thick wheat noodles) $ 1/2 cup premium oyster sauce (preferably Lee Kum Kee) $ 2 tablespoons hoisin sauce (preferably Lee Kum Kee or Koon Chun) $ 1 tablespoon Asian sesame oil $ 2 teaspoons Chinese chile garlic paste (preferably Lan Chi), or to taste $ 1/2 cup chopped scallions (from 1 bunch) $ 2 teaspoons roasted sesame seeds (optional) $ ",Chicken $ Onion $ Pasta $ Vegetable $ Quick & Easy $ Dinner $ Lunch $ Gourmet $ Lunar New Year $ Dairy Free $ Peanut Free $ Tree Nut Free $ No Sugar Added $ ,Asian $ Chinese $ ,2.5/4,22,Chicken $ Onion $ Pasta $ Vegetable $ Quick & Easy $ Dinner $ Lunch $ Gourmet $ Lunar New Year $ Dairy Free $ Peanut Free $ Tree Nut Free $ No Sugar Added $ Asian $ Chinese $ 
https://www.epicurious.com/recipes/food/views/chinese-glazed-salmon-236143,Chinese Glazed Salmon ,"1 teaspoon oil $ 4 (6-ounce) salmon fillets, cut about 1 inch wide, blotted on paper towels $ Salt and freshly ground black pepper $ 4 tablespoons Chinese barbecue sauce $ 6 slices lean bacon, cut crosswise in half $ Thinly sliced scallions, including most of green part, to garnish $ ",Fish $ Onion $ Pork $ Broil $ Quick & Easy $ ,Asian $ Chinese $ ,0/4,0,Fish $ Onion $ Pork $ Broil $ Quick & Easy $ Asian $ Chinese $ 
https://www.epicurious.com/recipes/food/views/stuffed-nanking-brined-turkey-with-five-treasure-sweet-rice-236128,Stuffed Nanking Brined Turkey with Five Treasure Sweet Rice ,"1 (12 to 14 pound) turkey, preferably organic, quills removed if necessary $ 1 whole nutmeg $ 1 tablespoon whole Sichuan peppercorns* $ 6 whole star anise $ 3 sticks cinnamon $ 1 tablespoon cloves $ 1 tablespoon coriander seeds $ 1/2 teaspoon whole mace (optional) $ 1 (3-inch) piece fresh ginger, unpeeled, sliced $ 1 cup table salt $ 1 1/2 cups Chinese short-grain sticky rice (also called ""sweet"" or glutinous"") $ 1/2 cup pine nuts $ 2 cups bottled peeled, roasted whole chestnuts $ 1 tablespoon sugar $ 1 tablespoon unsalted butter $ 1/4 cup corn or soybean oil $ 3 medium shallots, sliced (about 3/4 cup) $ 3 garlic cloves, sliced $ 8 ounces Chinese sausage or chorizo, thinly sliced $ 1/2 pound shiitake mushrooms, stems removed and thinly sliced $ 1 cup chicken or vegetable stock or low-sodium chicken broth** $ 1 teaspoon kosher salt $ 1/2 teaspoons freshly ground pepper $ 1 stick (1/2 cup) unsalted butter, melted $ 
Red or green peppercorns can be substituted.
 $ **Additional stock may be necessary. $ ",Garlic $ Mushroom $ Nut $ Onion $ Pork $ Rice $ turkey $ Marinate $ Roast $ ,Asian $ Chinese $ ,4/4,8,Garlic $ Mushroom $ Nut $ Onion $ Pork $ Rice $ turkey $ Marinate $ Roast $ Asian $ Chinese $ 
https://www.epicurious.com/recipes/food/views/red-cooked-chicken-with-shiitakes-235741,Red-Cooked Chicken with Shiitakes ,"5 cups water $ 1 cup soy sauce $ 1 cup Chinese rice wine or medium-dry Sherry $ 1/4 cup packed light brown sugar $ 1 (1-inch) cube peeled fresh ginger, smashed $ 3 garlic cloves, peeled and smashed $ 2 (2-inch-long) pieces Asian dried tangerine peel $ 4 whole star anise (1 tablespoon) $ 2 bunches scallions, cut into 1-inch pieces (4 cups) $ 1 (3- to 3 1/2-lb) chicken $ 1 teaspoon Asian sesame oil $ 1 1/2 tablespoons vegetable oil $ 1/2 lb fresh shiitakes, stems discarded and caps cut into 1/4-inch slices $ 1/4 teaspoon salt $ ",Chicken $ Mushroom $ Stir-Fry $ Dinner $ Soy Sauce $ Gourmet $ Dairy Free $ Peanut Free $ Tree Nut Free $ Kosher $ ,Asian $ Chinese $ ,3.5/4,6,Chicken $ Mushroom $ Stir-Fry $ Dinner $ Soy Sauce $ Gourmet $ Dairy Free $ Peanut Free $ Tree Nut Free $ Kosher $ Asian $ Chinese $ 
https://www.epicurious.com/recipes/food/views/chinese-chicken-salad-234995,Chinese Chicken Salad ,"20 square wonton wrappers, thawed if frozen $ About 2 1/2 cups vegetable oil $ 1/2 pound snow peas, trimmed 1 lb Napa cabbage, cored, then cut crosswise into 1/3-inch-wide strips (about 6 cups) $ 1 pound Napa cabbage $ 1 (1-lb) head of romaine, torn into bite-size pieces (about 8 cups) $ 1/4 cup soy sauce $ 1/4 cup fresh lemon juice $ 2 tablespoons sugar $ 1 tablespoon distilled white vinegar $ 1 teaspoon salt $ 1/2 teaspoon black pepper $ 1 tablespoon Asian sesame oil $ 1/4 cup vegetable oil $ 6 cups coarsely shredded cooked chicken (from a 2 1/2-lb rotisserie chicken) $ 1/2 cup chopped scallions $ 1/2 cup chopped fresh cilantro $ 1/2 cup sliced almonds, toasted $ 2 tablespoons sesame seeds, toasted $ a deep-fat thermometer (if making wontons) $ ",Chicken $ Herb $ Nut $ Soy $ Vegetable $ Kid-Friendly $ Lunch $ Pea $ Cabbage $ Gourmet $ California $ Dairy Free $ Peanut Free $ Kosher $ ,American $ Chinese $ ,3.5/4,44,Chicken $ Herb $ Nut $ Soy $ Vegetable $ Kid-Friendly $ Lunch $ Pea $ Cabbage $ Gourmet $ California $ Dairy Free $ Peanut Free $ Kosher $ American $ Chinese $ 
https://www.epicurious.com/recipes/food/views/hoisin-chicken-in-lettuce-leaves-234988,Hoisin Chicken in Lettuce Leaves ,"2 tablespoons vegetable oil $ 1 tablespoon finely chopped peeled fresh ginger $ 1/2 teaspoon salt $ 2 scallions, chopped (1/4 cup) $ 2 skinless boneless chicken breast halves (about 1 lb total), cut into 1/2-inch pieces $ 1 (8-oz) can sliced water chestnuts, rinsed and coarsely chopped $ 1/4 cup bottled hoisin sauce (preferably Lee Kum Kee, House of Tsang, or Koon Chun brand) $ 1 1/2 teaspoons Worcestershire sauce $ 1 teaspoon rice vinegar (not seasoned) $ 1/2 cup pine nuts (2 1/2 oz) $ 12 large red- or green-leaf lettuce leaves $ ",Wok $ Chicken $ Ginger $ Stir-Fry $ Quick & Easy $ Pine Nut $ Summer $ Chestnut $ Lettuce $ Gourmet $ ,American $ Chinese $ ,3/4,66,Wok $ Chicken $ Ginger $ Stir-Fry $ Quick & Easy $ Pine Nut $ Summer $ Chestnut $ Lettuce $ Gourmet $ American $ Chinese $ 
https://www.epicurious.com/recipes/food/views/stir-fried-pork-in-garlic-sauce-233218,Stir-Fried Pork in Garlic Sauce ,"2 tablespoons peanut or vegetable oil $ 2 tablespoons chopped garlic $ 2 small dried chiles $ 1 1/2 pounds boneless pork, preferably from the shoulder (Boston butt or picnic), cut into thin shreds and thoroughly dried $ 1 bunch of scallions, trimmed and cut into 2-inch lengths, white and green parts separated $ 3 tablespoons soy sauce $ ",Garlic $ Pork $ Stir-Fry $ Low/No Sugar $ Dinner $ Sugar Conscious $ Dairy Free $ Tree Nut Free $ No Sugar Added $ ,Asian $ Chinese $ ,3.5/4,5,Garlic $ Pork $ Stir-Fry $ Low/No Sugar $ Dinner $ Sugar Conscious $ Dairy Free $ Tree Nut Free $ No Sugar Added $ Asian $ Chinese $ 
https://www.epicurious.com/recipes/food/views/stir-fried-garlic-lettuce-233211,Stir-Fried Garlic Lettuce ,"1 tablespoon Shaoxing rice wine or dry sherry $ 1 tablespoon soy sauce $ 3/4 teaspoon sugar $ 1/2 teaspoon salt $ 2 tablespoons vegetable oil $ 5 medium garlic cloves, smashed and peeled $ 1 pound hearts of romaine lettuce, cut crosswise into 1-inch-wide pieces $ 1 teaspoon sesame oil (see note) $ ",Wok $ Garlic $ Leafy Green $ Vegetable $ Side $ Stir-Fry $ Vegetarian $ Lettuce $ Sugar Conscious $ Vegan $ Pescatarian $ Dairy Free $ Peanut Free $ Tree Nut Free $ Kosher $ ,Asian $ Chinese $ ,3.5/4,4,Wok $ Garlic $ Leafy Green $ Vegetable $ Side $ Stir-Fry $ Vegetarian $ Lettuce $ Sugar Conscious $ Vegan $ Pescatarian $ Dairy Free $ Peanut Free $ Tree Nut Free $ Kosher $ Asian $ Chinese $ 
https://www.epicurious.com/recipes/food/views/fried-rice-with-ham-egg-and-scallions-231333,"Fried Rice with Ham, Egg, and Scallions ","2 tablespoons vegetable oil $ 1 tablespoon minced garlic $ 1/2 cup chopped scallions $ 4 cups cold cooked rice $ 3/4 cup frozen peas $ 1 large egg, beaten $ 1 cup diced smoked ham $ 1/2 teaspoon salt $ 1/4 teaspoon ground white pepper $ ",Egg $ Pork $ Rice $ Side $ Stir-Fry $ Quick & Easy $ Sugar Conscious $ Dairy Free $ Wheat/Gluten-Free $ Peanut Free $ Tree Nut Free $ Soy Free $ No Sugar Added $ ,Asian $ Chinese $ ,3/4,8,Egg $ Pork $ Rice $ Side $ Stir-Fry $ Quick & Easy $ Sugar Conscious $ Dairy Free $ Wheat/Gluten-Free $ Peanut Free $ Tree Nut Free $ Soy Free $ No Sugar Added $ Asian $ Chinese $ 
https://www.epicurious.com/recipes/food/views/modern-chop-suey-with-shallots-ginger-and-garlic-essence-231414,"Modern Chop Suey with Shallots, Ginger, and Garlic Essence ","10 fresh shiitake mushroom caps, thinly sliced $ 10 fresh oyster mushroom caps, thinly sliced $ 10 ears canned baby corn, rinsed $ 3 ounces thin green beans such as haricots verts, trimmed and cut into 3-inch pieces (about 1 cup) $ 1/2 small jicama, peeled and cut into 1/8-inch matchsticks (about 1/2 cup) $ 2 stalks celery, trimmed and cut into 1/8-inch matchsticks (about 1/2 cup) $ 2 carrots, peeled and cut into 1/8-inch matchsticks (about 1/2 cup) $ 3 medium asparagus spears, trimmed and cut into 2-inch pieces $ 2-ounce piece fresh lotus root, cut into 1/4-inch-thick slices $ 1/2 small red onion, thinly sliced (about 1/2 cup) $ 1/2 cup canned low-salt chicken broth $ 2 tablespoons dry white wine such as Chardonnay $ 1 teaspoon mushroom soy sauce or light soy sauce* $ 1 teaspoon fish sauce (nam pla)* $ 1 tablespoon oyster sauce* $ 1 tablespoon sugar $ 2 teaspoons cornstarch $ 1 teaspoon finely chopped peeled fresh ginger $ 1 large garlic clove, finely chopped $ 1 shallot, finely chopped $ 4 ounces firm tofu, drained, rinsed, and cut into 1/2-inch matchsticks $ Asian sesame oil, for drizzling $ Fresh cilantro sprigs, for garnish $ *Available at Asian markets $ ",Wok $ Mushroom $ Soy $ Vegetable $ Stir-Fry $ Kid-Friendly $ Tofu $ Birthday $ Potluck $ ,Asian $ Chinese $ ,3/4,9,Wok $ Mushroom $ Soy $ Vegetable $ Stir-Fry $ Kid-Friendly $ Tofu $ Birthday $ Potluck $ Asian $ Chinese $ 
https://www.epicurious.com/recipes/food/views/asian-potato-latkes-231413,Asian Potato Latkes ,"4 large all-purpose potatoes (about 2 1/2 pounds), peeled $ 1/2 cup fresh cilantro, finely chopped (about 1 small bunch) $ 1/4 cup fresh ginger, finely chopped (1 ounce, about a 2-inch piece) $ 2 cups dry Italian breadcrumbs, plus additional, if needed $ 1 cup heavy cream $ 1 teaspoon unsalted butter $ ",Food Processor $ Mixer $ Potato $ Appetizer $ Cocktail Party $ Kid-Friendly $ Pan-Fry $ Party $ Potluck $ Sugar Conscious $ Kidney Friendly $ Vegetarian $ Pescatarian $ Peanut Free $ Tree Nut Free $ Soy Free $ Kosher $ ,Chinese $ Cantonese $ ,3.5/4,8,Food Processor $ Mixer $ Potato $ Appetizer $ Cocktail Party $ Kid-Friendly $ Pan-Fry $ Party $ Potluck $ Sugar Conscious $ Kidney Friendly $ Vegetarian $ Pescatarian $ Peanut Free $ Tree Nut Free $ Soy Free $ Kosher $ Chinese $ Cantonese $ 
https://www.epicurious.com/recipes/food/views/chicken-roasted-with-onions-and-soy-sauce-230586,Chicken Roasted with Onions and Soy Sauce ,"3 pounds chicken breasts, with bones and skin, cleaned thoroughly but with some of its fat retained, and dried; each breast cut into quarters $ 2 tablespoons Chinese white rice wine or gin $ 3 tablespoons double dark soy sauce $ 1 tablespoon sesame oil $ 1 1/2 teaspoons salt $ 1 1/2 tablespoons sugar $ 1 tablespoon Chinese white rice vinegar or distilled vinegar $ 1 teaspoon fresh ground black pepper $ 4 garlic cloves, thinly sliced $ 1 1/2 tablespoons peanut oil $ 4 cups thinly sliced onions $ ",Chicken $ Onion $ Roast $ Kid-Friendly $ Soy Sauce $ ,Chinese $ ,3.5/4,47,Chicken $ Onion $ Roast $ Kid-Friendly $ Soy Sauce $ Chinese $ 
https://www.epicurious.com/recipes/food/views/scallop-siu-mai-spring-moon-231412,Scallop Siu Mai Spring Moon ,8 dried shiitake mushrooms $ 8 ounces fresh sea scallops $ 10 ounces ground pork (about 1 1/3 cups) $ 1 teaspoon cornstarch $ 1 teaspoon sesame oil $ 1 teaspoon salt $ 1/2 teaspoon sugar $ 1/2 teaspoon ground white pepper $ 24 round won ton wrappers $ 1/4 cup minced carrots $ 4 large Napa cabbage leaves or cheesecloth $ ,Wok $ Shellfish $ Appetizer $ Steam $ Cocktail Party $ Kid-Friendly $ Poker/Game Night $ Engagement Party $ Potluck $ Sugar Conscious $ Dairy Free $ Wheat/Gluten-Free $ Peanut Free $ Tree Nut Free $ Soy Free $ ,Asian $ Chinese $ ,3/4,2,Wok $ Shellfish $ Appetizer $ Steam $ Cocktail Party $ Kid-Friendly $ Poker/Game Night $ Engagement Party $ Potluck $ Sugar Conscious $ Dairy Free $ Wheat/Gluten-Free $ Peanut Free $ Tree Nut Free $ Soy Free $ Asian $ Chinese $ 
https://www.epicurious.com/recipes/food/views/lee-wan-chings-chinese-broccoli-with-ginger-sauce-231411,Lee Wan Ching's Chinese Broccoli with Ginger Sauce ,6 medium stalks Chinese broccoli (about 12 ounces) $ 1/4 cup chicken broth $ 1 1/2 teaspoons Shao Hsing rice wine or dry sherry $ 1 teaspoon ginger juice $ 1/2 teaspoon cornstarch $ 1/4 teaspoon salt $ 1/8 teaspoon sugar $ 1 tablespoon vegetable oil $ 3 slices ginger $ ,Wok $ Ginger $ Vegetable $ Stir-Fry $ Kid-Friendly $ Broccoli $ ,Asian $ Chinese $ ,3.5/4,10,Wok $ Ginger $ Vegetable $ Stir-Fry $ Kid-Friendly $ Broccoli $ Asian $ Chinese $ 
https://www.epicurious.com/recipes/food/views/buddhas-delight-233790,Buddha's Delight ,"12 large dried black mushrooms (3 oz) $ 5 cups boiling-hot water plus additional for soaking bean curd skins $ 2 dried bean curd skins (2 oz total) $ 1/2 lb fresh or thawed frozen large bamboo shoots $ 2 to 3 oz very thin bean thread noodles (2 small skeins; also known as cellophane, glass, or mung bean noodles) $ 1 (1/2-lb) firm fresh tofu cake, or 1/2 cake from a 14- to 16-oz package, rinsed and drained $ 2 tablespoons peanut or vegetable oil $ 1 (1/2-inch) piece fresh ginger, peeled and very thinly sliced 2 garlic cloves, chopped $ 1/2 cup peeled shelled fresh or frozen ginkgo nuts $ 1/3 cup vegetarian oyster sauce $ 1/4 cup light soy sauce (preferably Pearl River Bridge brand) $ 1/4 cup Chinese rice wine (preferably Shaoxing) or medium-dry Sherry $ 3/4 teaspoon sugar $ 2 cups fresh soybean sprouts (1/4 lb) $ 2 romaine hearts, trimmed and quartered lengthwise, then cut into 2-inch pieces (6 cups) $ ",Ginger $ Mushroom $ Sauté $ Vegetarian $ Lunar New Year $ Tofu $ Sherry $ Vegan $ Noodle $ Soy Sauce $ Lettuce $ Gourmet $ ,Chinese $ ,4/4,5,Ginger $ Mushroom $ Sauté $ Vegetarian $ Lunar New Year $ Tofu $ Sherry $ Vegan $ Noodle $ Soy Sauce $ Lettuce $ Gourmet $ Chinese $ 
https://www.epicurious.com/recipes/food/views/winter-melon-soup-233787,Winter Melon Soup ,"1 (3- to 3 1/2-lb) whole chicken $ 1 bunch scallions, halved crosswise $ 2 oz Smithfield or other cured ham (1 piece or sliced), trimmed of any spice coating $ 1 (1-inch) piece peeled fresh ginger, smashed $ 14 cups water $ 1 tablespoon salt $ 5 (1-inch-wide) large dried scallops $ 1 (2-lb) wedge winter melon $ 2 oz Smithfield or other cured ham (1 piece or sliced), trimmed of any spice coating and cut into very thin matchsticks (1/2 cup) $ 1 (2-inch) piece fresh ginger, peeled and cut into very thin matchsticks (2 tablespoons) $ 3 scallions, thinly sliced (1/2 cup) $ ",Soup/Stew $ Chicken $ Ginger $ Appetizer $ Lunar New Year $ Melon $ Ham $ Scallop $ Winter $ Simmer $ Gourmet $ Sugar Conscious $ Paleo $ Dairy Free $ Wheat/Gluten-Free $ Peanut Free $ Tree Nut Free $ Soy Free $ No Sugar Added $ ,Chinese $ ,3.5/4,10,Soup/Stew $ Chicken $ Ginger $ Appetizer $ Lunar New Year $ Melon $ Ham $ Scallop $ Winter $ Simmer $ Gourmet $ Sugar Conscious $ Paleo $ Dairy Free $ Wheat/Gluten-Free $ Peanut Free $ Tree Nut Free $ Soy Free $ No Sugar Added $ Chinese $ 
https://www.epicurious.com/recipes/food/views/white-cut-chicken-233793,White-Cut Chicken ,"1 (3- to 3 1/2-lb) whole chicken (with head and feet if desired), neck (if without head) and giblets reserved for another use if desired $ 1 bunch scallions, halved crosswise $ 2 oz Smithfield or other cured ham (1 piece or sliced), trimmed of any spice coating $ 6 (1/4-inch-thick) round slices peeled fresh ginger $ 14 cups water $ 1 teaspoon salt $ 1 teaspoon Asian sesame oil $ 1/2 cup fresh cilantro leaves $ 1 bunch scallions (white and pale green parts only), cut into very thin 2-inch strips $ 3 tablespoons light soy sauce (preferably Pearl River Bridge brand) $ 3 tablespoons peanut or vegetable oil $ 1 tablespoon finely grated (with a rasp) peeled fresh ginger $ well-seasoned 14-inch flat-bottomed wok $ heavy cleaver $ a rasp grater; a well-seasoned 14-inch flat-bottomed wok; a heavy cleaver $ ",Chicken $ Ginger $ Leafy Green $ Onion $ Appetizer $ Quick & Easy $ Dinner $ Lunar New Year $ Ham $ Cilantro $ Boil $ Gourmet $ Sugar Conscious $ Dairy Free $ Tree Nut Free $ No Sugar Added $ ,Chinese $ ,3.5/4,5,Chicken $ Ginger $ Leafy Green $ Onion $ Appetizer $ Quick & Easy $ Dinner $ Lunar New Year $ Ham $ Cilantro $ Boil $ Gourmet $ Sugar Conscious $ Dairy Free $ Tree Nut Free $ No Sugar Added $ Chinese $ 
https://www.epicurious.com/recipes/food/views/mu-shu-in-moments-233797,Mu Shu in Moments ,"1/4 cup peanut or vegetable oil $ 2 large eggs, lightly beaten $ 2 teaspoons finely grated peeled fresh ginger $ 1 garlic clove, finely chopped $ 1/4 teaspoon dried hot red pepper flakes $ 1 (16-oz) bag coleslaw mix $ 1/4 cup water $ 2 tablespoons soy sauce $ 1 teaspoon Asian sesame oil $ 3 tablespoons hoisin sauce $ 1 bunch scallions, coarsely chopped $ 8 (6-inch) flour tortillas (not low-fat) $ 2 1/2 to 3 cups coarsely shredded cooked chicken, without skin (from a 2-lb rotisserie chicken) $ Accompaniments: hoisin sauce; chopped scallions $ ",Chicken $ Egg $ Sauté $ Quick & Easy $ Dinner $ Cabbage $ Tortillas $ Gourmet $ Dairy Free $ Tree Nut Free $ Kosher $ ,Chinese $ ,3/4,91,Chicken $ Egg $ Sauté $ Quick & Easy $ Dinner $ Cabbage $ Tortillas $ Gourmet $ Dairy Free $ Tree Nut Free $ Kosher $ Chinese $ 
https://www.epicurious.com/recipes/food/views/black-bean-shrimp-with-chinese-broccoli-233803,Black-Bean Shrimp with Chinese Broccoli ,"3/4 cup homemade chicken broth (reserved from winter melon soup ) or store-bought chicken broth (reduced-sodium if canned) $ 3 tablespoons Chinese rice wine (preferably Shaoxing) or medium-dry Sherry $ 3 teaspoons light soy sauce (preferably Pearl River Bridge brand) $ 2 teaspoons cornstarch $ 1 teaspoon sugar $ 1/4 teaspoon salt $ 1 1/2 lb gai lan (Chinese broccoli) $ 1 1/2 lb large shrimp in shell (21 to 25 per lb), peeled and deveined $ 1 tablespoon peanut or vegetable oil $ 1 (1-inch) piece fresh ginger, peeled and cut into very thin matchsticks $ 2 tablespoons fermented black beans, rinsed and chopped $ 2 garlic cloves, minced $ 1/2 fresh jalapeño chile (including seeds), or to taste, cut crosswise into 1/8-inch-thick slices $ 1 teaspoon Asian sesame oil $ a well-seasoned 14-inch flat-bottomed wok $ ",Bean $ Shellfish $ Vegetable $ Side $ Stir-Fry $ Lunch $ Lunar New Year $ Shrimp $ Broccoli Rabe $ Gourmet $ Sugar Conscious $ Dairy Free $ Tree Nut Free $ ,Asian $ Chinese $ ,3.5/4,21,Bean $ Shellfish $ Vegetable $ Side $ Stir-Fry $ Lunch $ Lunar New Year $ Shrimp $ Broccoli Rabe $ Gourmet $ Sugar Conscious $ Dairy Free $ Tree Nut Free $ Asian $ Chinese $ 
https://www.epicurious.com/recipes/food/views/eight-treasure-puddings-233815,Eight-Treasure Puddings ,"2 1/4 cups Chinese or Japanese short-grain sticky (""sweet"") rice $ 1 teaspoon peanut or vegetable oil plus additional for greasing $ 3 1/2 cups cold water $ 1/2 cup Chinese rock sugar pieces $ 1/3 cup dried pitted Chinese jujubes, cut lengthwise into 1/4-inch-thick strips $ 8 pitted prunes, quartered (1/3 cup) $ 8 large dried apricots, cut into 1/4-inch-thick strips (1/3 cup) $ 3 tablespoons dried sour cherries $ 3 tablespoons diced (1/4 inch) candied orange peel $ 8 walnut halves $ 8 teaspoons canned sweet red beans or sweet red-bean paste (from a 14- to 16-oz can) $ a 9-inch round cake pan (2 inches deep); 8 (6- to 8-oz) custard cups or heatproof bowls; a 17- by 12- by 2 1/2-inch roasting pan; heavy-duty foil $ ",Fruit $ Rice $ Dessert $ Bake $ Lunar New Year $ Apricot $ Cherry $ Walnut $ Vegan $ Gourmet $ Vegetarian $ Pescatarian $ Dairy Free $ Wheat/Gluten-Free $ Soy Free $ Kosher $ ,Asian $ Chinese $ ,0/4,0,Fruit $ Rice $ Dessert $ Bake $ Lunar New Year $ Apricot $ Cherry $ Walnut $ Vegan $ Gourmet $ Vegetarian $ Pescatarian $ Dairy Free $ Wheat/Gluten-Free $ Soy Free $ Kosher $ Asian $ Chinese $ 
https://www.epicurious.com/recipes/food/views/whole-black-bass-with-ginger-and-scallions-233789,Whole Black Bass with Ginger and Scallions ,"1 (3-lb) whole black bass or sea bass (not Chilean), cleaned, leaving head and tail intact $ 1/2 teaspoon salt $ 1 bunch scallions, white and pale green parts cut into very thin 2-inch strips and greens reserved separately $ 1 (1-inch) piece fresh ginger, peeled and cut into very thin matchsticks $ 3 tablespoons light soy sauce (preferably Pearl River Bridge brand) $ 1/4 teaspoon sugar $ 1 tablespoon peanut or vegetable oil $ a large shallow baking dish (about 15 by 10 inches) to fit inside a 17- by 12- by 2 1/2-inch roasting pan; heavy-duty foil; a well-seasoned 14-inch flat-bottomed wok $ ",Wok $ Ginger $ Onion $ Bake $ Quick & Easy $ Lunar New Year $ Bass $ Healthy $ ,Chinese $ ,3.5/4,9,Wok $ Ginger $ Onion $ Bake $ Quick & Easy $ Lunar New Year $ Bass $ Healthy $ Chinese $ 
https://www.epicurious.com/recipes/food/views/shrimp-and-pork-pot-stickers-233782,Shrimp and Pork Pot Stickers ,"1 1/2 to 1 3/4 cups all-purpose flour plus additional for dusting $ 1/2 cup lukewarm water $ 3 fresh or 4 rinsed canned water chestnuts (3 ounce) $ 1/2 lb shrimp in shell, peeled, deveined, and coarsely chopped (1 cup) $ 1/4 lb ground fatty pork (from shoulder) $ 3/4 cup chopped scallions (from 1 bunch) $ 1 1/2 tablespoons soy sauce $ 2 teaspoons minced peeled fresh ginger $ 1 teaspoon Asian sesame oil $ 1 tablespoon peanut or vegetable oil $ 1/3 cup soy sauce $ 2 tablespoons Chinese black vinegar (preferably Chinkiang) $ 2 tablespoons water $ 1 teaspoon Asian chile oil, or to taste $ a 3 1/2-inch round biscuit or cookie cutter $ ",Pasta $ Pork $ Shellfish $ Appetizer $ Fry $ Super Bowl $ Quick & Easy $ Lunar New Year $ Vinegar $ Shrimp $ Poker/Game Night $ Chestnut $ Gourmet $ Sugar Conscious $ Kidney Friendly $ Dairy Free $ No Sugar Added $ ,Asian $ Chinese $ ,4/4,19,Pasta $ Pork $ Shellfish $ Appetizer $ Fry $ Super Bowl $ Quick & Easy $ Lunar New Year $ Vinegar $ Shrimp $ Poker/Game Night $ Chestnut $ Gourmet $ Sugar Conscious $ Kidney Friendly $ Dairy Free $ No Sugar Added $ Asian $ Chinese $ 
https://www.epicurious.com/recipes/food/views/chinese-egg-rolls-233522,Chinese Egg Rolls ,"2 tablespoons oyster sauce $ 1 tablespoon soy sauce $ 2 teaspoons Asian sesame oil $ 2 teaspoons sugar $ 1/2 teaspoon salt $ About 4 cups peanut or vegetable oil $ 2 teaspoons finely chopped peeled fresh ginger $ 2 teaspoons finely chopped garlic $ 1 1/2 bunches scallions (about 10), white and pale green parts cut into 2-inch lengths, then cut lengthwise into very thin matchsticks (2 1/2 cups) $ 2 celery ribs, cut into very thin matchsticks (2 cups) $ 2 medium carrots, cut into very thin matchsticks (1 cup) $ 8 large fresh shiitake mushrooms, stems discarded and caps sliced 1/4 inch thick (3 cups) $ 1 lb medium shrimp in shell (31 to 35 per lb), peeled, deveined, and coarsely chopped $ 1/4 lb Chinese roast pork (char siu) or leftover roast pork, cut into 2-inch lengths, then cut lengthwise into very thin matchsticks $ 1 (1-lb) package Asian egg roll or spring roll wrappers $ 1 large egg, lightly beaten $ Accompaniments: Asian sweet chile sauce; Chinese mustard $ a deep-fat thermometer $ ",Mushroom $ Pork $ Appetizer $ Fry $ Kid-Friendly $ Shrimp $ Carrot $ Gourmet $ Sugar Conscious $ Dairy Free $ Tree Nut Free $ ,Chinese $ ,3.5/4,17,Mushroom $ Pork $ Appetizer $ Fry $ Kid-Friendly $ Shrimp $ Carrot $ Gourmet $ Sugar Conscious $ Dairy Free $ Tree Nut Free $ Chinese $ 
https://www.epicurious.com/recipes/food/views/stir-fried-garlic-chives-with-chile-232494,Stir-Fried Garlic Chives with Chile ,"1 tablespoon peanut oil $ 3/4 lb green garlic chives (also called Chinese chives; flat parts only), cut into 1 1/2-inch pieces (4 cups) $ 1 teaspoon dried hot red pepper flakes $ Rounded 1/4 teaspoon salt, or to taste $ Accompaniment: steamed white rice $ a well-seasoned 14-inch flat-bottomed wok $ ",Wok $ Rice $ Side $ Stir-Fry $ Vegetarian $ Quick & Easy $ Vegan $ Chive $ Gourmet $ Sugar Conscious $ Pescatarian $ Dairy Free $ Wheat/Gluten-Free $ Tree Nut Free $ Soy Free $ No Sugar Added $ Kosher $ ,Chinese $ ,3.5/4,5,Wok $ Rice $ Side $ Stir-Fry $ Vegetarian $ Quick & Easy $ Vegan $ Chive $ Gourmet $ Sugar Conscious $ Pescatarian $ Dairy Free $ Wheat/Gluten-Free $ Tree Nut Free $ Soy Free $ No Sugar Added $ Kosher $ Chinese $ 
https://www.epicurious.com/recipes/food/views/steamed-blue-crabs-with-black-ginger-dipping-sauce-232305,Steamed Blue Crabs with Black Ginger Dipping Sauce ,"1/2 cup fresh cilantro stems, coarsely chopped $ 36 live blue crabs (1/4 to 1/3 lb each; 3 dozen), well rinsed $ 1 1/2 to 2 tablespoons finely chopped peeled fresh ginger $ 1/2 cup fermented fine-quality soy sauce $ 1/4 cup sugar $ 1/4 cup water $ 3 tablespoons Chinese black vinegar* (preferably Chinkiang) or cider vinegar $ 1/4 teaspoon salt $ a wide 6- to 8-qt heavy pot with a tight-fitting lid $ ",Ginger $ Shellfish $ Steam $ Quick & Easy $ Seafood $ Crab $ Summer $ Gourmet $ ,American $ Asian $ Chinese $ ,3/4,10,Ginger $ Shellfish $ Steam $ Quick & Easy $ Seafood $ Crab $ Summer $ Gourmet $ American $ Asian $ Chinese $ 
https://www.epicurious.com/recipes/food/views/roast-chicken-noodle-soup-with-chrysanthemum-232259,Roast Chicken Noodle Soup with Chrysanthemum ,"3 whole star anise $ 3 cups water $ 1 2-inch piece fresh ginger, peeled, sliced into thin rounds $ 6 cups low-salt chicken broth $ 2 tablespoons soy sauce $ 2 teaspoons sugar $ 3 tablespoons vegetable oil $ 3 garlic cloves, thinly sliced $ 2 bunches chrysanthemum, bottoms trimmed, upper stems and leaves cut into 2-inch strips (about 5 cups) $ 1 14-ounce package thin fresh or dried Chinese egg noodles $ 2 1/2 cups 1/2-inch cubes skinned and boned freshly roasted or purchased roast chicken (about 2/3 pound) $ 1/4 large onion, sliced paper-thin $ 3 red Thai bird chiles or 1 large red jalapeño chile, sliced into thin rounds $ ",Soup/Stew $ Chicken $ Leafy Green $ Pasta $ Poultry $ Roast $ Noodle $ Bon Appétit $ ,Asian $ Chinese $ ,3.5/4,5,Soup/Stew $ Chicken $ Leafy Green $ Pasta $ Poultry $ Roast $ Noodle $ Bon Appétit $ Asian $ Chinese $ 
https://www.epicurious.com/recipes/food/views/cold-smoked-chicken-legs-in-a-chinese-cure-232188,Cold-Smoked Chicken Legs in a Chinese Cure ,6 cups cold water $ 4 whole star anise $ 6 (1/8-inch-thick) slices fresh ginger $ 1 (3- by 1/2-inch) strip fresh orange zest $ 1 cup kosher salt $ 2 1/2 tablespoons Insta Cure No. 1 (curing salt) $ 1/2 cup packed dark brown sugar $ 1/4 cup soy sauce $ 1/4 cup hoisin sauce $ 3 cups ice cubes $ 5 whole chicken legs (with thighs attached; 3 lb) $ a 1- to 2-gallon plastic storage tub; a 22 1/2-inch kettle grill with a lid and a hinged top rack; a 12- by 8- by 2-inch disposable aluminum roasting pan; 6 cups hardwood sawdust (3/4 lb; not from treated wood); charcoal briquettes; a chimney starter; long metal tongs; an instant-read thermometer $ ,Chicken $ Poultry $ Bake $ Summer $ Soy Sauce $ Gourmet $ ,American $ Chinese $ ,2/4,2,Chicken $ Poultry $ Bake $ Summer $ Soy Sauce $ Gourmet $ American $ Chinese $ 
https://www.epicurious.com/recipes/food/views/chicken-jook-232151,Chicken Jook ,"1 bunch scallions $ 1 (1-inch) piece fresh ginger, peeled $ 12 fresh cilantro sprigs $ 1 (2 1/2- to 3-lb) whole chicken $ 2 teaspoons salt $ 3 qt cold water $ 1/4 cup dried scallops* (about 10) $ 3/4 cup long-grain rice $ 1/4 cup Chinese (short-grain) sticky rice* (also called glutinous) $ Accompaniments: soy-sauce-pickled cucumbers*; pickled mustard greens; thousand-year-old eggs, shelled and cut into wedges; smoked tofu*, cut into slices $ Garnish: fresh cilantro leaves $ a small square of cheesecloth; kitchen string $ ",Chicken $ Rice $ Breakfast $ Brunch $ Quick & Easy $ Lunch $ Seafood $ Gourmet $ Sugar Conscious $ Dairy Free $ Wheat/Gluten-Free $ Peanut Free $ Tree Nut Free $ Soy Free $ No Sugar Added $ ,Asian $ Chinese $ ,3/4,5,Chicken $ Rice $ Breakfast $ Brunch $ Quick & Easy $ Lunch $ Seafood $ Gourmet $ Sugar Conscious $ Dairy Free $ Wheat/Gluten-Free $ Peanut Free $ Tree Nut Free $ Soy Free $ No Sugar Added $ Asian $ Chinese $ 
https://www.epicurious.com/recipes/food/views/beef-pot-stickers-232027,Beef Pot Stickers ,1 3/4 to 2 cups all-purpose flour $ 3/4 cup boiling-hot water $ 1/4 lb ground beef chuck (1/2 cup) $ 1 1/2 tablespoons soy sauce $ 1 tablespoon Asian sesame oil $ 1 tablespoon peanut oil $ 1 tablespoon minced peeled fresh ginger $ 1 teaspoon Chinese sweet bean paste $ 2 cups finely chopped yellow or green garlic chives (6 oz) $ 1 tablespoon peanut oil $ 1/3 cup warm water $ a 6-inch (3/4-inch-diameter) rolling pin or dowel $ ,Beef $ Fry $ Cocktail Party $ Meat $ Ground Beef $ Pan-Fry $ Gourmet $ ,Asian $ Chinese $ ,3/4,12,Beef $ Fry $ Cocktail Party $ Meat $ Ground Beef $ Pan-Fry $ Gourmet $ Asian $ Chinese $ 
https://www.epicurious.com/recipes/food/views/fried-stuffed-chinese-eggplant-231783,Fried Stuffed Chinese Eggplant ,"1 (9-inch) eggplant (about 3 inches wide; 1 1/4 lb) $ 1/4 lb ground pork (not lean) $ 2 tablespoons finely chopped scallion greens $ 1 teaspoon minced peeled fresh ginger $ 1 1/2 tablespoons soy sauce $ 1/4 teaspoon salt $ 3 to 4 cups peanut or vegetable oil for frying $ 1 cup all-purpose flour $ 1 large egg, lightly beaten $ 3/4 cup water $ a deep-fat thermometer $ ",Pork $ Vegetable $ Appetizer $ Side $ Fry $ Eggplant $ Deep-Fry $ Gourmet $ Dairy Free $ Tree Nut Free $ No Sugar Added $ ,Asian $ Chinese $ ,3.5/4,10,Pork $ Vegetable $ Appetizer $ Side $ Fry $ Eggplant $ Deep-Fry $ Gourmet $ Dairy Free $ Tree Nut Free $ No Sugar Added $ Asian $ Chinese $ 
https://www.epicurious.com/recipes/food/views/taiwanese-beef-noodle-soup-231502,Taiwanese Beef Noodle Soup ,"5 cups water $ 1 cup soy sauce $ 1 cup Chinese rice wine or medium-dry Sherry $ 1/4 cup packed light brown sugar $ 1 (1-inch) cube peeled fresh ginger, smashed $ 1 bunch scallions, white parts smashed with flat side of a large knife and green parts chopped $ 3 garlic cloves, smashed $ 10 fresh cilantro stems plus 1/2 cup loosely packed fresh cilantro sprigs $ 2 (2-inch-long) pieces Asian dried tangerine peel* $ 4 whole star anise $ 1/4 teaspoon dried hot red pepper flakes $ 2 1/2 pounds meaty beef short ribs $ 1 3/4 cups reduced-sodium chicken broth (14 ounces) $ 10 ounces dried Chinese wheat noodles* or linguine $ 1 cup fresh mung bean sprouts $ 4 tablespoons Chinese pickled mustard greens** $ 1 (4-inch-long) fresh red chile (optional), thinly sliced $ cheesecloth $ ",Soup/Stew $ Beef $ Dinner $ Winter $ Noodle $ Gourmet $ Dairy Free $ Peanut Free $ Tree Nut Free $ Kosher $ ,Asian $ Chinese $ ,3/4,28,Soup/Stew $ Beef $ Dinner $ Winter $ Noodle $ Gourmet $ Dairy Free $ Peanut Free $ Tree Nut Free $ Kosher $ Asian $ Chinese $ 
https://www.epicurious.com/recipes/food/views/shanghai-stuffed-soup-buns-231482,Shanghai Stuffed Soup Buns ,"7 to 8 large cabbage leaves (Napa or green cabbage) $ 1 1/4 pounds shoulder pork chops, cut (through the bone if necessary) into 2-inch pieces with a cleaver or large knife $ 1 1/4 pounds chicken wings, cut through the bone into 2-inch pieces with a cleaver or large knife $ 4 cups water $ 1/4 cup soy sauce $ 2 tablespoons sugar $ 2 tablespoons Chinese rice wine or sake $ 1/2 star anise, lightly smashed with flat part of a heavy knife (about 1/2 teaspoon) $ 6 ounces ground pork shoulder (not lean) $ 2 tablespoons minced scallion $ 1 tablespoon minced peeled fresh ginger $ 1 tablespoon soy sauce $ 1 teaspoon Asian sesame oil $ 2 to 2 1/4 cups all-purpose flour $ 2/3 cup plus 2 tablespoons boiling water $ 1/4 cup Chinese black vinegar (preferably Chinkiang) $ 1/2 tablespoon very thin matchsticks peeled fresh ginger $ a 12-inch bamboo steamer; a 6-inch (3/4-inch-diameter) rolling pin or dowel; a well-seasoned 14-inch wok with a lid $ ",Pork $ Appetizer $ Steam $ Meat $ Gourmet $ Sugar Conscious $ Dairy Free $ Peanut Free $ Tree Nut Free $ ,Asian $ Chinese $ ,2/4,1,Pork $ Appetizer $ Steam $ Meat $ Gourmet $ Sugar Conscious $ Dairy Free $ Peanut Free $ Tree Nut Free $ Asian $ Chinese $ 
https://www.epicurious.com/recipes/food/views/chinese-hot-and-sour-soup-231354,Chinese Hot-and-Sour Soup ,"5 ounces boneless pork loin, cut into 1/4-inch-thick strips (2/3 cup) $ 2 teaspoons dark soy sauce* $ 4 small Chinese dried black mushrooms* $ 12 small dried tree ear mushrooms* $ 1 1/2 tablespoons cornstarch $ 12 dried lily buds* (sometimes called golden needles) $ 1/2 cup canned sliced bamboo shoots*, cut lengthwise into 1/8-inch-wide strips (from an 8-oz can) $ 2 tablespoons red-wine vinegar $ 2 tablespoons rice vinegar (not seasoned) $ 1 tablespoon light soy sauce* $ 1 1/2 teaspoons sugar $ 1 teaspoon kosher salt $ 2 tablespoons peanut oil $ 4 cups reduced-sodium chicken broth $ 3 to 4 oz firm tofu (about a quarter of a block), rinsed and drained, then cut into 1/4-inch-thick strips $ 2 large eggs $ 2 teaspoons Asian sesame oil* $ 1 1/2 teaspoons freshly ground white pepper $ 2 tablespoons thinly sliced scallion greens $ 2 tablespoons fresh whole cilantro leaves $ *Available at Asian foods markets, Uwajimaya (800-889-1928), and Kam Man Food Products Inc. (212-571-0330). $ ",Soup/Stew $ Mushroom $ Pork $ Appetizer $ Tofu $ Winter $ Gourmet $ Sugar Conscious $ Dairy Free $ Tree Nut Free $ ,Asian $ Chinese $ ,4/4,89,Soup/Stew $ Mushroom $ Pork $ Appetizer $ Tofu $ Winter $ Gourmet $ Sugar Conscious $ Dairy Free $ Tree Nut Free $ Asian $ Chinese $ 
https://www.epicurious.com/recipes/food/views/stir-fried-shanghai-bok-choy-with-ginger-231200,Stir-Fried Shanghai Bok Choy with Ginger ,"1 (2-inch) piece ginger, peeled $ 3/4 lb Shanghai bok choy or other baby bok choy (5 to 8 heads) $ 1/4 cup reduced-sodium chicken broth $ 1 teaspoon Chinese rice wine (preferably Shaoxing) or medium-dry Sherry $ 1 teaspoon soy sauce $ 1/2 teaspoon cornstarch $ 1/2 teaspoon salt $ 1/4 teaspoon sugar $ 1 tablespoon vegetable oil $ 1/2 teaspoon Asian sesame oil $ Accompaniment: steamed white rice $ a rasp grater; a well-seasoned 14-inch flat-bottomed wok $ ",Wine $ Wok $ Ginger $ Leafy Green $ Vegetable $ Side $ Stir-Fry $ Quick & Easy $ Spring $ Bok Choy $ Soy Sauce $ Gourmet $ Sugar Conscious $ Kidney Friendly $ Dairy Free $ Peanut Free $ Tree Nut Free $ Kosher $ ,Asian $ Chinese $ ,3.5/4,36,Wine $ Wok $ Ginger $ Leafy Green $ Vegetable $ Side $ Stir-Fry $ Quick & Easy $ Spring $ Bok Choy $ Soy Sauce $ Gourmet $ Sugar Conscious $ Kidney Friendly $ Dairy Free $ Peanut Free $ Tree Nut Free $ Kosher $ Asian $ Chinese $ 
https://www.epicurious.com/recipes/food/views/spicy-beef-with-peppers-231180,Spicy Beef with Peppers ,"1 (1/2-lb) piece flank steak, well trimmed $ 2 teaspoons soy sauce $ 1 1/2 teaspoons cornstarch $ 1 1/2 teaspoons Chinese rice wine (preferably Shaoxing) or medium-dry Sherry $ 1 teaspoon finely grated peeled garlic (use a rasp grater) $ 1 teaspoon finely grated fresh ginger (use a rasp grater) $ 1/2 teaspoon salt $ 1/4 teaspoon sugar $ 5 teaspoons vegetable oil $ 1 tablespoon ketchup $ 1 tablespoon hoisin sauce $ 2 to 3 teaspoons chile garlic sauce, such as Vietnamese Tuong Ot Toi $ 1 large red bell pepper, cut lengthwise into 1/4-inch-wide strips (1 1/2 cups) $ 2 scallions, halved lengthwise and cut into 1-inch pieces (1/2 cup) $ Accompaniment: steamed white rice $ a rasp grater; a well-seasoned 14-inch flat-bottomed wok $ ",Wine $ Wok $ Beef $ Garlic $ Ginger $ Vegetable $ Stir-Fry $ Quick & Easy $ Steak $ Bell Pepper $ Spring $ Soy Sauce $ Gourmet $ ,Asian $ Chinese $ ,3.5/4,36,Wine $ Wok $ Beef $ Garlic $ Ginger $ Vegetable $ Stir-Fry $ Quick & Easy $ Steak $ Bell Pepper $ Spring $ Soy Sauce $ Gourmet $ Asian $ Chinese $ 
https://www.epicurious.com/recipes/food/views/sticky-rice-with-chinese-sausage-230998,Sticky Rice with Chinese Sausage ,"3 cups Chinese or Japanese short-grain sticky (""sweet"") rice* $ 1 cup Chinese dried black mushrooms* or dried shiitake mushrooms (1 1/2 oz) $ 5 Chinese sausages* (6 to 8 oz total) $ 1 tablespoon peanut oil $ 1 tablespoon minced peeled fresh ginger $ 1/2 cup thinly sliced scallion (white and pale green parts only; from 1 bunch) $ 1 1/2 cups bottled peeled cooked whole chestnuts (from a 14- to 15-oz jar), drained and coarsely chopped $ 1/3 cup Chinese rice wine or medium-dry Sherry $ 3 tablespoons soy sauce $ 2 tablespoons oyster sauce $ 2 teaspoons Asian sesame oil $ 1 teaspoon salt $ 1/2 teaspoon white pepper $ 2 cups reduced-sodium chicken broth $ Garnish: thinly sliced scallion greens $ a wok $ ",Wok $ Mushroom $ Rice $ Side $ Stir-Fry $ Sausage $ Fall $ Chestnut $ Soy Sauce $ Gourmet $ Sugar Conscious $ Dairy Free $ ,Chinese $ ,3.5/4,18,Wok $ Mushroom $ Rice $ Side $ Stir-Fry $ Sausage $ Fall $ Chestnut $ Soy Sauce $ Gourmet $ Sugar Conscious $ Dairy Free $ Chinese $ 
https://www.epicurious.com/recipes/food/views/pork-dumplings-230453,Pork Dumplings ,"1 3/4 cups all-purpose flour plus additional for dusting $ 1 (2-inch) piece peeled fresh ginger $ 1/2 cup light soy sauce $ 1 bunch scallions, thinly sliced $ 3/4 lb ground pork (from shoulder; not lean) $ a 3 1/4-inch round cookie cutter $ ",Pork $ Vegetable $ Appetizer $ Gourmet $ Lunar New Year $ Sugar Conscious $ Dairy Free $ Peanut Free $ Tree Nut Free $ No Sugar Added $ ,Chinese $ ,3.5/4,23,Pork $ Vegetable $ Appetizer $ Gourmet $ Lunar New Year $ Sugar Conscious $ Dairy Free $ Peanut Free $ Tree Nut Free $ No Sugar Added $ Chinese $ 
https://www.epicurious.com/recipes/food/views/ants-on-a-tree-12717,Ants on a Tree ,"3/4 pound ground pork $ 2 teaspoons rice vinegar $ 2 teaspoons soy sauce $ 1 teaspoon Asian (toasted) sesame oil $ 6 ounces bean-thread (cellophane) noodles* $ 2 tablespoons vegetable oil $ 1/2 cup thinly sliced scallion $ 1 tablespoon minced garlic $ 1 tablespoon minced peeled fresh gingerroot $ 2 teaspoons Asian chili paste* or 1/2 teaspoon dried hot red pepper flakes $ 1 1/2 cups chicken broth $ 3 tablespoons Scotch $ 1 tablespoon soy sauce $ 1 tablespoon rice vinegar $ 1 teaspoon sugar $ 1 teaspoon Asian (toasted) sesame oil $ 3 tablespoons chopped fresh coriander, or to taste, if desired $ *available at Asian markets. $ ",Ginger $ Pasta $ Pork $ Marinate $ Whiskey $ Sesame $ Soy Sauce $ Gourmet $ ,Asian $ Chinese $ ,3/4,36,Ginger $ Pasta $ Pork $ Marinate $ Whiskey $ Sesame $ Soy Sauce $ Gourmet $ Asian $ Chinese $ 
https://www.epicurious.com/recipes/food/views/five-spice-pork-and-green-bean-stir-fry-14491,Five-Spice Pork and Green Bean Stir-Fry ,a 3/4-pound piece well-trimmed boneless pork loin $ 3 garlic cloves $ 2 teaspoons minced peeled fresh gingerroot $ 2/3 cup water $ 1/4 cup soy sauce $ 1/4 cup mango chutney such as Major Grey's $ 1 teaspoon Chinese five-spice powder $ 1/2 teaspoon sambal oelek (Indonesian chili paste) $ 1 medium red onion $ 1/2 pound fresh green beans $ a 3/4-pound piece green cabbage (about 1/2 medium head) $ 1/4 cup packed coriander leaves $ 4 1/2 tablespoons peanut oil $ 1/2 pound fresh bean sprouts (about 2 cups) $ 1 cup snow-pea shoots or daikon (Asian radish) sprouts $ 2 teaspoons Asian sesame oil $ Accompaniment:Cooked Rice $ ,Herb $ Pork $ Vegetable $ Stir-Fry $ Quick & Easy $ Fall $ Gourmet $ ,Asian $ Chinese $ ,3.5/4,25,Herb $ Pork $ Vegetable $ Stir-Fry $ Quick & Easy $ Fall $ Gourmet $ Asian $ Chinese $ 
https://www.epicurious.com/recipes/food/views/cold-poached-chicken-with-chinese-garlic-sauce-12443,Cold Poached Chicken with Chinese Garlic Sauce ,"2 cups water $ four 1/4-inch-thick slices fresh gingerroot $ 1/4 cup Scotch $ 1 whole skinless boneless chicken breast (about 3/4 pound) $ 1 tablespoon soy sauce $ 2 garlic cloves, minced $ 1 1/2 teaspoons rice vinegar (not seasoned) $ 1 1/4 teaspoons sugar $ 1 teaspoon Asian chili oil, or $ 1 teaspoon Asian sesame oil $ plus Tabasco to taste $ Garnish: 3 tablespoons chopped coriander sprigs $ Accompaniment if desired:sesame orzo with charred scallions $ ",Scotch $ Chicken $ Garlic $ Ginger $ Poach $ Quick & Easy $ Lunch $ Summer $ Chill $ Sesame $ Gourmet $ Sugar Conscious $ Dairy Free $ Peanut Free $ Tree Nut Free $ Kosher $ ,Chinese $ ,2.5/4,12,Scotch $ Chicken $ Garlic $ Ginger $ Poach $ Quick & Easy $ Lunch $ Summer $ Chill $ Sesame $ Gourmet $ Sugar Conscious $ Dairy Free $ Peanut Free $ Tree Nut Free $ Kosher $ Chinese $ 
https://www.epicurious.com/recipes/food/views/crispy-noodle-cake-with-shrimp-and-snow-peas-12720,Crispy Noodle Cake with Shrimp and Snow Peas ,"3/4 pound fresh or dried thin Asian egg noodles* or capellini $ 1 tablespoon vegetable oil $ 2 teaspoons Asian (toasted) sesame oil $ two 1/8-inch-thick slices of fresh gingerroot, flattened with the flat side of a heavy knife $ 1 1/2 tablespoons Scotch $ 2 teaspoons cornstarch $ 1 pound medium shrimp (about 25), peeled, deveined, rinsed, and squeezed dry gently in a kitchen towel $ 10 dried Chinese black mushrooms* or dried shiitake mushrooms*, soaked in 1 1/2 cups hot water for 20 minutes $ 2 1/2 tablespoons cornstarch $ 1 cup chicken broth $ 3 tablespoons soy sauce $ 2 tablespoons Scotch $ 1 teaspoon sugar $ 1 teaspoon Asian (toasted) sesame oil $ 8 tablespoons vegetable oil $ 3 tablespoons minced scallion $ 1 1/2 tablespoons minced peeled fresh gingerroot $ 1/2 pound snow peas, each trimmed and cut diagonally into 3 pieces $ *available at some Asian markets $ ",Wok $ Ginger $ Pasta $ Shellfish $ Stir-Fry $ Shrimp $ Fall $ Sesame $ Gourmet $ ,Asian $ Chinese $ ,3/4,3,Wok $ Ginger $ Pasta $ Shellfish $ Stir-Fry $ Shrimp $ Fall $ Sesame $ Gourmet $ Asian $ Chinese $ 
https://www.epicurious.com/recipes/food/views/linguine-with-clams-in-black-bean-sauce-12719,Linguine with Clams in Black Bean Sauce ,"1 cup water $ 30 small (about 2-inch) hard-shelled clams, scrubbed well $ 2 tablespoons cornstarch $ 3 tablespoons soy sauce $ 2 tablespoons Scotch $ 2 tablespoons rice vinegar $ 1 tablespoon sugar $ 3 tablespoons vegetable oil $ 3 tablespoons minced peeled fresh gingerroot $ 2 1/2 tablespoons dried fermented black beans*, rinsed well, drained, and chopped $ 2 tablespoons minced garlic $ 3/4 pound linguine $ 2 scallions, halved lengthwise and cut crosswise into 1-inch pieces $ *available at Asian markets $ ",Scotch $ Ginger $ Pasta $ Shellfish $ Clam $ Soy Sauce $ Gourmet $ ,Asian $ Chinese $ ,3/4,3,Scotch $ Ginger $ Pasta $ Shellfish $ Clam $ Soy Sauce $ Gourmet $ Asian $ Chinese $ 
https://www.epicurious.com/recipes/food/views/cold-sesame-noodles-12715,Cold Sesame Noodles ,2 tablespoons smooth peanut butter $ 2 1/2 tablespoons Asian (toasted) sesame oil $ 1 1/2 tablespoons soy sauce $ 1/4 cup water $ 2 teaspoons minced garlic $ 2 teaspoons minced peeled fresh ginger $ 2 teaspoons rice vinegar $ 1 teaspoon sugar $ 1/4 teaspoon Asian chili paste* or dried hot red pepper flakes $ 3/4 pound fresh* or dried* Asian egg noodles or spaghetti $ 3 tablespoons minced scallion $ *available at some Asian markets $ ,Blender $ Ginger $ Pasta $ Vegetarian $ Quick & Easy $ Peanut $ Sesame $ Soy Sauce $ Gourmet $ ,Asian $ Chinese $ ,3/4,34,Blender $ Ginger $ Pasta $ Vegetarian $ Quick & Easy $ Peanut $ Sesame $ Soy Sauce $ Gourmet $ Asian $ Chinese $ 
https://www.epicurious.com/recipes/food/views/ma-po-tofu-103565,Ma-Po Tofu ,"1/4 cup chicken broth $ 2 tablespoons hot bean paste $ 2 tablespoons soy sauce $ Additive-free kosher salt to taste $ 1 lb regular or soft (not silken) tofu, drained and cut into 1/2-inch cubes $ 1 1/2 to 2 tablespoons corn, peanut, or canola oil $ 1/2 lb ground pork shoulder (preferably 75% lean) $ 1 tablespoon plus 1 teaspoon finely minced garlic $ 1 tablespoon plus 1 teaspoon finely minced peeled fresh ginger $ 1 tablespoon cornstarch dissolved in 2 tablespoons water $ 1 1/2 teaspoons Japanese sesame oil $ 1/2 to 1 teaspoon toasted Sichuan-peppercorn powder $ 3 tablespoons thinly sliced scallion $ Accompaniment: steamed rice $ ",Wok $ Ginger $ Pork $ Poach $ Stir-Fry $ Quick & Easy $ Dinner $ Tofu $ Soy Sauce $ Gourmet $ Sugar Conscious $ Dairy Free $ Tree Nut Free $ No Sugar Added $ ,Asian $ Chinese $ Szechuan/Hunan $ ,3.5/4,79,Wok $ Ginger $ Pork $ Poach $ Stir-Fry $ Quick & Easy $ Dinner $ Tofu $ Soy Sauce $ Gourmet $ Sugar Conscious $ Dairy Free $ Tree Nut Free $ No Sugar Added $ Asian $ Chinese $ Szechuan/Hunan $ 
https://www.epicurious.com/recipes/food/views/fragrant-crispy-duck-103555,Fragrant Crispy Duck ,"1 (4 1/2- to 5 1/2-lb) fresh Pekin duck (sometimes called Long Island duck) $ 6 tablespoons toasted Sichuan-peppercorn salt $ 1 tablespoon five-spice powder $ 2 tablespoons Chinese rice wine or dry Sherry $ 6 (1/8-inch-thick) slices fresh ginger $ 4 scallions, cut into 2-inch pieces $ About 12 cups corn, peanut, or canola oil $ 2 tablespoons dark (black or mushroom) soy sauce $ 1/3 cup all-purpose flour $ a 10-inch glass pie plate or shallow heatproof bowl; a 16- to 18-inch wok with a lid and a 9 1/2- to 10-inch round metal rack, or a 14-inch wok and same rack plus a large pot (at least 12 inches wide and 5 inches high); long oven mitts; a bulb baster; an electric fan; 2 large Chinese mesh spoons or large slotted spoons $ ",Duck $ Ginger $ Fry $ Marinate $ Steam $ Gourmet $ ,Chinese $ ,4/4,9,Duck $ Ginger $ Fry $ Marinate $ Steam $ Gourmet $ Chinese $ 
https://www.epicurious.com/recipes/food/views/red-braised-pork-with-fresh-pineapple-103951,Red-Braised Pork with Fresh Pineapple ,"1 tablespoon vegetable oil $ 3 pounds pork butt, cut into 1 1/2-inch cubes $ 1 tablespoon minced peeled fresh ginger $ 2 scallions (green and white parts), minced $ 1-inch piece of dried tangerine peel $ 1/2 teaspoon five-spice powder $ 1/2 cup dry sherry $ 3 tablespoons dark soy sauce $ 1 tablespoon sugar $ 1 cup water $ 1 small pineapple, peeled and cut into 1 1/2-inch chunks $ 1 tablespoon cornstarch mixed with 2 tablespoons cold water $ ",Wok $ Fruit $ Pork $ Soy $ Braise $ Dinner $ Pineapple $ Spice $ Soy Sauce $ ,Asian $ Chinese $ ,2.5/4,4,Wok $ Fruit $ Pork $ Soy $ Braise $ Dinner $ Pineapple $ Spice $ Soy Sauce $ Asian $ Chinese $ 
https://www.epicurious.com/recipes/food/views/chicken-fried-rice-with-fermented-black-beans-101078,Chicken Fried Rice with Fermented Black Beans ,3 tablespoons soy sauce $ 2 tablespoons minced garlic $ 1 teaspoon Asian sesame oil $ 2 skinless boneless chicken breast halves (about 3/4 pound total) $ 1 red onion $ 1 large red bell pepper $ 1/2 pound snow peas $ 3 tablespoons fermented black beans $ 2 1/2 tablespoons corn or safflower oil $ 1 tablespoon chicken broth $ 3 tablespoons soy sauce $ 1 1/2 tablespoons Chinese rice wine or sake $ 1 1/2 teaspoons sugar $ 5 cups chilled Chinese-style white or brown rice $ 2 tablespoons minced garlic $ 2 tablespoons minced peeled fresh gingerroot $ ,Bean $ Chicken $ Rice $ Side $ Stir-Fry $ Spring $ Sugar Snap Pea $ Gourmet $ Dairy Free $ Peanut Free $ Tree Nut Free $ Kosher $ ,Chinese $ ,3/4,12,Bean $ Chicken $ Rice $ Side $ Stir-Fry $ Spring $ Sugar Snap Pea $ Gourmet $ Dairy Free $ Peanut Free $ Tree Nut Free $ Kosher $ Chinese $ 
https://www.epicurious.com/recipes/food/views/smoked-baby-back-ribs-with-hoisin-honey-glaze-105305,Smoked Baby Back Ribs with Hoisin-Honey Glaze ,"1/2 cup soy sauce $ 1/2 cup hoisin sauce* $ 1/2 cup oyster sauce* $ 1/2 cup honey $ 1/2 cup cream Sherry $ 2 tablespoons finely grated peeled fresh ginger $ 2 tablespoons black bean garlic sauce* $ 6 garlic cloves, minced $ 1/2 teaspoon Chinese five-spice powder $ 3 1 1/2-pound racks baby back pork ribs $ ",Marinate $ Fourth of July $ Dinner $ Pork Rib $ Summer $ Honey $ Bon Appétit $ Dairy Free $ Peanut Free $ Tree Nut Free $ ,Chinese $ ,4/4,17,Marinate $ Fourth of July $ Dinner $ Pork Rib $ Summer $ Honey $ Bon Appétit $ Dairy Free $ Peanut Free $ Tree Nut Free $ Chinese $ 
https://www.epicurious.com/recipes/food/views/wuxi-pork-with-wine-sauce-105601,Wuxi Pork with Wine Sauce ,"1 (2-lb) piece fresh pork belly (unsmoked bacon) with skin and bones $ 2 (32-oz) bottles club soda $ 1 tablespoon vegetable oil $ 4 garlic cloves $ 3 (1- by 1/4-inch) slices fresh ginger, smashed with flat side of a heavy knife $ 3 scallions, trimmed and smashed $ 2 cups Chinese white rice wine, Chinese white rice cooking wine, or Japanese sake* $ 3 whole star anise $ 2 whole cloves $ 1 (2- by 2-inch) piece dried tangerine peel* $ 1/2 cup plus 3 tablespoons Chinese sweet red rice wine, Chinese sweet red rice cooking wine, or medium-dry Sherry* $ 2 to 3 tablespoons dark soy sauce (also known as superior)* $ 1 tablespoon cornstarch $ Accompaniments: corn flan and onion and orange marmalade $ a 2-qt heatproof bowl, 9 to 10 inches wide; a 12-inch-wide steamer pot with insert $ ",Wine $ Ginger $ Pork $ Steam $ Fall $ Anise $ Clove $ Gourmet $ ,Chinese $ ,4/4,3,Wine $ Ginger $ Pork $ Steam $ Fall $ Anise $ Clove $ Gourmet $ Chinese $ 
https://www.epicurious.com/recipes/food/views/sea-bass-with-mexicana-chinoise-sauce-725,Sea Bass with Mexicana-Chinoise Sauce ,"Nonstick vegetable oil spray $ 1 large onion, chopped $ 6 garlic cloves, chopped $ 1 tablespoon chopped fresh ginger $ 1 fresh poblano chili or other mild green chili, stemmed, seeded, cut into matchstick-size strips $ 8 mushrooms, thinly sliced $ 2/3 cup dry white wine $ 1/4 cup soy sauce $ 2 tablespoons black bean garlic sauce (lee kum kee) available at Asian markets $ 1 tablespoon orange marmalade $ 1 tablespoon fresh lime juice $ 4 8-ounce sea bass fillets (about 1 inch thick) $ 2 tablespoons chopped fresh cilantro $ ",Mushroom $ Pepper $ Sauté $ Bass $ Bon Appétit $ ,Chinese $ Mexican $ ,3.5/4,11,Mushroom $ Pepper $ Sauté $ Bass $ Bon Appétit $ Chinese $ Mexican $ 
https://www.epicurious.com/recipes/food/views/chinese-beef-noodle-soup-11526,Chinese Beef Noodle Soup ,"2 1/2 pounds beef short ribs, cut between bones into pieces $ 7 cups water $ 1/3 cup soy sauce $ 1/4 cup Scotch or medium-dry Sherry $ 1 tablespoon sugar $ six 1/4-inch-thick diagonal slices fresh gingerroot $ 8 scallions, trimmed $ 3 large garlic cloves, chopped $ a 3-inch cinnamon stick $ 1 teaspoon aniseed $ 1/4 teaspoon dried hot red pepper flakes $ 1/2 pound turnips, peeled and cut into 3/4-inch cubes $ 6 ounces egg noodles $ 1 teaspoon Asian (toasted) sesame oil if desired $ ",Soup/Stew $ Scotch $ Beef $ Ginger $ Pasta $ Turnip $ Anise $ Cinnamon $ Clove $ Gourmet $ ,Chinese $ ,3.5/4,13,Soup/Stew $ Scotch $ Beef $ Ginger $ Pasta $ Turnip $ Anise $ Cinnamon $ Clove $ Gourmet $ Chinese $ 
https://www.epicurious.com/recipes/food/views/szechwan-style-eggplant-with-pita-wedges-12780,Szechwan-Style Eggplant with Pita Wedges ,"1/4 cup vegetable oil $ a 1 1/4-pound eggplant, peeled if desired and cut into 1/2-inch cubes (about 6 cups) $ 1 teaspoon cornstarch $ 1/2 cup chicken broth $ 1 teaspoon minced garlic $ 1 tablespoon minced peeled fresh gingerroot $ 2 to 3 teaspoons Szechwan chili paste*, or to taste $ 1 teaspoon hoisin sauce* $ 1 tablespoon rice vinegar* or white-wine vinegar $ 1 tablespoon dry Sherry $ 3 scallions, sliced thin $ 2 tablespoons soy sauce $ 1 tablespoon firmly packed light brown sugar $ 1 red bell pepper, minced $ 1/2 teaspoon Oriental sesame oil, or to taste $ white pita and whole-wheat pita, cut into wedges, as an accompaniment $ *available at Oriental markets, specialty foods shops, and some supermarkets $ ",Vegetable $ Stir-Fry $ Eggplant $ Summer $ Gourmet $ ,Chinese $ ,3.5/4,48,Vegetable $ Stir-Fry $ Eggplant $ Summer $ Gourmet $ Chinese $ 
https://www.epicurious.com/recipes/food/views/szechuan-sesame-noodles-102196,Szechuan Sesame Noodles ,"8 ounces thin dried Asian noodles or linguine $ 4 tablespoons oriental sesame oil $ 3 tablespoons chopped peanuts $ 2 tablespoons finely chopped peeled fresh ginger $ 3 large garlic cloves, minced $ 6 tablespoons bottled teriyaki sauce $ 2 tablespoons fresh lime juice $ 1 teaspoon chili-garlic sauce $ 1 1/2 cups thinly sliced green or red onions $ ",Onion $ Pasta $ Vegetable $ Peanut $ Fall $ Bon Appétit $ ,Asian $ Chinese $ ,3.5/4,38,Onion $ Pasta $ Vegetable $ Peanut $ Fall $ Bon Appétit $ Asian $ Chinese $ 
https://www.epicurious.com/recipes/food/views/spicy-lacquered-duck-105557,Spicy Lacquered Duck ,"1 cup soy sauce $ 2 tablespoons dry Sherry $ 2 tablespoons (packed) dark brown sugar $ 2 tablespoons honey $ 2 tablespoons hoisin sauce* $ 2 large garlic cloves, minced $ 1 tablespoon oriental sesame oil $ 1 teaspoon Chinese five-spice powder* $ 1/2 teaspoon cayenne pepper $ 1 5-pound duck, thawed if frozen, rinsed $ ",Duck $ Marinate $ Roast $ Spice $ Soy Sauce $ Bon Appétit $ ,Chinese $ ,3.5/4,22,Duck $ Marinate $ Roast $ Spice $ Soy Sauce $ Bon Appétit $ Chinese $ 
https://www.epicurious.com/recipes/food/views/chinese-barbecued-spareribs-20086,Chinese Barbecued Spareribs ,"1 side pork spareribs, about 3 pounds $ 1/2 cup soy sauce $ 2 tablespoons honey $ 1 tablespoon sherry $ 1 clove crushed garlic $ ",Pork $ Appetizer $ Bake $ Marinate $ Sherry $ Fall $ Honey $ Soy Sauce $ House & Garden $ Dairy Free $ Peanut Free $ Tree Nut Free $ ,Chinese $ ,3/4,5,Pork $ Appetizer $ Bake $ Marinate $ Sherry $ Fall $ Honey $ Soy Sauce $ House & Garden $ Dairy Free $ Peanut Free $ Tree Nut Free $ Chinese $ 
https://www.epicurious.com/recipes/food/views/chinese-noodle-and-chicken-or-turkey-salad-1975,Chinese Noodle and Chicken or Turkey Salad ,"2 pounds linguine $ 1/4 cup oriental sesame oil $ 2 2 1/2-pound roasted chickens, skinned, boned, shredded or 12 cups cooked turkey $ 4 bunches green onions, sliced $ 2 bunches fresh cilantro, chopped $ 4 jalapeño chilies, seeded, deveined, minced $ 1 1/4 pounds snow peas, stringed, thinly sliced lengthwise $ 1 cup soy sauce $ 1/2 cup creamy peanut butter (do not use old-fashioned style or freshly ground) $ 1/2 cup rice vinegar $ 1/2 cup oriental sesame oil $ 2 tablespoons sugar $ Napa cabbage leaves $ ",Salad $ Chicken $ Onion $ Pasta $ Poultry $ turkey $ Lunch $ Peanut $ Sesame $ Bon Appétit $ Dairy Free $ Tree Nut Free $ Kosher $ ,Asian $ Chinese $ ,3.5/4,44,Salad $ Chicken $ Onion $ Pasta $ Poultry $ turkey $ Lunch $ Peanut $ Sesame $ Bon Appétit $ Dairy Free $ Tree Nut Free $ Kosher $ Asian $ Chinese $ 
https://www.epicurious.com/recipes/food/views/moo-shu-pork-100,Moo Shu Pork ,"6 ounces lean boneless pork loin chops, cut into 1/4-inch-thick strips, well trimmed $ 1/2 small onion, thinly sliced $ 2 tablespoons minced peeled fresh ginger $ 2 garlic cloves, minced $ 2 cups thinly sliced bok choy $ 1/2 red bell pepper, sliced $ 5 large mushrooms, cut into matchstick-size strips $ 2 cups bean sprouts $ 2 tablespoons sake $ 1 tablespoon hoisin sauce* $ 1 tablespoon low-sodium soy sauce $ 4 8-inch-diameter flour tortillas or frozen Chinese crepes, thawed $ *Hoisin sauce is available at Southeast Asian markets and specialty foods stores. $ ",Pork $ Vegetable $ Stir-Fry $ Low Fat $ Bon Appétit $ ,Asian $ Chinese $ ,2.5/4,29,Pork $ Vegetable $ Stir-Fry $ Low Fat $ Bon Appétit $ Asian $ Chinese $ 
https://www.epicurious.com/recipes/food/views/asian-noodle-mushroom-and-cabbage-salad-106819,"Asian Noodle, Mushroom, and Cabbage Salad ","12 large dried shiitake mushrooms $ 1 tablespoon peanut oil $ 3 cups thinly sliced Napa cabbage $ 1 tablespoon minced peeled fresh ginger $ 1 tablespoon minced garlic $ 14 green onions; 12 halved lengthwise and cut on diagonal into 2-inch lengths, 2 chopped $ 3 tablespoons soy sauce $ 1 1-pound package fresh thin Chinese egg noodles or one 12-ounce package dried Chinese egg noodles $ 1/3 cup oriental sesame oil $ 2 tablespoons fresh lemon juice $ 1 tablespoon unseasoned rice vinegar $ 2 teaspoons sugar $ 3 hard-boiled eggs; 2 thinly sliced, 1 chopped for garnish $ 1 cup chopped fresh cilantro $ ",Bread $ Salad $ Mushroom $ Pasta $ Side $ Stir-Fry $ Summer $ Bon Appétit $ Sugar Conscious $ Vegetarian $ Pescatarian $ Dairy Free $ Tree Nut Free $ Kosher $ ,Asian $ Chinese $ ,3/4,23,Bread $ Salad $ Mushroom $ Pasta $ Side $ Stir-Fry $ Summer $ Bon Appétit $ Sugar Conscious $ Vegetarian $ Pescatarian $ Dairy Free $ Tree Nut Free $ Kosher $ Asian $ Chinese $ 
https://www.epicurious.com/recipes/food/views/pork-dumplings-104209,Pork Dumplings ,"8 Chinese dried mushrooms $ 14 fresh water chestnuts, about 12 ounces $ 8 ounces ground pork butt $ 2 tablespoons finely chopped cilantro $ 1 cup minced scallions $ 1 tablespoon plus 1 teaspoon Shao Hsing rice cooking wine $ 1 tablespoon thin soy sauce $ 1 1/2 teaspoons sesame oil $ 2 teaspoons sugar $ 1/4 teaspoon salt $ 1/4 teaspoon ground white pepper $ 1/2 cup cornstarch $ 2 large egg whites, beaten $ 1/2 package fresh round won ton skins, about 8 ounces $ 8 large flat Napa cabbage leaves $ ",Mushroom $ Onion $ Pork $ Appetizer $ Steam $ Chestnut $ Cabbage $ Dairy Free $ Peanut Free $ ,Asian $ Chinese $ ,3.5/4,16,Mushroom $ Onion $ Pork $ Appetizer $ Steam $ Chestnut $ Cabbage $ Dairy Free $ Peanut Free $ Asian $ Chinese $ 
https://www.epicurious.com/recipes/food/views/hainanese-chicken-rice-103554,Hainanese Chicken Rice ,"1 (3- to 3 1/2-lb) chicken $ 3 teaspoons salt $ 4 qt water $ 4 (1/8-inch-thick) slices fresh ginger, smashed $ 6 (3- to 3 1/2-inch-long) fresh hot red Thai chiles or serrano chiles, chopped $ 1 shallot, chopped $ 2 tablespoons chopped peeled fresh ginger $ 2 medium garlic cloves, chopped $ 1/2 teaspoon salt $ 1/3 cup fresh lime juice $ 2 cups jasmine rice $ 4 shallots, thinly sliced $ 2 large garlic cloves, minced $ 1 English cucumber $ 1 tablespoon soy sauce $ 2 teaspoons Asian sesame oil $ 1 bunch or 1 (4-oz) bag watercress, coarse stems discarded $ Special equipment: a mini food processor and a U-shaped vegetable peeler $ 1 U-shaped vegetable peeler $ Garnish: fresh cilantro leaves or sprigs $ ",Soup/Stew $ Chicken $ Garlic $ Ginger $ Rice $ Hot Pepper $ Gourmet $ ,Chinese $ ,3.5/4,22,Soup/Stew $ Chicken $ Garlic $ Ginger $ Rice $ Hot Pepper $ Gourmet $ Chinese $ 
https://www.epicurious.com/recipes/food/views/fried-chinese-five-spice-chicken-wings-101930,Fried Chinese Five-Spice Chicken Wings ,"3 pounds chicken wings (12 to 14) $ 1 onion $ a 1 1/2-inch piece peeled fresh gingerroot $ 2 tablespoons soy sauce (preferably Kikkoman) $ 1‚ tablespoons medium-dry Sherry $ 1 tablespoon Chinese five-spice powder $ 1 tablespoon sugar $ 2 tablespoons plus 1 teaspoon coarse salt $ 2 teaspoons freshly ground black pepper, or to taste $ 1/2 cup cornstarch $ 6 cups vegetable oil $ ",Chicken $ Appetizer $ Braise $ Fry $ Marinate $ Cocktail Party $ Super Bowl $ Poker/Game Night $ Party $ Gourmet $ ,Asian $ Chinese $ ,3/4,18,Chicken $ Appetizer $ Braise $ Fry $ Marinate $ Cocktail Party $ Super Bowl $ Poker/Game Night $ Party $ Gourmet $ Asian $ Chinese $ 
https://www.epicurious.com/recipes/food/views/creamy-chinese-celery-soup-107735,Creamy Chinese Celery Soup ,"1 medium leek (white and pale green parts only), chopped $ 1 medium russet (baking) potato $ 1/2 cup chopped shallot $ 2 tablespoons unsalted butter $ 1 tablespoon olive oil $ 2 bunches Chinese celery (1 1/2 lb total), top leaves discarded and stalks cut into 2-inch pieces $ 1/2 cup dry white wine $ 4 cups chicken stock or low-sodium chicken broth (32 fl oz) $ 1/2 cup heavy cream $ 1/2 teaspoon salt $ 1/4 teaspoon black pepper $ 6 (1/4-inch-thick) diagonal baguette slices $ 1/4 cup extra-virgin olive oil $ Kosher salt to taste $ Garnish: fresh Chinese parsley leaves or flat-leaf parsley leaves $ ",Soup/Stew $ Dairy $ Vegetable $ Quick & Easy $ Celery $ Leek $ White Wine $ Winter $ Gourmet $ ,Asian $ Chinese $ ,3.5/4,28,Soup/Stew $ Dairy $ Vegetable $ Quick & Easy $ Celery $ Leek $ White Wine $ Winter $ Gourmet $ Asian $ Chinese $ 
https://www.epicurious.com/recipes/food/views/chicken-with-chestnuts-108668,Chicken with Chestnuts ,"3 tablespoons coarsely crushed yellow rock sugar (sometimes labeled ""yellow rock candy"") $ 3 tablespoons Chinese rice wine (preferably Shaoxing) or medium-dry Sherry $ 2 tablespoons dark mushroom soy sauce $ 1/2 tablespoon oyster sauce $ 2 cups water $ 2 1/4 pounds whole chicken legs (including thighs; about 2 large) $ 2 tablespoons vegetable oil $ 1 (1-inch) piece fresh ginger, peeled and cut crosswise into 1/8-inch-thick slices $ 1 large garlic clove, smashed $ 16 frozen shelled and blanched chestnuts (3 ounces), thawed $ 1 teaspoon Asian sesame oil $ 2 tablespoons chopped scallion $ ",Wine $ Wok $ Chicken $ Ginger $ Stir-Fry $ Dinner $ Lunar New Year $ Chestnut $ Sesame $ Soy Sauce $ Gourmet $ Dairy Free $ Peanut Free $ ,Asian $ Chinese $ ,3/4,1,Wine $ Wok $ Chicken $ Ginger $ Stir-Fry $ Dinner $ Lunar New Year $ Chestnut $ Sesame $ Soy Sauce $ Gourmet $ Dairy Free $ Peanut Free $ Asian $ Chinese $ 
https://www.epicurious.com/recipes/food/views/peanut-crusted-lamb-with-hunan-sauce-3101,Peanut-Crusted Lamb with Hunan Sauce ,"1 cup peanut oil $ 10 tablespoons hoisin sauce* $ 1/2 cup plum wine** or Sherry $ 8 garlic cloves, minced $ 2 tablespoons minced fresh ginger $ 1/2 teaspoon dried crushed red pepper $ 2 1 3/4-pound racks of lamb, trimmed $ 2 tablespoons bottled chili sauce $ 2 cups dry-roasted unsalted peanuts, finely chopped $ 2 cups beef stock or canned broth $ 1/4 cup dry red wine $ 2 tablespoons bottled chili sauce $ 1 tablespoon hoisin sauce $ 2 tablespoons chilled butter $ *Available at Asian markets and in the Asian section of many supermarkets. $ **Available at Asian markets, specialty foods stores and some liquor stores. $ ",Garlic $ Ginger $ Lamb $ Nut $ Bake $ Lunar New Year $ Peanut $ Red Wine $ Winter $ Bon Appétit $ ,Chinese $ ,3.5/4,15,Garlic $ Ginger $ Lamb $ Nut $ Bake $ Lunar New Year $ Peanut $ Red Wine $ Winter $ Bon Appétit $ Chinese $ 
https://www.epicurious.com/recipes/food/views/spicy-sichuan-peanut-sauce-11017,Spicy Sichuan Peanut Sauce ,"1 cup peanut butter $ 1/4 cup soy sauce $ 1/4 cup Asian sesame oil $ 3 tablespoons rice vinegar (not seasoned) $ 2 tablespoons finely chopped garlic $ 2 tablespoons grated peeled fresh gingerroot $ 1 1/2 teaspoons Asian chili paste* or 1 teaspoon dried hot red pepper flakes or to taste $ 1 tablespoon hoisin sauce*, or to taste $ 1 1/2 to 2 tablespoons fresh lime juice $ 3/4 cup water $ *available at Asian markets, some specialty foods shops, and supermarkets $ ",Sauce $ Garlic $ Ginger $ Quick & Easy $ Peanut $ Sesame $ Gourmet $ ,Chinese $ ,3/4,14,Sauce $ Garlic $ Ginger $ Quick & Easy $ Peanut $ Sesame $ Gourmet $ Chinese $ 
https://www.epicurious.com/recipes/food/views/stir-fried-chestnuts-and-chinese-cabbage-108740,Stir-Fried Chestnuts and Chinese Cabbage ,"3 tablespoons peanut oil $ 2 teaspoons minced garlic $ 2 teaspoons minced peeled fresh ginger $ 1/4 teaspoon salt $ 1 pound Napa cabbage, quartered lengthwise, cored, and sliced diagonally into 1/4-inch-wide strips $ 2 cups bottled peeled cooked whole chestnuts (10 ounces) halved $ 1/2 teaspoon sugar $ 1 tablespoon soy sauce $ 1 teaspoon Asian sesame oil $ ",Ginger $ Nut $ Side $ Stir-Fry $ Thanksgiving $ Vegetarian $ Quick & Easy $ Fall $ Vegan $ Chestnut $ Cabbage $ Sesame $ Soy Sauce $ Gourmet $ Sugar Conscious $ Pescatarian $ Dairy Free $ Kosher $ ,Asian $ Chinese $ ,3/4,6,Ginger $ Nut $ Side $ Stir-Fry $ Thanksgiving $ Vegetarian $ Quick & Easy $ Fall $ Vegan $ Chestnut $ Cabbage $ Sesame $ Soy Sauce $ Gourmet $ Sugar Conscious $ Pescatarian $ Dairy Free $ Kosher $ Asian $ Chinese $ 
https://www.epicurious.com/recipes/food/views/chinese-broccoli-with-sausage-and-polenta-107739,Chinese Broccoli with Sausage and Polenta ,"2 lb Chinese broccoli, thick ends trimmed $ 6 cups water $ 1 1/2 teaspoons salt $ 1 1/2 cups polenta (not instant) or yellow cornmeal $ 3 tablespoons unsalted butter, softened $ 1/2 cup heavy cream $ 2 tablespoons finely grated parmesan $ 2 tablespoons olive oil $ 3/4 lb hot Italian sausage, casings removed $ 2 garlic cloves, thinly sliced $ 1 teaspoon salt $ 1/2 teaspoon black pepper $ ",Pork $ Vegetable $ Sauté $ Quick & Easy $ Sausage $ Broccoli $ Winter $ Simmer $ Boil $ Gourmet $ ,Asian $ Chinese $ ,3/4,11,Pork $ Vegetable $ Sauté $ Quick & Easy $ Sausage $ Broccoli $ Winter $ Simmer $ Boil $ Gourmet $ Asian $ Chinese $ 
https://www.epicurious.com/recipes/food/views/drunken-chicken-105149,Drunken Chicken ,"1 3 1/2-pound whole chicken $ 1 5-inch-long piece fresh ginger, sliced $ 7 green onions, thinly sliced $ 1 teaspoon plus 5 tablespoons salt $ 4 cups water $ 1 750-ml bottle of Chinese rice wine* or dry Sherry $ 3/4 cup sugar $ ",Chicken $ Summer $ Bon Appétit $ ,Chinese $ ,3/4,8,Chicken $ Summer $ Bon Appétit $ Chinese $ 
https://www.epicurious.com/recipes/food/views/stir-fried-chinese-broccoli-109462,Stir-Fried Chinese Broccoli ,"3 tablespoons vegetable oil $ 4 garlic cloves, smashed $ 2 lb Chinese broccoli (sometimes known as Chinese kale), ends of stems trimmed and broccoli cut into 1-inch pieces $ 1/2 cup Thai chicken stock or canned chicken broth $ 2 tablespoons Thai yellow bean sauce $ 2 tablespoons oyster sauce $ 2 teaspoons sugar $ a large (6-qt) wok $ ",Wok $ Garlic $ Side $ Stir-Fry $ Quick & Easy $ Broccoli $ Gourmet $ Sugar Conscious $ Dairy Free $ Peanut Free $ Tree Nut Free $ Soy Free $ ,Chinese $ ,4/4,8,Wok $ Garlic $ Side $ Stir-Fry $ Quick & Easy $ Broccoli $ Gourmet $ Sugar Conscious $ Dairy Free $ Peanut Free $ Tree Nut Free $ Soy Free $ Chinese $ 
https://www.epicurious.com/recipes/food/views/cold-chinese-style-sesame-noodles-with-cucumber-12224,Cold Chinese-Style Sesame Noodles with Cucumber ,"2 tablespoons dark (Asian) sesame oil $ 1 tablespoon soy sauce $ 1 tablespoon white-wine vinegar or rice vinegar (not seasoned) $ 1/4 teaspoon sugar $ 1/4 teaspoon salt, or to taste $ 1/8 teaspoon dried hot red pepper flakes $ 6 ounces capellini $ 1/2 seedless cucumber, cut lengthwise into thin spears and crosswise into thin slices (about 1 cup) $ 1 scallion, minced, or 1 tablespoon minced fresh coriander $ 1 1/2 teaspoons sesame seeds, toasted lightly and cooled $ ",Pasta $ Vegetable $ Side $ Vegetarian $ Quick & Easy $ Cucumber $ Summer $ Noodle $ Gourmet $ Vegan $ Pescatarian $ Dairy Free $ Peanut Free $ Tree Nut Free $ Kosher $ ,Asian $ Chinese $ ,3/4,23,Pasta $ Vegetable $ Side $ Vegetarian $ Quick & Easy $ Cucumber $ Summer $ Noodle $ Gourmet $ Vegan $ Pescatarian $ Dairy Free $ Peanut Free $ Tree Nut Free $ Kosher $ Asian $ Chinese $ 
https://www.epicurious.com/recipes/food/views/chinese-plain-rice-20092,Chinese Plain Rice ,2 cups of long grain rice $ 3 cups cold water $ ,Rice $ Side $ Steam $ Quick & Easy $ Low Sodium $ House & Garden $ Sugar Conscious $ Kidney Friendly $ Vegan $ Vegetarian $ Pescatarian $ Dairy Free $ Wheat/Gluten-Free $ Peanut Free $ Tree Nut Free $ Soy Free $ No Sugar Added $ Kosher $ ,Chinese $ ,3.5/4,2,Rice $ Side $ Steam $ Quick & Easy $ Low Sodium $ House & Garden $ Sugar Conscious $ Kidney Friendly $ Vegan $ Vegetarian $ Pescatarian $ Dairy Free $ Wheat/Gluten-Free $ Peanut Free $ Tree Nut Free $ Soy Free $ No Sugar Added $ Kosher $ Chinese $ 
https://www.epicurious.com/recipes/food/views/chinese-scallion-lamb-20082,Chinese Scallion Lamb ,1 pound lean lamb $ 3 tablespoons soy sauce $ 2 bunches large scallions $ 3 tablespoons lard or cooking oil $ ,Lamb $ Onion $ Stir-Fry $ Quick & Easy $ Soy Sauce $ House & Garden $ ,Chinese $ ,3/4,1,Lamb $ Onion $ Stir-Fry $ Quick & Easy $ Soy Sauce $ House & Garden $ Chinese $ 
https://www.epicurious.com/recipes/food/views/mu-shu-chicken-with-jicama-14963,Mu Shu Chicken with Jícama ,1/2 pound boneless skinless chicken thighs (about 3) $ 1 teaspoon cornstarch $ 2 tablespoons plus 1/2 teaspoon soy sauce $ 2 1/2 tablespoons medium-dry Sherry $ 2 large eggs $ 1/4 teaspoon salt $ a 1/2-pound piece jícama $ 3 scallions $ 4 flour tortillas $ 5 tablespoons vegetable oil $ ,Chicken $ Marinate $ Stir-Fry $ Jícama $ Gourmet $ ,Chinese $ ,2/4,3,Chicken $ Marinate $ Stir-Fry $ Jícama $ Gourmet $ Chinese $ 
https://www.epicurious.com/recipes/food/views/szechuan-steak-au-poivre-with-port-ginger-sauce-2107,Szechuan Steak au Poivre with Port-Ginger Sauce ,1 1/2 tablespoons Szechuan peppercorns $ 2 teaspoons drained green peppercorns in brine $ 2 6-ounce beef tenderloin steaks $ 1 teaspoon vegetable oil $ 1 cup ruby Port $ 1/4 cup minced shallots $ 1 1/2 tablespoons finely chopped fresh ginger $ 1 1/2 tablespoons butter $ ,Beef $ Ginger $ Dinner $ Beef Tenderloin $ Port $ Pan-Fry $ Bon Appétit $ ,Asian $ Chinese $ ,3.5/4,4,Beef $ Ginger $ Dinner $ Beef Tenderloin $ Port $ Pan-Fry $ Bon Appétit $ Asian $ Chinese $ 
https://www.epicurious.com/recipes/food/views/turnip-cake-law-bock-gow-100779,Turnip Cake (Law Bock Gow) ,"6 ounces Chinese bacon (lop yok), store bought or homemade $ 1 large Chinese white turnip, about 2 pounds $ 8 Chinese dried mushrooms $ 1/2 cup Chinese dried shrimp, about 1 1/4 ounces $ 2 teaspoons Shao Hsing rice cooking wine $ 1 teaspoon sugar $ 2 cups rice flour $ ",Cake $ Wine $ Wok $ Mushroom $ Pork $ Shellfish $ Vegetable $ Appetizer $ Brunch $ Side $ Fry $ Steam $ Lunar New Year $ Shrimp $ Root Vegetable $ Turnip $ Winter $ Dairy Free $ Wheat/Gluten-Free $ Peanut Free $ Tree Nut Free $ Soy Free $ ,Asian $ Chinese $ ,3.5/4,28,Cake $ Wine $ Wok $ Mushroom $ Pork $ Shellfish $ Vegetable $ Appetizer $ Brunch $ Side $ Fry $ Steam $ Lunar New Year $ Shrimp $ Root Vegetable $ Turnip $ Winter $ Dairy Free $ Wheat/Gluten-Free $ Peanut Free $ Tree Nut Free $ Soy Free $ Asian $ Chinese $ 
https://www.epicurious.com/recipes/food/views/dads-chinese-chicken-wings-101910,Dad's Chinese Chicken Wings ,"1 1/4 cups soy sauce $ 1 1/4 cups rice wine or sake $ 1 cup water $ 12 whole scallions, ends trimmed, smashed with the flat side of a knife $ 10 cloves garlic, smashed with the flat side of a knife $ 2 1/2-inch chunk fresh ginger, peeled, then cut into 10 slices about the size of a quarter, each smashed with the flat side of a knife $ 3 1/2 to 4 pounds chicken wings (about 20), rinsed and drained $ ",Chicken $ Garlic $ Ginger $ Appetizer $ Marinate $ Roast $ Kid-Friendly $ Sugar Conscious $ Dairy Free $ Peanut Free $ Tree Nut Free $ Kosher $ ,Chinese $ ,3.5/4,55,Chicken $ Garlic $ Ginger $ Appetizer $ Marinate $ Roast $ Kid-Friendly $ Sugar Conscious $ Dairy Free $ Peanut Free $ Tree Nut Free $ Kosher $ Chinese $ 
https://www.epicurious.com/recipes/food/views/chinese-peanut-sauce-15580,Chinese Peanut Sauce ,1/2 cup creamy peanut butter (do not use old-fashioned or freshly ground) $ 2 tablespoons soy sauce $ 4 teaspoons minced garlic $ 1/2 cup hot water $ 1/4 cup chopped fresh cilantro $ 3 tablespoons apple cider vinegar $ 2 teaspoons sugar $ 3/4 teaspoon dried crushed red pepper $ ,Sauce $ Peanut $ Fall $ Bon Appétit $ ,Chinese $ ,3.5/4,42,Sauce $ Peanut $ Fall $ Bon Appétit $ Chinese $ 
