link,name,ingredients,recipe_category,recipe_cuisine,rating,rating_count,keywords
https://www.epicurious.com/recipes/food/views/chicken-jook-232151,Chicken Jook ,"1 bunch scallions $ 1 (1-inch) piece fresh ginger, peeled $ 12 fresh cilantro sprigs $ 1 (2 1/2- to 3-lb) whole chicken $ 2 teaspoons salt $ 3 qt cold water $ 1/4 cup dried scallops* (about 10) $ 3/4 cup long-grain rice $ 1/4 cup Chinese (short-grain) sticky rice* (also called glutinous) $ Accompaniments: soy-sauce-pickled cucumbers*; pickled mustard greens; thousand-year-old eggs, shelled and cut into wedges; smoked tofu*, cut into slices $ Garnish: fresh cilantro leaves $ a small square of cheesecloth; kitchen string $ ",Chicken $ Rice $ Breakfast $ Brunch $ Quick & Easy $ Lunch $ Seafood $ Gourmet $ Sugar Conscious $ Dairy Free $ Wheat/Gluten-Free $ Peanut Free $ Tree Nut Free $ Soy Free $ No Sugar Added $ ,Asian $ Chinese $ ,3/4,5,Chicken $ Rice $ Breakfast $ Brunch $ Quick & Easy $ Lunch $ Seafood $ Gourmet $ Sugar Conscious $ Dairy Free $ Wheat/Gluten-Free $ Peanut Free $ Tree Nut Free $ Soy Free $ No Sugar Added $ Asian $ Chinese $ 
https://www.epicurious.com/recipes/food/views/cold-smoked-chicken-with-baby-bok-choy-and-cashew-salad-232149,Cold-Smoked Chicken with Baby Bok Choy and Cashew Salad ,"6 baby bok choy, separated into leaves $ 2 tablespoons rice vinegar (not seasoned) $ 1 tablespoon soy sauce $ 2 teaspoons hoisin sauce $ 1/2 teaspoon black pepper $ 1/4 teaspoon Chinese five-spice powder $ 1/4 cup vegetable oil $ 2 tablespoons Asian sesame oil $ 2 tablespoons sesame seeds, toasted $ 3 cooked cold-smoked chicken legs (see cooks' note, below), skin discarded and meat finely shredded (3 cups) $ 1 small seedless cucumber (usually plastic-wrapped), halved lengthwise, cored, and cut into 1/8-inch-thick matchsticks $ 1/2 cup chopped fresh cilantro $ 1/2 cup roasted unsalted cashews (2 1/2 oz) $ ",Salad $ Chicken $ Leafy Green $ Nut $ Poultry $ Picnic $ Quick & Easy $ Lunch $ Cashew $ Summer $ Bok Choy $ Gourmet $ Sugar Conscious $ Dairy Free $ Peanut Free $ No Sugar Added $ Kosher $ ,American $ Asian $ ,3.5/4,4,Salad $ Chicken $ Leafy Green $ Nut $ Poultry $ Picnic $ Quick & Easy $ Lunch $ Cashew $ Summer $ Bok Choy $ Gourmet $ Sugar Conscious $ Dairy Free $ Peanut Free $ No Sugar Added $ Kosher $ American $ Asian $ 
https://www.epicurious.com/recipes/food/views/spicy-asian-marinade-232058,Spicy Asian Marinade ,3 tablespoons soy sauce $ 2 tablespoons rice wine or sake $ 1 tablespoon minced garlic $ 1 teaspoon dried chile flakes or hot chile paste $ 1 tablespoon virgin olive oil $ ,Sauce $ Garlic $ Pepper $ Marinate $ Quick & Easy $ ,Asian $ ,4/4,12,Sauce $ Garlic $ Pepper $ Marinate $ Quick & Easy $ Asian $ 
https://www.epicurious.com/recipes/food/views/jesses-spicy-grilled-chicken-breasts-232057,Jesse's Spicy Grilled Chicken Breasts ,"3 boneless, skinless chicken breasts (abut 1 1/2 pounds) $ 1 recipe Spicy Asian Marinade $ 2 tablespoons virgin olive oil (for oiling the grill) $ ",Chicken $ Poultry $ Marinate $ Low Cal $ Backyard BBQ $ Grill/Barbecue $ ,American $ Asian $ ,3/4,7,Chicken $ Poultry $ Marinate $ Low Cal $ Backyard BBQ $ Grill/Barbecue $ American $ Asian $ 
https://www.epicurious.com/recipes/food/views/penang-rice-salad-232028,Penang Rice Salad ,"1 3/4 cups jasmine rice* (11 3/4 oz) $ 3 cups water $ 1/3 cup packaged unsweetened dried coconut $ 1/4 cup fine-quality dried shrimp** (1 oz) $ 1 large fresh lemongrass stalk, 1 or 2 outer leaves discarded and root end trimmed $ 3 (2 1/2-inch-long) fresh or thawed frozen Kaffir lime leaves $ 1 (1/2-inch) piece peeled fresh or thawed frozen turmeric** (optional), finely grated $ 1 large shallot, halved lengthwise and very thinly sliced crosswise (3/4 cup) $ 5 tablespoons very thinly sliced fresh Vietnamese basil or fresh cilantro (from 1 bunch) $ 3 tablespoons very thinly sliced fresh mint $ 2 tablespoons fresh lime juice, or to taste $ 1/2 teaspoon freshly ground white pepper $ 1/4 teaspoon salt $ an electric coffee/spice grinder $ ",Rice $ Shellfish $ Side $ Sauté $ Shrimp $ Gourmet $ Sugar Conscious $ Kidney Friendly $ Pescatarian $ Dairy Free $ Wheat/Gluten-Free $ Peanut Free $ Tree Nut Free $ Soy Free $ No Sugar Added $ ,Asian $ Thai $ Southeast Asian $ ,2/4,1,Rice $ Shellfish $ Side $ Sauté $ Shrimp $ Gourmet $ Sugar Conscious $ Kidney Friendly $ Pescatarian $ Dairy Free $ Wheat/Gluten-Free $ Peanut Free $ Tree Nut Free $ Soy Free $ No Sugar Added $ Asian $ Thai $ Southeast Asian $ 
https://www.epicurious.com/recipes/food/views/beef-pot-stickers-232027,Beef Pot Stickers ,1 3/4 to 2 cups all-purpose flour $ 3/4 cup boiling-hot water $ 1/4 lb ground beef chuck (1/2 cup) $ 1 1/2 tablespoons soy sauce $ 1 tablespoon Asian sesame oil $ 1 tablespoon peanut oil $ 1 tablespoon minced peeled fresh ginger $ 1 teaspoon Chinese sweet bean paste $ 2 cups finely chopped yellow or green garlic chives (6 oz) $ 1 tablespoon peanut oil $ 1/3 cup warm water $ a 6-inch (3/4-inch-diameter) rolling pin or dowel $ ,Beef $ Fry $ Cocktail Party $ Meat $ Ground Beef $ Pan-Fry $ Gourmet $ ,Asian $ Chinese $ ,3/4,12,Beef $ Fry $ Cocktail Party $ Meat $ Ground Beef $ Pan-Fry $ Gourmet $ Asian $ Chinese $ 
https://www.epicurious.com/recipes/food/views/chicken-and-scallion-skewers-232025,Chicken and Scallion Skewers ,"Vegetable oil for brushing $ 1/4 cup mirin (Japanese sweet rice wine) $ 3 tablespoons soy sauce $ 3 tablespoons sake or dry Sherry $ 2 teaspoons sugar $ 3 bunches large scallions $ 1 lb skinless boneless chicken thighs (about 3), cut into 1-inch pieces $ 12 (8-inch) wooden skewers $ ",Chicken $ Poultry $ Appetizer $ Broil $ Cocktail Party $ Quick & Easy $ Party $ Gourmet $ Sugar Conscious $ Dairy Free $ Peanut Free $ Tree Nut Free $ Kosher $ ,Asian $ Japanese $ ,3/4,4,Chicken $ Poultry $ Appetizer $ Broil $ Cocktail Party $ Quick & Easy $ Party $ Gourmet $ Sugar Conscious $ Dairy Free $ Peanut Free $ Tree Nut Free $ Kosher $ Asian $ Japanese $ 
https://www.epicurious.com/recipes/food/views/sweet-rice-flour-and-coconut-cake-232024,Sweet Rice-Flour and Coconut Cake ,"3 cups mochiko* (sweet rice flour; 1 lb) $ 2 1/2 cups sugar $ 2 teaspoons baking powder $ 1/4 teaspoon salt $ 2 (14-oz) cans unsweetened coconut milk (not low-fat) $ 5 large eggs $ 1/2 stick (1/4 cup) unsalted butter, melted and cooled $ 1 teaspoon vanilla $ ",Cake $ Rice $ Dessert $ Bake $ Gourmet $ Kidney Friendly $ Vegetarian $ Pescatarian $ Wheat/Gluten-Free $ Peanut Free $ Tree Nut Free $ Soy Free $ Kosher $ ,Asian $ ,3.5/4,35,Cake $ Rice $ Dessert $ Bake $ Gourmet $ Kidney Friendly $ Vegetarian $ Pescatarian $ Wheat/Gluten-Free $ Peanut Free $ Tree Nut Free $ Soy Free $ Kosher $ Asian $ 
https://www.epicurious.com/recipes/food/views/chicken-and-cilantro-bites-231978,Chicken and Cilantro Bites ,"1/4 cup soy sauce $ 1/4 cup rice vinegar (not seasoned) $ 1 lb ground chicken (not breast meat) $ 1 large egg $ 1/2 cup finely chopped fresh cilantro $ 2 scallions, finely chopped $ 2 teaspoons Asian sesame oil $ 1 teaspoon salt $ 3/4 cup cornstarch $ 1/2 cup vegetable oil $ ",Chicken $ Herb $ Poultry $ Appetizer $ Fry $ Cocktail Party $ Super Bowl $ Poker/Game Night $ Party $ Cilantro $ Gourmet $ Sugar Conscious $ Kidney Friendly $ Dairy Free $ Peanut Free $ Tree Nut Free $ No Sugar Added $ Kosher $ ,Asian $ ,3/4,52,Chicken $ Herb $ Poultry $ Appetizer $ Fry $ Cocktail Party $ Super Bowl $ Poker/Game Night $ Party $ Cilantro $ Gourmet $ Sugar Conscious $ Kidney Friendly $ Dairy Free $ Peanut Free $ Tree Nut Free $ No Sugar Added $ Kosher $ Asian $ 
https://www.epicurious.com/recipes/food/views/soy-sake-shrimp-with-ginger-aioli-231860,Soy-Sake Shrimp with Ginger Aïoli ,"1/2 cup soy sauce $ 2 green onions, chopped $ 6 tablespoons olive oil, divided $ 2 tablespoons unseasoned rice vinegar $ 2 tablespoons sake or dry Sherry $ 1 tablespoon golden brown sugar $ 3 garlic cloves, chopped $ 24 deveined peeled uncooked large shrimp (about 1 1/2 pounds) $ 1 cup mayonnaise $ 1 tablespoon chopped peeled fresh ginger $ Cooked white rice $ ",Ginger $ Shellfish $ Soy $ Appetizer $ Marinate $ Sauté $ Quick & Easy $ Seafood $ Shrimp $ Spring $ Summer $ Soy Sauce $ Bon Appétit $ South Carolina $ Sugar Conscious $ Pescatarian $ Dairy Free $ Peanut Free $ Tree Nut Free $ ,Asian $ ,3.5/4,57,Ginger $ Shellfish $ Soy $ Appetizer $ Marinate $ Sauté $ Quick & Easy $ Seafood $ Shrimp $ Spring $ Summer $ Soy Sauce $ Bon Appétit $ South Carolina $ Sugar Conscious $ Pescatarian $ Dairy Free $ Peanut Free $ Tree Nut Free $ Asian $ 
https://www.epicurious.com/recipes/food/views/shrimp-and-avocado-in-tamarind-sauce-231801,Shrimp and Avocado in Tamarind Sauce ,"1/4 cup vegetable oil $ 1 large shallot, thinly sliced and separated into rings $ 1/4 cup tamarind pulp (from a pliable block) $ 1/2 cup boiling-hot water $ 2 tablespoons sugar $ 1 tablespoon soy sauce $ 1 tablespoon Asian fish sauce $ 3 tablespoons fresh lime juice $ 2 firm-ripe California avocados $ 1 tablespoon minced peeled fresh ginger $ 1 garlic clove, minced $ 2 (1 1/2- to 2-inch-long) fresh Thai chiles or 1 serrano, stemmed and minced (including seeds) $ 1/4 teaspoon salt $ 1 lb large shrimp in shell (21 to 25 per lb), peeled, leaving tail and first segment of shell intact, and deveined $ 1/3 cup roasted salted peanuts, chopped $ Accompaniment: jasmine rice $ Garnish: fresh cilantro sprigs $ ",Fruit $ Shellfish $ Sauté $ Dinner $ Seafood $ Shrimp $ Avocado $ Spring $ Tamarind $ Gourmet $ Pescatarian $ Dairy Free $ Tree Nut Free $ ,Asian $ ,3.5/4,59,Fruit $ Shellfish $ Sauté $ Dinner $ Seafood $ Shrimp $ Avocado $ Spring $ Tamarind $ Gourmet $ Pescatarian $ Dairy Free $ Tree Nut Free $ Asian $ 
https://www.epicurious.com/recipes/food/views/fried-stuffed-chinese-eggplant-231783,Fried Stuffed Chinese Eggplant ,"1 (9-inch) eggplant (about 3 inches wide; 1 1/4 lb) $ 1/4 lb ground pork (not lean) $ 2 tablespoons finely chopped scallion greens $ 1 teaspoon minced peeled fresh ginger $ 1 1/2 tablespoons soy sauce $ 1/4 teaspoon salt $ 3 to 4 cups peanut or vegetable oil for frying $ 1 cup all-purpose flour $ 1 large egg, lightly beaten $ 3/4 cup water $ a deep-fat thermometer $ ",Pork $ Vegetable $ Appetizer $ Side $ Fry $ Eggplant $ Deep-Fry $ Gourmet $ Dairy Free $ Tree Nut Free $ No Sugar Added $ ,Asian $ Chinese $ ,3.5/4,10,Pork $ Vegetable $ Appetizer $ Side $ Fry $ Eggplant $ Deep-Fry $ Gourmet $ Dairy Free $ Tree Nut Free $ No Sugar Added $ Asian $ Chinese $ 
https://www.epicurious.com/recipes/food/views/asian-style-crab-cakes-with-wasabi-caper-sauce-231645,Asian-Style Crab Cakes with Wasabi Caper Sauce ,"1/3 cup mayonnaise $ 2 tablespoons drained bottled capers, chopped $ 2 to 3 teaspoons wasabi paste* (Japanese horseradish paste) $ 2 tablespoons finely chopped leek (white part only) $ 1 whole large egg plus 1 yolk $ 1 1/2 tablespoons mayonnaise $ 3/4 teaspoon spicy Chinese mustard* $ 1/2 red bell pepper, finely chopped (1/3 cup) $ 1/2 teaspoon minced peeled fresh ginger $ 1 1/2 cups panko* (Japanese bread crumbs) $ 1 lb jumbo lump crabmeat, picked over $ About 2 cups vegetable oil $ a deep-fat thermometer $ ",Shellfish $ Fry $ Wasabi $ Crab $ Capers $ Gourmet $ Brooklyn $ New York $ ,Asian $ ,3/4,6,Shellfish $ Fry $ Wasabi $ Crab $ Capers $ Gourmet $ Brooklyn $ New York $ Asian $ 
https://www.epicurious.com/recipes/food/views/steamed-snapper-with-ginger-lime-and-cilantro-231729,"Steamed Snapper with Ginger, Lime, and Cilantro ","5 tablespoons chopped fresh cilantro, divided $ 1/4 cup bottled clam juice $ 2 tablespoons fresh lime juice $ 2 tablespoons chopped green onion $ 1 tablespoon grated peeled fresh ginger (see tip below) $ 1 tablespoon soy sauce $ 1 tablespoon toasted sesame oil $ 1 teaspoon fish sauce (such as nam pla or nuoc nam)* $ 2 6- to 8-ounce red snapper fillets or halibut fillets $ ",Fish $ Ginger $ Steam $ Low Fat $ Quick & Easy $ Dinner $ Lime $ Snapper $ Cilantro $ Bon Appétit $ Sugar Conscious $ Pescatarian $ Dairy Free $ Peanut Free $ Tree Nut Free $ No Sugar Added $ ,American $ Asian $ ,3.5/4,27,Fish $ Ginger $ Steam $ Low Fat $ Quick & Easy $ Dinner $ Lime $ Snapper $ Cilantro $ Bon Appétit $ Sugar Conscious $ Pescatarian $ Dairy Free $ Peanut Free $ Tree Nut Free $ No Sugar Added $ American $ Asian $ 
https://www.epicurious.com/recipes/food/views/spicy-stir-fried-brown-rice-with-broccolini-and-scallops-231593,Spicy Stir-Fried Brown Rice with Broccolini and Scallops ,"1/2 cup water $ 8 ounces broccolini, cut into 1-inch pieces (about 3 cups) $ 1 tablespoon vegetable oil $ 1 cup diced red bell pepper $ 1 cup chopped green onions $ 1 tablespoon minced peeled fresh ginger $ 2 garlic cloves, minced $ 1/4 teaspoon dried crushed red pepper $ 12 ounces bay scallops $ 1 1/2 cups brown basmati rice or other brown rice, cooked, drained, cooled $ 2 tablespoons soy sauce $ 2 teaspoons oriental sesame oil $ ",Wok $ Shellfish $ Vegetable $ Stir-Fry $ Quick & Easy $ Low/No Sugar $ Scallop $ Broccoli $ Sesame $ Brown Rice $ Bon Appétit $ ,Asian $ ,3.5/4,22,Wok $ Shellfish $ Vegetable $ Stir-Fry $ Quick & Easy $ Low/No Sugar $ Scallop $ Broccoli $ Sesame $ Brown Rice $ Bon Appétit $ Asian $ 
https://www.epicurious.com/recipes/food/views/filipino-style-london-broil-231537,Filipino-Style London Broil ,"2 medium-size lemons $ 1 cup soy sauce $ 1/2 cup distilled white vinegar $ 1/2 cup vegetable oil $ 1 medium-size onion, finely chopped $ 3 cloves garlic, finely chopped $ 3 bay leaves, crumbled $ 1 tablespoon coriander seed $ 1 teaspoon black pepper $ 1 flank steak or piece of sirloin or top or bottom round steak (1 1/2 to 1 3/4 pounds; see Note below) $ ",Beef $ Super Bowl $ Meat $ Steak $ Summer $ Tailgating $ Grill/Barbecue $ ,Asian $ ,3.5/4,44,Beef $ Super Bowl $ Meat $ Steak $ Summer $ Tailgating $ Grill/Barbecue $ Asian $ 
https://www.epicurious.com/recipes/food/views/chinese-broccoli-with-crabmeat-231510,Chinese Broccoli with Crabmeat ,"1 pound Chinese broccoli (1 large bunch; sometimes called Chinese kale) $ 1 cup reduced-sodium chicken broth $ 2 teaspoons cornstarch $ 1 1/2 teaspoons Asian sesame oil $ 1 teaspoon sugar $ 3/4 teaspoon salt $ 1/8 teaspoon black pepper $ 4 1/2 tablespoons Chinese rice wine* or sake $ 4 1/2 teaspoons canola or corn oil $ 1/2 pound jumbo lump crabmeat, picked over and slightly flaked $ 3 tablespoons minced scallion (white part only) $ 2 tablespoons minced peeled fresh ginger $ a well-seasoned 14-inch flat-bottomed wok $ ",Wok $ Leafy Green $ Shellfish $ Side $ Stir-Fry $ Quick & Easy $ Seafood $ Crab $ Gourmet $ Sugar Conscious $ Dairy Free $ Wheat/Gluten-Free $ Peanut Free $ Tree Nut Free $ Soy Free $ ,Asian $ ,1.5/4,3,Wok $ Leafy Green $ Shellfish $ Side $ Stir-Fry $ Quick & Easy $ Seafood $ Crab $ Gourmet $ Sugar Conscious $ Dairy Free $ Wheat/Gluten-Free $ Peanut Free $ Tree Nut Free $ Soy Free $ Asian $ 
https://www.epicurious.com/recipes/food/views/taiwanese-beef-noodle-soup-231502,Taiwanese Beef Noodle Soup ,"5 cups water $ 1 cup soy sauce $ 1 cup Chinese rice wine or medium-dry Sherry $ 1/4 cup packed light brown sugar $ 1 (1-inch) cube peeled fresh ginger, smashed $ 1 bunch scallions, white parts smashed with flat side of a large knife and green parts chopped $ 3 garlic cloves, smashed $ 10 fresh cilantro stems plus 1/2 cup loosely packed fresh cilantro sprigs $ 2 (2-inch-long) pieces Asian dried tangerine peel* $ 4 whole star anise $ 1/4 teaspoon dried hot red pepper flakes $ 2 1/2 pounds meaty beef short ribs $ 1 3/4 cups reduced-sodium chicken broth (14 ounces) $ 10 ounces dried Chinese wheat noodles* or linguine $ 1 cup fresh mung bean sprouts $ 4 tablespoons Chinese pickled mustard greens** $ 1 (4-inch-long) fresh red chile (optional), thinly sliced $ cheesecloth $ ",Soup/Stew $ Beef $ Dinner $ Winter $ Noodle $ Gourmet $ Dairy Free $ Peanut Free $ Tree Nut Free $ Kosher $ ,Asian $ Chinese $ ,3/4,28,Soup/Stew $ Beef $ Dinner $ Winter $ Noodle $ Gourmet $ Dairy Free $ Peanut Free $ Tree Nut Free $ Kosher $ Asian $ Chinese $ 
https://www.epicurious.com/recipes/food/views/red-curry-duck-wonton-napoleons-231484,Red Curry Duck Wonton Napoleons ,"1/2 cup minced scallion plus 1 whole scallion (1 bunch) $ 1/2 cup finely chopped fresh cilantro plus 8 small fresh sprigs (1 large bunch) $ 2 cups plus 1/4 cup vegetable oil $ 1/4 cup minced peeled fresh ginger $ 2 tablespoons minced garlic (3 to 4 large cloves) $ 2 to 6 teaspoons Thai red curry paste* $ 1 (3-pound) roast duck, meat cut into 1/2-inch dice (3 cups) $ 1 (1-pound) firm-ripe mango, peeled, pitted, and cut into 1/3-inch dice $ 1 cup diced (1/3 inch) fresh or canned pineapple (6 ounces) $ 1/2 cup diced (1/3 inch) red bell pepper $ 24 (4-inch) square wonton wrappers* $ a deep-fat thermometer $ ",Wok $ Duck $ Fry $ Stir-Fry $ Gourmet $ ,Asian $ Central American/Caribbean $ ,3.5/4,4,Wok $ Duck $ Fry $ Stir-Fry $ Gourmet $ Asian $ Central American/Caribbean $ 
https://www.epicurious.com/recipes/food/views/shanghai-stuffed-soup-buns-231482,Shanghai Stuffed Soup Buns ,"7 to 8 large cabbage leaves (Napa or green cabbage) $ 1 1/4 pounds shoulder pork chops, cut (through the bone if necessary) into 2-inch pieces with a cleaver or large knife $ 1 1/4 pounds chicken wings, cut through the bone into 2-inch pieces with a cleaver or large knife $ 4 cups water $ 1/4 cup soy sauce $ 2 tablespoons sugar $ 2 tablespoons Chinese rice wine or sake $ 1/2 star anise, lightly smashed with flat part of a heavy knife (about 1/2 teaspoon) $ 6 ounces ground pork shoulder (not lean) $ 2 tablespoons minced scallion $ 1 tablespoon minced peeled fresh ginger $ 1 tablespoon soy sauce $ 1 teaspoon Asian sesame oil $ 2 to 2 1/4 cups all-purpose flour $ 2/3 cup plus 2 tablespoons boiling water $ 1/4 cup Chinese black vinegar (preferably Chinkiang) $ 1/2 tablespoon very thin matchsticks peeled fresh ginger $ a 12-inch bamboo steamer; a 6-inch (3/4-inch-diameter) rolling pin or dowel; a well-seasoned 14-inch wok with a lid $ ",Pork $ Appetizer $ Steam $ Meat $ Gourmet $ Sugar Conscious $ Dairy Free $ Peanut Free $ Tree Nut Free $ ,Asian $ Chinese $ ,2/4,1,Pork $ Appetizer $ Steam $ Meat $ Gourmet $ Sugar Conscious $ Dairy Free $ Peanut Free $ Tree Nut Free $ Asian $ Chinese $ 
https://www.epicurious.com/recipes/food/views/black-pearl-layer-cake-231449,Black Pearl Layer Cake ,"6 ounces bittersweet (not unsweetened) or semisweet chocolate, chopped $ 3/4 cup heavy whipping cream $ 1 teaspoon ground ginger $ 1/2 teaspoon wasabi powder* $ 2 tablespoons black sesame seeds* $ 1 tablespoon corn syrup $ 2 tablespoons (1/4 stick) butter, room temperature $ 1 cup water $ 1/2 cup sugar $ 5 tablespoons matchstick-size strips peeled fresh ginger $ 1 vanilla bean, split lengthwise $ 2 cups boiling water $ 1 cup unsweetened cocoa powder $ 2 3/4 cups all purpose flour $ 2 teaspoons baking soda $ 1/2 teaspoon baking powder $ 1/2 teaspoon salt $ 2 1/4 cups sugar $ 1 cup (2 sticks) unsalted butter, room temperature $ 4 large eggs $ 1 tablespoon vanilla extract $ 2 cups chilled heavy whipping cream $ 1/4 cup plus 2 tablespoons powdered sugar $ 1/2 teaspoon vanilla extract $ 1/2 teaspoon ground ginger $ Additional black sesame seeds $ ",Cake $ Chocolate $ Dessert $ Bake $ Mother's Day $ Birthday $ Engagement Party $ Bon Appétit $ Vegetarian $ Pescatarian $ Peanut Free $ Tree Nut Free $ Soy Free $ Kosher $ ,American $ Asian $ ,3.5/4,80,Cake $ Chocolate $ Dessert $ Bake $ Mother's Day $ Birthday $ Engagement Party $ Bon Appétit $ Vegetarian $ Pescatarian $ Peanut Free $ Tree Nut Free $ Soy Free $ Kosher $ American $ Asian $ 
https://www.epicurious.com/recipes/food/views/peanut-sesame-sauce-231446,Peanut-Sesame Sauce ,"1 1/2 tablespoons sugar $ 2 small garlic cloves, minced $ 1 1/2 teaspoons minced fresh ginger $ 3/4 cup roasted salted peanuts $ 3/4 cup sesame seeds, toasted $ 6 tablespoons grapeseed oil or vegetable oil $ 1 small red Thai chile or red jalapeño chile $ 1/4 to 1/2 teaspoon cayenne pepper $ ",Sauce $ Nut $ Pepper $ Peanut $ Bon Appétit $ ,Asian $ ,2.5/4,6,Sauce $ Nut $ Pepper $ Peanut $ Bon Appétit $ Asian $ 
https://www.epicurious.com/recipes/food/views/chinese-hot-and-sour-soup-231354,Chinese Hot-and-Sour Soup ,"5 ounces boneless pork loin, cut into 1/4-inch-thick strips (2/3 cup) $ 2 teaspoons dark soy sauce* $ 4 small Chinese dried black mushrooms* $ 12 small dried tree ear mushrooms* $ 1 1/2 tablespoons cornstarch $ 12 dried lily buds* (sometimes called golden needles) $ 1/2 cup canned sliced bamboo shoots*, cut lengthwise into 1/8-inch-wide strips (from an 8-oz can) $ 2 tablespoons red-wine vinegar $ 2 tablespoons rice vinegar (not seasoned) $ 1 tablespoon light soy sauce* $ 1 1/2 teaspoons sugar $ 1 teaspoon kosher salt $ 2 tablespoons peanut oil $ 4 cups reduced-sodium chicken broth $ 3 to 4 oz firm tofu (about a quarter of a block), rinsed and drained, then cut into 1/4-inch-thick strips $ 2 large eggs $ 2 teaspoons Asian sesame oil* $ 1 1/2 teaspoons freshly ground white pepper $ 2 tablespoons thinly sliced scallion greens $ 2 tablespoons fresh whole cilantro leaves $ *Available at Asian foods markets, Uwajimaya (800-889-1928), and Kam Man Food Products Inc. (212-571-0330). $ ",Soup/Stew $ Mushroom $ Pork $ Appetizer $ Tofu $ Winter $ Gourmet $ Sugar Conscious $ Dairy Free $ Tree Nut Free $ ,Asian $ Chinese $ ,4/4,89,Soup/Stew $ Mushroom $ Pork $ Appetizer $ Tofu $ Winter $ Gourmet $ Sugar Conscious $ Dairy Free $ Tree Nut Free $ Asian $ Chinese $ 
https://www.epicurious.com/recipes/food/views/sticky-rice-with-chinese-sausage-and-dried-scallops-231372,Sticky Rice with Chinese Sausage and Dried Scallops ,"2 1/2 cups Chinese or Japanese short-grain sticky (""sweet"") rice $ 6 to 8 (1-inch-wide) large dried scallops $ 1/2 cup Chinese rice wine such as Shaoxing or medium-dry Sherry $ 12 to 15 Chinese dried black mushrooms $ 4 links Cantonese sweet sausage $ 2 bunches of scallions $ 1/4 cup oyster sauce (preferably premium) $ 2 tablespoons light soy sauce $ 1 tablespoon sugar $ 1 teaspoon kosher salt $ 1/4 cup peanut oil $ 2 tablespoons Asian sesame oil $ 2 teaspoons black pepper $ a well-seasoned 14-inch wok, preferably flat-bottomed; a 10-inch bamboo steamer with 2 tiers; cheesecloth $ ",Wok $ Pork $ Rice $ Shellfish $ Side $ Steam $ Stir-Fry $ Sausage $ Scallop $ Gourmet $ Sugar Conscious $ Dairy Free $ Tree Nut Free $ ,Asian $ ,3.5/4,7,Wok $ Pork $ Rice $ Shellfish $ Side $ Steam $ Stir-Fry $ Sausage $ Scallop $ Gourmet $ Sugar Conscious $ Dairy Free $ Tree Nut Free $ Asian $ 
https://www.epicurious.com/recipes/food/views/chicken-curry-with-cashews-231358,Chicken Curry with Cashews ,"1/2 stick (1/4 cup) unsalted butter $ 2 medium onions, finely chopped (2 cups) $ 2 large garlic cloves, finely chopped $ 1 tablespoon finely chopped peeled fresh ginger $ 3 tablespoons curry powder $ 2 teaspoons salt $ 1 teaspoon ground cumin $ 1/2 teaspoon cayenne $ 1 (3 1/2- to 4-pound) chicken, cut into 10 serving pieces $ 1 (14.5-ounce) can diced tomatoes $ 1/4 cup chopped fresh cilantro $ 3/4 cup cashews (1/4 pound) $ 3/4 cup plain whole-milk yogurt $ Accompaniment: cooked basmati or jasmine rice $ Garnish: chopped fresh cilantro $ ",Chicken $ Nut $ Poultry $ Dinner $ Cashew $ Curry $ Winter $ Gourmet $ Wheat/Gluten-Free $ Peanut Free $ Soy Free $ No Sugar Added $ ,Asian $ ,3.5/4,732,Chicken $ Nut $ Poultry $ Dinner $ Cashew $ Curry $ Winter $ Gourmet $ Wheat/Gluten-Free $ Peanut Free $ Soy Free $ No Sugar Added $ Asian $ 
https://www.epicurious.com/recipes/food/views/miso-glazed-black-cod-on-sunflower-sprouts-231285,Miso-Glazed Black Cod on Sunflower Sprouts ,"1/3 cup white miso (fermented soybean paste) $ 1/4 cup plus 1 teaspoon mirin (sweet Japanese rice wine) $ 3 tablespoons unseasoned rice vinegar, divided $ 2 tablespoons minced peeled fresh ginger $ 4 teaspoons toasted sesame oil (such as Asian), divided $ 4 6-ounce skinless black cod fillets $ 1/2 cup chopped green onions, divided $ 5 ounces sunflower sprouts $ ",Wine $ Fish $ Ginger $ Soy $ Sauté $ Quick & Easy $ Cod $ Spring $ Bon Appétit $ ,American $ Asian $ ,3.5/4,12,Wine $ Fish $ Ginger $ Soy $ Sauté $ Quick & Easy $ Cod $ Spring $ Bon Appétit $ American $ Asian $ 
https://www.epicurious.com/recipes/food/views/sesame-wonton-triangles-with-smoked-salmon-and-wasabi-231267,Sesame Wonton Triangles with Smoked Salmon and Wasabi ,1/4 cup plus 1/2 teaspoon toasted sesame oil (such as Asian) $ 1 egg white $ 8 wonton wrappers $ 2 tablespoons sesame seeds $ 2 tablespoons seasoned rice vinegar $ 2 tablespoons chopped chives $ 1 1/4 teaspoons wasabi paste* $ 1 teaspoon minced peeled fresh ginger $ 6 ounces sliced smoked salmon $ Daikon radish sprouts or other small sprouts $ ,Fish $ Ginger $ Appetizer $ Bake $ Cocktail Party $ Wasabi $ Salmon $ Engagement Party $ Sesame $ Bon Appétit $ Sugar Conscious $ Kidney Friendly $ Pescatarian $ Dairy Free $ Wheat/Gluten-Free $ Peanut Free $ Tree Nut Free $ Soy Free $ Kosher $ ,Asian $ Sushi $ ,3/4,17,Fish $ Ginger $ Appetizer $ Bake $ Cocktail Party $ Wasabi $ Salmon $ Engagement Party $ Sesame $ Bon Appétit $ Sugar Conscious $ Kidney Friendly $ Pescatarian $ Dairy Free $ Wheat/Gluten-Free $ Peanut Free $ Tree Nut Free $ Soy Free $ Kosher $ Asian $ Sushi $ 
https://www.epicurious.com/recipes/food/views/stir-fried-shanghai-bok-choy-with-ginger-231200,Stir-Fried Shanghai Bok Choy with Ginger ,"1 (2-inch) piece ginger, peeled $ 3/4 lb Shanghai bok choy or other baby bok choy (5 to 8 heads) $ 1/4 cup reduced-sodium chicken broth $ 1 teaspoon Chinese rice wine (preferably Shaoxing) or medium-dry Sherry $ 1 teaspoon soy sauce $ 1/2 teaspoon cornstarch $ 1/2 teaspoon salt $ 1/4 teaspoon sugar $ 1 tablespoon vegetable oil $ 1/2 teaspoon Asian sesame oil $ Accompaniment: steamed white rice $ a rasp grater; a well-seasoned 14-inch flat-bottomed wok $ ",Wine $ Wok $ Ginger $ Leafy Green $ Vegetable $ Side $ Stir-Fry $ Quick & Easy $ Spring $ Bok Choy $ Soy Sauce $ Gourmet $ Sugar Conscious $ Kidney Friendly $ Dairy Free $ Peanut Free $ Tree Nut Free $ Kosher $ ,Asian $ Chinese $ ,3.5/4,36,Wine $ Wok $ Ginger $ Leafy Green $ Vegetable $ Side $ Stir-Fry $ Quick & Easy $ Spring $ Bok Choy $ Soy Sauce $ Gourmet $ Sugar Conscious $ Kidney Friendly $ Dairy Free $ Peanut Free $ Tree Nut Free $ Kosher $ Asian $ Chinese $ 
https://www.epicurious.com/recipes/food/views/spicy-beef-with-peppers-231180,Spicy Beef with Peppers ,"1 (1/2-lb) piece flank steak, well trimmed $ 2 teaspoons soy sauce $ 1 1/2 teaspoons cornstarch $ 1 1/2 teaspoons Chinese rice wine (preferably Shaoxing) or medium-dry Sherry $ 1 teaspoon finely grated peeled garlic (use a rasp grater) $ 1 teaspoon finely grated fresh ginger (use a rasp grater) $ 1/2 teaspoon salt $ 1/4 teaspoon sugar $ 5 teaspoons vegetable oil $ 1 tablespoon ketchup $ 1 tablespoon hoisin sauce $ 2 to 3 teaspoons chile garlic sauce, such as Vietnamese Tuong Ot Toi $ 1 large red bell pepper, cut lengthwise into 1/4-inch-wide strips (1 1/2 cups) $ 2 scallions, halved lengthwise and cut into 1-inch pieces (1/2 cup) $ Accompaniment: steamed white rice $ a rasp grater; a well-seasoned 14-inch flat-bottomed wok $ ",Wine $ Wok $ Beef $ Garlic $ Ginger $ Vegetable $ Stir-Fry $ Quick & Easy $ Steak $ Bell Pepper $ Spring $ Soy Sauce $ Gourmet $ ,Asian $ Chinese $ ,3.5/4,36,Wine $ Wok $ Beef $ Garlic $ Ginger $ Vegetable $ Stir-Fry $ Quick & Easy $ Steak $ Bell Pepper $ Spring $ Soy Sauce $ Gourmet $ Asian $ Chinese $ 
https://www.epicurious.com/recipes/food/views/vietnamese-fried-spring-rolls-231177,Vietnamese Fried Spring Rolls ,"5 1/2 tablespoons sugar $ 3/4 cup warm water $ 1/4 cup plus 1 tablespoon Asian fish sauce (preferably from Phu Quoc) $ 2 tablespoons rice vinegar (not seasoned) $ 2 teaspoons fresh lime juice (optional) $ 2 garlic cloves, minced $ 2 fresh Thai chiles (2 to 3 inches; preferably red; including seeds), thinly sliced crosswise $ 7 1/2 oz very thin bean thread noodles (in small skeins, also known as cellophane or mung bean noodles*) $ 2 oz dried wood ear mushrooms $ 1 medium shallot $ 2 garlic cloves $ 2 cups grated carrots (4 to 5 carrots) $ 1 lb ground pork shoulder $ 1/4 cup Asian fish sauce (preferably from Phu Quoc) $ 1/4 cup plus 1 teaspoon sugar $ 2 1/2 teaspoons black pepper $ 2 teaspoons salt $ 1 lb shrimp in shell, peeled and deveined $ 25 (8-inch) square frozen spring roll pastry wrappers made with wheat flour, thawed $ 1 large egg yolk, lightly beaten $ About 6 cups vegetable oil $ Accompaniments: lettuce leaves and fresh mint and cilantro leaves $ N/A fresh mint $ N/A cilantro leaves $ a deep-fat thermometer $ ",Mushroom $ Pork $ Shellfish $ Appetizer $ Fry $ Cocktail Party $ Shrimp $ Carrot $ Spring $ Gourmet $ Sugar Conscious $ Kidney Friendly $ Peanut Free $ Tree Nut Free $ Soy Free $ ,Asian $ Vietnamese $ ,3.5/4,15,Mushroom $ Pork $ Shellfish $ Appetizer $ Fry $ Cocktail Party $ Shrimp $ Carrot $ Spring $ Gourmet $ Sugar Conscious $ Kidney Friendly $ Peanut Free $ Tree Nut Free $ Soy Free $ Asian $ Vietnamese $ 
https://www.epicurious.com/recipes/food/views/wasabi-shrimp-crackers-231173,Wasabi Shrimp Crackers ,"8 oz cream cheese, softened $ 3 to 4 teaspoons wasabi paste (Japanese horseradish paste) $ 30 (2-inch) thin rice crackers $ 30 peeled cooked medium shrimp (about 1 lb), halved lengthwise $ 1 scallion green, thinly sliced $ ",Condiment/Spread $ Cheese $ Shellfish $ No-Cook $ Cocktail Party $ Quick & Easy $ Wasabi $ Cream Cheese $ Shrimp $ Spring $ Gourmet $ ,Asian $ ,3.5/4,37,Condiment/Spread $ Cheese $ Shellfish $ No-Cook $ Cocktail Party $ Quick & Easy $ Wasabi $ Cream Cheese $ Shrimp $ Spring $ Gourmet $ Asian $ 
https://www.epicurious.com/recipes/food/views/chicken-satay-bites-231161,Chicken Satay Bites ,"2 (6-inch) pita loaves with pockets, each cut into 8 wedges $ 2 tablespoons vegetable oil $ 1/4 cup crunchy peanut butter $ 1/4 cup chopped fresh cilantro plus 32 whole fresh cilantro leaves $ 3 tablespoons fresh lime juice $ 3 tablespoons water $ 1 tablespoon chopped peeled fresh ginger $ 1/2 teaspoon Tabasco or other hot sauce $ 1/4 teaspoon salt $ 2 cups shredded cooked chicken, warm (1/2 lb; preferably dark meat with skin) $ ",Chicken $ Ginger $ Poultry $ Bake $ Christmas $ Cocktail Party $ Quick & Easy $ Lime $ Peanut $ Cilantro $ Gourmet $ ,American $ Asian $ ,3/4,11,Chicken $ Ginger $ Poultry $ Bake $ Christmas $ Cocktail Party $ Quick & Easy $ Lime $ Peanut $ Cilantro $ Gourmet $ American $ Asian $ 
https://www.epicurious.com/recipes/food/views/asian-turkey-noodle-soup-with-ginger-and-chiles-231068,Asian Turkey-Noodle Soup with Ginger and Chiles ,"3 1/2 ounces medium-wide (linguine-width) rice noodles,* broken into 6-inch lengths $ Boiling water $ 6 cups homemade turkey stock or low-salt chicken broth $ 1/2 cup thinly sliced shallots (about 3 large) $ 6 1/8-inch-thick rounds peeled fresh ginger $ 2 tablespoons fish sauce (nam pla or nuoc nam)* or soy sauce $ 2 cups diced cooked turkey meat (about 10 ounces) $ Fresh bean sprouts $ Fresh mint leaves $ Thinly sliced serrano chiles $ Lime wedges $ ",Soup/Stew $ Ginger $ Pasta $ turkey $ Fall $ Bon Appétit $ ,Asian $ ,3/4,24,Soup/Stew $ Ginger $ Pasta $ turkey $ Fall $ Bon Appétit $ Asian $ 
https://www.epicurious.com/recipes/food/views/broiled-tofu-with-cilantro-pesto-231002,Broiled Tofu with Cilantro Pesto ,"1/4 cup mild olive oil plus additional for brushing $ 2 (14- to 16-oz) packages firm tofu, rinsed and drained $ 2 cups packed fresh cilantro leaves $ 2 tablespoons pine nuts $ 1 tablespoon fresh lime juice $ 2 teaspoons Asian fish sauce $ 1 teaspoon Asian sesame oil $ 1 teaspoon sugar $ 1/2 teaspoon salt $ 1/8 teaspoon black pepper $ Garnish: pine nuts; fresh cilantro leaves; lime wedges $ ",Side $ Broil $ Quick & Easy $ Pine Nut $ Tofu $ Cilantro $ Gourmet $ Sugar Conscious $ Kidney Friendly $ Pescatarian $ Dairy Free $ Wheat/Gluten-Free $ Peanut Free $ ,Asian $ ,3/4,18,Side $ Broil $ Quick & Easy $ Pine Nut $ Tofu $ Cilantro $ Gourmet $ Sugar Conscious $ Kidney Friendly $ Pescatarian $ Dairy Free $ Wheat/Gluten-Free $ Peanut Free $ Asian $ 
https://www.epicurious.com/recipes/food/views/curried-sea-bass-230978,Curried Sea Bass ,"1 shallot, finely chopped $ 2 tablespoons unsalted butter $ 1 teaspoon all-purpose flour $ 1 teaspoon curry powder (preferably Madras) $ 3/4 cup heavy cream $ 3/4 teaspoon salt $ 4 (6- to 7-oz) pieces black sea bass fillet, skinned $ 1/8 teaspoon black pepper $ Accompaniment: fresh lime wedges $ ",Milk/Cream $ Bake $ Sauté $ Quick & Easy $ Bass $ Curry $ Gourmet $ ,Asian $ ,3.5/4,16,Milk/Cream $ Bake $ Sauté $ Quick & Easy $ Bass $ Curry $ Gourmet $ Asian $ 
https://www.epicurious.com/recipes/food/views/seared-coriander-scallops-with-bok-choy-and-hoisin-230929,Seared Coriander Scallops with Bok Choy and Hoisin ,"3/4 cup fresh orange juice $ 2 tablespoons hoisin sauce* $ 2 teaspoons minced peeled fresh ginger $ 10 large sea scallops $ 1 tablespoon coriander seeds, coarsely crushed $ 2 teaspoons oriental sesame oil $ 2 baby bok choy, each cut lengthwise into eighths $ 2 tablespoons water $ ",Fruit Juice $ Ginger $ Shellfish $ Sauté $ Quick & Easy $ Orange $ Scallop $ Healthy $ Bok Choy $ Sesame $ Bon Appétit $ ,Asian $ ,2.5/4,13,Fruit Juice $ Ginger $ Shellfish $ Sauté $ Quick & Easy $ Orange $ Scallop $ Healthy $ Bok Choy $ Sesame $ Bon Appétit $ Asian $ 
https://www.epicurious.com/recipes/food/views/spicy-asian-noodle-and-chicken-salad-230922,Spicy Asian Noodle and Chicken Salad ,"1/3 cup creamy peanut butter (do not use old-fashioned style or freshly ground) $ 1/4 cup soy sauce $ 2 tablespoons unseasoned rice vinegar $ 2 tablespoons chili-garlic sauce $ 1 tablespoon (packed) golden brown sugar $ 1 tablespoon minced peeled fresh ginger $ 3 tablespoons (or more) low-salt chicken broth $ 3/4 pound linguine or dried chow mein udon noodles $ 4 cups thinly sliced cooked chicken, cut into strips $ 2 large carrots, coarsely grated (about 1 1/4 cups) $ 6 green onions, chopped $ 1 red bell pepper, cut into matchstick-size strips $ 1/2 cup fresh cilantro leaves $ ",Salad $ Food Processor $ Chicken $ Ginger $ Pasta $ Vegetable $ Quick & Easy $ Lunch $ Buffet $ Peanut $ Cilantro $ Soy Sauce $ Bon Appétit $ Wisconsin $ Tree Nut Free $ ,Asian $ ,3.5/4,65,Salad $ Food Processor $ Chicken $ Ginger $ Pasta $ Vegetable $ Quick & Easy $ Lunch $ Buffet $ Peanut $ Cilantro $ Soy Sauce $ Bon Appétit $ Wisconsin $ Tree Nut Free $ Asian $ 
https://www.epicurious.com/recipes/food/views/miso-stew-230466,Miso Stew ,"2 tablespoons arame* $ 4 1/2 cups water (preferably filtered) $ 1/3 cup quinoa** (1 3/4 oz) $ 1 (1-inch) piece kombu* (kelp) $ 1/2 medium onion, cut into 3/4-inch pieces $ 2 teaspoons extra-virgin olive oil $ 2 garlic cloves, thinly sliced $ 1/2 lb firm tofu, cut crosswise into 6 slices and each slice quartered $ 1/2 carrot, halved lengthwise, then cut crosswise into 1/4-inch-thick slices $ 5 fresh shiitake mushrooms, stems discarded and caps thinly sliced $ 2 to 3 tablespoons white miso*** (also called shiro miso; not sweet, preferably white rice and soy miso) $ 1 cup very thinly sliced bok choy or Napa cabbage $ 1 teaspoon tamari**** (wheat-free sauce from refined soy), or to taste $ 1 scallion, thinly sliced $ 1/2 teaspoon dulse flakes***** $ ",Soup/Stew $ Vegetable $ Quick & Easy $ Quinoa $ Tofu $ Vegan $ Gourmet $ ,Asian $ ,3.5/4,23,Soup/Stew $ Vegetable $ Quick & Easy $ Quinoa $ Tofu $ Vegan $ Gourmet $ Asian $ 
https://www.epicurious.com/recipes/food/views/miso-soup-with-shrimp-and-watercress-230615,Miso Soup with Shrimp and Watercress ,"3 14 1/2-ounce cans low-salt chicken broth $ 1/4 cup soy sauce $ 2 tablespoons mirin (sweet Japanese rice wine) $ 1 tablespoon minced peeled fresh ginger $ 1 1/2 cups shredded carrots (about 3 1/2 ounces) $ 5 tablespoons yellow miso (fermented soybean paste) $ 1 1/2 pounds uncooked peeled deveined small shrimp $ 2 cups watercress, thick stems removed $ 3/4 cup thinly sliced green onions $ 3/4 teaspoon hot chili oil $ ",Soup/Stew $ Shrimp $ Summer $ Watercress $ Bon Appétit $ ,Asian $ ,3/4,11,Soup/Stew $ Shrimp $ Summer $ Watercress $ Bon Appétit $ Asian $ 
https://www.epicurious.com/recipes/food/views/lime-and-coconut-shrimp-with-red-curry-sauce-230604,Lime and Coconut Shrimp with Red Curry Sauce ,"1 13.5- to 14.5-ounce can unsweetened coconut milk* $ 12 whole green cardamom pods, crushed $ 3 fresh kaffir lime leaves (3 double leaves)** $ 2 garlic cloves, chopped $ 2 tablespoons (packed) golden brown sugar $ 1 tablespoon grated lemon peel $ 1 tablespoon fresh lime juice $ 1 tablespoon Thai red curry paste* $ 2 teaspoons fish sauce (nam pla or nuoc nam)* $ 3/4 cup all purpose flour $ 1/4 cup cornstarch $ 2 teaspoons minced kaffir lime leaves (3 to 4 double leaves)** $ 1 1/2 teaspoons Thai red curry paste* $ 1 teaspoon (packed) golden brown sugar $ 1/2 teaspoon salt $ 3/4 cup (or more) ice-cold ginger ale $ 6 cups (about) peanut oil $ 1/2 cup cornstarch $ 2 1/2 cups sweetened flaked coconut $ 18 uncooked large shrimp (about 1 pound), peeled, deveined, butterflied, tails left intact $ Fresh cilantro sprigs $ Kaffir lime leaves** $ ",Appetizer $ Fry $ Lime $ Coconut $ Shrimp $ Curry $ Bon Appétit $ Pescatarian $ Tree Nut Free $ Soy Free $ ,Asian $ ,4/4,20,Appetizer $ Fry $ Lime $ Coconut $ Shrimp $ Curry $ Bon Appétit $ Pescatarian $ Tree Nut Free $ Soy Free $ Asian $ 
https://www.epicurious.com/recipes/food/views/grilled-chile-salsa-with-rice-crackers-230603,Grilled Chile Salsa with Rice Crackers ,"6 large garlic cloves, unpeeled $ 4 large plum tomatoes (3/4 to 1 pound total) $ 4 3-inch-long serrano chiles $ 4 large shallots, peeled, halved through root end $ 2 tablespoons vegetable oil $ 1 cup chopped fresh cilantro $ 8 teaspoons fresh lime juice $ Purchased rice crackers $ ",Garlic $ Onion $ Pepper $ Tomato $ Appetizer $ Cocktail Party $ Grill/Barbecue $ Bon Appétit $ Vegan $ Vegetarian $ Pescatarian $ Dairy Free $ Wheat/Gluten-Free $ Peanut Free $ Tree Nut Free $ Soy Free $ Kosher $ ,Asian $ Thai $ ,3/4,1,Garlic $ Onion $ Pepper $ Tomato $ Appetizer $ Cocktail Party $ Grill/Barbecue $ Bon Appétit $ Vegan $ Vegetarian $ Pescatarian $ Dairy Free $ Wheat/Gluten-Free $ Peanut Free $ Tree Nut Free $ Soy Free $ Kosher $ Asian $ Thai $ 
https://www.epicurious.com/recipes/food/views/sweet-and-sour-fish-2033,Sweet-and-Sour Fish ,"3 tablespoons sugar $ 3 tablespoons distilled white vinegar $ 2 tablespoons soy sauce $ 1 tablespoon tomato sauce $ 1 teaspoon salt $ 1/4 cup dry white wine $ 3 tablespoons cornstarch $ 3 tablespoons all purpose flour $ 2 5-ounce 1/2-inch-thick white fish fillets such as orange roughy or sole $ Vegetable oil for deep frying $ 1/2 cup drained canned sliced bamboo shoots $ 1/2 cup sliced mushrooms $ 1/4 cup grated carrot $ 1/4 cup frozen peas, thawed, drained $ 2 teaspoons minced peeled fresh ginger $ 2 teaspoons minced garlic $ Salt and pepper $ 1 tablespoon cornstarch diluted in 1/2 cup water $ ",Fish $ Garlic $ Ginger $ Mushroom $ Vegetable $ Fry $ Quick & Easy $ Pea $ Carrot $ Bon Appétit $ Massachusetts $ ,Asian $ ,3/4,4,Fish $ Garlic $ Ginger $ Mushroom $ Vegetable $ Fry $ Quick & Easy $ Pea $ Carrot $ Bon Appétit $ Massachusetts $ Asian $ 
https://www.epicurious.com/recipes/food/views/beer-batter-tempura-14703,Beer-Batter Tempura ,"3/4 cup beer (not dark) $ 3/4 cup cake flour (not self-rising) $ 3/4 teaspoon salt $ 6 large shrimp, shelled and, if desired, deveined $ 1 small sweet potato $ vegetable oil for deep-drying $ 1 small red bell pepper, cut into 1/4-inch-thick rings $ 6 asparagus spears, trimmed $ Accompaniment: soy sauce for dipping, if desired $ ",Shellfish $ Vegetable $ Appetizer $ Fry $ Winter $ Gourmet $ Pescatarian $ Dairy Free $ Peanut Free $ Tree Nut Free $ Soy Free $ No Sugar Added $ ,Asian $ Japanese $ ,3/4,38,Shellfish $ Vegetable $ Appetizer $ Fry $ Winter $ Gourmet $ Pescatarian $ Dairy Free $ Peanut Free $ Tree Nut Free $ Soy Free $ No Sugar Added $ Asian $ Japanese $ 
https://www.epicurious.com/recipes/food/views/orange-and-ginger-chicken-100964,Orange and Ginger Chicken ,4 boneless chicken breast halves with skin $ All purpose flour $ 2 tablespoons (1/4 stick) butter $ 1 tablespoon olive oil $ 4 teaspoons minced peeled fresh ginger $ 2 tablespoons brown sugar $ 1 teaspoon dry mustard $ 2 cups orange juice $ 2 teaspoons grated orange peel $ 3/4 cup thinly sliced green onions $ ,Chicken $ Citrus $ Ginger $ Poultry $ Sauté $ Quick & Easy $ Spring $ Bon Appétit $ Florida $ ,Asian $ ,3/4,99,Chicken $ Citrus $ Ginger $ Poultry $ Sauté $ Quick & Easy $ Spring $ Bon Appétit $ Florida $ Asian $ 
https://www.epicurious.com/recipes/food/views/spicy-beef-and-sweet-potato-stir-fry-14503,Spicy Beef and Sweet-Potato Stir-Fry ,1 medium red onion $ 3 garlic cloves $ 1 pound sweet potatoes (about 2 large) $ 3/4 pound snow peas $ 1/2 cup drained rinsed canned whole water chestnuts (from an 8-ounce can) $ 1 pound boneless beef sirloin $ 4 scallions $ 3/4 cup chicken broth $ 1/4 cup hoisin sauce $ 2 tablespoons brandy $ 1 tablespoon cornstarch $ 4 tablespoons peanut oil $ 2 teaspoons Asian sesame oil $ Accompaniment:Cooked Rice $ Garnish: sliced scallions $ ,Beef $ Onion $ Potato $ Vegetable $ Stir-Fry $ Quick & Easy $ Fall $ Gourmet $ ,Asian $ ,2.5/4,15,Beef $ Onion $ Potato $ Vegetable $ Stir-Fry $ Quick & Easy $ Fall $ Gourmet $ Asian $ 
https://www.epicurious.com/recipes/food/views/warm-teriyaki-beef-salad-13113,Warm Teriyaki Beef Salad ,"3 tablespoons soy sauce $ 2 tablespoons seasoned rice vinegar $ 1 1/2 tablespoons medium-dry Sherry $ 3/4 pound flank steak $ 1 large garlic clove, minced $ 2 teaspoons grated peeled fresh gingerroot $ 1/2 pound mushrooms $ 3 scallions $ 1 small cucumber $ 2 tablespoons vegetable oil $ 1 cup fresh bean sprouts $ 2 tablespoons water $ 2 cups packed spinach leaves, washed well and spun dry $ ",Salad $ Beef $ Ginger $ Leafy Green $ Mushroom $ Sauté $ Quick & Easy $ Fall $ Gourmet $ ,Asian $ Japanese $ ,3/4,7,Salad $ Beef $ Ginger $ Leafy Green $ Mushroom $ Sauté $ Quick & Easy $ Fall $ Gourmet $ Asian $ Japanese $ 
https://www.epicurious.com/recipes/food/views/asian-flank-steak-2129,Asian Flank Steak ,"1/4 cup soy sauce $ 1/4 cup Worcestershire sauce $ 2 tablespoons fresh lemon juice $ 2 tablespoons chopped fresh cilantro $ 1 tablespoon minced fresh ginger $ 1 1 1/4-pound flank steak, fat trimmed $ ",Beef $ Ginger $ Broil $ Marinate $ Low Carb $ Backyard BBQ $ Steak $ Grill $ Grill/Barbecue $ Cilantro $ Soy Sauce $ Bon Appétit $ Florida $ ,Asian $ ,3.5/4,74,Beef $ Ginger $ Broil $ Marinate $ Low Carb $ Backyard BBQ $ Steak $ Grill $ Grill/Barbecue $ Cilantro $ Soy Sauce $ Bon Appétit $ Florida $ Asian $ 
https://www.epicurious.com/recipes/food/views/squid-and-bell-pepper-stir-fry-14489,Squid and Bell Pepper Stir-Fry ,3 tablespoons sesame seeds $ 1/2 large onion $ 2 red bell peppers $ 1 yellow bell pepper $ 2 garlic cloves $ 6 plum tomatoes $ 1 pound cleaned small squid $ 4 tablespoons peanut oil $ 1/4 cup soy sauce $ 3 tablespoons seasoned $ 2 teaspoons Asian sesame oil $ Accompaniment: Cooked Rice $ Garnish: fresh parsley leaves $ ,Pepper $ Shellfish $ Tomato $ Stir-Fry $ Quick & Easy $ Fall $ Gourmet $ ,Asian $ ,2.5/4,6,Pepper $ Shellfish $ Tomato $ Stir-Fry $ Quick & Easy $ Fall $ Gourmet $ Asian $ 
https://www.epicurious.com/recipes/food/views/asian-cucumber-ribbon-salad-13034,Asian Cucumber Ribbon Salad ,"2 seedless cucumbers, halved lengthwise and seeded $ 1/4 cup seasoned rice vinegar $ 1/2 teaspoon Asian sesame oil $ 2 tablespoons sesame seeds, toasted lightly and cooled $ 2 teaspoons finely grated peeled fresh gingerroot $ 1/4 cup chopped scallion greens $ a pinch sugar if desired $ ",Salad $ Vegetable $ Side $ No-Cook $ Summer $ Gourmet $ Sugar Conscious $ Vegan $ Vegetarian $ Pescatarian $ Dairy Free $ Wheat/Gluten-Free $ Peanut Free $ Tree Nut Free $ Soy Free $ Kosher $ ,Asian $ ,2.5/4,14,Salad $ Vegetable $ Side $ No-Cook $ Summer $ Gourmet $ Sugar Conscious $ Vegan $ Vegetarian $ Pescatarian $ Dairy Free $ Wheat/Gluten-Free $ Peanut Free $ Tree Nut Free $ Soy Free $ Kosher $ Asian $ 
https://www.epicurious.com/recipes/food/views/coconut-curry-scallop-kumquat-and-asian-pear-canapes-13039,"Coconut Curry Scallop, Kumquat, and Asian Pear Canapes ","1 teaspoon curry powder $ 1 cup canned unsweetened coconut milk*, stirred well $ 1/4 cup fresh lime juice, or to taste $ 1/2 teaspoon salt, or to taste $ 1/2 pound bay or sea scallops $ 2 Asian pears** $ 8 to 10 kumquats** $ about 40 fresh coriander leaves, washed well and spun dry $ *available at Asian markets and some specialty foods $ **available at specialty produce markets $ ",Fruit $ Shellfish $ Appetizer $ Cocktail Party $ Quick & Easy $ Pear $ Coconut $ Fall $ Kumquat $ Gourmet $ Pescatarian $ Paleo $ Dairy Free $ Wheat/Gluten-Free $ Peanut Free $ Tree Nut Free $ Soy Free $ No Sugar Added $ ,Asian $ ,3/4,3,Fruit $ Shellfish $ Appetizer $ Cocktail Party $ Quick & Easy $ Pear $ Coconut $ Fall $ Kumquat $ Gourmet $ Pescatarian $ Paleo $ Dairy Free $ Wheat/Gluten-Free $ Peanut Free $ Tree Nut Free $ Soy Free $ No Sugar Added $ Asian $ 
https://www.epicurious.com/recipes/food/views/thai-inspired-shrimp-stir-fry-14487,Thai-Inspired Shrimp Stir-Fry ,"half of a 4-inch-long fresh red chili $ 1/4 cup seasoned rice vinegar $ 1/4 cup sugar $ a 1-inch piece fresh lemongrass $ 2 teaspoons minced garlic $ 2 teaspoons minced peeled fresh gingerroot $ 1 pound large shrimp (16 to 20) $ 3 medium carrots $ 2 medium zucchini $ 1/2 English cucumber $ 3 scallions $ 1/4 cup packed fresh coriander leaves $ 1/4 cup salted peanuts (about 1 ounce) $ 3 tablespoons peanut oil $ Accompaniment:Cooked Rice $ Garnish: fresh mint leaves cut into thin strips, fresh coriander leaves, and lime wedges $ ",Nut $ Shellfish $ Vegetable $ Stir-Fry $ Quick & Easy $ Fall $ Gourmet $ ,Asian $ Thai $ ,3.5/4,28,Nut $ Shellfish $ Vegetable $ Stir-Fry $ Quick & Easy $ Fall $ Gourmet $ Asian $ Thai $ 
https://www.epicurious.com/recipes/food/views/lamb-and-shiitake-mushroom-stir-fry-14490,Lamb and Shiitake Mushroom Stir-Fry ,1 pound boneless leg of lamb $ 2 tablespoons cornstarch $ 3/4 cup chicken broth $ 3 tablespoons honey $ 2 tablespoons soy sauce $ 2 tablespoons oyster sauce $ 3/4 teaspoon dried hot red pepper flakes $ 1/2 pound eggplant (about 1 small) $ 3 celery ribs $ 3 garlic cloves $ 1/2 pound fresh shiitake mushrooms $ 1/2 pound small white mushrooms $ 1 bunch watercress $ 4 tablespoons peanut oil $ Accompaniment:Cooked Rice $ ,Lamb $ Mushroom $ Vegetable $ Stir-Fry $ Quick & Easy $ Fall $ Gourmet $ ,Asian $ ,3/4,8,Lamb $ Mushroom $ Vegetable $ Stir-Fry $ Quick & Easy $ Fall $ Gourmet $ Asian $ 
https://www.epicurious.com/recipes/food/views/curried-chicken-coconut-noodle-soup-12714,Curried Chicken Coconut Noodle Soup ,"2 garlic cloves, minced $ 2 tablespoons vegetable oil $ 4 tablespoons curry powder $ 3 cups chicken broth $ two 14-ounce cans unsweetened coconut milk* $ 1 cup water $ 2 stalks of lemongrass*, the outer leaves discarded, ends trimmed, and 5 inches of the lower stalks minced $ ten 1/8-inch-thick slices of peeled fresh gingerroot $ 1 teaspoon black peppercorns $ 1 whole chicken breast with skin and bones (about 1 pound) $ 1/2 pound dried rice-stick noodles* (rice vermicelli) $ 6 tablespoons fresh lime juice $ 6 tablespoons Asian fish sauce such as nuoc mam* $ 1/3 cup chopped fresh coriander $ Asian chili oil* to taste if desired $ *available at Asian markets and some specialty produce markets $ ",Soup/Stew $ Chicken $ Ginger $ Pasta $ Coconut $ Curry $ Winter $ Lemongrass $ Cilantro $ Gourmet $ ,Asian $ Vietnamese $ ,3/4,35,Soup/Stew $ Chicken $ Ginger $ Pasta $ Coconut $ Curry $ Winter $ Lemongrass $ Cilantro $ Gourmet $ Asian $ Vietnamese $ 
https://www.epicurious.com/recipes/food/views/grilled-lobsters-with-southeast-asian-dipping-sauce-101765,Grilled Lobsters with Southeast Asian Dipping Sauce ,six 1 1/4-pound live lobsters $ 3 garlic cloves $ 1/3 cup Asian fish sauce $ 1/3 cup fresh lime juice $ 1/3 cup packed brown sugar $ 3 tablespoons water $ 1 1/2 teaspoons Asian chili paste $ 1/4 cup packed fresh cilantro leaves $ 1/4 cup packed fresh mint leaves $ Garnish: lime halves $ ,Quick & Easy $ Lobster $ Summer $ Grill/Barbecue $ Gourmet $ ,Asian $ ,3.5/4,14,Quick & Easy $ Lobster $ Summer $ Grill/Barbecue $ Gourmet $ Asian $ 
https://www.epicurious.com/recipes/food/views/ants-on-a-tree-12717,Ants on a Tree ,"3/4 pound ground pork $ 2 teaspoons rice vinegar $ 2 teaspoons soy sauce $ 1 teaspoon Asian (toasted) sesame oil $ 6 ounces bean-thread (cellophane) noodles* $ 2 tablespoons vegetable oil $ 1/2 cup thinly sliced scallion $ 1 tablespoon minced garlic $ 1 tablespoon minced peeled fresh gingerroot $ 2 teaspoons Asian chili paste* or 1/2 teaspoon dried hot red pepper flakes $ 1 1/2 cups chicken broth $ 3 tablespoons Scotch $ 1 tablespoon soy sauce $ 1 tablespoon rice vinegar $ 1 teaspoon sugar $ 1 teaspoon Asian (toasted) sesame oil $ 3 tablespoons chopped fresh coriander, or to taste, if desired $ *available at Asian markets. $ ",Ginger $ Pasta $ Pork $ Marinate $ Whiskey $ Sesame $ Soy Sauce $ Gourmet $ ,Asian $ Chinese $ ,3/4,36,Ginger $ Pasta $ Pork $ Marinate $ Whiskey $ Sesame $ Soy Sauce $ Gourmet $ Asian $ Chinese $ 
https://www.epicurious.com/recipes/food/views/gingered-plum-barbeque-sauce-12439,Gingered Plum Barbeque Sauce ,"4 black plums (about 3/4 pound), cut into 1-inch chunks $ 1 tablespoon finely grated peeled fresh gingerroot $ 1 garlic clove, chopped $ 3 tablespoons hoisin sauce* $ 2 tablespoons firmly packed brown sugar $ 2 tablespoons water $ 1 tablespoon soy sauce $ 1 star anise or 1/4 teaspoon anise seeds $ 1 tablespoon cider vinegar $ 2 scallions, chopped $ *available at specialty foods shops, Asian markets, and most supermarkets $ ",Sauce $ Fruit $ Ginger $ Quick & Easy $ Low Cal $ Plum $ Summer $ Anise $ Soy Sauce $ Simmer $ Gourmet $ ,Asian $ ,3.5/4,8,Sauce $ Fruit $ Ginger $ Quick & Easy $ Low Cal $ Plum $ Summer $ Anise $ Soy Sauce $ Simmer $ Gourmet $ Asian $ 
https://www.epicurious.com/recipes/food/views/sugar-snap-peas-with-toasted-sesame-seeds-103277,Sugar Snap Peas with Toasted Sesame Seeds ,"1 pound sugar snap peas, stringed $ 1 teaspoon toasted sesame seeds $ 1 teaspoon oriental sesame oil $ ",Vegetable $ Side $ Steam $ Vegetarian $ Quick & Easy $ Mother's Day $ Spring $ Healthy $ Vegan $ Sesame $ Sugar Snap Pea $ Bon Appétit $ Sugar Conscious $ Kidney Friendly $ Pescatarian $ Paleo $ Dairy Free $ Wheat/Gluten-Free $ Peanut Free $ Tree Nut Free $ Soy Free $ No Sugar Added $ Kosher $ ,Asian $ ,3.5/4,14,Vegetable $ Side $ Steam $ Vegetarian $ Quick & Easy $ Mother's Day $ Spring $ Healthy $ Vegan $ Sesame $ Sugar Snap Pea $ Bon Appétit $ Sugar Conscious $ Kidney Friendly $ Pescatarian $ Paleo $ Dairy Free $ Wheat/Gluten-Free $ Peanut Free $ Tree Nut Free $ Soy Free $ No Sugar Added $ Kosher $ Asian $ 
https://www.epicurious.com/recipes/food/views/sesame-scallop-salad-with-ginger-vinaigrette-100666,Sesame-Scallop Salad with Ginger Vinaigrette ,"3/4 cup all purpose flour $ 6 tablespoons sesame seeds $ 16 large sea scallops $ 2 large eggs, beaten to blend $ 4 tablespoons canola oil $ 2 tablespoons sesame oil $ 1 1/2 5-ounce packages mixed baby greens $ 2 red bell peppers, cut into matchstick-size strips $ Ginger Vinaigrette $ ",Salad $ Ginger $ Leafy Green $ Shellfish $ Sauté $ Dinner $ Lunch $ Scallop $ Bell Pepper $ Lettuce $ Bon Appétit $ Sugar Conscious $ Pescatarian $ Dairy Free $ Peanut Free $ Tree Nut Free $ Soy Free $ No Sugar Added $ ,Asian $ ,3/4,28,Salad $ Ginger $ Leafy Green $ Shellfish $ Sauté $ Dinner $ Lunch $ Scallop $ Bell Pepper $ Lettuce $ Bon Appétit $ Sugar Conscious $ Pescatarian $ Dairy Free $ Peanut Free $ Tree Nut Free $ Soy Free $ No Sugar Added $ Asian $ 
https://www.epicurious.com/recipes/food/views/penne-with-yau-choy-107748,Penne with Yau Choy ,"2 lb yau choy $ 6 oz bacon, chopped $ 2 tablespoons olive oil $ 1 large onion (1 lb), quartered lengthwise, then sliced crosswise 1/2 inch thick $ 2 garlic cloves, minced $ 1 lb penne rigate $ 1 oz finely grated parmesan (1/2 cup) $ 1 teaspoon salt $ 1/4 teaspoon black pepper $ ",Leafy Green $ Onion $ Pasta $ Sauté $ Parmesan $ Winter $ Boil $ Gourmet $ ,Asian $ ,3.5/4,1,Leafy Green $ Onion $ Pasta $ Sauté $ Parmesan $ Winter $ Boil $ Gourmet $ Asian $ 
https://www.epicurious.com/recipes/food/views/butternut-squash-and-noodles-with-coconut-lime-and-cilantro-sauce-5340,"Butternut Squash and Noodles with Coconut, Lime and Cilantro Sauce ","1 tablespoon olive oil $ 1 1/2 cups chopped onions $ 2 pounds butternut squash, peeled, seeded, cut into 1/2- to 3/4-inch pieces (about 4 1/2 cups) $ 1 cup canned vegetable broth $ 1 1/2 tablespoons minced seeded jalapeño chili $ 1 tablespoon minced garlic $ 1 cup canned light unsweetened coconut milk* $ 2 tablespoons fresh lime juice $ 1 teaspoon Thai red curry paste* $ 12 ounces dried futonaga udon noodles (oriental-style spaghetti)* or linguine $ 1/2 cup chopped fresh cilantro $ *Available at Asian markets and in the Asian foods section of some supermarkets. $ ",Pasta $ Sauté $ Low Fat $ Vegetarian $ Lime $ Coconut $ Butternut Squash $ Fall $ Cilantro $ Bon Appétit $ ,Asian $ Thai $ ,3/4,58,Pasta $ Sauté $ Low Fat $ Vegetarian $ Lime $ Coconut $ Butternut Squash $ Fall $ Cilantro $ Bon Appétit $ Asian $ Thai $ 
https://www.epicurious.com/recipes/food/views/five-spice-pork-and-green-bean-stir-fry-14491,Five-Spice Pork and Green Bean Stir-Fry ,a 3/4-pound piece well-trimmed boneless pork loin $ 3 garlic cloves $ 2 teaspoons minced peeled fresh gingerroot $ 2/3 cup water $ 1/4 cup soy sauce $ 1/4 cup mango chutney such as Major Grey's $ 1 teaspoon Chinese five-spice powder $ 1/2 teaspoon sambal oelek (Indonesian chili paste) $ 1 medium red onion $ 1/2 pound fresh green beans $ a 3/4-pound piece green cabbage (about 1/2 medium head) $ 1/4 cup packed coriander leaves $ 4 1/2 tablespoons peanut oil $ 1/2 pound fresh bean sprouts (about 2 cups) $ 1 cup snow-pea shoots or daikon (Asian radish) sprouts $ 2 teaspoons Asian sesame oil $ Accompaniment:Cooked Rice $ ,Herb $ Pork $ Vegetable $ Stir-Fry $ Quick & Easy $ Fall $ Gourmet $ ,Asian $ Chinese $ ,3.5/4,25,Herb $ Pork $ Vegetable $ Stir-Fry $ Quick & Easy $ Fall $ Gourmet $ Asian $ Chinese $ 
https://www.epicurious.com/recipes/food/views/stir-fried-bok-choy-101782,Stir-Fried Bok Choy ,1 head bok choy $ 2 tablespoons water $ 1 1/2 teaspoons soy sauce (preferably Kikkoman) $ 1 1/2 teaspoons oyster sauce $ 1 tablespoon vegetable oil $ 1/2 teaspoon salt $ 1 tablespoon unsalted butter $ ,Stir-Fry $ Vegetarian $ Quick & Easy $ Low/No Sugar $ Bok Choy $ Gourmet $ ,Asian $ ,3/4,18,Stir-Fry $ Vegetarian $ Quick & Easy $ Low/No Sugar $ Bok Choy $ Gourmet $ Asian $ 
https://www.epicurious.com/recipes/food/views/seared-sesame-tofu-with-asian-salad-105361,Seared Sesame Tofu with Asian Salad ,"2/3 cup chopped green onions $ 2/3 cup thinly sliced yellow bell pepper $ 2/3 cup mung bean sprouts $ 1/4 cup sesame seeds $ 10 ounces extra-firm tofu, cut into 1/2-inch-thick slices (about 6 slices), patted dry $ 4 tablespoons roasted garlic oil $ 1 1/2 tablespoons minced peeled fresh ginger $ 1/4 cup rice vinegar $ ",Salad $ Sauté $ Tofu $ Bon Appétit $ ,Asian $ ,2/4,7,Salad $ Sauté $ Tofu $ Bon Appétit $ Asian $ 
https://www.epicurious.com/recipes/food/views/bean-thread-noodle-and-vegetable-salad-14056,Bean-Thread Noodle and Vegetable Salad ,"1/2 cup soy sauce $ 1/3 cup water $ 1 tablespoon cornstarch $ 1 tablespoon sugar $ 3 tablespoons fresh lemon juice $ 2 tablespoons Sherry $ 1 tablespoon distilled vinegar $ 1 tablespoon grated peeled fresh gingerroot $ 2 garlic cloves, minced $ 1 1/2 teaspoons Asian sesame oil $ 1 pound fresh shiitake mushrooms $ 1 tablespoon vegetable oil $ 1/2 pound bean-thread (cellophane) noodles $ 1 1/2 pounds Napa cabbage (about 1/2 medium head) $ 1/4 pound snow peas, trimmed $ 1 large red bell pepper $ 2 cups finely shredded carrot (about 3) $ 4 scallions, sliced thin $ 1 teaspoon sesame seeds, toasted golden $ ",Salad $ Mushroom $ Pasta $ Vegetable $ Low Fat $ Vegetarian $ Gourmet $ ,Asian $ ,2.5/4,6,Salad $ Mushroom $ Pasta $ Vegetable $ Low Fat $ Vegetarian $ Gourmet $ Asian $ 
https://www.epicurious.com/recipes/food/views/sauteed-salmon-with-five-spice-lime-butter-14962,Sauteed Salmon with Five-Spice Lime Butter ,2 6-ounce pieces center-cut salmon fillet with skin $ 1 tablespoon vegetable oil $ 1 tablespoon unsalted butter $ a scant 1/2 teaspoon five-spice powder $ 2 teaspoons fresh lime juice $ ,Fish $ Sauté $ Quick & Easy $ Lime $ Salmon $ Spice $ Gourmet $ ,Asian $ ,3/4,13,Fish $ Sauté $ Quick & Easy $ Lime $ Salmon $ Spice $ Gourmet $ Asian $ 
https://www.epicurious.com/recipes/food/views/asian-chicken-salad-2540,Asian Chicken Salad ,"4 boneless skinless chicken breast halves $ 1 1/2 cups teriyaki sauce $ 1/4 cup hoisin sauce* $ 1/4 cup sesame seeds, toasted $ 6 tablespoons oriental sesame oil $ 2 tablespoons dry mustard $ 1/2 cup rice vinegar $ 2 cups vegetable oil (for deep frying) $ 1/2 package wonton skins, cut into 1/4-inch strips $ 1 1/2 ounces thin rice-stick noodles (mai fun)* $ 8 cups sliced iceberg lettuce $ 2 cups chopped fresh cilantro $ 1 6 1/2-ounce package Japanese fish cake,* cut into strips (optional) $ 1/2 cup drained cucumbers from cucumber kimchi,* sliced (optional) $ 5 green onions, sliced $ *Available at Asian markets, specialty foods stores and some supermarkets. $ ",Chicken $ Fish $ Poultry $ Vegetable $ Bake $ Fry $ Fall $ Bon Appétit $ California $ ,Asian $ ,3.5/4,8,Chicken $ Fish $ Poultry $ Vegetable $ Bake $ Fry $ Fall $ Bon Appétit $ California $ Asian $ 
https://www.epicurious.com/recipes/food/views/soba-soup-with-spinach-and-tofu-12716,Soba Soup with Spinach and Tofu ,"7 cups water $ a 6-inch length of kombu * (dried kelp), wiped with a dampened cloth $ 1 ounce (about 2 cups) dried bonito flakes* $ 1/2 cup soy sauce $ 3 tablespoons mirin * (syrup rice wine) $ 1 tablespoon sugar $ 1/2 pound dried soba* (buckwheat noodles) $ 2 carrots, sliced thin $ 1/2 pound spinach, coarse stems discarded and the leaves washed well, spun dry, and cut crosswise into 1 1/2-inch-wide strips $ 8 to 10 ounces firm tofu (preferably silken), cut into 1/2-inch cubes $ 3 to 4 tablespoons miso* (fermented bean paste), or to taste, if desired $ 2 scallions, minced $ *available at Japanese markets $ ",Soup/Stew $ Wine $ Pasta $ Tofu $ Spinach $ Fall $ Soy Sauce $ Simmer $ Gourmet $ ,Asian $ Japanese $ ,3/4,16,Soup/Stew $ Wine $ Pasta $ Tofu $ Spinach $ Fall $ Soy Sauce $ Simmer $ Gourmet $ Asian $ Japanese $ 
https://www.epicurious.com/recipes/food/views/crispy-noodle-cake-with-shrimp-and-snow-peas-12720,Crispy Noodle Cake with Shrimp and Snow Peas ,"3/4 pound fresh or dried thin Asian egg noodles* or capellini $ 1 tablespoon vegetable oil $ 2 teaspoons Asian (toasted) sesame oil $ two 1/8-inch-thick slices of fresh gingerroot, flattened with the flat side of a heavy knife $ 1 1/2 tablespoons Scotch $ 2 teaspoons cornstarch $ 1 pound medium shrimp (about 25), peeled, deveined, rinsed, and squeezed dry gently in a kitchen towel $ 10 dried Chinese black mushrooms* or dried shiitake mushrooms*, soaked in 1 1/2 cups hot water for 20 minutes $ 2 1/2 tablespoons cornstarch $ 1 cup chicken broth $ 3 tablespoons soy sauce $ 2 tablespoons Scotch $ 1 teaspoon sugar $ 1 teaspoon Asian (toasted) sesame oil $ 8 tablespoons vegetable oil $ 3 tablespoons minced scallion $ 1 1/2 tablespoons minced peeled fresh gingerroot $ 1/2 pound snow peas, each trimmed and cut diagonally into 3 pieces $ *available at some Asian markets $ ",Wok $ Ginger $ Pasta $ Shellfish $ Stir-Fry $ Shrimp $ Fall $ Sesame $ Gourmet $ ,Asian $ Chinese $ ,3/4,3,Wok $ Ginger $ Pasta $ Shellfish $ Stir-Fry $ Shrimp $ Fall $ Sesame $ Gourmet $ Asian $ Chinese $ 
https://www.epicurious.com/recipes/food/views/linguine-with-clams-in-black-bean-sauce-12719,Linguine with Clams in Black Bean Sauce ,"1 cup water $ 30 small (about 2-inch) hard-shelled clams, scrubbed well $ 2 tablespoons cornstarch $ 3 tablespoons soy sauce $ 2 tablespoons Scotch $ 2 tablespoons rice vinegar $ 1 tablespoon sugar $ 3 tablespoons vegetable oil $ 3 tablespoons minced peeled fresh gingerroot $ 2 1/2 tablespoons dried fermented black beans*, rinsed well, drained, and chopped $ 2 tablespoons minced garlic $ 3/4 pound linguine $ 2 scallions, halved lengthwise and cut crosswise into 1-inch pieces $ *available at Asian markets $ ",Scotch $ Ginger $ Pasta $ Shellfish $ Clam $ Soy Sauce $ Gourmet $ ,Asian $ Chinese $ ,3/4,3,Scotch $ Ginger $ Pasta $ Shellfish $ Clam $ Soy Sauce $ Gourmet $ Asian $ Chinese $ 
https://www.epicurious.com/recipes/food/views/beef-sates-with-hoisin-dipping-sauce-15247,Beef Sates with Hoisin Dipping Sauce ,"twenty-eight 8-inch wooden skewers $ 2 large garlic cloves $ 1 tablespoon finely grated peeled fresh gingerroot $ 1/4 cup fresh lime juice, or to taste $ 8 ounces skirt steak $ 1/4 cup hoisin sauce $ 1 tablespoon ketchup $ Accompaniment: lime wedges $ ",Beef $ Citrus $ Appetizer $ Quick & Easy $ Summer $ Gourmet $ Dairy Free $ Peanut Free $ Tree Nut Free $ No Sugar Added $ Kosher $ ,Asian $ ,3.5/4,8,Beef $ Citrus $ Appetizer $ Quick & Easy $ Summer $ Gourmet $ Dairy Free $ Peanut Free $ Tree Nut Free $ No Sugar Added $ Kosher $ Asian $ 
https://www.epicurious.com/recipes/food/views/southeast-asian-shrimp-with-bibb-lettuce-and-herbs-14559,Southeast Asian Shrimp with Bibb Lettuce and Herbs ,36 large shrimp (about 1 3/4 pounds) $ 1 large garlic clove $ 3 fresh serrano or jalapeño chilies $ 1/2 cup fresh lime juice $ 1/4 cup Asian fish sauce $ 5 tablespoons packed brown sugar $ 1/4 cup water $ 36 medium Bibb lettuce leaves (from about 3 heads) $ 36 fresh mint leaves $ 36 small fresh coriander sprigs $ ,Citrus $ Leafy Green $ Herb $ Shellfish $ Cocktail Party $ Low Fat $ Quick & Easy $ Gourmet $ ,Asian $ ,3/4,2,Citrus $ Leafy Green $ Herb $ Shellfish $ Cocktail Party $ Low Fat $ Quick & Easy $ Gourmet $ Asian $ 
https://www.epicurious.com/recipes/food/views/sesame-shrimp-toasts-13494,Sesame Shrimp Toasts ,"1 tablespoon Asian sesame oil $ 1 tablespoon soy sauce $ 1 tablespoon cornstarch $ 1 large egg white $ 2 scallions, chopped $ 1 large garlic clove, chopped $ 2 teaspoons grated peeled fresh gingerroot $ 1 1/4 teaspoons salt $ 1 pound shrimp, shelled and if desired deveined $ 12 slices firm white sandwich bread, crusts discarded $ 2 tablespoons sesame seeds $ about 6 cups vegetable oil for deep-frying $ ",Shellfish $ Appetizer $ Fry $ Cocktail Party $ Shrimp $ Winter $ Gourmet $ Sugar Conscious $ Kidney Friendly $ Pescatarian $ Dairy Free $ Peanut Free $ Tree Nut Free $ ,Asian $ ,2.5/4,7,Shellfish $ Appetizer $ Fry $ Cocktail Party $ Shrimp $ Winter $ Gourmet $ Sugar Conscious $ Kidney Friendly $ Pescatarian $ Dairy Free $ Peanut Free $ Tree Nut Free $ Asian $ 
https://www.epicurious.com/recipes/food/views/toasted-rice-powder-10603,Toasted Rice Powder ,2 tablespoons raw white rice $ ,Condiment/Spread $ Rice $ Quick & Easy $ Summer $ Gourmet $ ,Asian $ ,0/4,0,Condiment/Spread $ Rice $ Quick & Easy $ Summer $ Gourmet $ Asian $ 
https://www.epicurious.com/recipes/food/views/oriental-stuffed-mushrooms-14516,Oriental Stuffed Mushrooms ,"2 tablespoons fresh lemon juice $ 24 large mushrooms (about 2 1/2 pounds), the stems removed and chopped fine and the caps left whole $ 3 slices of lean bacon $ 1/4 cup minced onion $ 4 teaspoons minced onion $ 2 tablespoons soy sauce $ 1 tablespoon sesame seeds, toasted lightly $ 1/2 cup fine fresh bread crumbs plus 1 tablespoon for sprinkling the mushrooms $ 1 scallion, sliced thin, for garnish $ ",Garlic $ Mushroom $ Pork $ Bake $ Quick & Easy $ Summer $ Gourmet $ ,Asian $ ,3/4,4,Garlic $ Mushroom $ Pork $ Bake $ Quick & Easy $ Summer $ Gourmet $ Asian $ 
https://www.epicurious.com/recipes/food/views/cilantro-salad-5358,Cilantro Salad ,1/4 cup olive oil $ 2 tablespoons fresh lime juice $ 1 tablespoon grated peeled fresh ginger $ 8 cups mixed baby greens $ 1/2 cup chopped fresh cilantro $ ,Salad $ Citrus $ Ginger $ Leafy Green $ Low Carb $ Curry $ Spring $ Lemongrass $ Cilantro $ Bon Appétit $ ,Asian $ English $ ,3.5/4,4,Salad $ Citrus $ Ginger $ Leafy Green $ Low Carb $ Curry $ Spring $ Lemongrass $ Cilantro $ Bon Appétit $ Asian $ English $ 
https://www.epicurious.com/recipes/food/views/mushroom-medley-with-spinach-ginger-and-soy-15671,"Mushroom Medley with Spinach, Ginger and Soy ","2 teaspoons oriental sesame oil $ 1 red bell pepper, cut into strips $ 2 tablespoons minced fresh ginger $ 1 1/2 tablespoons minced garlic $ 8 ounces shiitake mushrooms, stems trimmed, caps sliced $ 8 ounces button mushrooms, sliced $ 4 ounces small oyster mushrooms $ 1 10-ounce package ready-to-use spinach leaves, stems trimmed $ 6 green onions, cut into thin strips $ 1 tablespoon soy sauce $ Lemon wedges $ ",Ginger $ Mushroom $ Vegetable $ Side $ Sauté $ Low Fat $ Vegetarian $ Quick & Easy $ High Fiber $ Spinach $ Healthy $ Vegan $ Soy Sauce $ Bon Appétit $ Pescatarian $ Dairy Free $ Peanut Free $ Tree Nut Free $ No Sugar Added $ Kosher $ ,Asian $ ,3/4,18,Ginger $ Mushroom $ Vegetable $ Side $ Sauté $ Low Fat $ Vegetarian $ Quick & Easy $ High Fiber $ Spinach $ Healthy $ Vegan $ Soy Sauce $ Bon Appétit $ Pescatarian $ Dairy Free $ Peanut Free $ Tree Nut Free $ No Sugar Added $ Kosher $ Asian $ 
https://www.epicurious.com/recipes/food/views/cold-sesame-noodles-12715,Cold Sesame Noodles ,2 tablespoons smooth peanut butter $ 2 1/2 tablespoons Asian (toasted) sesame oil $ 1 1/2 tablespoons soy sauce $ 1/4 cup water $ 2 teaspoons minced garlic $ 2 teaspoons minced peeled fresh ginger $ 2 teaspoons rice vinegar $ 1 teaspoon sugar $ 1/4 teaspoon Asian chili paste* or dried hot red pepper flakes $ 3/4 pound fresh* or dried* Asian egg noodles or spaghetti $ 3 tablespoons minced scallion $ *available at some Asian markets $ ,Blender $ Ginger $ Pasta $ Vegetarian $ Quick & Easy $ Peanut $ Sesame $ Soy Sauce $ Gourmet $ ,Asian $ Chinese $ ,3/4,34,Blender $ Ginger $ Pasta $ Vegetarian $ Quick & Easy $ Peanut $ Sesame $ Soy Sauce $ Gourmet $ Asian $ Chinese $ 
https://www.epicurious.com/recipes/food/views/stir-fried-spinach-with-ginger-and-garlic-13455,Stir-Fried Spinach with Ginger and Garlic ,"a 10-ounce bag fresh spinach or 2 small bunches (about 1 1/4 pounds total) $ 2 teaspoons vegetable oil $ 1 teaspoon minced peeled fresh gingerroot $ 1 garlic clove, minced $ ",Garlic $ Ginger $ Stir-Fry $ Quick & Easy $ High Fiber $ Spinach $ Winter $ Gourmet $ ,Asian $ ,2.5/4,13,Garlic $ Ginger $ Stir-Fry $ Quick & Easy $ High Fiber $ Spinach $ Winter $ Gourmet $ Asian $ 
https://www.epicurious.com/recipes/food/views/nasi-goreng-indonesian-fried-rice-15397,Nasi Goreng: Indonesian Fried Rice ,"2 cups (500 g) long-grain rice, washed in 2 changes of cold water, drained $ 2 1/2 cups (600 ml) cold water $ 3 tbsp peanut oil $ 3 shallots or 1 small onion, very finely chopped $ 1-3 large fresh red chilies, seeded and cut into thin rounds, or 1/2 tsp chili powder $ 1 tsp chopped fresh ginger $ 2 medium carrots, finely diced $ 2 oz (60 g) cabbage, finely shredded $ 1/4 lb (125 g) button mushrooms, quartered $ 1 tsp paprika $ 2 tsp tomato paste or tomato ketchup $ 1 tbsp light soy sauce $ salt, to taste $ 1/2 cucumber sliced $ 2 tbsp.Crisp-Fried Onions $ few sprigs of watercress $ ",Rice $ Vegetable $ Side $ Stir-Fry $ Vegetarian $ Ramadan $ Vegan $ Pescatarian $ Dairy Free $ Tree Nut Free $ No Sugar Added $ Kosher $ ,Asian $ Southeast Asian $ Indonesian $ ,2/4,17,Rice $ Vegetable $ Side $ Stir-Fry $ Vegetarian $ Ramadan $ Vegan $ Pescatarian $ Dairy Free $ Tree Nut Free $ No Sugar Added $ Kosher $ Asian $ Southeast Asian $ Indonesian $ 
https://www.epicurious.com/recipes/food/views/yu-bos-twice-cooked-pork-107982,Yu Bo's Twice-Cooked Pork ,"1 (3/4-lb) piece fresh pork belly (unsmoked bacon) with skin $ 2 (1-inch) pieces fresh ginger, smashed with side of a heavy knife $ 1 scallion, smashed with side of a heavy knife $ 3/4 lb Chinese leeks (about 6), cut diagonally into 1-inch-thick slices (including dark tubular greens, reserved separately) or 1 1/2 lb baby leeks (6 to 8; white and pale green parts only), cut diagonally into 3/4-inch-thick slices $ 1 1/2 tablespoons Chinese chile bean sauce or paste $ 1/8 to 1/4 teaspoon cayenne $ 2 teaspoons Chinese fermented black beans, soaked in water 10 minutes and drained $ 1 1/2 teaspoons sweet bean sauce or hoisin sauce $ 2 teaspoons Chinese rice wine (preferably Shaoxing) or medium-dry Sherry $ 1 1/2 teaspoons dark soy sauce $ 2 tablespoons peanut oil $ ",Wok $ Ginger $ Pork $ Stir-Fry $ Dinner $ Leek $ Boil $ Gourmet $ Dairy Free $ Tree Nut Free $ ,Asian $ ,2/4,2,Wok $ Ginger $ Pork $ Stir-Fry $ Dinner $ Leek $ Boil $ Gourmet $ Dairy Free $ Tree Nut Free $ Asian $ 
https://www.epicurious.com/recipes/food/views/sweet-and-sour-scallops-106951,Sweet-and-Sour Scallops ,"3/4 cup pineapple juice $ 1 1/2 tablespoons soy sauce $ 4 teaspoons cornstarch $ 2 teaspoons rice vinegar $ 2 tablespoons vegetable oil $ 6 green onions, chopped $ 4 garlic cloves, chopped $ 2 tablespoons chopped peeled fresh ginger $ 1 tablespoon chopped seeded jalapeño chili $ 1 pound sea scallops, cut horizontally in half $ 2 small red bell peppers, thinly sliced into strips $ 1 small head of bok choy, coarsely chopped (about 4 cups) $ ",Fruit Juice $ Shellfish $ Stir-Fry $ Quick & Easy $ Pineapple $ Scallop $ Summer $ Bok Choy $ Jalapeño $ Bon Appétit $ Massachusetts $ ,Asian $ ,2.5/4,8,Fruit Juice $ Shellfish $ Stir-Fry $ Quick & Easy $ Pineapple $ Scallop $ Summer $ Bok Choy $ Jalapeño $ Bon Appétit $ Massachusetts $ Asian $ 
https://www.epicurious.com/recipes/food/views/japanese-beef-and-scallion-rolls-109190,Japanese Beef and Scallion Rolls ,"12 small scallions, trimmed to 6-inch lengths $ 1 (1-lb) piece flank steak (roughly 6 to 7 inches square) $ 1/4 cup sake (Japanese rice wine) $ 1/4 cup mirin* (Japanese sweet rice wine) $ 3 tablespoons soy sauce $ 1 tablespoon sugar $ 1 tablespoon vegetable oil $ a meat pounder; kitchen string $ ",Beef $ Onion $ Side $ Marinate $ Sauté $ Cocktail Party $ Sake $ Spring $ Soy Sauce $ Boil $ Gourmet $ Sugar Conscious $ Dairy Free $ Peanut Free $ Tree Nut Free $ Kosher $ ,Asian $ Japanese $ ,3.5/4,15,Beef $ Onion $ Side $ Marinate $ Sauté $ Cocktail Party $ Sake $ Spring $ Soy Sauce $ Boil $ Gourmet $ Sugar Conscious $ Dairy Free $ Peanut Free $ Tree Nut Free $ Kosher $ Asian $ Japanese $ 
https://www.epicurious.com/recipes/food/views/spicy-chicken-soup-109430,Spicy Chicken Soup ,"6 cups Thai chicken stock $ 2 to 3 teaspoons northern Thai chile powder $ 4 small shallots, thinly sliced (1/4 cup) $ 3/4 lb skinless boneless chicken breast, cut into 1 1/2- by 1/4-inch strips $ 1 to 2 tablespoons nam pla (Asian fish sauce; preferably Thai) $ 2 tablespoons soy sauce $ 1/2 cup coarsely chopped fresh mint $ 2 scallions, thinly sliced $ 1 cup loosely packed fresh cilantro leaves $ ",Soup/Stew $ Chicken $ Mint $ Winter $ Shallot $ Cilantro $ Gourmet $ ,Asian $ Thai $ ,3/4,4,Soup/Stew $ Chicken $ Mint $ Winter $ Shallot $ Cilantro $ Gourmet $ Asian $ Thai $ 
https://www.epicurious.com/recipes/food/views/rice-with-soy-glazed-bonito-flakes-and-sesame-seeds-103400,Rice with Soy-Glazed Bonito Flakes and Sesame Seeds ,"Leftover katsuo bushi (dried bonito flakes) from making dashi or 1 cup katsuo bushi fresh from package $ 1 tablespoon sake $ 1/4 teaspoon sugar $ 1 1/2 tablespoons soy sauce $ 2 tablespoons sesame seeds, toasted $ 2 cups Japanese short-grain rice $ 2 cups water $ ",Rice $ Side $ Soy Sauce $ Gourmet $ Sugar Conscious $ Kidney Friendly $ Dairy Free $ Peanut Free $ Tree Nut Free $ ,Asian $ Japanese $ ,3.5/4,6,Rice $ Side $ Soy Sauce $ Gourmet $ Sugar Conscious $ Kidney Friendly $ Dairy Free $ Peanut Free $ Tree Nut Free $ Asian $ Japanese $ 
https://www.epicurious.com/recipes/food/views/pickled-napa-cabbage-103401,Pickled Napa Cabbage ,"3/4 pound Napa cabbage, cut crosswise into 1/3-inch-wide strips $ 3 tablespoons finely chopped carrot $ 1 1/2 teaspoons coarse salt $ 1 ounce (30 grams) kombu, about 20 square inches $ 4 fresh green shiso leaves or 1/4 cup fresh basil, chopped $ ",Side $ No-Cook $ Carrot $ Cabbage $ Gourmet $ Fat Free $ Sugar Conscious $ Vegan $ Vegetarian $ Pescatarian $ Paleo $ Dairy Free $ Wheat/Gluten-Free $ Peanut Free $ Tree Nut Free $ Soy Free $ No Sugar Added $ Kosher $ ,Asian $ ,0/4,1,Side $ No-Cook $ Carrot $ Cabbage $ Gourmet $ Fat Free $ Sugar Conscious $ Vegan $ Vegetarian $ Pescatarian $ Paleo $ Dairy Free $ Wheat/Gluten-Free $ Peanut Free $ Tree Nut Free $ Soy Free $ No Sugar Added $ Kosher $ Asian $ 
https://www.epicurious.com/recipes/food/views/salmon-with-soy-honey-and-wasabi-sauces-105026,Salmon with Soy-Honey and Wasabi Sauces ,1/2 cupmirin (Japanese sweet rice wine) $ 2 tablespoons soy sauce $ 1/4 cup rice vinegar (not seasoned) $ 1 tablespoon finely grated peeled fresh ginger $ 4 (6-ounce) pieces salmon fillet $ 2 tablespoons soy sauce $ 1/4 cup honey $ 1 tablespoon fresh lime juice $ 2 teaspoons wasabi powder $ 1 tablespoon water $ Accompaniment: lime wedges $ ,Wine $ Broil $ Marinate $ Quick & Easy $ Horseradish $ Lime $ Salmon $ Spring $ Honey $ Soy Sauce $ Gourmet $ ,Asian $ ,3.5/4,293,Wine $ Broil $ Marinate $ Quick & Easy $ Horseradish $ Lime $ Salmon $ Spring $ Honey $ Soy Sauce $ Gourmet $ Asian $ 
https://www.epicurious.com/recipes/food/views/lemon-soy-dipping-sauce-103281,Lemon-Soy Dipping Sauce ,1/2 cup soy sauce $ 1/4 cup fresh lemon juice $ 2 tablespoons mirin (sweet Japanese rice wine)* $ 2 tablespoons water $ 1 tablespoon dried bonito shavings (katsuo-bushi)* $ ,Sauce $ No-Cook $ Quick & Easy $ Lemon $ Soy Sauce $ Bon Appétit $ ,Asian $ ,4/4,2,Sauce $ No-Cook $ Quick & Easy $ Lemon $ Soy Sauce $ Bon Appétit $ Asian $ 
https://www.epicurious.com/recipes/food/views/ma-po-tofu-103565,Ma-Po Tofu ,"1/4 cup chicken broth $ 2 tablespoons hot bean paste $ 2 tablespoons soy sauce $ Additive-free kosher salt to taste $ 1 lb regular or soft (not silken) tofu, drained and cut into 1/2-inch cubes $ 1 1/2 to 2 tablespoons corn, peanut, or canola oil $ 1/2 lb ground pork shoulder (preferably 75% lean) $ 1 tablespoon plus 1 teaspoon finely minced garlic $ 1 tablespoon plus 1 teaspoon finely minced peeled fresh ginger $ 1 tablespoon cornstarch dissolved in 2 tablespoons water $ 1 1/2 teaspoons Japanese sesame oil $ 1/2 to 1 teaspoon toasted Sichuan-peppercorn powder $ 3 tablespoons thinly sliced scallion $ Accompaniment: steamed rice $ ",Wok $ Ginger $ Pork $ Poach $ Stir-Fry $ Quick & Easy $ Dinner $ Tofu $ Soy Sauce $ Gourmet $ Sugar Conscious $ Dairy Free $ Tree Nut Free $ No Sugar Added $ ,Asian $ Chinese $ Szechuan/Hunan $ ,3.5/4,79,Wok $ Ginger $ Pork $ Poach $ Stir-Fry $ Quick & Easy $ Dinner $ Tofu $ Soy Sauce $ Gourmet $ Sugar Conscious $ Dairy Free $ Tree Nut Free $ No Sugar Added $ Asian $ Chinese $ Szechuan/Hunan $ 
https://www.epicurious.com/recipes/food/views/asian-spinach-salad-104258,Asian Spinach Salad ,"8 tablespoons olive oil $ 3 tablespoons sugar $ 3 tablespoons unseasoned rice vinegar $ 3 tablespoons soy sauce $ 1 3-ounce package Asian noodle soup mix (such as Top Ramen), noodles coarsely broken $ 1/2 cup slivered almonds $ 2 tablespoons sesame seeds $ 1 10-ounce bag ready-to-use spinach leaves $ 1 bunch green onions, chopped $ ",Salad $ Leafy Green $ Quick & Easy $ Spinach $ Winter $ Bon Appétit $ ,Asian $ ,3.5/4,137,Salad $ Leafy Green $ Quick & Easy $ Spinach $ Winter $ Bon Appétit $ Asian $ 
https://www.epicurious.com/recipes/food/views/cold-poached-chicken-with-ginger-scallion-oil-12409,Cold Poached Chicken with Ginger Scallion Oil ,2 cups water $ four 1/4-inch-thick slices fresh gingerroot $ 1/4 cup Scotch or medium-dry Sherry $ 1 skinless boneless whole chicken breast (about 3/4 pound) $ 2 tablespoons vegetable oil $ 2 teaspoons finely grated peeled fresh gingerroot $ 2 teaspoons minced scallion $ 1 teaspoon Asian sesame oil $ Accompaniment:Cold Sesame Spinach $ ,Chicken $ Ginger $ Onion $ Poultry $ Poach $ Low Cal $ Summer $ Gourmet $ ,Asian $ ,2/4,5,Chicken $ Ginger $ Onion $ Poultry $ Poach $ Low Cal $ Summer $ Gourmet $ Asian $ 
https://www.epicurious.com/recipes/food/views/oriental-pudding-20049,Oriental Pudding ,1 8-ounce package pitted dates $ 1/2 cup sugar $ 1/2 cup honey $ 2 cups water $ 1/2 cup butter $ 1/4 cup Cream of Rice $ 1/4 teaspoon ginger $ 1/4 teaspoon mace $ 1 package finely grated coconut $ Whipped cream $ ,Ginger $ Dessert $ Quick & Easy $ Date $ Coconut $ Honey $ House & Garden $ Vegetarian $ Pescatarian $ Wheat/Gluten-Free $ Peanut Free $ Tree Nut Free $ Soy Free $ Kosher $ ,Asian $ ,2.5/4,3,Ginger $ Dessert $ Quick & Easy $ Date $ Coconut $ Honey $ House & Garden $ Vegetarian $ Pescatarian $ Wheat/Gluten-Free $ Peanut Free $ Tree Nut Free $ Soy Free $ Kosher $ Asian $ 
https://www.epicurious.com/recipes/food/views/lobster-soy-chicken-and-mango-salad-109289,"Lobster, Soy Chicken and Mango Salad ","two 750 g (1 1/2 to 1 3/4 pounds ) live lobsters $ 10 litres (10 quarts) boiling water $ a handful of sea salt $ 20 ml (4 teaspoons) water $ 4 heaped tablespoons palm sugar $ 50 ml (3 tablespoons plus 1 teaspoon) tamarind juice $ 30 ml (2 tablespoons) light soy sauce $ 120 ml (1/2 cup) extra-virgin olive oil $ 150 g (5 ounces) fresh fine egg noodles, cooked $ 40 g (1 1/2 ounces) fresh black wood fungus (also known as wood ear mushrooms) $ 40 g (1 1/2 ounces) fresh white wood fungus (also known as white tree fungus, white jelly fungus, or snow mushroom) $ 40 g (1 1/2 ounces) enoki mushrooms $ 1 to 2 ripe mangoes, for 6 nice slices $ 6 slices breast meat from Master Stock Chicken , skin removed $ white peppercorns for grinding $ 1 continental (European) cucumber $ sea salt $ 60 ml (1/4 cup) rice-wine vinegar $ 30 ml (2 tablespoons) superfine sugar $ ",Salad $ Chicken $ Fruit $ Mushroom $ Pasta $ Mango $ Lobster $ Cucumber $ Tamarind $ Soy Sauce $ ,Asian $ ,4/4,1,Salad $ Chicken $ Fruit $ Mushroom $ Pasta $ Mango $ Lobster $ Cucumber $ Tamarind $ Soy Sauce $ Asian $ 
https://www.epicurious.com/recipes/food/views/peking-style-chicken-wraps-109643,Peking-Style Chicken Wraps ,"8 (6- to 7-inch) flour tortillas $ 1/4 cup hoisin sauce $ 2 tablespoons soy sauce $ 2 tablespoons mild honey $ 1 tablespoon minced peeled fresh ginger $ 1 teaspoon rice vinegar $ 2 garlic cloves, minced $ 1/8 teaspoon cayenne $ 1 1/2 lb skinless boneless chicken thighs (about 6) $ 1 large plum, quartered, pitted, and cut into 1/4-inch pieces (1 cup) $ 3 scallions, trimmed and cut lengthwise into 2-inch-long slivers $ ",Poultry $ Tomato $ Broil $ Kid-Friendly $ Quick & Easy $ Lunch $ Summer $ Tortillas $ Gourmet $ Dairy Free $ Peanut Free $ Tree Nut Free $ Kosher $ ,Asian $ ,3/4,21,Poultry $ Tomato $ Broil $ Kid-Friendly $ Quick & Easy $ Lunch $ Summer $ Tortillas $ Gourmet $ Dairy Free $ Peanut Free $ Tree Nut Free $ Kosher $ Asian $ 
https://www.epicurious.com/recipes/food/views/red-braised-pork-with-fresh-pineapple-103951,Red-Braised Pork with Fresh Pineapple ,"1 tablespoon vegetable oil $ 3 pounds pork butt, cut into 1 1/2-inch cubes $ 1 tablespoon minced peeled fresh ginger $ 2 scallions (green and white parts), minced $ 1-inch piece of dried tangerine peel $ 1/2 teaspoon five-spice powder $ 1/2 cup dry sherry $ 3 tablespoons dark soy sauce $ 1 tablespoon sugar $ 1 cup water $ 1 small pineapple, peeled and cut into 1 1/2-inch chunks $ 1 tablespoon cornstarch mixed with 2 tablespoons cold water $ ",Wok $ Fruit $ Pork $ Soy $ Braise $ Dinner $ Pineapple $ Spice $ Soy Sauce $ ,Asian $ Chinese $ ,2.5/4,4,Wok $ Fruit $ Pork $ Soy $ Braise $ Dinner $ Pineapple $ Spice $ Soy Sauce $ Asian $ Chinese $ 
https://www.epicurious.com/recipes/food/views/grilled-steak-and-asparagus-salad-with-hoisin-vinaigrette-5663,Grilled Steak and Asparagus Salad with Hoisin Vinaigrette ,"1/4 cup hoisin sauce $ 1/4 cup white wine vinegar $ 1/4 cup canned low-salt chicken broth $ 2 tablespoons olive oil $ 4 teaspoons minced peeled fresh ginger $ 1 tablespoon soy sauce $ 2 teaspoons hot Chinese-style mustard or Dijon mustard $ 1 tablespoon black peppercorns $ 2 teaspoons coriander seeds $ 2 teaspoons fennel seeds $ 1 1-pound top sirloin steak (about 1 inch thick) $ Nonstick olive oil spray $ 1 1/4 pounds thin asparagus spears, trimmed $ 3 thin red onion slices $ Orange slices $ ",Salad $ Steak $ Asparagus $ Summer $ Bon Appétit $ ,Asian $ ,3.5/4,32,Salad $ Steak $ Asparagus $ Summer $ Bon Appétit $ Asian $ 
https://www.epicurious.com/recipes/food/views/asian-noodles-with-ginger-cilantro-sauce-1767,Asian Noodles with Ginger-Cilantro Sauce ,"1 12-ounce package fresh oriental-style water noodles or linguine $ 3 tablespoons oriental sesame oil $ 2 1/2 tablespoons minced peeled fresh ginger $ 1 small jalapeño chili, seeded $ 1 cup (packed) fresh cilantro leaves $ 1 tablespoon soy sauce $ 1 tablespoon rice vinegar $ 1 tablespoon creamy peanut butter $ 3 tablespoons (or more) canned chicken broth $ ",Food Processor $ Ginger $ Herb $ Pasta $ Side $ Quick & Easy $ Bon Appétit $ ,Asian $ ,3/4,25,Food Processor $ Ginger $ Herb $ Pasta $ Side $ Quick & Easy $ Bon Appétit $ Asian $ 
https://www.epicurious.com/recipes/food/views/fuyu-persimmon-and-avocado-salad-108870,Fuyu Persimmon and Avocado Salad ,"2 tablespoons fresh lemon juice $ 4 teaspoons water $ 1 1/2 tablespoons sweet white miso* (fermented soybean paste) $ 1/4 teaspoon black pepper $ 1/8 teaspoon salt $ 1/3 cup olive oil $ 3 firm-ripe California avocados (1 1/2 pound total) $ 1 pound firm-ripe Fuyu persimmons, peeled, halved lengthwise, seeded if necessary, and thinly sliced crosswise $ 2 bunches watercress (6 ounces total), coarse stems discarded $ ",Salad $ Blender $ Fruit $ Soy $ Side $ No-Cook $ Vegetarian $ Quick & Easy $ Avocado $ Vegan $ Persimmon $ Watercress $ Gourmet $ Sugar Conscious $ Pescatarian $ Dairy Free $ Wheat/Gluten-Free $ Peanut Free $ Tree Nut Free $ No Sugar Added $ Kosher $ ,Asian $ ,3.5/4,11,Salad $ Blender $ Fruit $ Soy $ Side $ No-Cook $ Vegetarian $ Quick & Easy $ Avocado $ Vegan $ Persimmon $ Watercress $ Gourmet $ Sugar Conscious $ Pescatarian $ Dairy Free $ Wheat/Gluten-Free $ Peanut Free $ Tree Nut Free $ No Sugar Added $ Kosher $ Asian $ 
https://www.epicurious.com/recipes/food/views/asian-style-pickled-shrimp-105271,Asian-Style Pickled Shrimp ,"2 1/4 cups water $ 3 tablespoons rice vinegar $ 2 tablespoons minced fresh lemongrass* $ 1 1/2 tablespoons pickling spice $ 1 tablespoon salt $ 1 teaspoon whole black peppercorns $ 2 pounds uncooked medium shrimp, unpeeled, rinsed $ 1/2 cup plus 2 tablespoons chopped fresh cilantro $ 4 small green onions, chopped (about 1/2 cup) $ 3 tablespoons minced pickled ginger,* 2 tablespoons ginger brine reserved $ ",Appetizer $ Shrimp $ Summer $ Bon Appétit $ Sugar Conscious $ Pescatarian $ Paleo $ Dairy Free $ Wheat/Gluten-Free $ Peanut Free $ Tree Nut Free $ Soy Free $ No Sugar Added $ ,Asian $ ,3/4,23,Appetizer $ Shrimp $ Summer $ Bon Appétit $ Sugar Conscious $ Pescatarian $ Paleo $ Dairy Free $ Wheat/Gluten-Free $ Peanut Free $ Tree Nut Free $ Soy Free $ No Sugar Added $ Asian $ 
https://www.epicurious.com/recipes/food/views/panfried-tofu-on-sesame-watercress-with-soy-orange-dressing-102943,Panfried Tofu on Sesame Watercress with Soy-Orange Dressing ,"3/4 pound extra-firm tofu, cut into 1/2-inch-thick slices $ 1 1/2 tablespoons vegetable oil $ 1 1/2 bunches watercress, tough stems discarded $ 1 tablespoon sesame seeds, toasted $ 2 teaspoons grated peeled fresh ginger $ 1 large garlic clove, minced $ 1/4 cup fresh orange juice $ 2 tablespoons soy sauce $ 2 teaspoons Asian sesame oil $ ",Leafy Green $ Soy $ Vegetable $ Fry $ Vegetarian $ Tofu $ Winter $ Watercress $ Gourmet $ ,Asian $ ,3/4,65,Leafy Green $ Soy $ Vegetable $ Fry $ Vegetarian $ Tofu $ Winter $ Watercress $ Gourmet $ Asian $ 
https://www.epicurious.com/recipes/food/views/oysters-with-nobus-three-salsas-105871,Oysters with Nobu's Three Salsas ,1/2 cup (60 g) finely chopped onion $ 1 tablespoon soy sauce $ 1/2 cup rice vinegar $ 1/2 teaspoon sea salt $ 1/4 teaspoon chili garlic sauce $ 1/4 teaspoon chili oil $ 1/4 teaspoon finely grated ginger $ 1 tablespoon grapeseed oil $ 1/2 cup (10 g) finely chopped parsley leaves $ 1 cup (100 g) finely chopped Maui onion $ 3/4 cup (150 g) finely chopped tomato $ 6 tablespoons Ponzu $ 2 teaspoons orange juice (freshly squeezed) $ 1 teaspoon hot chili sauce $ 2 finely chopped jalapeños $ 1 1/4 cups (125 g) finely chopped onion $ 1 teaspoon sea salt $ 5 teaspoons extra virgin olive oil $ 5 tablespoons lemon juice $ 12 fresh oysters in the shell $ 4 tablespoons Matsuhisa Salsa $ 4 tablespoons Maui Onion Salsa $ 4 tablespoons Jalapeño Salsa $ finely chopped chives for garnish $ ,Fruit Juice $ Ginger $ Onion $ Shellfish $ Tomato $ No-Cook $ Cocktail Party $ New Year's Eve $ Orange $ Oyster $ Jalapeño $ ,Asian $ ,3/4,3,Fruit Juice $ Ginger $ Onion $ Shellfish $ Tomato $ No-Cook $ Cocktail Party $ New Year's Eve $ Orange $ Oyster $ Jalapeño $ Asian $ 
