link,name,ingredients,recipe_category,recipe_cuisine,rating,rating_count,keywords
https://www.epicurious.com/recipes/food/views/grilled-eggplant-with-lebneh-109453,Grilled Eggplant with Lebneh ,"1/2 cup lebneh* (thick Middle Eastern–style yogurt) or 1 cup whole-milk plain yogurt $ 1 garlic clove $ 1 teaspoon salt $ 2 to 4 tablespoons water $ 2 lb eggplant (2 medium), cut crosswise into 3/4-inch-thick slices $ 1/2 cup olive oil $ Garnish: fresh mint leaves $ ",Side $ Vegetarian $ Quick & Easy $ Yogurt $ Eggplant $ Summer $ Grill/Barbecue $ Gourmet $ Pescatarian $ Wheat/Gluten-Free $ Peanut Free $ Tree Nut Free $ Soy Free $ No Sugar Added $ Kosher $ ,Middle Eastern $ ,4/4,12,Side $ Vegetarian $ Quick & Easy $ Yogurt $ Eggplant $ Summer $ Grill/Barbecue $ Gourmet $ Pescatarian $ Wheat/Gluten-Free $ Peanut Free $ Tree Nut Free $ Soy Free $ No Sugar Added $ Kosher $ Middle Eastern $ 
https://www.epicurious.com/recipes/food/views/braised-chicken-with-cilantro-lemon-and-dried-figs-3048,"Braised Chicken with Cilantro, Lemon and Dried Figs ","2 tablespoons all purpose flour $ 1 3 1/2- to 3 3/4-pound chicken, skin and fat removed, cut into 12 pieces $ 4 teaspoons olive oil $ 2 cups chopped onions $ 3 large garlic cloves, minced $ 1 14 1/2-ounce can low-salt chicken broth $ 1/2 cup plus 2 tablespoons chopped fresh cilantro $ 2 tablespoons fresh lemon juice $ 8 dried Calimyrna figs, stems trimmed, cut in half lengthwise $ Lemon wedges $ ",Chicken $ Fruit $ Onion $ Sauté $ Hanukkah $ Lemon $ Fig $ Healthy $ Bon Appétit $ ,Middle Eastern $ ,3.5/4,42,Chicken $ Fruit $ Onion $ Sauté $ Hanukkah $ Lemon $ Fig $ Healthy $ Bon Appétit $ Middle Eastern $ 
https://www.epicurious.com/recipes/food/views/turkish-sauteed-sea-bass-with-almond-tarator-342,Turkish Sauteed Sea Bass with Almond Tarator ,1/2 cup all purpose flour $ 1/2 teaspoon paprika $ 1/4 teaspoon dried crushed red pepper $ 4 6-ounce sea bass fillets $ 1/4 cup vegetable oil $ Almond Tarator $ ,Fish $ Herb $ Nut $ Quick & Easy $ Almond $ Bass $ Pan-Fry $ Bon Appétit $ ,Mediterranean $ Middle Eastern $ ,3/4,10,Fish $ Herb $ Nut $ Quick & Easy $ Almond $ Bass $ Pan-Fry $ Bon Appétit $ Mediterranean $ Middle Eastern $ 
https://www.epicurious.com/recipes/food/views/turkish-lamb-pitas-with-tomato-sauce-107650,Turkish Lamb Pitas with Tomato Sauce ,"1 1/2 pounds ground lamb $ 1/2 cup fresh breadcrumbs made from crustless French bread $ 1/2 cup chopped fresh cilantro $ 1/2 cup minced white onion $ 1/4 cup chopped fresh mint $ 1 large egg $ 1 large shallot, minced $ 1 tablespoon fresh lemon juice $ 2 teaspoons ground cumin $ 1 1/2 teaspoons salt $ 1 teaspoon freshly ground black pepper $ 1/2 teaspoon cayenne pepper $ 1/4 teaspoon ground allspice $ 4 tablespoons olive oil $ 1 cup finely chopped white onion $ 3 garlic cloves, chopped $ 2 cups drained canned diced tomatoes in juice $ 2 tablespoons fresh lemon juice $ 1/4 teaspoon ground allspice $ 1 tablespoon pomegranate molasses* $ 6 6- to 7-inch-diameter pita rounds $ 1/2 cup chopped green onions $ Plain whole-milk yogurt $ ",Sandwich $ Lamb $ Onion $ Tomato $ Bake $ Fry $ Spice $ Winter $ Molasses $ Simmer $ Bon Appétit $ ,Middle Eastern $ ,3.5/4,23,Sandwich $ Lamb $ Onion $ Tomato $ Bake $ Fry $ Spice $ Winter $ Molasses $ Simmer $ Bon Appétit $ Middle Eastern $ 
https://www.epicurious.com/recipes/food/views/lemon-couscous-with-peas-and-carrots-106427,Lemon Couscous with Peas and Carrots ,"1 1/2 cups canned low-salt chicken broth $ 1/4 cup water $ 2 carrots (about 8 ounces), minced $ 1 cup purchased shelled fresh peas or frozen green peas $ 1 1/4 cups plain couscous $ 3 tablespoons fresh lemon juice $ 1 1/2 tablespoons grated lemon peel $ 1 1/2 tablespoons butter $ ",Vegetable $ Side $ Lemon $ Pea $ Carrot $ Spring $ Couscous $ Bon Appétit $ Sugar Conscious $ Peanut Free $ Tree Nut Free $ Soy Free $ No Sugar Added $ ,Middle Eastern $ ,2.5/4,10,Vegetable $ Side $ Lemon $ Pea $ Carrot $ Spring $ Couscous $ Bon Appétit $ Sugar Conscious $ Peanut Free $ Tree Nut Free $ Soy Free $ No Sugar Added $ Middle Eastern $ 
https://www.epicurious.com/recipes/food/views/middle-eastern-grilled-chicken-pita-sandwiches-with-yogurt-mint-sauce-12158,Middle Eastern Grilled Chicken Pita Sandwiches with Yogurt Mint Sauce ,"1 cup plain yogurt $ 1/2 cup fresh lemon juice $ 1 garlic clove, minced and mashed to a paste with a pinch of salt $ 1/2 teaspoon dried thyme, crumbled $ 8 skinless boneless chicken thighs (about 1 1/2 pounds) $ 1/3 cup plain yogurt $ 1 garlic clove, minced and mashed to a paste with 1/4 teaspoon salt $ 2 teaspoons fresh lemon juice, or to taste $ 1 tablespoon finely chopped fresh parsley leaves $ 2 teaspoons finely chopped fresh mint leaves, or to taste $ 1 small red onion, sliced thin $ 1 1/2 tablespoons olive oil $ 1 tomato, minced $ 1 tablespoon sesame seeds, toasted lightly $ 6 whole-wheat pita loaves $ ",Sandwich $ Chicken $ Dairy $ Herb $ Poultry $ Marinate $ Yogurt $ Summer $ Gourmet $ ,Middle Eastern $ ,3.5/4,19,Sandwich $ Chicken $ Dairy $ Herb $ Poultry $ Marinate $ Yogurt $ Summer $ Gourmet $ Middle Eastern $ 
https://www.epicurious.com/recipes/food/views/seven-vegetable-couscous-with-chunky-onion-harissa-1082,Seven-Vegetable Couscous with Chunky Onion Harissa ,"1/4 cup plus 1 tablespoon olive oil $ 2 large leeks (white and pale green parts only), minced $ 4 large garlic cloves, chopped $ 2 1/4 cups chicken stock or canned broth $ 1 cup raisins $ 1 cup 1/2-inch cubes peeled butternut squash $ 1 large yellow crookneck squash, cut into 1/2-inch cubes $ 1 large zucchini, cut into 1/2-inch cubes $ 3/4 cup frozen baby lima beans, thawed $ 1 teaspoon turmeric $ 1/2 teaspoon ground ginger $ Pinch (generous) of cayenne pepper $ 1 cup diced seeded plum tomatoes $ 3/4 cup frozen peas, thawed $ 1/2 cup coarsely chopped fresh cilantro $ 1 1/2 cups (about 10 ounces) couscous $ Lemon wedges $ 1/4 cup tomato paste $ 1 tablespoon plus 1 teaspoon dried crushed red pepper $ 3/4 teaspoon cayenne pepper $ 1 cup olive oil $ 1/2 cup red wine vinegar $ 6 green onions, chopped $ 1 small red onion, chopped $ 2 large garlic cloves, minced $ ",Onion $ Tomato $ Vegetable $ Side $ Hanukkah $ Lima Bean $ Squash $ Winter $ Healthy $ Couscous $ Bon Appétit $ ,Mediterranean $ Middle Eastern $ Sephardic $ ,3.5/4,65,Onion $ Tomato $ Vegetable $ Side $ Hanukkah $ Lima Bean $ Squash $ Winter $ Healthy $ Couscous $ Bon Appétit $ Mediterranean $ Middle Eastern $ Sephardic $ 
https://www.epicurious.com/recipes/food/views/chicken-with-raisins-and-lemon-369,Chicken with Raisins and Lemon ,"1 3 1/2-pound chicken, cut into 8 pieces $ 2 tablespoons olive oil $ 2 large russet potatoes, peeled, cut into 1 1/2-inch chunks $ 2 teaspoons minced garlic $ 1 1/2 teaspoons ground turmeric $ 1 large lemon, peel and white pith cut away, very thinly sliced $ 1/2 cup raisins $ 3 1/2 cups (about) canned low-salt chicken broth $ 2 tablespoons fresh lemon juice $ ",Chicken $ Potato $ Poultry $ Lemon $ Raisin $ Bon Appétit $ ,Mediterranean $ Middle Eastern $ ,3/4,15,Chicken $ Potato $ Poultry $ Lemon $ Raisin $ Bon Appétit $ Mediterranean $ Middle Eastern $ 
https://www.epicurious.com/recipes/food/views/lentil-stew-with-spinach-and-potatoes-349,Lentil Stew with Spinach and Potatoes ,"2 tablespoons olive oil $ 2 large garlic cloves, chopped $ 3 cups canned vegetable broth $ 1 cup lentils, rinsed, picked over $ 8 ounces red-skinned potatoes, cut into 1/2-inch pieces $ 1 lemon $ 6 ounces torn fresh spinach leaves (about 8 cups) $ 1/4 teaspoon cayenne pepper $ 1/4 cup chopped fresh mint $ Crumbled feta cheese (optional) $ ",Soup/Stew $ Leafy Green $ Potato $ Vegetarian $ Spinach $ Lentil $ Fall $ Winter $ Healthy $ Vegan $ Bon Appétit $ ,Mediterranean $ Middle Eastern $ Israeli $ ,3.5/4,129,Soup/Stew $ Leafy Green $ Potato $ Vegetarian $ Spinach $ Lentil $ Fall $ Winter $ Healthy $ Vegan $ Bon Appétit $ Mediterranean $ Middle Eastern $ Israeli $ 
https://www.epicurious.com/recipes/food/views/sesame-thyme-seasoning-zaatar-103402,Sesame Thyme Seasoning (Za'atar) ,"2 tablespoons sesame seeds, toasted $ 2 teaspoons ground sumac $ 1 1/2 to 2 tablespoons minced fresh thyme $ 1/2 teaspoon salt $ ",Herb $ No-Cook $ Quick & Easy $ Ramadan $ Spice $ Thyme $ Gourmet $ ,Middle Eastern $ ,3/4,6,Herb $ No-Cook $ Quick & Easy $ Ramadan $ Spice $ Thyme $ Gourmet $ Middle Eastern $ 
https://www.epicurious.com/recipes/food/views/broiled-vegetables-with-toasted-israeli-couscous-105036,Broiled Vegetables with Toasted Israeli Couscous ,"1 1/2 tablespoons balsamic vinegar $ 1 garlic clove, minced $ 3 tablespoons olive oil $ 1 medium zucchini, cut lengthwise into 1/2-inch-thick slices $ 1 yellow summer squash, cut lengthwise into 1/2-inch-thick slices $ 2 red bell peppers, quartered lengthwise $ 1/2 cup finely chopped red onion $ 3/4 cup toasted Israeli couscous (4 ounces) $ 1 3/4 cups chicken broth or water $ 3 tablespoons thinly sliced fresh basil $ ",Vegetable $ Side $ Broil $ Vegetarian $ Quick & Easy $ Lunch $ Vinegar $ Basil $ Bell Pepper $ Squash $ Healthy $ Couscous $ Gourmet $ Dairy Free $ Peanut Free $ Tree Nut Free $ Soy Free $ No Sugar Added $ Kosher $ ,Middle Eastern $ Israeli $ ,3.5/4,19,Vegetable $ Side $ Broil $ Vegetarian $ Quick & Easy $ Lunch $ Vinegar $ Basil $ Bell Pepper $ Squash $ Healthy $ Couscous $ Gourmet $ Dairy Free $ Peanut Free $ Tree Nut Free $ Soy Free $ No Sugar Added $ Kosher $ Middle Eastern $ Israeli $ 
https://www.epicurious.com/recipes/food/views/middle-eastern-pita-salad-12365,Middle-Eastern Pita Salad ,"1/2 cucumber, peeled and cut into 1/4-inch dice $ 1-1/2 large (7-inch) pita loaves (preferably Mediterranean-style pocketless), cut into 3/4-inch pieces $ 1/4 cup olive oil $ 1 tablespoon fresh lemon juice, or to taste $ 1 garlic clove, minced $ 1/2 red bell pepper, cut into 1/4-inch dice $ 1 tomato, chopped fine $ 1/4 cup thinly sliced scallion $ 2 tablespoons finely chopped fresh parsley leaves $ 3 tablespoons finely chopped fresh mint leaves or 2 teaspoons dried, crumbled, plus fresh mint sprigs for garnish $ inner leaves of romaine, rinsed and spun dry for garnish $ ",Bread $ Salad $ Tomato $ Vegetarian $ Quick & Easy $ Mint $ Cucumber $ Bell Pepper $ Summer $ Healthy $ Vegan $ Gourmet $ ,Middle Eastern $ ,3/4,9,Bread $ Salad $ Tomato $ Vegetarian $ Quick & Easy $ Mint $ Cucumber $ Bell Pepper $ Summer $ Healthy $ Vegan $ Gourmet $ Middle Eastern $ 
https://www.epicurious.com/recipes/food/views/roasted-eggplant-and-olive-spread-with-pita-bread-chips-103225,Roasted Eggplant and Olive Spread with Pita Bread Chips ,"3 1-pound eggplants $ 3 6- to 7-inch-diameter pita breads, cut horizontally in half $ Olive oil $ 1/4 cup chopped pitted Kalamata olives or other brine-cured black olives $ 3 large garlic cloves, minced $ 1 tablespoon red wine vinegar $ 2 teaspoons ground cumin $ ",Condiment/Spread $ Olive $ Vegetable $ Roast $ Cocktail Party $ Vegetarian $ Eggplant $ Vegan $ Bon Appétit $ Santa Monica $ California $ ,Mediterranean $ Middle Eastern $ ,3/4,5,Condiment/Spread $ Olive $ Vegetable $ Roast $ Cocktail Party $ Vegetarian $ Eggplant $ Vegan $ Bon Appétit $ Santa Monica $ California $ Mediterranean $ Middle Eastern $ 
https://www.epicurious.com/recipes/food/views/lemon-mint-and-tabbouleh-salad-106302,Lemon-Mint and Tabbouleh Salad ,"1/4 cup olive oil $ 1/4 cup fresh lemon juice $ 3 large garlic cloves, minced $ 1 cup bulgur (cracked wheat) $ 1 cup boiling water $ 1 cup chopped seeded plum tomatoes $ 1/2 cup chopped fresh Italian parsley $ 2 large green onions, chopped $ 2 tablespoons chopped fresh mint $ ",Salad $ Herb $ Side $ Vegetarian $ Quick & Easy $ Lemon $ Spring $ Bulgur $ Bon Appétit $ Sugar Conscious $ Kidney Friendly $ Vegan $ Pescatarian $ Dairy Free $ Peanut Free $ Tree Nut Free $ Soy Free $ No Sugar Added $ Kosher $ ,Middle Eastern $ ,3.5/4,17,Salad $ Herb $ Side $ Vegetarian $ Quick & Easy $ Lemon $ Spring $ Bulgur $ Bon Appétit $ Sugar Conscious $ Kidney Friendly $ Vegan $ Pescatarian $ Dairy Free $ Peanut Free $ Tree Nut Free $ Soy Free $ No Sugar Added $ Kosher $ Middle Eastern $ 
https://www.epicurious.com/recipes/food/views/chicken-and-sausage-couscous-13296,Chicken and Sausage Couscous ,"1 small onion, chopped fine $ 2 tablespoons unsalted butter $ 1/2 teaspoon turmeric $ 1/4 teaspoon dried hot red pepper flakes $ 2 teaspoons tomato paste $ 1 1/2 cups chicken broth $ 3/4 cup water $ 3 chicken wings, tips discarded and the wings halved at the joint $ 1/4 pound kielbasa, cut diagonally into 1/2-inch-thick slices $ 1 carrot, cut diagonally into 1/2-inch-thick slices $ 1 turnip, peeled and cut into 1/2-inch-thick wedges $ a 3-inch cinnamon stick $ 1/2 bay leaf $ 1/2 cup canned chick-peas, rinsed well and drained $ 3/4 cup couscous $ ",Chicken $ Kid-Friendly $ Quick & Easy $ High Fiber $ Sausage $ Chickpea $ Couscous $ Gourmet $ ,Middle Eastern $ ,3/4,20,Chicken $ Kid-Friendly $ Quick & Easy $ High Fiber $ Sausage $ Chickpea $ Couscous $ Gourmet $ Middle Eastern $ 
https://www.epicurious.com/recipes/food/views/cinnamon-roasted-chicken-with-harissa-sauce-107089,Cinnamon-Roasted Chicken with Harissa Sauce ,1 cup olive oil $ 1/4 cup ground cinnamon $ 1 tablespoon salt $ 1 teaspoon cayenne pepper $ 1 teaspoon sugar $ 8 small chicken breast halves with skin and bones $ 8 chicken thighs with skin and bones $ 1 cup (about) all purpose flour $ 4 tablespoons (about) peanut oil $ Harissa Sauce $ ,Chicken $ Marinate $ Roast $ Fall $ Cinnamon $ Bon Appétit $ ,Middle Eastern $ Moroccan $ ,3/4,31,Chicken $ Marinate $ Roast $ Fall $ Cinnamon $ Bon Appétit $ Middle Eastern $ Moroccan $ 
https://www.epicurious.com/recipes/food/views/tahini-chicken-salad-109640,Tahini Chicken Salad ,"6 chicken breast halves with skin and bones (4 to 4 1/2 lb total) $ 2 tablespoons extra-virgin olive oil $ 1/2 teaspoon black pepper $ 2 teaspoons salt $ 2/3 cup well-stirred tahini (Middle Eastern sesame paste) $ 1/2 cup water $ 1/2 cup fresh lemon juice $ 4 garlic cloves, chopped $ 1/2 teaspoon sugar $ 1/2 lb sugar snap peas, trimmed $ 1 red bell pepper, cut into 1/4-inch-thick strips $ 1/4 cup sesame seeds, toasted $ ",Salad $ Chicken $ Garlic $ Quick & Easy $ Lunch $ Lemon $ Bell Pepper $ Summer $ Sugar Snap Pea $ Gourmet $ Sugar Conscious $ Dairy Free $ Wheat/Gluten-Free $ Peanut Free $ Tree Nut Free $ Soy Free $ Kosher $ ,Middle Eastern $ ,3/4,19,Salad $ Chicken $ Garlic $ Quick & Easy $ Lunch $ Lemon $ Bell Pepper $ Summer $ Sugar Snap Pea $ Gourmet $ Sugar Conscious $ Dairy Free $ Wheat/Gluten-Free $ Peanut Free $ Tree Nut Free $ Soy Free $ Kosher $ Middle Eastern $ 
https://www.epicurious.com/recipes/food/views/baba-ghanouj-107051,Baba Ghanouj ,"2 1-pound eggplants, halved lengthwise $ 1/4 cup olive oil $ 1/4 cup tahini (sesame seed paste)* $ 3 tablespoons fresh lemon juice $ 1 garlic clove, chopped $ Pita bread wedges $ ",Condiment/Spread $ Food Processor $ Roast $ Buffet $ Lemon $ Eggplant $ Healthy $ Sesame $ Bon Appétit $ ,Middle Eastern $ ,3/4,70,Condiment/Spread $ Food Processor $ Roast $ Buffet $ Lemon $ Eggplant $ Healthy $ Sesame $ Bon Appétit $ Middle Eastern $ 
https://www.epicurious.com/recipes/food/views/seafood-stuffed-eggplant-1024,Seafood-Stuffed Eggplant ,"4 medium eggplants (about 1 pound each), split lengthwise $ 2 cups water $ 1 teaspoon salt $ 4 tablespoons vegetable oil $ 2 onions, chopped (about 2 cups) $ 1 pound uncooked large shrimp, peeled, deveined, coarsely chopped $ 1/4 teaspoon cayenne pepper $ 1 cup plus 2 tablespoons dry Italian-style breadcrumbs $ 1/2 pound crabmeat, drained well, picked over $ ",Shellfish $ Bake $ Broil $ Crab $ Shrimp $ Eggplant $ Fall $ Bon Appétit $ London $ England $ ,Middle Eastern $ ,3.5/4,20,Shellfish $ Bake $ Broil $ Crab $ Shrimp $ Eggplant $ Fall $ Bon Appétit $ London $ England $ Middle Eastern $ 
https://www.epicurious.com/recipes/food/views/lebanese-style-tuna-salad-with-tahini-dressing-10568,Lebanese-Style Tuna Salad with Tahini Dressing ,"2 tablespoons tahini (sesame seed paste, available at natural foods stores and some supermarkets) $ 3 tablespoons fresh lemon juice $ 1 large garlic clove, minced and mashed to a paste with 1/2 teaspoon salt $ 1/8 teaspoon cayenne, or to taste $ 1/3 cup olive oil $ four 6 1/2-ounce cans tuna packed in oil, drained and flaked $ 2 pounds onions, sliced thin $ 1/3 cup vegetable oil $ 1/3 cup pine nuts $ 1 cup chopped fresh flat-leafed parsley leaves plus parsley sprigs for garnish $ 6 to 8 pita loaves, quartered and opened into pockets $ ",Salad $ Blender $ Onion $ Lemon $ Pine Nut $ Tuna $ Sesame $ Parsley $ Gourmet $ ,Middle Eastern $ ,3.5/4,26,Salad $ Blender $ Onion $ Lemon $ Pine Nut $ Tuna $ Sesame $ Parsley $ Gourmet $ Middle Eastern $ 
https://www.epicurious.com/recipes/food/views/shortbread-rings-ghraybeh-102756,Shortbread Rings (Gh'raybeh) ,"2 cups all-purpose flour $ 1 cup confectioners sugar $ 1 stick unsalted butter, softened $ 1/2 cup vegetable shortening $ 1/2 teaspoon ground cardamom $ 1/2 teaspoon rose water, or to taste $ 1/2 teaspoon orange-flower water, or to taste $ 34 whole blanched almonds or shelled natural pistachios (1/4 cup) $ ",Cookies $ Dairy $ Nut $ Dessert $ Bake $ Ramadan $ Almond $ Pistachio $ Winter $ Gourmet $ Kidney Friendly $ Vegetarian $ Pescatarian $ Peanut Free $ Soy Free $ Kosher $ ,Middle Eastern $ ,3.5/4,10,Cookies $ Dairy $ Nut $ Dessert $ Bake $ Ramadan $ Almond $ Pistachio $ Winter $ Gourmet $ Kidney Friendly $ Vegetarian $ Pescatarian $ Peanut Free $ Soy Free $ Kosher $ Middle Eastern $ 
https://www.epicurious.com/recipes/food/views/persian-rice-with-golden-crust-100915,Persian Rice with Golden Crust ,2 quarts water $ 2 tablespoons salt $ 1 1/2 cups long-grain rice (not converted; preferably basmati or jasmine) $ 3 tablespoons unsalted butter $ ,Rice $ Side $ Vegetarian $ Dinner $ Winter $ Family Reunion $ Potluck $ Gourmet $ ,Middle Eastern $ ,3.5/4,27,Rice $ Side $ Vegetarian $ Dinner $ Winter $ Family Reunion $ Potluck $ Gourmet $ Middle Eastern $ 
https://www.epicurious.com/recipes/food/views/roast-chicken-with-cumin-paprika-and-allspice-103012,"Roast Chicken with Cumin, Paprika and Allspice ","1 6- to 6 1/2-pound roasting chicken $ 2 tablespoons olive oil $ 1 1/2 teaspoons ground cumin $ 1 teaspoon garlic powder $ 1 teaspoon onion powder $ 1 teaspoon ground allspice $ 1 teaspoon paprika $ 1/2 teaspoon salt $ 1/2 teaspoon ground black pepper $ 1 large lemon, halved $ ",Chicken $ Poultry $ Roast $ Low Carb $ Wheat/Gluten-Free $ Dinner $ Spice $ Winter $ Bon Appétit $ Atlanta $ Georgia $ Sugar Conscious $ Paleo $ Dairy Free $ Peanut Free $ Tree Nut Free $ Soy Free $ No Sugar Added $ Kosher $ ,Middle Eastern $ ,3.5/4,55,Chicken $ Poultry $ Roast $ Low Carb $ Wheat/Gluten-Free $ Dinner $ Spice $ Winter $ Bon Appétit $ Atlanta $ Georgia $ Sugar Conscious $ Paleo $ Dairy Free $ Peanut Free $ Tree Nut Free $ Soy Free $ No Sugar Added $ Kosher $ Middle Eastern $ 
https://www.epicurious.com/recipes/food/views/great-one-pot-vegetables-106698,Great One Pot Vegetables ,"6 medium-sized leeks (4 inches of green left on) $ 1 tablespoon white vinegar $ 3 quarts defatted chicken broth or vegetable broth $ 2 tablespoons olive oil $ 6 large fresh cilantro sprigs, rinsed, with roots and stems crushed $ 8 cloves of garlic, lightly bruised and peeled $ 3 cinnamon sticks (each 3 inches long) $ 2 teaspoons ground cumin $ 2 teaspoons curry powder $ 1/4 teaspoon crumbled saffron threads $ 1 teaspoon coarse salt $ 2 medium-sized zucchini, ends trimmed $ 6 medium-sized carrots, peeled, halved lengthwise and cut into 2-inch lengths $ 3 Idaho potatoes, peeled and cut into quarters $ 8 ounces small white turnips, peeled and quartered $ 3 small yellow onions, peeled and halved $ 3 ripe large tomatoes, cored and quartered $ 1 cup chickpeas, rinsed $ 1 cup pitted prunes, halved $ 1/2 cup golden raisins $ 4 tablespoons chopped cilantro or parsley $ 8 cups cooked couscous (2 2/3 cups dried), hot (optional) $ ",Garlic $ Onion $ Tomato $ Vegetable $ Side $ Vinegar $ Prune $ Raisin $ Curry $ Leek $ Chickpea $ Winter $ Couscous $ Parade $ ,American $ Middle Eastern $ ,3.5/4,2,Garlic $ Onion $ Tomato $ Vegetable $ Side $ Vinegar $ Prune $ Raisin $ Curry $ Leek $ Chickpea $ Winter $ Couscous $ Parade $ American $ Middle Eastern $ 
https://www.epicurious.com/recipes/food/views/tehina-102215,Tehina ,"1/2 cup sesame paste $ 1 cup water $ Juice of 2 lemons $ 4 garlic cloves, chopped $ 1 teaspoon ground cumin $ Salt, to taste $ ",Condiment/Spread $ Garlic $ Quick & Easy $ Healthy $ Sesame $ ,Middle Eastern $ ,3/4,2,Condiment/Spread $ Garlic $ Quick & Easy $ Healthy $ Sesame $ Middle Eastern $ 
https://www.epicurious.com/recipes/food/views/bulgur-and-lentil-salad-with-tarragon-and-walnuts-14437,Bulgur and Lentil Salad with Tarragon and Walnuts ,"1/3 cup finely chopped shallot $ 3 tablespoons tarragon wine-vinegar $ 1/2 cup brown or green lentils, preferably lentilles du Puy (French green lentils) $ 1 1/2 cups water $ 1 cup bulgur, preferably fine $ 1 teaspoon salt $ 1/2 cup finely chopped celery $ 1/2 cup finely shredded carrot $ 3 tablespoons finely chopped tarragon leaves $ 3 tablespoons olive oil, preferably extra-virgin $ 1/2 cup walnuts, toasted lightly and chopped fine $ ",Salad $ Side $ Vegetarian $ Walnut $ Lentil $ Summer $ Chill $ Tarragon $ Bulgur $ Simmer $ Gourmet $ Sugar Conscious $ Vegan $ Pescatarian $ Dairy Free $ Peanut Free $ Soy Free $ Kosher $ ,Middle Eastern $ ,3.5/4,30,Salad $ Side $ Vegetarian $ Walnut $ Lentil $ Summer $ Chill $ Tarragon $ Bulgur $ Simmer $ Gourmet $ Sugar Conscious $ Vegan $ Pescatarian $ Dairy Free $ Peanut Free $ Soy Free $ Kosher $ Middle Eastern $ 
https://www.epicurious.com/recipes/food/views/fricassee-of-beef-and-fava-beans-109386,Fricassée of Beef and Fava Beans ,"5 pounds fresh fava beans, shelled, or 5 cups frozen double-peeled fava beans (from two 16-ounce packages), thawed $ 2 tablespoons butter, divided $ 2 tablespoons olive oil, divided $ 1 1 1/2-pound piece beef tenderloin, cut in half lengthwise, then crosswise into 1/2-inch-thick slices $ 2 large onions, finely chopped $ 1/2 cup whipping cream $ 1/4 cup fresh lemon juice $ 2 large egg yolks $ 2 teaspoons salt $ 1 teaspoon ground black pepper $ 2 tablespoons chopped fresh mint $ ",Milk/Cream $ Bean $ Beef $ Egg $ Onion $ Sauté $ Lemon $ Mint $ Winter $ Bon Appétit $ ,Italian $ Middle Eastern $ ,2.5/4,13,Milk/Cream $ Bean $ Beef $ Egg $ Onion $ Sauté $ Lemon $ Mint $ Winter $ Bon Appétit $ Italian $ Middle Eastern $ 
https://www.epicurious.com/recipes/food/views/tomato-cucumber-and-pita-salad-106758,"Tomato, Cucumber, and Pita Salad ","1 cup Kalamata or other brine-cured black olives (5 oz), halved lengthwise and pitted $ 3/4 cup extra-virgin olive oil $ 2 teaspoons minced garlic $ 1 tablespoon chopped fresh oregano or 1 teaspoon dried, crumbled $ 2 (2- by 1/2-inch) strips fresh lemon zest, thinly sliced crosswise $ 1/2 teaspoon coarsely ground black pepper $ 1/4 teaspoon coarse salt $ 4 (6-inch) pita loaves with pockets, split horizontally $ 1/4 cup olive oil $ 2 tablespoons za'atar $ 3 tablespoons fresh lemon juice $ 4 hearts of romaine (1 1/2 lb), cut into 2-inch pieces $ 1 seedless cucumber (usually plastic-wrapped), peeled, halved lengthwise, cored, and thinly sliced crosswise $ 1 pt grape or cherry tomatoes, halved $ 3/4 lb feta, coarsely crumbled (2 1/2 cups) $ 3 tablespoons za'atar $ ",Salad $ Tomato $ Vegetable $ Bake $ Ramadan $ Summer $ Gourmet $ ,Middle Eastern $ ,3.5/4,10,Salad $ Tomato $ Vegetable $ Bake $ Ramadan $ Summer $ Gourmet $ Middle Eastern $ 
https://www.epicurious.com/recipes/food/views/whole-wheat-pita-bread-108122,Whole Wheat Pita Bread ,"1 (1/4-ounce) package active dry yeast (2 1/2 teaspoons) $ 1 teaspoon honey $ 1 1/4 cups warm water (105–115°F) $ 2 cups bread flour or high-gluten flour, plus additional for kneading $ 1 cup whole-wheat flour $ 1/4 cup extra-virgin olive oil $ 1 teaspoon salt $ Cornmeal for sprinkling baking sheets $ ",Bread $ Bake $ Ramadan $ Whole Wheat $ Gourmet $ ,Mediterranean $ Middle Eastern $ ,3.5/4,53,Bread $ Bake $ Ramadan $ Whole Wheat $ Gourmet $ Mediterranean $ Middle Eastern $ 
https://www.epicurious.com/recipes/food/views/lemon-tabouli-with-tender-romaine-108173,Lemon Tabouli with Tender Romaine ,1/2 cup fine grain #1 bulgur $ 1/4 cup fresh lemon juice $ 2 cups finely diced tomatoes $ 1/2 cup thinly sliced scallions $ 2 pinches of ground cinnamon $ Salt and freshly ground pepper $ 1/3 cup extra virgin olive oil $ 2 cups finely chopped flat-leaf parsley $ 2 tablespoons slivered fresh mint leaves $ Tender romaine leaves $ ,Leafy Green $ Side $ Low/No Sugar $ Lemon $ Mint $ Healthy $ Parsley $ Bulgur $ Lettuce $ Sugar Conscious $ Vegan $ Vegetarian $ Pescatarian $ Dairy Free $ Peanut Free $ Tree Nut Free $ Soy Free $ No Sugar Added $ Kosher $ ,Middle Eastern $ ,3.5/4,32,Leafy Green $ Side $ Low/No Sugar $ Lemon $ Mint $ Healthy $ Parsley $ Bulgur $ Lettuce $ Sugar Conscious $ Vegan $ Vegetarian $ Pescatarian $ Dairy Free $ Peanut Free $ Tree Nut Free $ Soy Free $ No Sugar Added $ Kosher $ Middle Eastern $ 
https://www.epicurious.com/recipes/food/views/lebanese-chicken-1204,Lebanese Chicken ,"3/4 cup fresh lemon juice $ 8 large garlic cloves, minced $ 2 tablespoons minced fresh thyme or 2 teaspoons dried $ 1 tablespoon paprika $ 1 1/2 teaspoons ground cumin $ 3/4 teaspoon cayenne pepper $ 2 3-pound chickens, split lengthwise, backbones removed and discarded $ Lemon wedges $ ",Chicken $ Bake $ Marinate $ Low Carb $ Low/No Sugar $ Lemon $ Spice $ Healthy $ Bon Appétit $ ,Middle Eastern $ ,3.5/4,45,Chicken $ Bake $ Marinate $ Low Carb $ Low/No Sugar $ Lemon $ Spice $ Healthy $ Bon Appétit $ Middle Eastern $ 
https://www.epicurious.com/recipes/food/views/israeli-yogurt-cheese-with-pita-and-olives-320,"Israeli Yogurt ""Cheese"" with Pita and Olives ",Cheesecloth $ 4 cups plain yogurt (do not use low-fat or nonfat) $ 1 teaspoon sesame seeds $ 1/2 teaspoon salt $ 1/4 teaspoon dried summer savory $ 1/8 teaspoon cayenne pepper $ 1/8 teaspoon ground cumin $ 2 tablespoons extra-virgin olive oil $ Toasted pita bread triangles $ Assorted olives $ ,Dairy $ Herb $ Appetizer $ No-Cook $ Vegetarian $ Yogurt $ Bon Appétit $ Pescatarian $ Peanut Free $ Tree Nut Free $ Soy Free $ No Sugar Added $ Kosher $ ,Mediterranean $ Middle Eastern $ Israeli $ ,4/4,7,Dairy $ Herb $ Appetizer $ No-Cook $ Vegetarian $ Yogurt $ Bon Appétit $ Pescatarian $ Peanut Free $ Tree Nut Free $ Soy Free $ No Sugar Added $ Kosher $ Mediterranean $ Middle Eastern $ Israeli $ 
https://www.epicurious.com/recipes/food/views/spicy-lemon-marinated-shrimp-102249,Spicy Lemon-Marinated Shrimp ,"8 large lemons $ 1/4 cup coriander seeds $ 1 1/2 cups white-wine vinegar $ 1/2 cup olive oil $ 1/2 cup water $ 1/2 cup sugar $ 1/4 cup dried Aleppo or New Mexican chile flakes or 1 tablespoon dried hot red pepper flakes $ 8 tablespoons coarse salt $ 1/4 cup pickling spices $ 10 pounds large (U 16/20) shrimp, shelled and deveined $ ",Citrus $ Shellfish $ Appetizer $ Marinate $ Cocktail Party $ Wedding $ Lemon $ Shrimp $ Spice $ Engagement Party $ Coriander $ Boil $ Gourmet $ Sugar Conscious $ Pescatarian $ Dairy Free $ Wheat/Gluten-Free $ Peanut Free $ Tree Nut Free $ Soy Free $ ,Middle Eastern $ ,3.5/4,20,Citrus $ Shellfish $ Appetizer $ Marinate $ Cocktail Party $ Wedding $ Lemon $ Shrimp $ Spice $ Engagement Party $ Coriander $ Boil $ Gourmet $ Sugar Conscious $ Pescatarian $ Dairy Free $ Wheat/Gluten-Free $ Peanut Free $ Tree Nut Free $ Soy Free $ Middle Eastern $ 
https://www.epicurious.com/recipes/food/views/babaghanou-102214,Babaghanou ,"2 large eggplants $ Juice of 1 lemon $ 1 tablespoon ground cumin $ 1 garlic clove, chopped $ 1 1/2 tablespoons olive oil $ Salt and pepper, to taste $ 1 tablespoon finely chopped parsley $ 1 cup tehina , if desired $ ",Condiment/Spread $ Vegetable $ Eggplant $ Fall $ Healthy $ ,Middle Eastern $ ,2.5/4,4,Condiment/Spread $ Vegetable $ Eggplant $ Fall $ Healthy $ Middle Eastern $ 
https://www.epicurious.com/recipes/food/views/tamiyya-102228,Ta'miyya ,"1 pound peeled, split, dried fava beans $ 1 garlic clove, chopped $ 3/4 cup parsley, chopped $ 1/2 bunch scallions (green tops only), chopped $ 1/2 teaspoon ground cumin $ 1/2 teaspoon baking powder $ 1/2 teaspoon salt $ 1 tablespoon cilantro, chopped $ Toasted sesame seeds $ Vegetable oil $ ",Condiment/Spread $ Bean $ Appetizer $ Broil $ Fry $ Vegetarian $ Low/No Sugar $ Legume $ Fall $ Healthy $ Kidney Friendly $ Vegan $ Pescatarian $ Dairy Free $ Wheat/Gluten-Free $ Peanut Free $ Tree Nut Free $ Soy Free $ No Sugar Added $ Kosher $ ,Middle Eastern $ ,3/4,10,Condiment/Spread $ Bean $ Appetizer $ Broil $ Fry $ Vegetarian $ Low/No Sugar $ Legume $ Fall $ Healthy $ Kidney Friendly $ Vegan $ Pescatarian $ Dairy Free $ Wheat/Gluten-Free $ Peanut Free $ Tree Nut Free $ Soy Free $ No Sugar Added $ Kosher $ Middle Eastern $ 
https://www.epicurious.com/recipes/food/views/bulgur-parsley-and-mint-salad-15222,"Bulgur, Parsley, and Mint Salad ",1 1/4 cups fine or medium bulgur $ 1 1/4 cups water $ 1 red onion $ 1 1/4 teaspoons salt $ 1/4 teaspoon ground allspice $ 1/4 teaspoon cinnamon $ 5 cups packed fresh flat-leafed parsley leaves (about 3 large bunches) $ 1 1/2 cups packed fresh mint leaves (about 1 large bunch) $ 1 bunch scallions $ 1/2 small English cucumber $ 1/2 pound vine-ripened tomatoes $ 1/3 cup fresh lemon juice $ 1/3 cup olive oil $ ,Salad $ Herb $ Tomato $ Appetizer $ Side $ No-Cook $ Picnic $ Low Cal $ Dinner $ Lunch $ Buffet $ Mint $ Cucumber $ Summer $ Chill $ Parsley $ Bulgur $ Gourmet $ Sugar Conscious $ Vegan $ Vegetarian $ Pescatarian $ Dairy Free $ Peanut Free $ Tree Nut Free $ Soy Free $ No Sugar Added $ Kosher $ ,Middle Eastern $ ,3.5/4,1,Salad $ Herb $ Tomato $ Appetizer $ Side $ No-Cook $ Picnic $ Low Cal $ Dinner $ Lunch $ Buffet $ Mint $ Cucumber $ Summer $ Chill $ Parsley $ Bulgur $ Gourmet $ Sugar Conscious $ Vegan $ Vegetarian $ Pescatarian $ Dairy Free $ Peanut Free $ Tree Nut Free $ Soy Free $ No Sugar Added $ Kosher $ Middle Eastern $ 
https://www.epicurious.com/recipes/food/views/walnut-chicken-with-pomegranate-sauce-963,Walnut Chicken with Pomegranate Sauce ,"3/4 cup chopped walnuts $ 1/2 cup all purpose flour $ 4 skinless boneless chicken breast halves $ 1 egg, beaten to blend $ 2 tablespoons (1/4 stick) butter $ 1 tablespoon vegetable oil $ 1/4 cup dry white wine $ 2 tablespoons chopped shallots $ 1/2 cup canned low-salt chicken broth $ 1/2 cup pure pomegranate juice $ 1 1/2 teaspoons pomegranate molasses $ 1 teaspoon honey $ 2 tablespoons chopped chives or green onion $ ",Chicken $ Nut $ Sauté $ Walnut $ Winter $ Pomegranate $ Bon Appétit $ ,Middle Eastern $ ,3.5/4,23,Chicken $ Nut $ Sauté $ Walnut $ Winter $ Pomegranate $ Bon Appétit $ Middle Eastern $ 
https://www.epicurious.com/recipes/food/views/couscous-vegetable-salad-331,Couscous Vegetable Salad ,1/2 cup couscous (3 ounces) $ 3/4 cup boiling water $ 1/2 cup 1/4-inch pieces zucchini $ 1/2 cup 1/4-inch pieces red bell pepper $ 1/4 cup finely chopped red onion $ 3/4 teaspoon ground cumin $ 1/4 cup purchased olive oil vinaigrette $ ,Salad $ Vegetable $ Side $ Vegetarian $ Quick & Easy $ Lunch $ Bell Pepper $ Zucchini $ Summer $ Healthy $ Vegan $ Couscous $ Bon Appétit $ Sugar Conscious $ Kidney Friendly $ Pescatarian $ Dairy Free $ Peanut Free $ Tree Nut Free $ Soy Free $ No Sugar Added $ Kosher $ ,Mediterranean $ Middle Eastern $ ,3.5/4,8,Salad $ Vegetable $ Side $ Vegetarian $ Quick & Easy $ Lunch $ Bell Pepper $ Zucchini $ Summer $ Healthy $ Vegan $ Couscous $ Bon Appétit $ Sugar Conscious $ Kidney Friendly $ Pescatarian $ Dairy Free $ Peanut Free $ Tree Nut Free $ Soy Free $ No Sugar Added $ Kosher $ Mediterranean $ Middle Eastern $ 
https://www.epicurious.com/recipes/food/views/grape-leaves-stuffed-with-rice-and-raisins-100407,Grape Leaves Stuffed with Rice and Raisins ,"2 tablespoons vegetable oil $ 1 1/2 cups chopped onions (about 2 medium) $ 1/3 cup raisins $ 2 teaspoons freshly ground coffee $ 2 teaspoons dried oregano $ 1 1/2 teaspoons freshly ground black pepper $ 1 1/2 teaspoons ground cumin $ 1 cup long-grain white rice $ 2 cups water $ 18 (about) grape leaves from jar,* rinsed, drained, tough stems trimmed $ Plain yogurt $ Lemon wedges $ *Available at Greek, Middle Eastern and most Italian markets. $ ",Leafy Green $ Onion $ Rice $ Appetizer $ Raisin $ Bon Appétit $ Idaho $ ,Greek $ Middle Eastern $ ,2/4,8,Leafy Green $ Onion $ Rice $ Appetizer $ Raisin $ Bon Appétit $ Idaho $ Greek $ Middle Eastern $ 
https://www.epicurious.com/recipes/food/views/spaghetti-squash-with-moroccan-spices-106168,Spaghetti Squash with Moroccan Spices ,"1 (3 1/2- to 4-pound) spaghetti squash $ 1/2 stick (4 tablespoons) unsalted butter, cut into pieces $ 2 garlic cloves, minced $ 1 teaspoon ground cumin $ 1/2 teaspoon ground coriander $ 1/8 teaspoon cayenne $ 3/4 teaspoon salt $ 2 tablespoons chopped fresh cilantro $ ",Vegetable $ Side $ Thanksgiving $ Vegetarian $ Quick & Easy $ Squash $ Fall $ Winter $ Healthy $ Gourmet $ Pescatarian $ Wheat/Gluten-Free $ Peanut Free $ Tree Nut Free $ Soy Free $ No Sugar Added $ Kosher $ ,Middle Eastern $ Moroccan $ ,3.5/4,124,Vegetable $ Side $ Thanksgiving $ Vegetarian $ Quick & Easy $ Squash $ Fall $ Winter $ Healthy $ Gourmet $ Pescatarian $ Wheat/Gluten-Free $ Peanut Free $ Tree Nut Free $ Soy Free $ No Sugar Added $ Kosher $ Middle Eastern $ Moroccan $ 
https://www.epicurious.com/recipes/food/views/smoky-chipotle-hummus-with-garlic-bagel-chips-105661,Smoky Chipotle Hummus with Garlic Bagel Chips ,"2 15-ounce cans garbanzo beans (chickpeas), drained $ 1/2 cup water $ 1/4 cup plus 2 tablespoons tahini (sesame seed paste)* $ 3 tablespoons plus 2 teaspoons fresh lemon juice $ 2 tablespoons olive oil $ 2 1/2 teaspoons minced canned chipotle chilies** $ 1 large garlic clove, minced $ 1 1/2 teaspoons ground cumin $ 1 4-ounce jar sliced pimientos in oil, drained $ 1/3 cup chopped fresh cilantro $ 2 6-ounce packages roasted-garlic bagel chips $ ",Condiment/Spread $ Pepper $ Appetizer $ No-Cook $ Cocktail Party $ Vegetarian $ Chickpea $ Cilantro $ Bon Appétit $ Sugar Conscious $ Kidney Friendly $ Vegan $ Pescatarian $ Dairy Free $ Peanut Free $ Tree Nut Free $ Soy Free $ Kosher $ ,Middle Eastern $ ,3.5/4,78,Condiment/Spread $ Pepper $ Appetizer $ No-Cook $ Cocktail Party $ Vegetarian $ Chickpea $ Cilantro $ Bon Appétit $ Sugar Conscious $ Kidney Friendly $ Vegan $ Pescatarian $ Dairy Free $ Peanut Free $ Tree Nut Free $ Soy Free $ Kosher $ Middle Eastern $ 
https://www.epicurious.com/recipes/food/views/lamb-and-rice-pilaf-with-dried-apricots-and-pine-nuts-104951,Lamb and Rice Pilaf with Dried Apricots and Pine Nuts ,"1 2 1/3-pound bone-in lamb leg sirloin, fat and sinew trimmed $ 3 teaspoons olive oil $ 1 large carrot, peeled, quartered lengthwise $ 1 small onion, halved $ 8 cups water $ 1 tomato, quartered $ 1 bay leaf $ 1/2 cup chopped onion $ 1 1/2 cups arborio rice or medium-grain white rice $ 1/4 cup chopped dried apricots $ 1 garlic clove, minced $ 1/4 cup chopped tomato $ 2 tablespoons chopped fresh cilantro $ 1 tablespoon pine nuts, toasted $ ",Lamb $ Rice $ Tomato $ Dried Fruit $ Apricot $ Pine Nut $ Fall $ Simmer $ Bon Appétit $ ,Mediterranean $ Middle Eastern $ ,2/4,7,Lamb $ Rice $ Tomato $ Dried Fruit $ Apricot $ Pine Nut $ Fall $ Simmer $ Bon Appétit $ Mediterranean $ Middle Eastern $ 
https://www.epicurious.com/recipes/food/views/morrocan-tangerine-and-olive-salad-105972,Morrocan Tangerine and Olive Salad ,"4 large tangerines $ 1/2 cup halved pitted Kalamata olives or other brine-cured black olives $ 1/4 cup extra-virgin olive oil $ 1 tablespoon white wine vinegar $ 1/2 teaspoon ground cumin $ 1/4 teaspoon paprika $ 1/8 teaspoon cayenne pepper $ 1 head of butter lettuce, torn into 1 1/2-inch pieces $ 1 1/2 teaspoons chopped fresh parsley $ ",Salad $ Citrus $ Olive $ Winter $ Tangerine $ Bon Appétit $ ,Middle Eastern $ Moroccan $ ,3/4,8,Salad $ Citrus $ Olive $ Winter $ Tangerine $ Bon Appétit $ Middle Eastern $ Moroccan $ 
https://www.epicurious.com/recipes/food/views/bulgur-pilaf-with-dates-dried-apricots-and-toasted-walnuts-107499,"Bulgur Pilaf with Dates, Dried Apricots, and Toasted Walnuts ","2 tablespoons olive oil $ 1 cup chopped onion $ 2 garlic cloves, minced $ 2 cups coarse or medium bulgur* $ 1/2 cup chopped pitted dates $ 1/2 cup chopped dried apricots $ 1 cinnamon stick, broken in half $ 2 teaspoons curry powder $ 2 14-ounce cans low-salt chicken broth $ 1/2 cup chopped green onions $ 1/2 cup coarsely chopped walnuts, toasted (about 2 ounces) $ ",Fruit $ Nut $ Side $ Sauté $ Low Fat $ Low/No Sugar $ Date $ Apricot $ Walnut $ Winter $ Healthy $ Cinnamon $ Bulgur $ Bon Appétit $ ,Middle Eastern $ ,2/4,4,Fruit $ Nut $ Side $ Sauté $ Low Fat $ Low/No Sugar $ Date $ Apricot $ Walnut $ Winter $ Healthy $ Cinnamon $ Bulgur $ Bon Appétit $ Middle Eastern $ 
https://www.epicurious.com/recipes/food/views/tahini-dressing-105429,Tahini Dressing ,"1/3 cup well-stirred tahini (Middle Eastern sesame paste) $ 1/3 cup water $ 1/4 cup plus 1 tablespoon fresh lemon juice $ 2 garlic cloves, chopped $ 3/4 teaspoon salt $ 1/4 teaspoon sugar (optional) $ ",No-Cook $ Salad Dressing $ Lemon $ Sesame $ Gourmet $ ,Middle Eastern $ ,3/4,17,No-Cook $ Salad Dressing $ Lemon $ Sesame $ Gourmet $ Middle Eastern $ 
https://www.epicurious.com/recipes/food/views/couscous-with-lamb-stew-105503,Couscous with Lamb Stew ,"2 lb boneless lamb shoulder, trimmed and cut into 1 1/2-inch cubes $ 1/4 cup olive oil $ 3 large onions, thinly sliced $ 8 large tomatoes (4 1/2 lb), peeled, quartered, and seeded $ 4 cups canned tomato juice $ 1 teaspoon salt $ 1 teaspoon black pepper $ 1 fresh habanero or cayenne chile, finely chopped, including seeds $ 1 teaspoon dried thyme $ 1 teaspoon dried oregano $ 1/2 teaspoon dried rosemary $ 1 bay leaf (not California) $ Pinch of saffron threads $ 4 carrots, sliced 1/2 inch thick $ 4 turnips, peeled and cut into 1/2-inch-wide wedges $ 3 red or green bell peppers, cut into 1/2-inch pieces $ 1 lb pumpkin or butternut squash, peeled, seeded, and cut into 1/2-inch cubes $ 1 1/2 lb zucchini, halved lengthwise and sliced crosswise 1 1/2 inches thick $ 1 (19-oz) can chickpeas (about 2 cups), rinsed, drained, and skins slipped off $ 2 tablespoons tomato paste $ 1/2 teaspoon paprika $ 1 tablespoon crushed dried rose petals (pesticide-free; optional)* $ 1/2 teaspoon cayenne, or to taste $ 4 cups water $ 2 tablespoons unsalted butter $ 1 teaspoon salt $ 2 (10-oz) boxes quick-cooking couscous (3 1/2 cups) $ ",Soup/Stew $ Lamb $ Onion $ Tomato $ Stew $ Chickpea $ Bell Pepper $ Carrot $ Turnip $ Pumpkin $ Zucchini $ Winter $ Couscous $ Gourmet $ ,Middle Eastern $ ,3/4,20,Soup/Stew $ Lamb $ Onion $ Tomato $ Stew $ Chickpea $ Bell Pepper $ Carrot $ Turnip $ Pumpkin $ Zucchini $ Winter $ Couscous $ Gourmet $ Middle Eastern $ 
https://www.epicurious.com/recipes/food/views/lamb-tagine-with-prunes-apricots-and-vegetables-103829,"Lamb Tagine with Prunes, Apricots, and Vegetables ","2 lb (1-inch-thick) lamb shoulder chops $ 1 tablespoon vegetable oil $ 1 large onion, chopped $ 1 1/2 cups water $ 1 pinch saffron threads, crumbled $ 3/4 teaspoon salt $ 1/4 teaspoon black pepper $ 1 1/2 large carrots, cut into 1/4-inch-thick rounds $ 1 small sweet potato, peeled and cut into 3/4-inch pieces $ 3/4 teaspoon ground ginger $ 1/8 teaspoon cinnamon $ 2/3 cup pitted prunes $ 1/2 cup dried apricots (preferably Turkish) $ 1 medium yellow squash, cut into 3/4-inch pieces $ 2 teaspoons honey (optional) $ Freshly grated nutmeg $ ",Ginger $ Lamb $ Braise $ High Fiber $ Dinner $ Dried Fruit $ Prune $ Apricot $ Lamb Chop $ Spice $ Saffron $ Root Vegetable $ Carrot $ Sweet Potato/Yam $ Fall $ Winter $ Cinnamon $ Gourmet $ Dairy Free $ Wheat/Gluten-Free $ Peanut Free $ Tree Nut Free $ Soy Free $ Kosher $ Diabetes-Friendly $ ,Middle Eastern $ Moroccan $ ,3.5/4,28,Ginger $ Lamb $ Braise $ High Fiber $ Dinner $ Dried Fruit $ Prune $ Apricot $ Lamb Chop $ Spice $ Saffron $ Root Vegetable $ Carrot $ Sweet Potato/Yam $ Fall $ Winter $ Cinnamon $ Gourmet $ Dairy Free $ Wheat/Gluten-Free $ Peanut Free $ Tree Nut Free $ Soy Free $ Kosher $ Diabetes-Friendly $ Middle Eastern $ Moroccan $ 
https://www.epicurious.com/recipes/food/views/joan-nathans-cooked-tomato-and-pepper-salad-106724,Joan Nathan's Cooked Tomato and Pepper Salad ,"2 red bell peppers $ 2 yellow bell peppers $ 1/4 cup plus 1 tablespoon extra-virgin olive oil $ 3 pounds ripe tomatoes (about 6), peeled, seeded and dicedv $ 4 large cloves of garlic, finely minced $ 1 teaspoon sugar $ 2 teaspoons sweet paprika $ 2 teaspoons salt, or to taste $ Freshly ground black pepper, to taste $ ",Salad $ Garlic $ Tomato $ Sauté $ Quick & Easy $ Bell Pepper $ Summer $ Parade $ ,Middle Eastern $ ,3.5/4,3,Salad $ Garlic $ Tomato $ Sauté $ Quick & Easy $ Bell Pepper $ Summer $ Parade $ Middle Eastern $ 
https://www.epicurious.com/recipes/food/views/-overnight-tabbouleh-106968,"""Overnight"" Tabbouleh ","2 1/2 cups bulgur (about 1 pound) $ 1/3 cup chopped green onions $ 3 1/2 cups (packed) fresh parsley leaves $ 2 large carrots, peeled, cut into 1-inch pieces (about 2 cups) $ 1 large red bell pepper, cut into 1-inch pieces (about 1 cup) $ 2 cups tomato juice $ 1 1/2 cups water $ 1/2 cup extra-virgin olive oil $ 1/2 cup fresh lemon juice $ 1 teaspoon salt $ 1/2 teaspoon ground black pepper $ 3 tablespoons chopped fresh thyme $ ",Food Processor $ Pepper $ Tomato $ Side $ No-Cook $ Bell Pepper $ Carrot $ Summer $ Healthy $ Parsley $ Bulgur $ Bon Appétit $ Vegan $ Vegetarian $ Pescatarian $ Dairy Free $ Peanut Free $ Tree Nut Free $ Soy Free $ No Sugar Added $ Kosher $ ,Middle Eastern $ ,2.5/4,4,Food Processor $ Pepper $ Tomato $ Side $ No-Cook $ Bell Pepper $ Carrot $ Summer $ Healthy $ Parsley $ Bulgur $ Bon Appétit $ Vegan $ Vegetarian $ Pescatarian $ Dairy Free $ Peanut Free $ Tree Nut Free $ Soy Free $ No Sugar Added $ Kosher $ Middle Eastern $ 
https://www.epicurious.com/recipes/food/views/pistachio-rosewater-turkish-delight-14057,Pistachio Rosewater Turkish Delight ,1/2 cup shelled natural pistachios $ four 1/4-ounce envelopes unflavored gelatin (about 3 tablespoons) $ 2 3/4 cups cold water $ 1 cup cornstarch $ 3 cups granulated sugar $ 5 teaspoons rosewater $ 1 drop red food coloring if desired $ 1/3 cup confectioners' sugar plus additional if necessary $ ,Dessert $ Low Sodium $ Ramadan $ Pistachio $ Chill $ Gourmet $ Kidney Friendly $ Dairy Free $ Wheat/Gluten-Free $ Peanut Free $ Soy Free $ ,Middle Eastern $ ,2/4,14,Dessert $ Low Sodium $ Ramadan $ Pistachio $ Chill $ Gourmet $ Kidney Friendly $ Dairy Free $ Wheat/Gluten-Free $ Peanut Free $ Soy Free $ Middle Eastern $ 
https://www.epicurious.com/recipes/food/views/roasted-eggplant-and-pepper-salad-with-pita-bread-and-sesame-spread-1080,Roasted Eggplant and Pepper Salad with Pita Bread and Sesame Spread ,"Nonstick vegetable oil spray $ 2 eggplants (about 2 1/2 pounds total), cut into 3 x 3/4 x 3/4-inch strips $ 2 large green bell peppers, cut into 1/2-inch wide strips $ 2 large red bell peppers, cut into 1/2-inch wide strips $ 8 large garlic cloves (unpeeled) $ 1/2 cup olive oil $ 3/4 cup red wine vinegar $ 1 tablespoon ground cumin $ 1 1/2 teaspoons salt $ 1 1/2 teaspoons pepper $ 3/8 teaspoon cayenne pepper $ 8 warm pita bread rounds, cut into wedges $ 1 cup (2 sticks) unsalted margarine, room temperature $ 2/3 cup toasted sesame seeds $ 1 teaspoon salt $ ",Salad $ Food Processor $ Vegetable $ Side $ Bake $ Hanukkah $ Vegetarian $ Lunch $ Eggplant $ Bell Pepper $ Healthy $ Vegan $ Sesame $ Bon Appétit $ Pescatarian $ Peanut Free $ Tree Nut Free $ Soy Free $ No Sugar Added $ Kosher $ ,Mediterranean $ Middle Eastern $ Israeli $ Sephardic $ ,2.5/4,7,Salad $ Food Processor $ Vegetable $ Side $ Bake $ Hanukkah $ Vegetarian $ Lunch $ Eggplant $ Bell Pepper $ Healthy $ Vegan $ Sesame $ Bon Appétit $ Pescatarian $ Peanut Free $ Tree Nut Free $ Soy Free $ No Sugar Added $ Kosher $ Mediterranean $ Middle Eastern $ Israeli $ Sephardic $ 
https://www.epicurious.com/recipes/food/views/vegetable-stew-with-couscous-10097,Vegetable Stew with Couscous ,"1 tablespoon olive oil $ 1 small butternut squash (about 1 1/2 pounds), peeled, seeded, and cut into 2-inch cubes $ 1 medium onion, cut into 6 wedges $ 1 cup water $ 2/3 cup couscous $ 2 teaspoons minced fresh parsley leaves $ 1/2 pound mushrooms, halved $ 1 cup low-salt chicken broth or vegetable broth $ 1/4 cup apple cider or juice $ 2 teaspoons all-purpose flour $ 1/4 cup raisins $ 1/4 pound mustard greens or Swiss chard, stems and center ribs discarded and greens washed, spun dry, and coarsely chopped (about 2 cups) $ ",Soup/Stew $ Vegetable $ Stew $ Vegetarian $ Raisin $ Butternut Squash $ Winter $ Healthy $ Vegan $ Chard $ Mustard Greens $ Couscous $ Gourmet $ ,Middle Eastern $ ,3/4,9,Soup/Stew $ Vegetable $ Stew $ Vegetarian $ Raisin $ Butternut Squash $ Winter $ Healthy $ Vegan $ Chard $ Mustard Greens $ Couscous $ Gourmet $ Middle Eastern $ 
https://www.epicurious.com/recipes/food/views/couscous-with-cuminseed-and-scallion-10254,Couscous with Cuminseed and Scallion ,1 tablespoon olive oil $ 1/4 teaspoon cuminseed $ 1/4 teaspoon salt $ 1/2 cup couscous $ 1/3 cup thinly sliced scallion $ 3 tablespoons minced fresh parsley leaves $ ,Herb $ Side $ Vegetarian $ Vegan $ Couscous $ Gourmet $ Sugar Conscious $ Kidney Friendly $ Pescatarian $ Dairy Free $ Peanut Free $ Tree Nut Free $ Soy Free $ No Sugar Added $ Kosher $ ,Middle Eastern $ Moroccan $ ,3/4,2,Herb $ Side $ Vegetarian $ Vegan $ Couscous $ Gourmet $ Sugar Conscious $ Kidney Friendly $ Pescatarian $ Dairy Free $ Peanut Free $ Tree Nut Free $ Soy Free $ No Sugar Added $ Kosher $ Middle Eastern $ Moroccan $ 
https://www.epicurious.com/recipes/food/views/lentil-garbanzo-bean-and-tomato-salad-1110,"Lentil, Garbanzo Bean and Tomato Salad ","2 1/2 cups water $ 1 cup lentils $ 2 large carrots, peeled, diced $ 1 bay leaf $ 1 15- to 16-ounce can garbanzo beans (chick-peas), rinsed, drained $ 1/2 basket cherry tomatoes, halved $ 1 cup chopped fresh parsley $ 5 green onions, chopped $ 4 1/2 tablespoons olive oil $ 2 tablespoons plus 1 teaspoon fresh lemon juice $ ",Salad $ Tomato $ Side $ Vegetarian $ Quick & Easy $ High Fiber $ Lunch $ Chickpea $ Lentil $ Carrot $ Healthy $ Vegan $ Party $ Bon Appétit $ ,Middle Eastern $ ,3/4,8,Salad $ Tomato $ Side $ Vegetarian $ Quick & Easy $ High Fiber $ Lunch $ Chickpea $ Lentil $ Carrot $ Healthy $ Vegan $ Party $ Bon Appétit $ Middle Eastern $ 
https://www.epicurious.com/recipes/food/views/spiced-lamb-in-pita-104033,Spiced Lamb in Pita ,10 ounces ground lamb $ 1/2 cup chopped onion $ 3 tablespoons chopped fresh mint $ 1 teaspoon dried oregano $ 1/2 teaspoon ground cumin $ 1/2 teaspoon salt $ 1/2 teaspoon ground black pepper $ 1/4 teaspoon ground cinnamon $ 2 warm large pita breads $ ,Sandwich $ Lamb $ Sauté $ Quick & Easy $ Lunch $ Spice $ Bon Appétit $ Sugar Conscious $ Dairy Free $ Peanut Free $ Tree Nut Free $ Soy Free $ No Sugar Added $ Kosher $ ,Mediterranean $ Middle Eastern $ ,3.5/4,15,Sandwich $ Lamb $ Sauté $ Quick & Easy $ Lunch $ Spice $ Bon Appétit $ Sugar Conscious $ Dairy Free $ Peanut Free $ Tree Nut Free $ Soy Free $ No Sugar Added $ Kosher $ Mediterranean $ Middle Eastern $ 
https://www.epicurious.com/recipes/food/views/hummus-and-vegetable-lahvash-sandwiches-12495,Hummus and Vegetable Lahvash Sandwiches ,"a 16-to 18-inch round very thin pliable lahvash (mountain shepherd bread)* $ 1/2 cup sliced seedless cucumber $ 1 large carrot, cut into ribbonlike strands with a vegetable peeler (about 1 cup) $ 1 small sweet onion, sliced thin $ 1/2 cup finely shredded radish (about 6) $ 1/2 cup alfalfa sprouts plus additional for garnish $ 1 1/2 tablespoons sesame seeds, toasted $ about 2 cups hummus $ 2 garlic cloves, minced and mashed to a paste with 1/2 teaspoon salt $ a 16- to 19-ounce can chick-peas, rinsed and drained $ 1/3 cup well-stirred tahini (sesame seed paste)* $ 2 tablespoons fresh lemon juice $ 2 tablespoons olive oil $ 1 teaspoon ground cumin $ 3 tablespoons water $ 3 tablespoons minced fresh parsley leaves $ *available at specialty foods shops, natural foods stores, and some supermarkets. $ ",Sandwich $ Vegetable $ No-Cook $ Picnic $ Vegetarian $ Quick & Easy $ Chickpea $ Summer $ Healthy $ Sesame $ Gourmet $ ,Middle Eastern $ ,3.5/4,41,Sandwich $ Vegetable $ No-Cook $ Picnic $ Vegetarian $ Quick & Easy $ Chickpea $ Summer $ Healthy $ Sesame $ Gourmet $ Middle Eastern $ 
https://www.epicurious.com/recipes/food/views/curried-couscous-and-garbanzo-bean-salad-109574,Curried Couscous and Garbanzo Bean Salad ,"2 tablespoons curry powder $ 2 1/4 cups water $ 1/2 teaspoon salt $ 6 cups small pieces fresh vegetables (such as 2 cups each broccoli florets, cauliflower florets, and thinly sliced carrots) $ 1 10-ounce box couscous $ 1 15-ounce can garbanzo beans (chickpeas), drained $ 1/2 cup olive oil $ 5 tablespoons white wine vinegar $ 1 1/2 tablespoons grated peeled fresh ginger $ 1 1/4 cups crumbled feta cheese (about 7 ounces) $ 1 cup thinly sliced green onions $ ",Salad $ Bean $ Ginger $ Onion $ Side $ Vegetarian $ Quick & Easy $ Feta $ Curry $ Summer $ Couscous $ Bon Appétit $ Pescatarian $ Peanut Free $ Tree Nut Free $ Soy Free $ No Sugar Added $ Kosher $ ,Indian $ Middle Eastern $ ,3/4,33,Salad $ Bean $ Ginger $ Onion $ Side $ Vegetarian $ Quick & Easy $ Feta $ Curry $ Summer $ Couscous $ Bon Appétit $ Pescatarian $ Peanut Free $ Tree Nut Free $ Soy Free $ No Sugar Added $ Kosher $ Indian $ Middle Eastern $ 
https://www.epicurious.com/recipes/food/views/muhammara-10982,Muhammara ,"a 7-ounce jar roasted red peppers, drained $ 2/3 cup fine fresh bread crumbs $ 1/3 cup walnuts, toasted lightly and chopped fine $ 2 to 4 garlic cloves, minced and mashed to a paste with 1/2 teaspoon salt $ 1/2 teaspoon salt $ 1 tablespoon fresh lemon juice, or to taste $ 2 teaspoons pomegranate molasses* $ 1 teaspoon ground cumin $ 1/2 teaspoon dried hot red pepper flakes $ 3/4 cup extra-virgin olive oil $ toasted pita triangles as an accompaniment $ *available at Middle Eastern markets $ ",Food Processor $ Garlic $ Pepper $ No-Cook $ Quick & Easy $ Walnut $ Molasses $ Gourmet $ ,Middle Eastern $ ,3.5/4,86,Food Processor $ Garlic $ Pepper $ No-Cook $ Quick & Easy $ Walnut $ Molasses $ Gourmet $ Middle Eastern $ 
https://www.epicurious.com/recipes/food/views/middle-eastern-tabbouleh-and-lamb-salad-1979,Middle Eastern Tabbouleh and Lamb Salad ,"3 cups (one 1-pound box) bulgur $ 6 cups boiling water $ 2 15-to 16-ounce cans garbanzo beans (chick-peas), drained, rinsed $ 6 large tomatoes, seeded, chopped $ 3 cups chopped fresh parsley $ 3 bunches green onions, chopped $ 1 1/2 cups fresh lemon juice $ 3/4 cup chopped fresh mint $ 3/4 cup olive oil $ 3 pounds round bone shoulder lamb chops $ Olive oil $ Fresh lemon juice $ 2 large heads romaine lettuce, leaves separated, hearts left intact $ ",Salad $ Herb $ Lamb $ Tomato $ Broil $ Low/No Sugar $ Buffet $ Lemon $ Mint $ Chickpea $ Potluck $ Couscous $ Bon Appétit $ ,Middle Eastern $ ,2/4,3,Salad $ Herb $ Lamb $ Tomato $ Broil $ Low/No Sugar $ Buffet $ Lemon $ Mint $ Chickpea $ Potluck $ Couscous $ Bon Appétit $ Middle Eastern $ 
https://www.epicurious.com/recipes/food/views/mint-turkish-delight-14068,Mint Turkish Delight ,"four 1/4-ounce envelopes unflavored gelatin (about 3 tablespoons) $ 2 1/2 cups cold water $ 1 cup cornstarch $ 3 cups granulated sugar $ 2 cups packed fresh mint leaves, washed, dried, and chopped coarse $ 1 drop green food coloring if desired $ 1/3 cup confectioners' sugar plus additional if necessary $ ",Dessert $ Freeze/Chill $ Low Sodium $ Ramadan $ Mint $ Gourmet $ Fat Free $ Kidney Friendly $ Dairy Free $ Wheat/Gluten-Free $ Peanut Free $ Tree Nut Free $ Soy Free $ ,Middle Eastern $ ,1.5/4,3,Dessert $ Freeze/Chill $ Low Sodium $ Ramadan $ Mint $ Gourmet $ Fat Free $ Kidney Friendly $ Dairy Free $ Wheat/Gluten-Free $ Peanut Free $ Tree Nut Free $ Soy Free $ Middle Eastern $ 
https://www.epicurious.com/recipes/food/views/hummus-with-yogurt-and-lemon-4810,Hummus with Yogurt and Lemon ,"2 large garlic cloves $ 1 15-ounce can garbanzo beans (chickpeas), drained $ 2 tablespoons plain nonfat yogurt $ 2 tablespoons tahini (sesame seed paste) $ 2 tablespoons fresh lemon juice $ 1 teaspoon ground cumin $ ",Food Processor $ Bean $ Citrus $ Dairy $ Garlic $ Appetizer $ Cocktail Party $ Picnic $ Quick & Easy $ Yogurt $ Lemon $ Chickpea $ Poker/Game Night $ Shower $ Party $ Bon Appétit $ Vegetarian $ Pescatarian $ Wheat/Gluten-Free $ Peanut Free $ Tree Nut Free $ Soy Free $ No Sugar Added $ Kosher $ ,Middle Eastern $ ,3.5/4,45,Food Processor $ Bean $ Citrus $ Dairy $ Garlic $ Appetizer $ Cocktail Party $ Picnic $ Quick & Easy $ Yogurt $ Lemon $ Chickpea $ Poker/Game Night $ Shower $ Party $ Bon Appétit $ Vegetarian $ Pescatarian $ Wheat/Gluten-Free $ Peanut Free $ Tree Nut Free $ Soy Free $ No Sugar Added $ Kosher $ Middle Eastern $ 
https://www.epicurious.com/recipes/food/views/noodles-with-eggplant-sausage-sauce-5342,Noodles with Eggplant-Sausage Sauce ,"6 tablespoons olive oil $ 2 1-pound eggplants, cut into 1-inch pieces $ 2 medium onions, chopped $ 2 tablespoons chopped garlic $ 1 pound fully cooked smoked sausage, cut into 3/4-inch pieces $ 2 cups canned crushed tomatoes with added puree $ 1/2 cup dry red wine $ 3 small bay leaves or 1 large leaf, minced $ 2 teaspoons grated lemon peel $ 12 ounces egg noodles, freshly cooked $ ",Pasta $ Pork $ Sauté $ Quick & Easy $ Sausage $ Eggplant $ Summer $ Bon Appétit $ ,Middle Eastern $ ,3/4,10,Pasta $ Pork $ Sauté $ Quick & Easy $ Sausage $ Eggplant $ Summer $ Bon Appétit $ Middle Eastern $ 
https://www.epicurious.com/recipes/food/views/red-pepper-hummus-1118,Red Pepper Hummus ,"2 large garlic cloves, chopped $ 1 15-ounce can garbanzo beans (chick-peas), drained $ 1/3 cup tahini (sesame seed paste) $ 1/3 cup fresh lemon juice $ 1/2 cup chopped drained roasted red peppers from jar $ ",Condiment/Spread $ Food Processor $ No-Cook $ Picnic $ Vegetarian $ Quick & Easy $ Low Cal $ Wheat/Gluten-Free $ Chickpea $ Bell Pepper $ Healthy $ Vegan $ Sesame $ Bon Appétit $ Pennsylvania $ ,Middle Eastern $ ,3.5/4,48,Condiment/Spread $ Food Processor $ No-Cook $ Picnic $ Vegetarian $ Quick & Easy $ Low Cal $ Wheat/Gluten-Free $ Chickpea $ Bell Pepper $ Healthy $ Vegan $ Sesame $ Bon Appétit $ Pennsylvania $ Middle Eastern $ 
https://www.epicurious.com/recipes/food/views/braised-lamb-in-pomegranate-sauce-1081,Braised Lamb in Pomegranate Sauce ,"1/4 cup olive oil $ 1 pound lamb neck bones $ 1 7- to 7 1/2-pound lamb shoulder, boned (bones reserved), well trimmed, rolled, tied $ All purpose flour $ 2 medium onions, chopped $ 10 large garlic cloves $ 2 cups chicken stock or canned broth $ 1 cup dry red wine $ 1 cup unsweetened pomegranate juice $ 2 tablespoons tomato paste $ 2 tablespoons firmly packed golden brown sugar $ 1 tablespoon dried oregano, crumbled $ 1 teaspoon ground cinnamon $ 3/4 teaspoon ground allspice $ 1 1/2 tablespoons margarine $ 1 1/2 tablespoons all purpose flour $ Chopped fresh parsley $ ",Garlic $ Lamb $ Braise $ Hanukkah $ Spice $ Winter $ Pomegranate $ Bon Appétit $ ,Middle Eastern $ Sephardic $ ,3.5/4,22,Garlic $ Lamb $ Braise $ Hanukkah $ Spice $ Winter $ Pomegranate $ Bon Appétit $ Middle Eastern $ Sephardic $ 
https://www.epicurious.com/recipes/food/views/couscous-tabbouleh-12124,Couscous Tabbouleh ,"1 cup chicken broth $ 1 cup water $ 1/2 cup fresh lemon juice $ 1/3 cup plus 2 tablespoons olive oil $ 1 1/2 cups couscous $ 1 seedless cucumber, cut into 1/4-inch pieces, plus cucumber slices for garnish $ 8 plum tomatoes, seeded and cut into 1/4-inch dice, plus tomato slices for garnish $ 3/4 cup finely chopped scallion $ 2 cups loosely packed fresh parsley leaves, minced $ 1 cup loosely packed fresh mint leaves, minced, plus mint sprigs for garnish $ ",Salad $ Tomato $ Side $ Quick & Easy $ Low/No Sugar $ Mint $ Cucumber $ Chill $ Couscous $ Parsley $ Boil $ Gourmet $ ,Middle Eastern $ ,3.5/4,26,Salad $ Tomato $ Side $ Quick & Easy $ Low/No Sugar $ Mint $ Cucumber $ Chill $ Couscous $ Parsley $ Boil $ Gourmet $ Middle Eastern $ 
https://www.epicurious.com/recipes/food/views/minted-vegetable-salad-332,Minted Vegetable Salad ,"1 medium onion, thinly sliced $ 4 large tomatoes, seeded, diced $ 1 large green bell pepper, diced $ 1 cucumber, peeled, seeded, cut into 1/2-inch pieces $ 1/4 cup chopped fresh parsley $ 1/4 cup chopped fresh mint $ 1/4 cup olive oil $ 3 tablespoons fresh lemon juice $ ",Salad $ Onion $ Tomato $ Vegetable $ No-Cook $ Vegetarian $ Quick & Easy $ Mint $ Cucumber $ Bell Pepper $ Summer $ Healthy $ Vegan $ Bon Appétit $ ,Mediterranean $ Middle Eastern $ ,3/4,3,Salad $ Onion $ Tomato $ Vegetable $ No-Cook $ Vegetarian $ Quick & Easy $ Mint $ Cucumber $ Bell Pepper $ Summer $ Healthy $ Vegan $ Bon Appétit $ Mediterranean $ Middle Eastern $ 
https://www.epicurious.com/recipes/food/views/creamy-phyllo-raisin-and-nut-pudding-392,"Creamy Phyllo, Raisin and Nut Pudding ","14 sheets fresh phyllo pastry or frozen, thawed (about 1/2 pound) $ 1/2 cup whole blanched almonds (about 3 ounces) $ 1/2 cup raisins $ 3 cups milk (do not use low-fat or nonfat) $ 1 cup sugar $ 2 tablespoons (1/4 stick) unsalted butter $ 1 cup whipping cream $ 2 teaspoons orange flower water $ 1/2 teaspoon ground cinnamon $ 1/2 cup coarsely chopped pistachios $ ",Milk/Cream $ Dessert $ Bake $ Raisin $ Almond $ Pistachio $ Bon Appétit $ Vegetarian $ Pescatarian $ Peanut Free $ Soy Free $ Kosher $ ,Middle Eastern $ ,3.5/4,5,Milk/Cream $ Dessert $ Bake $ Raisin $ Almond $ Pistachio $ Bon Appétit $ Vegetarian $ Pescatarian $ Peanut Free $ Soy Free $ Kosher $ Middle Eastern $ 
https://www.epicurious.com/recipes/food/views/orange-chicken-with-golden-raisins-and-figs-106260,Orange Chicken with Golden Raisins and Figs ,"1 1/2 cups coarsely chopped yellow onions $ 2 cups peeled and cubed white potatoes (any kind) $ 1/4 cup golden raisins $ 1/2 cup whole Black Mission figs or the larger, amber-colored Calimyrna figs, cut into halves $ 1 1/2 cups fresh orange juice, strained $ 4 1/2 teaspoons Worcestershire sauce, (preferably Lea & Perrins, or another brand that lists tamarind as an ingredient $ 1/2 teaspoon curry powder $ 1/2 tablespoon soy sauce $ 3 pounds chicken pieces (white and dark meat) $ 1 teaspoon salt $ Several grindings of black pepper $ 1 teaspoon garlic powder $ 1/2 teaspoon ground allspice $ 1/2 teaspoon paprika $ 4 1/2 teaspoons olive oil $ 1 recipe Basic Syrian Rice (recipe can be found in book) $ ",Chicken $ Fruit $ Marinate $ Orange $ Raisin $ Fig $ ,Middle Eastern $ ,3.5/4,31,Chicken $ Fruit $ Marinate $ Orange $ Raisin $ Fig $ Middle Eastern $ 
https://www.epicurious.com/recipes/food/views/lebanese-bread-and-tomato-salad-102463,Lebanese Bread and Tomato Salad ,"2 (6-inch) pita loaves with pockets $ 1 1/2 tablespoons fresh lemon juice $ 1 teaspoon pomegranate molasses (optional) $ 1/3 cup extra-virgin olive oil $ 1 cup fresh flat-leaf parsley, torn if large $ 1/2 cup fresh mint, torn if large $ 1/4 cup purslane leaves (optional) $ 2 pounds tomatoes, cut into wedges $ ",Salad $ Tomato $ Side $ Vegetarian $ Summer $ Gourmet $ Vegan $ Pescatarian $ Dairy Free $ Peanut Free $ Tree Nut Free $ Soy Free $ Kosher $ ,Middle Eastern $ ,2.5/4,6,Salad $ Tomato $ Side $ Vegetarian $ Summer $ Gourmet $ Vegan $ Pescatarian $ Dairy Free $ Peanut Free $ Tree Nut Free $ Soy Free $ Kosher $ Middle Eastern $ 
https://www.epicurious.com/recipes/food/views/grilled-lamb-kebabs-with-cumin-and-cinnamon-103628,Grilled Lamb Kebabs with Cumin and Cinnamon ,"1/4 cup olive oil $ 1 teaspoon ground cumin $ 1 teaspoon ground black pepper $ 3/4 teaspoon salt $ 1/2 teaspoon ground cinnamon $ 1 3 1/2-pound sirloin half leg of lamb, bone removed, fat trimmed, meat cut into 1 1/4- to 1 1/2-inch pieces $ 6 12-inch metal skewers $ ",Lamb $ Low Carb $ Summer $ Grill/Barbecue $ Cinnamon $ Bon Appétit $ ,Middle Eastern $ ,3.5/4,19,Lamb $ Low Carb $ Summer $ Grill/Barbecue $ Cinnamon $ Bon Appétit $ Middle Eastern $ 
https://www.epicurious.com/recipes/food/views/roasted-red-pepper-salad-with-harissa-109005,Roasted Red Pepper Salad with Harissa ,"6 medium red bell peppers (2 lb) $ 1/4 cup raisins $ 1 1/2 tablespoons fresh lemon juice $ 1 1/4 teaspoons harissa* (spicy North African condiment) $ 1/2 teaspoon fine sea salt $ 1/4 cup olive oil $ 1/3 cup finely chopped walnuts, toasted $ ",Salad $ Side $ Broil $ Vegetarian $ Walnut $ Bell Pepper $ Winter $ Gourmet $ Vegan $ Pescatarian $ Paleo $ Dairy Free $ Wheat/Gluten-Free $ Peanut Free $ Soy Free $ No Sugar Added $ Kosher $ ,Middle Eastern $ Moroccan $ ,3/4,1,Salad $ Side $ Broil $ Vegetarian $ Walnut $ Bell Pepper $ Winter $ Gourmet $ Vegan $ Pescatarian $ Paleo $ Dairy Free $ Wheat/Gluten-Free $ Peanut Free $ Soy Free $ No Sugar Added $ Kosher $ Middle Eastern $ Moroccan $ 
https://www.epicurious.com/recipes/food/views/feta-and-walnut-phyllo-rolls-105210,Feta and Walnut Phyllo Rolls ,"5 oz feta, patted dry if wet, then crumbled $ 1/4 cup walnuts, toasted and finely chopped $ 3/4 teaspoon dried Aleppo chile flakes $ 9 (17- by 12-inch) phyllo sheets (preferably spelt phyllo) $ 1 1/2 sticks (3/4 cup) unsalted butter, melted $ ",Bake $ Vegetarian $ Feta $ Walnut $ Phyllo/Puff Pastry Dough $ Gourmet $ ,Middle Eastern $ ,3/4,13,Bake $ Vegetarian $ Feta $ Walnut $ Phyllo/Puff Pastry Dough $ Gourmet $ Middle Eastern $ 
https://www.epicurious.com/recipes/food/views/persian-rice-with-pistachios-and-dill-105035,Persian Rice with Pistachios and Dill ,3 cups basmati rice (1 1/4 pound) $ 4 quart water $ 3 tablespoons salt (for water) $ 3/4 stick (6 tablespoons) unsalted butter $ 2/3 cup chopped fresh dill $ 1 cup coarsely chopped shelled natural pistachios (5 ounces) $ ,Herb $ Nut $ Rice $ Side $ Vegetarian $ Ramadan $ Pistachio $ Dill $ Simmer $ Gourmet $ Sugar Conscious $ Pescatarian $ Wheat/Gluten-Free $ Peanut Free $ Soy Free $ No Sugar Added $ Kosher $ ,Middle Eastern $ ,3.5/4,25,Herb $ Nut $ Rice $ Side $ Vegetarian $ Ramadan $ Pistachio $ Dill $ Simmer $ Gourmet $ Sugar Conscious $ Pescatarian $ Wheat/Gluten-Free $ Peanut Free $ Soy Free $ No Sugar Added $ Kosher $ Middle Eastern $ 
https://www.epicurious.com/recipes/food/views/chicken-tahini-salad-with-pine-nuts-on-mini-pita-rounds-108219,Chicken Tahini Salad with Pine Nuts on Mini Pita Rounds ,"20 2- to 3-inch-diameter mini pita breads, cut horizontally in half $ Olive oil $ 2 large garlic cloves $ 1 cup tahini (sesame seed paste)* $ 2/3 cup fresh lemon juice $ 2 teaspoons (packed) grated lemon peel $ 1/2 cup water $ 1 cup chopped fresh cilantro $ 4 cups shredded skinned cooked chicken (from two 2-pound roast chickens) $ 1/2 cup pine nuts, lightly toasted $ ",Food Processor $ Chicken $ Nut $ Bake $ Cocktail Party $ Pine Nut $ Sesame $ Cilantro $ Bon Appétit $ ,Middle Eastern $ ,3/4,23,Food Processor $ Chicken $ Nut $ Bake $ Cocktail Party $ Pine Nut $ Sesame $ Cilantro $ Bon Appétit $ Middle Eastern $ 
https://www.epicurious.com/recipes/food/views/lamb-and-raisin-pies-with-pine-nuts-and-mint-483,Lamb and Raisin Pies with Pine Nuts and Mint ,"1 1/2 pounds ground lamb $ 2 cups chopped onion $ 1 tablespoon minced garlic $ 2 14 1/2-ounce cans diced peeled tomatoes, drained $ 3/4 cup brown raisins $ 1 teaspoon ground allspice $ 1/3 cup pine nuts, toasted $ 3 tablespoons chopped fresh mint $ 1 17 1/4-ounce package frozen puff pastry (2 sheets), thawed $ 1 egg, beaten to blend $ ",Game $ Herb $ Lamb $ Nut $ Bake $ Lunch $ Raisin $ Mint $ Pine Nut $ Bon Appétit $ Peanut Free $ Soy Free $ Diabetes-Friendly $ ,Mediterranean $ Middle Eastern $ ,3.5/4,13,Game $ Herb $ Lamb $ Nut $ Bake $ Lunch $ Raisin $ Mint $ Pine Nut $ Bon Appétit $ Peanut Free $ Soy Free $ Diabetes-Friendly $ Mediterranean $ Middle Eastern $ 
https://www.epicurious.com/recipes/food/views/couscous-with-zucchini-and-cherry-tomatoes-5846,Couscous with Zucchini and Cherry Tomatoes ,"1 1/2 teaspoons olive oil $ 1 large onion $ 1/4 cup water (if needed) $ 1 large garlic clove, minced $ 2 1/2 cups canned low-salt chicken broth $ 1 1/2 pounds medium zucchini, trimmed, each cut crosswise into 3 pieces, each piece cut into 6 wedges $ 3 tablespoons chopped fresh thyme or 1 tablespoon dried $ 1 1/2 cups couscous $ 1 1/2 teaspoons butter $ 24 cherry tomatoes $ ",Tomato $ Vegetable $ Side $ Sauté $ Quick & Easy $ Zucchini $ Summer $ Healthy $ Couscous $ Bon Appétit $ Peanut Free $ Tree Nut Free $ Soy Free $ No Sugar Added $ ,Mediterranean $ Middle Eastern $ ,3/4,8,Tomato $ Vegetable $ Side $ Sauté $ Quick & Easy $ Zucchini $ Summer $ Healthy $ Couscous $ Bon Appétit $ Peanut Free $ Tree Nut Free $ Soy Free $ No Sugar Added $ Mediterranean $ Middle Eastern $ 
https://www.epicurious.com/recipes/food/views/grilled-cumin-lamb-pitas-with-couscous-and-yogurt-102136,Grilled Cumin-Lamb Pitas with Couscous and Yogurt ,"1 1/2 cups plain yogurt $ 2 garlic cloves, pressed $ 1 tablespoon fresh lemon juice $ 2 teaspoons ground cumin $ 1 teaspoon ground coriander $ 2 1/4 pounds boneless lamb sirloin, trimmed, cut into 1-inch cubes $ 1 cup water $ 1/4 teaspoon salt $ 2/3 cup couscous $ 1/2 cucumber, seeded, chopped $ 1 ripe tomato, chopped $ 1/2 small onion, halved, thinly sliced $ 2 tablespoons olive oil $ 2 tablespoons chopped fresh dill $ 6 6-inch-diameter pita breads $ ",Lamb $ Yogurt $ Fall $ Grill/Barbecue $ Couscous $ Bon Appétit $ ,Middle Eastern $ ,3.5/4,8,Lamb $ Yogurt $ Fall $ Grill/Barbecue $ Couscous $ Bon Appétit $ Middle Eastern $ 
https://www.epicurious.com/recipes/food/views/lentil-hummus-14308,Lentil Hummus ,"2 tablespoons coarse salt $ 1/2 pound lentils, picked over (about 1 1/4 cups) $ 1/2 cup tahini (sesame seed paste) $ 5 garlic cloves, minced and mashed to a paste with 1/4 teaspoon salt $ 1/2 cup fresh lemon juice $ 1/3 to 1/2 cup water $ 1/2 cup extra-virgin olive oil $ toasted pita wedges $ ",Food Processor $ Garlic $ Appetizer $ Vegetarian $ Low Cal $ Lemon $ Lentil $ Sesame $ Simmer $ Boil $ Gourmet $ Sugar Conscious $ Vegan $ Pescatarian $ Dairy Free $ Peanut Free $ Tree Nut Free $ Soy Free $ No Sugar Added $ Kosher $ ,Middle Eastern $ ,3/4,13,Food Processor $ Garlic $ Appetizer $ Vegetarian $ Low Cal $ Lemon $ Lentil $ Sesame $ Simmer $ Boil $ Gourmet $ Sugar Conscious $ Vegan $ Pescatarian $ Dairy Free $ Peanut Free $ Tree Nut Free $ Soy Free $ No Sugar Added $ Kosher $ Middle Eastern $ 
https://www.epicurious.com/recipes/food/views/roast-pork-tenderloin-with-pears-and-dried-apricots-106114,Roast Pork Tenderloin with Pears and Dried Apricots ,"1/4 cup (1/2 stick) unsalted butter $ 4 teaspoonsRas el Hanout $ 5 ripe pears, peeled, cored, each cut into 6 wedges $ 3 tablespoons olive oil $ 1 onion, chopped $ 9 ounces dried apricots, soaked in warm water 30 minutes, drained, chopped (about 2 cups) $ 1 1/2 cups canned beef broth $ 1/4 cup honey $ 2 1-pound pork tenderloins $ 1/2 cup slivered almonds (about 4 ounces), toasted $ ",Fruit $ Pork $ Roast $ Dinner $ Dried Fruit $ Pear $ Apricot $ Meat $ Pork Tenderloin $ Fall $ Winter $ Anniversary $ Bon Appétit $ Wheat/Gluten-Free $ Peanut Free $ Soy Free $ ,Middle Eastern $ ,3.5/4,42,Fruit $ Pork $ Roast $ Dinner $ Dried Fruit $ Pear $ Apricot $ Meat $ Pork Tenderloin $ Fall $ Winter $ Anniversary $ Bon Appétit $ Wheat/Gluten-Free $ Peanut Free $ Soy Free $ Middle Eastern $ 
https://www.epicurious.com/recipes/food/views/romaine-radish-and-cucumber-salad-with-tahini-dressing-107189,"Romaine, Radish, and Cucumber Salad with Tahini Dressing ","1/4 cup well-stirred tahini (Middle Eastern sesame paste) $ 1/4 cup water $ 2 1/2 tablespoons fresh lemon juice $ 2 tablespoons soy sauce $ 1 tablespoon mild honey $ 1 small garlic clove, minced $ 1/2 teaspoon salt $ 1/8 teaspoon cayenne $ 1/2 pound romaine, torn into bite-size pieces (6 cups) $ 1 bunch radishes (1/2 pound), trimmed, halved, and thinly sliced (1 cup) $ 1/2 seedless cucumber (usually plastic-wrapped), halved lengthwise and thinly sliced crosswise $ 4 scallions, thinly sliced $ ",Salad $ Blender $ Side $ No-Cook $ Vegetarian $ Quick & Easy $ Lemon $ Cucumber $ Radish $ Fall $ Healthy $ Honey $ Sesame $ Soy Sauce $ Lettuce $ Gourmet $ Pescatarian $ Dairy Free $ Peanut Free $ Tree Nut Free $ Kosher $ ,Middle Eastern $ ,3/4,7,Salad $ Blender $ Side $ No-Cook $ Vegetarian $ Quick & Easy $ Lemon $ Cucumber $ Radish $ Fall $ Healthy $ Honey $ Sesame $ Soy Sauce $ Lettuce $ Gourmet $ Pescatarian $ Dairy Free $ Peanut Free $ Tree Nut Free $ Kosher $ Middle Eastern $ 
https://www.epicurious.com/recipes/food/views/turkish-lamb-burgers-106847,Turkish Lamb Burgers ,"1 1/2 pounds ground lamb $ 1 cup chopped green onions (about 4) $ 1 1/4 teaspoons salt $ 1 teaspoon pumpkin pie spice $ 1/2 teaspoon cayenne pepper $ 1 cup plain yogurt $ 1 teaspoon ground cumin $ 4 6-inch-diameter pita breads, top 1/4 cut off each $ 1 cup diced seeded plum tomatoes $ ",Lamb $ Picnic $ Quick & Easy $ Yogurt $ Ground Lamb $ Summer $ Grill/Barbecue $ Bon Appétit $ ,Middle Eastern $ ,3.5/4,15,Lamb $ Picnic $ Quick & Easy $ Yogurt $ Ground Lamb $ Summer $ Grill/Barbecue $ Bon Appétit $ Middle Eastern $ 
https://www.epicurious.com/recipes/food/views/haroseth-107993,Haroseth ,"2/3 cup dried Mission figs (6 oz) $ 2/3 cup dried apricots (6 oz) $ 1/3 cup pitted dates (4 oz) $ 1 1/3 cups walnuts (4 oz), finely chopped, toasted , and cooled $ 1/4 cup sweet red wine such as Manischewitz Extra Heavy Malaga $ 1/4 teaspoon cinnamon $ 1/4 teaspoon cayenne $ 1/8 teaspoon ground ginger $ ",Condiment/Spread $ No-Cook $ Passover $ Quick & Easy $ Date $ Fig $ Apricot $ Walnut $ Red Wine $ Spring $ Kosher $ Gourmet $ ,Jewish $ Middle Eastern $ ,4/4,13,Condiment/Spread $ No-Cook $ Passover $ Quick & Easy $ Date $ Fig $ Apricot $ Walnut $ Red Wine $ Spring $ Kosher $ Gourmet $ Jewish $ Middle Eastern $ 
https://www.epicurious.com/recipes/food/views/lebanese-lentil-and-rice-pilaf-with-blackened-onions-108813,Lebanese Lentil-and-Rice Pilaf with Blackened Onions ,"4 tablespoons olive oil $ 1 medium onion, chopped $ 3 garlic cloves, minced $ 2 teaspoons ground cumin $ 3/4 teaspoon ground cinnamon $ 1/2 teaspoon ground allspice $ 2 14-ounce cans vegetable broth $ 3/4 cup dried lentils, rinsed, picked over $ 3/4 cup long-grain white rice $ 2 large onions, sliced $ 3 tomatoes, quartered lengthwise $ 1 cucumber, peeled, cut into rounds $ Plain yogurt $ Chopped fresh mint $ ",Onion $ Rice $ Side $ Sauté $ Vegetarian $ Yogurt $ Ramadan $ Spice $ Lentil $ Fall $ Healthy $ Simmer $ Bon Appétit $ Pescatarian $ Wheat/Gluten-Free $ Peanut Free $ Tree Nut Free $ Soy Free $ No Sugar Added $ Kosher $ ,Middle Eastern $ ,3.5/4,66,Onion $ Rice $ Side $ Sauté $ Vegetarian $ Yogurt $ Ramadan $ Spice $ Lentil $ Fall $ Healthy $ Simmer $ Bon Appétit $ Pescatarian $ Wheat/Gluten-Free $ Peanut Free $ Tree Nut Free $ Soy Free $ No Sugar Added $ Kosher $ Middle Eastern $ 
https://www.epicurious.com/recipes/food/views/almond-baklava-with-rose-water-106124,Almond Baklava with Rosé Water ,"1 2/3 cups sugar $ 1 1/2 cups water $ 2/3 cup honey $ 2 cinnamon sticks $ 8 2x1/2-inch strips orange peel $ 2 teaspoons rose water* $ 1 cup (2 sticks) unsalted butter, melted $ 3 cups coarsely chopped almonds $ 1 teaspoon ground cinnamon $ 1/2 teaspoon ground allspice $ 15 fresh phyllo pastry sheets or frozen, thawed $ Plain yogurt $ ",Nut $ Dessert $ Bake $ Almond $ Shower $ Party $ Phyllo/Puff Pastry Dough $ Pastry $ Bon Appétit $ Kidney Friendly $ Vegetarian $ Pescatarian $ Peanut Free $ Soy Free $ Kosher $ ,Greek $ Middle Eastern $ ,3.5/4,20,Nut $ Dessert $ Bake $ Almond $ Shower $ Party $ Phyllo/Puff Pastry Dough $ Pastry $ Bon Appétit $ Kidney Friendly $ Vegetarian $ Pescatarian $ Peanut Free $ Soy Free $ Kosher $ Greek $ Middle Eastern $ 
https://www.epicurious.com/recipes/food/views/couscous-with-apricots-104895,Couscous with Apricots ,"1 tablespoon coriander seeds, toasted and cooled $ 1 1/3 cups water $ 3 tablespoons extra-virgin olive oil $ 3/4 teaspoon salt $ 1 cup couscous (6 ounces) $ 1/3 cup dried apricots, finely chopped $ 2 tablespoons finely chopped fresh flat-leaf parsley $ ",Fruit $ Side $ Vegetarian $ Quick & Easy $ Ramadan $ Apricot $ Healthy $ Vegan $ Couscous $ Gourmet $ Kidney Friendly $ Pescatarian $ Dairy Free $ Peanut Free $ Tree Nut Free $ Soy Free $ No Sugar Added $ Kosher $ ,Middle Eastern $ ,2.5/4,10,Fruit $ Side $ Vegetarian $ Quick & Easy $ Ramadan $ Apricot $ Healthy $ Vegan $ Couscous $ Gourmet $ Kidney Friendly $ Pescatarian $ Dairy Free $ Peanut Free $ Tree Nut Free $ Soy Free $ No Sugar Added $ Kosher $ Middle Eastern $ 
https://www.epicurious.com/recipes/food/views/lemon-pistachio-pilaf-106647,Lemon-Pistachio Pilaf ,"4 teaspoons extra-virgin olive oil $ 2 large shallots, minced $ 1 1/2 cups long-grain white rice $ 8 tablespoons chopped unsalted pistachios $ 1 14-ounce can (or more) low-salt chicken broth $ 1/2 cup fresh lemon juice $ 1/2 teaspoon salt $ 2 1/2 tablespoons 1x1/8-inch strips lemon peel $ ",Citrus $ Nut $ Rice $ Side $ Sauté $ Low/No Sugar $ Graduation $ Summer $ Bon Appétit $ Pescatarian $ Wheat/Gluten-Free $ Peanut Free $ Soy Free $ No Sugar Added $ Kosher $ ,Middle Eastern $ ,3/4,26,Citrus $ Nut $ Rice $ Side $ Sauté $ Low/No Sugar $ Graduation $ Summer $ Bon Appétit $ Pescatarian $ Wheat/Gluten-Free $ Peanut Free $ Soy Free $ No Sugar Added $ Kosher $ Middle Eastern $ 
https://www.epicurious.com/recipes/food/views/zaatar-106776,Za'atar ,"2 tablespoons minced fresh thyme $ 2 tablespoons sesame seeds, toasted $ 2 teaspoons ground sumac* $ 1/2 teaspoon coarse salt $ ",Condiment/Spread $ No-Cook $ Quick & Easy $ Summer $ Gourmet $ ,Middle Eastern $ ,4/4,14,Condiment/Spread $ No-Cook $ Quick & Easy $ Summer $ Gourmet $ Middle Eastern $ 
https://www.epicurious.com/recipes/food/views/bread-baked-with-honey-and-cream-106080,Bread Baked with Honey and Cream ,"1 (9-inch) fresh round loaf country bread (at least 3 inches high; preferably sourdough) $ 2 tablespoons unsalted butter, well softened $ 1/2 cup mild honey $ 1 1/2 tablespoons fresh lemon juice $ 1 cup crème fraîche $ ",Bread $ Milk/Cream $ Dairy $ Breakfast $ Brunch $ Dessert $ Bake $ Winter $ Honey $ Gourmet $ Kidney Friendly $ Vegetarian $ Pescatarian $ Peanut Free $ Tree Nut Free $ Soy Free $ Kosher $ ,Middle Eastern $ ,3.5/4,18,Bread $ Milk/Cream $ Dairy $ Breakfast $ Brunch $ Dessert $ Bake $ Winter $ Honey $ Gourmet $ Kidney Friendly $ Vegetarian $ Pescatarian $ Peanut Free $ Tree Nut Free $ Soy Free $ Kosher $ Middle Eastern $ 
https://www.epicurious.com/recipes/food/views/harissa-sauce-107098,Harissa Sauce ,"1 tablespoon coriander seeds $ 1 tablespoon caraway seeds $ 4 large garlic cloves, unpeeled $ 4 large red bell peppers $ 1/2 cup extra-virgin olive oil $ 1 tablespoon sugar $ 2 teaspoons dried crushed red pepper $ ",Sauce $ Food Processor $ Garlic $ Broil $ Quick & Easy $ Spice $ Bell Pepper $ Caraway $ Bon Appétit $ ,Middle Eastern $ Moroccan $ ,4/4,23,Sauce $ Food Processor $ Garlic $ Broil $ Quick & Easy $ Spice $ Bell Pepper $ Caraway $ Bon Appétit $ Middle Eastern $ Moroccan $ 
https://www.epicurious.com/recipes/food/views/smoked-caviar-and-hummus-on-pita-toasts-102246,Smoked Caviar and Hummus on Pita Toasts ,"10 (5- to 6-inch) pita pockets $ 3/4 cup olive oil $ 2 teaspoons paprika $ 4 teaspoons cumin seeds, toasted $ 2 (15 1/2-ounce) cans chick-peas, rinsed $ 1 garlic clove, coarsely chopped $ 1/3 cup chopped fresh flat-leaf parsley $ 1/2 cup stirred tahini (Middle Eastern sesame paste) $ 1/4 cup fresh lemon juice $ 1 1/2 teaspoons salt $ 1/3 to 1/2 cup water $ 11 1/2-ounce jar smoked whitefish caviar $ Garnish: 160 small fresh flat-leaf parsley leaves $ ",Bake $ Cocktail Party $ Low Cal $ Chickpea $ Engagement Party $ Party $ Gourmet $ ,Middle Eastern $ ,4/4,3,Bake $ Cocktail Party $ Low Cal $ Chickpea $ Engagement Party $ Party $ Gourmet $ Middle Eastern $ 
https://www.epicurious.com/recipes/food/views/chopped-arabic-salad-109458,Chopped Arabic Salad ,"1 lemon $ 3/4 teaspoon salt $ 1/4 teaspoon black pepper $ 3 tablespoons olive oil $ 2 (1/2-lb) cucumbers, peeled, halved lengthwise, seeded, and cut into 1/4-inch dice (2 1/3 cups) $ 1 lb tomatoes (3 medium), cut into 1/3-inch dice (2 1/2 cups) $ 1 cup finely chopped red onion (1 small) or 1 cup chopped scallions (about 5) $ 1 cup coarsely chopped purslane (optional) $ 1 cup finely chopped fresh flat-leaf parsley (from 1 large bunch) $ 1/2 cup finely chopped fresh mint (from 1 bunch) $ ",Salad $ Citrus $ Onion $ Tomato $ Side $ No-Cook $ Vegetarian $ Quick & Easy $ Ramadan $ Mint $ Cucumber $ Parsley $ Gourmet $ Vegan $ Pescatarian $ Paleo $ Dairy Free $ Wheat/Gluten-Free $ Peanut Free $ Tree Nut Free $ Soy Free $ No Sugar Added $ Kosher $ ,Middle Eastern $ ,3.5/4,11,Salad $ Citrus $ Onion $ Tomato $ Side $ No-Cook $ Vegetarian $ Quick & Easy $ Ramadan $ Mint $ Cucumber $ Parsley $ Gourmet $ Vegan $ Pescatarian $ Paleo $ Dairy Free $ Wheat/Gluten-Free $ Peanut Free $ Tree Nut Free $ Soy Free $ No Sugar Added $ Kosher $ Middle Eastern $ 
https://www.epicurious.com/recipes/food/views/cardamom-yogurt-pudding-with-orange-and-cinnamon-honey-syrup-109474,Cardamom Yogurt Pudding with Orange and Cinnamon Honey Syrup ,1/2 cup plain whole-milk yogurt $ 1 1/2 tablespoons sugar $ 1/4 teaspoon vanilla $ 2 teaspoons water $ 1/2 teaspoon unflavored gelatin (from 1 envelope) $ Pinch ground cardamom $ 1 navel orange $ 1 tablespoon mild honey (preferably orange blossom) $ Small pinch cinnamon $ a 1-cup ramekin (4 inches across and about 2 inches deep) $ ,Dessert $ Kid-Friendly $ Quick & Easy $ Yogurt $ Orange $ Chill $ Healthy $ Honey $ Gourmet $ Wheat/Gluten-Free $ Peanut Free $ Tree Nut Free $ Soy Free $ ,Middle Eastern $ ,3.5/4,22,Dessert $ Kid-Friendly $ Quick & Easy $ Yogurt $ Orange $ Chill $ Healthy $ Honey $ Gourmet $ Wheat/Gluten-Free $ Peanut Free $ Tree Nut Free $ Soy Free $ Middle Eastern $ 
https://www.epicurious.com/recipes/food/views/fried-zucchini-with-garlic-yogurt-307,Fried Zucchini with Garlic Yogurt ,"4 large garlic cloves, pressed $ 1 teaspoon salt $ 2 cups plain yogurt $ Vegetable oil (for deep frying) $ 1 1/2 cups plus 1 cup all purpose flour $ 1 2/3 to 1 3/4 cups water $ 4 large zucchini, thinly sliced on diagonal $ ",Dairy $ Garlic $ Vegetable $ Appetizer $ Fry $ Vegetarian $ Yogurt $ Zucchini $ Bon Appétit $ Pescatarian $ Peanut Free $ Tree Nut Free $ Soy Free $ No Sugar Added $ Kosher $ ,Greek $ Mediterranean $ Middle Eastern $ ,3/4,11,Dairy $ Garlic $ Vegetable $ Appetizer $ Fry $ Vegetarian $ Yogurt $ Zucchini $ Bon Appétit $ Pescatarian $ Peanut Free $ Tree Nut Free $ Soy Free $ No Sugar Added $ Kosher $ Greek $ Mediterranean $ Middle Eastern $ 
https://www.epicurious.com/recipes/food/views/grilled-lamb-kebabs-with-coriander-and-cumin-358,Grilled Lamb Kebabs with Coriander and Cumin ,"1 1/2 tablespoons olive oil $ 2 teaspoons red wine vinegar $ 1 large garlic clove, minced $ 3/4 teaspoon ground cumin $ 3/4 teaspoon ground coriander $ 1/2 teaspoon cayenne pepper $ 1/4 teaspoon salt $ 1 1/3 to 1 1/2 pounds lamb shoulder arm (round-bone) chops, trimmed boned, cut into 1-inch pieces $ 4 bamboo skewers, soaked in water 10 minutes $ ",Herb $ Lamb $ Broil $ Marinate $ Low Carb $ Quick & Easy $ Spice $ Spring $ Grill $ Grill/Barbecue $ Bon Appétit $ ,Mediterranean $ Middle Eastern $ ,3.5/4,27,Herb $ Lamb $ Broil $ Marinate $ Low Carb $ Quick & Easy $ Spice $ Spring $ Grill $ Grill/Barbecue $ Bon Appétit $ Mediterranean $ Middle Eastern $ 
https://www.epicurious.com/recipes/food/views/spiced-pita-toasts-15217,Spiced Pita Toasts ,4 teaspoons cumin seeds $ 1 teaspoon coarse salt $ 2 teaspoons paprika $ 1/2 cup olive oil $ six 6-inch pitas with pockets $ ,Bake $ Cocktail Party $ Low Cal $ Spice $ Gourmet $ ,Mediterranean $ Middle Eastern $ ,3/4,8,Bake $ Cocktail Party $ Low Cal $ Spice $ Gourmet $ Mediterranean $ Middle Eastern $ 
https://www.epicurious.com/recipes/food/views/cheese-filled-birds-nests-102749,Cheese-Filled Birds' Nests ,"1 1/2 cups water $ 3/4 cup sugar $ 3/4 cup honey $ 2 (4-inch) strips fresh orange zest $ 2/3 cup fresh orange juice $ 2 tablespoons fresh lemon juice $ 2 cups whole-milk ricotta $ 3/4 cup finely shredded mozzarella $ 3 tablespoons honey $ 1 1/2 teaspoons grated fresh orange zest $ 1/4 teaspoon cinnamon $ 1-pound package kataifi (shredded phyllo dough), thawed if frozen $ 1 stick unsalted butter, melted $ 1/2 cup pine nuts, toasted $ ",Cheese $ Citrus $ Dairy $ Fruit $ Dessert $ Bake $ Ramadan $ Mozzarella $ Ricotta $ Orange $ Winter $ Gourmet $ Kidney Friendly $ Vegetarian $ Pescatarian $ Peanut Free $ Soy Free $ Kosher $ ,Middle Eastern $ ,3/4,7,Cheese $ Citrus $ Dairy $ Fruit $ Dessert $ Bake $ Ramadan $ Mozzarella $ Ricotta $ Orange $ Winter $ Gourmet $ Kidney Friendly $ Vegetarian $ Pescatarian $ Peanut Free $ Soy Free $ Kosher $ Middle Eastern $ 
https://www.epicurious.com/recipes/food/views/fig-and-pomegranate-tapenade-108638,Fig and Pomegranate Tapenade ,"8 ripe fresh figs, stemmed, halved $ 1 1/2 tablespoons olive oil $ 1/2 cup Kalamata olives, pitted, coarsely chopped $ 1 tablespoon drained capers $ 2 1/2 teaspoons pomegranate molasses* $ 2 teaspoons chopped fresh rosemary $ 1/2 teaspoon Sherry wine vinegar $ 1/2 cup walnuts, toasted, coarsely chopped $ ",Condiment/Spread $ Sauce $ Food Processor $ Fruit $ Olive $ Broil $ Quick & Easy $ Vinegar $ Fig $ Walnut $ Fall $ Pomegranate $ Capers $ Bon Appétit $ ,Middle Eastern $ ,3.5/4,10,Condiment/Spread $ Sauce $ Food Processor $ Fruit $ Olive $ Broil $ Quick & Easy $ Vinegar $ Fig $ Walnut $ Fall $ Pomegranate $ Capers $ Bon Appétit $ Middle Eastern $ 
https://www.epicurious.com/recipes/food/views/turkish-poached-eggs-with-yogurt-and-spicy-sage-butter-352,Turkish Poached Eggs with Yogurt and Spicy Sage Butter ,"1 cup plain yogurt $ 2 large garlic cloves, pressed $ 1/4 cup (1/2 stick) unsalted butter $ 12 fresh sage leaves $ 1/2 teaspoon paprika $ 1/4 teaspoon dried crushed red pepper $ 1 tablespoon distilled white vinegar $ 8 eggs $ Warm pita bread $ ",Dairy $ Egg $ Herb $ Appetizer $ Brunch $ Poach $ Vegetarian $ Yogurt $ Ramadan $ Lunch $ Hot Pepper $ Spring $ Sage $ Bon Appétit $ Sugar Conscious $ Pescatarian $ Peanut Free $ Tree Nut Free $ Soy Free $ No Sugar Added $ Kosher $ ,Mediterranean $ Middle Eastern $ ,3.5/4,12,Dairy $ Egg $ Herb $ Appetizer $ Brunch $ Poach $ Vegetarian $ Yogurt $ Ramadan $ Lunch $ Hot Pepper $ Spring $ Sage $ Bon Appétit $ Sugar Conscious $ Pescatarian $ Peanut Free $ Tree Nut Free $ Soy Free $ No Sugar Added $ Kosher $ Mediterranean $ Middle Eastern $ 
https://www.epicurious.com/recipes/food/views/honey-custard-in-phyllo-pastry-1070,Honey Custard in Phyllo Pastry ,"1 8-ounce package cream cheese, room temperature $ 5 tablespoons honey $ 3 tablespoons sugar $ 1/4 cup whipping cream $ 1 large egg $ 1/2 teaspoon vanilla extract $ 1/4 teaspoon finely grated orange peel $ 3 tablespoon water $ 1/2 cup (1 stick) unsalted butter, melted $ 1/2 cup unsalted pistachios, toasted, very finely chopped $ 8 sheets fresh phyllo pastry or frozen, thawed $ Additional chopped pistachios $ ",Mixer $ Dessert $ Bake $ Cream Cheese $ Pistachio $ Honey $ Bon Appétit $ ,Greek $ Mediterranean $ Middle Eastern $ ,3.5/4,6,Mixer $ Dessert $ Bake $ Cream Cheese $ Pistachio $ Honey $ Bon Appétit $ Greek $ Mediterranean $ Middle Eastern $ 
https://www.epicurious.com/recipes/food/views/indian-lentil-and-split-pea-spread-4280,Indian Lentil and Split Pea Spread ,"1 cup dried lentils, picked over $ 1 cup split peas, picked over $ 1/3 cup plus 3 tablespoons olive oil $ 1 cup chopped red onion $ 2 tablespoons chopped garlic $ 2 teaspoons turmeric $ 2 teaspoons ground cumin $ 1 cup (packed) fresh cilanto leaves $ 2 tablespoons fresh lemon juice $ 1 teaspoon chili powder $ Pita bread, cut into triangles $ ",Citrus $ Herb $ Appetizer $ Lentil $ Pea $ Fall $ Bon Appétit $ ,Middle Eastern $ ,3/4,14,Citrus $ Herb $ Appetizer $ Lentil $ Pea $ Fall $ Bon Appétit $ Middle Eastern $ 
