link,name,ingredients,recipe_category,recipe_cuisine,rating,rating_count,keywords
https://www.epicurious.com/recipes/food/views/jumbo-shrimp-marsala-house-wife-style-em-gamberoni-casalinga-siciliana-em-350682,Jumbo Shrimp Marsala Housewife-Style (Gamberoni alla Casalinga Siciliana) ,"1/4 cup extra-virgin olive oil $ 1 medium red onion, cut into 1/4-inch dice $ 1 rib celery with leaves, cut into 1/2-inch pieces $ 4 medium plum tomatoes, roughly chopped $ 1 tablespoon pine nuts $ 1 tablespoon currants $ 2 tablespoons small capers, rinsed and drained $ 1 cup dry marsala $ 1/2 teaspoon fennel seeds $ 1/2 teaspoon hot red pepper flakes $ 1 bay leaf, preferably fresh $ 2 pounds jumbo (U-12) shrimp, pealed and de veined $ Salt and freshly ground black pepper $ ",Sauté $ Christmas $ Dinner $ Seafood $ Shrimp $ Marsala $ Christmas Eve $ Simmer $ ,Italian $ Italian American $ Northern Italian $ ,3.5/4,11,Sauté $ Christmas $ Dinner $ Seafood $ Shrimp $ Marsala $ Christmas Eve $ Simmer $ Italian $ Italian American $ Northern Italian $ 
https://www.epicurious.com/recipes/food/views/broccoli-sauteed-in-wine-and-garlic-350698,Broccoli Sautéed in Wine and Garlic (Broccoli al Frascati) ,"6 tablespoons extra-virgin olive oil $ 4 cloves garlic, thinly sliced $ 3 pounds broccoli, cut into spears $ 1 cup Frascati or other dry white wine $ 1 tablespoon hot red pepper flakes $ Grated zest of 1 lemon $ Grated zest of 1 orange $ ",Wine $ Garlic $ Side $ Sauté $ Christmas $ Dinner $ Broccoli $ Christmas Eve $ Potluck $ Vegan $ Vegetarian $ Pescatarian $ Paleo $ Dairy Free $ Wheat/Gluten-Free $ Peanut Free $ Tree Nut Free $ Soy Free $ Kosher $ ,Italian $ Italian American $ ,3/4,36,Wine $ Garlic $ Side $ Sauté $ Christmas $ Dinner $ Broccoli $ Christmas Eve $ Potluck $ Vegan $ Vegetarian $ Pescatarian $ Paleo $ Dairy Free $ Wheat/Gluten-Free $ Peanut Free $ Tree Nut Free $ Soy Free $ Kosher $ Italian $ Italian American $ 
https://www.epicurious.com/recipes/food/views/spaghetti-with-mussels-em-spaghetti-con-le-cozze-em-350699,Spaghetti With Mussels (Spaghetti Con le Cozze) ,"1/2 extra-virgin olive oil $ 4 cloves garlic, thinly sliced $ 1 cup dry white wine $ 2 pounds small mussels, scrubbed and debearded $ 1 pound spaghetti $ 1/4 cup finely chopped Italian parsley $ Salt and freshly ground black pepper $ 1 tablespoon hot red pepper flakes $ ",Pasta $ Sauté $ Christmas $ Dinner $ Seafood $ Mussel $ Christmas Eve $ Potluck $ Sugar Conscious $ Pescatarian $ Dairy Free $ Peanut Free $ Tree Nut Free $ Soy Free $ ,Italian $ Italian American $ ,2.5/4,5,Pasta $ Sauté $ Christmas $ Dinner $ Seafood $ Mussel $ Christmas Eve $ Potluck $ Sugar Conscious $ Pescatarian $ Dairy Free $ Peanut Free $ Tree Nut Free $ Soy Free $ Italian $ Italian American $ 
https://www.epicurious.com/recipes/food/views/zucchini-blossom-and-chicken-saltimbocca-242978,Zucchini Blossom and Chicken Saltimbocca ,"12 zucchini blossoms, stems removed $ 2 skinless boneless chicken breast halves (about 1 pound total) $ 8 thin 6 1/2 x 3 1/2-inch slices prosciutto $ 1 tablespoon unsalted butter $ 1 tablespoon extra-virgin olive oil $ 1/2 cup dry white-wine $ ",Chicken $ Low Cal $ Dinner $ Prosciutto $ Potluck $ Bon Appétit $ Sugar Conscious $ Wheat/Gluten-Free $ Peanut Free $ Tree Nut Free $ Soy Free $ ,Italian American $ ,4/4,1,Chicken $ Low Cal $ Dinner $ Prosciutto $ Potluck $ Bon Appétit $ Sugar Conscious $ Wheat/Gluten-Free $ Peanut Free $ Tree Nut Free $ Soy Free $ Italian American $ 
https://www.epicurious.com/recipes/food/views/basic-tomato-sauce-350724,Basic Tomato Sauce ,"1/4 cup extra-virgin olive oil $ 1 Spanish onion, cut into 1/4-inch dice $ 4 cloves garlic, thinly sliced $ 3 tablespoons chopped fresh thyme $ 1/2 medium carrot, finely shredded $ Two 28-ounce cans whole tomatoes $ salt $ ",Sauce $ Garlic $ Onion $ Tomato $ Potluck $ ,Italian $ Italian American $ ,3.5/4,4,Sauce $ Garlic $ Onion $ Tomato $ Potluck $ Italian $ Italian American $ 
https://www.epicurious.com/recipes/food/views/grilled-eggplant-with-caponata-salsa-242983,Grilled Eggplant with Caponata Salsa ,"1 12-ounce container grape or cherry tomatoes, quartered lengthwise $ 2 celery stalks, finely diced $ 1/2 cup chopped Vidalia or Maui onion $ 5 large green olives, pitted, thinly sliced (about 2 tablespoons) $ 2 tablespoons coarsely chopped fresh oregano plus sprigs for garnish $ 1 tablespoon drained capers, rinsed $ 1 garlic clove, minced $ Pinch of dried crushed red pepper $ 3 tablespoons red wine vinegar $ 1 tablespoon extra-virgin olive oil plus additional for brushing $ 1 large eggplant (1 1/2 to 1 3/4 pounds), trimmed $ ",Tomato $ Side $ Low Fat $ Low Cal $ High Fiber $ Father's Day $ Backyard BBQ $ Dinner $ Eggplant $ Summer $ Grill $ Grill/Barbecue $ Healthy $ Low Cholesterol $ Vegan $ Bon Appétit $ Vegetarian $ Pescatarian $ Paleo $ Dairy Free $ Wheat/Gluten-Free $ Peanut Free $ Tree Nut Free $ Soy Free $ No Sugar Added $ Kosher $ ,Italian American $ ,3.5/4,12,Tomato $ Side $ Low Fat $ Low Cal $ High Fiber $ Father's Day $ Backyard BBQ $ Dinner $ Eggplant $ Summer $ Grill $ Grill/Barbecue $ Healthy $ Low Cholesterol $ Vegan $ Bon Appétit $ Vegetarian $ Pescatarian $ Paleo $ Dairy Free $ Wheat/Gluten-Free $ Peanut Free $ Tree Nut Free $ Soy Free $ No Sugar Added $ Kosher $ Italian American $ 
https://www.epicurious.com/recipes/food/views/spaghetti-and-swiss-chard-with-garlic-chips-350562,Spaghetti and Swiss Chard With Garlic Chips ,"1/3 cup extra-virgin olive oil $ 1 head garlic, cloves peeled and thinly sliced lengthwise $ 1 medium onion, finely chopped $ 1/2 cup dried currants $ 2 pounds green Swiss chard, stems and center ribs finely chopped and leaves coarsely chopped separately $ 1/2 cup water $ 1 pound spaghetti $ 1/2 cup Kalamata olives, cut into slivers $ 6 ounces feta, crumbled (1 1/2 cups) $ ",Garlic $ Pasta $ Sauté $ Vegetarian $ Quick & Easy $ Father's Day $ Dinner $ Swiss Cheese $ Gourmet $ Peanut Free $ Tree Nut Free $ Soy Free $ No Sugar Added $ ,Italian American $ ,3.5/4,8,Garlic $ Pasta $ Sauté $ Vegetarian $ Quick & Easy $ Father's Day $ Dinner $ Swiss Cheese $ Gourmet $ Peanut Free $ Tree Nut Free $ Soy Free $ No Sugar Added $ Italian American $ 
https://www.epicurious.com/recipes/food/views/cauliflower-risotto-with-brie-and-almonds-350559,Cauliflower Risotto with Brie and Almonds ,"4 cups reduced-sodium chicken broth or vegetable broth $ 2 1/2 cups water $ 3 thyme sprigs, plus 1 teaspoon leaves $ 1 tablespoon unsalted butter $ 2 tablespoons olive oil, divided $ 1/2 head cauliflower, cut into 1/2-inch florets (about 4 cups) $ 1 1/2 cups Arborio rice $ 1/3 cup dry white wine $ 5 ounce Brie, rind discarded, cut into small pieces $ 1/3 cup sliced almonds, toasted $ ",Sauté $ Quick & Easy $ Dinner $ Brie $ Almond $ Cauliflower $ Potluck $ Gourmet $ Sugar Conscious $ Wheat/Gluten-Free $ Peanut Free $ Soy Free $ ,Italian American $ ,3/4,32,Sauté $ Quick & Easy $ Dinner $ Brie $ Almond $ Cauliflower $ Potluck $ Gourmet $ Sugar Conscious $ Wheat/Gluten-Free $ Peanut Free $ Soy Free $ Italian American $ 
https://www.epicurious.com/recipes/food/views/prosciutto-and-fig-panini-350417,Prosciutto and Fig Panini ,"1 cup water $ 1 cup Port $ 1 cup (lightly packed) dried black Mission figs (about 7 ounces), stemmed, halved $ 1 tablespoon dried rosemary $ 2 medium red onions, cut crosswise into 1/4-inch-thick rounds $ 2 tablespoons chilled butter, diced $ 8 ciabatta rolls, halved horizontally $ 8 thin slices prosciutto (3 to 4 ounces) $ 7 ounces shaved Asiago cheese $ ",Bread $ Sandwich $ Cheese $ Onion $ Roast $ High Fiber $ Oscars $ Lunch $ Dried Fruit $ Fig $ Port $ Poker/Game Night $ Prosciutto $ Bon Appétit $ Peanut Free $ Tree Nut Free $ Soy Free $ ,Italian American $ ,3.5/4,9,Bread $ Sandwich $ Cheese $ Onion $ Roast $ High Fiber $ Oscars $ Lunch $ Dried Fruit $ Fig $ Port $ Poker/Game Night $ Prosciutto $ Bon Appétit $ Peanut Free $ Tree Nut Free $ Soy Free $ Italian American $ 
https://www.epicurious.com/recipes/food/views/porcupine-meatballs-350174,Porcupine Meatballs ,"1 pound uncooked shrimp, peeled, deveined, and tails removed $ 2 tablespoons finely chopped scallions $ 2 teaspoons soy sauce $ 1/2 teaspoon grated fresh ginger $ 1/2 cup short-grain rice (such as arborio), soaked in 2 cups very hot water for 2 hours $ Cabbage or lettuce leaves $ Ponzu sauce (available at Asian specialty stores) or more soy sauce $ ",Rice $ Steam $ Cocktail Party $ Dinner $ Shrimp $ Healthy $ Soy Sauce $ Cookie $ Sugar Conscious $ Pescatarian $ Dairy Free $ Peanut Free $ Tree Nut Free $ No Sugar Added $ ,Asian $ Italian American $ ,3.5/4,4,Rice $ Steam $ Cocktail Party $ Dinner $ Shrimp $ Healthy $ Soy Sauce $ Cookie $ Sugar Conscious $ Pescatarian $ Dairy Free $ Peanut Free $ Tree Nut Free $ No Sugar Added $ Asian $ Italian American $ 
https://www.epicurious.com/recipes/food/views/barbecue-chicken-meatballs-350173,Barbecue Chicken Meatballs ,"1 pound ground chicken $ 2/3 cup corn-bread crumbs or bread crumbs $ 1 egg $ 1 teaspoon chili powder $ 1 small onion, grated and drained $ 1/2 teaspoon paprika (optional) $ 1 teaspoon kosher salt $ 2 tablespoons applesauce $ 2 tablespoons olive oil $ 1 cup barbecue sauce (we like Trader Joe's) $ ",Chicken $ Cocktail Party $ Super Bowl $ Kid-Friendly $ Back to School $ Dinner $ Condiment $ Spice $ Fall $ Pan-Fry $ Potluck $ Cookie $ Dairy Free $ Peanut Free $ Tree Nut Free $ Soy Free $ Kosher $ ,Italian American $ ,3.5/4,30,Chicken $ Cocktail Party $ Super Bowl $ Kid-Friendly $ Back to School $ Dinner $ Condiment $ Spice $ Fall $ Pan-Fry $ Potluck $ Cookie $ Dairy Free $ Peanut Free $ Tree Nut Free $ Soy Free $ Kosher $ Italian American $ 
https://www.epicurious.com/recipes/food/views/pappardelle-with-chicken-and-mushroom-ragu-350224,Pappardelle with Chicken and Mushroom Ragù ,"6 ounces cremini mushrooms $ 3 garlic cloves $ 1/4 cup extra-virgin olive oil $ 1 1/4 pounds skinless boneless chicken thighs, cut into 1/2-inch pieces $ 1 small onion, chopped $ 3/4 teaspoon chopped rosemary $ 3 tablespoons balsamic vinegar $ 1 (28-ounce) can whole tomatoes in juice $ 1/2 pound dried pappardelle $ 5 ounces baby arugula (about 8 cups) $ Accompaniment: Grated Parmigiano-Reggiano $ ",Chicken $ Mushroom $ Pasta $ Tomato $ Quick & Easy $ Father's Day $ Dinner $ Fall $ Family Reunion $ Gourmet $ Dairy Free $ Wheat/Gluten-Free $ Peanut Free $ Tree Nut Free $ Soy Free $ No Sugar Added $ Kosher $ ,Italian American $ ,3.5/4,61,Chicken $ Mushroom $ Pasta $ Tomato $ Quick & Easy $ Father's Day $ Dinner $ Fall $ Family Reunion $ Gourmet $ Dairy Free $ Wheat/Gluten-Free $ Peanut Free $ Tree Nut Free $ Soy Free $ No Sugar Added $ Kosher $ Italian American $ 
https://www.epicurious.com/recipes/food/views/veal-scallopini-with-brown-butter-and-capers-350226,Veal Scallopini with Brown Butter and Capers ,"3 tablespoons olive or vegetable oil $ 1/2 cup all-purpose flour $ 1 pound thin veal scallopini (less than 1/4 inch thick) $ 1/2 stick unsalted butter, cut into pieces $ 1 1/2 tablespoons red-wine vinegar $ 1 1/2 tablespoons drained small capers $ 2 tablespoons chopped flat-leaf parsley $ ",Quick & Easy $ Dinner $ Meat $ Veal $ Pan-Fry $ Capers $ Gourmet $ Sugar Conscious $ Peanut Free $ Tree Nut Free $ Soy Free $ No Sugar Added $ ,Italian American $ ,4/4,35,Quick & Easy $ Dinner $ Meat $ Veal $ Pan-Fry $ Capers $ Gourmet $ Sugar Conscious $ Peanut Free $ Tree Nut Free $ Soy Free $ No Sugar Added $ Italian American $ 
https://www.epicurious.com/recipes/food/views/tomato-sauce-243300,Tomato Sauce ,"3 Tbsp olive oil $ 2 yellow onions, finely diced $ 8 cloves garlic, minced $ 2 1/2 lb plum (Roma) tomatoes, peeled, seeded, and chopped $ 1 Tbsp chopped fresh basil $ Salt and freshly ground pepper $ ",Sauce $ Garlic $ Onion $ Tomato $ Fall $ Winter $ Birthday $ Potluck $ ,Italian American $ ,3/4,1,Sauce $ Garlic $ Onion $ Tomato $ Fall $ Winter $ Birthday $ Potluck $ Italian American $ 
https://www.epicurious.com/recipes/food/views/pizza-margherita-243306,Pizza Margherita ,"3/4 cup warm (105-115°F) water $ 2 1/2 tsp (1 package) dry yeast $ 1 tsp honey $ 1 1/3 cups bread flour $ 1 cup semolina flour $ 1/4 tsp salt $ Vegetable oil for coating $ Cornmeal for sprinkling (optional) $ 1 Tbsp extra-virgin olive oil $ 1 Tbsp chopped fresh basil $ 1 tsp chopped fresh oregano $ 1 clove garlic, minced $ Freshly ground pepper $ 1 cup tomato purée $ 4 plum (Roma) tomatoes, sliced $ 4 1/4 oz part-skim mozzarella, thinly sliced $ 1/4 cup grated Parmesan $ ",Bread $ Bake $ Super Bowl $ Back to School $ Dinner $ Lunch $ Mozzarella $ Birthday $ Poker/Game Night $ Party $ Vegetarian $ Pescatarian $ Peanut Free $ Tree Nut Free $ Soy Free $ Kosher $ ,Italian $ Italian American $ ,2/4,7,Bread $ Bake $ Super Bowl $ Back to School $ Dinner $ Lunch $ Mozzarella $ Birthday $ Poker/Game Night $ Party $ Vegetarian $ Pescatarian $ Peanut Free $ Tree Nut Free $ Soy Free $ Kosher $ Italian $ Italian American $ 
https://www.epicurious.com/recipes/food/views/summer-cannoli-243104,Summer Cannoli ,1 cup ricotta $ 1/2 cup mascarpone $ 1/2 cup confectioners' sugar $ 1/4 teaspoon vanilla extract $ 1/2 teaspoon grated orange zest $ 2 tablespoons chopped pistachios (optional) $ 1 pound cake (we like the 11-ounce Sara Lee) $ 1 cup fresh berries (any kind) $ ,Dessert $ Cocktail Party $ Picnic $ Valentine's Day $ Quick & Easy $ Graduation $ Back to School $ Pistachio $ Anniversary $ Family Reunion $ Engagement Party $ Party $ Potluck $ Cookie $ Vegetarian $ Pescatarian $ Peanut Free $ Soy Free $ Kosher $ ,Italian American $ ,3.5/4,3,Dessert $ Cocktail Party $ Picnic $ Valentine's Day $ Quick & Easy $ Graduation $ Back to School $ Pistachio $ Anniversary $ Family Reunion $ Engagement Party $ Party $ Potluck $ Cookie $ Vegetarian $ Pescatarian $ Peanut Free $ Soy Free $ Kosher $ Italian American $ 
https://www.epicurious.com/recipes/food/views/wagon-wheel-pasta-goat-cheese-243107,Wagon-Wheel Pasta & Goat Cheese ,"1/2 pound wagon-wheel (or any short) pasta $ 1 10-ounce box frozen lima beans $ 1 tablespoon olive oil $ 1 large onion, sliced thinly $ 2 tablespoons crème fraîche (or sour cream) $ 1 tablespoon finely chopped fresh thyme (optional) $ 1/2 teaspoon kosher salt $ 1/4 teaspoon freshly ground black pepper $ 4 ounces creamy aged goat cheese, cut into small chunks $ ",Pasta $ Quick & Easy $ Father's Day $ Dinner $ Goat Cheese $ Family Reunion $ Poker/Game Night $ Potluck $ Cookie $ Vegetarian $ Pescatarian $ Peanut Free $ Tree Nut Free $ Soy Free $ No Sugar Added $ Kosher $ Cheese Week $ ,Italian American $ ,3/4,9,Pasta $ Quick & Easy $ Father's Day $ Dinner $ Goat Cheese $ Family Reunion $ Poker/Game Night $ Potluck $ Cookie $ Vegetarian $ Pescatarian $ Peanut Free $ Tree Nut Free $ Soy Free $ No Sugar Added $ Kosher $ Cheese Week $ Italian American $ 
https://www.epicurious.com/recipes/food/views/fresh-tomato-sauce-350116,Fresh Tomato Sauce ,"12 1/2 pounds red tomatoes, peeled, seeded, coarsely chopped (about 20 cups), divided $ 1 cup finely chopped shallots $ 1 tablespoon coarse kosher salt $ 1 1/2 teaspoons dried basil $ 1 1/2 teaspoons dried marjoram $ 1 teaspoon dried rosemary, crushed slightly $ 1/2 teaspoon ground black pepper $ Sugar (optional) $ 6 tablespoons bottled lemon juice (preferably organic) $ ",Sauce $ Herb $ Tomato $ Stew $ Low Fat $ Vegetarian $ Low Cal $ Low Cholesterol $ Bon Appétit $ ,Italian American $ ,3.5/4,1,Sauce $ Herb $ Tomato $ Stew $ Low Fat $ Vegetarian $ Low Cal $ Low Cholesterol $ Bon Appétit $ Italian American $ 
https://www.epicurious.com/recipes/food/views/orecchiette-with-salsa-cruda-and-ricotta-243175,Orecchiette with Salsa Cruda and Ricotta ,"1 medium shallot, minced $ 2 small garlic cloves, forced through a garlic press $ 2 tablespoons extra-virgin olive oil $ 1 1/2 pounds tomatoes, chopped $ 1/4 teaspoon hot red-pepper flakes $ 1/3 cup coarsely chopped basil $ 1 pound dried orecchiette $ 3/4 cup ricotta (preferably fresh) $ Small basil leaves $ ",Pasta $ Tomato $ Vegetarian $ Quick & Easy $ High Fiber $ Dinner $ Ricotta $ Basil $ Summer $ Family Reunion $ Healthy $ Potluck $ Gourmet $ Pescatarian $ Wheat/Gluten-Free $ Peanut Free $ Tree Nut Free $ Soy Free $ No Sugar Added $ Kosher $ ,Italian $ Italian American $ ,3/4,40,Pasta $ Tomato $ Vegetarian $ Quick & Easy $ High Fiber $ Dinner $ Ricotta $ Basil $ Summer $ Family Reunion $ Healthy $ Potluck $ Gourmet $ Pescatarian $ Wheat/Gluten-Free $ Peanut Free $ Tree Nut Free $ Soy Free $ No Sugar Added $ Kosher $ Italian $ Italian American $ 
https://www.epicurious.com/recipes/food/views/orzo-green-bean-and-fennel-salad-with-dill-pesto-242693,"Orzo, Green Bean, and Fennel Salad with Dill Pesto ","8 ounces green beans, trimmed $ 8 ounces orzo (1 1/4 cups) $ 2/3 cup (packed) chopped fresh dill $ 1/4 cup olive oil $ 2 tablespoons white balsamic vinegar $ 1 tablespoon fresh lemon juice $ 2 cups 1/3-inch cubes unpeeled English hothouse cucumber (about 8 ounces) $ 3/4 cup diced fresh fennel bulb $ ",Salad $ Pasta $ Picnic $ Vegetarian $ Quick & Easy $ High Fiber $ Low Sodium $ Lunch $ Fennel $ Cucumber $ Green Bean $ Summer $ Healthy $ Low Cholesterol $ Dill $ Bon Appétit $ Vegan $ Pescatarian $ Dairy Free $ Peanut Free $ Tree Nut Free $ Soy Free $ No Sugar Added $ Kosher $ ,Italian American $ ,3/4,41,Salad $ Pasta $ Picnic $ Vegetarian $ Quick & Easy $ High Fiber $ Low Sodium $ Lunch $ Fennel $ Cucumber $ Green Bean $ Summer $ Healthy $ Low Cholesterol $ Dill $ Bon Appétit $ Vegan $ Pescatarian $ Dairy Free $ Peanut Free $ Tree Nut Free $ Soy Free $ No Sugar Added $ Kosher $ Italian American $ 
https://www.epicurious.com/recipes/food/views/caramelized-onion-and-gorgonzola-grilled-pizza-242597,Caramelized-Onion and Gorgonzola Grilled Pizza ,"6 tablespoon extra-virgin olive oil, divided $ 1 1/4 pounds onions (2 large), halved lengthwise and thinly sliced $ 14 to 16 ounce pizza dough, thawed if frozen $ 1/4 pound Gorgonzola dolce, crumbled (1 cup) $ 1/2 cup walnuts, toasted and coarsely chopped $ 1/4 cup chopped flat-leaf parsley $ ",Onion $ Backyard BBQ $ Blue Cheese $ Walnut $ Summer $ Grill $ Grill/Barbecue $ Gourmet $ ,Italian American $ ,3.5/4,17,Onion $ Backyard BBQ $ Blue Cheese $ Walnut $ Summer $ Grill $ Grill/Barbecue $ Gourmet $ Italian American $ 
https://www.epicurious.com/recipes/food/views/rigatoni-with-spicy-sausage-tomato-sauce-arugula-and-parmesan-242503,"Rigatoni with Spicy Sausage-Tomato Sauce, Arugula, and Parmesan ","1 tablespoon olive oil $ 1 large onion, chopped $ 3 garlic cloves, chopped $ 2 pounds fresh hot Italian sausages, casings removed $ 1/2 cup dry red wine $ 1 28-ounce can diced tomatoes in juice $ 1 28-ounce can crushed tomatoes with added puree $ 8 ounces rigatoni $ 2 cups (packed) fresh arugula, stemmed $ 1/2 cup thinly sliced fresh basil leaves $ 1 tablespoon chopped fresh oregano $ 1/2 cup freshly grated Parmesan cheese $ ",Pasta $ Tomato $ High Fiber $ Graduation $ Father's Day $ Dinner $ Parmesan $ Sausage $ Arugula $ Summer $ Potluck $ Bon Appétit $ Peanut Free $ Tree Nut Free $ Soy Free $ ,Italian American $ ,3.5/4,48,Pasta $ Tomato $ High Fiber $ Graduation $ Father's Day $ Dinner $ Parmesan $ Sausage $ Arugula $ Summer $ Potluck $ Bon Appétit $ Peanut Free $ Tree Nut Free $ Soy Free $ Italian American $ 
https://www.epicurious.com/recipes/food/views/linguine-with-herb-broth-and-clams-242502,Linguine with Herb Broth and Clams ,"1/4 cup (1/2 stick) butter $ 2 tablespoons olive oil $ 2 onions, chopped $ 6 garlic cloves, peeled, smashed $ 2 medium tomatoes, cored, chopped $ 3 cups dry white wine $ 1 cup (or more) water $ 3 pounds Manila clams or small littleneck clams, scrubbed $ 1/3 cup thinly sliced fresh basil leaves $ 1/4 cup chopped fresh parsley $ 1/4 cup chopped fresh oregano $ 2 pinches of dried crushed red pepper $ 8 ounces linguine $ ",Herb $ Pasta $ High Fiber $ Graduation $ Father's Day $ Dinner $ Basil $ Clam $ Summer $ Anniversary $ Poker/Game Night $ Potluck $ Parsley $ Oregano $ Bon Appétit $ Sugar Conscious $ Kidney Friendly $ Pescatarian $ Peanut Free $ Tree Nut Free $ Soy Free $ ,Italian American $ ,3.5/4,71,Herb $ Pasta $ High Fiber $ Graduation $ Father's Day $ Dinner $ Basil $ Clam $ Summer $ Anniversary $ Poker/Game Night $ Potluck $ Parsley $ Oregano $ Bon Appétit $ Sugar Conscious $ Kidney Friendly $ Pescatarian $ Peanut Free $ Tree Nut Free $ Soy Free $ Italian American $ 
https://www.epicurious.com/recipes/food/views/farfalle-with-chicken-tomatoes-caramelized-onions-and-goat-cheese-242501,"Farfalle with Chicken, Tomatoes, Caramelized Onions, and Goat Cheese ","2 tablespoons olive oil $ 2 large red onions, thinly sliced $ 2 tablespoons Sherry wine vinegar $ 1 teaspoon sugar $ 8 ounces farfalle $ 1 cup dry white wine $ 1 cup low-salt chicken broth $ 6 heirloom tomatoes, cored, chopped (about 5 cups) $ 2 cups shredded cooked chicken (from 1/2 rotisserie chicken) $ 1/2 cup thinly sliced basil leaves $ 2 tablespoons chopped fresh marjoram $ 3 cups baby spinach $ 3 ounces soft fresh goat cheese, crumbled $ ",Chicken $ Onion $ Pasta $ Tomato $ Picnic $ Low Cal $ High Fiber $ Graduation $ Back to School $ Dinner $ Lunch $ Goat Cheese $ Basil $ Summer $ Healthy $ Potluck $ Bon Appétit $ Peanut Free $ Tree Nut Free $ Soy Free $ ,Italian American $ ,3/4,64,Chicken $ Onion $ Pasta $ Tomato $ Picnic $ Low Cal $ High Fiber $ Graduation $ Back to School $ Dinner $ Lunch $ Goat Cheese $ Basil $ Summer $ Healthy $ Potluck $ Bon Appétit $ Peanut Free $ Tree Nut Free $ Soy Free $ Italian American $ 
https://www.epicurious.com/recipes/food/views/capellini-with-fresh-ricotta-roasted-garlic-corn-and-herbs-242499,"Capellini with Fresh Ricotta, Roasted Garlic, Corn, and Herbs ","1 large head of garlic, top 1/2 inch cut off $ 6 tablespoons extra-virgin olive oil, divided $ 4 ears of fresh corn with husks $ 6 tablespoons fresh lemon juice $ 4 teaspoons grated lemon peel $ 8 ounces capellini $ 2 cups (loosely packed) mixed greens $ 2 cups torn radicchio leaves $ 1 cup fresh ricotta cheese (7 to 8 ounces) $ 1/2 cup finely grated Parmesan cheese plus shaved Parmesan for garnish $ 1/2 cup chopped fresh parsley $ 1/3 cup thinly sliced fresh basil leaves $ 1/4 cup chopped fresh chives $ 1/4 cup chopped fresh dill $ ",Garlic $ Leafy Green $ Herb $ Vegetarian $ High Fiber $ Father's Day $ Dinner $ Ricotta $ Basil $ Corn $ Summer $ Healthy $ Chive $ Dill $ Parsley $ Bon Appétit $ Pescatarian $ Peanut Free $ Tree Nut Free $ Soy Free $ No Sugar Added $ Kosher $ ,Italian American $ ,3.5/4,33,Garlic $ Leafy Green $ Herb $ Vegetarian $ High Fiber $ Father's Day $ Dinner $ Ricotta $ Basil $ Corn $ Summer $ Healthy $ Chive $ Dill $ Parsley $ Bon Appétit $ Pescatarian $ Peanut Free $ Tree Nut Free $ Soy Free $ No Sugar Added $ Kosher $ Italian American $ 
https://www.epicurious.com/recipes/food/views/orzo-with-grilled-shrimp-summer-vegetables-and-pesto-vinaigrette-242498,"Orzo with Grilled Shrimp, Summer Vegetables, and Pesto Vinaigrette ","8 ounces orzo (about 1 1/3 cups) $ 6 1/2 tablespoons extra-virgin olive oil, divided $ 4 tablespoons red wine vinegar, divided $ 2 medium zucchini or summer squash (about 9 ounces total), cut lengthwise into 1/4-inch-thick slices $ 1 red or yellow bell pepper, quartered $ 3 tablespoons purchased pesto $ 2 tablespoons fresh lime juice $ 1 pound uncooked large shrimp, peeled, deveined $ 2 heirloom tomatoes (8 to 10 ounces total), cored, cut into 1/2-inch cubes (about 2 cups) $ 1/2 cup thinly sliced fresh basil leaves plus sprigs for garnish $ 1 8-ounce ball fresh mozzarella cheese, cut into 1/2-inch cubes $ ",Pasta $ Vegetable $ Picnic $ Kid-Friendly $ High Fiber $ Graduation $ Backyard BBQ $ Dinner $ Lunch $ Mozzarella $ Basil $ Shrimp $ Squash $ Zucchini $ Summer $ Family Reunion $ Grill $ Grill/Barbecue $ Healthy $ Potluck $ Bon Appétit $ Sugar Conscious $ Peanut Free $ Soy Free $ No Sugar Added $ ,Italian American $ ,3.5/4,108,Pasta $ Vegetable $ Picnic $ Kid-Friendly $ High Fiber $ Graduation $ Backyard BBQ $ Dinner $ Lunch $ Mozzarella $ Basil $ Shrimp $ Squash $ Zucchini $ Summer $ Family Reunion $ Grill $ Grill/Barbecue $ Healthy $ Potluck $ Bon Appétit $ Sugar Conscious $ Peanut Free $ Soy Free $ No Sugar Added $ Italian American $ 
https://www.epicurious.com/recipes/food/views/new-chicken-parmesan-242486,New Chicken Parmesan ,"1/3 cup extra-virgin olive oil $ 2 large garlic cloves, pressed $ 1/2 teaspoon salt $ 1 12-ounce container grape tomatoes $ 1 1/2 teaspoons dried oregano $ Large pinch of dried crushed red pepper $ 4 skinless boneless chicken breast halves (about 6 ounces each) $ 1 1/4 cups finely grated Parmesan cheese, divided $ 6 ounces fresh mozzarella cheese in water, drained, thinly sliced $ ",Chicken $ Tomato $ Roast $ Kid-Friendly $ Quick & Easy $ Dinner $ Mozzarella $ Parmesan $ Summer $ Bon Appétit $ Sugar Conscious $ Wheat/Gluten-Free $ Peanut Free $ Tree Nut Free $ Soy Free $ No Sugar Added $ ,Italian American $ ,3.5/4,54,Chicken $ Tomato $ Roast $ Kid-Friendly $ Quick & Easy $ Dinner $ Mozzarella $ Parmesan $ Summer $ Bon Appétit $ Sugar Conscious $ Wheat/Gluten-Free $ Peanut Free $ Tree Nut Free $ Soy Free $ No Sugar Added $ Italian American $ 
https://www.epicurious.com/recipes/food/views/tomato-red-onion-and-basil-bruschetta-242473,"Tomato, Red Onion, and Basil Bruschetta ","2 cups assorted cherry, grape, and teardrop tomatoes, halved (or quartered if large) $ 1/2 small red onion, finely chopped $ 3 tablespoons olive oil plus additional for brushing $ 3 tablespoons chopped fresh basil $ 1 1/2 tablespoons balsamic vinegar $ 1 large loaf focaccia, halved horizontally (reserve half for another use) $ 1 garlic clove, peeled, halved $ ",Appetizer $ Side $ Broil $ Vegetarian $ Kid-Friendly $ Low Cal $ Spring $ Summer $ Poker/Game Night $ Low Cholesterol $ Party $ Bon Appétit $ Pescatarian $ Dairy Free $ Peanut Free $ Tree Nut Free $ Soy Free $ Kosher $ ,Italian $ Italian American $ ,4/4,48,Appetizer $ Side $ Broil $ Vegetarian $ Kid-Friendly $ Low Cal $ Spring $ Summer $ Poker/Game Night $ Low Cholesterol $ Party $ Bon Appétit $ Pescatarian $ Dairy Free $ Peanut Free $ Tree Nut Free $ Soy Free $ Kosher $ Italian $ Italian American $ 
https://www.epicurious.com/recipes/food/views/pizza-bianca-with-rosemary-and-sea-salt-242134,Pizza Bianca with Rosemary and Sea Salt ,"1 1/2 pounds fresh pizza dough or two 10-ounce purchased fully baked thin pizza crusts (such as Boboli) $ Extra-virgin olive oil $ 2 teaspoons minced fresh rosemary, divided $ Sea salt $ ",Bake $ Vegetarian $ Kid-Friendly $ Quick & Easy $ Backyard BBQ $ Dinner $ Lunch $ Rosemary $ Fall $ Spring $ Summer $ Winter $ Poker/Game Night $ Grill/Barbecue $ Low Cholesterol $ Potluck $ Bon Appétit $ ,Italian American $ ,4/4,7,Bake $ Vegetarian $ Kid-Friendly $ Quick & Easy $ Backyard BBQ $ Dinner $ Lunch $ Rosemary $ Fall $ Spring $ Summer $ Winter $ Poker/Game Night $ Grill/Barbecue $ Low Cholesterol $ Potluck $ Bon Appétit $ Italian American $ 
https://www.epicurious.com/recipes/food/views/passover-pasta-primavera-242020,Passover Pasta Primavera ,"1 cup matzo cake meal $ 2 large eggs plus 1 large yolk $ 3 tablespoons water $ 2 tablespoons olive oil $ Potato starch for dusting $ 2 tablespoons olive oil $ 1/2 pound asparagus, trimmed and thinly sliced, leaving tips whole $ 1 medium zucchini, halved lengthwise, then thinly sliced crosswise $ 1 cup frozen peas (optional) $ 6 scallions, thinly sliced, keeping white and pale green parts separate from greens $ 1/3 cup grated Parmigiano-Reggiano plus some for serving $ 1 teaspoon grated lemon zest $ ",Pasta $ Sauté $ Passover $ Vegetarian $ Dinner $ Parmesan $ Asparagus $ Zucchini $ Spring $ Healthy $ Kosher $ Kosher for Passover $ Gourmet $ Sugar Conscious $ Pescatarian $ Peanut Free $ Tree Nut Free $ Soy Free $ No Sugar Added $ ,Italian American $ ,3.5/4,9,Pasta $ Sauté $ Passover $ Vegetarian $ Dinner $ Parmesan $ Asparagus $ Zucchini $ Spring $ Healthy $ Kosher $ Kosher for Passover $ Gourmet $ Sugar Conscious $ Pescatarian $ Peanut Free $ Tree Nut Free $ Soy Free $ No Sugar Added $ Italian American $ 
https://www.epicurious.com/recipes/food/views/spaghetti-with-red-clam-sauce-241994,Spaghetti with Red Clam Sauce ,"1/3 cup olive oil $ 3 large garlic cloves, chopped $ 1/2 teaspoon dried hot red-pepper flakes $ 1 (28- to 32-ounce) can whole tomatoes in juice, coarsely chopped, reserving juice $ 2 teaspoons sugar $ 1 pound spaghetti $ 3 dozen hard-shelled clams such as littlenecks $ ",Pasta $ Tomato $ Quick & Easy $ High Fiber $ Dinner $ Clam $ Healthy $ Gourmet $ Pescatarian $ Dairy Free $ Peanut Free $ Tree Nut Free $ Soy Free $ ,Italian American $ ,3.5/4,5,Pasta $ Tomato $ Quick & Easy $ High Fiber $ Dinner $ Clam $ Healthy $ Gourmet $ Pescatarian $ Dairy Free $ Peanut Free $ Tree Nut Free $ Soy Free $ Italian American $ 
https://www.epicurious.com/recipes/food/views/artichoke-and-parmesan-risotto-241892,Artichoke and Parmesan Risotto ,"5 1/2 cups (or more) low-salt chicken broth $ 2 tablespoons butter, divided $ 2 tablespoons extra-virgin olive oil $ 1 cup finely chopped onion $ 8 baby artichokes, trimmed, halved $ 1 1/2 cups arborio rice (about 10 ounces) $ 1/2 cup dry white wine $ 1/2 cup finely grated Parmesan cheese $ ",Side $ Kid-Friendly $ High Fiber $ Dinner $ Parmesan $ Artichoke $ Spring $ Summer $ Simmer $ Bon Appétit $ Pescatarian $ Wheat/Gluten-Free $ Peanut Free $ Tree Nut Free $ Soy Free $ Kosher $ ,Italian American $ ,3.5/4,23,Side $ Kid-Friendly $ High Fiber $ Dinner $ Parmesan $ Artichoke $ Spring $ Summer $ Simmer $ Bon Appétit $ Pescatarian $ Wheat/Gluten-Free $ Peanut Free $ Tree Nut Free $ Soy Free $ Kosher $ Italian American $ 
https://www.epicurious.com/recipes/food/views/easter-bread-dolls-pupi-or-titola-241844,Easter Bread Dolls (Pupi or Titola) ,"1 recipe pinza dough , prepared through first rise and divided into 3 balls $ 3 dyed Easter eggs $ 1 large egg $ 2 tablespoons sugar $ ",Bread $ Egg $ Breakfast $ Brunch $ Side $ Bake $ Easter $ Kid-Friendly $ Dinner $ Lunch $ Buffet $ ,Italian $ Italian American $ Northern Italian $ ,2/4,3,Bread $ Egg $ Breakfast $ Brunch $ Side $ Bake $ Easter $ Kid-Friendly $ Dinner $ Lunch $ Buffet $ Italian $ Italian American $ Northern Italian $ 
https://www.epicurious.com/recipes/food/views/fried-egg-and-sausage-ciabatta-breakfast-pizzas-241096,Fried Egg and Sausage Ciabatta Breakfast Pizzas ,"1 loaf ciabatta bread (about 1 pound) $ 1 cup chopped green onions $ 8 tablespoons olive oil, divided $ 8 ounces sliced hot pepper Monterey Jack cheese $ 1 pound spicy or sweet Italian sausages, casings removed $ 8 large eggs $ ",Cheese $ Egg $ Breakfast $ Brunch $ Kid-Friendly $ Quick & Easy $ Sausage $ Monterey Jack $ Bon Appétit $ Sugar Conscious $ Peanut Free $ Tree Nut Free $ Soy Free $ No Sugar Added $ ,Italian American $ ,4/4,21,Cheese $ Egg $ Breakfast $ Brunch $ Kid-Friendly $ Quick & Easy $ Sausage $ Monterey Jack $ Bon Appétit $ Sugar Conscious $ Peanut Free $ Tree Nut Free $ Soy Free $ No Sugar Added $ Italian American $ 
https://www.epicurious.com/recipes/food/views/turkey-meatball-grinder-240784,Turkey Meatball Grinder ,"2 pounds ground turkey $ 1 onion, grated $ 1 tablespoon minced garlic $ 1 teaspoon dried basil $ 1 teaspoon dried oregano $ 1 teaspoon fennel seeds $ Salt and pepper, to taste $ 1 egg, lightly beaten (optional) $ 2 tablespoons olive oil $ About 3 cups of your favorite tomato sauce $ 8 French rolls (each about 5 inches long and 3 inches wide); or 3 Italian breads (about 15 inches long and 3 inches wide), sliced into 3 pieces each, with the insides pulled out $ ",Sandwich $ Onion $ Tomato $ turkey $ Kid-Friendly $ Lunch $ Fall $ Winter $ Parade $ ,American $ Italian American $ ,3.5/4,15,Sandwich $ Onion $ Tomato $ turkey $ Kid-Friendly $ Lunch $ Fall $ Winter $ Parade $ American $ Italian American $ 
https://www.epicurious.com/recipes/food/views/my-hero-240769,My Hero ,"1 French or Italian bread (7 to 8 inches long) $ 1 tablespoon plus 2 teaspoons olive oil $ 8 tender arugula leaves $ 1 ripe plum tomato, cut into 1/4-inch strips $ 1 tablespoon balsamic vinegar $ Salt and pepper, to taste $ 3 slices mozzarella (about 1/8 inch thick) $ 4 whole fresh basil leaves, rinsed and patted dry $ 2 thin slices (2 ounces) prosciutto di Parma $ 4 thin slices (1 ounce) Genoa salami $ ",Sandwich $ Tomato $ No-Cook $ Quick & Easy $ Lunch $ Mozzarella $ Basil $ Arugula $ Prosciutto $ Parade $ ,Italian American $ ,4/4,1,Sandwich $ Tomato $ No-Cook $ Quick & Easy $ Lunch $ Mozzarella $ Basil $ Arugula $ Prosciutto $ Parade $ Italian American $ 
https://www.epicurious.com/recipes/food/views/breakfast-risotto-240748,Breakfast Risotto ,"4 tablespoons (1/2 stick) butter, divided $ 4 hot Italian sausages, casings removed $ 1 small onion, chopped (about 1 cup) $ 2 small bay leaves $ 1 cup arborio rice or medium-grain white rice $ 1/2 cup dry white wine $ 3 cups (or more) low-salt chicken broth $ Pinch of saffron threads $ 1/3 cup freshly grated Parmesan cheese plus additional for serving $ 1/3 cup chopped fresh Italian parsley $ ",Rice $ Breakfast $ Brunch $ Sauté $ Quick & Easy $ Parmesan $ Sausage $ Parsley $ Bon Appétit $ Wheat/Gluten-Free $ Peanut Free $ Tree Nut Free $ Soy Free $ ,Italian American $ ,3.5/4,44,Rice $ Breakfast $ Brunch $ Sauté $ Quick & Easy $ Parmesan $ Sausage $ Parsley $ Bon Appétit $ Wheat/Gluten-Free $ Peanut Free $ Tree Nut Free $ Soy Free $ Italian American $ 
https://www.epicurious.com/recipes/food/views/cranberry-almond-crostata-240565,Cranberry Almond Crostata ,"1/8 cup whole raw almonds (1/4 pound), toasted and cooled $ 2 cups all-purpose flour, divided $ 1 1/4 sticks unsalted butter, softened $ 1/2 cup packed light brown sugar $ 1 large egg, lightly beaten, divided $ 1/2 teaspoon pure vanilla extract $ 1/8 teaspoon pure almond extract $ 2 teaspoons grated lemon zest $ 1/2 teaspoon salt $ 2 1/2 cups fresh or frozen cranberries (10 ounces) $ 1/4 cup fresh orange juice $ 1/2 cup sweet orange marmalade $ 1/2 cup packed light brown sugar $ 1 tablespoon granulated sugar $ Equipment: a 9-inch springform pan; a pastry wheel or pizza cutter $ ",Food Processor $ Mixer $ Berry $ Fruit $ Nut $ Dessert $ Bake $ Christmas $ Thanksgiving $ Cranberry $ Tree Nut $ Almond $ Fall $ Winter $ Chill $ Gourmet $ Kidney Friendly $ Vegetarian $ Pescatarian $ Peanut Free $ Soy Free $ Kosher $ ,Italian $ Italian American $ ,3.5/4,14,Food Processor $ Mixer $ Berry $ Fruit $ Nut $ Dessert $ Bake $ Christmas $ Thanksgiving $ Cranberry $ Tree Nut $ Almond $ Fall $ Winter $ Chill $ Gourmet $ Kidney Friendly $ Vegetarian $ Pescatarian $ Peanut Free $ Soy Free $ Kosher $ Italian $ Italian American $ 
https://www.epicurious.com/recipes/food/views/penne-with-meat-sauce-240525,Penne with Meat Sauce ,12 ounces whole-wheat penne $ Vegetable oil cooking spray $ 1/4 cup diced onion $ 1/2 cup diced green bell pepper $ 14 ounces lean (7% fat) ground turkey $ 2 1/4 cups prepared marinara $ 1 tablespoon freshly grated Parmesan $ ,Pasta $ Poultry $ Tomato $ turkey $ Vegetable $ Sauté $ Dinner $ Fall $ Winter $ Healthy $ Self $ Sugar Conscious $ Peanut Free $ Tree Nut Free $ Soy Free $ No Sugar Added $ ,Italian $ European $ Italian American $ ,1/4,4,Pasta $ Poultry $ Tomato $ turkey $ Vegetable $ Sauté $ Dinner $ Fall $ Winter $ Healthy $ Self $ Sugar Conscious $ Peanut Free $ Tree Nut Free $ Soy Free $ No Sugar Added $ Italian $ European $ Italian American $ 
https://www.epicurious.com/recipes/food/views/creamy-bean-soup-with-fresh-herbs-and-spinach-233693,Creamy Bean Soup with Fresh Herbs and Spinach ,"3 tablespoons olive oil $ 3 cups chopped onions (about 2 medium) $ 3 garlic cloves, minced $ 1 tablespoon chopped fresh rosemary $ 5 cups low-salt chicken broth $ 2 15- to 16-ounce cans white beans, drained $ 2 15- to 16-ounce cans garbanzo beans (chickpeas), drained $ 1 6-ounce package baby spinach leaves $ 1 tablespoon finely chopped fresh sage $ Grated Parmesan cheese $ Extra-virgin olive oil (optional) $ ",Soup/Stew $ Bean $ Leafy Green $ Herb $ Quick & Easy $ Lunch $ Parmesan $ Rosemary $ Spinach $ Chickpea $ Fall $ Winter $ Bon Appétit $ Virginia $ Wheat/Gluten-Free $ Peanut Free $ Tree Nut Free $ Soy Free $ No Sugar Added $ ,American $ Italian American $ ,3/4,67,Soup/Stew $ Bean $ Leafy Green $ Herb $ Quick & Easy $ Lunch $ Parmesan $ Rosemary $ Spinach $ Chickpea $ Fall $ Winter $ Bon Appétit $ Virginia $ Wheat/Gluten-Free $ Peanut Free $ Tree Nut Free $ Soy Free $ No Sugar Added $ American $ Italian American $ 
https://www.epicurious.com/recipes/food/views/eggplant-tomato-and-fontina-pizza-230755,"Eggplant, Tomato, and Fontina Pizza ","1 (1 1/2-pound) eggplant, cut crosswise into 1/4-inch-thick slices $ 1 3/4 teaspoons salt $ 3/4 cup packed fresh basil leaves $ 1/4 cup packed fresh mint leaves $ 2 garlic cloves $ 10 ounces grape tomatoes (2 cups), quartered $ 5 tablespoons extra-virgin olive oil plus additional for brushing dough $ Pizza dough $ Flour for dredging $ 1/4 pound Italian Fontina, rind discarded and cheese cut into 1/4-inch dice (1 cup) $ a pizza stone; parchment paper; a baking peel or rimless baking sheet $ ",Cheese $ Tomato $ Vegetable $ Bake $ Vegetarian $ Mint $ Basil $ Eggplant $ Fontina $ Gourmet $ ,Italian American $ ,3.5/4,4,Cheese $ Tomato $ Vegetable $ Bake $ Vegetarian $ Mint $ Basil $ Eggplant $ Fontina $ Gourmet $ Italian American $ 
https://www.epicurious.com/recipes/food/views/quick-cioppino-233134,Quick Cioppino ,"3 tablespoons olive oil $ 2 cups finely chopped onions $ 2 large garlic cloves, minced $ 2 teaspoons chopped fresh rosemary $ 1/4 teaspoon dried crushed red pepper $ 1 2/3 cups canned crushed tomatoes in puree (from one 28-ounce can) $ 2 8-ounce bottles clam juice $ 3/4 cup dry white wine $ 12 ounces halibut fillets, cut into 1-inch pieces $ 1/2 pound uncooked peeled deveined medium shrimp $ 1/2 pound bay scallops $ 1/3 cup chopped fresh parsley, divided $ ",Soup/Stew $ Fish $ Shellfish $ Tomato $ Appetizer $ Quick & Easy $ Scallop $ Shrimp $ White Wine $ Bon Appétit $ Houston $ Texas $ Pescatarian $ Paleo $ Dairy Free $ Wheat/Gluten-Free $ Peanut Free $ Tree Nut Free $ Soy Free $ ,American $ Italian $ Italian American $ Californian $ ,3/4,10,Soup/Stew $ Fish $ Shellfish $ Tomato $ Appetizer $ Quick & Easy $ Scallop $ Shrimp $ White Wine $ Bon Appétit $ Houston $ Texas $ Pescatarian $ Paleo $ Dairy Free $ Wheat/Gluten-Free $ Peanut Free $ Tree Nut Free $ Soy Free $ American $ Italian $ Italian American $ Californian $ 
https://www.epicurious.com/recipes/food/views/castellane-pasta-with-sausage-peppers-cherry-tomaotes-and-marjoram-231594,"Castellane Pasta with Sausage, Peppers, Cherry Tomaotes, and Marjoram ","1 tablespoon extra-virgin olive oil $ 1 pound hot Italian sausages, casings removed $ 2 red bell peppers, chopped (about 2 cups) $ 1 large onion, chopped (about 2 cups) $ 2 1/2 teaspoons chopped fresh marjoram $ 2 12-ounce packages cherry tomatoes $ 12 ounces castellane (long oval shells) or fusilli pasta $ 5 ounces crumbled goat cheese $ ",Herb $ Onion $ Pasta $ Pepper $ Pork $ Tomato $ Sauté $ Quick & Easy $ Sausage $ Bon Appétit $ ,American $ Italian American $ ,3.5/4,16,Herb $ Onion $ Pasta $ Pepper $ Pork $ Tomato $ Sauté $ Quick & Easy $ Sausage $ Bon Appétit $ American $ Italian American $ 
https://www.epicurious.com/recipes/food/views/prosciutto-mozzarella-and-olive-sandwiches-on-parmesan-focaccia-14161,"Prosciutto, Mozzarella, and Olive Sandwiches on Parmesan Focaccia ",1 large plum tomato $ 3 tablespoons black olive paste $ 1/4 cup chopped fresh basil leaves $ 1 pound fresh mozzarella $ 4 cups trimmed arugula $ 2 tablespoons extra-virgin olive oil $ 1 Parmesan Focaccia $ 1/2 pound thinly sliced prosciutto $ ,Sandwich $ Cheese $ Olive $ Tomato $ No-Cook $ Picnic $ Quick & Easy $ Lunch $ Mozzarella $ Parmesan $ Basil $ Arugula $ Summer $ Prosciutto $ Gourmet $ ,Italian $ Italian American $ ,3.5/4,7,Sandwich $ Cheese $ Olive $ Tomato $ No-Cook $ Picnic $ Quick & Easy $ Lunch $ Mozzarella $ Parmesan $ Basil $ Arugula $ Summer $ Prosciutto $ Gourmet $ Italian $ Italian American $ 
https://www.epicurious.com/recipes/food/views/grilled-mozzarella-cheeseburgers-with-dried-tomato-and-arugula-pesto-12456,Grilled Mozzarella Cheeseburgers with Dried Tomato and Arugula Pesto ,"1 large red onion $ 2 pounds ground beef $ 3/4 cup dried tomato and arugula pesto, or to taste $ 6 ounces mozzarella, cut into 6 slices $ olive oil for brushing onion $ 6 hamburger buns, grilled lightly if desired $ 1 1/2 cups packed arugula, washed well and spun dry $ 1/3 cup drained bottled dried tomatoes packed in oil $ 1/4 cup olive oil $ 3 tablespoons freshly grated Parmesan $ 2 tablespoons pine nuts, toasted golden and cooled $ 1 large garlic clove, chopped and mashed to a paste with 1/2 teaspoon salt $ a pinch sugar $ ",Tomato $ Backyard BBQ $ Mozzarella $ Ground Beef $ Arugula $ Summer $ Grill $ Grill/Barbecue $ Gourmet $ ,American $ Italian American $ ,2.5/4,3,Tomato $ Backyard BBQ $ Mozzarella $ Ground Beef $ Arugula $ Summer $ Grill $ Grill/Barbecue $ Gourmet $ American $ Italian American $ 
https://www.epicurious.com/recipes/food/views/quick-tomato-sauce-13711,Quick Tomato Sauce ,"a 28- to 32-ounce can whole tomatoes including juice $ 1 small onion, chopped fine $ 1/4 cup extra-virgin olive oil $ 1 teaspoon salt $ ",Sauce $ Blender $ Food Processor $ Onion $ Tomato $ Quick & Easy $ Wheat/Gluten-Free $ Vegan $ Gourmet $ ,Italian American $ ,4/4,11,Sauce $ Blender $ Food Processor $ Onion $ Tomato $ Quick & Easy $ Wheat/Gluten-Free $ Vegan $ Gourmet $ Italian American $ 
https://www.epicurious.com/recipes/food/views/meatballs-with-parsley-and-parmesan-2235,Meatballs with Parsley and Parmesan ,"4 large eggs $ 1/2 cup fresh French breadcrumbs $ 6 tablespoons grated Parmesan cheese $ 3 tablespoons olive oil $ 1/4 cup chopped fresh parsley $ 3 large garlic cloves, minced $ 2 teaspoons salt $ 1 teaspoon ground black pepper $ 2 pounds lean ground beef $ Additional olive oil (for frying) $ ",Beef $ Cheese $ Egg $ Herb $ Dinner $ Bon Appétit $ New Mexico $ ,Italian $ Italian American $ ,3.5/4,137,Beef $ Cheese $ Egg $ Herb $ Dinner $ Bon Appétit $ New Mexico $ Italian $ Italian American $ 
https://www.epicurious.com/recipes/food/views/onion-tomato-and-olive-pizzas-108869,"Onion, Tomato, and Olive Pizzas ","2 medium onions, halved lengthwise and thinly sliced lengthwise $ 2 garlic cloves, finely chopped $ 1 teaspoon anchovy paste $ 1/4 teaspoon salt $ 1/4 teaspoon black pepper $ 1/4 teaspoon sugar $ 2 tablespoons extra-virgin olive oil $ 1/2 pound frozen pizza dough, thawed $ 3/4 cup grape tomatoes (4 1/2 ounces), cut crosswise into 1/4-inch-thick slices $ 1/4 cup Kalamata olives (1 1/2 ounces), pitted and cut into slivers $ 1 teaspoon fresh thyme leaves $ Scant 1/2 teaspoon flaky sea salt such as Maldon* $ parchment paper $ ",Olive $ Onion $ Tomato $ Bake $ Cocktail Party $ Vegetarian $ Quick & Easy $ Gourmet $ ,Italian American $ ,3/4,7,Olive $ Onion $ Tomato $ Bake $ Cocktail Party $ Vegetarian $ Quick & Easy $ Gourmet $ Italian American $ 
https://www.epicurious.com/recipes/food/views/veal-and-roasted-vegetable-lasagne-anderson-14986,Veal and Roasted Vegetable Lasagne Anderson ,1 small onion $ 1/2 pound mushrooms (about 2 cups) $ 2 garlic cloves $ a 28- to 32-ounce can whole tomatoes $ 1/4 cup drained dried tomatoes packed in oil $ 1 1/2 tablespoons olive oil $ 1/4 cup tomato paste (about half a 6-ounce can) $ 1/2 pound ground veal $ 1/4 cup chopped fresh basil leaves $ 2 large red bell peppers $ 3 medium onions $ 4 medium carrots $ 8 large garlic cloves $ 2 tablespoons olive oil $ 2 cups grated mozzarella (about 8 ounces) $ a 15-ounce container ricotta (about 1 3/4 cups) $ grated Romano or Parmesan $ 1 large egg $ 1/4 cup finely chopped fresh parsley leaves $ 1 cup packed fresh basil leaves $ twelve 7- by 3 1/2-inch sheets dry no-boil lasagne $ 1/2 cup grated mozzarella (about 2 ounces) $ 1/3 cup grated Romano or Parmesan (about 1 ounce) $ ,Beef $ Cheese $ Pasta $ Tomato $ Vegetable $ Bake $ Ricotta $ Veal $ Carrot $ Winter $ Gourmet $ Ohio $ ,Italian American $ ,3.5/4,6,Beef $ Cheese $ Pasta $ Tomato $ Vegetable $ Bake $ Ricotta $ Veal $ Carrot $ Winter $ Gourmet $ Ohio $ Italian American $ 
https://www.epicurious.com/recipes/food/views/pasta-with-dinos-marinara-sauce-2813,Pasta with Dino's Marinara Sauce ,"3 tablespoons olive oil $ 1 large onion, chopped $ 6 garlic cloves, sliced $ 1 pound fresh mushrooms, sliced $ 1/2 teaspoon dried crushed red pepper $ 1 28-ounce can Italian plum tomatoes, chopped, juices reserved $ 1 15-ounce can tomato sauce $ 1 teaspoon sugar $ 1 1/2 teaspoons dried basil, crumbled $ 3/4 teaspoon dried oregano, crumbled $ 1 9- to 10-ounce package purchased tortellini, freshly cooked $ 3 tablespoons chopped fresh parsley $ Grated Parmesan cheese $ ",Garlic $ Mushroom $ Pasta $ Tomato $ Quick & Easy $ Bon Appétit $ ,Italian American $ ,3.5/4,55,Garlic $ Mushroom $ Pasta $ Tomato $ Quick & Easy $ Bon Appétit $ Italian American $ 
https://www.epicurious.com/recipes/food/views/pasta-tonnato-nests-1189,Pasta Tonnato Nests ,"8 to 9 ounces fresh or dried herb flavored fettuccine $ 1 1/2 tablespoons olive oil $ 1 cup purchased chunky garden style pasta sauce $ 1/4 cup dry red wine $ 1 6-ounce can solid white tuna packed in water, drained $ 1/4 cup sliced pitted brine-cured olives (such as Kalamata) $ 2 tablespoons chopped fresh basil $ ",Olive $ Pasta $ Tomato $ Quick & Easy $ Tuna $ Red Wine $ Winter $ Bon Appétit $ ,Italian American $ ,3/4,1,Olive $ Pasta $ Tomato $ Quick & Easy $ Tuna $ Red Wine $ Winter $ Bon Appétit $ Italian American $ 
https://www.epicurious.com/recipes/food/views/hoagies-13175,Hoagies ,"2 Italian sandwich rolls or one 9-inch loaf of Italian bread $ 2 tablespoons mayonnaise if desired $ 3/4 cup finely shredded lettuce $ 1/2 small onion, sliced very thin $ 6 slices of hard salami $ 6 thin slices of capicola (seasoned smoked ham) or other cooked ham $ 4 thin slices of provolone $ 6 thin slices of tomato $ 3 tablespoons olive oil $ 1 tablespoon red-wine vinegar $ 1/2 teaspoon dried orégano, crumbled $ 2 bottled hot cherry peppers, or to taste, sliced thin $ ",Sandwich $ Cheese $ Pork $ Tomato $ No-Cook $ Kid-Friendly $ Meat $ Tailgating $ Gourmet $ ,Italian American $ ,2.5/4,15,Sandwich $ Cheese $ Pork $ Tomato $ No-Cook $ Kid-Friendly $ Meat $ Tailgating $ Gourmet $ Italian American $ 
https://www.epicurious.com/recipes/food/views/mozzarella-arugula-and-marinated-tomatoes-on-focaccia-12395,"Mozzarella, Arugula, and Marinated Tomatoes on Focaccia ","3 large vine-ripened tomatoes (about 1 1/2 pounds total), cut into  1/4-inch-thick slices $ 1 red onion, sliced thin $ 3 tablespoons red-wine vinegar $ freshly ground black pepper $ 4 cups packed trimmed arugula, washed well, spun dry, and chopped  coarse $ Quick Focaccia , halved horizontally with a serrated  knife $ 1/2 pound fresh mozzarella, sliced thin $ ",Sandwich $ Tomato $ Marinate $ No-Cook $ Low Fat $ Quick & Easy $ Lunch $ Mozzarella $ Arugula $ Summer $ Gourmet $ ,Italian American $ ,3.5/4,4,Sandwich $ Tomato $ Marinate $ No-Cook $ Low Fat $ Quick & Easy $ Lunch $ Mozzarella $ Arugula $ Summer $ Gourmet $ Italian American $ 
https://www.epicurious.com/recipes/food/views/mini-pizzas-695,Mini Pizzas ,"24 slices firm white bread $ 3/4 pound sweet or hot Italian sausages, casings removed $ 3 large garlic cloves, chopped $ 1 cup packed grated mozzarella cheese (about 4 ounces) $ 3/4 cup purchased pizza or marinara sauce $ 1/3 cup grated Parmesan cheese (about 1 ounce) $ ",Bake $ Super Bowl $ Mozzarella $ Parmesan $ Sausage $ Bon Appétit $ ,Italian American $ ,3.5/4,4,Bake $ Super Bowl $ Mozzarella $ Parmesan $ Sausage $ Bon Appétit $ Italian American $ 
https://www.epicurious.com/recipes/food/views/italian-spoon-biscuits-with-tomato-sauce-and-cheese-4102,Italian Spoon Biscuits with Tomato Sauce and Cheese ,"3 10- to 11-ounce cans refrigerated buttermilk biscuits $ 2 cups prepared tomato pasta sauce $ 1 cup sliced green onions $ 1 green bell pepper, chopped $ 2 cups (packed) grated mozzarella cheese (about 8 ounces) $ ",Pepper $ Tomato $ Bake $ Mozzarella $ Bon Appétit $ ,Italian American $ ,2.5/4,5,Pepper $ Tomato $ Bake $ Mozzarella $ Bon Appétit $ Italian American $ 
https://www.epicurious.com/recipes/food/views/fusilli-with-corn-and-uncooked-tomato-sauce-12504,Fusilli with Corn and Uncooked Tomato Sauce ,"1 1/2 tablespoons red-wine vinegar $ 3 tablespoons olive oil, or to taste $ 1/2 cup cooked corn kernels (cut from about 1 ear of corn) $ 1 pound tomatoes, seeded and chopped [the secret of this recipe is to use the ripest, most flavorful ones] $ 1/4 cup thinly sliced scallion $ 1/2 pound fusilli or other spiral-shaped pasta $ ",Pasta $ Tomato $ Vegetarian $ Quick & Easy $ Corn $ Summer $ Vegan $ Gourmet $ ,Italian American $ ,3/4,9,Pasta $ Tomato $ Vegetarian $ Quick & Easy $ Corn $ Summer $ Vegan $ Gourmet $ Italian American $ 
https://www.epicurious.com/recipes/food/views/pasta-shells-with-prosciutto-ricotta-and-mushrooms-2845,"Pasta Shells with Prosciutto, Ricotta and Mushrooms ","12 jumbo pasta shells $ 3 tablespoons butter $ 2 ounces prosciutto, fat trimmed, chopped $ 2 large shallots, chopped $ 8 ounces cremini or button mushrooms, chopped (about 3 cups) $ 1/2 cup ricotta cheese $ 3 tablespoons chopped fresh basil or 1 tablespoon dried, crumbled $ 3 tablespoons chopped fresh parsley $ 1 15-ounce container prepared marinara sauce (about 2 cups) $ 1/2 cup freshly grated Parmesan cheese (about 2 ounces) $ ",Mushroom $ Pasta $ Tomato $ Bake $ Ricotta $ Winter $ Prosciutto $ Bon Appétit $ ,Italian American $ ,3.5/4,35,Mushroom $ Pasta $ Tomato $ Bake $ Ricotta $ Winter $ Prosciutto $ Bon Appétit $ Italian American $ 
https://www.epicurious.com/recipes/food/views/eggplant-pizza-102240,Eggplant Pizza ,1 large eggplant (1 1/4 pound) $ About 3 tablespoons olive oil $ 1 (1/4-ounce) package fast-acting yeast $ 2/3 cup warm water (110-115°F.) $ 1 2/3 cups all-purpose flour $ 1/2 teaspoon salt $ 2 tablespoons olive oil $ 3 ounces grated mozzarella (3/4 cup) $ 3/4 ounces grated Asiago or Parmesan (1/4 cup) $ 2 tablespoons olive oil $ 2 tablespoons minced garlic $ 1/2 teaspoon dried hot red pepper flakes $ ,Cheese $ Vegetable $ Bake $ Dinner $ Lunch $ Mozzarella $ Parmesan $ Eggplant $ Fall $ Summer $ Gourmet $ Pennsylvania $ Vegetarian $ Pescatarian $ Peanut Free $ Tree Nut Free $ Soy Free $ No Sugar Added $ Kosher $ Diabetes-Friendly $ ,American $ Italian American $ ,3.5/4,35,Cheese $ Vegetable $ Bake $ Dinner $ Lunch $ Mozzarella $ Parmesan $ Eggplant $ Fall $ Summer $ Gourmet $ Pennsylvania $ Vegetarian $ Pescatarian $ Peanut Free $ Tree Nut Free $ Soy Free $ No Sugar Added $ Kosher $ Diabetes-Friendly $ American $ Italian American $ 
https://www.epicurious.com/recipes/food/views/presto-pesto-pizza-1193,Presto Pesto Pizza ,"1 1/2 cups (packed) stemmed spinach leaves $ 1/2 cup (packed) fresh basil leaves (about 1 bunch) $ 1 1/2 tablespoons oil from oil-packed sun-dried tomatoes or olive oil $ 1 large garlic clove $ Nonstick vegetable oil spray $ 1 1-pound loaf frozen bread dough, thawed, room temperature $ 1/3 cup sliced drained oil-packed sun-dried tomatoes $ 2 cups (packed) grated mozzarella cheese (about 8 ounces) $ 1 cup grated Parmesan cheese $ ",Food Processor $ Cheese $ Tomato $ Bake $ Vegetarian $ Lunch $ Mozzarella $ Basil $ Healthy $ Bon Appétit $ Pittsburgh $ Pennsylvania $ ,Italian American $ ,3/4,3,Food Processor $ Cheese $ Tomato $ Bake $ Vegetarian $ Lunch $ Mozzarella $ Basil $ Healthy $ Bon Appétit $ Pittsburgh $ Pennsylvania $ Italian American $ 
https://www.epicurious.com/recipes/food/views/spicy-cheese-pizza-bread-5923,Spicy Cheese Pizza Bread ,1 2-pound uncut sourdough or Italian bread round (about 9-inch diameter) $ Olive oil $ 1 1/4 cups grated Fontina cheese $ 1 1/4 cups grated provolone cheese $ 1 1/4 cups crumbled feta cheese $ 1 1/2 teaspoons dried oregano $ 1/2 teaspoon (generous) dried crushed red pepper $ 2/3 cup chopped seeded tomatoes $ 1/2 cup chopped pitted Kalamata olives or other brine-cured black olives $ ,Cheese $ Olive $ Tomato $ Bake $ Quick & Easy $ Lunch $ Bon Appétit $ Vegetarian $ Pescatarian $ Peanut Free $ Tree Nut Free $ Soy Free $ Kosher $ ,Italian $ Italian American $ ,3.5/4,2,Cheese $ Olive $ Tomato $ Bake $ Quick & Easy $ Lunch $ Bon Appétit $ Vegetarian $ Pescatarian $ Peanut Free $ Tree Nut Free $ Soy Free $ Kosher $ Italian $ Italian American $ 
https://www.epicurious.com/recipes/food/views/chicken-scarpariella-100837,Chicken Scarpariella ,"1 3 1/2 pound chicken $ Salt and pepper $ 1 teaspoon dried oregano $ 1/2 cup extra-virgin olive oil $ 3 cloves garlic, thinly sliced or slivered $ 1/2 of a fresh lemon $ 1/2 cup white wine $ 1/2 cup red wine vinegar $ 1 cup chicken broth $ 3 sprigs fresh rosemary, leaves only $ 1/2 cup chopped fresh flat-leaf (or Italian) parsley leaves, washed and dried $ 3 tablespoon butter $ ",Chicken $ Herb $ Poultry $ Sauté $ ,Italian American $ ,3/4,16,Chicken $ Herb $ Poultry $ Sauté $ Italian American $ 
https://www.epicurious.com/recipes/food/views/broccoli-piemontese-101468,Broccoli Piemontese ,"2 to 3 pounds broccoli $ 2 finely chopped cloves garlic $ Olive oil $ Salt, freshly ground black pepper $ White wine $ ",Vegetable $ Side $ Sauté $ Quick & Easy $ High Fiber $ Broccoli $ House & Garden $ Vegan $ Vegetarian $ Pescatarian $ Paleo $ Dairy Free $ Wheat/Gluten-Free $ Peanut Free $ Tree Nut Free $ Soy Free $ Kosher $ ,French $ Italian $ Italian American $ ,3/4,8,Vegetable $ Side $ Sauté $ Quick & Easy $ High Fiber $ Broccoli $ House & Garden $ Vegan $ Vegetarian $ Pescatarian $ Paleo $ Dairy Free $ Wheat/Gluten-Free $ Peanut Free $ Tree Nut Free $ Soy Free $ Kosher $ French $ Italian $ Italian American $ 
https://www.epicurious.com/recipes/food/views/chocolate-hazelnut-tart-108124,Chocolate Hazelnut Tart ,"1/2 cup hazelnuts, toasted and any loose skins rubbed off in a kitchen towel, then cooled completely $ 1 cup all-purpose flour $ 3 tablespoons sugar $ 1/2 teaspoon salt $ 1/2 stick (1/4 cup) cold unsalted butter, cut into pieces $ 1 large egg $ 1 teaspoon vanilla $ 7 ounces semisweet chocolate, finely chopped $ 1/2 cup whole milk $ 1/4 cup sugar $ 1/4 teaspoon salt $ 2 large egg yolks $ 1 teaspoon vanilla $ 1 cup crème fraîche $ Special equipment: a 9- by 1-inch fluted round tart pan with removable bottom; pie weights or raw rice $ ",Milk/Cream $ Food Processor $ Chocolate $ Nut $ Dessert $ Bake $ Chill $ Hazelnut $ Gourmet $ Kidney Friendly $ Vegetarian $ Pescatarian $ Peanut Free $ Soy Free $ Kosher $ ,Italian American $ ,3/4,17,Milk/Cream $ Food Processor $ Chocolate $ Nut $ Dessert $ Bake $ Chill $ Hazelnut $ Gourmet $ Kidney Friendly $ Vegetarian $ Pescatarian $ Peanut Free $ Soy Free $ Kosher $ Italian American $ 
https://www.epicurious.com/recipes/food/views/turkey-tonnato-106966,Turkey Tonnato ,"2 6-ounce cans light tuna packed in olive oil, undrained $ 1/4 cup mayonnaise $ 1/4 cup canned low-salt chicken broth $ 5 anchovy fillets, drained, 1 teaspoon oil reserved $ 2 tablespoons fresh lemon juice $ 1 tablespoon grated lemon peel $ 2 teaspoons plus 1/4 cup drained capers $ 1 6-ounce package baby spinach leaves $ 2 1/2 pounds roast turkey breast, sliced $ 1/3 cup chopped fresh parsley $ ",Food Processor $ Fish $ turkey $ No-Cook $ Quick & Easy $ Buffet $ Summer $ Capers $ Bon Appétit $ ,Italian American $ ,2/4,1,Food Processor $ Fish $ turkey $ No-Cook $ Quick & Easy $ Buffet $ Summer $ Capers $ Bon Appétit $ Italian American $ 
https://www.epicurious.com/recipes/food/views/italian-sausage-rolls-2615,Italian Sausage Rolls ,"1/4 cup fresh white breadcrumbs $ 2 tablespoons milk $ 1/2 pound sweet Italian sausages, casings removed $ 1/2 onion, finely chopped $ 1 egg $ 1 large garlic clove, finely chopped $ 1 1/2 teaspoons dried oregano $ 1 sheet frozen puff pastry (half of 17 1/4-ounce package), thawed $ 1 egg, lightly beaten $ Purchased marinara sauce, heated $ ","Pork $ Tomato $ Bake $ Cocktail Party $ Quick & Easy $ Sausage $ Fall $ Phyllo/Puff Pastry Dough $ Bon Appétit $ Washington, D.C. $ ",Italian American $ ,3/4,15,"Pork $ Tomato $ Bake $ Cocktail Party $ Quick & Easy $ Sausage $ Fall $ Phyllo/Puff Pastry Dough $ Bon Appétit $ Washington, D.C. $ Italian American $ "
https://www.epicurious.com/recipes/food/views/stuffing-stuffed-mushrooms-108798,Stuffing Stuffed Mushrooms ,"2 cups leftover stuffing $ 1 cup grated provolone cheese (about 3 ounces) $ 1 large egg, lightly beaten $ 1/4 cup chopped fresh parsley $ 1/4 cup chopped fresh basil $ 1/4 cup green onions, chopped $ 1 tablespoon olive oil (optional) $ 18 large button mushrooms (about 1 pound), stems removed $ Olive oil $ ",Cheese $ Mushroom $ Bake $ Cocktail Party $ Thanksgiving $ Vegetarian $ Basil $ Fall $ Parsley $ Bon Appétit $ ,Italian American $ ,3/4,9,Cheese $ Mushroom $ Bake $ Cocktail Party $ Thanksgiving $ Vegetarian $ Basil $ Fall $ Parsley $ Bon Appétit $ Italian American $ 
https://www.epicurious.com/recipes/food/views/chicken-francaise-108667,Chicken Francaise ,"4 large skinless boneless chicken breast halves (2 pounds total) $ 1/2 cup vegetable oil $ 1 cup all-purpose flour $ 3/4 teaspoon salt $ 1/2 teaspoon black pepper $ 3 large eggs $ 1/2 stick (1/4 cup) unsalted butter $ 1/2 cup dry white wine $ 1/2 cup low-sodium chicken broth $ 3 tablespoons fresh lemon juice plus 1 whole lemon, thinly sliced $ 1 lemon $ 1/4 cup chopped fresh flat-leaf parsley $ ",Chicken $ Egg $ Kid-Friendly $ Quick & Easy $ Dinner $ Lemon $ White Wine $ Fall $ Gourmet $ Sugar Conscious $ Peanut Free $ Tree Nut Free $ Soy Free $ ,Italian American $ ,3.5/4,132,Chicken $ Egg $ Kid-Friendly $ Quick & Easy $ Dinner $ Lemon $ White Wine $ Fall $ Gourmet $ Sugar Conscious $ Peanut Free $ Tree Nut Free $ Soy Free $ Italian American $ 
https://www.epicurious.com/recipes/food/views/spaghetti-with-cremini-mushrooms-lemon-and-thyme-109024,"Spaghetti with Cremini Mushrooms, Lemon, and Thyme ","1 lb spaghetti $ 1 cup coarse fresh bread crumbs (from 2 slices firm white sandwich bread) $ 3 tablespoons olive oil $ 1 teaspoon salt $ 1/2 stick (1/4 cup) unsalted butter $ 1 1/2 lb cremini mushrooms, trimmed and cut into 1/4-inch-thick slices (6 cups) $ 1 teaspoon freshly grated lemon zest $ 3 garlic cloves, chopped (1 tablespoon) $ 1 teaspoon Worcestershire sauce $ 2 tablespoons fresh lemon juice $ 1 teaspoon minced fresh thyme $ 1/2 teaspoon black pepper $ 2 tablespoons minced fresh parsley $ 1 oz finely grated Parmigiano-Reggiano (1/2 cup) plus additional for serving $ Garnish: lemon wedges $ ",Citrus $ Herb $ Mushroom $ Pasta $ Sauté $ Vegetarian $ Quick & Easy $ Winter $ Boil $ Gourmet $ ,Italian American $ ,3/4,7,Citrus $ Herb $ Mushroom $ Pasta $ Sauté $ Vegetarian $ Quick & Easy $ Winter $ Boil $ Gourmet $ Italian American $ 
https://www.epicurious.com/recipes/food/views/garlic-bread-106583,Garlic Bread ,"2 teaspoons finely chopped garlic $ 1/2 stick (1/4 cup) unsalted butter, softened $ 1 tablespoon extra-virgin olive oil $ 2 tablespoons finely chopped fresh flat-leaf parsley $ 1 (15- by 3 1/2-inch) loaf Italian bread $ ",Bread $ Garlic $ Side $ Bake $ Super Bowl $ Kid-Friendly $ Quick & Easy $ Mother's Day $ Summer $ Family Reunion $ Gourmet $ Sugar Conscious $ Vegetarian $ Pescatarian $ Peanut Free $ Tree Nut Free $ Soy Free $ Kosher $ ,American $ Italian $ Italian American $ ,3.5/4,77,Bread $ Garlic $ Side $ Bake $ Super Bowl $ Kid-Friendly $ Quick & Easy $ Mother's Day $ Summer $ Family Reunion $ Gourmet $ Sugar Conscious $ Vegetarian $ Pescatarian $ Peanut Free $ Tree Nut Free $ Soy Free $ Kosher $ American $ Italian $ Italian American $ 
https://www.epicurious.com/recipes/food/views/hotsy-pasta-107548,Hotsy Pasta ,"3 tablespoons extra-virgin olive oil $ 2 tablespoons finely minced garlic $ 1 can (2 ounces) anchovy fillets, undrained $ 1 can (35 ounces) Italian plum tomatoes, drained and crushed $ 1/2 cup pitted black olives (preferably imported), coarsely chopped $ 1 tablespoon drained tiny capers $ 1/4 teaspoon dried oregano $ Pinch of dried red-pepper flakes $ Salt and pepper, to taste $ 2 tablespoons chopped fresh parsley $ 12 ounces dried linguine, cooked according to package directions $ Freshly grated Parmesan (optional) $ ",Fish $ Garlic $ Pasta $ Tomato $ Fall $ Capers $ Simmer $ Boil $ Parade $ ,Italian American $ ,3.5/4,5,Fish $ Garlic $ Pasta $ Tomato $ Fall $ Capers $ Simmer $ Boil $ Parade $ Italian American $ 
https://www.epicurious.com/recipes/food/views/parmesan-coated-turkey-cutlets-107209,Parmesan-Coated Turkey Cutlets ,"1 1/4 pounds turkey breast cutlets, halved crosswise if large $ 2 large eggs $ 1 tablespoon water $ 1/4 teaspoon salt $ 1/4 teaspoon black pepper $ 3/4 cup finely grated Parmigiano-Reggiano (1 1/2 ounces) $ 2 tablespoons chopped fresh flat-leaf parsley or basil $ 2 tablespoons unsalted butter, cut into pieces $ 2 tablespoons olive oil $ Accompaniment: lemon wedges $ ",Egg $ turkey $ Quick & Easy $ Parmesan $ Basil $ Pan-Fry $ Parsley $ Gourmet $ ,Italian American $ ,2.5/4,30,Egg $ turkey $ Quick & Easy $ Parmesan $ Basil $ Pan-Fry $ Parsley $ Gourmet $ Italian American $ 
https://www.epicurious.com/recipes/food/views/chicken-tetrazzini-108730,Chicken Tetrazzini ,"1 to 1 1/2 pound chicken bones (from 2 cooked chickens), broken into 2- to 3-inch pieces $ 4 cups low-sodium chicken broth $ 1 carrot, thinly sliced $ 1 medium onion, coarsely chopped $ 2 celery ribs, cut into 1-inch pieces $ 2 garlic cloves, smashed $ 5 whole black peppercorns $ 1 Turkish or 1/2 California bay leaf $ 2 whole cloves $ 3/4 stick (6 tablespoons) unsalted butter $ 3/4 pound mushrooms, thinly sliced $ 1/2 teaspoon salt $ 1/4 teaspoon black pepper $ 2 tablespoons all-purpose flour $ 1 cup heavy cream $ 3 tablespoons medium-dry Sherry $ 2 tablespoons truffle butter* (optional) $ 1/2 lb spaghetti $ 2 pounds chicken meat (from 2 cooked chickens), torn into 1-inch pieces $ 1 ounce freshly grated Parmigiano-Reggiano (1/2 cup) $ ",Chicken $ Mushroom $ Pasta $ Bake $ Super Bowl $ Kid-Friendly $ Parmesan $ Fall $ Potluck $ Gourmet $ ,Italian American $ ,3.5/4,67,Chicken $ Mushroom $ Pasta $ Bake $ Super Bowl $ Kid-Friendly $ Parmesan $ Fall $ Potluck $ Gourmet $ Italian American $ 
https://www.epicurious.com/recipes/food/views/italian-deli-sandwiches-with-marjoram-caper-dressing-108241,Italian Deli Sandwiches with Marjoram-Caper Dressing ,"1/2 cup olive oil $ 1/4 cup chopped fresh Italian parsley $ 1/4 cup drained capers $ 4 tablespoons chopped fresh marjoram $ 2 tablespoons red wine vinegar $ 1 22-inch-long sourdough baguette, halved lengthwise $ 12 ounces assorted sliced deli meats and cheeses (such as mortadella, salami, and provolone) $ 1 cup thinly sliced Vidalia onion $ ",Sandwich $ Food Processor $ Cheese $ Herb $ Onion $ Pork $ No-Cook $ Picnic $ Lunch $ Meat $ Summer $ Capers $ Bon Appétit $ Peanut Free $ Tree Nut Free $ Soy Free $ ,Italian American $ ,3.5/4,2,Sandwich $ Food Processor $ Cheese $ Herb $ Onion $ Pork $ No-Cook $ Picnic $ Lunch $ Meat $ Summer $ Capers $ Bon Appétit $ Peanut Free $ Tree Nut Free $ Soy Free $ Italian American $ 
https://www.epicurious.com/recipes/food/views/pappardelle-in-lemon-cream-sauce-with-asparagus-and-smoked-salmon-101769,Pappardelle in Lemon Cream Sauce with Asparagus and Smoked Salmon ,1 pound asparagus $ 2 large shallots $ 2 lemons $ 1/4 pound sliced smoked salmon (optional) $ 1 pound dried pappardelle or fettuccine $ 3 tablespoons unsalted butter $ 3/4 cup heavy cream $ ,Pasta $ Quick & Easy $ Lemon $ Salmon $ Asparagus $ Summer $ Gourmet $ ,Italian American $ ,3.5/4,102,Pasta $ Quick & Easy $ Lemon $ Salmon $ Asparagus $ Summer $ Gourmet $ Italian American $ 
https://www.epicurious.com/recipes/food/views/white-bean-tomato-and-goat-cheese-pizza-103720,"White Bean, Tomato and Goat-Cheese Pizza ","Cornmeal for sprinkling $ 1 cup cannellini or other white beans (from a l-lb can), rinsed $ 1 garlic clove, smashed $ 1 tablespoon fat-free chicken broth or water $ 1 1/2 teaspoons extra-virgin olive oil $ 1 lb fresh or thawed frozen pizza dough $ All-purpose flour for dusting $ 3 plum tomatoes, coarsely chopped $ 1/4 small red onion, thinly sliced $ 1 teaspoon chopped fresh rosemary $ 4 oz low-fat soft goat cheese, crumbled $ 2 cups small-leaf greens such as baby arugula or mâche $ ",Bread $ Bean $ Garlic $ Tomato $ Bake $ Super Bowl $ Quick & Easy $ Goat Cheese $ Rosemary $ Arugula $ Summer $ Gourmet $ ,Italian American $ ,3/4,14,Bread $ Bean $ Garlic $ Tomato $ Bake $ Super Bowl $ Quick & Easy $ Goat Cheese $ Rosemary $ Arugula $ Summer $ Gourmet $ Italian American $ 
https://www.epicurious.com/recipes/food/views/veal-cutlets-with-mushrooms-and-tomatoes-5924,Veal Cutlets with Mushrooms and Tomatoes ,"4 tablespoons olive oil $ 2 large garlic cloves, chopped $ 3/4 teaspoon chopped fresh rosemary $ 12 ounces mushrooms, sliced $ 12 ounces plum tomatoes, seeded, chopped $ 1 pound thin veal cutlets $ All purpose flour $ 1 cup canned low-salt chicken broth $ 1/2 cup dry white wine $ ",Mushroom $ Tomato $ Sauté $ Veal $ White Wine $ Bon Appétit $ ,Italian American $ ,3.5/4,9,Mushroom $ Tomato $ Sauté $ Veal $ White Wine $ Bon Appétit $ Italian American $ 
https://www.epicurious.com/recipes/food/views/focaccia-with-grapes-schiacciata-con-luva-104514,Focaccia with Grapes (Schiacciata con L'uva) ,"1 package active dry yeast (2 1/2 teaspoons) $ 3 tablespoons Chianti or other dry red wine $ 1 tablespoon honey $ 3/4 cup warm water (110–115°F) $ 2 1/2 to 3 cups Italian ""00"" flour or half all-purpose flour and half cake flour (not self-rising) $ 1/4 cup fine-quality extra-virgin olive oil (preferably Tuscan) $ 1/2 teaspoon fine sea salt $ 3 1/2 cups Concord or wine grapes (1 1/2 pounds) $ 1/2 cup sugar $ ",Bread $ Fruit $ Dessert $ Side $ Bake $ Red Wine $ Winter $ Grape $ Gourmet $ Kidney Friendly $ Vegetarian $ Pescatarian $ Dairy Free $ Peanut Free $ Tree Nut Free $ Soy Free $ Kosher $ ,Italian $ Italian American $ ,3.5/4,9,Bread $ Fruit $ Dessert $ Side $ Bake $ Red Wine $ Winter $ Grape $ Gourmet $ Kidney Friendly $ Vegetarian $ Pescatarian $ Dairy Free $ Peanut Free $ Tree Nut Free $ Soy Free $ Kosher $ Italian $ Italian American $ 
https://www.epicurious.com/recipes/food/views/chicken-and-bell-pepper-pizza-with-barbecue-sauce-1311,Chicken and Bell Pepper Pizza with Barbecue Sauce ,"1 1/2 cups shredded cooked chicken $ 3/4 cup spicy or hickory-flavored barbecue sauce $ 1 16-ounce baked cheese pizza crust (such as Boboli) $ 1/2 medium onion, sliced $ 1/4 green bell pepper, sliced $ 1/4 red bell pepper, sliced $ 1/3 cup thinly sliced drained oil-packed sun-dried tomatoes $ 1/4 cup pine nuts $ 2 teaspoons dried oregano crumbled $ 1 1/2 cups packed shredded mozzarella cheese (about 6 ounces) $ ",Chicken $ Pepper $ Poultry $ Bake $ Kid-Friendly $ Mozzarella $ Bell Pepper $ Poker/Game Night $ Bon Appétit $ Alaska $ ,Italian American $ ,3/4,14,Chicken $ Pepper $ Poultry $ Bake $ Kid-Friendly $ Mozzarella $ Bell Pepper $ Poker/Game Night $ Bon Appétit $ Alaska $ Italian American $ 
https://www.epicurious.com/recipes/food/views/miso-carrot-cucumber-salad,Miso-Carrot-Cucumber Salad ,"2 tablespoons organic red or white miso paste $ 1 tablespoon toasted sesame oil $ 3 tablespoons rice vinegar or raw $ Unfiltered apple cider vinegar $ 2 teaspoons toasted sesame seeds $ 2 large cucumbers, julienned $ 1 large carrot, spiralized $ 2 tablespoons reconstituted wakame $ ",HarperCollins $ HarperCollins $ Salad $ Cucumber $ Carrot $ Vegetarian $ Vegan $ Sesame Oil $ Sesame $ Wheat/Gluten-Free $ ,Japanese $ Asian $ ,3/4,1,HarperCollins $ HarperCollins $ Salad $ Cucumber $ Carrot $ Vegetarian $ Vegan $ Sesame Oil $ Sesame $ Wheat/Gluten-Free $ Japanese $ Asian $ 
https://www.epicurious.com/recipes/food/views/summertime-japanese-somen-noodles-on-ice,Summertime Sōmen Noodles ,"1 (9.5-ounce) package sōmen noodles $ 1 large bowl filled with 1 to 2 cups ice and water $ Rice vinegar $ Reduced-sodium tamari soy sauce $ Sriracha sauce $ Katsuobushi (Japanese dried bonito flakes) $ Negi (green onions, thinly sliced on the bias) $ Furikake (Japanese seaweed seasoning) $ Arugula or your favorite leafy greens $ Kaiware sprouts (daikon radish sprouts) $ Gomashio (toasted, salted, crushed sesame seeds) $ Tofu cubes $ Avocado slices $ ",Summer $ Dinner $ Chill $ Freeze/Chill $ Noodle $ Quick & Easy $ ,Japanese $ Asian $ ,0/4,0,Summer $ Dinner $ Chill $ Freeze/Chill $ Noodle $ Quick & Easy $ Japanese $ Asian $ 
https://www.epicurious.com/recipes/food/views/spicy-tahini-and-avocado-soba,Spicy Tahini and Avocado Soba ,"1/4 cup tahini paste $ 3 1/2 tablespoons organic red miso paste $ 1/4 cup plus 1 tablespoon rice vinegar $ 1 to 2 tablespoons sriracha sauce (depending on how hot you like it) $ 1 (8- to 9.5-ounce) pack dried soba noodles $ 1 cup thin jicama matchsticks $ 2 cups baby spinach $ 1 avocado, pitted, peeled, and sliced $ 2 tablespoons gomashio, plus more as needed $ ",Summer $ Noodle $ Dinner $ Vegetarian $ Vegan $ Wheat/Gluten-Free $ Sesame $ Avocado $ Jícama $ Spinach $ ,Japanese $ Asian $ ,3.5/4,2,Summer $ Noodle $ Dinner $ Vegetarian $ Vegan $ Wheat/Gluten-Free $ Sesame $ Avocado $ Jícama $ Spinach $ Japanese $ Asian $ 
https://www.epicurious.com/recipes/food/views/chicken-teriyaki,Chicken Teriyaki ,"5 skin-on, boneless chicken thighs (about 1 1/2 lb. total) $ 1 1/2 tsp. kosher salt, divided $ 1/3 cup low-sodium soy sauce $ 1/3 cup mirin (sweet Japanese rice wine) $ 1/3 cup sake $ 5 radishes, trimmed, thinly sliced $ 5 scallions, thinly sliced on a diagonal $ 2 tsp. unseasoned rice vinegar $ Cooked white rice (for serving) $ ",Chicken $ Soy Sauce $ Sake $ Radish $ Green Onion/Scallion $ Rice $ Vinegar $ Dinner $ Kid-Friendly $ Dairy Free $ ,Asian $ Japanese $ ,3/4,5,Chicken $ Soy Sauce $ Sake $ Radish $ Green Onion/Scallion $ Rice $ Vinegar $ Dinner $ Kid-Friendly $ Dairy Free $ Asian $ Japanese $ 
https://www.epicurious.com/recipes/food/views/spicy-miso-tahini-ramen,Spicy Miso-Tahini Ramen ,"2 tablespoons toasted sesame oil $ 2 tablespoons mirin $ 1 yellow onion, thinly sliced $ 8 cups purified water $ 2 cups thinly sliced shiitake mushrooms $ 2 tablespoons Japanese chili paste or Sriracha sauce $ 1/2 cup organic red miso paste $ 2 (10-ounce) packages fresh ramen noodles (look for Sun Noodle brand) $ 1/4 cup tahini paste or neri goma $ 2 cups baby spinach $ Chili oil, for drizzling (optional) $ 2 green onions, thinly sliced on the bias $ Togarashi, for sprinkling (optional) $ 2 soft-boiled eggs, sliced in half (optional) $ Nori, cut into small rectangular pieces, for dipping (optional) $ 1 avocado, pitted, peeled, and thinly sliced $ ",HarperCollins $ HarperCollins $ Dinner $ Soup/Stew $ Noodle $ Sesame Oil $ Sesame $ Mushroom $ Vegetarian $ Quick and Healthy $ Quick & Easy $ ,Japanese $ ,4/4,1,HarperCollins $ HarperCollins $ Dinner $ Soup/Stew $ Noodle $ Sesame Oil $ Sesame $ Mushroom $ Vegetarian $ Quick and Healthy $ Quick & Easy $ Japanese $ 
https://www.epicurious.com/recipes/food/views/sesame-arctic-char-donabe,Sesame Arctic Char Donabe ,"2 (5x4"") pieces kombu $ 6 oz. dried soba noodles $ 2 tsp. toasted sesame oil, plus more for drizzling $ 1 oz. bonito flakes (about 4 cups) $ 1 bunch scallions $ 1/3 cup mirin (sweet Japanese rice wine) $ 2 Tbsp. soy sauce $ Kosher salt $ 1 (1-lb.) skinless arctic char fillet $ 2 small turnips, trimmed, scrubbed, thinly sliced $ 1 small daikon, peeled, thinly sliced $ 6 oz. enoki mushrooms, trimmed $ Toasted sesame seeds (for serving) $ ",Bon Appétit $ Dinner $ Quick and Healthy $ Healthy $ Fish $ Seafood $ Noodle $ Soup/Stew $ Sesame Oil $ Sesame $ Green Onion/Scallion $ Soy Sauce $ Turnip $ Mushroom $ ,Japanese $ ,4/4,2,Bon Appétit $ Dinner $ Quick and Healthy $ Healthy $ Fish $ Seafood $ Noodle $ Soup/Stew $ Sesame Oil $ Sesame $ Green Onion/Scallion $ Soy Sauce $ Turnip $ Mushroom $ Japanese $ 
https://www.epicurious.com/recipes/food/views/breakfast-rice-bowls-with-smoked-fish,Breakfast Rice Bowls with Smoked Fish ,"1 bunch scallions, chopped $ 1 1/2-inch piece ginger, peeled, finely grated $ 2 tablespoons extra-virgin olive oil $ 1 tablespoons unseasoned rice vinegar $ 1 teaspoon soy sauce $ 1 teaspoon toasted sesame seeds $ Pinch of crushed red pepper flakes $ Kosher salt $ 1/4 cup unseasoned rice vinegar $ 3 tablespoons sugar $ 1 teaspoon kosher salt, plus more $ 2 Persian cucumbers, thinly sliced $ 1 (4-inch) piece daikon, peeled, thinly sliced $ 4 radishes, trimmed, thinly sliced $ 1 (4-inch) piece daikon, peeled, coarsely grated $ 1 cup plain Greek yogurt $ 1 tablespoon fresh lemon juice $ Kosher salt $ Hot-smoked salmon or whitefish, cooked rice, salmon or trout roe, furikake or toasted sesame seeds, and/or pickled ginger (for serving) $ ",Bon Appétit $ Breakfast $ Fish $ Rice $ Pickles $ Radish $ Ginger $ Soy Sauce $ Green Onion/Scallion $ Yogurt $ ,Asian $ Japanese $ ,0/4,0,Bon Appétit $ Breakfast $ Fish $ Rice $ Pickles $ Radish $ Ginger $ Soy Sauce $ Green Onion/Scallion $ Yogurt $ Asian $ Japanese $ 
https://www.epicurious.com/recipes/food/views/rice-balls-with-salmon-filling-onigiri,Rice Balls With Salmon Filling (Onigiri) ,"1 teaspoon salt $ 1 cup warm cooked rice $ 4 teaspoons cooked flaked fresh salmon or flaked canned salmon $ 2 sheets yakinori, halved $ ",Breakfast $ Lunch $ snack $ Rice $ Salmon $ Quick & Easy $ Kid-Friendly $ ,Japanese $ Asian $ ,0/4,0,Breakfast $ Lunch $ snack $ Rice $ Salmon $ Quick & Easy $ Kid-Friendly $ Japanese $ Asian $ 
https://www.epicurious.com/recipes/food/views/chilled-ramen-with-soy-milk-and-chili-oil,Chilled Ramen with Soy Milk and Chili Oil ,"1 (1-inch) piece ginger, peeled, very finely chopped $ 1/4 cup toasted sesame oil $ 1/4 cup vegetable oil $ 4 1/2 teaspoons crushed red pepper flakes $ 1 tablespoon paprika $ 4 teaspoons toasted sesame seeds $ 1 tablespoon mirin (sweet Japanese rice wine) $ 1 tablespoon raw or granulated sugar $ 1 tablespoon red or white miso $ 1 tablespoon sake $ 1 tablespoon Sichuan peppercorns $ 2 scallions, thinly sliced $ 1 (1 1/2-inch) piece ginger, peeled, finely grated $ 1 apple wedge (about 1/8 of apple), peeled, finely grated $ 2 garlic cloves, finely grated $ 2/3 cup white, sweet white, and/or red miso $ 1 tablespoon mirin (sweet Japanese rice wine) $ 1 tablespoon sake $ 1 1/2 teaspoons toban djan (chili bean paste) $ 1/2 teaspoon crushed red pepper flakes $ 1/4 cup vegetable or other neutral oil $ 2 scallions, thinly sliced $ 1 teaspoon paprika $ Kosher salt $ 20 ounces frozen ramen noodles or 12 ounces dried ramen noodles $ Kosher salt $ 3 Persian cucumbers, cut into 1/2-inch pieces $ 1 small red or orange bell pepper, ribs and seeds removed, very thinly sliced $ 1/2 cup thinly sliced radishes $ 1/4 cup thinly sliced basil $ 4 cups soy milk or other nondairy milk or regular milk $ 1 (3x1-inch) strip grapefruit zest, very thinly sliced $ 2 tablespoons white or regular soy sauce $ Plain unsweetened granola or fried shallots, garlic chips, unsalted, dry-roasted peanuts, and/or any other store-bought crunchy toppings you want (for serving) $ ",Bon Appétit $ Soup/Stew $ Freeze/Chill $ Chile Pepper $ Noodle $ Ginger $ Sesame $ Garlic $ Sesame Oil $ Soy $ Vegetarian $ Vegan $ Dinner $ Summer $ Radish $ Cucumber $ ,Japanese $ Asian $ ,4/4,1,Bon Appétit $ Soup/Stew $ Freeze/Chill $ Chile Pepper $ Noodle $ Ginger $ Sesame $ Garlic $ Sesame Oil $ Soy $ Vegetarian $ Vegan $ Dinner $ Summer $ Radish $ Cucumber $ Japanese $ Asian $ 
https://www.epicurious.com/recipes/food/views/tekka-don-no-poke,Tekka Don No Poke ,"1/4 cup Japanese soy sauce $ 1 tablespoon plus 1 teaspoon mirin (sweet rice wine) $ 2 teaspoons toasted sesame oil $ 1 to 2 teaspoons tobanjan (chile bean sauce), preferably a Japanese brand $ 1 teaspoon granulated sugar $ 1 pound sushi-grade tuna, cut into 1/2-inch cubes $ 1/2 medium Hass avocado, peeled, pitted, cut into 1/2-inch pieces $ 6 cups cooked short-grain white rice or cooked, vinegared short-grain white rice, warm $ 1 nori seaweed sheet $ 1/4 cup thinly sliced fresh shiso leaves (also called Japanese mint and perilla) or scallion greens $ 1 teaspoon toasted sesame seeds $ ",Seafood $ Rice $ Hawaii $ Soy Sauce $ Sesame Oil $ Sesame $ Tuna $ Avocado $ HarperCollins $ HarperCollins $ ,Asian $ Japanese $ ,4/4,1,Seafood $ Rice $ Hawaii $ Soy Sauce $ Sesame Oil $ Sesame $ Tuna $ Avocado $ HarperCollins $ HarperCollins $ Asian $ Japanese $ 
https://www.epicurious.com/recipes/food/views/grilled-salmon-collars,Grilled Salmon Collars ,"1 2-inch piece ginger, peeled, thinly sliced $ 1 fresh red chile (such as Fresno or Holland), coarsely chopped $ 2 garlic cloves, smashed $ 1/2 cup mirin (sweet Japanese rice wine) $ 1/2 cup soy sauce $ 1/4 cup sake $ 1/2 teaspoon sugar $ 4 salmon collars (about 3 pounds total), scaled, fins removed $ Kosher salt $ Vegetable oil (for grill) $ ",Bon Appétit $ Salmon $ Grill $ Soy Sauce $ Garlic $ Chile Pepper $ Summer $ Dinner $ ,Japanese $ ,0/4,0,Bon Appétit $ Salmon $ Grill $ Soy Sauce $ Garlic $ Chile Pepper $ Summer $ Dinner $ Japanese $ 
https://www.epicurious.com/recipes/food/views/kids-chicken-katsu,Kids' Chicken Katsu ,"1/2 cup ketchup $ 2 tablespoons Worcestershire sauce $ 2 teaspoons strawberry jam $ 1 1/2 pounds chicken cutlets, pounded 1/3 inch thick $ Kosher salt $ 3/4 cup all-purpose flour $ 3 large eggs, beaten to blend $ 2 cups panko (Japanese breadcrumbs) $ 8 tablespoons vegetable or grapeseed oil, divided $ Cooked short-grain rice (for serving) $ ",Chicken $ Kid-Friendly $ Pan-Fry $ Rice $ Bon Appétit $ Dinner $ Lunch $ Small Plates $ ,Japanese $ ,4/4,1,Chicken $ Kid-Friendly $ Pan-Fry $ Rice $ Bon Appétit $ Dinner $ Lunch $ Small Plates $ Japanese $ 
https://www.epicurious.com/recipes/food/views/cooked-semi-polished-rice-haiga-mai,Cooked Semi-Polished Rice (Haiga Mai) ,"1 cup Japanese-style semi-polished rice $ 1 cup plus 3 tablespoons water, soft tap or filtered $ 1 1/2 cups Japanese-style semi-polished rice $ Generous 1 3/4 cups, soft tap or filtered water $ ",Side $ Rice $ Wheat/Gluten-Free $ Vegetarian $ Vegan $ ,Japanese $ Asian $ ,0/4,0,Side $ Rice $ Wheat/Gluten-Free $ Vegetarian $ Vegan $ Japanese $ Asian $ 
https://www.epicurious.com/recipes/food/views/nabeyaki-udon-soup-with-chicken-spinach-and-mushrooms,"Nabeyaki Udon Soup With Chicken, Spinach, and Mushrooms ","1/2 cup dried sardines (about 1 ounce), or 1 (5"") piece dried kombu $ 5 ounces mature spinach (about 3/4 bunch), trimmed $ 3/4 teaspoon kosher salt, plus more $ 1/2 cup snow peas $ 2 boneless, skinless chicken thighs (about 8 ounces), cut into 1"" pieces $ 7 ounces thinly sliced shiitake, shimeji, or enoki mushrooms, roots trimmed $ 2 (1/2-ounce) pieces fried tofu (aburaage), cut into 1/4"" slices (optional) $ 3 tablespoons soy sauce $ 1 teaspoon mirin $ 8 ounces udon noodles $ 1/2 cup sliced scallions $ 1 1/2 ounces Japanese fish cake, thinly sliced (optional) $ 2 large eggs $ ",Soup/Stew $ Noodle $ Chicken $ Mushroom $ Sardine $ Spinach $ Tofu $ Dinner $ ,Japanese $ ,3.5/4,4,Soup/Stew $ Noodle $ Chicken $ Mushroom $ Sardine $ Spinach $ Tofu $ Dinner $ Japanese $ 
https://www.epicurious.com/recipes/food/views/japanese-style-curry-karei-raisu,Japanese-Style Curry (Karei Raisu) ,"4 tablespoons unsalted butter $ 2 tablespoons vegetable oil $ 1 large yellow onion, thinly sliced into half moons $ 1 pound boneless fatty beef (such as chuck, short rib, or belly), cut into 3/4-inch pieces $ 1/2 pound carrots (about 2 medium), peeled and roughly chopped into irregular 3/4-inch pieces $ 1/2 pound russet potato (about 1 small), peeled and roughly chopped into irregular 3/4-inch pieces $ 5 ounces medium-hot Vermont Curry (7 pieces; see Note) $ 1 teaspoon kosher salt $ 6 cups cooked short- grain white rice, hot $ ",Curry $ Beef $ Rice $ Potato $ Dinner $ ,Japanese $ Asian $ ,3.5/4,3,Curry $ Beef $ Rice $ Potato $ Dinner $ Japanese $ Asian $ 
https://www.epicurious.com/recipes/food/views/japanese-style-fried-rice-chahan,Japanese-Style Fried Rice (Chahan) ,"1/4 cup diced (1/4-inch cubes) carrot $ 12 medium shrimp (about 6 ounces), peeled and deveined, cut crosswise into thirds $ 1/4 cup fresh or frozen corn kernels $ 1/4 cup fresh or frozen shelled edamame $ 1/4 cup diced (1/4-inch pieces) fresh shiitake mushrooms or rehydrated dried shiitakes $ 2 1/4 cups low-sodium chicken stock $ 3 tablespoons Japanese soy sauce $ 3 tablespoons sake (Japanese rice wine) $ 2 teaspoons granulated sugar $ 1 1/2 teaspoons kosher salt $ 3 tablespoons cornstarch $ 2 teaspoons toasted sesame oil $ White or black pepper to taste $ 1/4 cup vegetable oil $ 4 large eggs, lightly beaten $ 6 packed cups cooked short-grain white rice, preferably 1 or 2 days old $ 1 generous tablespoon thinly sliced scallion greens $ ",HarperCollins $ Rice $ Shrimp $ Dinner $ Mushroom $ Egg $ Quick & Easy $ ,Japanese $ Asian $ ,3.5/4,3,HarperCollins $ Rice $ Shrimp $ Dinner $ Mushroom $ Egg $ Quick & Easy $ Japanese $ Asian $ 
https://www.epicurious.com/recipes/food/views/stir-fried-noodles-with-pork-cabbage-and-ginger-yakisoba,"Stir-Fried Noodles With Pork, Cabbage, and Ginger (Yakisoba) ","2 tablespoons vegetable oil $ 2 ounces pork belly, thinly sliced, then cut into 3/4-inch pieces $ 1/2 cup thinly sliced yellow onion $ 1/4 cup 2-inch-long matchsticks peeled carrot $ 1 cup roughly chopped (about 2 by 3/4-inch pieces) loosely packed white cabbage $ 1 (5 1/2-ounce) package yakisoba noodles (a heaping cup) $ 2 tablespoons jarred yakisoba sauce, preferably the Otafuku brand $ 1 tablespoon shredded beni shoga (red pickled ginger) $ 1 heaping tablespoon bonito flakes $ 1/2 teaspoon aonori (powdered seaweed) or finely chopped nori seaweed sheets $ ",HarperCollins $ Noodle $ Pork $ Cabbage $ Ginger $ Dinner $ ,Japanese $ ,0/4,0,HarperCollins $ Noodle $ Pork $ Cabbage $ Ginger $ Dinner $ Japanese $ 
https://www.epicurious.com/recipes/food/views/sweet-potato-and-brussels-sprout-okonomiyaki,Sweet Potato and Brussels Sprout Okonomiyaki ,"3 ounces brussels sprouts, ends trimmed, very thinly sliced (about 1 cup) $ 1 medium sweet potato, julienned (about 4 cups) $ 1 scallion, thinly sliced $ 1 large egg, beaten to blend $ Kosher salt $ 1/3 cup all-purpose flour $ 6 tablespoons vegetable oil, divided $ Sriracha, Kewpie mayonnaise, bonito flakes, and furikake (for serving) $ ",Bon Appétit $ Dinner $ Sweet Potato/Yam $ Brussels Sprout $ Fall $ Mayonnaise $ Hot Pepper $ Appetizer $ ,Japanese $ ,3.5/4,2,Bon Appétit $ Dinner $ Sweet Potato/Yam $ Brussels Sprout $ Fall $ Mayonnaise $ Hot Pepper $ Appetizer $ Japanese $ 
https://www.epicurious.com/recipes/food/views/the-world-of-rice-salads,The World of Rice Salads ,"3 to 4 cups cooked rice, cooled $ 1/4 cup chopped scallion $ 1 small or 1/2 large red or yellow bell pepper, cored, seeded, and chopped $ 1/2 cup chopped celery $ 1/2 cup chopped carrot $ 1/4 to 1/2 cup Vinaigrette, made with extra virgin olive oil and red wine vinegar, plus more as needed $ 1/2 cup chopped fresh parsley $ Salt and freshly ground black pepper $ ",Rice $ Salad $ Potluck $ Side $ Citrus $ Vegetarian $ Vegan $ Wheat/Gluten-Free $ Tree Nut Free $ Peanut Free $ ,Mexican $ Indian $ Japanese $ ,0/4,0,Rice $ Salad $ Potluck $ Side $ Citrus $ Vegetarian $ Vegan $ Wheat/Gluten-Free $ Tree Nut Free $ Peanut Free $ Mexican $ Indian $ Japanese $ 
https://www.epicurious.com/recipes/food/views/kombu-celery,Kombu Celery ,"5 celery stalks, strings removed, cut into 3x1/2-inch sticks $ 1 tablespoon furikake $ 1 tablespoon toasted sesame oil $ 1 teaspoon soy sauce $ Toasted sesame seeds (for serving) $ ",Bon Appétit $ Celery $ Sesame Oil $ Soy Sauce $ Vegetarian $ Vegan $ Side $ Hors D'Oeuvre $ Sesame $ ,Japanese $ Asian $ ,0/4,0,Bon Appétit $ Celery $ Sesame Oil $ Soy Sauce $ Vegetarian $ Vegan $ Side $ Hors D'Oeuvre $ Sesame $ Japanese $ Asian $ 
https://www.epicurious.com/recipes/food/views/coconut-beef-curry,Coconut Beef Curry ,"1 1/2 pounds beef chuck, cut into 1 1/2-inch pieces $ Kosher salt $ 2 tablespoons vegetable oil $ 2 tablespoons unsalted butter $ 1/2 large white onion, thinly sliced $ 4 garlic cloves, finely chopped $ 1 tablespoon finely chopped peeled ginger $ 3 tablespoons curry powder, preferably Indian $ 2 bay leaves $ 2 (13.5-ounce) cans unsweetened coconut milk $ 2 pounds Yukon Gold potatoes, peeled, cut into 2-inch pieces $ Steamed jasmine rice, cilantro, thinly sliced Fresno chile, and lime wedges (for serving) $ ",Bon Appétit $ Curry $ Rice $ Coconut $ Potato $ Ginger $ Beef $ Dinner $ ,Japanese $ ,3/4,26,Bon Appétit $ Curry $ Rice $ Coconut $ Potato $ Ginger $ Beef $ Dinner $ Japanese $ 
https://www.epicurious.com/recipes/food/views/dashi-stracciatella-soup,Dashi Stracciatella ,"4 (6x4-inch) pieces dried kombu $ 1 (1.2-ounce) package bonito flakes (about 3 cups) $ 1 teaspoon white or regular soy sauce $ Kosher salt $ 4 large eggs, beaten to blend $ 3 cups torn mature spinach leaves $ 1 scallion, thinly sliced $ Chili oil and lemon wedges (for serving) $ 2 layers of cheesecloth $ ",Bon Appétit $ Soup/Stew $ Fish $ Egg $ Spinach $ Quick and Healthy $ Dinner $ Winter $ ,Japanese $ ,4/4,1,Bon Appétit $ Soup/Stew $ Fish $ Egg $ Spinach $ Quick and Healthy $ Dinner $ Winter $ Japanese $ 
