link,name,ingredients,recipe_category,recipe_cuisine,rating,rating_count,keywords
https://www.epicurious.com/recipes/food/views/bacon-and-whiskey-jam,Bacon and Whiskey Jam ,"2 pounds bacon, cut into strips $ Scant 1/2 ounce butter (optional) $ 14 ounces shallots, peeled and chopped $ 2 cloves garlic, not too large, peeled and chopped $ 1/2 teaspoon sweet smoked paprika $ 1 teaspoon ground ginger $ 1/2 teaspoon ground cinnamon $ 1/2 teaspoon ground allspice $ 5 fl. ounces Irish whiskey $ 3 1/2 ounces light soft brown sugar $ 3 1/2 ounces honey $ 5 fl. ounces cider vinegar $ 3 1/2 ounces marmalade $ ",HarperCollins $ Bacon $ Jam or Jelly $ Onion $ Breakfast $ Condiment/Spread $ Kidney Friendly $ Wheat/Gluten-Free $ Peanut Free $ Tree Nut Free $ Soy Free $ ,Irish $ ,3/4,1,HarperCollins $ Bacon $ Jam or Jelly $ Onion $ Breakfast $ Condiment/Spread $ Kidney Friendly $ Wheat/Gluten-Free $ Peanut Free $ Tree Nut Free $ Soy Free $ Irish $ 
https://www.epicurious.com/suzanne-goin-s-corned-beef-and-cabbage-with-parsley-mustard-sauce-56389323-recipe,unknown,,,,0,0,
https://www.epicurious.com/recipes/food/views/rosemary-and-cranberry-soda-bread-51229620,Rosemary and Cranberry Soda Bread ,"450g (1lb) plain flour, plus extra for dusting $ 1 tsp bread soda $ 1 tsp salt $ 100g (4oz) dried cranberries $ 4 fresh rosemary sprigs, leaves stripped and finely chopped $ 350ml (12fl oz) buttermilk, plus a little extra if necessary $ butter, to serve $ ",Bread $ Bake $ St. Patrick's Day $ Cranberry $ Rosemary $ ,Irish $ ,3/4,1,Bread $ Bake $ St. Patrick's Day $ Cranberry $ Rosemary $ Irish $ 
https://www.epicurious.com/recipes/food/views/fighting-irish-51228410,Fighting Irish ,"3/4 ounce 12-year-old Irish whiskey, such as Redbreast $ 3/4 ounce 12-year-old single-malt Scotch whisky, such as Bowmore $ 3/4 ounce Green Chartreuse $ 3/4 ounce freshly squeezed lemon juice $ 3/4 ounce fresh pineapple juice $ 1/2 ounce orgeat syrup* $ 5 dashes habanero bitters, such as Bittermens $ Freshly grated nutmeg for garnish $ *Orgeat is a sweet syrup made from almonds, sugar, and orange-flower or rose water. Fee Brothers and Torani orgeat syrups are available on Amazon. $ ",Scotch $ Punch $ Alcoholic $ St. Patrick's Day $ Cocktail $ Whiskey $ Drink $ ,Irish $ ,0/4,0,Scotch $ Punch $ Alcoholic $ St. Patrick's Day $ Cocktail $ Whiskey $ Drink $ Irish $ 
https://www.epicurious.com/recipes/food/views/parlsey-sauce-51225410,Parlsey Sauce ,"2 tablespoons unsalted butter $ 2 1/2 tablespoons all-purpose flour $ 1 1/2 cups whole milk, warmed $ 1/2 teaspoon kosher salt $ 1/4 teaspoon freshly ground black pepper $ Pinch of freshly ground nutmeg $ 1/2 cup chopped parsley $ ",Sauce $ Milk/Cream $ Quick & Easy $ St. Patrick's Day $ Parsley $ ,Irish $ ,0/4,0,Sauce $ Milk/Cream $ Quick & Easy $ St. Patrick's Day $ Parsley $ Irish $ 
https://www.epicurious.com/recipes/food/views/corned-beef-51225210,Corned Beef ,"2 quarts water $ 3/4 cup kosher salt $ 1 tablespoon pink curing salt, such as sel rose or Insta Cure #1* $ 1/2 cup light brown sugar $ 3 tablespoons prepared pickling spice $ 2 quarts ice water $ 1 (5-pound) beef brisket, with the deckle intact $ 3 large fresh bay leaves, torn into small pieces $ 9 cloves garlic, crushed $ 3 tablespoons yellow mustard seed $ 2 tablespoons coarsely ground black pepper $ 1/2 teaspoon ground cinnamon $ 1/2 teaspoon ground allspice $ 1/4 teaspoon freshly grated nutmeg $ 1/4 teaspoon ground cayenne pepper $ 1/4 teaspoon ground coriander $ 2 cups warm Parsley Sauce $ *Available at www.sausagemaker.com $ ",Beef $ St. Patrick's Day $ Meat $ Brisket $ Boil $ Advance Prep Required $ ,Irish $ ,4/4,5,Beef $ St. Patrick's Day $ Meat $ Brisket $ Boil $ Advance Prep Required $ Irish $ 
https://www.epicurious.com/recipes/food/views/dublin-coddle-51224810,Dublin Coddle ,"2kg (4 1/2lb) potatoes, peeled $ 500ml (1 pint) boiled water $ 1 ham, chicken or beef stock cube (optional) $ 450g (1lb) good quality pork sausages $ 450g (1lb) piece thick-cut bacon $ 2 large onions, sliced $ 1 tablespoon finely chopped fresh parsley $ salt and coarse ground pepper to serve $ fresh soda bread $ ",Soup/Stew $ Potato $ Stew $ St. Patrick's Day $ Dinner $ Bacon $ Sausage $ Winter $ Dairy Free $ Wheat/Gluten-Free $ Peanut Free $ Tree Nut Free $ Soy Free $ No Sugar Added $ ,Irish $ ,3/4,8,Soup/Stew $ Potato $ Stew $ St. Patrick's Day $ Dinner $ Bacon $ Sausage $ Winter $ Dairy Free $ Wheat/Gluten-Free $ Peanut Free $ Tree Nut Free $ Soy Free $ No Sugar Added $ Irish $ 
https://www.epicurious.com/recipes/food/views/pickled-sweet-and-sour-red-cabbage-51225020,Pickled Sweet and Sour Red Cabbage ,"500g (1lb 2oz) red cabbage (or 1 small head), core removed and leaves thinly sliced $ 1 onion, thinly sliced $ 50g (1/3 cup) sultanas (golden raisins) $ 2 tbsp white wine vinegar $ 2 tbsp muscovado sugar or light brown sugar $ 250g (9oz) cooking apples (or 2 cooking apples), peeled, cored and sliced $ 15g (1 tbsp) butter $ 1/2 tsp ground mixed spice (allspice) $ 1 tsp salt $ Freshly ground black pepper $ Grated rind and juice of 1 orange $ ",Leafy Green $ Side $ Bake $ St. Patrick's Day $ Apple $ Cabbage $ Vegetarian $ Pescatarian $ Wheat/Gluten-Free $ Peanut Free $ Tree Nut Free $ Soy Free $ Kosher $ ,Irish $ ,4/4,5,Leafy Green $ Side $ Bake $ St. Patrick's Day $ Apple $ Cabbage $ Vegetarian $ Pescatarian $ Wheat/Gluten-Free $ Peanut Free $ Tree Nut Free $ Soy Free $ Kosher $ Irish $ 
https://www.epicurious.com/recipes/food/views/croissant-bread-and-butter-pudding-51225030,Croissant Bread and Butter Pudding ,"70g (5 tbsp) softened butter, for greasing $ 6–8 croissants (crescent rolls), cut into large pieces $ 50g (1/3 cup) raisins $ 300ml (1 1/4 cups) double (heavy) cream $ 300ml (1 1/4 cups) milk $ 4 eggs $ 1/2 tsp ground cinnamon $ 70g (1/3 cup) caster (superfine) sugar $ ",Brunch $ Dessert $ Bake $ St. Patrick's Day $ Casserole/Gratin $ Vegetarian $ Pescatarian $ Peanut Free $ Tree Nut Free $ Soy Free $ Kosher $ ,Irish $ ,4/4,2,Brunch $ Dessert $ Bake $ St. Patrick's Day $ Casserole/Gratin $ Vegetarian $ Pescatarian $ Peanut Free $ Tree Nut Free $ Soy Free $ Kosher $ Irish $ 
https://www.epicurious.com/recipes/food/views/spinach-pie-51224820,Spinach Pie ,"560g (1lb 4oz) spinach, washed $ 1 onion, chopped $ 2 eggs, beaten $ 250g (10oz) cottage cheese $ 250g (10oz) Parmesan cheese, freshly grated $ 1/4 teaspoon freshly ground black pepper $ 1/4 teaspoon freshly grated nutmeg $ 23cm (9in) pie dish or several smaller individual pie dishes $ ",Leafy Green $ Side $ Bake $ Vegetarian $ St. Patrick's Day $ Spinach $ Cottage Cheese $ Pescatarian $ Wheat/Gluten-Free $ Peanut Free $ Tree Nut Free $ Soy Free $ No Sugar Added $ Kosher $ ,Irish $ ,3.5/4,9,Leafy Green $ Side $ Bake $ Vegetarian $ St. Patrick's Day $ Spinach $ Cottage Cheese $ Pescatarian $ Wheat/Gluten-Free $ Peanut Free $ Tree Nut Free $ Soy Free $ No Sugar Added $ Kosher $ Irish $ 
https://www.epicurious.com/recipes/food/views/brown-soda-bread-51224610,Brown Soda Bread ,"175g (6oz) plain flour $ 1 teaspoon salt $ 1 1/2 heaped teaspoons bicarbonate of soda $ 450g (1lb) wholemeal flour, plus a little extra for dusting $ 1 egg $ 400ml (3/4 pint) buttermilk $ 20cm (8in) round cake tin or Swissroll tin $ ",Bread $ Breakfast $ Brunch $ Bake $ St. Patrick's Day $ Sugar Conscious $ Vegetarian $ Pescatarian $ Peanut Free $ Tree Nut Free $ Soy Free $ No Sugar Added $ Kosher $ Diabetes-Friendly $ ,Irish $ ,3.5/4,3,Bread $ Breakfast $ Brunch $ Bake $ St. Patrick's Day $ Sugar Conscious $ Vegetarian $ Pescatarian $ Peanut Free $ Tree Nut Free $ Soy Free $ No Sugar Added $ Kosher $ Diabetes-Friendly $ Irish $ 
https://www.epicurious.com/recipes/food/views/pulled-corned-beef-51225010,Pulled Corned Beef ,"1.5kg (3 1/4lb) corned beef silverside (bottom round), cut in half $ 250ml (1 cup) beer $ 2 oranges, halved $ 1 garlic bulb, crushed $ 1 bay leaf $ 2 sprigs of thyme $ 4 tbsp honey $ 4 tbsp sherry vinegar $ 1 tsp mustard seeds $ 3 star anise $ 2 tsp black peppercorns $ 500ml (2 cups) water $ 1 onion, cut into wedges $ 500g (1lb 2oz) potatoes (or 4 potatoes), quartered $ 500g (1lb 2oz) baby carrots (or 4 carrots cut into batons about 6cm/2 1/2 inches long) $ 200g (7oz) baby turnips (or 1/4 large turnip cut into small chunks) $ 1 small head of cabbage, about 300g (10 1/2oz), cut into wedges $ ",Soup/Stew $ Beef $ Potato $ Braise $ St. Patrick's Day $ Winter $ Cabbage $ Simmer $ ,Irish $ ,4/4,6,Soup/Stew $ Beef $ Potato $ Braise $ St. Patrick's Day $ Winter $ Cabbage $ Simmer $ Irish $ 
https://www.epicurious.com/recipes/food/views/irish-channel-corned-beef-and-cabbage-51224220,Irish Channel Corned Beef and Cabbage ,"3 pounds corned beef $ 1 onion, chopped $ 1 1/2 cups water $ 1 14-oz. can chicken broth $ 4 carrots, chopped $ 1 head cabbage, broken apart $ ",Slow Cooker $ Beef $ St. Patrick's Day $ Dinner $ Cabbage $ Dairy Free $ Peanut Free $ Tree Nut Free $ Soy Free $ No Sugar Added $ Kosher $ ,Irish $ Southern $ ,4/4,3,Slow Cooker $ Beef $ St. Patrick's Day $ Dinner $ Cabbage $ Dairy Free $ Peanut Free $ Tree Nut Free $ Soy Free $ No Sugar Added $ Kosher $ Irish $ Southern $ 
https://www.epicurious.com/recipes/food/views/porter-cake-51146200,Porter Cake ,"3 1/2 cups (450g) all-purpose (plain) flour $ 1 teaspoon grated or ground nutmeg $ 1 teaspoon pumpkin pie spice (mixed spice) $ 1 teaspoon baking powder $ Pinch of salt $ 1 cup (225g) butter $ 1 cup packed (225g) light brown sugar $ 1 pound (450g) golden raisins (sultanas) or raisins or a mixture of both $ 3 ounces (75g) chopped candied peel, store-bought or homemade $ 2 eggs $ 1 (12-ounce/330ml) bottle porter or stout $ ",Cake $ Beer $ Dessert $ Bake $ Vegetarian $ St. Patrick's Day $ Raisin $ Pescatarian $ Peanut Free $ Tree Nut Free $ Soy Free $ Kosher $ ,Irish $ ,3.5/4,4,Cake $ Beer $ Dessert $ Bake $ Vegetarian $ St. Patrick's Day $ Raisin $ Pescatarian $ Peanut Free $ Tree Nut Free $ Soy Free $ Kosher $ Irish $ 
https://www.epicurious.com/recipes/food/views/irish-weekend-fry-up-51145610,Irish Weekend Fry-Up ,"Vegetable, sunflower, or olive oil, for frying $ Butter, for frying and spreading on toast $ 1-2 medium-size pork sausages $ 1-2 slices (rashers) thick-cut, dry-cured, smoked or unsmoked, Canadian (back) or regular (streaky) bacon, rind removed $ 2 to 3 slices of black and/or white pudding $ 2 ounces (50g) button mushrooms, sliced, or 1 large flat mushroom, stem removed $ Salt and freshly ground black pepper $ 1 ripe tomato, halved $ Pinch of sugar (if roasting the tomato in the oven) $ 1 to 2 eggs $ 1/2 tablespoon milk (for scrambled eggs) $ 1 to 1 1/2 tablespoons (5-20g) butter (for scrambled eggs) $ 2 slices white or whole-grain (brown) bread $ ",Egg $ Tomato $ Breakfast $ Brunch $ St. Patrick's Day $ Sausage $ Peanut Free $ Tree Nut Free $ Soy Free $ ,Irish $ ,3.5/4,11,Egg $ Tomato $ Breakfast $ Brunch $ St. Patrick's Day $ Sausage $ Peanut Free $ Tree Nut Free $ Soy Free $ Irish $ 
https://www.epicurious.com/recipes/food/views/shortbread-51145200,Shortbread ,"1/2 cup (1 stick) butter, softened $ 3/4 cup flour $ 1/4 cup cornstarch $ 1/4 cup sugar $ Pinch salt $ 1/2 teaspoon vanilla $ Green sanding or decorating sugar $ ",Cookies $ Dessert $ St. Patrick's Day $ Edible Gift $ Party $ Kidney Friendly $ Vegetarian $ Pescatarian $ Peanut Free $ Tree Nut Free $ Soy Free $ Kosher $ ,Irish $ ,3/4,10,Cookies $ Dessert $ St. Patrick's Day $ Edible Gift $ Party $ Kidney Friendly $ Vegetarian $ Pescatarian $ Peanut Free $ Tree Nut Free $ Soy Free $ Kosher $ Irish $ 
https://www.epicurious.com/recipes/food/views/boxty-51146010,Boxty ,"1 egg $ 1/4 cup (50ml) light (single) cream $ 9 ounces (250g) baking or russet (floury) potatoes, peeled and coarsely grated $ 2 tablespoons (15g) all-purpose (plain) flour $ Salt and freshly ground black pepper $ 2 tablespoons (25g) butter $ ",Potato $ Breakfast $ Brunch $ Side $ Fry $ Vegetarian $ Quick & Easy $ St. Patrick's Day $ Root Vegetable $ Pan-Fry $ Sugar Conscious $ Pescatarian $ Peanut Free $ Tree Nut Free $ Soy Free $ No Sugar Added $ Kosher $ ,Irish $ ,4/4,1,Potato $ Breakfast $ Brunch $ Side $ Fry $ Vegetarian $ Quick & Easy $ St. Patrick's Day $ Root Vegetable $ Pan-Fry $ Sugar Conscious $ Pescatarian $ Peanut Free $ Tree Nut Free $ Soy Free $ No Sugar Added $ Kosher $ Irish $ 
https://www.epicurious.com/recipes/food/views/black-velvet-51145400,Black Velvet ,4 ounces (1/2 cup) chilled Champagne or prosecco $ 2 ounces (1/4 cup) chilled Guinness Extra Stout $ ,Beer $ Champagne $ Alcoholic $ St. Patrick's Day $ Cocktail $ Drink $ ,Irish $ ,3/4,1,Beer $ Champagne $ Alcoholic $ St. Patrick's Day $ Cocktail $ Drink $ Irish $ 
https://www.epicurious.com/recipes/food/views/black-pudding-51145600,Black Pudding ,"4 cups fresh pig's blood $ 2 1/2 teaspoons salt $ 1 1/2 cups steel-cut (pinhead) oatmeal $ 2 cups finely diced pork fat (or beef suet), finely chopped $ 1 large yellow onion, finely chopped $ 1 cup milk $ 1 1/2 teaspoons freshly ground black pepper $ 1 teaspoon ground allspice $ ",Pork $ Breakfast $ Bake $ Fry $ St. Patrick's Day $ Oatmeal $ ,Irish $ ,2.5/4,6,Pork $ Breakfast $ Bake $ Fry $ St. Patrick's Day $ Oatmeal $ Irish $ 
https://www.epicurious.com/recipes/food/views/farmhouse-cheese-and-caraway-soda-bread-puddings-388796,Farmhouse Cheese and Caraway Soda Bread Puddings ,"2 cups all-purpose flour, plus more for dusting $ 3/4 teaspoon baking soda $ 1/2 teaspoon salt $ 1 tablespoon caraway seeds $ 1 cup well-shaken buttermilk $ 2 tablespoons unsalted butter, melted $ 3 ounces sharp white Cheddar cheese, coarsely grated (1 1/4 cups) $ 1/4 cup grated Parmigiano-Reggiano $ 4 large eggs $ 2 1/2 cups whole milk $ 8 (6-ounce) ramekins or a 2-quart shallow gratin or baking dish $ ",Bread $ Cheese $ Appetizer $ Side $ Bake $ St. Patrick's Day $ Cheddar $ Parmesan $ Gourmet $ Vegetarian $ Pescatarian $ Peanut Free $ Tree Nut Free $ Soy Free $ No Sugar Added $ Kosher $ ,Irish $ ,3/4,2,Bread $ Cheese $ Appetizer $ Side $ Bake $ St. Patrick's Day $ Cheddar $ Parmesan $ Gourmet $ Vegetarian $ Pescatarian $ Peanut Free $ Tree Nut Free $ Soy Free $ No Sugar Added $ Kosher $ Irish $ 
https://www.epicurious.com/recipes/food/views/golden-colcannon-pie-388793,Golden Colcannon Pie ,"1/2 head small green cabbage (from a 1 1/2- to 2-pound whole cabbage), halved again and cored $ 2 pounds large boiling potatoes, preferably Yukon Gold $ 1/2 cup chopped scallions $ 5 tablespoons unsalted butter, divided $ 1 large egg, lightly beaten $ a 9-inch pie plate, potato masher $ ",Potato $ Side $ Vegetarian $ St. Patrick's Day $ Cabbage $ Green Onion/Scallion $ Gourmet $ Pescatarian $ Wheat/Gluten-Free $ Peanut Free $ Tree Nut Free $ Soy Free $ No Sugar Added $ Kosher $ ,Irish $ ,3.5/4,15,Potato $ Side $ Vegetarian $ St. Patrick's Day $ Cabbage $ Green Onion/Scallion $ Gourmet $ Pescatarian $ Wheat/Gluten-Free $ Peanut Free $ Tree Nut Free $ Soy Free $ No Sugar Added $ Kosher $ Irish $ 
https://www.epicurious.com/recipes/food/views/irish-coffee-sundaes-with-caramel-whiskey-sauce-365219,Irish Coffee Sundaes with Caramel Whiskey Sauce ,"1 large egg white $ 1/4 cup packed light brown sugar $ 1/2 teaspoon instant coffee granules, crushed $ 1 cup walnut pieces (3 1/2 ounces), coarsely chopped if desired $ 1 cup granulated sugar $ 1/4 cup water $ 6 Tablespoons Irish whiskey $ 1/4 cup heavy cream $ 1/4 teaspoon salt $ 2 pints good-quality coffee ice cream $ ",Coffee $ Dessert $ Mardi Gras $ Kentucky Derby $ Father's Day $ Whiskey $ Gourmet $ Kidney Friendly $ Vegetarian $ Pescatarian $ Wheat/Gluten-Free $ Peanut Free $ Soy Free $ Kosher $ ,Irish $ ,4/4,7,Coffee $ Dessert $ Mardi Gras $ Kentucky Derby $ Father's Day $ Whiskey $ Gourmet $ Kidney Friendly $ Vegetarian $ Pescatarian $ Wheat/Gluten-Free $ Peanut Free $ Soy Free $ Kosher $ Irish $ 
https://www.epicurious.com/recipes/food/views/roasted-cauliflower-with-cheddar-cheese-sauce-363911,Roasted Cauliflower with Cheddar Cheese Sauce ,"1 large head cauliflower (about 1 pound total) $ 4 tablespoons (1/2 stick) unsalted butter $ 1/4 cup all-purpose flour $ 1/8 teaspoon fine sea salt $ 2 cups whole milk $ 10 ounces Cheddar cheese or similar, grated (about 1 1/4 cup) $ 12- by 8-inch baking dish $ ",Side $ Roast $ St. Patrick's Day $ Cheddar $ Cauliflower $ Winter $ Vegetarian $ Pescatarian $ Peanut Free $ Tree Nut Free $ Soy Free $ No Sugar Added $ Kosher $ ,Irish $ ,3/4,24,Side $ Roast $ St. Patrick's Day $ Cheddar $ Cauliflower $ Winter $ Vegetarian $ Pescatarian $ Peanut Free $ Tree Nut Free $ Soy Free $ No Sugar Added $ Kosher $ Irish $ 
https://www.epicurious.com/recipes/food/views/braised-lamb-shoulder-chops-with-root-vegetables-363910,Braised Lamb Shoulder Chops with Root Vegetables ,"10 small carrots, peeled and cut into medium dice $ 8 small turnips, peeled and cut into medium dice $ 8 small parsnips, peeled and cut into medium dice $ 3 tablespoons sugar $ 3 teaspoons fine sea salt $ 3 tablespoons unsalted butter $ 8 (1-inch-thick) lamb shoulder blade chops (also called round bone lamb shoulder chops)* $ 3 to 4 tablespoons olive oil $ 2 heads garlic, cloves peeled and left whole $ 6 medium carrots, peeled and roughly chopped $ 4 medium celery stalks, roughly chopped $ 2 medium onions, roughly chopped $ 5 sprigs fresh rosemary $ 10 sprigs fresh thyme $ 4 whole dried bay leaves $ 3 quarts lamb or beef stock $ * If lamb shoulder blade chops are unavailable, substitute bone-in lamb loin chops. $ ",Lamb $ Braise $ Sauté $ St. Patrick's Day $ Dinner $ Root Vegetable $ Carrot $ Parsnip $ Turnip $ Winter $ Wheat/Gluten-Free $ Peanut Free $ Tree Nut Free $ Soy Free $ ,Irish $ ,2.5/4,8,Lamb $ Braise $ Sauté $ St. Patrick's Day $ Dinner $ Root Vegetable $ Carrot $ Parsnip $ Turnip $ Winter $ Wheat/Gluten-Free $ Peanut Free $ Tree Nut Free $ Soy Free $ Irish $ 
https://www.epicurious.com/recipes/food/views/bakewell-tart-363912,Bakewell Tart ,"4 cups all-purpose flour $ 1/8 teaspoon fine sea salt $ 1 pound (4 sticks) unsalted butter $ 1 large egg white $ 1/2 cup huckleberry jam or jam of choice, such as blackberry or strawberry $ 4 large eggs $ 3/4 cup (1 1/2 sticks, or 12 tablespoons) unsalted butter $ 3/4 cup sugar $ 1/2 cup all-purpose flour $ an 8-inch deep-dish pie plate, parchment paper, pie weights or dried beans, and a pastry brush $ ",Mixer $ Egg $ Dessert $ Bake $ St. Patrick's Day $ Butter $ Kidney Friendly $ Vegetarian $ Pescatarian $ Peanut Free $ Tree Nut Free $ Soy Free $ Kosher $ ,Irish $ ,2.5/4,24,Mixer $ Egg $ Dessert $ Bake $ St. Patrick's Day $ Butter $ Kidney Friendly $ Vegetarian $ Pescatarian $ Peanut Free $ Tree Nut Free $ Soy Free $ Kosher $ Irish $ 
https://www.epicurious.com/recipes/food/views/smoked-haddock-soup-363909,Smoked Haddock Soup ,"10 sprigs fresh rosemary $ 20 sprigs fresh thyme $ 2 whole dried bay leaves $ 12 whole black peppercorns $ 2 tablespoons unsalted butter $ 2 large leeks, white and pale green parts only, cut into 1/2-inch pieces (about 2 cups total) $ 1 large fennel bulb, cut into medium dice (about 2 cups total) $ 2 quarts heavy cream $ 1 pound smoked haddock, flaked (about 2 cups total)* $ 2 tablespoons minced fresh dill $ *If smoked haddock is unavailable, substitute smoked cod or mackerel. Alternatively, use fresh haddock, cod, or halibut, cut into 1-inch pieces (about 2 cups total). $ 10- by 10-inch square of cheesecloth, kitchen string $ ",Soup/Stew $ Milk/Cream $ Fish $ Sauté $ Quick & Easy $ St. Patrick's Day $ Dinner $ Leek $ Pescatarian $ Wheat/Gluten-Free $ Peanut Free $ Tree Nut Free $ Soy Free $ No Sugar Added $ Kosher $ ,Irish $ ,2.5/4,5,Soup/Stew $ Milk/Cream $ Fish $ Sauté $ Quick & Easy $ St. Patrick's Day $ Dinner $ Leek $ Pescatarian $ Wheat/Gluten-Free $ Peanut Free $ Tree Nut Free $ Soy Free $ No Sugar Added $ Kosher $ Irish $ 
https://www.epicurious.com/recipes/food/views/porter-cake-357837,Porter Cake ,"3 2/3 c (1 lb) all-purpose ﬂour $ 1 tsp grated or ground nutmeg $ 1 tsp pumpkin pie spice $ 1 tsp baking powder $ Pinch of salt $ 16 tbsp (2 sticks) butter, softened $ 1 c (8 oz) light brown sugar $ 1 lb golden or regular raisins or a mixture of both $ 3 oz chopped candied peel $ 2 eggs $ One 12-oz bottle of porter or stout $ ",Cake $ Beer $ Dessert $ Bake $ St. Patrick's Day $ Raisin $ Butter $ Vegetarian $ Pescatarian $ Peanut Free $ Tree Nut Free $ Soy Free $ Kosher $ ,Irish $ ,4/4,1,Cake $ Beer $ Dessert $ Bake $ St. Patrick's Day $ Raisin $ Butter $ Vegetarian $ Pescatarian $ Peanut Free $ Tree Nut Free $ Soy Free $ Kosher $ Irish $ 
https://www.epicurious.com/recipes/food/views/mrs-ocallaghans-soda-bread-357498,Mrs. O'Callaghan's Soda Bread ,"Nonstick vegetable oil spray $ 3 cups all purpose flour $ 3 cups whole wheat flour $ 1/2 cup (packed) brown sugar $ 1 teaspoon baking soda $ 1/4 cup (1/2 stick) chilled margarine or butter, cut into 1/2-inch cubes $ 2 cups buttermilk $ ",Bread $ Breakfast $ Brunch $ Bake $ Low Fat $ Vegetarian $ High Fiber $ St. Patrick's Day $ Low Cholesterol $ Bon Appétit $ Pescatarian $ Peanut Free $ Tree Nut Free $ Soy Free $ Kosher $ ,Irish $ ,2.5/4,35,Bread $ Breakfast $ Brunch $ Bake $ Low Fat $ Vegetarian $ High Fiber $ St. Patrick's Day $ Low Cholesterol $ Bon Appétit $ Pescatarian $ Peanut Free $ Tree Nut Free $ Soy Free $ Kosher $ Irish $ 
https://www.epicurious.com/recipes/food/views/broiled-oysters-with-garlic-breadcrumbs-357536,Broiled Oysters with Garlic Breadcrumbs ,"1/2 cup fresh breadcrumbs made from crustless white bread $ 2 1/2 tablespoons unsalted butter $ 1/2 small garlic clove, pressed $ 1/4 teaspoon Pernod or other anise-flavored liqueur (optional) $ 12 oysters, freshly shucked and reserved on half shell with juices $ Lemon wedges $ ",Garlic $ Shellfish $ Appetizer $ Broil $ Cocktail Party $ Dinner $ Seafood $ Oyster $ Party $ Breadcrumbs $ Bon Appétit $ Sugar Conscious $ Kidney Friendly $ Pescatarian $ Peanut Free $ Tree Nut Free $ Soy Free $ ,Irish $ ,3.5/4,6,Garlic $ Shellfish $ Appetizer $ Broil $ Cocktail Party $ Dinner $ Seafood $ Oyster $ Party $ Breadcrumbs $ Bon Appétit $ Sugar Conscious $ Kidney Friendly $ Pescatarian $ Peanut Free $ Tree Nut Free $ Soy Free $ Irish $ 
https://www.epicurious.com/recipes/food/views/downeys-soda-bread-351918,Downey's Soda Bread ,"5 cups whole-wheat flour (preferably stone-ground) $ 2 3/4 cups all-purpose flour plus additional for dusting $ 1/3 cup packed dark brown sugar $ 2 teaspoons baking soda $ 2 teaspoons salt $ 2 sticks unsalted butter, softened and cut into pieces $ 2 1/4 cups well-shaken buttermilk at room temperature $ 2 large eggs at room temperature, lightly beaten $ Accompaniments: crème fraîche; jam $ ",Bread $ Blender $ Egg $ Side $ Bake $ Quick & Easy $ St. Patrick's Day $ Butter $ Buttermilk $ Gourmet $ Kidney Friendly $ Vegetarian $ Pescatarian $ Peanut Free $ Tree Nut Free $ Soy Free $ Kosher $ ,Irish $ ,2.5/4,2,Bread $ Blender $ Egg $ Side $ Bake $ Quick & Easy $ St. Patrick's Day $ Butter $ Buttermilk $ Gourmet $ Kidney Friendly $ Vegetarian $ Pescatarian $ Peanut Free $ Tree Nut Free $ Soy Free $ Kosher $ Irish $ 
https://www.epicurious.com/recipes/food/views/champ-241776,Champ ,"6 to 8 unpeeled baking potatoes, e.g., Russet or Yukon Gold $ 1 bunch scallions (use the bulb and green stem) $ 1 1/2 cups milk $ 4 to 8 tablespoons butter $ salt and freshly ground pepper $ ",Milk/Cream $ Potato $ Side $ Vegetarian $ St. Patrick's Day $ Boil $ Pescatarian $ Wheat/Gluten-Free $ Peanut Free $ Tree Nut Free $ Soy Free $ No Sugar Added $ Kosher $ ,Irish $ ,4/4,14,Milk/Cream $ Potato $ Side $ Vegetarian $ St. Patrick's Day $ Boil $ Pescatarian $ Wheat/Gluten-Free $ Peanut Free $ Tree Nut Free $ Soy Free $ No Sugar Added $ Kosher $ Irish $ 
https://www.epicurious.com/recipes/food/views/buttered-cabbage-241777,Buttered Cabbage ,1 lb fresh Savoy cabbage $ 2 to 4 tablespoons butter $ salt and freshly ground pepper $ an extra knob of butter $ ,Side $ Quick & Easy $ St. Patrick's Day $ Cabbage $ Boil $ Sugar Conscious $ Kidney Friendly $ Vegetarian $ Pescatarian $ Wheat/Gluten-Free $ Peanut Free $ Tree Nut Free $ Soy Free $ No Sugar Added $ Kosher $ ,Irish $ ,3.5/4,41,Side $ Quick & Easy $ St. Patrick's Day $ Cabbage $ Boil $ Sugar Conscious $ Kidney Friendly $ Vegetarian $ Pescatarian $ Wheat/Gluten-Free $ Peanut Free $ Tree Nut Free $ Soy Free $ No Sugar Added $ Kosher $ Irish $ 
https://www.epicurious.com/recipes/food/views/corned-beef-with-cabbage-241775,Corned Beef with Cabbage ,"4 lb corned brisket of beef $ 3 large carrots, cut into large chunks $ 6 to 8 small onions $ 1 teaspoon dry English mustard $ large sprig fresh thyme and some parsley stalks, tied together $ 1 cabbage $ salt and freshly ground pepper $ ",Mustard $ Onion $ St. Patrick's Day $ Dinner $ Brisket $ Carrot $ Cabbage $ Paleo $ Dairy Free $ Wheat/Gluten-Free $ Peanut Free $ Tree Nut Free $ Soy Free $ No Sugar Added $ Kosher $ ,Irish $ ,3.5/4,105,Mustard $ Onion $ St. Patrick's Day $ Dinner $ Brisket $ Carrot $ Cabbage $ Paleo $ Dairy Free $ Wheat/Gluten-Free $ Peanut Free $ Tree Nut Free $ Soy Free $ No Sugar Added $ Kosher $ Irish $ 
https://www.epicurious.com/recipes/food/views/irish-soda-bread-351423,Irish Soda Bread ,4 cups cake flour $ 1 tablespoon baking soda $ 1/2 cup sugar $ 1/4 teaspoon salt $ 1/4 cup vegetable shortening $ 1 cup dark raisins $ 1 tablespoon caraway seeds $ 1 cup cold milk $ ,Bread $ Side $ Bake $ St. Patrick's Day $ Raisin $ Caraway $ Kidney Friendly $ Vegetarian $ Pescatarian $ Peanut Free $ Tree Nut Free $ Soy Free $ Kosher $ ,Irish $ ,2.5/4,8,Bread $ Side $ Bake $ St. Patrick's Day $ Raisin $ Caraway $ Kidney Friendly $ Vegetarian $ Pescatarian $ Peanut Free $ Tree Nut Free $ Soy Free $ Kosher $ Irish $ 
https://www.epicurious.com/recipes/food/views/bumbles-ginger-roulade-242348,Bumble's Ginger Roulade ,"6 tablespoons salted butter $ 2/3 cup treacle or mild molasses (not blackstrap) $ 1/4 cup sugar $ Scant 1/2 cup water $ 1 cup all-purpose flour $ 1 teaspoon baking powder $ 1 teaspoon ground ginger $ 1 large egg, separated $ Confectioners sugar for dusting $ 1 cup chilled heavy cream $ 1/3 cup chopped crystallized ginger $ ",Cake $ Dessert $ Bake $ Kid-Friendly $ Spring $ Party $ Potluck $ Gourmet $ Ireland $ Vegetarian $ Pescatarian $ Peanut Free $ Tree Nut Free $ Soy Free $ Kosher $ ,Irish $ ,2.5/4,3,Cake $ Dessert $ Bake $ Kid-Friendly $ Spring $ Party $ Potluck $ Gourmet $ Ireland $ Vegetarian $ Pescatarian $ Peanut Free $ Tree Nut Free $ Soy Free $ Kosher $ Irish $ 
https://www.epicurious.com/recipes/food/views/noreen-kinneys-irish-soda-bread-241956,Noreen Kinney's Irish Soda Bread ,"1 3/4 cups unbleached all-purpose flour $ 1 cup whole wheat flour or graham flour, plus more for shaping $ 3 tablespoons cold unsalted butter, cut into tablespoon-sized pieces $ 2 teaspoons baking soda $ 1 3/4 teaspoons salt $ 2 tablespoons granulated sugar $ 1/4 cup wheat bran $ 1/4 cup oat bran $ 1/4 cup untoasted wheat germ $ 2 tablespoons flaxseed $ 1/3 cup raw sunflower seeds $ 1 large egg $ About 1 3/4 cups buttermilk $ ",Bread $ Breakfast $ Side $ Bake $ St. Patrick's Day $ Healthy $ Vegetarian $ Pescatarian $ Peanut Free $ Tree Nut Free $ Soy Free $ Kosher $ ,Irish $ ,3.5/4,37,Bread $ Breakfast $ Side $ Bake $ St. Patrick's Day $ Healthy $ Vegetarian $ Pescatarian $ Peanut Free $ Tree Nut Free $ Soy Free $ Kosher $ Irish $ 
https://www.epicurious.com/recipes/food/views/homemade-irish-corned-beef-and-vegetables-241623,Homemade Irish Corned Beef and Vegetables ,"6 cups water $ 2 cups lager beer $ 11/2 cups coarse kosher salt $ 1 cup (packed) golden brown sugar $ 1 1/2 tablespoons Insta Cure no. 1 (optional, See Note) $ 1/4 cup pickling spices $ 1 6- to 8-pound flat-cut beef brisket, trimmed, with some fat remaining $ 1 12-ounce bottle Guinness stout or other stout or porter $ 4 bay leaves $ 1 tablespoon coriander seeds $ 2 whole allspice $ 1 dried chile de árbol (See Note), broken in half $ 12 baby turnips, trimmed, or 3 medium turnips or rutabagas, peeled, quartered $ 8 unpeeled medium white-skinned or red-skinned potatoes (about 3 pounds) $ 6 medium carrots, peeled $ 4 medium onions, peeled, halved through root ends $ 2 medium parsnips, peeled, cut into 2-inch lengths $ 1 2-pound head of cabbage, quartered $ Horseradish Cream $ Guinness Mustard $ Cheesecloth $ ",Beer $ Potato $ High Fiber $ Dinner $ Brisket $ Spice $ Carrot $ Turnip $ Winter $ Brine $ Cabbage $ Boil $ Bon Appétit $ Dairy Free $ Peanut Free $ Tree Nut Free $ Soy Free $ Kosher $ ,Irish $ ,3.5/4,35,Beer $ Potato $ High Fiber $ Dinner $ Brisket $ Spice $ Carrot $ Turnip $ Winter $ Brine $ Cabbage $ Boil $ Bon Appétit $ Dairy Free $ Peanut Free $ Tree Nut Free $ Soy Free $ Kosher $ Irish $ 
https://www.epicurious.com/recipes/food/views/bittersweet-chocolate-irish-whiskey-cake-238254,Bittersweet Chocolate Irish Whiskey Cake ,"1/2 cup plus 2 tablespoons Irish whiskey $ 6 ounces bittersweet (70% cocoa) chocolate (such as Scharffen Berger or Lindt), chopped $ 2 teaspoons instant espresso powder dissolved in 6 tablespoons hot water $ 1/3 cup blanched almonds (about 2 ounces), lightly toasted $ 6 tablespoons all purpose flour, divided $ 3/4 cup (1 1/2 sticks) unsalted butter, room temperature, divided $ 7 tablespoons vanilla sugar , divided $ 3 large eggs, separated $ Pinch of fine sea salt $ 2 ounces semisweet chocolate, chopped $ ",Mixer $ Chocolate $ Egg $ Nut $ Dessert $ Bake $ Almond $ Whiskey $ Bon Appétit $ Vegetarian $ Pescatarian $ Peanut Free $ Soy Free $ Kosher $ ,Irish $ ,3.5/4,16,Mixer $ Chocolate $ Egg $ Nut $ Dessert $ Bake $ Almond $ Whiskey $ Bon Appétit $ Vegetarian $ Pescatarian $ Peanut Free $ Soy Free $ Kosher $ Irish $ 
https://www.epicurious.com/recipes/food/views/rhubarb-bread-and-butter-pudding-238044,Rhubarb Bread and Butter Pudding ,"1 pound red rhubarb $ Sugar $ 4 tablespoons butter, preferably unsalted $ 12 slices good-quality white bread, crusts removed $ 2 cups cream $ 1 cup milk $ 4 extra large free-range eggs, beaten lightly $ 1 teaspoon pure vanilla extract $ 3/4 cup plus 2 tablespoons sugar $ 1 tablespoon extra sugar, for sprinkling on top of pudding $ Softly whipped cream $ A deep 8-inch square or round baking dish $ A water bath or roasting pan $ ",Cake $ Milk/Cream $ Dairy $ Egg $ Fruit $ Dessert $ Vanilla $ Rhubarb $ ,Irish $ ,2/4,8,Cake $ Milk/Cream $ Dairy $ Egg $ Fruit $ Dessert $ Vanilla $ Rhubarb $ Irish $ 
https://www.epicurious.com/recipes/food/views/baked-trout-with-spinach-butter-sauce-238043,Baked Trout with Spinach-Butter Sauce ,"2 rainbow trout, weighing 2 pounds each $ Salt and freshly ground pepper $ 2–4 tablespoons butter $ 2 sprigs of fresh herb fennel $ 1 cup spinach leaves $ 2/3 cups heavy cream $ 6 tablespoons butter $ ",Dairy $ Fish $ Leafy Green $ Herb $ Bake $ Quick & Easy $ Trout $ ,Irish $ ,2/4,3,Dairy $ Fish $ Leafy Green $ Herb $ Bake $ Quick & Easy $ Trout $ Irish $ 
https://www.epicurious.com/recipes/food/views/frozen-meringue-cake-with-seasonal-berries-237880,Frozen Meringue Cake with Seasonal Berries ,"4 large egg whites $ 1 cup sugar $ 2 cups heavy cream $ 1 tablespoon sifted confectioners' sugar $ 1/2 teaspoon pure vanilla extract or seeds from 1 vanilla pod $ 1 pint seasonal berries such as strawberries, raspberries, or blueberries $ Additional whipped cream for garnish $ ",Cake $ Mixer $ Berry $ Dairy $ Fruit $ Dessert $ Bake $ Freeze/Chill $ St. Patrick's Day $ Blueberry $ Raspberry $ Strawberry $ Kidney Friendly $ Vegetarian $ Pescatarian $ Wheat/Gluten-Free $ Peanut Free $ Tree Nut Free $ Soy Free $ Kosher $ ,Irish $ ,4/4,6,Cake $ Mixer $ Berry $ Dairy $ Fruit $ Dessert $ Bake $ Freeze/Chill $ St. Patrick's Day $ Blueberry $ Raspberry $ Strawberry $ Kidney Friendly $ Vegetarian $ Pescatarian $ Wheat/Gluten-Free $ Peanut Free $ Tree Nut Free $ Soy Free $ Kosher $ Irish $ 
https://www.epicurious.com/recipes/food/views/turnip-potato-and-smoked-mackerel-gratin-237879,"Turnip, Potato, and Smoked Mackerel Gratin ","2 cups heavy cream $ 2/3 cups whole milk $ 1 garlic clove, crushed and peeled $ 1 pound Yukon Gold potatoes, peeled and sliced into 1/8-inch-thick rounds $ 1 pound rutabaga, peeled and sliced into 1/8-inch-thick rounds $ 1 teaspoon kosher salt $ 1/2 teaspoon freshly ground black pepper $ 1/2 freshly grated nutmeg $ 4 smoked mackerel fillets, broken into pieces $ ",Fish $ Potato $ Vegetable $ Bake $ St. Patrick's Day $ Turnip $ ,Irish $ ,1/4,2,Fish $ Potato $ Vegetable $ Bake $ St. Patrick's Day $ Turnip $ Irish $ 
https://www.epicurious.com/recipes/food/views/venison-medallions-with-juniper-and-orange-237878,Venison Medallions with Juniper and Orange ,"7 tablespoons Irish butter such as Kerrygold, softened* $ 1 tablespoon drained green peppercorns in brine, coarsely chopped $ 1 garlic clove, minced $ 1 teaspoon freshly squeezed orange juice $ 1 teaspoon honey $ 1/2 teaspoon kosher salt $ 1 cup olive oil $ 1 tablespoon plus 1 teaspoon orange zest (from 2 oranges) $ 4 sprigs fresh sage, minced $ 1 teaspoon freshly ground black pepper $ 16 juniper berries, crushed with the backside of a knife $ 16 (3 1/2-ounce) venison medallions (each about 1/2- to 3/4-inch thick)** $ *Available at specialty foods shops. If unavailable, substitute regular unsalted butter and add 1 additional teaspoon kosher salt. $ **Available at www.dartagnan.com. $ ",Citrus $ Game $ Freeze/Chill $ Marinate $ St. Patrick's Day $ Orange $ Venison $ ,Irish $ ,2.5/4,3,Citrus $ Game $ Freeze/Chill $ Marinate $ St. Patrick's Day $ Orange $ Venison $ Irish $ 
https://www.epicurious.com/recipes/food/views/seared-salmon-with-raisin-and-caper-butter-237877,Seared Salmon with Raisin and Caper Butter ,"1/4 cup raisins $ 1 stick Irish butter such as Kerrygold, softened* $ 1/3 cup capers $ Grated zest of 1 lemon $ 1 tablespoon chopped chives $ 8 (6-ounce) salmon fillets, preferably wild $ 2 teaspoons kosher salt $ 1 teaspoon freshly ground black pepper $ 2 tablespoons vegetable oil $ *Available at specialty foods shops. If unavailable, substitute regular unsalted butter and add 1 teaspoon kosher salt. $ ",Food Processor $ Fish $ Herb $ St. Patrick's Day $ Raisin $ Salmon $ Capers $ ,Irish $ ,4/4,9,Food Processor $ Fish $ Herb $ St. Patrick's Day $ Raisin $ Salmon $ Capers $ Irish $ 
https://www.epicurious.com/recipes/food/views/bacon-and-cabbage-soup-237876,Bacon and Cabbage Soup ,"1 (1/3-pound) piece Irish bacon (available at specialty foods shops) or Canadian bacon $ 3 tablespoons unsalted butter $ 1 medium onion, finely chopped $ 2 large Yukon Gold potatoes, peeled and cut into 1/2-inch dice $ 5 1/2 cups chicken stock or low-sodium chicken broth $ 4 Turkish bay leaves $ 2 teaspoons kosher salt $ 1/2 teaspoon freshly ground black pepper $ 1/2 small head Savoy cabbage, cored, thinly sliced, and cut into 1/2-inch pieces $ ",Soup/Stew $ Blender $ Chicken $ Pork $ Potato $ St. Patrick's Day $ Bacon $ Cabbage $ ,Irish $ ,3.5/4,48,Soup/Stew $ Blender $ Chicken $ Pork $ Potato $ St. Patrick's Day $ Bacon $ Cabbage $ Irish $ 
https://www.epicurious.com/recipes/food/views/irish-manhattan-237326,Irish Manhattan ,"1/4 cup Irish whiskey $ 1 1/2 tablespoons sweet vermouth $ 1 maraschino cherry, for garnish $ ",Wine $ Alcoholic $ St. Patrick's Day $ Cocktail $ Whiskey $ Bon Appétit $ Drink $ ,Irish $ ,0/4,1,Wine $ Alcoholic $ St. Patrick's Day $ Cocktail $ Whiskey $ Bon Appétit $ Drink $ Irish $ 
https://www.epicurious.com/recipes/food/views/beef-and-guinness-pie-230754,Beef and Guinness Pie ,"2 pounds boneless beef chuck, cut into 1-inch pieces $ 2 tablespoons all-purpose flour $ 1 teaspoon salt $ 1/2 teaspoon black pepper $ 2 tablespoons vegetable oil $ 1 large onion, coarsely chopped $ 2 garlic cloves, chopped $ 3 tablespoons water $ 1 1/2 tablespoons tomato paste $ 1 cup beef broth $ 1 cup Guinness or other Irish stout $ 1 tablespoon Worcestershire sauce $ 2 teaspoons drained brined green peppercorns, coarsely chopped $ 2 fresh thyme sprigs $ Rough Puff Pastry $ 1 large egg, lightly beaten $ 1 tablespoon water $ 4 (14-ounce) deep bowls or ramekins (4 to 5 inches wide) or similar-capacity ovenproof dishes $ ",Beer $ Beef $ Bake $ St. Patrick's Day $ Fall $ Phyllo/Puff Pastry Dough $ Gourmet $ Pot Pie $ ,English $ Irish $ ,3.5/4,192,Beer $ Beef $ Bake $ St. Patrick's Day $ Fall $ Phyllo/Puff Pastry Dough $ Gourmet $ Pot Pie $ English $ Irish $ 
https://www.epicurious.com/recipes/food/views/irish-cheddar-and-stout-fondue-234120,Irish Cheddar and Stout Fondue ,"2 cups 1- to 1 1/2-inch-diameter red-skinned potatoes, halved $ 2 cups cauliflower florets $ 2 cups very small brussels sprouts $ 2 apples, cored, cut into wedges $ 1 pound Irish cheddar cheese, grated $ 2 1/2 tablespoons all purpose flour $ 3/4 cup (or more) Irish stout (such as Guinness) $ 6 tablespoons frozen apple juice concentrate, thawed $ 1 tablespoon Dijon mustard $ ",Beer $ Cheese $ Potato $ Vegetable $ Appetizer $ Vegetarian $ St. Patrick's Day $ Cheddar $ Spring $ Brussels Sprout $ Bon Appétit $ Pescatarian $ Peanut Free $ Tree Nut Free $ Soy Free $ Kosher $ ,Irish $ ,3/4,65,Beer $ Cheese $ Potato $ Vegetable $ Appetizer $ Vegetarian $ St. Patrick's Day $ Cheddar $ Spring $ Brussels Sprout $ Bon Appétit $ Pescatarian $ Peanut Free $ Tree Nut Free $ Soy Free $ Kosher $ Irish $ 
https://www.epicurious.com/recipes/food/views/corned-beef-and-carrots-with-marmalade-whiskey-glaze-234137,Corned Beef and Carrots with Marmalade-Whiskey Glaze ,"Nonstick vegetable oil spray $ 1 cup sweet orange marmalade $ 1/2 cup Irish whiskey $ 1/8 teaspoon ground nutmeg $ 1 tablespoon Dijon mustard plus more for serving $ 1 2- to 2 1/4-pound piece lean fully cooked corned beef $ 12 carrots, peeled, halved lengthwise $ Fresh parsley sprigs $ ",Beef $ Citrus $ Mustard $ Vegetable $ Roast $ Low Fat $ St. Patrick's Day $ Whiskey $ Family Reunion $ Party $ Bon Appétit $ ,Irish $ ,3.5/4,47,Beef $ Citrus $ Mustard $ Vegetable $ Roast $ Low Fat $ St. Patrick's Day $ Whiskey $ Family Reunion $ Party $ Bon Appétit $ Irish $ 
https://www.epicurious.com/recipes/food/views/chocolate-guinness-goodness-234304,Chocolate Guinness Goodness ,"8 large egg yolks $ 1 cup sugar $ One 14.9-ounce can Guinness Draught $ 3 cups heavy cream $ 7 ounces high-quality bittersweet (70 to 72% cacao) chocolate, finely chopped $ Six 8-ounce old-fashioned glasses $ ",Beer $ Milk/Cream $ Chocolate $ Dairy $ Egg $ Dessert $ St. Patrick's Day $ Vegetarian $ Pescatarian $ Wheat/Gluten-Free $ Peanut Free $ Tree Nut Free $ Soy Free $ Kosher $ ,Irish $ ,3.5/4,81,Beer $ Milk/Cream $ Chocolate $ Dairy $ Egg $ Dessert $ St. Patrick's Day $ Vegetarian $ Pescatarian $ Wheat/Gluten-Free $ Peanut Free $ Tree Nut Free $ Soy Free $ Kosher $ Irish $ 
https://www.epicurious.com/recipes/food/views/all-day-breakfast-sandwich-232645,All-Day Breakfast Sandwich ,"2 tablespoons unsalted butter $ 4 Irish or other good-quality pork breakfast sausage links $ 4 slices Irish or Canadian bacon $ 4 large eggs $ 2 (5-inch-long) pieces of soft baguette, halved lengthwise $ Accompaniment: tomato relish, chutney, or ketchup $ ",Sandwich $ Egg $ Breakfast $ Brunch $ Quick & Easy $ St. Patrick's Day $ Bacon $ Sausage $ Gourmet $ Sugar Conscious $ Peanut Free $ Tree Nut Free $ Soy Free $ ,Irish $ ,0/4,0,Sandwich $ Egg $ Breakfast $ Brunch $ Quick & Easy $ St. Patrick's Day $ Bacon $ Sausage $ Gourmet $ Sugar Conscious $ Peanut Free $ Tree Nut Free $ Soy Free $ Irish $ 
https://www.epicurious.com/recipes/food/views/irish-soda-bread-with-raisins-231580,Irish Soda Bread with Raisins ,"Nonstick vegetable oil spray $ 2 cups all purpose flour $ 5 tablespoons sugar, divided $ 1 1/2 teaspoons baking powder $ 1 teaspoon salt $ 3/4 teaspoon baking soda $ 3 tablespoons butter, chilled, cut into cubes $ 1 cup buttermilk $ 2/3 cup raisins $ ",Bread $ Breakfast $ Brunch $ Bake $ Quick & Easy $ St. Patrick's Day $ Dried Fruit $ Raisin $ Bon Appétit $ Yonkers $ New York $ Kidney Friendly $ Vegetarian $ Pescatarian $ Peanut Free $ Tree Nut Free $ Soy Free $ Kosher $ ,Irish $ ,4/4,151,Bread $ Breakfast $ Brunch $ Bake $ Quick & Easy $ St. Patrick's Day $ Dried Fruit $ Raisin $ Bon Appétit $ Yonkers $ New York $ Kidney Friendly $ Vegetarian $ Pescatarian $ Peanut Free $ Tree Nut Free $ Soy Free $ Kosher $ Irish $ 
https://www.epicurious.com/recipes/food/views/irish-coffee-200735,Irish Coffee ,"3/4 cup (4 jiggers) Irish whiskey $ 2 tablespoons sugar, or to taste $ 3 cups freshly brewed strong coffee $ Lightly sweetened whipped cream to taste $ ",Coffee $ Alcoholic $ Dessert $ Whiskey $ Winter $ Party $ Gourmet $ Drink $ Fat Free $ Kidney Friendly $ Vegetarian $ Pescatarian $ Wheat/Gluten-Free $ Peanut Free $ Tree Nut Free $ Soy Free $ Kosher $ ,Irish $ ,0/4,0,Coffee $ Alcoholic $ Dessert $ Whiskey $ Winter $ Party $ Gourmet $ Drink $ Fat Free $ Kidney Friendly $ Vegetarian $ Pescatarian $ Wheat/Gluten-Free $ Peanut Free $ Tree Nut Free $ Soy Free $ Kosher $ Irish $ 
https://www.epicurious.com/recipes/food/views/blarney-stone-200090,Blarney Stone ,1 1/2 to 2 ounces Irish whiskey $ 1/2 teaspoon Pernod $ 1/2 teaspoon curaçao $ 1/2 teaspoon maraschino $ Dash Angostura bitters $ 1/2 cup crushed ice $ Twist orange peel $ Olive (optional) $ ,Bitters $ Alcoholic $ St. Patrick's Day $ Cocktail $ Pernod $ Whiskey $ House & Garden $ Drink $ ,Irish $ ,0/4,0,Bitters $ Alcoholic $ St. Patrick's Day $ Cocktail $ Pernod $ Whiskey $ House & Garden $ Drink $ Irish $ 
https://www.epicurious.com/recipes/food/views/fresh-ham-with-cracklings-and-pan-gravy-10338,Fresh Ham with Cracklings and Pan Gravy ,"an 8- to-10 pound fresh ham (shank and leg of pork) $ vegetable oil for rubbing the ham $ 1 tablespoon coarse salt $ 1/2 teaspoon dried thyme, crumbled $ 1/2 teaspoon crumbled dried sage $ 1/2 teaspoon pepper $ 1 teaspoon English-style dry mustard $ 12 ounces beer (not dark) $ watercress sprigs for garnish $ 2 tablespoons all-purpose flour $ 1 cup beef broth $ 1/2 teaspoon English-style mustard $ 1/4 teaspoon crumbled dried sage $ 1/8 teaspoon dried thyme, crumbled $ 1/4 teaspoon sugar $ 2 teaspoons cider vinegar $ ",Beer $ Mustard $ Roast $ St. Patrick's Day $ Ham $ Gourmet $ ,Irish $ ,3/4,32,Beer $ Mustard $ Roast $ St. Patrick's Day $ Ham $ Gourmet $ Irish $ 
https://www.epicurious.com/recipes/food/views/white-soda-bread-1907,White Soda Bread ,3 1/2 cups all purpose flour $ 2 tablespoons caraway seeds (optional) $ 1 teaspoon baking-soda $ 3/4 teaspoon salt $ 1 1/2 cups (about) buttermilk $ ,Bread $ Dairy $ Bake $ St. Patrick's Day $ Bon Appétit $ ,Irish $ ,3.5/4,48,Bread $ Dairy $ Bake $ St. Patrick's Day $ Bon Appétit $ Irish $ 
https://www.epicurious.com/recipes/food/views/bird-flanagan-potato-pancakes-104867,Bird Flanagan Potato Pancakes ,2 medium potatoes $ 1 whole egg $ 4 slices lean Canadian bacon $ 1 tablespoon finely diced onion $ 1 teaspoon chopped parsley $ 1/4 teaspoon ground pepper $ 2 tablespoons grated cheddar cheese $ 3 tablespoons vegetable oil $ 1/4 teaspoon salt $ ,Potato $ Brunch $ Side $ Cheddar $ Ham $ Pan-Fry $ Sugar Conscious $ Wheat/Gluten-Free $ Peanut Free $ Tree Nut Free $ Soy Free $ No Sugar Added $ ,Irish $ ,3/4,7,Potato $ Brunch $ Side $ Cheddar $ Ham $ Pan-Fry $ Sugar Conscious $ Wheat/Gluten-Free $ Peanut Free $ Tree Nut Free $ Soy Free $ No Sugar Added $ Irish $ 
https://www.epicurious.com/recipes/food/views/corned-beef-and-cabbage-20038,Corned Beef and Cabbage ,"5 pounds corned brisket of beef $ 6 peppercorns, or packaged pickling spices $ 3 carrots, peeled and quartered $ 3 onions, peeled and quartered $ 1 medium-sized green cabbage, quartered or cut in wedges $ Melted butter (about 4 tablespoons) $ ",Onion $ Brisket $ Carrot $ Winter $ Cabbage $ House & Garden $ ,Irish $ ,3.5/4,154,Onion $ Brisket $ Carrot $ Winter $ Cabbage $ House & Garden $ Irish $ 
https://www.epicurious.com/recipes/food/views/sticky-toffee-pudding-104071,Sticky Toffee Pudding ,"8 ounces dates, finely chopped (about 1 1/4 cups packed) $ 1 cup boiling water $ 1/2 cup (1 stick) unsalted butter, room temperature $ 1 cup (packed) golden brown sugar $ 4 large eggs $ 1 3/4 cups self-rising flour $ 2 tablespoons instant coffee granules $ 1 teaspoon baking soda $ Powdered sugar $ Whipped cream $ Caramel Sauce $ ",Dessert $ Bake $ Date $ Fall $ Bon Appétit $ ,Irish $ ,4/4,31,Dessert $ Bake $ Date $ Fall $ Bon Appétit $ Irish $ 
https://www.epicurious.com/recipes/food/views/meatball-and-vegetable-soup-1924,Meatball and Vegetable Soup ,"1/2 pound ground pork $ 1/2 pound ground beef $ 1/3 cup chopped fresh parsley $ 1 tablespoon (or more) Worcestershire sauce $ 3/4 teaspoon salt $ 1/2 teaspoon black pepper $ 2 tablespoons vegetable oil $ 2 large red-skinned potatoes, cut into 1/2-inch pieces $ 2 large carrots, peeled, cut into 1/2-inch pieces $ 2 medium leeks (white and pale green parts only), chopped $ 1 large rutabaga, peeled, cut into 1/2-inch pieces $ 3 14 1/2-ounce cans beef broth $ 1 28-ounce can diced tomatoes $ ",Soup/Stew $ Beef $ Pork $ Potato $ Tomato $ Vegetable $ St. Patrick's Day $ Leek $ Carrot $ Spring $ Bon Appétit $ Ireland $ ,Irish $ ,3/4,10,Soup/Stew $ Beef $ Pork $ Potato $ Tomato $ Vegetable $ St. Patrick's Day $ Leek $ Carrot $ Spring $ Bon Appétit $ Ireland $ Irish $ 
https://www.epicurious.com/recipes/food/views/chocolate-whiskey-souffle-tarts-100972,Chocolate-Whiskey Soufflé Tarts ,"1 1/2 cups all purpose flour $ 3/4 cup (1 1/2 sticks) chilled unsalted butter, cut into small pieces $ 3/4 cup powdered sugar $ 1/2 teaspoon (scant) salt $ 10 ounces bittersweet (not unsweetened) or semisweet chocolate, chopped $ 1/4 cup Irish whiskey $ 1 1/2 teaspoons vanilla extract $ 1 1/4 teaspoons instant coffee crystals $ Pinch of salt $ 4 large eggs, separated $ 1/2 cup sugar $ Sweetened whipped cream $ Chocolate shavings (optional) $ ",Chocolate $ Egg $ Dessert $ Bake $ Freeze/Chill $ Vegetarian $ St. Patrick's Day $ Spring $ Bon Appétit $ Kidney Friendly $ Pescatarian $ Peanut Free $ Tree Nut Free $ Soy Free $ Kosher $ ,Irish $ ,3.5/4,28,Chocolate $ Egg $ Dessert $ Bake $ Freeze/Chill $ Vegetarian $ St. Patrick's Day $ Spring $ Bon Appétit $ Kidney Friendly $ Pescatarian $ Peanut Free $ Tree Nut Free $ Soy Free $ Kosher $ Irish $ 
https://www.epicurious.com/recipes/food/views/popover-pudding-with-irish-bacon-15781,Popover Pudding with Irish Bacon ,2 cups whole milk $ 4 large eggs $ 1 3/4 cups all-purpose flour $ 1 1/4 teaspoons salt $ 1 large bunch fresh chives $ 1 pound sliced Irish bacon* $ about 1/2 cup vegetable oil $ *available at many supermarkets $ ,Milk/Cream $ Blender $ Egg $ Herb $ Pork $ Breakfast $ Brunch $ Bake $ Sauté $ Casserole/Gratin $ Ham $ Winter $ Chill $ Chive $ Gourmet $ Sugar Conscious $ Peanut Free $ Tree Nut Free $ Soy Free $ No Sugar Added $ ,Irish $ ,3.5/4,6,Milk/Cream $ Blender $ Egg $ Herb $ Pork $ Breakfast $ Brunch $ Bake $ Sauté $ Casserole/Gratin $ Ham $ Winter $ Chill $ Chive $ Gourmet $ Sugar Conscious $ Peanut Free $ Tree Nut Free $ Soy Free $ No Sugar Added $ Irish $ 
https://www.epicurious.com/recipes/food/views/irish-coffee-meringues-1959,Irish Coffee Meringues ,7 tablespoons sugar $ 3 tablespoons (packed) dark brown sugar $ 1 teaspoon instant espresso powder or instant coffee powder $ 2 large egg whites $ 1 1/4 cups chilled whipping cream $ 2 tablespoons sugar $ 2 tablespoons Irish whiskey $ 2 teaspoons instant espresso powder or instant coffee powder $ Chocolate-covered coffee beans (optional) $ ,Coffee $ Milk/Cream $ Mixer $ Egg $ Dessert $ Bake $ St. Patrick's Day $ Whiskey $ Bon Appétit $ Kidney Friendly $ Vegetarian $ Pescatarian $ Wheat/Gluten-Free $ Peanut Free $ Tree Nut Free $ Soy Free $ Kosher $ ,Irish $ ,3.5/4,10,Coffee $ Milk/Cream $ Mixer $ Egg $ Dessert $ Bake $ St. Patrick's Day $ Whiskey $ Bon Appétit $ Kidney Friendly $ Vegetarian $ Pescatarian $ Wheat/Gluten-Free $ Peanut Free $ Tree Nut Free $ Soy Free $ Kosher $ Irish $ 
https://www.epicurious.com/recipes/food/views/roasted-bell-pepper-and-onion-tart-1968,Roasted Bell Pepper and Onion Tart ,1 small red bell pepper $ 1 small yellow bell pepper $ 2 tablespoons olive oil $ 1 1/2 cups chopped onion $ 1 refrigerated pie crust (half of 15-ounce package) $ 1 teaspoon all purpose flour $ 1/4 cup chopped fresh basil $ 2/3 cup whipping cream $ 2 large eggs $ 1/4 teaspoon salt $ 1/8 teaspoon pepper $ ,Milk/Cream $ Egg $ Onion $ Bake $ Vegetarian $ Bell Pepper $ Bon Appétit $ ,Irish $ ,3/4,7,Milk/Cream $ Egg $ Onion $ Bake $ Vegetarian $ Bell Pepper $ Bon Appétit $ Irish $ 
https://www.epicurious.com/recipes/food/views/leek-and-potato-soup-1922,Leek and Potato Soup ,"3 tablespoons butter $ 3 large leeks (white and pale green parts only), halved lengthwise, thinly sliced (about 4 1/2 cups) $ 2 large russet potatoes (about 18 ounces total), peeled, diced $ 4 1/2 cups (or more) chicken stock or canned low-salt broth $ 2 tablespoons chopped fresh chives $ ",Soup/Stew $ Food Processor $ Onion $ Potato $ Leek $ Spring $ Bon Appétit $ ,Irish $ ,3.5/4,145,Soup/Stew $ Food Processor $ Onion $ Potato $ Leek $ Spring $ Bon Appétit $ Irish $ 
https://www.epicurious.com/recipes/food/views/tea-brack-1926,Tea Brack ,"2 bags black tea $ 1 cup boiling water $ 1 1/2 cups raisins $ 1 1/2 cups golden raisins $ 1 cup (packed) golden brown sugar $ 1/2 cup chopped candied orange peel $ 1 egg, beaten to blend $ 2 cups all purpose flour $ 2 teaspoons baking powder $ 1/2 teaspoon salt $ 1/2 teaspoon ground cinnamon $ 1/2 teaspoon ground all spice $ Pinch of ground cloves $ Unsalted butter, room temperature $ ",Cake $ Dessert $ Bake $ Dried Fruit $ Spring $ Bon Appétit $ ,Irish $ ,3/4,5,Cake $ Dessert $ Bake $ Dried Fruit $ Spring $ Bon Appétit $ Irish $ 
https://www.epicurious.com/recipes/food/views/irish-bacon-and-cabbage-107859,"Irish ""Bacon"" and Cabbage ","1 gallon water $ 3 cups coarse kosher salt $ 1 6 1/2-pound bone-in pork shoulder roast (Boston butt), excess fat trimmed $ 3 large heads of garlic, halved crosswise $ 1 1/2 teaspoons whole black peppercorns $ 1 large head of green cabbage, cut into 6 wedges $ 1 pound carrots, peeled, cut crosswise in half, then quartered lengthwise $ Fresh thyme sprigs $ Spicy mustard $ ",Garlic $ Pork $ St. Patrick's Day $ Carrot $ Spring $ Cabbage $ Bon Appétit $ ,Irish $ ,3.5/4,23,Garlic $ Pork $ St. Patrick's Day $ Carrot $ Spring $ Cabbage $ Bon Appétit $ Irish $ 
https://www.epicurious.com/recipes/food/views/potato-and-cabbage-bundles-109209,Potato and Cabbage Bundles ,"1 medium onion, halved lengthwise, then sliced crosswise (1 cup) $ 1 tablespoon vegetable oil $ 1 large head leafy green cabbage (3 pounds) $ 1 teaspoon minced garlic $ 3/4 teaspoon salt $ 1/4 teaspoon black pepper $ 2/3 cup water $ 2 lb large boiling potatoes $ 1 cup well-shaken buttermilk $ 3 oz extra-sharp white Cheddar, coarsely grated (1 cup) $ 2 tablespoons drained bottled horseradish $ 3/4 stick (6 tablespoons) unsalted butter $ 3/4 cup coarse fresh bread crumbs from a country-style loaf $ Accompaniment: Irish bacon $ a nonstick muffin tin with 6 (1-cup) muffin cups; 12 (10- by 2-inch) strips of parchment paper $ ",Onion $ Potato $ Vegetable $ Bake $ Sauté $ St. Patrick's Day $ Horseradish $ Cheddar $ Spring $ Family Reunion $ Cabbage $ Boil $ Gourmet $ ,Irish $ ,3/4,43,Onion $ Potato $ Vegetable $ Bake $ Sauté $ St. Patrick's Day $ Horseradish $ Cheddar $ Spring $ Family Reunion $ Cabbage $ Boil $ Gourmet $ Irish $ 
https://www.epicurious.com/recipes/food/views/baked-cabbage-with-bacon-1943,Baked Cabbage with Bacon ,"3/4 pound bacon, cut crosswise into 1/2-inch-wide strips $ 1 1 1/2- to 1 3/4-pound cabbage, quartered, thinly sliced $ 1 large leek (white and pale green parts only), thinly sliced $ 3/4 cup water $ 1/4 cup chopped fresh parsley $ 1/4 cup chopped green onions $ 3 tablespoons butter $ 1 1/2 cups whole wheat breadcrumbs $ ",Pork $ Vegetable $ Side $ St. Patrick's Day $ Bacon $ Cabbage $ Bon Appétit $ Ireland $ ,Irish $ ,3.5/4,14,Pork $ Vegetable $ Side $ St. Patrick's Day $ Bacon $ Cabbage $ Bon Appétit $ Ireland $ Irish $ 
https://www.epicurious.com/recipes/food/views/irish-cream-chocolate-mousse-cake-502,Irish Cream Chocolate Mousse Cake ,"4 large eggs $ 1/3 cup sugar $ 12 ounces semisweet chocolate, chopped $ 1 1/2 cups chilled whipping cream $ 1/4 cup Irish cream liqueur $ 2/3 cup sugar $ 5 tablespoons water $ 5 tablespoons Irish whiskey $ 6 large eggs $ 3/4 cup plus 2 tablespoons sugar $ 2 tablespoons instant espresso powder or coffee powder $ Pinch of salt $ 1 cup all purpose flour $ 2 14 1/2 x 3-inch waxed paper strips $ 4 ounces semisweet chocolate, chopped $ 1 tablespoon plus 1 teaspoon solid vegetable shortening $ 12 1-ounce squares semisweet baking chocolate $ Powdered sugar $ ",Cake $ Chocolate $ Dairy $ Egg $ Dessert $ Bake $ St. Patrick's Day $ Spring $ Chill $ Bon Appétit $ ,Irish $ ,3.5/4,50,Cake $ Chocolate $ Dairy $ Egg $ Dessert $ Bake $ St. Patrick's Day $ Spring $ Chill $ Bon Appétit $ Irish $ 
https://www.epicurious.com/recipes/food/views/lime-fool-with-strawberries-and-kiwi-1833,Lime Fool with Strawberries and Kiwi ,"1/4 cup whipping cream $ 1/4 cup fresh lime juice $ 1 teaspoon grated lime peel $ 6 ounces imported white chocolate (such as Lindt), chopped $ 3/4 cup chilled whipping cream $ 3 tablespoons sugar $ 2 cups sliced hulled strawberries $ 2 kiwi fruit, peeled, thinly sliced $ 4 whole strawberries $ 4 lime slices $ ",Berry $ Chocolate $ Dairy $ Fruit $ Dessert $ Strawberry $ Lime $ Kiwi $ Spring $ Bon Appétit $ Vegetarian $ Pescatarian $ Wheat/Gluten-Free $ Peanut Free $ Tree Nut Free $ Soy Free $ Kosher $ ,Irish $ ,3.5/4,17,Berry $ Chocolate $ Dairy $ Fruit $ Dessert $ Strawberry $ Lime $ Kiwi $ Spring $ Bon Appétit $ Vegetarian $ Pescatarian $ Wheat/Gluten-Free $ Peanut Free $ Tree Nut Free $ Soy Free $ Kosher $ Irish $ 
https://www.epicurious.com/recipes/food/views/irish-pub-salad-1929,Irish Pub Salad ,"1/2 cup regular or low-fat mayonnaise $ 2 tablespoons malt vinegar or white wine vinegar $ 2 teaspoons chopped fresh tarragon or 3/4 teaspoon dried $ 1 teaspoon whole grain Dijon mustard $ 2 to 3 teaspoons water $ 4 cups torn Boston or Bibb lettuce $ 4 cups selected salad bar ingredients (such as pickled beets, sliced cucumber, diced tomatoes, chopped celery, shredded cabbage and sliced onions) $ 2 hard-boiled eggs, peeled, sliced $ 4 ounces cheddar and/or blue cheese, cut into wedges $ ",Salad $ Cheese $ Egg $ Quick & Easy $ St. Patrick's Day $ Bon Appétit $ ,Irish $ ,3.5/4,18,Salad $ Cheese $ Egg $ Quick & Easy $ St. Patrick's Day $ Bon Appétit $ Irish $ 
https://www.epicurious.com/recipes/food/views/caraway-whole-wheat-soda-bread-121,Caraway Whole Wheat Soda Bread ,"1 cup unbleached all purpose flour $ 1 cup whole wheat flour $ 3 tablespoons firmly packed dark brown sugar $ 1 1/2 teaspoons baking powder $ 1 teaspoon caraway seeds, lightly crushed in mortar with pestle $ 1/2 teaspoon baking soda $ 1/2 teaspoon salt $ 3/4 cup buttermilk $ 3 tablespoons canola oil $ 1 egg $ ",Bread $ Dairy $ Low Fat $ St. Patrick's Day $ Bon Appétit $ ,Irish $ ,3/4,6,Bread $ Dairy $ Low Fat $ St. Patrick's Day $ Bon Appétit $ Irish $ 
https://www.epicurious.com/recipes/food/views/garlic-mashed-potatoes-2073,Garlic Mashed Potatoes ,"1 1/4 pounds russet potatoes, peeled, cut into 1/2-inch pieces $ 1/4 cup milk $ 6 large garlic cloves, peeled, crushed $ 1/4 cup whipping cream $ 1/4 cup (1/2 stick) butter, room temperature $ ",Garlic $ Potato $ Side $ Quick & Easy $ St. Patrick's Day $ Bon Appétit $ Ireland $ ,Irish $ ,3.5/4,20,Garlic $ Potato $ Side $ Quick & Easy $ St. Patrick's Day $ Bon Appétit $ Ireland $ Irish $ 
https://www.epicurious.com/recipes/food/views/whole-wheat-porcini-soda-bread-107261,Whole Wheat Porcini Soda Bread ,"1 ounce dried porcini mushrooms* (about 1 1/2 cups), any grit brushed away, coarsely chopped $ 1/2 cup diced unsulfured dried apricots** or dried figs $ 3/4 cup warm water $ 1 3/4 cups buttermilk $ 1 cup old-fashioned oats $ 1/4 cup (1/2 stick) unsalted butter, melted $ 1/4 cup honey $ 2 cups all purpose flour $ 1 1/4 cups whole wheat flour $ 2 teaspoons baking powder $ 2 teaspoons coarse salt $ 1 teaspoon baking soda $ 1 egg, beaten to blend (for glaze) $ *Available at Italian markets, specialty food stores, and some supermarkets. $ **Available at natural food stores and some specialty food stores. $ ",Bread $ Milk/Cream $ Mushroom $ Bake $ St. Patrick's Day $ Dried Fruit $ Apricot $ Oat $ Fall $ Healthy $ Honey $ Bon Appétit $ ,American $ Irish $ ,3.5/4,6,Bread $ Milk/Cream $ Mushroom $ Bake $ St. Patrick's Day $ Dried Fruit $ Apricot $ Oat $ Fall $ Healthy $ Honey $ Bon Appétit $ American $ Irish $ 
https://www.epicurious.com/recipes/food/views/medallions-of-venison-with-port-and-cranberries-2069,Medallions of Venison with Port and Cranberries ,1 cup chicken stock or canned low-salt broth $ 1 cup beef stock or canned beef broth $ 1/2 cup ruby Port $ 1/3 cup whole berry cranberry sauce $ 3 tablespoons butter $ 8 3- to 3 1/2-ounce venison medallions (each about 1/2 to 3/4 inch thick) $ ,Berry $ Game $ Sauté $ Fall $ Spring $ Bon Appétit $ Ireland $ ,Irish $ ,4/4,75,Berry $ Game $ Sauté $ Fall $ Spring $ Bon Appétit $ Ireland $ Irish $ 
https://www.epicurious.com/recipes/food/views/halibut-with-tomato-sorrel-sauce-2072,Halibut with Tomato-Sorrel Sauce ,"1/4 cup finely chopped shallots $ 1/4 cup white wine vinegar $ 1/4 cup dry white wine $ 1/2 cup whipping cream $ 3 tablespoons vegetable oil $ 12 ounces mushrooms, chopped $ 1/2 teaspoon dried crushed red pepper $ 2 medium zucchini, trimmed, cut into matchstick-size strips $ 4 8-ounces halibut fillets (about 1 inch thick) $ 1/2 cup (1 stick) chilled butter, cut into pieces $ 2 medium tomatoes, peeled, seeded, chopped (about 1 cup) $ 2 tablespoons chopped fresh sorrel or spinach $ ",Fish $ Leafy Green $ Tomato $ Bake $ St. Patrick's Day $ Spring $ Bon Appétit $ Ireland $ ,Irish $ ,3.5/4,56,Fish $ Leafy Green $ Tomato $ Bake $ St. Patrick's Day $ Spring $ Bon Appétit $ Ireland $ Irish $ 
https://www.epicurious.com/recipes/food/views/baileys-pudding-parfaits-with-oatmeal-walnut-crunch-100970,Baileys Pudding Parfaits with Oatmeal-Walnut Crunch ,"1 cup old-fashioned oats $ 3/4 cup all purpose flour $ 1/2 cup (packed) golden brown sugar $ 2 teaspoons instant coffee crystals $ 1/4 teaspoon ground allspice $ 1/4 teaspoon salt $ 1/2 cup (1 stick) chilled unsalted butter, cut into 1/2-inch pieces $ 3/4 cup coarsely chopped walnuts $ 1 1/4 cups chilled whipping cream $ 12 tablespoons Baileys Original Irish Cream $ 3/4 cup (packed) golden brown sugar $ 6 large egg yolks $ 1/4 teaspoon ground nutmeg $ 12 tablespoons dried currants $ ",Dairy $ Egg $ Nut $ Dessert $ Freeze/Chill $ Vegetarian $ St. Patrick's Day $ Spring $ Chill $ Bon Appétit $ Pescatarian $ Peanut Free $ Soy Free $ Kosher $ ,Irish $ ,3/4,27,Dairy $ Egg $ Nut $ Dessert $ Freeze/Chill $ Vegetarian $ St. Patrick's Day $ Spring $ Chill $ Bon Appétit $ Pescatarian $ Peanut Free $ Soy Free $ Kosher $ Irish $ 
https://www.epicurious.com/recipes/food/views/irish-soda-bread-106278,Irish Soda Bread ,"4 cups all-purpose flour $ 1 1/2 teaspoons baking soda $ 1 teaspoon salt $ 1 tablespoon sugar $ 1 1/2 tablespoons caraway seeds $ 1 cup raisins $ 1 3/4 cups well-shaken buttermilk $ 2 tablespoons unsalted butter, melted $ ",Bread $ Milk/Cream $ Bake $ St. Patrick's Day $ Raisin $ Spring $ Caraway $ Gourmet $ ,Irish $ ,3.5/4,78,Bread $ Milk/Cream $ Bake $ St. Patrick's Day $ Raisin $ Spring $ Caraway $ Gourmet $ Irish $ 
https://www.epicurious.com/recipes/food/views/whiskey-punch-102349,Whiskey Punch ,1 3/4 cups Irish whiskey $ 1/4 cup (packed) golden brown sugar $ 6 thick lemon slices $ 24 whole cloves $ 3 cups hot water $ ,Alcoholic $ Quick & Easy $ St. Patrick's Day $ New Year's Day $ New Year's Eve $ Whiskey $ Fall $ Spring $ Winter $ Poker/Game Night $ Bon Appétit $ Drink $ ,Irish $ ,4/4,2,Alcoholic $ Quick & Easy $ St. Patrick's Day $ New Year's Day $ New Year's Eve $ Whiskey $ Fall $ Spring $ Winter $ Poker/Game Night $ Bon Appétit $ Drink $ Irish $ 
https://www.epicurious.com/recipes/food/views/pride-of-erin-soup-251,Pride of Erin Soup ,"1 1-pound cabbage, cored, quartered $ 2 tablespoons (1/4 stick) butter $ 1/2 cup chopped onion $ 1/2 cup grated peeled russet potato $ 1/2 teaspoon ground mace $ 2 tablespoons all purpose flour $ 2 1/2 cups milk $ 2 1/2 cups canned low-salt chicken broth $ 2 tablespoons chopped fresh parsley $ 2 tablespoons chopped fresh chives $ 2 tablespoons freshly grated Parmesan cheese $ ",Soup/Stew $ Milk/Cream $ Blender $ Dairy $ Potato $ Vegetable $ St. Patrick's Day $ Winter $ Cabbage $ Bon Appétit $ ,Irish $ ,3/4,14,Soup/Stew $ Milk/Cream $ Blender $ Dairy $ Potato $ Vegetable $ St. Patrick's Day $ Winter $ Cabbage $ Bon Appétit $ Irish $ 
https://www.epicurious.com/recipes/food/views/irish-lace-cookies-13178,Irish Lace Cookies ,"1 stick (1/2 cup) unsalted butter, softened $ 3/4 cup firmly packed light brown sugar $ 2 tablespoons all-purpose flour $ 2 tablespoons milk $ 1 teaspoon vanilla extract $ 1 1/4 cups old-fashioned rolled oats $ ",Cookies $ Dessert $ Bake $ Kid-Friendly $ St. Patrick's Day $ Oat $ Gourmet $ Kidney Friendly $ Vegetarian $ Pescatarian $ Peanut Free $ Tree Nut Free $ Soy Free $ Kosher $ ,Irish $ ,3/4,52,Cookies $ Dessert $ Bake $ Kid-Friendly $ St. Patrick's Day $ Oat $ Gourmet $ Kidney Friendly $ Vegetarian $ Pescatarian $ Peanut Free $ Tree Nut Free $ Soy Free $ Kosher $ Irish $ 
https://www.epicurious.com/recipes/food/views/irish-soda-bread-13189,Irish Soda Bread ,"4 cups bread flour $ 1 tablespoon double-acting baking powder $ 1 teaspoon salt $ 3/4 teaspoon baking soda $ 1 cup raisins or dried currants, rinsed in hot water and patted dry $ 1 tablespoon caraway seeds $ 2 cups buttermilk $ ",Bread $ Brunch $ Bake $ St. Patrick's Day $ Currant $ Raisin $ Gourmet $ Vegetarian $ Pescatarian $ Peanut Free $ Tree Nut Free $ Soy Free $ No Sugar Added $ Kosher $ ,Irish $ ,3.5/4,82,Bread $ Brunch $ Bake $ St. Patrick's Day $ Currant $ Raisin $ Gourmet $ Vegetarian $ Pescatarian $ Peanut Free $ Tree Nut Free $ Soy Free $ No Sugar Added $ Kosher $ Irish $ 
https://www.epicurious.com/recipes/food/views/irish-brown-bread-ice-cream-1958,Irish Brown Bread Ice Cream ,"1 cup crumbs from brown soda bread or crustless whole wheat bread $ 14 tablespoons sugar $ 3 tablespoons (packed) dark brown sugar $ 2/3 cup whole milk $ 1 3-inch piece vanilla bean, split lengthwise $ 2 large egg yolks $ 1 1/3 cups chilled whipping cream $ 2 1-pint baskets strawberries, hulled, sliced $ ",Milk/Cream $ Dairy $ Dessert $ St. Patrick's Day $ Frozen Dessert $ Strawberry $ Summer $ Bon Appétit $ ,Irish $ ,3.5/4,4,Milk/Cream $ Dairy $ Dessert $ St. Patrick's Day $ Frozen Dessert $ Strawberry $ Summer $ Bon Appétit $ Irish $ 
https://www.epicurious.com/recipes/food/views/herbed-lamb-with-mint-shallot-sauce-and-rutabaga-puree-1966,Herbed Lamb with Mint Shallot Sauce and Rutabaga Purée ,"1 6- to 7-pound leg of lamb $ Vegetable oil $ 1/3 cup chopped fresh parsley $ 1 tablespoon chopped fresh sage or 1 teaspoon dried rubbed sage $ 1 tablespoon chopped fresh rosemary or 1 teaspoon dried $ 1 tablespoon chopped fresh thyme or 1 teaspoon dried $ 1 tablespoon chopped fresh tarragon or 1 teaspoon dried $ 1 tablespoon butter, softened $ 1 tablespoon all purpose flour $ 1/3 cup finely chopped shallots $ 1/4 cup dry white wine $ 1 cup canned low-salt chicken broth $ 1 tablespoon chopped fresh mint $ Fresh mint sprigs $ Fresh parsley sprigs $ Rutabaga Puree $ ",Herb $ Lamb $ Roast $ Easter $ St. Patrick's Day $ Mint $ Shallot $ Bon Appétit $ ,Irish $ ,3.5/4,11,Herb $ Lamb $ Roast $ Easter $ St. Patrick's Day $ Mint $ Shallot $ Bon Appétit $ Irish $ 
https://www.epicurious.com/recipes/food/views/irish-wheat-bread-522,Irish Wheat Bread ,"2 cups all purpose flour $ 2 cups whole wheat flour $ 1 tablespoon baking powder $ 1 teaspoon baking soda $ 1 teaspoon salt $ 1 cup currants or raisins $ 1 3/4 cups buttermilk $ 1/4 cup (1/2 stick) butter, melted $ 1 large egg, beaten to blend $ ",Bread $ Breakfast $ Bake $ St. Patrick's Day $ Bon Appétit $ Vegetarian $ Pescatarian $ Peanut Free $ Tree Nut Free $ Soy Free $ No Sugar Added $ Kosher $ ,Irish $ ,3/4,12,Bread $ Breakfast $ Bake $ St. Patrick's Day $ Bon Appétit $ Vegetarian $ Pescatarian $ Peanut Free $ Tree Nut Free $ Soy Free $ No Sugar Added $ Kosher $ Irish $ 
https://www.epicurious.com/recipes/food/views/irenes-beer-stew-103180,Irene's Beer Stew ,"2 1/2 lb onions, sliced $ About 1/2 cup canola oil $ 2 garlic cloves, finely chopped $ 1/3 cup all-purpose flour $ 2 teaspoons salt $ 1 teaspoon black pepper $ 3-lb boneless beef chuck, cut into 1 1/2-inch cubes $ 1 1/2 tablespoons soy sauce $ 1 1/2 tablespoons Worcestershire sauce $ 1 1/2 tablespoons steak sauce $ 2 bay leaves $ 2 teaspoons dried thyme $ 1 1/2 to 2 (12-oz) bottles of beer (not dark) $ 1 tablespoon light brown sugar (optional) $ Garnish: chopped fresh flat-leaf parsley $ Accompaniment: cooked potatoes, rice, or noodles $ ",Beer $ Beef $ Garlic $ Onion $ Braise $ Sauté $ Stew $ Spring $ Thyme $ Gourmet $ Massachusetts $ ,American $ Irish $ ,3/4,37,Beer $ Beef $ Garlic $ Onion $ Braise $ Sauté $ Stew $ Spring $ Thyme $ Gourmet $ Massachusetts $ American $ Irish $ 
https://www.epicurious.com/recipes/food/views/irish-soda-bread-with-raisins-and-caraway-107136,Irish Soda Bread with Raisins and Caraway ,"5 cups all purpose flour $ 1 cup sugar $ 1 tablespoon baking powder $ 1 1/2 teaspoons salt $ 1 teaspoon baking soda $ 1/2 cup (1 stick) unsalted butter, cut into cubes, room temperature $ 2 1/2 cups raisins $ 3 tablespoons caraway seeds $ 2 1/2 cups buttermilk $ 1 large egg $ ",Bread $ Milk/Cream $ St. Patrick's Day $ Raisin $ Fall $ Pan-Fry $ Caraway $ Bon Appétit $ New York $ ,Irish $ ,4/4,155,Bread $ Milk/Cream $ St. Patrick's Day $ Raisin $ Fall $ Pan-Fry $ Caraway $ Bon Appétit $ New York $ Irish $ 
https://www.epicurious.com/recipes/food/views/irish-stew-109213,Irish Stew ,"2 1/2 lb lean boneless lamb shoulder, cut into 1 1/2-inch cubes $ 3 medium leeks (white and pale green parts only), coarsely chopped $ 1 1/2 lb large boiling potatoes (about 3) $ 3 large onions, coarsely chopped $ 3 celery ribs, coarsely chopped $ 1 garlic clove, smashed $ 2 teaspoons salt $ 1/4 teaspoon black pepper $ 6 cups water $ 18 small boiling potatoes (about 1 1/4 lb total) $ 18 boiling onions (1 1/4 to 1 1/2 inches wide, about 1 lb), trimmed and peeled $ 24 baby carrots (about 4 bunches), trimmed and peeled $ 1/4 cup finely chopped fresh parsley $ a food mill fitted with fine disk $ ",Lamb $ Onion $ Potato $ Stew $ St. Patrick's Day $ Carrot $ Winter $ Gourmet $ ,Irish $ ,2.5/4,9,Lamb $ Onion $ Potato $ Stew $ St. Patrick's Day $ Carrot $ Winter $ Gourmet $ Irish $ 
https://www.epicurious.com/recipes/food/views/irish-cream-chocolate-mousse-cake-103235,Irish Cream Chocolate Mousse Cake ,"4 large eggs $ 1/3 cup sugar $ 12 ounces semisweet chocolate, chopped $ 1 1/2 cups chilled whipping cream $ 1/4 cup Irish cream liqueur $ ",Cake $ Liqueur $ Milk/Cream $ Chocolate $ Egg $ Dessert $ Bake $ Freeze/Chill $ St. Patrick's Day $ Bon Appétit $ Kidney Friendly $ Vegetarian $ Pescatarian $ Wheat/Gluten-Free $ Peanut Free $ Tree Nut Free $ Soy Free $ Kosher $ ,Irish $ ,3.5/4,21,Cake $ Liqueur $ Milk/Cream $ Chocolate $ Egg $ Dessert $ Bake $ Freeze/Chill $ St. Patrick's Day $ Bon Appétit $ Kidney Friendly $ Vegetarian $ Pescatarian $ Wheat/Gluten-Free $ Peanut Free $ Tree Nut Free $ Soy Free $ Kosher $ Irish $ 
https://www.epicurious.com/recipes/food/views/mashed-potatoes-with-kale-1945,Mashed Potatoes with Kale ,"1 cup milk $ 8 tablespoons (1 stick) butter $ 1 small carrot, peeled, diced $ 1 large bay leaf $ 1 large onion, chopped $ 1 large bunch kale, rinsed, coarsely chopped (about 8 cups) $ 4 pounds russet potatoes, peeled, cut into 1-inch pieces $ ",Milk/Cream $ Potato $ Side $ Vegetarian $ St. Patrick's Day $ Kale $ Winter $ Bon Appétit $ Ireland $ ,Irish $ ,3.5/4,19,Milk/Cream $ Potato $ Side $ Vegetarian $ St. Patrick's Day $ Kale $ Winter $ Bon Appétit $ Ireland $ Irish $ 
https://www.epicurious.com/recipes/food/views/molasses-and-oat-soda-bread-104075,Molasses and Oat Soda Bread ,Yellow cornmeal $ 1 1/4 cups buttermilk $ 1/4 cup mild-flavored (light) molasses $ 2 tablespoons vegetable oil $ 1 1/2 cups old-fashioned oats $ 3 cups unbleached all purpose flour $ 1/2 cup whole wheat flour $ 1 tablespoon sugar $ 1 1/2 teaspoons salt $ 1 teaspoon baking soda $ 1 teaspoon baking powder $ 1 cup raisins $ ,Bread $ Breakfast $ Brunch $ Bake $ St. Patrick's Day $ Oat $ Fall $ Molasses $ Bon Appétit $ Vegetarian $ Pescatarian $ Peanut Free $ Tree Nut Free $ Soy Free $ Kosher $ ,Irish $ ,3/4,6,Bread $ Breakfast $ Brunch $ Bake $ St. Patrick's Day $ Oat $ Fall $ Molasses $ Bon Appétit $ Vegetarian $ Pescatarian $ Peanut Free $ Tree Nut Free $ Soy Free $ Kosher $ Irish $ 
https://www.epicurious.com/recipes/food/views/irish-currant-and-raisin-cake-107263,Irish Currant and Raisin Cake ,"2 1/4 cups unbleached all-purpose flour (spoon flour into dry-measure cups and level off) plus 1 tablespoon $ 1 teaspoon baking powder $ 1/2 teaspoon baking soda $ 1/2 teaspoon salt $ 8 tablespoons (1 stick) unsalted butter, softened $ 3/4 cup sugar $ 1 large egg, at room temperature $ 1/2 cup currants $ 1/2 cup golden raisins $ 3/4 cup buttermilk or milk $ One 2-inch-deep 8-inch round cake pan, buttered and bottom lined with parchment or wax paper $ ",Cake $ Fruit $ Dessert $ Bake $ St. Patrick's Day $ Currant $ Raisin $ Fall $ Kidney Friendly $ Vegetarian $ Pescatarian $ Peanut Free $ Tree Nut Free $ Soy Free $ Kosher $ ,Irish $ ,3.5/4,12,Cake $ Fruit $ Dessert $ Bake $ St. Patrick's Day $ Currant $ Raisin $ Fall $ Kidney Friendly $ Vegetarian $ Pescatarian $ Peanut Free $ Tree Nut Free $ Soy Free $ Kosher $ Irish $ 
https://www.epicurious.com/recipes/food/views/irish-beef-stew-104817,Irish Beef Stew ,"1/4 cup vegetable oil $ 1 1/4 pounds stew beef, cut into 1-inch pieces $ 6 large garlic cloves, minced $ 8 cups beef stock or canned beef broth $ 2 tablespoons tomato paste $ 1 tablespoon sugar $ 1 tablespoon dried thyme $ 1 tablespoon Worcestershire sauce $ 2 bay leaves $ 2 tablespoons (1/4 stick) butter $ 3 pounds russet potatoes, peeled, cut into 1/2-inch pieces (about 7 cups) $ 1 large onion, chopped $ 2 cups 1/2-inch pieces peeled carrots $ 2 tablespoons chopped fresh parsley $ ",Soup/Stew $ Beef $ Garlic $ Potato $ Tomato $ Stew $ St. Patrick's Day $ Carrot $ Spring $ Bon Appétit $ ,Irish $ ,3.5/4,405,Soup/Stew $ Beef $ Garlic $ Potato $ Tomato $ Stew $ St. Patrick's Day $ Carrot $ Spring $ Bon Appétit $ Irish $ 
https://www.epicurious.com/recipes/food/views/raisin-tea-cake-101268,Raisin Tea Cake ,"1 tablespoon coriander seeds $ 1 two-inch cinnamon stick, crushed $ 1 teaspoon whole cloves $ 1 teaspoon allspice berries $ 1 tablespoon ground nutmeg $ 2 teaspoons ground ginger $ 2 1/4 cups water $ 3 cups raisins $ 8 tablespoons (1 stick) cold butter, cut into small pieces $ 1 cup sugar $ 3 cups all-purpose flour $ 2 teaspoons baking soda $ 1 teaspoon salt $ 1 egg, beaten $ ",Cake $ Fruit $ Dessert $ Bake $ St. Patrick's Day $ Raisin $ Winter $ Vegetarian $ Pescatarian $ Peanut Free $ Tree Nut Free $ Soy Free $ Kosher $ ,Irish $ ,3.5/4,9,Cake $ Fruit $ Dessert $ Bake $ St. Patrick's Day $ Raisin $ Winter $ Vegetarian $ Pescatarian $ Peanut Free $ Tree Nut Free $ Soy Free $ Kosher $ Irish $ 
https://www.epicurious.com/recipes/food/views/mix-and-mash-root-vegetables-1946,Mix-and-Mash Root Vegetables ,"1 pound turnips, peeled $ 1 pound large carrots, peeled $ 1 pound parsnips, peeled $ 1/4 cup (1/2 stick) butter $ Ground nutmeg $ ",Food Processor $ Vegetable $ Side $ Vegetarian $ Quick & Easy $ High Fiber $ Root Vegetable $ Carrot $ Parsnip $ Turnip $ Winter $ Healthy $ Bon Appétit $ Ireland $ Pescatarian $ Wheat/Gluten-Free $ Peanut Free $ Tree Nut Free $ Soy Free $ No Sugar Added $ Kosher $ ,Irish $ ,2.5/4,2,Food Processor $ Vegetable $ Side $ Vegetarian $ Quick & Easy $ High Fiber $ Root Vegetable $ Carrot $ Parsnip $ Turnip $ Winter $ Healthy $ Bon Appétit $ Ireland $ Pescatarian $ Wheat/Gluten-Free $ Peanut Free $ Tree Nut Free $ Soy Free $ No Sugar Added $ Kosher $ Irish $ 
https://www.epicurious.com/recipes/food/views/spinach-soup-with-green-onions-1925,Spinach Soup with Green Onions ,"5 tablespoons butter $ 1 bunch green onions, chopped $ 1/4 cup all purpose flour $ 3 1/2 cups milk (do not use low-fat or nonfat) $ 1 10-ounce package ready-to-use spinach leaves $ Ground nutmeg $ Chopped fresh dill or mint $ ",Soup/Stew $ Quick & Easy $ St. Patrick's Day $ Spinach $ Bon Appétit $ Ireland $ ,Irish $ ,3/4,10,Soup/Stew $ Quick & Easy $ St. Patrick's Day $ Spinach $ Bon Appétit $ Ireland $ Irish $ 
https://www.epicurious.com/recipes/food/views/whole-wheat-soda-bread-with-dried-pears-and-anise-1243,Whole Wheat Soda Bread with Dried Pears and Anise ,"4 teaspoons aniseed $ 1/4 cup anisette liqueur $ 4 cups whole wheat flour $ 2 cups unbleached all purpose flour $ 1 cup old-fashioned oats $ 1 tablespoon salt $ 2 teaspoons baking soda $ 2 1/4 cups buttermilk $ 2 large eggs $ 1/4 cup unsulfured (light) molasses $ 1/4 cup (1/2 stick) unsalted butter, melted $ 1 pound dried pears, cut into 1/2-inch pieces $ ",Bread $ Fruit $ Herb $ Bake $ St. Patrick's Day $ Pear $ Winter $ Anise $ Bon Appétit $ ,Irish $ ,2.5/4,4,Bread $ Fruit $ Herb $ Bake $ St. Patrick's Day $ Pear $ Winter $ Anise $ Bon Appétit $ Irish $ 
https://www.epicurious.com/recipes/food/views/irish-stew-1938,Irish Stew ,"5 pounds lamb shoulder chops $ 20 baby red-skinned potatoes $ 6 large carrots, peeled, quartered $ 3 medium onions, quartered $ 2 medium leeks (white and pale greens parts only), split lengthwise, cut into 1/2-inch-thick slices $ 1/3 cup chopped fresh parsley $ 1 1/2 tablespoons chopped fresh thyme $ 2 cups water $ ",Lamb $ Potato $ Stew $ Wheat/Gluten-Free $ St. Patrick's Day $ Spring $ Bon Appétit $ ,Irish $ ,3.5/4,28,Lamb $ Potato $ Stew $ Wheat/Gluten-Free $ St. Patrick's Day $ Spring $ Bon Appétit $ Irish $ 
https://www.epicurious.com/recipes/food/views/brown-oatmeal-soda-bread-10326,Brown Oatmeal Soda Bread ,"2 1/4 to 2 1/2 cups all-purpose flour $ 2 teaspoons baking soda $ 1 teaspoon double-acting baking powder $ 2 teaspoons salt $ 2 cups whole-wheat flour $ 1 cup old-fashioned rolled oats plus additional for sprinkling the bread $ 2 cups buttermilk $ 1 large egg, beaten lightly $ ",Bread $ Milk/Cream $ Bake $ Kid-Friendly $ St. Patrick's Day $ Oat $ Gourmet $ ,Irish $ ,3/4,10,Bread $ Milk/Cream $ Bake $ Kid-Friendly $ St. Patrick's Day $ Oat $ Gourmet $ Irish $ 
