link,name,ingredients,recipe_category,recipe_cuisine,rating,rating_count,keywords
https://www.epicurious.com/recipes/food/views/pan-fried-celery-root-potato-and-goat-cheese-terrine-5355,"Pan Fried Celery Root, Potato, and Goat Cheese Terrine ","1 1 1/4-pound eggplant, cut crosswise into 1/4-inch-thick slices $ 1 1 1/4-pound celery root, peeled, cut crosswise into 1/8-inch-thick slices $ 1 14-ounce russet potato, peeled, cut crosswise into 1/8-inch-thick slices $ Olive oil (for brushing vegetables) $ 2 large red bell peppers $ 2 3.5-ounce logs fresh goat cheese (such as Montrachet), cut into 1/4-inch-thick slices $ 12 large fresh basil leaves $ 1 7-ounce ball drained fresh water-packed mozzarella, cut into 1/4-inch-thick slices (Regular mozzarella can be substituted.) $ ",Potato $ Appetizer $ Sauté $ Vegetarian $ Wheat/Gluten-Free $ Goat Cheese $ Mozzarella $ Basil $ Celery $ Eggplant $ Bell Pepper $ Winter $ Pan-Fry $ Bon Appétit $ Pescatarian $ Peanut Free $ Tree Nut Free $ Soy Free $ No Sugar Added $ Kosher $ ,English $ ,3.5/4,3,Potato $ Appetizer $ Sauté $ Vegetarian $ Wheat/Gluten-Free $ Goat Cheese $ Mozzarella $ Basil $ Celery $ Eggplant $ Bell Pepper $ Winter $ Pan-Fry $ Bon Appétit $ Pescatarian $ Peanut Free $ Tree Nut Free $ Soy Free $ No Sugar Added $ Kosher $ English $ 
https://www.epicurious.com/recipes/food/views/individual-yorkshire-puddings-with-rare-roast-beef-14259,Individual Yorkshire Puddings with Rare Roast Beef ,"1 cup plus 2 tablespoons milk $ 2 large eggs $ 1 large egg yolk $ 1 cup all-purpose flour $ 1 teaspoon salt $ freshly ground black pepper to taste $ 3/4 cup vegetable oil $ 3/4 cup sour cream $ 1 tablespoon plus 1 teaspoon drained bottled horseradish $ 1 teaspoon chopped fresh flat-leafed parsley (wash and dry before chopping) $ 1/2 Pound cooked rare roast beef, slices 3/8 inch thick and slices cut into 1-inch pieces $ Garnish: 36 small fresh flat-leafed parsley leaves $ ",Blender $ Beef $ Egg $ Appetizer $ Bake $ Freeze/Chill $ Cocktail Party $ Horseradish $ Sour Cream $ Parsley $ Gourmet $ Sugar Conscious $ Kidney Friendly $ Peanut Free $ Tree Nut Free $ Soy Free $ No Sugar Added $ ,English $ ,2.5/4,14,Blender $ Beef $ Egg $ Appetizer $ Bake $ Freeze/Chill $ Cocktail Party $ Horseradish $ Sour Cream $ Parsley $ Gourmet $ Sugar Conscious $ Kidney Friendly $ Peanut Free $ Tree Nut Free $ Soy Free $ No Sugar Added $ English $ 
https://www.epicurious.com/recipes/food/views/strawberry-fool-tartlets-1290,Strawberry Fool Tartlets ,"2 cups unbleached all purpose flour $ 1/4 teaspoon salt $ 1/2 cup (1 stick) chilled unsalted butter, cut into small pieces $ 1/4 cup chilled solid vegetable shortening, cut into small pieces $ 1/3 cup (about) ice water $ 1 12-ounce basket fresh strawberries, hulled, coarsely chopped or 2 cups frozen unsweetened strawberries, thawed, drained, coarsely chopped $ 1/2 cup sugar $ 1 1/2 tablespoons fresh lemon juice $ 1 1/2 teaspoons unflavored gelatin $ 3/4 cup chilled whipping cream $ 6 small fresh strawberries $ ",Berry $ Dessert $ Strawberry $ Bon Appétit $ Kidney Friendly $ Peanut Free $ Tree Nut Free $ Soy Free $ ,English $ ,2/4,4,Berry $ Dessert $ Strawberry $ Bon Appétit $ Kidney Friendly $ Peanut Free $ Tree Nut Free $ Soy Free $ English $ 
https://www.epicurious.com/recipes/food/views/cranberry-winter-pudding-10825,Cranberry Winter Pudding ,"a 12-ounce bag of fresh cranberries, picked over $ 1 firm ripe-pear, peeled, cored, and chopped fine $ 3/4 cup firmly packed light brown sugar $ 1/2 cup dried sour cherries (available at specialty foods shops) or golden raisins $ 1/3 cup finely chopped dried apricots $ two 2-inch strips of lemon zest removed with a vegetable peeler $ a 3-inch cinnamon stick $ 2 cups cranberry juice cocktail $ 1/4 teaspoon vanilla $ about 10 slices of homemade-type white bread, crusts removed $ lightly sweetened whipped cream as an accompaniment $ ",Dessert $ Thanksgiving $ Cranberry $ Pear $ Apricot $ Cherry $ Chill $ Gourmet $ Vegetarian $ Pescatarian $ Peanut Free $ Tree Nut Free $ Soy Free $ Kosher $ ,English $ ,3.5/4,3,Dessert $ Thanksgiving $ Cranberry $ Pear $ Apricot $ Cherry $ Chill $ Gourmet $ Vegetarian $ Pescatarian $ Peanut Free $ Tree Nut Free $ Soy Free $ Kosher $ English $ 
https://www.epicurious.com/recipes/food/views/butterscotch-almond-cheesecake-1824,Butterscotch Almond Cheesecake ,"1 cup unbleached all purpose flour $ 1/3 cup sugar $ 1/4 cup almonds, toasted $ 1/4 teaspoon salt $ 7 tablespoons chilled unsalted butter, cut into pieces $ 1 egg yolk $ 1/4 teaspoon almond extract $ 4 8-ounce packages cream cheese, room temperature $ 1 1/2 cups sugar $ 1/4 cup Scotch whisky $ 1 tablespoon vanilla extract $ 4 large eggs $ 2 cups sour cream $ 2 cups sugar $ 2/3 cup plus 1 tablespoon Scotch whisky $ 2/3 cup whipping cream $ 1/4 cup (1/2 stick) unsalted butter $ 3/4 cup very coarsely chopped toasted almonds (about 3 1/2 ounces) $ Sweetened whipped cream $ ",Cake $ Cheese $ Dairy $ Egg $ Nut $ Dessert $ Bake $ Cream Cheese $ Almond $ Whiskey $ Bon Appétit $ Vegetarian $ Pescatarian $ Peanut Free $ Soy Free $ Kosher $ ,English $ ,3.5/4,15,Cake $ Cheese $ Dairy $ Egg $ Nut $ Dessert $ Bake $ Cream Cheese $ Almond $ Whiskey $ Bon Appétit $ Vegetarian $ Pescatarian $ Peanut Free $ Soy Free $ Kosher $ English $ 
https://www.epicurious.com/recipes/food/views/mocha-and-raspberry-trifle-5745,Mocha and Raspberry Trifle ,"3 tablespoons water $ 2 tablespoons sugar $ 3 tablespoons Cognac or other brandy $ 2 cups whole milk $ 1 tablespoon instant espresso powder $ 1 vanilla bean, split lengthwise $ 6 large egg yolks $ 3/4 cup sugar $ 1/4 cup cornstarch $ 3 ounces bittersweet (not unsweetened) or semisweet chocolate, chopped $ 1 3/4 cups chilled whipping cream $ 2 purchased 8-inch-diameter, 1- to 1 1/4-inch-thick round sponge cakes, each cut horizontally in half $ 3/4 cup raspberry preserves (about 10 ounces) $ 2 cups fresh or frozen raspberries (unthawed) $ 2 cups fresh raspberries $ 2 tablespoons red currant jelly, melted with 1 tablespoon water $ 1 1/2 teaspoons sugar $ Red currant bunches or red grape clusters (optional) $ ",Coffee $ Milk/Cream $ Mixer $ Fruit $ Dessert $ Christmas $ Vegetarian $ Raspberry $ Cognac/Armagnac $ Chill $ Bon Appétit $ ,English $ ,3.5/4,14,Coffee $ Milk/Cream $ Mixer $ Fruit $ Dessert $ Christmas $ Vegetarian $ Raspberry $ Cognac/Armagnac $ Chill $ Bon Appétit $ English $ 
https://www.epicurious.com/recipes/food/views/whisper-102766,Whisper ,3/4 ounce Scotch whisky $ 3/4 ounce dry vermouth $ 3/4 ounce sweet vermouth $ 3 or 4 ice cubes $ ,Cocktail $ Whiskey $ House & Garden $ Drink $ ,English $ ,0/4,0,Cocktail $ Whiskey $ House & Garden $ Drink $ English $ 
https://www.epicurious.com/recipes/food/views/highland-fling-102765,Highland Fling ,1 1/2 ounces Scotch whisky $ 3/4 ounce sweet vermouth $ 2 dashes orange bitters $ 1/2 cup crushed ice $ Olive $ ,Bitters $ Olive $ Cocktail $ Whiskey $ House & Garden $ Drink $ ,English $ ,0/4,0,Bitters $ Olive $ Cocktail $ Whiskey $ House & Garden $ Drink $ English $ 
https://www.epicurious.com/recipes/food/views/dried-cherry-buttermilk-scones-10329,Dried Cherry Buttermilk Scones ,"1/2 cup buttermilk plus 1/4 cup for brushing the scones $ 1 large egg $ 3 tablespoons light brown sugar $ 1 teaspoon vanilla extract $ 2 1/4 cups cake flour (not self-rising) $ 1 tablespoon double-acting baking powder $ 1/2 teaspoon baking soda $ 1/2 teaspoon salt $ 3/4 stick (6 tablespoons) cold unsalted butter, cut into bits $ 1/2 cup dried sour cherries (available at specialty foods shops) $ granulated sugar for sprinkling $ ",Bread $ Milk/Cream $ Breakfast $ Dessert $ Bake $ St. Patrick's Day $ Cherry $ Gourmet $ Kidney Friendly $ Vegetarian $ Pescatarian $ Peanut Free $ Tree Nut Free $ Soy Free $ Kosher $ ,English $ Irish $ ,3.5/4,66,Bread $ Milk/Cream $ Breakfast $ Dessert $ Bake $ St. Patrick's Day $ Cherry $ Gourmet $ Kidney Friendly $ Vegetarian $ Pescatarian $ Peanut Free $ Tree Nut Free $ Soy Free $ Kosher $ English $ Irish $ 
https://www.epicurious.com/recipes/food/views/miniature-cream-scones-with-currants-10328,Miniature Cream Scones with Currants ,"1/2 cup heavy cream plus additional for brushing the scones $ 1 large egg $ 1 teaspoon vanilla extract $ 3 tablespoons sugar plus additional for sprinkling the scones $ 1/2 teaspoon salt $ 2 1/4 cups cake flour (not self-rising) $ 1 tablespoon double-acting baking powder $ 1/2 teaspoon baking soda $ 3/4 stick (6 tablespoons) cold unsalted butter, cut into bits $ 1/2 cup dried currants $ ",Bread $ Milk/Cream $ Breakfast $ Brunch $ Dessert $ Bake $ Currant $ Gourmet $ Kidney Friendly $ Vegetarian $ Pescatarian $ Peanut Free $ Tree Nut Free $ Soy Free $ Kosher $ ,English $ ,3.5/4,80,Bread $ Milk/Cream $ Breakfast $ Brunch $ Dessert $ Bake $ Currant $ Gourmet $ Kidney Friendly $ Vegetarian $ Pescatarian $ Peanut Free $ Tree Nut Free $ Soy Free $ Kosher $ English $ 
https://www.epicurious.com/recipes/food/views/gingerbread-christmas-pudding-with-orange-hard-sauce-106022,Gingerbread Christmas Pudding with Orange Hard Sauce ,"1 1/2 cups powdered sugar $ 1/2 cup (1 stick) unsalted butter, room temperature $ 2 tablespoons brandy $ 1 teaspoon grated orange peel $ Nonstick vegetable oil spray $ 11/4 cups all purpose flour $ 1 tablespoon ground ginger $ 2 teaspoons ground cinnamon $ 1 teaspoon baking powder $ 1/2 teaspoon salt $ 1/2 teaspoon baking soda $ 1/4 teaspoon ground cloves $ 3/4 cup sugar $ 6 tablespoons (3/4 stick) unsalted butter, room temperature $ 3 large eggs $ 1/2 cup orange marmalade $ 1/4 cup mild-flavored (light) molasses $ 1 teaspoon grated orange peel $ ",Cake $ Mixer $ Ginger $ Dessert $ Steam $ Christmas $ Orange $ Spice $ Brandy $ Winter $ Bon Appétit $ ,English $ ,3.5/4,32,Cake $ Mixer $ Ginger $ Dessert $ Steam $ Christmas $ Orange $ Spice $ Brandy $ Winter $ Bon Appétit $ English $ 
https://www.epicurious.com/recipes/food/views/steamed-orange-pudding-106087,Steamed Orange Pudding ,"3/4 teaspoon baking soda $ 1 1/2 tablespoons orange juice $ 1/2 cup golden raisins $ 1 tablespoon all-purpose flour $ 1/2 stick (1/4 cup) unsalted butter, softened $ 1/4 cup sugar $ 1/8 teaspoon salt $ 2 large eggs $ 1/2 cup sweet orange marmalade $ 1 1/2 cups fresh whole-wheat bread crumbs $ Accompaniment:custard sauce or crème fraîche $ a 6-cup metal or ceramic pudding mold* or deep bowl with a lip $ ",Dessert $ Steam $ Christmas $ Orange $ Winter $ Gourmet $ Kidney Friendly $ Vegetarian $ Pescatarian $ Peanut Free $ Tree Nut Free $ Soy Free $ Kosher $ ,English $ ,3.5/4,21,Dessert $ Steam $ Christmas $ Orange $ Winter $ Gourmet $ Kidney Friendly $ Vegetarian $ Pescatarian $ Peanut Free $ Tree Nut Free $ Soy Free $ Kosher $ English $ 
https://www.epicurious.com/recipes/food/views/oatmeal-currant-scones-105754,Oatmeal Currant Scones ,"1 2/3 cups all-purpose flour $ 1/4 cup plus 2 tablespoons sugar plus additional for sprinkling $ 1 tablespoon baking powder $ 3/4 teaspoon baking soda $ 1/2 teaspoon salt $ 1 1/3 cups old-fashioned oats $ 1 1/2 sticks (3/4 cup) cold unsalted butter, cut into tablespoon pieces $ Finely grated zest from 1 large navel orange $ 2/3 cup well-shaken buttermilk plus additional for brushing $ 1/2 cup dried currants $ a 2 1/4-inch round cookie cutter $ ",Bread $ Breakfast $ Bake $ Currant $ Oat $ Fall $ Gourmet $ ,English $ ,3.5/4,46,Bread $ Breakfast $ Bake $ Currant $ Oat $ Fall $ Gourmet $ English $ 
https://www.epicurious.com/recipes/food/views/shepherds-pie-107281,Shepherd's Pie ,"2 tablespoons olive oil $ 1 pound large mushrooms, cut into 1/2-inch pieces $ 1 large onion, chopped $ 2 pounds ground lamb $ 4 large garlic cloves, chopped $ 2 0.87-ounce packages brown gravy seasoning mix $ 1 1/2 cups water $ 1 cup frozen peas $ 4 tablespoons chopped fresh parsley $ Buttery Mashed Potatoes $ ",Lamb $ Potato $ Bake $ Thanksgiving $ Fall $ Family Reunion $ Bon Appétit $ Los Angeles $ California $ ,American $ Eastern European/Russian $ English $ ,3.5/4,66,Lamb $ Potato $ Bake $ Thanksgiving $ Fall $ Family Reunion $ Bon Appétit $ Los Angeles $ California $ American $ Eastern European/Russian $ English $ 
https://www.epicurious.com/recipes/food/views/cheddar-cornmeal-scones-10960,Cheddar Cornmeal Scones ,"3/4 cup all-purpose flour $ 1/2 cup yellow cornmeal $ 1 1/4 teaspoons double-acting baking powder $ 1 teaspoon sugar $ 1/2 teaspoon salt $ a pinch of cayenne $ 3 tablespoons cold unsalted butter, cut into bits $ 3/4 cup plus 2 tablespoons coarsely grated sharp Cheddar $ 1 large egg, separated $ 1/3 cup milk $ ",Bread $ Breakfast $ Brunch $ Bake $ Quick & Easy $ Cheddar $ Gourmet $ ,English $ ,3.5/4,20,Bread $ Breakfast $ Brunch $ Bake $ Quick & Easy $ Cheddar $ Gourmet $ English $ 
https://www.epicurious.com/recipes/food/views/cheddar-cheese-scones-109486,Cheddar Cheese Scones ,2 3/4 cups self-rising flour $ 1 tablespoon sugar $ 2 teaspoons baking powder $ 3/4 cup minced fresh chives $ 1 cup (packed) coarsely shredded extra-sharp cheddar cheese $ 3/4 cup (or more) chilled whole milk $ 2 large eggs $ 1 tablespoon vegetable oil $ 2 teaspoons Dijon mustard $ Sesame seeds $ ,Bread $ Milk/Cream $ Breakfast $ Brunch $ Bake $ Cheddar $ Chive $ Bon Appétit $ Sugar Conscious $ Vegetarian $ Pescatarian $ Peanut Free $ Tree Nut Free $ Soy Free $ Kosher $ ,English $ ,2.5/4,13,Bread $ Milk/Cream $ Breakfast $ Brunch $ Bake $ Cheddar $ Chive $ Bon Appétit $ Sugar Conscious $ Vegetarian $ Pescatarian $ Peanut Free $ Tree Nut Free $ Soy Free $ Kosher $ English $ 
https://www.epicurious.com/recipes/food/views/scotch-whisky-trifle-2857,Scotch Whisky Trifle ,"2 2/3 cups half and half $ 6 egg yolks $ 3/4 cup firmly packed dark brown sugar $ 3 tablespoons all purpose flour $ 1 1/2 teaspoons vanilla extract $ 1 cup plus 2 tablespoons chilled whipping cream $ 1 1/4 teaspoons instant espresso powder or instant coffee powder $ 3 tablespoons Scotch whisky $ 1 1-pound frozen pound cake, thawed, cut into 3/4-inch cubes $ 6 tablespoons Scotch whisky $ 1 cup raspberry jam (about 10 1/2 ounces) $ 2 1/2-pint baskets fresh raspberries or 2 12-ounce bags frozen unsweetened raspberries, thawed $ 2 large bananas, peeled, halved lengthwise, sliced $ 2 cups chilled whipping cream $ 3 tablespoons sugar $ 3 tablespoons Scotch whisky $ 1 1/2-pint basket fresh raspberries $ Semisweet chocolate, curled or grated $ ",Coffee $ Chocolate $ Dessert $ Raspberry $ Banana $ Whiskey $ Chill $ Bon Appétit $ Vegetarian $ Pescatarian $ Peanut Free $ Tree Nut Free $ Soy Free $ Kosher $ ,English $ ,3.5/4,23,Coffee $ Chocolate $ Dessert $ Raspberry $ Banana $ Whiskey $ Chill $ Bon Appétit $ Vegetarian $ Pescatarian $ Peanut Free $ Tree Nut Free $ Soy Free $ Kosher $ English $ 
https://www.epicurious.com/recipes/food/views/braised-lamb-shank-shepherds-pie-with-creamed-spinach-104641,Braised-Lamb Shank Shepherd's Pie with Creamed Spinach ,"5 1/2 pounds large lamb shanks (4 large) $ 2 tablespoons extra-virgin olive oil $ 2 small onions, trimmed and quartered (do not peel) $ 1/2 cup fresh thyme sprigs $ 1/2 cup fresh rosemary sprigs $ 1/2 cup dry white wine $ 1 1/4 cups beef broth $ 1 1/4 cups water $ 3 pounds russet (baking) potatoes (6) $ 1 1/4 to 1 1/2 teaspoons salt $ 3/4 cup whole milk $ 5 medium carrots, cut into 1/4-inch-thick slices $ 1/4 cup all-purpose flour $ Creamed spinach $ 2 tablespoons unsalted butter, melted $ a ricer $ ",Leafy Green $ Lamb $ Potato $ Bake $ Braise $ Spinach $ Winter $ Gourmet $ ,English $ ,3.5/4,60,Leafy Green $ Lamb $ Potato $ Bake $ Braise $ Spinach $ Winter $ Gourmet $ English $ 
https://www.epicurious.com/recipes/food/views/radish-and-chive-salad-5354,Radish and Chive Salad ,1/2 cup finely shredded radishes (about 8) $ 1/4 cup finely chopped fresh chives $ 3/4 teaspoon oriental sesame oil $ ,Salad $ Herb $ Vegetable $ Low/No Sugar $ Radish $ Spring $ Chive $ Bon Appétit $ ,English $ ,3.5/4,6,Salad $ Herb $ Vegetable $ Low/No Sugar $ Radish $ Spring $ Chive $ Bon Appétit $ English $ 
https://www.epicurious.com/recipes/food/views/christmas-cheesecake-with-english-toffee-filling-104513,Christmas Cheesecake with English Toffee Filling ,"1 1/2 cups graham cracker crumbs (from about 5 ounces graham crackers) $ 1/2 cup toasted almonds, finely chopped $ 1/2 cup English toffee bits (such as Skor) $ 2 tablespoons (packed) dark brown sugar $ 1/4 teaspoon salt $ 6 tablespoons unsalted butter, melted $ 4 8-ounce packages cream cheese, room temperature $ 1 cup (packed) dark brown sugar $ 4 large eggs $ 1 tablespoon vanilla extract $ 1/4 teaspoon almond extract $ 8 ounces chocolate-covered English toffee (such as Skor or Heath bars), cut into 1/2-inch pieces $ 1 16-ounce container sour cream $ 1/2 cup sugar $ 1 teaspoon vanilla extract $ Assorted candies (such as gumdrops and holiday M&M’s) $ ",Cake $ Dairy $ Nut $ Dessert $ Bake $ Christmas $ Cream Cheese $ Winter $ Bon Appétit $ Vegetarian $ Pescatarian $ Peanut Free $ Soy Free $ Kosher $ ,American $ English $ ,3.5/4,169,Cake $ Dairy $ Nut $ Dessert $ Bake $ Christmas $ Cream Cheese $ Winter $ Bon Appétit $ Vegetarian $ Pescatarian $ Peanut Free $ Soy Free $ Kosher $ American $ English $ 
https://www.epicurious.com/recipes/food/views/bite-size-stollen-stollenkonfekt,Bite-Size Stollen (Stollenkonfekt) ,"7 tablespoons/100g unsalted high-fat, European-style butter, at room temperature $ 1/3 cup plus 1 tablespoon/80g granulated sugar $ 1 cup/250g Quark, drained if necessary $ Grated peel of 1 organic lemon $ 1/2 teaspoon vanilla extract $ 1 tablespoon dark rum $ 2 1/3 cups, scooped and leveled, plus 1 tablespoon/ 300g all-purpose flour $ 1/4 teaspoon salt $ 3/4 teaspoon ground cinnamon $ 1/2 teaspoon ground cloves $ 1/8 teaspoon ground cardamom $ 1 1/2 teaspoons baking powder $ 1/2 cup/75g blanched whole almonds, chopped $ 1 cup/150g raisins $ 7 tablespoons/100g unsalted butter $ 13 tablespoons/100g confectioners’ sugar $ 3 tablespoons Vanilla Sugar $ ",Christmas $ Bread $ Cardamom $ Clove $ Dried Fruit $ Raisin $ Almond $ snack $ Breakfast $ Dessert $ ,German $ European $ ,3.5/4,2,Christmas $ Bread $ Cardamom $ Clove $ Dried Fruit $ Raisin $ Almond $ snack $ Breakfast $ Dessert $ German $ European $ 
https://www.epicurious.com/recipes/food/views/chilled-beet-soup-with-buttermilk-cucumbers-and-dill-chlodnik,"Chilled Beet Soup with Buttermilk, Cucumbers, and Dill (Chlodnik) ","1 pound beets with greens (about 2 medium beets) $ Kosher salt $ 2 Kirby cucumbers, peeled, coarsely grated (about 1 cup) $ 1 kosher dill pickle, coarsely grated (about 1/2 cup), plus 1/2 cup pickle brine $ 1 1/2 cups buttermilk or kefir (preferably low- or full-fat) $ 3/4 cup sour cream $ 2 tablespoons chopped scallions $ Freshly ground black pepper $ 4 hard-boiled eggs, halved $ 4 teaspoons finely chopped dill $ ",Soup/Stew $ Summer $ Freeze/Chill $ Beet $ Egg $ Sour Cream $ Dill $ Dinner $ Lunch $ Vegetarian $ Pescatarian $ Wheat/Gluten-Free $ Peanut Free $ Tree Nut Free $ Soy Free $ No Sugar Added $ Kosher $ ,Eastern European/Russian $ European $ ,3.5/4,15,Soup/Stew $ Summer $ Freeze/Chill $ Beet $ Egg $ Sour Cream $ Dill $ Dinner $ Lunch $ Vegetarian $ Pescatarian $ Wheat/Gluten-Free $ Peanut Free $ Tree Nut Free $ Soy Free $ No Sugar Added $ Kosher $ Eastern European/Russian $ European $ 
https://www.epicurious.com/recipes/food/views/savory-dutch-baby,Savory Dutch Baby ,"3 large eggs, room temperature $ 3/4 cup whole milk, room temperature $ 3 tablespoons unsalted butter, melted, slightly cooled, divided $ 1/2 cup all-purpose flour $ 2 tablespoons cornstarch $ 1/2 teaspoon kosher salt $ 1/2 teaspoon freshly ground black pepper $ Fried eggs, avocado, and shaved ham  (optional) $ Smoked salmon, crème fraîche, and sliced spring onions  (optional) $ Sautéed kale, crispy bacon, and aged cheddar (optional) $ ",Bon Appétit $ Breakfast $ Pancake $ Salmon $ Brunch $ Avocado $ Bake $ Lunch $ Dinner $ Sugar Conscious $ Kidney Friendly $ Pescatarian $ Peanut Free $ Tree Nut Free $ Soy Free $ No Sugar Added $ Kosher $ ,European $ ,3/4,4,Bon Appétit $ Breakfast $ Pancake $ Salmon $ Brunch $ Avocado $ Bake $ Lunch $ Dinner $ Sugar Conscious $ Kidney Friendly $ Pescatarian $ Peanut Free $ Tree Nut Free $ Soy Free $ No Sugar Added $ Kosher $ European $ 
https://www.epicurious.com/recipes/food/views/the-ischler-51256460,The Ischler ,"2 cups sliced almonds, preferably unblanched $ 1 cup plus 2 tbsp powdered sugar $ 16 tbsp unsalted butter, softened (2 sticks) $ 1/2 large egg, lightly beaten $ 1 tsp vanilla extract $ 1 3/4 cups plus 1 tbsp bleached all-purpose flour $ 1/4 tsp fine sea salt $ 2 2/3 cups dried apricots (1 lb) $ 1 cup plus 2 tbsp granulated sugar $ 2 tsp lemon zest, finely grated $ 1 tsp apricot or peach brandy $ 8 oz bittersweet chocolate, chopped $ 1/4 cup heavy cream, hot $ Nut grater; 21/2"" round cookie cutters $ ",Cookies $ Chocolate $ Dessert $ Apricot $ ,European $ ,0/4,0,Cookies $ Chocolate $ Dessert $ Apricot $ European $ 
https://www.epicurious.com/recipes/food/views/my-chicken-broth-braised-baby-turnips-51254010,My Chicken Broth-Braised Baby Turnips ,"14 ounces small new turnips, all about the same size for even cooking, peeled $ 1/4 ounce superfine sugar $ 1 pinch fine salt $ 3 tablespoons butter $ 1 1/4 cups chicken broth, preferably homemade $ 3-6 tablespoons pan drippings from a roast chicken, or 2 tablespoons olive oil $ 1 tablespoon flat-leaf parsley, chopped $ ",Vegetable $ Side $ Root Vegetable $ Turnip $ Wheat/Gluten-Free $ Peanut Free $ Tree Nut Free $ Soy Free $ ,French $ European $ ,2/4,1,Vegetable $ Side $ Root Vegetable $ Turnip $ Wheat/Gluten-Free $ Peanut Free $ Tree Nut Free $ Soy Free $ French $ European $ 
https://www.epicurious.com/recipes/food/views/roasted-white-chocolate-panna-cotta-51253860,Roasted White Chocolate Panna Cotta ,"8 ounces white chocolate, chopped (227 grams) $ 2 cups whole milk (480 grams) $ 1 1/2 teaspoons powdered gelatin (5 grams) $ 3/4 teaspoon kosher salt (3 grams) $ 1 cup cold heavy cream (240 grams) $ Six 6-ounce bowls or ramekins $ ",Chocolate $ Dessert $ Ramekin $ Kidney Friendly $ Wheat/Gluten-Free $ Peanut Free $ Tree Nut Free $ Soy Free $ ,Italian $ European $ ,0/4,0,Chocolate $ Dessert $ Ramekin $ Kidney Friendly $ Wheat/Gluten-Free $ Peanut Free $ Tree Nut Free $ Soy Free $ Italian $ European $ 
https://www.epicurious.com/recipes/food/views/basic-clafoutis-51208430,Basic Clafoutis ,"1 cup whole milk $ 3 eggs $ 1/2 cup sugar $ 1 teaspoon vanilla extract $ 2 tablespoons butter, melted $ 1/2 cup all-purpose flour $ ",Milk/Cream $ Dairy $ Egg $ Dessert $ Bake $ Kid-Friendly $ Kidney Friendly $ Vegetarian $ Pescatarian $ Peanut Free $ Tree Nut Free $ Soy Free $ Kosher $ ,French $ European $ ,3.5/4,25,Milk/Cream $ Dairy $ Egg $ Dessert $ Bake $ Kid-Friendly $ Kidney Friendly $ Vegetarian $ Pescatarian $ Peanut Free $ Tree Nut Free $ Soy Free $ Kosher $ French $ European $ 
https://www.epicurious.com/recipes/food/views/brook-trout-mullerin-51208420,Brook Trout Müllerin ,"4 skin-on brook trout filets $ Salt $ Freshly ground black pepper $ 1/4 cup flour $ 4 tablespoons butter $ 1 lemon, halved $ Leaves from 4 sprigs fresh parsley, chopped $ ",Fish $ Dinner $ Seafood $ Trout $ Sugar Conscious $ Pescatarian $ Peanut Free $ Tree Nut Free $ Soy Free $ No Sugar Added $ Kosher $ ,European $ ,3.5/4,4,Fish $ Dinner $ Seafood $ Trout $ Sugar Conscious $ Pescatarian $ Peanut Free $ Tree Nut Free $ Soy Free $ No Sugar Added $ Kosher $ European $ 
https://www.epicurious.com/recipes/food/views/ragout-of-lamb-shoulder-with-cavatelli-51208220,Ragout of Lamb Shoulder with Cavatelli ,"1/4 cup olive oil $ 1 5-pound bone-in lamb shoulder $ 1 teaspoon fennel seeds, crushed $ Leaves from 1 sprig fresh rosemary, chopped $ Salt $ Freshly ground black pepper $ 1 bunch leeks, trimmed, chopped, and cleaned $ 1 stalk celery, chopped $ 4 cloves garlic, chopped $ Pinch red pepper flakes $ 3 filets salt-cured anchovies $ 2 tablespoons tomato paste $ Leaves from 4 sprigs fresh thyme, chopped $ 1 bay leaf $ 1 1/2 cups red wine $ Peel of 1/2 orange $ 1 cup red pearl onions, peeled $ 2 cups Basic Fond de Veau $ 1 16-ounce package cavatelli pasta, cooked $ 1 cup fresh sweet peas $ ",Soup/Stew $ Lamb $ Pasta $ ,French $ European $ ,3.5/4,2,Soup/Stew $ Lamb $ Pasta $ French $ European $ 
https://www.epicurious.com/recipes/food/views/cabbage-rolls-with-meat-stuffing-and-wild-mushroom-sauce-51165200,Cabbage Rolls with Meat Stuffing and Wild Mushroom Sauce ,"2 large heads savoy cabbage $ 5 tbsp/70 g unsalted butter $ 1/4 cup/40 g coarsely chopped onion $ 4 cups/630 g cooked white rice $ 1 lb/455 g coarsely chopped boneless pork or chicken (thigh meat will be juicier, but white meat works as well) $ Salt and freshly ground pepper $ 2 cups/480 ml chicken broth or stock $ One 1-oz/30-g package dried mixed wild mushrooms or porcini $ 2 cups/480 ml boiling water $ 2 tbsp unsalted butter $ 2 tbsp minced onion $ 1 lb/455 g mixed fresh wild mushrooms, cleaned, trimmed, and coarsely chopped (Go for an exotic mix, but if your market offers only portobello, cremini, and shiitake, these will work as well.) $ 1 tbsp all-purpose flour $ Salt and freshly ground pepper $ 1/4 cup/60 ml white wine, preferably dry vermouth $ 1/4 cup/60 ml heavy cream $ Juice of 1/2 lemon $ ",Mushroom $ Pork $ Dinner $ Cabbage $ Peanut Free $ Tree Nut Free $ Soy Free $ ,Eastern European/Russian $ European $ ,4/4,3,Mushroom $ Pork $ Dinner $ Cabbage $ Peanut Free $ Tree Nut Free $ Soy Free $ Eastern European/Russian $ European $ 
https://www.epicurious.com/recipes/food/views/crispy-roast-duck-with-blackberry-sauce-51118400,Crispy Roast Duck with Blackberry Sauce ,"1/2 cup plus 1 tablespoon unsalted butter $ 1/4 cup white sugar $ 1/3 cup dry white wine: Chenin Blanc or Sauvignon Blanc $ 1/4 cup orange juice $ 1/4 cup lemon juice $ 2 tablespoons red wine vinegar $ 1 1/2 cups frozen blackberries, thawed $ 1 3/4 cups chicken broth $ 2 tablespoons Cognac $ 1 tablespoon Vermont maple syrup $ 4 (5- to 6-ounce) duck breast halves with skin $ Kosher salt to taste $ Black pepper to taste $ Additional blackberries for presentation $ ",Berry $ Duck $ Fruit $ Poultry $ Roast $ Dinner $ Blackberry $ Advance Prep Required $ Wheat/Gluten-Free $ Peanut Free $ Tree Nut Free $ Soy Free $ ,European $ British $ ,3/4,10,Berry $ Duck $ Fruit $ Poultry $ Roast $ Dinner $ Blackberry $ Advance Prep Required $ Wheat/Gluten-Free $ Peanut Free $ Tree Nut Free $ Soy Free $ European $ British $ 
https://www.epicurious.com/recipes/food/views/english-eccles-cake-51118410,English Eccles Cake ,"4 tablespoons unsalted butter $ 1 cup dried currants $ 2 tablespoons candied mixed fruit peel, chopped $ 1/2 cup white sugar, plus extra for decoration $ 1/2 cup dark brown sugar $ 1/2 teaspoon allspice $ 1/4 teaspoon nutmeg $ 1/4 teaspoon cinnamon $ 1/2 (17.5-ounce) package frozen puff pastry, thawed $ 1/4 cup whole milk $ 1 large egg, beaten $ ",Cake $ Dessert $ Bake $ Dried Fruit $ Spice $ Cinnamon $ Nutmeg $ Vegetarian $ Pescatarian $ Peanut Free $ Tree Nut Free $ Soy Free $ Kosher $ ,European $ British $ ,3.5/4,2,Cake $ Dessert $ Bake $ Dried Fruit $ Spice $ Cinnamon $ Nutmeg $ Vegetarian $ Pescatarian $ Peanut Free $ Tree Nut Free $ Soy Free $ Kosher $ European $ British $ 
https://www.epicurious.com/recipes/food/views/aryas-snitched-tarts-51102410,Arya's Snitched Tarts ,"1 bottle inexpensive sweet red wine, such as a Shiraz $ 1 1/2 cups honey $ 1/2 cup red wine vinegar $ 1 tablespoon Poudre Forte $ 1/2 cup chopped dates or prunes $ 1/2 cup currants $ 1 cup fresh or dried figs, if available (if not, substitute your favorite berries), diced $ Crumbled candied nuts (optional, but delicious) $ 1 batch Medieval Sweet Dough $ Vegetable oil for frying $ ",Cookies $ Dessert $ Bake $ Prune $ Date $ Fig $ Winter $ Kidney Friendly $ Vegetarian $ Pescatarian $ Dairy Free $ Wheat/Gluten-Free $ Soy Free $ Kosher $ ,European $ ,0/4,1,Cookies $ Dessert $ Bake $ Prune $ Date $ Fig $ Winter $ Kidney Friendly $ Vegetarian $ Pescatarian $ Dairy Free $ Wheat/Gluten-Free $ Soy Free $ Kosher $ European $ 
https://www.epicurious.com/recipes/food/views/iced-blueberries-in-sweet-cream-51102420,Iced Blueberries in Sweet Cream ,"1 pint fresh blueberries $ 2 egg whites, slightly beaten $ 1 cup plus 2 teaspoons milk or cream $ 2 tablespoons honey $ Pinch of salt $ 2 teaspoons sugar $ ",Dessert $ Freeze/Chill $ Frozen Dessert $ Blueberry $ Winter $ Advance Prep Required $ Kidney Friendly $ Vegetarian $ Pescatarian $ Wheat/Gluten-Free $ Peanut Free $ Tree Nut Free $ Soy Free $ Kosher $ ,European $ ,2.5/4,2,Dessert $ Freeze/Chill $ Frozen Dessert $ Blueberry $ Winter $ Advance Prep Required $ Kidney Friendly $ Vegetarian $ Pescatarian $ Wheat/Gluten-Free $ Peanut Free $ Tree Nut Free $ Soy Free $ Kosher $ European $ 
https://www.epicurious.com/recipes/food/views/potatoes-rosti-395549,Potatoes Rösti ,"2 medium baking potatoes {Idaho or russet}, peeled {1 1/4 lb/570 g} $ 2 tbsp unsalted butter $ Extra-virgin olive oil $ Sea salt $ Freshly ground black pepper $ 2 tbsp rosemary leaves {optional} $ ",Potato $ Breakfast $ Brunch $ Side $ Bake $ Vegetarian $ Dinner $ Root Vegetable $ Advance Prep Required $ Mandoline $ Sugar Conscious $ Pescatarian $ Wheat/Gluten-Free $ Peanut Free $ Tree Nut Free $ Soy Free $ No Sugar Added $ Kosher $ ,European $ ,3/4,2,Potato $ Breakfast $ Brunch $ Side $ Bake $ Vegetarian $ Dinner $ Root Vegetable $ Advance Prep Required $ Mandoline $ Sugar Conscious $ Pescatarian $ Wheat/Gluten-Free $ Peanut Free $ Tree Nut Free $ Soy Free $ No Sugar Added $ Kosher $ European $ 
https://www.epicurious.com/recipes/food/views/beef-tea-395253,Beef Tea ,"8 ounces beef chuck steak, cut into 1/2-inch cubes $ 1/4 teaspoon salt $ 3 cups water $ ",Soup/Stew $ Beef $ Meat $ Boil $ ,European $ British $ ,2/4,3,Soup/Stew $ Beef $ Meat $ Boil $ European $ British $ 
https://www.epicurious.com/recipes/food/views/raspberry-almond-linzer-cookies-387489,Raspberry-Almond Linzer Cookies ,1/2 cup whole natural almonds (with skins) $ Buttery Sugar Cookie dough recipe with adjustments and additions $ 1/2 teaspoon ground cinnamon $ 2/3 cup seedless raspberry jam or red currant jelly $ Confectioners' sugar for dusting $ Wax paper; parchment paper; 2 large baking sheets; 3-inch and 1-inch fluted round cookie cutters $ ,Cookies $ Nut $ Bake $ Christmas $ Tree Nut $ Almond $ Birthday $ Shower $ Christmas Eve $ Party $ Jam or Jelly $ Gourmet $ ,European $ ,2.5/4,3,Cookies $ Nut $ Bake $ Christmas $ Tree Nut $ Almond $ Birthday $ Shower $ Christmas Eve $ Party $ Jam or Jelly $ Gourmet $ European $ 
https://www.epicurious.com/recipes/food/views/swiss-rosti-and-poached-eggs-369310,Swiss Rösti and Poached Eggs ,"1 1/4 lb white potatoes (about 4 medium to large spuds) $ 2 garlic cloves, finely minced $ Salt and black pepper $ 1 1/2 tbsp unsalted butter $ Glug of olive oil $ 4 free-range eggs $ 1 tsp white wine vinegar, for poaching egg $ ",Egg $ Potato $ Breakfast $ Brunch $ New Year's Day $ ,European $ ,0/4,0,Egg $ Potato $ Breakfast $ Brunch $ New Year's Day $ European $ 
https://www.epicurious.com/recipes/food/views/wiener-schnitzel-368942,Wiener Schnitzel ,"1 cup all-purpose flour $ 3 teaspoons kosher salt, divided, plus more for seasoning $ 2 large eggs $ 2 tablespoons heavy cream $ 2 cups fine plain dried breadcrumbs $ 1/2 pound veal scaloppine or eye round, cut across the grain into 4 equal pieces $ Freshly ground black pepper $ 2 cups vegetable oil $ 3 tablespoons unsalted butter $ 1 lemon, cut into 4 wedges $ Curly parsley or lettuce $ A deep-fry thermometer $ ",Fry $ Dinner $ Veal $ Breadcrumbs $ Bon Appétit $ Sugar Conscious $ Peanut Free $ Tree Nut Free $ Soy Free $ ,German $ European $ ,4/4,9,Fry $ Dinner $ Veal $ Breadcrumbs $ Bon Appétit $ Sugar Conscious $ Peanut Free $ Tree Nut Free $ Soy Free $ German $ European $ 
https://www.epicurious.com/recipes/food/views/bagels-366757,Bagels ,"1 tablespoon (0.75 oz / 21 g) barley malt syrup, honey, or rice syrup, or 1 teaspoon (0.25 oz / 7 g) diastatic malt powder $ 1 teaspoon (0.11 oz / 3 g) instant yeast $ 1 1/2 teaspoons (0.37 oz / 10.5 g) salt, or 2 1/2 teaspoons coarse kosher salt $ 1 cup plus 2 tablespoons (9 oz / 255 g) lukewarm water (about 95°F or 35°C) $ 3 1/2 cups (16 oz / 454 g) unbleached bread flour $ 2 to 3 quarts (64 to 96 oz / 181 to 272 g) water $ 1 1/2 tablespoons (1 oz / 28.5 g) barley malt syrup or honey (optional) $ 1 tablespoon (0.5 oz / 14 g) baking soda $ 1 teaspoon (0.25 oz / 7 g) salt, or 1 1/2 teaspoons coarse kosher salt $ ",Bread $ Side $ Bake $ Poach $ Simmer $ Boil $ Sugar Conscious $ Vegan $ Vegetarian $ Pescatarian $ Dairy Free $ Peanut Free $ Tree Nut Free $ Soy Free $ Kosher $ ,European $ ,3.5/4,54,Bread $ Side $ Bake $ Poach $ Simmer $ Boil $ Sugar Conscious $ Vegan $ Vegetarian $ Pescatarian $ Dairy Free $ Peanut Free $ Tree Nut Free $ Soy Free $ Kosher $ European $ 
https://www.epicurious.com/recipes/food/views/eggplant-fritters-with-honey-366230,Eggplant Fritters with Honey ,2 eggplants (about 1/4 pounds) $ About 2 cups milk $ Flour for dusting or dredging $ Salt $ Olive or sunflower oil for deep-frying $ Orange blossom honey or other aromatic runny honey $ ,Appetizer $ Side $ Mother's Day $ Eggplant $ Fall $ Winter $ Deep-Fry $ Honey $ Engagement Party $ Party $ ,Spanish/Portuguese $ European $ ,3.5/4,5,Appetizer $ Side $ Mother's Day $ Eggplant $ Fall $ Winter $ Deep-Fry $ Honey $ Engagement Party $ Party $ Spanish/Portuguese $ European $ 
https://www.epicurious.com/recipes/food/views/seafood-paella-366249,Seafood Paella ,"1 large onion, finely chopped $ 5 tablespoons olive oil $ 2 garlic cloves, crushed to a paste or finely chopped $ 2 tomatoes, peeled and chopped $ 1/2 teaspoon sugar $ Salt $ 1 teaspoon pimentón dulce (or sweet paprika) $ A good pinch of saffron threads $ 4 cleaned small squid, bodies sliced into 1/4-inch-wide rings, tentacles left whole $ 2 cups medium-grain Spanish paella rice or risotto rice, such as Arborio or Carnaroli $ 3 cups fish or chicken stock, plus more if needed $ 1 cup dry white wine $ 12 jumbo shrimp in their shells $ 16 mussels, scrubbed and debearded $ ",Rice $ Christmas $ Easter $ New Year's Day $ Dinner $ Lunch $ Mussel $ Shrimp $ Squid $ Saffron $ Summer $ Healthy $ Christmas Eve $ Pescatarian $ Dairy Free $ Wheat/Gluten-Free $ Peanut Free $ Tree Nut Free $ Soy Free $ ,Spanish/Portuguese $ European $ ,3/4,15,Rice $ Christmas $ Easter $ New Year's Day $ Dinner $ Lunch $ Mussel $ Shrimp $ Squid $ Saffron $ Summer $ Healthy $ Christmas Eve $ Pescatarian $ Dairy Free $ Wheat/Gluten-Free $ Peanut Free $ Tree Nut Free $ Soy Free $ Spanish/Portuguese $ European $ 
https://www.epicurious.com/recipes/food/views/pasta-al-pomodoro-365186,Pasta Al Pomodoro ,"1/4 cup extra-virgin olive oil $ 1 medium onion, minced $ 4 garlic cloves, minced $ 1 pinch crushed red pepper flakes $ 1 28 ounce can peeled tomatoes, puréed in a food processor $ Kosher salt $ 3 large fresh basil sprigs $ 12 ounces bucatini or spaghetti $ 2 tablespoons cubed unsalted butter $ 1/4 cup finely grated Parmesan or Pecorino $ ",Pasta $ Tomato $ Christmas $ Vegetarian $ Kid-Friendly $ Quick & Easy $ High Fiber $ Father's Day $ Dinner $ Lunch $ Fall $ Summer $ Christmas Eve $ Party $ Bon Appétit $ Pescatarian $ Peanut Free $ Tree Nut Free $ Soy Free $ No Sugar Added $ Kosher $ ,Italian $ European $ ,4/4,94,Pasta $ Tomato $ Christmas $ Vegetarian $ Kid-Friendly $ Quick & Easy $ High Fiber $ Father's Day $ Dinner $ Lunch $ Fall $ Summer $ Christmas Eve $ Party $ Bon Appétit $ Pescatarian $ Peanut Free $ Tree Nut Free $ Soy Free $ No Sugar Added $ Kosher $ Italian $ European $ 
https://www.epicurious.com/recipes/food/views/spaghetti-limone-parmeggiano-365009,Spaghetti Limone Parmeggiano ,"3/4 pound (3/4 box) spaghetti $ Coarse salt $ 1 lemon $ 1 1/2 cups finely grated fresh Parmesan cheese $ 1/2 teaspoon freshly ground black pepper $ 2 1/2 tablespoons extra virgin olive oil $ 3-5 tablespoons of pasta water, to thin $ Handful fresh basil leaves (from 4 leafy stems) $ ",Pasta $ Vegetarian $ Quick & Easy $ Graduation $ Father's Day $ Dinner $ Blue Cheese $ Parmesan $ Lemon $ Potluck $ Sugar Conscious $ Pescatarian $ Peanut Free $ Tree Nut Free $ Soy Free $ No Sugar Added $ Kosher $ ,Italian $ European $ ,3.5/4,19,Pasta $ Vegetarian $ Quick & Easy $ Graduation $ Father's Day $ Dinner $ Blue Cheese $ Parmesan $ Lemon $ Potluck $ Sugar Conscious $ Pescatarian $ Peanut Free $ Tree Nut Free $ Soy Free $ No Sugar Added $ Kosher $ Italian $ European $ 
https://www.epicurious.com/recipes/food/views/warm-onion-tart-with-thyme-363302,Warm Onion Tart with Thyme ,"1 Spanish onion $ 1 tablespoon unsalted butter $ 1 tablespoon fresh thyme leaves $ Salt and freshly ground black pepper $ 1 sheet frozen puff pastry, thawed according to package directions $ ",Onion $ Bake $ Fall $ Winter $ Thyme $ Party $ Phyllo/Puff Pastry Dough $ ,French $ European $ ,3/4,3,Onion $ Bake $ Fall $ Winter $ Thyme $ Party $ Phyllo/Puff Pastry Dough $ French $ European $ 
https://www.epicurious.com/recipes/food/views/zuppa-di-cavolo-nero-cannellini-e-salsicce-kale-white-bean-and-sausage-soup-363386,"Zuppa di Cavolo Nero, Cannellini, e Salsicce: Kale, White Bean, and Sausage Soup ","2 Italian sausages, skins removed and meat crumbled $ 4 tablespoons olive oil $ 2 onions, chopped $ 2 garlic cloves, minced $ 2 quarts chicken stock $ 1 cup white wine $ 6 thyme sprigs $ 1 bunch of kale, washed and chopped $ 4 cups cooked cannellini beans $ ",Soup/Stew $ Bean $ Leafy Green $ Vegetable $ Sauté $ Dinner $ Lunch $ Meat $ Sausage $ Kale $ Legume $ Fall $ Winter $ Simmer $ Dairy Free $ Wheat/Gluten-Free $ Peanut Free $ Tree Nut Free $ Soy Free $ ,Italian $ European $ ,3.5/4,14,Soup/Stew $ Bean $ Leafy Green $ Vegetable $ Sauté $ Dinner $ Lunch $ Meat $ Sausage $ Kale $ Legume $ Fall $ Winter $ Simmer $ Dairy Free $ Wheat/Gluten-Free $ Peanut Free $ Tree Nut Free $ Soy Free $ Italian $ European $ 
https://www.epicurious.com/recipes/food/views/cold-provencal-white-bean-salad-363392,Cold Provençal White Bean Salad ,"2 cups dried small white beans $ 6 cups water $ 1/4 cup white wine vinegar $ 1/2 cup olive oil $ 2 tablespoons Dijon mustard $ 2 cloves garlic, pressed $ 4 green onions, green part only, very thinly sliced $ 1 cup Mediterranean-style olives, pitted and halved $ Salt and freshly ground black pepper to taste $ 6 to 8 large lettuce leaves $ 2 small tomatoes, cut into wedges, for garnish $ ",Soup/Stew $ Slow Cooker $ Bean $ Legume $ ,French $ European $ French Provençal $ ,2.5/4,4,Soup/Stew $ Slow Cooker $ Bean $ Legume $ French $ European $ French Provençal $ 
https://www.epicurious.com/recipes/food/views/swedish-pancakes-with-raspberries-363382,Swedish Pancakes with Raspberries ,1 large egg yolk $ 2 tablespoons Splenda or other sugar substitute $ 1 teaspoon vanilla extract $ Pinch of salt $ 1 cup nonfat milk $ 1/2 cup whole-wheat flour $ 3 tablespoons white flour $ 3 egg whites $ 1 cup fresh raspberries $ ,Berry $ Dairy $ Egg $ Fruit $ Breakfast $ Brunch $ Kid-Friendly $ Raspberry $ Summer $ Vegetarian $ Pescatarian $ Peanut Free $ Tree Nut Free $ Soy Free $ Kosher $ ,Scandinavian $ European $ ,0/4,0,Berry $ Dairy $ Egg $ Fruit $ Breakfast $ Brunch $ Kid-Friendly $ Raspberry $ Summer $ Vegetarian $ Pescatarian $ Peanut Free $ Tree Nut Free $ Soy Free $ Kosher $ Scandinavian $ European $ 
https://www.epicurious.com/recipes/food/views/il-falconiere-steamed-chocolate-cake-with-vanilla-sauce-363385,Il Falconiere: Steamed Chocolate Cake with Vanilla Sauce ,"8 ounces (1 stick) butter, plus more for the ramekins $ 3/4 cup flour, plus more for the ramekins $ 1 cup fine sugar $ 4 eggs $ 3 tablespoons rum (or Tia Maria) $ 2 tablespoons strong coffee $ 1 tablespoon plus 1 teaspoon baking powder $ 1/2 cup ground cacao (high-quality cocoa) $ 4 pears, peeled and diced (optional) $ Vanilla Sauce (recipe follows) $ Chocolate bar or chocolate-covered coffee beans $ 1 quart heavy cream $ 1/2 vanilla pod $ 8 egg yolks $ 4 tablespoons fine sugar $ ",Cake $ Chocolate $ Dessert $ Bake $ Vanilla $ Fall $ Winter $ Vegetarian $ Pescatarian $ Peanut Free $ Tree Nut Free $ Soy Free $ Kosher $ ,Italian $ European $ ,2/4,1,Cake $ Chocolate $ Dessert $ Bake $ Vanilla $ Fall $ Winter $ Vegetarian $ Pescatarian $ Peanut Free $ Tree Nut Free $ Soy Free $ Kosher $ Italian $ European $ 
https://www.epicurious.com/recipes/food/views/pollo-al-mattone-chicken-under-a-brick-363384,Pollo al Mattone: Chicken Under a Brick ,"2 garlic cloves $ 1 handful of parsley $ Zest from 1 orange $ 4 tablespoons extra-virgin olive oil $ 1/2 teaspoon salt $ 1/2 teaspoon pepper $ 1 chicken, 3 to 4 pounds $ 2 tablespoons red wine vinegar $ 1/2 cup extra-virgin olive oil $ 1/2 cup white wine $ ",Chicken $ Poultry $ ,Italian $ European $ ,4/4,1,Chicken $ Poultry $ Italian $ European $ 
https://www.epicurious.com/recipes/food/views/balsamic-roasted-tomato-and-goat-cheese-crisps-363383,Balsamic Roasted Tomato and Goat Cheese Crisps ,"8 cherry tomatoes $ 2 teaspoons balsamic vinegar $ Salt and black pepper $ 1/4 cup canned white kidney or cannellini beans, drained and rinsed $ 1/2 teaspoon olive oil $ 4 large whole-grain crisp crackers $ 1 ounce reduced-fat goat cheese, crumbled $ 8 baby arugula leaves $ ",Cheese $ Dairy $ Tomato $ Bake $ Cocktail Party $ Quick & Easy $ Vinegar $ Goat Cheese $ Summer $ Party $ ,French $ European $ ,0/4,0,Cheese $ Dairy $ Tomato $ Bake $ Cocktail Party $ Quick & Easy $ Vinegar $ Goat Cheese $ Summer $ Party $ French $ European $ 
https://www.epicurious.com/recipes/food/views/fosters-omelets-363370,Foster's Omelets ,3 large eggs $ Salt and freshly ground black pepper to taste $ 1 1/2 tablespoons unsalted butter $ ,Egg $ Breakfast $ Brunch $ Lunch $ Sugar Conscious $ Vegetarian $ Pescatarian $ Wheat/Gluten-Free $ Peanut Free $ Tree Nut Free $ Soy Free $ No Sugar Added $ Kosher $ ,French $ European $ ,0/4,0,Egg $ Breakfast $ Brunch $ Lunch $ Sugar Conscious $ Vegetarian $ Pescatarian $ Wheat/Gluten-Free $ Peanut Free $ Tree Nut Free $ Soy Free $ No Sugar Added $ Kosher $ French $ European $ 
https://www.epicurious.com/recipes/food/views/portuguese-chicken-363753,Portuguese Chicken ,"1 cup all purpose flour $ 1 tablespoon plus 1/4 teaspoon Hungarian sweet paprika $ 1 3- to 3 1/4-pound chicken, cut into 8 pieces $ 2 tablespoons extra-virgin olive oil $ 1 14.5-ounce can diced tomatoes in juice $ 4 ounces thinly sliced prosciutto, chopped $ 12 cipolline onions or 1-inch-diameter pearl onions, blanched 1 minute, peeled $ 2 large roasted red peppers from jar, halved, cut into 3/4-inch-wide strips $ 6 large garlic cloves, pressed $ 4 large fresh Italian parsley sprigs $ 4 large fresh bay leaves, bruised $ 1/2 cup dry white wine $ 1/2 cup tawny Port $ 1 tablespoon Dijon mustard $ 1 tablespoon tomato paste $ 1 tablespoon butter, room temperature (optional) $ ",Chicken $ Onion $ Vegetable $ Braise $ Dinner $ Spice $ Paprika $ Bon Appétit $ Peanut Free $ Tree Nut Free $ Soy Free $ ,Spanish/Portuguese $ European $ ,3.5/4,78,Chicken $ Onion $ Vegetable $ Braise $ Dinner $ Spice $ Paprika $ Bon Appétit $ Peanut Free $ Tree Nut Free $ Soy Free $ Spanish/Portuguese $ European $ 
https://www.epicurious.com/recipes/food/views/oxtail-bourguinonne-363718,Oxtail Bourguinonne ,"8 slices fatty bacon, chopped $ Olive oil $ 3 large fresh Italian parsley sprigs $ 3 large fresh thyme sprigs $ 2 large fresh bay leaves, bruised $ 1 tablespoon plus 1 1/2 cups all purpose flour $ 1 tablespoon butter $ 1/4 teaspoon ground nutmeg $ 4 to 4 1/4 pounds meaty oxtail pieces, trimmed of excess fat $ 2 cups chopped onions $ 1 cup diced carrot plus 6 medium carrots, cut into 2-inch chunks $ 4 large garlic cloves, peeled; 1 minced, 3 left whole $ 1 3/4 cups beef broth $ 1 1/2 cups red Burgundy wine (such as Beaujolais) $ 1 pound crimini (baby bella) mushrooms, cut into 1/4-inch-thick slices $ 12 small (1-inch-diameter) shallots, blanched 1 minute, peeled $ ",Soup/Stew $ Wine $ Beef $ Braise $ Stew $ Low Cal $ High Fiber $ Bon Appétit $ ,French $ European $ ,3.5/4,15,Soup/Stew $ Wine $ Beef $ Braise $ Stew $ Low Cal $ High Fiber $ Bon Appétit $ French $ European $ 
https://www.epicurious.com/recipes/food/views/french-macaroons-with-raspberry-rose-buttercream-362972,French Macarons with Raspberry-Rose Buttercream ,"2 cups powdered sugar $ 1 cup (lightly packed) sifted almond flour, or 3/4 cup sifted almond flour and 1/4 cup sifted hazelnut flour (sifted, then measured; any coarse particles reserved for another use) $ 1/2 cup (scant) egg whites (from about 3 large eggs) $ 2 tablespoons plus 1/2 teaspoon sugar $ 4 cups frozen raspberries (about 15 ounces; do not thaw) $ 1 cup plus 6 tablespoons sugar, divided $ 1/4 cup egg whites (from about 2 large eggs), room temperature $ 10 tablespoons (1 1/4 sticks) unsalted butter, cut into 1-inch pieces, room temperature $ 1/4 teaspoon (generous) rose water $ Pastry bag $ 1/4-inch-diameter plain pastry tip $ Heavy-duty stand mixer $ Candy thermometer $ ",Cookies $ Berry $ Egg $ Fruit $ Nut $ Dessert $ Bake $ Wedding $ Raspberry $ Tree Nut $ Almond $ Engagement Party $ Party $ Boil $ Candy Thermometer $ Bon Appétit $ Kidney Friendly $ ,French $ European $ ,3.5/4,18,Cookies $ Berry $ Egg $ Fruit $ Nut $ Dessert $ Bake $ Wedding $ Raspberry $ Tree Nut $ Almond $ Engagement Party $ Party $ Boil $ Candy Thermometer $ Bon Appétit $ Kidney Friendly $ French $ European $ 
https://www.epicurious.com/recipes/food/views/brioche-363478,Brioche ,"3 cups plus 2 tablespoons (14.1 ounces/400g) white bread flour, plus extra for dusting $ 1 1/2 teaspoons (0.18 ounce/5g) instant yeast $ 2 teaspoons (0.35 ounce/10g) fine salt $ 6 tablespoons warm milk $ 2 tablespoons (1 ounce/28g) superfine sugar $ 1 medium free-range egg $ 2 tablespoons milk $ ",Bread $ Food Processor $ Mixer $ Brunch $ Side $ Bake $ Bastille Day $ Party $ Advance Prep Required $ Vegetarian $ Pescatarian $ Peanut Free $ Tree Nut Free $ Soy Free $ Kosher $ ,French $ European $ ,1.5/4,3,Bread $ Food Processor $ Mixer $ Brunch $ Side $ Bake $ Bastille Day $ Party $ Advance Prep Required $ Vegetarian $ Pescatarian $ Peanut Free $ Tree Nut Free $ Soy Free $ Kosher $ French $ European $ 
https://www.epicurious.com/recipes/food/views/scones-363472,Scones ,"2 1/4 cups plus 2 tablespoons (10.6 ounces/300g) all-purpose white flour, plus extra for dusting $ 2 teaspoons (0.28 ounce/8g) baking powder $ A good pinch of salt $ 1/3 cup (2.6 ounces/75g) unsalted butter, at cool room temperature (neither fridge-cold nor soft), cut into cubes $ 3 1/2 tablespoons (1.8 ounces/50g) superfine sugar $ 1 medium free-range egg $ 1 teaspoon pure vanilla extract $ 1/2 cup heavy cream $ A little milk, for brushing $ ",Bread $ Food Processor $ Breakfast $ Brunch $ Bake $ Kidney Friendly $ Vegetarian $ Pescatarian $ Peanut Free $ Tree Nut Free $ Soy Free $ Kosher $ ,English $ European $ British $ ,3/4,5,Bread $ Food Processor $ Breakfast $ Brunch $ Bake $ Kidney Friendly $ Vegetarian $ Pescatarian $ Peanut Free $ Tree Nut Free $ Soy Free $ Kosher $ English $ European $ British $ 
https://www.epicurious.com/recipes/food/views/rhubarb-and-ginger-brioche-bread-pudding-358597,Rhubarb and Ginger Brioche Bread Pudding ,"1 cup seedless raspberry preserves $ 1/2 cup water $ 1/3 cup chopped crystallized ginger $ 1 tablespoon finely grated orange peel $ 2 1/2 pounds rhubarb (preferably bright red), ends trimmed, stalks cut into 1/2-inch-wide pieces (8 to 9 cups) $ 3/4 cup sugar $ 3 large eggs $ 1 cup whole milk $ 1 cup heavy whipping cream $ 1 vanilla bean, split lengthwise $ Butter (for dish) $ 8 (or more) 1/2-inch-thick slices brioche or egg bread (each about 5 x 4 inches), cut lengthwise in half $ Lightly sweetened whipped cream $ ",Milk/Cream $ Dairy $ Fruit $ Dessert $ Bake $ Vegetarian $ Mother's Day $ Spring $ Rhubarb $ Advance Prep Required $ Bon Appétit $ Pescatarian $ Wheat/Gluten-Free $ Peanut Free $ Tree Nut Free $ Soy Free $ Kosher $ ,European $ British $ ,3.5/4,13,Milk/Cream $ Dairy $ Fruit $ Dessert $ Bake $ Vegetarian $ Mother's Day $ Spring $ Rhubarb $ Advance Prep Required $ Bon Appétit $ Pescatarian $ Wheat/Gluten-Free $ Peanut Free $ Tree Nut Free $ Soy Free $ Kosher $ European $ British $ 
https://www.epicurious.com/recipes/food/views/grilled-ham-and-chimay-cheese-sandwiches-with-caramelized-belgian-endive-358558,Grilled Ham and Chimay Cheese Sandwiches with Caramelized Belgian Endive ,"2 tablespoons canola oil $ 4 heads of Belgian endive, root ends trimmed and discarded, leaves separated $ 1 tablespoon sugar $ 1/2 cup Belgian white beer (such as Hoegaarden) $ 1/4 cup orange juice $ 8 5 x 3 x 1/2-inch slices country-style bread $ Butter $ 8 thin slices country ham or prosciutto (about 8 ounces total) $ 8 ounces Belgian Chimay $ ""À La Bière"" cheese or German Temptin cheese, thinly sliced $ 8 sour pickle spears $ Whole grain brown mustard or whole grain Dijon mustard $ ",Sandwich $ Beer $ Cheese $ Sauté $ High Fiber $ Father's Day $ Lunch $ Ham $ Grill $ Endive $ Bon Appétit $ Peanut Free $ Tree Nut Free $ Soy Free $ ,European $ ,0/4,0,Sandwich $ Beer $ Cheese $ Sauté $ High Fiber $ Father's Day $ Lunch $ Ham $ Grill $ Endive $ Bon Appétit $ Peanut Free $ Tree Nut Free $ Soy Free $ European $ 
https://www.epicurious.com/recipes/food/views/mussels-steamed-in-beer-with-creme-fraiche-herbs-and-parmesan-croutons-358572,"Mussels Steamed in Beer with Crème Fraîche, Herbs, and Parmesan croutons ","4 5 x 3 x 1/2-inch slices country-style bread, crusts removed, bread cut into 3/4-inch cubes $ 1/3 cup grated Parmesan cheese $ 2 tablespoons olive oil $ 3/4 cup chopped fresh Italian parsley $ 1/4 cup chopped fresh chives $ 1/4 cup chopped fresh tarragon $ 1/4 cup chopped fresh chervil (optional) $ 2/3 cup crème fraîche* $ 3 tablespoons Dijon mustard $ 1 tablespoon whole grain brown mustard or whole grain Dijon mustard $ 3 tablespoons butter $ 4 large garlic cloves, minced $ 2 tablespoons chopped fresh thyme $ 5 pounds mussels, scrubbed, debearded $ 3 cups diced seeded tomatoes (about 4 large) $ 1 cup chopped green onions (about 4) $ 1 12-ounce bottle Belgian white beer (such as Hoegaarden) $ ",Bread $ Beer $ Milk/Cream $ Herb $ Dinner $ Parmesan $ Seafood $ Mussel $ Bon Appétit $ Pescatarian $ Peanut Free $ Tree Nut Free $ Soy Free $ ,European $ ,3.5/4,12,Bread $ Beer $ Milk/Cream $ Herb $ Dinner $ Parmesan $ Seafood $ Mussel $ Bon Appétit $ Pescatarian $ Peanut Free $ Tree Nut Free $ Soy Free $ European $ 
https://www.epicurious.com/recipes/food/views/-carbonnade-a-la-flamande-short-ribs-358557,"""Carbonnade à la Flamande"" Short Ribs ","1 cinnamon stick $ 2 bay leaves $ 1 whole star anise* $ 5 whole black peppercorns $ 1 tablespoon butter $ 2 tablespoons canola oil $ 4 to 4 1/2 pounds beef short ribs (about 8) $ 1 large onion, sliced (about 3 cups) $ 1 tablespoon Worcestershire sauce $ 2 tablespoons all purpose flour $ 2 12-ounce bottles Dogfish Head Indian Brown Ale or other brown ale $ 2 cups beef broth $ 1 12-ounce bottle Guinness stout $ 16 pitted prunes $ 1/3 cup (packed) golden brown sugar $ 2 tablespoons Dijon mustard $ 1 5 x 3 x 1/2-inch slice crusty country-style bread $ Chopped fresh Italian parsley $ Cheesecloth $ ",Bread $ Beer $ Beef $ Sauté $ High Fiber $ Father's Day $ Meat $ Beef Rib $ Cinnamon $ Simmer $ Bon Appétit $ ,European $ ,3/4,14,Bread $ Beer $ Beef $ Sauté $ High Fiber $ Father's Day $ Meat $ Beef Rib $ Cinnamon $ Simmer $ Bon Appétit $ European $ 
https://www.epicurious.com/recipes/food/views/wild-mushroom-and-roasted-garlic-sandwich-358375,Wild Mushroom and Roasted Garlic Sandwich ,"About 1/4 cup extra virgin olive oil $ 2 tablespoons unsalted butter $ 1 pound mixed wild and domestic mushrooms, such as shiitakes (stems removed), creminis, portobellos, oyster mushrooms, and chanterelles, cleaned and cut into 1-inch pieces. $ Kosher salt $ freshly ground black pepper $ 2 garlic cloves, finely chopped $ 1 shallot, finely chopped $ 1 teaspoon chopped fresh thyme $ 1/4 cup dry white wine $ 2 tablespoons chopped fresh parsley $ 12 slices of country-style bread, about 3 inches long and ⅓ inch thick $ 4 whole heads of roasted garlic, cloves squeezed to remove the softened garlic $ ",Bread $ Sandwich $ Wine $ Garlic $ Mushroom $ Vegetarian $ Quick & Easy $ Lunch $ Shallot $ Parsley $ Pescatarian $ Peanut Free $ Tree Nut Free $ Soy Free $ Kosher $ ,French $ European $ ,3.5/4,5,Bread $ Sandwich $ Wine $ Garlic $ Mushroom $ Vegetarian $ Quick & Easy $ Lunch $ Shallot $ Parsley $ Pescatarian $ Peanut Free $ Tree Nut Free $ Soy Free $ Kosher $ French $ European $ 
https://www.epicurious.com/recipes/food/views/veal-osso-buco-358371,Veal Osso Buco ,"Four 12-ounce veal shanks $ Kosher salt $ Freshly ground black pepper $ 1 cup vegetable oil $ 1 cup all-purpose flour $ 2 carrots, peeled and diced $ 2 celery ribs, diced $ 1 yellow onion, diced $ 6 garlic cloves, sliced $ 1 cup dry red wine $ 4 cups veal stock or chicken stock $ 3 cups chicken stock $ 3 cups canned plum tomatoes, drained and crushed $ 2 sprigs fresh thyme $ 1 sprig fresh rosemary $ 1 bay leaf $ 1 tablespoon grated fresh horseradish (see Note) $ 2 tablespoons grated lemon zest $ 2 tablespoons chopped fresh flat-leaf parsley $ ",Soup/Stew $ Wine $ Tomato $ Braise $ Dinner $ Horseradish $ Rosemary $ Meat $ Veal $ Carrot $ Thyme $ Simmer $ Boil $ ,Italian $ European $ ,4/4,13,Soup/Stew $ Wine $ Tomato $ Braise $ Dinner $ Horseradish $ Rosemary $ Meat $ Veal $ Carrot $ Thyme $ Simmer $ Boil $ Italian $ European $ 
https://www.epicurious.com/recipes/food/views/liptauer-with-rye-toast-and-pickled-red-onions-356792,Liptauer with Rye Toast and Pickled Red Onions ,"1/2 small garlic clove, pressed $ 1/2 teaspoon (or more) coarse kosher salt $ 3/4 cup (1 1/2 sticks) butter, room temperature $ 1 cup (8 ounces) whole-milk quark* or Greek-style yogurt $ 2 tablespoons finely chopped cornichons** or sour pickles $ 2 tablespoons chopped fresh chives $ 1 tablespoon grated onion $ 1 tablespoon Hungarian sweet paprika $ 1 1/2 teaspoons (or more) white wine vinegar or juice from pickles $ 1/4 teaspoon Hungarian hot paprika $ Lightly toasted sliced rye bread $ Pickled Red Onions $ ",Bread $ Mixer $ Onion $ Appetizer $ Vegetarian $ Yogurt $ Low Cal $ Dinner $ Butter $ Paprika $ Bon Appétit $ Sugar Conscious $ Kidney Friendly $ Pescatarian $ Peanut Free $ Tree Nut Free $ Soy Free $ Kosher $ ,Eastern European/Russian $ European $ ,3/4,7,Bread $ Mixer $ Onion $ Appetizer $ Vegetarian $ Yogurt $ Low Cal $ Dinner $ Butter $ Paprika $ Bon Appétit $ Sugar Conscious $ Kidney Friendly $ Pescatarian $ Peanut Free $ Tree Nut Free $ Soy Free $ Kosher $ Eastern European/Russian $ European $ 
https://www.epicurious.com/recipes/food/views/leek-and-chestnut-soup-356669,Leek and Chestnut Soup ,"1/2 lb. fresh chestnuts $ 3 tbsp. butter $ 1 lb. leeks, sliced $ 1 lb. potatoes, peeled and sliced $ 1 cup beer $ Beef broth $ 1 1/4 cup heavy cream $ 2 large egg yolks $ Bread slices $ ",Soup/Stew $ Nut $ Vegetable $ Appetizer $ Dinner $ Lunch $ Leek $ Fall $ Winter $ Chestnut $ ,Italian $ European $ ,3/4,2,Soup/Stew $ Nut $ Vegetable $ Appetizer $ Dinner $ Lunch $ Leek $ Fall $ Winter $ Chestnut $ Italian $ European $ 
https://www.epicurious.com/recipes/food/views/farro-spaghetti-beets-brown-butter-poppy-seeds-356629,"Farro Spaghetti, Beets, Brown Butter, Poppy Seeds ","1 pound red beets, cleaned $ 1/4 cup olive oil $ 1/4 cup water $ 1 pound good-quality farro or whole wheat spaghetti $ 6 tablespoons unsalted butter $ 1 heaping tablespoon poppy seeds $ 1 teaspoon kosher salt $ 1/4 cup pasta water $ 1/4 pound goat's milk cheese $ ",Food Processor $ Pasta $ Vegetable $ Christmas $ Vegetarian $ Dinner $ Root Vegetable $ Beet $ Fall $ Winter $ Party $ Noodle $ Pescatarian $ Peanut Free $ Tree Nut Free $ Soy Free $ No Sugar Added $ Kosher $ ,Italian $ European $ ,3.5/4,23,Food Processor $ Pasta $ Vegetable $ Christmas $ Vegetarian $ Dinner $ Root Vegetable $ Beet $ Fall $ Winter $ Party $ Noodle $ Pescatarian $ Peanut Free $ Tree Nut Free $ Soy Free $ No Sugar Added $ Kosher $ Italian $ European $ 
https://www.epicurious.com/recipes/food/views/casonsei-from-val-camonica-356649,Casônsèi from Val Camonica ,"2 3/4 cups all-purpose flour, plus extra for dusting $ 3 eggs $ 1 tablespoon olive oil $ 1 pound 2 ounces potatoes, diced $ 14 ounces Swiss chard, stalks removed $ 3 tablespoons butter $ 1 garlic clove, finely chopped $ 1 sprig chopped fresh parsley $ 1 leek, chopped $ 7 ounces Italian sausage, skinned and chopped $ 3/4 cups bread crumbs $ Generous 1 cup grated Parmesan cheese $ 1 egg, lightly beaten $ Salt and pepper $ 4 tablespoons butter, melted $ 2/3 cup grated Parmesan cheese $ ",Leafy Green $ Pork $ Potato $ Vegetable $ Dinner $ Meat $ Sausage $ Root Vegetable $ Fall $ Winter $ Chard $ Advance Prep Required $ Peanut Free $ Tree Nut Free $ Soy Free $ ,Italian $ European $ ,3/4,3,Leafy Green $ Pork $ Potato $ Vegetable $ Dinner $ Meat $ Sausage $ Root Vegetable $ Fall $ Winter $ Chard $ Advance Prep Required $ Peanut Free $ Tree Nut Free $ Soy Free $ Italian $ European $ 
https://www.epicurious.com/recipes/food/views/fresh-cavatelli-with-eggs-bacon-356449,Fresh Cavatelli with Eggs & Bacon ,"1/4 teaspoon kosher salt, plus more for the pasta pot $ 2 tablespoons extra-virgin olive oil $ 2 tablespoons butter $ 8 ounces slab or thick-cut bacon, cut in 1/2-inch pieces $ 5 large eggs $ 1 batch (1 1/2 pounds) fresh cavatelli or 1 pound dried pasta $ 2 cups shredded Fontina Val d'Aosta $ A large pasta-cooking pot $ A heavy-bottomed nonstick skillet or sauté pan, 12-inch diameter or larger $ ",Egg $ Pasta $ Sauté $ Kid-Friendly $ Dinner $ Meat $ Bacon $ Party $ Potluck $ Boil $ ,Italian $ European $ ,3.5/4,3,Egg $ Pasta $ Sauté $ Kid-Friendly $ Dinner $ Meat $ Bacon $ Party $ Potluck $ Boil $ Italian $ European $ 
https://www.epicurious.com/recipes/food/views/beef-stew-with-leeks-356409,Beef Stew with Leeks ,"3 tablespoons blended oil (90 percent canola, 10 percent extra-virgin olive) $ 2 pounds beef stew meat, cut into 1 1/2-inch chunks $ Kosher salt and cracked black pepper $ 1/2 large Spanish or sweet onion, finely chopped $ 1 carrot, finely chopped $ 1 stalk celery, finely chopped $ 1 large leek, cut into thick rounds, washed well in cold water, drained $ 2 tablespoons tomato paste $ 1/2 cup red wine $ 2 tablespoons red wine vinegar $ 3 to 5 cups water $ 1 fresh bay leaf or 2 dried leaves $ 1 large sprig rosemary $ 1 sprig thyme $ 1 sprig sage $ 2 cinnamon sticks $ Extra-virgin olive oil $ Grated orange zest $ 1 tablespoon roughly chopped parsley $ ",Beef $ Vegetable $ Braise $ Sauté $ Dinner $ Meat $ Leek $ Fall $ Winter $ Simmer $ Dairy Free $ Wheat/Gluten-Free $ Peanut Free $ Tree Nut Free $ Soy Free $ Kosher $ ,Greek $ Mediterranean $ European $ ,3.5/4,41,Beef $ Vegetable $ Braise $ Sauté $ Dinner $ Meat $ Leek $ Fall $ Winter $ Simmer $ Dairy Free $ Wheat/Gluten-Free $ Peanut Free $ Tree Nut Free $ Soy Free $ Kosher $ Greek $ Mediterranean $ European $ 
https://www.epicurious.com/recipes/food/views/tuscan-panzanella-355873,Tuscan Panzanella ,"4 cups torn pieces of sourdough or rustic peasant bread, 1 to 1 1/2 inches wide $ 3 tablespoons olive oil $ Kosher salt and cracked black pepper $ 1/4 cup red wine vinegar $ 1 tablespoon drained capers $ 2 teaspoons grated lemon zest $ 1 garlic clove, minced $ 1/2 cup extra virgin olive oil $ 1 cup thinly sliced red onion $ 5 assorted ripe heirloom tomatoes, halved or quartered, depending on size and shape $ 1 red bell pepper, julienned $ 1 yellow bell pepper, julienned $ 1 cucumber, peeled, seeded, and chopped $ 1 fennel bulb, trimmed and thinly sliced, fronds reserved $ 1/2 cup pitted and halved Niçoise olives $ 1/4 cup chopped fresh basil leaves $ 1/4 cup shaved Parmigiano-Reggiano cheese $ ",Salad $ Cheese $ Garlic $ Olive $ Onion $ Pepper $ Tomato $ Vegetable $ Side $ Quick & Easy $ Lunch $ Parmesan $ Lemon $ Basil $ Fennel $ Cucumber $ Bell Pepper $ Summer $ Capers $ Vegetarian $ Pescatarian $ Peanut Free $ Tree Nut Free $ Soy Free $ Kosher $ Diabetes-Friendly $ ,Italian $ European $ ,4/4,12,Salad $ Cheese $ Garlic $ Olive $ Onion $ Pepper $ Tomato $ Vegetable $ Side $ Quick & Easy $ Lunch $ Parmesan $ Lemon $ Basil $ Fennel $ Cucumber $ Bell Pepper $ Summer $ Capers $ Vegetarian $ Pescatarian $ Peanut Free $ Tree Nut Free $ Soy Free $ Kosher $ Diabetes-Friendly $ Italian $ European $ 
https://www.epicurious.com/recipes/food/views/carrot-cake-355918,Carrot Cake ,"3 cups sifted all-purpose flour $ 2 teaspoons baking powder $ 2 teaspoons baking soda $ 1/2 teaspoon salt $ 2 teaspoons cinnamon $ 2 cups sugar $ 1 1/2 cups vegetable oil $ 3 cups grated raw carrots (1 pound) $ 4 eggs $ 1/2 cup chopped walnuts $ 3 ounces cream cheese, softened $ 4 tablespoons (1/2 stick) butter or pareve margarine, softened $ 2 cups confectioners' sugar $ 1 teaspoon lemon juice $ ",Cake $ Cheese $ Egg $ Bake $ Lemon $ Walnut $ Carrot $ Raw $ Cinnamon $ Butter $ ,Jewish $ European $ ,3.5/4,9,Cake $ Cheese $ Egg $ Bake $ Lemon $ Walnut $ Carrot $ Raw $ Cinnamon $ Butter $ Jewish $ European $ 
https://www.epicurious.com/recipes/food/views/mustard-chicken-stew-355877,Mustard Chicken Stew ,"1 whole head garlic $ Extra virgin olive oil $ Fine sea salt and freshly ground pepper $ One 3- to 3 1/2-pound whole free-range chicken, cut in 8 serving pieces (2 breasts, 2 thighs, 2 wings, and 2 drumsticks, with bones and skin), thawed if frozen $ 6 medium red onions, about 2 pounds $ One 28- to 32-ounce can good-quality whole peeled tomatoes, drained $ 1 tablespoon fresh thyme or 1 1/2 teaspoons dried thyme $ 2 bay leaves $ A good pinch of ground chile powder $ 1/3 cup dry white wine $ 3 tablespoons old-fashioned Dijon mustard with whole mustard seeds (substitute 1/4 cup regular Dijon mustard) $ ",Soup/Stew $ Wine $ Chicken $ Garlic $ Mustard $ Onion $ Poultry $ Tomato $ Stew $ Dinner $ Thyme $ Paleo $ Dairy Free $ Wheat/Gluten-Free $ Peanut Free $ Tree Nut Free $ Soy Free $ Kosher $ ,French $ European $ ,3/4,7,Soup/Stew $ Wine $ Chicken $ Garlic $ Mustard $ Onion $ Poultry $ Tomato $ Stew $ Dinner $ Thyme $ Paleo $ Dairy Free $ Wheat/Gluten-Free $ Peanut Free $ Tree Nut Free $ Soy Free $ Kosher $ French $ European $ 
https://www.epicurious.com/recipes/food/views/asiago-cheese-with-glazed-cipolline-onions-355871,Asiago Cheese with Glazed Cipolline Onions ,"1 1/2 pounds cippoline onions, skins on $ 3/4 cup dry sherry $ 1/3 cup raisins $ 3 tablespoons honey $ 1 1/2 tablespoons unsalted butter $ Juice of 1 orange $ 1 teaspoon chopped fresh thyme $ Kosher salt and cracked black pepper $ 1 tablespoon sherry vinegar $ 1/2 pound Asiago cheese $ Four 1/4-inch slices baguette, toasted and brushed with extra virgin olive oil $ ",Cheese $ Fruit $ Onion $ Vegetable $ Side $ Quick & Easy $ Vinegar $ Parmesan $ Orange $ Raisin $ Sherry $ Fall $ Spring $ Summer $ Winter $ Honey $ Thyme $ Fontina $ Butter $ ,Italian $ European $ ,4/4,2,Cheese $ Fruit $ Onion $ Vegetable $ Side $ Quick & Easy $ Vinegar $ Parmesan $ Orange $ Raisin $ Sherry $ Fall $ Spring $ Summer $ Winter $ Honey $ Thyme $ Fontina $ Butter $ Italian $ European $ 
https://www.epicurious.com/recipes/food/views/swedish-lucia-breads-354550,Swedish Lucia Breads ,"1 1/2 ounces yeast $ 2 cups lukewarm water $ 1/8 ounce saffron $ Scant 1 cup butter, melted $ 2 pounds all-purpose flour $ 1 teaspoon salt $ 1/2 cup superfine sugar $ 1/3 cup raisins $ 44 raisins $ 1 egg, beaten $ ",Bread $ Fruit $ Dessert $ Bake $ Christmas $ Kid-Friendly $ Dried Fruit $ Raisin $ Christmas Eve $ Kidney Friendly $ Vegetarian $ Pescatarian $ Peanut Free $ Tree Nut Free $ Soy Free $ Kosher $ ,Scandinavian $ European $ ,2.5/4,6,Bread $ Fruit $ Dessert $ Bake $ Christmas $ Kid-Friendly $ Dried Fruit $ Raisin $ Christmas Eve $ Kidney Friendly $ Vegetarian $ Pescatarian $ Peanut Free $ Tree Nut Free $ Soy Free $ Kosher $ Scandinavian $ European $ 
https://www.epicurious.com/recipes/food/views/chickpeas-with-spinach-354552,Chickpeas with Spinach ,"1/2 pound (1 generous cup) dried chickpeas $ 7 cloves garlic, peeled $ 1 onion, peeled $ 1 bay leaf $ 1 small ham hock (optional) $ Salt $ About 1 1/4 pounds spinach, tough stems removed, rinsed, and coarsely chopped (about 10 loosely packed cups or 1 pound after trimming) $ 2 tablespoons olive oil $ 1 slice country bread, crust removed $ Generous pinch of saffron threads, warmed and crushed $ 1 teaspoon cumin seeds, toasted in a dry pan until fragrant and finely ground $ 2 teaspoons sweet smoked paprika $ 1/2 cup coarsely flaked cooked salt cod (optional) $ 1/4 cup diced cooked ham if using ham hock or 1/2 cup if not using hock (optional) $ Salt and freshly ground black pepper $ Dash of sherry vinegar, as needed $ 4 eggs, fried sunny-side up, or 2 hard-boiled eggs, peeled and chopped (optional) $ ",Egg $ Leafy Green $ Vegetable $ Appetizer $ Side $ Sauté $ Dinner $ Spinach $ Legume $ Chickpea $ Dairy Free $ Peanut Free $ Tree Nut Free $ Soy Free $ ,Spanish/Portuguese $ European $ ,2.5/4,2,Egg $ Leafy Green $ Vegetable $ Appetizer $ Side $ Sauté $ Dinner $ Spinach $ Legume $ Chickpea $ Dairy Free $ Peanut Free $ Tree Nut Free $ Soy Free $ Spanish/Portuguese $ European $ 
https://www.epicurious.com/recipes/food/views/chicken-in-horseradish-and-chervil-sauce-354549,Chicken in Horseradish and Chervil Sauce ,"1 whole chicken $ 1 small whole onion $ 1 carrot $ 3 bay leaves $ 1 tablespoon peppercorns $ 1 tablespoon coarse salt $ 4 teaspoons butter $ 1 pound Jerusalem artichokes, peeled and sliced $ 1 fennel bulb, sliced $ 1 tablespoon all-purpose flour $ 6 tablespoons freshly grated horseradish $ 3/4 cup heavy cream $ 1/4 cup chopped chervil $ Salt and pepper $ 2 pounds boiled potatoes $ ",Chicken $ Herb $ Poultry $ Dinner $ Horseradish $ Boil $ Peanut Free $ Tree Nut Free $ Soy Free $ No Sugar Added $ ,Scandinavian $ European $ ,0/4,0,Chicken $ Herb $ Poultry $ Dinner $ Horseradish $ Boil $ Peanut Free $ Tree Nut Free $ Soy Free $ No Sugar Added $ Scandinavian $ European $ 
https://www.epicurious.com/recipes/food/views/fish-in-pine-nut-sauce-354570,Fish in Pine Nut Sauce ,"1/2 cup pine nuts $ 4 tablespoons olive oil $ 1 large onion, finely chopped $ 1 teaspoon sweet paprika $ 1 tablespoon finely minced garlic $ 1/4 cup fresh bread crumbs $ Pinch of saffron threads, warmed and crushed (optional) $ 1 1/2 cups peeled, seeded, and chopped tomatoes $ 1 cup fish stock or dry white wine $ Salt and freshly ground black pepper $ 1 1/2 pounds firm white fish fillet, cut into 8 pieces $ 1 cup English peas, cooked until tender-crisp (optional) $ 1/4 cup chopped fresh flat-leaf parsley or mint $ ",Fish $ Nut $ Appetizer $ Dinner $ Tree Nut $ Pine Nut $ Seafood $ Sugar Conscious $ Dairy Free $ Peanut Free $ Soy Free $ ,Spanish/Portuguese $ European $ ,3/4,19,Fish $ Nut $ Appetizer $ Dinner $ Tree Nut $ Pine Nut $ Seafood $ Sugar Conscious $ Dairy Free $ Peanut Free $ Soy Free $ Spanish/Portuguese $ European $ 
https://www.epicurious.com/recipes/food/views/pan-fried-flounder-with-potatoes-in-parsley-354529,Pan-Fried Flounder with Potatoes in Parsley ,"1 3/4 pounds fingerling potatoes $ Salt and pepper $ 4 whole flounder $ 1 cup all-purpose or rye flour $ 9 tablespoons butter $ 1/4 cup minced fresh parsley $ 1 lemon, sliced $ Dill sprigs $ ",Fish $ Herb $ Potato $ Vegetable $ Fry $ Dinner $ Seafood $ Root Vegetable $ Pan-Fry $ Parsley $ Boil $ Sugar Conscious $ Pescatarian $ Peanut Free $ Tree Nut Free $ Soy Free $ No Sugar Added $ Kosher $ ,Scandinavian $ European $ ,3/4,9,Fish $ Herb $ Potato $ Vegetable $ Fry $ Dinner $ Seafood $ Root Vegetable $ Pan-Fry $ Parsley $ Boil $ Sugar Conscious $ Pescatarian $ Peanut Free $ Tree Nut Free $ Soy Free $ No Sugar Added $ Kosher $ Scandinavian $ European $ 
https://www.epicurious.com/recipes/food/views/garlic-chicken-354571,Garlic Chicken ,"4 boneless, skinless chicken thighs, cut into 1 1/2-inch pieces, or 12 chicken wings, tips removed $ Sweet paprika $ Salt and freshly ground black pepper $ 1/3 cup olive oil $ 6 cloves garlic, crushed, plus 2 cloves, minced $ 3 fresh thyme sprigs $ 2 bay leaves $ 1/2 cup fino or manzanilla sherry $ 1/2 cup chicken broth $ Chopped fresh flat-leaf parsley for garnish $ ",Chicken $ Garlic $ Poultry $ Vegetable $ Appetizer $ Bake $ Sauté $ Dinner $ Sugar Conscious $ Paleo $ Dairy Free $ Wheat/Gluten-Free $ Peanut Free $ Tree Nut Free $ Soy Free $ Kosher $ ,Spanish/Portuguese $ European $ ,3.5/4,23,Chicken $ Garlic $ Poultry $ Vegetable $ Appetizer $ Bake $ Sauté $ Dinner $ Sugar Conscious $ Paleo $ Dairy Free $ Wheat/Gluten-Free $ Peanut Free $ Tree Nut Free $ Soy Free $ Kosher $ Spanish/Portuguese $ European $ 
https://www.epicurious.com/recipes/food/views/pierogi-potato-and-mushroom-sauerkraut-354032,Pierogi (Potato and Mushroom Sauerkraut) ,"1/4 cup canola oil $ 2 pounds sweet onions (Vidalia or Walla Walla), diced medium $ 1 1/2 pounds Yukon Gold potatoes, peeled and sliced, cut into 3/4-inch chunks $ 1/4 cup canola oil $ 1 small onion, finely chopped $ 1/2 teaspoon salt $ 1/2 teaspoon pepper $ 4 tablespoons nonhydrogenated margarine (or 1/4 cup canola oil and 1/4 teaspoon salt) $ 10 ounces mushrooms, sliced (about 3 cups) $ 2 cups sauerkraut $ 1/4 teaspoon pepper $ 1 cup warm water $ 3 tablespoons canola oil $ 3 cups all-purpose flour, divided, plus a little extra for sprinkling $ 3/4 teaspoon salt $ Applesauce $ ",Mushroom $ Onion $ Potato $ Vegetable $ Appetizer $ Breakfast $ Brunch $ Fry $ Vegetarian $ Root Vegetable $ Vegan $ ,European $ ,3/4,7,Mushroom $ Onion $ Potato $ Vegetable $ Appetizer $ Breakfast $ Brunch $ Fry $ Vegetarian $ Root Vegetable $ Vegan $ European $ 
https://www.epicurious.com/recipes/food/views/halibut-brochettes-provencale-354296,Halibut Brochettes Provençale ,"1 1/2 tablespoons minced fresh basil $ 2 teaspoons minced fresh marjoram $ 2 teaspoons minced fresh thyme $ 1 teaspoon minced fresh rosemary $ 1 teaspoon minced fresh sage $ 1/2 teaspoon chopped fennel seeds $ 1/4 teaspoon finely chopped dried lavender blossoms* $ 1 1 1/2-inch-diameter zucchini, cut into eight 1/2-inch-thick rounds $ 1 unpeeled slender eggplant, trimmed, halved lengthwise, cut into eight 1- to 1 1/4-inch pieces $ 8 mini plum tomatoes or large cherry tomatoes $ 16 mini bell peppers in assorted colors (from one 5-ounce package) or 1 bell pepper cut into 1-inch squares $ 1 small red onion, cut into 4 wedges, each wedge halved crosswise, layers kept intact $ 5 tablespoons extra-virgin olive oil, divided $ 1 1/2 pounds halibut, cut into 1 1/2-inch cubes $ 5 tablespoons fresh lemon juice, divided $ 2 garlic cloves, pressed $ 1/3 cup dry white wine $ Nonstick vegetable oil spray $ 12 metal skewers $ ",Marinate $ Fourth of July $ Picnic $ Low Cal $ High Fiber $ Father's Day $ Backyard BBQ $ Dinner $ Halibut $ Summer $ Grill/Barbecue $ Healthy $ Party $ Bon Appétit $ Pescatarian $ Dairy Free $ Wheat/Gluten-Free $ Peanut Free $ Tree Nut Free $ Soy Free $ Kosher $ ,European $ French Provençal $ ,4/4,13,Marinate $ Fourth of July $ Picnic $ Low Cal $ High Fiber $ Father's Day $ Backyard BBQ $ Dinner $ Halibut $ Summer $ Grill/Barbecue $ Healthy $ Party $ Bon Appétit $ Pescatarian $ Dairy Free $ Wheat/Gluten-Free $ Peanut Free $ Tree Nut Free $ Soy Free $ Kosher $ European $ French Provençal $ 
https://www.epicurious.com/recipes/food/views/spicy-steamed-mussels-with-garlic-bread-354269,Spicy Steamed Mussels with Garlic Bread ,"3 tablespoons plus 1 teaspoon extra-virgin olive oil, divided $ 4 slices peasant bread, each about 1 1/2 inches thick (or 1 baguette, sliced in half, lengthwise) $ 1 whole garlic clove plus 15 cloves garlic, thinly sliced $ 4 scallions, thinly sliced on a diagonal $ 2 teaspoons salt $ 2 pounds Prince Edward Island mussels (or other black mussels) $ 2 cups tomato puree $ 1 cup dry white wine $ 2 teaspoons red pepper flakes $ 1 handful fresh chive stems (about 40), halved $ 1 cup loosely packed fresh basil, thinly sliced $ 1/2 cup fresh oregano $ ",Shellfish $ Appetizer $ High Fiber $ Dinner $ Seafood $ Mussel $ Healthy $ Self $ Pescatarian $ Dairy Free $ Peanut Free $ Tree Nut Free $ Soy Free $ ,Italian $ European $ ,3.5/4,21,Shellfish $ Appetizer $ High Fiber $ Dinner $ Seafood $ Mussel $ Healthy $ Self $ Pescatarian $ Dairy Free $ Peanut Free $ Tree Nut Free $ Soy Free $ Italian $ European $ 
https://www.epicurious.com/recipes/food/views/over-the-coals-bistecca-fiorentina-352950,Over-the-Coals Bistecca Fiorentina ,"1 (2-pound) Porterhouse or T-bone steak, 2 inches thick $ Kosher salt and freshly ground black pepper $ 1 teaspoon dried thyme $ 2 1/2 cups arugula leaves $ 1 clove garlic, minced $ 2 tablespoons olive oil, plus more for drizzling (optional) $ Juice of 1 lemon $ Coarse sea salt or smoked or citrus salt for garnish $ Shavings of Parmesan cheese $ ",Beef $ Leafy Green $ Vegetable $ Fourth of July $ Picnic $ Super Bowl $ Father's Day $ Backyard BBQ $ Dinner $ Meat $ Steak $ Arugula $ Summer $ Tailgating $ Family Reunion $ Grill/Barbecue $ Party $ Sugar Conscious $ Wheat/Gluten-Free $ Peanut Free $ Tree Nut Free $ Soy Free $ No Sugar Added $ ,Italian $ European $ ,4/4,2,Beef $ Leafy Green $ Vegetable $ Fourth of July $ Picnic $ Super Bowl $ Father's Day $ Backyard BBQ $ Dinner $ Meat $ Steak $ Arugula $ Summer $ Tailgating $ Family Reunion $ Grill/Barbecue $ Party $ Sugar Conscious $ Wheat/Gluten-Free $ Peanut Free $ Tree Nut Free $ Soy Free $ No Sugar Added $ Italian $ European $ 
https://www.epicurious.com/recipes/food/views/french-fries-352849,French Fries ,"About 8 cups vegetable oil $ 2 pounds medium baking (russet) potatoes, peeled $ Equipment: a deep-fat thermometer; an adjustable-blade slicer fitted with french fry or large (1/4-inch) julienne blade $ Accompaniment: mayonnaise $ ",Potato $ Super Bowl $ Vegetarian $ Kid-Friendly $ Quick & Easy $ Oscars $ Father's Day $ Bastille Day $ Dinner $ Lunch $ Deep-Fry $ Gourmet $ Sugar Conscious $ Vegan $ Pescatarian $ Dairy Free $ Wheat/Gluten-Free $ Peanut Free $ Tree Nut Free $ Soy Free $ No Sugar Added $ Kosher $ ,European $ ,3.5/4,6,Potato $ Super Bowl $ Vegetarian $ Kid-Friendly $ Quick & Easy $ Oscars $ Father's Day $ Bastille Day $ Dinner $ Lunch $ Deep-Fry $ Gourmet $ Sugar Conscious $ Vegan $ Pescatarian $ Dairy Free $ Wheat/Gluten-Free $ Peanut Free $ Tree Nut Free $ Soy Free $ No Sugar Added $ Kosher $ European $ 
https://www.epicurious.com/recipes/food/views/fava-beans-with-creme-fraiche-and-mint-352371,Fava Beans with Crème Fraîche and Mint ,2 pounds fava beans in the pod $ 1/2 cup crème fraîche $ 2 tablespoons extra virgin olive oil $ Kosher salt and freshly ground black pepper $ 1/3 cup mint leaf chiffonade $ Finely grated zest of 1 lemon $ ,Milk/Cream $ Bean $ Dairy $ Herb $ Side $ Vegetarian $ Dinner $ Mint $ Legume $ Spring $ Anniversary $ Pescatarian $ Wheat/Gluten-Free $ Peanut Free $ Tree Nut Free $ Soy Free $ No Sugar Added $ Kosher $ ,Spanish/Portuguese $ European $ Basque $ ,2.5/4,5,Milk/Cream $ Bean $ Dairy $ Herb $ Side $ Vegetarian $ Dinner $ Mint $ Legume $ Spring $ Anniversary $ Pescatarian $ Wheat/Gluten-Free $ Peanut Free $ Tree Nut Free $ Soy Free $ No Sugar Added $ Kosher $ Spanish/Portuguese $ European $ Basque $ 
https://www.epicurious.com/recipes/food/views/tomato-and-watermelon-salad-352389,Tomato and Watermelon Salad ,"3 or 4 small to medium heirloom tomatoes, in assorted colors, cored and cut into 3/4-inch chunks $ 1 small English or regular cucumber, peeled, seeded, and cut into 3/4-inch cubes $ 1 cup 3/4-inch-cubed yellow or red seedless watermelon flesh $ 1 Hass avocado, halved, pitted, peeled, and cut into 3/4-inch cubes $ 1 tablespoon chopped mixed fresh herbs, in any combination: basil, tarragon, chives, and cilantro $ 1/4 teaspoon coriander seed $ 3 tablespoons extra virgin olive oil $ 3 tablespoons aged balsamic vinegar $ Kosher salt and freshly ground black pepper $ 1 freshly ground black pepper $ ",Salad $ Fruit $ Tomato $ Vegetable $ Appetizer $ Brunch $ Side $ Fourth of July $ Picnic $ Vegetarian $ Backyard BBQ $ Dinner $ Lunch $ Melon $ Watermelon $ Summer $ Birthday $ Shower $ Vegan $ Raw $ Party $ Potluck $ Pescatarian $ Paleo $ Dairy Free $ Wheat/Gluten-Free $ Peanut Free $ Tree Nut Free $ Soy Free $ No Sugar Added $ Kosher $ ,Spanish/Portuguese $ European $ Basque $ ,3.5/4,47,Salad $ Fruit $ Tomato $ Vegetable $ Appetizer $ Brunch $ Side $ Fourth of July $ Picnic $ Vegetarian $ Backyard BBQ $ Dinner $ Lunch $ Melon $ Watermelon $ Summer $ Birthday $ Shower $ Vegan $ Raw $ Party $ Potluck $ Pescatarian $ Paleo $ Dairy Free $ Wheat/Gluten-Free $ Peanut Free $ Tree Nut Free $ Soy Free $ No Sugar Added $ Kosher $ Spanish/Portuguese $ European $ Basque $ 
https://www.epicurious.com/recipes/food/views/tripe-aita-352372,Tripe Aita ,"2 tablespoons olive or grape seed oil $ 1 large onion, sliced 1/4 inch thick or thinner $ 1/2 cup garlic cloves, chopped $ 2 red bell peppers, cored, seeded, and cut lengthwise into 1/2-inch-wide strips $ 1 1/2 pounds honeycomb beef tripe, purchased partially cooked, cut into 1-inch squares $ 1 large, ripe tomato, cored and coarsely chopped $ 1 tablespoon tomato paste $ Bouquet garni of 5 or 6 sprigs thyme, 1 bay leaf, and 6 to 8 sprigs flat-leaf parsley wrapped in a cheesecloth sachet or tied with kitchen twine $ Kosher salt and freshly ground $ 1/4 cup homemade coarse fresh bread crumbs $ ",Beef $ Braise $ Dinner $ Dairy Free $ Peanut Free $ Tree Nut Free $ Soy Free $ Kosher $ ,Spanish/Portuguese $ European $ Basque $ ,4/4,2,Beef $ Braise $ Dinner $ Dairy Free $ Peanut Free $ Tree Nut Free $ Soy Free $ Kosher $ Spanish/Portuguese $ European $ Basque $ 
https://www.epicurious.com/recipes/food/views/coeur-a-la-creme-352039,Coeur à la Crème ,"3/4 cup mascarpone $ 1/2 cup cream cheese (such as Philadelphia) $ 1/2 cup superfine sugar $ 1 1/3 cups crème fraîche $ 1/3 cup plus 1 tbsp plain yogurt $ soft fruits and confectioners' sugar, optioinal, to serve $ You will need 6 small china perforated heart-shaped_coeur à la crème_dishes, or one large heart-shaped dish, and enough muslin or cheesecloth to doubleline them $ ",Cheese $ Dairy $ Dessert $ Vegetarian $ Pescatarian $ Wheat/Gluten-Free $ Peanut Free $ Tree Nut Free $ Soy Free $ Kosher $ ,French $ European $ ,3.5/4,1,Cheese $ Dairy $ Dessert $ Vegetarian $ Pescatarian $ Wheat/Gluten-Free $ Peanut Free $ Tree Nut Free $ Soy Free $ Kosher $ French $ European $ 
https://www.epicurious.com/recipes/food/views/crisp-roast-duck-with-olives-352012,Crisp Roast Duck with Olives ,"1 duck, about 4 pounds $ 2 cups homemade chicken stock $ 1 tbsp tomato purée, dried herbs, fennel seeds, bay leaf $ 2/3 cup pitted green olives $ ",Duck $ Poultry $ Dinner $ Sugar Conscious $ Paleo $ Dairy Free $ Wheat/Gluten-Free $ Peanut Free $ Tree Nut Free $ Soy Free $ No Sugar Added $ Kosher $ ,French $ European $ ,2/4,3,Duck $ Poultry $ Dinner $ Sugar Conscious $ Paleo $ Dairy Free $ Wheat/Gluten-Free $ Peanut Free $ Tree Nut Free $ Soy Free $ No Sugar Added $ Kosher $ French $ European $ 
https://www.epicurious.com/recipes/food/views/twice-baked-garlic-souffles-352038,Twice-Baked Garlic Soufflés ,"5 tbsp butter $ 1 head of fresh garlic, trimmed and chopped roughly, or 5 cloves dried garlic, papery skins removed, chopped $ 1/2 tsp vinegar $ 1 cup milk $ 3 tbsp all-purpose flour $ leaves from a couple of sprigs of thyme $ 1 cup grated Cantal, Comté or Cheddar cheese $ 1/2 cup grated Parmesan $ 4 large eggs, separated $ 1 1/4 cups heavy cream $ seasoning, nutmeg, extra Parmesan, a few bread crumbs $ You will need six 3/4-cup individual soufflé dishes $ ",Garlic $ Appetizer $ Bake $ Dinner $ Sugar Conscious $ Vegetarian $ Pescatarian $ Peanut Free $ Tree Nut Free $ Soy Free $ No Sugar Added $ Kosher $ ,French $ European $ ,3.5/4,16,Garlic $ Appetizer $ Bake $ Dinner $ Sugar Conscious $ Vegetarian $ Pescatarian $ Peanut Free $ Tree Nut Free $ Soy Free $ No Sugar Added $ Kosher $ French $ European $ 
https://www.epicurious.com/recipes/food/views/gruyere-and-cider-fondue-351555,Gruyère and Cider Fondue ,"8 ounces kielbasa sausage, cut on diagonal into 1/2-inch-thick slices $ 4 cups coarsely grated Gruyère cheese (about 1 pound) $ 1 tablespoon plus 2 teaspoons cornstarch $ 1 cup hard apple cider* $ 1 tablespoon apple cider vinegar $ 2 tablespoons Calvados, applejack brandy, or poire Williams (clear pear brandy) $ 2 Granny Smith apples, cored, cut into 1/2-inch-thick slices $ 1 baguette, cut into 3/4-inch cubes $ ",Cheese $ Dinner $ Sausage $ Party $ Calvados $ Bon Appétit $ Peanut Free $ Tree Nut Free $ Soy Free $ ,European $ ,3/4,7,Cheese $ Dinner $ Sausage $ Party $ Calvados $ Bon Appétit $ Peanut Free $ Tree Nut Free $ Soy Free $ European $ 
https://www.epicurious.com/recipes/food/views/mussels-in-saffron-and-white-wine-broth-351290,Mussels in Saffron and White Wine Broth ,"2 teaspoons butter $ 3 garlic cloves, chopped $ 1 cup dry white wine $ 2 tablespoons half and half $ 2 1/2 teaspoons saffron threads $ 1 cup clam juice $ 4 scallions, thinly sliced $ 3 tomatoes, seeded, and chopped $ 3 tablespoons lemon juice $ 8 pounds mussels, scrubbed and debearded $ 2 1/2 tablespoons chives, chopped $ ",Milk/Cream $ Quick & Easy $ Dinner $ Mussel $ Saffron $ White Wine $ Fat Free $ Sugar Conscious $ Kidney Friendly $ Pescatarian $ Wheat/Gluten-Free $ Peanut Free $ Tree Nut Free $ Soy Free $ ,European $ ,3.5/4,23,Milk/Cream $ Quick & Easy $ Dinner $ Mussel $ Saffron $ White Wine $ Fat Free $ Sugar Conscious $ Kidney Friendly $ Pescatarian $ Wheat/Gluten-Free $ Peanut Free $ Tree Nut Free $ Soy Free $ European $ 
https://www.epicurious.com/recipes/food/views/twelve-layer-mocha-cake-350916,Twelve-Layer Mocha Cake ,"4 large egg yolks at room temperature 30 minutes $ 2 tablespoons whole milk $ 1/2 teaspoon pure vanilla extract $ 3/4 cup sugar, divided $ 1/2 cup all-purpose flour $ 1/4 teaspoon salt $ 2 large egg whites at room temperature 30 minutes $ 6 ounces fine-quality 60%-cacao bittersweet chocolate, finely chopped $ 1/4 cup water $ 5 large eggs, separated, at room temperature 30 minutes $ 1/4 teaspoon salt $ 1/2 cup sugar, divided $ 1 tablespoon unsweetened cocoa powder $ 2/3 cup hazelnuts (3 1/2 ounces) $ 3 large egg whites at room temperature 30 minutes $ 1/8 teaspoon salt $ 1/8 teaspoon cream of tartar $ 1/2 cup sugar $ 1/3 cup water $ 2 tablespoons sugar $ 1 teaspoon instant-espresso powder $ Coffee and mocha buttercreams $ Equipment: 3 (15-by 10-inch) 4-sided sheet pans (1/2 inch deep) $ ",Cake $ Coffee $ Mixer $ Egg $ Dessert $ Bake $ Christmas $ Wedding $ Birthday $ Christmas Eve $ Engagement Party $ Gourmet $ Vegetarian $ Pescatarian $ Peanut Free $ Soy Free $ Kosher $ ,European $ ,4/4,86,Cake $ Coffee $ Mixer $ Egg $ Dessert $ Bake $ Christmas $ Wedding $ Birthday $ Christmas Eve $ Engagement Party $ Gourmet $ Vegetarian $ Pescatarian $ Peanut Free $ Soy Free $ Kosher $ European $ 
https://www.epicurious.com/recipes/food/views/mixed-fruit-pavlovas-350686,Mixed Fruit Pavlovas ,"3 egg whites $ 3/4 cup plus 2 tablespoons sugar $ 1/2 teaspoon cornstarch $ 1 1/2 cups pastry cream $ 1/2 cup heavy cream $ 1 cup apricot glaze $ 3 to 4 cups assorted seasonal fruit such as sliced peaches, apricots, or plums; berries; or grapes $ 2 cups raspberry sauce $ 1/2 cup powdered sugar $ ",Mixer $ Egg $ Fruit $ Dessert $ ,European $ ,2/4,5,Mixer $ Egg $ Fruit $ Dessert $ European $ 
https://www.epicurious.com/recipes/food/views/yellow-gazpacho-243271,Yellow Gazpacho ,"1 navel orange $ 4 medium yellow beefsteak tomatoes (1 3/4 pounds), coarsely chopped $ 2 large yellow bell peppers, coarsely chopped $ 1 (3/4-pound) cucumber, peeled and coarsely chopped $ 1 medium onion, chopped $ 1 garlic clove, chopped $ 3/4 cup olive oil $ 1/4 cup Sherry vinegar $ 1/4 teaspoon hot sauce such as Tabasco, or to taste $ diced cucumber; diced yellow bell pepper; chopped fresh chives $ ",Soup/Stew $ Blender $ Tomato $ Vegetable $ Cocktail Party $ Picnic $ Vegetarian $ Backyard BBQ $ Summer $ Vegan $ Party $ Gourmet $ ,Spanish/Portuguese $ European $ ,4/4,21,Soup/Stew $ Blender $ Tomato $ Vegetable $ Cocktail Party $ Picnic $ Vegetarian $ Backyard BBQ $ Summer $ Vegan $ Party $ Gourmet $ Spanish/Portuguese $ European $ 
https://www.epicurious.com/recipes/food/views/belgian-leek-tart-with-aged-goat-cheese-em-flamiche-aux-poireaux-em-350098,Belgian Leek Tart with Aged Goat Cheese (Flamiche Aux Poireaux) ,"4 tablespoons (or more) ice water $ 3/4 teaspoon apple cider vinegar $ 1 1/2 cups unbleached all purpose flour $ 3/4 teaspoon salt $ 1/2 cup (1 stick) plus 1 tablespoon chilled unsalted butter $ 1/2 cup whole milk $ 1/2 cup heavy whipping cream $ 1 large egg $ 1 large egg yolk $ 1/4 teaspoon salt $ 1/2 cup crumbled aged goat cheese (such as Bûcheron), rind trimmed $ 1 1/2 cups Leek Confit $ ",Milk/Cream $ Bake $ Vegetarian $ Mother's Day $ Lunch $ Goat Cheese $ Leek $ Bon Appétit $ Sugar Conscious $ Pescatarian $ Peanut Free $ Tree Nut Free $ Soy Free $ No Sugar Added $ Kosher $ ,European $ ,4/4,28,Milk/Cream $ Bake $ Vegetarian $ Mother's Day $ Lunch $ Goat Cheese $ Leek $ Bon Appétit $ Sugar Conscious $ Pescatarian $ Peanut Free $ Tree Nut Free $ Soy Free $ No Sugar Added $ Kosher $ European $ 
https://www.epicurious.com/recipes/food/views/grilled-kielbasa-with-warm-potato-salad-242589,Grilled Kielbasa with Warm Potato Salad ,"2 pounds small red boiling potatoes, halved or quartered if large $ 1/2 cup finely chopped sweet onion $ 3 tablespoons olive oil $ 2 tablespoons cider vinegar $ 1/4 cup coarsely chopped flat-leaf parsley $ 1 pound smoked kielbasa $ grainy mustard $ ",Salad $ Onion $ Potato $ Quick & Easy $ Backyard BBQ $ Lunch $ Sausage $ Summer $ Grill $ Grill/Barbecue $ Parsley $ Gourmet $ Wheat/Gluten-Free $ Peanut Free $ Tree Nut Free $ Soy Free $ No Sugar Added $ ,Eastern European/Russian $ European $ ,3/4,7,Salad $ Onion $ Potato $ Quick & Easy $ Backyard BBQ $ Lunch $ Sausage $ Summer $ Grill $ Grill/Barbecue $ Parsley $ Gourmet $ Wheat/Gluten-Free $ Peanut Free $ Tree Nut Free $ Soy Free $ No Sugar Added $ Eastern European/Russian $ European $ 
https://www.epicurious.com/recipes/food/views/istrian-gnocchi-with-truffle-cream-242306,Istrian Gnocchi with Truffle Cream ,1 1/2 cups all-purpose flour $ 1 large egg $ 1 1/2 teaspoons salt $ 1 tablespoon extra-virgin olive oil $ 1/4 to 1/3 cup water $ 2/3 cup heavy cream $ 4 teaspoons truffle butter $ 1 ounce grated Parmigiano-Reggiano (1/2 cup) $ grated Parmigiano-Reggiano $ ,Milk/Cream $ Mushroom $ Pasta $ Appetizer $ Dinner $ Parmesan $ Gourmet $ Croatia $ Sugar Conscious $ Vegetarian $ Pescatarian $ Peanut Free $ Tree Nut Free $ Soy Free $ No Sugar Added $ Kosher $ ,Eastern European/Russian $ European $ ,3/4,1,Milk/Cream $ Mushroom $ Pasta $ Appetizer $ Dinner $ Parmesan $ Gourmet $ Croatia $ Sugar Conscious $ Vegetarian $ Pescatarian $ Peanut Free $ Tree Nut Free $ Soy Free $ No Sugar Added $ Kosher $ Eastern European/Russian $ European $ 
https://www.epicurious.com/recipes/food/views/peppered-beef-stroganoff-241097,Peppered Beef Stroganoff ,"1 tablespoon coarsely ground peppercorn melange* or black pepper $ 3 8-ounce beef tenderloin steaks $ 3 tablespoons olive oil, divided $ 8 ounces crimini (baby bella) mushrooms, halved or quartered if large $ 1 1/4 cups beef broth $ 1 tablespoon Cognac or brandy $ 1/2 cup whipping cream $ 1 tablespoon Dijon mustard $ 1 8.8-ounce package wide egg noodles (such as De Cecco) $ 1/4 cup chopped fresh Italian parsley $ * A mixture of black, pink, green, and white peppercorns; available at many supermarkets. $ ",Beef $ Pasta $ Quick & Easy $ Dinner $ Steak $ Winter $ Bon Appétit $ Sugar Conscious $ Peanut Free $ Tree Nut Free $ Soy Free $ ,European $ ,3.5/4,72,Beef $ Pasta $ Quick & Easy $ Dinner $ Steak $ Winter $ Bon Appétit $ Sugar Conscious $ Peanut Free $ Tree Nut Free $ Soy Free $ European $ 
https://www.epicurious.com/recipes/food/views/poppy-seed-cake-240615,Poppy-Seed Cake ,"1 1/4 cups whole poppy seeds (6 ounces) $ 1/2 stick unsalted butter, softened $ 3/4 cup granulated sugar $ 5 large eggs, separated $ 1 teaspoon cinnamon $ 1/2 teaspoon grated nutmeg $ 1/4 cup chopped golden raisins $ 1/2 teaspoon grated lemon zest $ 1/4 teaspoon salt $ Confectioners sugar for dusting $ Equipment: an 8-inch springform pan; an electric coffee/spice grinder $ ",Cake $ Mixer $ Egg $ Dessert $ Bake $ Raisin $ Fall $ Poppy $ Gourmet $ Vegetarian $ Pescatarian $ Wheat/Gluten-Free $ Peanut Free $ Tree Nut Free $ Soy Free $ Kosher $ ,European $ ,3.5/4,3,Cake $ Mixer $ Egg $ Dessert $ Bake $ Raisin $ Fall $ Poppy $ Gourmet $ Vegetarian $ Pescatarian $ Wheat/Gluten-Free $ Peanut Free $ Tree Nut Free $ Soy Free $ Kosher $ European $ 
