link,name,ingredients,recipe_category,recipe_cuisine,rating,rating_count,keywords
https://www.epicurious.com/recipes/food/views/warm-smashed-potatoes-with-mustard-seed-and-caper-vinaigrette-107367,Warm Smashed Potatoes with Mustard Seed and Caper Vinaigrette ,2 1/2 lb medium yellow-fleshed potatoes such as Yukon Gold $ 1 tablespoon whole-grain or coarse-grained mustard $ 1 tablespoon white-wine vinegar $ 2 teaspoons finely chopped drained bottled capers $ 1/2 teaspoon salt $ 1/2 teaspoon black pepper $ 3 tablespoons finely chopped shallot (1 large) $ 1/2 cup extra-virgin olive oil $ 1/3 cup chopped fresh flat-leaf parsley $ ,Salad $ Mustard $ Potato $ Side $ Thanksgiving $ Quick & Easy $ Vinegar $ Fall $ Capers $ Gourmet $ Sugar Conscious $ Vegan $ Vegetarian $ Pescatarian $ Dairy Free $ Wheat/Gluten-Free $ Peanut Free $ Tree Nut Free $ Soy Free $ No Sugar Added $ Kosher $ ,American $ ,3/4,7,Salad $ Mustard $ Potato $ Side $ Thanksgiving $ Quick & Easy $ Vinegar $ Fall $ Capers $ Gourmet $ Sugar Conscious $ Vegan $ Vegetarian $ Pescatarian $ Dairy Free $ Wheat/Gluten-Free $ Peanut Free $ Tree Nut Free $ Soy Free $ No Sugar Added $ Kosher $ American $ 
https://www.epicurious.com/recipes/food/views/pecan-barley-salad-105225,Pecan Barley Salad ,"1 cup quick-cooking barley $ 2 cups water $ 1/2 teaspoon salt $ 3/4 cup pecans (3 oz), chopped $ 1/4 cup extra-virgin olive oil $ 2 medium carrots, cut into 1/4-inch dice $ 2 celery ribs, cut into 1/4-inch dice $ 1/4 cup chopped fresh dill $ 1/4 cup finely chopped shallot (1 large) $ 2 tablespoons fresh lemon juice $ ",Salad $ Vegetarian $ High Fiber $ Pecan $ Barley $ Summer $ Gourmet $ ,American $ ,3/4,19,Salad $ Vegetarian $ High Fiber $ Pecan $ Barley $ Summer $ Gourmet $ American $ 
https://www.epicurious.com/recipes/food/views/honeydew-in-lemon-thyme-syrup-108383,Honeydew in Lemon Thyme Syrup ,"1 cup water $ 1/2 cup sugar $ 1/4 cup chopped fresh lemon thyme $ 1 1/2 firm-ripe honeydew melons, seeded and cut lengthwise into 1 1/2-inch-wide wedges $ Garnish: tender lemon thyme sprigs; lemon wedges $ ",Fruit $ Herb $ Appetizer $ Breakfast $ Quick & Easy $ Lemon $ Honeydew $ Summer $ Thyme $ Gourmet $ Vegan $ Vegetarian $ Pescatarian $ Dairy Free $ Wheat/Gluten-Free $ Peanut Free $ Tree Nut Free $ Soy Free $ Kosher $ ,American $ ,3.5/4,3,Fruit $ Herb $ Appetizer $ Breakfast $ Quick & Easy $ Lemon $ Honeydew $ Summer $ Thyme $ Gourmet $ Vegan $ Vegetarian $ Pescatarian $ Dairy Free $ Wheat/Gluten-Free $ Peanut Free $ Tree Nut Free $ Soy Free $ Kosher $ American $ 
https://www.epicurious.com/recipes/food/views/couscous-with-herbs-and-lemon-108354,Couscous with Herbs and Lemon ,"1 medium onion, finely chopped $ 2 tablespoons extra-virgin olive oil $ 1 garlic clove, minced $ 3/4 cup water $ 1 1/4 cups low-sodium chicken broth (10 fl oz) $ 1 (10-oz) box couscous (1 1/2 cups) $ 1/2 cup finely chopped fresh parsley $ 1/2 cup finely chopped fresh basil $ 1/3 cup finely chopped fresh mint $ 1 tablespoon fresh lemon juice, or to taste $ ",Citrus $ Herb $ Side $ Picnic $ Quick & Easy $ Mint $ Summer $ Couscous $ Parsley $ Gourmet $ Sugar Conscious $ Kidney Friendly $ Dairy Free $ Peanut Free $ Tree Nut Free $ Soy Free $ No Sugar Added $ Kosher $ ,American $ Moroccan $ ,3/4,50,Citrus $ Herb $ Side $ Picnic $ Quick & Easy $ Mint $ Summer $ Couscous $ Parsley $ Gourmet $ Sugar Conscious $ Kidney Friendly $ Dairy Free $ Peanut Free $ Tree Nut Free $ Soy Free $ No Sugar Added $ Kosher $ American $ Moroccan $ 
https://www.epicurious.com/recipes/food/views/coffee-toffee-pie-106285,"Coffee Toffee ""Pie"" ","1/4 cup granulated sugar $ 1 1/2 cups Rice Krispies, partially crushed $ 1/2 ounces fine-quality bittersweet chocolate (not unsweetened), finely chopped (1 1/2 tablespoons) $ 2 teaspoons instant-coffee granules or powder $ 2 cups 1% milk $ 1/2 teaspoon unflavored gelatin $ 3 tablespoons cornstarch $ 3 ounces fine-quality bittersweet chocolate (not unsweetened), finely chopped $ 1/4 cup packed light brown sugar $ 2 teaspoons dark rum $ 1/3 cup well-chilled heavy cream $ 1 teaspoon packed light brown sugar $ 1/4 teaspoon instant-coffee granules or powder $ 1 teaspoon dark rum $ Garnish: bittersweet chocolate shavings (about 1/2 oz, shaved with a vegetable peeler from a bar of chocolate) $ Special equipment: a 7-inch springform pan or an 8- to 9-inch pie plate $ ",Coffee $ Milk/Cream $ Rum $ Chocolate $ Dessert $ Chill $ Gourmet $ Kidney Friendly $ Peanut Free $ Tree Nut Free $ Soy Free $ ,American $ ,2.5/4,13,Coffee $ Milk/Cream $ Rum $ Chocolate $ Dessert $ Chill $ Gourmet $ Kidney Friendly $ Peanut Free $ Tree Nut Free $ Soy Free $ American $ 
https://www.epicurious.com/recipes/food/views/cinnamon-cured-smoked-chicken-breasts-wih-cherry-barbecue-sauce-105307,Cinnamon-Cured Smoked Chicken Breasts Wih Cherry Barbecue Sauce ,"4 cups water $ 1/4 cup coarse salt $ 1/4 cup (packed) dark brown sugar $ 4 skinless boneless chicken breast halves (1 1/2 pounds total) $ 1 small onion, thinly sliced $ 2 thin lemon slices $ 2 cinnamon sticks, broken in half $ 2 cups wood chips (preferably cherry or apple), soaked 1 hour in water to cover, drained $ Cherry Barbecue Sauce $ ",Chicken $ Fourth of July $ Cherry $ Summer $ Grill/Barbecue $ Cinnamon $ Bon Appétit $ ,American $ ,3/4,7,Chicken $ Fourth of July $ Cherry $ Summer $ Grill/Barbecue $ Cinnamon $ Bon Appétit $ American $ 
https://www.epicurious.com/recipes/food/views/beef-tenderloin-in-herbed-salt-crust-107345,Beef Tenderloin in Herbed Salt Crust ,"1 (1 1/2-lb) beef tenderloin roast (3 1/2 inches in diameter) $ 1 1/2 tablespoons olive oil $ 2 cups kosher salt $ 1 tablespoon dried rosemary, crumbled $ 2 teaspoons black pepper $ 1/2 cup water $ ",Beef $ Herb $ Roast $ Quick & Easy $ Rosemary $ Beef Tenderloin $ Fall $ Gourmet $ ,American $ ,3.5/4,16,Beef $ Herb $ Roast $ Quick & Easy $ Rosemary $ Beef Tenderloin $ Fall $ Gourmet $ American $ 
https://www.epicurious.com/recipes/food/views/ancho-chili-sauce-5497,Ancho Chili Sauce ,"3 dried ancho chilies, stemmed, seeded, torn into pieces $ 2 tablespoons fresh lime juice $ 1/2 cup mayonnaise $ 2 tablespoons (packed) brown sugar $ 1 tablespoon chopped fresh oregano $ 1 teaspoon chopped fresh rosemary $ 1/2 teaspoon ground cumin $ ",Sauce $ Summer $ Bon Appétit $ ,American $ ,3.5/4,41,Sauce $ Summer $ Bon Appétit $ American $ 
https://www.epicurious.com/recipes/food/views/wheat-flavored-crust-102413,Wheat-Flavored Crust ,"1 1/4 cups all purpose flour $ 1/4 cup whole wheat flour $ 1 tablespoon sugar $ 1/2 teaspoon salt $ 1/2 cup (1 stick) chilled unsalted butter, cut into 1/2-inch pieces $ 1 large egg yolk $ 3 tablespoons (or more) ice water $ ",Dessert $ Bon Appétit $ Sugar Conscious $ Kidney Friendly $ Vegetarian $ Pescatarian $ Peanut Free $ Tree Nut Free $ Soy Free $ Kosher $ ,American $ ,3.5/4,8,Dessert $ Bon Appétit $ Sugar Conscious $ Kidney Friendly $ Vegetarian $ Pescatarian $ Peanut Free $ Tree Nut Free $ Soy Free $ Kosher $ American $ 
https://www.epicurious.com/recipes/food/views/arugula-fennel-and-parmesan-salad-102557,"Arugula, Fennel, and Parmesan Salad ","1 medium fennel bulb (sometimes called anise) $ 2 tablespoons chicken broth $ 1 tablespoon fresh lemon juice $ 1 tablespoon extra-virgin olive oil $ 1/4 teaspoon sugar $ 1/2 pound arugula, stems removed $ 1 small red onion, coarsely chopped $ 1 (2-oz) piece fresh Parmesan $ ",Salad $ Vegetable $ No-Cook $ Parmesan $ Fennel $ Arugula $ Healthy $ Gourmet $ ,American $ ,3/4,7,Salad $ Vegetable $ No-Cook $ Parmesan $ Fennel $ Arugula $ Healthy $ Gourmet $ American $ 
https://www.epicurious.com/recipes/food/views/herb-roasted-turkey-with-apple-cider-gravy-108793,Herb-Roasted Turkey with Apple Cider Gravy ,"8 quarts cold water $ 2 cups coarse kosher salt $ 8 large fresh or dried bay leaves $ 2 tablespoons black peppercorns $ 2 tablespoons whole allspice $ 1 16- to 17-pound turkey; giblets removed, neck reserved $ 3 tablespoons minced fresh Italian parsley $ 3 tablespoons minced fresh thyme $ 3 tablespoons minced fresh sage $ 3 tablespoons minced fresh marjoram $ 1 teaspoon minced fresh rosemary $ 1 teaspoon ground nutmeg $ 3/4 cup (1 1/2 sticks) unsalted butter, room temperature $ 4 cups low-salt chicken broth $ 2 cups apple cider $ 3 tablespoons all purpose flour $ 1/2 cup whipping cream $ 2 tablespoons Calvados (apple brandy) or other brandy $ 2 large Granny Smith apples, quartered, cored $ 2 large onions, quartered $ 1 cup apple cider $ ",Fruit Juice $ Milk/Cream $ Herb $ turkey $ Roast $ Thanksgiving $ Apple $ Brandy $ Fall $ Brine $ Calvados $ Bon Appétit $ ,American $ ,3.5/4,106,Fruit Juice $ Milk/Cream $ Herb $ turkey $ Roast $ Thanksgiving $ Apple $ Brandy $ Fall $ Brine $ Calvados $ Bon Appétit $ American $ 
https://www.epicurious.com/recipes/food/views/watercress-jicama-and-orange-salad-107475,"Watercress, Jícama, and Orange Salad ","2 tablespoons orange juice $ 1 tablespoon red wine vinegar $ 1 tablespoon honey $ 1/2 teaspoon crushed aniseed $ 1/4 teaspoon cayenne pepper $ 1/4 cup olive oil $ 6 navel oranges $ 4 cups matchstick-size strips peeled jicama (from about 2 1/2 pounds) $ 2 4-ounce jars sliced pimientos, drained $ 1/4 cup chopped fresh cilantro $ 2 large bunches watercress, thick stems trimmed $ ",Salad $ Citrus $ Leafy Green $ No-Cook $ Quick & Easy $ Winter $ Anise $ Watercress $ Bon Appétit $ ,American $ ,2.5/4,3,Salad $ Citrus $ Leafy Green $ No-Cook $ Quick & Easy $ Winter $ Anise $ Watercress $ Bon Appétit $ American $ 
https://www.epicurious.com/recipes/food/views/mussels-with-herbed-bread-crumbs-106358,Mussels with Herbed Bread Crumbs ,"1 1/2 cups coarse crumbs from a fresh loaf of crusty Italian or French bread $ 1/4 cup extra-virgin olive oil $ 1/4 cup finely grated Parmigiano-Reggiano (1/2 oz) $ 2 large garlic cloves, minced $ 2 tablespoons finely chopped fresh oregano or 3/4 teaspoon dried, crumbled $ 1/4 teaspoon dried hot red pepper flakes $ 1/4 teaspoon table salt $ 56 mussels (1 1/4 pound; preferably cultivated),cleaned and steamed , using half white wine and half water, then shucked, reserving 56 half shells $ 2 cups kosher salt $ Accompaniment: lemon wedges $ ",Herb $ Bake $ Parmesan $ Mussel $ Gourmet $ ,American $ ,4/4,5,Herb $ Bake $ Parmesan $ Mussel $ Gourmet $ American $ 
https://www.epicurious.com/recipes/food/views/lemon-and-toasted-coconut-meringue-pie-106440,Lemon and Toasted-Coconut Meringue Pie ,"1 1/2 cups all purpose flour $ 1/2 cup sweetened flaked coconut $ 1/4 teaspoon salt $ 3/4 cup (1 1/2 sticks) chilled unsalted butter, cut into 1/2-inch pieces $ 1 large egg yolk $ 3 tablespoons (about) ice water $ 1 cup sugar $ 2 tablespoons cornstarch $ 6 large egg yolks $ 4 large eggs $ 3/4 cup fresh lemon juice $ Pinch of salt $ 3/4 cup (1 1/2 sticks) unsalted butter, cut into 1/2-inch pieces $ 6 large egg whites $ 1/4 teaspoon cream of tartar $ 1 1/3 cups powdered sugar $ 1 cup sweetened flaked coconut, lightly toasted $ ",Egg $ Dessert $ Bake $ Easter $ Lemon $ Coconut $ Spring $ Bon Appétit $ ,American $ ,3.5/4,29,Egg $ Dessert $ Bake $ Easter $ Lemon $ Coconut $ Spring $ Bon Appétit $ American $ 
https://www.epicurious.com/recipes/food/views/quince-compote-108844,Quince Compote ,"4 pounds quinces, peeled, quartered, cored, cut into 1/2-inch cubes $ 2 cups water $ 2 cups sugar $ 2 cups dry white wine $ 1 vanilla bean, split lengthwise $ ",Sauce $ Fruit $ Thanksgiving $ Quince $ Vanilla $ White Wine $ Fall $ Chill $ Simmer $ Bon Appétit $ ,American $ ,3.5/4,3,Sauce $ Fruit $ Thanksgiving $ Quince $ Vanilla $ White Wine $ Fall $ Chill $ Simmer $ Bon Appétit $ American $ 
https://www.epicurious.com/recipes/food/views/spoon-bread-souffle-108750,Spoon Bread Soufflé ,"3 cups whole milk $ 1 1/2 cups white cornmeal (preferably stone-ground) $ 3 tablespoons unsalted butter, softened $ 1 teaspoon salt $ 3/4 teaspoon baking powder $ 6 large eggs, separated $ ",Bread $ Milk/Cream $ Mixer $ Egg $ Bake $ Thanksgiving $ Vegetarian $ Cornmeal $ Fall $ Gourmet $ ,American $ ,1.5/4,4,Bread $ Milk/Cream $ Mixer $ Egg $ Bake $ Thanksgiving $ Vegetarian $ Cornmeal $ Fall $ Gourmet $ American $ 
https://www.epicurious.com/recipes/food/views/creamy-mashed-potatoes-102578,Creamy Mashed Potatoes ,"3 pound baking (russet) potatoes $ 3/4 stick unsalted butter, cut into bits and softened $ 1 to 1, cups heavy cream or half-and-half, heated until hot $ potato ricer or food mill $ ",Potato $ Side $ Thanksgiving $ Fall $ Gourmet $ ,American $ ,3.5/4,36,Potato $ Side $ Thanksgiving $ Fall $ Gourmet $ American $ 
https://www.epicurious.com/recipes/food/views/warm-cherry-bread-pudding-106020,Warm Cherry Bread Pudding ,"24 1/2-inch-thick slices challah or other egg bread (about 24 ounces) $ 2 cups whipping cream $ 2 cups whole milk $ 1 1/4 cups sugar $ 8 large eggs $ 1/4 cup dark rum $ 2 tablespoons vanilla extract $ 1 1/2 cups dried tart cherries $ Purchased caramel sauce, heated $ ",Fruit $ Dessert $ Bake $ Christmas $ Valentine's Day $ Cherry $ Winter $ Anniversary $ Ramekin $ Bon Appétit $ ,American $ ,3/4,5,Fruit $ Dessert $ Bake $ Christmas $ Valentine's Day $ Cherry $ Winter $ Anniversary $ Ramekin $ Bon Appétit $ American $ 
https://www.epicurious.com/recipes/food/views/pistachio-apricot-oatmeal-cookies-108704,Pistachio Apricot Oatmeal Cookies ,"1 stick (1/2 cup) unsalted butter, softened $ 3/4 cup packed light brown sugar $ 1/4 cup granulated sugar $ 1/4 teaspoon vanilla $ 1 large egg $ 3/4 cup all-purpose flour $ 1/2 teaspoon baking soda $ 1/4 teaspoon salt $ 1/8 teaspoon cinnamon $ 1 1/2 cups old-fashioned rolled oats (not quick-cooking) $ 1/3 cup dried apricots (2 ounces), cut into 1/4-inch pieces $ 1/3 cup shelled pistachios (1 1/2 ounces; not dyed red), coarsely chopped $ ",Cookies $ Mixer $ Fruit $ Nut $ Dessert $ Bake $ Kid-Friendly $ Quick & Easy $ Apricot $ Pistachio $ Oat $ Healthy $ Gourmet $ ,American $ ,3.5/4,36,Cookies $ Mixer $ Fruit $ Nut $ Dessert $ Bake $ Kid-Friendly $ Quick & Easy $ Apricot $ Pistachio $ Oat $ Healthy $ Gourmet $ American $ 
https://www.epicurious.com/recipes/food/views/spiced-chicken-with-oranges-107708,Spiced Chicken with Oranges ,"4 skinless boneless chicken breast halves $ 2 teaspoons Chinese five-spice powder $ 2 teaspoons toasted sesame seeds $ 2 tablespoons (1/4 stick) butter $ 1 medium red onion, thinly sliced $ 1/2 cup orange juice $ 3 tablespoons soy sauce $ 2 teaspoons hot pepper oil $ 2 seedless oranges, peeled and sliced crosswise into 1/2-inch-thick rounds $ ",Chicken $ Citrus $ Poultry $ Sauté $ Winter $ Bon Appétit $ ,American $ ,3/4,20,Chicken $ Citrus $ Poultry $ Sauté $ Winter $ Bon Appétit $ American $ 
https://www.epicurious.com/recipes/food/views/port-glazed-grape-tarts-with-pecan-crust-107383,Port-Glazed Grape Tarts With Pecan Crust ,"1/2 cup pecans (2 oz), lightly toasted $ 1/2 cup packed light brown sugar $ 2 cups all-purpose flour $ 2 sticks (1 cup) cold unsalted butter, cut into tablespoon pieces $ 1 teaspoon cinnamon $ 1 teaspoon ground ginger $ 3/4 teaspoon salt $ 2 cups Ruby Port $ 1 1/2 cups Concord grape jelly $ 3/4 teaspoon fresh lemon juice, or to taste $ 5 lb small red seedless grapes, stems discarded (12 1/2 cups) $ 2 (11 1/4- by 8- by 1-inch) rectangular tart pans with removable bottoms, or 2 (10-inch) round fluted tart pans with removable bottoms $ ",Food Processor $ Fruit $ Nut $ Dessert $ Bake $ Thanksgiving $ Pecan $ Port $ Fall $ Grape $ Jam or Jelly $ Gourmet $ ,American $ ,3/4,17,Food Processor $ Fruit $ Nut $ Dessert $ Bake $ Thanksgiving $ Pecan $ Port $ Fall $ Grape $ Jam or Jelly $ Gourmet $ American $ 
https://www.epicurious.com/recipes/food/views/applesauce-spice-muffins-108784,Applesauce Spice Muffins ,"1 1/2 cups all-purpose flour $ 1 1/2 teaspoons baking powder $ 1/2 teaspoon baking soda $ 1/2 teaspoon cinnamon $ 1/2 teaspoon ground allspice $ 1/4 teaspoon freshly grated nutmeg $ 1/4 teaspoon salt $ 2 large eggs $ 1 cup packed light brown sugar $ 1 stick (1/2 cup) plus 3 tablespoons unsalted butter, melted $ 1 cup unsweetened applesauce $ 1 cup pecans or walnuts (3 1/2 ounces), coarsely chopped $ 2 tablespoons granulated sugar $ 1/4 teaspoon cinnamon $ 1/4 teaspoon ground allspice $ 1/4 teaspoon freshly grated nutmeg $ a muffin pan with 12 (1/2-cup) muffin cups $ ",Bread $ Fruit $ Breakfast $ Brunch $ Bake $ Quick & Easy $ Back to School $ Apple $ Pecan $ Walnut $ Spice $ Fall $ Gourmet $ ,American $ ,3.5/4,109,Bread $ Fruit $ Breakfast $ Brunch $ Bake $ Quick & Easy $ Back to School $ Apple $ Pecan $ Walnut $ Spice $ Fall $ Gourmet $ American $ 
https://www.epicurious.com/recipes/food/views/gingered-apple-slaw-105610,Gingered Apple Slaw ,"1/2 cup mayonnaise $ 1 1/2 teaspoons finely grated peeled fresh ginger $ 1 tablespoon seasoned rice vinegar $ 2 celery ribs, cut into matchsticks $ 4 apples, of different varieties, cored and cut into matchsticks $ ",Salad $ Ginger $ Side $ No-Cook $ Vegetarian $ Quick & Easy $ Mayonnaise $ Apple $ Celery $ Gourmet $ Pescatarian $ Paleo $ Dairy Free $ Wheat/Gluten-Free $ Peanut Free $ Tree Nut Free $ Soy Free $ Kosher $ ,American $ ,3.5/4,14,Salad $ Ginger $ Side $ No-Cook $ Vegetarian $ Quick & Easy $ Mayonnaise $ Apple $ Celery $ Gourmet $ Pescatarian $ Paleo $ Dairy Free $ Wheat/Gluten-Free $ Peanut Free $ Tree Nut Free $ Soy Free $ Kosher $ American $ 
https://www.epicurious.com/recipes/food/views/pb-j-crumble-bars-108772,Pb&j Crumble Bars ,"3/4 stick (6 tablespoons) unsalted butter, softened $ 6 tablespoons peanut butter $ 1/2 cup packed light brown sugar $ 1 large egg $ 1 1/2 cups all-purpose flour $ 1/2 teaspoon salt $ 1/2 cup grape jelly $ ",Mixer $ Nut $ Dessert $ Bake $ Kid-Friendly $ Back to School $ Peanut $ Fall $ Grape $ Jam or Jelly $ Gourmet $ Kidney Friendly $ Vegetarian $ Pescatarian $ Tree Nut Free $ Soy Free $ Kosher $ ,American $ ,2.5/4,10,Mixer $ Nut $ Dessert $ Bake $ Kid-Friendly $ Back to School $ Peanut $ Fall $ Grape $ Jam or Jelly $ Gourmet $ Kidney Friendly $ Vegetarian $ Pescatarian $ Tree Nut Free $ Soy Free $ Kosher $ American $ 
https://www.epicurious.com/recipes/food/views/summer-vegetable-succotash-105227,Summer Vegetable Succotash ,"1 lb small (1-inch) yellow-fleshed potatoes such as Yukon Gold $ 1 tablespoon vegetable oil (preferably corn oil) $ 1/2 stick (1/4 cup) unsalted butter $ 2 cups fresh corn kernels (from 3 ears; preferably yellow and white) $ 8 oz baby pattypan squash, trimmed and quartered $ 8 oz frozen shelled edamame (fresh soybeans) or baby lima beans (1 1/2 cups), cooked according to package directions and cooled $ 1/4 cup finely chopped red onion $ 1/4 cup finely chopped fresh chives $ ",Potato $ Soy $ Side $ Corn $ Squash $ Summer $ Gourmet $ Vegetarian $ Pescatarian $ Wheat/Gluten-Free $ Peanut Free $ Tree Nut Free $ No Sugar Added $ Kosher $ ,American $ ,3.5/4,19,Potato $ Soy $ Side $ Corn $ Squash $ Summer $ Gourmet $ Vegetarian $ Pescatarian $ Wheat/Gluten-Free $ Peanut Free $ Tree Nut Free $ No Sugar Added $ Kosher $ American $ 
https://www.epicurious.com/recipes/food/views/wild-rice-stuffing-with-wild-mushrooms-105886,Wild Rice Stuffing with Wild Mushrooms ,"8 tablespoons (1 stick) butter $ 4 large onions (about 2 3/4 pounds), halved, thinly sliced $ 1 1/4 pounds assorted wild mushrooms (such as crimini and stemmed shiitake), sliced $ 3 tablespoons chopped fresh thyme $ 5 cups canned low-salt chicken broth $ 3 teaspoons chopped fresh sage $ 1 1/3 cups wild rice (about one 8-ounce package) $ 1 1/4 cups long-grain white rice $ 1 3/4 cups coarsely chopped dried pears (about 7 ounces; optional) $ 3/4 to 1 cup chopped fresh Italian parsley $ ",Fruit $ Herb $ Mushroom $ Rice $ Side $ Bake $ Thanksgiving $ Stuffing/Dressing $ Pear $ Fall $ Bon Appétit $ Wheat/Gluten-Free $ Peanut Free $ Tree Nut Free $ Soy Free $ No Sugar Added $ ,American $ ,3.5/4,47,Fruit $ Herb $ Mushroom $ Rice $ Side $ Bake $ Thanksgiving $ Stuffing/Dressing $ Pear $ Fall $ Bon Appétit $ Wheat/Gluten-Free $ Peanut Free $ Tree Nut Free $ Soy Free $ No Sugar Added $ American $ 
https://www.epicurious.com/recipes/food/views/giant-chocolate-chip-cookies-105694,Giant Chocolate Chip Cookies ,"2 1/4 cups all purpose flour $ 1 teaspoon baking soda $ 1 teaspoon salt $ 1/2 cup (1 stick) unsalted butter, room temperature $ 1/2 cup solid vegetable shortening $ 3/4 cup sugar $ 3/4 cup (packed) golden brown sugar $ 1 tablespoon sour cream $ 1 1/2 teaspoons vanilla extract $ 2 large eggs $ 1 pound (2 2/3 cups) semisweet chocolate chips $ ",Cookies $ Chocolate $ Dessert $ Bake $ Kid-Friendly $ Bon Appétit $ Kidney Friendly $ Vegetarian $ Pescatarian $ Peanut Free $ Tree Nut Free $ Soy Free $ Kosher $ ,American $ ,3.5/4,103,Cookies $ Chocolate $ Dessert $ Bake $ Kid-Friendly $ Bon Appétit $ Kidney Friendly $ Vegetarian $ Pescatarian $ Peanut Free $ Tree Nut Free $ Soy Free $ Kosher $ American $ 
https://www.epicurious.com/recipes/food/views/beet-and-parsley-salad-108399,Beet and Parsley Salad ,"2 medium beets without greens $ 1 cup packed fresh flat-leaf parsley leaves $ 1/4 teaspoon salt, or to taste $ 1/4 teaspoon sugar, or to taste $ 1/8 teaspoon black pepper $ 2 teaspoons extra-virgin olive oil $ 2 teaspoons balsamic vinegar $ a Japanese Benriner* or other adjustable-blade slicer $ ",Salad $ Side $ Fourth of July $ Picnic $ Backyard BBQ $ Vinegar $ Beet $ Spring $ Summer $ Parsley $ Gourmet $ ,American $ ,3/4,2,Salad $ Side $ Fourth of July $ Picnic $ Backyard BBQ $ Vinegar $ Beet $ Spring $ Summer $ Parsley $ Gourmet $ American $ 
https://www.epicurious.com/recipes/food/views/cranberry-sorbet-108776,Cranberry Sorbet ,1 pound fresh or frozen cranberries (4 cups; thawed if frozen) $ 5 cups water $ 2 1/2 cups sugar $ 3/4 cup fresh lemon juice $ 1/3 cup fresh orange juice $ Garnish: fresh mint sprigs $ an ice cream maker $ ,Blender $ Ice Cream Machine $ Dessert $ Thanksgiving $ Frozen Dessert $ Cranberry $ Lemon $ Orange $ Fall $ Gourmet $ Fat Free $ Kidney Friendly $ Vegan $ Vegetarian $ Pescatarian $ Dairy Free $ Wheat/Gluten-Free $ Peanut Free $ Tree Nut Free $ Soy Free $ Kosher $ ,American $ ,4/4,12,Blender $ Ice Cream Machine $ Dessert $ Thanksgiving $ Frozen Dessert $ Cranberry $ Lemon $ Orange $ Fall $ Gourmet $ Fat Free $ Kidney Friendly $ Vegan $ Vegetarian $ Pescatarian $ Dairy Free $ Wheat/Gluten-Free $ Peanut Free $ Tree Nut Free $ Soy Free $ Kosher $ American $ 
https://www.epicurious.com/recipes/food/views/chicken-fettuccine-with-nuts-and-dill-107282,Chicken Fettuccine with Nuts and Dill ,"2 pounds chicken tenders, cut in half crosswise $ 3 tablespoons olive oil $ 3 onions, diced $ 2 teaspoons ground coriander $ 1 teaspoon salt $ 1/2 teaspoon ground black pepper $ 1/4 teaspoon cayenne pepper $ 2 cups whipping cream $ 3/4 cup chopped toasted walnuts $ 1/2 cup chopped toasted almonds $ 1/2 cup low-salt chicken broth $ 1 pound fettuccine $ 1/4 cup chopped fresh dill $ 1/4 cup chopped fresh parsley $ ",Chicken $ Herb $ Nut $ Poultry $ Sauté $ Almond $ Walnut $ Fall $ Simmer $ Bon Appétit $ ,American $ ,3/4,14,Chicken $ Herb $ Nut $ Poultry $ Sauté $ Almond $ Walnut $ Fall $ Simmer $ Bon Appétit $ American $ 
https://www.epicurious.com/recipes/food/views/coffee-molasses-shoofly-pie-108597,Coffee-Molasses Shoofly Pie ,"1 1/3 cups all purpose flour $ 1 1/2 teaspoons sugar $ 1/2 teaspoon salt $ 1/3 cup solid vegetable shortening, frozen, diced $ 1/4 cup (1/2 stick) chilled unsalted butter, cut into 1/2-inch cubes $ 4 tablespoons (about) ice water $ 1 egg white, beaten to blend $ 1 cup all purpose flour $ 1/2 cup (packed) golden brown sugar $ 1/2 cup (1 stick) chilled unsalted butter, cut into 1/2-inch cubes $ 1 cup hot water $ 1/2 teaspoon instant espresso powder $ 1 teaspoon baking soda $ 3/4 cup light corn syrup $ 1/4 cup mild-flavored (light) molasses $ 1 teaspoon vanilla extract $ 1/4 teaspoon salt $ 1/8 teaspoon ground cinnamon $ Powdered sugar $ Vanilla ice cream $ ",Coffee $ Food Processor $ Dessert $ Bake $ Thanksgiving $ Fall $ Molasses $ Bon Appétit $ Kidney Friendly $ Vegetarian $ Pescatarian $ Peanut Free $ Tree Nut Free $ Soy Free $ Kosher $ ,American $ Southern $ ,3/4,9,Coffee $ Food Processor $ Dessert $ Bake $ Thanksgiving $ Fall $ Molasses $ Bon Appétit $ Kidney Friendly $ Vegetarian $ Pescatarian $ Peanut Free $ Tree Nut Free $ Soy Free $ Kosher $ American $ Southern $ 
https://www.epicurious.com/recipes/food/views/sweet-potato-layer-cake-with-orange-cream-cheese-frosting-105843,Sweet-Potato Layer Cake with Orange-Cream Cheese Frosting ,"2 pounds tan-skinned sweet potatoes (about 3 medium) $ 3 cups cake flour $ 2 teaspoons baking soda $ 2 teaspoons baking powder $ 2 teaspoons ground cinnamon $ 1 teaspoon ground ginger $ 1/2 teaspoon salt $ 1/4 teaspoon ground cloves $ 1 cup vegetable oil $ 1 cup sugar $ 1 cup (packed) golden brown sugar $ 4 large eggs $ 2/3 cup plus 1/4 cup chopped walnuts, toasted $ 2/3 cup plus 1/4 cup dried cranberries $ 1 8-ounce package cream cheese, room temperature $ 1/2 cup (1 stick) unsalted butter, room temperature $ 31/4 cups powdered sugar, sifted $ 2 tablespoons frozen orange juice concentrate, thawed $ 1/2 teaspoon vanilla extract $ 1/4 cup sliced candied orange peel $ 3 tablespoons sugar $ ",Cake $ Dessert $ Bake $ Thanksgiving $ Cream Cheese $ Orange $ Walnut $ Sweet Potato/Yam $ Fall $ Bon Appétit $ ,American $ ,3.5/4,72,Cake $ Dessert $ Bake $ Thanksgiving $ Cream Cheese $ Orange $ Walnut $ Sweet Potato/Yam $ Fall $ Bon Appétit $ American $ 
https://www.epicurious.com/recipes/food/views/parsnip-crisps-108998,Parsnip Crisps ,About 4 cups vegetable oil $ 1 medium or large parsnip $ Special equipment: a deep-fat thermometer; a Y-shaped vegetable peeler $ ,Fry $ Vegetarian $ Quick & Easy $ Parsnip $ Winter $ Gourmet $ ,American $ ,3.5/4,8,Fry $ Vegetarian $ Quick & Easy $ Parsnip $ Winter $ Gourmet $ American $ 
https://www.epicurious.com/recipes/food/views/cranberry-apple-crisp-with-oatmeal-streusel-topping-105840,Cranberry-Apple Crisp with Oatmeal Streusel Topping ,"1 cup (packed) golden brown sugar $ 1 cup old-fashioned oats $ 3/4 cup all purpose flour $ 1/4 teaspoon salt $ 1/2 cup (1 stick) chilled unsalted butter, cut into pieces $ 2 12-ounce packages cranberries $ 1 1/4 pounds Golden Delicious or Fuji apples (about 3 medium), peeled, cored, cut into 1/2-inch cubes $ 1 1/2 cups sugar $ 2 tablespoons apple juice or cider $ Vanilla ice cream $ ",Dessert $ Bake $ Cranberry $ Apple $ Oat $ Fall $ Bon Appétit $ Kidney Friendly $ Vegetarian $ Pescatarian $ Peanut Free $ Tree Nut Free $ Soy Free $ Kosher $ ,American $ ,3.5/4,71,Dessert $ Bake $ Cranberry $ Apple $ Oat $ Fall $ Bon Appétit $ Kidney Friendly $ Vegetarian $ Pescatarian $ Peanut Free $ Tree Nut Free $ Soy Free $ Kosher $ American $ 
https://www.epicurious.com/recipes/food/views/vermont-cheddar-cheese-and-herbed-twists-107466,Vermont Cheddar Cheese and Herbed Twists ,"1 3/4 cups finely grated sharp white cheddar cheese (about 6 ounces) $ 3/4 teaspoon dried thyme $ 3/4 teaspoon dried rubbed sage $ 1/2 teaspoon coarsely ground black pepper $ 1 sheet frozen puff pastry (half of 17.3-ounce package), thawed $ ",Cheese $ Herb $ Appetizer $ Bake $ Cheddar $ Winter $ Sage $ Thyme $ Phyllo/Puff Pastry Dough $ Bon Appétit $ Sugar Conscious $ Kidney Friendly $ Vegetarian $ Pescatarian $ Peanut Free $ Tree Nut Free $ Soy Free $ Kosher $ ,American $ ,2.5/4,16,Cheese $ Herb $ Appetizer $ Bake $ Cheddar $ Winter $ Sage $ Thyme $ Phyllo/Puff Pastry Dough $ Bon Appétit $ Sugar Conscious $ Kidney Friendly $ Vegetarian $ Pescatarian $ Peanut Free $ Tree Nut Free $ Soy Free $ Kosher $ American $ 
https://www.epicurious.com/recipes/food/views/herbed-oyster-crakers-108121,Herbed Oyster Crakers ,"1/2 teaspoon active dry yeast (from a 1/4-ounce package) $ Pinch of sugar $ 1/2 cup lukewarm (105–115ºF) water $ 1 1/3 to 1 1/2 cups all-purpose flour $ 2 teaspoons chopped fresh thyme or 1 teaspoon dried, crumbled $ 1/2 teaspoon salt $ 1/8 teaspoon cayenne $ 2 teaspoons extra-virgin olive oil $ 1/2 teaspoon kosher salt $ ",Herb $ Bake $ Spice $ Healthy $ Thyme $ Gourmet $ ,American $ ,4/4,3,Herb $ Bake $ Spice $ Healthy $ Thyme $ Gourmet $ American $ 
https://www.epicurious.com/recipes/food/views/apple-plum-chutney-107158,Apple-Plum Chutney ,"1 cup water $ 2/3 cup sugar $ 6 tablespoons red wine vinegar $ 1 tablespoon minced peeled fresh ginger $ 1 garlic clove, minced $ 1 1/3 pounds red plums, halved, pitted, cut into 1/2-inch cubes $ 1 large Granny Smith apple, unpeeled, cored, cut into 1/2-inch cubes $ 2 teaspoons grated orange peel $ 1/4 teaspoon ground cinnamon $ ",Condiment/Spread $ Sauce $ Fruit $ Ginger $ Vinegar $ Apple $ Plum $ Fall $ Cinnamon $ Simmer $ Bon Appétit $ ,American $ ,2.5/4,2,Condiment/Spread $ Sauce $ Fruit $ Ginger $ Vinegar $ Apple $ Plum $ Fall $ Cinnamon $ Simmer $ Bon Appétit $ American $ 
https://www.epicurious.com/recipes/food/views/baked-apples-with-toffee-bourbon-and-molasses-104152,"Baked Apples with Toffee, Bourbon and Molasses ",6 7- to 8-ounce Golden Delicious apples $ 6 tablespoons toffee bits (such as Skor) $ 3 tablespoons bourbon $ 3 tablespoons unsalted butter $ 1 1/2 cups apple cider $ 3 tablespoons mild-flavored (light) molasses $ 1 tablespoon sugar $ 1/4 teaspoon ground ginger $ Vanilla ice cream $ ,Bourbon $ Fruit Juice $ Dessert $ Bake $ Apple $ Fall $ Winter $ Molasses $ Bon Appétit $ Massachusetts $ Vegetarian $ Pescatarian $ Wheat/Gluten-Free $ Peanut Free $ Tree Nut Free $ Soy Free $ Kosher $ ,American $ ,3.5/4,9,Bourbon $ Fruit Juice $ Dessert $ Bake $ Apple $ Fall $ Winter $ Molasses $ Bon Appétit $ Massachusetts $ Vegetarian $ Pescatarian $ Wheat/Gluten-Free $ Peanut Free $ Tree Nut Free $ Soy Free $ Kosher $ American $ 
https://www.epicurious.com/recipes/food/views/spring-vegetable-saute-107991,Spring Vegetable Sauté ,"1/2 lb fresh or 2 oz dried morel mushrooms (preferably small) $ 2 lb fresh fava beans, shelled (2 cups) $ 1/2 stick (1/4 cup) unsalted butter, softened $ 1 1/2 lb thin asparagus, cut diagonally into 1 1/2-inch pieces $ 1 lb sugar snap peas, trimmed $ 4 bunches scallions (white and pale green parts only), trimmed and cut into 2 1/2-inch lengths $ 2 tablespoons chopped fresh mint $ ",Bean $ Mushroom $ Onion $ Side $ Sauté $ Quick & Easy $ Mint $ Asparagus $ Spring $ Sugar Snap Pea $ Gourmet $ Vegetarian $ Pescatarian $ Wheat/Gluten-Free $ Peanut Free $ Tree Nut Free $ Soy Free $ No Sugar Added $ Kosher $ ,American $ ,3.5/4,9,Bean $ Mushroom $ Onion $ Side $ Sauté $ Quick & Easy $ Mint $ Asparagus $ Spring $ Sugar Snap Pea $ Gourmet $ Vegetarian $ Pescatarian $ Wheat/Gluten-Free $ Peanut Free $ Tree Nut Free $ Soy Free $ No Sugar Added $ Kosher $ American $ 
https://www.epicurious.com/recipes/food/views/chocolate-sorbet-107767,Chocolate Sorbet ,"1 1/4 cups sugar $ 3 cups water $ 3/4 cup unsweetened cocoa powder, preferably Dutch-process $ 1/4 teaspoon salt $ 1 teaspoon vanilla $ an ice cream maker $ ",Chocolate $ Dessert $ Kid-Friendly $ Frozen Dessert $ Gourmet $ Kidney Friendly $ Vegan $ Vegetarian $ Pescatarian $ Dairy Free $ Wheat/Gluten-Free $ Peanut Free $ Tree Nut Free $ Soy Free $ Kosher $ ,American $ ,3/4,10,Chocolate $ Dessert $ Kid-Friendly $ Frozen Dessert $ Gourmet $ Kidney Friendly $ Vegan $ Vegetarian $ Pescatarian $ Dairy Free $ Wheat/Gluten-Free $ Peanut Free $ Tree Nut Free $ Soy Free $ Kosher $ American $ 
https://www.epicurious.com/recipes/food/views/medley-of-root-vegetables-with-cipoline-onions-and-herbs-105820,Medley of Root Vegetables with Cipoline Onions and Herbs ,"Nonstick vegetable oil spray $ 1 tablespoon chopped fresh thyme $ 1 tablespoon chopped fresh marjoram $ 1 teaspoon chopped fresh rosemary $ 2 garlic cloves, minced $ 1/4 cup extra-virgin olive oil $ 12 unpeeled baby beets (each about 1 inch in diameter), trimmed $ 1 pound turnips (about 4), peeled, each cut into 6 wedges $ 1 3/4 pounds rutabagas (about 4), peeled, each cut into 10 wedges $ 2 pounds carrots, peeled, halved lengthwise, cut into 2-inch lengths (about 4 1/2 cups) $ 2 1/2 pounds parsnips, peeled, halved lengthwise, cut into 2-inch lengths (about 5 cups) $ 8 ounces cipolline onions* or boiling onions, peeled $ 1/3 cup canned low-salt chicken broth $ 2 tablespoons balsamic vinegar $ ",Onion $ Roast $ Christmas $ Thanksgiving $ Wheat/Gluten-Free $ Rosemary $ Beet $ Carrot $ Parsnip $ Turnip $ Fall $ Thyme $ Rutabaga $ Christmas Eve $ Bon Appétit $ ,American $ ,3.5/4,14,Onion $ Roast $ Christmas $ Thanksgiving $ Wheat/Gluten-Free $ Rosemary $ Beet $ Carrot $ Parsnip $ Turnip $ Fall $ Thyme $ Rutabaga $ Christmas Eve $ Bon Appétit $ American $ 
https://www.epicurious.com/recipes/food/views/mashed-potatoes-with-green-onions-107096,Mashed Potatoes with Green Onions ,"1 1/2 pounds red-skinned potatoes, scrubbed, unpeeled $ 1 1/2 pounds russet potatoes, scrubbed, unpeeled $ 1 cup half and half $ 1/2 cup finely chopped green onions $ 1/4 cup (1/2 stick) butter, room temperature $ ",Milk/Cream $ Onion $ Potato $ Side $ Steam $ Quick & Easy $ Wheat/Gluten-Free $ Bon Appétit $ Sugar Conscious $ Vegetarian $ Pescatarian $ Peanut Free $ Tree Nut Free $ Soy Free $ No Sugar Added $ Kosher $ ,American $ ,3.5/4,10,Milk/Cream $ Onion $ Potato $ Side $ Steam $ Quick & Easy $ Wheat/Gluten-Free $ Bon Appétit $ Sugar Conscious $ Vegetarian $ Pescatarian $ Peanut Free $ Tree Nut Free $ Soy Free $ No Sugar Added $ Kosher $ American $ 
https://www.epicurious.com/recipes/food/views/chicken-with-cranberry-mustard-sauce-107150,Chicken with Cranberry-Mustard Sauce ,"4 large skinless boneless chicken breast halves $ 1 teaspoon onion powder $ 1 teaspoon dried thyme $ 4 tablespoons (1/2 stick) butter $ 2 tablespoons all purpose flour $ 1/2 teaspoon dry mustard $ 1 1/2 cups low-salt chicken broth $ 3/4 cup frozen concentrated cranberry juice cocktail, thawed $ 1/4 cup dried cranberries $ ",Chicken $ Mustard $ Sauté $ Quick & Easy $ Cranberry $ Fall $ Simmer $ Bon Appétit $ Florida $ ,American $ ,3/4,10,Chicken $ Mustard $ Sauté $ Quick & Easy $ Cranberry $ Fall $ Simmer $ Bon Appétit $ Florida $ American $ 
https://www.epicurious.com/recipes/food/views/mocha-ice-cream-sundaes-with-coffee-caramel-sauce-105188,Mocha Ice Cream Sundaes with Coffee-Caramel Sauce ,"1 pint vanilla ice cream $ 1 pint coffee ice cream $ 1 pint chocolate ice cream $ 1 cup fresh raspberries $ Coffee-Caramel Sauce $ 1 cup chilled whipping cream, beaten to peaks $ 1 tablespoon finely ground roasted coffee beans $ ",Coffee $ Milk/Cream $ Chocolate $ Dessert $ Raspberry $ Summer $ Bon Appétit $ Vegetarian $ Pescatarian $ Wheat/Gluten-Free $ Peanut Free $ Tree Nut Free $ Soy Free $ Kosher $ ,American $ ,1/4,1,Coffee $ Milk/Cream $ Chocolate $ Dessert $ Raspberry $ Summer $ Bon Appétit $ Vegetarian $ Pescatarian $ Wheat/Gluten-Free $ Peanut Free $ Tree Nut Free $ Soy Free $ Kosher $ American $ 
https://www.epicurious.com/recipes/food/views/ranch-dressing-106679,Ranch Dressing ,"1/3 cup plain nonfat yogurt $ 1/3 cup mayonnaise $ 1/2 cup buttermilk $ 2 teaspoons finely grated onion $ 1 small clove of garlic, pressed $ Salt and freshly ground black pepper, to taste $ 1 tablespoon snipped fresh chives $ ",Condiment/Spread $ Dairy $ No-Cook $ Yogurt $ Salad Dressing $ Parade $ ,American $ ,2.5/4,5,Condiment/Spread $ Dairy $ No-Cook $ Yogurt $ Salad Dressing $ Parade $ American $ 
https://www.epicurious.com/recipes/food/views/white-chocolate-and-lemon-wedding-cake-108257,White Chocolate and Lemon Wedding Cake ,"6 cups sugar $ 9 teaspoons cornstarch $ 3 cups fresh lemon juice $ 36 large egg yolks $ 3 cups (6 sticks) chilled unsalted butter, cut into 1/2-inch cubes $ 16 ounces imported white chocolate (such as Lindt or Perugina), finely chopped (do not use chips) $ 6 8-ounce packages Philadelphia-brand cream cheese, room temperature $ 5 cups (packed) powdered sugar (about 1 1/4 pounds) $ 4 cups chilled heavy whipping cream $ 4 cups lemon curd (see above) $ 14 ounces imported white chocolate (such as Lindt or Perugina), finely chopped (do not use chips) $ 1 1/3 cups chilled heavy whipping cream $ 11 cups sifted cake flour $ 11 teaspoons baking powder $ 2 1/2 teaspoons salt $ 3 cups buttermilk $ 6 tablespoons thawed frozen orange juice concentrate $ 5 tablespoons vanilla extract $ 1 1/2 cups (3 sticks) unsalted butter, room temperature $ 6 1/2 cups sugar $ 1 1/2 cups vegetable oil $ 2 1/2 cups egg whites (about 20 large) $ 1/2 teaspoon cream of tartar $ 2 11-inch-diameter tart-pan bottoms or cardboard rounds $ 1 8-inch-diameter tart-pan bottom or cardboard round (cut from 9-inch round) $ 1 5-inch-diameter tart-pan bottom or cardboard round (cut from 6-inch round) $ 14 12-inch-long, 1/4-inch-diameter wooden dowels $ Mix of large and tiny white roses and fresias (about 5 dozen) $ 8 1-pint containers fresh strawberries, hulled, halved $ 2 1/2-pint containers fresh blackberries $ 2 1/2-pint containers fresh raspberries $ 2 1/2-pint containers fresh blueberries $ 1 cup sugar $ ",Cake $ Milk/Cream $ Mixer $ Berry $ Chocolate $ Egg $ Dessert $ Bake $ Wedding $ Cream Cheese $ Lemon $ Summer $ Chill $ Double Boiler $ Bon Appétit $ ,American $ ,3.5/4,39,Cake $ Milk/Cream $ Mixer $ Berry $ Chocolate $ Egg $ Dessert $ Bake $ Wedding $ Cream Cheese $ Lemon $ Summer $ Chill $ Double Boiler $ Bon Appétit $ American $ 
https://www.epicurious.com/recipes/food/views/lustrous-leeks-106688,Lustrous Leeks ,"6 large leeks $ 2 tablespoons white vinegar $ 1/4 cup extra-virgin olive oil $ 2 medium-sized ripe tomatoes, cut into 8 pieces $ 1/3 cup imported black olives (Niçoise or Gaeta) $ 3 tablespoons chopped parsley $ Freshly ground black pepper, to taste $ ",Olive $ Vegetable $ Quick & Easy $ Vinegar $ Leek $ Summer $ Parade $ ,American $ ,2/4,1,Olive $ Vegetable $ Quick & Easy $ Vinegar $ Leek $ Summer $ Parade $ American $ 
https://www.epicurious.com/recipes/food/views/salt-and-pepper-potato-chips-106881,Salt and Pepper Potato Chips ,"1/4 cup olive oil $ 2 large baking potatoes (1 pound total), scrubbed $ 3/4 teaspoon coarse salt $ 1 teaspoon coarsely ground black pepper $ Special equipment: a Japanese Benriner or other adjustable-blade slicer $ ",Potato $ Bake $ Summer $ Gourmet $ ,American $ ,2.5/4,5,Potato $ Bake $ Summer $ Gourmet $ American $ 
https://www.epicurious.com/recipes/food/views/barbecued-spareribs-105123,Barbecued Spareribs ,"2 1/2 tablespoons sugar $ 3 tablespoons paprika $ 2 tablespoons ground cumin $ 1 1/2 tablespoons black pepper $ 1 tablespoon chili powder $ 1 tablespoon salt $ 2 full racks pork spareribs (each 3 lb), brisket flap and chine bone removed $ 1 3/4 cups distilled white vinegar $ 2 tablespoons sugar $ 1 tablespoon Tabasco $ 1 tablespoon salt $ 1 1/2 teaspoons black pepper $ ",Pork $ Summer $ Grill/Barbecue $ Gourmet $ ,American $ ,4/4,34,Pork $ Summer $ Grill/Barbecue $ Gourmet $ American $ 
https://www.epicurious.com/recipes/food/views/grilled-spice-rubbed-skirt-steak-108168,Grilled Spice-Rubbed Skirt Steak ,"3 garlic cloves $ 1 1/2 teaspoons kosher salt $ 1 1/2 teaspoons paprika $ 1 1/2 teaspoons ground cumin $ 1 1/2 teaspoons ground coriander $ 1 teaspoon black pepper $ 1/2 teaspoon ground cinnamon $ Pinch of ground cloves $ 1 tablespoon olive oil $ 2 1/4 pounds skirt steak (2 steaks), each halved crosswise $ Accompaniments: sweet-potato salad with mustard vinaigrette arugula with lemon and olive oil $ a charcoal grill and a bag of hardwood charcoal, or a gas grill $ ",Beef $ Garlic $ Fourth of July $ Backyard BBQ $ Steak $ Spice $ Summer $ Grill $ Grill/Barbecue $ Gourmet $ ,American $ ,3.5/4,54,Beef $ Garlic $ Fourth of July $ Backyard BBQ $ Steak $ Spice $ Summer $ Grill $ Grill/Barbecue $ Gourmet $ American $ 
https://www.epicurious.com/recipes/food/views/chocolate-pecan-tart-108982,Chocolate-Pecan Tart ,"1 2/3 cups all purpose flour $ 1/4 cup sugar $ 1/4 cup slivered almonds $ 10 tablespoons (1 1/4 sticks) chilled unsalted butter, cut into 1/2-inch cubes $ 1 large egg, lightly beaten $ 2/3 cup sugar $ 3 tablespoons light corn syrup $ 1 1/3 cups whipping cream $ 4 ounces imported milk chocolate, chopped $ 1 tablespoon honey $ 2 cups chopped pecans (about 8 ounces), lightly toasted $ 3 ounces bittersweet (not unsweetened) or semisweet chocolate, chopped $ ",Chocolate $ Dessert $ Bake $ Pecan $ Fall $ Winter $ Chill $ Bon Appétit $ Kidney Friendly $ Vegetarian $ Pescatarian $ Peanut Free $ Soy Free $ Kosher $ ,American $ ,3/4,22,Chocolate $ Dessert $ Bake $ Pecan $ Fall $ Winter $ Chill $ Bon Appétit $ Kidney Friendly $ Vegetarian $ Pescatarian $ Peanut Free $ Soy Free $ Kosher $ American $ 
https://www.epicurious.com/recipes/food/views/raspberry-ice-cream-106546,Raspberry Ice Cream ,"2 (10-ounce) boxes frozen raspberries in heavy syrup, thawed $ 2 teaspoons fresh lemon juice $ 1/2 cup sugar $ 1 1/2 teaspoons cornstarch $ 1 1/4 cups whole milk $ 2 large egg yolks $ 1/4 teaspoon vanilla $ 1 cup chilled heavy cream $ an ice cream maker $ ",Milk/Cream $ Dessert $ Raspberry $ Summer $ Gourmet $ ,American $ ,2.5/4,7,Milk/Cream $ Dessert $ Raspberry $ Summer $ Gourmet $ American $ 
https://www.epicurious.com/recipes/food/views/chili-rubbed-baby-back-ribs-with-espresso-barbecue-sauce-108240,Chili-Rubbed Baby Back Ribs with Espresso Barbecue Sauce ,2 tablespoons hot Mexican-style chili powder $ 1 tablespoon paprika $ 1 tablespoon ground cumin $ 1 1/2 teaspoons salt $ 3/4 teaspoon ground black pepper $ 4 pounds baby back pork ribs $ 1 12-ounce bottle dark beer $ 1 18-ounce bottle good-quality barbecue sauce $ 1/2 cup water $ 2 tablespoons (packed) golden brown sugar $ 1 tablespoon instant espresso powder $ ,Beer $ Coffee $ Bake $ Backyard BBQ $ Pork Rib $ Spice $ Summer $ Grill $ Grill/Barbecue $ Bon Appétit $ ,American $ ,3.5/4,205,Beer $ Coffee $ Bake $ Backyard BBQ $ Pork Rib $ Spice $ Summer $ Grill $ Grill/Barbecue $ Bon Appétit $ American $ 
https://www.epicurious.com/recipes/food/views/velvety-chilled-corn-soup-106934,Velvety Chilled Corn Soup ,"6 ears fresh corn, husked $ 6 cups (about) canned low-salt chicken broth $ 3 shallots, chopped $ 1 onion, chopped $ 6 tablespoons crème fraîche or sour cream $ 1/4 cup minced English hothouse cucumber $ 2 tablespoons chopped fresh chives $ ",Soup/Stew $ Milk/Cream $ Lunch $ Corn $ Cucumber $ Summer $ Chill $ Chive $ Shallot $ Bon Appétit $ Wheat/Gluten-Free $ Peanut Free $ Tree Nut Free $ Soy Free $ No Sugar Added $ ,American $ ,3/4,26,Soup/Stew $ Milk/Cream $ Lunch $ Corn $ Cucumber $ Summer $ Chill $ Chive $ Shallot $ Bon Appétit $ Wheat/Gluten-Free $ Peanut Free $ Tree Nut Free $ Soy Free $ No Sugar Added $ American $ 
https://www.epicurious.com/recipes/food/views/grilled-corn-106924,Grilled Corn ,1 or 2 ears corn $ Softened butter for brushing $ ,Vegetable $ Side $ Fourth of July $ Vegetarian $ Backyard BBQ $ Corn $ Summer $ Grill $ Grill/Barbecue $ Healthy $ Gourmet $ ,American $ ,3.5/4,9,Vegetable $ Side $ Fourth of July $ Vegetarian $ Backyard BBQ $ Corn $ Summer $ Grill $ Grill/Barbecue $ Healthy $ Gourmet $ American $ 
https://www.epicurious.com/recipes/food/views/herbed-shrimp-dip-106930,Herbed Shrimp Dip ,"1 pound uncooked large shrimp, unpeeled $ 2 green onions, coarsely chopped $ 1 shallot, chopped $ 2 tablespoons chopped fresh tarragon $ 1 cup mayonnaise $ 1 cup sour cream $ 1/2 teaspoon Worcestershire sauce $ 1/2 teaspoon hot pepper sauce $ ",Condiment/Spread $ Food Processor $ Cocktail Party $ Low Carb $ Quick & Easy $ Buffet $ Mayonnaise $ Shrimp $ Tarragon $ Sour Cream $ Bon Appétit $ ,American $ ,3/4,27,Condiment/Spread $ Food Processor $ Cocktail Party $ Low Carb $ Quick & Easy $ Buffet $ Mayonnaise $ Shrimp $ Tarragon $ Sour Cream $ Bon Appétit $ American $ 
https://www.epicurious.com/recipes/food/views/spicy-grilled-shrimp-with-rice-and-mango-salad-and-sesame-sugar-snap-peas-108236,Spicy Grilled Shrimp with Rice and Mango Salad and Sesame Sugar Snap Peas ,"3 tablespoons vegetable oil $ 2 teaspoons minced fresh ginger $ 1/4 teaspoon dried crushed red pepper $ 16 uncooked jumbo shrimp, peeled, deveined $ 3 tablespoons fresh lime juice $ 2 tablespoons soy sauce $ 3 cups cooked short-grain brown rice (about 1 1/4 cups uncooked) $ 1 mango, peeled, pitted, chopped $ 4 green onions, thinly sliced $ 8 ounces sugar snap peas $ 1 teaspoon oriental sesame oil $ 1 teaspoon sesame seeds $ 4 10- to 12-inch metal skewers $ ",Fruit $ Rice $ Shellfish $ Marinate $ Backyard BBQ $ Mango $ Shrimp $ Summer $ Grill $ Grill/Barbecue $ Healthy $ Sesame $ Sugar Snap Pea $ Bon Appétit $ ,American $ Asian $ ,3.5/4,75,Fruit $ Rice $ Shellfish $ Marinate $ Backyard BBQ $ Mango $ Shrimp $ Summer $ Grill $ Grill/Barbecue $ Healthy $ Sesame $ Sugar Snap Pea $ Bon Appétit $ American $ Asian $ 
https://www.epicurious.com/recipes/food/views/grilled-ham-and-three-cheese-sandwiches-108298,Grilled Ham and Three-Cheese Sandwiches ,8 5x3x1/2-inch slices sourdough bread $ 1 cup (packed) grated whole-milk mozzarella cheese $ 8 tablespoons chopped drained roasted red peppers from jar $ 4 teaspoons minced fresh thyme $ 8 tablespoons freshly grated Parmesan cheese $ 4 tablespoons crumbled soft fresh goat cheese $ 4 thin slices smoked ham $ 4 tablespoons (1/2 stick) butter $ ,Sandwich $ Cheese $ Pork $ Quick & Easy $ Goat Cheese $ Mozzarella $ Parmesan $ Ham $ Summer $ Grill/Barbecue $ Bon Appétit $ ,American $ ,3.5/4,2,Sandwich $ Cheese $ Pork $ Quick & Easy $ Goat Cheese $ Mozzarella $ Parmesan $ Ham $ Summer $ Grill/Barbecue $ Bon Appétit $ American $ 
https://www.epicurious.com/recipes/food/views/crab-cakes-with-avocado-salad-104793,Crab Cakes with Avocado Salad ,"3 tablespoons corn oil $ 1 cup finely chopped red onion $ 1 tablespoon minced peeled fresh ginger $ 1 garlic clove, minced $ 1/2 teaspoon ground cumin $ 1/4 teaspoon ground turmeric $ 1/2 cup chopped tomato $ 8 ounces crabmeat, well drained $ 1 1/2 cupspanko (Japanese breadcrumbs)* $ 6 tablespoons chopped fresh cilantro $ 5 teaspoons fresh lime juice $ 1 tablespoon minced fresh chives $ 1 teaspoon grated lime peel $ 1/4 teaspoon cayenne pepper $ 1 egg, beaten to blend $ 2 small avocados, peeled, pitted, diced $ ",Salad $ Ginger $ Fry $ Lunch $ Lime $ Crab $ Spice $ Avocado $ Spring $ Cilantro $ Bon Appétit $ Sugar Conscious $ Pescatarian $ Dairy Free $ Peanut Free $ Tree Nut Free $ Soy Free $ ,American $ ,3.5/4,21,Salad $ Ginger $ Fry $ Lunch $ Lime $ Crab $ Spice $ Avocado $ Spring $ Cilantro $ Bon Appétit $ Sugar Conscious $ Pescatarian $ Dairy Free $ Peanut Free $ Tree Nut Free $ Soy Free $ American $ 
https://www.epicurious.com/recipes/food/views/heirloom-tomato-salad-106909,Heirloom Tomato Salad ,"1 1/2 tablespoons red-wine vinegar $ 3/4 teaspoon salt $ 1/2 teaspoon Dijon mustard $ 1/4 teaspoon black pepper $ 1/4 cup olive or vegetable oil $ 3 pounds mixed heirloom tomatoes, halved if small or cut into 1/2-inch wedges if medium or large $ ",Salad $ Mustard $ Tomato $ Side $ No-Cook $ Vegetarian $ Quick & Easy $ Vinegar $ Summer $ Healthy $ Vegan $ Raw $ Gourmet $ Pescatarian $ Paleo $ Dairy Free $ Wheat/Gluten-Free $ Peanut Free $ Tree Nut Free $ Soy Free $ No Sugar Added $ Kosher $ ,American $ ,3/4,10,Salad $ Mustard $ Tomato $ Side $ No-Cook $ Vegetarian $ Quick & Easy $ Vinegar $ Summer $ Healthy $ Vegan $ Raw $ Gourmet $ Pescatarian $ Paleo $ Dairy Free $ Wheat/Gluten-Free $ Peanut Free $ Tree Nut Free $ Soy Free $ No Sugar Added $ Kosher $ American $ 
https://www.epicurious.com/recipes/food/views/root-vegetable-gratin-109030,Root Vegetable Gratin ,"Unsalted butter for greasing baking pan $ 1 cup heavy cream $ 1/2 cup whole milk $ 1 teaspoon fresh thyme $ 1 teaspoon salt $ 1/2 teaspoon black pepper $ 1 lb celery root (sometimes called celeriac) $ 1 lb carrots (4 large) $ 2 tablespoons all-purpose flour $ 2 oz Gruyère, coarsely grated (1/2 cup) $ ",Milk/Cream $ Cheese $ Vegetable $ Side $ Bake $ Broil $ Christmas $ Vegetarian $ Quick & Easy $ Casserole/Gratin $ Winter $ Family Reunion $ Thyme $ Christmas Eve $ Simmer $ Gourmet $ ,American $ Northern Italian $ ,1.5/4,4,Milk/Cream $ Cheese $ Vegetable $ Side $ Bake $ Broil $ Christmas $ Vegetarian $ Quick & Easy $ Casserole/Gratin $ Winter $ Family Reunion $ Thyme $ Christmas Eve $ Simmer $ Gourmet $ American $ Northern Italian $ 
https://www.epicurious.com/recipes/food/views/chocolate-syrup-107781,Chocolate Syrup ,"1 cup water $ 1/2 cup sugar $ 2/3 cup unsweetened cocoa powder, preferably Dutch-process $ 1/4 teaspoon salt $ 1 teaspoon vanilla $ ",Condiment/Spread $ Sauce $ Chocolate $ Quick & Easy $ Boil $ Gourmet $ ,American $ ,3.5/4,15,Condiment/Spread $ Sauce $ Chocolate $ Quick & Easy $ Boil $ Gourmet $ American $ 
https://www.epicurious.com/recipes/food/views/caesar-coleslaw-108278,Caesar Coleslaw ,"1 cup mayonnaise $ 1/3 cup fresh lemon juice $ 9 anchovy fillets, finely chopped $ 3 garlic cloves, minced $ 1 2 1/4-pound head of savoy cabbage, halved, cored, very thinly sliced (about 16 cups) $ 16 green onions, thinly sliced $ 1/2 cup (packed) freshly grated Parmesan cheese $ ",Salad $ Cheese $ Vegetable $ Side $ No-Cook $ Condiment $ Mayonnaise $ Parmesan $ Summer $ Cabbage $ Bon Appétit $ Sugar Conscious $ Pescatarian $ Wheat/Gluten-Free $ Peanut Free $ Tree Nut Free $ Soy Free $ Kosher $ ,American $ ,3.5/4,31,Salad $ Cheese $ Vegetable $ Side $ No-Cook $ Condiment $ Mayonnaise $ Parmesan $ Summer $ Cabbage $ Bon Appétit $ Sugar Conscious $ Pescatarian $ Wheat/Gluten-Free $ Peanut Free $ Tree Nut Free $ Soy Free $ Kosher $ American $ 
https://www.epicurious.com/recipes/food/views/raspberry-melba-sauce-106721,Raspberry Melba Sauce ,2 cups raspberries $ 1/2 cup confectioners' sugar $ 1 tablespoon fresh lemon juice $ 1/4 cup apple juice $ ,Sauce $ Berry $ Citrus $ No-Cook $ Raspberry $ Lemon $ Apple $ Summer $ Parade $ ,American $ ,4/4,1,Sauce $ Berry $ Citrus $ No-Cook $ Raspberry $ Lemon $ Apple $ Summer $ Parade $ American $ 
https://www.epicurious.com/recipes/food/views/saffron-rice-pilaf-with-apricots-and-almonds-2807,Saffron Rice Pilaf with Apricots and Almonds ,"1/4 cup (1/2 stick) butter $ 1 onion, chopped $ 1/8 teaspoon ground saffron $ 1/4 teaspoon ground cloves $ 1 1/2 cups long-grain white rice $ 3 cups chicken stock of canned broth $ 1/2 cup dried apricots, quartered (about 3 ounces) $ 1/4 cup dried currants $ 1/2 cup slivered almonds (about 2 ounces), toasted $ ",Rice $ Side $ Quick & Easy $ Low/No Sugar $ Apricot $ Almond $ Saffron $ Bon Appétit $ Wheat/Gluten-Free $ Peanut Free $ Soy Free $ No Sugar Added $ ,American $ ,4/4,22,Rice $ Side $ Quick & Easy $ Low/No Sugar $ Apricot $ Almond $ Saffron $ Bon Appétit $ Wheat/Gluten-Free $ Peanut Free $ Soy Free $ No Sugar Added $ American $ 
https://www.epicurious.com/recipes/food/views/herbed-shallot-stuffing-104260,Herbed Shallot Stuffing ,2 cups finely chopped shallot $ 1 cup unsalted butter $ 10 cups coarse fresh bread crumbs (from 2 long baguettes; 1 lb total) $ 3 tablespoons chopped fresh tarragon $ 3 tablespoons chopped fresh chives $ 3 tablespoons chopped fresh flat-leaf parsley $ 1 tablespoon kosher salt $ 1 teaspoon black pepper $ 3 tablespoons Cognac $ 1 to 1 1/2 cups chicken broth $ ,Herb $ Side $ Bake $ Thanksgiving $ Fall $ Gourmet $ Peanut Free $ Tree Nut Free $ Soy Free $ ,American $ ,3.5/4,21,Herb $ Side $ Bake $ Thanksgiving $ Fall $ Gourmet $ Peanut Free $ Tree Nut Free $ Soy Free $ American $ 
https://www.epicurious.com/recipes/food/views/smoked-sea-scallops-with-balsamic-glaze-on-sauteed-spinach-with-pancetta-104640,Smoked Sea Scallops with Balsamic Glaze on Sauteed Spinach with Pancetta ,1/2 teaspoon coriander seeds $ 1/4 teaspoon white peppercorns $ 6 whole cloves $ 1 cup sugar $ 2 cups kosher salt $ 1/4 cup chopped fresh cilantro $ 2 tablespoons finely grated fresh lemon zest $ 16 large sea scallops (1 1/4 to 1 1/2 lb) $ 1/3 cup balsamic vinegar $ 1/2 tablespoon vegetable oil $ Accompaniment: sautéed spinach with pancetta $ a stovetop smoker/cooker and 3 tablespoons fine wood chips such as oak or hickory $ ,Garlic $ Pork $ Appetizer $ Marinate $ Sauté $ Vinegar $ Scallop $ Spinach $ Smoker $ Cilantro $ Gourmet $ Pescatarian $ Dairy Free $ Wheat/Gluten-Free $ Peanut Free $ Tree Nut Free $ Soy Free $ ,American $ ,2.5/4,14,Garlic $ Pork $ Appetizer $ Marinate $ Sauté $ Vinegar $ Scallop $ Spinach $ Smoker $ Cilantro $ Gourmet $ Pescatarian $ Dairy Free $ Wheat/Gluten-Free $ Peanut Free $ Tree Nut Free $ Soy Free $ American $ 
https://www.epicurious.com/recipes/food/views/holiday-fruit-parfait-104483,Holiday Fruit Parfait ,"1 1/2 cups cranberries (about 6 ounces) $ 1/3 cup water $ 3 tablespoons sugar $ 1 1/2 cups chunky-style applesauce $ 4 to 5 kiwis, peeled, cut into 1/4-inch-thick rounds $ 4 to 6 tangerines, peeled, segmented, seeded if desired $ 3 cups 1/2-inch cubes fresh pineapple (from 1/2 large pineapple) $ 3 cups vanilla yogurt $ 1/4 teaspoon ground cinnamon $ Tangerine peel strips (optional) $ ",Fruit $ Breakfast $ Brunch $ Christmas $ Yogurt $ Winter $ Chill $ Bon Appétit $ Vegetarian $ Pescatarian $ Wheat/Gluten-Free $ Peanut Free $ Tree Nut Free $ Soy Free $ Kosher $ ,American $ ,3/4,20,Fruit $ Breakfast $ Brunch $ Christmas $ Yogurt $ Winter $ Chill $ Bon Appétit $ Vegetarian $ Pescatarian $ Wheat/Gluten-Free $ Peanut Free $ Tree Nut Free $ Soy Free $ Kosher $ American $ 
https://www.epicurious.com/recipes/food/views/vinegar-pie-106550,Vinegar Pie ,Flaky pastry dough $ 2 large eggs $ 1 cup sugar $ 1 tablespoon all-purpose flour $ 1 cup cold water $ 2 tablespoons cider vinegar $ Cinnamon for dusting $ Accompaniment: lightly sweetened whipped cream $ a 9- to 9 1/2-inch round fluted tart pan (1 inch deep) with removable bottom; pie weights or raw rice $ ,Egg $ Dessert $ Bake $ Spring $ Gourmet $ Kidney Friendly $ Vegetarian $ Pescatarian $ Peanut Free $ Tree Nut Free $ Soy Free $ Kosher $ ,American $ ,3/4,10,Egg $ Dessert $ Bake $ Spring $ Gourmet $ Kidney Friendly $ Vegetarian $ Pescatarian $ Peanut Free $ Tree Nut Free $ Soy Free $ Kosher $ American $ 
https://www.epicurious.com/recipes/food/views/deviled-eggs-106562,Deviled Eggs ,6 large eggs $ 1/4 cup mayonnaise $ 1 teaspoon Dijon mustard $ 1/8 teaspoon cayenne $ Garnishes: paprika*; chopped fresh chives $ N/A fresh chives $ a pastry bag fitted with 1/2-inch star tip (optional) $ ,Egg $ Appetizer $ Cocktail Party $ Super Bowl $ Vegetarian $ Quick & Easy $ Halloween $ Summer $ Poker/Game Night $ Shower $ Gourmet $ Sugar Conscious $ Kidney Friendly $ Pescatarian $ Paleo $ Dairy Free $ Wheat/Gluten-Free $ Peanut Free $ Tree Nut Free $ Soy Free $ Kosher $ ,American $ ,3.5/4,62,Egg $ Appetizer $ Cocktail Party $ Super Bowl $ Vegetarian $ Quick & Easy $ Halloween $ Summer $ Poker/Game Night $ Shower $ Gourmet $ Sugar Conscious $ Kidney Friendly $ Pescatarian $ Paleo $ Dairy Free $ Wheat/Gluten-Free $ Peanut Free $ Tree Nut Free $ Soy Free $ Kosher $ American $ 
https://www.epicurious.com/recipes/food/views/dried-fruit-compote-with-vanilla-and-orange-107770,Dried-Fruit Compote with Vanilla and Orange ,"1 navel or juice orange $ 1 1/2 cups dry white wine $ 2/3 cup sugar $ 2 cups water $ 1 vanilla bean, halved lengthwise $ 1/2 lb dried figs (preferably Calimyrna; about 1 cup) $ 1/2 lb dried apricots (about 1 1/3 cups) $ 1/2 lb pitted prunes (about 1 1/4 cups) $ Accompaniment: lightly sweetened low-fat sour cream (optional) $ ",Dessert $ Low Fat $ Quick & Easy $ Orange $ Prune $ Fig $ White Wine $ Winter $ Healthy $ Gourmet $ Fat Free $ Vegan $ Vegetarian $ Pescatarian $ Dairy Free $ Wheat/Gluten-Free $ Peanut Free $ Tree Nut Free $ Soy Free $ Kosher $ ,American $ ,3.5/4,4,Dessert $ Low Fat $ Quick & Easy $ Orange $ Prune $ Fig $ White Wine $ Winter $ Healthy $ Gourmet $ Fat Free $ Vegan $ Vegetarian $ Pescatarian $ Dairy Free $ Wheat/Gluten-Free $ Peanut Free $ Tree Nut Free $ Soy Free $ Kosher $ American $ 
https://www.epicurious.com/recipes/food/views/coconut-orange-snowballs-108975,Coconut-Orange Snowballs ,"1 1/4 cups sweetened flaked coconut $ 1 cup (2 sticks) unsalted butter, room temperature $ 2 1/4 cups sifted powdered sugar (sifted, then measured) $ 1 1/2 teaspoons vanilla extract $ 3/4 teaspoon coconut extract $ 2 1/4 cups all purpose flour $ 1 1/2 tablespoons grated orange peel $ 1/2 teaspoon salt $ ",Cookies $ Bake $ Christmas $ Orange $ Coconut $ Winter $ Bon Appétit $ ,American $ ,3.5/4,52,Cookies $ Bake $ Christmas $ Orange $ Coconut $ Winter $ Bon Appétit $ American $ 
https://www.epicurious.com/recipes/food/views/sesame-chicken-salad-107070,Sesame Chicken Salad ,"1/4 cup (about) vegetable oil $ 3 tablespoons unseasoned rice vinegar $ 4 tablespoons minced fresh ginger $ 1 tablespoon Dijon mustard $ 1/2 cup Dijon mustard $ 1/3 cup pure maple syrup $ 1 1/3 pounds chicken tenders $ 2/3 cup sesame seeds (preferably a mixture of black and white) $ 3 tablespoons (about) vegetable oil $ 1 5-ounce bag mixed greens $ 1/2 English hothouse cucumber, unpeeled, sliced thinly into rounds $ 2 large tomatoes, each cut into 8 wedges $ ",Salad $ Chicken $ Ginger $ Leafy Green $ Tomato $ Sauté $ Kid-Friendly $ Quick & Easy $ Lunch $ Cucumber $ Sesame $ Maple Syrup $ Bon Appétit $ Dairy Free $ Wheat/Gluten-Free $ Peanut Free $ Tree Nut Free $ Soy Free $ ,American $ ,3/4,19,Salad $ Chicken $ Ginger $ Leafy Green $ Tomato $ Sauté $ Kid-Friendly $ Quick & Easy $ Lunch $ Cucumber $ Sesame $ Maple Syrup $ Bon Appétit $ Dairy Free $ Wheat/Gluten-Free $ Peanut Free $ Tree Nut Free $ Soy Free $ American $ 
https://www.epicurious.com/recipes/food/views/kidney-bean-salad-with-walnuts-and-cilantro-108281,Kidney Bean Salad with Walnuts and Cilantro ,"2 teaspoons cumin seeds $ 7 tablespoons red wine vinegar $ 6 tablespoons olive oil $ 5 15- to 16-ounce cans kidney beans, rinsed, drained $ 1 medium-size red onion, finely chopped $ 1 1/2 cups walnuts, coarsely chopped $ 1/2 cup chopped fresh cilantro, plus additional for garnish $ Romaine lettuce leaves $ Additional chopped walnuts $ ",Salad $ Bean $ Herb $ Nut $ No-Cook $ Walnut $ Summer $ Bon Appétit $ ,American $ ,3/4,12,Salad $ Bean $ Herb $ Nut $ No-Cook $ Walnut $ Summer $ Bon Appétit $ American $ 
https://www.epicurious.com/recipes/food/views/parsley-garlic-butter-109355,Parsley Garlic Butter ,"1 stick (1/2 cup) unsalted butter, softened $ 1/2 cup finely chopped fresh flat-leaf parsley $ 2 tablespoons minced shallot $ 2 tablespoons fresh lemon juice $ 1/2 teaspoon minced garlic $ 1 teaspoon salt $ 1/4 teaspoon black pepper $ ",Condiment/Spread $ Food Processor $ Garlic $ Herb $ No-Cook $ Quick & Easy $ Parsley $ Gourmet $ ,American $ French $ ,4/4,11,Condiment/Spread $ Food Processor $ Garlic $ Herb $ No-Cook $ Quick & Easy $ Parsley $ Gourmet $ American $ French $ 
https://www.epicurious.com/recipes/food/views/hot-and-sour-coleslaw-109540,Hot-and-Sour Coleslaw ,"1 small head cabbage (2 lb), quartered, cored, and thinly sliced $ 1/2 lb carrots (3 medium), shredded $ 1/3 cup finely chopped scallions $ 1 3/4 teaspoons salt $ 1/4 cup cider vinegar $ 1/4 cup sugar $ 2 tablespoons finely chopped peeled fresh ginger $ 1/2 teaspoon dried hot red pepper flakes $ ",Ginger $ Side $ No-Cook $ Quick & Easy $ Vinegar $ Carrot $ Summer $ Cabbage $ Gourmet $ ,American $ ,3.5/4,17,Ginger $ Side $ No-Cook $ Quick & Easy $ Vinegar $ Carrot $ Summer $ Cabbage $ Gourmet $ American $ 
https://www.epicurious.com/recipes/food/views/chocolate-peanut-butter-chip-fudge-cookies-109278,Chocolate-Peanut Butter Chip Fudge Cookies ,"3/4 cup chopped walnuts $ 1/2 cup plus 2 tablespoons all purpose flour $ 1/2 cup sweetened flaked coconut, lightly toasted $ 1/2 teaspoon baking powder $ 1/2 teaspoon salt $ 1/2 cup (1 stick) unsalted butter, room temperature $ 6 ounces unsweetened chocolate, chopped $ 2 cups semisweet chocolate chips (about 12 ounces), divided $ 4 teaspoons instant coffee crystals $ 1 tablespoon vanilla extract $ 1 1/2 cups sugar $ 4 large eggs $ 1/2 cup peanut butter chips $ ",Cookies $ Coffee $ Mixer $ Chocolate $ Nut $ Bake $ Kid-Friendly $ Back to School $ Peanut $ Walnut $ Bon Appétit $ New Jersey $ ,American $ ,3.5/4,30,Cookies $ Coffee $ Mixer $ Chocolate $ Nut $ Bake $ Kid-Friendly $ Back to School $ Peanut $ Walnut $ Bon Appétit $ New Jersey $ American $ 
https://www.epicurious.com/recipes/food/views/clams-with-jalapeno-lemon-and-basil-109686,"Clams with Jalapeño, Lemon, and Basil ","1/4 cup (1/2 stick) butter $ 3 garlic cloves, minced $ 1 tablespoon minced jalapeño chiles $ 1 cup canned tomato sauce $ 1/2 cup dry white wine $ 2 tablespoons fresh lemon juice $ 6 pounds littleneck clams, scrubbed $ 1/2 cup chopped fresh basil $ 1 1/2 tablespoons grated lemon peel $ ",Garlic $ Pepper $ Steam $ Low Carb $ Quick & Easy $ Lemon $ Basil $ Clam $ White Wine $ Summer $ Bon Appétit $ ,American $ ,3.5/4,32,Garlic $ Pepper $ Steam $ Low Carb $ Quick & Easy $ Lemon $ Basil $ Clam $ White Wine $ Summer $ Bon Appétit $ American $ 
https://www.epicurious.com/recipes/food/views/childhood-gingerbread-with-molasses-109361,Childhood Gingerbread with Molasses ,"2 cups all-purpose flour $ 2 teaspoons baking powder $ 1 teaspoon cinnamon $ 1 teaspoon powdered ginger, or up to 2 teaspoons for a stronger ginger bite $ 1/2 teaspoon allspice $ 1 cup blackstrap molasses or dark molasses $ 1 cup boiling water $ 1/2 cup packed light brown sugar $ 8 tablespoons (1 stick) salted butter (if using unsalted butter, add 1/4 teaspoon salt to the dry ingredients), cut into small chunks, softened $ 2 large or extra-large eggs, at room temperature $ ",Cake $ Ginger $ Dessert $ Bake $ Christmas $ Kid-Friendly $ Winter $ Cinnamon $ Molasses $ Vegetarian $ Pescatarian $ Peanut Free $ Tree Nut Free $ Soy Free $ Kosher $ ,American $ ,3/4,8,Cake $ Ginger $ Dessert $ Bake $ Christmas $ Kid-Friendly $ Winter $ Cinnamon $ Molasses $ Vegetarian $ Pescatarian $ Peanut Free $ Tree Nut Free $ Soy Free $ Kosher $ American $ 
https://www.epicurious.com/recipes/food/views/curly-endive-salad-with-cranberry-bacon-vinaigrette-and-blue-cheese-pastries-845,Curly Endive Salad with Cranberry-Bacon Vinaigrette and Blue Cheese Pastries ,"1 sheet frozen puff pastry (half of 17 1/4-ounce package), thawed $ 1 egg, beaten to blend (glaze) $ 9 smoked bacon slices, chopped $ 1/3 cup minced shallots $ 1 cup ruby Port $ 1/2 cup dried cranberries $ 1 tablespoon balsamic vinegar $ 6 heaping tablespoons crumbled blue cheese $ 9 cups bite-size curly endive $ ",Salad $ Side $ Bake $ Sauté $ Thanksgiving $ Blue Cheese $ Cranberry $ Bacon $ Endive $ Bon Appétit $ Peanut Free $ Tree Nut Free $ Soy Free $ ,American $ ,3.5/4,7,Salad $ Side $ Bake $ Sauté $ Thanksgiving $ Blue Cheese $ Cranberry $ Bacon $ Endive $ Bon Appétit $ Peanut Free $ Tree Nut Free $ Soy Free $ American $ 
https://www.epicurious.com/recipes/food/views/port-basted-roast-turkey-with-pan-gravy-2764,Port-Basted Roast Turkey with Pan Gravy ,"1 13- to 14-pound turkey; neck, gizzard and heart reserved for Gravy Base $ 9 tablespoons butter, room temperature $ 1 1/2 cups (or more) canned low-salt chicken broth $ 1/2 cup tawny Port $ 1 cup water $ 1 medium onion, coarsely chopped $ 1 large carrot, coarsely chopped $ 1 medium Granny Smith apple, peeled, cored, coarsely chopped $ Gravy Base $ 3 tablespoons all purpose flour $ ",Poultry $ turkey $ Roast $ Christmas $ Thanksgiving $ Port $ Fall $ Bon Appétit $ ,American $ ,4/4,19,Poultry $ turkey $ Roast $ Christmas $ Thanksgiving $ Port $ Fall $ Bon Appétit $ American $ 
https://www.epicurious.com/recipes/food/views/moms-hearty-chicken-and-rice-soup-103109,Mom's Hearty Chicken and Rice Soup ,"8 cups water $ 2 chicken breast halves; skin and fat removed $ 2 whole chicken legs with thighs; skin and fat removed $ 3 carrots, peeled, halved crosswise $ 3 celery stalks, quartered crosswise $ 1 onion, sliced $ 2 teaspoons salt $ 2 garlic cloves, chopped $ 1 bay leaf $ 3/4 cup uncooked long-grain white rice $ Chopped fresh parsley $ ",Soup/Stew $ Chicken $ Garlic $ Poultry $ Rice $ Kid-Friendly $ Back to School $ Dinner $ Lunch $ Spring $ Healthy $ Bon Appétit $ ,American $ ,3.5/4,54,Soup/Stew $ Chicken $ Garlic $ Poultry $ Rice $ Kid-Friendly $ Back to School $ Dinner $ Lunch $ Spring $ Healthy $ Bon Appétit $ American $ 
https://www.epicurious.com/recipes/food/views/honey-apple-pie-with-orange-lattice-crust-5167,Honey Apple Pie with Orange Lattice Crust ,"2 cups all purpose flour $ 1/2 teaspoon sugar $ 1/2 teaspoon salt $ 3/4 cup (1 1/2 sticks) chilled unsalted butter, cut into 1/2-inch pieces $ 2 tablespoons chilled vegetable shortening, cut into 1/2-inch pieces $ 6 to 7 tablespoons chilled orange juice $ 2 generous tablespoons coarsely chopped dried tart cherries $ 2 generous tablespoons finely chopped dried apricots $ 2 generous tablespoons finely chopped dried peaches $ 2 tablespoons orange juice $ 2 1/2 pounds Golden Delicious apples, peeled, cored, thinly sliced $ 3 1/2 tablespoons all purpose flour $ 1/2 teaspoon ground cinnamon $ 1/2 teaspoon ground cardamom $ 1/4 cup honey $ 1/4 cup (1/2 stick) unsalted butter, melted $ 1 tablespoon grated orange peel $ ",Dessert $ Bake $ Thanksgiving $ Orange $ Apple $ Apricot $ Cherry $ Peach $ Fall $ Honey $ Bon Appétit $ Vegetarian $ Pescatarian $ Peanut Free $ Tree Nut Free $ Soy Free $ Kosher $ ,American $ ,3.5/4,8,Dessert $ Bake $ Thanksgiving $ Orange $ Apple $ Apricot $ Cherry $ Peach $ Fall $ Honey $ Bon Appétit $ Vegetarian $ Pescatarian $ Peanut Free $ Tree Nut Free $ Soy Free $ Kosher $ American $ 
https://www.epicurious.com/recipes/food/views/roast-turkey-with-sherry-wine-vinegar-gravy-5008,Roast Turkey with Sherry Wine Vinegar Gravy ,"1 14- to 16-pound turkey $ 1/2 cup Sherry wine vinegar $ 1/4 cup orange juice $ Currant Pecan Stuffing $ 6 tablespoons (3/4 stick) unsalted butter, room temperature $ 6 tablespoons all purpose flour $ 3 cups chicken stock or canned low-salt broth $ ",Wine $ Poultry $ turkey $ Roast $ Christmas $ Thanksgiving $ Vinegar $ Fortified Wine $ Sherry $ Fall $ Winter $ Christmas Eve $ Bon Appétit $ ,American $ ,3.5/4,4,Wine $ Poultry $ turkey $ Roast $ Christmas $ Thanksgiving $ Vinegar $ Fortified Wine $ Sherry $ Fall $ Winter $ Christmas Eve $ Bon Appétit $ American $ 
https://www.epicurious.com/recipes/food/views/dark-hot-fudge-sauce-13726,Dark Hot Fudge Sauce ,"2/3 cup heavy cream $ 3/4 cup firmly packed brown sugar $ 2 ounces unsweetened chocolate, chopped fine $ 2 tablespoons unsalted butter $ 2 tablespoons light syrup $ 1 1/2 teaspoons vanilla $ 1/8 teaspoon salt $ ",Sauce $ Chocolate $ Dairy $ Dessert $ Quick & Easy $ Gourmet $ Vegetarian $ Pescatarian $ Wheat/Gluten-Free $ Peanut Free $ Tree Nut Free $ Soy Free $ Kosher $ ,American $ ,3/4,6,Sauce $ Chocolate $ Dairy $ Dessert $ Quick & Easy $ Gourmet $ Vegetarian $ Pescatarian $ Wheat/Gluten-Free $ Peanut Free $ Tree Nut Free $ Soy Free $ Kosher $ American $ 
https://www.epicurious.com/recipes/food/views/corn-and-potato-chowder-2518,Corn and Potato Chowder ,"2 bacon slices, chopped $ 1 small onion, chopped $ 1 russet potato, peeled, cut into 1/2-inch cubes $ 1/2 red bell pepper, chopped $ 2 cups (or more) whole milk $ 1 15-ounce can creamed corn $ 1 cup fresh or frozen corn kernels $ 1 tablespoon chopped fresh thyme or 1 teaspoon dried $ Chopped fresh thyme $ ",Soup/Stew $ Potato $ Bacon $ Corn $ Fall $ Bon Appétit $ ,American $ ,3.5/4,41,Soup/Stew $ Potato $ Bacon $ Corn $ Fall $ Bon Appétit $ American $ 
https://www.epicurious.com/recipes/food/views/ham-biscuits-10429,Ham Biscuits ,"2 cups all-purpose flour $ 1 tablespoon double-acting baking powder $ 1/2 teaspoon salt $ 1 1/4 cups heavy cream plus additional for brushing the rounds $ unsalted butter, softened, for spreading on the biscuits $ 1/4 cup firmly packed brown sugar, or to taste $ about 1/2 pound thinly sliced cooked country ham, such as Smithfield $ ",Sandwich $ Bake $ Picnic $ Kid-Friendly $ Lunch $ Buffet $ Ham $ Gourmet $ ,American $ ,2/4,7,Sandwich $ Bake $ Picnic $ Kid-Friendly $ Lunch $ Buffet $ Ham $ Gourmet $ American $ 
https://www.epicurious.com/recipes/food/views/clam-potato-and-bacon-potpie-10290,"Clam, Potato, and Bacon Potpie ","6 slices of lean bacon $ 2 tablespoons unsalted butter $ 1 onion, chopped fine $ 3 tablespoons all-purpose flour $ 1 cup heavy cream $ 1 cup milk $ 1 pint shucked hard-shell clams, chopped coarse, reserving 1/4 cup of the liquor $ 1/4 teaspoon Worcestershire sauce $ 3 boiling potatoes, cooked, peeled, and cut into 1/2-inch cubes $ 1/4 teaspoon dried thyme, crumbled $ 2 tablespoons finely chopped fresh parsley leaves $ 1 teaspoon fresh lemon juice $ 2 recipes pâte brisée $ an egg wash made by beating 1 large egg with 2 teaspoons water $ ",Milk/Cream $ Dairy $ Potato $ Shellfish $ Bake $ Bacon $ Seafood $ Clam $ Fall $ Summer $ Gourmet $ ,American $ New England $ ,3.5/4,4,Milk/Cream $ Dairy $ Potato $ Shellfish $ Bake $ Bacon $ Seafood $ Clam $ Fall $ Summer $ Gourmet $ American $ New England $ 
https://www.epicurious.com/recipes/food/views/meat-loaf-with-mustard-and-dried-fruit-15538,Meat Loaf with Mustard and Dried Fruit ,10 ounces lean ground beef $ 1/2 cup breadcrumbs made from whole wheat bread $ 1/4 cup chopped mixed dried fruits or chopped dried apricots $ 1 large egg $ 3 tablespoons chopped shallots $ 2 tablespoons Dijon mustard $ 1 teaspoon crumbled dried sage leaves $ 1/2 teaspoon salt $ 1/4 teaspoon ground black pepper $ 2 tablespoons apricot preserves $ ,Mustard $ Bake $ Quick & Easy $ Dried Fruit $ Ground Beef $ Fall $ Sage $ Bon Appétit $ ,American $ ,3.5/4,26,Mustard $ Bake $ Quick & Easy $ Dried Fruit $ Ground Beef $ Fall $ Sage $ Bon Appétit $ American $ 
https://www.epicurious.com/recipes/food/views/gumbo-zherbes-with-red-beans-14272,Gumbo Z'herbes with Red Beans ,"1/3 cup vegetable oil $ 1/2 cup bread flour $ 2 large onions, chopped $ 1 large green pepper, chopped $ 3 celery ribs, chopped $ 7 quarts water $ 1 bunch carrot tops, coarse stems discarded and leaves washed and drained (about 5 cups packed) $ 5 bunches assorted greens such as beet greens, Swiss chard, kale, collards, mustard greens, turnip greens, and/or spinach, coarse stems discarded and remainder washed and drained $ 1 pound dried red kidney beans (about 2 1/2 cups), picked over $ 6 large garlic cloves $ Accompaniment:Cajun-style White Rice $ ",Bean $ Garlic $ Leafy Green $ Onion $ Vegetable $ Vegetarian $ High Fiber $ Winter $ Gourmet $ ,American $ Cajun/Creole $ ,2.5/4,13,Bean $ Garlic $ Leafy Green $ Onion $ Vegetable $ Vegetarian $ High Fiber $ Winter $ Gourmet $ American $ Cajun/Creole $ 
https://www.epicurious.com/recipes/food/views/baked-scrod-with-piquant-onion-and-bacon-crust-11706,Baked Scrod with Piquant Onion and Bacon Crust ,"2 slices of bacon, chopped $ 1/2 cup finely chopped onion $ 1/2 cup coarse fresh bread crumbs $ 1 1/2 tablespoons minced dill pickle $ 3/4 pound scrod (young cod or haddock) fillet $ 1 teaspoon mayonnaise $ ",Fish $ Onion $ Bake $ Quick & Easy $ Bacon $ Gourmet $ ,American $ ,3/4,32,Fish $ Onion $ Bake $ Quick & Easy $ Bacon $ Gourmet $ American $ 
https://www.epicurious.com/recipes/food/views/grilled-cheddar-and-bacon-on-raisin-bread-10058,Grilled Cheddar and Bacon on Raisin Bread ,"3 tablespoons unsalted butter, softened $ 8 slices raisin bread $ 1/2 pound thinly sliced extra-sharp Cheddar cheese (use a cheese plane if possible) $ 8 slices bacon, cooked until crisp and drained on paper towels $ ",Sandwich $ Kid-Friendly $ Quick & Easy $ Lunch $ Cheddar $ Bacon $ Pan-Fry $ Gourmet $ Sugar Conscious $ Peanut Free $ Tree Nut Free $ Soy Free $ ,American $ ,3/4,3,Sandwich $ Kid-Friendly $ Quick & Easy $ Lunch $ Cheddar $ Bacon $ Pan-Fry $ Gourmet $ Sugar Conscious $ Peanut Free $ Tree Nut Free $ Soy Free $ American $ 
https://www.epicurious.com/recipes/food/views/wellesley-fudge-cupcakes-11711,Wellesley Fudge Cupcakes ,"1 ounce unsweetened chocolate, chopped fine $ 3 tablespoons hot water $ 3 tablespoons unsalted butter, softened $ 1/2 cup firmly packed light brown sugar $ 1 large egg yolk $ 1/2 cup all-purpose flour $ 1/2 teaspoon double-acting baking powder $ 1/8 teaspoon salt $ 2 tablespoons milk $ 1/2 teaspoon vanilla $ 1 ounce unsweetened chocolate, chopped fine $ 1/2 tablespoon unsalted butter $ 1/2 cup confectioners' sugar $ 2 teaspoons milk plus additional to thin the frosting $ 1/2 teaspoon vanilla $ ",Cake $ Chocolate $ Dessert $ Bake $ Quick & Easy $ Gourmet $ ,American $ ,3/4,30,Cake $ Chocolate $ Dessert $ Bake $ Quick & Easy $ Gourmet $ American $ 
https://www.epicurious.com/recipes/food/views/watermelon-sorbet-with-chocolate-seeds-12499,Watermelon Sorbet with Chocolate Seeds ,"a 3 1/2-to 4-pound piece of watermelon (about a quarter of a large watermelon that has been halved lengthwise and crosswise) $ 1 1/2 ounces fine-quality bittersweet chocolate (not unsweetened), chopped $ 1 cup sugar $ 1/4 cup fresh lime juice $ 2 tablespoons Sambuca or other anise-flavored liqueur if desired $ ",Liqueur $ Ice Cream Machine $ Chocolate $ Fruit $ Dessert $ Fourth of July $ Wheat/Gluten-Free $ Frozen Dessert $ Lime $ Watermelon $ Summer $ Vegan $ Anise $ Gourmet $ ,American $ ,3.5/4,16,Liqueur $ Ice Cream Machine $ Chocolate $ Fruit $ Dessert $ Fourth of July $ Wheat/Gluten-Free $ Frozen Dessert $ Lime $ Watermelon $ Summer $ Vegan $ Anise $ Gourmet $ American $ 
https://www.epicurious.com/recipes/food/views/southwestern-club-sandwich-86,Southwestern Club Sandwich ,"4 tablespoons mayonnaise $ 2 tablespoons chopped fresh cilantro $ 1 large garlic clove, pressed $ 1 small jalapeño chili, minced $ 1/2 teaspoon ground cumin $ 6 slices hickory-smoked bacon $ 4 slices sourdough bread $ 8 thin slices smoked turkey (about 4 ounces) $ 4 large tomato slices $ 1/2 avocado, pitted, peeled, sliced $ Romaine lettuce leaves $ ",Pork $ Poultry $ turkey $ Quick & Easy $ Poker/Game Night $ Bon Appétit $ ,American $ Southwestern $ ,3.5/4,27,Pork $ Poultry $ turkey $ Quick & Easy $ Poker/Game Night $ Bon Appétit $ American $ Southwestern $ 
https://www.epicurious.com/recipes/food/views/mississippi-mud-cake-2649,Mississippi Mud Cake ,"1 1/2 cups (3 sticks) unsalted butter, room temperature $ 1 1/2 cups firmly packed dark brown sugar $ 1 cup sugar $ 3 ounces unsweetened chocolate, chopped, melted $ 1/4 cup whipping cream $ 2 teaspoons vanilla extract $ 6 large eggs, room temperature $ 2 1/4 cups all purpose flour $ 1/2 cup unsweetened cocoa powder $ 1/2 teaspoon baking soda $ 1/4 teaspoon salt $ 3 cups mini marshmallows $ 2 cups coarsely chopped toasted pecans (about 7 ounces) $ 1 cup firmly packed dark brown sugar $ 1 cup whipping cream $ 1/2 cup (1 stick) unsalted butter, cut into pieces $ 5 ounces unsweetened chocolate, chopped $ 2 ounces bittersweet (not unsweetened) chocolate, chopped $ 2 tablespoons dark corn syrup $ 1 teaspoon vanilla extract $ ",Cake $ Chocolate $ Dairy $ Dessert $ Bake $ Bon Appétit $ Peanut Free $ Soy Free $ ,American $ ,3/4,9,Cake $ Chocolate $ Dairy $ Dessert $ Bake $ Bon Appétit $ Peanut Free $ Soy Free $ American $ 
https://www.epicurious.com/recipes/food/views/pear-gingerbread-upside-down-cakes-1279,Pear Gingerbread Upside-Down Cakes ,"6 tablespoons (3/4 stick) unsalted butter $ 3/4 cup (packed) golden brown sugar $ 3 Anjou pears, peeled, halved, cored $ 1 1/2 cups all purpose flour $ 1 teaspoon baking soda $ 1 teaspoon ground ginger $ 3/4 teaspoon ground cinnamon $ 1/4 teaspoon ground cloves $ 1/4 teaspoon salt $ 1/2 cup (1 stick) unsalted butter $ 1/2 cup (packed) golden brown sugar $ 1/2 cup unsulfured (light) molasses $ 1 large egg $ 1/2 cup hot water $ 1/4 cup finely chopped crystallized ginger (about 1 1/2 ounces) $ ",Cake $ Mixer $ Fruit $ Ginger $ Brunch $ Dessert $ Bake $ Kid-Friendly $ Buffet $ Pear $ Fall $ Winter $ Birthday $ Christmas Eve $ Bon Appétit $ Vegetarian $ Pescatarian $ Peanut Free $ Tree Nut Free $ Soy Free $ Kosher $ ,American $ ,3/4,4,Cake $ Mixer $ Fruit $ Ginger $ Brunch $ Dessert $ Bake $ Kid-Friendly $ Buffet $ Pear $ Fall $ Winter $ Birthday $ Christmas Eve $ Bon Appétit $ Vegetarian $ Pescatarian $ Peanut Free $ Tree Nut Free $ Soy Free $ Kosher $ American $ 
https://www.epicurious.com/recipes/food/views/pumpkin-cheesecake-with-caramel-swirl-2635,Pumpkin Cheesecake with Caramel Swirl ,"1 1/2 cups ground gingersnap cookies $ 1 1/2 cups toasted pecans (about 6 ounces) $ 1/4 cup firmly packed brown sugar $ 1/4 cup (1/2 stick) unsalted butter, melted $ 4 8-ounce packages cream cheese, room temperature $ 1 2/3 cups sugar $ 1 1/2 cups canned solid pack pumpkin $ 9 tablespoons whipping cream $ 1 teaspoon ground cinnamon $ 1 teaspoon ground allspice $ 4 large eggs $ 1 tablespoon (about) purchased caramel sauce $ 1 cup sour cream $ ",Cake $ Dessert $ Bake $ Thanksgiving $ Pecan $ Pumpkin $ Fall $ Bon Appétit $ Vegetarian $ Pescatarian $ Peanut Free $ Soy Free $ Kosher $ ,American $ ,4/4,316,Cake $ Dessert $ Bake $ Thanksgiving $ Pecan $ Pumpkin $ Fall $ Bon Appétit $ Vegetarian $ Pescatarian $ Peanut Free $ Soy Free $ Kosher $ American $ 
https://www.epicurious.com/recipes/food/views/frozen-peanut-butter-pie-1217,Frozen Peanut Butter Pie ,"1 1/2 cups powdered sugar $ 1 cup creamy peanut butter $ 1 8-ounce package cream cheese, room temperature $ 1/2 teaspoon vanilla extract $ 1 cup chilled whipping cream $ 1 purchased 6-ounce chocolate cookie pie crust $ ",Food Processor $ Dessert $ Kid-Friendly $ Quick & Easy $ Frozen Dessert $ Cream Cheese $ Peanut $ Summer $ Bon Appétit $ Pittsburgh $ Pennsylvania $ Vegetarian $ Pescatarian $ Tree Nut Free $ Soy Free $ Kosher $ ,American $ ,3.5/4,18,Food Processor $ Dessert $ Kid-Friendly $ Quick & Easy $ Frozen Dessert $ Cream Cheese $ Peanut $ Summer $ Bon Appétit $ Pittsburgh $ Pennsylvania $ Vegetarian $ Pescatarian $ Tree Nut Free $ Soy Free $ Kosher $ American $ 
https://www.epicurious.com/recipes/food/views/honey-gingered-pork-tenderloins-15277,Honey-Gingered Pork Tenderloins ,two 3/4-pound pork tenderloins $ 1/4 cup honey $ 1/4 cup soy sauce $ 1/4 cup oyster sauce $ 2 tablespoons packed brown sugar $ 1 tablespoon plus 1 teaspoon minced peeled fresh gingerroot $ 1 tablespoon minced garlic $ 1 tablespoon ketchup $ 1/4 teaspoon onion powder $ 1/4 teaspoon cayenne $ 1/4 teaspoon cinnamon $ Garnish: fresh flat-leafed parsley sprigs $ ,Ginger $ Pork Tenderloin $ Summer $ Grill/Barbecue $ Honey $ Soy Sauce $ Gourmet $ ,American $ ,3.5/4,169,Ginger $ Pork Tenderloin $ Summer $ Grill/Barbecue $ Honey $ Soy Sauce $ Gourmet $ American $ 
