link,name,ingredients,recipe_category,recipe_cuisine,rating,rating_count,keywords
https://www.epicurious.com/recipes/food/views/tropical-charoset-231937,Tropical Charoset ,"1 pear, peeled, cored, and chopped $ 3 apples, peeled, cored, and chopped $ 3 bananas, peeled and mashed $ 2 cups pitted dates (about 1 lb) $ 2 cups sliced or slivered almonds (about 8 oz) $ 2 tablespoons ground canela (see Tips, below) $ 1 cup sweet red wine, such as Manischewitz Extra Heavy Malaga, plus additional if needed $ Matzoh or corn tortillas $ ",Condiment/Spread $ Fruit $ Nut $ Passover $ Quick & Easy $ Date $ Apple $ Pear $ Banana $ Almond $ Kosher $ ,Jewish $ Mexican $ ,3.5/4,13,Condiment/Spread $ Fruit $ Nut $ Passover $ Quick & Easy $ Date $ Apple $ Pear $ Banana $ Almond $ Kosher $ Jewish $ Mexican $ 
https://www.epicurious.com/recipes/food/views/crunchy-pecan-cookies-231816,Crunchy Pecan Cookies ,"6 oz pecans (1 1/2 cups) $ 1 cup sugar $ 1/4 cup potato starch $ 1/4 teaspoon salt $ Scant 1/4 teaspoon cinnamon $ 3 large egg whites, lightly beaten $ parchment paper $ ",Cookies $ Nut $ Dessert $ Bake $ Passover $ Pecan $ Kosher $ Gourmet $ Kidney Friendly $ Vegetarian $ Pescatarian $ Dairy Free $ Wheat/Gluten-Free $ Peanut Free $ Soy Free $ ,Jewish $ ,3/4,21,Cookies $ Nut $ Dessert $ Bake $ Passover $ Pecan $ Kosher $ Gourmet $ Kidney Friendly $ Vegetarian $ Pescatarian $ Dairy Free $ Wheat/Gluten-Free $ Peanut Free $ Soy Free $ Jewish $ 
https://www.epicurious.com/recipes/food/views/lemon-cakes-with-basil-lemon-syrup-231815,Lemon Cakes with Basil Lemon Syrup ,"1 stick (1/2 cup) unsalted butter, softened, plus 1 1/2 tablespoons, melted $ 3/4 cup matzo cake flour plus additional for dusting $ 2/3 cup plus 1/4 cup sugar $ 1/4 teaspoon salt $ 3 large eggs, separated, at room temperature for 30 minutes $ 2 tablespoons fresh lemon juice $ 1 tablespoon finely grated lemon zest $ 1 1/4 cups sugar $ 1 1/2 cups water $ 1 (4- by 1-inch) strip fresh lemon zest $ 1/2 cup fresh lemon juice $ 8 large fresh basil sprigs $ 1 cup chilled heavy cream $ Garnish: small fresh basil leaves $ a muffin pan with 12 (1/2-cup) muffin cups $ ",Cake $ Citrus $ Herb $ Dessert $ Bake $ Passover $ Lemon $ Basil $ Spring $ Kosher $ Gourmet $ Kidney Friendly $ Vegetarian $ Pescatarian $ Peanut Free $ Tree Nut Free $ Soy Free $ ,Jewish $ ,3.5/4,44,Cake $ Citrus $ Herb $ Dessert $ Bake $ Passover $ Lemon $ Basil $ Spring $ Kosher $ Gourmet $ Kidney Friendly $ Vegetarian $ Pescatarian $ Peanut Free $ Tree Nut Free $ Soy Free $ Jewish $ 
https://www.epicurious.com/recipes/food/views/cardamom-apple-almond-cake-231812,Cardamom Apple Almond Cake ,"Vegetable oil for greasing pan $ 1/2 cup matzo meal (not cake meal), plus additional for dusting $ 1 cup slivered almonds (4 1/2 oz), toasted and cooled $ 1/2 teaspoon salt $ Scant 1/2 teaspoon ground cardamom $ 5 large eggs, separated, at room temperature for 30 minutes $ 1 cup granulated sugar $ 2 Granny Smith apples, peeled and coarsely grated $ 1/3 cup granulated sugar $ 1/2 teaspoon potato starch $ a 9- to 9 1/2-inch (24-cm) springform pan; an electric coffee/spice grinder $ ",Fruit $ Dessert $ Bake $ Passover $ Apple $ Almond $ Spice $ Spring $ Kosher $ Gourmet $ Kidney Friendly $ Vegetarian $ Pescatarian $ Dairy Free $ Peanut Free $ Soy Free $ ,Jewish $ ,3/4,13,Fruit $ Dessert $ Bake $ Passover $ Apple $ Almond $ Spice $ Spring $ Kosher $ Gourmet $ Kidney Friendly $ Vegetarian $ Pescatarian $ Dairy Free $ Peanut Free $ Soy Free $ Jewish $ 
https://www.epicurious.com/recipes/food/views/savory-red-pepper-and-onion-matzo-brei-231792,Savory Red Pepper and Onion Matzo Brei ,"6 (6-inch) unsalted matzos $ 6 large eggs $ 1/2 teaspoon salt $ 1/4 teaspoon black pepper $ 1 1/2 tablespoons chopped fresh dill $ 2 medium onions, halved lengthwise, then cut lengthwise into 1/4-inch-wide strips $ 2 red bell peppers, cut lengthwise into 1/4-inch-wide strips $ 1/4 cup extra-virgin olive oil $ ",Egg $ Onion $ Pepper $ Breakfast $ Brunch $ Sauté $ Passover $ Vegetarian $ Spring $ Kosher $ Gourmet $ Sugar Conscious $ Kidney Friendly $ Pescatarian $ Dairy Free $ Peanut Free $ Tree Nut Free $ Soy Free $ No Sugar Added $ ,Jewish $ ,3/4,7,Egg $ Onion $ Pepper $ Breakfast $ Brunch $ Sauté $ Passover $ Vegetarian $ Spring $ Kosher $ Gourmet $ Sugar Conscious $ Kidney Friendly $ Pescatarian $ Dairy Free $ Peanut Free $ Tree Nut Free $ Soy Free $ No Sugar Added $ Jewish $ 
https://www.epicurious.com/recipes/food/views/sweet-and-sour-chicken-thighs-with-carrots-231790,Sweet-and-Sour Chicken Thighs with Carrots ,"8 small chicken thighs with skin and bone (2 1/2 to 2 3/4 lb total), trimmed of excess fat $ 2 teaspoons salt $ 1 1/4 teaspoons paprika $ 3/4 teaspoon cinnamon $ 1/2 teaspoon black pepper $ 1 1/2 tablespoons olive oil $ 1 large onion, halved lengthwise, then cut lengthwise into1/4-inch-wide strips $ 1 lb carrots (6 medium), cut diagonally into 1-inch pieces $ 2 tablespoons minced garlic $ 1/2 cup water $ 1/4 cup fresh lemon juice $ 2 tablespoons mild honey $ 1 tablespoon finely chopped fresh flat-leaf parsley $ 1 tablespoon finely chopped fresh cilantro $ ",Chicken $ Poultry $ Passover $ Quick & Easy $ Carrot $ Spring $ Kosher $ Gourmet $ ,Jewish $ ,3.5/4,237,Chicken $ Poultry $ Passover $ Quick & Easy $ Carrot $ Spring $ Kosher $ Gourmet $ Jewish $ 
https://www.epicurious.com/recipes/food/views/grandma-ethels-brisket-with-tzimmes-231787,Grandma Ethel's Brisket with Tzimmes ,"1 (6- to 7-lb) first-cut brisket $ 1 3/4 teaspoons salt $ 1 teaspoon black pepper $ 3 tablespoons olive oil $ 4 cups brown chicken stock or reconstituted brown chicken demi-glace $ 3/4 cup Sherry vinegar $ 2 lb carrots, peeled and cut crosswise into 2-inch-long pieces $ 4 medium sweet potatoes, peeled and cut into 2-inch pieces $ 2 3/4 cups dried pitted prunes $ ",Beef $ Fruit $ Roast $ Passover $ Purim $ Rosh Hashanah/Yom Kippur $ Dinner $ Prune $ Carrot $ Sweet Potato/Yam $ Spring $ Kosher $ Gourmet $ Paleo $ Dairy Free $ Wheat/Gluten-Free $ Peanut Free $ Tree Nut Free $ Soy Free $ No Sugar Added $ ,Jewish $ ,3.5/4,18,Beef $ Fruit $ Roast $ Passover $ Purim $ Rosh Hashanah/Yom Kippur $ Dinner $ Prune $ Carrot $ Sweet Potato/Yam $ Spring $ Kosher $ Gourmet $ Paleo $ Dairy Free $ Wheat/Gluten-Free $ Peanut Free $ Tree Nut Free $ Soy Free $ No Sugar Added $ Jewish $ 
https://www.epicurious.com/recipes/food/views/browned-onion-kugels-231507,Browned Onion Kugels ,6 ounces medium egg noodles (1 3/4 cups) $ 1 stick (1/2 cup) unsalted butter $ 3 cups chopped onions (2 large) $ 1 1/4 cups sour cream $ 1 1/4 cups small-curd cottage cheese (10 ounces) $ 1 tablespoon poppy seeds $ 4 large eggs $ 1 teaspoon salt $ 1/4 teaspoon black pepper $ a muffin tin with 12 (1/2-cup) muffin cups $ ,Onion $ Pasta $ Side $ Bake $ Vegetarian $ Quick & Easy $ Rosh Hashanah/Yom Kippur $ Dinner $ Fall $ Spring $ Winter $ Kosher $ Noodle $ Gourmet $ Sugar Conscious $ Kidney Friendly $ Pescatarian $ Peanut Free $ Tree Nut Free $ Soy Free $ No Sugar Added $ ,Jewish $ Ashkenazi $ ,3.5/4,67,Onion $ Pasta $ Side $ Bake $ Vegetarian $ Quick & Easy $ Rosh Hashanah/Yom Kippur $ Dinner $ Fall $ Spring $ Winter $ Kosher $ Noodle $ Gourmet $ Sugar Conscious $ Kidney Friendly $ Pescatarian $ Peanut Free $ Tree Nut Free $ Soy Free $ No Sugar Added $ Jewish $ Ashkenazi $ 
https://www.epicurious.com/recipes/food/views/spiced-fritters-with-maple-vanilla-syrup-231315,Spiced Fritters with Maple-Vanilla Syrup ,"2 cups pure maple syrup $ 1 cinnamon stick $ 1 vanilla bean, split lengthwise $ 2 1/2 cups unbleached all purpose flour $ 1/2 cup sugar $ 2 teaspoons baking powder $ 1 teaspoon baking soda $ 1 teaspoon ground allspice $ 1/2 teaspoon ground mace $ 1/2 teaspoon salt $ 2 cups vanilla-flavored soy yogurt $ 2 large eggs $ 4 teaspoons brandy $ Canola oil (for frying) $ Powdered sugar $ ",Dessert $ Fry $ Hanukkah $ Vanilla $ Deep-Fry $ Kosher $ Maple Syrup $ Bon Appétit $ Kidney Friendly $ Vegetarian $ Pescatarian $ Dairy Free $ Peanut Free $ Tree Nut Free $ ,Jewish $ ,3.5/4,2,Dessert $ Fry $ Hanukkah $ Vanilla $ Deep-Fry $ Kosher $ Maple Syrup $ Bon Appétit $ Kidney Friendly $ Vegetarian $ Pescatarian $ Dairy Free $ Peanut Free $ Tree Nut Free $ Jewish $ 
https://www.epicurious.com/recipes/food/views/celery-and-cilantro-relish-231303,Celery and Cilantro Relish ,2 cups finely diced celery $ 3 tablespoons extra-virgin olive oil $ 2 tablespoons minced fresh cilantro $ 2 teaspoons Sherry wine vinegar $ ,Herb $ Vegetable $ No-Cook $ Hanukkah $ Vegetarian $ Quick & Easy $ Celery $ Kosher $ Vegan $ Cilantro $ Bon Appétit $ ,Jewish $ ,3/4,3,Herb $ Vegetable $ No-Cook $ Hanukkah $ Vegetarian $ Quick & Easy $ Celery $ Kosher $ Vegan $ Cilantro $ Bon Appétit $ Jewish $ 
https://www.epicurious.com/recipes/food/views/apple-green-onion-and-jalapeno-salsa-231302,"Apple, Green Onion, and Jalapeño Salsa ","1 1/2 pounds Fuji apples (about 3 large), peeled, halved, cored $ 1/2 cup minced green onions $ 2 tablespoons minced seeded jalapeño chiles $ 1/2 cup fresh lemon juice $ 2 tablespoons honey $ 4 teaspoons (packed) finely grated lemon peel $ ",Fruit $ Onion $ Side $ No-Cook $ Hanukkah $ Vegetarian $ Apple $ Kosher $ Bon Appétit $ Fat Free $ Kidney Friendly $ Pescatarian $ Dairy Free $ Wheat/Gluten-Free $ Peanut Free $ Tree Nut Free $ Soy Free $ ,Jewish $ ,3.5/4,9,Fruit $ Onion $ Side $ No-Cook $ Hanukkah $ Vegetarian $ Apple $ Kosher $ Bon Appétit $ Fat Free $ Kidney Friendly $ Pescatarian $ Dairy Free $ Wheat/Gluten-Free $ Peanut Free $ Tree Nut Free $ Soy Free $ Jewish $ 
https://www.epicurious.com/recipes/food/views/romaine-and-arugula-salad-with-toasted-seeds-231277,Romaine and Arugula Salad with Toasted Seeds ,"2 teaspoons sesame seeds (preferably black and white) $ 1 teaspoon whole coriander seeds $ 2 tablespoons fresh lemon juice $ 1 teaspoon (packed) finely grated lemon peel $ 1/3 cup extra-virgin olive oil $ 1 large head of romaine lettuce, torn into bite-size pieces (about 16 cups) $ 4 cups baby arugula leaves $ ",Salad $ Leafy Green $ No-Cook $ Hanukkah $ Salad Dressing $ Lemon $ Arugula $ Winter $ Kosher $ Coriander $ Bon Appétit $ ,Jewish $ ,2.5/4,8,Salad $ Leafy Green $ No-Cook $ Hanukkah $ Salad Dressing $ Lemon $ Arugula $ Winter $ Kosher $ Coriander $ Bon Appétit $ Jewish $ 
https://www.epicurious.com/recipes/food/views/cumin-scented-beet-latkes-231262,Cumin-Scented Beet Latkes ,"6 cups coarsely shredded peeled beets (about 6 medium) $ 6 tablespoons all purpose flour $ 1 1/2 teaspoons salt $ 1 1/2 teaspoons ground cumin $ 3/4 teaspoon ground coriander $ 3/4 teaspoon baking powder $ 1/4 teaspoon ground black pepper $ 3 large eggs, beaten to blend $ Canola oil (for frying) $ Celery and Cilantro Relish $ Apple, Green Onion, and Jalapeño Salsa $ ",Cake $ Vegetable $ Appetizer $ Fry $ Hanukkah $ Quick & Easy $ Beet $ Winter $ Pan-Fry $ Kosher $ Coriander $ Bon Appétit $ Sugar Conscious $ Kidney Friendly $ Vegetarian $ Pescatarian $ Dairy Free $ Peanut Free $ Tree Nut Free $ Soy Free $ No Sugar Added $ ,Jewish $ ,3.5/4,12,Cake $ Vegetable $ Appetizer $ Fry $ Hanukkah $ Quick & Easy $ Beet $ Winter $ Pan-Fry $ Kosher $ Coriander $ Bon Appétit $ Sugar Conscious $ Kidney Friendly $ Vegetarian $ Pescatarian $ Dairy Free $ Peanut Free $ Tree Nut Free $ Soy Free $ No Sugar Added $ Jewish $ 
https://www.epicurious.com/recipes/food/views/celery-root-and-potato-latkes-231193,Celery-Root and Potato Latkes ,"1 large celery root (celeriac; 1 1/2 lb), peeled with a knife $ 1 1/2 lb large russet (baking) potatoes (about 3 large) $ 2 tablespoons fresh lemon juice $ 1 lb onions, quartered $ 2/3 cup all-purpose flour $ 4 large eggs, lightly beaten $ 1 1/4 teaspoons salt $ 1/2 teaspoon black pepper $ 1/2 teaspoon ground celery seeds $ About 1 1/2 cups vegetable oil $ a kitchen towel (not terry cloth) $ ",Cake $ Potato $ Vegetable $ Side $ Fry $ Sauté $ Hanukkah $ Vegetarian $ Kosher $ Simmer $ Gourmet $ Sugar Conscious $ Kidney Friendly $ Pescatarian $ Dairy Free $ Peanut Free $ Tree Nut Free $ Soy Free $ No Sugar Added $ ,Jewish $ ,4/4,8,Cake $ Potato $ Vegetable $ Side $ Fry $ Sauté $ Hanukkah $ Vegetarian $ Kosher $ Simmer $ Gourmet $ Sugar Conscious $ Kidney Friendly $ Pescatarian $ Dairy Free $ Peanut Free $ Tree Nut Free $ Soy Free $ No Sugar Added $ Jewish $ 
https://www.epicurious.com/recipes/food/views/hazelnut-and-olive-rugelach-231170,Hazelnut and Olive Rugelach ,"1/3 cup hazelnuts (1 1/2 oz) $ 1 cup all-purpose flour plus additional for dusting $ 3/4 teaspoon dried thyme $ 1/2 teaspoon coarsely ground black pepper $ 1/4 teaspoon salt $ 1 stick (1/2 cup) unsalted butter, softened $ 4 oz cream cheese, softened $ 1/3 cup brine-cured green olives (preferably Sicilian), patted dry, pitted, and very finely chopped $ 4 (17- by 12-inch) sheets parchment paper $ ",Nut $ Olive $ Bake $ Hanukkah $ Cream Cheese $ Winter $ Kosher $ Thyme $ Hazelnut $ Gourmet $ ,Eastern European/Russian $ Jewish $ ,2/4,3,Nut $ Olive $ Bake $ Hanukkah $ Cream Cheese $ Winter $ Kosher $ Thyme $ Hazelnut $ Gourmet $ Eastern European/Russian $ Jewish $ 
https://www.epicurious.com/recipes/food/views/potato-bites-15806,Potato Bites ,2 large eggs $ 1/4 cup vegetable oil $ 3 tablespoons matzo meal $ 1 teaspoon salt $ 1/2 teaspoon baking powder $ 1 small onion $ 1 1/4 pounds yellow-fleshed potatoes such as Yukon Gold $ ,Food Processor $ Egg $ Onion $ Potato $ Side $ Bake $ Passover $ Vegetarian $ Winter $ Gourmet $ Florida $ Sugar Conscious $ Kidney Friendly $ Pescatarian $ Dairy Free $ Peanut Free $ Tree Nut Free $ Soy Free $ No Sugar Added $ Kosher $ ,Jewish $ ,3/4,19,Food Processor $ Egg $ Onion $ Potato $ Side $ Bake $ Passover $ Vegetarian $ Winter $ Gourmet $ Florida $ Sugar Conscious $ Kidney Friendly $ Pescatarian $ Dairy Free $ Peanut Free $ Tree Nut Free $ Soy Free $ No Sugar Added $ Kosher $ Jewish $ 
https://www.epicurious.com/recipes/food/views/my-trademark-most-requested-absolutely-magnificent-caramel-matzoh-crunch-109117,"My Trademark, Most Requested, Absolutely Magnificent Caramel Matzoh Crunch ",4-6 unsalted matzohs $ 1 cup (2 sticks) unsalted butter or unsalted Passover margarine $ 1 cup firmly packed brown sugar $ 3/4 cup coarsely chopped chocolate chips or semi-sweet chocolate $ ,Candy $ Chocolate $ Dessert $ Bake $ Passover $ Spring $ Family Reunion $ Kosher $ Edible Gift $ ,Jewish $ ,3.5/4,224,Candy $ Chocolate $ Dessert $ Bake $ Passover $ Spring $ Family Reunion $ Kosher $ Edible Gift $ Jewish $ 
https://www.epicurious.com/recipes/food/views/sour-cream-chocolate-chip-cake-108141,Sour Cream Chocolate-Chip Cake ,1 cup finely chopped pecans $ 1/4 cup whole pecans $ 1 12-ounce package of chocolate chips $ 1/4 cup packed brown sugar $ 2 teaspoons cinnamon $ 2 cups flour $ 1 cup sugar $ 1/2 cup (1 stick) butter $ 2 eggs $ 1 cup sour cream $ 2 teaspoons vanilla $ 1 1/2 teaspoons baking powder $ 1 teaspoon baking soda $ 1 teaspoon cinnamon $ 1/4 cup powdered sugar (optional) $ ,Cake $ Food Processor $ Mixer $ Chocolate $ Nut $ Dessert $ Bake $ Rosh Hashanah/Yom Kippur $ Pecan $ Spring $ Shower $ Kosher $ Cinnamon $ Shavuot $ Party $ Potluck $ Kidney Friendly $ Vegetarian $ Pescatarian $ Peanut Free $ Soy Free $ ,American $ Jewish $ ,3/4,29,Cake $ Food Processor $ Mixer $ Chocolate $ Nut $ Dessert $ Bake $ Rosh Hashanah/Yom Kippur $ Pecan $ Spring $ Shower $ Kosher $ Cinnamon $ Shavuot $ Party $ Potluck $ Kidney Friendly $ Vegetarian $ Pescatarian $ Peanut Free $ Soy Free $ American $ Jewish $ 
https://www.epicurious.com/recipes/food/views/old-style-apple-and-almond-pudding-103356,Old-Style Apple and Almond Pudding ,"2 pounds apples such as Granny Smith, peeled, cored, and cut in 1/2-inch thick slices $ 1/4 cup sugar $ 1 rounded tablespoon apricot preserves $ 1 tablespoon fresh lemon juice $ 3 tablespoons orange juice $ 1 cup (2 sticks) soft butter or margarine $ 1 cup sugar $ 2 cups ground almonds or hazelnuts $ 4 large eggs $ Grated zest of 1 lemon $ ",Dessert $ Bake $ Apple $ Almond $ Spring $ Kosher $ Vegetarian $ Pescatarian $ Wheat/Gluten-Free $ Peanut Free $ Soy Free $ ,Jewish $ ,3/4,1,Dessert $ Bake $ Apple $ Almond $ Spring $ Kosher $ Vegetarian $ Pescatarian $ Wheat/Gluten-Free $ Peanut Free $ Soy Free $ Jewish $ 
https://www.epicurious.com/recipes/food/views/green-onion-dill-matzo-balls-103303,Green Onion-Dill Matzo Balls ,"6 tablespoons chicken fat or pareve margarine (3/4 stick) $ 4 green onions, thinly sliced $ 4 large eggs $ 1/4 cup minced fresh dill $ 2 tablespoons club soda or seltzer $ 1 tablespoon sugar $ 1 1/4 teaspoons kosher salt $ 1/4 teaspoon ground ginger $ 1/4 teaspoon ground black pepper $ 1 cup unsalted matzo meal $ ",Egg $ Ginger $ Onion $ Sauté $ Passover $ Spring $ Kosher $ Dill $ Bon Appétit $ ,Jewish $ ,3.5/4,14,Egg $ Ginger $ Onion $ Sauté $ Passover $ Spring $ Kosher $ Dill $ Bon Appétit $ Jewish $ 
https://www.epicurious.com/recipes/food/views/honey-apple-cake-105597,Honey Apple Cake ,"3 1/2 cups all-purpose flour $ 1 1/4 teaspoons baking soda $ 1 1/4 teaspoons baking powder $ 1 1/4 teaspoons ground cinnamon $ 1/2 teaspoon salt $ 1/4 teaspoon grated nutmeg $ 1 cup plus 2 tablespoons sugar $ 2 tablespoons vegetable oil $ 2 extra-large eggs $ 1 cup honey $ 3/4 cup brewed coffee, cooled $ 2 large McIntosh apples, peeled, cored, and finely chopped $ ",Cake $ Coffee $ Dessert $ Bake $ Rosh Hashanah/Yom Kippur $ Apple $ Winter $ Kosher $ Honey $ Kidney Friendly $ Vegetarian $ Pescatarian $ Dairy Free $ Peanut Free $ Tree Nut Free $ Soy Free $ ,Jewish $ ,2.5/4,15,Cake $ Coffee $ Dessert $ Bake $ Rosh Hashanah/Yom Kippur $ Apple $ Winter $ Kosher $ Honey $ Kidney Friendly $ Vegetarian $ Pescatarian $ Dairy Free $ Peanut Free $ Tree Nut Free $ Soy Free $ Jewish $ 
https://www.epicurious.com/recipes/food/views/claires-mandelbrot-108001,Claire's Mandelbrot ,"3 1/2 cups all-purpose flour $ 1 cup sugar $ 2 teaspoons baking powder $ 1 teaspoon salt $ 3 large eggs $ 3/4 cup vegetable oil $ 1 teaspoon vanilla $ 1 1/4 cups walnuts (4 oz), chopped $ 3/4 cup semisweet mini chocolate chips $ ",Cookies $ Chocolate $ Egg $ Dessert $ Bake $ Kid-Friendly $ Rosh Hashanah/Yom Kippur $ Walnut $ Kosher $ Gourmet $ New York $ ,American $ Jewish $ ,2.5/4,13,Cookies $ Chocolate $ Egg $ Dessert $ Bake $ Kid-Friendly $ Rosh Hashanah/Yom Kippur $ Walnut $ Kosher $ Gourmet $ New York $ American $ Jewish $ 
https://www.epicurious.com/recipes/food/views/moms-chicken-soup-with-matzoh-balls-carrots-and-dill-101044,"Mom's Chicken Soup with Matzoh Balls, Carrots, and Dill ","1 cup matzoh meal $ 1/4 cup chicken fat $ 1/2 cup soda water (seltzer) $ 4 eggs $ 1 teaspoon salt $ 4 quarts chicken soup, homemade $ 3/4 cup orzo (omit during Passover) $ 2 cups thinly sliced carrots $ 1/2 cup chopped fresh dill $ ",Soup/Stew $ Chicken $ Passover $ Kid-Friendly $ Carrot $ Chill $ Dill $ ,Jewish $ ,2/4,12,Soup/Stew $ Chicken $ Passover $ Kid-Friendly $ Carrot $ Chill $ Dill $ Jewish $ 
https://www.epicurious.com/recipes/food/views/winter-squash-with-caramelized-onions-106292,Winter Squash with Caramelized Onions ,"2 pounds winter squash, peeled, seeded, and cut into 2-inch pieces $ 3 tablespoons vegetable oil $ 1/4 cup (about 1 ounce) slivered almonds $ 3 large onions, thinly sliced $ 1/4 cup sugar $ 2 teaspoons ground cinnamon $ 1/2 cup raisins, plumped in warm water and drained $ Salt and freshly ground black pepper $ ",Onion $ Side $ Vegetarian $ Sukkot $ Rosh Hashanah/Yom Kippur $ Dinner $ Raisin $ Almond $ Squash $ Fall $ Kosher $ Vegan $ Pescatarian $ Dairy Free $ Wheat/Gluten-Free $ Peanut Free $ Soy Free $ ,Jewish $ ,3.5/4,15,Onion $ Side $ Vegetarian $ Sukkot $ Rosh Hashanah/Yom Kippur $ Dinner $ Raisin $ Almond $ Squash $ Fall $ Kosher $ Vegan $ Pescatarian $ Dairy Free $ Wheat/Gluten-Free $ Peanut Free $ Soy Free $ Jewish $ 
https://www.epicurious.com/recipes/food/views/potato-leek-matzo-balls-106428,Potato-Leek Matzo Balls ,"1 1/2 pounds russet potatoes, peeled, cut into 1/2-inch pieces $ 4 cups chopped leeks (white and pale green parts only; from 4 large) $ 1 1/2 cups canned low-salt chicken broth $ 2 cups matzo meal $ 1/3 cup olive oil $ 3/4 teaspoon ground black pepper $ 6 large eggs $ 1 tablespoon salt $ ",Potato $ Side $ Passover $ Leek $ Spring $ Kosher $ Bon Appétit $ ,Jewish $ ,3/4,8,Potato $ Side $ Passover $ Leek $ Spring $ Kosher $ Bon Appétit $ Jewish $ 
https://www.epicurious.com/recipes/food/views/ashkenazic-layered-pastry-fluden-104022,Ashkenazic Layered Pastry (Fluden) ,"4 cups bleached all-purpose flour $ 2 teaspoons double-acting baking powder $ 3/4 teaspoon salt $ 1/3 cup sugar $ 1 1/2 cups vegetable shortening, or 1 cup shortening and 1/2 cup chilled butter or margarine $ 4 large egg yolks, or 2 large egg yolks and 1 large egg $ 1/2 cup water, or 1/4 cup water and 1/4 cup milk or sweet white wine $ 2 tablespoons white wine vinegar or mild cider vinegar $ 1 cup (4 ounces) chopped almonds, hazelnuts, pecans, or walnuts $ 1/2 cup sugar $ 2 cups (24 ounces) apricot preserves, strawberry jam, orange marmalade, or Prune Lekvar $ 1 to 1 1/2 cups (4 to 6 ounces) grated fresh or unsweetened desiccated coconut (optional) $ 1 cup dried currants or raisins (optional) $ ",Nut $ Dessert $ Bake $ Sukkot $ Rosh Hashanah/Yom Kippur $ Fall $ Kosher $ Pastry $ Vegetarian $ Pescatarian $ Peanut Free $ Soy Free $ ,French $ German $ Jewish $ European $ ,3.5/4,3,Nut $ Dessert $ Bake $ Sukkot $ Rosh Hashanah/Yom Kippur $ Fall $ Kosher $ Pastry $ Vegetarian $ Pescatarian $ Peanut Free $ Soy Free $ French $ German $ Jewish $ European $ 
https://www.epicurious.com/recipes/food/views/un-rugelach-mini-turnovers-15777,Un-Rugelach Mini Turnovers ,"1/2 of an 8-ounce package cream cheese, softened $ 8 tablespoons unsalted butter, softened $ 2 tablespoons granulated sugar $ 1/2 teaspoon pure vanilla extract $ 1 cup (sifted into the cup and leveled off) bleached all-purpose flour $ 1/8 teaspoon salt $ approx. 3 tablespoons granulated sugar $ 2 tablespoons, packed light brown sugar $ 1/4 teaspoon ground cinnamon $ 1/4 cup + 2 tablespoons golden raisins $ 1/2 cup coarsely chopped walnuts $ 1/3 cup apricot lekvar or preserves (well stirred) $ 1 tablespoon granulated sugar $ 1/2 teaspoon ground cinnamon $ 2 tablespoons milk $ Two 12- by 17-inch cookie sheets or inverted half-size sheet pans, lined with parchment or foil $ ",Cookies $ Brunch $ Dessert $ Bake $ Hanukkah $ Kid-Friendly $ Cream Cheese $ Apricot $ Walnut $ Fall $ Cinnamon $ Jam or Jelly $ Kidney Friendly $ Vegetarian $ Pescatarian $ Peanut Free $ Soy Free $ Kosher $ ,Jewish $ ,3.5/4,7,Cookies $ Brunch $ Dessert $ Bake $ Hanukkah $ Kid-Friendly $ Cream Cheese $ Apricot $ Walnut $ Fall $ Cinnamon $ Jam or Jelly $ Kidney Friendly $ Vegetarian $ Pescatarian $ Peanut Free $ Soy Free $ Kosher $ Jewish $ 
https://www.epicurious.com/recipes/food/views/hazelnut-macaroon-and-strawberry-tart-1638,Hazelnut Macaroon and Strawberry Tart ,"2 12-ounce baskets strawberries, hulled, diced $ 3/4 cup sugar $ 3 tablespoons Passover brandy $ 1 tablespoon fresh lemon juice $ Pinch of ground cloves $ Matzo cake meal $ 2 cups husked toasted hazelnuts $ 1 cup sugar $ 1/8 teaspoon salt $ Pinch of ground cloves $ 1 large egg $ 1/4 teaspoon almond extract $ 3 1-pint baskets strawberries, hulled, thinly sliced $ ",Dessert $ Bake $ Passover $ Low Sodium $ Strawberry $ Kosher $ Hazelnut $ Bon Appétit $ Vegetarian $ Pescatarian $ Dairy Free $ Peanut Free $ Soy Free $ ,Jewish $ ,3/4,15,Dessert $ Bake $ Passover $ Low Sodium $ Strawberry $ Kosher $ Hazelnut $ Bon Appétit $ Vegetarian $ Pescatarian $ Dairy Free $ Peanut Free $ Soy Free $ Jewish $ 
https://www.epicurious.com/recipes/food/views/chicken-soup-with-miniature-leek-chive-matzo-balls-1625,Chicken Soup with Miniature Leek-Chive Matzo Balls ,6 tablespoons (3/4 stick) unsalted pareve margarine $ 1/2 cup packed finely chopped leek (white and pale green parts only) $ 1/2 cup finely chopped fresh chives $ 4 eggs $ 2 tablespoons ginger ale $ 1 1/2 teaspoons kosher salt $ 1/4 teaspoon ground pepper $ 1/4 teaspoon ground ginger $ 1 cup unsalted matzo meal $ 12 cups chicken broth $ Chopped fresh chives $ ,Soup/Stew $ Chicken $ Passover $ Leek $ Chill $ Kosher $ Chive $ Bon Appétit $ ,Jewish $ ,4/4,59,Soup/Stew $ Chicken $ Passover $ Leek $ Chill $ Kosher $ Chive $ Bon Appétit $ Jewish $ 
https://www.epicurious.com/recipes/food/views/chocolate-walnut-and-prune-fudge-torte-1632,"Chocolate, Walnut and Prune Fudge Torte ","Unsweetened cocoa powder $ 1 1/2 cups diced pitted prunes (about 8 ounces) $ 1 cup prune juice $ 1 cup (2 sticks) unsalted margarine $ 8 ounces bittersweet (not unsweetened) or semisweet chocolate, chopped $ 3/4 cup unsweetened cocoa powder $ 1 cup coarsely chopped toasted walnuts (about 4 ounces) $ 8 large eggs, room temperature $ 2 large egg yolks $ 1 3/4 cups sugar $ Pinch of salt $ 1 cup prune juice $ 1/4 cup (1/2 stick) unsalted margarine $ 10 ounces bittersweet (not unsweetened) or semisweet chocolate, chopped $ 24 walnut halves $ ",Cake $ Chocolate $ Dessert $ Bake $ Passover $ Prune $ Walnut $ Kosher $ Bon Appétit $ Vegetarian $ Pescatarian $ Wheat/Gluten-Free $ Peanut Free $ Soy Free $ ,Jewish $ ,3.5/4,18,Cake $ Chocolate $ Dessert $ Bake $ Passover $ Prune $ Walnut $ Kosher $ Bon Appétit $ Vegetarian $ Pescatarian $ Wheat/Gluten-Free $ Peanut Free $ Soy Free $ Jewish $ 
https://www.epicurious.com/recipes/food/views/traditional-hamantaschen-13706,Traditional Hamantaschen ,"2 cups all-purpose flour $ 2 teaspoons baking powder $ 1/8 teaspoon salt $ 1/2 cup vegetable shortening $ 1 cup sugar $ 1 large egg $ 2 teaspoons packed finely grated fresh orange zest $ 1 tablespoon fresh orange juice $ 2/3 cup filling such as Date Orange Filling , Apple Raisin Filling , prune lekvar, poppy-seed filling, or apricot or cherry jam $ ",Cookies $ Mixer $ Citrus $ Dessert $ Bake $ Hanukkah $ Kid-Friendly $ Purim $ Orange $ Kosher $ Jam or Jelly $ Gourmet $ ,Jewish $ ,2.5/4,42,Cookies $ Mixer $ Citrus $ Dessert $ Bake $ Hanukkah $ Kid-Friendly $ Purim $ Orange $ Kosher $ Jam or Jelly $ Gourmet $ Jewish $ 
https://www.epicurious.com/recipes/food/views/north-shore-chicago-hadassahs-lick-your-fingers-kugel-40024,North Shore Chicago Hadassah's Lick-Your-Fingers Kugel ,"1 1/2 sticks (3/4 cup) salted butter or margarine $ 3/4 cup dark brown sugar $ 1 cup pecans, halved $ 1 pound wide noodles $ 4 large eggs $ 1 teaspoon cinnamon $ 1/2 cup sugar $ 2 teaspoons salt $ ",Egg $ Nut $ Pasta $ Breakfast $ Dessert $ Rosh Hashanah/Yom Kippur $ Fall $ Kosher $ Vegetarian $ Pescatarian $ Peanut Free $ Soy Free $ ,Jewish $ ,3.5/4,43,Egg $ Nut $ Pasta $ Breakfast $ Dessert $ Rosh Hashanah/Yom Kippur $ Fall $ Kosher $ Vegetarian $ Pescatarian $ Peanut Free $ Soy Free $ Jewish $ 
https://www.epicurious.com/recipes/food/views/stuffed-hamburger-swingers-101287,"Stuffed Hamburger ""Swingers"" ","1 garlic clove, minced $ 1/4 cup yellow onion, peeled and finely diced $ 1/4 cup tomato, finely diced $ 1/4 cup green pepper, finely diced $ 1 teaspoon dried oregano $ salt and freshly ground black pepper to taste $ 1 pound lean ground beef $ 1 egg $ 3 tablespoons extra-virgin olive oil $ 2 large yellow onions, peeled and thinly sliced $ ",Sandwich $ Beef $ Onion $ Sauté $ Ground Beef $ Summer $ Kosher $ ,Jewish $ ,3.5/4,28,Sandwich $ Beef $ Onion $ Sauté $ Ground Beef $ Summer $ Kosher $ Jewish $ 
https://www.epicurious.com/recipes/food/views/matzo-scallion-pancakes-107986,Matzo Scallion Pancakes ,1/2 cup thinly sliced scallion (white and pale green parts only) plus 1/2 cup finely chopped scallion greens (from 1 bunch) $ 3/4 cup plus 2 teaspoons olive oil $ 5 large eggs $ 1 1/2 cups plus 1 tablespoon water $ 1 1/2 cups matzo meal $ 1 teaspoon salt $ 1/4 teaspoon black pepper $ ,Cake $ Egg $ Onion $ Side $ Passover $ Quick & Easy $ Kosher $ Gourmet $ Sugar Conscious $ Kidney Friendly $ Vegetarian $ Pescatarian $ Dairy Free $ Peanut Free $ Tree Nut Free $ Soy Free $ No Sugar Added $ ,Jewish $ ,3/4,20,Cake $ Egg $ Onion $ Side $ Passover $ Quick & Easy $ Kosher $ Gourmet $ Sugar Conscious $ Kidney Friendly $ Vegetarian $ Pescatarian $ Dairy Free $ Peanut Free $ Tree Nut Free $ Soy Free $ No Sugar Added $ Jewish $ 
https://www.epicurious.com/recipes/food/views/the-amazing-low-fat-chopped-liver-104029,The Amazing Low-Fat Chopped Liver ,"8 ounces mushrooms $ 1 medium onion, quartered $ 1 teaspoon canola or olive oil $ Salt and freshly ground black pepper, to taste $ 2 ounces chicken or turkey liver $ 5 eggs $ 2 tablespoons chopped fresh parsley, plus sprigs for garnish $ ",Condiment/Spread $ Food Processor $ Chicken $ Mushroom $ Poultry $ Appetizer $ Sauté $ Cocktail Party $ Low Fat $ Fall $ Party $ Sugar Conscious $ Kidney Friendly $ Dairy Free $ Wheat/Gluten-Free $ Peanut Free $ Tree Nut Free $ Soy Free $ No Sugar Added $ Kosher $ ,Jewish $ ,2.5/4,3,Condiment/Spread $ Food Processor $ Chicken $ Mushroom $ Poultry $ Appetizer $ Sauté $ Cocktail Party $ Low Fat $ Fall $ Party $ Sugar Conscious $ Kidney Friendly $ Dairy Free $ Wheat/Gluten-Free $ Peanut Free $ Tree Nut Free $ Soy Free $ No Sugar Added $ Kosher $ Jewish $ 
https://www.epicurious.com/recipes/food/views/ruth-reichls-matzo-brei-109646,Ruth Reichl's Matzo Brei ,"4 matzos $ 4 large eggs $ 1 teaspoon salt, or to taste $ 3/4 stick (6 tablespoons) unsalted butter $ ",Egg $ Breakfast $ Brunch $ Side $ Quick & Easy $ Kosher $ Gourmet $ Sugar Conscious $ Vegetarian $ Pescatarian $ Peanut Free $ Tree Nut Free $ Soy Free $ No Sugar Added $ ,Jewish $ ,3/4,11,Egg $ Breakfast $ Brunch $ Side $ Quick & Easy $ Kosher $ Gourmet $ Sugar Conscious $ Vegetarian $ Pescatarian $ Peanut Free $ Tree Nut Free $ Soy Free $ No Sugar Added $ Jewish $ 
https://www.epicurious.com/recipes/food/views/orange-date-nut-diamonds-1695,Orange Date-Nut Diamonds ,"1 1/2 cups sugar $ 3/4 cup frozen orange juice concentrate, thawed $ 6 tablespoons water $ 1/2 cup plus 1 tablespoon matzo cake meal $ 6 tablespoons potato starch $ 1 teaspoon ground cinnamon $ 6 ounces pitted dates (about 1 1/4 cups), chopped $ 4 ounces bittersweet (not unsweetened) or semisweet chocolate, coarsely chopped $ 1 cup walnuts (about 4 ounces), toasted, coarsely chopped $ 6 tablespoons (3/4 stick) unsalted pareve margarine, melted, cooled $ 6 large eggs, separated $ 1 1/2 tablespoons grated orange peel $ 1/2 teaspoon salt $ 1/4 cup sugar $ 8 to 10 oranges $ ",Chocolate $ Dessert $ Bake $ Passover $ Orange $ Date $ Walnut $ Kosher $ Bon Appétit $ ,Jewish $ ,3.5/4,1,Chocolate $ Dessert $ Bake $ Passover $ Orange $ Date $ Walnut $ Kosher $ Bon Appétit $ Jewish $ 
https://www.epicurious.com/recipes/food/views/brisket-with-herbed-spinach-stuffing-101409,Brisket with Herbed Spinach Stuffing ,"3 tablespoons olive oil $ 2 cups chopped onions $ 4 garlic cloves, finely chopped $ 1 tablespoon chopped fresh thyme $ 1 10-ounce package frozen chopped spinach, thawed, squeezed dry $ 2 whole matzo sheets, finely crumbled (about 1 cup) $ 1 large egg, beaten to blend $ 1 4-pound flat-cut brisket $ 2 pounds onions, thinly sliced $ 2 1/4 cups canned chicken broth $ 3 large carrots, peeled, cut into 1-inch pieces $ 3 celery stalks, sliced $ 5 garlic cloves, peeled $ 1 tablespoon chopped fresh thyme $ 1 bay leaf $ ",Beef $ Leafy Green $ Herb $ Hanukkah $ Passover $ Sukkot $ Brisket $ Spinach $ Spring $ Kosher $ Thyme $ Bon Appétit $ ,Jewish $ ,3/4,9,Beef $ Leafy Green $ Herb $ Hanukkah $ Passover $ Sukkot $ Brisket $ Spinach $ Spring $ Kosher $ Thyme $ Bon Appétit $ Jewish $ 
https://www.epicurious.com/recipes/food/views/chili-cumin-fried-fish-101408,Chili-Cumin Fried Fish ,"2 pounds white fish fillets (such as sea bass, orange roughy or red snapper), each about 1 inch thick $ Coarse salt $ 3 large eggs, beaten to blend $ 1 cup unsalted matzo meal $ 4 teaspoons chili powder $ 1 1/2 teaspoons ground cumin $ 1/2 teaspoon ground black pepper $ 1/2 teaspoon coarse salt $ 1/4 cup (or more) vegetable oil $ Lemon wedges $ Fresh cilantro sprigs $ ",Fish $ Fry $ Passover $ Spring $ Kosher $ Bon Appétit $ ,Jewish $ ,3/4,14,Fish $ Fry $ Passover $ Spring $ Kosher $ Bon Appétit $ Jewish $ 
https://www.epicurious.com/recipes/food/views/zucchini-parmesan-latkes-40007,Zucchini Parmesan Latkes ,"2 pounds zucchini $ 1/2 pound russet potatoes, peeled $ 1/2 tablespoon lemon juice $ 1 cup chopped scallions $ 1/2 cup grated Parmesan cheese $ 1 teaspoon chopped garlic $ 3/4 cup chopped parsley $ 1 teaspoon salt $ 1/2 tablespoon pepper $ 2 teaspoons sugar $ 1/3 cup flour $ 2 medium eggs $ Peanut oil for frying $ ",Egg $ Potato $ Side $ Fry $ Hanukkah $ Vegetarian $ Parmesan $ Zucchini $ Fall $ Kosher $ Parsley $ Sugar Conscious $ Pescatarian $ Tree Nut Free $ Soy Free $ ,Jewish $ ,3/4,13,Egg $ Potato $ Side $ Fry $ Hanukkah $ Vegetarian $ Parmesan $ Zucchini $ Fall $ Kosher $ Parsley $ Sugar Conscious $ Pescatarian $ Tree Nut Free $ Soy Free $ Jewish $ 
https://www.epicurious.com/recipes/food/views/haroset-40005,Haroset ,"8 apples $ 2/3 cup almonds $ 3 tablespoons sugar, or to taste $ 1/2 teaspoon ground cinnamon $ Grated rind of 1 lemon $ 4 tablespoons sweet red wine $ Measuring cup $ Measuring spoons $ Vegetable peeler $ Knife $ Wooden chopping bowl $ Old-fashioned chopper or food processor $ ",Side $ Kid-Friendly $ Quick & Easy $ Low Sodium $ Apple $ Almond $ Red Wine $ Fall $ Cinnamon $ ,Jewish $ ,3/4,11,Side $ Kid-Friendly $ Quick & Easy $ Low Sodium $ Apple $ Almond $ Red Wine $ Fall $ Cinnamon $ Jewish $ 
https://www.epicurious.com/recipes/food/views/passover-brownies-with-chocolate-wine-glaze-103334,Passover Brownies with Chocolate-Wine Glaze ,"6 oz bittersweet or semisweet chocolate, chopped $ 1 stick (1/2 cup) unsalted margarine or (if not keeping brownies pareve) butter, cut into pieces $ 3 large eggs $ 1 cup sugar $ 1/8 teaspoon salt $ 2 teaspoons finely grated fresh orange zest $ 3/4 cup matzo cake meal $ 3/4 cup walnuts, coarsely chopped (3 oz) $ 3 tablespoons sugar $ 2 tablespoons unsweetened cocoa powder (not Dutch process) $ 1/3 cup sweet red kosher wine such as Concord $ 2 oz bittersweet or semisweet chocolate, chopped $ 3/4 stick (6 tablespoons) unsalted margarine or (if not keeping glaze pareve) butter, cut into pieces $ 16 walnut halves $ ",Chocolate $ Egg $ Dessert $ Bake $ Passover $ Walnut $ Red Wine $ Spring $ Kosher $ Gourmet $ Kidney Friendly $ Vegetarian $ Pescatarian $ Peanut Free $ Soy Free $ ,Jewish $ ,3.5/4,10,Chocolate $ Egg $ Dessert $ Bake $ Passover $ Walnut $ Red Wine $ Spring $ Kosher $ Gourmet $ Kidney Friendly $ Vegetarian $ Pescatarian $ Peanut Free $ Soy Free $ Jewish $ 
https://www.epicurious.com/recipes/food/views/fennel-leek-and-spinach-soup-3141,"Fennel, Leek and Spinach Soup ",6 tablespoons (3/4 stick) unsalted pareve margarine $ 6 cups chopped fresh fennel bulbs $ 4 cups chopped leeks (white and pale green parts only) $ 6 cups chicken broth $ 2/3 cup (packed) fresh spinach leaves $ ,Soup/Stew $ Blender $ Vegetable $ Passover $ High Fiber $ Wheat/Gluten-Free $ Fennel $ Leek $ Spinach $ Kosher $ Bon Appétit $ ,Jewish $ ,3.5/4,34,Soup/Stew $ Blender $ Vegetable $ Passover $ High Fiber $ Wheat/Gluten-Free $ Fennel $ Leek $ Spinach $ Kosher $ Bon Appétit $ Jewish $ 
https://www.epicurious.com/recipes/food/views/rugelach-109475,Rugelach ,"2 cups all-purpose flour $ 1/2 teaspoon salt $ 2 sticks (1 cup) unsalted butter, softened $ 8 oz cream cheese, softened $ 1/2 cup plus 4 teaspoons sugar $ 1 teaspoon cinnamon $ 1 cup apricot preserves or raspberry jam $ 1 cup loosely packed golden raisins, chopped $ 1 1/4 cups walnuts (1/4 lb), finely chopped $ Milk for brushing cookies $ parchment paper; a small offset spatula $ ",Cookies $ Dessert $ Bake $ Rosh Hashanah/Yom Kippur $ Cream Cheese $ Raisin $ Apricot $ Walnut $ Kosher $ Jam or Jelly $ Gourmet $ New York $ Kidney Friendly $ Vegetarian $ Pescatarian $ Peanut Free $ Soy Free $ ,Jewish $ ,4/4,91,Cookies $ Dessert $ Bake $ Rosh Hashanah/Yom Kippur $ Cream Cheese $ Raisin $ Apricot $ Walnut $ Kosher $ Jam or Jelly $ Gourmet $ New York $ Kidney Friendly $ Vegetarian $ Pescatarian $ Peanut Free $ Soy Free $ Jewish $ 
https://www.epicurious.com/recipes/food/views/shabbat-mandarin-marble-loaf-15419,Shabbat Mandarin Marble Loaf ,"4 tablespoons unsweetened cocoa powder $ 3 tablespoons warm vegetable oil $ 1 cup vegetable oil $ 2 1/4 cups granulated sugar $ 5 eggs $ 4 teaspoons vanilla extract $ 1/4 cup water $ 1 cup undiluted frozenange juice, defrosted $ zest of 1 orange, finely minced $ 3 1/4 cups all-purpose flour $ 1/2 teaspoon baking soda $ 3 1/2 teaspoons baking powder $ 1/2 teaspoon salt $ 1/2 cup finely grated semi-sweet chocolate or miniature chocolate chips(optional) $ 1 cup confectioners' sugar $ 4-6 tablespoons orange juice $ Long shreds of orange zest (optional) $ ",Bread $ Chocolate $ Dessert $ Bake $ Sukkot $ Orange $ Fall $ Kosher $ ,Jewish $ ,3/4,15,Bread $ Chocolate $ Dessert $ Bake $ Sukkot $ Orange $ Fall $ Kosher $ Jewish $ 
https://www.epicurious.com/recipes/food/views/potato-blintzes-237,Potato Blintzes ,"1 tablespoon vegetable oil $ 1 1/4 pounds onions (about 2 large), sliced $ Pinch of sugar $ 1 1/2 pounds buttery potatoes (such as Yukon Gold) or russet potatoes, peeled, cut into 1-inch pieces $ 1/4 cup milk (do not use low-fat or nonfat) $ 10 7-inch square purchased egg roll wrappers, corners trimmed to make rounds $ 1 egg white $ 1 tablespoon vegetable oil $ Nonfat yogurt $ ",Onion $ Potato $ Brunch $ Low Fat $ Vegetarian $ Rosh Hashanah/Yom Kippur $ Bon Appétit $ Pescatarian $ Wheat/Gluten-Free $ Peanut Free $ Tree Nut Free $ Soy Free $ Kosher $ ,Jewish $ ,3.5/4,7,Onion $ Potato $ Brunch $ Low Fat $ Vegetarian $ Rosh Hashanah/Yom Kippur $ Bon Appétit $ Pescatarian $ Wheat/Gluten-Free $ Peanut Free $ Tree Nut Free $ Soy Free $ Kosher $ Jewish $ 
https://www.epicurious.com/recipes/food/views/raisin-streusel-cake-1634,Raisin Streusel Cake ,"1/4 cup (1/2 stick) unsalted margarine, room temperature $ 2/3 cup sugar $ 4 1/2 teaspoons ground cardamom $ 2 1/4 teaspoons ground cinnamon $ 1/2 cup matzo cake meal $ 1/2 cup matzo cake meal $ 1/2 cup potato starch $ 1/2 teaspoon salt $ 1/2 teaspoon ground ginger $ 5 large egg whites, room temperature $ 1 1/3 cups sugar $ 5 large egg yolks $ 1/3 cup liquid nondairy creamer $ 1/4 cup (1/2 stick) unsalted margarine, melted, cooled $ 2 tablespoons grated lemon peel $ 1 1/2 tablespoons fresh lemon juice $ 2/3 cup raisins $ ",Cake $ Mixer $ Dessert $ Bake $ Passover $ Raisin $ Kosher $ Bon Appétit $ Kidney Friendly $ Vegetarian $ Pescatarian $ Peanut Free $ Tree Nut Free $ Soy Free $ ,Jewish $ ,4/4,9,Cake $ Mixer $ Dessert $ Bake $ Passover $ Raisin $ Kosher $ Bon Appétit $ Kidney Friendly $ Vegetarian $ Pescatarian $ Peanut Free $ Tree Nut Free $ Soy Free $ Jewish $ 
https://www.epicurious.com/recipes/food/views/lemon-ice-torte-with-strawberry-rhubarb-sauce-1624,Lemon Ice Torte with Strawberry-Rhubarb Sauce ,"3 cups blanched slivered almonds, toasted (about 12 ounces) $ 1/2 cup sugar $ 5 tablespoons margarine, melted $ 1/4 teaspoon ground cinnamon $ 1/3 cup strawberry preserves $ 3 pints lemon or pineapple ice, sherbet or sorbet $ 1 cup sugar $ 1/2 cup water $ 1 vanilla bean, split lengthwise $ 1 20-ounce bag frozen unsweetened rhubarb $ 1 20-ounce bag frozen unsweetened strawberries $ 1 1-pint basket fresh strawberries $ Fresh mint sprigs $ ",Cake $ Food Processor $ Dessert $ Bake $ Freeze/Chill $ Passover $ Strawberry $ Lemon $ Kosher $ Rhubarb $ Bon Appétit $ Vegetarian $ Pescatarian $ Wheat/Gluten-Free $ Peanut Free $ Soy Free $ ,Jewish $ ,4/4,12,Cake $ Food Processor $ Dessert $ Bake $ Freeze/Chill $ Passover $ Strawberry $ Lemon $ Kosher $ Rhubarb $ Bon Appétit $ Vegetarian $ Pescatarian $ Wheat/Gluten-Free $ Peanut Free $ Soy Free $ Jewish $ 
https://www.epicurious.com/recipes/food/views/noodle-kugel-101428,Noodle Kugel ,"1/2 lb. wide egg noodles $ 1 lb. creamed or whipped cottage cheese $ 1 cup sour cream $ 1/4 lb. unsalted butter, melted $ 1/2 cup sugar $ 2 eggs, beaten $ 3/4 cup golden raisins $ 2 medium Granny Smith apples, peeled and sliced thin $ pinch of salt $ pinch of cinnamon $ 1 tsp. vanilla extract $ butter for greasing baking pan $ sour cream and fresh berries as an accompaniment, if desired $ ",Fruit $ Pasta $ Brunch $ Dessert $ Side $ Bake $ Passover $ Raisin $ Apple $ Spring $ Kosher $ Noodle $ Vegetarian $ Pescatarian $ Peanut Free $ Tree Nut Free $ Soy Free $ ,Jewish $ ,3.5/4,34,Fruit $ Pasta $ Brunch $ Dessert $ Side $ Bake $ Passover $ Raisin $ Apple $ Spring $ Kosher $ Noodle $ Vegetarian $ Pescatarian $ Peanut Free $ Tree Nut Free $ Soy Free $ Jewish $ 
https://www.epicurious.com/recipes/food/views/passover-chocolate-torte-with-raspberry-sauce-101369,Passover Chocolate Torte with Raspberry Sauce ,"8 ounces bittersweet (not unsweetened) or semisweet chocolate, chopped $ 1 cup (2 sticks) unsalted kosher-for-Passover pareve (non-dairy) margarine $ 8 large egg yolks $ 1 cup plus 1/3 cup sugar $ 5 large egg whites $ Paper doily $ Fresh raspberries (optional) $ Raspberry Sauce $ ",Cake $ Berry $ Chocolate $ Dessert $ Bake $ Passover $ Raspberry $ Spring $ Kosher $ Bon Appétit $ ,Jewish $ ,3.5/4,69,Cake $ Berry $ Chocolate $ Dessert $ Bake $ Passover $ Raspberry $ Spring $ Kosher $ Bon Appétit $ Jewish $ 
https://www.epicurious.com/recipes/food/views/matzo-almond-brittle-109341,Matzo Almond Brittle ,"2 cups matzo farfel $ Vegetable oil for brushing pan (unless using nonstick liner) $ 2 cups sugar $ 1/4 cup water $ 1/2 teaspoon salt $ 3 tablespoons salted butter or margarine, softened $ 1 1/2 cups sliced almonds (5 ounces), toasted $ ",Candy $ Nut $ Dessert $ Bake $ Passover $ Quick & Easy $ Almond $ Spring $ Kosher $ Candy Thermometer $ Gourmet $ Kidney Friendly $ Vegetarian $ Pescatarian $ Peanut Free $ Soy Free $ ,Jewish $ ,3/4,17,Candy $ Nut $ Dessert $ Bake $ Passover $ Quick & Easy $ Almond $ Spring $ Kosher $ Candy Thermometer $ Gourmet $ Kidney Friendly $ Vegetarian $ Pescatarian $ Peanut Free $ Soy Free $ Jewish $ 
https://www.epicurious.com/recipes/food/views/cheese-matzo-blintzes-with-asparagus-and-dill-109305,Cheese Matzo Blintzes with Asparagus and Dill ,"2 1/2 cups whole milk $ 1 1/3 cups matzo meal $ 4 large eggs $ 1/4 cup vegetable oil plus additional for brushing skillet $ 1/2 teaspoon salt $ 1 pound medium asparagus, trimmed $ 3 cups small-curd cottage cheese (4% milkfat; 24 ounces) $ 1/4 cup finely chopped fresh dill $ 1 large egg, lightly beaten $ 1/2 teaspoon black pepper $ 1/4 teaspoon salt $ 1/2 stick (1/4 cup) unsalted butter $ 2 bunches scallions, trimmed and cut into 1-inch pieces $ 1/4 teaspoon salt $ 1/4 teaspoon black pepper $ 2 tablespoons chopped fresh dill $ ",Blender $ Egg $ Bake $ Passover $ Vegetarian $ Asparagus $ Spring $ Kosher $ Cottage Cheese $ Dill $ Gourmet $ ,Jewish $ ,3.5/4,9,Blender $ Egg $ Bake $ Passover $ Vegetarian $ Asparagus $ Spring $ Kosher $ Cottage Cheese $ Dill $ Gourmet $ Jewish $ 
https://www.epicurious.com/recipes/food/views/sort-of-sephardic-sweet-potatoes-and-squash-40001,Sort of Sephardic Sweet Potatoes and Squash ,1 pound acorn or butternut squash $ 1 pound sweet potatoes or yams $ 2 tablespoons vegetable oil $ 1/4 cup dried cranberries or cherries $ 2 tablespoons brown sugar $ 1 teaspoon ground cinnamon $ Vegetable peeler $ Sharp paring knife $ Wooden spoon $ Frying pan $ Mixing bowl $ Aluminum foil $ Oblong casserole dish (about 9 by 13 inches) $ ,Side $ Vegetarian $ Kid-Friendly $ Low Cal $ Low Sodium $ Wheat/Gluten-Free $ Rosh Hashanah/Yom Kippur $ Cranberry $ Squash $ Sweet Potato/Yam $ Fall $ Kosher $ ,Jewish $ ,3/4,13,Side $ Vegetarian $ Kid-Friendly $ Low Cal $ Low Sodium $ Wheat/Gluten-Free $ Rosh Hashanah/Yom Kippur $ Cranberry $ Squash $ Sweet Potato/Yam $ Fall $ Kosher $ Jewish $ 
https://www.epicurious.com/recipes/food/views/classic-gefilte-fish-40014,Classic Gefilte Fish ,"7 to 7 1/2 pounds whole carp, whitefish, and pike, filleted and ground* $ 4 quarts cold water or to just cover $ 3 teaspoons salt or to taste $ 3 onions, peeled $ 4 medium carrots, peeled $ 2 tablespoons sugar or to taste $ 1 small parsnip, chopped (optional) $ 3 to 4 large eggs $ Freshly ground pepper to taste 1/2 cup cold water (approximately) $ 1/3 cup matzah meal (approximately) $ *Ask your fishmonger to grind the fish. Ask him to reserve the tails, fins, heads, and bones. Be sure he gives you the bones and trimmings. The more whitefish you add, the softer your gefilte fish will be. $ ",Egg $ Fish $ Onion $ Appetizer $ Sukkot $ Rosh Hashanah/Yom Kippur $ Carrot $ Fall $ Kosher $ Boil $ Sugar Conscious $ Pescatarian $ Dairy Free $ Peanut Free $ Tree Nut Free $ Soy Free $ ,Jewish $ ,2.5/4,14,Egg $ Fish $ Onion $ Appetizer $ Sukkot $ Rosh Hashanah/Yom Kippur $ Carrot $ Fall $ Kosher $ Boil $ Sugar Conscious $ Pescatarian $ Dairy Free $ Peanut Free $ Tree Nut Free $ Soy Free $ Jewish $ 
https://www.epicurious.com/recipes/food/views/chicken-soup-with-loads-of-vegetables-40015,Chicken Soup with Loads of Vegetables ,"4 quarts water $ 1 large cut-up chicken, preferably stewing or large roaster $ Marrow bones (optional) $ 2 whole onions, unpeeled $ 4 parsnips, peeled and left whole $ 1/2 cup chopped celery leaves plus 2 stalks celery and their leaves $ 2 stalks celery and their leaves $ 1 rutabaga, peeled and quartered $ 1 large turnip, peeled and quartered $ 1 kohlrabi, quartered (optional) $ 6 carrots, peeled and left whole $ 6 tablespoons chopped fresh parsley $ 6 tablespoons snipped dill $ 1 tablespoon salt $ 1/4 teaspoon pepper $ 1 zucchini $ ",Soup/Stew $ Chicken $ Purim $ Sukkot $ Rosh Hashanah/Yom Kippur $ Carrot $ Parsnip $ Zucchini $ Kosher $ Rutabaga $ Dill $ Parsley $ ,Jewish $ ,3.5/4,63,Soup/Stew $ Chicken $ Purim $ Sukkot $ Rosh Hashanah/Yom Kippur $ Carrot $ Parsnip $ Zucchini $ Kosher $ Rutabaga $ Dill $ Parsley $ Jewish $ 
https://www.epicurious.com/recipes/food/views/middle-eastern-nut-filled-multilayered-pastry-baklava-103991,Middle Eastern Nut-Filled Multilayered Pastry (Baklava) ,"3 cups sugar, or 2 cups sugar and 1 cup honey $ 1 1/2 cups water $ 2 tablespoons lemon juice $ 2 tablespoons light corn syrup (optional) $ 2 (3-inch) sticks cinnamon (optional) $ 4 to 6 whole cloves, or 1/2 teaspoon ground cardamom (optional) $ 1 pound blanched almonds, pistachios, walnuts, or any combination, finely chopped or coarsely ground (about 4 cups) $ 1/4 cup sugar $ 1 to 2 teaspoons ground cinnamon $ 1/4 teaspoon ground cloves or cardamom (optional) $ 1 pound (about 24 sheets) phyllo dough $ About 1 cup (2 sticks) melted butter or vegetable oil $ ",Dairy $ Nut $ Dessert $ Bake $ Rosh Hashanah/Yom Kippur $ Almond $ Spice $ Fall $ Kosher $ Party $ Phyllo/Puff Pastry Dough $ Pastry $ Kidney Friendly $ Vegetarian $ Pescatarian $ Peanut Free $ Soy Free $ ,Jewish $ ,4/4,99,Dairy $ Nut $ Dessert $ Bake $ Rosh Hashanah/Yom Kippur $ Almond $ Spice $ Fall $ Kosher $ Party $ Phyllo/Puff Pastry Dough $ Pastry $ Kidney Friendly $ Vegetarian $ Pescatarian $ Peanut Free $ Soy Free $ Jewish $ 
https://www.epicurious.com/recipes/food/views/moroccan-lamb-and-eggplant-matzo-pie-with-spicy-tomato-sauce-109312,Moroccan Lamb and Eggplant Matzo Pie with Spicy Tomato Sauce ,"8 tablespoons olive oil plus additional for brushing on matzo $ 1 medium onion, finely chopped $ 1 1/2 pounds ground lamb $ 3 garlic cloves, finely chopped $ 2 1/2 teaspoons salt $ 1 1/2 teaspoons ras-el-hanout (Moroccan spice blend)* $ 1 teaspoon dried oregano, crumbled $ 1 teaspoon dried mint, crumbled $ 1/2 teaspoon black pepper $ 1/4 teaspoon cinnamon $ 2 (28- to 32-ounce) cans whole tomatoes in juice, chopped (6 cups), reserving juice $ 2 pound eggplant, peeled and cut crosswise into 1/3-inch slices $ 6 matzos (about 6 inches square) $ 1/4 teaspoon cayenne $ 3/4 teaspoon sugar $ ",Lamb $ Tomato $ Bake $ Sauté $ Passover $ Mint $ Spice $ Eggplant $ Spring $ Kosher $ Cinnamon $ Gourmet $ ,Jewish $ Moroccan $ ,3.5/4,49,Lamb $ Tomato $ Bake $ Sauté $ Passover $ Mint $ Spice $ Eggplant $ Spring $ Kosher $ Cinnamon $ Gourmet $ Jewish $ Moroccan $ 
https://www.epicurious.com/recipes/food/views/yemenite-high-holy-day-soup-40002,Yemenite High Holy Day Soup ,"3 celery stalks, cut into 2-inch pieces $ 1 medium zucchini, peeled and cubed $ 3 carrots, cut into 3-inch pieces $ 1 large tomato, almost quartered but not cut apart at bottom $ 3 potatoes, peeled and diced, kept in cold water $ 3 pounds beef shoulder, ribs, or stew meat (fat removed) $ 3 pieces (about 2 pounds) marrow bones $ 1 3-pound chicken, cleaned and quartered $ Up to 5 quarts water $ 10-12 cloves garlic, unpeeled $ 9 small white onions $ 1 large white turnip, quartered but unpeeled $ 4 leeks or 8 green onions, coarsely cut $ 1 small bunch fresh parsley or fresh coriander, woody stems trimmed away $ Salt to taste $ 1 tablespoon hawayij (Yemenite spices), or to taste $ Storage cups for refrigerating $ Covered soup kettle $ Large slotted spoon $ ",Soup/Stew $ Beef $ Chicken $ Garlic $ Onion $ Potato $ Tomato $ Kid-Friendly $ High Fiber $ Wheat/Gluten-Free $ Rosh Hashanah/Yom Kippur $ Celery $ Leek $ Zucchini $ Fall $ Kosher $ ,Jewish $ ,3/4,14,Soup/Stew $ Beef $ Chicken $ Garlic $ Onion $ Potato $ Tomato $ Kid-Friendly $ High Fiber $ Wheat/Gluten-Free $ Rosh Hashanah/Yom Kippur $ Celery $ Leek $ Zucchini $ Fall $ Kosher $ Jewish $ 
https://www.epicurious.com/recipes/food/views/chocolate-lovers-honey-cake-14606,Chocolate Lovers' Honey Cake ,2 ounces unsweetened chocolate $ 2 cups unbleached all-purpose flour $ 1/2 teaspoon baking soda $ 1 teaspoon baking powder $ 1 1/2 teaspoons cinnamon $ 2 large eggs $ 3 tablespoons vegetable oil $ 3/4 cup honey $ 2/3 cup light-brown sugar $ 1/2 cup orange juice $ 1 cup mini chocolate chips $ ,Cake $ Chocolate $ Citrus $ Dessert $ Rosh Hashanah/Yom Kippur $ Fall $ Kosher $ Kidney Friendly $ Vegetarian $ Pescatarian $ Peanut Free $ Tree Nut Free $ Soy Free $ ,Jewish $ ,2.5/4,11,Cake $ Chocolate $ Citrus $ Dessert $ Rosh Hashanah/Yom Kippur $ Fall $ Kosher $ Kidney Friendly $ Vegetarian $ Pescatarian $ Peanut Free $ Tree Nut Free $ Soy Free $ Jewish $ 
https://www.epicurious.com/recipes/food/views/easiest-noodle-kugel-100318,Easiest Noodle Kugel ,"8 ounces wide egg noodles $ 1 cup dark raisins $ 5 large eggs $ 1 cup sour cream $ 1/2 cup (1 stick) unsalted butter, melted, cooled $ 1/3 cup sugar $ 4 cups whole milk $ 3 cups cornflakes, coarsely crushed $ 1/4 cup (packed) dark brown sugar $ ",Egg $ Pasta $ Brunch $ Dessert $ Side $ Bake $ Kid-Friendly $ Rosh Hashanah/Yom Kippur $ Raisin $ Kosher $ Shavuot $ Sour Cream $ Bon Appétit $ Los Angeles $ California $ Vegetarian $ Pescatarian $ Peanut Free $ Tree Nut Free $ Soy Free $ ,Jewish $ ,3.5/4,84,Egg $ Pasta $ Brunch $ Dessert $ Side $ Bake $ Kid-Friendly $ Rosh Hashanah/Yom Kippur $ Raisin $ Kosher $ Shavuot $ Sour Cream $ Bon Appétit $ Los Angeles $ California $ Vegetarian $ Pescatarian $ Peanut Free $ Tree Nut Free $ Soy Free $ Jewish $ 
https://www.epicurious.com/recipes/food/views/crispy-traditional-potato-pancakes-40006,Crispy Traditional Potato Pancakes ,"2 pounds russet (baking) or Yukon Gold potatoes $ 1 medium onion $ 1/2 cup chopped scallions, including the green part $ 1 large egg, beaten $ Salt and freshly ground pepper to taste $ N/A $ Vegetable oil for frying $ ",Egg $ Onion $ Potato $ Side $ Fry $ Hanukkah $ Vegetarian $ Kid-Friendly $ Kosher $ Sugar Conscious $ Pescatarian $ Dairy Free $ Wheat/Gluten-Free $ Peanut Free $ Tree Nut Free $ Soy Free $ No Sugar Added $ ,Jewish $ ,3/4,35,Egg $ Onion $ Potato $ Side $ Fry $ Hanukkah $ Vegetarian $ Kid-Friendly $ Kosher $ Sugar Conscious $ Pescatarian $ Dairy Free $ Wheat/Gluten-Free $ Peanut Free $ Tree Nut Free $ Soy Free $ No Sugar Added $ Jewish $ 
https://www.epicurious.com/recipes/food/views/a-nineties-twist-to-a-grandmothers-roast-chicken-102023,A Nineties Twist to a Grandmother's Roast Chicken ,"4 cloves garlic or to taste $ 1 4-pound chicken, cut into 8 pieces $ salt and freshly ground pepper to taste $ sprigs of fresh rosemary, thyme, and sage $ 1/4 cup vegetable or olive oil $ ",Chicken $ Poultry $ Roast $ Sukkot $ Rosh Hashanah/Yom Kippur $ Kosher $ ,Jewish $ ,3.5/4,6,Chicken $ Poultry $ Roast $ Sukkot $ Rosh Hashanah/Yom Kippur $ Kosher $ Jewish $ 
https://www.epicurious.com/recipes/food/views/frutta-caramellata-101062,Frutta Caramellata ,vegetable oil for brushing foil $ 12 small strawberries $ 1 mandarin orange such as clementine $ about 24 wooden skewers $ 2 cups sugar $ ,Fruit $ Dessert $ Passover $ Vegetarian $ Strawberry $ Orange $ Spring $ Kosher $ Vegan $ Gourmet $ ,Italian $ Jewish $ ,0/4,0,Fruit $ Dessert $ Passover $ Vegetarian $ Strawberry $ Orange $ Spring $ Kosher $ Vegan $ Gourmet $ Italian $ Jewish $ 
https://www.epicurious.com/recipes/food/views/chicken-tagine-with-spring-vegetables-107931,Chicken Tagine with Spring Vegetables ,"1 lemon, halved $ 6 medium artichokes, stems trimmed to 1/2 inch $ 1/2 cup (about) olive oil $ 1 pound onions, chopped $ 8 large garlic cloves, chopped $ 3 tablespoons (packed) grated lemon peel $ 1 tablespoon ground coriander $ 2 teaspoons Hungarian sweet paprika $ 1 1/2 teaspoons ground cumin $ 1 1/2 teaspoons ground ginger $ 1/4 teaspoon cayenne pepper $ 8 tablespoons chopped fresh parsley $ 8 tablespoons chopped fresh dill $ 8 tablespoons chopped fresh mint $ 4 pounds skinless boneless chicken thighs, trimmed of excess fat $ 4 cups low-salt chicken broth $ 3 fresh fennel bulbs, trimmed, bulbs quartered vertically $ 5 large carrots (about 1 1/2 pounds), peeled, cut into 1-inch lengths $ ",Chicken $ Garlic $ Onion $ Roast $ Passover $ Mint $ Artichoke $ Fennel $ Carrot $ Spring $ Kosher $ Dill $ Parsley $ Bon Appétit $ ,Jewish $ Moroccan $ ,3.5/4,41,Chicken $ Garlic $ Onion $ Roast $ Passover $ Mint $ Artichoke $ Fennel $ Carrot $ Spring $ Kosher $ Dill $ Parsley $ Bon Appétit $ Jewish $ Moroccan $ 
https://www.epicurious.com/recipes/food/views/heavenly-apple-cake-14602,Heavenly Apple Cake ,"3 cups unbleached all-purpose flour $ 2 tablespoons wheat germ (optional) $ 1/2 teaspoon salt $ 1 tablespoon baking powder $ 6 small Rome, Granny Smith, Yellow Delicious, or other low-moisture apples $ Juice of 1/2 lemon $ 4 large eggs $ 1 cup vegetable oil $ 2 cups sugar $ 1 tablespoon vanilla extract $ 1/2 cup orange juice $ 1 teaspoon cinnamon $ ",Cake $ Egg $ Fruit $ Dessert $ Sukkot $ Rosh Hashanah/Yom Kippur $ Apple $ Fall $ Kosher $ Kidney Friendly $ Vegetarian $ Pescatarian $ Dairy Free $ Peanut Free $ Tree Nut Free $ Soy Free $ ,Jewish $ ,3/4,62,Cake $ Egg $ Fruit $ Dessert $ Sukkot $ Rosh Hashanah/Yom Kippur $ Apple $ Fall $ Kosher $ Kidney Friendly $ Vegetarian $ Pescatarian $ Dairy Free $ Peanut Free $ Tree Nut Free $ Soy Free $ Jewish $ 
https://www.epicurious.com/recipes/food/views/moms-noodle-kugel-6006,Mom's Noodle Kugel ,Water $ 1 teaspoon salt $ 1 1/2 cup wide noodles $ 1 egg $ 3 tablespoons sugar $ 1 tablespoon butter or margarine $ 1/4 teaspoon cinnamon $ 1/2 cup raisins $ 1/8 teaspoon salt $ 1 1/8 cups cottage cheese (optional) $ 3/8 cup sour cream (optional) $ ,Pasta $ Side $ Bake $ Rosh Hashanah/Yom Kippur $ Casserole/Gratin $ Raisin $ Spring $ Kosher $ Cottage Cheese $ Sour Cream $ Kidney Friendly $ Vegetarian $ Pescatarian $ Peanut Free $ Tree Nut Free $ Soy Free $ ,Jewish $ ,2.5/4,10,Pasta $ Side $ Bake $ Rosh Hashanah/Yom Kippur $ Casserole/Gratin $ Raisin $ Spring $ Kosher $ Cottage Cheese $ Sour Cream $ Kidney Friendly $ Vegetarian $ Pescatarian $ Peanut Free $ Tree Nut Free $ Soy Free $ Jewish $ 
https://www.epicurious.com/recipes/food/views/orange-chocolate-and-hazelnut-mandelbrot-2792,"Orange, Chocolate and Hazelnut Mandelbrot ","2 large eggs $ 1/4 cup frozen orange juice concentrate, thawed $ 2 1/2 tablespoons grated orange peel $ 2 cups all purpose flour $ 2 1/2 teaspoons baking powder $ 1 teaspoon salt $ 1/4 teaspoon ground ginger $ 1/4 teaspoon ground cinnamon $ 1/2 cup (1 stick) chilled unsalted butter or margarine, cut into small pieces $ 1 1/3 cups sugar $ 1 3/4 cups hazelnuts, toasted, husked $ 6 ounces bittersweet (not unsweetened) or semisweet chocolate, coarsely chopped $ 14 ounces bittersweet (not unsweetened) or semisweet chocolate, chopped $ ",Cookies $ Chocolate $ Citrus $ Nut $ Dessert $ Bake $ Orange $ Winter $ Chill $ Kosher $ Edible Gift $ Hazelnut $ Bon Appétit $ Kidney Friendly $ ,Jewish $ ,3.5/4,6,Cookies $ Chocolate $ Citrus $ Nut $ Dessert $ Bake $ Orange $ Winter $ Chill $ Kosher $ Edible Gift $ Hazelnut $ Bon Appétit $ Kidney Friendly $ Jewish $ 
https://www.epicurious.com/recipes/food/views/apple-matzoh-kugel-104862,Apple-Matzoh Kugel ,"4 large apples, Granny Smith or any tart apple, cored and cut into medium dice $ 1/2 cup light brown sugar $ 1/4 cup orange juice $ 6 plain matzohs $ 8 eggs $ 1 teaspoon salt $ 1 teaspoon ground cinnamon $ 1 1/2 cups sugar $ 1/2 cup (8 tablespoons) butter or margarine, melted $ 1 cup golden raisins $ 1 cup dried apricots, medium, chopped $ 4 tablespoons butter or margarine, cut into small pieces, for casserole topping $ ",Fruit Juice $ Egg $ Fruit $ Dessert $ Bake $ Passover $ Orange $ Raisin $ Apple $ Apricot $ Spring $ Kosher $ ,Jewish $ ,3.5/4,141,Fruit Juice $ Egg $ Fruit $ Dessert $ Bake $ Passover $ Orange $ Raisin $ Apple $ Apricot $ Spring $ Kosher $ Jewish $ 
https://www.epicurious.com/recipes/food/views/roast-veal-brisket-with-marsala-mushroom-sauce-2893,Roast Veal Brisket with Marsala-Mushroom Sauce ,"2 6-to 7-pound point-end veal breasts, boned, fat trimmed (about 2 1/2 pounds each after boning), bones reserved and cut into pieces $ Dried thyme $ 1 1/2 pounds medium onions, quartered $ 2 tablespoons all purpose flour $ 1 1/2 pounds button mushrooms, thickly sliced $ 4 cups chicken stock or canned low-salt broth $ 2 cups dry imported Marsala $ 2 ounces dried porcini mushrooms, rinsed, drained $ 8 large garlic cloves $ 1/4 teaspoon (generous) ground allspice $ Fresh thyme (optional) $ ",Mushroom $ Onion $ Braise $ Hanukkah $ Veal $ Marsala $ Winter $ Bon Appétit $ ,Italian $ Jewish $ ,3.5/4,13,Mushroom $ Onion $ Braise $ Hanukkah $ Veal $ Marsala $ Winter $ Bon Appétit $ Italian $ Jewish $ 
https://www.epicurious.com/recipes/food/views/chicken-soup-108014,Chicken Soup ,"1 pound chicken parts $ 2 stalks celery, including leafy tops, cut into 3-inch pieces $ 1 whole chicken, thoroughly rinsed $ Salt to rub inside chicken $ 1 large whole onion, unpeeled (find one with a firm, golden-brown peel) $ 1 large whole carrot, peeled $ 1 medium whole parsnip, peeled $ 2 teaspoons salt $ 1/4 teaspoon pepper $ 1 bunch of dill, cleaned and tied with a string $ Note: The Deli's recipe calls for both a whole chicken plus 1 pound of chicken parts. You can, however, use just 1 large chicken and cut off both wings, the neck, and a leg to use as parts. $ ",Soup/Stew $ Chicken $ Poultry $ Vegetable $ Passover $ Low/No Sugar $ Carrot $ Parsnip $ Spring $ Kosher $ Dill $ Simmer $ ,Jewish $ ,3/4,35,Soup/Stew $ Chicken $ Poultry $ Vegetable $ Passover $ Low/No Sugar $ Carrot $ Parsnip $ Spring $ Kosher $ Dill $ Simmer $ Jewish $ 
https://www.epicurious.com/recipes/food/views/muriels-chicken-soup-with-almond-matzo-balls-104623,Muriel's Chicken Soup with Almond Matzo Balls ,"2 large eggs $ 2 tablespoons vegetable oil $ 1/2 cup matzo meal $ 1/2 cup whole almonds with skins (2 oz), coarsely chopped $ 2 tablespoons chopped fresh dill $ 3/4 teaspoon salt $ 1/4 teaspoon pepper $ 1/4 teaspoon cinnamon $ 6 1/3 cupsChicken stock or broth $ Garnish: fresh dill sprigs $ ",Soup/Stew $ Appetizer $ Passover $ Almond $ Chill $ Kosher $ Simmer $ Gourmet $ Sugar Conscious $ Kidney Friendly $ Dairy Free $ Peanut Free $ Soy Free $ No Sugar Added $ ,Jewish $ ,2.5/4,6,Soup/Stew $ Appetizer $ Passover $ Almond $ Chill $ Kosher $ Simmer $ Gourmet $ Sugar Conscious $ Kidney Friendly $ Dairy Free $ Peanut Free $ Soy Free $ No Sugar Added $ Jewish $ 
https://www.epicurious.com/recipes/food/views/toasted-hazelnut-cake-103338,Toasted-Hazelnut Cake ,"1 1/2 cups hazelnuts (8 ounces), toasted $ 1/4 cup matzo cake meal $ 1 cup sugar $ 4 large eggs, separated, at room temperature $ 1 teaspoon finely grated fresh lemon zest $ 1/4 teaspoon salt $ Warm Sweet Chocolate Glaze $ ",Cake $ Food Processor $ Mixer $ Egg $ Nut $ Dessert $ Bake $ Passover $ Spring $ Kosher $ Hazelnut $ Gourmet $ Kidney Friendly $ Vegetarian $ Pescatarian $ Dairy Free $ Peanut Free $ Soy Free $ ,Jewish $ ,3.5/4,8,Cake $ Food Processor $ Mixer $ Egg $ Nut $ Dessert $ Bake $ Passover $ Spring $ Kosher $ Hazelnut $ Gourmet $ Kidney Friendly $ Vegetarian $ Pescatarian $ Dairy Free $ Peanut Free $ Soy Free $ Jewish $ 
https://www.epicurious.com/recipes/food/views/potato-kugel-klein-13255,Potato Kugel Klein ,"1 stick (1/2 cup) unsalted butter $ 1 tablespoon finely chopped fresh parsley leaves $ 1 tablespoon finely chopped fresh rosemary leaves $ 1 tablespoon finely chopped fresh marjoram $ 5 cups chopped onion $ 1/2 pound mushrooms, sliced $ 3 tablespoons dried dill $ 4 large eggs, beaten lightly $ 2 1/4 cups sour cream $ 1/2 cup matzo meal $ 3 russet (baking) potatoes, peeled (about 1 1/2 pounds) $ ",Mushroom $ Onion $ Potato $ Side $ Bake $ Rosh Hashanah/Yom Kippur $ Casserole/Gratin $ Rosemary $ Gourmet $ New York $ Vegetarian $ Pescatarian $ Peanut Free $ Tree Nut Free $ Soy Free $ No Sugar Added $ Kosher $ ,Jewish $ ,3/4,12,Mushroom $ Onion $ Potato $ Side $ Bake $ Rosh Hashanah/Yom Kippur $ Casserole/Gratin $ Rosemary $ Gourmet $ New York $ Vegetarian $ Pescatarian $ Peanut Free $ Tree Nut Free $ Soy Free $ No Sugar Added $ Kosher $ Jewish $ 
https://www.epicurious.com/recipes/food/views/pecan-meringue-cookies-109314,Pecan Meringue Cookies ,"1 large egg white $ 1 cup light brown granulated sugar, regular light brown sugar, or turbinado sugar $ Pinch of salt $ 1/4 teaspoon ground allspice or nutmeg $ 1 1/2 cups finely chopped pecans $ ",Cookies $ Mixer $ Egg $ Nut $ Bake $ Passover $ Pecan $ Spice $ Spring $ Kosher $ ,Jewish $ ,3.5/4,12,Cookies $ Mixer $ Egg $ Nut $ Bake $ Passover $ Pecan $ Spice $ Spring $ Kosher $ Jewish $ 
https://www.epicurious.com/recipes/food/views/strawberry-rhubarb-compote-with-matzo-streusel-topping-109345,Strawberry Rhubarb Compote with Matzo Streusel Topping ,"1 1/4 cups sugar $ 3 tablespoons potato starch $ 2 pounds strawberries (4 pints), trimmed and halved (6 cups) $ 1 1/2 pounds rhubarb stalks, cut crosswise into 1/2-inch slices (4 cups) $ 2 teaspoons fresh lemon juice $ 1 teaspoon finely grated fresh lemon zest $ 1 1/4 cups matzo cake meal $ 2/3 cup packed light brown sugar $ 1/4 cup potato starch $ 1/2 teaspoon cinnamon $ 1/4 teaspoon salt $ 1 1/4 sticks (10 tablespoons) unsalted butter or margarine, cut into pieces and softened $ ",Fruit $ Dessert $ Bake $ Passover $ Quick & Easy $ Strawberry $ Spring $ Kosher $ Rhubarb $ Gourmet $ Vegetarian $ Pescatarian $ Peanut Free $ Tree Nut Free $ Soy Free $ ,Jewish $ ,3.5/4,17,Fruit $ Dessert $ Bake $ Passover $ Quick & Easy $ Strawberry $ Spring $ Kosher $ Rhubarb $ Gourmet $ Vegetarian $ Pescatarian $ Peanut Free $ Tree Nut Free $ Soy Free $ Jewish $ 
https://www.epicurious.com/recipes/food/views/matzo-balls-109343,Matzo Balls ,"4 large eggs, separated $ 1/4 cup chicken fat (reserved from broth, if available) or pareve kosher-for-Passover margarine, melted, cooled $ 2 tablespoons chopped fresh parsley $ 1/2 teaspoon coarse kosher salt $ 1/4 teaspoon ground black pepper $ 2/3 cup unsalted matzo meal $ ",Egg $ Side $ Passover $ Spring $ Kosher $ Bon Appétit $ Sugar Conscious $ Kidney Friendly $ Dairy Free $ Peanut Free $ Tree Nut Free $ Soy Free $ No Sugar Added $ ,Jewish $ ,4/4,5,Egg $ Side $ Passover $ Spring $ Kosher $ Bon Appétit $ Sugar Conscious $ Kidney Friendly $ Dairy Free $ Peanut Free $ Tree Nut Free $ Soy Free $ No Sugar Added $ Jewish $ 
https://www.epicurious.com/recipes/food/views/vanilla-chiffon-cake-with-chocolate-sorbet-3145,Vanilla Chiffon Cake with Chocolate Sorbet ,"1 1/2 cups sugar $ 1/2 cup matzo cake meal $ 1/2 cup potato starch $ 1 1/2 vanilla beans, chopped $ 1/2 teaspoon coarse salt $ 7 large eggs, separated $ 2 tablespoons vegetable oil $ 2 tablespoons brandy $ Chocolate Sorbet $ ",Cake $ Food Processor $ Mixer $ Egg $ Dessert $ Bake $ Passover $ Vanilla $ Brandy $ Kosher $ Bon Appétit $ Kidney Friendly $ Vegetarian $ Pescatarian $ Dairy Free $ Peanut Free $ Tree Nut Free $ Soy Free $ ,Jewish $ ,3/4,7,Cake $ Food Processor $ Mixer $ Egg $ Dessert $ Bake $ Passover $ Vanilla $ Brandy $ Kosher $ Bon Appétit $ Kidney Friendly $ Vegetarian $ Pescatarian $ Dairy Free $ Peanut Free $ Tree Nut Free $ Soy Free $ Jewish $ 
https://www.epicurious.com/recipes/food/views/salmon-and-smoked-salmon-rolls-with-dill-sauce-3140,Salmon and Smoked Salmon Rolls with Dill Sauce ,"1 1 1/2 pound center-cut salmon fillet $ 6 large zucchini (each about 7 inches long and 1 1/2 inches thick), trimmed $ 1 1/2 cups mayonnaise $ 3/4 cup plus 3 tablespoons chopped fresh dill $ 7 teaspoons white wine vinegar $ 6 ounces smoked salmon (not lox), coarsely chopped $ 3 tablespoons chopped dill pickle $ ",Fish $ Passover $ Mayonnaise $ Salmon $ Zucchini $ Dill $ Bon Appétit $ ,Jewish $ ,3.5/4,12,Fish $ Passover $ Mayonnaise $ Salmon $ Zucchini $ Dill $ Bon Appétit $ Jewish $ 
https://www.epicurious.com/recipes/food/views/quick-and-easy-cheese-blintz-casserole-102014,Quick-and-Easy Cheese Blintz Casserole ,"4 large eggs (no substitutes) $ 1 1/4 cups milk $ 2 tablespoons sour cream $ 1/4 cup butter, melted (for best flavor, no substitutes) $ 3/4 teaspoon vanilla extract $ 1 1/3 cups all-purpose flour $ 1 to 2 tablespoons sugar $ 1 1/4 teaspoons baking powder $ 2 (7 1/2- to 8-ounce) packages curd-style farmer cheese $ 1 (15- to 16-ounce) container ricotta cheese, any type $ 2 large eggs or 1/2 cup egg substitute $ 2 to 3 tablespoons sugar $ 2 tablespoons lemon juice $ sour cream $ plain or vanilla yogurt $ applesauce $ sliced fresh strawberries or other fruit $ ",Blender $ Food Processor $ Cheese $ Side $ Bake $ Hanukkah $ Rosh Hashanah/Yom Kippur $ Fall $ Kosher $ Shavuot $ Vegetarian $ Pescatarian $ Peanut Free $ Tree Nut Free $ Soy Free $ ,Jewish $ ,3/4,32,Blender $ Food Processor $ Cheese $ Side $ Bake $ Hanukkah $ Rosh Hashanah/Yom Kippur $ Fall $ Kosher $ Shavuot $ Vegetarian $ Pescatarian $ Peanut Free $ Tree Nut Free $ Soy Free $ Jewish $ 
https://www.epicurious.com/recipes/food/views/chocolate-dipped-macaroons-107951,Chocolate-Dipped Macaroons ,"5 large egg whites $ 1/2 vanilla bean, split lengthwise $ 1 1/3 cups sugar $ 4 cups long-shred unsweetened coconut (about 6 ounces), lightly toasted $ 3/4 cup slivered almonds, toasted, cooled, ground $ 12 ounces bittersweet (not unsweetened) or semisweet chocolate, finely chopped $ ",Cookies $ Chocolate $ Egg $ Dessert $ Bake $ Passover $ Coconut $ Almond $ Vanilla $ Spring $ Kosher $ Bon Appétit $ Kidney Friendly $ Vegetarian $ Pescatarian $ Dairy Free $ Wheat/Gluten-Free $ Peanut Free $ Soy Free $ ,Jewish $ ,3.5/4,32,Cookies $ Chocolate $ Egg $ Dessert $ Bake $ Passover $ Coconut $ Almond $ Vanilla $ Spring $ Kosher $ Bon Appétit $ Kidney Friendly $ Vegetarian $ Pescatarian $ Dairy Free $ Wheat/Gluten-Free $ Peanut Free $ Soy Free $ Jewish $ 
https://www.epicurious.com/recipes/food/views/braised-lamb-shanks-with-dried-fruits-12014,Braised Lamb Shanks with Dried Fruits ,"2 cups dry white wine $ 5 tablespoons olive oil $ 4 shallots, chopped fine $ 4 carrots, cut into 1/4-inch dice $ 4 garlic cloves, chopped fine $ 1 leek (white and pale green part only), halved lengthwise, washed well, and chopped fine $ a bouquet garni composed of 1 bay leaf, 1 fresh thyme sprig, and 1/4 bunch fresh parsley sprigs tied together in a cheesecloth bag $ 1 tablespoon cumin seed $ 1 teaspoon coriander seeds $ 6 lamb shanks (about 6 pounds total) $ 3 tablespoons olive oil $ 2 tablespoons all-purpose flour $ 3 medium vine-ripened tomatoes, chopped $ 2 cups water $ 4 tart apples such Jonathan $ 1/3 cup fresh orange juice $ 6 dried figs, chopped $ 6 dried pitted dates, chopped $ 6 dried apricots, chopped $ 2 tablespoons raisins $ 1 cup packed fresh mint leaves, washed well, spun dry, and shredded fine $ ",Fruit $ Lamb $ Braise $ Spring $ Kosher $ Gourmet $ ,Jewish $ ,3.5/4,4,Fruit $ Lamb $ Braise $ Spring $ Kosher $ Gourmet $ Jewish $ 
https://www.epicurious.com/recipes/food/views/pecan-macaroon-and-fig-tart-1706,Pecan Macaroon and Fig Tart ,"12 ounces Calimyrna figs, stemmed, chopped $ 1 cup water $ 6 tablespoons sugar $ 1 tablespoon chopped peeled fresh ginger $ 1 tablespoon fresh lemon juice $ 1 teaspoon (packed) grated lemon peel $ Matzo cake meal $ 2 cups (generous) pecans (about 8 ounces), toasted, cooled $ 3/4 cup sugar $ 1/4 teaspoon ground ginger $ 1/8 teaspoon salt $ 1 large egg $ 4 ounces bittersweet (not unsweetened) or semisweet chocolate, finely chopped $ Melted bittersweet chocolate (optional) $ Pecan halves (optional) $ ",Food Processor $ Dessert $ Bake $ Passover $ Fig $ Pecan $ Kosher $ Bon Appétit $ ,Jewish $ ,3.5/4,10,Food Processor $ Dessert $ Bake $ Passover $ Fig $ Pecan $ Kosher $ Bon Appétit $ Jewish $ 
https://www.epicurious.com/recipes/food/views/almond-macaroons-14950,Almond Macaroons ,"3 large egg whites $ Zest of 1 large lemon $ 1 cup sugar $ 1 1/2 cups blanched finely ground almonds $ Cooking spray, butter, or margarine for greasing pans $ ",Cookies $ Nut $ Dessert $ Bake $ Passover $ Low Sodium $ Almond $ Kosher $ ,Jewish $ ,3/4,6,Cookies $ Nut $ Dessert $ Bake $ Passover $ Low Sodium $ Almond $ Kosher $ Jewish $ 
https://www.epicurious.com/recipes/food/views/ellyn-goodrichs-alaskan-halibut-and-salmon-gefilte-fish-terrine-pareve-102011,Ellyn Goodrich's Alaskan Halibut and Salmon Gefilte Fish Terrine (Pareve) ,"1 tablespoon pareve margarine $ 2 pounds halibut fillets, skinned and boned $ 1 pound salmon fillets, skinned and boned $ 3 tablespoons vegetable oil $ 4 medium Spanish onions, diced $ 4 large eggs $ 2 cups cold water $ 6 tablespoons matzoh meal $ 1 tablespoon salt, or to taste $ 2 teaspoons freshly ground white pepper $ 2 tablespoons sugar $ 1 tablespoon fresh lemon juice $ 2 tablespoons snipped dill, plus more for garnish $ 2 large carrots, peeled $ parsley, for garnish $ prepared red horseradish for serving $ ",Food Processor $ Appetizer $ Bake $ Passover $ Halibut $ Salmon $ Spring $ Chill $ Kosher $ Sugar Conscious $ Pescatarian $ Peanut Free $ Tree Nut Free $ Soy Free $ ,Jewish $ ,4/4,53,Food Processor $ Appetizer $ Bake $ Passover $ Halibut $ Salmon $ Spring $ Chill $ Kosher $ Sugar Conscious $ Pescatarian $ Peanut Free $ Tree Nut Free $ Soy Free $ Jewish $ 
https://www.epicurious.com/recipes/food/views/braised-cod-with-chickpeas-102125,Braised Cod with Chickpeas ,"3 cups cooked chickpeas (see Note) or 2 15-ounce cans $ 6 or 7 large garlic cloves, peeled and sliced $ 4 or 5 hot peppers or 1 teaspoon red-pepper flakes $ 6 tablespoons olive oil $ 1/2 teaspoon toasted cumin seeds, ground $ 2 pounds cod fillets, about 1 inch thick $ salt $ freshly ground black pepper $ cilantro or parsley sprigs $ lemon wedges $ ",Appetizer $ Braise $ High Fiber $ Dinner $ Cod $ Chickpea $ Fall $ Kosher $ Pescatarian $ Dairy Free $ Wheat/Gluten-Free $ Peanut Free $ Tree Nut Free $ Soy Free $ No Sugar Added $ ,African $ Jewish $ ,3/4,19,Appetizer $ Braise $ High Fiber $ Dinner $ Cod $ Chickpea $ Fall $ Kosher $ Pescatarian $ Dairy Free $ Wheat/Gluten-Free $ Peanut Free $ Tree Nut Free $ Soy Free $ No Sugar Added $ African $ Jewish $ 
https://www.epicurious.com/recipes/food/views/caramelized-onion-and-wine-braised-brisket-with-glazed-vegetables-426,Caramelized-Onion and Wine-Braised Brisket with Glazed Vegetables ,"4 cups canned low-salt chicken broth $ 1 750-ml bottle dry white wine $ 1/2 cup brandy $ 1/3 cup vegetable oil $ 2 pounds meaty beef neck bones $ 3 1/2 pounds onions, thinly sliced $ 4 large celery stalks, sliced $ 1 1/2 teaspoons whole allspice $ 6 garlic cloves, chopped $ 2 teaspoons dried thyme $ 1 4 1/2- to 5-pound flat-cut brisket $ 3/4 cup chopped canned tomatoes $ 1 tablespoon tomato paste $ 2 1/2 pounds mixed baby vegetables (such as zucchini, crookneck and pattypan squashes, turnips, carrots and new potatoes) $ 8 red boiling onions $ 1/4 cup (1/2 stick) margarine $ 1/4 cup honey $ 1 teaspoon dried thyme $ 10 ounces cherry tomatoes $ 4 ounces asparagus tips or sugar snap peas $ ",Beef $ Herb $ Onion $ Tomato $ Vegetable $ Braise $ Roast $ High Fiber $ Purim $ Brisket $ White Wine $ Kosher $ Bon Appétit $ ,Jewish $ ,3.5/4,25,Beef $ Herb $ Onion $ Tomato $ Vegetable $ Braise $ Roast $ High Fiber $ Purim $ Brisket $ White Wine $ Kosher $ Bon Appétit $ Jewish $ 
https://www.epicurious.com/recipes/food/views/red-wine-mushroom-ragout-1628,Red Wine Mushroom Ragoût ,"1/4 cup vegetable oil $ 5 pounds meaty beef neck bones, cut into 2-inch pieces $ 1 pound onions, sliced $ 7 cups water $ 2 750-ml bottles dry red wine $ 1 large plum tomato, chopped $ 1/8 teaspoon ground cloves $ 1/4 cup (1/2 stick) unsalted pareve margarine $ 1 cup chopped shallots $ 1 large fresh rosemary sprigs $ 3 pounds mushrooms, thickly sliced $ ",Soup/Stew $ Mushroom $ Side $ Sauté $ Stew $ Passover $ Rosemary $ Red Wine $ Chill $ Kosher $ Bon Appétit $ Wheat/Gluten-Free $ Peanut Free $ Tree Nut Free $ Soy Free $ ,Jewish $ ,3.5/4,2,Soup/Stew $ Mushroom $ Side $ Sauté $ Stew $ Passover $ Rosemary $ Red Wine $ Chill $ Kosher $ Bon Appétit $ Wheat/Gluten-Free $ Peanut Free $ Tree Nut Free $ Soy Free $ Jewish $ 
https://www.epicurious.com/recipes/food/views/cold-beet-borscht-102010,Cold Beet Borscht ,"3 large or 4 medium fresh beets $ juice of 1 1/2 lemons, approximately $ salt $ pinch of sour salt (optional) $ 5 cups water $ 2 extra-large whole eggs or 4 yolks $ pinch of sugar, if needed $ white pepper to taste $ garnishes: sour cream and (optional) boiled potatoes $ ",Soup/Stew $ Beet $ Chill $ Kosher $ ,Jewish $ ,2.5/4,11,Soup/Stew $ Beet $ Chill $ Kosher $ Jewish $ 
https://www.epicurious.com/recipes/food/views/georgian-challah-40021,Georgian Challah ,2 tablespoons yeast $ 1 teaspoon sugar $ 2 cups warm water $ 6 cups all-purpose flour (about) $ 1 tablespoon salt $ 1/3 cup vegetable oil $ ,Bread $ Side $ Bake $ Purim $ Rosh Hashanah/Yom Kippur $ Kosher $ Sugar Conscious $ Vegan $ Vegetarian $ Pescatarian $ Dairy Free $ Peanut Free $ Tree Nut Free $ Soy Free $ ,Jewish $ ,2.5/4,14,Bread $ Side $ Bake $ Purim $ Rosh Hashanah/Yom Kippur $ Kosher $ Sugar Conscious $ Vegan $ Vegetarian $ Pescatarian $ Dairy Free $ Peanut Free $ Tree Nut Free $ Soy Free $ Jewish $ 
https://www.epicurious.com/recipes/food/views/mark-siegels-whitefish-salad-40022,Mark Siegel's Whitefish Salad ,"1 4-pound smoked whitefish $ 5 stalks celery, strings removed $ 2 cups sour cream (approximately) $ 3 heaping tablespoons mayonnaise $ Freshly ground pepper to taste $ 2 tablespoons snipped fresh dill $ 2 tablespoons chopped parsley $ Garnish: sprigs of fresh dill and/or parsley $ ",Salad $ Fish $ Breakfast $ Rosh Hashanah/Yom Kippur $ Fall $ Kosher $ Sugar Conscious $ Pescatarian $ Wheat/Gluten-Free $ Peanut Free $ Tree Nut Free $ Soy Free $ ,Jewish $ ,3/4,7,Salad $ Fish $ Breakfast $ Rosh Hashanah/Yom Kippur $ Fall $ Kosher $ Sugar Conscious $ Pescatarian $ Wheat/Gluten-Free $ Peanut Free $ Tree Nut Free $ Soy Free $ Jewish $ 
https://www.epicurious.com/recipes/food/views/torta-di-carote-101063,Torta di Carote ,"parchment paper $ 1 1/2 cups whole blanched almonds (about 8 ounces) $ 1 cup granulated sugar $ 1 pound carrots (see note, above) $ 1 large lemon $ 1 stick (1/2 cup) margarine, softened $ 2 large egg yolks $ 1 teaspoon vanilla extract $ 1/2 teaspoon almond extract $ 4 tablespoons plus 3/4 teaspoon Passover cake meal or potato starch $ 1 teaspoon cinnamon $ 1/2 teaspoon freshly grated nutmeg $ 6 large egg whites $ 1/4 cup superfine granulated sugar $ ",Cake $ Egg $ Nut $ Vegetable $ Dessert $ Bake $ Passover $ Vegetarian $ Spring $ Kosher $ Gourmet $ ,Italian $ Jewish $ ,3.5/4,14,Cake $ Egg $ Nut $ Vegetable $ Dessert $ Bake $ Passover $ Vegetarian $ Spring $ Kosher $ Gourmet $ Italian $ Jewish $ 
https://www.epicurious.com/recipes/food/views/vegetarian-matzoh-balls-108017,Vegetarian Matzoh Balls ,"4 large eggs, separated $ 1 teaspoon salt $ Dash cayenne pepper $ 2 teaspoons white onion, grated $ 2 tablespoons unsalted butter, melted $ 3/4 cup matzoh meal $ 7 cups vegetable stock $ Additional stock for serving $ ",Passover $ Vegetarian $ Spring $ Kosher $ ,Jewish $ ,3.5/4,31,Passover $ Vegetarian $ Spring $ Kosher $ Jewish $ 
https://www.epicurious.com/recipes/food/views/citrus-sponge-cake-with-strawberries-104864,Citrus Sponge Cake with Strawberries ,"Potato starch (for dusting cake pan) $ 2 teaspoons vegetable oil $ 1/2 cup matzoh cake meal $ 3/4 cup potato starch $ 8 extra-large eggs, separated, at room temperature $ 1 cup sugar $ 1/4 cup orange juice $ Juice of 1 large lemon $ 1 teaspoon freshly grated orange zest $ 1 teaspoon freshly grated lemon zest $ 1 1/2 teaspoons pure vanilla extract $ 1/2 teaspoon almond extract $ 1/4 teaspoon salt $ 3 pints strawberries, stemmed, washed, and thinly sliced $ 1/2 cup orange juice $ 1 tablespoon sugar $ ",Cake $ Fruit Juice $ Mixer $ Citrus $ Fruit $ Dessert $ Bake $ Passover $ Strawberry $ Lemon $ Orange $ Spring $ Kosher $ ,Jewish $ ,3/4,4,Cake $ Fruit Juice $ Mixer $ Citrus $ Fruit $ Dessert $ Bake $ Passover $ Strawberry $ Lemon $ Orange $ Spring $ Kosher $ Jewish $ 
https://www.epicurious.com/recipes/food/views/german-apple-cake-versunkener-apfelkuchen-104024,German Apple Cake (Versunkener Apfelkuchen) ,"3 cups all-purpose flour $ 1 tablespoon double-acting baking powder $ 1/2 teaspoon salt $ 1 cup (2 sticks) unsalted butter or margarine, softened $ 1 3/4 cups sugar $ 3 large eggs, separated $ 1/2 cup milk $ 8 medium (about 3 pounds) cooking apples, such as Golden Delicious, Granny Smith, Gravenstein, Greening, Jonathan, Macoun, Pippin, Starr, Winesap, Yellow Transparent, or any combination, cored and diced (peeling is optional) $ 1 cup confectioners' sugar, or 1/2 cup confectioners' sugar and 1/2 cup light brown sugar $ 1/2 teaspoon vanilla or almond extract $ 1 to 2 tablespoons milk or water $ ",Cake $ Mixer $ Dairy $ Fruit $ Dessert $ Bake $ Sukkot $ Rosh Hashanah/Yom Kippur $ Apple $ Fall $ Kosher $ Vegetarian $ Pescatarian $ Peanut Free $ Soy Free $ ,German $ Jewish $ Ashkenazi $ ,3/4,24,Cake $ Mixer $ Dairy $ Fruit $ Dessert $ Bake $ Sukkot $ Rosh Hashanah/Yom Kippur $ Apple $ Fall $ Kosher $ Vegetarian $ Pescatarian $ Peanut Free $ Soy Free $ German $ Jewish $ Ashkenazi $ 
https://www.epicurious.com/recipes/food/views/fluffy-matzah-balls-108012,Fluffy Matzah Balls ,"4 large eggs $ 2 tablespoons chicken fat or vegetable oil $ 1/4 cup seltzer, club soda, or chicken broth $ 1 cup matzah meal $ Salt and freshly ground pepper to taste $ N/A freshly ground black pepper $ ",Passover $ Spring $ Kosher $ ,Jewish $ ,3.5/4,16,Passover $ Spring $ Kosher $ Jewish $ 
https://www.epicurious.com/recipes/food/views/matzo-balls-108015,Matzo Balls ,1 tablespoon plus 1/4 teaspoon salt $ 4 large eggs $ 1/3 cup schmaltz $ 1/4 teaspoon pepper $ 1 tablespoon baking powder $ 1 1/3 cups matzo meal $ ,Passover $ Spring $ Kosher $ ,Jewish $ ,1.5/4,9,Passover $ Spring $ Kosher $ Jewish $ 
https://www.epicurious.com/recipes/food/views/kids-matzoh-pizza-104860,Kids' Matzoh Pizza ,3 eggs $ 2 cups matzoh farfel $ 1/4 teaspoon salt $ 2 tablespoons vegetable oil $ 2/3 cup seasoned tomato sauce $ 1 cup grated mozzarella cheese $ ,Egg $ Tomato $ Bake $ Kid-Friendly $ Quick & Easy $ Mozzarella $ Pan-Fry $ Kosher $ ,Jewish $ ,2.5/4,12,Egg $ Tomato $ Bake $ Kid-Friendly $ Quick & Easy $ Mozzarella $ Pan-Fry $ Kosher $ Jewish $ 
https://www.epicurious.com/recipes/food/views/crema-di-asparagi-allo-zafferano-101057,Crema di Asparagi Allo Zafferano ,4 1/2 to 5 cups vegetable or chicken broth $ 1/4 teaspoon crumbled saffron threads $ 1/3 cup shelled natural pistachios or pine nuts $ 3 1/2 pounds asparagus (about 3 large bunches) $ 1 large russet (baking) potato $ 1/4 cup margarine $ 1/2 cup packed fresh flat-leafed parsley leaves $ freshly ground black pepper $ ,Soup/Stew $ Appetizer $ Passover $ Pistachio $ Saffron $ Asparagus $ Spring $ Kosher $ Parsley $ Gourmet $ Pescatarian $ Wheat/Gluten-Free $ Peanut Free $ Soy Free $ No Sugar Added $ ,Italian $ Jewish $ ,3.5/4,18,Soup/Stew $ Appetizer $ Passover $ Pistachio $ Saffron $ Asparagus $ Spring $ Kosher $ Parsley $ Gourmet $ Pescatarian $ Wheat/Gluten-Free $ Peanut Free $ Soy Free $ No Sugar Added $ Italian $ Jewish $ 
https://www.epicurious.com/recipes/food/views/fig-fluden-14605,Fig Fluden ,"2/3 cup unsalted butter or parve margarine (or half butter and half vegetable shortening), cut into tablespoon-size pieces $ 2 cups unbleached all-purpose flour $ 1/2 teaspoon salt $ 1/4 cup ice water $ 4 cups water $ 2 tea bags $ Grated peel and juice of 1 lemon $ 2 cinnamon sticks $ 3 cups dried figs, stemmed $ 1/3 cup sugar $ 2 tablespoons bou'ha, or other fruit liqueur $ 1 large egg, lightly beaten $ ",Citrus $ Fruit $ Dessert $ Sukkot $ Rosh Hashanah/Yom Kippur $ Fig $ Fall $ Kosher $ ,Jewish $ ,4/4,2,Citrus $ Fruit $ Dessert $ Sukkot $ Rosh Hashanah/Yom Kippur $ Fig $ Fall $ Kosher $ Jewish $ 
https://www.epicurious.com/recipes/food/views/sweet-potato-matzo-ball-tzimmes-with-apricot-sauce-3143,Sweet Potato Matzo Ball Tzimmes with Apricot Sauce ,"2 large red-skinned sweet potatoes (yams; about 1 1/2 pounds) $ 1 1/4 cups unsalted matzo meal $ 5 large eggs $ 12 tablespoons (1 1/2 sticks) unsalted pareve margarine $ 2 1/2 tablespoons sugar $ 1 3/4 teaspoons coarse salt $ 1 1/4 teaspoons ground ginger $ 3 cups apple juice $ 1 6-ounce package dried apricots $ 1 cinnamon stick, broken in half $ 1/3 cup apricot jam $ Chopped fresh mint $ ",Food Processor $ Microwave $ Fruit $ Side $ Bake $ Passover $ Apricot $ Sweet Potato/Yam $ Kosher $ Bon Appétit $ Vegetarian $ Pescatarian $ Peanut Free $ Tree Nut Free $ Soy Free $ ,Jewish $ ,3.5/4,12,Food Processor $ Microwave $ Fruit $ Side $ Bake $ Passover $ Apricot $ Sweet Potato/Yam $ Kosher $ Bon Appétit $ Vegetarian $ Pescatarian $ Peanut Free $ Tree Nut Free $ Soy Free $ Jewish $ 
