link,name,ingredients,recipe_category,recipe_cuisine,rating,rating_count,keywords
https://www.epicurious.com/recipes/food/views/white-kimchi-353892,White Kimchi ,"7 tablespoons coarse kosher salt, divided $ 1 large head of Napa cabbage, outer leaves discarded, cabbage quartered lengthwise with root ends left intact $ 1 tablespoon sugar $ 1 teaspoon fish sauce (such as nam pla or nuoc nam)* $ 1 Asian pear (about 12 ounces), peeled, cored, cut into matchstick-size strips $ 1/2 pound daikon (Japanese white radish),* peeled, cut into matchsticksize strips $ 6 green onions (white and pale green parts only), cut into matchstick-size strips $ 3 garlic cloves, minced $ ",Garlic $ Side $ Low Fat $ Low Cal $ High Fiber $ Chill $ Healthy $ Low Cholesterol $ Asian Pear $ Cabbage $ Green Onion/Scallion $ Bon Appétit $ Fat Free $ Pescatarian $ Dairy Free $ Wheat/Gluten-Free $ Peanut Free $ Tree Nut Free $ Soy Free $ ,Korean $ ,0/4,0,Garlic $ Side $ Low Fat $ Low Cal $ High Fiber $ Chill $ Healthy $ Low Cholesterol $ Asian Pear $ Cabbage $ Green Onion/Scallion $ Bon Appétit $ Fat Free $ Pescatarian $ Dairy Free $ Wheat/Gluten-Free $ Peanut Free $ Tree Nut Free $ Soy Free $ Korean $ 
https://www.epicurious.com/recipes/food/views/shrimp-and-green-onion-pancakes-353891,Shrimp and Green Onion Pancakes ,"2 large eggs $ 1 1/2 cups cold water $ 1/2 teaspoon coarse kosher salt $ 1/2 teaspoon gochu garu (Korean red pepper powder)* or 1/8 teaspoon cayenne pepper $ 1/4 teaspoon freshly ground black pepper $ 1 1/2 cups all purpose flour $ 1/2 pound uncooked shrimp, peeled, deveined, cut into 1/3-inch pieces $ 1 medium onion, halved, very thinly sliced $ 8 green onions (white and pale green parts only), cut into 3- to 4-inch-long matchstick-size strips $ 1 medium carrot, peeled, cut into 3-to 4-inch-long matchstick-size strips $ 1/2 cup reduced-sodium soy sauce $ 2 tablespoons water $ 2 tablespoons fresh lemon juice $ 2 teaspoons Asian sesame oil $ 1 teaspoon gochu garu (Korean red pepper powder)* or 1/4 teaspoon cayenne pepper $ 4 tablespoons vegetable oil, divided $ ",Egg $ Side $ Low Cal $ Dinner $ Shrimp $ Hot Pepper $ Pan-Fry $ Soy Sauce $ Green Onion/Scallion $ Bon Appétit $ Sugar Conscious $ Pescatarian $ Dairy Free $ Peanut Free $ Tree Nut Free $ No Sugar Added $ ,Korean $ ,3/4,13,Egg $ Side $ Low Cal $ Dinner $ Shrimp $ Hot Pepper $ Pan-Fry $ Soy Sauce $ Green Onion/Scallion $ Bon Appétit $ Sugar Conscious $ Pescatarian $ Dairy Free $ Peanut Free $ Tree Nut Free $ No Sugar Added $ Korean $ 
https://www.epicurious.com/recipes/food/views/field-greens-with-red-chili-dressing-353871,Field Greens with Red Chili Dressing ,"4 green onions (white and pale green parts only), chopped $ 1/4 cup vegetable oil $ 2 tablespoons unseasoned rice vinegar $ 1 teaspoon reduced-sodium soy sauce $ 1 teaspoon Asian sesame oil $ 1 garlic clove, peeled $ 1/2 teaspoon minced peeled fresh ginger $ 1/4 teaspoon dried crushed red pepper $ 12 cups mixed baby greens $ ",Salad $ Ginger $ Leafy Green $ Quick & Easy $ Low Cal $ High Fiber $ Vinegar $ Healthy $ Low Cholesterol $ Soy Sauce $ Green Onion/Scallion $ Bon Appétit $ ,Korean $ ,3.5/4,2,Salad $ Ginger $ Leafy Green $ Quick & Easy $ Low Cal $ High Fiber $ Vinegar $ Healthy $ Low Cholesterol $ Soy Sauce $ Green Onion/Scallion $ Bon Appétit $ Korean $ 
https://www.epicurious.com/recipes/food/views/chilled-cinnamon-ginger-tea-soojong-gwa-353230,Chilled Cinnamon-Ginger Tea (Soojong Gwa) ,"1 gallon water $ 3 sticks cinnamon $ One 2- to 3-inch piece ginger, sliced $ 1/4 cup (packed) brown sugar $ Pine nuts for garnish (optional) $ ",Non-Alcoholic $ Ginger $ Picnic $ Vegetarian $ Backyard BBQ $ Lunar New Year $ Spice $ Chill $ Healthy $ Vegan $ Cinnamon $ Party $ Boil $ Drink $ ,Asian $ Korean $ ,3/4,2,Non-Alcoholic $ Ginger $ Picnic $ Vegetarian $ Backyard BBQ $ Lunar New Year $ Spice $ Chill $ Healthy $ Vegan $ Cinnamon $ Party $ Boil $ Drink $ Asian $ Korean $ 
https://www.epicurious.com/recipes/food/views/cucumber-kimchi-oi-gimchi-353209,Cucumber Kimchi (Oi Gimchi) ,"10 pickling cucumbers, just over a pound $ 1/3 cup table salt $ 4 1/3 cups water $ 6 cloves garlic, minced $ 1/2 onion, diced $ 1/2 bunch Korean leeks (buchu), cut into 1/2-inch lengths $ 5 green onions, cut into 1/2-inch lengths $ 1/4 cup Korean chile powder $ 1 tablespoon coarse sea or kosher salt $ 1 teaspoon sugar $ ",Vegetable $ Side $ Vegetarian $ Dinner $ Lunch $ Leek $ Cucumber $ Healthy $ Vegan $ Pescatarian $ Dairy Free $ Wheat/Gluten-Free $ Peanut Free $ Tree Nut Free $ Soy Free $ Kosher $ ,Asian $ Korean $ ,2.5/4,1,Vegetable $ Side $ Vegetarian $ Dinner $ Lunch $ Leek $ Cucumber $ Healthy $ Vegan $ Pescatarian $ Dairy Free $ Wheat/Gluten-Free $ Peanut Free $ Tree Nut Free $ Soy Free $ Kosher $ Asian $ Korean $ 
https://www.epicurious.com/recipes/food/views/sweet-potato-noodles-japchae-353229,Sweet Potato Noodles (Japchae) ,"8 ounces sweet potato noodles $ 1/2 bunch spinach (about 4 ounces), rinsed and trimmed $ 2 cloves garlic, minced $ 1 tablespoon plus 1 1/2 teaspoons Asian sesame oil $ 1/4 teaspoon salt $ 1 tablespoon vegetable oil $ 6 ounces beef rib-eye, cut into 1/4- to 1/2-inch-thick strips $ 1/4 cup plus 1 teaspoon soy sauce $ 1/4 medium onion, sliced $ 3 to 4 pyongo or shiitake mushrooms, sliced $ 1 carrot, shredded or cut into thin strips $ 3 green onions, cut into 1-inch pieces $ 1/4 cup sugar $ Toasted sesame seeds for garnish $ ",Beef $ Dinner $ Lunch $ Meat $ Noodle $ Dairy Free $ Peanut Free $ Tree Nut Free $ Kosher $ ,Asian $ Korean $ ,3.5/4,6,Beef $ Dinner $ Lunch $ Meat $ Noodle $ Dairy Free $ Peanut Free $ Tree Nut Free $ Kosher $ Asian $ Korean $ 
https://www.epicurious.com/recipes/food/views/bibimbap-352271,Bibimbap ,"3/4 cup soy sauce $ 6 tablespoons toasted sesame oil $ 4 tablespoons light brown sugar $ 1 pound ground turkey, beef, or pork $ 2 tablespoons vegetable oil $ 4 large eggs $ 2 cups cooked rice (Chinese takeout works well) $ Assorted vegetables (shredded carrot, canned baby corn, spinach, bean sprouts, red onion
), steamed or raw $ Toasted sesame seeds $ ",Egg $ Quick & Easy $ Dinner $ Meat $ Soy Sauce $ New Year's Day $ Dairy Free $ Peanut Free $ Tree Nut Free $ Kosher $ ,Korean $ ,3/4,19,Egg $ Quick & Easy $ Dinner $ Meat $ Soy Sauce $ New Year's Day $ Dairy Free $ Peanut Free $ Tree Nut Free $ Kosher $ Korean $ 
https://www.epicurious.com/recipes/food/views/mandarin-orange-ice-cream-with-sesame-brittle-351911,Mandarin Orange Ice Cream with Sesame Brittle ,3 cups heavy cream $ 3 cups fresh mandarin orange or clementine juice $ 6 large egg yolks $ 3/4 cup sugar $ 1/3 cup mild honey $ 1/2 tablespoon grated mandarin orange or clementine zest $ 2/3 cup white sesame seeds (not toasted) $ 1/2 cup black sesame seeds (not toasted) $ 2/3 cup sugar $ 3 tablespoons mild honey $ Equipment: an ice cream maker $ ,Milk/Cream $ Ice Cream Machine $ Dessert $ Honey $ Orange Juice $ Gourmet $ Kidney Friendly $ Vegetarian $ Pescatarian $ Wheat/Gluten-Free $ Peanut Free $ Tree Nut Free $ Soy Free $ Kosher $ ,Korean $ ,2.5/4,3,Milk/Cream $ Ice Cream Machine $ Dessert $ Honey $ Orange Juice $ Gourmet $ Kidney Friendly $ Vegetarian $ Pescatarian $ Wheat/Gluten-Free $ Peanut Free $ Tree Nut Free $ Soy Free $ Kosher $ Korean $ 
https://www.epicurious.com/recipes/food/views/shrimp-and-scallion-pancakes-351910,Shrimp and Scallion Pancakes ,"2 garlic cloves $ 3/4 cup water $ 2 large eggs, beaten $ 1 tablespoon Asian sesame oil $ 3/4 cup all-purpose flour $ 1 bunch scallions, cut into thin matchsticks $ 1/2 red bell pepper, cut into thin matchsticks $ 1/2 pound medium shrimp, peeled and halved lengthwise $ 1/4 cup vegetable oil, divided $ Accompaniment: soy-pickled jalapeños including liquid $ ",Appetizer $ Quick & Easy $ Dinner $ Shrimp $ Pan-Fry $ Party $ Green Onion/Scallion $ Gourmet $ Sugar Conscious $ Kidney Friendly $ Pescatarian $ Dairy Free $ Peanut Free $ Tree Nut Free $ Soy Free $ No Sugar Added $ ,Korean $ ,3.5/4,9,Appetizer $ Quick & Easy $ Dinner $ Shrimp $ Pan-Fry $ Party $ Green Onion/Scallion $ Gourmet $ Sugar Conscious $ Kidney Friendly $ Pescatarian $ Dairy Free $ Peanut Free $ Tree Nut Free $ Soy Free $ No Sugar Added $ Korean $ 
https://www.epicurious.com/recipes/food/views/sesame-quail-eggs-351909,Sesame Quail Eggs ,16 quail eggs $ 1/2 cup water $ 2 tablespoons soy sauce $ 1 teaspoon sugar $ 1/4 teaspoon Asian sesame oil $ ,Egg $ Appetizer $ Side $ Quick & Easy $ Dinner $ Healthy $ Soy Sauce $ Sesame Oil $ Gourmet $ Sugar Conscious $ Kidney Friendly $ Vegetarian $ Pescatarian $ Dairy Free $ Peanut Free $ Tree Nut Free $ Kosher $ ,Korean $ ,3.5/4,5,Egg $ Appetizer $ Side $ Quick & Easy $ Dinner $ Healthy $ Soy Sauce $ Sesame Oil $ Gourmet $ Sugar Conscious $ Kidney Friendly $ Vegetarian $ Pescatarian $ Dairy Free $ Peanut Free $ Tree Nut Free $ Kosher $ Korean $ 
https://www.epicurious.com/recipes/food/views/korean-style-romaine-351894,Korean-Style Romaine ,"1 heart of romaine $ 1 teaspoon chopped garlic $ 1/2 teaspoon grated peeled ginger $ 1/4 teaspoon coarse Korean hot red-pepper flakes $ 1 tablespoon Asian sesame oil $ 1 tablespoon soy sauce $ 2 teaspoons water $ 1 teaspoon sesame seeds, toasted and crushed with side of a heavy knife $ ",Salad $ Garlic $ Ginger $ Appetizer $ Side $ Vegetarian $ Quick & Easy $ Dinner $ Healthy $ Vegan $ Soy Sauce $ Lettuce $ Gourmet $ Sugar Conscious $ Pescatarian $ Dairy Free $ Peanut Free $ Tree Nut Free $ No Sugar Added $ Kosher $ ,Korean $ ,3.5/4,22,Salad $ Garlic $ Ginger $ Appetizer $ Side $ Vegetarian $ Quick & Easy $ Dinner $ Healthy $ Vegan $ Soy Sauce $ Lettuce $ Gourmet $ Sugar Conscious $ Pescatarian $ Dairy Free $ Peanut Free $ Tree Nut Free $ No Sugar Added $ Kosher $ Korean $ 
https://www.epicurious.com/recipes/food/views/soy-pickled-jalapenos-351893,Soy-Pickled Jalapeños ,"3 large fresh jalapeños (4 inches), sliced 1/8 inch thick $ 1/2 cup soy sauce $ 1/2 cup water $ 2 teaspoons grated lemon zest $ 2 teaspoons packed dark brown sugar $ ",Side $ Vegetarian $ Quick & Easy $ Lemon $ Healthy $ Vegan $ Jalapeño $ Soy Sauce $ Boil $ Gourmet $ ,Korean $ ,3.5/4,6,Side $ Vegetarian $ Quick & Easy $ Lemon $ Healthy $ Vegan $ Jalapeño $ Soy Sauce $ Boil $ Gourmet $ Korean $ 
https://www.epicurious.com/recipes/food/views/grapefruit-soju-cocktails-351870,Grapefruit Soju Cocktails ,"1 tablespoon superfine granulated sugar, or to taste $ 1 quart strained fresh pink grapefruit juice (from about 8 large grapefruit), chilled $ 1 cup soju (sometimes called sochu), sake, or vodka, chilled $ Club soda or seltzer, chilled $ ",Alcoholic $ Brunch $ Cocktail Party $ Quick & Easy $ Grapefruit $ Sake $ Shower $ Engagement Party $ Party $ Gourmet $ Drink $ ,Korean $ ,2/4,4,Alcoholic $ Brunch $ Cocktail Party $ Quick & Easy $ Grapefruit $ Sake $ Shower $ Engagement Party $ Party $ Gourmet $ Drink $ Korean $ 
https://www.epicurious.com/recipes/food/views/brown-rice-and-barley-351917,Brown Rice and Barley ,2 cups short-or medium-grain brown rice $ 1/2 cup pearl barley $ 3 1/2 cups water $ ,Side $ Christmas $ Vegetarian $ Dinner $ Barley $ Healthy $ Vegan $ Christmas Eve $ Brown Rice $ Gourmet $ Sugar Conscious $ Kidney Friendly $ Pescatarian $ Dairy Free $ Peanut Free $ Tree Nut Free $ Soy Free $ No Sugar Added $ Kosher $ ,Korean $ ,3.5/4,15,Side $ Christmas $ Vegetarian $ Dinner $ Barley $ Healthy $ Vegan $ Christmas Eve $ Brown Rice $ Gourmet $ Sugar Conscious $ Kidney Friendly $ Pescatarian $ Dairy Free $ Peanut Free $ Tree Nut Free $ Soy Free $ No Sugar Added $ Kosher $ Korean $ 
https://www.epicurious.com/recipes/food/views/roasted-barley-or-corn-tea-351901,Roasted Barley or Corn Tea ,1/2 cup roasted barley or 1 cup roasted corn $ 4 quart water $ ,Hot Drink $ Non-Alcoholic $ Vegetarian $ Barley $ Corn $ Healthy $ Vegan $ Simmer $ Boil $ Gourmet $ ,Korean $ ,3/4,2,Hot Drink $ Non-Alcoholic $ Vegetarian $ Barley $ Corn $ Healthy $ Vegan $ Simmer $ Boil $ Gourmet $ Korean $ 
https://www.epicurious.com/recipes/food/views/warm-tofu-with-spicy-garlic-sauce-351871,Warm Tofu with Spicy Garlic Sauce ,"1 (14-to 18-ounces) package soft tofu (not silken) $ 1 teaspoon chopped garlic $ 1/4 cup chopped scallion $ 2 teaspoons sesame seeds, toasted and crushed with side of a heavy knife $ 3 tablespoons soy sauce $ 1 tablespoon Asian sesame oil $ 1 teaspoon coarse Korean hot red-pepper flakes $ 1/2 teaspoon sugar $ ",Garlic $ Side $ Vegetarian $ Quick & Easy $ Dinner $ Tofu $ Healthy $ Vegan $ Gourmet $ Sugar Conscious $ Kidney Friendly $ Pescatarian $ Dairy Free $ Peanut Free $ Tree Nut Free $ Kosher $ ,Korean $ ,3.5/4,62,Garlic $ Side $ Vegetarian $ Quick & Easy $ Dinner $ Tofu $ Healthy $ Vegan $ Gourmet $ Sugar Conscious $ Kidney Friendly $ Pescatarian $ Dairy Free $ Peanut Free $ Tree Nut Free $ Kosher $ Korean $ 
https://www.epicurious.com/recipes/food/views/hot-ginger-tea-with-cinnamon-351916,Hot Ginger Tea with Cinnamon ,3 quarts water $ 3/4 cup chopped pealed ginger $ 2 to 3 (3-inch) cinnamon sticks $ 24 pine nuts $ Mild honey to taste $ ,Hot Drink $ Ginger $ Pine Nut $ Honey $ Cinnamon $ Simmer $ Gourmet $ ,Korean $ ,2/4,3,Hot Drink $ Ginger $ Pine Nut $ Honey $ Cinnamon $ Simmer $ Gourmet $ Korean $ 
https://www.epicurious.com/recipes/food/views/sauteed-oyster-mushrooms-351872,Sautéed Oyster Mushrooms ,"1 tablespoon vegetable oil $ 1 pound small oyster mushrooms (any large ones cut into 1-inch pieces), stems trimmed $ 2 teaspoons cider vinegar $ ",Mushroom $ Side $ Sauté $ Vegetarian $ Quick & Easy $ Vinegar $ Healthy $ Vegan $ Gourmet $ Sugar Conscious $ Kidney Friendly $ Pescatarian $ Dairy Free $ Wheat/Gluten-Free $ Peanut Free $ Tree Nut Free $ Soy Free $ No Sugar Added $ Kosher $ ,Korean $ ,3.5/4,9,Mushroom $ Side $ Sauté $ Vegetarian $ Quick & Easy $ Vinegar $ Healthy $ Vegan $ Gourmet $ Sugar Conscious $ Kidney Friendly $ Pescatarian $ Dairy Free $ Wheat/Gluten-Free $ Peanut Free $ Tree Nut Free $ Soy Free $ No Sugar Added $ Kosher $ Korean $ 
https://www.epicurious.com/recipes/food/views/cucumber-apple-pickle-351891,Cucumber Apple Pickle ,1/2 pound Japanese or Kirby cucumbers $ 1 1/4 teaspoons fine sea salt $ 1/2 Fuji or Granny Smith apple $ 2 cups water $ 1/3 cup rice vinegar (not seasoned) or cider vinegar $ 1 tablespoon very thin matchsticks of peeled ginger $ 1/4 cup sugar $ Pinch of Korean hot red-pepper threads (optional) $ ,Ginger $ Side $ Marinate $ Vegetarian $ Quick & Easy $ Dinner $ Vinegar $ Apple $ Cucumber $ Healthy $ Vegan $ Gourmet $ Fat Free $ Pescatarian $ Dairy Free $ Wheat/Gluten-Free $ Peanut Free $ Tree Nut Free $ Soy Free $ Kosher $ ,Korean $ ,3/4,8,Ginger $ Side $ Marinate $ Vegetarian $ Quick & Easy $ Dinner $ Vinegar $ Apple $ Cucumber $ Healthy $ Vegan $ Gourmet $ Fat Free $ Pescatarian $ Dairy Free $ Wheat/Gluten-Free $ Peanut Free $ Tree Nut Free $ Soy Free $ Kosher $ Korean $ 
https://www.epicurious.com/recipes/food/views/short-rib-and-vegetable-stew-351895,Short Rib and Vegetable Stew ,"6 pounds beef short ribs (with bone; preferably cut into 2-inch pieces by butcher) $ 8 cups cold water plus 4 cups hot water $ 12 large dried Chinese black mushrooms $ 1 pound boiling potatoes $ 1 (3/4-pound) Korean radish or daikon, peeled and cut into 1-inch chunks $ 4 large carrots, sliced 1/2 inch thick $ 12 garlic cloves, smashed $ 1/2 cup dried red dates (optional) $ 1/2 cup soy sauce $ 2 tablespoons Asian fish sauce $ 2 tablespoons molasses (not robust or blackstrap) $ 1 tablespoon Korean hot red-pepper paste plus additional for serving $ 1 large onion, cut into 1-inch wedges $ 1 bunch scallions, cut into 2-inch pieces $ 3 tablespoons Asian sesame oil $ Accompaniment: brown rice and barley $ ",Mushroom $ Potato $ Dinner $ Date $ Radish $ Winter $ Chill $ Potluck $ Simmer $ Gourmet $ Dairy Free $ Peanut Free $ Tree Nut Free $ ,Korean $ ,3.5/4,3,Mushroom $ Potato $ Dinner $ Date $ Radish $ Winter $ Chill $ Potluck $ Simmer $ Gourmet $ Dairy Free $ Peanut Free $ Tree Nut Free $ Korean $ 
https://www.epicurious.com/recipes/food/views/quick-kimchi-351892,Quick Kimchi ,"1 (3-pound) head Napa cabbage $ 2 tablespoons chopped garlic $ 1 tablespoon chopped peeled ginger $ 2 tablespoons Asian fish sauce $ 2 teaspoons distilled white vinegar $ 1 bunch scallions, chopped (1 cup) $ 3 tablespoons sesame seeds, toasted and crushed with side of heavy knife $ 2 to 3 tablespoons coarse Korean hot red-pepper flakes $ 1/2 (1-pound) Asian pear $ ",Blender $ Ginger $ Side $ Vegetarian $ Quick & Easy $ Vinegar $ Healthy $ Vegan $ Cabbage $ Gourmet $ Pescatarian $ Dairy Free $ Wheat/Gluten-Free $ Peanut Free $ Tree Nut Free $ Soy Free $ No Sugar Added $ ,Korean $ ,3.5/4,12,Blender $ Ginger $ Side $ Vegetarian $ Quick & Easy $ Vinegar $ Healthy $ Vegan $ Cabbage $ Gourmet $ Pescatarian $ Dairy Free $ Wheat/Gluten-Free $ Peanut Free $ Tree Nut Free $ Soy Free $ No Sugar Added $ Korean $ 
https://www.epicurious.com/recipes/food/views/beef-bulgogi-350957,Beef Bulgogi ,"1/4 cup low-sodium soy sauce $ 2 tablespoons sugar $ 1 tablespoon Asian (toasted) sesame oil $ 1 tablespoon mirin (Japanese sweet rice wine) $ 1/4 Asian pear, coarsely grated (about 1/4 cup) $ 1/2 medium onion, coarsely grated (about 1/2 cup) $ 2 cloves garlic, minced (about 1 teaspoon) $ 1/2 teaspoon fresh ginger, peeled and finely grated $ 1 teaspoon sesame seeds, toasted , plus additional for garnish $ 1/4 teaspoon freshly ground black pepper $ 1 pound beef sirloin, trimmed of excess fat and thinly sliced $ 2 tablespoons vegetable oil $ 8 red leaf or bibb lettuce leaves, for serving $ 1 cup cooked white rice , for serving $ 1/2 cup kimchi, for serving $ 1 cup fresh enoki mushrooms, trimmed $ 4 teaspoons hot bean paste $ ",Beef $ Ginger $ Mushroom $ Dinner $ Healthy $ Soy Sauce $ Lettuce $ Dairy Free $ Peanut Free $ Tree Nut Free $ ,Korean $ ,3.5/4,17,Beef $ Ginger $ Mushroom $ Dinner $ Healthy $ Soy Sauce $ Lettuce $ Dairy Free $ Peanut Free $ Tree Nut Free $ Korean $ 
https://www.epicurious.com/recipes/food/views/sweet-potato-and-kim-chi-pancakes-350207,Sweet Potato and Kim Chi Pancakes ,"1 pound sweet potatoes $ 1 cup packed kimchi (7 ounces), very thinly sliced $ 1 1/2 teaspoons finely chopped garlic $ 1 to 2 tablespoons chopped fresh serrano chiles (including seeds; amount depends on heat of kimchi) $ 1 cup thinly sliced scallions (from about 2 bunches) $ 1 large egg, lightly beaten $ 1 teaspoon kosher salt $ 3/4 cup all-purpose flour $ About 1/2 cup corn oil or lard $ Accompaniment: soy-vinegar dipping sauce $ Equipment: an adjustable-blade slicer $ ",Cocktail Party $ Quick & Easy $ Dinner $ Hot Pepper $ Sweet Potato/Yam $ Pan-Fry $ Cabbage $ Party $ Potluck $ Gourmet $ Sugar Conscious $ Vegetarian $ Pescatarian $ Dairy Free $ Peanut Free $ Tree Nut Free $ Soy Free $ No Sugar Added $ Kosher $ ,Asian $ Korean $ ,3.5/4,14,Cocktail Party $ Quick & Easy $ Dinner $ Hot Pepper $ Sweet Potato/Yam $ Pan-Fry $ Cabbage $ Party $ Potluck $ Gourmet $ Sugar Conscious $ Vegetarian $ Pescatarian $ Dairy Free $ Peanut Free $ Tree Nut Free $ Soy Free $ No Sugar Added $ Kosher $ Asian $ Korean $ 
https://www.epicurious.com/recipes/food/views/cold-spicy-celery-350209,Cold Spicy Celery ,2 bunches celery (preferably organic) $ 2 teaspoons kosher salt $ 1 1/2 teaspoons fresh lemon juice $ 1/2 teaspoon coarse Korean chile flakes $ 1 tablespoon toasted peanut oil $ Sansho pepper to taste $ ,Vegetarian $ Dinner $ Lunch $ Celery $ Hot Pepper $ Healthy $ Potluck $ Gourmet $ Sugar Conscious $ Kidney Friendly $ Vegan $ Pescatarian $ Dairy Free $ Wheat/Gluten-Free $ Tree Nut Free $ Soy Free $ No Sugar Added $ Kosher $ ,Asian $ Korean $ ,2/4,2,Vegetarian $ Dinner $ Lunch $ Celery $ Hot Pepper $ Healthy $ Potluck $ Gourmet $ Sugar Conscious $ Kidney Friendly $ Vegan $ Pescatarian $ Dairy Free $ Wheat/Gluten-Free $ Tree Nut Free $ Soy Free $ No Sugar Added $ Kosher $ Asian $ Korean $ 
https://www.epicurious.com/recipes/food/views/salmon-bulgogi-with-bok-choy-and-mushrooms-242481,"Salmon ""Bulgogi"" with Bok Choy and Mushrooms ","2 large garlic cloves, peeled, divided $ 1/3 cup chopped green onions $ 1/4 cup soy sauce $ 1 tablespoon Chinese rice wine or dry Sherry $ 1 3/4-inch cube peeled fresh ginger $ 2 teaspoons sugar $ 1 teaspoon Asian sesame oil $ 3/4 teaspoon chili-garlic sauce* $ 4 6-ounce center-cut skinless salmon fillets $ 1 tablespoon olive oil $ 1 large bok choy, cut crosswise into 1/2-inch-wide strips (about 7 cups) $ 4 ounces fresh shiitake mushrooms, stemmed, caps sliced $ 
Available in the Asian foods section of many supermarkets and at Asian markets.
 $ ",Mushroom $ Roast $ Quick & Easy $ Low Cal $ High Fiber $ Dinner $ Salmon $ Summer $ Healthy $ Bok Choy $ Bon Appétit $ Pescatarian $ Dairy Free $ Peanut Free $ Tree Nut Free $ ,Korean $ ,3.5/4,96,Mushroom $ Roast $ Quick & Easy $ Low Cal $ High Fiber $ Dinner $ Salmon $ Summer $ Healthy $ Bok Choy $ Bon Appétit $ Pescatarian $ Dairy Free $ Peanut Free $ Tree Nut Free $ Korean $ 
https://www.epicurious.com/recipes/food/views/steak-and-eggs-korean-style-239793,Steak and Eggs Korean Style ,"1/4 cup mirin (sweet Japanese rice wine)* $ 2 tablespoons finely grated cored peeled Granny Smith apple $ 2 tablespoons soy sauce $ 2 tablespoons light corn syrup $ 1 1/2 tablespoons finely chopped green onion (white and pale green parts) $ 1 tablespoon (scant) Korean hot pepper paste $ 1 tablespoon (scant) minced peeled fresh ginger $ 2 garlic cloves, minced $ 1 1/2 teaspoons Asian sesame oil $ 1 1/2 teaspoons unseasoned rice vinegar $ 4 5-ounce pieces skirt steak $ 2 cups water $ 1 cup sushi rice (or other short-grain rice) $ 1 teaspoon salt $ 2 tablespoons plus 1 teaspoon canola oil $ 1 1/2 cups Napa cabbage kimchi, coarsely chopped $ 2 tablespoons unseasoned rice vinegar $ 4 large eggs $ Chopped green onions $ ",Egg $ Rice $ Breakfast $ Marinate $ Steak $ Sake $ Grill/Barbecue $ Cabbage $ Bon Appétit $ Dairy Free $ Peanut Free $ Tree Nut Free $ Kosher $ ,Korean $ ,3.5/4,5,Egg $ Rice $ Breakfast $ Marinate $ Steak $ Sake $ Grill/Barbecue $ Cabbage $ Bon Appétit $ Dairy Free $ Peanut Free $ Tree Nut Free $ Kosher $ Korean $ 
https://www.epicurious.com/recipes/food/views/korean-style-grilled-flank-steak-238936,Korean-Style Grilled Flank Steak ,"1/4 cup soy sauce $ 2 tablespoons rice vinegar (not seasoned) $ 1 tablespoon grated peeled ginger $ 1 garlic clove, minced $ 2 teaspoons Sriracha (Southeast Asian chile sauce) $ 2 teaspoons sugar $ 1 1/2 teaspoons Asian sesame oil $ 1 to 1 1/4 pound flank steak $ 2 scallions, finely chopped $ 2 tablespoons toasted sesame seeds $ Accompaniments: white rice; soft leaf lettuce $ ",Onion $ Soy $ Quick & Easy $ Backyard BBQ $ Steak $ Grill/Barbecue $ Gourmet $ ,Korean $ ,3.5/4,27,Onion $ Soy $ Quick & Easy $ Backyard BBQ $ Steak $ Grill/Barbecue $ Gourmet $ Korean $ 
https://www.epicurious.com/recipes/food/views/korean-style-short-ribs-237655,Korean-Style Short Ribs ,"1/4 cup sesame seeds, toasted and cooled completely $ 1 bunch scallions, trimmed and finely chopped $ 6 garlic cloves, minced $ 1/2 cup soy sauce $ 1/4 cup packed light brown sugar $ 3 tablespoons gochujang (Korean hot-pepper paste) $ 1 tablespoon Asian sesame oil $ 6 pounds beef short ribs or flanken $ 3 cups water $ 1 (2-inch) piece peeled fresh ginger, smashed $ Accompaniment: kimchi $ an electric coffee/spice grinder $ ",Beef $ Garlic $ Ginger $ Onion $ Marinate $ Beef Rib $ Sesame $ Gourmet $ ,Asian $ Korean $ ,3/4,14,Beef $ Garlic $ Ginger $ Onion $ Marinate $ Beef Rib $ Sesame $ Gourmet $ Asian $ Korean $ 
https://www.epicurious.com/recipes/food/views/boolgogi-233838,Boolgogi ,"1 pound sliced rib eye (or boolgogi beef) $ 1 teaspoon soy sauce $ 1 teaspoon sugar $ 3 garlic cloves, minced $ About 1/2 teaspoon black pepper (optional) $ ",Beef $ Garlic $ Marinate $ Stir-Fry $ Soy Sauce $ ,Korean $ ,3.5/4,4,Beef $ Garlic $ Marinate $ Stir-Fry $ Soy Sauce $ Korean $ 
https://www.epicurious.com/recipes/food/views/seasoned-soybean-sprouts-233840,Seasoned Soybean Sprouts ,"1 pound soybean sprouts $ Water $ 2 green onions, thinly chopped $ 3 garlic cloves, minced $ 1 tablespoon toasted sesame seeds, crushed $ 1 tablespoon sesame oil $ 1 1/2 to 2 teaspoons salt $ 1 to 2 teaspoons chili powder $ ",Bean $ Garlic $ Onion $ Side $ Quick & Easy $ Lunar New Year $ Boil $ Sugar Conscious $ Vegan $ Vegetarian $ Pescatarian $ Dairy Free $ Wheat/Gluten-Free $ Peanut Free $ Tree Nut Free $ No Sugar Added $ Kosher $ ,Korean $ ,3/4,7,Bean $ Garlic $ Onion $ Side $ Quick & Easy $ Lunar New Year $ Boil $ Sugar Conscious $ Vegan $ Vegetarian $ Pescatarian $ Dairy Free $ Wheat/Gluten-Free $ Peanut Free $ Tree Nut Free $ No Sugar Added $ Kosher $ Korean $ 
https://www.epicurious.com/recipes/food/views/rice-cake-soup-233837,Rice Cake Soup ,"Water $ 12 cups beef stock (see note below) $ 2 (2-pound) packages of Korean rice cake ovalettes $ 2 eggs, yolks separated from whites $ 1/4 pound Boolgogi , cooked $ 2 to 3 green onions, thinly sliced on the diagonal $ 2 to 3 sheets of seaweed (gim), cut into small, thin strips $ Salt $ Black pepper $ ",Soup/Stew $ Beef $ Egg $ Onion $ Rice $ Lunar New Year $ Winter $ ,Korean $ ,3/4,2,Soup/Stew $ Beef $ Egg $ Onion $ Rice $ Lunar New Year $ Winter $ Korean $ 
https://www.epicurious.com/recipes/food/views/traditional-napa-cabbage-kimchi-233839,Traditional Napa Cabbage Kimchi ,"1 cup plus 1 tablespoon coarse sea salt or kosher salt $ Water $ 2 heads Napa cabbage, cut into quarters or 2-inch wedges, depending on size of cabbage $ 1 bulb garlic, cloves separated and peeled $ 1 (2-inch) piece of ginger root $ 1/4 cup fish sauce or Korean salted shrimp $ 1 Asian radish, peeled and grated $ 1 bunch of green onions, cut into 1-inch lengths $ 1/2 cup Korean chili powder $ 1 teaspoon sugar (optional) $ Sesame oil (optional) $ Sesame seeds (optional) $ ",Garlic $ Pepper $ Vegetable $ Side $ Lunar New Year $ Shrimp $ Radish $ Cabbage $ Pescatarian $ Dairy Free $ Wheat/Gluten-Free $ Peanut Free $ Tree Nut Free $ Soy Free $ ,Asian $ Korean $ ,3/4,11,Garlic $ Pepper $ Vegetable $ Side $ Lunar New Year $ Shrimp $ Radish $ Cabbage $ Pescatarian $ Dairy Free $ Wheat/Gluten-Free $ Peanut Free $ Tree Nut Free $ Soy Free $ Asian $ Korean $ 
https://www.epicurious.com/recipes/food/views/korean-pancakes-230986,Korean Pancakes ,"3 tablespoons soy sauce $ 2 teaspoons rice vinegar (not seasoned) $ 1 tablespoon sesame seeds, toasted $ 1/4 teaspoon dried hot red pepper flakes $ 1/4 teaspoon Asian sesame oil $ 1 cup dried peeled (yellow) mung beans* $ 2 medium carrots $ 1 bunch scallions (white and pale green parts only) $ 1 (5-inch) fresh red chile, thinly sliced crosswise (2 tablespoons), including seeds $ 1 tablespoon minced garlic (about 3 cloves) $ 1 cup water $ 2 large eggs $ 2 tablespoons all-purpose flour $ 1 teaspoon salt $ 4 tablespoons vegetable oil $ a Japanese Benriner** or other adjustable-blade slicer $ ",Bean $ Side $ Fry $ Vegetarian $ Hot Pepper $ Carrot $ Gourmet $ Sugar Conscious $ Pescatarian $ Dairy Free $ Peanut Free $ Tree Nut Free $ No Sugar Added $ Kosher $ ,Korean $ ,3.5/4,22,Bean $ Side $ Fry $ Vegetarian $ Hot Pepper $ Carrot $ Gourmet $ Sugar Conscious $ Pescatarian $ Dairy Free $ Peanut Free $ Tree Nut Free $ No Sugar Added $ Kosher $ Korean $ 
https://www.epicurious.com/recipes/food/views/korean-style-noodles-with-vegetables-230985,Korean-Style Noodles with Vegetables ,"5 to 6 oz very thin bean thread noodles* (in small skeins, also known as cellophane, glass, or mung bean noodles) $ 1/2 cup tamari* (wheat-free sauce from refined soy) $ 3 tablespoons Asian sesame oil $ 3 tablespoons sugar $ 1 tablespoon chopped garlic (2 cloves) $ 1 tablespoon safflower oil $ 1 medium onion, sliced lengthwise 1/8 inch thick (1 1/2 cups) $ 3 medium carrots, cut into 1/8-inch-thick matchsticks (2 inches long) $ 1/4 lb mushrooms, trimmed and sliced 1/8 inch thick (1 1/2 cups) $ 3 cups baby spinach (2 1/2 oz) $ ",Mushroom $ Onion $ Stir-Fry $ Vegetarian $ Quick & Easy $ Spinach $ Carrot $ Healthy $ Vegan $ Noodle $ Gourmet $ ,Korean $ ,3/4,20,Mushroom $ Onion $ Stir-Fry $ Vegetarian $ Quick & Easy $ Spinach $ Carrot $ Healthy $ Vegan $ Noodle $ Gourmet $ Korean $ 
https://www.epicurious.com/recipes/food/views/napa-cabbage-kimchi-104681,Napa Cabbage Kimchi ,"4 pounds napa cabbage $ 3/4 cup coarse salt $ 1 teaspoon finely minced gingerroot $ 1 cup red pepper powder $ 2 tablespoons sugar $ 3 tablespoons garlic juice $ 1 cup onion juice $ 4 ounces scallions, cut into 1-inch lengths $ 3 tablespoons coarse salt $ ",Side $ Healthy $ Vegan $ Cabbage $ Vegetarian $ Pescatarian $ Dairy Free $ Wheat/Gluten-Free $ Peanut Free $ Tree Nut Free $ Soy Free $ Kosher $ ,Korean $ ,3.5/4,3,Side $ Healthy $ Vegan $ Cabbage $ Vegetarian $ Pescatarian $ Dairy Free $ Wheat/Gluten-Free $ Peanut Free $ Tree Nut Free $ Soy Free $ Kosher $ Korean $ 
https://www.epicurious.com/recipes/food/views/korean-style-tuna-tartare-109287,Korean-Style Tuna Tartare ,"2 medium carrots $ 4 spring onions $ 1 400 g (1 pound) piece fresh yellowfin tuna $ 1 small Chinese cabbage heart, finely shredded (about 1 cup) $ leaves from 1 bunch coriander (cilantro) $ 3 tablespoons roasted pine nuts $ 1 recipe Sesame Dressing $ 4 egg yolks $ 2 tablespoons sesame seeds, toasted $ freshly ground white pepper $ ",Egg $ Fish $ No-Cook $ Pine Nut $ Tuna $ Cabbage $ Sesame $ ,Korean $ ,4/4,7,Egg $ Fish $ No-Cook $ Pine Nut $ Tuna $ Cabbage $ Sesame $ Korean $ 
https://www.epicurious.com/recipes/food/views/korean-style-grilled-beef-short-ribs-and-scallions-12552,Korean-Style Grilled Beef Short Ribs and Scallions ,"six 1 1/2- to 2-inch-thick beef short ribs, trimmed of excess fat on the meat side $ 5 garlic cloves, forced through a garlic press or minced $ 1/2 cup soy sauce $ 3 tablespoons Oriental sesame oil $ 2 teaspoons minced fresh gingerroot $ 3 tablespoons sugar $ 2 teaspoons distilled white vinegar $ 2 teaspoons sesame seeds $ 1 teaspoon freshly ground black pepper $ 18 scallions, trimmed $ ",Garlic $ Ginger $ Onion $ Marinate $ Backyard BBQ $ Beef Rib $ Summer $ Grill $ Grill/Barbecue $ Sesame $ Soy Sauce $ Gourmet $ ,Asian $ Korean $ ,3.5/4,40,Garlic $ Ginger $ Onion $ Marinate $ Backyard BBQ $ Beef Rib $ Summer $ Grill $ Grill/Barbecue $ Sesame $ Soy Sauce $ Gourmet $ Asian $ Korean $ 
https://www.epicurious.com/recipes/food/views/korean-barbecued-beef-102721,Korean Barbecued Beef ,"1/2 cup soy sauce $ 1/4 cup rice vinegar (not seasoned) $ 1/3 cup chopped scallion $ 2 tablespoons sugar $ 2 tablespoons minced garlic $ 2 tablespoons minced peeled fresh ginger $ 1 tablespoon Asian sesame oil $ 1 1/2 teaspoons Asian chili sauce $ 1 3/4 pounds skirt steak $ 2 small red apples such as Gala $ 1 firm-ripe mango, peeled and pitted $ 2 tablespoons fresh lime juice $ 1 teaspoon Asian chili sauce, or to taste $ 60 (3- to 4-inch-long) Bibb lettuce leaves $ Toasted sesame seeds $ ",Beef $ Marinate $ Cocktail Party $ Apple $ Mango $ Winter $ Grill/Barbecue $ Lettuce $ Gourmet $ ,Asian $ Korean $ ,3.5/4,45,Beef $ Marinate $ Cocktail Party $ Apple $ Mango $ Winter $ Grill/Barbecue $ Lettuce $ Gourmet $ Asian $ Korean $ 
https://www.epicurious.com/recipes/food/views/chicken-escabeche-adapted-from-baco-josef-centeno,Chicken Escabèche ,"1 tablespoon cumin seeds $ 1 tablespoon coriander seeds $ 1/3 cup plus 2 Tbsp. olive oil $ 1 medium onion, chopped $ 1 medium carrot, peeled, chopped $ 6 garlic cloves, smashed $ 1 bay leaf $ 2/3 cup sherry vinegar or red wine vinegar $ 4 chicken legs, thighs and drumsticks separated, patted dry $ 1 serrano chile, very thinly sliced $ 1/2 cup golden raisins $ 3/4 cup mint leaves $ ",Bon Appétit $ Dinner $ Chicken $ Soup/Stew $ Chile Pepper $ Raisin $ Mint $ ,Latin American $ South American $ ,3/4,15,Bon Appétit $ Dinner $ Chicken $ Soup/Stew $ Chile Pepper $ Raisin $ Mint $ Latin American $ South American $ 
https://www.epicurious.com/recipes/food/views/ropa-vieja-56389610,Ropa Vieja ,"1 1/3 cups drained no-salt-added canned diced tomatoes $ 1 cup thinly sliced yellow onion $ 2 medium celery ribs, thinly sliced $ 2/3 cup stemmed, seeded, and thinly sliced cubanelle peppers $ 1/3 cup thinly sliced pitted green olives $ 2 tablespoons golden raisins $ 4 teaspoons no-salt-added tomato paste $ 1 tablespoon dried oregano $ 2 teaspoons ground cumin $ 1/2 teaspoon salt $ 1 bay leaf $ 2 pounds skirt steak $ 4 teaspoons sherry vinegar $ ",Olive $ Onion $ Pepper $ Tomato $ Kid-Friendly $ Steak $ Celery $ ,Latin American $ ,0/4,0,Olive $ Onion $ Pepper $ Tomato $ Kid-Friendly $ Steak $ Celery $ Latin American $ 
https://www.epicurious.com/recipes/food/views/chicken-tostadas-242826,Chicken Tostadas ,"1 medium white onion $ 1 pound tomatoes, quartered $ 2 large garlic cloves $ 1 or 2 fresh serrano chiles, stemmed $ 1/2 cup plus 2 tablespoon vegetable oil, divided $ 3 cups shredded iceberg lettuce $ 6 large radishes, halved and sliced $ 1/2 cup chopped cilantro, divided $ 1 rotisserie chicken, meat coarsely shredded (4 cups) $ 6 (6-inch) corn tortillas $ 1 (1-pound) can refried beans, heated $ 1 avocado, halved, pitted, and peeled $ 1/2 cup Mexican crema or sour cream $ 1/4 cup crumbled queso añjo (aged white cheese, also called cotija) or ricotta salata $ Accompaniments: sliced serranos; lime wedges $ ",Bean $ Cheese $ Chicken $ Onion $ Poultry $ Tomato $ Kid-Friendly $ Quick & Easy $ Dinner $ Lunch $ Radish $ Cilantro $ Tortillas $ Lettuce $ Gourmet $ Wheat/Gluten-Free $ Peanut Free $ Tree Nut Free $ Soy Free $ No Sugar Added $ ,Mexican $ Latin American $ ,3.5/4,78,Bean $ Cheese $ Chicken $ Onion $ Poultry $ Tomato $ Kid-Friendly $ Quick & Easy $ Dinner $ Lunch $ Radish $ Cilantro $ Tortillas $ Lettuce $ Gourmet $ Wheat/Gluten-Free $ Peanut Free $ Tree Nut Free $ Soy Free $ No Sugar Added $ Mexican $ Latin American $ 
https://www.epicurious.com/recipes/food/views/lime-and-chilli-fish-tacos-56389411,Lime And Chilli Fish Tacos ,"1/2 teaspoon dried chilli flakes $ 1 tablespoon lime juice $ 1 tablespoon vegetable oil $ Sea salt and cracked black pepper $ 8 x 80g pieces firm white fish fillets, skin on $ 8 butter lettuce leaves $ 8 tortillas, warmed $ 1 quantity lime and coriander tofu mayonnaise , lime wedges, sliced pickled jalapeño chillies and coriander (cilantro) leaves, to serve $ ",Fish $ Low Fat $ Kid-Friendly $ Quick & Easy $ High Fiber $ Dinner $ Lunch $ Healthy $ Low Cholesterol $ Tortillas $ Sugar Conscious $ Pescatarian $ Dairy Free $ Wheat/Gluten-Free $ Peanut Free $ Tree Nut Free $ Soy Free $ No Sugar Added $ Kosher $ ,Latin American $ ,0/4,2,Fish $ Low Fat $ Kid-Friendly $ Quick & Easy $ High Fiber $ Dinner $ Lunch $ Healthy $ Low Cholesterol $ Tortillas $ Sugar Conscious $ Pescatarian $ Dairy Free $ Wheat/Gluten-Free $ Peanut Free $ Tree Nut Free $ Soy Free $ No Sugar Added $ Kosher $ Latin American $ 
https://www.epicurious.com/recipes/food/views/chipotle-roast-chicken-tacos-357890,Chipotle Roast Chicken Tacos ,"1/4 cup (1/2 stick) butter, softened $ 1 tablespoon chopped fresh cilantro leaves plus 3 fresh cilantro sprigs $ 1 tablespoon chopped fresh oregano leaves plus 3 fresh oregano sprigs $ 1 tablespoon chopped fresh rosemary leaves plus 3 fresh rosemary sprigs $ 4 teaspoons minced canned chipotle chiles in adobo* $ 1/2 teaspoon coriander seeds, crushed in resealable plastic bag with mallet $ 1 5 1/2- to 6-pound roasting chicken, rinsed, patted dry; neck, heart, and gizzard reserved $ 2 large onions, each cut into 8 wedges through root end, leaving root ends intact $ 12 garlic cloves, peeled $ 1 cup (or more) low-salt chicken broth $ 1/4 cup dry white wine $ 8 warm corn tortillas $ 1 avocado, halved, pitted, peeled, thinly sliced $ ",Chicken $ Roast $ Kid-Friendly $ Low Cal $ High Fiber $ Dinner $ Tortillas $ Bon Appétit $ Back to School $ Wheat/Gluten-Free $ Peanut Free $ Tree Nut Free $ Soy Free $ ,Mexican $ Latin American $ ,4/4,20,Chicken $ Roast $ Kid-Friendly $ Low Cal $ High Fiber $ Dinner $ Tortillas $ Bon Appétit $ Back to School $ Wheat/Gluten-Free $ Peanut Free $ Tree Nut Free $ Soy Free $ Mexican $ Latin American $ 
https://www.epicurious.com/recipes/food/views/freekeh-paella-with-clams-and-almond-aioli-51260690,Freekeh Paella with Clams and Almond Aioli ,"1/2 cup slivered almonds $ 1 small garlic clove, finely grated $ 1/4 cup olive oil $ 2 tablespoons fresh lemon juice $ Kosher salt $ 2 onions, cut into large pieces $ 2 medium carrots, peeled, cut into large pieces $ 8 garlic cloves, peeled $ 1 medium-hot chile (such as a Hungarian wax pepper), stem removed $ 2 ounces dried chorizo, casing removed, coarsely chopped $ 3 tablespoons olive oil $ 1 bay leaf $ Kosher salt $ 2 cups freekeh $ 2 tablespoons tomato paste $ 12 littleneck clams, scrubbed $ 4 hot pickled peppers from a jar, thinly sliced $ 1/4 cup chopped fresh parsley $ Lemon wedges (for serving) $ ",Rice $ Kid-Friendly $ Dinner $ Casserole/Gratin $ Clam $ Bon Appétit $ Dairy Free $ Peanut Free $ Soy Free $ No Sugar Added $ ,Latin American $ ,4/4,8,Rice $ Kid-Friendly $ Dinner $ Casserole/Gratin $ Clam $ Bon Appétit $ Dairy Free $ Peanut Free $ Soy Free $ No Sugar Added $ Latin American $ 
https://www.epicurious.com/recipes/food/views/poblano-cilantro-relish-51240010,Poblano-Cilantro Relish ,"3 large garlic cloves, unpeeled $ 3 poblano chiles $ 1 cup cilantro $ 2 tablespoons fish sauce $ 1 tablespoon sugar $ 1 tablespoon lime juice, plus more for seasoning $ 1 tablespoon vegetable oil $ ",Side $ Quick & Easy $ Backyard BBQ $ Chile Pepper $ Pescatarian $ Dairy Free $ Wheat/Gluten-Free $ Peanut Free $ Tree Nut Free $ Soy Free $ ,Latin American $ ,0/4,0,Side $ Quick & Easy $ Backyard BBQ $ Chile Pepper $ Pescatarian $ Dairy Free $ Wheat/Gluten-Free $ Peanut Free $ Tree Nut Free $ Soy Free $ Latin American $ 
https://www.epicurious.com/recipes/food/views/caramelized-pork-rinds-51238090,Caramelized Pork Rinds ,"1/2 cup dark amber pure maple syrup $ 1 5-ounce package fried pork rinds with skin (chicharrones) $ 1/2 teaspoon cayenne pepper, or to taste $ 1/4 teaspoon salt, or to taste $ ",Pork $ Side $ Kid-Friendly $ Quick & Easy $ Fall $ Spring $ Summer $ Winter $ Gourmet $ Kidney Friendly $ Paleo $ Dairy Free $ Wheat/Gluten-Free $ Peanut Free $ Tree Nut Free $ Soy Free $ ,Latin American $ ,4/4,1,Pork $ Side $ Kid-Friendly $ Quick & Easy $ Fall $ Spring $ Summer $ Winter $ Gourmet $ Kidney Friendly $ Paleo $ Dairy Free $ Wheat/Gluten-Free $ Peanut Free $ Tree Nut Free $ Soy Free $ Latin American $ 
https://www.epicurious.com/recipes/food/views/beans-and-sausage-51234860,Beans and Sausage ,"1 ancho chile or dried choricero pepper $ 4 tablespoons olive oil, divided $ 1 finely chopped red onion $ salt $ 1 pound dried kidney beans, preferably red speckled, or cranberry beans $ 4 ounces chopped bacon (about 4 slices) $ 6 smashed peeled garlic cloves, plus 1 finely chopped garlic clove $ 8 ounces morcilla (Spanish blood sausage) or fresh chorizo (about 2 links) $ 2 tablespoons apple cider vinegar $ 1/4 head thinly sliced green cabbage (about 3 cups) $ pickled guindilla or other mild pickled peppers $ ",Bean $ Dinner $ Lunch $ Sausage $ Cabbage $ Bon Appétit $ Sugar Conscious $ Dairy Free $ Wheat/Gluten-Free $ Peanut Free $ Tree Nut Free $ Soy Free $ No Sugar Added $ ,Latin American $ ,3/4,3,Bean $ Dinner $ Lunch $ Sausage $ Cabbage $ Bon Appétit $ Sugar Conscious $ Dairy Free $ Wheat/Gluten-Free $ Peanut Free $ Tree Nut Free $ Soy Free $ No Sugar Added $ Latin American $ 
https://www.epicurious.com/recipes/food/views/rompope-51213210,"Rompope (Mexican Milk, Egg, Spice, and Liquor Punch) ","2/3 cup blanched almonds $ 1 1/2 cups plus 2 tablespoons granulated sugar, divided $ 6 cups whole milk $ 2 cinnamon sticks $ Rind of 1 lemon* $ 1 teaspoon pure vanilla extract $ 1/4 teaspoon baking soda $ 8 large egg yolks $ 1 cup white rum or aguardiente** $ *Remove the lemon rind with a vegetable peeler, being careful to avoid the white pith, which will impart a bitter flavor. $ **Aguardiente literally means ""burning water"" in Spanish. It is a strong (29% or higher) spirit distilled from fruits, grains, and commonly sugarcane. It's available at most liquor stores. $ ",Milk/Cream $ Rum $ Alcoholic $ Egg $ Nut $ Christmas $ Cocktail $ Tree Nut $ Almond $ Winter $ Christmas Eve $ Drink $ ,Mexican $ Latin American $ ,0/4,1,Milk/Cream $ Rum $ Alcoholic $ Egg $ Nut $ Christmas $ Cocktail $ Tree Nut $ Almond $ Winter $ Christmas Eve $ Drink $ Mexican $ Latin American $ 
https://www.epicurious.com/recipes/food/views/maricels-em-mojo-em-51203410,Maricel's Mojo ,"12 garlic cloves $ 1 medium yellow onion (about 8 ounces) cut into 1/4-inch thick rings $ Juice of 1 medium bitter orange (about 1/4 cup), lime juice, or distilled white vinegar $ 1/2 cup extra-virgin olive oil $ 1 1/2 teaspoons ground cumin $ Salt and freshly ground black pepper to taste $ ",Sauce $ Garlic $ Quick & Easy $ Orange Juice $ Cumin $ ,Latin American $ ,0/4,0,Sauce $ Garlic $ Quick & Easy $ Orange Juice $ Cumin $ Latin American $ 
https://www.epicurious.com/recipes/food/views/hibiscus-sauce-em-sirope-de-flor-de-jamaica-em-51203010,Hibiscus Sauce (Sirope de Flor de Jamaica) ,4 ounces (about 4 cups) dried hibiscus flowers (flor de Jamaica) $ 2 cups sugar $ 8 cups water $ ,Sauce $ Dessert $ Simmer $ ,Latin American $ ,0/4,0,Sauce $ Dessert $ Simmer $ Latin American $ 
https://www.epicurious.com/recipes/food/views/boiled-yuca-em-yuca-hervida-em-51203220,Boiled Yuca (Yuca Hervida) ,"3 pounds fresh yuca, peeled and cut into 3-inch sections (about 2 pounds trimmed weight), or 2 pounds frozen yuca $ 1 tablespoon salt $ ",Side $ Christmas $ Low Fat $ Vegetarian $ Root Vegetable $ Healthy $ Vegan $ Yuca $ Boil $ Pescatarian $ Dairy Free $ Wheat/Gluten-Free $ Peanut Free $ Tree Nut Free $ Soy Free $ No Sugar Added $ Kosher $ ,Latin American $ ,1/4,1,Side $ Christmas $ Low Fat $ Vegetarian $ Root Vegetable $ Healthy $ Vegan $ Yuca $ Boil $ Pescatarian $ Dairy Free $ Wheat/Gluten-Free $ Peanut Free $ Tree Nut Free $ Soy Free $ No Sugar Added $ Kosher $ Latin American $ 
https://www.epicurious.com/recipes/food/views/puerto-rican-coconut-eggnog-em-coquito-em-51203620,Puerto Rican Coconut Eggnog (Coquito) ,One 12-ounce can evaporated milk $ 2 large egg yolks $ One 15-ounce can unsweetened coconut milk $ One 14-ounce can sweetened condensed milk $ 1 cup white rum $ 1/4 teaspoon ground cinnamon $ Pinch of salt $ ,Rum $ Egg Nog $ Alcoholic $ Egg $ Christmas $ Cocktail $ Christmas Eve $ Drink $ ,Central American/Caribbean $ Latin American $ ,3.5/4,10,Rum $ Egg Nog $ Alcoholic $ Egg $ Christmas $ Cocktail $ Christmas Eve $ Drink $ Central American/Caribbean $ Latin American $ 
https://www.epicurious.com/recipes/food/views/puerto-rican-pasteles-em-pasteles-puertorriquenos-em-51203630,Puerto Rican Pasteles (Pasteles Puertorriqueños) ,"6 large tomatoes (about 3 pounds), coarsely chopped $ 1 medium green bell pepper (about 6 ounces), cored, seeded, deveined, and coarsely chopped $ 1 medium yellow onion (about 8 ounces), coarsely chopped $ 8 garlic cloves, peeled $ 20 Caribbean sweet peppers (ajíes dulces), seeded and cut in half $ 1/2 cup tomato sauce $ 1/4 cup coarsely chopped cilantro $ 2 broad-leaf culantro leaves $ 1 1/2 tablespoons cider vinegar $ 1 teaspoon dried oregano $ 1/4 cup achiote-infused extra-virgin olive oil $ 8 ounces slab bacon, rind removed, cut into 1/4-inch dice $ 1 1/2 pounds boneless pork shoulder or butt, cut into 1/2-inch dice $ 1/4 cup chicken broth $ 1/3 cup whole milk $ 1 1/2 pounds malanga, peeled and cut into 1-inch cubes $ 1 1/2 pounds green bananas, peeled and thickly sliced $ 1/2 green plantain, peeled (see Cooks' notes) and thickly sliced $ 8 ounces calabaza (West Indian pumpkin) or Hubbard or kabocha squash, peeled, seeded, and cut into 1-inch cubes $ 1/4 cup achiote-infused extra-virgin olive oil $ 1/2 to 1 teaspoon salt, or to taste $ Twenty-five 12-inch plantain leaf squares (4 to 5 packages; see Cooks' notes for how to prepare) $ 1/4 cup achiote-infused extra-virgin olive oil $ Twenty-five 42-inch pieces of kitchen twine $ 1/3 cup dark raisins $ One 15-ounce can chickpeas, drained and rinsed, or 2 cups cooked chickpeas $ 2 medium red bell peppers (about 6 ounces), roasted (see Cooks' notes), peeled, cored, seeded, and cut into 1/4-inch-wide strips $ 50 pimiento-stuffed olives, cut in half $ ",Pork $ Steam $ Christmas $ Bell Pepper $ Christmas Eve $ Hominy/Cornmeal/Masa $ ,Central American/Caribbean $ Latin American $ ,3/4,4,Pork $ Steam $ Christmas $ Bell Pepper $ Christmas Eve $ Hominy/Cornmeal/Masa $ Central American/Caribbean $ Latin American $ 
https://www.epicurious.com/recipes/food/views/santiago-de-cubas-roast-pork-marinated-in-a-garlicky-allspice-cumin-em-adobo-em-em-cerdo-brujo-em-51203240,Santiago de Cuba's Roast Pork Marinated in a Garlicky Allspice-Cumin Adobo (Cerdo Brujo) ,"1 head garlic, separated into cloves and peeled $ 1 tablespoon salt $ 2 teaspoons black peppercorns $ 2 teaspoons ground cumin $ 2 teaspoons allspice berries or ground allspice $ 3/4 cup bitter orange juice (from about 6 oranges) or equal parts lime juice and orange juice $ 1 cup sweet orange juice diluted with about 1/4 cup water $ One 8- to 9-pound leg of pork, with skin $ 1 teaspoon salt $ 1/4 cup sweet sherry or port wine, for deglazing $ ",Garlic $ Pork $ Roast $ Christmas $ ,Central American/Caribbean $ Latin American $ ,4/4,1,Garlic $ Pork $ Roast $ Christmas $ Central American/Caribbean $ Latin American $ 
https://www.epicurious.com/recipes/food/views/cuban-avocado-watercress-and-pineapple-salad-em-ensalada-de-aguacate-berro-y-pina-em-51203230,"Cuban Avocado, Watercress, and Pineapple Salad (Ensalada de Aguacate, Berro, y Piña) ","2 bunches watercress $ One 2 1/2-pound pineapple, peeled, cored, and cut into four 1-inch-thick slices $ 1 tablespoon sugar $ 3 garlic cloves, finely chopped $ 1/4 cup extra-virgin olive oil $ 2 tablespoons cider vinegar or fresh lime juice $ 1/8 teaspoon ground cumin $ 1 teaspoon salt $ 1/4 teaspoon freshly ground black pepper $ 1 large Florida (West Indian) avocado or 2 Hass avocados $ 1 small red onion (5 ounces) thinly slivered lengthwise $ ",Salad $ Side $ Christmas $ Lunch $ Tropical Fruit $ Pineapple $ Avocado $ Watercress $ Vegan $ Vegetarian $ Pescatarian $ Dairy Free $ Wheat/Gluten-Free $ Peanut Free $ Tree Nut Free $ Soy Free $ Kosher $ ,Central American/Caribbean $ Latin American $ Cuban $ ,4/4,7,Salad $ Side $ Christmas $ Lunch $ Tropical Fruit $ Pineapple $ Avocado $ Watercress $ Vegan $ Vegetarian $ Pescatarian $ Dairy Free $ Wheat/Gluten-Free $ Peanut Free $ Tree Nut Free $ Soy Free $ Kosher $ Central American/Caribbean $ Latin American $ Cuban $ 
https://www.epicurious.com/recipes/food/views/creamy-chocolate-cheese-flan-with-hibiscus-sauce-51202810,Creamy Chocolate-Cheese Flan with Hibiscus Sauce ,"1 cup sugar $ 1/4 cup water $ 4 1/2 cups fresh whole milk $ 1 (14-ounce) can sweetened condensed milk $ 1/4 cup aged dark rum $ 6 star anise pods $ 2 (3-inch) sticks true cinnamon (see above) $ 1 teaspoon aniseed $ 1 teaspoon pure vanilla extract, preferably Mexican $ 1 teaspoon bitter almond extract $ 2 plump Mexican vanilla beans, split lengthwise, seeds scraped and reserved $ Pinch of freshly grated nutmeg $ 1/8 teaspoon salt $ 6 ounces dark chocolate, preferably Cluizel Concepción (66% cacao), finely chopped $ 6 ounces cream cheese, warmed to room temperature $ 6 large egg yolks $ 2 whole large eggs $ Hibiscus Sauce $ ",Chocolate $ Dessert $ Bake $ Freeze/Chill $ Cream Cheese $ Chill $ Vegetarian $ Pescatarian $ Wheat/Gluten-Free $ Peanut Free $ Soy Free $ Kosher $ ,Latin American $ ,0/4,0,Chocolate $ Dessert $ Bake $ Freeze/Chill $ Cream Cheese $ Chill $ Vegetarian $ Pescatarian $ Wheat/Gluten-Free $ Peanut Free $ Soy Free $ Kosher $ Latin American $ 
https://www.epicurious.com/recipes/food/views/puerto-rican-style-em-aji-dulce-em-sauce-em-ajilimojili-em-51203210,Puerto Rican-Style Ají Dulce Sauce (Ajilimójili) ,"12 Caribbean sweet peppers (ajíes dulces) $ 1 cubanelle pepper, seeded and coarsely chopped $ 1/2 Scotch Bonnet or habanero chile, seeded $ 7 garlic cloves, peeled $ 1 small yellow onion (about 5 ounces), coarsely chopped (about 1 cup) $ 1 cup extra-virgin olive oil $ 1/3 cup distilled white vinegar $ 1 bunch cilantro, leaves stripped from stems (about 2 cups) $ 1 1/4 teaspoons salt, or to taste $ 1/2 teaspoon dried oregano $ 1/4 teaspoon ground cumin $ ",Sauce $ Garlic $ Pepper $ Hot Pepper $ Chile Pepper $ ,Central American/Caribbean $ Latin American $ ,0/4,0,Sauce $ Garlic $ Pepper $ Hot Pepper $ Chile Pepper $ Central American/Caribbean $ Latin American $ 
https://www.epicurious.com/recipes/food/views/moors-and-christians-em-moros-y-cristianos-em-51203610,Moors and Christians (Moros y Cristianos) ,"8 ounces dried black beans $ 1 medium yellow onion (about 8 ounces), peeled $ 1 medium green bell pepper (about 7 ounces), cored, seeded, and halved $ 6 Caribbean sweet peppers (ajíes dulces) or 1 cubanelle pepper $ 1 ham hock (optional) $ 2 cups (about 13 ounces) long-grain rice or Uncle Ben's converted rice $ 2 tablespoons extra-virgin olive oil $ 4 ounces slab bacon, diced $ 1 medium yellow onion, finely chopped (about 1 1/4 cups) $ 1 medium green bell pepper (about 7 ounces), cored, seeded, deveined, and finely chopped (about 1 cup) $ 1 teaspoon ground cumin $ 1 teaspoon dried oregano $ 1 bay leaf $ 1 tablespoon distilled white vinegar, or to taste $ 1 tablespoon dry sherry, or to taste $ 2 teaspoons salt, or to taste $ ",Bean $ Rice $ Side $ Christmas $ Legume $ ,Latin American $ ,4/4,1,Bean $ Rice $ Side $ Christmas $ Legume $ Latin American $ 
https://www.epicurious.com/recipes/food/views/chocolate-garlic-mojo-with-toasted-cuban-bread-em-tostadas-de-pan-cubano-con-mojo-de-chocolate-em-51203020,Chocolate-Garlic Mojo with Toasted Cuban Bread (Tostadas de Pan Cubano con Mojo de Chocolate) ,"9 ounces dark chocolate, preferably Cluizel Concepción (66% cacao) or Cluizel Los Ancones (67% cacao), or a combination of the two, finely chopped $ 4 large garlic cloves, ground to a fine paste with mortar and pestle $ 1/2 cup extra-virgin olive oil $ Coarse sea salt $ 1 tablespoon freshly squeezed lime juice $ 1 loaf Cuban bread (about 10 ounces), thinly sliced on the diagonal $ Coarse sea salt $ ",Condiment/Spread $ Chocolate $ Garlic $ Dessert $ ,Latin American $ ,0/4,0,Condiment/Spread $ Chocolate $ Garlic $ Dessert $ Latin American $ 
https://www.epicurious.com/recipes/food/views/arroz-con-pollo-51190840,Arroz con Pollo ,"8 bone-in, skin-on chicken thighs (about 2 pounds), rinsed and patted dry $ Kosher salt and freshly ground black pepper to taste $ 3 tablespoons olive oil $ 1 yellow onion, finely chopped $ 1 green bell pepper, cored, seeded, and chopped $ 3 jarred piquillo peppers, sealed and chopped, or 1 red bell pepper, cored, seeded, and chopped $ 3 garlic cloves, chopped $ 2 Roma (plum) tomatoes, halved, seeded, and chopped $ 1/2 teaspoon ground Espelette pepper, cayenne pepper, or hot paprika $ 2 bay leaves $ 2 tablespoons tomato paste $ 1 cup basmati rice $ 1 small packet (1 1/4 teaspoons) Sazón seasoning $ 1/2 teaspoon saffron threads $ 3 cups store-bought low-sodium broth $ Hot sauce, such as Crystal, to taste $ 2 tablespoons chopped fresh cilantro $ 2 tablespoons chopped fresh flat-leaf parsley $ 1 cup plain whole-milk yogurt for serving $ Lime zest (optional) $ ",Chicken $ Rice $ Kid-Friendly $ Dinner $ Wheat/Gluten-Free $ Peanut Free $ Tree Nut Free $ Soy Free $ No Sugar Added $ Diabetes-Friendly $ ,Central American/Caribbean $ Latin American $ ,3.5/4,12,Chicken $ Rice $ Kid-Friendly $ Dinner $ Wheat/Gluten-Free $ Peanut Free $ Tree Nut Free $ Soy Free $ No Sugar Added $ Diabetes-Friendly $ Central American/Caribbean $ Latin American $ 
https://www.epicurious.com/recipes/food/views/picarones-con-miel-51185450,Picarones con Miel ,"1 navel orange $ 2 cups acacia honey $ 2 bay leaves (preferably fresh) $ 1 cinnamon stick $ 1 star anise $ 2 (1/4-oz) packets instant yeast $ 1/4 cup warm milk $ 2 Tbsp granulated sugar $ 1 large egg $ 2 cups canned pumpkin purée $ 1 tsp kosher salt $ 3 cups all-purpose flour $ 1 1/2 qts vegetable oil, for frying $ Confectioners' sugar, for serving (optional) $ ",Dessert $ Fry $ Pumpkin $ Deep-Fry $ Honey $ Vegetarian $ Pescatarian $ Peanut Free $ Tree Nut Free $ Soy Free $ Kosher $ ,Central/South American $ Latin American $ ,0/4,1,Dessert $ Fry $ Pumpkin $ Deep-Fry $ Honey $ Vegetarian $ Pescatarian $ Peanut Free $ Tree Nut Free $ Soy Free $ Kosher $ Central/South American $ Latin American $ 
https://www.epicurious.com/recipes/food/views/pan-de-yuca-51185420,Pan de Yuca ,"1 cup yuca flour $ 1 lb queso fresco, finely grated (about 4 cups) $ 1 large egg, beaten $ 1 tsp baking powder $ 2 Tbsp whole milk $ 1 Tbsp unsalted butter, melted $ 1 tsp kosher salt $ 1 tsp granulated sugar $ Guava-Chile Butter (optional) $ ",Bread $ Cheese $ Dairy $ Appetizer $ Bake $ Sugar Conscious $ Kidney Friendly $ Vegetarian $ Pescatarian $ Peanut Free $ Tree Nut Free $ Soy Free $ Kosher $ ,Latin American $ ,2.5/4,3,Bread $ Cheese $ Dairy $ Appetizer $ Bake $ Sugar Conscious $ Kidney Friendly $ Vegetarian $ Pescatarian $ Peanut Free $ Tree Nut Free $ Soy Free $ Kosher $ Latin American $ 
https://www.epicurious.com/recipes/food/views/mantequilla-de-guayaba-y-chile-51185430,Mantequilla de Guayaba y Chile ,"1 (21-oz) can guava paste $ 1/4 cup Chinese black vinegar $ 1/4 cup sriracha sauce $ 2 Tbsp salted butter, at room temperature $ ",Condiment/Spread $ Condiment $ Guava $ Butter $ ,Latin American $ ,0/4,0,Condiment/Spread $ Condiment $ Guava $ Butter $ Latin American $ 
https://www.epicurious.com/recipes/food/views/chicken-tostadas-with-radish-slaw-51166400,Chicken Tostadas with Radish Slaw ,"fresh orange juice, 2/3 cup (5 fl oz/150 ml) $ fresh lime juice, 3 tbsp $ achiote paste, 3 tbsp $ yellow onion, 1 small, chopped $ garlic, 2 cloves, chopped $ dried oregano, 1/2 tsp $ boneless, skinless chicken thighs, 2 lb (1 kg) $ kosher salt and freshly ground pepper $ radishes, 2 1/2 cups (about 18) trimmed, halved, and thinly sliced $ green onions, 2, thinly sliced $ fresh cilantro, 1/3 cup (1/2 oz/15 g) chopped $ fresh lime juice, 1 tbsp $ corn oil, for frying $ corn tortillas, 12, each 4 inches (10 cm) in diameter $ cotija cheese, 3 oz (90 g), crumbled $ avocados, 2 large, halved, pitted, peeled, and sliced $ ",Chicken $ Braise $ Dinner $ Lunch $ Avocado $ Root Vegetable $ Radish $ Tortillas $ Wheat/Gluten-Free $ Peanut Free $ Tree Nut Free $ Soy Free $ No Sugar Added $ ,Mexican $ Latin American $ ,4/4,7,Chicken $ Braise $ Dinner $ Lunch $ Avocado $ Root Vegetable $ Radish $ Tortillas $ Wheat/Gluten-Free $ Peanut Free $ Tree Nut Free $ Soy Free $ No Sugar Added $ Mexican $ Latin American $ 
https://www.epicurious.com/recipes/food/views/teeny-weeny-coxinha-51145800,Teeny-Weeny Coxinha ,"1 quart vegetable oil, for frying $ 3 1/2 cups low-sodium chicken broth $ 1 onion, peeled and quartered $ 1 carrot, peeled and quartered $ 1 celery rib, quartered $ 1 large chicken breast $ 8 ounces packaged cream cheese, softened $ 1 ear corn, kernels cut off the cob $ 2 green onions, thinly sliced $ 1 garlic clove, minced $ Salt and pepper, to taste $ 1/2 tablespoon extra-virgin olive oil $ 2 cups all-purpose flour $ 1 egg $ 1 tablespoon whole milk $ 1 cup plain Italian bread crumbs $ Salt and pepper, to taste $ ",Chicken $ Poultry $ Fry $ Poach $ Cocktail Party $ Super Bowl $ Kid-Friendly $ Poker/Game Night $ Party $ Advance Prep Required $ ,Latin American $ South American $ Brazilian $ ,3.5/4,2,Chicken $ Poultry $ Fry $ Poach $ Cocktail Party $ Super Bowl $ Kid-Friendly $ Poker/Game Night $ Party $ Advance Prep Required $ Latin American $ South American $ Brazilian $ 
https://www.epicurious.com/recipes/food/views/limonada-51146400,Limonada ,1 cup fresh lime juice $ 1/2 cup sugar $ 1 1/2 cups water $ ,Cocktail Party $ Picnic $ Cinco de Mayo $ Party $ Lime Juice $ Drink $ ,Mexican $ Latin American $ ,4/4,1,Cocktail Party $ Picnic $ Cinco de Mayo $ Party $ Lime Juice $ Drink $ Mexican $ Latin American $ 
https://www.epicurious.com/recipes/food/views/mamey-milkshake-51138600,Mamey Milkshake ,"1 cup peeled, pitted and cubed fresh ripe mamey $ 1 cup milk $ 1/4 cup buttermilk $ 1/4 cup sugar or honey $ 1 dash pure vanilla extract (optional) $ 1/2 cup ice cubes $ ",Smoothie $ Non-Alcoholic $ Blender $ Breakfast $ Brunch $ Tropical Fruit $ Drink $ Kidney Friendly $ Vegetarian $ Pescatarian $ Wheat/Gluten-Free $ Peanut Free $ Tree Nut Free $ Soy Free $ Kosher $ ,Latin American $ ,0/4,1,Smoothie $ Non-Alcoholic $ Blender $ Breakfast $ Brunch $ Tropical Fruit $ Drink $ Kidney Friendly $ Vegetarian $ Pescatarian $ Wheat/Gluten-Free $ Peanut Free $ Tree Nut Free $ Soy Free $ Kosher $ Latin American $ 
https://www.epicurious.com/recipes/food/views/tamal-verde-de-pollo-tamal-with-salsa-verde-and-chicken-51110620,"Tamal Verde de Pollo (Tamal with ""Salsa Verde"" and Chicken) ",20 dried corn husks $ 6 ounces lard (see Cooks' note) $ 1 teaspoon baking soda $ Pinch of salt $ 1/2 pound masa harina $ 1 cup chicken stock or low-sodium broth $ 1 1/2 cups Salsa Verde $ 2/3 pound shredded poached chicken $ ,Chicken $ Steam $ Cinco de Mayo $ Dinner $ Lunch $ Hominy/Cornmeal/Masa $ ,Mexican $ Latin American $ ,4/4,1,Chicken $ Steam $ Cinco de Mayo $ Dinner $ Lunch $ Hominy/Cornmeal/Masa $ Mexican $ Latin American $ 
https://www.epicurious.com/recipes/food/views/ceviche-acapulqueno-51110640,Ceviche Acapulqueño ,"1 pound boneless, skinless fish fillets, cut into 3/4-inch chunks $ 1 cup freshly squeezed lime juice $ 1 cup tomato juice $ 4 tablespoons olive oil $ 1 teaspoon dried Mexican oregano $ Kosher salt $ 1/2 cup minced onion $ 2 Roma tomatoes, minced $ 2 fresh serrano chiles, seeded and minced $ 20 green Manzanilla olives, pitted $ 2 tablespoons fresh cilantro leaves, coarsely chopped $ Sugar (optional) $ 1 avocado, diced $ Tortilla chips or saltine crackers as desired $ ",Fish $ Onion $ Tomato $ No-Cook $ Lunch $ Seafood $ Summer $ Lime Juice $ Chile Pepper $ Sugar Conscious $ Pescatarian $ Dairy Free $ Wheat/Gluten-Free $ Peanut Free $ Tree Nut Free $ Soy Free $ Kosher $ ,Mexican $ Latin American $ ,4/4,1,Fish $ Onion $ Tomato $ No-Cook $ Lunch $ Seafood $ Summer $ Lime Juice $ Chile Pepper $ Sugar Conscious $ Pescatarian $ Dairy Free $ Wheat/Gluten-Free $ Peanut Free $ Tree Nut Free $ Soy Free $ Kosher $ Mexican $ Latin American $ 
https://www.epicurious.com/recipes/food/views/salsa-roja-de-molcajete-stone-ground-red-salsa-51110410,Salsa Roja de Molcajete (Stone-Ground Red Salsa) ,"2 Roma tomatoes $ 2 fresh jalapeños $ 1 clove garlic, unpeeled $ Kosher salt $ ",Condiment/Spread $ Sauce $ Garlic $ Tomato $ Vegetable $ Side $ Roast $ Vegetarian $ Cinco de Mayo $ Healthy $ Vegan $ Jalapeño $ Chile Pepper $ Fat Free $ Sugar Conscious $ Pescatarian $ Paleo $ Dairy Free $ Wheat/Gluten-Free $ Peanut Free $ Tree Nut Free $ Soy Free $ No Sugar Added $ Kosher $ ,Mexican $ Latin American $ ,4/4,1,Condiment/Spread $ Sauce $ Garlic $ Tomato $ Vegetable $ Side $ Roast $ Vegetarian $ Cinco de Mayo $ Healthy $ Vegan $ Jalapeño $ Chile Pepper $ Fat Free $ Sugar Conscious $ Pescatarian $ Paleo $ Dairy Free $ Wheat/Gluten-Free $ Peanut Free $ Tree Nut Free $ Soy Free $ No Sugar Added $ Kosher $ Mexican $ Latin American $ 
https://www.epicurious.com/recipes/food/views/chiles-anchos-rellenos-de-queso-cheese-filled-ancho-chiles-51110430,Chiles Anchos Rellenos de Queso (Cheese-Filled Ancho Chiles) ,"1 pound Roma tomatoes, diced $ 1 medium onion $ 2 cloves garlic $ 1 1/2 tablespoons unsalted butter $ 1 cup crema Mexicana or sour cream $ Kosher salt to taste $ 3 tablespoons grated piloncillo (Mexican brown sugar) $ 1 sprig fresh thyme $ 1 sprig fresh oregano, preferably Mexican $ 1 bay leaf $ 6 fresh ancho chiles $ Kosher salt $ 1 pound Asadero or Jack cheese, grated or cut into cubes $ 2 tablespoons unsalted butter $ ",Cheese $ Dairy $ Sauté $ Dinner $ Lunch $ Chile Pepper $ Vegetarian $ Pescatarian $ Wheat/Gluten-Free $ Peanut Free $ Tree Nut Free $ Soy Free $ Kosher $ ,Mexican $ Latin American $ ,4/4,1,Cheese $ Dairy $ Sauté $ Dinner $ Lunch $ Chile Pepper $ Vegetarian $ Pescatarian $ Wheat/Gluten-Free $ Peanut Free $ Tree Nut Free $ Soy Free $ Kosher $ Mexican $ Latin American $ 
https://www.epicurious.com/recipes/food/views/green-pipian-mole-with-chicken-51110600,Green Pipiân Mole with Chicken ,"1 cup pumpkin seeds $ 1 cup vegetable stock or canned vegetable broth $ 1 pound tomatillos, husked, rinsed, and quartered $ 2 fresh epazote leaves $ 1 fresh hoja santa leaf (root beer leaf) $ 2 leaves romaine lettuce $ 8 sprigs fresh cilantro $ 2 fresh serrano chiles, chopped $ 1/4 medium onion, chopped $ 1 clove garlic $ 1/8 teaspoon whole cumin seeds $ 3 teaspoons canola or vegetable oil $ Kosher salt $ 4 cups cooked white rice $ 2 cups steamed chayote or zucchini $ 2 cups steamed green beans $ 4 poached skinless, boneless chicken breasts $ ",Chicken $ Rice $ Fry $ Poach $ Dinner $ Tomatillo $ Seed $ Dairy Free $ Peanut Free $ Tree Nut Free $ Soy Free $ Kosher $ ,Mexican $ Latin American $ ,0/4,0,Chicken $ Rice $ Fry $ Poach $ Dinner $ Tomatillo $ Seed $ Dairy Free $ Peanut Free $ Tree Nut Free $ Soy Free $ Kosher $ Mexican $ Latin American $ 
https://www.epicurious.com/recipes/food/views/tortillas-de-masa-harina-51110230,Tortillas de Masa Harina ,4 cups masa harina $ Kosher salt $ Tortilla press $ ,Bread $ Side $ Hominy/Cornmeal/Masa $ Sugar Conscious $ Kidney Friendly $ Vegan $ Vegetarian $ Pescatarian $ Dairy Free $ Wheat/Gluten-Free $ Peanut Free $ Tree Nut Free $ Soy Free $ No Sugar Added $ Kosher $ ,Mexican $ Latin American $ ,0/4,0,Bread $ Side $ Hominy/Cornmeal/Masa $ Sugar Conscious $ Kidney Friendly $ Vegan $ Vegetarian $ Pescatarian $ Dairy Free $ Wheat/Gluten-Free $ Peanut Free $ Tree Nut Free $ Soy Free $ No Sugar Added $ Kosher $ Mexican $ Latin American $ 
https://www.epicurious.com/recipes/food/views/salsa-mexicana-51110200,Salsa Mexicana ,"3 Roma tomatoes, diced $ 2 fresh serrano chiles with seeds, diced $ 1/2 medium onion, diced $ 1/2 bunch fresh cilantro leaves and stems, coarsely chopped $ 1 tablespoon freshly squeezed lime juice $ 1/2 tablespoon extra-virgin olive oil $ Kosher salt $ ",Condiment/Spread $ Sauce $ Onion $ Tomato $ Vegetable $ Side $ No-Cook $ Vegetarian $ Quick & Easy $ Cinco de Mayo $ Summer $ Family Reunion $ Vegan $ Party $ Potluck $ Cilantro $ Lime Juice $ Chile Pepper $ Pescatarian $ Paleo $ Dairy Free $ Wheat/Gluten-Free $ Peanut Free $ Tree Nut Free $ Soy Free $ No Sugar Added $ Kosher $ ,Mexican $ Latin American $ ,0/4,0,Condiment/Spread $ Sauce $ Onion $ Tomato $ Vegetable $ Side $ No-Cook $ Vegetarian $ Quick & Easy $ Cinco de Mayo $ Summer $ Family Reunion $ Vegan $ Party $ Potluck $ Cilantro $ Lime Juice $ Chile Pepper $ Pescatarian $ Paleo $ Dairy Free $ Wheat/Gluten-Free $ Peanut Free $ Tree Nut Free $ Soy Free $ No Sugar Added $ Kosher $ Mexican $ Latin American $ 
https://www.epicurious.com/recipes/food/views/cecina-enchilada-adobo-marinated-pork-cutlets-51110220,Cecina Enchilada (Adobo Marinated Pork Cutlets) ,"4 ounces dried ancho chiles $ 2 whole cloves $ 2 whole allspice berries $ 1/2 tablespoon whole cumin seed $ 1/2 tablespoon dried Mexican oregano $ 1 teaspoon fresh thyme leaves $ 1 teaspoon ground cinnamon $ 1 ounce white vinegar $ 3 cloves roasted garlic $ Kosher salt $ 4 (8-ounce) pork cutlets, pounded to 1/4 inch thick $ Lime wedges $ Crema fresca $ Sliced avocado $ Salsa $ Tortillas $ ",Pork $ Marinate $ Dinner $ Spice $ Grill $ Grill/Barbecue $ Chile Pepper $ Sugar Conscious $ Wheat/Gluten-Free $ Peanut Free $ Tree Nut Free $ Soy Free $ No Sugar Added $ ,Mexican $ Latin American $ ,0/4,0,Pork $ Marinate $ Dinner $ Spice $ Grill $ Grill/Barbecue $ Chile Pepper $ Sugar Conscious $ Wheat/Gluten-Free $ Peanut Free $ Tree Nut Free $ Soy Free $ No Sugar Added $ Mexican $ Latin American $ 
https://www.epicurious.com/recipes/food/views/arroz-blanco-mexican-white-rice-51110260,Arroz Blanco (Mexican White Rice) ,2 cups long-grain white rice $ 1/2 medium onion $ 2 cloves garlic $ 1 teaspoon salt $ 2 tablespoons canola oil $ 2 sprigs fresh cilantro or flat-leaf parsley $ ,Garlic $ Onion $ Rice $ Side $ Healthy $ Cilantro $ Simmer $ Sugar Conscious $ Kidney Friendly $ Vegan $ Vegetarian $ Pescatarian $ Dairy Free $ Wheat/Gluten-Free $ Peanut Free $ Tree Nut Free $ Soy Free $ No Sugar Added $ Kosher $ ,Mexican $ Latin American $ ,3/4,5,Garlic $ Onion $ Rice $ Side $ Healthy $ Cilantro $ Simmer $ Sugar Conscious $ Kidney Friendly $ Vegan $ Vegetarian $ Pescatarian $ Dairy Free $ Wheat/Gluten-Free $ Peanut Free $ Tree Nut Free $ Soy Free $ No Sugar Added $ Kosher $ Mexican $ Latin American $ 
https://www.epicurious.com/recipes/food/views/salsa-verde-cocida-51110400,Salsa Verde Cocida ,"10 fresh tomatillos, husked and rinsed $ 2 fresh jalapeños, stems removed $ 1/4 small onion $ 1 clove garlic $ 1/4 bunch fresh cilantro leaves, finely chopped $ 1 teaspoon canola oil $ Kosher salt $ ",Condiment/Spread $ Sauce $ Onion $ Vegetable $ Side $ Vegetarian $ Cinco de Mayo $ Poker/Game Night $ Vegan $ Tomatillo $ Jalapeño $ Party $ Potluck $ Cilantro $ Simmer $ Chile Pepper $ Pescatarian $ Dairy Free $ Wheat/Gluten-Free $ Peanut Free $ Tree Nut Free $ Soy Free $ No Sugar Added $ Kosher $ ,Mexican $ Latin American $ ,4/4,1,Condiment/Spread $ Sauce $ Onion $ Vegetable $ Side $ Vegetarian $ Cinco de Mayo $ Poker/Game Night $ Vegan $ Tomatillo $ Jalapeño $ Party $ Potluck $ Cilantro $ Simmer $ Chile Pepper $ Pescatarian $ Dairy Free $ Wheat/Gluten-Free $ Peanut Free $ Tree Nut Free $ Soy Free $ No Sugar Added $ Kosher $ Mexican $ Latin American $ 
https://www.epicurious.com/recipes/food/views/frijoles-refritos-refried-beans-51110240,Frijoles Refritos (Refried Beans) ,1/2 cup lard (see Cooks' note) $ 4 cups cooked black beans $ 1 cup vegetable stock or broth or water $ 1/4 cup finely grated Queso Fresco $ 2 cups tortilla chips $ ,Bean $ Vegetable $ Side $ Legume $ Sugar Conscious $ Wheat/Gluten-Free $ Peanut Free $ Tree Nut Free $ Soy Free $ ,Mexican $ Latin American $ ,0/4,0,Bean $ Vegetable $ Side $ Legume $ Sugar Conscious $ Wheat/Gluten-Free $ Peanut Free $ Tree Nut Free $ Soy Free $ Mexican $ Latin American $ 
https://www.epicurious.com/recipes/food/views/frijoles-de-la-olla-clay-pot-beans-51110280,"Frijoles de la Olla (""Clay Pot"" Beans) ","4 cups dried black beans $ 1 medium onion, halved $ 2 cloves garlic $ 2 tablespoons canola oil or lard $ Kosher salt $ ",Bean $ Onion $ Vegetable $ Side $ Vegetarian $ Legume $ Healthy $ Vegan $ Sugar Conscious $ Pescatarian $ Dairy Free $ Wheat/Gluten-Free $ Peanut Free $ Tree Nut Free $ Soy Free $ No Sugar Added $ Kosher $ ,Mexican $ Latin American $ ,0/4,0,Bean $ Onion $ Vegetable $ Side $ Vegetarian $ Legume $ Healthy $ Vegan $ Sugar Conscious $ Pescatarian $ Dairy Free $ Wheat/Gluten-Free $ Peanut Free $ Tree Nut Free $ Soy Free $ No Sugar Added $ Kosher $ Mexican $ Latin American $ 
https://www.epicurious.com/recipes/food/views/tamales-de-mole-poblano-51110610,Tamales de Mole Poblano ,"1 1/2 packages frozen banana leaves $ 1 pound fresh corn masa $ 4 cooked chicken breasts, cut into 1-inch pieces $ 2 cups Mole Poblano $ 1/4 pound fresh lard (see Cooks' note) $ 1 cup chicken stock or low-sodium chicken broth $ Kosher salt $ ",Chicken $ Cinco de Mayo $ Dinner $ Lunch $ Hominy/Cornmeal/Masa $ ,Mexican $ Latin American $ ,0/4,0,Chicken $ Cinco de Mayo $ Dinner $ Lunch $ Hominy/Cornmeal/Masa $ Mexican $ Latin American $ 
https://www.epicurious.com/recipes/food/views/mole-poblano-51110440,Mole Poblano ,"8 bone-in, skin-on chicken breasts or legs, rinsed, dried $ 1 medium onion, halved $ 5 cloves garlic $ Kosher salt $ 8 dried mulato chiles, wiped clean, seeds and veins removed, and seeds reserved $ 5 dried ancho chiles, wiped clean, seeds and veins removed, and seeds reserved $ 6 dried pasilla chiles, wiped clean, seeds and veins removed, and seeds reserved $ 2 dried chipotle chiles, wiped clean, seeds and veins removed, and seeds reserved $ 4 Roma tomatoes, cut into quarters $ 6 tomatillos, husked, rinsed, and cut into quarters $ 1 medium onion, halved $ 3 cloves garlic, unpeeled $ 5 tablespoons lard or shortening, or more as needed $ 10 whole black peppercorns $ 3 whole cloves $ 1 (3-inch) stick Mexican canela or cinnamon $ 1/2 teaspoon whole coriander seeds $ 1/2 teaspoon whole anise seeds $ 2 teaspoons black raisins $ 20 whole almonds, blanched $ 2 ounces pumpkin seeds $ 1/2 cup sesame seeds $ 2 stale corn tortillas $ 3 stale baguettes, cut into 1-inch slices $ 1 tablespoon canola oil $ 4 ounces Mexican chocolate, or more to taste, coarsely chopped $ Kosher salt $ Up to 1/2 cup of sugar, as needed $ 1/4 cup sesame seeds, lightly toasted $ ",Blender $ Chicken $ Chocolate $ Nut $ Tomato $ Dinner $ Tomatillo $ Seed $ Simmer $ Chile Pepper $ Dairy Free $ Peanut Free $ Soy Free $ ,Mexican $ Latin American $ ,4/4,0,Blender $ Chicken $ Chocolate $ Nut $ Tomato $ Dinner $ Tomatillo $ Seed $ Simmer $ Chile Pepper $ Dairy Free $ Peanut Free $ Soy Free $ Mexican $ Latin American $ 
https://www.epicurious.com/recipes/food/views/aguachile-de-camaron-shrimp-cooked-in-lime-and-chile-51110210,Aguachile de Camarón (Shrimp Cooked in Lime and Chile) ,"1 English cucumber, peeled $ 1 pound fresh, head-on jumbo shrimp $ 1 teaspoon kosher salt, plus more to taste $ 1 cup freshly squeezed lime juice $ 1/4 cup extra-virgin olive oil $ 2 to 3 fresh serrano chiles, sliced $ ",Shellfish $ No-Cook $ Lunch $ Seafood $ Shrimp $ Cucumber $ Healthy $ Lime Juice $ Chile Pepper $ Sugar Conscious $ Pescatarian $ Paleo $ Dairy Free $ Wheat/Gluten-Free $ Peanut Free $ Tree Nut Free $ Soy Free $ No Sugar Added $ ,Mexican $ Latin American $ ,3.5/4,8,Shellfish $ No-Cook $ Lunch $ Seafood $ Shrimp $ Cucumber $ Healthy $ Lime Juice $ Chile Pepper $ Sugar Conscious $ Pescatarian $ Paleo $ Dairy Free $ Wheat/Gluten-Free $ Peanut Free $ Tree Nut Free $ Soy Free $ No Sugar Added $ Mexican $ Latin American $ 
https://www.epicurious.com/recipes/food/views/ceviche-verde-green-mexican-ceviche-51110630,Ceviche Verde (Green Mexican Ceviche) ,"3 pounds mahi mahi, cut into 1/2-inch cubes $ Kosher salt $ 1/2 cup freshly squeezed lime juice $ 1 pound tomatillos, husked, rinsed, and cut into small dice $ 24 green Manzanilla olives, pitted and minced $ 1 red onion, minced $ 2 jalapeños, minced $ 2 firm Hass avocados, pitted, peeled, and cut into small dice $ 1 bunch fresh cilantro leaves and stems, minced $ 1/2 cup extra-virgin olive oil $ Tortilla chips or saltine crackers as desired $ ",Fish $ Olive $ Onion $ No-Cook $ Lunch $ Seafood $ Avocado $ Summer $ Healthy $ Tomatillo $ Jalapeño $ Cilantro $ Sugar Conscious $ Pescatarian $ Dairy Free $ Wheat/Gluten-Free $ Peanut Free $ Tree Nut Free $ Soy Free $ Kosher $ ,Mexican $ Latin American $ ,2.5/4,3,Fish $ Olive $ Onion $ No-Cook $ Lunch $ Seafood $ Avocado $ Summer $ Healthy $ Tomatillo $ Jalapeño $ Cilantro $ Sugar Conscious $ Pescatarian $ Dairy Free $ Wheat/Gluten-Free $ Peanut Free $ Tree Nut Free $ Soy Free $ Kosher $ Mexican $ Latin American $ 
https://www.epicurious.com/recipes/food/views/chiles-poblanos-rellenos-de-queso-poblano-chiles-stuffed-with-cheese-51110420,Chiles Poblanos Rellenos de Queso (Poblano Chiles Stuffed with Cheese) ,"2 pounds Roma tomatoes $ 1 medium onion, thinly sliced $ 2 cloves garlic $ 2 tablespoons canola oil $ 1 bay leaf $ Kosher salt $ 4 fresh poblano chiles $ 12 ounces Asadero, Chihuahua, or other semisoft melting cheese, cut into small cubes $ 1/2 cup all-purpose flour $ 3 large eggs, separated $ 1 1/2 cups canola oil $ ",Cheese $ Dairy $ Tomato $ Vegetarian $ Cinco de Mayo $ Dinner $ Lunch $ Chile Pepper $ Pescatarian $ Peanut Free $ Tree Nut Free $ Soy Free $ No Sugar Added $ Kosher $ ,Mexican $ Latin American $ ,3/4,5,Cheese $ Dairy $ Tomato $ Vegetarian $ Cinco de Mayo $ Dinner $ Lunch $ Chile Pepper $ Pescatarian $ Peanut Free $ Tree Nut Free $ Soy Free $ No Sugar Added $ Kosher $ Mexican $ Latin American $ 
https://www.epicurious.com/recipes/food/views/huachinango-a-la-veracruzana-veracruz-style-red-snapper-51110250,Huachinango a la Veracruzana (Veracruz-Style Red Snapper) ,"6 pounds whole gutted red snapper or 8 (7-ounce) fillets $ 1 teaspoon kosher salt, plus more to taste $ 1 teaspoon freshly ground black pepper $ 1/2 cup freshly squeezed lime juice $ 1/2 cup olive oil $ 2 medium onions, diced $ 6 cloves garlic, minced $ 6 pounds Roma tomatoes, diced $ 1 cup green Manzanilla olives, pitted $ 1/2 cup Spanish capers $ 1/2 cup black raisins $ 1 teaspoon jalapeño chiles en escabèche, sliced (canned pickled jalapeños) $ 4 dried bay leaves $ 1/2 pound new potatoes, peeled, blanched, and sliced $ 1/4 cup coarsely chopped fresh flat-leaf parsley $ Arroz Blanco $ ",Fish $ Olive $ Onion $ Potato $ Tomato $ Bake $ Dinner $ Raisin $ Seafood $ Snapper $ Healthy $ Capers $ Simmer $ Lime Juice $ Pescatarian $ Dairy Free $ Wheat/Gluten-Free $ Peanut Free $ Tree Nut Free $ Soy Free $ No Sugar Added $ Kosher $ ,Mexican $ Latin American $ ,4/4,3,Fish $ Olive $ Onion $ Potato $ Tomato $ Bake $ Dinner $ Raisin $ Seafood $ Snapper $ Healthy $ Capers $ Simmer $ Lime Juice $ Pescatarian $ Dairy Free $ Wheat/Gluten-Free $ Peanut Free $ Tree Nut Free $ Soy Free $ No Sugar Added $ Kosher $ Mexican $ Latin American $ 
https://www.epicurious.com/recipes/food/views/tatemado-de-costilla-de-res-tatemado-short-ribs-51110270,Tatemado de Costilla de Res (Tatemado Short Ribs) ,"4 (3-inch cut) short ribs $ 8 ancho chiles, veins removed and seeded $ 1 pound onions, cut into quarters $ 5 cloves garlic $ 3 ounces piloncillo (Mexican brown sugar) $ 1 quart beer or pulque $ 1/2 cup agave nectar $ 1/2 cup tequila $ 1 ounce lard $ 3 maguey or agave leaves $ 4 cactus paddles, trimmed of spines $ Frijoles de la Olla $ Tortillas $ Spice grinder $ ",Beer $ Beef $ Onion $ Braise $ Dinner $ Meat $ Beef Rib $ Chile Pepper $ ,Mexican $ Latin American $ ,0/4,0,Beer $ Beef $ Onion $ Braise $ Dinner $ Meat $ Beef Rib $ Chile Pepper $ Mexican $ Latin American $ 
https://www.epicurious.com/recipes/food/views/roasted-tomato-chipotle-salsa-394909,Roasted Tomato-Chipotle Salsa ,"10 medium tomatoes $ 6 cloves garlic $ 1 medium white onion, sliced $ 2 to 4 canned chipotles en adobo $ 1/4 cup red wine vinegar $ Kosher or fine sea salt $ ",Condiment/Spread $ Sauce $ Garlic $ Tomato $ Side $ Vegetarian $ Quick & Easy $ Cinco de Mayo $ Healthy $ Vegan $ Party $ Chile Pepper $ ,Mexican $ Latin American $ ,3/4,1,Condiment/Spread $ Sauce $ Garlic $ Tomato $ Side $ Vegetarian $ Quick & Easy $ Cinco de Mayo $ Healthy $ Vegan $ Party $ Chile Pepper $ Mexican $ Latin American $ 
https://www.epicurious.com/recipes/food/views/salsa-borracha-394910,Salsa Borracha ,"8 ancho chiles $ 1/2 cup fresh orange juice $ 1/2 cup golden tequila $ 1 garlic clove, minced $ 4 tablespoons olive oil $ Salt and freshly ground black pepper $ 1/4 cup crumbled añejo or feta cheese $ ",Condiment/Spread $ Sauce $ Tequila $ Blender $ Cheese $ Side $ Vegetarian $ Cinco de Mayo $ Poker/Game Night $ Party $ Orange Juice $ Pescatarian $ Wheat/Gluten-Free $ Peanut Free $ Tree Nut Free $ Soy Free $ Kosher $ ,Mexican $ Latin American $ ,3/4,2,Condiment/Spread $ Sauce $ Tequila $ Blender $ Cheese $ Side $ Vegetarian $ Cinco de Mayo $ Poker/Game Night $ Party $ Orange Juice $ Pescatarian $ Wheat/Gluten-Free $ Peanut Free $ Tree Nut Free $ Soy Free $ Kosher $ Mexican $ Latin American $ 
https://www.epicurious.com/recipes/food/views/grilled-pineapple-salsa-394949,Grilled Pineapple Salsa ,"1/2 ripe but firm pineapple, peeled, cored, and cut into 1/2-inch-thick slices $ 1/4 cup chopped fresh cilantro $ 1/2 serrano chile, stemmed, seeded, and diced $ 1 tablespoon fresh lime juice $ Pinch of sugar, or to taste $ Salt and freshly ground black pepper $ ",Condiment/Spread $ Sauce $ Fruit $ Vegetarian $ Cinco de Mayo $ Backyard BBQ $ Tropical Fruit $ Pineapple $ Grill/Barbecue $ Vegan $ Party $ Cilantro $ Chile Pepper $ ,Mexican $ Latin American $ ,3.5/4,2,Condiment/Spread $ Sauce $ Fruit $ Vegetarian $ Cinco de Mayo $ Backyard BBQ $ Tropical Fruit $ Pineapple $ Grill/Barbecue $ Vegan $ Party $ Cilantro $ Chile Pepper $ Mexican $ Latin American $ 
https://www.epicurious.com/recipes/food/views/sesame-seed-and-arbol-chile-salsa-394911,Sesame Seed and Árbol Chile Salsa ,"1 1/2 tablespoons vegetable oil $ 1/4 cup minced onion $ 2 large garlic cloves $ 1/4 cup sesame seeds, toasted $ 1/2 cup dried árbol chiles $ 4 large tomatillos, husked and rinsed $ Salt and freshly ground black pepper $ ",Condiment/Spread $ Sauce $ Side $ Vegetarian $ Cinco de Mayo $ Healthy $ Vegan $ Party $ Sesame $ Chile Pepper $ Sugar Conscious $ Kidney Friendly $ Pescatarian $ Dairy Free $ Wheat/Gluten-Free $ Peanut Free $ Tree Nut Free $ Soy Free $ No Sugar Added $ Kosher $ ,Mexican $ Latin American $ ,4/4,1,Condiment/Spread $ Sauce $ Side $ Vegetarian $ Cinco de Mayo $ Healthy $ Vegan $ Party $ Sesame $ Chile Pepper $ Sugar Conscious $ Kidney Friendly $ Pescatarian $ Dairy Free $ Wheat/Gluten-Free $ Peanut Free $ Tree Nut Free $ Soy Free $ No Sugar Added $ Kosher $ Mexican $ Latin American $ 
https://www.epicurious.com/recipes/food/views/serrano-salsa-394929,Serrano Salsa ,"1 cup cider vinegar $ 1 tablespoon sugar $ 4 whole allspice berries $ 1/4 cup vegetable oil $ 1 cup minced white onions $ 16 serrano chiles, roasted, peeled, seeded, and diced $ 1 tablespoon salt $ 1/4 cup freshly squeezed lime juice $ 1 cup chopped cilantro $ ",Condiment/Spread $ Sauce $ Onion $ Side $ Vegetarian $ Cinco de Mayo $ Healthy $ Vegan $ Party $ Cilantro $ Chile Pepper $ Pescatarian $ Dairy Free $ Wheat/Gluten-Free $ Peanut Free $ Tree Nut Free $ Soy Free $ Kosher $ ,Mexican $ Latin American $ ,0/4,0,Condiment/Spread $ Sauce $ Onion $ Side $ Vegetarian $ Cinco de Mayo $ Healthy $ Vegan $ Party $ Cilantro $ Chile Pepper $ Pescatarian $ Dairy Free $ Wheat/Gluten-Free $ Peanut Free $ Tree Nut Free $ Soy Free $ Kosher $ Mexican $ Latin American $ 
https://www.epicurious.com/recipes/food/views/tomatillo-pasilla-de-oaxaca-salsa-394889,Tomatillo-Pasilla de Oaxaca Salsa ,"2 1/2 pounds tomatillos, husked, rinsed, and quartered $ 1 tablespoon lard or vegetable oil $ 10 medium cloves garlic $ 15 small pasilla de Oaxaca chiles, stemmed and seeded $ Kosher or fine sea salt $ ",Condiment/Spread $ Sauce $ Blender $ Side $ Cinco de Mayo $ Healthy $ Tomatillo $ Party $ Chile Pepper $ Paleo $ Dairy Free $ Wheat/Gluten-Free $ Peanut Free $ Tree Nut Free $ Soy Free $ No Sugar Added $ ,Mexican $ Latin American $ ,0/4,0,Condiment/Spread $ Sauce $ Blender $ Side $ Cinco de Mayo $ Healthy $ Tomatillo $ Party $ Chile Pepper $ Paleo $ Dairy Free $ Wheat/Gluten-Free $ Peanut Free $ Tree Nut Free $ Soy Free $ No Sugar Added $ Mexican $ Latin American $ 
https://www.epicurious.com/recipes/food/views/classic-posole-380590,Classic Posole ,"1 tablespoon ground cumin $ 1 teaspoon garlic powder $ 1 teaspoon smoked paprika $ 1 2-pound boneless pork shoulder (Boston butt) $ Kosher salt and freshly ground black pepper $ 1/2 red onion, sliced $ 1/4 cup vegetable oil $ 1/2 red onion, chopped $ 3 garlic cloves, minced $ 2 plum tomatoes, diced $ 6 cups low-salt chicken broth $ 1 28-ounce can undrained pinto beans $ 1 28-ounce can white hominy, drained $ 1 28-ounce can diced tomatoes with juices, puréed in blender until smooth $ 1 tablespoon oregano (preferably Mexican) $ 2 teaspoons ground cumin $ Kosher salt and freshly ground black pepper $ Shredded mild cheddar $ Chopped fresh cilantro $ Lime wedges $ Flour tortillas $ Ingredient info: Smoked paprika and hominy are sold in most supermarkets. $ ",Soup/Stew $ Bean $ Pork $ Tomato $ Low Cal $ Dinner $ Lunch $ Meat $ Legume $ Hominy/Cornmeal/Masa $ Bon Appétit $ Peanut Free $ Tree Nut Free $ Soy Free $ ,Mexican $ Latin American $ ,3.5/4,26,Soup/Stew $ Bean $ Pork $ Tomato $ Low Cal $ Dinner $ Lunch $ Meat $ Legume $ Hominy/Cornmeal/Masa $ Bon Appétit $ Peanut Free $ Tree Nut Free $ Soy Free $ Mexican $ Latin American $ 
https://www.epicurious.com/recipes/food/views/vegetarian-red-pozole-with-red-beans-369571,Vegetarian Red Pozole with Red Beans ,"4 large dried ancho chiles (2 ounces), wiped clean and stemmed $ 2 cups chopped onion $ 1/4 cup olive oil $ 3 large garlic cloves, chopped $ 1 tablespoon cider vinegar $ 2 teaspoons ground cumin $ 1 teaspoon dried oregano, preferably Mexican $ Salt $ 1 teaspoon sugar $ 1/8 teaspoon ground cloves $ 6 cups water, divided $ 1 (29-ounce) can white hominy (also labeled pozole and mote blanco), rinsed and drained $ 2 (15- to 16-ounce) cans kidney beans, rinsed and drained $ 2 pounds zucchini, cut into 1/2-inch pieces $ 2 cups fresh corn kernels or 1 (10-ounce) package frozen corn kernels $ Freshly ground black pepper $ Shredded lettuce, julienned radishes, chopped onion, additional dried oregano (preferably Mexican), and lime wedges for squeezing, each in separate small bowls $ ",Soup/Stew $ Bean $ Vegetarian $ Dinner $ Corn $ Legume $ Zucchini $ Healthy $ Vegan $ Hominy/Cornmeal/Masa $ Simmer $ Chile Pepper $ Gourmet $ Pescatarian $ Dairy Free $ Wheat/Gluten-Free $ Peanut Free $ Tree Nut Free $ Soy Free $ Kosher $ ,Mexican $ Latin American $ ,3.5/4,15,Soup/Stew $ Bean $ Vegetarian $ Dinner $ Corn $ Legume $ Zucchini $ Healthy $ Vegan $ Hominy/Cornmeal/Masa $ Simmer $ Chile Pepper $ Gourmet $ Pescatarian $ Dairy Free $ Wheat/Gluten-Free $ Peanut Free $ Tree Nut Free $ Soy Free $ Kosher $ Mexican $ Latin American $ 
https://www.epicurious.com/recipes/food/views/roasted-corn-with-manchego-lime-366724,Roasted Corn with Manchego & Lime ,"6 ears of sweet yellow corn, unhusked $ 2 tablespoons extra-virgin olive oil $ 2 tablespoons (1/4 stick) unsalted butter $ Kosher salt $ freshly ground black pepper $ 1 jalapeño, seeded, finely diced $ 1/2 teaspoon crushed red pepper flakes $ 1 lime, cut into 4 wedges $ 1 cup finely grated Manchego cheese $ 1/4 cup thinly sliced chives $ 2 teaspoons finely grated lime zest $ ingredient info: Manchego cheese is sold at better supermarkets and at specialty foods stores. $ ",Cheese $ Side $ Picnic $ Graduation $ Backyard BBQ $ Corn $ Summer $ Birthday $ Family Reunion $ Shower $ Chive $ Jalapeño $ Potluck $ Bon Appétit $ Sugar Conscious $ Kidney Friendly $ Vegetarian $ Pescatarian $ Wheat/Gluten-Free $ Peanut Free $ Tree Nut Free $ Soy Free $ No Sugar Added $ Kosher $ ,Latin American $ ,4/4,58,Cheese $ Side $ Picnic $ Graduation $ Backyard BBQ $ Corn $ Summer $ Birthday $ Family Reunion $ Shower $ Chive $ Jalapeño $ Potluck $ Bon Appétit $ Sugar Conscious $ Kidney Friendly $ Vegetarian $ Pescatarian $ Wheat/Gluten-Free $ Peanut Free $ Tree Nut Free $ Soy Free $ No Sugar Added $ Kosher $ Latin American $ 
https://www.epicurious.com/recipes/food/views/ceviche-verde-366691,Ceviche Verde ,"1 pound fresh Pacific halibut or other firm-fleshed fish $ 1 teaspoon kosher salt $ 3 tablespoons fresh lime juice $ 2 ripe avocados, peeled and pitted $ 3/4 cup green olives, sliced $ 1/2 cup tomatillos, diced $ 1/4 cup onion, very finely chopped $ 1/4 cup fresh cilantro leaves $ 1 jalapeño, stemmed, seeded, and minced (optional) $ 2 tablespoons olive oil $ Tostadas or tortilla chips $ Ingredient info: To ripen avocados more quickly, place them in a sealed paper bag with an apple or a banana for 24 hours. $ ",Fish $ Appetizer $ Quick & Easy $ Lunch $ Halibut $ Avocado $ Summer $ Healthy $ Bon Appétit $ Sugar Conscious $ Pescatarian $ Peanut Free $ Tree Nut Free $ Soy Free $ No Sugar Added $ Kosher $ ,Latin American $ ,3.5/4,20,Fish $ Appetizer $ Quick & Easy $ Lunch $ Halibut $ Avocado $ Summer $ Healthy $ Bon Appétit $ Sugar Conscious $ Pescatarian $ Peanut Free $ Tree Nut Free $ Soy Free $ No Sugar Added $ Kosher $ Latin American $ 
https://www.epicurious.com/recipes/food/views/salsa-verde-365817,Salsa Verde ,"6 oil-packed anchovy fillets, chopped (optional) $ 1 garlic clove, chopped $ 1 1/2 tablespoons capers, rinsed and chopped $ 1 Fresno chile or red jalapeño, stemmed, seeded, minced $ 4 cups loosely packed fresh flat-leaf parsley leaves, finely chopped $ 2 cups loosely packed fresh mint leaves, finely chopped $ 1 cup loosely packed fresh cilantro leaves, finely chopped $ 1 cup plus 2 tablespoons extra-virgin olive oil $ Kosher salt (optional) $ ",Sauce $ Food Processor $ Side $ Picnic $ Quick & Easy $ Father's Day $ Backyard BBQ $ Mint $ Healthy $ Cilantro $ Parsley $ Chile Pepper $ Bon Appétit $ Sugar Conscious $ Pescatarian $ Paleo $ Dairy Free $ Wheat/Gluten-Free $ Peanut Free $ Tree Nut Free $ Soy Free $ No Sugar Added $ Kosher $ ,Latin American $ ,3.5/4,2,Sauce $ Food Processor $ Side $ Picnic $ Quick & Easy $ Father's Day $ Backyard BBQ $ Mint $ Healthy $ Cilantro $ Parsley $ Chile Pepper $ Bon Appétit $ Sugar Conscious $ Pescatarian $ Paleo $ Dairy Free $ Wheat/Gluten-Free $ Peanut Free $ Tree Nut Free $ Soy Free $ No Sugar Added $ Kosher $ Latin American $ 
https://www.epicurious.com/recipes/food/views/crab-enchiladas-with-green-mole-365390,Crab Enchiladas with Green Mole ,"2 tablespoons olive or vegetable oil $ 1 red onion, chopped $ 2 stalks celery, chopped $ 1 pound lump crabmeat $ 2 teaspoons chopped fresh oregano $ 1/2 teaspoon freshly ground black pepper $ 3 cups jarred or fresh Herbed Pumpkin Seed Mole $ Twelve 5-to 6-inch corn tortillas $ 1 cup crumbled cotija cheese $ 3 green onions, chopped $ 1 ripe avocado, pitted and sliced $ ",Bake $ Cinco de Mayo $ Dinner $ Crab $ Potluck $ Sugar Conscious $ Pescatarian $ Wheat/Gluten-Free $ Peanut Free $ Tree Nut Free $ Soy Free $ No Sugar Added $ ,Mexican $ Latin American $ ,3/4,2,Bake $ Cinco de Mayo $ Dinner $ Crab $ Potluck $ Sugar Conscious $ Pescatarian $ Wheat/Gluten-Free $ Peanut Free $ Tree Nut Free $ Soy Free $ No Sugar Added $ Mexican $ Latin American $ 
https://www.epicurious.com/recipes/food/views/fried-chayote-squash-365389,Fried Chayote Squash ,"2 tablespoons butter $ 1 tablespoon olive oil $ 2 medium onions, sliced $ 2 chayotes, pitted and thinly sliced $ 2 teaspoons dried or 2 tablespoons chopped fresh oregano $ 1/2 teaspoon salt $ 1/4 teaspoon freshly ground black pepper $ ",Vegetable $ Side $ Sauté $ Vegetarian $ Cinco de Mayo $ Squash $ Vegan $ Party $ Kidney Friendly $ Pescatarian $ Wheat/Gluten-Free $ Peanut Free $ Tree Nut Free $ Soy Free $ No Sugar Added $ Kosher $ ,Mexican $ Latin American $ ,3/4,2,Vegetable $ Side $ Sauté $ Vegetarian $ Cinco de Mayo $ Squash $ Vegan $ Party $ Kidney Friendly $ Pescatarian $ Wheat/Gluten-Free $ Peanut Free $ Tree Nut Free $ Soy Free $ No Sugar Added $ Kosher $ Mexican $ Latin American $ 
https://www.epicurious.com/recipes/food/views/herbed-pumpkin-seed-mole-365369,Herbed Pumpkin Seed Mole (Mole Verde con Hierbas) ,"1 cup peeled pumpkin seeds $ 1 teaspoon cumin seeds $ 1/2 teaspoon dried oregano $ 1 tablespoon vegetable or olive oil $ 1 onion, cut into wedges $ 5 tomatillos, husked and halved $ 5 garlic cloves, halved $ 2 jalapeño peppers, sliced $ 2 cups chicken broth $ 1 packed cup coarsely chopped, fresh cilantro $ 1 cup coarsely chopped fresh parsley $ 1/2 cup fresh epazote (optional) $ 1 teaspoon salt $ ",Sauce $ Blender $ Vegetable $ Cinco de Mayo $ Squash $ Pumpkin $ Fall $ Summer $ Tomatillo $ Party $ Advance Prep Required $ ,Mexican $ Latin American $ ,3/4,4,Sauce $ Blender $ Vegetable $ Cinco de Mayo $ Squash $ Pumpkin $ Fall $ Summer $ Tomatillo $ Party $ Advance Prep Required $ Mexican $ Latin American $ 
