link,name,ingredients,recipe_category,recipe_cuisine,rating,rating_count,keywords
https://www.epicurious.com/recipes/food/views/couscous-vegetable-salad-331,Couscous Vegetable Salad ,1/2 cup couscous (3 ounces) $ 3/4 cup boiling water $ 1/2 cup 1/4-inch pieces zucchini $ 1/2 cup 1/4-inch pieces red bell pepper $ 1/4 cup finely chopped red onion $ 3/4 teaspoon ground cumin $ 1/4 cup purchased olive oil vinaigrette $ ,Salad $ Vegetable $ Side $ Vegetarian $ Quick & Easy $ Lunch $ Bell Pepper $ Zucchini $ Summer $ Healthy $ Vegan $ Couscous $ Bon Appétit $ Sugar Conscious $ Kidney Friendly $ Pescatarian $ Dairy Free $ Peanut Free $ Tree Nut Free $ Soy Free $ No Sugar Added $ Kosher $ ,Mediterranean $ Middle Eastern $ ,3.5/4,8,Salad $ Vegetable $ Side $ Vegetarian $ Quick & Easy $ Lunch $ Bell Pepper $ Zucchini $ Summer $ Healthy $ Vegan $ Couscous $ Bon Appétit $ Sugar Conscious $ Kidney Friendly $ Pescatarian $ Dairy Free $ Peanut Free $ Tree Nut Free $ Soy Free $ No Sugar Added $ Kosher $ Mediterranean $ Middle Eastern $ 
https://www.epicurious.com/recipes/food/views/orzo-with-feta-green-beans-and-tomatoes-15202,"Orzo with Feta, Green Beans, and Tomatoes ",10 ounces haricots verts(thin French green beans) or green beans $ 1 cup orzo (rice-shaped pasta) $ 1 medium onion $ 2 garlic cloves $ 3 medium vine-ripened tomatoes $ 2 tablespoons olive oil $ 1 tablespoon white-wine vinegar $ 1 tablespoon chopped fresh flat-leafed parsley leaves $ 1 cup crumbled feta $ ,Bean $ Pasta $ Tomato $ Side $ Vegetarian $ Feta $ Summer $ Gourmet $ ,Mediterranean $ ,3/4,36,Bean $ Pasta $ Tomato $ Side $ Vegetarian $ Feta $ Summer $ Gourmet $ Mediterranean $ 
https://www.epicurious.com/recipes/food/views/couscous-stuffed-tomatoes-with-currants-and-herbs-12756,Couscous-Stuffed Tomatoes with Currants and Herbs ,four 1/2-pound tomatoes $ 1/4 cups dried currants $ about 1 2/3 cups chicken broth $ 3 tablespoons olive oil $ 1 cup couscous $ 1/3 cup finely chopped scallion $ 3 tablespoons minced fresh dill $ 3 tablespoons minced fresh mint leaves $ 1 to 2 tablespoons fresh lemon juice $ ,Tomato $ Side $ Bake $ Currant $ Mint $ Summer $ Couscous $ Dill $ Gourmet $ ,Mediterranean $ ,3/4,8,Tomato $ Side $ Bake $ Currant $ Mint $ Summer $ Couscous $ Dill $ Gourmet $ Mediterranean $ 
https://www.epicurious.com/recipes/food/views/rigatoni-with-shrimp-in-tomato-and-feta-sauce-11773,Rigatoni with Shrimp in Tomato and Feta Sauce ,"1/2 cup finely chopped onion $ 1 garlic clove, minced $ 6 tablespoons olive oil $ 1/2 cup dry white wine $ three 14- to 16-ounce cans plum tomatoes including the juice,  chopped coarse $ 2 tablespoons finely chopped fresh parsley leaves (preferably  flat-leafed) $ 1/2 teaspoon dried basil, crumbled $ 1/2 teaspoon dried oregano, crumbled $ 3/4 teaspoon salt $ dried hot red pepper flakes to taste if desired $ 1 1/2 pounds medium shrimp (about 34), shelled, deveined if desired,  and rinsed $ 1 pound dried rigatoni or other tubular pasta $ 1/2 pound Feta, crumbled $ ",Cheese $ Pasta $ Shellfish $ Tomato $ Bake $ Feta $ Shrimp $ White Wine $ Gourmet $ ,Mediterranean $ ,3/4,36,Cheese $ Pasta $ Shellfish $ Tomato $ Bake $ Feta $ Shrimp $ White Wine $ Gourmet $ Mediterranean $ 
https://www.epicurious.com/recipes/food/views/chicken-with-carrots-prunes-and-rice-368,"Chicken with Carrots, Prunes and Rice ","1 3 3/4- to 4-pound chicken, cut into 6 pieces $ 3 tablespoons olive oil $ 1 large onion, chopped $ 1 pound large carrots, coarsely grated $ 2 cups long-grain white rice $ 12 ounces pitted prunes $ Paprika $ 6 cups boiling chicken stock or canned low-salt broth $ ",Chicken $ Poultry $ Rice $ Bake $ High Fiber $ Wheat/Gluten-Free $ Prune $ Carrot $ Bon Appétit $ ,Mediterranean $ ,2.5/4,7,Chicken $ Poultry $ Rice $ Bake $ High Fiber $ Wheat/Gluten-Free $ Prune $ Carrot $ Bon Appétit $ Mediterranean $ 
https://www.epicurious.com/recipes/food/views/tarama-croquettes-106458,Tarama Croquettes ,"2 small russet potatoes, peeled, cut into 1-inch pieces $ 4 cups 1-inch cubes day-old crustless French bread (about 12 ounces) $ 6 green onions, coarsely chopped $ 1/2 cup plus 2 tablespoons whole milk $ 1/3 cup tarama* (pale orange carp roe; about 4 ounces) $ 1 large egg $ 2 large egg whites $ 3 cups fresh breadcrumbs made from crustless French bread $ Olive oil (for frying) $ Safflower oil (for frying) $ Lemon wedges $ ",Fish $ Appetizer $ Fry $ Spring $ Bon Appétit $ ,Greek $ Mediterranean $ ,0/4,0,Fish $ Appetizer $ Fry $ Spring $ Bon Appétit $ Greek $ Mediterranean $ 
https://www.epicurious.com/recipes/food/views/fusilli-with-eggplant-pine-nuts-currants-and-capers-106472,"Fusilli with Eggplant, Pine Nuts, Currants, and Capers ","2 16-ounce eggplants, cut crosswise into 1/2-inch-thick slices $ 2 tablespoons olive oil $ 1 medium onion, chopped $ 4 garlic cloves, minced $ 3/4 cup pine nuts, toasted $ 3/4 cup dried currants $ 1/2 cup drained capers $ 2 14 1/4-ounce cans diced tomatoes in juice $ 1 pound fusilli pasta $ 1 cup freshly grated pecorino Romano cheese $ 1/2 cup chopped fresh basil $ ",Pasta $ Sauté $ Vegetarian $ Currant $ Pine Nut $ Eggplant $ Capers $ Bon Appétit $ ,Italian $ Mediterranean $ ,3.5/4,44,Pasta $ Sauté $ Vegetarian $ Currant $ Pine Nut $ Eggplant $ Capers $ Bon Appétit $ Italian $ Mediterranean $ 
https://www.epicurious.com/recipes/food/views/raisin-nut-spice-cookies-106495,Raisin-Nut Spice Cookies ,"Nonstick vegetable oil spray $ 1 cup powdered sugar $ 8 teaspoons (about) whole milk $ 1 cup whole almonds (about 5 ounces), toasted, cooled $ 1/2 cup walnut pieces (about 2 ounces), toasted, cooled $ 1 3/4 cups all purpose flour $ 3/4 cup (1 1/2 sticks) unsalted butter, cut into 1/2-inch pieces, room temperature $ 2/3 cup sugar $ 1 teaspoon finely grated lemon peel $ 1 teaspoon finely grated orange peel $ 1 teaspoon aniseed $ 3/4 teaspoon salt $ 1/2 teaspoon ground cinnamon $ 1/4 teaspoon ground cloves $ 1/4 teaspoon baking soda $ 2 large egg yolks $ 1 cup golden raisins $ ",Cookies $ Bake $ Raisin $ Almond $ Walnut $ Spice $ Bon Appétit $ ,Italian $ Mediterranean $ ,3.5/4,6,Cookies $ Bake $ Raisin $ Almond $ Walnut $ Spice $ Bon Appétit $ Italian $ Mediterranean $ 
https://www.epicurious.com/recipes/food/views/orzo-with-lamb-lima-beans-and-feta-484,"Orzo with Lamb, Lima Beans and Feta ","3 tablespoons olive oil $ 2 onions, chopped $ 3 large garlic cloves, chopped $ 2 1/4 pounds lamb stew meat, cut into 3/4-inch pieces $ 3/4 cup dry white wine $ 1 28-ounce can peeled tomatoes $ 1 14 1/2-ounce can peeled tomatoes $ 1 1/2 10-ounce packages frozen baby lima beans (about 3 cups), thawed $ 5 tablespoons chopped fresh marjoram or 5 teaspoons dried $ 1 1/2 pounds orzo (rice-shaped pasta; also called riso) $ 6 ounces feta cheese, crumbled $ ",Soup/Stew $ Herb $ Lamb $ Pasta $ Tomato $ Stew $ Feta $ Lima Bean $ Winter $ Bon Appétit $ ,Greek $ Mediterranean $ ,3/4,3,Soup/Stew $ Herb $ Lamb $ Pasta $ Tomato $ Stew $ Feta $ Lima Bean $ Winter $ Bon Appétit $ Greek $ Mediterranean $ 
https://www.epicurious.com/recipes/food/views/lima-bean-paella-372,Lima Bean Paella ,"2 tablespoons olive oil (preferably extra-virgin) $ 2 1/2 cups chopped red onions (about 2 medium) $ 1 ounce finely chopped smoked ham (scant 1/4 cup) $ 4 tablespoons chopped fresh thyme or 1 1/2 tablespoons dried $ 3 large bay leaves $ 8 ounces skinless boneless chicken thighs, fat trimmed, cut into 1-inch pieces $ 3 cups frozen baby lima beans (about 1 pound) $ 1 16-ounce can Italian-style tomatoes, cut into pieces, juices reserved $ 6 garlic cloves, minced $ ",Chicken $ Poultry $ Tomato $ Low Fat $ Wheat/Gluten-Free $ Lima Bean $ Bon Appétit $ ,Mediterranean $ Spanish/Portuguese $ ,3/4,5,Chicken $ Poultry $ Tomato $ Low Fat $ Wheat/Gluten-Free $ Lima Bean $ Bon Appétit $ Mediterranean $ Spanish/Portuguese $ 
https://www.epicurious.com/recipes/food/views/slow-roasted-tuna-with-tomatoes-herbs-and-spices-106469,"Slow-Roasted Tuna with Tomatoes, Herbs, and Spices ","1 2 1/4-pound tuna fillet $ 9 whole cloves $ 9 whole coriander seeds $ 3 large garlic cloves, cut into slivers $ 1/3 cup extra-virgin olive oil $ 1 large red onion, thinly sliced $ 1 1/2 pounds plum tomatoes, halved, seeded, chopped $ 1 teaspoon dried oregano $ 1/3 cup white wine vinegar $ ",Fish $ Tomato $ Roast $ Low Carb $ Wheat/Gluten-Free $ Spring $ Bon Appétit $ ,Italian $ Mediterranean $ ,3.5/4,10,Fish $ Tomato $ Roast $ Low Carb $ Wheat/Gluten-Free $ Spring $ Bon Appétit $ Italian $ Mediterranean $ 
https://www.epicurious.com/recipes/food/views/rice-with-spinach-and-feta-cheese-5452,Rice with Spinach and Feta Cheese ,"1/4 cup olive oil $ 1 large onion, chopped $ 2 large garlic cloves, minced $ 1 1/4 cups long-grain white rice $ 2 cups canned beef broth or low-salt chicken broth $ 1/2 cup dry white wine $ 2 10-ounce packages fresh spinach leaves $ 1 cup chopped seeded tomatoes $ 1 cup crumbled feta cheese $ ",Rice $ Tomato $ Side $ Sauté $ High Fiber $ Dinner $ Feta $ Spinach $ Simmer $ Bon Appétit $ Wheat/Gluten-Free $ Peanut Free $ Tree Nut Free $ Soy Free $ ,Mediterranean $ ,3.5/4,100,Rice $ Tomato $ Side $ Sauté $ High Fiber $ Dinner $ Feta $ Spinach $ Simmer $ Bon Appétit $ Wheat/Gluten-Free $ Peanut Free $ Tree Nut Free $ Soy Free $ Mediterranean $ 
https://www.epicurious.com/recipes/food/views/lamb-and-rice-pilaf-with-dried-apricots-and-pine-nuts-104951,Lamb and Rice Pilaf with Dried Apricots and Pine Nuts ,"1 2 1/3-pound bone-in lamb leg sirloin, fat and sinew trimmed $ 3 teaspoons olive oil $ 1 large carrot, peeled, quartered lengthwise $ 1 small onion, halved $ 8 cups water $ 1 tomato, quartered $ 1 bay leaf $ 1/2 cup chopped onion $ 1 1/2 cups arborio rice or medium-grain white rice $ 1/4 cup chopped dried apricots $ 1 garlic clove, minced $ 1/4 cup chopped tomato $ 2 tablespoons chopped fresh cilantro $ 1 tablespoon pine nuts, toasted $ ",Lamb $ Rice $ Tomato $ Dried Fruit $ Apricot $ Pine Nut $ Fall $ Simmer $ Bon Appétit $ ,Mediterranean $ Middle Eastern $ ,2/4,7,Lamb $ Rice $ Tomato $ Dried Fruit $ Apricot $ Pine Nut $ Fall $ Simmer $ Bon Appétit $ Mediterranean $ Middle Eastern $ 
https://www.epicurious.com/recipes/food/views/braised-rabbit-with-egg-noodles-108101,Braised Rabbit with Egg Noodles ,"1 (2 1/2- to 3 1/2-pound) rabbit, cut into 8 serving pieces $ 1 teaspoon salt $ 1/2 teaspoon black pepper $ 1/4 cup extra-virgin olive oil $ 2 medium onions, halved lengthwise and then cut lengthwise into 1/4-inch slices $ 2 garlic cloves, finely chopped $ 2 (4- by 1-inch) strips fresh orange zest $ 1 (3- to 4-inch) cinnamon stick $ 2 Turkish bay leaves or 1 California $ 1/2 cup dry red wine $ 2 cups canned crushed tomatoes (from a 28-oz can) $ 1/2 cup water $ 8 ounces dried egg tagliatelle or egg fettuccine $ 1 tablespoon chopped fresh flat-leaf parsley $ Special equipment: a deep 12-inch ovenproof skillet (preferably with a lid) or a 5-quart wide heavy pot $ ",Pasta $ Tomato $ Braise $ Dinner $ Rabbit $ Red Wine $ Gourmet $ Dairy Free $ Peanut Free $ Tree Nut Free $ Soy Free $ ,Mediterranean $ ,3/4,10,Pasta $ Tomato $ Braise $ Dinner $ Rabbit $ Red Wine $ Gourmet $ Dairy Free $ Peanut Free $ Tree Nut Free $ Soy Free $ Mediterranean $ 
https://www.epicurious.com/recipes/food/views/greek-mussel-and-potato-stew-314,Greek Mussel and Potato Stew ,"1/4 cup olive oil $ 2 medium onions, chopped $ 2 garlic cloves, thinly sliced $ 2 medium russet potatoes, peeled, cut into 1/2-inch cubes $ 3 medium tomatoes, peeled, seeded, diced $ 1 carrot, thinly sliced $ 1 1/4 cups water $ 3 tablespoons chopped fresh Italian parsley $ 20 mussels, scrubbed, debearded $ ",Soup/Stew $ Potato $ Shellfish $ Stew $ Quick & Easy $ Mussel $ Bon Appétit $ ,Greek $ Mediterranean $ ,2/4,4,Soup/Stew $ Potato $ Shellfish $ Stew $ Quick & Easy $ Mussel $ Bon Appétit $ Greek $ Mediterranean $ 
https://www.epicurious.com/recipes/food/views/spring-potato-salad-with-tuna-318,Spring Potato Salad with Tuna ,"2 pounds medium-size-red-skinned potatoes $ 6 tablespoons flaked drained canned white meat tuna $ 1 1/2 teaspoons plus 2 tablespoons white wine vinegar $ 6 tablespoons extra-virgin olive oil $ 3 hard-boiled eggs, peeled $ 1/3 cup thinly sliced onion $ 2 tablespoons minced fresh parsley $ ",Salad $ Egg $ Potato $ Picnic $ Quick & Easy $ Lunch $ Tuna $ Spring $ Chill $ Potluck $ Bon Appétit $ ,Mediterranean $ Spanish/Portuguese $ ,3.5/4,4,Salad $ Egg $ Potato $ Picnic $ Quick & Easy $ Lunch $ Tuna $ Spring $ Chill $ Potluck $ Bon Appétit $ Mediterranean $ Spanish/Portuguese $ 
https://www.epicurious.com/recipes/food/views/potato-salad-with-olives-tomatoes-and-capers-106463,"Potato Salad with Olives, Tomatoes, and Capers ","2 1/2 pounds medium red-skinned potatoes, scrubbed $ 5 tablespoons extra-virgin olive oil $ 1 12-ounce cucumber, peeled, halved lengthwise, seeded, cubed $ 4 large plum tomatoes, quartered $ 1 red onion, very thinly sliced $ 24 black oil-cured olives, pitted, halved $ 1/4 cup very thinly sliced fresh basil $ 2 tablespoons drained capers $ 3 tablespoons white wine vinegar $ 1/2 teaspoon dried oregano $ 3 hard-boiled eggs, peeled, quartered $ ",Salad $ Olive $ Potato $ Tomato $ Quick & Easy $ Summer $ Capers $ Bon Appétit $ ,Mediterranean $ ,3.5/4,22,Salad $ Olive $ Potato $ Tomato $ Quick & Easy $ Summer $ Capers $ Bon Appétit $ Mediterranean $ 
https://www.epicurious.com/recipes/food/views/fried-sweet-cheese-ravioli-with-honey-106494,Fried Sweet Cheese Ravioli with Honey ,"4 cups coarsely grated whole-milk mozzarella cheese $ 15-ounce container whole-milk or part-skim ricotta cheese $ 1 cup grated pecorino Sardo or pecorino Romano cheese $ 4 teaspoons grated lemon peel $ 4 cups bread flour $ 1/2 teaspoon salt $ 4 large eggs, beaten to blend $ 1/4 cup (1/2 stick) unsalted butter, cut into 1/2-inch pieces, room temperature $ 1/2 cup plus 2 tablespoons (about) room-temperature water $ Corn oil or olive oil (for frying) $ Honey (preferably chestnut) $ ",Cheese $ Pasta $ Dessert $ Fry $ Valentine's Day $ New Year's Eve $ Bon Appétit $ Sugar Conscious $ Kidney Friendly $ Vegetarian $ Pescatarian $ Peanut Free $ Soy Free $ Kosher $ ,Italian $ Mediterranean $ ,1/4,2,Cheese $ Pasta $ Dessert $ Fry $ Valentine's Day $ New Year's Eve $ Bon Appétit $ Sugar Conscious $ Kidney Friendly $ Vegetarian $ Pescatarian $ Peanut Free $ Soy Free $ Kosher $ Italian $ Mediterranean $ 
https://www.epicurious.com/recipes/food/views/tomatoes-stuffed-with-spiced-lamb-and-rice-106459,Tomatoes Stuffed with Spiced Lamb and Rice ,"8 large firm tomatoes (each 3 to 3 1/2 inches in diameter) $ 2 tablespoons (1/4 stick) butter $ 1 large onion, chopped $ 1 pound ground lamb $ 1/2 cup dry red wine $ 1/4 cup chopped fresh mint $ 4 tablespoons chopped fresh parsley $ 1/4 teaspoon ground cinnamon $ 3/4 cup cooked long-grain white rice (about 1/4 cup uncooked) $ 1/4 cup plain dry breadcrumbs $ 1/2 cup freshly grated Parmesan cheese $ ",Lamb $ Rice $ Tomato $ Appetizer $ Side $ Sauté $ Summer $ Bon Appétit $ Athens $ Greece $ Peanut Free $ Tree Nut Free $ Soy Free $ ,Greek $ Mediterranean $ ,3/4,11,Lamb $ Rice $ Tomato $ Appetizer $ Side $ Sauté $ Summer $ Bon Appétit $ Athens $ Greece $ Peanut Free $ Tree Nut Free $ Soy Free $ Greek $ Mediterranean $ 
https://www.epicurious.com/recipes/food/views/caper-parsley-sauce-106227,Caper-Parsley Sauce ,"2/3 cup olive oil $ 6 tablespoons drained capers $ 6 tablespoons chopped fresh parsley $ 6 anchovy fillets, chopped $ 1/4 cup fresh lemon juice $ 2 large garlic cloves, halved $ ",Sauce $ Fish $ Garlic $ No-Cook $ Quick & Easy $ Lemon $ Parsley $ Bon Appétit $ ,Mediterranean $ ,3/4,12,Sauce $ Fish $ Garlic $ No-Cook $ Quick & Easy $ Lemon $ Parsley $ Bon Appétit $ Mediterranean $ 
https://www.epicurious.com/recipes/food/views/risotto-croquettes-with-mozzarella-and-prosciutto-106455,Risotto Croquettes with Mozzarella and Prosciutto ,"3 cups canned low-salt chicken broth $ 1 tablespoon unsalted butter $ 1/2 medium onion, chopped $ 1 1/4 cups (8 to 9 ounces) arborio rice $ 1/3 cup dry white wine $ 1/2 cup freshly grated Parmesan $ 2 large eggs $ All purpose flour $ 2 cups finely ground fresh breadcrumbs made from crustless Italian or French bread $ 2/3 cup finely diced whole-milk mozzarella cheese $ 1/3 cup finely chopped prosciutto $ Vegetable oil (for deep-frying) $ ",Rice $ Appetizer $ Fry $ Mozzarella $ White Wine $ Prosciutto $ Bon Appétit $ Sugar Conscious $ Kidney Friendly $ Peanut Free $ Tree Nut Free $ Soy Free $ ,Italian $ Mediterranean $ ,3.5/4,19,Rice $ Appetizer $ Fry $ Mozzarella $ White Wine $ Prosciutto $ Bon Appétit $ Sugar Conscious $ Kidney Friendly $ Peanut Free $ Tree Nut Free $ Soy Free $ Italian $ Mediterranean $ 
https://www.epicurious.com/recipes/food/views/greek-yogurt-bourekakia-319,Greek Yogurt Bourekakia ,"2 cups all purpose flour $ 1 tablespoon baking powder $ 1/4 teaspoon salt $ 10 tablespoons unsalted butter, cut into pieces, room temperature $ 1/2 cup plain yogurt $ 2 large eggs, beaten to blend $ 2 large egg yolks, beaten to blend $ 11 1/2 cups grated kasseri cheese or Romano $ 1/4 cup finely chopped fresh Italian parsley $ ",Bread $ Cheese $ Dairy $ Side $ Bake $ Vegetarian $ Yogurt $ Bon Appétit $ ,Greek $ Mediterranean $ ,1.5/4,3,Bread $ Cheese $ Dairy $ Side $ Bake $ Vegetarian $ Yogurt $ Bon Appétit $ Greek $ Mediterranean $ 
https://www.epicurious.com/recipes/food/views/fish-marinated-with-vinegar-sweet-wine-tomato-and-rosemary-106466,"Fish Marinated with Vinegar, Sweet Wine, Tomato, and Rosemary ","4 8-ounce red snapper fillets, each cut crosswise in half $ All purpose flour $ 1 1/2 cups olive oil $ 1 1/2 medium onions, thinly sliced $ 1 1/2 teaspoons dried crushed red pepper $ 8 garlic cloves, thinly sliced $ 1 1/2 tablespoons dried rosemary $ 1/2 cup sweet white wine (such as Muscat) $ 3 tablespoons tomato juice $ 1 1/2 cups chopped plum tomatoes $ 1/2 cup plus 1 1/2 tablespoons red wine vinegar $ Fresh rosemary sprigs (optional) $ Cherry tomatoes, halved (optional) $ ",Tomato $ Marinate $ Sauté $ Rosemary $ Snapper $ Summer $ Bon Appétit $ ,Greek $ Mediterranean $ ,3/4,5,Tomato $ Marinate $ Sauté $ Rosemary $ Snapper $ Summer $ Bon Appétit $ Greek $ Mediterranean $ 
https://www.epicurious.com/recipes/food/views/parsley-garlic-and-onion-spread-106453,"Parsley, Garlic, and Onion Spread ","1 large russet potato, peeled, cubed $ 3 4x3x1-inch slices day-old French bread, crusts trimmed, cubed $ 1/2 cup water $ 3 tablespoons fresh lemon juice $ 1 tablespoon red wine vinegar $ 2 cups (packed) fresh Italian parsley $ 1 small white onion, quartered $ 1 large garlic clove, halved $ 2 tablespoons drained capers $ 1/3 cup extra-virgin olive oil $ Baguette slices $ ",Condiment/Spread $ Garlic $ Onion $ Appetizer $ Spring $ Parsley $ Bon Appétit $ ,Mediterranean $ ,1.5/4,2,Condiment/Spread $ Garlic $ Onion $ Appetizer $ Spring $ Parsley $ Bon Appétit $ Mediterranean $ 
https://www.epicurious.com/recipes/food/views/fish-cakes-with-caper-parsley-sauce-106157,Fish Cakes with Caper-Parsley Sauce ,"1 pound 1-inch-thick halibut fillets $ 6 tablespoons olive oil $ 1 cup chopped green onions $ 3 drained canned sardines, chopped (about 2 tablespoons) $ 3 tablespoons chopped fresh parsley $ 2 tablespoons all purpose flour $ 2 large garlic cloves, chopped $ 1 1/2 teaspoons grated lemon peel $ 2 1/2 cups fresh breadcrumbs made from crustless French bread $ 1 large egg $ Caper-Parsley Sauce $ ",Fish $ Appetizer $ Fry $ Dinner $ Lunch $ Halibut $ Summer $ Winter $ Pan-Fry $ Party $ Gourmet $ Sugar Conscious $ Pescatarian $ Dairy Free $ Peanut Free $ Tree Nut Free $ Soy Free $ Kosher $ ,Eastern European/Russian $ Mediterranean $ ,3.5/4,30,Fish $ Appetizer $ Fry $ Dinner $ Lunch $ Halibut $ Summer $ Winter $ Pan-Fry $ Party $ Gourmet $ Sugar Conscious $ Pescatarian $ Dairy Free $ Peanut Free $ Tree Nut Free $ Soy Free $ Kosher $ Eastern European/Russian $ Mediterranean $ 
https://www.epicurious.com/recipes/food/views/lemon-garlic-lamb-chops-100752,Lemon-Garlic Lamb Chops ,1 garlic clove $ 2 lamb shoulder chops $ 1 tablespoon olive oil $ 1 tablespoon fresh lemon juice $ 2 tablespoons water $ ,Citrus $ Garlic $ Lamb $ Sauté $ Quick & Easy $ Dinner $ Lemon $ Meat $ Spring $ Gourmet $ Sugar Conscious $ Paleo $ Dairy Free $ Wheat/Gluten-Free $ Peanut Free $ Tree Nut Free $ Soy Free $ No Sugar Added $ Kosher $ ,Mediterranean $ ,3/4,8,Citrus $ Garlic $ Lamb $ Sauté $ Quick & Easy $ Dinner $ Lemon $ Meat $ Spring $ Gourmet $ Sugar Conscious $ Paleo $ Dairy Free $ Wheat/Gluten-Free $ Peanut Free $ Tree Nut Free $ Soy Free $ No Sugar Added $ Kosher $ Mediterranean $ 
https://www.epicurious.com/recipes/food/views/sauteed-eggplant-and-cabbage-salad-5320,Sauteed Eggplant and Cabbage Salad ,"1 tablespoon olive oil $ 6 cups coarsely chopped green cabbage (about 1 pound) $ 1 1-pound eggplant, peeled, cut into 1/2-inch pieces $ 1 cup chopped onion $ 1 tablespoon minced garlic $ 1 1/2 teaspoons paprika $ 1 28-ounce can diced tomatoes in juice $ 1/2 cup chopped fresh mint $ 1/2 cup chopped fresh parsley $ 2 tablespoons fresh lemon juice $ ",Salad $ Tomato $ Sauté $ Low Fat $ Vegetarian $ Low Cal $ Mint $ Eggplant $ Summer $ Cabbage $ Parsley $ Bon Appétit $ ,Mediterranean $ ,2.5/4,8,Salad $ Tomato $ Sauté $ Low Fat $ Vegetarian $ Low Cal $ Mint $ Eggplant $ Summer $ Cabbage $ Parsley $ Bon Appétit $ Mediterranean $ 
https://www.epicurious.com/recipes/food/views/sauteed-swordfish-with-nicoise-vinaigrette-10294,Sauteed Swordfish with Niçoise Vinaigrette ,"5 tablespoons olive oil $ two 1-inch thick swordfish steaks $ 1/4 cup finely chopped pitted Kalamata or other brine-cured black olives $ 1/4 cup finely chopped drained bottled roasted red pepper $ 3 tablespoons finely chopped fresh parsley leaves, preferably flat-leafed $ 1 tablespoon drained bottled capers, chopped fine $ 1 flat anchovy fillet, minced $ 1 small garlic clove, minced and mashed to a paste with 1/4 teaspoon salt $ 2 tablespoons minced scallion $ 1 1/2 tablespoons balsamic or red-wine vinegar $ lemon wedges as an accompaniment $ ",Fish $ Olive $ Sauté $ Quick & Easy $ Low/No Sugar $ Bell Pepper $ Healthy $ Gourmet $ ,Mediterranean $ ,3.5/4,15,Fish $ Olive $ Sauté $ Quick & Easy $ Low/No Sugar $ Bell Pepper $ Healthy $ Gourmet $ Mediterranean $ 
https://www.epicurious.com/recipes/food/views/mussels-with-shallots-and-thyme-315,Mussels with Shallots and Thyme ,"3 tablespoons extra-virgin olive oil $ 6 shallots, finely chopped $ 8 fresh thyme sprigs $ 2 bay leaves $ 1 cup dry white wine $ 1 cup bottled clam juice $ 1/4 cup whipping cream $ 2 pounds mussels, scrubbed, debearded $ ",Dairy $ Shellfish $ Appetizer $ Quick & Easy $ Lunch $ Mussel $ Thyme $ Shallot $ Bon Appétit $ Pescatarian $ Wheat/Gluten-Free $ Peanut Free $ Tree Nut Free $ Soy Free $ ,Mediterranean $ ,3.5/4,17,Dairy $ Shellfish $ Appetizer $ Quick & Easy $ Lunch $ Mussel $ Thyme $ Shallot $ Bon Appétit $ Pescatarian $ Wheat/Gluten-Free $ Peanut Free $ Tree Nut Free $ Soy Free $ Mediterranean $ 
https://www.epicurious.com/recipes/food/views/semolina-bread-327,Semolina Bread ,"1/4 cup warm water (105°F. to 115°F.) $ 1/4 teaspoon dry yeast $ 3/4 cup plus 4 teaspoons water, room temperature $ 2 1/2 cups unbleached all purpose flour $ 2 1/2 cups warm water (105°F.°F. to 115°F.) $ 2 1/2 teaspoons dry yeast $ 3 3/4 cups unbleached all purpose flour $ 3 3/4 cups finely ground semolina flour $ 2 teaspoons sea salt $ Additional semolina flour $ ",Bread $ Bake $ Vegetarian $ Bon Appétit $ ,Italian $ Mediterranean $ ,3/4,8,Bread $ Bake $ Vegetarian $ Bon Appétit $ Italian $ Mediterranean $ 
https://www.epicurious.com/recipes/food/views/orange-roughy-a-la-greque-243,Orange Roughy à la Greque ,"4 ounces feta cheese, crumbled (about 3/4 crumbled) $ 1/4 cup plain low-fat yogurt $ 1/4 cup finely chopped red onion $ 3 tablespoons drained capers $ 2 small plum tomatoes, seeded, chopped $ 2 teaspoons grated lemon peel $ 4 6-ounce 1/2-inch-thick orange roughy fillets $ ",Citrus $ Dairy $ Fish $ Herb $ Tomato $ Bake $ Low Fat $ Quick & Easy $ Yogurt $ Bon Appétit $ ,Mediterranean $ ,3/4,75,Citrus $ Dairy $ Fish $ Herb $ Tomato $ Bake $ Low Fat $ Quick & Easy $ Yogurt $ Bon Appétit $ Mediterranean $ 
https://www.epicurious.com/recipes/food/views/orecchiette-with-broccoli-rabe-350,Orecchiette with Broccoli Rabe ,"1/4 cup olive oil $ 4 garlic cloves, minced $ 12 ounces orecchiette or shell pasta $ 1 pound broccoli rabe, trimmed, chopped $ 2/3 cup freshly grated Pecorino Romano cheese (about 2 ounces) $ 1/3 cup freshly grated Parmesan cheese (about 1 ounce) $ ",Pasta $ Vegetable $ Side $ Vegetarian $ Quick & Easy $ Lunch $ Parmesan $ Broccoli $ Healthy $ Bon Appétit $ Sugar Conscious $ Pescatarian $ Peanut Free $ Tree Nut Free $ Soy Free $ No Sugar Added $ Kosher $ ,Italian $ Mediterranean $ ,3.5/4,46,Pasta $ Vegetable $ Side $ Vegetarian $ Quick & Easy $ Lunch $ Parmesan $ Broccoli $ Healthy $ Bon Appétit $ Sugar Conscious $ Pescatarian $ Peanut Free $ Tree Nut Free $ Soy Free $ No Sugar Added $ Kosher $ Italian $ Mediterranean $ 
https://www.epicurious.com/recipes/food/views/greek-pasta-salad-with-shrimp-and-olives-410,Greek Pasta Salad with Shrimp and Olives ,"3/4 pound tomatoes, chopped $ 1 large red bell pepper, seeded, chopped $ 1/4 pound feta cheese, crumbled $ 1/2 cup olive oil $ 1/2 cup chopped pitted black olives (preferably brine-cured) $ 1/4 cup fresh lemon juice $ 2 tablespoons dry vermouth or dry white wine $ 1 tablespoon dried thyme $ 6 green onions, chopped $ 3 large garlic cloves, chopped $ 3/4 pound linguine, freshly cooked $ 3/4 pound cooked bay shrimp $ ",Salad $ Olive $ Pasta $ Tomato $ No-Cook $ Picnic $ Quick & Easy $ Lunch $ Feta $ Shrimp $ Spring $ Summer $ Healthy $ Bon Appétit $ Portland $ Oregon $ ,Greek $ Mediterranean $ ,3.5/4,33,Salad $ Olive $ Pasta $ Tomato $ No-Cook $ Picnic $ Quick & Easy $ Lunch $ Feta $ Shrimp $ Spring $ Summer $ Healthy $ Bon Appétit $ Portland $ Oregon $ Greek $ Mediterranean $ 
https://www.epicurious.com/recipes/food/views/roasted-eggplant-and-pepper-salad-with-pita-bread-and-sesame-spread-1080,Roasted Eggplant and Pepper Salad with Pita Bread and Sesame Spread ,"Nonstick vegetable oil spray $ 2 eggplants (about 2 1/2 pounds total), cut into 3 x 3/4 x 3/4-inch strips $ 2 large green bell peppers, cut into 1/2-inch wide strips $ 2 large red bell peppers, cut into 1/2-inch wide strips $ 8 large garlic cloves (unpeeled) $ 1/2 cup olive oil $ 3/4 cup red wine vinegar $ 1 tablespoon ground cumin $ 1 1/2 teaspoons salt $ 1 1/2 teaspoons pepper $ 3/8 teaspoon cayenne pepper $ 8 warm pita bread rounds, cut into wedges $ 1 cup (2 sticks) unsalted margarine, room temperature $ 2/3 cup toasted sesame seeds $ 1 teaspoon salt $ ",Salad $ Food Processor $ Vegetable $ Side $ Bake $ Hanukkah $ Vegetarian $ Lunch $ Eggplant $ Bell Pepper $ Healthy $ Vegan $ Sesame $ Bon Appétit $ Pescatarian $ Peanut Free $ Tree Nut Free $ Soy Free $ No Sugar Added $ Kosher $ ,Mediterranean $ Middle Eastern $ Israeli $ Sephardic $ ,2.5/4,7,Salad $ Food Processor $ Vegetable $ Side $ Bake $ Hanukkah $ Vegetarian $ Lunch $ Eggplant $ Bell Pepper $ Healthy $ Vegan $ Sesame $ Bon Appétit $ Pescatarian $ Peanut Free $ Tree Nut Free $ Soy Free $ No Sugar Added $ Kosher $ Mediterranean $ Middle Eastern $ Israeli $ Sephardic $ 
https://www.epicurious.com/recipes/food/views/neapolitan-biscotti-389,Neapolitan Biscotti ,1 1/2 cups whole almonds $ 2 cups all purpose flour $ 3/4 cup sugar $ 1/2 teaspoon baking powder $ 1/2 teaspoon baking soda $ 1/2 teaspoon ground cinnamon $ 1/3 cup honey $ 1/4 cup vegetable oil $ 1 large egg $ 1 large egg yolk $ 1 teaspoon finely grated orange peel $ ,Cookies $ Food Processor $ Dessert $ Bake $ Almond $ Bon Appétit $ ,Italian $ Mediterranean $ ,3.5/4,21,Cookies $ Food Processor $ Dessert $ Bake $ Almond $ Bon Appétit $ Italian $ Mediterranean $ 
https://www.epicurious.com/recipes/food/views/whole-wheat-spaghetti-with-duck-sauce-373,Whole Wheat Spaghetti with Duck Sauce ,"1/2 cup dried porcini mushrooms (about 3/4 ounce) $ 2 cups hot water $ 1/4 cup olive oil $ 1 5- to 6-pound duck, boned, skinned, meat cut into 1-inch pieces, bones reserved $ 3 medium onions, chopped $ 1/3 cup chopped pancetta or bacon $ 1/2 pound chicken livers, trimmed, coarsely chopped $ 2 bay leaves $ 1 large sprig fresh rosemary $ 4 whole cloves $ 1 cup dry white wine $ 3 tablespoons tomato paste $ 3 cups canned low-salt chicken broth $ 1 pound bigoli (whole wheat spaghetti) or spaghetti $ Freshly grated Parmesan cheese $ ",Duck $ Mushroom $ Pasta $ Bacon $ Fall $ Winter $ Bon Appétit $ ,Italian $ Mediterranean $ ,2.5/4,1,Duck $ Mushroom $ Pasta $ Bacon $ Fall $ Winter $ Bon Appétit $ Italian $ Mediterranean $ 
https://www.epicurious.com/recipes/food/views/warm-orzo-salad-with-grilled-shrimp-and-feta-downer-hazell-15273,Warm Orzo Salad with Grilled Shrimp and Feta Downer-Hazell ,2 garlic cloves $ 1 1/2 tablespoons fresh lemon juice $ 1/4 cup olive oil $ 1 tablespoon minced fresh oregano leaves $ freshly ground black pepper to taste $ 1 pound medium shrimp (about 35) $ eight 10-inch wooden skewers $ 1 1/2 cups orzo (rice-shaped pasta; about 11 ounces) $ 1/2 pound sugar snap peas $ 2 medium vine-ripened tomatoes $ 6 scallions $ 1 cup packed fresh flat-leafed parsley leaves $ 1/2 garlic clove $ 2 tablespoons fresh lemon juice $ 1/4 cup fresh flat-leafed parsley leaves $ 2 teaspoons minced fresh oregano leaves $ freshly ground black pepper to taste $ 1/4 cup olive oil $ 1/3 cup crumbled feta (about 2 ounces) $ ,Salad $ Cheese $ Herb $ Pasta $ Shellfish $ Tomato $ Vegetable $ Feta $ Shrimp $ Summer $ Grill $ Grill/Barbecue $ Party $ Sugar Snap Pea $ Gourmet $ ,Mediterranean $ ,3.5/4,36,Salad $ Cheese $ Herb $ Pasta $ Shellfish $ Tomato $ Vegetable $ Feta $ Shrimp $ Summer $ Grill $ Grill/Barbecue $ Party $ Sugar Snap Pea $ Gourmet $ Mediterranean $ 
https://www.epicurious.com/recipes/food/views/buttery-rice-pilaf-374,Buttery Rice Pilaf ,"1/4 cup (1/2 stick) margarine $ 1 teaspoon salt $ 2 cups long-grain white rice $ 4 cups water $ 1/4 cup (1/2 stick) butter, diced $ Chopped fresh parsley $ ",Rice $ Side $ Vegetarian $ Kid-Friendly $ Quick & Easy $ Bon Appétit $ Sugar Conscious $ Kidney Friendly $ Pescatarian $ Wheat/Gluten-Free $ Peanut Free $ Tree Nut Free $ Soy Free $ No Sugar Added $ Kosher $ ,Mediterranean $ ,3/4,14,Rice $ Side $ Vegetarian $ Kid-Friendly $ Quick & Easy $ Bon Appétit $ Sugar Conscious $ Kidney Friendly $ Pescatarian $ Wheat/Gluten-Free $ Peanut Free $ Tree Nut Free $ Soy Free $ No Sugar Added $ Kosher $ Mediterranean $ 
https://www.epicurious.com/recipes/food/views/vegetable-ragout-with-cumin-and-ginger-355,Vegetable Ragoût with Cumin and Ginger ,"2 tablespoons olive oil $ 2 cups thinly sliced onions $ 1 cup sliced carrot $ 1/2 cup sliced fennel or celery $ 1 cinnamon stick $ 1/2 teaspoon ground cumin $ 1/2 teaspoon ground ginger $ 1/2 teaspoon ground turmeric $ 1 large pinch saffron threads, crushed $ 2 cups diced peeled russet potatoes $ 1 cup canned low-salt chicken broth or vegetable broth $ 2 tablespoons raisins $ 1 15- to 16-ounce can garbanzo beans (chick peas), drained $ 1 medium zucchini, halved lengthwise, cut crosswise into 1/2-inch-thick pieces $ 1/2 cup diced seeded tomatoes $ 2 tablespoons sliced almonds, toasted (optional) $ ",Soup/Stew $ Potato $ Tomato $ Vegetable $ Stew $ Vegetarian $ Spice $ Chickpea $ Zucchini $ Fall $ Winter $ Healthy $ Bon Appétit $ ,Mediterranean $ Moroccan $ ,3/4,23,Soup/Stew $ Potato $ Tomato $ Vegetable $ Stew $ Vegetarian $ Spice $ Chickpea $ Zucchini $ Fall $ Winter $ Healthy $ Bon Appétit $ Mediterranean $ Moroccan $ 
https://www.epicurious.com/recipes/food/views/swordfish-with-salmoriglio-sauce-346,Swordfish with Salmoriglio Sauce ,"1/2 cup extra-virgin olive oil $ 1/4 cup fresh lemon juice $ 2 tablespoons hot water $ 6 tablespoons chopped fresh parsley $ 2 large garlic cloves, finely chopped $ 1 tablespoon dried oregano $ 6 6-ounce swordfish fillets, each about 1 inch thick $ ",Citrus $ Fish $ Garlic $ Herb $ Broil $ Quick & Easy $ Grill $ Grill/Barbecue $ Healthy $ Bon Appétit $ ,Italian $ Mediterranean $ Southern Italian $ ,3.5/4,29,Citrus $ Fish $ Garlic $ Herb $ Broil $ Quick & Easy $ Grill $ Grill/Barbecue $ Healthy $ Bon Appétit $ Italian $ Mediterranean $ Southern Italian $ 
https://www.epicurious.com/recipes/food/views/pan-roasted-veal-with-salsa-verde-14977,Pan-Roasted Veal with Salsa Verde ,"2 large garlic cloves $ 5 bottled flat anchovy fillets $ a 3-pound boneless veal shoulder roast, rolled and tied $ 2 tablespoons olive oil $ 3/4 cup dry white wine $ 1 to 2 cups water $ Accompaniment:Salsa verde $ ",Fish $ Roast $ Veal $ White Wine $ Gourmet $ ,Mediterranean $ ,3/4,4,Fish $ Roast $ Veal $ White Wine $ Gourmet $ Mediterranean $ 
https://www.epicurious.com/recipes/food/views/spiced-lamb-in-pita-104033,Spiced Lamb in Pita ,10 ounces ground lamb $ 1/2 cup chopped onion $ 3 tablespoons chopped fresh mint $ 1 teaspoon dried oregano $ 1/2 teaspoon ground cumin $ 1/2 teaspoon salt $ 1/2 teaspoon ground black pepper $ 1/4 teaspoon ground cinnamon $ 2 warm large pita breads $ ,Sandwich $ Lamb $ Sauté $ Quick & Easy $ Lunch $ Spice $ Bon Appétit $ Sugar Conscious $ Dairy Free $ Peanut Free $ Tree Nut Free $ Soy Free $ No Sugar Added $ Kosher $ ,Mediterranean $ Middle Eastern $ ,3.5/4,15,Sandwich $ Lamb $ Sauté $ Quick & Easy $ Lunch $ Spice $ Bon Appétit $ Sugar Conscious $ Dairy Free $ Peanut Free $ Tree Nut Free $ Soy Free $ No Sugar Added $ Kosher $ Mediterranean $ Middle Eastern $ 
https://www.epicurious.com/recipes/food/views/stuffed-vine-leaves-20016,Stuffed Vine Leaves ,"24-28 vine leaves $ 1 1/2 cups cooked rice $ 1/2 pound raw ground pork or lamb $ 1/2 cup pine nuts $ 1/2 cup currants or sultana raisins $ Salt to taste $ 1 teaspoon freshly ground black pepper $ 1 egg, beaten $ 1/3-1/2 cup olive oil $ Lemon juice $ Thyme, chopped parsley for garnish $ ",Lamb $ Nut $ Pork $ Rice $ Cocktail Party $ Lunch $ Currant $ Raisin $ Pine Nut $ Fall $ Simmer $ House & Garden $ Dairy Free $ Wheat/Gluten-Free $ Peanut Free $ Soy Free $ No Sugar Added $ ,Mediterranean $ ,1.5/4,8,Lamb $ Nut $ Pork $ Rice $ Cocktail Party $ Lunch $ Currant $ Raisin $ Pine Nut $ Fall $ Simmer $ House & Garden $ Dairy Free $ Wheat/Gluten-Free $ Peanut Free $ Soy Free $ No Sugar Added $ Mediterranean $ 
https://www.epicurious.com/recipes/food/views/slow-braised-tomatoes-107044,Slow-Braised Tomatoes ,"1 medium white onion, chopped $ 3 garlic cloves, smashed $ 3/4 cup plus 2 tablespoons extra-virgin olive oil $ 9 fresh basil leaves $ 1/8 teaspoon dried hot red pepper flakes $ 12 plum tomatoes (2 pounds), halved lengthwise $ 1 teaspoon sugar $ 1/2 teaspoon kosher salt $ ",Condiment/Spread $ Sauce $ Garlic $ Tomato $ Braise $ Basil $ Gourmet $ ,Mediterranean $ ,3.5/4,6,Condiment/Spread $ Sauce $ Garlic $ Tomato $ Braise $ Basil $ Gourmet $ Mediterranean $ 
https://www.epicurious.com/recipes/food/views/mediterranean-salad-with-chickpeas-and-arugula-109371,Mediterranean Salad with Chickpeas and Arugula ,"3 tablespoons red wine vinegar $ 2 tablespoons chopped fresh Italian parsley $ 2 tablespoons chopped fresh oregano $ 1/2 teaspoon grated orange peel $ 1/2 teaspoon fennel seeds $ 1/2 teaspoon dried crushed red pepper $ 1/4 cup extra-virgin olive oil $ 1 fennel bulb, halved lengthwise, thinly sliced crosswise $ 1 cup cherry tomatoes, halved $ 1 8-ounce container small mozzarella balls, drained, halved $ 1 15-ounce can chickpeas (garbanzo beans), drained $ 1 cup thinly sliced red onion $ 4 cups arugula $ ",Salad $ Tomato $ Side $ No-Cook $ Vegetarian $ Quick & Easy $ Buffet $ Mozzarella $ Fennel $ Arugula $ Chickpea $ Spring $ Healthy $ Bon Appétit $ Pescatarian $ Wheat/Gluten-Free $ Peanut Free $ Tree Nut Free $ Soy Free $ No Sugar Added $ Kosher $ ,Mediterranean $ ,3/4,3,Salad $ Tomato $ Side $ No-Cook $ Vegetarian $ Quick & Easy $ Buffet $ Mozzarella $ Fennel $ Arugula $ Chickpea $ Spring $ Healthy $ Bon Appétit $ Pescatarian $ Wheat/Gluten-Free $ Peanut Free $ Tree Nut Free $ Soy Free $ No Sugar Added $ Kosher $ Mediterranean $ 
https://www.epicurious.com/recipes/food/views/tapenade-109065,Tapenade ,"1/2 pound black olives, pitted, drained of their liquid $ 4 anchovy fillets $ 2 tablespoons capers, drained $ 1 garlic clove, peeled $ 1/8 teaspoon cayenne pepper $ 1/4 teaspoon grated orange zest $ 8 sprigs of thyme, leaves only $ 4 tablespoons olive oil $ ",Condiment/Spread $ Fish $ Olive $ Side $ No-Cook $ Quick & Easy $ Fall $ Thyme $ Clove $ Capers $ Sugar Conscious $ Pescatarian $ Paleo $ Dairy Free $ Wheat/Gluten-Free $ Peanut Free $ Tree Nut Free $ Soy Free $ No Sugar Added $ Kosher $ ,French $ Mediterranean $ ,3.5/4,24,Condiment/Spread $ Fish $ Olive $ Side $ No-Cook $ Quick & Easy $ Fall $ Thyme $ Clove $ Capers $ Sugar Conscious $ Pescatarian $ Paleo $ Dairy Free $ Wheat/Gluten-Free $ Peanut Free $ Tree Nut Free $ Soy Free $ No Sugar Added $ Kosher $ French $ Mediterranean $ 
https://www.epicurious.com/recipes/food/views/white-bean-and-pesto-dip-1,White Bean and Pesto Dip ,"2 15-ounce cans cannellini beans (white kidney beans), rinsed, drained $ 1/2 cup purchased pesto $ 2 to 3 teaspoons fresh lemon juice $ ",Condiment/Spread $ Bean $ No-Cook $ Vegetarian $ Quick & Easy $ Low Cal $ Healthy $ Bon Appétit $ Hors D'Oeuvre $ ,Mediterranean $ ,3/4,39,Condiment/Spread $ Bean $ No-Cook $ Vegetarian $ Quick & Easy $ Low Cal $ Healthy $ Bon Appétit $ Hors D'Oeuvre $ Mediterranean $ 
https://www.epicurious.com/recipes/food/views/halibut-with-olive-tarragon-bread-crumbs-on-roasted-tomato-and-garlic-coulis-10081,Halibut with Olive Tarragon Bread Crumbs on Roasted Tomato and Garlic Coulis ,"1/2 cup fresh bread crumbs (from about 1 slice) $ 1 tablespoon finely chopped fresh tarragon leaves $ 2 tablespoons chopped pitted Kalamata or other brine-cured black olives (about 5) $ 1 tablespoon mayonnaise $ 1/2 teaspoon Dijon mustard $ two 1-inch thick halibut or other firm-fleshed fish fillets such as scrod (each about 6 ounces) $ 1 tablespoon extra-virgin olive oil plus additional for brushing pan $ 3/4 pound plum tomatoes (about 6), cut into 1/4-inch-thick slices $ 4 large garlic cloves, unpeeled $ 1/2 teaspoon balsamic vinegar, or to taste $ about 1/4 cup water for thinning coulis $ ",Garlic $ Olive $ Tomato $ Roast $ Halibut $ Winter $ Tarragon $ Gourmet $ ,Mediterranean $ ,3.5/4,22,Garlic $ Olive $ Tomato $ Roast $ Halibut $ Winter $ Tarragon $ Gourmet $ Mediterranean $ 
https://www.epicurious.com/recipes/food/views/shrimp-with-romesco-sauce-344,Shrimp with Romesco Sauce ,"2 tablespoons slivered almonds $ 1 thin slice French bread (about 4x3x1/4 inches) $ 1 large garlic clove $ 1 7-ounce jar roasted red peppers, drained $ 2 tablespoons olive oil $ 1 tablespoon Sherry wine vinegar or red wine vinegar $ 1/4 teaspoon cayenne pepper $ 16 cooked shrimp, peeled, deveined $ ",Food Processor $ Nut $ Shellfish $ Quick & Easy $ Lunch $ Almond $ Shrimp $ Bell Pepper $ Healthy $ Bon Appétit $ Pescatarian $ Dairy Free $ Peanut Free $ Soy Free $ ,Mediterranean $ Spanish/Portuguese $ ,3.5/4,14,Food Processor $ Nut $ Shellfish $ Quick & Easy $ Lunch $ Almond $ Shrimp $ Bell Pepper $ Healthy $ Bon Appétit $ Pescatarian $ Dairy Free $ Peanut Free $ Soy Free $ Mediterranean $ Spanish/Portuguese $ 
https://www.epicurious.com/recipes/food/views/braised-chicken-in-aromatic-tomato-sauce-367,Braised Chicken in Aromatic Tomato Sauce ,"1/4 cup olive oil $ 1 3-pound chicken, cut into 8 pieces $ 3 cups chopped red onions $ 6 whole allspice $ 1 cinnamon stick $ 1 teaspoon ground cumin $ 1 teaspoon paprika $ 1/2 teaspoon ground nutmeg $ 1/2 teaspoon ground cloves $ Pinch cayenne pepper $ 1 28-ounce can whole Italian-style tomatoes, drained, juices reserved, tomatoes chopped $ 1 cup water $ 2 tablespoons (or more) red wine vinegar $ 2 tablespoons tomato paste $ Pinch of sugar $ 12 ounces perciatelli pasta or spaghetti $ Freshly grated kefalotyri cheese or Parmesan cheese $ ",Chicken $ Poultry $ Tomato $ Braise $ Valentine's Day $ Spice $ Cinnamon $ Clove $ Nutmeg $ Bon Appétit $ ,Greek $ Mediterranean $ ,3.5/4,48,Chicken $ Poultry $ Tomato $ Braise $ Valentine's Day $ Spice $ Cinnamon $ Clove $ Nutmeg $ Bon Appétit $ Greek $ Mediterranean $ 
https://www.epicurious.com/recipes/food/views/tunisian-bell-pepper-tomato-tuna-and-egg-salad-329,"Tunisian Bell Pepper, Tomato, Tuna and Egg Salad ","2 green or red bell peppers $ 2 medium tomatoes $ 3 hard-boiled eggs, peeled, quartered $ 1 6 1/8-ounce can tuna packed in water, drained $ 2 tablespoons drained capers $ 3 tablespoons olive oil $ 3 tablespoons fresh lemon juice $ ",Salad $ Egg $ Tomato $ Appetizer $ Quick & Easy $ Lunch $ Tuna $ Bell Pepper $ Summer $ Bon Appétit $ Pescatarian $ Paleo $ Dairy Free $ Wheat/Gluten-Free $ Peanut Free $ Tree Nut Free $ Soy Free $ No Sugar Added $ Kosher $ ,Mediterranean $ ,3/4,8,Salad $ Egg $ Tomato $ Appetizer $ Quick & Easy $ Lunch $ Tuna $ Bell Pepper $ Summer $ Bon Appétit $ Pescatarian $ Paleo $ Dairy Free $ Wheat/Gluten-Free $ Peanut Free $ Tree Nut Free $ Soy Free $ No Sugar Added $ Kosher $ Mediterranean $ 
https://www.epicurious.com/recipes/food/views/minted-vegetable-salad-332,Minted Vegetable Salad ,"1 medium onion, thinly sliced $ 4 large tomatoes, seeded, diced $ 1 large green bell pepper, diced $ 1 cucumber, peeled, seeded, cut into 1/2-inch pieces $ 1/4 cup chopped fresh parsley $ 1/4 cup chopped fresh mint $ 1/4 cup olive oil $ 3 tablespoons fresh lemon juice $ ",Salad $ Onion $ Tomato $ Vegetable $ No-Cook $ Vegetarian $ Quick & Easy $ Mint $ Cucumber $ Bell Pepper $ Summer $ Healthy $ Vegan $ Bon Appétit $ ,Mediterranean $ Middle Eastern $ ,3/4,3,Salad $ Onion $ Tomato $ Vegetable $ No-Cook $ Vegetarian $ Quick & Easy $ Mint $ Cucumber $ Bell Pepper $ Summer $ Healthy $ Vegan $ Bon Appétit $ Mediterranean $ Middle Eastern $ 
https://www.epicurious.com/recipes/food/views/sicilian-fish-stew-with-tomato-and-parsley-338,Sicilian Fish Stew with Tomato and Parsley ,"6 tablespoons olive oil $ 1 cup chopped onion $ 2 large garlic cloves, chopped $ 2/3 cup chopped fresh parsley $ 1 cup chopped tomato ( about 1 medium) $ 1 1/3 cups cold water $ 2/3 cup dry white wine $ 2 pounds mixed fish fillets (such as sea bass, shark, orange roughy, cod and snapper), cut into 2-inch pieces $ ",Fish $ Tomato $ Stew $ Quick & Easy $ Healthy $ Bon Appétit $ ,Italian $ Mediterranean $ ,3.5/4,82,Fish $ Tomato $ Stew $ Quick & Easy $ Healthy $ Bon Appétit $ Italian $ Mediterranean $ 
https://www.epicurious.com/recipes/food/views/mediterranean-chickpea-latkes-106007,Mediterranean Chickpea Latkes ,"1 15-ounce can garbanzo beans (chickpeas), rinsed, drained $ 2 garlic cloves $ 1 tablespoon fresh rosemary $ 3 large eggs $ 6 tablespoons water $ 2 tablespoons extra-virgin olive oil $ 3 tablespoons all purpose flour $ 1 1/2 teaspoons ground cumin $ 1 teaspoon salt $ 1/2 teaspoon ground black pepper $ 1/2 teaspoon baking powder $ 6 tablespoons (or more) olive oil $ Pomegranate seeds (optional) $ ",Food Processor $ Bean $ Appetizer $ Brunch $ Side $ Hanukkah $ Rosemary $ Chickpea $ Winter $ Pan-Fry $ Kosher $ Bon Appétit $ Sugar Conscious $ Kidney Friendly $ Vegetarian $ Pescatarian $ Peanut Free $ Tree Nut Free $ Soy Free $ No Sugar Added $ ,Mediterranean $ ,3/4,10,Food Processor $ Bean $ Appetizer $ Brunch $ Side $ Hanukkah $ Rosemary $ Chickpea $ Winter $ Pan-Fry $ Kosher $ Bon Appétit $ Sugar Conscious $ Kidney Friendly $ Vegetarian $ Pescatarian $ Peanut Free $ Tree Nut Free $ Soy Free $ No Sugar Added $ Mediterranean $ 
https://www.epicurious.com/recipes/food/views/sauteed-fennel-capers-and-arugula-5135,"Sauteed Fennel, Capers and Arugula ","1 teaspoon olive oil $ 1 1-pound fennel bulb, thinly sliced (about 3 cups) $ 1 cup thinly sliced leek (white and pale green parts only) $ 1/2 cup finely chopped orange bell pepper $ 1/4 cup drained capers $ 8 brine-cured black olives (such as Kalamata), pitted, thinly sliced $ 1 1/4 cups finely chopped fresh arugula leaves $ ",Olive $ Onion $ Side $ Sauté $ Quick & Easy $ Wheat/Gluten-Free $ Fennel $ Leek $ Arugula $ Bell Pepper $ Spring $ Capers $ Bon Appétit $ Sugar Conscious $ Vegan $ Vegetarian $ Pescatarian $ Paleo $ Dairy Free $ Peanut Free $ Tree Nut Free $ Soy Free $ No Sugar Added $ Kosher $ ,Mediterranean $ ,3.5/4,7,Olive $ Onion $ Side $ Sauté $ Quick & Easy $ Wheat/Gluten-Free $ Fennel $ Leek $ Arugula $ Bell Pepper $ Spring $ Capers $ Bon Appétit $ Sugar Conscious $ Vegan $ Vegetarian $ Pescatarian $ Paleo $ Dairy Free $ Peanut Free $ Tree Nut Free $ Soy Free $ No Sugar Added $ Kosher $ Mediterranean $ 
https://www.epicurious.com/recipes/food/views/red-potatoes-with-olives-feta-and-mint-2243,"Red Potatoes with Olives, Feta and Mint ","1 3/4 pounds small red-skinned potatoes, cut into quarters $ 1 bunch fresh mint, chopped $ 8 ounces feta-cheese, crumbled $ 3/4 cup brine-cured black olives (such as Kalamata), pitted, chopped $ 1/4 cup extra-virgin oil $ ",Salad $ Olive $ Potato $ Side $ Quick & Easy $ Backyard BBQ $ Feta $ Mint $ Summer $ Anniversary $ Bon Appétit $ Sugar Conscious $ Vegetarian $ Pescatarian $ Wheat/Gluten-Free $ Peanut Free $ Tree Nut Free $ Soy Free $ No Sugar Added $ Kosher $ ,Mediterranean $ ,4/4,18,Salad $ Olive $ Potato $ Side $ Quick & Easy $ Backyard BBQ $ Feta $ Mint $ Summer $ Anniversary $ Bon Appétit $ Sugar Conscious $ Vegetarian $ Pescatarian $ Wheat/Gluten-Free $ Peanut Free $ Tree Nut Free $ Soy Free $ No Sugar Added $ Kosher $ Mediterranean $ 
https://www.epicurious.com/recipes/food/views/pan-seared-swordfish-steaks-with-shallot-caper-and-balsamic-sauce-13647,"Pan-Seared Swordfish Steaks with Shallot, Caper, and Balsamic Sauce ","two 1-inch-thick swordfish steaks, each about 6 ounces $ 1 tablespoon unsalted butter $ 1/2 tablespoon olive oil $ 3 shallots, sliced thin $ 1/4 cup dry white wine $ 2 tablespoons balsamic vinegar $ 1 tablespoon drained capers, chopped $ 1 tablespoon water $ 1 tablespoon chopped fresh parsley leaves (wash and dry before chopping) $ ",Sauté $ Quick & Easy $ White Wine $ Shallot $ Swordfish $ Gourmet $ ,Mediterranean $ ,3/4,93,Sauté $ Quick & Easy $ White Wine $ Shallot $ Swordfish $ Gourmet $ Mediterranean $ 
https://www.epicurious.com/recipes/food/views/coffee-granita-395,Coffee Granita ,"1 1/2 cups water $ 1 cup sugar $ 3/4 cup brewed espresso coffee or 3/4 cup very hot water mixed with 2 tablespoons instant espresso powder $ 1/2 cup chilled whipping cream, whipped $ ",Coffee $ Milk/Cream $ Dessert $ Low Sodium $ Frozen Dessert $ Summer $ Bon Appétit $ Kidney Friendly $ Vegetarian $ Pescatarian $ Wheat/Gluten-Free $ Peanut Free $ Tree Nut Free $ Soy Free $ Kosher $ ,Italian $ Mediterranean $ ,3/4,1,Coffee $ Milk/Cream $ Dessert $ Low Sodium $ Frozen Dessert $ Summer $ Bon Appétit $ Kidney Friendly $ Vegetarian $ Pescatarian $ Wheat/Gluten-Free $ Peanut Free $ Tree Nut Free $ Soy Free $ Kosher $ Italian $ Mediterranean $ 
https://www.epicurious.com/recipes/food/views/double-berry-preserves-382,Double-Berry Preserves ,"2 1-pint baskets strawberries, hulled, diced $ 1 1/2-pint basket fresh raspberries or 1 1/2 cups frozen unsweetened, thawed $ 3/4 cup sugar $ ",Condiment/Spread $ Berry $ Breakfast $ Kid-Friendly $ Quick & Easy $ Low Sodium $ Wheat/Gluten-Free $ Raspberry $ Strawberry $ Spring $ Bon Appétit $ Vegan $ Vegetarian $ Pescatarian $ Dairy Free $ Peanut Free $ Tree Nut Free $ Soy Free $ Kosher $ ,Mediterranean $ ,0/4,0,Condiment/Spread $ Berry $ Breakfast $ Kid-Friendly $ Quick & Easy $ Low Sodium $ Wheat/Gluten-Free $ Raspberry $ Strawberry $ Spring $ Bon Appétit $ Vegan $ Vegetarian $ Pescatarian $ Dairy Free $ Peanut Free $ Tree Nut Free $ Soy Free $ Kosher $ Mediterranean $ 
https://www.epicurious.com/recipes/food/views/grape-leaves-stuffed-with-dill-scented-rice-310,Grape Leaves Stuffed with Dill-Scented Rice ,"1/2 cup olive oil $ 2 large onions, finely chopped $ 2 cups long-grain white rice $ 5 tablespoons fresh lemon juice $ 3 tablespoons chopped fresh Italian parsley $ 3 tablespoons finely chopped fresh dill $ 5 cups (or more) hot water $ 1 32-ounce jar grape leaves, rinsed, drained, tough stems trimmed $ Plain yogurt and lemon wedges $ ",Herb $ Rice $ Appetizer $ Vegetarian $ Buffet $ Healthy $ Vegan $ Bon Appétit $ Kidney Friendly $ Pescatarian $ Wheat/Gluten-Free $ Peanut Free $ Tree Nut Free $ Soy Free $ No Sugar Added $ Kosher $ ,Greek $ Mediterranean $ ,3/4,12,Herb $ Rice $ Appetizer $ Vegetarian $ Buffet $ Healthy $ Vegan $ Bon Appétit $ Kidney Friendly $ Pescatarian $ Wheat/Gluten-Free $ Peanut Free $ Tree Nut Free $ Soy Free $ No Sugar Added $ Kosher $ Greek $ Mediterranean $ 
https://www.epicurious.com/recipes/food/views/grilled-swordfish-with-eggplant-anchovy-and-green-olives-65,"Grilled Swordfish with Eggplant, Anchovy and Green Olives ","1 7 1/2-ounce can caponata (eggplant appetizer) $ 3/4 cup green olives with pimiento, quartered $ 1 anchovy fillet, finely chopped $ 1 tablespoon white wine vinegar $ 1 large garlic clove, finely chopped $ 1/2 teaspoon dried thyme, crumbled $ 4 6-ounce swordfish steaks (about 3/4 inch thick) $ Olive oil $ 1/4 cup chopped fresh parsley $ Fresh lemon wedges $ ",Fish $ Olive $ Quick & Easy $ Grill/Barbecue $ Bon Appétit $ ,Mediterranean $ ,3/4,1,Fish $ Olive $ Quick & Easy $ Grill/Barbecue $ Bon Appétit $ Mediterranean $ 
https://www.epicurious.com/recipes/food/views/red-snapper-roasted-with-fennel-and-breadcrumbs-1455,Red Snapper Roasted with Fennel and Breadcrumbs ,"2 fresh fennel bulbs, trimmed, chopped $ 6 large shallots or green onions, chopped $ 1/2 cup chopped fresh Italian parsley $ 2 cups fresh French breadcrumbs $ 1/4 cup olive oil $ 1 3 1/2-to 4-pound headless red snapper $ 1/4 cup dry white wine $ Olive oil $ ",Fish $ Roast $ Snapper $ Fennel $ Healthy $ Bon Appétit $ ,Mediterranean $ ,2.5/4,5,Fish $ Roast $ Snapper $ Fennel $ Healthy $ Bon Appétit $ Mediterranean $ 
https://www.epicurious.com/recipes/food/views/marinated-green-olives-with-oregano-103479,Marinated Green Olives with Oregano ,"1 pound medium to large Greek or Mediterranean-style green olives $ 5 tablespoons pomegranate molasses* $ 1/4 cup extra-virgin olive oil $ 1/4 cup chopped fresh oregano $ 1 lemon, thinly sliced $ 1/8 teaspoon dried crushed red pepper $ ",Olive $ Appetizer $ Marinate $ Lemon $ Molasses $ Oregano $ Bon Appétit $ Vegan $ Vegetarian $ Pescatarian $ Paleo $ Dairy Free $ Wheat/Gluten-Free $ Peanut Free $ Tree Nut Free $ Soy Free $ Kosher $ ,Mediterranean $ ,3/4,3,Olive $ Appetizer $ Marinate $ Lemon $ Molasses $ Oregano $ Bon Appétit $ Vegan $ Vegetarian $ Pescatarian $ Paleo $ Dairy Free $ Wheat/Gluten-Free $ Peanut Free $ Tree Nut Free $ Soy Free $ Kosher $ Mediterranean $ 
https://www.epicurious.com/recipes/food/views/lamb-and-raisin-pies-with-pine-nuts-and-mint-483,Lamb and Raisin Pies with Pine Nuts and Mint ,"1 1/2 pounds ground lamb $ 2 cups chopped onion $ 1 tablespoon minced garlic $ 2 14 1/2-ounce cans diced peeled tomatoes, drained $ 3/4 cup brown raisins $ 1 teaspoon ground allspice $ 1/3 cup pine nuts, toasted $ 3 tablespoons chopped fresh mint $ 1 17 1/4-ounce package frozen puff pastry (2 sheets), thawed $ 1 egg, beaten to blend $ ",Game $ Herb $ Lamb $ Nut $ Bake $ Lunch $ Raisin $ Mint $ Pine Nut $ Bon Appétit $ Peanut Free $ Soy Free $ Diabetes-Friendly $ ,Mediterranean $ Middle Eastern $ ,3.5/4,13,Game $ Herb $ Lamb $ Nut $ Bake $ Lunch $ Raisin $ Mint $ Pine Nut $ Bon Appétit $ Peanut Free $ Soy Free $ Diabetes-Friendly $ Mediterranean $ Middle Eastern $ 
https://www.epicurious.com/recipes/food/views/sea-bass-with-roasted-tomatoes-and-green-beans-104706,Sea Bass with Roasted Tomatoes and Green Beans ,"Nonstick vegetable oil spray $ 1 1/2 pounds plum tomatoes, each cut into 8 wedges $ 1 large onion, halved through root end, each half cut into thin wedges $ 2 garlic cloves, minced $ 1 tablespoon extra-virgin olive oil $ 8 ounces green beans, trimmed, cut diagonally into 2-inch pieces $ 2 teaspoons curry powder $ 2 teaspoons minced peeled fresh ginger $ 4 5- to 6-ounce sea bass fillets (each about 1 1/2 inches thick) $ ",Fish $ Onion $ Tomato $ Vegetable $ Roast $ Dinner $ Seafood $ Bass $ Spice $ Curry $ Green Bean $ Summer $ Party $ Bon Appétit $ Pescatarian $ Dairy Free $ Wheat/Gluten-Free $ Peanut Free $ Tree Nut Free $ Soy Free $ No Sugar Added $ Kosher $ ,Mediterranean $ ,3.5/4,38,Fish $ Onion $ Tomato $ Vegetable $ Roast $ Dinner $ Seafood $ Bass $ Spice $ Curry $ Green Bean $ Summer $ Party $ Bon Appétit $ Pescatarian $ Dairy Free $ Wheat/Gluten-Free $ Peanut Free $ Tree Nut Free $ Soy Free $ No Sugar Added $ Kosher $ Mediterranean $ 
https://www.epicurious.com/recipes/food/views/couscous-with-zucchini-and-cherry-tomatoes-5846,Couscous with Zucchini and Cherry Tomatoes ,"1 1/2 teaspoons olive oil $ 1 large onion $ 1/4 cup water (if needed) $ 1 large garlic clove, minced $ 2 1/2 cups canned low-salt chicken broth $ 1 1/2 pounds medium zucchini, trimmed, each cut crosswise into 3 pieces, each piece cut into 6 wedges $ 3 tablespoons chopped fresh thyme or 1 tablespoon dried $ 1 1/2 cups couscous $ 1 1/2 teaspoons butter $ 24 cherry tomatoes $ ",Tomato $ Vegetable $ Side $ Sauté $ Quick & Easy $ Zucchini $ Summer $ Healthy $ Couscous $ Bon Appétit $ Peanut Free $ Tree Nut Free $ Soy Free $ No Sugar Added $ ,Mediterranean $ Middle Eastern $ ,3/4,8,Tomato $ Vegetable $ Side $ Sauté $ Quick & Easy $ Zucchini $ Summer $ Healthy $ Couscous $ Bon Appétit $ Peanut Free $ Tree Nut Free $ Soy Free $ No Sugar Added $ Mediterranean $ Middle Eastern $ 
https://www.epicurious.com/recipes/food/views/eggs-stuffed-with-capers-olives-anchovy-and-radish-11509,"Eggs Stuffed with Capers, Olives, Anchovy, and Radish ","6 hard-boiled large eggs, halved $ 2 tablespoons chopped green olives $ 2 tablespoons chopped drained bottled capers $ 2 tablespoons finely chopped radish $ 1 flat anchovy fillet, minced and mashed to a paste $ 1 tablespoon mayonnaise $ 1 heaping tablespoon plain yogurt $ 1 tablespoon minced fresh parsley leaves $ ",Egg $ Fish $ Olive $ Easter $ Quick & Easy $ Radish $ Gourmet $ ,Mediterranean $ ,3.5/4,4,Egg $ Fish $ Olive $ Easter $ Quick & Easy $ Radish $ Gourmet $ Mediterranean $ 
https://www.epicurious.com/recipes/food/views/lamb-with-artichokes-and-sun-dried-tomatoes-187,Lamb with Artichokes and Sun-Dried Tomatoes ,"8 large oil-packed sun-dried tomatoes, well drained, coarsely chopped (1 tablespoon oil reserved) $ 2 lamb shanks (3/4 to 1 pound each), well trimmed $ 6 large garlic cloves, chopped $ 1 cup canned ready-cut Italian-style tomatoes, with juices $ 1 cup canned unsalted beef broth $ 1 6 1/2-ounce jar marinated artichoke hearts $ ",Lamb $ Tomato $ Bake $ Low Fat $ Bon Appétit $ ,Mediterranean $ ,3.5/4,26,Lamb $ Tomato $ Bake $ Low Fat $ Bon Appétit $ Mediterranean $ 
https://www.epicurious.com/recipes/food/views/grilled-lemon-parsley-veal-chops-108450,Grilled Lemon-Parsley Veal Chops ,"1/2 cup olive oil $ 6 tablespoons fresh lemon juice $ 1/3 cup chopped fresh Italian parsley $ 3 garlic cloves, crushed $ 1 tablespoon minced fresh rosemary $ 6 8- to 10-ounce loin or rib veal chops, each about 1 inch thick $ 3 tablespoons chopped fresh Italian parsley $ 1 tablespoon grated lemon peel $ 1 1/2 teaspoons minced fresh rosemary $ 1 teaspoon minced garlic $ ",Beef $ Herb $ Marinate $ Low Carb $ Backyard BBQ $ Dinner $ Lemon $ Veal $ Summer $ Grill/Barbecue $ Parsley $ Bon Appétit $ Sugar Conscious $ Paleo $ Dairy Free $ Wheat/Gluten-Free $ Peanut Free $ Tree Nut Free $ Soy Free $ No Sugar Added $ Kosher $ ,Italian $ Mediterranean $ ,4/4,31,Beef $ Herb $ Marinate $ Low Carb $ Backyard BBQ $ Dinner $ Lemon $ Veal $ Summer $ Grill/Barbecue $ Parsley $ Bon Appétit $ Sugar Conscious $ Paleo $ Dairy Free $ Wheat/Gluten-Free $ Peanut Free $ Tree Nut Free $ Soy Free $ No Sugar Added $ Kosher $ Italian $ Mediterranean $ 
https://www.epicurious.com/recipes/food/views/white-bean-puree-with-sun-dried-tomatoes-109245,White Bean Purée with Sun-Dried Tomatoes ,"1 cup dried Great Northern beans $ 4 cups water $ 1/2 small onion, quartered $ 2 4-inch-long fresh rosemary sprigs $ 1 cup drained oil-packed sun-dried tomatoes $ 1 1/2 tablespoons chopped shallots $ 1 tablespoon chopped fresh rosemary leaves $ 4 tablespoons extra-virgin olive oil, divided $ 1 1/2 teaspoons fresh lemon juice $ 1 1/2 teaspoons salt $ 3/4 teaspoon ground black pepper $ 1/4 teaspoon dried crushed red pepper $ 1/2 cup (or more) boiling water $ 2 tablespoons chopped fresh parsley $ Lemon wedges $ Toasted pita triangles $ ",Condiment/Spread $ Bean $ Tomato $ Appetizer $ Rosemary $ Spring $ Bon Appétit $ ,Mediterranean $ ,3.5/4,28,Condiment/Spread $ Bean $ Tomato $ Appetizer $ Rosemary $ Spring $ Bon Appétit $ Mediterranean $ 
https://www.epicurious.com/recipes/food/views/couscous-with-garbanzo-beans-and-golden-raisins-103015,Couscous with Garbanzo Beans and Golden Raisins ,"1 lemon $ 2 tablespoons garlic oil $ 1/2 teaspoon ground cinnamon $ 1 cup couscous $ 1 15-ounce can garbanzo beans (chickpeas), rinsed, drained $ 1/2 cup golden raisins $ ",Pasta $ Side $ Vegetarian $ Quick & Easy $ High Fiber $ Raisin $ Chickpea $ Healthy $ Couscous $ Bon Appétit $ Vegan $ Pescatarian $ Dairy Free $ Peanut Free $ Tree Nut Free $ Soy Free $ No Sugar Added $ Kosher $ ,Mediterranean $ Moroccan $ ,2.5/4,16,Pasta $ Side $ Vegetarian $ Quick & Easy $ High Fiber $ Raisin $ Chickpea $ Healthy $ Couscous $ Bon Appétit $ Vegan $ Pescatarian $ Dairy Free $ Peanut Free $ Tree Nut Free $ Soy Free $ No Sugar Added $ Kosher $ Mediterranean $ Moroccan $ 
https://www.epicurious.com/recipes/food/views/lamb-chops-with-oregano-and-lemon-103895,Lamb Chops with Oregano and Lemon ,"2 tablespoons coarse salt $ 1 tablespoon ground black pepper $ 1 tablespoon dried oregano $ 1 tablespoon garlic powder $ 2 8-rib racks of lamb (each rack about 1 1/2 to 1 3/4 pounds), each rack cut into 4 double chops $ Greek Potatoes with Lemon Vinaigrette $ Lemon wedges $ ",Herb $ Lamb $ Backyard BBQ $ Lemon $ Fall $ Summer $ Chill $ Grill/Barbecue $ Oregano $ Bon Appétit $ ,Greek $ Mediterranean $ ,3.5/4,23,Herb $ Lamb $ Backyard BBQ $ Lemon $ Fall $ Summer $ Chill $ Grill/Barbecue $ Oregano $ Bon Appétit $ Greek $ Mediterranean $ 
https://www.epicurious.com/recipes/food/views/olive-stuffed-chicken-with-almonds-104882,Olive-Stuffed Chicken with Almonds ,"4 boneless chicken breast halves with skin (2 1/4 pounds total) $ 1 cup brine-cured green olives such as picholine, pitted and chopped $ 2 tablespoons unsalted butter $ 1/4 cup whole almonds with skins $ 2 tablespoons chopped fresh flat-leaf parsley $ ",Chicken $ Nut $ Olive $ Poultry $ Quick & Easy $ Almond $ Spring $ Gourmet $ ,Mediterranean $ ,3/4,54,Chicken $ Nut $ Olive $ Poultry $ Quick & Easy $ Almond $ Spring $ Gourmet $ Mediterranean $ 
https://www.epicurious.com/recipes/food/views/lamb-chops-with-yogurt-mint-sauce-104889,Lamb Chops with Yogurt-Mint Sauce ,"1/2 cup fresh mint leaves, finely chopped $ 1/2 cup plain yogurt $ 1 garlic clove, minced $ 1 teaspoon fresh lemon juice $ 6 (1-inch-thick) rib lamb chops $ 1 tablespoon olive oil $ ",Dairy $ Herb $ Lamb $ Sauté $ Quick & Easy $ Yogurt $ Mint $ Lamb Chop $ Spring $ Healthy $ Gourmet $ ,Greek $ Mediterranean $ ,3.5/4,14,Dairy $ Herb $ Lamb $ Sauté $ Quick & Easy $ Yogurt $ Mint $ Lamb Chop $ Spring $ Healthy $ Gourmet $ Greek $ Mediterranean $ 
https://www.epicurious.com/recipes/food/views/lamb-shanks-with-potatoes-parsnips-and-kalamata-olives-5881,"Lamb Shanks with Potatoes, Parsnips and Kalamata Olives ","6 12- to 16-ounce lamb shanks $ 3 tablespoons olive oil $ 4 medium carrots, peeled, cut into 1/4-inch-thick rounds $ 2 1/2 cups chopped onions $ 1 1/2 cups sliced celery $ 2 garlic cloves, minced $ 2 teaspoons dried rosemary $ 2 teaspoons dried oregano $ 1 28-ounce can diced tomatoes in juice $ 2 cups water $ 2 cups dry red wine $ 1 3x1-inch piece orange peel (orange part only) $ 12 baby red-skinned potatoes $ 6 medium carrots, peeled, cut into 2-inch pieces $ 6 medium parsnips, peeled, cut into 2-inch pieces $ 1/2 cup Kalamata olives, pitted $ ",Olive $ Onion $ Potato $ Tomato $ Vegetable $ Braise $ Wheat/Gluten-Free $ Lamb Shank $ Parsnip $ Red Wine $ Winter $ Bon Appétit $ ,Mediterranean $ ,3/4,17,Olive $ Onion $ Potato $ Tomato $ Vegetable $ Braise $ Wheat/Gluten-Free $ Lamb Shank $ Parsnip $ Red Wine $ Winter $ Bon Appétit $ Mediterranean $ 
https://www.epicurious.com/recipes/food/views/orzo-with-feta-and-cherry-tomatoes-101902,Orzo with Feta and Cherry Tomatoes ,1/2 pound orzo (rice-shaped pasta; about 1 cup) $ 1 1/2 tablespoons olive oil $ 1/3 cup pine nuts $ 1 small garlic clove $ 1/2 cup packed fresh flat-leafed parsley leaves $ 6 ounces cherry tomatoes (about 1/2 pint) $ 1/4 pound feta $ 1 1/2 tablespoons red-wine vinegar $ ,Pasta $ Tomato $ Side $ Quick & Easy $ Feta $ Summer $ Gourmet $ Vegetarian $ Pescatarian $ Peanut Free $ Soy Free $ No Sugar Added $ Kosher $ ,Mediterranean $ ,3.5/4,86,Pasta $ Tomato $ Side $ Quick & Easy $ Feta $ Summer $ Gourmet $ Vegetarian $ Pescatarian $ Peanut Free $ Soy Free $ No Sugar Added $ Kosher $ Mediterranean $ 
https://www.epicurious.com/recipes/food/views/rouget-and-shrimp-with-lemon-sauce-102028,Rouget and Shrimp with Lemon Sauce ,1 pound large shrimp (18 to 22) $ twelve 1-ounce rouget fillets or 6 small red snapper fillets with skin $ 2 large shallots $ 1/4 cup unsalted butter $ 1/4 cup dry white wine $ 1 cup chicken broth $ 2 tablespoons fresh lemon juice $ 6 tablespoons olive oil plus additional if necessary $ 3 small zucchini (preferably assorted green and yellow; each about 4 inches long) $ Accompaniment: zucchini potato lemon-thyme mash $ ,Fish $ Dinner $ Shrimp $ Zucchini $ Summer $ Gourmet $ Wheat/Gluten-Free $ Peanut Free $ Tree Nut Free $ Soy Free $ ,Mediterranean $ ,3/4,3,Fish $ Dinner $ Shrimp $ Zucchini $ Summer $ Gourmet $ Wheat/Gluten-Free $ Peanut Free $ Tree Nut Free $ Soy Free $ Mediterranean $ 
https://www.epicurious.com/recipes/food/views/cheese-bread-and-egg-soup-106461,"Cheese, Bread, and Egg Soup ","12 4x3x1/2-inch slices country-style whole wheat or sourdough bread $ 1/3 cup (about) extra-virgin olive oil $ 8 cups canned low-salt chicken broth $ 2 large eggs $ 1/2 cup freshly grated pecorino Sardo or pecorino Romano cheese $ 1/4 cup chopped fresh Italian parsley $ 8 ounces fresh water-packed mozzarella cheese, diced $ ",Soup/Stew $ Cheese $ Egg $ Bake $ Bon Appétit $ ,Italian $ Mediterranean $ ,3/4,2,Soup/Stew $ Cheese $ Egg $ Bake $ Bon Appétit $ Italian $ Mediterranean $ 
https://www.epicurious.com/recipes/food/views/roasted-red-pepper-and-eggplant-soup-104803,Roasted Red Pepper and Eggplant Soup ,"2 eggplants (about 2 1/2 pounds total), halved $ 4 red bell peppers (about 22 ounces) $ 1/4 cup olive oil $ 2 medium onions, chopped $ 1 medium leek, halved lengthwise, thinly sliced crosswise (white and pale green parts only; about 2 cups) $ 6 large garlic cloves, minced $ 8 1/2 cups chicken stock or canned low-salt chicken broth $ 3 tablespoons tomato paste $ 1/4 cup chopped fresh basil $ 2 tablespoons chopped fresh thyme $ 3 tablespoons unsalted butter $ 1 1/2 tablespoons fresh lemon juice $ Parmesan cheese shavings $ ",Soup/Stew $ Blender $ Tomato $ Vegetable $ Roast $ Lunch $ Basil $ Leek $ Eggplant $ Bell Pepper $ Healthy $ Bon Appétit $ Wheat/Gluten-Free $ Peanut Free $ Tree Nut Free $ Soy Free $ No Sugar Added $ ,Italian $ Mediterranean $ ,3.5/4,58,Soup/Stew $ Blender $ Tomato $ Vegetable $ Roast $ Lunch $ Basil $ Leek $ Eggplant $ Bell Pepper $ Healthy $ Bon Appétit $ Wheat/Gluten-Free $ Peanut Free $ Tree Nut Free $ Soy Free $ No Sugar Added $ Italian $ Mediterranean $ 
https://www.epicurious.com/recipes/food/views/tomato-salad-with-cucumbers-arugula-and-sardines-106465,"Tomato Salad with Cucumbers, Arugula, and Sardines ","1 cucumber, quartered lengthwise, thinly sliced crosswise $ 1 1/4 pounds tomatoes, seeded, diced $ 1/2 medium onion, cut into thin rings $ 1/2 cup chopped fresh Italian parsley $ 1/2 cup coarsely chopped arugula $ 2 tablespoons chopped fresh mint $ 8 oil-packed sardines, drained, diced $ 1/3 cup extra-virgin olive oil $ 2 tablespoons fresh lemon juice $ 2 teaspoons grated lemon peel $ ",Salad $ Fish $ Tomato $ No-Cook $ Cucumber $ Arugula $ Summer $ Bon Appétit $ ,Greek $ Mediterranean $ ,2.5/4,7,Salad $ Fish $ Tomato $ No-Cook $ Cucumber $ Arugula $ Summer $ Bon Appétit $ Greek $ Mediterranean $ 
https://www.epicurious.com/recipes/food/views/mediterranean-pita-pizza-49,Mediterranean Pita Pizza ,"1 15-ounce can garbanzo beans (chick peas), drained $ 6 ounces goat or feta cheese, crumbled $ 2 large garlic cloves, chopped $ 2 tablespoons olive oil $ 1 teaspoon ground cumin $ Cayenne pepper $ 3/4 pound lean ground lamb $ 3/4 teaspoon ground allspice $ 3/4 teaspoon dried oregano, crumbled $ 4 6-inch pita bread rounds $ Olive oil $ 1 small red bell pepper, chopped $ 6 tablespoons chopped fresh mint $ ",Bean $ Cheese $ Lamb $ Appetizer $ Bake $ Bon Appétit $ Dairy Free $ Peanut Free $ Tree Nut Free $ Soy Free $ No Sugar Added $ Kosher $ ,Mediterranean $ ,3/4,7,Bean $ Cheese $ Lamb $ Appetizer $ Bake $ Bon Appétit $ Dairy Free $ Peanut Free $ Tree Nut Free $ Soy Free $ No Sugar Added $ Kosher $ Mediterranean $ 
https://www.epicurious.com/recipes/food/views/sauteed-tuna-with-warm-olive-vinaigrette-10975,Sauteed Tuna with Warm Olive Vinaigrette ,"4 tablespoons olive oil $ two 1-inch-thick tuna steaks $ 5 Kalamata or other brine-cured black olives, pitted $ 2 teaspoons drained bottled capers $ 1 garlic clove, minced $ 1 teaspoon Dijon-style mustard $ 2 teaspoons balsamic vinegar, or to taste $ 1 plum tomato, seeded and chopped $ 1 tablespoon water $ 2 tablespoons finely chopped drained bottled roasted red peppers plus additional for garnish if desired $ 1 tablespoon finely chopped white and green parts of scallion plus additional for garnish if desired $ lemon wedges as an accompaniment $ ",Olive $ Sauté $ Quick & Easy $ Tuna $ Gourmet $ ,Mediterranean $ ,3/4,14,Olive $ Sauté $ Quick & Easy $ Tuna $ Gourmet $ Mediterranean $ 
https://www.epicurious.com/recipes/food/views/tuna-salad-on-olive-bread-with-arugula-108445,Tuna Salad on Olive Bread with Arugula ,"2 6-ounce packages albacore tuna packed in water, drained $ 3/4 cup mayonnaise $ 1/2 cup chopped green onions $ 1/4 cup diced seeded English hothouse cucumber $ 1/4 cup minced fresh dill $ 1/4 cup drained capers $ 2 tablespoons Dijon mustard $ 2 tablespoons minced fresh tarragon $ 12 1/3-inch-thick slices olive bread $ 1 cup arugula $ ",Sandwich $ Fish $ Leafy Green $ No-Cook $ Picnic $ Lunch $ Mayonnaise $ Tuna $ Summer $ Capers $ Bon Appétit $ Sugar Conscious $ Pescatarian $ Dairy Free $ Peanut Free $ Tree Nut Free $ Soy Free $ Kosher $ ,American $ Mediterranean $ ,3.5/4,13,Sandwich $ Fish $ Leafy Green $ No-Cook $ Picnic $ Lunch $ Mayonnaise $ Tuna $ Summer $ Capers $ Bon Appétit $ Sugar Conscious $ Pescatarian $ Dairy Free $ Peanut Free $ Tree Nut Free $ Soy Free $ Kosher $ American $ Mediterranean $ 
https://www.epicurious.com/recipes/food/views/bulgur-salad-with-garbanzo-beans-feta-and-plum-tomatoes-105275,"Bulgur Salad with Garbanzo Beans, Feta, and Plum Tomatoes ","2 cups water $ 1 cup bulgur* $ 1 teaspoon salt $ 1 15 1/2-ounce can garbanzo beans (chickpeas), rinsed, drained $ 1 cup diced plum tomatoes $ 1/2 cup crumbled feta cheese $ 1/2 cup chopped green onions $ 1/3 cup chopped fresh mint $ 1/3 cup chopped fresh Italian parsley $ 3 tablespoons fresh lemon juice $ 1 1/2 tablespoons olive oil $ 2 teaspoons grated lemon peel $ ",Salad $ Tomato $ Quick & Easy $ Feta $ Lemon $ Mint $ Chickpea $ Summer $ Parsley $ Bulgur $ Bon Appétit $ ,Mediterranean $ ,3/4,48,Salad $ Tomato $ Quick & Easy $ Feta $ Lemon $ Mint $ Chickpea $ Summer $ Parsley $ Bulgur $ Bon Appétit $ Mediterranean $ 
https://www.epicurious.com/recipes/food/views/tunisian-aromatic-fish-soup-with-potatoes-321,Tunisian Aromatic Fish Soup with Potatoes ,"4 cups water $ 1 pound potatoes, peeled, halved lengthwise, cut crosswise into 1/2-inch-thick slices $ 2 medium tomatoes, peeled, quartered $ 3 garlic cloves, chopped $ 2 tablespoons chopped fresh mint $ 1 1/2 tablespoons fresh lemon juice $ 1 teaspoon paprika $ 1/2 teaspoon ground cumin $ 1/4 teaspoon dried crushed red pepper $ 1/3 cup plus 1 tablespoon finely chopped cilantro or parsley $ 1 pound 1-inch-thick firm white fish fillets (such as cod, haddock or sea bass) $ 3 tablespoons olive oil $ ",Soup/Stew $ Fish $ Herb $ Potato $ Tomato $ Quick & Easy $ Lunch $ Healthy $ Bon Appétit $ Sugar Conscious $ Pescatarian $ Dairy Free $ Wheat/Gluten-Free $ Peanut Free $ Tree Nut Free $ Soy Free $ No Sugar Added $ Kosher $ ,Mediterranean $ ,3/4,28,Soup/Stew $ Fish $ Herb $ Potato $ Tomato $ Quick & Easy $ Lunch $ Healthy $ Bon Appétit $ Sugar Conscious $ Pescatarian $ Dairy Free $ Wheat/Gluten-Free $ Peanut Free $ Tree Nut Free $ Soy Free $ No Sugar Added $ Kosher $ Mediterranean $ 
https://www.epicurious.com/recipes/food/views/fried-zucchini-with-garlic-yogurt-307,Fried Zucchini with Garlic Yogurt ,"4 large garlic cloves, pressed $ 1 teaspoon salt $ 2 cups plain yogurt $ Vegetable oil (for deep frying) $ 1 1/2 cups plus 1 cup all purpose flour $ 1 2/3 to 1 3/4 cups water $ 4 large zucchini, thinly sliced on diagonal $ ",Dairy $ Garlic $ Vegetable $ Appetizer $ Fry $ Vegetarian $ Yogurt $ Zucchini $ Bon Appétit $ Pescatarian $ Peanut Free $ Tree Nut Free $ Soy Free $ No Sugar Added $ Kosher $ ,Greek $ Mediterranean $ Middle Eastern $ ,3/4,11,Dairy $ Garlic $ Vegetable $ Appetizer $ Fry $ Vegetarian $ Yogurt $ Zucchini $ Bon Appétit $ Pescatarian $ Peanut Free $ Tree Nut Free $ Soy Free $ No Sugar Added $ Kosher $ Greek $ Mediterranean $ Middle Eastern $ 
https://www.epicurious.com/recipes/food/views/couscous-a-la-greque-236,Couscous à la Greque ,"1 tablespoon olive oil $ 1 red onion, chopped $ 4 large garlic cloves, chopped $ 1 9-ounce package frozen artichoke hearts, thawed $ 2 Japanese eggplants, trimmed, cut into 1/2-inch pieces $ 1 zucchini, cut into 1/2-inch pieces $ 1 red bell pepper, cut into 1/2-inch pieces $ 1 1/4 cups canned unsalted chicken broth $ 1 1/4 teaspoons dried oregano, crumbled $ 1/2 teaspoon dried thyme $ 1 cup couscous $ 3 ounces feta cheese, diced $ 1 cup chopped seeded plum tomatoes $ 1/3 cup chopped fresh mint $ ",Cheese $ Herb $ Vegetable $ Low Fat $ Quick & Easy $ Feta $ Mint $ Artichoke $ Eggplant $ Bell Pepper $ Bon Appétit $ ,Mediterranean $ ,2.5/4,10,Cheese $ Herb $ Vegetable $ Low Fat $ Quick & Easy $ Feta $ Mint $ Artichoke $ Eggplant $ Bell Pepper $ Bon Appétit $ Mediterranean $ 
https://www.epicurious.com/recipes/food/views/herb-and-lemon-goat-cheese-spread-101634,Herb and Lemon Goat Cheese Spread ,"5 ounces (about 3/4 cup) soft fresh goat cheese, room temperature $ 2 teaspoons chopped fresh thyme $ 2 teaspoons grated lemon peel $ 1 garlic clove, minced $ 5 teaspoons olive oil $ 16 French-bread baguette slices, toasted $ ",Cheese $ Herb $ No-Cook $ Low Fat $ Vegetarian $ Quick & Easy $ Oscars $ Goat Cheese $ Fall $ Spring $ Summer $ Winter $ Healthy $ Thyme $ Bon Appétit $ ,Mediterranean $ ,3.5/4,52,Cheese $ Herb $ No-Cook $ Low Fat $ Vegetarian $ Quick & Easy $ Oscars $ Goat Cheese $ Fall $ Spring $ Summer $ Winter $ Healthy $ Thyme $ Bon Appétit $ Mediterranean $ 
https://www.epicurious.com/recipes/food/views/grilled-lamb-kebabs-with-coriander-and-cumin-358,Grilled Lamb Kebabs with Coriander and Cumin ,"1 1/2 tablespoons olive oil $ 2 teaspoons red wine vinegar $ 1 large garlic clove, minced $ 3/4 teaspoon ground cumin $ 3/4 teaspoon ground coriander $ 1/2 teaspoon cayenne pepper $ 1/4 teaspoon salt $ 1 1/3 to 1 1/2 pounds lamb shoulder arm (round-bone) chops, trimmed boned, cut into 1-inch pieces $ 4 bamboo skewers, soaked in water 10 minutes $ ",Herb $ Lamb $ Broil $ Marinate $ Low Carb $ Quick & Easy $ Spice $ Spring $ Grill $ Grill/Barbecue $ Bon Appétit $ ,Mediterranean $ Middle Eastern $ ,3.5/4,27,Herb $ Lamb $ Broil $ Marinate $ Low Carb $ Quick & Easy $ Spice $ Spring $ Grill $ Grill/Barbecue $ Bon Appétit $ Mediterranean $ Middle Eastern $ 
https://www.epicurious.com/recipes/food/views/spiced-pita-toasts-15217,Spiced Pita Toasts ,4 teaspoons cumin seeds $ 1 teaspoon coarse salt $ 2 teaspoons paprika $ 1/2 cup olive oil $ six 6-inch pitas with pockets $ ,Bake $ Cocktail Party $ Low Cal $ Spice $ Gourmet $ ,Mediterranean $ Middle Eastern $ ,3/4,8,Bake $ Cocktail Party $ Low Cal $ Spice $ Gourmet $ Mediterranean $ Middle Eastern $ 
https://www.epicurious.com/recipes/food/views/onion-and-olive-stuffed-bell-peppers-12761,Onion-and Olive-Stuffed Bell Peppers ,"8 assorted bell peppers $ 4 tablespoons olive oil $ 3 tablespoons balsamic vinegar $ 3 large onions, halved lengthwise and sliced thin lengthwise $ 3 garlic cloves, sliced thin $ 12 Kalamata or other brine-cured black olives, pitted and sliced thin $ ",Olive $ Onion $ Side $ Sauté $ Steam $ Bell Pepper $ Summer $ Vegan $ Gourmet $ ,Mediterranean $ ,3/4,4,Olive $ Onion $ Side $ Sauté $ Steam $ Bell Pepper $ Summer $ Vegan $ Gourmet $ Mediterranean $ 
https://www.epicurious.com/recipes/food/views/mediterranean-chicken-salad-109681,Mediterranean Chicken Salad ,"6 tablespoons olive oil $ 2 tablespoons plus 2 teaspoons tarragon vinegar $ 1 tablespoon chopped fresh tarragon $ 1/2 tablespoon fresh lemon juice $ 1/2 tablespoon Dijon mustard $ 3 cups diced cooked chicken (from one 3-pound purchased cooked chicken) $ 1/2 cup orzo (rice-shaped pasta; about 3 ounces) $ 1 cup halved cherry tomatoes (about 10 ounces) $ 1 6-ounce jar marinated artichoke hearts, drained $ 1/2 cup coarsely chopped pitted Kalamata olives $ 1/3 cup dried currants $ 1 1/2 tablespoons drained capers $ ",Salad $ Chicken $ Olive $ Pasta $ Tomato $ Quick & Easy $ Dried Fruit $ Artichoke $ Summer $ Healthy $ Tarragon $ Capers $ Bon Appétit $ California $ ,Mediterranean $ ,3.5/4,178,Salad $ Chicken $ Olive $ Pasta $ Tomato $ Quick & Easy $ Dried Fruit $ Artichoke $ Summer $ Healthy $ Tarragon $ Capers $ Bon Appétit $ California $ Mediterranean $ 
https://www.epicurious.com/recipes/food/views/mediterranean-couscous-salad-with-roasted-vegetables-4318,Mediterranean Couscous Salad with Roasted Vegetables ,"1 1-to-1 1/4 pound eggplant, cut lengthwise into 8 wedges $ 2 medium-size zucchini, each cut lengthwise into 4 wedges $ 3 large leeks (white and pale green parts only), halved lengthwise, cut crosswise into 2 1/2-inch pieces $ 1 red bell pepper, cut into 1/2-inch-wide strips $ 10 large garlic cloves, unpeeled $ 3 1/2 tablespoons plus 1/4 cup olive oil $ 2 tablespoons balsamic vinegar $ 1 tablespoon chopped fresh thyme $ 1 tablespoon chopped fresh rosemary $ 2 1/2 cups water $ 1 teaspoon salt $ 1 10-ounce box couscous $ 1 cup pitted brine-cured black olives (such as Kalamata), halved $ 6 tablespoons fresh lemon juice $ 3 tablespoons drained capers $ 3 tablespoons thinly sliced fresh basil $ ",Salad $ Garlic $ Olive $ Side $ Roast $ Vegetarian $ Basil $ Leek $ Eggplant $ Bell Pepper $ Zucchini $ Chill $ Vegan $ Couscous $ Capers $ Boil $ Bon Appétit $ Pescatarian $ Dairy Free $ Peanut Free $ Tree Nut Free $ Soy Free $ No Sugar Added $ Kosher $ ,Mediterranean $ ,3.5/4,43,Salad $ Garlic $ Olive $ Side $ Roast $ Vegetarian $ Basil $ Leek $ Eggplant $ Bell Pepper $ Zucchini $ Chill $ Vegan $ Couscous $ Capers $ Boil $ Bon Appétit $ Pescatarian $ Dairy Free $ Peanut Free $ Tree Nut Free $ Soy Free $ No Sugar Added $ Kosher $ Mediterranean $ 
https://www.epicurious.com/recipes/food/views/mediterranean-tuna-and-radish-salad-15121,Mediterranean Tuna and Radish Salad ,"2 tablespoons lemon juice $ 3 tablespoons extra-virgin olive oil $ 1/4 teaspoon salt, or to taste $ 1 pound radishes, thinly sliced $ 2 tablespoons chopped fresh parsley leaves $ 3 scallions, white and green parts, chopped $ 6 kalamata or other large black olives, pitted and coarsely chopped $ 2 6-ounce cans tuna (preferably imported and packed in olive oil), drained $ 1 medium head romaine lettuce, washed, dried, and torn into bite-size pieces $ ",Salad $ Olive $ No-Cook $ Vegetarian $ Quick & Easy $ Tuna $ Radish $ Spring $ Lettuce $ ,Mediterranean $ ,3.5/4,16,Salad $ Olive $ No-Cook $ Vegetarian $ Quick & Easy $ Tuna $ Radish $ Spring $ Lettuce $ Mediterranean $ 
https://www.epicurious.com/recipes/food/views/sicilian-drowned-broccoli-376,"Sicilian ""drowned"" Broccoli ","2 pounds broccoli $ 1/2 cup olive oil $ 2 large white onions, thinly sliced $ 6 tablespoons chopped fresh parsley $ 4 ounces caciocavallo or sharp provolone cheese (about 3/4 cup), finely diced $ 16 brine-cured black olives (such as Kalamata), pitted, coarsely chopped $ 10 anchovy fillets, chopped $ 3/4 cup dry red wine $ ",Cheese $ Onion $ Vegetable $ Side $ Sauté $ High Fiber $ Broccoli $ Healthy $ Bon Appétit $ Pescatarian $ Wheat/Gluten-Free $ Peanut Free $ Tree Nut Free $ Soy Free $ Kosher $ ,Italian $ Mediterranean $ ,2.5/4,13,Cheese $ Onion $ Vegetable $ Side $ Sauté $ High Fiber $ Broccoli $ Healthy $ Bon Appétit $ Pescatarian $ Wheat/Gluten-Free $ Peanut Free $ Tree Nut Free $ Soy Free $ Kosher $ Italian $ Mediterranean $ 
https://www.epicurious.com/recipes/food/views/lemon-oregano-chicken-371,Lemon-Oregano Chicken ,1 large lemon $ 3 tablespoons chopped fresh parsley $ 1 1/2 teaspoons dried oregano $ 1/2 teaspoon ground pepper $ 2 large garlic cloves $ 1/2 teaspoon salt $ 2 chicken breast halves with skin and bones $ 1 tablespoon olive oil $ 1/2 cup plain yogurt $ ,Chicken $ Herb $ Poultry $ Broil $ Quick & Easy $ Yogurt $ Wheat/Gluten-Free $ Lemon $ Grill $ Grill/Barbecue $ Healthy $ Bon Appétit $ ,Greek $ Mediterranean $ ,3.5/4,34,Chicken $ Herb $ Poultry $ Broil $ Quick & Easy $ Yogurt $ Wheat/Gluten-Free $ Lemon $ Grill $ Grill/Barbecue $ Healthy $ Bon Appétit $ Greek $ Mediterranean $ 
https://www.epicurious.com/recipes/food/views/moroccan-fish-tagine-with-peppers-and-olives-339,Moroccan Fish Tagine with Peppers and Olives ,"1/2 cup vegetable oil $ 1/4 cup chopped fresh Italian parsley $ 3 large garlic cloves, chopped $ 3 tablespoons chopped fresh cilantro $ 1 tablespoon Hungarian sweet paprika $ 2 teaspoons ground turmeric $ 1/8 teaspoon crushed saffron threads $ 4 6-ounce white fish fillets (such as halibut or orange roughy) $ 1 pound carrots, peeled, thinly sliced $ 1 1/2 pounds tomatoes, thinly sliced $ 1 large onion, thinly sliced $ 1 lemon, thinly sliced $ 1 teaspoon salt $ 3/4 teaspoon ground pepper $ 1 medium-size red bell pepper, seeded, cut into 1/4-inch-wide strips $ 24 brine-cured olives (such as Kalamata) $ Additional Chopped fresh Italian parsley $ ",Fish $ Herb $ Olive $ Tomato $ Bake $ Marinate $ Spice $ Saffron $ Bell Pepper $ Spring $ Healthy $ Bon Appétit $ ,Mediterranean $ Moroccan $ ,3.5/4,36,Fish $ Herb $ Olive $ Tomato $ Bake $ Marinate $ Spice $ Saffron $ Bell Pepper $ Spring $ Healthy $ Bon Appétit $ Mediterranean $ Moroccan $ 
https://www.epicurious.com/recipes/food/views/turkish-poached-eggs-with-yogurt-and-spicy-sage-butter-352,Turkish Poached Eggs with Yogurt and Spicy Sage Butter ,"1 cup plain yogurt $ 2 large garlic cloves, pressed $ 1/4 cup (1/2 stick) unsalted butter $ 12 fresh sage leaves $ 1/2 teaspoon paprika $ 1/4 teaspoon dried crushed red pepper $ 1 tablespoon distilled white vinegar $ 8 eggs $ Warm pita bread $ ",Dairy $ Egg $ Herb $ Appetizer $ Brunch $ Poach $ Vegetarian $ Yogurt $ Ramadan $ Lunch $ Hot Pepper $ Spring $ Sage $ Bon Appétit $ Sugar Conscious $ Pescatarian $ Peanut Free $ Tree Nut Free $ Soy Free $ No Sugar Added $ Kosher $ ,Mediterranean $ Middle Eastern $ ,3.5/4,12,Dairy $ Egg $ Herb $ Appetizer $ Brunch $ Poach $ Vegetarian $ Yogurt $ Ramadan $ Lunch $ Hot Pepper $ Spring $ Sage $ Bon Appétit $ Sugar Conscious $ Pescatarian $ Peanut Free $ Tree Nut Free $ Soy Free $ No Sugar Added $ Kosher $ Mediterranean $ Middle Eastern $ 
https://www.epicurious.com/recipes/food/views/cabbage-with-prosciutto-375,Cabbage with Prosciutto ,"2 tablespoons olive oil $ 1 medium onion, chopped $ 2 pounds green cabbage, halved, cored, very thinly sliced $ 2 ounces thinly sliced prosciutto, cut into thin strips $ ",Vegetable $ Side $ Sauté $ Quick & Easy $ Spring $ Prosciutto $ Bon Appétit $ Paleo $ Dairy Free $ Wheat/Gluten-Free $ Peanut Free $ Tree Nut Free $ Soy Free $ No Sugar Added $ ,Italian $ Mediterranean $ ,3/4,13,Vegetable $ Side $ Sauté $ Quick & Easy $ Spring $ Prosciutto $ Bon Appétit $ Paleo $ Dairy Free $ Wheat/Gluten-Free $ Peanut Free $ Tree Nut Free $ Soy Free $ No Sugar Added $ Italian $ Mediterranean $ 
https://www.epicurious.com/recipes/food/views/baked-whitefish-with-tomatoes-and-garlic-336,Baked Whitefish with Tomatoes and Garlic ,"1 large bunch cilantro, chopped $ 3 large garlic cloves, chopped $ 3 tomatoes, sliced $ 4 5-to 6-ounce whitefish or sea bass fillets $ 1/4 cup olive oil $ 1 tablespoon paprika $ 1 teaspoon instant chicken bouillon granules $ 1/2 teaspoon ground cumin $ 1/2 teaspoon ground turmeric $ 1/2 teaspoon ground pepper $ 3 cups (about) water $ ",Fish $ Garlic $ Herb $ Tomato $ Bake $ Quick & Easy $ Bass $ Spice $ Bon Appétit $ ,Mediterranean $ ,3/4,24,Fish $ Garlic $ Herb $ Tomato $ Bake $ Quick & Easy $ Bass $ Spice $ Bon Appétit $ Mediterranean $ 
