link,name,ingredients,recipe_category,recipe_cuisine,rating,rating_count,keywords
https://www.epicurious.com/recipes/food/views/vegetable-green-curry-102573,Vegetable Green Curry ,"2 red bell peppers, cut into 1/4-inch-thick strips $ 1 medium onion, thinly sliced $ 1 tablespoon vegetable oil $ 1 tablespoon minced garlic $ 1 to 1 1/2 tablespoons Thai green curry paste $ 2 medium sweet potatoes (1 lb), peeled, halved lengthwise, and cut crosswise into 1/4-inch-thick half-moons $ 1 (14-oz) can unsweetened coconut milk $ 1/2 cup water $ 1/2 lb snow peas $ 1 tablespoon chopped fresh cilantro $ ",Sauté $ Vegetarian $ Quick & Easy $ Dinner $ Coconut $ Curry $ Sweet Potato/Yam $ Fall $ Gourmet $ Vegan $ Pescatarian $ Dairy Free $ Wheat/Gluten-Free $ Peanut Free $ Tree Nut Free $ Soy Free $ No Sugar Added $ Kosher $ ,Indian $ Thai $ ,3/4,25,Sauté $ Vegetarian $ Quick & Easy $ Dinner $ Coconut $ Curry $ Sweet Potato/Yam $ Fall $ Gourmet $ Vegan $ Pescatarian $ Dairy Free $ Wheat/Gluten-Free $ Peanut Free $ Tree Nut Free $ Soy Free $ No Sugar Added $ Kosher $ Indian $ Thai $ 
https://www.epicurious.com/recipes/food/views/thai-curry-penne-with-ginger-tomato-chutney-101031,Thai Curry Penne with Ginger-Tomato Chutney ,"2 tablespoons butter $ 1 cup chopped onion $ 1 large Granny Smith apple, peeled, cored, cut into 1/2-inch pieces $ 3 garlic cloves, minced $ 2 teaspoons curry powder $ 1/2 cup dry Marsala $ 1 cup chicken stock or canned low-salt chicken broth $ 2 teaspoons fish sauce* $ 1 teaspoon Thai red curry paste* $ 1 1/2 cups canned unsweetened coconut milk* $ 1/2 pound penne pasta $ 1/2 pound crabmeat, flaked $ 3 tablespoons chopped fresh basil $ Ginger-Tomato Chutney $ *Available at Asian markets and in the Asian foods section of many supermarkets. $ ",Ginger $ Pasta $ Tomato $ Appetizer $ Crab $ Bon Appétit $ Peanut Free $ Tree Nut Free $ Soy Free $ ,Thai $ ,3.5/4,43,Ginger $ Pasta $ Tomato $ Appetizer $ Crab $ Bon Appétit $ Peanut Free $ Tree Nut Free $ Soy Free $ Thai $ 
https://www.epicurious.com/recipes/food/views/linguine-with-shrimp-and-scallops-in-thai-green-curry-sauce-104390,Linguine with Shrimp and Scallops in Thai Green Curry Sauce ,"2 1/2 tablespoons vegetable oil $ 1 (4-inch-long) fresh hot red chile, thinly sliced crosswise $ 3 scallions, white and green parts thinly sliced separately $ 1 lb sea scallops, tough muscle removed from side of each if necessary $ 3/4 lb large shrimp, shelled and deveined $ 1 (14-oz) can unsweetened coconut milk $ 1 tablespoon Thai green curry paste $ 1/4 cup chicken broth or water $ 1 tablespoon packed light brown sugar $ 1 1/2 tablespoons Asian fish sauce $ 1 tablespoon fresh lime juice $ 12 oz dried thin linguine $ 1/2 cup chopped fresh cilantro $ ",Pasta $ Quick & Easy $ Seafood $ Scallop $ Shrimp $ Curry $ Hot Pepper $ Noodle $ Cilantro $ Gourmet $ ,Thai $ Southeast Asian $ ,3.5/4,169,Pasta $ Quick & Easy $ Seafood $ Scallop $ Shrimp $ Curry $ Hot Pepper $ Noodle $ Cilantro $ Gourmet $ Thai $ Southeast Asian $ 
https://www.epicurious.com/recipes/food/views/green-papaya-salad-102259,Green Papaya Salad ,"1 (1- to 1 1/4-pound) green papaya $ 1 large tomato, chopped $ 2 ounce Asian-style beef jerky (optional), cut into fine julienne $ 2 large garlic cloves, minced $ 1 to 3 small (1-inch) fresh Asian chiles such as bird or Thai, minced $ 1 tablespoon minced peeled galangal or fresh ginger $ 4 1/2 tablespoons fresh lime juice $ 1 1/2 tablespoons Asian fish sauce $ 1 1/2 tablespoons sugar $ Accompaniment: soft-leaf lettuce $ ",Salad $ Fruit $ Vegetable $ Appetizer $ Side $ No-Cook $ Quick & Easy $ Papaya $ Spring $ Summer $ Healthy $ Gourmet $ Dairy Free $ Wheat/Gluten-Free $ Peanut Free $ Tree Nut Free $ Soy Free $ ,Asian $ Thai $ ,3/4,8,Salad $ Fruit $ Vegetable $ Appetizer $ Side $ No-Cook $ Quick & Easy $ Papaya $ Spring $ Summer $ Healthy $ Gourmet $ Dairy Free $ Wheat/Gluten-Free $ Peanut Free $ Tree Nut Free $ Soy Free $ Asian $ Thai $ 
https://www.epicurious.com/recipes/food/views/coconut-curry-sauce-100767,Coconut-Curry Sauce ,1/2 cup mirin* $ 1/4 cup chopped fresh lemongrass** $ 1 tablespoon chopped peeled fresh ginger $ 1/4 cup dry white wine $ 2 cups whipping cream $ 3/4 cup canned unsweetened coconut milk* $ 2 teaspoons Thai green or red curry paste* $ *Available at Asian markets and in the Asian foods section of some supermarkets. $ **Fresh lemongrass can be found in the produce section (not Asian foods section) of some supermarkets. $ ,Sauce $ Milk/Cream $ Wine $ Dairy $ Ginger $ Vegetarian $ Curry $ White Wine $ Summer $ Boil $ Bon Appétit $ ,Asian $ Thai $ ,3.5/4,16,Sauce $ Milk/Cream $ Wine $ Dairy $ Ginger $ Vegetarian $ Curry $ White Wine $ Summer $ Boil $ Bon Appétit $ Asian $ Thai $ 
https://www.epicurious.com/recipes/food/views/thai-shrimp-curry-477,Thai Shrimp Curry ,"1/2 cup chopped onion $ 3 large shallots, chopped $ 3 tablespoons chopped lemongrass* (from bottom 3 inches of about 5 peeled stalks) $ 3 tablespoons chopped cilantro stems $ 3 tablespoons chopped peeled fresh ginger $ 1 tablespoon turmeric $ 2 teaspoons ground cumin $ 1 teaspoon dried crushed red pepper $ 2 cups canned unsweetened coconut milk** $ 2 8-ounce bottles clam juice $ 2 tablespoons vegetable oil $ 2 pounds large uncooked shrimp, peeled, deveined $ 1 head bok choy (about 1 1/2 pounds), white part cut crosswise into 1/4-inch-thick slices, dark green part cut crosswise into 1-inch-wide slices $ 1 pound snow peas, stringed $ 2 3.5-ounce packages enoki mushrooms, trimmed $ fresh basil $ Cooked rice $ *Chopped lemon grass is available at Southeast Asian markets and in the produce section of some markets. $ **Canned unsweetened coconut milk available at Indian, Southeast Asian or Latin American markets and many supermarkets nationwide. $ ",Food Processor $ Ginger $ Shrimp $ Curry $ Bok Choy $ Bon Appétit $ ,Asian $ Thai $ ,2.5/4,18,Food Processor $ Ginger $ Shrimp $ Curry $ Bok Choy $ Bon Appétit $ Asian $ Thai $ 
https://www.epicurious.com/recipes/food/views/thai-spiced-pork-tenderloin-with-orange-curry-sauce-1671,Thai-Spiced Pork Tenderloin with Orange Curry Sauce ,"3 cups orange juice $ 1 carrot, chopped $ 2 tablespoons chopped fresh cilantro $ 2 tablespoons grated peeled fresh ginger $ 2 large garlic cloves, sliced $ 1 jalapeño chili, seeded, minced $ 1 tablespoon ground cumin $ 1 tablespoon Thai red curry base $ 1/2 cup molasses $ 1/2 cup reduced-sodium soy sauce $ 1/4 cup Thai red curry base $ 1 tablespoon grated peeled fresh ginger $ 1 1/2 pounds pork tenderloin, trimmed $ 1 tablespoon vegetable oil $ 6 tablespoons (3/4 stick) chilled butter, cut into pieces $ ",Ginger $ Marinate $ Roast $ Sauté $ Orange $ Pork Tenderloin $ Curry $ Bon Appétit $ ,Thai $ ,3.5/4,151,Ginger $ Marinate $ Roast $ Sauté $ Orange $ Pork Tenderloin $ Curry $ Bon Appétit $ Thai $ 
https://www.epicurious.com/recipes/food/views/spiced-shrimp-soup-12061,Spiced Shrimp Soup ,"1 pound (about 26) medium shrimp (preferably with heads) $ 4 stalks fresh lemongrass, outer leaves discarded and root ends trimmed $ 6 cups water $ 1/4 cup finely chopped well-washed coriander roots and/or stems $ 1/2 teaspoon salt, or to taste $ 1/2 teaspoon freshly ground black pepper $ a 1-inch cube peeled fresh gingerroot, cut into fine julienne strips $ 1/4 cup Asian fish sauce (preferably naam pla) $ 1/4 cup fresh lime juice $ 1 small fresh red or green Thai chili or serrano chili, or to taste,  seeded and sliced very thin (wear rubber gloves) $ fresh coriander leaves, thinly sliced kaffir lime leaves, and small fresh  red Thai chilies for garnish if desired $ ",Soup/Stew $ Citrus $ Herb $ Shellfish $ Shrimp $ Hot Pepper $ Gourmet $ ,Asian $ Thai $ ,3/4,6,Soup/Stew $ Citrus $ Herb $ Shellfish $ Shrimp $ Hot Pepper $ Gourmet $ Asian $ Thai $ 
https://www.epicurious.com/recipes/food/views/thai-style-tomato-and-shrimp-salad-108396,Thai-Style Tomato and Shrimp Salad ,"1 lb large shrimp in shell (21 to 25 per lb), peeled $ 2 limes $ 3 small fresh lemongrass stalks, 1 or 2 outer leaves discarded * $ 2 tablespoons fresh lime juice $ 1/4 cup finely chopped red bell pepper $ 3 scallions, sliced crosswise 1/4 inch thick $ 2 (3-inch) fresh green chiles such as Thai or serrano, minced (including seeds) $ 3 to 4 teaspoons Asian fish sauce $ 1 tablespoon sugar $ 1/2 teaspoon salt $ 2 lb beefsteak tomatoes, cut into 1-inch wedges $ 3/4 lb cucumbers, peeled and cut into 1-inch pieces $ 1/2 cup loosely packed fresh Thai anise basil leaves $ 1/2 cup loosely packed fresh Thai lemon basil leaves $ 1/2 cup loosely packed fresh cilantro leaves $ ",Salad $ Shellfish $ Tomato $ Lime $ Basil $ Shrimp $ Bell Pepper $ Hot Pepper $ Summer $ Lemongrass $ Gourmet $ ,Asian $ Thai $ ,3.5/4,7,Salad $ Shellfish $ Tomato $ Lime $ Basil $ Shrimp $ Bell Pepper $ Hot Pepper $ Summer $ Lemongrass $ Gourmet $ Asian $ Thai $ 
https://www.epicurious.com/recipes/food/views/thai-cucumber-salad-with-roasted-peanuts-105345,Thai Cucumber Salad with Roasted Peanuts ,"1/4 cup fresh lime juice $ 1 1/2 tablespoons fish sauce (nam pla)* $ 1 1/2 tablespoons sugar $ 1 1/2 tablespoons minced seeded jalapeño chili (about 1 large) $ 2 garlic cloves, minced $ 1 1/2 English hothouse cucumbers, halved, seeded, thinly sliced $ 3/4 cup sliced red onion $ 3 tablespoons chopped fresh mint $ 3 tablespoons coarsely chopped lightly salted roasted peanuts $ ",Salad $ Vegetable $ Side $ No-Cook $ Lime $ Mint $ Peanut $ Cucumber $ Summer $ Jalapeño $ Bon Appétit $ Kidney Friendly $ Pescatarian $ Dairy Free $ Wheat/Gluten-Free $ Tree Nut Free $ Soy Free $ ,Thai $ ,3.5/4,101,Salad $ Vegetable $ Side $ No-Cook $ Lime $ Mint $ Peanut $ Cucumber $ Summer $ Jalapeño $ Bon Appétit $ Kidney Friendly $ Pescatarian $ Dairy Free $ Wheat/Gluten-Free $ Tree Nut Free $ Soy Free $ Thai $ 
https://www.epicurious.com/recipes/food/views/thai-red-curry-paste-109465,Thai Red Curry Paste ,"17 to 20 (2- to 3-inch-long) prik haeng (dried hot red chiles), halved and seeds discarded $ 4 teaspoons coriander seeds $ 2 fresh lemongrass stalks, 1 or 2 outer leaves discarded (or use reserved bottoms from iced lemongrass tea, page 160) $ 1 teaspoon whole black peppercorns $ 4 teaspoons finely chopped peeled fresh or thawed frozen greater galangal (sometimes called kha) $ 6 (4-inch-long) fresh or frozen Kaffir lime leaves (sometimes called bai makroot), finely chopped $ 2 tablespoons chopped fresh cilantro roots or stems $ 5 small shallots, chopped (6 tablespoons) $ 1/4 cup chopped garlic $ 15 to 20 (1-inch-long) red prik kii noo (fresh bird's-eye chiles) or serrano chiles, finely chopped $ 2 teaspoons ga-pi (Thai shrimp paste) $ 1/2 teaspoon salt $ a large (2-cup) mortar and pestle (preferably granite) or a mini food processor $ ",Condiment/Spread $ Sauce $ Garlic $ Pepper $ Hot Pepper $ Shallot $ Lemongrass $ Cilantro $ Coriander $ Gourmet $ ,Thai $ ,4/4,7,Condiment/Spread $ Sauce $ Garlic $ Pepper $ Hot Pepper $ Shallot $ Lemongrass $ Cilantro $ Coriander $ Gourmet $ Thai $ 
https://www.epicurious.com/recipes/food/views/curried-beef-and-and-sugar-snap-peas-over-rice-noodles-103311,Curried Beef and and Sugar Snap Peas Over Rice Noodles ,"1/2 lb beef fillet or boneless sirloin steak $ 2 shallots, chopped $ 2 tablespoons chopped drained bottled lemongrass $ 1 garlic clove, smashed $ 1 tablespoon chopped peeled fresh ginger $ 1 1/2 teaspoons salt $ 1 teaspoon Thai red curry paste $ 1 pinch sugar $ 4 oz dried rice vermicelli (rice stick noodles) $ 2 tablespoons vegetable oil $ 6 oz sugar snap peas, trimmed and halved crosswise $ 1 cup well-stirred canned unsweetened coconut milk $ 2 tablespoons finely chopped fresh cilantro $ ",Ginger $ Pasta $ Stir-Fry $ Coconut $ Steak $ Curry $ Spring $ Sugar Snap Pea $ Gourmet $ ,Thai $ ,2.5/4,14,Ginger $ Pasta $ Stir-Fry $ Coconut $ Steak $ Curry $ Spring $ Sugar Snap Pea $ Gourmet $ Thai $ 
https://www.epicurious.com/recipes/food/views/tangy-eggplant-long-beans-and-cherry-tomatoes-with-roasted-peanuts-101787,"Tangy Eggplant, Long Beans, and Cherry Tomatoes with Roasted Peanuts ",1 1/2 tablespoons Asian fish sauce (preferably naam pla) $ 4 teaspoons sugar $ 2 teaspoons fresh lime juice $ 1/2 pound long thin Asian eggplants (about 2) $ 1/2 teaspoon vegetable oil $ 1/2 pound long beans or other green beans $ 10 cherry tomatoes $ 2 tablespoons fresh cilantro leaves $ 1 tablespoon roasted peanuts $ ,Tomato $ Side $ Broil $ Low Fat $ Quick & Easy $ Dinner $ Peanut $ Eggplant $ Green Bean $ Gourmet $ ,Thai $ ,3/4,34,Tomato $ Side $ Broil $ Low Fat $ Quick & Easy $ Dinner $ Peanut $ Eggplant $ Green Bean $ Gourmet $ Thai $ 
https://www.epicurious.com/recipes/food/views/mango-chutney-14082,Mango Chutney ,"3 unripe mangoes (about 3 pounds total) $ 1/2 cup distilled vinegar $ 1/3 cup sugar plus additional to taste if mango is very sour $ 1 1/2 teaspoons salt, or to taste $ 1/4 cup raisins $ a 1-inch piece fresh gingerroot, peeled $ 2 fresh Thai (bird) chilies or 1 fresh jalapeño chili $ 5 garlic cloves $ 1 teaspoon ground cumin $ 1 teaspoon ground coriander seeds $ 1/2 teaspoon ground turmeric $ 3-inch piece cinnamon stick $ 2 star anise $ 2 tablespoons corn or safflower oil $ ",Condiment/Spread $ Ginger $ Herb $ Vegetarian $ Quick & Easy $ Raisin $ Mango $ Anise $ Cinnamon $ Gourmet $ ,Thai $ ,3/4,8,Condiment/Spread $ Ginger $ Herb $ Vegetarian $ Quick & Easy $ Raisin $ Mango $ Anise $ Cinnamon $ Gourmet $ Thai $ 
https://www.epicurious.com/recipes/food/views/mussels-with-thai-red-curry-4693,Mussels with Thai Red Curry ,"1/4 cup (1/2 stick) butter $ 5 plum tomatoes, seeded, chopped $ 2 tablespoons minced garlic $ 1 tablespoon chopped peeled fresh ginger $ 2 14-ounce cans unsweetened coconut milk $ 1 tablespoon (or more to taste) Thai red curry paste $ 1/4 cup plus 3 tablespoons chopped fresh cilantro $ 1 teaspoon salt $ 3 pounds mussels, scrubbed, debearded $ ",Fruit $ Garlic $ Ginger $ Herb $ Shellfish $ Tomato $ Appetizer $ Quick & Easy $ Dinner $ Coconut $ Seafood $ Mussel $ Curry $ Fall $ Cilantro $ Bon Appétit $ Sugar Conscious $ Pescatarian $ Wheat/Gluten-Free $ Peanut Free $ Tree Nut Free $ Soy Free $ No Sugar Added $ ,Asian $ Thai $ Southeast Asian $ ,4/4,72,Fruit $ Garlic $ Ginger $ Herb $ Shellfish $ Tomato $ Appetizer $ Quick & Easy $ Dinner $ Coconut $ Seafood $ Mussel $ Curry $ Fall $ Cilantro $ Bon Appétit $ Sugar Conscious $ Pescatarian $ Wheat/Gluten-Free $ Peanut Free $ Tree Nut Free $ Soy Free $ No Sugar Added $ Asian $ Thai $ Southeast Asian $ 
https://www.epicurious.com/recipes/food/views/minted-eggplant-rounds-12064,Minted Eggplant Rounds ,"6 Asian (long, thin) eggplants (about 2 pounds) $ vegetable oil for brushing eggplant $ 1/3 cup fresh lime juice $ 1/3 cup Asian fish sauce (preferably naam pla) $ 2 tablespoons sugar $ 4 large garlic cloves, minced $ 1/4 cup finely chopped fresh mint leaves $ ",Garlic $ Herb $ Vegetable $ Side $ Broil $ Quick & Easy $ Lime $ Mint $ Eggplant $ Summer $ Gourmet $ Fat Free $ Pescatarian $ Dairy Free $ Wheat/Gluten-Free $ Peanut Free $ Tree Nut Free $ Soy Free $ ,Asian $ Thai $ Southeast Asian $ ,3/4,8,Garlic $ Herb $ Vegetable $ Side $ Broil $ Quick & Easy $ Lime $ Mint $ Eggplant $ Summer $ Gourmet $ Fat Free $ Pescatarian $ Dairy Free $ Wheat/Gluten-Free $ Peanut Free $ Tree Nut Free $ Soy Free $ Asian $ Thai $ Southeast Asian $ 
https://www.epicurious.com/recipes/food/views/chicken-with-coconut-curry-sauce-1203,Chicken with Coconut Curry Sauce ,"2 skinless boneless chicken breast halves $ 2 teaspoons vegetable oil $ 1 large green onion, chopped $ 2 teaspoons curry paste (such as Thai Red Curry Base) $ 1/3 cup canned low-salt chicken broth $ 1/2 cup canned unsweetened coconut milk $ 1 tablespoon fresh lime juice $ ",Chicken $ Herb $ Poultry $ Sauté $ Stir-Fry $ Quick & Easy $ Coconut $ Curry $ Bon Appétit $ ,Asian $ Thai $ ,3/4,64,Chicken $ Herb $ Poultry $ Sauté $ Stir-Fry $ Quick & Easy $ Coconut $ Curry $ Bon Appétit $ Asian $ Thai $ 
https://www.epicurious.com/recipes/food/views/cucumber-carrot-salad-12065,Cucumber Carrot Salad ,"1 garlic clove, minced and mashed to a paste $ 2 tablespoons fresh lime juice $ 1 1/2 tablespoons Asian fish sauce (preferably naam pla) $ 1 tablespoon sugar $ 1 fresh Thai or serrano chili, or to taste, seeded and minced (wear rubber gloves) $ 2 seedless cucumbers, quartered lengthwise, seeded, and cored $ 1 carrot, shredded coarse $ soft-leafed lettuce for serving $ ",Salad $ Leafy Green $ Vegetable $ Side $ No-Cook $ Quick & Easy $ Cucumber $ Hot Pepper $ Carrot $ Summer $ Gourmet $ Fat Free $ Kidney Friendly $ Pescatarian $ Dairy Free $ Wheat/Gluten-Free $ Peanut Free $ Tree Nut Free $ Soy Free $ ,Asian $ Thai $ Southeast Asian $ ,3/4,6,Salad $ Leafy Green $ Vegetable $ Side $ No-Cook $ Quick & Easy $ Cucumber $ Hot Pepper $ Carrot $ Summer $ Gourmet $ Fat Free $ Kidney Friendly $ Pescatarian $ Dairy Free $ Wheat/Gluten-Free $ Peanut Free $ Tree Nut Free $ Soy Free $ Asian $ Thai $ Southeast Asian $ 
https://www.epicurious.com/recipes/food/views/sticky-rice-102261,Sticky Rice ,2 cups Thai glutinous rice $ ,Rice $ Side $ Steam $ Fall $ Gourmet $ Sugar Conscious $ Low Sugar $ Kidney Friendly $ Vegan $ Vegetarian $ Pescatarian $ Dairy Free $ Wheat/Gluten-Free $ Peanut Free $ Tree Nut Free $ Soy Free $ No Sugar Added $ Kosher $ ,Asian $ Thai $ ,3/4,9,Rice $ Side $ Steam $ Fall $ Gourmet $ Sugar Conscious $ Low Sugar $ Kidney Friendly $ Vegan $ Vegetarian $ Pescatarian $ Dairy Free $ Wheat/Gluten-Free $ Peanut Free $ Tree Nut Free $ Soy Free $ No Sugar Added $ Kosher $ Asian $ Thai $ 
https://www.epicurious.com/recipes/food/views/spicy-thai-steamed-mussels-101999,Spicy Thai Steamed Mussels ,5 pounds mussels (preferably cultivated) $ 3 limes $ a 13 1/2-ounce can unsweetened coconut milk $ 1/3 cup dry white wine $ 1 1/2 tablespoons Thai red curry paste $ 1 1/2 tablespoons minced garlic $ 1 tablespoon Asian fish sauce $ 1 tablespoon sugar $ 2 cups fresh cilantro sprigs $ Accompaniment: lime wedges $ ,Garlic $ Appetizer $ Quick & Easy $ Lime $ Mussel $ Summer $ Cilantro $ Gourmet $ ,Thai $ ,3.5/4,95,Garlic $ Appetizer $ Quick & Easy $ Lime $ Mussel $ Summer $ Cilantro $ Gourmet $ Thai $ 
https://www.epicurious.com/recipes/food/views/roast-marinated-cornish-hens-12062,Roast Marinated Cornish Hens ,"4 stalks fresh lemongrass, outer leaves discarded and root ends  trimmed $ 2/3 cup chopped well-washed coriander roots and/or stems $ 1/2 cup chopped shallot $ 8 large garlic cloves $ 1/4 cup chopped peeled fresh gingerroot $ 1/4 cup palm sugar or firmly packed brown sugar $ 2 tablespoons curry powder $ 2 teaspoons freshly ground black pepper $ 1/4 teaspoon salt $ 1/4 cup Asian fish sauce (preferably naam pla) $ 2 cups well-stirred canned unsweetened coconut milk $ three 1 1/4- to 1 1/2-pound Cornish hens, butterflied (backbone and  breastbone removed) $ Sweet Chili Sauce $ ",Food Processor $ Chicken $ Garlic $ Ginger $ Herb $ Poultry $ Marinate $ Roast $ Dinner $ Coconut $ Curry $ Gourmet $ Dairy Free $ Wheat/Gluten-Free $ Peanut Free $ Tree Nut Free $ Soy Free $ ,Asian $ Thai $ ,3/4,5,Food Processor $ Chicken $ Garlic $ Ginger $ Herb $ Poultry $ Marinate $ Roast $ Dinner $ Coconut $ Curry $ Gourmet $ Dairy Free $ Wheat/Gluten-Free $ Peanut Free $ Tree Nut Free $ Soy Free $ Asian $ Thai $ 
https://www.epicurious.com/recipes/food/views/thai-red-curry-soup-with-chicken-and-vegetables-4260,Thai Red Curry Soup with Chicken and Vegetables ,"2 tablespoons corn oil $ 1 tablespoon Thai red curry paste $ 12 ounces skinless boneless chicken breast halves, cut crosswise into 1/2-inch-wide strips $ 4 ounces green beans, cut into 1-inch lengths $ 2 small Japanese eggplants, cut into 1-inch pieces $ 3 cups canned low-salt chicken broth $ 3 cups canned unsweetened coconut milk $ 1 tablespoon fish sauce (nam pla) $ 1/4 cup chopped fresh basil $ ",Soup/Stew $ Chicken $ Coconut $ Basil $ Curry $ Eggplant $ Green Bean $ Simmer $ Boil $ Bon Appétit $ ,Thai $ ,3.5/4,62,Soup/Stew $ Chicken $ Coconut $ Basil $ Curry $ Eggplant $ Green Bean $ Simmer $ Boil $ Bon Appétit $ Thai $ 
https://www.epicurious.com/recipes/food/views/thai-style-broiled-chicken-wings-with-hot-and-sour-sauce-11553,Thai-Style Broiled Chicken Wings with Hot-and-Sour Sauce ,"2 pounds chicken wings (about 10) $ 2 garlic cloves, minced and mashed to a paste with 1 teaspoon salt $ 1 teaspoon salt $ 1 tablespoon vegetable oil $ 1 teaspoon dried hot red pepper flakes $ 1/3 cup light corn syrup $ 1/2 cup distilled white vinegar $ ",Chicken $ Broil $ Marinate $ Super Bowl $ Gourmet $ ,Thai $ ,4/4,14,Chicken $ Broil $ Marinate $ Super Bowl $ Gourmet $ Thai $ 
https://www.epicurious.com/recipes/food/views/mango-curry-shrimp-salad-in-wonton-cups-105651,Mango-Curry Shrimp Salad in Wonton Cups ,"12 wonton wrappers (from one 12-ounce package), each cut into 4 squares $ Vegetable oil $ 1/2 cup mayonnaise $ 2 tablespoons chopped fresh cilantro $ 5 teaspoons fresh lime juice $ 2 teaspoons mango chutney $ 3/4 teaspoon Thai green curry paste* $ 12 ounces peeled cooked medium shrimp, coarsely chopped $ Fresh cilantro leaves $ ",Bake $ Cocktail Party $ Mayonnaise $ Shrimp $ Jam or Jelly $ Bon Appétit $ ,Thai $ ,3.5/4,120,Bake $ Cocktail Party $ Mayonnaise $ Shrimp $ Jam or Jelly $ Bon Appétit $ Thai $ 
https://www.epicurious.com/recipes/food/views/purslane-meyer-lemon-and-pear-salad-with-kaffir-lime-vinaigrette-108659,"Purslane, Meyer Lemon, and Pear Salad with Kaffir Lime Vinaigrette ","1 lemon $ 1 stalk fresh lemongrass, 1 or 2 tough outer leaves discarded and root end trimmed $ 3/4 cup chicken stock or broth $ 1 small (1 1/2- to 2-inch) dried chile (preferably Thai) $ 6 (2- by 1 1/4-inch) fresh or frozen kaffir lime leaves $ 1/4 cup olive oil $ 1 1/2 teaspoons cornstarch dissolved in 1 teaspoon water $ 1 teaspoon minced fresh oregano $ 1 teaspoon minced fresh chervil $ 1 teaspoon minced fresh flat-leaf parsley $ 1 Meyer lemon $ 6 firm-ripe small Seckel pears (3/4 pound total) $ 6 radishes, trimmed $ 3/4 pound purslane, coarse stems discarded $ 1 1/2 tablespoons olive oil $ 1 tablespoon fresh lemon juice $ Fleur de sel to taste $ Accompaniment: jasmine rice crackers $ a Japanese Benriner or other adjustable-blade slicer $ ",Salad $ Fruit $ Leafy Green $ No-Cook $ Lemon $ Pear $ Radish $ Summer $ Lemongrass $ Gourmet $ ,American $ Thai $ ,3.5/4,4,Salad $ Fruit $ Leafy Green $ No-Cook $ Lemon $ Pear $ Radish $ Summer $ Lemongrass $ Gourmet $ American $ Thai $ 
https://www.epicurious.com/recipes/food/views/thai-spices-shrimp-salad-with-asian-greens-and-pesto-dressing-4268,Thai Spices Shrimp Salad with Asian Greens and Pesto Dressing ,"3/4 cup (packed) coarsely chopped fresh basil $ 1/3 cup macadamia nuts, toasted $ 4 1/2 tablespoons balsamic vinegar $ 1/2 cup plus 1 tablespoon olive oil (preferably extra-virgin) $ 1 cup canned unsweetened coconut milk $ 1 tablespoon Thai red curry paste $ 24 uncooked large shrimp (about 1 pound), peeled, deveined $ 2 ounces dried thin Chinese rice sticks (maifun) or angel hair pasta $ 4 cups thinly sliced Napa cabbage $ 4 cups thinly sliced bok choy leaves $ 1/2 cup chopped green onions $ 1/2 cup chopped fresh cilantro $ Fresh cilantro sprigs $ ",Salad $ Food Processor $ Pasta $ Coconut $ Basil $ Macadamia Nut $ Shrimp $ Curry $ Chill $ Cabbage $ Cilantro $ Simmer $ Boil $ Bon Appétit $ ,Thai $ ,3/4,19,Salad $ Food Processor $ Pasta $ Coconut $ Basil $ Macadamia Nut $ Shrimp $ Curry $ Chill $ Cabbage $ Cilantro $ Simmer $ Boil $ Bon Appétit $ Thai $ 
https://www.epicurious.com/recipes/food/views/japanese-eggplant-with-haricots-verts-and-thai-red-curry-4272,Japanese Eggplant with Haricots Verts and Thai Red Curry ,"1/4 cup peanut oil $ 3 small Japanese eggplants (about 7 ounces total), unpeeled, cut into 3-inch-long, 1/2-inch-wide strips $ 5 ounces haricots verts or thin green beans, trimmed $ 4 teaspoons minced garlic $ 2 teaspoons minced peeled fresh ginger $ 2 teaspoons yellow miso (fermented soybean paste) mixed with 1/3 cup water $ 1 tablespoon low-sodium soy sauce $ 1 teaspoon Thai red curry paste $ ",Ginger $ Side $ Stir-Fry $ Vegetarian $ Eggplant $ Green Bean $ Bon Appétit $ Sugar Conscious $ Kidney Friendly $ Vegan $ Pescatarian $ Dairy Free $ Tree Nut Free $ No Sugar Added $ Kosher $ ,Asian $ Thai $ ,3.5/4,31,Ginger $ Side $ Stir-Fry $ Vegetarian $ Eggplant $ Green Bean $ Bon Appétit $ Sugar Conscious $ Kidney Friendly $ Vegan $ Pescatarian $ Dairy Free $ Tree Nut Free $ No Sugar Added $ Kosher $ Asian $ Thai $ 
https://www.epicurious.com/recipes/food/views/khao-neeo-see-dam-14434,Khao Neeo See Dam ,"1 cup Thai black (glutinous) rice $ 1 cup Thai long-grain sticky (glutinous) rice $ 1 1/2 cups well-stirred canned unsweetened coconut milk (about 12 ounces) $ 4 tablespoons palm sugar or firmly packed brown sugar $ 1/2 teaspoon salt $ Accompaniments: slices of peach, mango, star fruit, or other soft acid-sweet fruit $ ",Rice $ Breakfast $ Dessert $ Steam $ Vegetarian $ Coconut $ Vegan $ Gourmet $ Kidney Friendly $ Pescatarian $ Dairy Free $ Wheat/Gluten-Free $ Peanut Free $ Tree Nut Free $ Soy Free $ Kosher $ ,Thai $ ,3/4,4,Rice $ Breakfast $ Dessert $ Steam $ Vegetarian $ Coconut $ Vegan $ Gourmet $ Kidney Friendly $ Pescatarian $ Dairy Free $ Wheat/Gluten-Free $ Peanut Free $ Tree Nut Free $ Soy Free $ Kosher $ Thai $ 
https://www.epicurious.com/recipes/food/views/thai-shrimp-curry-109161,Thai Shrimp Curry ,"1 tablespoon peanut oil $ 1 cup thinly sliced onion $ 1 cup chopped green onions (about 8 small) $ 1 to 2 tablespoons Thai green curry paste* $ 1 14-ounce can unsweetened coconut milk* $ 1 cup low-salt chicken broth $ 3 tablespoons Thai fish sauce (nam pla)* $ 2 teaspoons sugar $ 1 cup diced plum tomatoes $ 2 pounds uncooked large shrimp, peeled, deveined $ Chopped fresh cilantro $ Lime wedges $ ",Shellfish $ Tomato $ Stir-Fry $ Low Carb $ Quick & Easy $ Lunch $ Shrimp $ Winter $ Boil $ Bon Appétit $ Sugar Conscious $ Dairy Free $ Wheat/Gluten-Free $ Tree Nut Free $ Soy Free $ ,Asian $ Thai $ ,3.5/4,214,Shellfish $ Tomato $ Stir-Fry $ Low Carb $ Quick & Easy $ Lunch $ Shrimp $ Winter $ Boil $ Bon Appétit $ Sugar Conscious $ Dairy Free $ Wheat/Gluten-Free $ Tree Nut Free $ Soy Free $ Asian $ Thai $ 
https://www.epicurious.com/recipes/food/views/toasted-rice-powder-109481,Toasted Rice Powder ,1/4 cup raw Thai sticky rice $ a mortar and pestle or an electric coffee/spice grinder $ ,Rice $ Quick & Easy $ Gourmet $ ,Thai $ ,0/4,0,Rice $ Quick & Easy $ Gourmet $ Thai $ 
https://www.epicurious.com/recipes/food/views/thai-style-beef-and-asparagus-curry-106639,Thai-Style Beef and Asparagus Curry ,"1 pound top sirloin, cut crosswise into thin strips $ 2 teaspoons Thai red curry paste $ 4 tablespoons Asian stir-fry oil or peanut oil $ 12 ounces asparagus, trimmed, cut into 1 1/2-inch lengths (3 1/2 cups) $ 1 1/2 cups canned unsweetened coconut milk $ 1/3 cup chopped fresh basil $ Lime wedges $ ",Milk/Cream $ Beef $ Vegetable $ Stir-Fry $ Quick & Easy $ Lime $ Coconut $ Basil $ Curry $ Summer $ Bon Appétit $ ,Asian $ Thai $ ,2.5/4,22,Milk/Cream $ Beef $ Vegetable $ Stir-Fry $ Quick & Easy $ Lime $ Coconut $ Basil $ Curry $ Summer $ Bon Appétit $ Asian $ Thai $ 
https://www.epicurious.com/recipes/food/views/lemongrass-tofu-with-mushrooms-107077,Lemongrass Tofu with Mushrooms ,"Vegetable oil (for frying) $ 14 ounces firm tofu, drained, cut into 3/4-inch squares $ 3 tablespoons vegetable oil $ 2 tablespoons minced fresh lemongrass $ 2 garlic cloves, minced $ 1 teaspoon (heaping) chopped seeded jalapeño chili $ 1 onion, thinly sliced $ 1/2 red bell pepper, cut into 3/4-inch pieces $ 4 ounces shiitake mushrooms, stemmed, thickly sliced $ 2 teaspoons fish sauce (nuoc mam)* $ 1 tablespoon sugar $ 1 1/2 tablespoons chopped fresh cilantro $ ",Mushroom $ Side $ Fry $ Sauté $ Tofu $ Bell Pepper $ Healthy $ Jalapeño $ Lemongrass $ Bon Appétit $ Pescatarian $ Dairy Free $ Wheat/Gluten-Free $ Peanut Free $ Tree Nut Free $ ,Asian $ Thai $ Vietnamese $ ,3/4,23,Mushroom $ Side $ Fry $ Sauté $ Tofu $ Bell Pepper $ Healthy $ Jalapeño $ Lemongrass $ Bon Appétit $ Pescatarian $ Dairy Free $ Wheat/Gluten-Free $ Peanut Free $ Tree Nut Free $ Asian $ Thai $ Vietnamese $ 
https://www.epicurious.com/recipes/food/views/broiled-red-snapper-with-tamarind-sauce-101786,Broiled Red Snapper with Tamarind Sauce ,1 1/2 tablespoons tamarind from a pliable block $ 1/2 cup cold water $ 2 small shallots $ 3 garlic cloves $ 2 teaspoons finely chopped cleaned fresh cilantro roots reserved from Thai Ground-Pork Salad with Mint and Cilantro or cilantro stems $ 1 tablespoon Asian fish sauce (preferably naam pla) $ 1 1/2 teaspoons sugar $ 1/4 teaspoon salt $ 1/2 teaspoon vegetable oil $ two 6-ounce red snapper fillets with skin $ 2 scallions $ 1 medium or 2 small fresh red chiles (1 to 3 inches long; preferably Thai) $ about 2 tablespoons fresh whole Thai basil leaves or small fresh regular basil leaves $ Garnish: fresh basil sprigs $ ,Broil $ Low Fat $ Quick & Easy $ Dinner $ Snapper $ Tamarind $ Gourmet $ ,Thai $ ,2.5/4,13,Broil $ Low Fat $ Quick & Easy $ Dinner $ Snapper $ Tamarind $ Gourmet $ Thai $ 
https://www.epicurious.com/recipes/food/views/turkish-lamb-kebabs,Turkish Kebabs ,"3 cloves of garlic, minced to a fine paste $ 3 tablespoons extra-virgin olive oil $ 1 tablespoon tomato paste $ 1/2 teaspoon paprika $ 1/4 teaspoon cayenne pepper $ 1/4 teaspoon ground cinnamon $ 1/4 teaspoon ground cumin $ 2 tablespoons fresh thyme leaves $ Sea salt and finely ground black pepper $ 1 3/4 pounds (800 g) boneless lamb leg, trimmed of most of the fat and cut into 1-inch (2.5 cm) chunks $ 24 cherry tomatoes $ Flatbread, for serving $ ",HarperCollins $ HarperCollins $ Dinner $ Summer $ Skewer $ Lamb $ Spice $ Cinnamon $ Cumin $ Thyme $ Grill/Barbecue $ Grill $ ,Turkish $ ,4/4,1,HarperCollins $ HarperCollins $ Dinner $ Summer $ Skewer $ Lamb $ Spice $ Cinnamon $ Cumin $ Thyme $ Grill/Barbecue $ Grill $ Turkish $ 
https://www.epicurious.com/recipes/food/views/ayran-201053,Ayran ,"1 pint plain yogurt $ 1 pint cold water $ Salt to taste $ Optional: 2 tablespoons crushed, dried mint $ ",Non-Alcoholic $ Dairy $ Yogurt $ Chill $ House & Garden $ Drink $ Summer $ Drinks $ ,Turkish $ ,4/4,2,Non-Alcoholic $ Dairy $ Yogurt $ Chill $ House & Garden $ Drink $ Summer $ Drinks $ Turkish $ 
https://www.epicurious.com/recipes/food/views/turkish-lamb-chops-with-sumac-tahini-and-dill,"Turkish Lamb Chops with Sumac, Tahini, and Dill ","1 tablespoon Turkish red pepper or Aleppo pepper (or use red chile flakes) $ 2 teaspoons fennel seeds $ 2 teaspoons coriander seeds $ 2 teaspoons cumin seeds $ 2 teaspoons kosher salt, plus more to taste $ 1/2 teaspoon freshly ground black pepper $ 3 pounds bone-in loin lamb chops, the thicker the better $ Extra-virgin olive oil, for grilling $ 1/3 cup fresh lemon juice (from about 2 lemons) $ 2 to 3 garlic cloves, grated on a Microplane or minced $ 1 3/4 teaspoons kosher salt $ 1 cup tahini $ 1/2 teaspoon ground cumin $ 4 to 6 tablespoons ice water $ Fresh dill sprigs $ Ground sumac (optional) $ ",Lamb $ Easter $ Sesame $ Coriander $ Cumin $ Garlic $ Lemon Juice $ Dinner $ ,Turkish $ Mediterranean $ ,4/4,5,Lamb $ Easter $ Sesame $ Coriander $ Cumin $ Garlic $ Lemon Juice $ Dinner $ Turkish $ Mediterranean $ 
https://www.epicurious.com/recipes/food/views/istanbul-style-wet-burger-islak-burger,Istanbul-Style Wet Burger (Islak Burger) ,"1 1/2 pounds ground beef chuck (20% fat) $ 2 tablespoons chopped parsley $ 2 large garlic cloves, finely chopped, divided $ 1 1/2 teaspoons paprika, divided $ 5 tablespoons (or more) unsalted butter, divided $ 1/4 cup tomato paste $ 4 hamburger or brioche buns $ 1 tablespoon vegetable oil $ 2 teaspoons kosher salt $ 1 teaspoon freshly ground black pepper $ ",Cooking After Dark $ Hamburger $ Turkey $ Beef $ Ground Beef $ Tomato $ Paprika $ ,Turkish $ ,3.5/4,24,Cooking After Dark $ Hamburger $ Turkey $ Beef $ Ground Beef $ Tomato $ Paprika $ Turkish $ 
https://www.epicurious.com/recipes/food/views/turkish-coffee-rubbed-brisket-51250890,Turkish Coffee-Rubbed Brisket ,"2 onions, peeled and quartered $ 2 large potatoes, scrubbed and cut into 1-inch-thick wedges $ 1 large carrot, peeled and cut into 2-inch pieces $ 1 fennel bulb, cut into 1 1/2-inch-thick wedges $ 1 garlic head, unpeeled, sliced in half crosswise $ 2 tablespoons extra-virgin olive oil $ 1 tablespoon plus 1 teaspoon kosher salt, divided $ 1 1/2 teaspoons freshly ground black pepper, divided $ 1 tablespoon finely ground Turkish coffee or espresso $ 1 tablespoon smoked cinnamon (available from www.laboiteny.com) or regular cinnamon $ 1 teaspoon ground cardamom $ One 3 1/2- to 4-pound brisket, (first or second cut; Solomonov prefers well-marbled second cut) $ Heavy, large roasting pan $ ",Coffee $ Roast $ Rosh Hashanah/Yom Kippur $ Brisket $ Cardamom $ ,Turkish $ ,3.5/4,27,Coffee $ Roast $ Rosh Hashanah/Yom Kippur $ Brisket $ Cardamom $ Turkish $ 
https://www.epicurious.com/recipes/food/views/grilled-lamb-kebabs-with-turkish-flavors-51238700,Grilled Lamb Kebabs With Turkish Flavors ,"2 pounds boneless lamb leg $ 1/2 cup extra-virgin olive oil, divided $ Kosher salt $ Freshly cracked black pepper $ 1/2 cup dried apricots, cut into medium dice $ 2 tablespoons Maras pepper, or 2 teaspoons other dried chili powder mixed with 1 tablespoon paprika $ 1 teaspoon minced garlic $ 2 tablespoons roughly chopped fresh mint $ 4 metal skewers $ ",Kid-Friendly $ Dinner $ Buffet $ Lamb Shank $ Grill/Barbecue $ Paleo $ Dairy Free $ Wheat/Gluten-Free $ Peanut Free $ Tree Nut Free $ Soy Free $ No Sugar Added $ ,Turkish $ ,4/4,2,Kid-Friendly $ Dinner $ Buffet $ Lamb Shank $ Grill/Barbecue $ Paleo $ Dairy Free $ Wheat/Gluten-Free $ Peanut Free $ Tree Nut Free $ Soy Free $ No Sugar Added $ Turkish $ 
https://www.epicurious.com/recipes/food/views/turkish-grilled-turkey-or-chicken-with-tangy-herbed-yogurt-51237070,Turkish Grilled Turkey or Chicken with Tangy Herbed Yogurt ,"1 9-pound whole turkey or chicken $ 2 tablespoons Aleppo pepper flakes or Korean pepper flakes (gochugaru) $ 1 head garlic, peeled and mashed to a paste (about 3 tablespoons) $ 1 1/2 tablespoons kosher salt (Diamond crystal), plus more for seasoning $ 1 teaspoon freshly ground pepper, plus more for seasoning $ 1 tablespoon ground coriander $ 1/2 cup plus 2 tablespoons extra-virgin olive oil $ 2 lemons, halved $ 2 cups whole milk Greek-style yogurt $ 2 tablespoons chopped chives $ 2 tablespoons chopped parsley $ 2 teaspoons chopped oregano $ Tabbouleh for serving $ ",Garlic $ Poultry $ turkey $ Yogurt $ Grill $ Grill/Barbecue $ ,Turkish $ ,0/4,0,Garlic $ Poultry $ turkey $ Yogurt $ Grill $ Grill/Barbecue $ Turkish $ 
https://www.epicurious.com/recipes/food/views/lahmacun-51198810,Lahmacun ,"1 tablespoon olive oil $ 1/2 small onion, chopped $ 1 garlic clove, chopped $ 1/2 serrano chile, seeded, chopped $ 1 14-ounce can whole peeled tomatoes $ 1/4 cup canned piquillo peppers, chopped $ 2 teaspoons light brown sugar $ 2 teaspoons red wine vinegar $ 1/2 teaspoon ground cumin $ Kosher salt, freshly ground pepper $ 1/2 cup (1 stick) unsalted butter $ 1 small onion, finely chopped $ 4 garlic cloves, finely chopped $ 1/2 pound ground lamb $ 1/4 pound ground beef $ 1 teaspoon Aleppo pepper $ 1 teaspoon ras-el-hanout $ 1/2 teaspoon ground cumin $ Kosher salt, freshly ground pepper $ 1/2 pound pizza dough, room temperature $ Kosher salt, freshly ground black pepper $ 1 cup fresh flat-leaf parsley leaves $ 1 tablespoon fresh lemon juice $ Olive oil (for drizzling) $ Ingredient info: Ras-el-hanout, a Moroccan spice blend, and Aleppo pepper are available at specialty foods stores and some supermarkets. $ ",Beef $ Lamb $ Tomato $ Bake $ Dinner $ Bon Appétit $ Peanut Free $ Tree Nut Free $ Soy Free $ ,Middle Eastern $ Turkish $ ,3.5/4,4,Beef $ Lamb $ Tomato $ Bake $ Dinner $ Bon Appétit $ Peanut Free $ Tree Nut Free $ Soy Free $ Middle Eastern $ Turkish $ 
https://www.epicurious.com/recipes/food/views/turkish-water-borek-suborgei-51121510,Turkish Water Borek (Suborgei) ,"3 1/2 cups all-purpose flour, plus more for dusting $ 2/3 cup wheat starch $ 5 large eggs $ 1 tablespoon lemon juice $ 1/2 teaspoon salt $ Olive oil $ 1/2 cup plus 1 tablespoon olive oil, plus more for greasing $ 4 cups spinach, cleaned $ 4 large eggs $ 1 cup milk $ 12 ounces Feta cheese, crumbled $ 2 tablespoons fresh dill, chopped $ 2 tablespoons flat-leaf parsley, chopped $ ",Pasta Maker $ Mixer $ Egg $ Bake $ Feta $ Spinach $ Dill $ Pastry $ ,Mediterranean $ Turkish $ ,0/4,0,Pasta Maker $ Mixer $ Egg $ Bake $ Feta $ Spinach $ Dill $ Pastry $ Mediterranean $ Turkish $ 
https://www.epicurious.com/recipes/food/views/yogurt-and-cucumber-salad-tzatziki-or-cacik-51121480,Yogurt and Cucumber Salad (Tzatziki or Cacik) ,"2 English cucumbers, peeled, seeded, and shredded $ Kosher salt $ 3 cups plain nonfat yogurt $ 2 tablespoons white wine vinegar $ 2 cloves garlic, peeled and finely chopped $ 2 tablespoons dried mint $ 12 to 14 leaves fresh mint, thinly sliced $ Freshly ground black pepper $ ",Condiment/Spread $ Salad $ Side $ No-Cook $ Yogurt $ Mint $ Cucumber $ Fat Free $ Vegetarian $ Pescatarian $ Wheat/Gluten-Free $ Peanut Free $ Tree Nut Free $ Soy Free $ No Sugar Added $ Kosher $ ,Greek $ Mediterranean $ Turkish $ ,2.5/4,2,Condiment/Spread $ Salad $ Side $ No-Cook $ Yogurt $ Mint $ Cucumber $ Fat Free $ Vegetarian $ Pescatarian $ Wheat/Gluten-Free $ Peanut Free $ Tree Nut Free $ Soy Free $ No Sugar Added $ Kosher $ Greek $ Mediterranean $ Turkish $ 
https://www.epicurious.com/recipes/food/views/chickpea-dip-hummus-51121250,Chickpea Dip (Hummus) ,"2 cups canned chickpeas, drained and rinsed $ 3 tablespoons tahini $ 2 garlic cloves, peeled and crushed $ 2 tablespoons lemon juice, or as needed $ 1/4 cup olive oil $ Kosher salt and freshly ground black pepper $ ",Condiment/Spread $ Food Processor $ Side $ No-Cook $ Chickpea $ Sugar Conscious $ Kidney Friendly $ Vegan $ Vegetarian $ Pescatarian $ Dairy Free $ Wheat/Gluten-Free $ Peanut Free $ Tree Nut Free $ Soy Free $ No Sugar Added $ Kosher $ ,Greek $ Mediterranean $ Turkish $ ,2/4,3,Condiment/Spread $ Food Processor $ Side $ No-Cook $ Chickpea $ Sugar Conscious $ Kidney Friendly $ Vegan $ Vegetarian $ Pescatarian $ Dairy Free $ Wheat/Gluten-Free $ Peanut Free $ Tree Nut Free $ Soy Free $ No Sugar Added $ Kosher $ Greek $ Mediterranean $ Turkish $ 
https://www.epicurious.com/recipes/food/views/feta-walnut-date-cigars-365214,Feta Walnut Date Cigars ,"6 ounces cream cheese, cut into pieces $ 6 ounces crumbled feta (1 cup plus 2 tablespoons; patted dry if wet) $ 2/3 cup walnut pieces $ 1/2 cup chopped pitted dates $ 1 (1 pound) package phyllo dough (roughly 17- by 12-inch sheets), thawed if frozen $ 1 1/4 sticks (10 tablespoons) unsalted butter (preferably European-style), melted and cooled slightly $ ",Appetizer $ Christmas $ Cocktail Party $ Thanksgiving $ Cream Cheese $ Feta $ Date $ Walnut $ Christmas Eve $ Party $ Phyllo/Puff Pastry Dough $ Gourmet $ Kidney Friendly $ Vegetarian $ Pescatarian $ Peanut Free $ Soy Free $ Kosher $ ,Middle Eastern $ Turkish $ ,3/4,12,Appetizer $ Christmas $ Cocktail Party $ Thanksgiving $ Cream Cheese $ Feta $ Date $ Walnut $ Christmas Eve $ Party $ Phyllo/Puff Pastry Dough $ Gourmet $ Kidney Friendly $ Vegetarian $ Pescatarian $ Peanut Free $ Soy Free $ Kosher $ Middle Eastern $ Turkish $ 
https://www.epicurious.com/recipes/food/views/baharat-seasoning-363109,Baharat Seasoning ,1 1/2 tablespoons dried mint $ 1 tablespoon dried oregano $ 1 1/2 teaspoons ground cinnamon $ 1 1/2 teaspoons ground coriander $ 1 1/2 teaspoons ground cumin $ 1 1/2 teaspoons ground nutmeg $ ,Low Fat $ Vegetarian $ Quick & Easy $ Low Cal $ Low Cholesterol $ Vegan $ Cinnamon $ Cumin $ Bon Appétit $ ,Turkish $ ,4/4,2,Low Fat $ Vegetarian $ Quick & Easy $ Low Cal $ Low Cholesterol $ Vegan $ Cinnamon $ Cumin $ Bon Appétit $ Turkish $ 
https://www.epicurious.com/recipes/food/views/turkish-spiced-chicken-kebabs-with-pomegranate-relish-and-tahini-yogurt-362935,Turkish-Spiced Chicken Kebabs with Pomegranate Relish and Tahini Yogurt ,"3 1/2 tablespoons fresh lemon juice $ 1 tablespoon Baharat Seasoning $ 1 large garlic clove, pressed $ 1/2 cup plain whole-milk Greek-style yogurt $ 1/4 cup tahini (sesame seed paste) $ 1 1/4 cups pomegranate seeds $ 2/3 cup shelled unsalted natural pistachios, coarsely chopped $ 1/3 cup coarsely chopped fresh Italian parsley $ 2 1/2 tablespoons olive oil $ 2 1/2 teaspoons fresh lemon juice $ 1/2 cup coarsely grated onion $ 2 tablespoons fresh lemon juice $ 2 tablespoons olive oil $ 2 teaspoons Baharat Seasoning $ 4 skinless boneless chicken breast halves, each halved lengthwise, then cut crosswise into 3 pieces $ Warm pita breads $ Ingredient info: Greek-style yogurt is sold at some supermarkets and at specialty foods stores (such as Trader Joe's and Whole Foods markets) and Greek markets. Tahini (sesame seed paste) is available at some supermarkets and at natural foods stores and Middle Eastern markets. $ 4 10- to 12-inch-long metal skewers $ ",Chicken $ High Fiber $ Dinner $ Spice $ Healthy $ Pomegranate $ Bon Appétit $ Peanut Free $ Soy Free $ No Sugar Added $ ,Turkish $ ,4/4,37,Chicken $ High Fiber $ Dinner $ Spice $ Healthy $ Pomegranate $ Bon Appétit $ Peanut Free $ Soy Free $ No Sugar Added $ Turkish $ 
https://www.epicurious.com/recipes/food/views/turkish-style-tomato-and-red-pepper-spread-358037,Turkish-Style Tomato and Red-Pepper Spread ,"2 garlic cloves $ 1/2 cup plus 1 tablespoon tomato paste (one 6-ounce can or a little less) $ 1 (12-ounce) jar roasted red peppers, rinsed and patted dry $ 2/3 cup walnuts (2 ounce) $ 1 (5-inch) piece of baguette, crust discarded, bread torn into pieces (1 rounded cup) $ 1/2 cup extra-virgin olive oil $ 1/2 teaspoon ground coriander $ 1/2 teaspoon cayenne $ 1/3 cup finely chopped cilantro or parsley $ baguette slices, pita toasts, or crackers $ ",Condiment/Spread $ Food Processor $ Tomato $ Appetizer $ Cocktail Party $ Quick & Easy $ Walnut $ Bell Pepper $ Cilantro $ Gourmet $ Vegan $ Vegetarian $ Pescatarian $ Dairy Free $ Peanut Free $ Soy Free $ Kosher $ ,Turkish $ ,0/4,0,Condiment/Spread $ Food Processor $ Tomato $ Appetizer $ Cocktail Party $ Quick & Easy $ Walnut $ Bell Pepper $ Cilantro $ Gourmet $ Vegan $ Vegetarian $ Pescatarian $ Dairy Free $ Peanut Free $ Soy Free $ Kosher $ Turkish $ 
https://www.epicurious.com/recipes/food/views/spicy-tomato-pepper-cucumber-mint-and-parsley-salad-355949,"Spicy Tomato, Pepper, Cucumber, Mint, and Parsley Salad ","3 medium ripe fresh red tomatoes $ 1/2 English cucumber, quartered lengthwise and finely sliced $ 1/2 cup tightly packed coarsely chopped purslane or arugula $ 2 scallions, including most of the green, thinly sliced $ 1 cup tightly packed coarsely chopped fresh flat-leaf parsley $ 3 tablespoons chopped fresh mint leaves $ 1 to 2 tablespoons chopped fresh thyme or savory $ 2 to 4 jalapeño chiles, seeded and finely diced $ 2 tablespoons capers, preferably salt-packed, rinsed well and drained (optional) $ 3 tablespoons fruity extra virgin olive oil $ 1 tablespoon fresh lemon juice $ 1 tablespoon balsamic vinegar $ 2 teaspoons grated lemon zest $ Sea salt and freshly ground black pepper $ Pinch of sumac (optional) $ ",Salad $ Tomato $ Vegetarian $ Low Cal $ High Fiber $ Vinegar $ Lemon $ Mint $ Meat $ Cucumber $ Arugula $ Healthy $ Low Cholesterol $ Vegan $ Thyme $ Jalapeño $ Parsley $ ,Mediterranean $ Turkish $ ,3.5/4,9,Salad $ Tomato $ Vegetarian $ Low Cal $ High Fiber $ Vinegar $ Lemon $ Mint $ Meat $ Cucumber $ Arugula $ Healthy $ Low Cholesterol $ Vegan $ Thyme $ Jalapeño $ Parsley $ Mediterranean $ Turkish $ 
https://www.epicurious.com/recipes/food/views/turkish-doughnuts-with-rose-hip-syrup-355513,Turkish Doughnuts with Rose Hip Syrup ,"1 cup water $ 1 1/2 cups sugar $ 1/2 cup dried rose hips $ 1 teaspoon green cardamom pods $ 1/4 cup rose water $ 2 tablespoons fresh lemon juice $ 1 cup all-purpose flour $ 3/4 teaspoon kosher salt $ 1/2 teaspoon ground cardamom $ 1/4 teaspoon cinnamon $ 1 cup water $ 1 stick unsalted butter, cut into pieces $ 1 tablespoons sugar $ 3 large eggs, warmed in very warm water 10 minutes $ About 10 cups vegetable oil for frying $ Equipment: a deep-fat thermometer $ ",Egg $ Dessert $ Quick & Easy $ Deep-Fry $ Cinnamon $ Butter $ Lemon Juice $ Cardamom $ Gourmet $ Kidney Friendly $ Vegetarian $ Pescatarian $ Peanut Free $ Tree Nut Free $ Soy Free $ Kosher $ ,Turkish $ ,2.5/4,2,Egg $ Dessert $ Quick & Easy $ Deep-Fry $ Cinnamon $ Butter $ Lemon Juice $ Cardamom $ Gourmet $ Kidney Friendly $ Vegetarian $ Pescatarian $ Peanut Free $ Tree Nut Free $ Soy Free $ Kosher $ Turkish $ 
https://www.epicurious.com/recipes/food/views/revani-354690,Revani ,"3 cups sugar $ 4 cups water $ 2 tablespoons fresh lemon juice (1/2 lemon) $ 9 eggs, separated $ 3/4 cup sugar $ grated rind from 1 lemon $ 2 cups semolina or farina (cream of wheat) $ 1/3 cup flour $ 4 tablespoons unsalted butter, melted $ 1 cup heavy cream, whipped with 1 tablespoon sugar $ 1/4 cup ground nuts $ ",Cake $ Milk/Cream $ Mixer $ Egg $ Nut $ Dessert $ Wedding $ Ramadan $ Semolina $ Butter $ ,Turkish $ ,3/4,3,Cake $ Milk/Cream $ Mixer $ Egg $ Nut $ Dessert $ Wedding $ Ramadan $ Semolina $ Butter $ Turkish $ 
https://www.epicurious.com/recipes/food/views/pumpkin-hazelnut-compote-354689,Pumpkin Hazelnut Compote ,"1 4-to 6-pound pumpkin $ 2 cups of sugar $ 1 cup water $ 3/4 cup chopped hazelnuts $ 1 cup heavy cream, whipped with 1 tablespoon sugar $ ",Sauce $ Milk/Cream $ Dessert $ Bake $ Ramadan $ Pumpkin $ Chill $ Hazelnut $ Vegetarian $ Pescatarian $ Wheat/Gluten-Free $ Peanut Free $ Soy Free $ Kosher $ ,Turkish $ ,3/4,0,Sauce $ Milk/Cream $ Dessert $ Bake $ Ramadan $ Pumpkin $ Chill $ Hazelnut $ Vegetarian $ Pescatarian $ Wheat/Gluten-Free $ Peanut Free $ Soy Free $ Kosher $ Turkish $ 
https://www.epicurious.com/recipes/food/views/helva-354691,Helva ,"1 cup sugar $ 1 cup milk $ 1 cup water $ 1/2 cup butter $ 1 cup farina (cream of wheat) $ 1/2 cup pine nuts (pignolia) $ 1/4 teaspoon cinnamon $ 1 cup heavy cream, whipped with 1 tablespoon sugar $ ",Milk/Cream $ Dessert $ Sauté $ Ramadan $ Pine Nut $ Chill $ Cinnamon $ Butter $ Kidney Friendly $ Vegetarian $ Pescatarian $ Peanut Free $ Soy Free $ Kosher $ ,Turkish $ ,3.5/4,2,Milk/Cream $ Dessert $ Sauté $ Ramadan $ Pine Nut $ Chill $ Cinnamon $ Butter $ Kidney Friendly $ Vegetarian $ Pescatarian $ Peanut Free $ Soy Free $ Kosher $ Turkish $ 
https://www.epicurious.com/recipes/food/views/yogurt-marinated-chicken-kebabs-with-aleppo-pepper-353832,Yogurt-Marinated Chicken Kebabs with Aleppo Pepper ,"1 1/2 tablespoons Aleppo pepper* or 2 teaspoons dried crushed red pepper plus 2 teaspoons Hungarian sweet paprika, plus additional Aleppo pepper or paprika for sprinkling $ 1 cup plain whole-milk Greek-style yogurt** (8 ounces) $ 3 tablespoons extra-virgin olive oil $ 2 tablespoons red wine vinegar $ 2 tablespoons tomato paste $ 2 teaspoons coarse kosher salt $ 1 teaspoon freshly ground black pepper $ 6 garlic cloves, peeled, flattened $ 2 unpeeled lemons; 1 thinly sliced into rounds, 1 cut into wedges for serving $ 2 1/4 pounds skinless boneless chicken (thighs and/or breast halves), cut into 1 1/4-inch cubes $ Flat metal skewers $ ",Chicken $ Garlic $ Yogurt $ Low Cal $ Backyard BBQ $ Ramadan $ Dinner $ Lunch $ Summer $ Grill $ Grill/Barbecue $ Healthy $ Chile Pepper $ Bon Appétit $ ,Turkish $ ,4/4,208,Chicken $ Garlic $ Yogurt $ Low Cal $ Backyard BBQ $ Ramadan $ Dinner $ Lunch $ Summer $ Grill $ Grill/Barbecue $ Healthy $ Chile Pepper $ Bon Appétit $ Turkish $ 
https://www.epicurious.com/recipes/food/views/lamb-stew-with-turkish-flavors-352832,Lamb Stew with Turkish Flavors ,"2 pounds lamb shoulder, cut into 3/4-inch chunks $ 2 tablespoons olive oil $ 2 medium onions, thinly sliced $ 6 garlic cloves, thinly sliced $ 1/4 cup red-wine vinegar $ 7 cups reduced-sodium chicken stock or broth $ 1 (15-to 19-ounces) can chickpeas, rinsed and drained $ 1/4 cup apricot preserves or minced dried Turkish apricots $ 2 teaspoons ground coriander $ 2 teaspoons ground cumin $ 1 teaspoon ground cinnamon $ 1 teaspoon Maras pepper plus more for sprinkling $ 1 teaspoon Urfa pepper plus more for sprinkling $ 1 1/2 pounds boiling potatoes (about 4 medium) $ 1/4 cup dried currants $ 1/4 cup chopped oregano $ 1 1/2 tablespoons fresh lemon juice, or to taste $ Accompaniment: rice $ ",Soup/Stew $ Lamb $ Stew $ Dinner $ Dried Fruit $ Family Reunion $ Cinnamon $ Potluck $ Cumin $ Gourmet $ Dairy Free $ Wheat/Gluten-Free $ Peanut Free $ Tree Nut Free $ Soy Free $ Kosher $ Diabetes-Friendly $ ,Turkish $ ,3.5/4,21,Soup/Stew $ Lamb $ Stew $ Dinner $ Dried Fruit $ Family Reunion $ Cinnamon $ Potluck $ Cumin $ Gourmet $ Dairy Free $ Wheat/Gluten-Free $ Peanut Free $ Tree Nut Free $ Soy Free $ Kosher $ Diabetes-Friendly $ Turkish $ 
https://www.epicurious.com/recipes/food/views/baklava-352471,Baklava ,"3 1/2 cups walnuts, chopped $ 1/2 cup sugar $ 1 teaspoon ground cinnamon $ 1/2 teaspoon ground cardamom $ 1/4 teaspoon ground cloves $ 1 pound package phyllo sheets, thawed $ 1 1/2 cups butter, melted $ 2 cups, plus 2 tablespoons sugar $ 1 1/2 cups water $ 1/2 cup honey $ 1/4 lemon, peel only $ 1 clove $ ",Dessert $ Cocktail Party $ Picnic $ Ramadan $ Walnut $ Fall $ Honey $ Cinnamon $ Party $ Phyllo/Puff Pastry Dough $ Butter $ Kidney Friendly $ Vegetarian $ Pescatarian $ Peanut Free $ Soy Free $ Kosher $ ,Middle Eastern $ Turkish $ ,3.5/4,24,Dessert $ Cocktail Party $ Picnic $ Ramadan $ Walnut $ Fall $ Honey $ Cinnamon $ Party $ Phyllo/Puff Pastry Dough $ Butter $ Kidney Friendly $ Vegetarian $ Pescatarian $ Peanut Free $ Soy Free $ Kosher $ Middle Eastern $ Turkish $ 
https://www.epicurious.com/recipes/food/views/clay-pot-chicken-with-dates-em-sucuk-em-and-bulgur-350834,"Clay Pot Chicken with Dates, Sucuk and Bulgur ","2 ounces unsalted butter $ 1 tablespoon extra-virgin olive oil $ 2 red onions, cut into thick rings $ 1 clove garlic, sliced $ 2 long red peppers, seeded and cut into rings $ 2 long green peppers, seeded and cut into rings $ 2 long green chiles, seeded and diced $ 1 heaped teaspoon ground cumin $ 1 level teaspoon ground cinnamon $ generous splash of sherry $ 2 large vine-ripened tomatoes, skinned, seeded and diced $ 2 ounces bulgur, washed $ 1 1/2 cups chicken stock $ 1 stick cinnamon $ 2 star anise $ few sprigs thyme $ 2 1-pound chickens $ sea salt $ freshly ground black pepper $ 1 tablespoon olive oil $ 2 ounces sucuk, sliced $ 4 medjool dates, seeded and cut into quarters $ ",Chicken $ Sauté $ Dinner $ Sausage $ Spice $ Fall $ Winter $ Bulgur $ Peanut Free $ Tree Nut Free $ Soy Free $ ,Mediterranean $ Turkish $ ,3.5/4,4,Chicken $ Sauté $ Dinner $ Sausage $ Spice $ Fall $ Winter $ Bulgur $ Peanut Free $ Tree Nut Free $ Soy Free $ Mediterranean $ Turkish $ 
https://www.epicurious.com/recipes/food/views/turkish-coffee-238305,Turkish Coffee ,2 cups water $ 1/4 cup finely ground strong coffee beans $ 2 tablespoons sugar $ ,Coffee $ Non-Alcoholic $ Bon Appétit $ Drink $ ,Turkish $ ,3/4,2,Coffee $ Non-Alcoholic $ Bon Appétit $ Drink $ Turkish $ 
https://www.epicurious.com/recipes/food/views/cognac-glazed-dried-apricots-with-cinnamon-spiced-yogurt-238271,Cognac-Glazed Dried Apricots with Cinnamon-Spiced Yogurt ,"3 cups plain Greek yogurt or drained plain whole-milk yogurt $ 3/4 teaspoon ground cinnamon $ 1 tablespoon finely slivered orange peel (orange part only) $ 1 tablespoon butter $ 2 tablespoons sugar $ 1 pound dried pitted whole Mediterranean-style apricots (about 3 cups), halved crosswise $ 1 cup plus 2 tablespoons orange juice $ 1/3 cup Cognac or other brandy $ Toasted natural unsalted pistachios $ Slivered fresh mint $ ",Citrus $ Fruit $ Herb $ Nut $ Dessert $ Yogurt $ Apricot $ Pistachio $ Cognac/Armagnac $ Cinnamon $ Bon Appétit $ ,Mediterranean $ Turkish $ ,3.5/4,5,Citrus $ Fruit $ Herb $ Nut $ Dessert $ Yogurt $ Apricot $ Pistachio $ Cognac/Armagnac $ Cinnamon $ Bon Appétit $ Mediterranean $ Turkish $ 
https://www.epicurious.com/recipes/food/views/tomato-and-mint-salad-with-pomegranate-dressing-238270,Tomato and Mint Salad with Pomegranate Dressing ,"1 1/4 pounds plum tomatoes, halved, seeded, cut into 1/2-inch cubes $ 1 cup diced seeded fresh Anaheim chiles* $ 1 cup diced seeded peeled cucumber $ 1 cup fresh mint leaves $ 3/4 cup chopped green onions $ 1/2 cup walnut pieces $ 1 jalapeño chile, seeded, diced $ 3 tablespoons chopped fresh Italian parsley $ 1/4 cup pomegranate molasses** $ 2 tablespoons extra-virgin olive oil $ *Also known as California chiles; available at many supermarkets and at Latin markets. $ **A pomegranate syrup; available at some supermarkets, at Middle Eastern markets, and online from adrianascaravan.com $ ",Fruit $ Herb $ Onion $ Pepper $ Tomato $ Vegetable $ Side $ No-Cook $ Vegetarian $ Healthy $ Vegan $ Bon Appétit $ Pescatarian $ Paleo $ Dairy Free $ Wheat/Gluten-Free $ Peanut Free $ Soy Free $ Kosher $ ,Mediterranean $ Turkish $ ,3.5/4,4,Fruit $ Herb $ Onion $ Pepper $ Tomato $ Vegetable $ Side $ No-Cook $ Vegetarian $ Healthy $ Vegan $ Bon Appétit $ Pescatarian $ Paleo $ Dairy Free $ Wheat/Gluten-Free $ Peanut Free $ Soy Free $ Kosher $ Mediterranean $ Turkish $ 
https://www.epicurious.com/recipes/food/views/spicy-lamb-with-charred-eggplant-puree-and-pita-238269,Spicy Lamb with Charred Eggplant Purée and Pita ,"6 (12- to 14-ounce) eggplants $ 2 large garlic cloves, peeled $ 3/4 teaspoon salt $ 1 1/2 cups plain Greek yogurt or drained plain whole-milk yogurt $ 7 (8-ounce) lamb shoulder blade chops (about 3/4 inch thick), trimmed and boned, meat cut into 3/4-inch cubes $ 1/2 teaspoon dried crushed red pepper $ Chopped fresh mint or Italian parsley $ Warm pita bread wedges $ ",Garlic $ Herb $ Lamb $ Vegetable $ Yogurt $ Eggplant $ Bon Appétit $ ,Mediterranean $ Turkish $ ,3.5/4,12,Garlic $ Herb $ Lamb $ Vegetable $ Yogurt $ Eggplant $ Bon Appétit $ Mediterranean $ Turkish $ 
https://www.epicurious.com/recipes/food/views/fresh-spinach-with-garlic-yogurt-sauce-238268,Fresh Spinach with Garlic-Yogurt Sauce ,"4 tablespoons olive oil, divided $ 2/3 cup chopped onion $ 1/2 tablespoon tomato paste $ 4 dried chiles de árbol* $ 1 1/2 pounds fresh spinach leaves (four 6-ounce bags), divided $ 1 1/2 tablespoons uncooked medium-grain white rice $ 2 garlic cloves $ 6 tablespoons plain Greek yogurt or drained plain whole-milk yogurt $ 1 tablespoon butter $ 1/2 teaspoon cayenne pepper $ Small, thin, very hot red chiles; available at some supermarkets and at Latin markets. $ ",Garlic $ Leafy Green $ Onion $ Pepper $ Rice $ Tomato $ Vegetable $ Side $ Yogurt $ Bon Appétit $ Sugar Conscious $ Vegetarian $ Pescatarian $ Wheat/Gluten-Free $ Peanut Free $ Soy Free $ No Sugar Added $ Kosher $ ,Mediterranean $ Turkish $ ,3.5/4,12,Garlic $ Leafy Green $ Onion $ Pepper $ Rice $ Tomato $ Vegetable $ Side $ Yogurt $ Bon Appétit $ Sugar Conscious $ Vegetarian $ Pescatarian $ Wheat/Gluten-Free $ Peanut Free $ Soy Free $ No Sugar Added $ Kosher $ Mediterranean $ Turkish $ 
https://www.epicurious.com/recipes/food/views/flaky-cheese-rolls-238267,Flaky Cheese Rolls ,"1 cup crumbled feta cheese $ 1 cup chopped fresh Italian parsley $ 16 wedge-shaped yufka sheets with 10-inch-long sides (from 12- to 16-ounce package) or 14x9-inch sheets phyllo pastry, thawed if frozen $ Vegetable oil or olive oil $ ",Cheese $ Dairy $ Herb $ Appetizer $ Fry $ Cocktail Party $ Bon Appétit $ Sugar Conscious $ Kidney Friendly $ Vegetarian $ Pescatarian $ Peanut Free $ Tree Nut Free $ Soy Free $ Kosher $ ,Mediterranean $ Turkish $ ,0/4,2,Cheese $ Dairy $ Herb $ Appetizer $ Fry $ Cocktail Party $ Bon Appétit $ Sugar Conscious $ Kidney Friendly $ Vegetarian $ Pescatarian $ Peanut Free $ Tree Nut Free $ Soy Free $ Kosher $ Mediterranean $ Turkish $ 
https://www.epicurious.com/recipes/food/views/zucchini-patties-with-feta-238266,Zucchini Patties with Feta ,"2 1/2 cups coarsely grated zucchini (from about 3 medium) $ 1 teaspoon salt, divided $ 1 large egg $ 1 large egg yolk $ 1/2 cup (or more) all purpose flour $ 1/2 cup crumbled feta cheese $ 1 cup chopped fresh Italian parsley $ 1/2 cup chopped green onions $ 1 1/2 tablespoons chopped fresh dill $ 1/2 cup (about) olive oil $ 1/2 cup (about) corn oil $ Plain Greek yogurt $ ",Cheese $ Dairy $ Egg $ Herb $ Onion $ Vegetable $ Appetizer $ Fry $ Cocktail Party $ Vegetarian $ Yogurt $ Bon Appétit $ Sugar Conscious $ Kidney Friendly $ Pescatarian $ Wheat/Gluten-Free $ Peanut Free $ Soy Free $ No Sugar Added $ Kosher $ ,Mediterranean $ Turkish $ ,3.5/4,117,Cheese $ Dairy $ Egg $ Herb $ Onion $ Vegetable $ Appetizer $ Fry $ Cocktail Party $ Vegetarian $ Yogurt $ Bon Appétit $ Sugar Conscious $ Kidney Friendly $ Pescatarian $ Wheat/Gluten-Free $ Peanut Free $ Soy Free $ No Sugar Added $ Kosher $ Mediterranean $ Turkish $ 
https://www.epicurious.com/recipes/food/views/pistachio-crusted-halibut-with-spicy-yogurt-237219,Pistachio-Crusted Halibut with Spicy Yogurt ,"4 (1 1/4-inch-thick) pieces skinless halibut fillet (about 6 ounces each) $ 1 cup whole milk $ 1/3 cup shelled pistachios (preferably Turkish), finely chopped $ 3 tablespoons cornmeal $ 3/4 teaspoon salt $ 1/4 teaspoon black pepper $ 1/4 cup extra-virgin olive oil $ 1 cup thick Turkish or Greek yogurt (8 ounces) $ 1/2 cucumber, peeled, seeded, and finely diced (3/4 cup) $ 2 tablespoons chopped fresh dill $ 1 tablespoon finely chopped onion $ 1 tablespoon fresh lemon juice $ 2 teaspoons dried maras pepper $ 1/2 teaspoon salt, or to taste $ ",Citrus $ Dairy $ Fish $ Herb $ Nut $ Sauté $ Yogurt $ Mother's Day $ Dinner $ Pistachio $ Halibut $ Gourmet $ Pescatarian $ Wheat/Gluten-Free $ Peanut Free $ Soy Free $ No Sugar Added $ Kosher $ ,Turkish $ ,3.5/4,66,Citrus $ Dairy $ Fish $ Herb $ Nut $ Sauté $ Yogurt $ Mother's Day $ Dinner $ Pistachio $ Halibut $ Gourmet $ Pescatarian $ Wheat/Gluten-Free $ Peanut Free $ Soy Free $ No Sugar Added $ Kosher $ Turkish $ 
https://www.epicurious.com/recipes/food/views/turkish-style-braised-green-beans-237218,Turkish-Style Braised Green Beans ,"2 medium tomatoes $ 2 medium onions, chopped $ 2 garlic cloves, chopped $ 2/3 cup extra-virgin olive oil $ 1 pound green beans, trimmed and halved crosswise $ 1 cup water $ 1 tablespoon sugar $ 1 teaspoon salt $ 1/2 teaspoon black pepper $ lemon wedges; thick Turkish or Greek yogurt $ ",Garlic $ Onion $ Tomato $ Vegetable $ Side $ Braise $ Vegetarian $ Dinner $ Green Bean $ Healthy $ Gourmet $ Vegan $ Pescatarian $ Dairy Free $ Wheat/Gluten-Free $ Peanut Free $ Tree Nut Free $ Soy Free $ Kosher $ ,Turkish $ ,4/4,26,Garlic $ Onion $ Tomato $ Vegetable $ Side $ Braise $ Vegetarian $ Dinner $ Green Bean $ Healthy $ Gourmet $ Vegan $ Pescatarian $ Dairy Free $ Wheat/Gluten-Free $ Peanut Free $ Tree Nut Free $ Soy Free $ Kosher $ Turkish $ 
https://www.epicurious.com/recipes/food/views/turkish-lamb-kebabs-232026,Turkish Lamb Kebabs ,"1 medium red onion, finely chopped (1/2 cup) $ 1/2 cup coarsely chopped fresh flat-leaf parsley $ 1 medium tomato, diced (3/4 cup) $ 1 teaspoon dried oregano $ 1/2 tablespoon Urfa pepper* $ 1/2 tablespoon Maras pepper* $ 6 tablespoons olive oil $ 3/4 teaspoon salt $ 1 (1 1/2-lb) piece boneless leg of lamb, trimmed and cut into 32 (1-inch) cubes $ 1/2 teaspoon black pepper $ 4 (10-inch) square pieces soft lavash bread* $ 8 (10-inch) wooden skewers, soaked in water 30 minutes $ ",Sandwich $ Lamb $ Backyard BBQ $ Ramadan $ Grill/Barbecue $ Gourmet $ ,Mediterranean $ Middle Eastern $ Turkish $ ,4/4,4,Sandwich $ Lamb $ Backyard BBQ $ Ramadan $ Grill/Barbecue $ Gourmet $ Mediterranean $ Middle Eastern $ Turkish $ 
https://www.epicurious.com/recipes/food/views/turkish-style-lamb-burgers-with-walnut-sauce-231647,Turkish-Style Lamb Burgers with Walnut Sauce ,"1 cup boiling-hot water $ 1/3 cup bulgur $ 3/4 teaspoon salt $ 1 medium onion, quartered $ 1/4 cup packed fresh cilantro leaves $ 1/4 cup packed fresh flat-leaf parsley leaves $ 1 lb ground lamb $ 1/2 teaspoon paprika (not hot) $ 1/4 teaspoon ground allspice $ 1/4 teaspoon black pepper $ 1/4 teaspoon cayenne $ 1 small garlic clove $ 1/8 teaspoon salt $ 1/2 cup walnuts (1 1/2 oz) $ 1/4 cup water $ 1 teaspoon fresh lemon juice $ 1/8 teaspoon cayenne $ 4 (4-inch) pita loaves $ 1 tablespoon olive oil $ Paprika (not hot) for dusting $ Garnish: fresh cilantro sprigs $ ",Lamb $ Nut $ Broil $ Quick & Easy $ Dinner $ Lunch $ Walnut $ Gourmet $ Sugar Conscious $ Dairy Free $ Peanut Free $ Soy Free $ Kosher $ ,Middle Eastern $ Turkish $ ,3/4,10,Lamb $ Nut $ Broil $ Quick & Easy $ Dinner $ Lunch $ Walnut $ Gourmet $ Sugar Conscious $ Dairy Free $ Peanut Free $ Soy Free $ Kosher $ Middle Eastern $ Turkish $ 
https://www.epicurious.com/recipes/food/views/iced-turkish-cafe-au-lait-200668,Iced Turkish Café au Lait ,"1/2 cup milk $ 1/2 cup half-and-half $ 1 tablespoon sugar $ 6 whole cardamom pods, crushed $ 1 cup strong brewed coffee, chilled $ ",Coffee $ Milk/Cream $ Non-Alcoholic $ Dairy $ Dessert $ Summer $ Shower $ Party $ Gourmet $ Drink $ Kidney Friendly $ Vegetarian $ Pescatarian $ Wheat/Gluten-Free $ Peanut Free $ Tree Nut Free $ Soy Free $ Kosher $ ,Turkish $ ,0/4,0,Coffee $ Milk/Cream $ Non-Alcoholic $ Dairy $ Dessert $ Summer $ Shower $ Party $ Gourmet $ Drink $ Kidney Friendly $ Vegetarian $ Pescatarian $ Wheat/Gluten-Free $ Peanut Free $ Tree Nut Free $ Soy Free $ Kosher $ Turkish $ 
https://www.epicurious.com/recipes/food/views/lamb-kofte-with-garlic-yogurt-sauce-105019,Lamb Kofte with Garlic Yogurt Sauce ,"1 cup plain yogurt (preferably whole-milk) $ 1 teaspoon minced garlic $ 2 slices firm white sandwich bread, torn into pieces $ 1 lb ground lamb $ 1 small red onion, minced or grated $ 1/3 cup finely chopped fresh parsley $ 1 tablespoon baharat spice mix* $ 1 1/2 teaspoons Maras pepper flakes* $ 1 1/2 teaspoons Urfa pepper flakes* $ 2 teaspoons salt $ Accompaniment: 16 soft lettuce leaves for wrapping (optional) $ *Available by mail order from Formaggio Kitchen (888-212-3224). $ 16 (10-inch) wooden skewers $ ",Garlic $ Lamb $ Yogurt $ Backyard BBQ $ Ground Lamb $ Spice $ Summer $ Grill $ Grill/Barbecue $ Parsley $ Gourmet $ ,Eastern European/Russian $ Turkish $ ,3.5/4,9,Garlic $ Lamb $ Yogurt $ Backyard BBQ $ Ground Lamb $ Spice $ Summer $ Grill $ Grill/Barbecue $ Parsley $ Gourmet $ Eastern European/Russian $ Turkish $ 
https://www.epicurious.com/recipes/food/views/turkish-zucchini-pancakes-1208,Turkish Zucchini Pancakes ,"1 pound zucchini, trimmed, coarsely grated $ 2 cups chopped green onions $ 4 eggs, beaten to blend $ 1/2 cup all purpose flour $ 1/3 cup chopped fresh dill or 1 1/2 tablespoons dried dillweed $ 1/3 cup chopped fresh parsley $ 2 tablespoons chopped fresh tarragon or 2 teaspoons dried $ 1/2 teaspoon salt $ 1/2 teaspoon ground pepper $ 1/2 cup crumbled feta cheese (about 3 ounces) $ 2/3 cup chopped walnuts (about 3 ounces) $ Olive oil $ ",Herb $ Vegetable $ Side $ Vegetarian $ Ramadan $ Feta $ Walnut $ Zucchini $ Pan-Fry $ Healthy $ Bon Appétit $ Sugar Conscious $ Kidney Friendly $ Pescatarian $ Peanut Free $ Soy Free $ No Sugar Added $ Kosher $ ,Mediterranean $ Turkish $ ,3.5/4,46,Herb $ Vegetable $ Side $ Vegetarian $ Ramadan $ Feta $ Walnut $ Zucchini $ Pan-Fry $ Healthy $ Bon Appétit $ Sugar Conscious $ Kidney Friendly $ Pescatarian $ Peanut Free $ Soy Free $ No Sugar Added $ Kosher $ Mediterranean $ Turkish $ 
https://www.epicurious.com/recipes/food/views/nightingales-nests-390,Nightingales' Nests ,"1 1/2 cups sugar $ 1 cup water $ 2 teaspoons fresh lemon juice $ 2 teaspoons orange flower water $ 1/2 cup finely chopped blanched almonds (about 2 1/2 ounces) $ 1/2 cup finely chopped unsalted pistachios (about 2 1/2 ounces) $ 2 tablespoons sugar $ 12 sheets fresh phyllo pastry or frozen, thawed $ 3/4 cup ( 1 1/2 sticks) unsalted butter, melted $ 1/2 cup chopped unsalted pistachios (about 2 1/2 ounces) $ ",Dessert $ Bake $ Almond $ Pistachio $ Bon Appétit $ ,Mediterranean $ Turkish $ ,4/4,1,Dessert $ Bake $ Almond $ Pistachio $ Bon Appétit $ Mediterranean $ Turkish $ 
https://www.epicurious.com/recipes/food/views/orange-and-date-baklava-4664,Orange and Date Baklava ,"1/3 cup sugar $ 3 tablespoons water $ 1 tablespoon fresh lemon juice $ 1 tablespoon honey $ 1 teaspoon orange flower water $ 1/4 teaspoon almond extract $ 3 cups whole pitted dates $ 1 tablespoon sugar $ 1 tablespoon grated orange peel $ 1/2 teaspoon ground cinnamon $ 1/4 cup orange juice $ 1/2 cup sugar $ 2 teaspoons ground cinnamon $ 12 sheets fresh phyllo pastry or frozen, thawed (each about 18 x 14 inches) $ 1/2 cup (1 stick) unsalted butter, melted $ ",Fruit $ Dessert $ Bake $ Orange $ Date $ Fall $ Winter $ Phyllo/Puff Pastry Dough $ Pastry $ Bon Appétit $ ,Greek $ Turkish $ ,3/4,2,Fruit $ Dessert $ Bake $ Orange $ Date $ Fall $ Winter $ Phyllo/Puff Pastry Dough $ Pastry $ Bon Appétit $ Greek $ Turkish $ 
https://www.epicurious.com/recipes/food/views/minted-turkish-delight-marinade-675,Minted Turkish Delight Marinade ,"1 cup plain yogurt $ 2 tablespoons fresh lemon juice $ 1 teaspoon grated lemon peel $ 1 cup chopped fresh mint $ 2 large garlic cloves, minced $ 1 teaspoon salt $ 1/2 teaspoon ground cinnamon $ 1/2 teaspoon cayenne pepper $ 1/4 teaspoon ground allspice $ ",Condiment/Spread $ Citrus $ Yogurt $ Mint $ Summer $ Bon Appétit $ ,Turkish $ ,3.5/4,12,Condiment/Spread $ Citrus $ Yogurt $ Mint $ Summer $ Bon Appétit $ Turkish $ 
https://www.epicurious.com/recipes/food/views/vermicelli-noodles-with-lemongrass-pork-meatballs,Vermicelli Noodles with Lemongrass Pork Meatballs ,"2 stalks lemongrass $ 2 pounds ground pork $ 1 tablespoon fish sauce $ 2 1/2 teaspoons kosher salt $ 2 teaspoons sugar $ 1/4 teaspoon white pepper $ 1/4 cup fish sauce $ 2 tablespoons sugar $ 2 tablespoons lime juice or white vinegar $ 1 clove garlic, peeled and minced $ 1 Thai chile or half of a serrano chile, stemmed and minced $ 2 cups canola oil $ 4 shallots, peeled and thinly sliced $ 1 pound rice vermicelli $ 2 carrots, peeled and julienned $ 1 small cucumber, peeled and thinly sliced $ Shredded lettuce $ Mint leaves $ Cilantro leaves $ Chopped peanuts $ ",Small Plates $ Dinner $ Meatball $ Noodle $ Pork $ Lemongrass $ Wheat/Gluten-Free $ ,Vietnamese $ ,4/4,2,Small Plates $ Dinner $ Meatball $ Noodle $ Pork $ Lemongrass $ Wheat/Gluten-Free $ Vietnamese $ 
https://www.epicurious.com/recipes/food/views/vietnamese-candy-pork,Candy Pork ,"8 ounces palm sugar, finely chopped (dark brown sugar can be substituted) $ 3/4 cup fish sauce $ 3 tablespoons canola oil $ 4 pounds boneless pork shoulder, cut into 2-inch-by-3-inch chunks $ Kosher salt and freshly ground black pepper $ 1 cup thinly sliced shallots $ 1 (2-inch-by-1-inch) piece fresh ginger, peeled and julienned $ 2 cloves garlic, peeled and crushed $ 2 to 3 Thai chilies (substitute 1 serrano chile), stemmed and crushed $ 3 cups coconut water $ ",Small Plates $ Kid-Friendly $ Dinner $ Pork $ Braise $ Butterscotch/Caramel $ Ginger $ Garlic $ Chile Pepper $ ,Asian $ Southeast Asian $ Vietnamese $ ,3.5/4,5,Small Plates $ Kid-Friendly $ Dinner $ Pork $ Braise $ Butterscotch/Caramel $ Ginger $ Garlic $ Chile Pepper $ Asian $ Southeast Asian $ Vietnamese $ 
https://www.epicurious.com/recipes/food/views/vegetarian-pho,Vegetarian Pho ,"2 tablespoons good-quality vegetable oil $ 1 large onion, halved and sliced $ 1 head garlic, cloves separated but unpeeled $ 1 2-inch piece fresh ginger, cut into coins $ Salt $ Pinch sugar $ 3 or 4 star anise pods $ 1 cinnamon stick $ 2 bay leaves $ 2 tablespoons black peppercorns $ 6 cups vegetable stock $ 1/4 cup soy sauce, plus more to taste $ 1 tablespoon cider vinegar $ 1 bunch fresh cilantro $ 1/2 pound mushrooms (any kind), trimmed $ 8 ounces thin rice vermicelli $ 6 cups boiling water $ 4 scallions, sliced, for garnish $ 2 or 3 limes, cut into wedges, for garnish $ Additional toppings as you like (see the list that follows) $ 2 tablespoons olive oil $ 4 carrots, sliced $ 4 celery stalks (plus any vegetable leaves), sliced $ 2 onions, quartered (don't bother to peel!) $ 2 baking potatoes, peeled and cut into chunks $ 1 head garlic (separate the cloves but don't bother to peel) $ 1 pound white button mushrooms, trimmed and halved or sliced $ Salt and pepper $ 10–20 parsley sprigs $ 2 bay leaves $ ",Dinner $ Vegetarian $ Soup/Stew $ Noodle $ Winter $ ,Vietnamese $ ,0/4,0,Dinner $ Vegetarian $ Soup/Stew $ Noodle $ Winter $ Vietnamese $ 
https://www.epicurious.com/recipes/food/views/hanoi-grilled-turmeric-fish-with-dill-and-onion,Hanoi Grilled Turmeric Fish with Dill and Onion ,"3 tablespoons fish sauce $ 1 teaspoon turmeric powder $ 1 tablespoon minced garlic $ 1/2 tablespoon fresh ginger $ 2 tablespoons finely diced shallots $ 1 tablespoon chopped dill fronds $ 1/4 teaspoon ground black pepper $ 1 pound striped bass skin-on fish filets, or any kind of white fish $ 1 small yellow or white onion, sliced $ 1/3 bunch plus 2/3 bunch fresh dill, stemmed $ 2 plus 2 scallion stalks, cut into 2-inch pieces $ Persian cucumber, julienned $ Pickled red onions $ 1/2 cup roasted peanuts, coarsely chopped $ 8 ounces vermicelli, cooked $ Coco Rico Vietnamese Fish Sauce $ Butter lettuce $ “Mam Nem” (optional) $ ",HarperCollins $ Fish $ Dinner $ Green Onion/Scallion $ ,Vietnamese $ Southeast Asian $ ,4/4,1,HarperCollins $ Fish $ Dinner $ Green Onion/Scallion $ Vietnamese $ Southeast Asian $ 
https://www.epicurious.com/recipes/food/views/grilled-beef-wrapped-in-sesame-leaves-bo-la-lot,Grilled Beef Wrapped in Sesame Leaves (Bo La Lot) ,"16 whole large Korean sesame leaves, stemmed $ 2/3 tablespoon finely minced shallots $ 1 1/3 tablespoons minced garlic $ 1/4 cup finely minced lemongrass $ 1 pound 80/20 ground chuck $ 5 2/3 teaspoons fish sauce $ 1 1/4 teaspoons five-spice powder $ 1 1/3 palm (aka coconut) sugar $ 2/3 teaspoon turmeric powder $ 6-inch bamboo skewers, presoaked in water overnight $ Cooking oil, for brushing $ White or black sesame seeds $ Red bell pepper, finely diced $ Pickled shredded carrots and daikon $ ",HarperCollins $ Grill $ Appetizer $ Hors D'Oeuvre $ Beef $ Shallot $ Garlic $ Lemongrass $ Ground Beef $ ,Vietnamese $ Southeast Asian $ Asian $ ,0/4,0,HarperCollins $ Grill $ Appetizer $ Hors D'Oeuvre $ Beef $ Shallot $ Garlic $ Lemongrass $ Ground Beef $ Vietnamese $ Southeast Asian $ Asian $ 
https://www.epicurious.com/recipes/food/views/beef-pho,Beef Pho ,"1 (2 1/3-in) piece ginger, peeled and halved $ 2 cloves garlic $ 1 shallot, halved $ 6 1/3 cups beef stock $ 1 star anise $ 1 stick cinnamon $ 3 teaspoons fish sauce $ 1 tablespoon palm sugar $ 7 ounces thin brown rice noodles, cooked and drained $ 1 small white onion, thinly sliced $ 1/2 pound beef fillet, frozen for 2 hours and thinly sliced $ Cracked black pepper $ 1 cup bean sprouts, trimmed $ 2 long red chilies, sliced $ 1/2 cup Thai basil leaves $ 1/2 cup Vietnamese mint leaves $ ",HarperCollins $ Soup/Stew $ Beef $ Beef Tenderloin $ Ginger $ Chile Pepper $ Basil $ Mint $ Anise $ Cinnamon $ Wheat/Gluten-Free $ Winter $ Dinner $ ,Vietnamese $ Southeast Asian $ Asian $ ,3.5/4,6,HarperCollins $ Soup/Stew $ Beef $ Beef Tenderloin $ Ginger $ Chile Pepper $ Basil $ Mint $ Anise $ Cinnamon $ Wheat/Gluten-Free $ Winter $ Dinner $ Vietnamese $ Southeast Asian $ Asian $ 
https://www.epicurious.com/recipes/food/views/classic-chicken-pho-ph-ga,Classic Chicken Pho (Phở Gà) ,"Chubby 4-inch (10 cm) section ginger, unpeeled $ 1 pound (450 g) yellow onion, unpeeled $ 3 pounds (1.35 kg) chicken parts, such as backs, necks, wings, feet, and drumsticks $ 1 (4-lb | 1.8-kg) whole chicken, rinsed and patted dry $ 5 quarts (5 l) water $ 2 tablespoons coriander seeds $ 4 whole cloves $ 1 small bunch (1 oz | 30 g) cilantro $ 1/2 ounce (15 g) Chinese yellow rock sugar $ 1 1/2 tablespoons fine sea salt $ About 3 tablespoons fish sauce $ 1 1/4 pounds (565 g) dried narrow flat rice noodles, or 2 pounds (900 g) fresh pho noodles $ Cooked chicken from the broth, cut or torn into bite-size pieces about 1/4-inch (6-mm) thick $ 1/2 medium (3 oz | 90 g) yellow or red onion, thinly sliced against the grain and soaked in water for 10 minutes $ 3 or 4 thinly sliced green onions, green parts only $ 1/2 cup (.35 oz | 10 g) chopped fresh cilantro, leafy tops only $ Pepper (optional) $ Optional extras: Garnish Plate for 8, Ginger Dipping Sauce $ ",Soup/Stew $ Chicken $ Noodle $ Winter $ Dinner $ Ginger $ Coriander $ Cilantro $ ,Vietnamese $ Southeast Asian $ Asian $ ,3/4,1,Soup/Stew $ Chicken $ Noodle $ Winter $ Dinner $ Ginger $ Coriander $ Cilantro $ Vietnamese $ Southeast Asian $ Asian $ 
https://www.epicurious.com/recipes/food/views/garnish-plate-for-pho,Garnish Plate for Pho ,"2 handfuls (about 3 oz | 90 g) bean sprouts $ 2 or 3 sprigs mint, regular or spicy $ 2 or 3 sprigs Thai basil $ 3 or 4 fresh culantro leaves $ 2 or 3 sprigs rice paddy herb $ 1 lime, cut into wedges $ 1 Thai chile or 1/2 jalapeño, Fresno, or serrano chile, thinly sliced $ ",Condiment $ Soup/Stew $ Herb $ Chile Pepper $ ,Vietnamese $ ,0/4,0,Condiment $ Soup/Stew $ Herb $ Chile Pepper $ Vietnamese $ 
https://www.epicurious.com/recipes/food/views/ginger-dipping-sauce-nc-mm-gng,Ginger Dipping Sauce (Nước Mắm Gừng) ,Rounded 2 tablespoons peeled and finely chopped ginger $ 6 tablespoons (90 ml) fresh lime juice $ 2 to 2 1/2 tablespoons sugar $ 2 to 3 tablespoons fish sauce $ 2 teaspoons finely chopped seeded Fresno or jalapeño chile $ ,Sauce $ Condiment $ Ginger $ Lime Juice $ Chile Pepper $ ,Vietnamese $ Southeast Asian $ ,0/4,0,Sauce $ Condiment $ Ginger $ Lime Juice $ Chile Pepper $ Vietnamese $ Southeast Asian $ 
https://www.epicurious.com/recipes/food/views/instant-pot-vietnamese-chicken-noodle-soup-pho-ga,Instant-Pot Vietnamese Chicken Noodle Soup (Pho Ga) ,"2 tablespoons canola oil $ 2 medium yellow onions, halved $ 1 (2-inch) piece ginger, cut into 1/4-inch slices $ 1 tablespoon coriander seeds $ 3 star anise pods $ 5 cloves $ 1 cinnamon stick $ 3 cardamom pods, lightly smashed $ 6 bone-in, skin-on chicken thighs $ 3 tablespoons fish sauce $ 1 tablespoon sugar $ 8 cups water $ Kosher salt $ Freshly ground black pepper $ 4 servings rice noodles, prepared according to package directions $ 3 scallions, sliced $ 1 small handful fresh herbs, such as mint, cilantro, and Thai basil, chopped $ 1 lime, cut into wedges $ Handful of bean sprouts (optional) $ 1 jalapeño, thinly sliced (optional) $ ",Instant Pot $ Pressure Cooker $ Soup/Stew $ Chicken $ Cilantro $ Ginger $ Coriander $ Anise $ Cardamom $ Clove $ Wheat/Gluten-Free $ Lime $ ,Vietnamese $ Southeast Asian $ Asian $ ,3.5/4,13,Instant Pot $ Pressure Cooker $ Soup/Stew $ Chicken $ Cilantro $ Ginger $ Coriander $ Anise $ Cardamom $ Clove $ Wheat/Gluten-Free $ Lime $ Vietnamese $ Southeast Asian $ Asian $ 
https://www.epicurious.com/recipes/food/views/vietnamese-chicken-soup-with-rice,Vietnamese Chicken Soup With Rice ,"2 skinless, boneless chicken thighs $ 1 (4x4-inch) piece dried kombu $ 1 (2-inch) piece ginger, peeled, crushed $ 3 star anise pods $ 1 (2-inch) cinnamon stick $ 2 whole cloves $ 4 cups chicken stock or low-sodium chicken broth $ 1 cup glutinous (sticky) rice or sushi rice, rinsed $ 1 tablespoon (or more) fish sauce $ 1 teaspoon palm or light brown sugar $ 1 scallion, thinly sliced $ 1 jalapeño, thinly sliced $ 1/2 cup cilantro leaves with tender stems $ 1/4 cup thinly sliced white onion $ ",Bon Appétit $ Soup/Stew $ Chicken $ Jalapeño $ Cilantro $ Rice $ Anise $ Dinner $ Wheat/Gluten-Free $ ,Southeast Asian $ Asian $ Vietnamese $ ,3.5/4,4,Bon Appétit $ Soup/Stew $ Chicken $ Jalapeño $ Cilantro $ Rice $ Anise $ Dinner $ Wheat/Gluten-Free $ Southeast Asian $ Asian $ Vietnamese $ 
https://www.epicurious.com/recipes/food/views/vietnamese-style-pork-chops-with-fresh-herb-salad,Vietnamese-Style Pork Chops with Fresh Herb Salad ,"1 large shallot, chopped $ 3 garlic cloves, chopped $ 1/3 cup (packed) light brown sugar $ 1/4 cup fish sauce $ 2 tablespoons dark or regular soy sauce $ 2 tablespoons vegetable oil $ 2 teaspoons freshly ground black pepper $ 4 (1/4–1/2-inch-thick) bone-in pork rib chops $ Kosher salt $ 3 firm red plums, cut into 1/2-inch wedges $ 2 scallions, dark- and pale-green parts only, thinly sliced $ 1 Fresno chile, thinly sliced $ 2 cups torn mixed herb leaves (such as Thai or sweet basil, cilantro, and/or mint) $ 1/2 cup bean sprouts $ 2 tablespoons unseasoned rice vinegar $ Lime wedges (for serving) $ ",Bon Appétit $ Pork $ Grill $ Herb $ Garlic $ Plum $ Green Onion/Scallion $ Chile Pepper $ Cilantro $ Basil $ Mint $ Summer $ Dinner $ Dairy Free $ Peanut Free $ Tree Nut Free $ ,Vietnamese $ ,4/4,19,Bon Appétit $ Pork $ Grill $ Herb $ Garlic $ Plum $ Green Onion/Scallion $ Chile Pepper $ Cilantro $ Basil $ Mint $ Summer $ Dinner $ Dairy Free $ Peanut Free $ Tree Nut Free $ Vietnamese $ 
https://www.epicurious.com/recipes/food/views/vietnamese-style-spaghetti-squash-noodle-bowls-with-skirt-steak,Vietnamese-Style Spaghetti Squash “Noodle” Bowls with Skirt Steak ,"1 medium spaghetti squash (2–2 1/2 pounds), halved lengthwise, seeded $ 1 1/2 teaspoons kosher salt $ 1/4 cup fish sauce $ 1 tablespoon brown sugar $ 1 tablespoon finely grated fresh ginger $ 2 garlic cloves, finely grated $ 1/2 cup fresh lime juice, divided $ 1 pound skirt steak, cut crosswise into 4-inch sections $ 1 medium jalapeño, stemmed, seeded, finely chopped $ 3 tablespoons toasted sesame oil $ 1 tablespoon neutral vegetable oil $ 1/2 romaine heart, coarsely chopped (about 4 cups) $ 1 medium carrot, peeled, sliced into 3"" matchsticks $ 1 mini or Persian cucumber, cut in half lengthwise, thinly sliced $ 1/2 cup mung bean sprouts (about 2 ounces) $ 2 scallions, thinly sliced $ 1/4 cup cilantro leaves $ 1/4 cup roasted salted peanuts, coarsely chopped $ ",Dinner $ Squash $ Healthy $ Steak $ Cucumber $ Salad $ Wheat/Gluten-Free $ Dairy Free $ Tree Nut Free $ Soy Free $ ,Vietnamese $ Asian $ ,3.5/4,21,Dinner $ Squash $ Healthy $ Steak $ Cucumber $ Salad $ Wheat/Gluten-Free $ Dairy Free $ Tree Nut Free $ Soy Free $ Vietnamese $ Asian $ 
https://www.epicurious.com/recipes/food/views/detox-pho-with-beef-mushrooms-and-kale-51260370,"Detox Pho with Beef, Mushrooms, and Kale ","12 ounces beef eye of round steak $ Two 2-inch pieces of ginger, unpeeled and thinly sliced $ 4 garlic cloves, smashed $ 2 star anise pods $ 1 cinnamon stick $ 5 whole cloves $ 8 cups Beef Bone Broth or store-bought low-sodium beef broth $ 1 teaspoon Asian fish sauce $ Kosher salt, to taste $ 4 ounces dried rice noodles, such as vermicelli or bahn pho (rice sticks) $ 8 ounces kale, stemmed and roughly chopped (about 4 cups) $ 4 ounces assorted mushrooms, such as cremini, shitake, oyster, beech, and/or maitake, sliced if large $ 1 cup mung bean sprouts $ 1/2 cup fresh herbs such as basil, mint, and/or cilantro $ 1 small red or green chile, thinly sliced $ 1 scallion, thinly sliced $ 1/2 small red onion, thinly sliced and rinsed in cold water $ 1 small carrot, julienned $ 1 lime, cut into wedges $ ",Soup/Stew $ Beef $ Boil $ ,Vietnamese $ ,3/4,27,Soup/Stew $ Beef $ Boil $ Vietnamese $ 
https://www.epicurious.com/recipes/food/views/quick-pork-pho-51252620,Quick Pork Pho ,"1 medium onion, peeled, halved through root end $ 2 chiles de árbol or 1/2 teaspoon crushed red pepper flakes $ 2 garlic cloves, crushed $ 1 cinnamon stick $ 2 star anise pods $ 1 teaspoon fennel seeds $ 1 1"" piece ginger, peeled, crushed $ 8 cups low-sodium chicken broth $ 2 tablespoons vegetable oil $ 2 bone-in pork shoulder steaks (about 12 ounces each) $ Kosher salt $ freshly ground pepper $ 8 ounces thin rice stick noodles $ Mung bean sprouts $ fresh cilantro leaves with tender stems $ thinly sliced scallions $ chopped unsalted, roasted peanuts $ lime wedges $ ",Soup/Stew $ Pork $ Dinner $ Lunch $ Meat $ Anise $ Cinnamon $ Noodle $ Bon Appétit $ ,Asian $ Vietnamese $ ,3.5/4,15,Soup/Stew $ Pork $ Dinner $ Lunch $ Meat $ Anise $ Cinnamon $ Noodle $ Bon Appétit $ Asian $ Vietnamese $ 
https://www.epicurious.com/recipes/food/views/breakfast-banh-mi-sandwich-with-eggs-and-sausage-51252290,Breakfast Banh Mi Sandwich with Eggs and Sausage ,"2 teaspoons minced scallion (white part only) $ 2 teaspoons minced ginger $ 1 1/2 teaspoons brown sugar $ 1 1/2 teaspoons red-pepper flakes $ 1 1/2 teaspoons minced garlic $ 1 1/2 teaspoons kosher salt $ 3/4 teaspoon freshly ground black pepper $ 3/4 teaspoon fresh thyme leaves $ 3/4 teaspoon fish sauce $ 1 1/4 pounds ground pork $ 2 tablespoons vegetable oil, divided $ 8 large eggs $ 1 baguette, cut into four segments, split on one side, toasted $ Mayonnaise, for serving $ Sambal or hot sauce, for serving $ Kosher salt $ Freshly ground black pepper $ 1 avocado, pitted and sliced $ 1 jalapeño, seeded and julienned, to taste $ Cilantro and mint leaves, for serving $ ",Sandwich $ Egg $ Pork $ Breakfast $ Sausage $ Dairy Free $ Peanut Free $ Tree Nut Free $ Soy Free $ ,Vietnamese $ ,4/4,4,Sandwich $ Egg $ Pork $ Breakfast $ Sausage $ Dairy Free $ Peanut Free $ Tree Nut Free $ Soy Free $ Vietnamese $ 
https://www.epicurious.com/recipes/food/views/vietnamese-pork-chops-with-pickled-watermelon-51241940,Vietnamese Pork Chops with Pickled Watermelon ,"2 small shallots, thinly sliced into rings $ 1/4 cup reduced-sodium soy sauce $ 2 tablespoons fish sauce (such as nam pla or nuoc nam) $ 2 tablespoons sugar $ 1/2 teaspoon Sriracha $ 4 1""-thick bone-in pork chops (about 2 1/2 pounds total) $ 6 tablespoons vegetable oil, divided $ 4 small shallots, thinly sliced $ Kosher salt $ 1 tablespoon unseasoned rice vinegar $ 1 teaspoon reduced-sodium soy sauce $ 1/4 teaspoon sugar $ Freshly ground black pepper $ 4 cups trimmed purslane or arugula $ 1/2 pound seedless watermelon, rind removed, cut into pieces, thinly sliced $ 1/2 cup Pickled Watermelon Rind , thinly sliced $ ",Dinner $ Buffet $ Watermelon $ Arugula $ Summer $ Bon Appétit $ Dairy Free $ Peanut Free $ Tree Nut Free $ ,Vietnamese $ ,4/4,6,Dinner $ Buffet $ Watermelon $ Arugula $ Summer $ Bon Appétit $ Dairy Free $ Peanut Free $ Tree Nut Free $ Vietnamese $ 
https://www.epicurious.com/recipes/food/views/lemongrass-pork-patties-with-vietnamese-dipping-sauce-51237010,Lemongrass Pork Patties With Vietnamese Dipping Sauce ,"1 pound ground pork $ 3 large cloves of garlic, minced (about 2 tablespoons) $ 1/4 cup thinly sliced scallion greens (from 3 to 4 scallions) $ 1 stalk lemongrass, tough outer layers removed, lower 6 inches of tender bulb, finely chopped $ 1 tablespoon finely chopped fresh ginger $ 1 1/2 teaspoons fish sauce (such as nuoc mam or nam pla) $ 1 1/2 teaspoons sugar $ 1/2 teaspoon freshly ground black pepper $ 3/4 teaspoon kosher salt $ 1 1/2 tablespoons rice vinegar, plus more to taste $ 1 tablespoons sugar, plus more to taste $ 1/4 cup water $ 1 tablespoon plus 1 teaspoon fish sauce $ Pinch of crushed red pepper $ 12 lettuce leaves, such as Boston lettuce or iceberg $ Herb sprigs, such as mint, cilantro and Thai basil $ ",Sandwich $ Ginger $ Pork $ Summer $ Grill $ Grill/Barbecue $ Lemongrass $ Green Onion/Scallion $ ,Vietnamese $ ,4/4,48,Sandwich $ Ginger $ Pork $ Summer $ Grill $ Grill/Barbecue $ Lemongrass $ Green Onion/Scallion $ Vietnamese $ 
https://www.epicurious.com/recipes/food/views/vietnamese-chicken-noodle-soup-51234630,Vietnamese Chicken Noodle Soup ,"1 3 1/2-4-pounds chicken $ 1 large onion, peeled, halved through root $ 2 medium carrots, peeled, cut into 1"" pieces $ 1 celery stalk, cut into 1"" pieces $ 2 pounds skin-on, bone-in chicken legs (thigh and drumstick; about 4) $ 1/4 teaspoon Chinese five-spice powder $ 1 teaspoon grated peeled ginger, plus one 4"" piece ginger, peeled, halved lengthwise $ 1 tablespoon kosher salt, plus more $ 1 tablespoon sugar, plus more $ 2 medium onions, peeled, halved through root $ 2 6"" pieces lemongrass, tough outer layer removed, stalk lightly smashed $ 6 black cardamom pods, crushed $ 4 whole star anise pods $ 2 cinnamon sticks $ 6 whole cloves $ 1 tablespoon fish sauce $ 1 pound dried wide rice noodles $ 8 ounces mung bean sprouts (about 2 cups) $ Spicy Pickled Shallots , fresh tender herbs such as Thai basil, mint, or cilantro), lime wedges (for serving) $ ",Soup/Stew $ Appetizer $ Dinner $ Bon Appétit $ Dairy Free $ Wheat/Gluten-Free $ Peanut Free $ Tree Nut Free $ Soy Free $ ,Vietnamese $ ,3.5/4,5,Soup/Stew $ Appetizer $ Dinner $ Bon Appétit $ Dairy Free $ Wheat/Gluten-Free $ Peanut Free $ Tree Nut Free $ Soy Free $ Vietnamese $ 
https://www.epicurious.com/recipes/food/views/chicken-and-green-papaya-salad-51234620,Chicken and Green Papaya Salad ,"4 small skinless, boneless chicken breasts (about 1 pound total) $ 1 tablespoon reduced-sodium soy sauce $ 1 teaspoon sugar $ 1/4 teaspoon Chinese five-spice powder $ Kosher salt, freshly ground pepper $ Vegetable oil (for grilling) $ 2 garlic cloves, finely chopped $ 2 tablespoons fresh lime juice $ 2 teaspoons sugar $ 1 teaspoon fish sauce $ 1/2 large green papaya and/or 2 green mangoes, julienned $ 1/2 medium cucumber, peeled, julienned $ 1 small daikon (Japanese white radish), peeled, julienned $ 1 medium carrot, peeled, julienned $ 6 scallions, julienned $ 1 Fresno chile, with seeds, finely chopped $ Kosher salt $ Banana blossom petals (for serving; optional) $ 2 tablespoons toasted sesame seeds $ ",Salad $ Chicken $ Kid-Friendly $ Quick & Easy $ Dinner $ Lunch $ Buffet $ Spring $ Summer $ Bon Appétit $ Dairy Free $ Peanut Free $ Tree Nut Free $ ,Vietnamese $ ,3/4,3,Salad $ Chicken $ Kid-Friendly $ Quick & Easy $ Dinner $ Lunch $ Buffet $ Spring $ Summer $ Bon Appétit $ Dairy Free $ Peanut Free $ Tree Nut Free $ Vietnamese $ 
https://www.epicurious.com/recipes/food/views/braised-spiced-pork-with-cao-lau-noodles-51234440,Braised Spiced Pork with Cao Lau Noodles ,"2 medium shallots, finely chopped $ 2 lemongrass stalks, tough outer layer removed, stalks lightly smashed, finely chopped $ 2 tablespoons reduced-sodium soy sauce $ 1 tablespoon fish sauce $ 1 tablespoon hot chili paste (such as sambal oelek) $ 2 teaspoons kosher salt $ 2 teaspoons sugar $ 1 1/2 teaspoon Chinese five-spice powder $ 1 pound boneless pork shoulder (Boston butt), halved $ 1 pound skin-on pork belly, halved $ 2 tablespoons vegetable oil $ 6 garlic cloves, finely chopped $ 1/2 cup plus 1 tablespoon vegetable oil $ 4 wonton or egg roll wrappers, cut into 4 squares $ Kosher salt $ 1 pound dried wide rice noodles $ 8 ounces mung bean sprouts (about 2 cups) $ 1 Fresno chile, with seeds, sliced $ 1 lime, cut into wedges $ Mixed fresh tender herbs (such as mint, cilantro, and Thai basil), hot chili paste (such as sambal oelek; for serving) $ ",Bean $ Pork $ Brunch $ Dinner $ Lunch $ Noodle $ Bon Appétit $ Dairy Free $ Peanut Free $ Tree Nut Free $ ,Vietnamese $ ,4/4,2,Bean $ Pork $ Brunch $ Dinner $ Lunch $ Noodle $ Bon Appétit $ Dairy Free $ Peanut Free $ Tree Nut Free $ Vietnamese $ 
https://www.epicurious.com/recipes/food/views/crisp-hoi-an-pancakes-51234430,Crisp Hoi An Pancakes ,"1 cup rice flour $ 1/2 teaspoons ground turmeric $ 1/2 teaspoons kosher salt $ 5 tablespoons (or more) vegetable oil, divided $ 4 ounces small shrimp, peeled, deveined $ Kosher salt, freshly ground pepper $ 6 scallions, thinly sliced $ 4 ounces mung bean sprouts (about 1 cup) $ Large green-leaf or Bibb lettuce leaves and mixed tender herbs (such as mint, cilantro, and Thai basil; for serving) $ Nuoc Cham $ ",Appetizer $ Side $ Bon Appétit $ Sugar Conscious $ Pescatarian $ Wheat/Gluten-Free $ Peanut Free $ Tree Nut Free $ Soy Free $ No Sugar Added $ ,Vietnamese $ ,3.5/4,5,Appetizer $ Side $ Bon Appétit $ Sugar Conscious $ Pescatarian $ Wheat/Gluten-Free $ Peanut Free $ Tree Nut Free $ Soy Free $ No Sugar Added $ Vietnamese $ 
https://www.epicurious.com/recipes/food/views/nuoc-cham-51234610,Nuoc Cham ,"1 (or more) Thai chile, with seeds, thinly sliced $ 2 garlic cloves, finely chopped $ 2 teaspoons grated peeled ginger $ 2 1/2 teaspoon sugar $ 1/3 cup fresh lime juice $ 1/4 cup fish sauce $ ",Sauce $ Bon Appétit $ ,Vietnamese $ ,0/4,0,Sauce $ Bon Appétit $ Vietnamese $ 
https://www.epicurious.com/recipes/food/views/spicy-pickled-shallots-51234810,Spicy Pickled Shallots ,"2 medium shallots, thinly sliced $ 2 garlic cloves, thinly sliced $ 2 Thai chiles, with seeds, sliced $ 2 tablespoons fresh lime juice $ 2 tablespoons unseasoned rice vinegar $ 3/4 teaspoon sugar $ 1/2 teaspoon kosher salt $ ",Salad $ Shallot $ Bon Appétit $ ,Vietnamese $ ,0/4,0,Salad $ Shallot $ Bon Appétit $ Vietnamese $ 
https://www.epicurious.com/recipes/food/views/vietnamese-banh-mi-chicken-burger-51196210,"Vietnamese ""Banh Mi"" Chicken Burger ","1 small cucumber, thinly sliced $ 1 medium carrot, peeled and sliced into ribbons $ 3 radishes, thinly sliced $ 1 cup white vinegar $ 2 1/2 teaspoon salt, divided $ 1 teaspoon sugar $ 6 ounces firm tofu $ 1 egg $ 1/4 cup scallions, chopped $ 1/2 teaspoon black pepper, divided $ 1 1/4 pounds ground chicken $ 1 tablespoon olive oil $ 2 teaspoons sesame oil $ 1/2 pound shiitake mushrooms $ 2 teaspoons soy sauce $ 1 1/2 teaspoon apple cider vinegar $ 1/4 teaspoon ground cumin $ 1/8 teaspoon brown sugar $ 1 cup bean sprouts $ 1 bunch cilantro, chopped $ 4 whole-wheat hamburger buns $ ",Sandwich $ Chicken $ Bake $ Low Fat $ Kid-Friendly $ Dinner $ Lunch $ Healthy $ Self $ Dairy Free $ Peanut Free $ Tree Nut Free $ Kosher $ ,Vietnamese $ ,3.5/4,8,Sandwich $ Chicken $ Bake $ Low Fat $ Kid-Friendly $ Dinner $ Lunch $ Healthy $ Self $ Dairy Free $ Peanut Free $ Tree Nut Free $ Kosher $ Vietnamese $ 
https://www.epicurious.com/recipes/food/views/rice-vermicelli-with-chicken-and-nuoc-cham-51170200,Rice Vermicelli with Chicken and Nuoc Cham ,"1 1/2 pound skin-on, bone-in chicken breasts (about 2) $ Kosher salt $ 1 large shallot, thinly sliced crosswise, separated into rings $ 1/2 cup vegetable oil $ 8 ounces rice vermicelli noodles $ 1 Fresno chile or red jalapeño, with seeds, finely chopped $ 1 small garlic clove, finely grated $ 1/3 cup fresh lime juice $ 1/4 cup fish sauce (such as nam pla or nuoc nam) $ 2 tablespoons light brown sugar $ 4 baby white turnips, trimmed, thinly sliced into rounds $ 4 radishes, trimmed, thinly sliced into rounds $ 1 1/2 cups fresh Thai or sweet basil leaves, divided $ ",Chicken $ Low Fat $ Quick & Easy $ Dinner $ Lunch $ Radish $ Turnip $ Healthy $ Bon Appétit $ Dairy Free $ Wheat/Gluten-Free $ Peanut Free $ Tree Nut Free $ Soy Free $ ,Asian $ Vietnamese $ ,3.5/4,7,Chicken $ Low Fat $ Quick & Easy $ Dinner $ Lunch $ Radish $ Turnip $ Healthy $ Bon Appétit $ Dairy Free $ Wheat/Gluten-Free $ Peanut Free $ Tree Nut Free $ Soy Free $ Asian $ Vietnamese $ 
