link,name,ingredients,recipe_category,recipe_cuisine,rating,rating_count,keywords
https://www.epicurious.com/recipes/food/views/spinach-and-tofu-paneer-355880,Spinach and Tofu Paneer ,"1 carton firm or soft tofu $ Salt $ 1 large bunch spinach, stems discarded, leaves well washed $ 1 jalapeño chile, seeded and coarsely chopped $ 1 serrano chile, coarsely chopped $ 1-inch knob ginger, peeled and diced $ 3 garlic cloves, coarsely chopped $ 1 cup diced onion $ 2 tablespoons ghee, butter, or vegetable oil $ 1 1/2 teaspoons ground cumin $ 1/8 teaspoon nutmeg, plus a pinch $ 1/8 teaspoon cayenne pepper $ 1/2 cup half-and-half $ 1/3 cup yogurt $ ",Soup/Stew $ Food Processor $ Garlic $ Ginger $ Onion $ Rice $ Soy $ Vegetable $ Side $ Vegetarian $ Quick & Easy $ Yogurt $ Dinner $ Lunch $ Tofu $ Spinach $ Healthy $ Nutmeg $ Butter $ Cumin $ Pescatarian $ Wheat/Gluten-Free $ Peanut Free $ Tree Nut Free $ No Sugar Added $ Kosher $ ,Asian $ Indian $ South Asian $ ,3/4,29,Soup/Stew $ Food Processor $ Garlic $ Ginger $ Onion $ Rice $ Soy $ Vegetable $ Side $ Vegetarian $ Quick & Easy $ Yogurt $ Dinner $ Lunch $ Tofu $ Spinach $ Healthy $ Nutmeg $ Butter $ Cumin $ Pescatarian $ Wheat/Gluten-Free $ Peanut Free $ Tree Nut Free $ No Sugar Added $ Kosher $ Asian $ Indian $ South Asian $ 
https://www.epicurious.com/recipes/food/views/tandoori-style-roast-chicken-351426,Tandoori-Style Roast Chicken ,1 cup plain nonfat or low-fat yogurt $ 2 1/2 teaspoons Seriously Simple Seasoning Salt or other seasoning salt $ One 3 1/2- to 4-pound chicken $ 1 pound baby Yukon gold or fingerling potatoes $ Fresh flat-leaf parsley or watercress sprigs for garnish $ ,Chicken $ Marinate $ Roast $ Dinner $ ,Asian $ Indian $ South Asian $ ,2/4,8,Chicken $ Marinate $ Roast $ Dinner $ Asian $ Indian $ South Asian $ 
https://www.epicurious.com/recipes/food/views/curried-chicken-salad-with-spiced-chickpeas-and-raita-243206,Curried Chicken Salad with Spiced Chickpeas and Raita ,"1 medium onion, chopped (1 cup) $ 1 tablespoon minced garlic $ 1 tablespoon minced peeled ginger $ 2 tablespoons vegetable oil $ 1 tablespoon curry powder $ 1 teaspoon ground cumin $ 2 medium tomatoes, chopped (1 cup) $ 1 cup plain yogurt $ 2 tablespoons cilantro $ 1 rotisserie chicken, meat coarsely shredded (3 to 4 cups) $ 1 cup red grapes, halved $ 1 tablespoon vegetable oil $ 1 (19-ounce) can chickpeas, rinsed, drained, and patted dry (2 cups) $ 1 teaspoon ground cumin $ 1/2 teaspoon turmeric $ 1/4 teaspoon cayenne $ 1 cup plain yogurt $ 1 seedless cucumber, peeled, cored, and chopped (2 cups) $ 2 tablespoons chopped mint $ 1/2 cup sliced almonds, toasted $ 4 (16-ounce) wide jars or containers with lids $ ",Chicken $ Poultry $ Tomato $ Picnic $ Kid-Friendly $ Yogurt $ High Fiber $ Lunch $ Tree Nut $ Almond $ Spice $ Curry $ Cucumber $ Chickpea $ Healthy $ Gourmet $ Wheat/Gluten-Free $ Peanut Free $ Soy Free $ No Sugar Added $ Diabetes-Friendly $ ,Indian $ South Asian $ ,3.5/4,57,Chicken $ Poultry $ Tomato $ Picnic $ Kid-Friendly $ Yogurt $ High Fiber $ Lunch $ Tree Nut $ Almond $ Spice $ Curry $ Cucumber $ Chickpea $ Healthy $ Gourmet $ Wheat/Gluten-Free $ Peanut Free $ Soy Free $ No Sugar Added $ Diabetes-Friendly $ Indian $ South Asian $ 
https://www.epicurious.com/recipes/food/views/homemade-curry-powder-241909,Homemade Curry Powder ,"2 dried red chiles, stemmed $ 1 tablespoon coriander seeds $ 1 tablespoon fennel seeds $ 1 teaspoon cumin seeds $ 1 teaspoon ground mace $ 1 teaspoon ground white pepper $ 1/2 teaspoon turmeric $ ",Roast $ Bon Appétit $ ,South Asian $ ,4/4,2,Roast $ Bon Appétit $ South Asian $ 
https://www.epicurious.com/recipes/food/views/spiced-roasted-turkey-240546,Spiced Roasted Turkey ,"1 teaspoon black peppercorns $ 1 teaspoon Sichuan peppercorns $ 1 teaspoon coriander seeds $ 2 whole cloves $ 1/2 teaspoon star anise pieces $ 4 teaspoons coarse sea salt $ 2 tablespoons finely grated (with a Microplane) peeled ginger (a 5-inch piece) $ 2 tablespoons finely grated (with a Microplane) garlic (8 cloves) $ 2 tablespoons unsalted butter, softened $ 1 (14-pound) turkey at room temperature 1 hour, any feathers and quills removed with tweezers or needlenose pliers, reserving neck and giblets (discard liver) $ 2 tablespoons vegetable oil $ 2 bunches scallions, coarsely chopped $ 2 carrots, coarsely chopped $ 2 celery ribs, coarsely chopped $ 6 (1/4-inch-thick) slices fresh ginger $ 1 cup Chinese rice wine, such as Shaoxing, or medium-dry Sherry $ 4 to 5 cups reduced-sodium chicken broth $ 1 tablespoon soy sauce $ 3 tablespoons cornstarch $ Equipment: an electric coffee/spice grinder; kitchen string; a V-shaped roasting rack; a 17- by 14-inch roasting pan; a 1-quart measuring cup; a fat separator (optional) $ kitchen string $ 1 V-shaped roasting rack $ 1 17- by 14-inch roasting pan $ 1 1-quart measuring cup $ 1 fat separator $ ",Poultry $ turkey $ Roast $ Thanksgiving $ Fall $ Winter $ Gourmet $ ,Indian $ South Asian $ ,3.5/4,4,Poultry $ turkey $ Roast $ Thanksgiving $ Fall $ Winter $ Gourmet $ Indian $ South Asian $ 
https://www.epicurious.com/recipes/food/views/steamed-asian-white-rice-240263,Steamed Asian White Rice ,"3 cups short- or medium-grain Asian white rice (sometimes labeled ""sushi rice""; preferably Korean or Japanese; not sweet or glutinous) $ 3 1/2 cups water $ ",Rice $ Side $ Vegetarian $ Dinner $ Lunch $ Gourmet $ Fat Free $ Sugar Conscious $ Low Sugar $ Kidney Friendly $ Vegan $ Pescatarian $ Dairy Free $ Wheat/Gluten-Free $ Peanut Free $ Tree Nut Free $ Soy Free $ No Sugar Added $ Kosher $ ,Asian $ Japanese $ South Asian $ ,4/4,0,Rice $ Side $ Vegetarian $ Dinner $ Lunch $ Gourmet $ Fat Free $ Sugar Conscious $ Low Sugar $ Kidney Friendly $ Vegan $ Pescatarian $ Dairy Free $ Wheat/Gluten-Free $ Peanut Free $ Tree Nut Free $ Soy Free $ No Sugar Added $ Kosher $ Asian $ Japanese $ South Asian $ 
https://www.epicurious.com/recipes/food/views/tandoori-chicken-240025,Tandoori Chicken ,"1 pint nonfat plain yogurt $ 1/2 cup white vinegar $ 1/2 cup heavy cream $ 4 garlic cloves, mashed $ 1 1/2 tablespoons ground cumin $ 1 tablespoon garam masala $ 1 tablespoon salt $ 1/2 cup Hungarian paprika $ 1 2-inch piece ginger, grated $ 1/2 cup olive oil $ 2 tablespoons black pepper $ 3 tablespoons tomato paste $ 4 quartered chickens or the equivalent, cut into pieces $ ",Milk/Cream $ Chicken $ Tomato $ Marinate $ Kid-Friendly $ Yogurt $ Cookie $ ,Asian $ Indian $ South Asian $ ,0/4,3,Milk/Cream $ Chicken $ Tomato $ Marinate $ Kid-Friendly $ Yogurt $ Cookie $ Asian $ Indian $ South Asian $ 
https://www.epicurious.com/recipes/food/views/kashmiri-chai-with-gin-233819,Kashmiri Chai with Gin ,"1 1/2 tablespoons shelled and peeled pistachios (raw or roasted salted) $ 10 whole green cardamom pods, lightly crushed to remove seeds, discarding pods, or 1/2 teaspoon ground cardamom $ 1 (1-inch) piece of cinnamon stick $ Large pinch of saffron threads (15 to 20) $ 1/4 teaspoon freshly grated nutmeg $ 2 cups whole milk $ 3 1/2 tablespoons packed light brown sugar, or to taste $ 1/8 teaspoon salt, or to taste $ 2 cups water $ 5 teaspoons loose black tea leaves such as Orange Pekoe $ 4 ounces (1/2 cup) full-flavored gin such as Tanqueray or Plymouth $ a mortar and pestle or an electric coffee/spice grinder $ ",Gin $ Milk/Cream $ Tea $ Hot Drink $ Alcoholic $ Pistachio $ Saffron $ Winter $ Cinnamon $ Nutmeg $ Gourmet $ Drink $ ,Indian $ South Asian $ ,4/4,1,Gin $ Milk/Cream $ Tea $ Hot Drink $ Alcoholic $ Pistachio $ Saffron $ Winter $ Cinnamon $ Nutmeg $ Gourmet $ Drink $ Indian $ South Asian $ 
https://www.epicurious.com/recipes/food/views/basmati-rice-microwave-method-for-cooking-102957,"Basmati Rice, Microwave Method for Cooking ",2 cups unrinsed Basmati rice $ 3 cups cold water $ ,Rice $ Side $ Vegetarian $ Low Sodium $ Vegan $ Gourmet $ ,Indian $ South Asian $ ,3/4,29,Rice $ Side $ Vegetarian $ Low Sodium $ Vegan $ Gourmet $ Indian $ South Asian $ 
https://www.epicurious.com/recipes/food/views/chicken-tikka-kebabs-272,Chicken Tikka Kebabs ,"2 pounds skinless boneless chicken breast halves, cut into 1-inch pieces $ 1/4 cup fresh lemon juice $ 1/2 teaspoon salt $ 1/4 cup plain yogurt $ 4 garlic cloves, minced $ 1 1/2 tablespoons ground coriander $ 2 teaspoons ground cumin $ 1 teaspoon ground turmeric $ 1/8 teaspoon ground ginger $ Pinch of dried crushed red pepper $ 12 6- to 8-inch bamboo skewers, soaked in water 30 minutes $ 2 tablespoons (1/4 stick) butter, melted $ ",Chicken $ Dairy $ Garlic $ Poultry $ Marinate $ Yogurt $ Low Cal $ Backyard BBQ $ Dinner $ Spice $ Summer $ Grill $ Grill/Barbecue $ Bon Appétit $ Sugar Conscious $ Wheat/Gluten-Free $ Peanut Free $ Tree Nut Free $ Soy Free $ No Sugar Added $ ,Asian $ Indian $ South Asian $ ,3/4,41,Chicken $ Dairy $ Garlic $ Poultry $ Marinate $ Yogurt $ Low Cal $ Backyard BBQ $ Dinner $ Spice $ Summer $ Grill $ Grill/Barbecue $ Bon Appétit $ Sugar Conscious $ Wheat/Gluten-Free $ Peanut Free $ Tree Nut Free $ Soy Free $ No Sugar Added $ Asian $ Indian $ South Asian $ 
https://www.epicurious.com/recipes/food/views/sour-cream-cake-with-cardamom-and-pistachios-100679,Sour Cream Cake with Cardamom and Pistachios ,"2 cups all purpose flour $ 1 1/8 teaspoons ground cardamom $ 3/4 teaspoon baking soda $ 1/2 teaspoon salt $ 1/8 teaspoon ground cinnamon $ 1 cup plus 2 teaspoons sugar $ 6 tablespoons (3/4 stick) unsalted butter, room temperature $ 4 large eggs $ 1 teaspoon vanilla extract $ 1 cup sour cream $ 1/2 cup coarsely chopped roasted unsalted pistachios (about 3 ounces) $ ",Cake $ Dairy $ Egg $ Nut $ Dessert $ Bake $ Pistachio $ Sour Cream $ Bon Appétit $ Kidney Friendly $ Vegetarian $ Pescatarian $ Peanut Free $ Soy Free $ Kosher $ ,Indian $ South Asian $ ,2.5/4,12,Cake $ Dairy $ Egg $ Nut $ Dessert $ Bake $ Pistachio $ Sour Cream $ Bon Appétit $ Kidney Friendly $ Vegetarian $ Pescatarian $ Peanut Free $ Soy Free $ Kosher $ Indian $ South Asian $ 
https://www.epicurious.com/recipes/food/views/lemon-rice-with-peanuts-102950,Lemon Rice with Peanuts ,2 cups basmati rice $ 3 cups water $ 1 tablespoon vegetable oil $ 2 teaspoons black mustard seeds $ 1 tablespoon minced peeled fresh ginger $ 1/3 cup finely chopped salted roasted peanuts $ 1/2 teaspoon turmeric $ 3 tablespoons fresh lemon juice $ 1 tablespoon julienne strips of fresh lemon zest $ ,Nut $ Rice $ Side $ Vegetarian $ Peanut $ Spice $ Legume $ Winter $ Gourmet $ Sugar Conscious $ Kidney Friendly $ Vegan $ Pescatarian $ Dairy Free $ Wheat/Gluten-Free $ Tree Nut Free $ Soy Free $ No Sugar Added $ Kosher $ ,Indian $ South Asian $ ,2.5/4,7,Nut $ Rice $ Side $ Vegetarian $ Peanut $ Spice $ Legume $ Winter $ Gourmet $ Sugar Conscious $ Kidney Friendly $ Vegan $ Pescatarian $ Dairy Free $ Wheat/Gluten-Free $ Tree Nut Free $ Soy Free $ No Sugar Added $ Kosher $ Indian $ South Asian $ 
https://www.epicurious.com/recipes/food/views/collard-green-wraps-with-curried-tofu,Collard Green Wraps with Curried Tofu ,"5 scallions $ 4 garlic cloves, finely grated $ 1 (2"") piece ginger, peeled, finely grated $ 1 Tbsp. virgin coconut oil or vegetable oil $ 2 Tbsp. Thai red curry paste $ 1 (14-oz.) package firm tofu, drained, broken into 1"" pieces $ 1 cup unsweetened coconut milk $ Kosher salt $ 1 Tbsp. fresh lime juice $ 1 Fresno chile, thinly sliced (optional) $ 1 bunch collard greens, leaves halved lengthwise, ribs and stems removed, covered, chilled $ 1/2 cup cilantro leaves with tender stems $ 1/2 cup Dang Original coconut chips or toasted unsweetened coconut flakes $ Lime wedges (for serving) $ ",Bon Appétit $ Dinner $ Green Onion/Scallion $ Garlic $ Ginger $ Tofu $ Coconut $ Collard Greens $ Cilantro $ Lime Juice $ Vegetarian $ Vegan $ Wheat/Gluten-Free $ ,Southeast Asian $ ,4/4,1,Bon Appétit $ Dinner $ Green Onion/Scallion $ Garlic $ Ginger $ Tofu $ Coconut $ Collard Greens $ Cilantro $ Lime Juice $ Vegetarian $ Vegan $ Wheat/Gluten-Free $ Southeast Asian $ 
https://www.epicurious.com/recipes/food/views/indonesian-chicken-satay-sate-ayam,Chicken Satay (Sate Ayam) ,"5 candlenuts or cashews, or 10 blanched almonds $ 5 cloves garlic $ 2 fresh chiles, cut into medium chunks $ Sea salt $ 1 tablespoon ground coriander $ Finely ground black pepper $ 1/2 teaspoon cayenne pepper $ 2 tablespoons vegetable oil $ 1/2 cup (75 g) raw peanuts, finely ground $ 1 tablespoon kecap manis (or 1 teaspoon sugar), plus more for the sauce $ 1 pound 10 ounces (750 g) boneless, skinless dark chicken meat, cut into long strips 1/4-inch (0.5 cm) thick $ ",HarperCollins $ HarperCollins $ Grill $ Peanut $ Nut $ Chicken $ Dinner $ Chile Pepper $ Garlic $ Soy Sauce $ ,Indonesian $ Southeast Asian $ Asian $ ,0/4,0,HarperCollins $ HarperCollins $ Grill $ Peanut $ Nut $ Chicken $ Dinner $ Chile Pepper $ Garlic $ Soy Sauce $ Indonesian $ Southeast Asian $ Asian $ 
https://www.epicurious.com/recipes/food/views/thai-style-squid-and-cucumber-salad,Thai-Style Squid and Cucumber Salad ,"1/4 cup fresh lime juice (from about 3 limes) $ 1 garlic clove, finely grated $ 1 Tbsp. fish sauce $ 1 1/2 tsp. dark brown sugar $ 1/4 cup plus 1 Tbsp. (or more) vegetable oil $ 2 tsp. kosher salt, divided $ 4 mini seedless or Persian cucumbers, halved lengthwise, sliced diagonally into 1/4""-thick slices $ 1–2 Fresno chiles, seeded, thinly sliced $ 1/2 cup salted, roasted peanuts $ 1 1/2 lb. cleaned squid, patted dry $ 1/4 cup cilantro sprigs $ Steamed white rice (for serving; optional) $ ",Salad $ Lime Juice $ Garlic $ Cucumber $ Chile $ Peanut $ Squid $ Cilantro $ Rice $ Dinner $ Thailand $ Seafood $ Summer $ Spring $ ,Asian $ Southeast Asian $ Thai $ ,4/4,1,Salad $ Lime Juice $ Garlic $ Cucumber $ Chile $ Peanut $ Squid $ Cilantro $ Rice $ Dinner $ Thailand $ Seafood $ Summer $ Spring $ Asian $ Southeast Asian $ Thai $ 
https://www.epicurious.com/recipes/food/views/vietnamese-candy-pork,Candy Pork ,"8 ounces palm sugar, finely chopped (dark brown sugar can be substituted) $ 3/4 cup fish sauce $ 3 tablespoons canola oil $ 4 pounds boneless pork shoulder, cut into 2-inch-by-3-inch chunks $ Kosher salt and freshly ground black pepper $ 1 cup thinly sliced shallots $ 1 (2-inch-by-1-inch) piece fresh ginger, peeled and julienned $ 2 cloves garlic, peeled and crushed $ 2 to 3 Thai chilies (substitute 1 serrano chile), stemmed and crushed $ 3 cups coconut water $ ",Small Plates $ Kid-Friendly $ Dinner $ Pork $ Braise $ Butterscotch/Caramel $ Ginger $ Garlic $ Chile Pepper $ ,Asian $ Southeast Asian $ Vietnamese $ ,3.5/4,5,Small Plates $ Kid-Friendly $ Dinner $ Pork $ Braise $ Butterscotch/Caramel $ Ginger $ Garlic $ Chile Pepper $ Asian $ Southeast Asian $ Vietnamese $ 
https://www.epicurious.com/recipes/food/views/spicy-larb-with-cabbage-cups,Spicy Larb with Cabbage Cups ,"1/2 cup raw skin-on peanuts $ 2 Tbsp. vegetable oil $ 4 garlic cloves, crushed $ 1 lb. ground pork, beef, or lamb $ Kosher salt $ 1 large shallot, thinly sliced into rings $ 5 scallions, thinly sliced $ 4 red or green Thai chiles, thinly sliced $ 1 lemongrass stalk, bottom third only, tough outer layers removed, thinly sliced $ 2 Tbsp. fresh lime juice $ 1 Tbsp. plus 1 tsp. fish sauce $ 1 cup torn mint leaves $ 1/4 head of green cabbage, halved crosswise, leaves separated $ Cooked short-grain rice and lime wedges (for serving) $ ",Bon Appétit $ Dinner $ Ground Lamb $ Ground Beef $ Chile Pepper $ Lemongrass $ Mint $ Cabbage $ Rice $ Peanut $ Garlic $ Green Onion/Scallion $ ,Asian $ Southeast Asian $ ,3/4,2,Bon Appétit $ Dinner $ Ground Lamb $ Ground Beef $ Chile Pepper $ Lemongrass $ Mint $ Cabbage $ Rice $ Peanut $ Garlic $ Green Onion/Scallion $ Asian $ Southeast Asian $ 
https://www.epicurious.com/recipes/food/views/short-ribs-slow-roasted-in-coconut-milk,Short Ribs Slow-Roasted in Coconut Milk ,"1/3 cup unsweetened coconut flakes $ 3 lb. (1 1/2–2""-thick) cross-cut beef short ribs (flanken style; well-marbled works best) $ Kosher salt $ 2 lemongrass stalks $ 1 shallot, chopped $ 4 garlic cloves $ 2 red Fresno chiles or jalapeños, seeds removed $ 1 (1"") piece ginger, peeled, finely grated $ 1 (13.5-oz.) can unsweetened coconut milk $ 1 Tbsp. curry powder $ 1 cup cilantro leaves with tender stems $ 2 Tbsp. fresh lime juice $ Steamed white rice (for serving) $ ",Bon Appétit $ Dinner $ Beef Rib $ Beef $ Coconut $ Lemongrass $ Garlic $ Ginger $ Cilantro $ Curry $ Roast $ ,Indonesian $ Southeast Asian $ ,3/4,4,Bon Appétit $ Dinner $ Beef Rib $ Beef $ Coconut $ Lemongrass $ Garlic $ Ginger $ Cilantro $ Curry $ Roast $ Indonesian $ Southeast Asian $ 
https://www.epicurious.com/recipes/food/views/arroz-caldo-filipino-chicken-rice-porridge,Arroz Caldo (Chicken Rice Porridge) ,"200 g (7 oz / 1 cup) white glutinous rice $ 100 g (3 1/2 oz / 1/2 cup) jasmine or medium-grain rice $ 1.7 kg (3 lb 12 oz) whole chicken, jointed into 4 pieces, bone in $ 60 ml (2 fl oz / 1/4 cup) vegetable oil $ 9 garlic cloves, 6 thinly sliced, 3 finely chopped $ 1 large onion, finely chopped $ 4 cm (1 1/2-inch) piece ginger, peeled and cut into julienne $ 60 ml (2 fl oz / 1/4 cup) fish sauce $ 2 spring onions (scallions), very thinly sliced $ 6 hard-boiled eggs, peeled and halved $ Sesame oil (optional) and 8 kalamansi or lime wedges, to serve $ ",Soup/Stew $ Philippines $ Chicken $ Rice $ Ginger $ Garlic $ Egg $ ,Asian $ Southeast Asian $ ,4/4,6,Soup/Stew $ Philippines $ Chicken $ Rice $ Ginger $ Garlic $ Egg $ Asian $ Southeast Asian $ 
https://www.epicurious.com/recipes/food/views/instant-pot-thai-coconut-clams-melissa-clark,Instant Pot Thai Coconut Clams ,"1 tablespoon coconut oil $ 3 shallots, halved lengthwise and sliced $ 1 stalk fresh lemongrass $ 1/2 cup vegetable broth or chicken stock, preferably homemade $ 1 (1-inch) piece of fresh ginger, peeled and cut into matchsticks $ 2 jalapeño peppers, seeded and sliced $ 2 tablespoons Asian fish sauce $ 1 tablespoon light brown sugar $ 1/2 cup canned full-fat coconut milk (not refrigerated nondairy beverage) $ 2 pounds clams, scrubbed $ Salt and freshly ground black pepper to taste $ 1 scallion (white and green parts), chopped $ 1/2 cup fresh cilantro leaves, chopped $ 1 lime, cut into wedges, for squeezing $ ",Clam $ Seafood $ Instant Pot $ Pressure Cooker $ Super Bowl $ Coconut $ Shellfish $ Appetizer $ Dinner $ Quick & Easy $ ,Thai $ Southeast Asian $ ,4/4,4,Clam $ Seafood $ Instant Pot $ Pressure Cooker $ Super Bowl $ Coconut $ Shellfish $ Appetizer $ Dinner $ Quick & Easy $ Thai $ Southeast Asian $ 
https://www.epicurious.com/recipes/food/views/thai-pickled-cucumber-ajat-relish-salad,Cucumber Ajat ,"4 ounces (112 grams) medium pickling cucumbers, quartered lengthwise, sliced 1/4-inch thick $ 1/4 cup (40 grams) thinly sliced shallots $ 2 fresh Thai chiles, thinly sliced (3 grams) $ 1/4 cup (56 grams) distilled white vinegar $ 1/4 cup (50 grams) granulated sugar $ 1 teaspoon (4 grams) kosher salt $ ",HarperCollins $ Salad $ Side $ Cucumber $ Shallot $ Quick & Easy $ Quick and Healthy $ Vegetarian $ Vegan $ Wheat/Gluten-Free $ ,Southeast Asian $ Thai $ ,0/4,0,HarperCollins $ Salad $ Side $ Cucumber $ Shallot $ Quick & Easy $ Quick and Healthy $ Vegetarian $ Vegan $ Wheat/Gluten-Free $ Southeast Asian $ Thai $ 
https://www.epicurious.com/recipes/food/views/leche-flan-with-grapefruit,Leche Flan with Grapefruit ,"1 small grapefruit $ 1 2/3 cups sugar, divided $ 4 large eggs $ 5 large egg yolks $ 1 1/3 cups heavy cream $ 1 1/3 cups whole milk $ 1/4 teaspoon kosher salt $ ",Bon Appétit $ Dessert $ Philippines $ Custard $ Milk/Cream $ Egg $ Grapefruit $ Christmas $ Christmas Eve $ ,Asian $ Southeast Asian $ ,2/4,1,Bon Appétit $ Dessert $ Philippines $ Custard $ Milk/Cream $ Egg $ Grapefruit $ Christmas $ Christmas Eve $ Asian $ Southeast Asian $ 
https://www.epicurious.com/recipes/food/views/filipino-style-beef-steak-with-onion-and-bay-leaves-bistek,Filipino-Style Beef Steak with Onion and Bay Leaves (Bistek) ,"2 (1-inch-thick) boneless rib-eye steaks, excess fat trimmed $ 2 tablespoons vegetable oil, divided $ 8 fresh bay leaves $ 1 large white onion, sliced into 1/2"" thick rounds $ 1/4 cup fresh lemon juice $ 1/4 cup soy sauce $ Kosher salt $ ",Bon Appétit $ Dinner $ Christmas Eve $ Steak $ Beef Rib $ Beef $ Onion $ Soy Sauce $ Philippines $ Quick & Easy $ Christmas $ ,Asian $ Southeast Asian $ ,0/4,0,Bon Appétit $ Dinner $ Christmas Eve $ Steak $ Beef Rib $ Beef $ Onion $ Soy Sauce $ Philippines $ Quick & Easy $ Christmas $ Asian $ Southeast Asian $ 
https://www.epicurious.com/recipes/food/views/ensaymadas-philippine-filipino-sweet-cheese-yeast-rolls,Ensaymadas ,"1 1/4-ounce envelope active dry yeast (about 2 1/4 tsp.) $ 6 1/2 teaspoons plus 1/2 cup sugar $ 1/2 cup lukewarm milk (105°F–110°F) $ 6 large egg yolks $ 3 cups all-purpose flour, divided $ 1 1/2 teaspoon kosher salt $ 8 tablespoons unsalted butter, room temperature; plus 4 tablespoons melted, slightly cooled, divided $ Nonstick vegetable oil spray $ 1/2 cup grated Parmesan, plus more $ Two 6-cup jumbo muffin pans; a 1/2-inch-diameter wooden dowel $ ",Bon Appétit $ Bread $ Parmesan $ Cheese $ Christmas $ Philippines $ ,Southeast Asian $ Asian $ ,0/4,0,Bon Appétit $ Bread $ Parmesan $ Cheese $ Christmas $ Philippines $ Southeast Asian $ Asian $ 
https://www.epicurious.com/recipes/food/views/ube-purple-yam-sweet-potato-candies,Ube (Purple Yam) Candies ,"12 ounces purple- or orange-fleshed sweet potatoes (about 2 medium) $ 7 ounces sweetened condensed milk $ 1/2 cup nonfat instant dry milk $ 1/2 teaspoon finely grated lime zest $ Pinch of kosher salt $ 2 tablespoons sugar, plus more $ A potato ricer or food mill $ ",Bon Appétit $ Candy $ Sweet Potato/Yam $ Milk/Cream $ Lime $ Dessert $ Philippines $ ,Asian $ Southeast Asian $ ,3/4,2,Bon Appétit $ Candy $ Sweet Potato/Yam $ Milk/Cream $ Lime $ Dessert $ Philippines $ Asian $ Southeast Asian $ 
https://www.epicurious.com/recipes/food/views/filipino-style-roast-pork-belly-with-chile-vinegar,Filipino-Style Roast Pork Belly with Chile Vinegar ,"1 (4–5-pound) skin-on, boneless pork belly $ Kosher salt $ 1 tablespoon vegetable oil $ 1 (12-ounce) bottle unseasoned rice vinegar $ 12 garlic cloves, chopped $ 6–12 green Thai chiles, lightly crushed but left whole $ 2 serrano chiles, torn into small pieces $ 4 (12-oz.) bottles hard apple cider $ 2 tablespoons honey $ ",Bon Appétit $ Dinner $ Party $ Christmas $ Christmas Eve $ Pork $ Roast $ Philippines $ Vinegar $ Garlic $ Chile Pepper $ ,Asian $ Southeast Asian $ ,0/4,0,Bon Appétit $ Dinner $ Party $ Christmas $ Christmas Eve $ Pork $ Roast $ Philippines $ Vinegar $ Garlic $ Chile Pepper $ Asian $ Southeast Asian $ 
https://www.epicurious.com/recipes/food/views/filipino-style-meatloaf-embutido,Filipino-Style Meatloaf (Embutido) ,"12 large eggs $ 2 tablespoons plus 1 1/2 teaspoons Diamond Crystal or 4 1/2 teaspoons Morton kosher salt; plus more $ 8 garlic cloves, finely chopped $ 1 cup grated Parmesan $ 1 cup panko (Japanese breadcrumbs) $ 3/4 cup (1 1/2 sticks) unsalted butter, room temperature $ 1/2 cup chopped bread-and-butter pickles $ 1/2 cup coarsely chopped pitted green olives $ 1/2 cup raisins $ 1/4 cup distilled white vinegar $ 4 1/2 teaspoons hot smoked Spanish paprika $ 4 1/2 teaspoons paprika $ 2 teaspoons freshly ground black pepper $ 3 pounds ground pork $ Nonstick vegetable oil spray $ 1/4 cup ketchup $ 2 teaspoons Worcestershire sauce $ ",Bon Appétit $ Dinner $ Christmas $ Christmas Eve $ Meatloaf $ Pork $ Egg $ Philippines $ Garlic $ Parmesan $ Olive $ Pickles $ Raisin $ Paprika $ ,Asian $ Southeast Asian $ ,2/4,2,Bon Appétit $ Dinner $ Christmas $ Christmas Eve $ Meatloaf $ Pork $ Egg $ Philippines $ Garlic $ Parmesan $ Olive $ Pickles $ Raisin $ Paprika $ Asian $ Southeast Asian $ 
https://www.epicurious.com/recipes/food/views/thai-beef-salad,Thai Beef Salad ,"1 pound (455 g) strip steak (about 1 inch/2.5 cm thick; see Tip), trimmed and at room temperature $ Vegetable oil $ Salt and pepper $ 1 large head of butter lettuce, also known as Boston or Bibb, leaves torn into bite-size pieces $ 1/2 English cucumber, halved lengthwise and sliced $ 1/2 pint (120 g) cherry tomatoes, halved $ 1/2 small red onion, halved lengthwise and thinly sliced $ Handful of fresh mint leaves, roughly chopped $ Large handful of fresh cilantro leaves, roughly chopped $ Chile-Lime Sauce $ Handful of roasted peanuts, whole or roughly chopped (optional) $ ",Salad $ Beef $ Cucumber $ Chile Pepper $ Dinner $ Small Plates $ Kid-Friendly $ ,Thai $ Southeast Asian $ ,4/4,3,Salad $ Beef $ Cucumber $ Chile Pepper $ Dinner $ Small Plates $ Kid-Friendly $ Thai $ Southeast Asian $ 
https://www.epicurious.com/recipes/food/views/chile-lime-sauce,Chile-Lime Sauce ,"1/4 cup (60 ml) fresh lime juice $ 2 tablespoons fish sauce $ 1 large garlic clove, minced $ 1/4 red or green jalapeño, unseeded and thinly sliced crosswise, or more to taste $ 1 packed tablespoon light brown sugar $ ",Sauce $ Condiment $ Chile Pepper $ Garlic $ Lime Juice $ ,Thai $ Asian $ Southeast Asian $ ,0/4,0,Sauce $ Condiment $ Chile Pepper $ Garlic $ Lime Juice $ Thai $ Asian $ Southeast Asian $ 
https://www.epicurious.com/recipes/food/views/garlic-chile-ground-pork,Garlic-Chile Ground Pork ,"1 tablespoon vegetable oil $ 1 shallot, chopped $ 4 garlic cloves, finely chopped $ 1 dried chile (such as chile de árbol) $ 1 pound ground pork $ 1 tablespoon fish sauce $ 1 tablespoon soy sauce $ Pinch of sugar $ 1 cup low-sodium chicken broth $ 2 teaspoons unseasoned rice vinegar $ Kosher salt $ ",Bon Appétit $ Pork $ Chile Pepper $ Shallot $ Garlic $ Vinegar $ Dinner $ ,Southeast Asian $ ,4/4,2,Bon Appétit $ Pork $ Chile Pepper $ Shallot $ Garlic $ Vinegar $ Dinner $ Southeast Asian $ 
https://www.epicurious.com/recipes/food/views/steak-with-watercress-salad-and-chile-lime-dressing,Steak with Watercress Salad and Chile-Lime Dressing ,"2 teaspoons Chinese hot mustard powder or English mustard powder (such as Colman’s) $ 2 teaspoons fish sauce $ 1 teaspoon demerara or light brown sugar, divided $ Kosher salt, freshly ground pepper $ 1–1 1/2 pounds boneless rib eye $ 1 red Thai chile, very thinly sliced $ 2 tablespoons fresh lime juice $ 2 tablespoons olive oil, plus more for drizzling $ 1 tablespoon vegetable oil $ 2 tablespoons unsalted butter $ 1 bunch watercress, tough stems trimmed (about 6 cups) $ 2 Persian cucumbers, thinly sliced $ 1/4 cup mint leaves $ 1/4 cup salted, dry-roasted peanuts, lightly crushed $ ",Bon Appétit $ Dinner $ Summer $ Steak $ Cucumber $ Watercress $ Mint $ Lime Juice $ Chile Pepper $ Peanut $ ,Southeast Asian $ ,2.5/4,3,Bon Appétit $ Dinner $ Summer $ Steak $ Cucumber $ Watercress $ Mint $ Lime Juice $ Chile Pepper $ Peanut $ Southeast Asian $ 
https://www.epicurious.com/recipes/food/views/home-style-burmese-chicken-kebat,Home-Style Chicken Kebat ,"1 1/2 pounds boneless, skinless chicken thighs (5 to 6 thighs) $ 1 1/2 teaspoons Madras curry powder $ 1 teaspoon fish sauce $ 1/2 teaspoon salt $ 1 small-to-medium yellow onion $ 2 tablespoons canola oil $ 2 tablespoons minced garlic $ 2 tablespoons water $ 2 Roma tomatoes, each cut into 6 to 8 wedges $ Handful of cilantro sprigs, coarsely chopped, for garnish $ 1 lime or lemon, cut into wedges, for garnish $ ",Quick and Healthy $ Quick & Easy $ Dinner $ Myanmar $ Curry $ Stir-Fry $ Chicken $ Garlic $ Cilantro $ ,Southeast Asian $ ,0/4,0,Quick and Healthy $ Quick & Easy $ Dinner $ Myanmar $ Curry $ Stir-Fry $ Chicken $ Garlic $ Cilantro $ Southeast Asian $ 
https://www.epicurious.com/recipes/food/views/hanoi-grilled-turmeric-fish-with-dill-and-onion,Hanoi Grilled Turmeric Fish with Dill and Onion ,"3 tablespoons fish sauce $ 1 teaspoon turmeric powder $ 1 tablespoon minced garlic $ 1/2 tablespoon fresh ginger $ 2 tablespoons finely diced shallots $ 1 tablespoon chopped dill fronds $ 1/4 teaspoon ground black pepper $ 1 pound striped bass skin-on fish filets, or any kind of white fish $ 1 small yellow or white onion, sliced $ 1/3 bunch plus 2/3 bunch fresh dill, stemmed $ 2 plus 2 scallion stalks, cut into 2-inch pieces $ Persian cucumber, julienned $ Pickled red onions $ 1/2 cup roasted peanuts, coarsely chopped $ 8 ounces vermicelli, cooked $ Coco Rico Vietnamese Fish Sauce $ Butter lettuce $ “Mam Nem” (optional) $ ",HarperCollins $ Fish $ Dinner $ Green Onion/Scallion $ ,Vietnamese $ Southeast Asian $ ,4/4,1,HarperCollins $ Fish $ Dinner $ Green Onion/Scallion $ Vietnamese $ Southeast Asian $ 
https://www.epicurious.com/recipes/food/views/singaporean-chili-crab,Singaporean Chili Crab ,"3 cups Super-Concentrated Cantonese Chicken Stock, hot $ 1 cup Hunt's brand ketchup $ 4 tablespoons Lee Kum Kee brand chili garlic sauce $ 4 tablespoons rice vinegar $ 4 tablespoons sugar $ 1 fresh Dungeness crab, or equally large and meaty crab $ 1 cup cornstarch $ 2 tablespoons minced garlic $ 2 tablespoons minced shallots $ 1 tablespoon minced ginger $ 5 Thai chile peppers, chopped $ 1 stalk scallion, cut diagonally $ 4 cups Chili Crab Sauce $ 2 large eggs $ Scallions, for garnish, cut diagonally $ Cilantro sprigs, for garnish $ 5 Buttermilk Beer Beignets $ ",HarperCollins $ Crab $ Shellfish $ Seafood $ Singapore $ Chile Pepper $ Ginger $ Garlic $ ,Southeast Asian $ Asian $ ,0/4,0,HarperCollins $ Crab $ Shellfish $ Seafood $ Singapore $ Chile Pepper $ Ginger $ Garlic $ Southeast Asian $ Asian $ 
https://www.epicurious.com/recipes/food/views/grilled-beef-wrapped-in-sesame-leaves-bo-la-lot,Grilled Beef Wrapped in Sesame Leaves (Bo La Lot) ,"16 whole large Korean sesame leaves, stemmed $ 2/3 tablespoon finely minced shallots $ 1 1/3 tablespoons minced garlic $ 1/4 cup finely minced lemongrass $ 1 pound 80/20 ground chuck $ 5 2/3 teaspoons fish sauce $ 1 1/4 teaspoons five-spice powder $ 1 1/3 palm (aka coconut) sugar $ 2/3 teaspoon turmeric powder $ 6-inch bamboo skewers, presoaked in water overnight $ Cooking oil, for brushing $ White or black sesame seeds $ Red bell pepper, finely diced $ Pickled shredded carrots and daikon $ ",HarperCollins $ Grill $ Appetizer $ Hors D'Oeuvre $ Beef $ Shallot $ Garlic $ Lemongrass $ Ground Beef $ ,Vietnamese $ Southeast Asian $ Asian $ ,0/4,0,HarperCollins $ Grill $ Appetizer $ Hors D'Oeuvre $ Beef $ Shallot $ Garlic $ Lemongrass $ Ground Beef $ Vietnamese $ Southeast Asian $ Asian $ 
https://www.epicurious.com/recipes/food/views/red-curry-noodle-bowls-with-steak-and-cabbage,Red Curry Noodle Bowls with Steak and Cabbage ,"4 ounces dried flat linguine-width rice noodles $ 2 1/2 teaspoons kosher salt, plus more $ 1 pound flank steak $ 2 tablespoons refined coconut or vegetable oil, divided $ 1/4 cup red curry paste $ 2 teaspoons freshly grated ginger $ 1 small head savoy cabbage (about 12 ounces), thinly sliced into long ribbons $ 2 1/2 cups low-sodium beef broth $ 1 (15-ounce) can coconut milk $ 2 tablespoons fresh lime juice, plus wedges for serving $ 4 ounces pea sprouts or shoots $ 1/2 cup basil leaves, preferably purple Thai $ 1/2 cup mint leaves $ Sliced red chiles (for serving) $ ",Wheat/Gluten-Free $ Curry $ Cabbage $ Steak $ Beef $ Coconut $ Mint $ Ginger $ Chile Pepper $ Quick & Easy $ ,Thai $ Southeast Asian $ ,3/4,5,Wheat/Gluten-Free $ Curry $ Cabbage $ Steak $ Beef $ Coconut $ Mint $ Ginger $ Chile Pepper $ Quick & Easy $ Thai $ Southeast Asian $ 
https://www.epicurious.com/recipes/food/views/roasted-cauliflower-larb,Roasted Cauliflower Larb ,"1 large head of cauliflower, cut into large florets with some stalk attached $ 3 tablespoons olive oil $ 3 green Thai chiles, finely chopped $ 1 (3-inch) piece lemongrass, tough outer layers removed, finely chopped $ 4 kaffir lime leaves, finely chopped $ 1/4 cup fish sauce $ 1/4 cup fresh lime juice $ 1/4 cup glutinous (sticky) rice $ 5 scallions, thinly sliced $ 2 cups chopped pea shoots (tendrils) $ 1 cup chopped cilantro $ 1 cup chopped mint $ Kosher salt $ Sliced Persian cucumber and Bibb lettuce leaves (for serving) $ A spice mill $ ",Bon Appétit $ Cauliflower $ Laos $ Chile Pepper $ Lime $ Rice $ Cilantro $ Mint $ Dinner $ Lunch $ Lettuce $ ,Southeast Asian $ Thai $ ,4/4,2,Bon Appétit $ Cauliflower $ Laos $ Chile Pepper $ Lime $ Rice $ Cilantro $ Mint $ Dinner $ Lunch $ Lettuce $ Southeast Asian $ Thai $ 
https://www.epicurious.com/recipes/food/views/kare-kare-with-beans-baby-bok-choy-and-eggplant,"Kare-Kare with Beans, Baby Bok Choy, and Eggplant ","1/4 cup achiote (annatto) seeds $ 1/4 cup black peppercorns $ 1/3 cup dried bay leaves $ 4 tablespoons (or more) vegetable oil, divided $ 5 pounds oxtails $ Kosher salt, freshly ground pepper $ 2 medium onions, 1 coarsely chopped, 1 thinly sliced $ 2 large carrots, peeled, coarsely chopped $ 3 celery stalks, coarsely chopped $ 1 pound shiitake mushrooms, stems removed, coarsely chopped $ 1 cup dry white wine $ 5 garlic cloves, coarsely chopped $ 1 cup chopped garlic chives or 1 medium leek, white and pale green parts only, thinly sliced $ 4 medium baby bok choy, quartered $ 1 medium Japanese eggplant, halved lengthwise, cut into 2-inch pieces $ 1 medium taro root, peeled, cut into 2-inch pieces (optional) $ 1 pound Chinese long beans or green beans, trimmed, cut into 4-inch pieces $ 3/4 cup creamy natural peanut butter $ Crushed unsalted, roasted peanuts, sliced red chile, and shrimp paste (for serving) $ A 12-inch square of cheesecloth $ ",Bon Appétit $ Stew $ Dinner $ Philippines $ Beef $ Pepper $ Eggplant $ Green Bean $ Peanut Butter $ Peanut $ Mushroom $ Bok Choy $ Root Vegetable $ Wheat/Gluten-Free $ ,Southeast Asian $ Asian $ ,0/4,0,Bon Appétit $ Stew $ Dinner $ Philippines $ Beef $ Pepper $ Eggplant $ Green Bean $ Peanut Butter $ Peanut $ Mushroom $ Bok Choy $ Root Vegetable $ Wheat/Gluten-Free $ Southeast Asian $ Asian $ 
https://www.epicurious.com/recipes/food/views/coconut-pandan-jam-kaya-jam,Coconut-Pandan Jam (Kaya Jam) ,"1 (13.5-ounce) can unsweetened coconut milk $ 1/4 cup sugar $ 8 pandan leaves, 17–20"" long $ 8 large egg yolks $ ",Jam or Jelly $ Singapore $ Malaysia $ Coconut $ Breakfast $ Custard $ ,Southeast Asian $ Asian $ ,2/4,4,Jam or Jelly $ Singapore $ Malaysia $ Coconut $ Breakfast $ Custard $ Southeast Asian $ Asian $ 
https://www.epicurious.com/recipes/food/views/lamb-larb,Lamb Larb ,"1 lemongrass stalk $ 4 garlic cloves $ 1/2 bunch cilantro, stems and leaves separated, stems coarsely chopped, plus sprigs for serving $ 1 large shallot, coarsely chopped $ 4 red Thai chiles, divided $ 1/2 cup salted, roasted peanuts $ 3 tablespoons fresh lime juice $ 1 tablespoon (or more) fish sauce $ 1 1/2 teaspoons demerara sugar or dark brown sugar $ 2 tablespoons vegetable oil $ 1 pound ground lamb (at least 10% fat) $ Cooked white rice, Bibb lettuce leaves, sliced cucumber, lime wedges, and mint sprigs (for serving) $ ",Bon Appétit $ Lamb $ Ground Lamb $ Laos $ Peanut $ Rice $ Lemongrass $ Garlic $ Cilantro $ Chile Pepper $ Lime Juice $ Cucumber $ Mint $ Dinner $ Salad $ Lettuce $ Wheat/Gluten-Free $ ,Thai $ Southeast Asian $ Asian $ ,4/4,3,Bon Appétit $ Lamb $ Ground Lamb $ Laos $ Peanut $ Rice $ Lemongrass $ Garlic $ Cilantro $ Chile Pepper $ Lime Juice $ Cucumber $ Mint $ Dinner $ Salad $ Lettuce $ Wheat/Gluten-Free $ Thai $ Southeast Asian $ Asian $ 
https://www.epicurious.com/recipes/food/views/beef-pho,Beef Pho ,"1 (2 1/3-in) piece ginger, peeled and halved $ 2 cloves garlic $ 1 shallot, halved $ 6 1/3 cups beef stock $ 1 star anise $ 1 stick cinnamon $ 3 teaspoons fish sauce $ 1 tablespoon palm sugar $ 7 ounces thin brown rice noodles, cooked and drained $ 1 small white onion, thinly sliced $ 1/2 pound beef fillet, frozen for 2 hours and thinly sliced $ Cracked black pepper $ 1 cup bean sprouts, trimmed $ 2 long red chilies, sliced $ 1/2 cup Thai basil leaves $ 1/2 cup Vietnamese mint leaves $ ",HarperCollins $ Soup/Stew $ Beef $ Beef Tenderloin $ Ginger $ Chile Pepper $ Basil $ Mint $ Anise $ Cinnamon $ Wheat/Gluten-Free $ Winter $ Dinner $ ,Vietnamese $ Southeast Asian $ Asian $ ,3.5/4,6,HarperCollins $ Soup/Stew $ Beef $ Beef Tenderloin $ Ginger $ Chile Pepper $ Basil $ Mint $ Anise $ Cinnamon $ Wheat/Gluten-Free $ Winter $ Dinner $ Vietnamese $ Southeast Asian $ Asian $ 
https://www.epicurious.com/recipes/food/views/classic-chicken-pho-ph-ga,Classic Chicken Pho (Phở Gà) ,"Chubby 4-inch (10 cm) section ginger, unpeeled $ 1 pound (450 g) yellow onion, unpeeled $ 3 pounds (1.35 kg) chicken parts, such as backs, necks, wings, feet, and drumsticks $ 1 (4-lb | 1.8-kg) whole chicken, rinsed and patted dry $ 5 quarts (5 l) water $ 2 tablespoons coriander seeds $ 4 whole cloves $ 1 small bunch (1 oz | 30 g) cilantro $ 1/2 ounce (15 g) Chinese yellow rock sugar $ 1 1/2 tablespoons fine sea salt $ About 3 tablespoons fish sauce $ 1 1/4 pounds (565 g) dried narrow flat rice noodles, or 2 pounds (900 g) fresh pho noodles $ Cooked chicken from the broth, cut or torn into bite-size pieces about 1/4-inch (6-mm) thick $ 1/2 medium (3 oz | 90 g) yellow or red onion, thinly sliced against the grain and soaked in water for 10 minutes $ 3 or 4 thinly sliced green onions, green parts only $ 1/2 cup (.35 oz | 10 g) chopped fresh cilantro, leafy tops only $ Pepper (optional) $ Optional extras: Garnish Plate for 8, Ginger Dipping Sauce $ ",Soup/Stew $ Chicken $ Noodle $ Winter $ Dinner $ Ginger $ Coriander $ Cilantro $ ,Vietnamese $ Southeast Asian $ Asian $ ,3/4,1,Soup/Stew $ Chicken $ Noodle $ Winter $ Dinner $ Ginger $ Coriander $ Cilantro $ Vietnamese $ Southeast Asian $ Asian $ 
https://www.epicurious.com/recipes/food/views/ginger-dipping-sauce-nc-mm-gng,Ginger Dipping Sauce (Nước Mắm Gừng) ,Rounded 2 tablespoons peeled and finely chopped ginger $ 6 tablespoons (90 ml) fresh lime juice $ 2 to 2 1/2 tablespoons sugar $ 2 to 3 tablespoons fish sauce $ 2 teaspoons finely chopped seeded Fresno or jalapeño chile $ ,Sauce $ Condiment $ Ginger $ Lime Juice $ Chile Pepper $ ,Vietnamese $ Southeast Asian $ ,0/4,0,Sauce $ Condiment $ Ginger $ Lime Juice $ Chile Pepper $ Vietnamese $ Southeast Asian $ 
https://www.epicurious.com/recipes/food/views/instant-pot-vietnamese-chicken-noodle-soup-pho-ga,Instant-Pot Vietnamese Chicken Noodle Soup (Pho Ga) ,"2 tablespoons canola oil $ 2 medium yellow onions, halved $ 1 (2-inch) piece ginger, cut into 1/4-inch slices $ 1 tablespoon coriander seeds $ 3 star anise pods $ 5 cloves $ 1 cinnamon stick $ 3 cardamom pods, lightly smashed $ 6 bone-in, skin-on chicken thighs $ 3 tablespoons fish sauce $ 1 tablespoon sugar $ 8 cups water $ Kosher salt $ Freshly ground black pepper $ 4 servings rice noodles, prepared according to package directions $ 3 scallions, sliced $ 1 small handful fresh herbs, such as mint, cilantro, and Thai basil, chopped $ 1 lime, cut into wedges $ Handful of bean sprouts (optional) $ 1 jalapeño, thinly sliced (optional) $ ",Instant Pot $ Pressure Cooker $ Soup/Stew $ Chicken $ Cilantro $ Ginger $ Coriander $ Anise $ Cardamom $ Clove $ Wheat/Gluten-Free $ Lime $ ,Vietnamese $ Southeast Asian $ Asian $ ,3.5/4,13,Instant Pot $ Pressure Cooker $ Soup/Stew $ Chicken $ Cilantro $ Ginger $ Coriander $ Anise $ Cardamom $ Clove $ Wheat/Gluten-Free $ Lime $ Vietnamese $ Southeast Asian $ Asian $ 
https://www.epicurious.com/recipes/food/views/pork-tenderloin-with-turmeric-squash-and-collard-greens-salad,"Pork Tenderloin With Turmeric, Squash, and Collard Greens Salad ","1 1/2 teaspoons ground turmeric $ 1 1/2 teaspoons kosher salt $ 1 teaspoon freshly ground black pepper $ 1 teaspoon ground cumin $ 1 medium butternut squash (about 2 1/2 pounds), peeled $ 4 tablespoons coconut oil, warmed, divided $ 3 tablespoons fresh lime juice $ 1 tablespoon honey $ 3 1/2 teaspoons fish sauce $ 2 small pork tenderloins (about 1 1/2 pounds total) $ 1 large bunch collard greens (about 12 ounces) $ 2 tablespoons vegetable or canola oil $ 1/4 cup toasted coconut chips $ 1 cup plain Greek yogurt $ ",Quick and Healthy $ Pork $ Pork Tenderloin $ Cumin $ Butternut Squash $ Collard Greens $ Coconut $ Yogurt $ Roast $ Wheat/Gluten-Free $ Fall $ ,Southeast Asian $ ,3.5/4,12,Quick and Healthy $ Pork $ Pork Tenderloin $ Cumin $ Butternut Squash $ Collard Greens $ Coconut $ Yogurt $ Roast $ Wheat/Gluten-Free $ Fall $ Southeast Asian $ 
https://www.epicurious.com/recipes/food/views/vietnamese-chicken-soup-with-rice,Vietnamese Chicken Soup With Rice ,"2 skinless, boneless chicken thighs $ 1 (4x4-inch) piece dried kombu $ 1 (2-inch) piece ginger, peeled, crushed $ 3 star anise pods $ 1 (2-inch) cinnamon stick $ 2 whole cloves $ 4 cups chicken stock or low-sodium chicken broth $ 1 cup glutinous (sticky) rice or sushi rice, rinsed $ 1 tablespoon (or more) fish sauce $ 1 teaspoon palm or light brown sugar $ 1 scallion, thinly sliced $ 1 jalapeño, thinly sliced $ 1/2 cup cilantro leaves with tender stems $ 1/4 cup thinly sliced white onion $ ",Bon Appétit $ Soup/Stew $ Chicken $ Jalapeño $ Cilantro $ Rice $ Anise $ Dinner $ Wheat/Gluten-Free $ ,Southeast Asian $ Asian $ Vietnamese $ ,3.5/4,4,Bon Appétit $ Soup/Stew $ Chicken $ Jalapeño $ Cilantro $ Rice $ Anise $ Dinner $ Wheat/Gluten-Free $ Southeast Asian $ Asian $ Vietnamese $ 
https://www.epicurious.com/recipes/food/views/yellow-chicken-adobo,Yellow Chicken Adobo ,"10 dried bay leaves $ 2 tablespoons black peppercorns $ 2 tablespoons ground turmeric $ 1/4 cup unsweetened shredded coconut $ 1/2 head of cauliflower, broken into small florets $ 1/4 kabocha squash, cut into 1-inch pieces (about 2 cups) $ 3 tablespoons vegetable oil, divided $ Kosher salt, freshly ground pepper $ 1 small white onion, chopped $ 2 medium shallots, chopped $ 6 large garlic cloves, chopped $ 1 (3-inch) piece ginger, peeled, finely grated $ 1 teaspoon crushed red pepper flakes $ 2 (13.5-ounce) cans unsweetened coconut milk $ 1 cup sugarcane vinegar or distilled white vinegar, divided $ 4 chicken legs, drumsticks and thighs, separated $ 3 tablespoons (or more) honey $ Unsalted, roasted pumpkin seeds (pepitas), thinly sliced Fresno chiles, and sliced scallion (for serving) $ A layer of cheesecloth $ ",Bon Appétit $ Philippines $ Soup/Stew $ Fall $ Winter $ Vinegar $ Coconut $ Chicken $ Ginger $ Dinner $ Stew $ ,Southeast Asian $ Asian $ ,3.5/4,5,Bon Appétit $ Philippines $ Soup/Stew $ Fall $ Winter $ Vinegar $ Coconut $ Chicken $ Ginger $ Dinner $ Stew $ Southeast Asian $ Asian $ 
https://www.epicurious.com/recipes/food/views/pork-vegetable-and-tamarind-stew,"Pork, Vegetable, and Tamarind Stew ","10 dried bay leaves $ 1/2 cup black peppercorns $ 1 cup dried shiitake mushrooms $ 3 tablespoons vegetable oil, divided $ 1 medium white onion, chopped $ 2 heads of garlic, cloves chopped $ 2 jalapeños, thinly sliced $ 3 medium tomatoes, quartered $ 4 pounds St. Louis–style pork spareribs or skinless, boneless pork shoulder (Boston butt), or a combination of both $ 1 (8-ounce) package dried tamarind pulp with or without seeds $ Kosher salt $ 4 baby bok choy, halved lengthwise $ 1 small Japanese eggplant, cut into 1-inch pieces $ 2 watermelon radishes or globe radishes, cut into 3/4-inch pieces $ 4 ounces Chinese long beans or green beans, cut into 2-inch lengths $ 1 cup small okra $ 1 tablespoon fish sauce; plus more for serving (optional) $ A layer of cheesecloth; a spice mill $ ",Bon Appétit $ Philippines $ Soup/Stew $ Pork $ Tamarind $ Garlic $ Bok Choy $ Mushroom $ Pepper $ Eggplant $ Radish $ Dinner $ Winter $ Okra $ Stew $ ,Southeast Asian $ ,3/4,8,Bon Appétit $ Philippines $ Soup/Stew $ Pork $ Tamarind $ Garlic $ Bok Choy $ Mushroom $ Pepper $ Eggplant $ Radish $ Dinner $ Winter $ Okra $ Stew $ Southeast Asian $ 
https://www.epicurious.com/recipes/food/views/shredded-sweet-potato-and-carrot-fritters-ukoy,Shredded Sweet Potato and Carrot Fritters (Ukoy) ,"3 Thai chiles, thinly sliced $ 1 garlic clove, finely chopped $ 2 tablespoons chopped red onion $ 1/4 cup sugarcane vinegar or distilled white vinegar $ Kosher salt $ 1 medium sweet potato, peeled $ 4 medium carrots, peeled $ Kosher salt $ 8 cups (or more) vegetable oil $ 3/4 cup (or more) club soda $ 1 teaspoon fish sauce $ 1 1/4 cups cornstarch $ 4 ounces small or medium shrimp, peeled, deveined $ 1 cup cilantro leaves with tender stems $ A deep-fry thermometer $ ",Bon Appétit $ Philippines $ Appetizer $ Sweet Potato/Yam $ Carrot $ Vinegar $ Cilantro $ Shrimp $ Deep-Fry $ Fry $ ,Southeast Asian $ Asian $ ,4/4,1,Bon Appétit $ Philippines $ Appetizer $ Sweet Potato/Yam $ Carrot $ Vinegar $ Cilantro $ Shrimp $ Deep-Fry $ Fry $ Southeast Asian $ Asian $ 
https://www.epicurious.com/recipes/food/views/charred-padron-chiles-and-squid-salad,Charred Padrón Chiles and Squid Salad ,"1/2 serrano chile, thinly sliced into rings $ 3 tablespoons olive oil $ 2 tablespoons fresh lime juice $ 1 teaspoon fish sauce $ 1/4 teaspoon sugar $ Kosher salt, freshly ground pepper $ 2 cups Padrón chiles or shishito peppers $ 1 tablespoon plus 1 teaspoon vegetable oil $ 1/2 pound squid, bodies sliced into rings, tentacles halved $ 1 teaspoon Aleppo-style pepper $ 1 cup cilantro leaves with tender stems $ 1 cup basil leaves, torn if large $ ",Bon Appétit $ Salad $ Squid $ Seafood $ Chile Pepper $ Cilantro $ Lime Juice $ Basil $ Dinner $ Summer $ Wheat/Gluten-Free $ Appetizer $ ,Southeast Asian $ ,4/4,2,Bon Appétit $ Salad $ Squid $ Seafood $ Chile Pepper $ Cilantro $ Lime Juice $ Basil $ Dinner $ Summer $ Wheat/Gluten-Free $ Appetizer $ Southeast Asian $ 
https://www.epicurious.com/recipes/food/views/ode-to-halo-halo,Ode to Halo-Halo ,"2 very ripe bananas, sliced 1/4-inch thick $ 2 tablespoons light brown sugar $ 1/4 teaspoon vanilla extract $ Kosher salt $ 6 ounces fresh blueberries (about 1 cup) $ 6 ounces fresh blackberries (about 1 1/2 cups), cut in half if large $ 2 tablespoons fresh lime juice $ 1 tablespoon granulated sugar $ 3/4 cup unsweetened coconut milk $ 2 tablespoons sweetened condensed milk $ 4 cups shaved ice $ 1/2 pint vanilla or coconut ice cream $ Toasted unsweetened coconut flakes, gummi bears, and/or popcorn (for serving) $ ",Bon Appétit $ Frozen Dessert $ Dessert $ Philippines $ Berry $ Banana $ Coconut $ Kid-Friendly $ Back to School $ ,Southeast Asian $ ,1/4,3,Bon Appétit $ Frozen Dessert $ Dessert $ Philippines $ Berry $ Banana $ Coconut $ Kid-Friendly $ Back to School $ Southeast Asian $ 
https://www.epicurious.com/recipes/food/views/coconut-marinated-short-rib-kebabs-with-peanut-chile-oil,Coconut-Marinated Short Rib Kebabs with Peanut-Chile Oil ,"1 lemongrass stalk $ 1 large shallot, chopped $ 2 garlic cloves, chopped $ 1 (1-inch) piece ginger, peeled, chopped $ 1/2 cup vegetable oil $ 1/2 teaspoon kosher salt $ 4 guajillo or New Mexico chiles or 2 ancho chiles, seeds removed, flesh torn $ 1 teaspoon crushed red pepper flakes $ 1/4 cup crushed salted, roasted peanuts $ 2 teaspoons fish sauce $ 1 1/4 pounds boneless beef short ribs $ 1 lemongrass stalk $ 2 garlic cloves, finely grated $ 1 (2-inch) piece ginger, peeled, finely grated $ 3/4 cup unsweetened coconut milk $ 2 tablespoons fish sauce $ 2 tablespoons light brown sugar $ 1 tablespoon fresh lime juice $ 1 teaspoon ground turmeric $ Vegetable oil (for grill) $ Kosher salt $ 8 (8–12-inch-long) metal skewers $ ",Bon Appétit $ Skewer $ Beef $ Coconut $ Lemongrass $ Ginger $ Lime Juice $ Chile Pepper $ Peanut $ Garlic $ Shallot $ Summer $ ,Southeast Asian $ Asian $ ,3.5/4,7,Bon Appétit $ Skewer $ Beef $ Coconut $ Lemongrass $ Ginger $ Lime Juice $ Chile Pepper $ Peanut $ Garlic $ Shallot $ Summer $ Southeast Asian $ Asian $ 
https://www.epicurious.com/recipes/food/views/massaman-chicken-51223860,Massaman Chicken ,"1 tablespoon vegetable oil $ 1 4–4 1/2-pound chicken, cut into 10 pieces $ Kosher salt $ 4 medium Yukon Gold potatoes (about 1 1/2 pounds), quartered $ 2 medium red onions, cut into wedges $ 3/4 cup prepared massaman curry paste $ 12 ounces Belgian-style wheat beer $ 4 13.5-ounce cans unsweetened coconut milk $ 2 cups low-sodium chicken broth $ 1/2 cup fish sauce $ 1/4 cup fresh lime juice $ 1 tablespoon palm or light brown sugar $ 1 teaspoon red chile powder $ Freshly ground black pepper $ Cilantro sprigs, fried shallots, and cooked rice (for serving) $ ",Chicken $ Potato $ Stew $ Quick & Easy $ Dinner $ Curry $ Simmer $ Bon Appétit $ Dairy Free $ Peanut Free $ Tree Nut Free $ Soy Free $ ,Asian $ Thai $ Southeast Asian $ ,3.5/4,17,Chicken $ Potato $ Stew $ Quick & Easy $ Dinner $ Curry $ Simmer $ Bon Appétit $ Dairy Free $ Peanut Free $ Tree Nut Free $ Soy Free $ Asian $ Thai $ Southeast Asian $ 
https://www.epicurious.com/recipes/food/views/toasted-coconut-sundaes-with-candied-peanuts-51223870,Toasted Coconut Sundaes with Candied Peanuts ,"1/2 cup unsweetened shredded coconut $ 1/2 cup granulated sugar $ 1 cup unsalted, dry-roasted peanuts $ 1/2 cup palm or light brown sugar $ 2 cups heavy cream, divided $ 2 pints coconut ice cream or sorbet $ 8 butter coconut cookies (for serving) $ Ingredient info: Butter coconut cookies are available at many Asian markets. $ ",Dessert $ Coconut $ Peanut $ Bon Appétit $ Vegetarian $ Pescatarian $ Tree Nut Free $ Soy Free $ Kosher $ ,Asian $ Thai $ Southeast Asian $ ,4/4,1,Dessert $ Coconut $ Peanut $ Bon Appétit $ Vegetarian $ Pescatarian $ Tree Nut Free $ Soy Free $ Kosher $ Asian $ Thai $ Southeast Asian $ 
https://www.epicurious.com/recipes/food/views/green-mango-salad-51223850,Green Mango Salad ,"2 Thai green or red chiles, with seeds, chopped $ 1 garlic clove, chopped $ 1/2 cup (or more) fresh lime juice $ 1/4 cup fish sauce $ 2 tablespoons vegetable oil $ 2 teaspoons palm or light brown sugar $ 4 green mangoes or 1 green papaya, julienned on a mandoline $ 2 medium shallots, thinly sliced $ 1/2 cup unsalted, dry-roasted peanuts, coarsely chopped $ 1/2 cup fresh cilantro leaves $ 1/4 cup fresh mint leaves $ 2 tablespoons toasted dried shrimp (optional) $ 2 tablespoons toasted sesame seeds $ Kosher salt $ ",Salad $ Blender $ Quick & Easy $ Lunch $ Mango $ Peanut $ Cilantro $ Lime Juice $ Chile Pepper $ Bon Appétit $ Pescatarian $ Wheat/Gluten-Free $ Tree Nut Free $ Soy Free $ ,Asian $ Thai $ Southeast Asian $ ,0/4,0,Salad $ Blender $ Quick & Easy $ Lunch $ Mango $ Peanut $ Cilantro $ Lime Juice $ Chile Pepper $ Bon Appétit $ Pescatarian $ Wheat/Gluten-Free $ Tree Nut Free $ Soy Free $ Asian $ Thai $ Southeast Asian $ 
https://www.epicurious.com/recipes/food/views/shrimp-pad-thai-for-two-51206850,Shrimp Pad Thai for Two ,"3 tablespoons water $ 2 teaspoons prepared tamarind paste, preferably unsweetened, such as Neera's or Rani brands* $ 3 tablespoons palm sugar or packed dark brown sugar $ 3 tablespoons Asian fish sauce (also called nam pla or nuoc mam) $ 1/8 teaspoon salt $ 3 ounces (about 1 cup) fresh mung bean sprouts $ 2 limes, cut into wedges $ 3 tablespoons salted dry-roasted peanuts, coarsely chopped $ 1/4 cup Asian fish sauce (also called nam pla or nuoc mam) $ 1/4 cup granulated sugar $ 1/4 cup crushed red pepper $ Boiling water for soaking noodles $ 6 ounces dried flat rice noodles (slender, linguine-width; sometimes called pad thai noodles or stir-fry rice noodles) $ 1 tablespoon chopped garlic (about 2 large cloves) $ 1 tablespoon chopped shallot or onion $ 6 ounces peeled and deveined small or medium shrimp, patted dry $ 2 large eggs, beaten well $ 3 ounces (about 1 cup) fresh mung bean sprouts $ 1 bunch scallions, greens only, cut into 1-inch pieces (1/2 cup) $ 1/3 cup salted dry-roasted peanuts, coarsely chopped $ 3 tablespoons vegetable oil $ *Tamarind paste tends to be a South Asian product; it usually comes in a jar and is available in many supermarkets. Its smooth texture makes it easier and faster to use than the traditional Thai blocks of tamarind pulp that include the fruit's seeds and fibers. Read the label carefully to see if the tamarind paste is sweetened or not; if the jar you purchase contains a sweetener, just use less sugar in your seasoning sauce. $ Equipment: 12-inch heavy, deep skillet or sauté pan, or a large wok (preferably a 14-inch flat-bottom carbon-steel wok); large metal spatula or slotted spoon; tongs; small bowls or ramekins for assembling ingredients; colander for draining rice noodles $ ",Stir-Fry $ Quick & Easy $ Dinner $ Shrimp $ Noodle $ Pescatarian $ Dairy Free $ Tree Nut Free $ Soy Free $ ,Asian $ Thai $ Southeast Asian $ ,3.5/4,20,Stir-Fry $ Quick & Easy $ Dinner $ Shrimp $ Noodle $ Pescatarian $ Dairy Free $ Tree Nut Free $ Soy Free $ Asian $ Thai $ Southeast Asian $ 
https://www.epicurious.com/recipes/food/views/shrimp-pad-thai-for-four-51206860,Shrimp Pad Thai For Four ,"1/3 cup water $ 4 teaspoons prepared tamarind paste, preferably unsweetened, such as Neera's or Rani brands* $ 1/3 cup palm sugar or packed dark brown sugar $ 1/3 cup Asian fish sauce (also called nam pla or nuoc mam) $ 1/4 teaspoon salt $ 4 1/2 ounces (about 1 1/2 cups) fresh mung bean sprouts $ 2 limes, each cut into 6 wedges $ 1/4 cup salted dry-roasted peanuts, coarsely chopped $ 1/3 cup Asian fish sauce (also called nam pla or nuoc mam) $ 1/3 cup granulated sugar $ 1/3 cup crushed red pepper $ Boiling water for soaking noodles $ 12 ounces dried flat rice noodles (slender linguine-width; sometimes called pad thai noodles or stir-fry noodles) $ 2 tablespoons chopped garlic (about 4 large cloves) $ 2 tablespoons chopped shallots or onion $ 12 ounces peeled and deveined small or medium shrimp, patted dry $ 3 large eggs, beaten well $ 4 1/2 ounces (about 1 1/2 cups) fresh mung bean sprouts $ 2 bunches scallions, greens only, cut into 1-inch pieces (about 1 cup) $ 1/2 cup salted dry-roasted peanuts, coarsely chopped $ 5 tablespoons vegetable oil $ *Tamarind paste tends to be a South Asian product; it usually comes in a jar and is available in many supermarkets. Its smooth texture makes it easier and faster to use than the traditional Thai blocks of tamarind pulp that include the fruit's seeds and fibers. Read the label carefully to see if the tamarind paste is sweetened or not; if the jar you purchase contains a sweetener, just use less sugar in your seasoning sauce. $ Equipment: Large wok (preferably a 14-inch flat-bottom carbon-steel wok); large metal spatula or slotted spoon; tongs; small bowls or ramekins for assembling ingredients; colander for draining rice noodles $ ",Stir-Fry $ Quick & Easy $ Dinner $ Shrimp $ Noodle $ Pescatarian $ Dairy Free $ Tree Nut Free $ Soy Free $ ,Asian $ Thai $ Southeast Asian $ ,4/4,15,Stir-Fry $ Quick & Easy $ Dinner $ Shrimp $ Noodle $ Pescatarian $ Dairy Free $ Tree Nut Free $ Soy Free $ Asian $ Thai $ Southeast Asian $ 
https://www.epicurious.com/recipes/food/views/thai-beef-with-basil-51198660,Thai Beef with Basil ,"2 tablespoons vegetable oil, divided $ 6 garlic cloves, thinly sliced $ 2 red chiles, thinly sliced, seeded for less heat if desired, divided $ 1 pound ground beef $ Kosher salt, freshly ground pepper $ 1/2 cup low-sodium chicken broth $ 3 cups fresh basil leaves, divided $ 2 medium carrots, julienned or coarsely grated $ 2 scallions, thinly sliced $ 4 tablespoons fresh lime juice, divided $ 2 tablespoons reduced-sodium soy sauce $ 1 tablespoon fish sauce (such as nam pla or nuoc nam) $ 1 teaspoon sugar $ Steamed rice and lime wedges (for serving) $ ",Beef $ Stir-Fry $ Quick & Easy $ Low Cal $ Dinner $ Basil $ Bon Appétit $ Sugar Conscious $ Dairy Free $ Peanut Free $ Tree Nut Free $ ,Asian $ Thai $ Southeast Asian $ ,3.5/4,53,Beef $ Stir-Fry $ Quick & Easy $ Low Cal $ Dinner $ Basil $ Bon Appétit $ Sugar Conscious $ Dairy Free $ Peanut Free $ Tree Nut Free $ Asian $ Thai $ Southeast Asian $ 
https://www.epicurious.com/recipes/food/views/crispy-fried-shallots-51114600,Crispy Fried Shallots ,2 cups thinly sliced shallots (about 4 large shallots) $ 2 cups canola oil $ ,Fry $ Quick & Easy $ Deep-Fry $ Shallot $ ,Asian $ Vietnamese $ Southeast Asian $ ,3.5/4,2,Fry $ Quick & Easy $ Deep-Fry $ Shallot $ Asian $ Vietnamese $ Southeast Asian $ 
https://www.epicurious.com/recipes/food/views/rice-noodles-51114800,Rice Noodles ,"4 cups rice flour, plus more for dusting $ 3 1/2 cups water $ 3 tablespoons shallot oil or canola oil $ 1 cup tapioca starch $ ",Mixer $ Vegetarian $ Advance Prep Required $ ,Asian $ Vietnamese $ Southeast Asian $ ,0/4,0,Mixer $ Vegetarian $ Advance Prep Required $ Asian $ Vietnamese $ Southeast Asian $ 
https://www.epicurious.com/recipes/food/views/bun-bo-hue-51115000,Bún Bò Hue ,"2 pounds oxtail, cut into 2- to 3-inch pieces (ask your butcher to do this) $ 2 pounds beef shank bones, cut into 2- to 3-inch pieces (ask your butcher to do this) $ 2 pounds pork neck bones $ 2 pounds beef marrowbones, cut into 2- to 3-inch pieces (ask your butcher to do this) $ 1 pound beef brisket $ 8 lemongrass stalks $ 1 1/2 teaspoons red pepper flakes $ 1 teaspoon annatto seeds, ground $ 1/4 cup plus 2 tablespoons canola oil $ 1 cup sliced shallots (2 extra-large shallots) $ 1 teaspoon minced garlic $ 1/4 cup finely chopped lemongrass $ 2 teaspoons shrimp paste $ 2 teaspoons kosher salt $ 2 teaspoons sugar $ 1 (14-ounce) package dried round rice noodles, cooked according to package directions, or 3 pounds fresh rice noodles $ Thai basil sprigs $ Perilla leaves $ Thinly sliced green or red cabbage $ Lemon wedges $ Lime wedges $ Thinly sliced yellow onion $ ",Soup/Stew $ Fry $ Dinner $ Noodle $ Simmer $ Boil $ Advance Prep Required $ Dairy Free $ Wheat/Gluten-Free $ Peanut Free $ Tree Nut Free $ Soy Free $ ,Asian $ Vietnamese $ Southeast Asian $ ,0/4,1,Soup/Stew $ Fry $ Dinner $ Noodle $ Simmer $ Boil $ Advance Prep Required $ Dairy Free $ Wheat/Gluten-Free $ Peanut Free $ Tree Nut Free $ Soy Free $ Asian $ Vietnamese $ Southeast Asian $ 
https://www.epicurious.com/recipes/food/views/grilled-pork-chops-with-sweet-lemongrass-marinade-51115010,Grilled Pork Chops with Sweet Lemongrass Marinade ,"3/4 cup sugar $ 1/4 cup plus 1 tablespoon fish sauce $ 1 lemongrass stalk, finely chopped $ 1 1/2 tablespoons minced garlic $ 2 tablespoons minced shallot $ 1 Thai chile, stemmed and finely chopped $ 1/4 teaspoon freshly ground black pepper $ 3 bone-in center cut pork chops, each about 12 ounces and 1 inch thick $ ",Herb $ Pork $ Marinate $ Backyard BBQ $ Dinner $ Meat $ Pork Chop $ Grill $ Grill/Barbecue $ Lemongrass $ Advance Prep Required $ Dairy Free $ Wheat/Gluten-Free $ Peanut Free $ Tree Nut Free $ Soy Free $ ,Asian $ Vietnamese $ Southeast Asian $ ,4/4,13,Herb $ Pork $ Marinate $ Backyard BBQ $ Dinner $ Meat $ Pork Chop $ Grill $ Grill/Barbecue $ Lemongrass $ Advance Prep Required $ Dairy Free $ Wheat/Gluten-Free $ Peanut Free $ Tree Nut Free $ Soy Free $ Asian $ Vietnamese $ Southeast Asian $ 
https://www.epicurious.com/recipes/food/views/steamed-whole-fish-with-ginger-scallions-and-soy-51115200,"Steamed Whole Fish with Ginger, Scallions, and Soy ","1 (1 1/2-pound) whole white fish (such as sea bass, branzino, or flounder), cleaned with head and tail intact $ Kosher salt and freshly ground black pepper $ 2 by 1/2-inch piece fresh ginger, peeled and finely julienned $ 1/4 cup light soy sauce $ 1 tablespoon rice wine $ 1 scallion, white and light green parts only, julienned $ 4 cilantro sprigs $ 1/2 cup canola oil $ ",Fish $ Ginger $ Steam $ Dinner $ Seafood $ Soy Sauce $ Green Onion/Scallion $ Sugar Conscious $ Pescatarian $ Dairy Free $ Peanut Free $ Tree Nut Free $ Kosher $ ,Asian $ Vietnamese $ Southeast Asian $ ,4/4,13,Fish $ Ginger $ Steam $ Dinner $ Seafood $ Soy Sauce $ Green Onion/Scallion $ Sugar Conscious $ Pescatarian $ Dairy Free $ Peanut Free $ Tree Nut Free $ Kosher $ Asian $ Vietnamese $ Southeast Asian $ 
https://www.epicurious.com/recipes/food/views/burmese-em-gin-thoke-em-melon-salad-51112760,Burmese Gin Thoke Melon Salad ,"1/2 small seedless watermelon (2 1/2 pounds) $ 1/2 ripe cantaloupe melon (1 1/2 pounds) $ 1/4 ripe honeydew melon (1 pound) $ 2 (3-inch) pieces young ginger,* peeled and minced (1/3 cup); or 2 (3-inch) pieces regular fresh ginger, peeled and minced (1/3 cup) $ 1/4 cup sesame seeds, toasted $ 1/4 cup lime juice (from 3 to 4 limes) $ 1/4 cup low-sodium soy sauce $ 1/2 cup extra virgin olive oil $ 2 tablespoons plus 1 teaspoon sugar $ 1 3/4 teaspoons kosher salt $ 1 cup dried green lentils $ 2 cups wide-flake unsweetened coconut $ 1 1/4 cups blanched raw peanuts $ 4 fresh kaffir lime leaves, chopped** $ ",Salad $ Fruit $ Ginger $ Vegetarian $ Lunch $ Melon $ Cantaloupe $ Honeydew $ Watermelon $ Lentil $ Healthy $ Vegan $ Soy Sauce $ Lime Juice $ Pescatarian $ Dairy Free $ Tree Nut Free $ Kosher $ ,Asian $ Southeast Asian $ ,0/4,2,Salad $ Fruit $ Ginger $ Vegetarian $ Lunch $ Melon $ Cantaloupe $ Honeydew $ Watermelon $ Lentil $ Healthy $ Vegan $ Soy Sauce $ Lime Juice $ Pescatarian $ Dairy Free $ Tree Nut Free $ Kosher $ Asian $ Southeast Asian $ 
https://www.epicurious.com/recipes/food/views/long-bean-cucumber-and-tomato-salad-380632,"Long Bean, Cucumber, and Tomato Salad ","2 dried Thai chiles, soaked for 2 minutes in warm water, drained $ 3 small garlic cloves, crushed $ 1/4 lime, cut into 3 wedges $ 1 tablespoon palm sugar or granulated sugar $ 1 tablespoon dried tiny shrimp $ 9 long beans (2 1/2 ounces) or green beans, trimmed, cut into 2 1/2"" lengths $ 2 kirby cucumbers or 1 English hothouse cucumber, coarsely chopped into 1"" pieces $ 2 tablespoons Thai fish sauce (nam pla) $ 2 tablespoons fresh lime juice $ 6 cherry tomatoes, halved $ 2 tablespoons crushed roasted, unsalted peanuts $ ",Salad $ Tomato $ Appetizer $ Side $ Low Fat $ Low Cal $ Cucumber $ Legume $ Healthy $ Low Cholesterol $ Chile Pepper $ Bon Appétit $ Pescatarian $ Dairy Free $ Wheat/Gluten-Free $ Tree Nut Free $ Soy Free $ ,Asian $ Thai $ Southeast Asian $ ,3.5/4,8,Salad $ Tomato $ Appetizer $ Side $ Low Fat $ Low Cal $ Cucumber $ Legume $ Healthy $ Low Cholesterol $ Chile Pepper $ Bon Appétit $ Pescatarian $ Dairy Free $ Wheat/Gluten-Free $ Tree Nut Free $ Soy Free $ Asian $ Thai $ Southeast Asian $ 
https://www.epicurious.com/recipes/food/views/pad-thai-380593,Pad Thai ,"5 ounces pad thai rice noodles $ 3 tablespoons vegetable oil $ 1 large egg, room temperature $ 6 medium shrimp, peeled, deveined (optional) $ 2 tablespoons 1x1/2x1/8"" slices pressed tofu (bean curd) $ 1 tablespoon sweet preserved shredded radish, rinsed, chopped into 1"" pieces $ 1 cup bean sprouts $ 5 tablespoons tamarind water, or 2 tablespoons plus 1 teaspoon tamarind paste mixed with 2 tablespoons plus 1 teaspoon water $ 1 1/2 tablespoons (or more) Thai fish sauce (nam pla) $ 1 1/2 tablespoons simple syrup, preferably made with palm sugar $ 4 garlic chives, 2 cut into 1"" pieces $ 1/2 teaspoon ground dried Thai chiles, divided $ 2 tablespoons crushed roasted, unsalted peanuts, divided $ 2 lime wedges $ ",Dinner $ Peanut $ Shrimp $ Tofu $ Tamarind $ Noodle $ Bon Appétit $ ,Asian $ Thai $ Southeast Asian $ ,3.5/4,9,Dinner $ Peanut $ Shrimp $ Tofu $ Tamarind $ Noodle $ Bon Appétit $ Asian $ Thai $ Southeast Asian $ 
https://www.epicurious.com/recipes/food/views/curried-beef-stew-380591,Curried Beef Stew ,"6 dried puya or 3 dried guajillo chiles, stemmed, seeded $ 1/2 teaspoon kosher salt $ 1 lemongrass stalk, bottom 4"" only, tough outer layer removed, cut into 1"" pieces $ 2 tablespoons sliced peeled fresh galangal $ 2 tablespoons sliced peeled fresh turmeric $ 1/2 cup chopped shallots $ 1/4 cup halved garlic cloves $ 1 tablespoon Thai shrimp paste $ 2 pounds trimmed beef chuck, cut into 1 1/2""-2"" cubes $ 3 tablespoons soy sauce, preferably Thai thin soy sauce (such as Healthy Boy) $ 2 tablespoons ground dried Thai chiles $ 9 cups beef broth, preferably low-salt $ 1 cup halved shallots $ 3 medium carrots, peeled, halved lengthwise, cut crosswise into 1/4 inch thick half-moons (about 1 cup) $ 6 fresh or frozen kaffir lime leaves $ Chopped fresh cilantro $ Thinly sliced Thai basil $ ",Soup/Stew $ Beef $ Stew $ Dinner $ Spice $ Winter $ Chile Pepper $ Bon Appétit $ Dairy Free $ Peanut Free $ Tree Nut Free $ No Sugar Added $ ,Asian $ Thai $ Southeast Asian $ ,3/4,6,Soup/Stew $ Beef $ Stew $ Dinner $ Spice $ Winter $ Chile Pepper $ Bon Appétit $ Dairy Free $ Peanut Free $ Tree Nut Free $ No Sugar Added $ Asian $ Thai $ Southeast Asian $ 
https://www.epicurious.com/recipes/food/views/coconut-rice-380588,Coconut Rice ,2 cups jasmine rice $ 1 cup coconut cream $ 1 1/2 tablespoons sugar $ 1 teaspoon kosher salt $ ,Rice $ Side $ Vegetarian $ Low Cal $ Coconut $ Vegan $ Simmer $ Bon Appétit $ Sugar Conscious $ Kidney Friendly $ Pescatarian $ Dairy Free $ Wheat/Gluten-Free $ Peanut Free $ Tree Nut Free $ Soy Free $ Kosher $ ,Asian $ Thai $ Southeast Asian $ ,3.5/4,40,Rice $ Side $ Vegetarian $ Low Cal $ Coconut $ Vegan $ Simmer $ Bon Appétit $ Sugar Conscious $ Kidney Friendly $ Pescatarian $ Dairy Free $ Wheat/Gluten-Free $ Peanut Free $ Tree Nut Free $ Soy Free $ Kosher $ Asian $ Thai $ Southeast Asian $ 
https://www.epicurious.com/recipes/food/views/panang-vegetable-curry-367766,Panang Vegetable Curry ,"2 tablespoons vegetable oil $ 2 large shallots, thinly sliced $ 2 tablespoons Panang Curry Paste $ 2 tablespoons chopped peeled ginger $ 2 1/3 cups canned unsweetened coconut milk, divided $ 1 1/2 cups (or more) vegetable stock $ 8 fresh or frozen kaffir lime leaves $ 2 dried chiles de árbol $ 1 4-pound kabocha squash, cut into 8 wedges, seeded, or 2 acorn squash, quartered, seeded $ 1 small head of cauliflower (about 1 1/2 pounds), cored, broken into 1""-2"" florets $ 1 pound carrots, peeled, cut on a diagonal into 1/2"" slices $ 2 red bell peppers, cut into 1/2"" squares $ 1/4 cup liquid tamarind concentrate or 2 tablespoons tamarind paste mixed with 2 tablespoons water $ 1/2 cup thinly sliced fresh basil, divided $ 2 tablespoons fish sauce (such as nam pla or nuoc nam) $ 1 tablespoon fresh lime juice $ 1 12-ounce package firm tofu, drained, patted dry, cut into 1"" cubes $ Kosher salt $ 1/4 cup chopped peanuts $ Steamed jasmine rice $ Ingredient info: Unsweetened coconut milk, chiles de árbol, and fish sauce are sold at better supermarkets. Kaffir lime leaves and tamarind concentrate can be found at Southeast Asian markets. $ ",Vegetarian $ Dinner $ Coconut $ Tofu $ Curry $ Cauliflower $ Squash $ Fall $ Winter $ Healthy $ Potluck $ Bon Appétit $ Pescatarian $ Wheat/Gluten-Free $ Tree Nut Free $ No Sugar Added $ ,Southeast Asian $ ,3/4,11,Vegetarian $ Dinner $ Coconut $ Tofu $ Curry $ Cauliflower $ Squash $ Fall $ Winter $ Healthy $ Potluck $ Bon Appétit $ Pescatarian $ Wheat/Gluten-Free $ Tree Nut Free $ No Sugar Added $ Southeast Asian $ 
https://www.epicurious.com/recipes/food/views/malaysian-beef-curry-364009,Malaysian Beef Curry ,"8 large dried New Mexico chiles $ 4 lemongrass stalks $ 1/2 cup chopped shallots $ 6 garlic cloves, peeled $ 2 teaspoons ground coriander $ 1 1/2 teaspoons ground cumin $ 1/2 teaspoon ground ginger $ 3 tablespoons fish sauce (such as nam pla or nuoc nam) $ 1 tablespoon golden brown sugar $ 3 pounds boneless beef chuck roast, trimmed, cut into 1 1/2-inch cubes $ 1 13.5- to 14-ounce can unsweetened coconut milk $ 8 kaffir lime leaves $ 2 whole star anise $ 1 cinnamon stick $ 1 tablespoon tamarind paste or tamarind concentrate $ Chopped fresh cilantro $ Steamed rice $ Ingredient info: New Mexico chiles can be found at some supermarkets and at Latin markets. Fish sauce and coconut milk are sold at supermarkets and Asian markets. Look for star anise, star-shaped seedpods, in the spice section of the supermarket. Tamarind is available in Asian and Indian markets. $ ",Slow Cooker $ Beef $ High Fiber $ Dinner $ Spice $ Curry $ Winter $ Tamarind $ Lemongrass $ Bon Appétit $ Dairy Free $ Wheat/Gluten-Free $ Peanut Free $ Tree Nut Free $ Soy Free $ ,Asian $ Southeast Asian $ ,3/4,8,Slow Cooker $ Beef $ High Fiber $ Dinner $ Spice $ Curry $ Winter $ Tamarind $ Lemongrass $ Bon Appétit $ Dairy Free $ Wheat/Gluten-Free $ Peanut Free $ Tree Nut Free $ Soy Free $ Asian $ Southeast Asian $ 
https://www.epicurious.com/recipes/food/views/pork-and-lemongrass-meatballs-in-lettuce-cups-363971,Pork and Lemongrass Meatballs in Lettuce Cups ,"1 pound ground pork $ 1 lemongrass stalk, bottom 5 inches only, smashed with rolling pin, then minced $ 1/4 cup chopped shallots $ 2 tablespoons chopped fresh cilantro $ 2 tablespoons fish sauce (such as nam pla or nuoc nam) $ 2 garlic cloves, chopped $ 1 tablespoon vegetable oil $ 1 teaspoon sugar $ 1/2 teaspoon ground white pepper $ 1 lemongrass stalk $ 1/4 cup fresh lime juice $ 1/4 cup fish sauce $ 2 tablespoons chopped fresh cilantro $ 2 tablespoons coarsely grated carrot $ 4 teaspoons (packed) golden brown sugar $ 2 teaspoons minced green Thai chile or serrano chile with seeds $ 2 tablespoons vegetable oil $ 1 head of butter lettuce, leaves separated $ 1 small persian cucumber, thinly sliced $ Ingredient info: Fish sauce can be found in the Asian foods section of many supermarkets. $ ",Pork $ Appetizer $ Low Cal $ Dinner $ Healthy $ Lemongrass $ Lettuce $ Bon Appétit $ Dairy Free $ Wheat/Gluten-Free $ Peanut Free $ Tree Nut Free $ Soy Free $ ,Vietnamese $ Southeast Asian $ ,3.5/4,23,Pork $ Appetizer $ Low Cal $ Dinner $ Healthy $ Lemongrass $ Lettuce $ Bon Appétit $ Dairy Free $ Wheat/Gluten-Free $ Peanut Free $ Tree Nut Free $ Soy Free $ Vietnamese $ Southeast Asian $ 
https://www.epicurious.com/recipes/food/views/sesame-cilantro-rice-363720,Sesame-Cilantro Rice ,"1 1/2 cups basmati rice (about 9 1/2 ounces) $ 1 1/2-inch piece peeled fresh ginger $ 1 tablespoon peanut oil $ 1 teaspoon Asian sesame oil $ 8 large green onions, thinly sliced $ 1/3 cup chopped fresh cilantro $ 2 tablespoons sesame seeds, toasted $ ",Side $ Low Fat $ Vegetarian $ Quick & Easy $ High Fiber $ Low Cholesterol $ Bon Appétit $ Sugar Conscious $ Kidney Friendly $ Vegan $ Pescatarian $ Dairy Free $ Wheat/Gluten-Free $ Tree Nut Free $ Soy Free $ No Sugar Added $ Kosher $ ,Asian $ Southeast Asian $ ,3/4,8,Side $ Low Fat $ Vegetarian $ Quick & Easy $ High Fiber $ Low Cholesterol $ Bon Appétit $ Sugar Conscious $ Kidney Friendly $ Vegan $ Pescatarian $ Dairy Free $ Wheat/Gluten-Free $ Tree Nut Free $ Soy Free $ No Sugar Added $ Kosher $ Asian $ Southeast Asian $ 
https://www.epicurious.com/recipes/food/views/thai-spareribs-363719,Thai Spareribs ,"6 pounds meaty spareribs (about 2 racks), cut into 2-rib portions $ Boiling water $ 2 large lemongrass stalks $ 1/2 cup plus 6 tablespoons tamari soy sauce $ 1/2 cup (packed) golden brown sugar $ 1/2 cup dry Sherry $ 2 tablespoons Thai peanut sauce $ 2 tablespoons Asian sesame oil $ 4 large garlic cloves, peeled $ 1 1 1/2-inch piece fresh ginger, peeled, chopped $ 3/4 cup canned unsweetened coconut milk $ Sesame-Cilantro Rice $ ",Beef $ Braise $ Marinate $ Super Bowl $ Dinner $ Tailgating $ Chill $ Party $ Advance Prep Required $ Bon Appétit $ ,Asian $ Thai $ Southeast Asian $ ,3.5/4,21,Beef $ Braise $ Marinate $ Super Bowl $ Dinner $ Tailgating $ Chill $ Party $ Advance Prep Required $ Bon Appétit $ Asian $ Thai $ Southeast Asian $ 
https://www.epicurious.com/recipes/food/views/coconut-chicken-soup-356989,Coconut Chicken Soup ,"One 14-ounce can coconut milk $ 6 thin slices fresh galangal or 4 slices fresh ginger $ 2 lemongrass stalks, tough outer portion removed tender portion only, chopped and crushed in mortar $ 5 fresh kaffir lime leaves, torn inhalf, or 1 tablespoon grated lime zest $ 3/4 pound boneless and skinless chicken breast, thinly sliced $ 5 tablespoons Thai or Vietnamese fish sauce $ 2 tablespoons palm sugar or granulated sugar $ 1/2 cup fresh lime juice $ 1 teaspoon Thai red curry paste $ 1/4 cup coarsely chopped cilantro (fresh coriander) $ 25 fresh green bird's-eye chiles or 15 fresh green Thai chiles or 8 green serrano chiles, crushed in a mortar with the pestle $ ",Soup/Stew $ Wok $ Chicken $ Kid-Friendly $ Dinner $ Lunch $ Coconut $ Winter $ Healthy $ Potluck $ Coriander $ Chile Pepper $ Dairy Free $ Wheat/Gluten-Free $ Peanut Free $ Tree Nut Free $ Soy Free $ ,Asian $ Thai $ Southeast Asian $ ,3.5/4,33,Soup/Stew $ Wok $ Chicken $ Kid-Friendly $ Dinner $ Lunch $ Coconut $ Winter $ Healthy $ Potluck $ Coriander $ Chile Pepper $ Dairy Free $ Wheat/Gluten-Free $ Peanut Free $ Tree Nut Free $ Soy Free $ Asian $ Thai $ Southeast Asian $ 
https://www.epicurious.com/recipes/food/views/pork-meatball-banh-mi-356790,Pork Meatball Banh Mi ,"2/3 cup mayonnaise $ 2 green onions, finely chopped $ 1 tablespoon hot chili sauce (such as sriracha)* $ 1 pound ground pork $ 1/4 cup finely chopped fresh basil $ 4 garlic cloves, minced $ 3 green onions, finely chopped $ 1 tablespoon fish sauce (such as nam pla or nuoc nam)* $ 1 tablespoon hot chili sauce (such as sriracha) $ 1 tablespoon sugar $ 2 teaspoons cornstarch $ 1 teaspoon freshly ground black pepper $ 1 teaspoon coarse kosher salt $ 2 cups coarsely grated carrots $ 2 cups coarsely grated peeled daikon (Japanese white radish)** $ 1/4 cup unseasoned rice vinegar $ 1/4 cup sugar $ 1 teaspoon coarse kosher salt $ 1 tablespoon Asian sesame oil $ 4 10-inch-long individual baguettes or four 10-inch-long pieces French-bread baguette (cut from 2 baguettes) $ Thinly sliced jalapeño chiles $ 16 large fresh cilantro sprigs $ ",Sandwich $ Pork $ Dinner $ Lunch $ Meat $ Bon Appétit $ Dairy Free $ Peanut Free $ Tree Nut Free $ Soy Free $ ,Asian $ Vietnamese $ Southeast Asian $ ,4/4,217,Sandwich $ Pork $ Dinner $ Lunch $ Meat $ Bon Appétit $ Dairy Free $ Peanut Free $ Tree Nut Free $ Soy Free $ Asian $ Vietnamese $ Southeast Asian $ 
https://www.epicurious.com/recipes/food/views/lime-noodles-with-vegetables-basil-and-sesame-355870,"Lime Noodles with Vegetables, Basil, and Sesame ","1 1/4 cups plus 2 tablespoons grape seed, corn, or other neutral oil $ 10 garlic cloves, thinly sliced $ 3/4 cup fresh lime juice $ 1/2 cup sugar $ 2 cups fresh basil leaves, preferably Thai $ 1 1/2 cups fresh mint leaves $ 3/4 cup white sesame seeds, plus more for garnish $ 1 tablespoon salt, plus more as needed $ About 1/2 pound assorted vegetables: carrots, parsnips, broccoli (stems are fine), bell peppers, etc., peeled and julienned $ 1 pound 1/4-inch-wide dried rice noodles, soaked in hot water until softened and drained $ 1/2 cup unsalted butter $ ",Blender $ Herb $ Vegetable $ Sauté $ Vegetarian $ Dinner $ Lunch $ Lime $ Mint $ Basil $ Broccoli $ Bell Pepper $ Carrot $ Noodle $ Boil $ Pescatarian $ Wheat/Gluten-Free $ Peanut Free $ Tree Nut Free $ Soy Free $ Kosher $ ,Asian $ Thai $ Southeast Asian $ ,2.5/4,11,Blender $ Herb $ Vegetable $ Sauté $ Vegetarian $ Dinner $ Lunch $ Lime $ Mint $ Basil $ Broccoli $ Bell Pepper $ Carrot $ Noodle $ Boil $ Pescatarian $ Wheat/Gluten-Free $ Peanut Free $ Tree Nut Free $ Soy Free $ Kosher $ Asian $ Thai $ Southeast Asian $ 
https://www.epicurious.com/recipes/food/views/chicken-wings-with-ginger-and-caramel-sauce-355884,Chicken Wings with Ginger and Caramel Sauce ,"Caramel (recipe follows) $ 1/3 cup sugar $ 1/4 cup plus 2 tablespoons nam pla (Thai fish sauce) $ 2 garlic cloves, sliced $ 4 shallots, sliced $ 2 1/2 pounds chicken wings $ One 1-inch piece fresh ginger, julienned $ 2 teaspoons cracked black peppercorns, plus more for garnish $ 6 sprigs fresh cilantro $ ",Sauce $ Chicken $ Ginger $ Poultry $ Bake $ Dinner $ Party $ Shallot $ Cilantro $ Dairy Free $ Wheat/Gluten-Free $ Peanut Free $ Tree Nut Free $ Soy Free $ ,Asian $ Thai $ Vietnamese $ Southeast Asian $ ,2/4,4,Sauce $ Chicken $ Ginger $ Poultry $ Bake $ Dinner $ Party $ Shallot $ Cilantro $ Dairy Free $ Wheat/Gluten-Free $ Peanut Free $ Tree Nut Free $ Soy Free $ Asian $ Thai $ Vietnamese $ Southeast Asian $ 
https://www.epicurious.com/recipes/food/views/thai-rice-curry-with-herbed-chicken-em-khao-mok-gai-em-355289,Thai Rice Curry with Herbed Chicken (Khao Mok Gai) ,"300 ml (10 fl oz/ 1 1/4 cup) rice vinegar $ 260 g (9 oz) honey $ 360 g (12 oz) cucumber, peeled, cored and finely chopped $ 4 tbsp finely chopped long red chiles $ 3 tbsp chopped coriander $ 60 ml (2 1/4 fl oz / 1/4 cup) coconut milk $ 1 shallot, finely chopped $ 2 garlic cloves, finely chopped $ 1 tbsp finely chopped fresh ginger $ 4 chicken breasts, skinned and boned $ 1 tbsp curry powder $ 1/4 tsp turmeric powder $ 300 g (10 1/2 oz) brown jasmine rice $ 3 tbsp soy sauce $ 1 tbsp miso paste $ 4 cardamom pods $ 1 bay leaf $ 1 cinnamon stick $ ",Garlic $ Ginger $ Herb $ Rice $ Dinner $ Curry $ Cucumber $ Healthy $ Honey $ Soy Sauce $ Cardamom $ Dairy Free $ Peanut Free $ Tree Nut Free $ Kosher $ ,Thai $ Southeast Asian $ ,3/4,10,Garlic $ Ginger $ Herb $ Rice $ Dinner $ Curry $ Cucumber $ Healthy $ Honey $ Soy Sauce $ Cardamom $ Dairy Free $ Peanut Free $ Tree Nut Free $ Kosher $ Thai $ Southeast Asian $ 
https://www.epicurious.com/recipes/food/views/spiced-and-sour-mushroom-soup-em-tom-yam-hed-em-355270,Spiced and Sour Mushroom Soup (Tom Yam Hed) ,"600 ml (1 pint/2 cups) Vegetable Stock $ 3 medium shallots, quartered and crushed $ 3 tbsp julienned galangal $ 3 tbsp finely diagonally sliced lemongrass $ 3 kaffir lime leaves, finely sliced $ 3 bird's eye chiles, pressed $ 90 g (3 1/4 oz) oyster mushrooms, sliced $ 90 g (3 1/4 oz) straw mushrooms, trimmed and halved $ 60 g (2 1/4 oz) cherry tomatoes, halved $ 4 tbsp miso paste $ 3 tbsp lime juice $ 1 tbsp apple concentrate or honey $ ",Soup/Stew $ Mushroom $ Appetizer $ Quick & Easy $ Celery $ Healthy $ Lemongrass $ Boil $ Chile Pepper $ Vegan $ Vegetarian $ Pescatarian $ Dairy Free $ Wheat/Gluten-Free $ Peanut Free $ Tree Nut Free $ No Sugar Added $ Kosher $ ,Thai $ Southeast Asian $ ,3.5/4,5,Soup/Stew $ Mushroom $ Appetizer $ Quick & Easy $ Celery $ Healthy $ Lemongrass $ Boil $ Chile Pepper $ Vegan $ Vegetarian $ Pescatarian $ Dairy Free $ Wheat/Gluten-Free $ Peanut Free $ Tree Nut Free $ No Sugar Added $ Kosher $ Thai $ Southeast Asian $ 
https://www.epicurious.com/recipes/food/views/marinated-thai-style-pork-spareribs-355069,Marinated Thai-Style Pork Spareribs ,"1 cup sliced shallots $ 10 scallions, coarsely chopped $ One 3-inch piece fresh ginger, sliced $ 8 large cloves garlic, peeled $ 1 cup coarsely chopped fresh cilantro including thin stems (and roots, if possible) $ 6 tablespoons soy sauce $ 2 tablespoons Thai or Vietnamese fish sauce (nam pla or nuoc mam) $ 1 teaspoon kosher salt $ 1 teaspoon fresh coarsely ground black pepper $ 2 tablespoons sugar $ 4 pounds pork spare ribs, cut by your butcher across the bone into 2- to 3-inch ""racks,"" each rack cut between the bones into individual 2- to 3-inch-long riblets $ Thai Chile-Herb Dipping Sauce $ ",Pork $ Bake $ Marinate $ Super Bowl $ Backyard BBQ $ Dinner $ Pork Rib $ Tailgating $ Family Reunion $ Party $ Dairy Free $ Peanut Free $ Tree Nut Free $ ,Asian $ Thai $ Southeast Asian $ ,3.5/4,30,Pork $ Bake $ Marinate $ Super Bowl $ Backyard BBQ $ Dinner $ Pork Rib $ Tailgating $ Family Reunion $ Party $ Dairy Free $ Peanut Free $ Tree Nut Free $ Asian $ Thai $ Southeast Asian $ 
https://www.epicurious.com/recipes/food/views/thai-chile-herb-dipping-sauce-355070,Thai Chile-Herb Dipping Sauce ,1 tablespoon jasmine or other long-grain rice $ 6 to 8 dried whole Thai chiles (each about 2-inches long) $ 1 heaping tablespoon finely chopped scallion $ 2 tablespoons finely chopped fresh mint $ 2 tablespoons finely chopped fresh cilantro leaves $ 2 teaspoons sugar $ 3 tablespoons Thai or Vietnamese fish sauce (nam pla or nuoc mam) $ 1/3 cup fresh lime juice $ ,Sauce $ Herb $ Pepper $ Vegetable $ Chile Pepper $ ,Asian $ Thai $ Southeast Asian $ ,4/4,7,Sauce $ Herb $ Pepper $ Vegetable $ Chile Pepper $ Asian $ Thai $ Southeast Asian $ 
https://www.epicurious.com/recipes/food/views/singapore-noodles-354709,Singapore Noodles ,"8 ounces dried rice vermicelli, soaked in water until pliable $ 24 small tiger shrimp, heads removed, peeled and deveined $ 3 tablespoons vegetable oil $ 1 small onion, cut into thin wedges $ 1/2 cup fresh shelled green peas, or frozen peas, thawed $ 2 teaspoons Indian curry powder $ 6 ounces Cantonese roast pork or thick slice of ham, diced $ 1 1/2 tablespoons fish sauce $ Kosher salt and freshly ground black pepper $ 6 sprigs cilantro, trimmed $ ",Wok $ Pork $ Shellfish $ Stir-Fry $ Dinner $ Meat $ Seafood $ Shrimp $ Noodle $ Sugar Conscious $ Dairy Free $ Wheat/Gluten-Free $ Peanut Free $ Tree Nut Free $ Soy Free $ No Sugar Added $ ,Asian $ Southeast Asian $ ,3.5/4,17,Wok $ Pork $ Shellfish $ Stir-Fry $ Dinner $ Meat $ Seafood $ Shrimp $ Noodle $ Sugar Conscious $ Dairy Free $ Wheat/Gluten-Free $ Peanut Free $ Tree Nut Free $ Soy Free $ No Sugar Added $ Asian $ Southeast Asian $ 
https://www.epicurious.com/recipes/food/views/southeast-asian-rice-noodles-with-calamari-and-herbs-354510,Southeast Asian Rice Noodles with Calamari and Herbs ,"1 pound cleaned squid, bodies cut into 1/3-inch-thick rings and tentacles halved $ 8 ounces 1/8-inch-wide dried rice-stick noodles (rice vermicelli) $ 6 tablespoons fresh lime juice $ 1 tablespoon Asian fish sauce $ 2 teaspoons sugar $ 3/4 teaspoon hot red pepper flakes $ 6 tablespoons vegetable oil $ 1 Kirby cucumber, sliced into thin half-moons $ 2 scallions, thinly sliced $ 1 cup mixed coarsely chopped herbs such as mint, basil, and cilantro $ ",Salad $ Herb $ Picnic $ Quick & Easy $ Dinner $ Lunch $ Squid $ Healthy $ Boil $ Lime Juice $ Gourmet $ Pescatarian $ Dairy Free $ Wheat/Gluten-Free $ Peanut Free $ Tree Nut Free $ Soy Free $ ,Southeast Asian $ ,3.5/4,6,Salad $ Herb $ Picnic $ Quick & Easy $ Dinner $ Lunch $ Squid $ Healthy $ Boil $ Lime Juice $ Gourmet $ Pescatarian $ Dairy Free $ Wheat/Gluten-Free $ Peanut Free $ Tree Nut Free $ Soy Free $ Southeast Asian $ 
https://www.epicurious.com/recipes/food/views/ginger-and-honey-baby-back-ribs-353813,Ginger and Honey Baby Back Ribs ,"2 2 1/4-to 2 1/2-pound baby back pork rib racks, cut into 6-to 7-rib sections $ 1/4 cup chopped peeled fresh ginger $ 6 garlic cloves, chopped $ 1 tablespoon sugar $ 1 tablespoon coarse kosher salt $ 1 tablespoon freshly ground black pepper $ 2 tablespoons honey $ 2 tablespoons soy sauce $ 2 tablespoons fish sauce (such as nam pla or nuoc nam)* $ 6 teaspoons coarse kosher salt, divided $ 6 teaspoons ground white pepper, divided $ 3 large limes, halved $ Nonstick vegetable oil spray $ ",Ginger $ Kid-Friendly $ Father's Day $ Backyard BBQ $ Dinner $ Pork Rib $ Summer $ Grill $ Grill/Barbecue $ Honey $ Bon Appétit $ Dairy Free $ Peanut Free $ Tree Nut Free $ ,Southeast Asian $ ,3.5/4,34,Ginger $ Kid-Friendly $ Father's Day $ Backyard BBQ $ Dinner $ Pork Rib $ Summer $ Grill $ Grill/Barbecue $ Honey $ Bon Appétit $ Dairy Free $ Peanut Free $ Tree Nut Free $ Southeast Asian $ 
https://www.epicurious.com/recipes/food/views/sweet-garlic-soy-sauce-353050,Sweet Garlic Soy Sauce ,"1/2 cup dark soy sauce $ 2/3 cup palm or brown sugar $ 2 garlic cloves, minced $ ",Sauce $ Garlic $ Vegetarian $ Quick & Easy $ Healthy $ Soy Sauce $ ,Asian $ Southeast Asian $ ,2/4,2,Sauce $ Garlic $ Vegetarian $ Quick & Easy $ Healthy $ Soy Sauce $ Asian $ Southeast Asian $ 
https://www.epicurious.com/recipes/food/views/lumpia-rolls-352989,Lumpia Rolls ,"3 tablespoons corn, grapeseed, or neutral oil $ 2 garlic cloves, minced $ 2 shallots, minced $ 1 pound pork, chicken, shrimp, or a combination, minced $ 1/2 cup grated or shredded carrot $ 1/2 cup shredded Napa or other cabbage $ 1/2 cup sliced fresh or canned bamboo shoots, drained if canned $ 2 teaspoons salt $ 2 teaspoons black pepper $ 2 teaspoons Shaoxing wine or dry sherry $ 8 Lumpia Wrappers $ 8 green- or red-leaf lettuce leaves $ Sweet Garlic Soy Sauce $ ",Pork $ Appetizer $ Quick & Easy $ Healthy $ Cabbage $ Lettuce $ Sugar Conscious $ Dairy Free $ Peanut Free $ Tree Nut Free $ ,Southeast Asian $ ,3.5/4,5,Pork $ Appetizer $ Quick & Easy $ Healthy $ Cabbage $ Lettuce $ Sugar Conscious $ Dairy Free $ Peanut Free $ Tree Nut Free $ Southeast Asian $ 
https://www.epicurious.com/recipes/food/views/lumpia-wrappers-352970,Lumpia Wrappers ,"1 cup flour $ 1 egg $ Corn, grapeseed, or other neutral oil as needed $ ",Egg $ Quick & Easy $ ,Southeast Asian $ ,4/4,3,Egg $ Quick & Easy $ Southeast Asian $ 
https://www.epicurious.com/recipes/food/views/sate-chicken-salad-352776,Saté Chicken Salad ,"1/4 cup dry-roasted peanuts $ 1 large garlic clove $ 1 (1-inch) piece peeled ginger $ 2/3 cup smooth peanut butter (not natural-style) $ 6 tablespoons warm water $ 3 tablespoons rice vinegar (not seasoned) $ 2 1/2 tablespoons soy sauce $ 1 1/2 tablespoons Asian sesame oil $ 1 teaspoon sugar $ 1 teaspoon hot red-pepper flakes $ 3 cups sliced or coarsely shredded rotisserie chicken $ 1 pound coleslaw mix $ 3 celery ribs, thinly sliced diagonally $ 1 red bell pepper, sliced $ 1 bunch scallions, chopped $ 1 cup coarsely chopped cilantro $ Accompaniment: lime wedges $ ",Salad $ Chicken $ Picnic $ Kid-Friendly $ Quick & Easy $ Lunch $ Peanut $ Potluck $ Soy Sauce $ Peanut Butter $ Gourmet $ Dairy Free $ Tree Nut Free $ Kosher $ ,Asian $ Southeast Asian $ ,3/4,17,Salad $ Chicken $ Picnic $ Kid-Friendly $ Quick & Easy $ Lunch $ Peanut $ Potluck $ Soy Sauce $ Peanut Butter $ Gourmet $ Dairy Free $ Tree Nut Free $ Kosher $ Asian $ Southeast Asian $ 
https://www.epicurious.com/recipes/food/views/chili-crab-351869,Chili Crab ,"8 soft-shelled crabs, cleaned, or 2 whole Dungeness crabs $ 2 tablespoons vegetable oil $ 1 (3-inch) knob ginger, minced (about 3 tablespoons) $ 5 cloves garlic, minced (about 2 tablespoons) $ 3 to 4 fresh red bird's-eye chiles, seeded and minced $ 1 tablespoon Chinese fermented black beans or black bean sauce $ 1 tablespoon shaohsing rice wine or sherry $ 1/2 cup plain tomato sauce, purchased or homemade $ 1/4 cup mild chili sauce, such as Heinz $ 1 tablespoon sugar $ 2 teaspoons kosher salt $ 1/4 teaspoon ground white pepper $ 2 teaspoons cornstarch $ 2 large eggs, lightly beaten $ 2 tablespoons fresh cilantro, chopped $ 1 scallion, thinly sliced on bias $ Accompaniments: steamed Chinese buns or baguette slices $ ",Wok $ Egg $ Garlic $ Ginger $ Stir-Fry $ Dinner $ Crab $ Chile Pepper $ Pescatarian $ Dairy Free $ Peanut Free $ Tree Nut Free $ Soy Free $ ,Southeast Asian $ ,3.5/4,7,Wok $ Egg $ Garlic $ Ginger $ Stir-Fry $ Dinner $ Crab $ Chile Pepper $ Pescatarian $ Dairy Free $ Peanut Free $ Tree Nut Free $ Soy Free $ Southeast Asian $ 
https://www.epicurious.com/recipes/food/views/southeast-asian-beef-and-rice-noodle-soup-351435,Southeast Asian Beef and Rice-Noodle Soup ,"3 pounds meaty beef short ribs $ 3 pounds beef shank in 2 or 3 pieces $ 2 tablespoons peanut or vegetable oil, divided $ 1 large onion, sliced $ 2 (1-inch) pieces peeled ginger, smashed $ 1 bunch scallions, white parts smashed and greens chopped $ 3 garlic cloves, smashed $ 1 (4-inch-long) fresh red or green chile, stemmed and halved lengthwise $ 2 quart water $ 1/4 cup soy sauce $ 4 whole star anise $ 1 (4-inch) cinnamon stick $ 14 ounces dried flat Asian rice noodles $ Accompaniments: mint sprigs; thinly sliced seedless cucumber; Sriracha and hoisin sauces; lime wedges $ ",Soup/Stew $ Beef $ Soy $ Dinner $ Noodle $ Green Onion/Scallion $ Gourmet $ ,Asian $ Vietnamese $ Southeast Asian $ ,2.5/4,3,Soup/Stew $ Beef $ Soy $ Dinner $ Noodle $ Green Onion/Scallion $ Gourmet $ Asian $ Vietnamese $ Southeast Asian $ 
https://www.epicurious.com/recipes/food/views/thai-style-chicken-soup-with-basil-351298,Thai-Style Chicken Soup with Basil ,"2 fresh lemongrass stalks, root end trimmed and 1 or 2 outer layers discarded $ 2 large shallots, thinly sliced $ 2 large garlic cloves, thinly sliced $ 2 tablespoons vegetable oil $ 2 quart rich and flavorful chicken stock ; 1 or 2 outer layers discarded $ 1 (14-ounce) can diced tomatoes in juice, drained, reserving juice $ 2 ounces tamarind from a pliable block (a 2-inch cube), chopped $ 3 tablespoon Asian fish sauce $ 2 (2-inch-long) fresh Thai chiles, thinly sliced $ 2 fresh or frozen Kaffir lime leaves $ 1 (2-inch) piece peeled ginger, thinly sliced $ 1 pound skinless boneless chicken breast $ 1/4 pound snow peas, sliced 1/4 inch thick $ 1/3 cup packed basil leaves (preferably Thai) $ Accompaniment: cooked jasmine rice $ ",Soup/Stew $ Chicken $ Dinner $ Lunch $ Basil $ Healthy $ Tamarind $ Simmer $ Gourmet $ Dairy Free $ Wheat/Gluten-Free $ Peanut Free $ Tree Nut Free $ Soy Free $ No Sugar Added $ ,Thai $ Southeast Asian $ ,3.5/4,25,Soup/Stew $ Chicken $ Dinner $ Lunch $ Basil $ Healthy $ Tamarind $ Simmer $ Gourmet $ Dairy Free $ Wheat/Gluten-Free $ Peanut Free $ Tree Nut Free $ Soy Free $ No Sugar Added $ Thai $ Southeast Asian $ 
https://www.epicurious.com/recipes/food/views/panang-tofu-curry-351275,Panang Tofu Curry ,"1 1/2 tablespoons olive oil $ 1/2 cup finely chopped shallots $ 2 tablespoons finely grated peeled ginger $ 4 garlic cloves, finely chopped $ 1/4 cup organic peanut butter $ 2 teaspoons turmeric $ 1 teaspoon ground cumin $ 1 teaspoon hot chili paste (such as sambal oelek)* $ 1 cup water $ 1 13 1/2-to 14-ounce can organic light coconut milk $ 3 kaffir lime leaves or 3 tablespoons fresh lime juice and 1 1/2 teaspoons finely grated lime peel $ 1 tablespoon (firmly packed) golden brown sugar $ 2 14-ounce packages organic firm tofu, drained, cut into 1-inch cubes 1 1/2 cups 1/4- to 1/3-inch-thick slices peeled carrots (about 3 medium) $ 1 1/2 cups 1/4- to 1/3-inch-thick slices peeled carrots (about 3 medium) $ 1 large red bell pepper, cut into 3/4-inch pieces $ ",Vegetarian $ Low Cal $ High Fiber $ Dinner $ Lunch $ Tofu $ Curry $ Healthy $ Low Cholesterol $ Potluck $ Bon Appétit $ Vegan $ Pescatarian $ Wheat/Gluten-Free $ Kosher $ ,Thai $ Southeast Asian $ ,3/4,87,Vegetarian $ Low Cal $ High Fiber $ Dinner $ Lunch $ Tofu $ Curry $ Healthy $ Low Cholesterol $ Potluck $ Bon Appétit $ Vegan $ Pescatarian $ Wheat/Gluten-Free $ Kosher $ Thai $ Southeast Asian $ 
https://www.epicurious.com/recipes/food/views/chicken-curry-350992,Chicken Curry ,"10 dried guajillo or New Mexico chiles (about 2 1/2 ounces total), wiped clean, stemmed, and seeded $ 2 tablespoons whole coriander seeds $ 4 1/2 teaspoons whole cumin seeds $ 2 teaspoons whole fennel seeds $ 1 (1-inch) cinnamon stick $ 1/4 cup whole macadamia nuts (8 to 10 nuts), plus 1/4 cup, chopped, for optional garnish $ 8 shallots, coarsely chopped (about 1 1/4 cups) $ 4 1/2 teaspoons ginger, minced (from about 1 1/2-inch knob) $ 8 cloves garlic, roughly chopped $ 2 tablespoons ground turmeric $ 3 stalks fresh lemongrass, root ends trimmed and 1 or 2 outer layers discarded $ 1/4 cup vegetable oil $ 2 whole (3-pound) chickens, each cut into 8 pieces, then breasts cut in half $ 2 tablespoons kosher salt $ 2 (15 1/2-ounce) cans unsweetened coconut milk $ 1/2 cup unsweetened shredded coconut, toasted $ Double recipe Steamed White Rice $ 8 lime wedges $ ",Food Processor $ Garlic $ Sauté $ Dinner $ Coconut $ Macadamia Nut $ Potluck $ Lemongrass $ Simmer $ Chile Pepper $ Coffee Grinder $ Sugar Conscious $ Dairy Free $ Wheat/Gluten-Free $ Soy Free $ No Sugar Added $ Kosher $ ,Asian $ Southeast Asian $ ,3.5/4,6,Food Processor $ Garlic $ Sauté $ Dinner $ Coconut $ Macadamia Nut $ Potluck $ Lemongrass $ Simmer $ Chile Pepper $ Coffee Grinder $ Sugar Conscious $ Dairy Free $ Wheat/Gluten-Free $ Soy Free $ No Sugar Added $ Kosher $ Asian $ Southeast Asian $ 
https://www.epicurious.com/recipes/food/views/salt-and-pepper-tofu-350822,Salt and Pepper Tofu ,"1/2 pound tofu pillows (Chinese-style pressed firm tofu) $ Oil, for deep-frying $ 2 scallions, sliced $ 1 bird's-eye chile, sliced $ 1 teaspoon ground garlic $ Salt and pepper seasoning mix $ ",Appetizer $ Side $ Sauté $ Vegetarian $ Dinner $ Deep-Fry $ Vegan $ Sugar Conscious $ Kidney Friendly $ Pescatarian $ Dairy Free $ Wheat/Gluten-Free $ Peanut Free $ Tree Nut Free $ No Sugar Added $ Kosher $ ,Vietnamese $ Southeast Asian $ ,3.5/4,10,Appetizer $ Side $ Sauté $ Vegetarian $ Dinner $ Deep-Fry $ Vegan $ Sugar Conscious $ Kidney Friendly $ Pescatarian $ Dairy Free $ Wheat/Gluten-Free $ Peanut Free $ Tree Nut Free $ No Sugar Added $ Kosher $ Vietnamese $ Southeast Asian $ 
https://www.epicurious.com/recipes/food/views/vegetarian-dipping-sauce-350824,Vegetarian Dipping Sauce ,1/4 cup superfine sugar $ 3/4 cup boiling water $ 3 tablespoons freshly squeezed lemon juice $ 3 tablespoons light soy sauce $ ,Condiment/Spread $ Sauce $ Vegetarian $ Vegan $ Soy Sauce $ ,Asian $ Vietnamese $ Southeast Asian $ ,2.5/4,2,Condiment/Spread $ Sauce $ Vegetarian $ Vegan $ Soy Sauce $ Asian $ Vietnamese $ Southeast Asian $ 
https://www.epicurious.com/recipes/food/views/salt-and-pepper-seasoning-mix-350805,Salt and Pepper Seasoning Mix ,1 tablespoon salt $ 1 teaspoon sugar $ 1 teaspoon fine white pepper $ 1 teaspoon ground ginger $ 1/2 teaspoon five-spice powder $ ,,Vietnamese $ Southeast Asian $ ,3.5/4,2,Vietnamese $ Southeast Asian $ 
https://www.epicurious.com/recipes/food/views/salt-pepper-and-lemon-dipping-sauce-350835,"Salt, Pepper, and Lemon Dipping Sauce ",2 tablespoons freshly squeezed lemon juice $ 1/2 teaspoon salt $ 1 teaspoon fine white pepper $ ,Condiment/Spread $ Sauce $ Vegetarian $ Lemon $ Vegan $ ,Vietnamese $ Southeast Asian $ ,0/4,0,Condiment/Spread $ Sauce $ Vegetarian $ Lemon $ Vegan $ Vietnamese $ Southeast Asian $ 
https://www.epicurious.com/recipes/food/views/shrimp-in-ginger-butter-sauce-243537,Shrimp in Ginger Butter Sauce ,"6 ounces large shrimp in shell, peeled $ 2 tablespoons unsalted butter $ 1 1/2 teaspoons grated peeled ginger $ 2 tablespoons medium-dry Sherry $ 2 tablespoons coarsely chopped cilantro $ a baguette $ green beans $ ",Ginger $ Sauté $ Quick & Easy $ Shrimp $ Sherry $ Cilantro $ Gourmet $ ,French $ Southeast Asian $ ,3.5/4,39,Ginger $ Sauté $ Quick & Easy $ Shrimp $ Sherry $ Cilantro $ Gourmet $ French $ Southeast Asian $ 
https://www.epicurious.com/recipes/food/views/vietnamese-chicken-salad-243196,Vietnamese Chicken Salad ,"2 tablespoons fresh lime juice $ 2 tablespoons finely chopped garlic $ 1 tablespoon finely chopped peeled ginger $ 1 teaspoon finely chopped fresh red chiles (preferably Thai or cayenne), or to taste $ 1 whole chicken (about 3 1/2 pounds) $ 1 (2-pound) green cabbage $ 1/2 pound carrots $ 1 tablespoon sugar $ 1/3 cup Asian fish sauce $ 1/4 cup packed light brown sugar $ 1 tablespoon finely chopped fresh red chiles (preferably Thai or cayenne) $ 2 teaspoon finely chopped peeled ginger $ 1 garlic clove, finely chopped $ 5 tablespoons fresh lime juice $ 2/3 cup coarsely chopped salted roasted peanuts $ 1/2 cup packed torn basil leaves $ 1/2 cup packed torn mint leaves $ an adjustable-blade slicer $ lime wedges; thinly sliced fresh red chiles (optional) $ ",Salad $ Chicken $ Ginger $ Poultry $ Back to School $ Dinner $ Lunch $ Lime $ Mint $ Basil $ Peanut $ Hot Pepper $ Carrot $ Family Reunion $ Healthy $ Cabbage $ Potluck $ Gourmet $ Dairy Free $ Wheat/Gluten-Free $ Tree Nut Free $ Soy Free $ ,Asian $ Vietnamese $ Southeast Asian $ ,2.5/4,15,Salad $ Chicken $ Ginger $ Poultry $ Back to School $ Dinner $ Lunch $ Lime $ Mint $ Basil $ Peanut $ Hot Pepper $ Carrot $ Family Reunion $ Healthy $ Cabbage $ Potluck $ Gourmet $ Dairy Free $ Wheat/Gluten-Free $ Tree Nut Free $ Soy Free $ Asian $ Vietnamese $ Southeast Asian $ 
https://www.epicurious.com/recipes/food/views/southeast-asian-squash-curry-350259,Southeast Asian Squash Curry ,"1 tablespoon plus 2 teaspoons vegetable oil, divided $ 1 1/2 pound butternut squash, peeled, seeded, and cut into 1/2-inch pieces $ 3/4 teaspoon cumin seeds $ 1 medium onion, thinly sliced $ 1 (14-ounce) can unsweetened coconut milk (do not stir), divided $ 1 1/2 to 2 tablespoons Thai Kitchen red curry paste $ 1/3 cup water $ 1 (2- to 3-inch) cinnamon stick $ 3 whole cloves $ 5 ounces baby spinach (5 cups packed) $ 1 tablespoon Asian fish sauce, or to taste $ 1/4 cup salted roasted cashews, chopped $ Accompaniment: lime wedges $ ",Quick & Easy $ Dinner $ Cashew $ Curry $ Spinach $ Squash $ Butternut Squash $ Fall $ Potluck $ Gourmet $ Pescatarian $ Dairy Free $ Wheat/Gluten-Free $ Peanut Free $ Soy Free $ No Sugar Added $ ,Asian $ Southeast Asian $ ,3/4,33,Quick & Easy $ Dinner $ Cashew $ Curry $ Spinach $ Squash $ Butternut Squash $ Fall $ Potluck $ Gourmet $ Pescatarian $ Dairy Free $ Wheat/Gluten-Free $ Peanut Free $ Soy Free $ No Sugar Added $ Asian $ Southeast Asian $ 
