link,name,ingredients,recipe_category,recipe_cuisine,rating,rating_count,keywords
https://www.epicurious.com/recipes/food/views/key-lime-pie-230292,Key Lime Pie ,"Crust (or use a commercially prepared graham crust such as Keebler Ready Crust Graham Cracker Pie Crust) $ 1 1/2 cups graham crackers, crushed $ 1/4 cup sugar $ 5 tbsp butter, melted $ 1 can (14 oz) nonfat sweetened condensed milk $ 1/2 cup fresh lime juice $ 1 tbsp lime zest, minced $ 1 egg $ 2 eggs, yolks and whites separated $ 1/4 tsp cream of tartar $ 2 cups low-calorie whipped cream (such as Cool Whip) $ 1 lime, thinly sliced (optional) $ ",Milk/Cream $ Egg $ Dessert $ Bake $ Low Fat $ Vegetarian $ Lime $ Self $ Kidney Friendly $ Pescatarian $ Peanut Free $ Tree Nut Free $ Soy Free $ Kosher $ ,American $ ,3/4,6,Milk/Cream $ Egg $ Dessert $ Bake $ Low Fat $ Vegetarian $ Lime $ Self $ Kidney Friendly $ Pescatarian $ Peanut Free $ Tree Nut Free $ Soy Free $ Kosher $ American $ 
https://www.epicurious.com/recipes/food/views/crab-cake-sandwich-230288,Crab Cake Sandwich ,"1 lb lump crabmeat $ 2 egg whites, beaten $ 1/4 cup light mayonnaise $ 2 1/2 tsp Old Bay seasoning $ 1/4 tsp Worcestershire sauce $ 1/2 tsp ground black pepper $ 1 tbsp fresh parsley, chopped $ 1 tsp Dijon mustard $ 1 cup plain breadcrumbs $ 1 1/2 tbsp vegetable oil (for frying) $ 6 sandwich rolls, split and toasted $ ",Sandwich $ Egg $ Sauté $ Low Fat $ Crab $ Self $ ,American $ ,3/4,13,Sandwich $ Egg $ Sauté $ Low Fat $ Crab $ Self $ American $ 
https://www.epicurious.com/recipes/food/views/philly-cheese-steak-230291,Philly Cheese Steak ,"3 medium onions, sliced very thin $ 2 green or red sweet bell peppers (or combination), cored, seeded and sliced very thin $ 1 tbsp extra-virgin olive oil $ 1 tsp garlic salt $ 1/2 tsp black pepper $ 2 lb extra-lean beef tenderloin (9 percent fat), sliced very thin $ 6 slices(1 oz each) part-skim mozzarella $ 6 soft Italian rolls, split $ ",Sandwich $ Cheese $ Onion $ Pepper $ Low Fat $ Kid-Friendly $ Steak $ Grill/Barbecue $ Self $ ,American $ ,3.5/4,5,Sandwich $ Cheese $ Onion $ Pepper $ Low Fat $ Kid-Friendly $ Steak $ Grill/Barbecue $ Self $ American $ 
https://www.epicurious.com/recipes/food/views/fresh-tuna-sandwich-230188,Fresh Tuna Sandwich ,"1/2 cup red onion, thinly sliced $ 2 tsp olive oil $ 1 tbsp fennel seed $ 1 cup white wine* $ 1 lb red cabbage, cored and thinly sliced $ 8 oz deli-style sauerkraut $ 1/2 cup rice vinegar $ 1 1/2 tbsp kosher salt $ 1 tbsp wasabi paste $ 4 oz plain nonfat yogurt $ 4 oz goat cheese $ 1 lb high-quality tuna steak (single piece, no blood lines) $ 1/4 cup black peppercorns, cracked $ 1 tbsp kosher salt $ 2 tsp safflower (or canola) oil $ 8 slices rye bread $ ",Sandwich $ Sauté $ Low Fat $ Yogurt $ Lunch $ Wasabi $ Goat Cheese $ Tuna $ Chill $ Cabbage $ Self $ Pescatarian $ Peanut Free $ Tree Nut Free $ Soy Free $ Kosher $ ,American $ Asian $ ,1/4,2,Sandwich $ Sauté $ Low Fat $ Yogurt $ Lunch $ Wasabi $ Goat Cheese $ Tuna $ Chill $ Cabbage $ Self $ Pescatarian $ Peanut Free $ Tree Nut Free $ Soy Free $ Kosher $ American $ Asian $ 
https://www.epicurious.com/recipes/food/views/vegetables-on-rosemary-skewers-with-white-bean-hummus-230189,Vegetables on Rosemary Skewers with White-Bean Hummus ,"1 zucchini $ 1 red bell pepper $ 1 yellow bell pepper $ 1 green bell pepper $ 1 large carrot, peeled $ 2 medium parsnips, peeled $ 1 bulb fennel, tough outer layer removed $ 4 red bliss potatoes $ 2 red onions $ 2 large portobellos $ 1 Japanese eggplant $ 8 rosemary branches, 8-10 inches each, leaves removed, soaked in water (so they don't burn) $ 1/4 cup olive oil $ Juice of 1 lemon $ 1/4 tsp crushed red pepper $ 1 clove garlic, peeled and minced $ One 15-oz can plus one 8-oz can white beans (cannellini) $ 1 medium onion, diced $ 3 cloves garlic, peeled and minced $ 1 tbsp olive oil $ 1 tbsp chili powder $ 1 tsp lemon zest $ 1 tsp fresh rosemary leaves, chopped $ ",Bean $ Vegetable $ Low Fat $ Rosemary $ Grill/Barbecue $ Self $ ,American $ ,3.5/4,4,Bean $ Vegetable $ Low Fat $ Rosemary $ Grill/Barbecue $ Self $ American $ 
https://www.epicurious.com/recipes/food/views/grilled-peach-melba-230284,Grilled Peach Melba ,"3 limes (reserve 1, halved, for garnish) $ 3 pints fresh raspberries $ 1/2 cup sugar $ 1 pint fresh blueberries $ 1 pint fresh blackberries $ 2 large or 4 small ripe peaches, halved and pitted (skin on) $ 1 pint lowfat vanilla frozen yogurt (or lowfat vanilla ice cream) $ ",Berry $ Dessert $ Low Fat $ Yogurt $ Peach $ Summer $ Grill/Barbecue $ Healthy $ Self $ Vegetarian $ Pescatarian $ Wheat/Gluten-Free $ Peanut Free $ Tree Nut Free $ Soy Free $ Kosher $ ,American $ ,0/4,0,Berry $ Dessert $ Low Fat $ Yogurt $ Peach $ Summer $ Grill/Barbecue $ Healthy $ Self $ Vegetarian $ Pescatarian $ Wheat/Gluten-Free $ Peanut Free $ Tree Nut Free $ Soy Free $ Kosher $ American $ 
https://www.epicurious.com/recipes/food/views/grilled-striped-bass-with-summer-vegetables-and-couscous-vinaigrette-230283,Grilled Striped Bass with Summer Vegetables and Couscous Vinaigrette ,"1 eggplant, halved lengthwise $ 1/4 cup olive oil $ 2 tsp ground cumin $ 1/4 lb green beans, trimmed and cut into 1-inch pieces $ 1/4 lb wax beans, trimmed and cut into 1-inch pieces $ 2 cups corn kernels (about 3 ears) $ 1 pint pear or cherry tomatoes, halved $ 1 cup uncooked couscous $ 1 tbsp red wine vinegar $ 1 cup fresh basil leaves, chopped $ 4 striped bass (or red snapper) fillets (6 oz each), skin on $ ",Tomato $ Low Fat $ Bass $ Corn $ Green Bean $ Summer $ Grill/Barbecue $ Couscous $ Self $ ,American $ ,0/4,0,Tomato $ Low Fat $ Bass $ Corn $ Green Bean $ Summer $ Grill/Barbecue $ Couscous $ Self $ American $ 
https://www.epicurious.com/recipes/food/views/farmers-market-fettuccine-230285,Farmers' Market Fettuccine ,"2 tbsp extra-virgin olive oil $ 3 cloves garlic, peeled and chopped $ 1/2 tsp ground fennel seed $ 1/4 cup white wine vinegar $ 2 1/2 lb fresh ripe tomatoes, seeded and roughly chopped (or one 28-oz can plum tomatoes) $ 12 oz fresh fettuccine (or dry pasta) $ 3 small zucchini, julienned $ 12 fresh squash blossoms, trimmed well at the base (or 2 cups fresh green beans, trimmed) $ 1 1/2 cups packed baby spinach, cleaned and torn into bite-sized pieces $ 2 tbsp roughly chopped fresh basil $ ",Pasta $ Tomato $ Vegetable $ Low Fat $ Vegetarian $ Spinach $ Squash $ Summer $ Self $ ,American $ ,2.5/4,5,Pasta $ Tomato $ Vegetable $ Low Fat $ Vegetarian $ Spinach $ Squash $ Summer $ Self $ American $ 
https://www.epicurious.com/recipes/food/views/salmon-balls-with-fresh-tomato-salsa-230191,Salmon Balls with Fresh Tomato Salsa ,"2 large ripe beefsteak tomatoes, seeded, peeled and diced $ 3 green onions, chopped $ 1 clove garlic, peeled and minced (optional) $ 2 tbsp chopped fresh parsley $ 1 tbsp olive oil $ 1 tsp red wine vinegar $ 1 tsp chopped fresh basil $ 1 lb fresh salmon fillet, cut into 1/4-inch pieces (ask fishmonger to remove skin) $ 2 egg whites, lightly beaten $ 3/4 cup breadcrumbs $ 3 tbsp golden raisins $ 3 tbsp chopped fresh parsley $ 2 tbsp Parmesan $ 1/2 tsp freshly ground pepper $ 2 tsp olive oil $ 6 cups arugula, torn into bite-sized pieces $ ",Tomato $ Sauté $ Low Fat $ Salmon $ Arugula $ Self $ ,American $ ,3/4,5,Tomato $ Sauté $ Low Fat $ Salmon $ Arugula $ Self $ American $ 
https://www.epicurious.com/recipes/food/views/turkey-chipotle-chile-230296,Turkey-Chipotle Chile ,"1 green bell pepper, cored, seeded and chopped $ 1 small onion, chopped $ 2 tsp canola oil $ 1 lb ground turkey breast $ 1 can (15 oz) tomato sauce $ 1 can (15 oz) kidney beans, undrained $ 1/2 tsp chili powder $ 1 tsp salt $ 1/2 tsp canned or 1/4 tsp dried chipotle pepper, minced $ 1/2 cup shredded reduced-fat cheddar $ ",Bean $ Onion $ Pepper $ Tomato $ turkey $ Super Bowl $ Low Fat $ Winter $ Self $ ,American $ ,2.5/4,3,Bean $ Onion $ Pepper $ Tomato $ turkey $ Super Bowl $ Low Fat $ Winter $ Self $ American $ 
https://www.epicurious.com/recipes/food/views/quinoa-stuffing-230192,Quinoa Stuffing ,"3 bay leaves $ 2 cups quinoa $ 1/4 cup olive oil $ 2 small zucchini, cut into 1-inch cubes $ 1 butternut squash, peeled and diced $ 2 bunches green onions, chopped $ 1 cup dried apricots, diced $ 1 cup dried cranberries $ 1 cup fresh parsley, chopped $ 1 cup fresh mint, chopped $ 1 lemon $ ",Side $ Sauté $ Thanksgiving $ Low Fat $ Wheat/Gluten-Free $ Stuffing/Dressing $ Dried Fruit $ Mint $ Quinoa $ Butternut Squash $ Zucchini $ Parsley $ Self $ Vegan $ Vegetarian $ Pescatarian $ Dairy Free $ Peanut Free $ Tree Nut Free $ Soy Free $ Kosher $ ,American $ ,3.5/4,14,Side $ Sauté $ Thanksgiving $ Low Fat $ Wheat/Gluten-Free $ Stuffing/Dressing $ Dried Fruit $ Mint $ Quinoa $ Butternut Squash $ Zucchini $ Parsley $ Self $ Vegan $ Vegetarian $ Pescatarian $ Dairy Free $ Peanut Free $ Tree Nut Free $ Soy Free $ Kosher $ American $ 
https://www.epicurious.com/recipes/food/views/pepperoni-polenta-pizza-230182,Pepperoni Polenta Pizza ,1/2 cup instant plain polenta $ 1/2 tsp salt $ 1/2 cup thinly sliced onion $ 1/4 cup diced red and/or green bell pepper $ 2 tsp olive oil $ 1/2 cup prepared marinara sauce $ 10 slices reduced-fat pepperoni $ 1/3 cup seeded and diced tomato $ 1/4 tsp dried oregano $ 1/2 cup shredded reduced-fat (part skim) mozzarella $ ,Pork $ Tomato $ Bake $ Sauté $ Low Fat $ Mozzarella $ Cornmeal $ Self $ ,American $ ,3/4,1,Pork $ Tomato $ Bake $ Sauté $ Low Fat $ Mozzarella $ Cornmeal $ Self $ American $ 
https://www.epicurious.com/recipes/food/views/chilled-watermelon-soup-230181,Chilled Watermelon Soup ,"6 pounds yellow or red seedless watermelon, diced (9 cups) $ 2 tablespoons chopped fresh mint $ 1 tablespoon sugar $ 2 tablespoons fresh lemon juice $ 1 cup lightly sweet white wine (such as Riesling) or 3/4 cup water mixed with 1/4 cup sugar $ 1 teaspoon chopped ginger $ 8 teaspoons crumbled feta $ 1/4 cup sparkling wine (or sparkling water) $ ",Soup/Stew $ Blender $ Cheese $ Fruit $ Ginger $ Herb $ Freeze/Chill $ No-Cook $ Sauté $ Picnic $ Low Fat $ Vegetarian $ Low Cal $ Watermelon $ Summer $ Chill $ Healthy $ Self $ ,American $ ,2.5/4,11,Soup/Stew $ Blender $ Cheese $ Fruit $ Ginger $ Herb $ Freeze/Chill $ No-Cook $ Sauté $ Picnic $ Low Fat $ Vegetarian $ Low Cal $ Watermelon $ Summer $ Chill $ Healthy $ Self $ American $ 
https://www.epicurious.com/recipes/food/views/grilled-salmon-with-papaya-mint-salsa-230180,Grilled Salmon with Papaya-Mint Salsa ,"3/4 cup peeled and chopped papaya $ 1/4 cup chopped yellow bell pepper $ 1/4 cup thinly sliced green onion $ 1 tbsp chopped pimiento $ 1 tbsp chopped fresh mint $ 1 tbsp rice-wine or white vinegar $ 1 tbsp fresh lime juice $ 1 tsp grated fresh ginger $ 1 tsp seeded and minced jalapeño pepper $ Vegetable-oil cooking spray $ 4 salmon steaks (5 oz each) or fillets, about 1 to 1 1/4 inches thick $ ",Vegetable $ Low Fat $ Papaya $ Mint $ Salmon $ Grill/Barbecue $ Self $ ,American $ ,3.5/4,7,Vegetable $ Low Fat $ Papaya $ Mint $ Salmon $ Grill/Barbecue $ Self $ American $ 
https://www.epicurious.com/recipes/food/views/macaroni-frittata-230179,Macaroni Frittata ,"4 eggs (or 2 eggs and 4 egg whites) $ 1 tbsp cornstarch $ 1 tbsp capers, drained $ 6 pitted black olives, sliced $ 1 tbsp chopped fresh parsley $ 1 tsp butter $ 1/2 cup chopped onion $ 3/4 cup chopped red bell pepper $ 1 1/2 cups cooked macaroni (or other small pasta) $ 2 medium tomatoes, seeded and chopped $ 2 tbsp chopped fresh basil $ ",Egg $ Pasta $ Vegetable $ Breakfast $ Sauté $ Low Fat $ Vegetarian $ Quick & Easy $ Self $ Sugar Conscious $ Pescatarian $ Peanut Free $ Tree Nut Free $ Soy Free $ No Sugar Added $ Kosher $ ,American $ Italian $ ,1/4,2,Egg $ Pasta $ Vegetable $ Breakfast $ Sauté $ Low Fat $ Vegetarian $ Quick & Easy $ Self $ Sugar Conscious $ Pescatarian $ Peanut Free $ Tree Nut Free $ Soy Free $ No Sugar Added $ Kosher $ American $ Italian $ 
https://www.epicurious.com/recipes/food/views/sugar-cookies-230249,Sugar Cookies ,"Vegetable-oil cooking spray $ 1/2 cup sugar $ 2 tbsp butter, lightly browned $ 2 tbsp canola oil $ 1 large egg $ 1 1/2 tsp vanilla extract $ 1 1/2 cups all-purpose flour $ 1 tsp baking powder $ 1/4 tsp salt $ 4 cups (a 1-lb box) confectioners' sugar, sifted $ 1/2 cup light corn syrup $ 1 tsp lemon (or vanilla) extract $ ",Cookies $ Mixer $ Dairy $ Egg $ Dessert $ Self $ Kidney Friendly $ Vegetarian $ Pescatarian $ Peanut Free $ Tree Nut Free $ Soy Free $ Kosher $ ,American $ ,2/4,11,Cookies $ Mixer $ Dairy $ Egg $ Dessert $ Self $ Kidney Friendly $ Vegetarian $ Pescatarian $ Peanut Free $ Tree Nut Free $ Soy Free $ Kosher $ American $ 
https://www.epicurious.com/recipes/food/views/ambrosia-230250,Ambrosia ,"4 seedless navel (or blood) oranges $ 2 Ruby Red grapefruit (1 lb each) $ 3 tbsp honey $ 1 starfruit, thinly sliced $ 1 cup seedless red grapes, halved $ 1/2 cup champagne grapes (optional) $ Julienned orange zest $ ",Dessert $ No-Cook $ Low Fat $ Grapefruit $ Orange $ Honey $ Grape $ Self $ Fat Free $ Vegetarian $ Pescatarian $ Paleo $ Dairy Free $ Wheat/Gluten-Free $ Peanut Free $ Tree Nut Free $ Soy Free $ Kosher $ ,American $ ,4/4,0,Dessert $ No-Cook $ Low Fat $ Grapefruit $ Orange $ Honey $ Grape $ Self $ Fat Free $ Vegetarian $ Pescatarian $ Paleo $ Dairy Free $ Wheat/Gluten-Free $ Peanut Free $ Tree Nut Free $ Soy Free $ Kosher $ American $ 
https://www.epicurious.com/recipes/food/views/chocolate-thin-mints-230280,Chocolate Thin Mints ,12 oz semisweet chocolate chips $ 6 oz white-chocolate chips $ 2 to 3 drops peppermint oil (not extract) $ 3 to 4 drops green food coloring $ ,Chocolate $ Dessert $ Freeze/Chill $ Low Fat $ Mint $ Chill $ Self $ Kidney Friendly $ Vegetarian $ Pescatarian $ Wheat/Gluten-Free $ Peanut Free $ Tree Nut Free $ Soy Free $ Kosher $ ,American $ ,0/4,0,Chocolate $ Dessert $ Freeze/Chill $ Low Fat $ Mint $ Chill $ Self $ Kidney Friendly $ Vegetarian $ Pescatarian $ Wheat/Gluten-Free $ Peanut Free $ Tree Nut Free $ Soy Free $ Kosher $ American $ 
https://www.epicurious.com/recipes/food/views/pumpkin-pie-230260,Pumpkin Pie ,"1 1/2 cups graham cracker crumbs $ 2 tbsp apple juice $ 2 tbsp butter, melted $ 2 cups canned pumpkin $ 1 egg yolk $ 2 large egg whites $ 1/3 cup orange juice $ 1/3 cup honey $ 1 tsp cinnamon $ 1/2 tsp ground ginger $ 1/4 tsp allspice $ ",Dessert $ Bake $ Thanksgiving $ Low Fat $ Pumpkin $ Fall $ Self $ Kidney Friendly $ Vegetarian $ Pescatarian $ Peanut Free $ Tree Nut Free $ Soy Free $ Kosher $ ,American $ ,2/4,3,Dessert $ Bake $ Thanksgiving $ Low Fat $ Pumpkin $ Fall $ Self $ Kidney Friendly $ Vegetarian $ Pescatarian $ Peanut Free $ Tree Nut Free $ Soy Free $ Kosher $ American $ 
https://www.epicurious.com/recipes/food/views/mini-yogurt-coffee-cakes-230247,Mini Yogurt Coffee Cakes ,"1/4 cup packed brown sugar $ 1/3 cup sliced almonds, toasted $ 1 tsp cinnamon $ 6 tbsp butter, melted $ 1/2 cup granulated sugar $ 2 large eggs, beaten $ 1 tsp vanilla extract $ 3/4 cup plain low-fat yogurt $ 1 1/4 cups all-purpose flour $ 1 tsp baking powder $ 1/2 tsp baking soda $ 3 tbsp confectioners' sugar $ ",Breakfast $ Bake $ Low Fat $ Yogurt $ Almond $ Self $ Kidney Friendly $ Vegetarian $ Pescatarian $ Peanut Free $ Soy Free $ Kosher $ ,American $ ,3/4,10,Breakfast $ Bake $ Low Fat $ Yogurt $ Almond $ Self $ Kidney Friendly $ Vegetarian $ Pescatarian $ Peanut Free $ Soy Free $ Kosher $ American $ 
https://www.epicurious.com/recipes/food/views/raspberry-trifle-230281,Raspberry Trifle ,2 cups 2 percent milk $ 1/2 cup sugar $ 1/4 cup cornstarch $ 1 tbsp freshly grated orange zest $ 2 large eggs $ 2 tsp vanilla extract $ 20 ladyfingers $ 1/4 cup tawny port (or Grand Marnier) $ 3 packages (6 oz each) fresh raspberries $ ,Berry $ Dairy $ Dessert $ Freeze/Chill $ Low Fat $ Summer $ Chill $ Self $ Kidney Friendly $ Vegetarian $ Pescatarian $ Peanut Free $ Tree Nut Free $ Soy Free $ Kosher $ Diabetes-Friendly $ ,American $ English $ ,2/4,0,Berry $ Dairy $ Dessert $ Freeze/Chill $ Low Fat $ Summer $ Chill $ Self $ Kidney Friendly $ Vegetarian $ Pescatarian $ Peanut Free $ Tree Nut Free $ Soy Free $ Kosher $ Diabetes-Friendly $ American $ English $ 
https://www.epicurious.com/recipes/food/views/selfs-better-body-chili-230173,Self's Better-Body Chili ,"1 tbsp canola oil $ 4 cloves garlic, peeled and minced $ 2 cups chopped onion $ 1 tbsp chili powder $ 2 tsp oregano $ 1 tsp ground cumin $ 1/2 tsp cinnamon $ 1/2 tsp salt $ 1/4 tsp black pepper $ 2 green bell peppers, diced $ 1 lb carrots, cut in 1/4-inch slices $ 1/2 lb sweet potatoes, diced $ 1 can (15 oz) crushed tomatoes $ 1 can (14.5-oz) diced tomatoes $ 1 tbsp cocoa powder $ 1/4 cup dried cranberries $ 2 hard-boiled eggs, chopped $ ",Egg $ Pepper $ Potato $ Stew $ Low Fat $ Vegetarian $ Fall $ Winter $ Self $ ,American $ ,3.5/4,11,Egg $ Pepper $ Potato $ Stew $ Low Fat $ Vegetarian $ Fall $ Winter $ Self $ American $ 
https://www.epicurious.com/recipes/food/views/green-beans-with-savory-and-bacon-230246,Green Beans with Savory and Bacon ,"salt $ 1 lb fresh green beans, trimmed and cut into 2-inch lengths $ 2 oz regular or turkey bacon, finely diced $ 2 cloves garlic, peeled and minced $ 2 tbsp chopped fresh savory (or fresh oregano) $ ",turkey $ Side $ Low Fat $ Quick & Easy $ Green Bean $ Self $ ,American $ ,3.5/4,2,turkey $ Side $ Low Fat $ Quick & Easy $ Green Bean $ Self $ American $ 
https://www.epicurious.com/recipes/food/views/honey-glazed-carrots-230245,Honey-Glazed Carrots ,"1 tbsp butter $ 1 leek, white part only, halved, slice and washed thoroughly $ 1 pound carrots, sliced $ 1 cup apple juice $ 1/4 cup honey $ 1 cinnamon stick $ 2 tsp chopped fresh mint $ 1 tsp ground cumin $ 1/4 tsp salt $ ",Side $ Low Fat $ Vegetarian $ Quick & Easy $ Carrot $ Honey $ Self $ Pescatarian $ Wheat/Gluten-Free $ Peanut Free $ Tree Nut Free $ Soy Free $ Kosher $ ,American $ ,2/4,2,Side $ Low Fat $ Vegetarian $ Quick & Easy $ Carrot $ Honey $ Self $ Pescatarian $ Wheat/Gluten-Free $ Peanut Free $ Tree Nut Free $ Soy Free $ Kosher $ American $ 
https://www.epicurious.com/recipes/food/views/chopped-vegetable-salad-230178,Chopped Vegetable Salad ,"1 1/2 cups watercress, tough stems removed, leaves cut into small pieces $ 1 cup whole parsley leaves $ 1 cup diced celery (or heart of fennel) $ 1/4 cup chopped red onion $ 1 1/2 cups cherry tomatoes, halved $ 1/4 cup sliced radishes $ 3 oz string beans, trimmed and steamed $ Half a small avocado, peeled and cubed $ 3 tbsp drained capers $ 1 tbsp fresh lemon juice $ 1 tbsp fresh orange juice $ 1 tbsp fresh lime juice $ 1 tsp sugar $ 1 tsp extra-virgin olive oil $ 1 tbsp minced mint leaves $ ",Salad $ Vegetable $ Low Fat $ Vegetarian $ Quick & Easy $ Summer $ Self $ ,American $ ,3.5/4,6,Salad $ Vegetable $ Low Fat $ Vegetarian $ Quick & Easy $ Summer $ Self $ American $ 
https://www.epicurious.com/recipes/food/views/bananas-foster-230241,Bananas Foster ,"2 tsp butter $ 2 tsp sugar $ 3 small bananas, thinly sliced $ 2 tsp rum $ 1 tsp banana liqueur $ 4 sheets phyllo dough $ Canola oil $ ",Dessert $ Bake $ Low Fat $ Mardi Gras $ Banana $ Healthy $ Phyllo/Puff Pastry Dough $ Self $ Vegetarian $ Pescatarian $ Peanut Free $ Tree Nut Free $ Soy Free $ Kosher $ ,American $ ,3.5/4,8,Dessert $ Bake $ Low Fat $ Mardi Gras $ Banana $ Healthy $ Phyllo/Puff Pastry Dough $ Self $ Vegetarian $ Pescatarian $ Peanut Free $ Tree Nut Free $ Soy Free $ Kosher $ American $ 
https://www.epicurious.com/recipes/food/views/horseradish-crusted-salmon-with-cranberry-ketchup-230239,Horseradish-Crusted Salmon with Cranberry Ketchup ,"3/4 cup fresh or frozen cranberries $ 1/2 cup apple cider $ 2 tsp minced shallots $ Pinch of salt $ 2 tsp sugar $ 2 tsp chopped fresh dill $ 1/3 cup all-purpose flour $ 1 tsp salt $ 1 egg, beaten $ 1 tbsp white vinegar $ 1 cup fresh, finely grated horseradish $ 4 salmon fillets (4 oz each) $ 1 tsp olive oil $ ",Sauté $ Low Fat $ Horseradish $ Cranberry $ Salmon $ Self $ ,American $ ,2/4,2,Sauté $ Low Fat $ Horseradish $ Cranberry $ Salmon $ Self $ American $ 
https://www.epicurious.com/recipes/food/views/buttermilk-battered-chicken-breast-with-sweet-corn-sauce-230242,Buttermilk-Battered Chicken Breast with Sweet Corn Sauce ,"1/2 cup fresh or frozen corn kernels $ 1 tsp minced garlic $ 1/4 cup diced onion $ 1 1/4 tsp olive oil $ 1 tsp minced jalapeño pepper $ 2 tbsp minced red bell pepper $ 1 1/2 cups low-sodium chicken stock $ 1 tbsp honey $ 1/2 tsp salt $ Pinch of black pepper $ 2 tsp fresh lemon juice $ 4 boneless, skinless chicken breasts $ 1/4 cup buttermilk $ 1 pinch black pepper $ 3/4 cup all-purpose flour $ 1 1/4 tsp paprika $ 3/4 tsp salt $ 1/2 tsp granulated garlic $ 1/2 tsp onion powder $ 1/2 tsp dry mustard $ 1/4 tsp celery seed $ 1 tsp olive oil $ ",Milk/Cream $ Blender $ Chicken $ Sauté $ Low Fat $ Corn $ Self $ ,American $ ,3/4,11,Milk/Cream $ Blender $ Chicken $ Sauté $ Low Fat $ Corn $ Self $ American $ 
https://www.epicurious.com/recipes/food/views/pan-roasted-sirloin-with-corn-relish-230160,Pan-Roasted Sirloin with Corn Relish ,"1 cup white wine vinegar $ 1/4 cup sugar $ 1 clove garlic, peeled and minced $ 1 tbsp grated fresh ginger $ 2 sprigs fresh thyme $ 2 tsp olive oil $ 1 small yellow onion, diced $ 1 small red pepper, diced $ 1/2 to 1 small jalapeño pepper, seeded and minced $ 1 tsp salt $ 2 cups fresh or frozen corn kernels $ 5 scallions, white parts only, chopped $ 3 tbsp chopped fresh chives $ 1 sirloin steak (14 oz) at least 1 1/2 inches thick, cut in half $ 1 tsp vegetable oil $ 2 sprigs fresh thyme or rosemary $ ",Vegetable $ Roast $ Low Fat $ Steak $ Corn $ Summer $ Self $ ,American $ ,3.5/4,15,Vegetable $ Roast $ Low Fat $ Steak $ Corn $ Summer $ Self $ American $ 
https://www.epicurious.com/recipes/food/views/oatmeal-chocolate-chip-and-bean-cookies-230170,Oatmeal Chocolate-Chip (and Bean!) Cookies ,"Vegetable-oil cooking spray $ 1 1/2 cups old-fashioned oats $ 2 cups all-purpose flour $ 1/2 tsp baking powder $ 1/2 tsp baking soda $ 1/4 tsp salt $ 3/4 cup drained great Northern, cannellini or any white beans, liquid reserved $ 3 tbsp butter, softened $ 1 cup firmly packed light brown sugar $ 2 large eggs $ 1 tsp pure vanilla extract $ 1 cup milk-chocolate chips $ ",Cookies $ Bean $ Chocolate $ Dessert $ Bake $ Low Fat $ Oat $ Healthy $ Self $ Kidney Friendly $ Vegetarian $ Pescatarian $ Peanut Free $ Tree Nut Free $ Soy Free $ Kosher $ ,American $ ,2.5/4,22,Cookies $ Bean $ Chocolate $ Dessert $ Bake $ Low Fat $ Oat $ Healthy $ Self $ Kidney Friendly $ Vegetarian $ Pescatarian $ Peanut Free $ Tree Nut Free $ Soy Free $ Kosher $ American $ 
https://www.epicurious.com/recipes/food/views/filet-mignon-on-charred-onions-and-zucchini-with-balsamic-vinegar-sauce-230237,Filet Mignon on Charred Onions and Zucchini with Balsamic Vinegar Sauce ,"1 cup plus 2 tbsp red wine (Cabernet Sauvignon or Pinot Noir) $ 1 cup balsamic vinegar $ 1 shallot, peeled and halved $ 1 tbsp butter, cut into 2 pieces $ 4 tsp extra-virgin olive oil $ 1 large white onion, peeled and sliced 1/4 inch thick $ 2 medium zucchini, trimmed and sliced 3/4 inch thick $ 4 trimmed filets mignons (4 oz each) or top-round steaks (use organic meat, if possible) $ ",Beef $ Onion $ Marinate $ Sauté $ Low Fat $ Vinegar $ Zucchini $ Self $ ,American $ ,3.5/4,21,Beef $ Onion $ Marinate $ Sauté $ Low Fat $ Vinegar $ Zucchini $ Self $ American $ 
https://www.epicurious.com/recipes/food/views/root-vegetable-lasagna-with-mushroom-broth-230238,"Root Vegetable ""Lasagna"" with Mushroom Broth ","1 1/2 lb butternut squash, thinly sliced $ 1 1/2 lb carrots, thinly sliced $ 1 lb parsnips, thinly sliced $ 1 lb potatoes, thinly sliced $ 1 lb rutabagas (may substitute turnips), thinly sliced $ 1 cup sliced shallots $ 1/2 cup sliced garlic $ 3 tbsp fresh thyme, chopped $ 2 tbsp butter, cut in small pieces $ 3 lb white button mushrooms, thinly sliced and sautéed in 1 tbsp butter and 3 oz honey until lightly colored $ 4 oz sherry vinegar $ 3 oz soy sauce $ 3 tbsp cold butter $ ",Garlic $ Mushroom $ Onion $ Vegetable $ Bake $ Christmas $ Low Fat $ Carrot $ Parsnip $ Butternut Squash $ Winter $ Rutabaga $ Christmas Eve $ Self $ ,American $ ,2.5/4,3,Garlic $ Mushroom $ Onion $ Vegetable $ Bake $ Christmas $ Low Fat $ Carrot $ Parsnip $ Butternut Squash $ Winter $ Rutabaga $ Christmas Eve $ Self $ American $ 
https://www.epicurious.com/recipes/food/views/roasted-garlic-spinach-and-tomato-pizza-230167,"Roasted Garlic, Spinach, and Tomato Pizza ","1 whole head garlic $ 3 tsp extra-virgin olive oil $ 1 package (10 oz) refrigerated pizza dough, such as Pillsbury Refrigerated Pizza Crust $ 2 cups chopped baby spinach leaves $ 3/4 cup shredded mozzarella $ 1/4 cup grated Parmesan $ 3/4 cup halved cherry tomatoes $ 1 tbsp pine nuts $ Fresh basil leaves $ ",Garlic $ Tomato $ Bake $ Low Fat $ Vegetarian $ Mozzarella $ Spinach $ Self $ ,American $ ,3/4,5,Garlic $ Tomato $ Bake $ Low Fat $ Vegetarian $ Mozzarella $ Spinach $ Self $ American $ 
https://www.epicurious.com/recipes/food/views/white-bean-and-artichoke-dip-230168,White Bean and Artichoke Dip ,"1 clove garlic, peeled $ 1 tsp dried rosemary $ 3 tbsp fresh lemon juice $ 2 cans (15.5 oz each) white beans (drained and rinsed) $ 1 can (14 oz) artichoke hearts (packed in water, drained) $ ",Food Processor $ Bean $ Appetizer $ No-Cook $ Cocktail Party $ Low Fat $ Vegetarian $ Quick & Easy $ Self $ Sugar Conscious $ Vegan $ Pescatarian $ Dairy Free $ Wheat/Gluten-Free $ Peanut Free $ Tree Nut Free $ Soy Free $ No Sugar Added $ Kosher $ ,American $ ,2.5/4,14,Food Processor $ Bean $ Appetizer $ No-Cook $ Cocktail Party $ Low Fat $ Vegetarian $ Quick & Easy $ Self $ Sugar Conscious $ Vegan $ Pescatarian $ Dairy Free $ Wheat/Gluten-Free $ Peanut Free $ Tree Nut Free $ Soy Free $ No Sugar Added $ Kosher $ American $ 
https://www.epicurious.com/recipes/food/views/jennifer-garners-shrimp-and-orzo-230166,Jennifer Garner's Shrimp and Orzo ,"1 cup dry orzo $ 2 tsp olive oil $ 1 cup chopped onion $ 3 cloves garlic, peeled and minced $ 1/4 cup white wine $ 1 can (28 oz)whole, peeled tomatoes $ 2 tbsp chopped fresh parsley $ 1 tbsp capers $ 1/2 tsp dried oregano $ 1/2 tsp dried basil $ 1/4 tsp black pepper $ 1/4 tsp dried red pepper flakes $ 1 lb medium shelled and deveined shrimp $ 1/2 cup feta $ ",Pasta $ Low Fat $ Quick & Easy $ Feta $ Shrimp $ Summer $ Self $ ,American $ ,3.5/4,29,Pasta $ Low Fat $ Quick & Easy $ Feta $ Shrimp $ Summer $ Self $ American $ 
https://www.epicurious.com/recipes/food/views/salad-topped-pizza-230228,Salad-Topped Pizza ,"1 large red onion, thinly sliced $ 1 medium zucchini, thinly sliced $ 1 yellow squash, thinly sliced $ 1 red bell pepper, cored, seeded and sliced $ 2 tsp olive oil $ 2 cloves garlic, peeled and chopped $ 1 tbsp dried Italian herbs $ 1 tsp salt $ 1 prepared 12-inch pizza shell $ 8 oz part-skim shredded mozzarella $ 1 cup tomato sauce $ 5 cups (4-oz bag) mixed baby greens $ 1 medium tomato, chopped $ 1 tsp olive oil $ 2 tsp red wine (or balsamic) vinegar $ 1/4 tsp salt $ 1/8 tsp freshly ground pepper $ ",Salad $ Cheese $ Tomato $ Vegetable $ Bake $ Low Fat $ Vegetarian $ Self $ ,American $ ,3.5/4,6,Salad $ Cheese $ Tomato $ Vegetable $ Bake $ Low Fat $ Vegetarian $ Self $ American $ 
https://www.epicurious.com/recipes/food/views/enlightened-chicken-pot-pie-230162,Enlightened Chicken Pot Pie ,"2 cups low-sodium nonfat chicken broth $ 1 cup chopped onion $ 1/2 lb new potatoes, unpeeled and diced $ 1/2 tsp dried thyme $ 1/4 cup cornstarch $ 1 cup skim milk $ 1 small zucchini, diced $ 1 yellow squash, diced $ 1 green bellpepper, diced $ 1 red bell pepper, cored, seeded and diced $ 1 cup sliced mushrooms $ 1/2 tsp salt $ 1/8 tsp pepper $ 1 tsp Dijon mustard $ 1 tsp Worcestershire sauce $ 2 cups diced cooked chicken breast (one 10-oz package) $ 2 1/4 cups reduced-fat Bisquick $ 3/4 cup skim milk $ ",Chicken $ Potato $ Vegetable $ Bake $ Low Fat $ Fall $ Winter $ Self $ ,American $ ,3/4,8,Chicken $ Potato $ Vegetable $ Bake $ Low Fat $ Fall $ Winter $ Self $ American $ 
https://www.epicurious.com/recipes/food/views/arugula-mango-salad-with-grilled-portobello-sweet-red-pepper-sauce-and-chicken-scallopini-230235,"Arugula-Mango Salad with Grilled Portobello, Sweet Red Pepper Sauce, and Chicken Scallopini ","1/4 cup soy sauce $ 1 tbsp cornstarch $ 1 tbsp sesame oil $ 2 tbsp fresh lemon juice $ 1 tbsp grated ginger $ 4 boneless chicken breasts (1 lb), cut into 1/2-inch strips $ 2 mangoes, diced $ 2 scallions, chopped $ 1 serrano pepper, minced $ 1 cup chopped cilantro $ 3 tbsp fresh lime juice $ 1/4 tsp salt $ 5 tsp olive oil $ 6 cups watercress leaves $ ",Salad $ Chicken $ Mushroom $ Marinate $ Low Fat $ Bell Pepper $ Self $ ,American $ Central/South American $ ,3/4,4,Salad $ Chicken $ Mushroom $ Marinate $ Low Fat $ Bell Pepper $ Self $ American $ Central/South American $ 
https://www.epicurious.com/recipes/food/views/couscous-and-feta-stuffed-peppers-230159,Couscous and Feta Stuffed Peppers ,"Vegetable-oil cooking spray $ 1 1/4 cups fat-free chicken or vegetable broth $ 2/3 cup couscous $ 4 large bell peppers, mixed colors $ 2 tsp olive oil $ 1/2 cup chopped onion $ 6 oz zucchini, quartered lengthwise then sliced across thinly $ 6 oz yellow squash, quartered lengthwise then sliced across thinly $ 1/2 tsp fennel seeds $ 1/2 tsp dried oregano $ 1/2 tsp salt $ 1 cup cherry tomatoes, cut in half $ 15 oz canned chickpeas, drained and rinsed $ 4 oz crumbled feta cheese (about 1 cup) $ ",Cheese $ Pepper $ Vegetable $ Bake $ Low Fat $ Stuffing/Dressing $ Feta $ Bell Pepper $ Fall $ Healthy $ Couscous $ Self $ ,American $ Middle Eastern $ ,3.5/4,96,Cheese $ Pepper $ Vegetable $ Bake $ Low Fat $ Stuffing/Dressing $ Feta $ Bell Pepper $ Fall $ Healthy $ Couscous $ Self $ American $ Middle Eastern $ 
https://www.epicurious.com/recipes/food/views/flash-in-the-pan-birthday-cake-234924,Flash-in-the-Pan Birthday Cake ,"1 1-pound frozen pound cake, thawed $ 2 pints coffee ice cream, softened slightly $ 1 1/3 cups prepared hot fudge topping $ 4 1.2-ounce packages chocolate-covered English toffee (such as Heath bars), chopped $ 1 cup chilled whipping cream, whipped to peaks $ ",Cake $ Milk/Cream $ Ice Cream Machine $ Chocolate $ Dessert $ No-Cook $ Kid-Friendly $ Quick & Easy $ Bon Appétit $ Kidney Friendly $ Vegetarian $ Pescatarian $ Peanut Free $ Tree Nut Free $ Soy Free $ Kosher $ ,American $ ,3.5/4,6,Cake $ Milk/Cream $ Ice Cream Machine $ Chocolate $ Dessert $ No-Cook $ Kid-Friendly $ Quick & Easy $ Bon Appétit $ Kidney Friendly $ Vegetarian $ Pescatarian $ Peanut Free $ Tree Nut Free $ Soy Free $ Kosher $ American $ 
https://www.epicurious.com/recipes/food/views/white-bean-and-pork-chili-233682,White Bean and Pork Chili ,"3 tablespoons olive oil $ 1 medium onion, chopped $ 2 medium carrots, chopped $ 2 medium celery stalks, chopped $ 2 large garlic cloves, minced $ 1 pound pork sirloin cutlets, cut into 1/2-inch dice $ Salt and freshly ground pepper $ 1 teaspoon chili powder (or to taste) $ 1/2 teaspoon cumin $ 1/2 teaspoon dried oregano, crumbled $ 1/8 teaspoon ground sage $ 1 cup beef broth $ 1 14 1/2-ounce can peeled tomatoes (undrained) $ 2 15-ounce cans cannellini or Great Northern beans, rinsed and drained $ Grated cheddar and/or Monterey Jack cheese $ Minced fresh cilantro $ ",Soup/Stew $ Bean $ Pork $ Tomato $ Sauté $ Simmer $ Bon Appétit $ ,American $ ,3.5/4,14,Soup/Stew $ Bean $ Pork $ Tomato $ Sauté $ Simmer $ Bon Appétit $ American $ 
https://www.epicurious.com/recipes/food/views/broncbusters-barbecue-sauce-234741,Broncbuster's Barbecue Sauce ,"2 tablespoons (1/4 stick) butter $ 1 medium onion, chopped $ 1/2 cup water $ 1/2 cup prepared chili sauce $ 1/2 cup catsup $ 1/4 cup cider vinegar $ 2 tablespoons fresh lemon juice $ 2 tablespoons brown sugar $ 2 tablespoons Worcestershire sauce $ 1 tablespoon molasses $ 2 teaspoons salt $ 2 teaspoons dry mustard $ 1/2 teaspoon freshly ground pepper $ 1/2 teaspoon paprika $ ",Sauce $ Citrus $ Mustard $ Onion $ Vegetarian $ Vinegar $ Spice $ Summer $ Simmer $ Bon Appétit $ ,American $ ,3/4,14,Sauce $ Citrus $ Mustard $ Onion $ Vegetarian $ Vinegar $ Spice $ Summer $ Simmer $ Bon Appétit $ American $ 
https://www.epicurious.com/recipes/food/views/spring-carrots-with-yellow-rice-234742,Spring Carrots with Yellow Rice ,"1 1/3 cups chicken stock $ 1/8 teaspoon ground turmeric $ Pinch of salt $ 2/3 cup rice $ 3 tablespoons butter $ 1 medium onion, minced $ 1 pound carrots, peeled and cut into 1/4-inch julienne $ 2 teaspoons fresh marjoram leaves or 1/2 teaspoon dried, crumbled $ 1/4 teaspoon dried Italian or Greek oregano, crumbled $ 1 tablespoon wine vinegar $ 1/2 teaspoon sugar $ Pinch of cinnamon $ 1/2 cup chicken stock or water $ 2 teaspoons minced fresh parsley $ ",Herb $ Onion $ Rice $ Side $ Sauté $ Carrot $ Spring $ Bon Appétit $ ,American $ ,4/4,3,Herb $ Onion $ Rice $ Side $ Sauté $ Carrot $ Spring $ Bon Appétit $ American $ 
https://www.epicurious.com/recipes/food/views/lasagna-231398,Lasagna ,"2 cups dry-packed sun-dried tomatoes, soaked for 1 to 4 hours in filtered water and drained $ 4 Roma tomatoes, halved and seeded $ 12 cherry tomatoes, or 3 additional Roma tomatoes, halved and seeded $ 4 cloves garlic $ 1/2 teaspoon Celtic salt (see tips, below) $ 1 tablespoon chopped shallot $ 3 tablespoons extra virgin olive oil $ 2 tablespoons maple syrup $ 1/2 teaspoon freshly squeezed lemon juice $ 8 fresh basil leaves $ 2 tablespoons fresh oregano leaves $ 1 1/2 teaspoons fresh thyme leaves $ 1 cup sweet corn kernels $ 1/4 cup minced onion $ 4 cups cremini mushrooms, sliced 1/8 inch thick $ 2 tablespoons nama shoyu (see tips, below) $ 2 1/2 cloves garlic, smashed $ 4 tablespoons extra virgin olive oil $ 4 zucchini, each 8 to 10 inches long and 1 1/2 inches in diameter $ 1 bunch spinach, stems removed $ 1/2 cup fresh basil leaves, cut into chiffonade $ Celtic sea salt and freshly ground pepper $ 1 1/4 cups Herb Cheese $ 1/2 cup sweet corn kernels $ 1/4 cup extra virgin olive oil $ 1/4 cup filtered water $ Celtic sea salt and freshly ground pepper $ 20 grape tomatoes, halved $ 3 cups tiny lettuces $ 6 tablespoons shaved Rawmesan $ 2 teaspoons freshly squeezed lemon juice $ 4 teaspoons extra virgin olive oil $ Celtic sea salt and freshly ground pepper $ 8 teaspoons Basil Oil $ Freshly ground pepper $ ",Herb $ Nut $ Tomato $ Vegetable $ No-Cook $ Vegetarian $ Corn $ Vegan $ Raw $ ,American $ ,3/4,9,Herb $ Nut $ Tomato $ Vegetable $ No-Cook $ Vegetarian $ Corn $ Vegan $ Raw $ American $ 
https://www.epicurious.com/recipes/food/views/sticky-spicy-ribs-234660,Sticky Spicy Ribs ,"2 tablespoons packed dark brown sugar $ 1 1/2 teaspoons salt $ 2 tablespoons paprika (not hot) $ 1 1/2 teaspoons chipotle chile powder $ 1 1/2 teaspoons ground cumin $ 1 teaspoon ground allspice $ 1/2 teaspoon black pepper $ 2 (2-lb) racks baby back ribs $ 1 1/2 cups chopped onion (from 1 large) $ 6 garlic cloves, finely chopped $ 1 1/2 tablespoons finely chopped peeled fresh ginger $ 2 tablespoons vegetable oil $ 1 1/2 cups ketchup $ 1/2 cup cider vinegar $ 6 tablespoons soy sauce $ 1/2 cup water $ 1/4 cup packed dark brown sugar $ 1 1/2 teaspoons salt $ 3/4 teaspoon black pepper $ ",Garlic $ Ginger $ Onion $ Pork $ Bake $ Marinate $ Vinegar $ Summer $ Grill/Barbecue $ Soy Sauce $ Gourmet $ ,American $ ,3.5/4,55,Garlic $ Ginger $ Onion $ Pork $ Bake $ Marinate $ Vinegar $ Summer $ Grill/Barbecue $ Soy Sauce $ Gourmet $ American $ 
https://www.epicurious.com/recipes/food/views/strawberry-clouds-234684,Strawberry Clouds ,"3 large egg whites, at room temperature 30 minutes $ 1 cup plus 2 tablespoons sugar $ 1/2 teaspoon ground cardamom $ 1 lb strawberries, trimmed and thinly sliced lengthwise (3 cups) $ 3/4 cup well-chilled heavy cream $ parchment paper $ ",Milk/Cream $ Egg $ Dessert $ Bake $ Kid-Friendly $ Quick & Easy $ Strawberry $ Spring $ Summer $ Gourmet $ Kidney Friendly $ Vegetarian $ Pescatarian $ Wheat/Gluten-Free $ Peanut Free $ Tree Nut Free $ Soy Free $ Kosher $ ,American $ ,3/4,20,Milk/Cream $ Egg $ Dessert $ Bake $ Kid-Friendly $ Quick & Easy $ Strawberry $ Spring $ Summer $ Gourmet $ Kidney Friendly $ Vegetarian $ Pescatarian $ Wheat/Gluten-Free $ Peanut Free $ Tree Nut Free $ Soy Free $ Kosher $ American $ 
https://www.epicurious.com/recipes/food/views/peppers-with-almond-garlic-bread-crumbs-234673,Peppers with Almond-Garlic Bread Crumbs ,"1/2 cup slivered almonds (2 oz), lightly toasted $ 1 (5-inch) section of baguette, cut into 1-inch cubes $ 1 large garlic clove $ 3 tablespoons chopped fresh flat-leaf parsley $ 5 tablespoons extra-virgin olive oil $ 3/4 teaspoon salt $ 1/4 teaspoon black pepper $ 2 lb mixed red and yellow bell peppers, tender-roasted $ ",Garlic $ Side $ Roast $ Vegetarian $ Quick & Easy $ Almond $ Bell Pepper $ Vegan $ Gourmet $ Pescatarian $ Dairy Free $ Peanut Free $ Soy Free $ Kosher $ ,American $ ,4/4,6,Garlic $ Side $ Roast $ Vegetarian $ Quick & Easy $ Almond $ Bell Pepper $ Vegan $ Gourmet $ Pescatarian $ Dairy Free $ Peanut Free $ Soy Free $ Kosher $ American $ 
https://www.epicurious.com/recipes/food/views/smoked-black-bass-234644,Smoked Black Bass ,"1 (10-lb) bag hardwood charcoal $ 4 large brown-paper grocery bags, opened flat (at least 37 by 17 inches) $ 3 (38- by 18-inch) sheets unglazed butcher paper $ 1/2 tablespoon salt $ 1 teaspoon black pepper $ 1/2 cup chopped fresh cilantro $ 4 large garlic cloves, thinly sliced $ 4 scallions (white and pale green parts only), finely chopped $ 3 tablespoons extra-virgin olive oil $ 2 (2- to 2 1/2-lb) whole black bass or sea bass, cleaned and scales removed $ 1 lime, halved $ Accompaniment: lime wedges $ a 22-inch-wide kettle grill; a chimney starter; grilling mitts; 2 long sturdy metal grilling spatulas $ ",Citrus $ Fish $ Low Carb $ Low Fat $ Bass $ Summer $ Grill/Barbecue $ Gourmet $ ,American $ ,2.5/4,2,Citrus $ Fish $ Low Carb $ Low Fat $ Bass $ Summer $ Grill/Barbecue $ Gourmet $ American $ 
https://www.epicurious.com/recipes/food/views/almond-french-toast-234685,Almond French Toast ,4 large eggs $ 1 1/3 cups half-and-half $ 4 teaspoons sugar $ 1/2 teaspoon vanilla $ 1/8 teaspoon salt $ 1 1/4 cups sliced almonds (5 oz) $ 8 (3/4-inch-thick) slices brioche or challah from a 4- to 5-inch-wide loaf $ 3 tablespoons unsalted butter $ Accompaniments: maple syrup; confectioners sugar (optional) $ ,Milk/Cream $ Egg $ Breakfast $ Brunch $ Bake $ Kid-Friendly $ Quick & Easy $ Rosh Hashanah/Yom Kippur $ Almond $ Vanilla $ Gourmet $ Sugar Conscious $ Kidney Friendly $ Vegetarian $ Pescatarian $ Peanut Free $ Soy Free $ Kosher $ ,American $ ,3.5/4,5,Milk/Cream $ Egg $ Breakfast $ Brunch $ Bake $ Kid-Friendly $ Quick & Easy $ Rosh Hashanah/Yom Kippur $ Almond $ Vanilla $ Gourmet $ Sugar Conscious $ Kidney Friendly $ Vegetarian $ Pescatarian $ Peanut Free $ Soy Free $ Kosher $ American $ 
https://www.epicurious.com/recipes/food/views/tapenade-filled-burgers-234645,Tapenade-Filled Burgers ,"2 1/4 pound lean ground beef chuck $ 9 tablespoons black or green olive tapenade (sometimes labeled ""olive paste"") $ 3/4 teaspoon salt $ 1 teaspoon black pepper $ 6 grilled or toasted hamburger buns or kaiser rolls $ Accompaniments: mayonnaise; coarse-grain mustard; thinly sliced red onion; thinly sliced sweet gherkin pickles; about 2 cups baby romaine lettuce $ ",Sandwich $ Beef $ Olive $ Quick & Easy $ Backyard BBQ $ Dinner $ Summer $ Grill/Barbecue $ Gourmet $ Sugar Conscious $ Dairy Free $ Peanut Free $ Tree Nut Free $ Soy Free $ Kosher $ ,American $ ,3.5/4,13,Sandwich $ Beef $ Olive $ Quick & Easy $ Backyard BBQ $ Dinner $ Summer $ Grill/Barbecue $ Gourmet $ Sugar Conscious $ Dairy Free $ Peanut Free $ Tree Nut Free $ Soy Free $ Kosher $ American $ 
https://www.epicurious.com/recipes/food/views/roasted-pepper-and-chicken-heros-234652,Roasted-Pepper and Chicken Heros ,"2 skinless boneless chicken breast halves (1 lb total), halved horizontally $ 5 tablespoons extra-virgin olive oil $ 1 teaspoon dried oregano $ 1 teaspoon salt $ 1/4 teaspoon black pepper $ 3 tablespoons red-wine vinegar $ 1 garlic clove, minced $ 2 (10-inch) sub rolls, halved horizontally and center hollowed out $ 1 lb red bell peppers, tender-roasted (procedure precedes) and cut lengthwise into 1-inch strips $ 2 cups watercress (tough stems discarded) $ a well-seasoned cast-iron ridged grill pan $ ",Chicken $ Marinate $ Quick & Easy $ Bell Pepper $ Summer $ Grill/Barbecue $ Healthy $ Watercress $ Gourmet $ ,American $ ,0/4,0,Chicken $ Marinate $ Quick & Easy $ Bell Pepper $ Summer $ Grill/Barbecue $ Healthy $ Watercress $ Gourmet $ American $ 
https://www.epicurious.com/recipes/food/views/tri-tip-roast-with-parsley-cherry-tomato-234661,Tri-Tip Roast with Parsley Cherry-Tomato ,"1 (2- to 2 1/4-lb) tri-tip beef roast (also called triangular roast; about 2 inches thick) $ 1 1/2 teaspoons salt $ 1/4 teaspoon black pepper $ 1 tablespoon olive oil $ 1 1/2 lb cherry tomatoes (5 cups) $ 1/2 teaspoon salt $ 1/4 teaspoon dried hot red-pepper flakes $ 1/4 cup plus 2 tablespoons extra-virgin olive oil $ 1 cup firmly packed fresh flat-leaf parsley leaves $ 1 garlic clove, sliced $ 1 tablespoon red-wine vinegar $ a well-seasoned 10-inch cast-iron skillet; an instant-read thermometer $ ",Beef $ Garlic $ Tomato $ Roast $ Quick & Easy $ Parsley $ Gourmet $ ,American $ ,3.5/4,23,Beef $ Garlic $ Tomato $ Roast $ Quick & Easy $ Parsley $ Gourmet $ American $ 
https://www.epicurious.com/recipes/food/views/grilled-chile-lime-arctic-char-234643,Grilled Chile-Lime Arctic Char ,7 medium garlic cloves $ 2 tablespoons salt $ 1/4 cup fresh lime juice $ 2 tablespoons olive oil $ 1 3/4 teaspoons sugar $ 1 1/4 teaspoons ground chipotle chile $ 2 (1-lb) arctic char fillets with skin (about 1 1/4 inches thick) $ Accompaniment: lime wedges $ tweezers or needlenose pliers $ ,Citrus $ Fish $ Low Carb $ Low Fat $ Quick & Easy $ Low Cal $ Summer $ Healthy $ Gourmet $ ,American $ ,3.5/4,17,Citrus $ Fish $ Low Carb $ Low Fat $ Quick & Easy $ Low Cal $ Summer $ Healthy $ Gourmet $ American $ 
https://www.epicurious.com/recipes/food/views/croissant-egg-sandwiches-234687,Croissant Egg Sandwiches ,"16 paper-thin slices Genoa salami (4 inches in diameter; 1/4 lb) $ 4 croissants, halved horizontally $ 8 large eggs $ 3/4 cup whole milk $ 1/4 cup whipped cream cheese $ 1/2 teaspoon salt $ 1/4 teaspoon black pepper $ 1 tablespoon olive oil $ 4 cups baby arugula (about 2 oz) $ parchment paper $ ",Sandwich $ Milk/Cream $ Egg $ Breakfast $ Brunch $ Quick & Easy $ Cream Cheese $ Sausage $ Arugula $ Gourmet $ Peanut Free $ Tree Nut Free $ Soy Free $ ,American $ ,3.5/4,2,Sandwich $ Milk/Cream $ Egg $ Breakfast $ Brunch $ Quick & Easy $ Cream Cheese $ Sausage $ Arugula $ Gourmet $ Peanut Free $ Tree Nut Free $ Soy Free $ American $ 
https://www.epicurious.com/recipes/food/views/roasted-pepper-salad-234677,Roasted-Pepper Salad ,"2 lb mixed bell peppers, tender-roasted and cut lengthwise into 1/4-inch- wide strips $ 3 tablespoons white balsamic vinegar $ 1 teaspoon sugar $ 1/2 teaspoon salt $ 1/4 teaspoon black pepper $ 2 tablespoons capers in brine, rinsed and drained $ 2 tablespoons chopped fresh basil $ ",Salad $ Appetizer $ Side $ Roast $ Vegetarian $ Quick & Easy $ Basil $ Bell Pepper $ Summer $ Vegan $ Capers $ Gourmet $ Pescatarian $ Dairy Free $ Wheat/Gluten-Free $ Peanut Free $ Tree Nut Free $ Soy Free $ Kosher $ ,American $ ,2.5/4,2,Salad $ Appetizer $ Side $ Roast $ Vegetarian $ Quick & Easy $ Basil $ Bell Pepper $ Summer $ Vegan $ Capers $ Gourmet $ Pescatarian $ Dairy Free $ Wheat/Gluten-Free $ Peanut Free $ Tree Nut Free $ Soy Free $ Kosher $ American $ 
https://www.epicurious.com/recipes/food/views/ricotta-puddings-with-glazed-rhubarb-234683,Ricotta Puddings with Glazed Rhubarb ,"1 cup whole-milk ricotta (8 3/4 oz) $ 1 whole large egg plus 1 large yolk $ 1/4 cup sour cream $ 2 tablespoons sugar $ 2 tablespoons heavy cream $ 2 tablespoons mild honey $ 1/8 teaspoon salt $ 1/2 teaspoon finely grated fresh lemon zest $ 3 1/2 tablespoons sugar $ 1/2 teaspoon cornstarch $ 1/2 lb fresh rhubarb stalks (about 2), cut diagonally into 1/4-inch-thick slices $ a muffin pan (preferably nonstick) with 6 (1/2-cup) muffin cups $ ",Dessert $ Bake $ Quick & Easy $ Ricotta $ Summer $ Rhubarb $ Sour Cream $ Gourmet $ Kidney Friendly $ Vegetarian $ Pescatarian $ Wheat/Gluten-Free $ Peanut Free $ Tree Nut Free $ Soy Free $ Kosher $ ,American $ ,3/4,9,Dessert $ Bake $ Quick & Easy $ Ricotta $ Summer $ Rhubarb $ Sour Cream $ Gourmet $ Kidney Friendly $ Vegetarian $ Pescatarian $ Wheat/Gluten-Free $ Peanut Free $ Tree Nut Free $ Soy Free $ Kosher $ American $ 
https://www.epicurious.com/recipes/food/views/grilled-lemon-coriander-chicken-234648,Grilled Lemon-Coriander Chicken ,"3/4 cup loosely packed fresh cilantro sprigs $ 1/4 cup olive oil $ 2 shallots, chopped (1/2 cup) $ 1 large garlic clove, chopped $ 1 teaspoon finely grated fresh lemon <"""">zest< $ 2 teaspoons fresh lemon juice $ 1 fresh serrano chile, minced, including seeds $ 1 teaspoon ground coriander $ 1 teaspoon sugar $ 3/4 teaspoon salt $ 1 (3- to 3 1/2-lb) chicken, rinsed and patted dry $ 1/4 teaspoon black pepper $ 1 tablespoon unsalted butter, melted and cooled $ kitchen string; a large chimney starter (if using charcoal); an instant-read thermometer $ ",Chicken $ Citrus $ Quick & Easy $ Hot Pepper $ Summer $ Grill/Barbecue $ Healthy $ Shallot $ Cilantro $ Gourmet $ ,American $ ,3.5/4,14,Chicken $ Citrus $ Quick & Easy $ Hot Pepper $ Summer $ Grill/Barbecue $ Healthy $ Shallot $ Cilantro $ Gourmet $ American $ 
https://www.epicurious.com/recipes/food/views/fish-fillets-with-olives-and-oregano-234651,Fish Fillets with Olives and Oregano ,"4 (1 1/4-inch-thick) pieces white-fleshed skinless fish fillets, such as halibut (6 oz each) $ 1 teaspoon salt $ 1/4 teaspoon black pepper $ 3 tablespoons extra-virgin olive oil $ 4 very thin lemon slices $ 1/2 cup dry white wine $ 1/3 cup pitted brine-cured green olives such as picholine, halved lengthwise (2 oz) $ 1 to 1 1/2 teaspoons fresh lemon juice $ 2 tablespoons finely chopped fresh oregano or 3/4 teaspoon dried oregano, crumbled $ a 2 1/2-qt shallow ceramic or glass baking dish $ ",Fish $ Olive $ Sauté $ Quick & Easy $ Lemon $ White Wine $ Oregano $ Gourmet $ ,American $ ,3/4,33,Fish $ Olive $ Sauté $ Quick & Easy $ Lemon $ White Wine $ Oregano $ Gourmet $ American $ 
https://www.epicurious.com/recipes/food/views/sticky-sesame-chicken-wings-234650,Sticky Sesame Chicken Wings ,"1 large garlic clove $ 3/4 teaspoon salt $ 2 tablespoons soy sauce $ 2 tablespoons hoisin sauce $ 2 tablespoons mild honey $ 1 teaspoon Asian sesame oil $ Pinch of cayenne $ 3 lb chicken wingettes or chicken wings (see cooks' note, below) $ 1 1/2 tablespoons sesame seeds, lightly toasted $ 1 scallion (green part only), finely chopped $ ",Chicken $ Bake $ Kid-Friendly $ Quick & Easy $ Honey $ Soy Sauce $ Gourmet $ ,American $ Asian $ ,3/4,95,Chicken $ Bake $ Kid-Friendly $ Quick & Easy $ Honey $ Soy Sauce $ Gourmet $ American $ Asian $ 
https://www.epicurious.com/recipes/food/views/whole-wheat-pancakes-with-blackberry-syrup-234686,Whole-Wheat Pancakes with Blackberry Syrup ,1 1/4 cups whole-wheat flour $ 1/3 cup cornmeal $ 6 tablespoons dried powdered buttermilk (cultured buttermilk blend) $ 1 tablespoon sugar $ 2 teaspoons baking powder $ 3/4 teaspoon baking soda $ 3/4 teaspoon salt $ 1 1/2 cups water $ 2 large eggs $ 1/4 cup vegetable oil plus additional for brushing griddle $ 1 cup pure maple syrup $ 2 cups blackberries (8 1/2 oz) $ ,Egg $ Breakfast $ Brunch $ Kid-Friendly $ Quick & Easy $ Mother's Day $ Blackberry $ Cornmeal $ Maple Syrup $ Whole Wheat $ Gourmet $ Vegetarian $ Pescatarian $ Peanut Free $ Tree Nut Free $ Soy Free $ Kosher $ ,American $ ,3.5/4,36,Egg $ Breakfast $ Brunch $ Kid-Friendly $ Quick & Easy $ Mother's Day $ Blackberry $ Cornmeal $ Maple Syrup $ Whole Wheat $ Gourmet $ Vegetarian $ Pescatarian $ Peanut Free $ Tree Nut Free $ Soy Free $ Kosher $ American $ 
https://www.epicurious.com/recipes/food/views/simple-syrup-234833,Simple Syrup ,1 1/2 cups sugar $ 1 1/2 cups water $ ,Non-Alcoholic $ Summer $ Chill $ Boil $ Bon Appétit $ Drink $ ,American $ ,0/4,0,Non-Alcoholic $ Summer $ Chill $ Boil $ Bon Appétit $ Drink $ American $ 
https://www.epicurious.com/recipes/food/views/gratineed-gnocchi-with-spinach-and-ricotta-234669,Gratineed Gnocchi with Spinach and Ricotta ,1 (1-lb) package potato gnocchi $ 2/3 cup heavy cream $ 1/2 teaspoon all-purpose flour $ 1/2 teaspoon salt $ 1/2 teaspoon black pepper $ 1/8 teaspoon ground nutmeg $ 3 (5-oz) packages baby spinach $ 1/2 cup whole-milk or part-skim ricotta $ 2/3 cup shredded mozzarella $ ,Milk/Cream $ Pasta $ Potato $ Side $ Broil $ Vegetarian $ Quick & Easy $ Mozzarella $ Ricotta $ Spinach $ Gourmet $ Sugar Conscious $ Pescatarian $ Peanut Free $ Tree Nut Free $ Soy Free $ No Sugar Added $ Kosher $ ,American $ Italian $ ,3/4,41,Milk/Cream $ Pasta $ Potato $ Side $ Broil $ Vegetarian $ Quick & Easy $ Mozzarella $ Ricotta $ Spinach $ Gourmet $ Sugar Conscious $ Pescatarian $ Peanut Free $ Tree Nut Free $ Soy Free $ No Sugar Added $ Kosher $ American $ Italian $ 
https://www.epicurious.com/recipes/food/views/grilled-chicken-caesar-salad-234639,Grilled-Chicken Caesar Salad ,"1 1/2 lb skinless boneless chicken breast halves $ 1/2 cup olive oil $ 1 teaspoon salt $ 3/4 teaspoon black pepper $ 2 garlic cloves, smashed $ 3 tablespoons fresh lemon juice $ 2 teaspoons Dijon mustard $ 1 teaspoon anchovy paste $ 2 (10-oz) packages hearts of romaine $ 1/2 cup grated Parmigiano-Reggiano $ 1 1/2 cups plain or flavored croutons $ a well-seasoned large (2-burner) ridged grill pan $ ",Salad $ Chicken $ Fish $ Leafy Green $ Appetizer $ Quick & Easy $ Parmesan $ Spring $ Summer $ Grill/Barbecue $ Gourmet $ Sugar Conscious $ Peanut Free $ Tree Nut Free $ Soy Free $ ,American $ ,3/4,8,Salad $ Chicken $ Fish $ Leafy Green $ Appetizer $ Quick & Easy $ Parmesan $ Spring $ Summer $ Grill/Barbecue $ Gourmet $ Sugar Conscious $ Peanut Free $ Tree Nut Free $ Soy Free $ American $ 
https://www.epicurious.com/recipes/food/views/whole-wheat-crusted-chicken-breast-cutlets-239147,Whole Wheat-Crusted Chicken Breast Cutlets ,"Olive oil for brushing $ 4 (6-ounce) boneless, skinless chicken-breast halves (if they weigh more than 6 ounces, halve and reduce cooking time by 5 minutes) $ Salt and freshly ground black pepper to taste $ 2 tablespoons French's or Dijon mustard $ 2 tablespoons mayonnaise $ 1 1/2 cups store-bought or homemade whole-wheat bread crumbs $ ",Chicken $ Mustard $ Bake $ Kid-Friendly $ Mayonnaise $ Cookie $ ,American $ ,3/4,6,Chicken $ Mustard $ Bake $ Kid-Friendly $ Mayonnaise $ Cookie $ American $ 
https://www.epicurious.com/recipes/food/views/parmesan-cauliflower-and-parsley-salad-234676,Parmesan Cauliflower and Parsley Salad ,"1 teaspoon finely grated fresh lemon zest $ 2 tablespoons fresh lemon juice $ 1/2 teaspoon salt $ 1/4 teaspoon black pepper $ 1/4 cup extra-virgin olive oil $ 6 oz white mushrooms, thinly sliced $ 5 cups loosely packed fresh flat-leaf parsley leaves (from 2 large bunches) $ 2 large eggs $ 1/4 teaspoon salt $ 1/8 teaspoon black pepper $ 2 (10-oz) packages frozen cauliflower florets, thawed and patted dry $ 2 oz Parmigiano-Reggiano, finely grated with a rasp (2 cups) $ 1/3 cup olive oil $ ",Salad $ Egg $ Mushroom $ Side $ Marinate $ Vegetarian $ Quick & Easy $ Parmesan $ Lemon $ Cauliflower $ Pan-Fry $ Parsley $ Gourmet $ Pescatarian $ Wheat/Gluten-Free $ Peanut Free $ Tree Nut Free $ Soy Free $ No Sugar Added $ Kosher $ ,American $ ,3/4,13,Salad $ Egg $ Mushroom $ Side $ Marinate $ Vegetarian $ Quick & Easy $ Parmesan $ Lemon $ Cauliflower $ Pan-Fry $ Parsley $ Gourmet $ Pescatarian $ Wheat/Gluten-Free $ Peanut Free $ Tree Nut Free $ Soy Free $ No Sugar Added $ Kosher $ American $ 
https://www.epicurious.com/recipes/food/views/eggplant-and-smoked-gouda-open-faced-grilled-sandwiches-234662,Eggplant and Smoked-Gouda Open-Faced Grilled Sandwiches ,"1 lb tomatoes, finely chopped (2 1/2 cups) $ 1/4 cup finely chopped fresh flat-leaf parsley $ 1/2 cup plus 2 tablespoons extra-virgin olive oil $ 1 tablespoon white-wine vinegar $ 1/2 teaspoon black pepper $ 3/4 teaspoons salt $ 1 (8-oz) piece smoked cheese such as Gouda, mozzarella, or scamorza $ 4 (3/4-inch-thick) slices country-style bread (from an 8-inch round loaf) $ 2 (1-lb) eggplants $ ",Sandwich $ Cheese $ Vegetable $ Vegetarian $ Summer $ Grill/Barbecue $ Healthy $ Parsley $ Gourmet $ ,American $ ,3.5/4,18,Sandwich $ Cheese $ Vegetable $ Vegetarian $ Summer $ Grill/Barbecue $ Healthy $ Parsley $ Gourmet $ American $ 
https://www.epicurious.com/recipes/food/views/herbed-lamb-tomato-and-zucchini-kebabs-234653,"Herbed Lamb, Tomato, and Zucchini Kebabs ","1 large garlic clove $ 1 1/2 teaspoons salt $ 1/4 cup plus 2 tablespoons fresh lemon juice $ 1 1/2 teaspoons black pepper $ 1 cup plus 2 tablespoons olive oil $ 1/4 cup finely chopped fresh thyme leaves $ 1 1/2 tablespoons finely chopped fresh rosemary leaves $ 1 (2-lb) piece trimmed boneless leg of lamb, cut into 1 1/4-inch cubes $ 3 medium zucchini (1 1/2 lb total) $ 24 large cherry tomatoes (3/4 lb total) $ 16 (12-inch) wooden skewers, soaked in warm water 1 hour $ ",Lamb $ Tomato $ Marinate $ Lemon $ Rosemary $ Zucchini $ Summer $ Grill/Barbecue $ Healthy $ Thyme $ Gourmet $ ,American $ ,3.5/4,6,Lamb $ Tomato $ Marinate $ Lemon $ Rosemary $ Zucchini $ Summer $ Grill/Barbecue $ Healthy $ Thyme $ Gourmet $ American $ 
https://www.epicurious.com/recipes/food/views/grilled-pork-chops-with-pineapple-salsa-234659,Grilled Pork Chops with Pineapple Salsa ,"1 tablespoon vegetable oil $ 2 1/2 teaspoons ground cumin $ 1/2 teaspoon black pepper $ 1 1/2 teaspoons salt $ 4 (1-inch-thick) bone-in rib pork chops (about 2 1/4 lb total) $ 1/2 pineapple, peeled, cored, and cut into 1/4-inch dice (1 1/4 cups) $ 1/2 cup finely chopped red onion $ 1 fresh serrano chile, minced, including seeds $ 1 tablespoon fresh lime juice $ ",Onion $ Pork $ Quick & Easy $ Pineapple $ Hot Pepper $ Summer $ Grill/Barbecue $ Gourmet $ ,American $ ,3/4,33,Onion $ Pork $ Quick & Easy $ Pineapple $ Hot Pepper $ Summer $ Grill/Barbecue $ Gourmet $ American $ 
https://www.epicurious.com/recipes/food/views/coffee-crusted-sirloin-with-jalapeno-red-eye-gravy-234919,Coffee-Crusted Sirloin with Jalapeño Red-Eye Gravy ,"1/2 cup ground coffee beans $ 1/4 teaspoon garlic powder $ 1/2 teaspoon black pepper $ 1/2 teaspoon salt $ 4 (4-ounce) all-natural sirloin steaks, trimmed $ 1 teaspoon canola oil $ 1 cup brewed coffee $ 1 cup beef stock $ 1/4 cup jalapeño jelly $ 1 tablespoon brown sugar $ 1 tablespoon lemon juice $ 2 teaspoons cornstarch, dissolved in a little additional coffee $ ",Coffee $ Garlic $ Sauté $ Steak $ Jalapeño $ ,American $ Southwestern $ ,2/4,9,Coffee $ Garlic $ Sauté $ Steak $ Jalapeño $ American $ Southwestern $ 
https://www.epicurious.com/recipes/food/views/lemon-cloud-tart-with-rhubarb-compote-234453,Lemon Cloud Tart with Rhubarb Compote ,"4 large egg yolks $ 3 large eggs $ 1/2 cup fresh lemon juice $ 1/2 cup (1 stick) unsalted butter, diced $ 1/2 cup sugar $ 1/2 cup hazelnuts, toasted $ 1/2 cup (1 stick) unsalted butter, room temperature $ 1/3 cup powdered sugar $ 1 tablespoon (packed) finely grated lemon peel $ 1 large egg yolk $ 1 1/4 cups all purpose flour $ 1/4 teaspoon fine sea salt $ 3/4 cup chilled heavy whipping cream $ 3/4 cup crème fraîche $ 3 tablespoons sugar $ 1 tablespoon finely grated lemon peel $ Rhubarb Compote $ ",Milk/Cream $ Egg $ Dessert $ Bake $ Kid-Friendly $ Lemon $ Spring $ Hazelnut $ Bon Appétit $ Kidney Friendly $ Vegetarian $ Pescatarian $ Peanut Free $ Soy Free $ Kosher $ ,American $ ,3.5/4,19,Milk/Cream $ Egg $ Dessert $ Bake $ Kid-Friendly $ Lemon $ Spring $ Hazelnut $ Bon Appétit $ Kidney Friendly $ Vegetarian $ Pescatarian $ Peanut Free $ Soy Free $ Kosher $ American $ 
https://www.epicurious.com/recipes/food/views/sliced-filet-mignon-with-fava-beans-radishes-and-mustard-dressing-234424,"Sliced Filet Mignon with Fava Beans, Radishes, and Mustard Dressing ","3 tablespoons apple cider vinegar $ 2 teaspoons country-style Dijon mustard $ 1/4 cup extra-virgin olive oil $ 2 cups fresh fava beans (from about 2 pounds fresh pods) or frozen double-peeled, thawed $ 10 medium radishes, very thinly sliced $ 1/4 cup chopped fresh herbs, such as tarragon, basil, thyme, and parsley $ 1 tablespoon butter $ 1 tablespoon canola oil $ 4 5- to 7-ounce filet mignon steaks $ 1/3 cup crumbled goat's milk feta cheese $ ",Bean $ Beef $ Herb $ Mustard $ High Fiber $ Feta $ Radish $ Spring $ Pan-Fry $ Healthy $ Bon Appétit $ ,American $ ,3.5/4,11,Bean $ Beef $ Herb $ Mustard $ High Fiber $ Feta $ Radish $ Spring $ Pan-Fry $ Healthy $ Bon Appétit $ American $ 
https://www.epicurious.com/recipes/food/views/spaghetti-with-asparagus-shiitake-mushrooms-lemon-and-chives-234432,"Spaghetti with Asparagus, Shiitake Mushrooms, Lemon, and Chives ","12 ounces spaghetti $ 4 tablespoons butter, divided $ 2 tablespoons extra-virgin olive oil $ 1/2 cup thinly sliced shallots (about 4) $ 1 pound fresh shiitake mushrooms, stemmed, sliced $ 6 tablespoons fresh lemon juice $ 1 3/4 cups vegetable broth $ 1 tablespoon grated lemon peel $ 1 pound asparagus, tough ends trimmed, cut crosswise in thirds $ 1/4 cup chopped fresh chives $ 4 ounces shaved Asiago cheese* $ ",Cheese $ Citrus $ Mushroom $ Pasta $ Sauté $ Vegetarian $ Quick & Easy $ High Fiber $ Asparagus $ Spring $ Chive $ Shallot $ Bon Appétit $ ,American $ ,3/4,38,Cheese $ Citrus $ Mushroom $ Pasta $ Sauté $ Vegetarian $ Quick & Easy $ High Fiber $ Asparagus $ Spring $ Chive $ Shallot $ Bon Appétit $ American $ 
https://www.epicurious.com/recipes/food/views/pasta-with-zucchini-and-oregano-234431,Pasta with Zucchini and Oregano ,"1 pound campanelle (trumpet-shaped pasta) or orecchiette (little ear-shaped pasta) $ 6 tablespoons extra-virgin olive oil, divided $ 2 pounds zucchini, trimmed, cut into 1/3-inch-thick slices $ 6 garlic cloves, chopped $ 2 tablespoons chopped fresh oregano $ 1/2 cup grated pecorino cheese, plus additional for sprinkling $ ",Cheese $ Garlic $ Pasta $ Sauté $ Vegetarian $ Quick & Easy $ High Fiber $ Zucchini $ Spring $ Oregano $ Bon Appétit $ Virginia $ ,American $ ,3/4,22,Cheese $ Garlic $ Pasta $ Sauté $ Vegetarian $ Quick & Easy $ High Fiber $ Zucchini $ Spring $ Oregano $ Bon Appétit $ Virginia $ American $ 
https://www.epicurious.com/recipes/food/views/rhubarb-compote-234450,Rhubarb Compote ,4 cups 1/2-inch pieces fresh rhubarb (from about 1 1/2 pounds) $ 1 1/2 cups sugar $ 2 tablespoons fresh lemon juice $ ,Sauce $ Dessert $ Low Fat $ Quick & Easy $ Lemon $ Spring $ Vegan $ Rhubarb $ Simmer $ Bon Appétit $ Fat Free $ Vegetarian $ Pescatarian $ Dairy Free $ Wheat/Gluten-Free $ Peanut Free $ Tree Nut Free $ Soy Free $ Kosher $ ,American $ ,3.5/4,25,Sauce $ Dessert $ Low Fat $ Quick & Easy $ Lemon $ Spring $ Vegan $ Rhubarb $ Simmer $ Bon Appétit $ Fat Free $ Vegetarian $ Pescatarian $ Dairy Free $ Wheat/Gluten-Free $ Peanut Free $ Tree Nut Free $ Soy Free $ Kosher $ American $ 
https://www.epicurious.com/recipes/food/views/saffron-chicken-breasts-with-english-pea-puree-pea-shoots-and-mint-234429,"Saffron Chicken Breasts with English Pea Purée, Pea Shoots, and Mint ","1/4 teaspoon saffron threads $ 3 tablespoons butter, room temperature $ 4 tablespoons extra-virgin olive oil, divided $ 6 large boneless chicken breast halves with skin $ 2 tablespoons chopped fresh Italian parsley $ 1 tablespoon (scant) finely grated lemon peel $ 3 teaspoons fresh thyme leaves, divided $ 2 1/2 cups sliced green onions, white and green parts separated $ 6 cups loosely packed fresh pea shoots or pea sprouts (about 4 ounces) $ 1 tablespoon water $ 1/4 cup torn fresh mint leaves $ 2 teaspoons fresh lemon juice $ English Pea Puree $ ",Chicken $ Onion $ Marinate $ Sauté $ High Fiber $ Mint $ Saffron $ Pea $ Spring $ Bon Appétit $ ,American $ ,3/4,2,Chicken $ Onion $ Marinate $ Sauté $ High Fiber $ Mint $ Saffron $ Pea $ Spring $ Bon Appétit $ American $ 
https://www.epicurious.com/recipes/food/views/fresh-fruit-platter-with-ginger-mango-sauce-234441,Fresh Fruit Platter with Ginger-Mango Sauce ,"To make Ginger-Mango Sauce, place in processor and process until smooth: $ 1 large mango, seeded, peeled, quartered $ 2 tablespoons water $ 2 tablespoons sugar $ 2 tablespoons maple syrup $ 2 teaspoons chopped fresh ginger $ 1 teaspoon vanilla extract $ ",Food Processor $ Ginger $ Dessert $ No-Cook $ Low Fat $ Quick & Easy $ Low Cal $ High Fiber $ Strawberry $ Cantaloupe $ Banana $ Kiwi $ Mango $ Spring $ Healthy $ Vegan $ Bon Appétit $ Fat Free $ Kidney Friendly $ Vegetarian $ Pescatarian $ Dairy Free $ Wheat/Gluten-Free $ Peanut Free $ Tree Nut Free $ Soy Free $ Kosher $ ,American $ ,3/4,4,Food Processor $ Ginger $ Dessert $ No-Cook $ Low Fat $ Quick & Easy $ Low Cal $ High Fiber $ Strawberry $ Cantaloupe $ Banana $ Kiwi $ Mango $ Spring $ Healthy $ Vegan $ Bon Appétit $ Fat Free $ Kidney Friendly $ Vegetarian $ Pescatarian $ Dairy Free $ Wheat/Gluten-Free $ Peanut Free $ Tree Nut Free $ Soy Free $ Kosher $ American $ 
https://www.epicurious.com/recipes/food/views/spring-vegetable-fricassee-with-saffron-cream-234437,Spring Vegetable Fricassée with Saffron Cream ,"2 cups baby carrots (about 3 bunches) tops removed, scrubbed $ 1 cup fresh peas or frozen, thawed $ 1 tablespoon olive oil $ 1 small onion, thinly sliced $ 2 shallots, thinly sliced $ 1 leek, white part only, halved, thinly sliced $ 1/2 teaspoon (scant) saffron threads $ 3/4 cup fresh morel mushrooms $ 1 teaspoon chopped fresh thyme $ 1/2 cup dry white wine $ 2/3 cup vegetable broth $ 1 1/3 cups whipping cream $ 1/2 pound asparagus, trimmed, cut into thirds $ 4 cups baby spinach leaves (about 3 ounces) $ ",Milk/Cream $ Mushroom $ Onion $ Side $ Roast $ Sauté $ Vegetarian $ High Fiber $ Saffron $ Asparagus $ Leek $ Spinach $ Pea $ Carrot $ Spring $ Shallot $ Bon Appétit $ Pescatarian $ Wheat/Gluten-Free $ Peanut Free $ Tree Nut Free $ Soy Free $ Kosher $ ,American $ ,2/4,9,Milk/Cream $ Mushroom $ Onion $ Side $ Roast $ Sauté $ Vegetarian $ High Fiber $ Saffron $ Asparagus $ Leek $ Spinach $ Pea $ Carrot $ Spring $ Shallot $ Bon Appétit $ Pescatarian $ Wheat/Gluten-Free $ Peanut Free $ Tree Nut Free $ Soy Free $ Kosher $ American $ 
https://www.epicurious.com/recipes/food/views/shrimp-with-artichoke-pesto-234406,Shrimp with Artichoke Pesto ,"2 large artichokes $ 1 cup (packed) fresh basil leaves $ 1 garlic clove $ 1 cup extra-virgin olive oil $ 1 tablespoon freshly grated Pecorino Romano cheese $ 1 tablespoon freshly grated Parmesan cheese $ 32 cooked jumbo shrimp, peeled, deveined $ ",Condiment/Spread $ Food Processor $ Shellfish $ Vegetable $ No-Cook $ Quick & Easy $ Parmesan $ Basil $ Shrimp $ Artichoke $ Spring $ Bon Appétit $ ,American $ ,2.5/4,18,Condiment/Spread $ Food Processor $ Shellfish $ Vegetable $ No-Cook $ Quick & Easy $ Parmesan $ Basil $ Shrimp $ Artichoke $ Spring $ Bon Appétit $ American $ 
https://www.epicurious.com/recipes/food/views/mixed-greens-with-feta-almonds-and-blueberries-234413,"Mixed Greens with Feta, Almonds, and Blueberries ","1 1/2 tablespoons red wine vinegar $ 3 tablespoons olive oil $ 1 teaspoon honey $ 1 5-ounce bag baby salad greens $ 1/2 cup crumbled feta cheese (about 2 1/2 ounces) $ 1 1/2-pint container blueberries $ 1/4 cup pine nuts, toasted $ ",Salad $ Berry $ Leafy Green $ Nut $ Side $ No-Cook $ Vegetarian $ Quick & Easy $ High Fiber $ Spring $ Bon Appétit $ Kidney Friendly $ Pescatarian $ Wheat/Gluten-Free $ Peanut Free $ Soy Free $ Kosher $ ,American $ ,3.5/4,20,Salad $ Berry $ Leafy Green $ Nut $ Side $ No-Cook $ Vegetarian $ Quick & Easy $ High Fiber $ Spring $ Bon Appétit $ Kidney Friendly $ Pescatarian $ Wheat/Gluten-Free $ Peanut Free $ Soy Free $ Kosher $ American $ 
https://www.epicurious.com/recipes/food/views/salmon-with-mustard-and-brown-sugar-glaze-234419,Salmon with Mustard and Brown Sugar Glaze ,"3/4 cup dry white wine $ 1/4 cup butter, cut into small pieces $ 1 teaspoon Old Bay seasoning $ 1 2-pound center-cut skinless salmon fillet $ 1/3 cup spicy brown mustard (such as Gulden's) $ 1/4 cup (packed) golden brown sugar $ ",Fish $ Mustard $ Broil $ Quick & Easy $ Low Cal $ Salmon $ White Wine $ Bon Appétit $ ,American $ ,3.5/4,105,Fish $ Mustard $ Broil $ Quick & Easy $ Low Cal $ Salmon $ White Wine $ Bon Appétit $ American $ 
https://www.epicurious.com/recipes/food/views/lemon-ginger-cake-with-pistachios-234444,Lemon-Ginger Cake with Pistachios ,"7 large eggs $ 4 large egg yolks $ 1 cup fresh lemon juice $ 1 cup (2 sticks) unsalted butter, diced $ 3/4 cup sugar $ 2 1/2 tablespoons (packed) finely grated lemon peel $ 4 cups all purpose flour $ 2 1/4 cups sugar $ 5 teaspoons ground ginger $ 1 tablespoon baking powder $ 1 1/2 teaspoons fine sea salt $ 1 1/2 cups (3 sticks) unsalted butter, room temperature $ 1 1/3 cups whole milk $ 2 1/2 tablespoons (packed) finely grated lemon peel $ 8 large egg whites, room temperature, divided $ 1 cup blackberry preserves $ 1/4 cup water $ 2 teaspoons unflavored gelatin $ 4 large egg whites, room temperature $ 3 tablespoons sugar $ White chocolate curls $ 1/4 cup chopped natural unsalted pistachios (about 2 ounces) $ 2 tablespoons chopped crystallized ginger (about 1 1/2 ounces) $ ",Cake $ Milk/Cream $ Egg $ Ginger $ Dessert $ Bake $ Wedding $ Blackberry $ Lemon $ Pistachio $ Spring $ Bon Appétit $ Peanut Free $ Soy Free $ ,American $ ,3/4,24,Cake $ Milk/Cream $ Egg $ Ginger $ Dessert $ Bake $ Wedding $ Blackberry $ Lemon $ Pistachio $ Spring $ Bon Appétit $ Peanut Free $ Soy Free $ American $ 
https://www.epicurious.com/recipes/food/views/linguine-with-zucchini-and-mint-234256,Linguine with Zucchini and Mint ,"2 lb zucchini (3 large) $ 1 cup olive oil $ 4 garlic cloves, finely chopped $ 1 lb dried linguine $ 3/4 cup chopped fresh mint $ 1 tablespoon finely grated fresh lemon zest $ 1 teaspoon salt $ 1/4 teaspoon black pepper $ an adjustable-blade slicer $ ",Herb $ Pasta $ Fry $ Vegetarian $ Quick & Easy $ Mint $ Zucchini $ Spring $ Vegan $ Gourmet $ ,American $ Italian $ ,3/4,13,Herb $ Pasta $ Fry $ Vegetarian $ Quick & Easy $ Mint $ Zucchini $ Spring $ Vegan $ Gourmet $ American $ Italian $ 
https://www.epicurious.com/recipes/food/views/crunchy-chili-onion-rings-234399,Crunchy Chili Onion Rings ,"3 cups all purpose flour $ 2 tablespoons chili powder $ 4 1/2 teaspoons salt $ 1 12-ounce bottle dark beer (preferably Mexican) $ 12 6-inch corn tortillas, coarsely torn $ 2 large onions, peeled $ Vegetable oil (for deep-frying) $ ",Onion $ Appetizer $ Side $ Fry $ Super Bowl $ Vegetarian $ Quick & Easy $ Spring $ Vegan $ Bon Appétit $ Pescatarian $ Dairy Free $ Peanut Free $ Tree Nut Free $ Soy Free $ No Sugar Added $ Kosher $ ,American $ ,2.5/4,6,Onion $ Appetizer $ Side $ Fry $ Super Bowl $ Vegetarian $ Quick & Easy $ Spring $ Vegan $ Bon Appétit $ Pescatarian $ Dairy Free $ Peanut Free $ Tree Nut Free $ Soy Free $ No Sugar Added $ Kosher $ American $ 
https://www.epicurious.com/recipes/food/views/icy-lemon-mint-parfaits-234452,Icy Lemon-Mint Parfaits ,"2 cups loosely packed fresh mint leaves plus 6 leaves for garnish $ 1 1/4 cups water $ 1 cup sugar $ 3/4 cup fresh lemon juice $ 3/4 cup chilled heavy whipping cream $ 1 1/2 tablespoons sugar $ 1 1/2 tablespoons finely chopped fresh mint leaves $ 1 1-pint container fresh strawberries, hulled, thinly sliced $ ",Milk/Cream $ Dessert $ Freeze/Chill $ Kid-Friendly $ Strawberry $ Lemon $ Mint $ Spring $ Simmer $ Bon Appétit $ Vegetarian $ Pescatarian $ Wheat/Gluten-Free $ Peanut Free $ Tree Nut Free $ Soy Free $ Kosher $ ,American $ ,4/4,6,Milk/Cream $ Dessert $ Freeze/Chill $ Kid-Friendly $ Strawberry $ Lemon $ Mint $ Spring $ Simmer $ Bon Appétit $ Vegetarian $ Pescatarian $ Wheat/Gluten-Free $ Peanut Free $ Tree Nut Free $ Soy Free $ Kosher $ American $ 
https://www.epicurious.com/recipes/food/views/caramelized-chocolate-banana-and-marshmallow-sandwiches-234440,"Caramelized Chocolate, Banana, and Marshmallow Sandwiches ","2 tablespoons unsalted butter, room temperature $ 2 tablespoons (packed) dark brown sugar $ 4 slices buttermilk bread $ 8 whole large marshmallows $ 2 metal skewers $ 2 tablespoons semisweet chocolate chips $ 12 banana slices $ ",Sandwich $ Chocolate $ Dessert $ Kid-Friendly $ Quick & Easy $ Banana $ Grill/Barbecue $ Bon Appétit $ ,American $ ,2.5/4,18,Sandwich $ Chocolate $ Dessert $ Kid-Friendly $ Quick & Easy $ Banana $ Grill/Barbecue $ Bon Appétit $ American $ 
https://www.epicurious.com/recipes/food/views/blackberry-peach-crisp-1215311,Blackberry-Peach Crisp ,"Canola-oil cooking spray $ 1 cup fresh blackberries $ 1 cup fresh peaches, pitted and sliced $ 4 tsp fresh orange juice $ 1/2 tsp vanilla extract $ 3 tbsp whole-wheat flour $ 3 tbsp rolled oats $ 2 tbsp brown sugar $ 4 tsp canola oil $ 2 tsp honey $ 1 tsp cinnamon $ 1/8 tsp nutmeg $ ",Berry $ Citrus $ Fruit $ Dessert $ Bake $ Low Fat $ Vegetarian $ Summer $ Healthy $ Self $ Kidney Friendly $ Pescatarian $ Dairy Free $ Peanut Free $ Tree Nut Free $ Soy Free $ Kosher $ ,American $ ,3.5/4,13,Berry $ Citrus $ Fruit $ Dessert $ Bake $ Low Fat $ Vegetarian $ Summer $ Healthy $ Self $ Kidney Friendly $ Pescatarian $ Dairy Free $ Peanut Free $ Tree Nut Free $ Soy Free $ Kosher $ American $ 
https://www.epicurious.com/recipes/food/views/warm-frisee-salad-with-fingerlings-and-bacon-234418,Warm Frisée Salad with Fingerlings and Bacon ,"1 pound small fingerling potatoes, unpeeled $ 4 tablespoons extra-virgin olive oil, divided $ 1 teaspoon chopped fresh thyme $ 1 teaspoon salt $ 8 cups bite-size pieces frisée leaves (about 2 large heads) $ 4 cups bite-size pieces dandelion greens, tough center ribs and stems discarded $ 1 cup fresh Italian parsley leaves $ 3 tablespoons Sherry wine vinegar $ 12 ounces thick slices applewood-smoked bacon, cut into 1/2-inch pieces $ 1/4 cup sliced shallots $ ",Salad $ Leafy Green $ Pork $ Potato $ Side $ Roast $ Sauté $ Bacon $ Spring $ Bon Appétit $ Sugar Conscious $ Dairy Free $ Wheat/Gluten-Free $ Peanut Free $ Tree Nut Free $ Soy Free $ ,American $ ,4/4,15,Salad $ Leafy Green $ Pork $ Potato $ Side $ Roast $ Sauté $ Bacon $ Spring $ Bon Appétit $ Sugar Conscious $ Dairy Free $ Wheat/Gluten-Free $ Peanut Free $ Tree Nut Free $ Soy Free $ American $ 
https://www.epicurious.com/recipes/food/views/mustard-roasted-chicken-with-warm-frisee-salad-and-fingerlings-and-bacon-234428,Mustard-Roasted Chicken with Warm Frisée Salad and Fingerlings and Bacon ,"1 cup Dijon mustard $ 1/4 cup extra-virgin olive oil $ 1/4 cup chopped fresh Italian parsley $ 2 tablespoons fresh thyme leaves $ 16 garlic cloves, peeled, crushed $ 2 3 1/2- to 4-pound whole chickens, rinsed, patted dry $ 6 fresh rosemary sprigs $ 6 fresh sage sprigs $ Warm Frisée, Fingerling, and Bacon Salad $ ",Chicken $ Garlic $ Mustard $ Marinate $ Roast $ Rosemary $ Spring $ Sage $ Parsley $ Bon Appétit $ ,American $ ,3.5/4,28,Chicken $ Garlic $ Mustard $ Marinate $ Roast $ Rosemary $ Spring $ Sage $ Parsley $ Bon Appétit $ American $ 
https://www.epicurious.com/recipes/food/views/spiked-blackberry-coulis-234451,Spiked Blackberry Coulis ,"1 1-pound bag frozen unsweetened blackberries, thawed $ 1 cup plus 2 tablespoons semidry white wine (such as Chenin Blanc) $ 6 tablespoons (about) sugar, divided $ 3 whole cloves $ 2 Turkish bay leaves $ 1/4 teaspoon ground allspice $ 1 teaspoon brandy $ ",Sauce $ Dessert $ Passover $ Low Fat $ Quick & Easy $ Blackberry $ Brandy $ White Wine $ Spring $ Kosher $ Vegan $ Clove $ Simmer $ Bon Appétit $ Kidney Friendly $ Vegetarian $ Pescatarian $ Dairy Free $ Wheat/Gluten-Free $ Peanut Free $ Tree Nut Free $ Soy Free $ ,American $ Jewish $ ,3.5/4,5,Sauce $ Dessert $ Passover $ Low Fat $ Quick & Easy $ Blackberry $ Brandy $ White Wine $ Spring $ Kosher $ Vegan $ Clove $ Simmer $ Bon Appétit $ Kidney Friendly $ Vegetarian $ Pescatarian $ Dairy Free $ Wheat/Gluten-Free $ Peanut Free $ Tree Nut Free $ Soy Free $ American $ Jewish $ 
https://www.epicurious.com/recipes/food/views/sour-cream-lemon-and-herb-deviled-eggs-234407,"Sour Cream, Lemon, and Herb Deviled Eggs ",6 hard-boiled eggs $ 3 tablespoons sour cream $ 1 1/2 tablespoons mayonnaise $ 3/4 teaspoon Dijon mustard $ 1 1/2 teaspoons finely grated lemon peel $ 1 1/2 teaspoons fresh lemon juice $ 1/8 teaspoon cayenne pepper $ Chopped fresh parsley or thyme $ ,Citrus $ Dairy $ Egg $ Herb $ Appetizer $ Easter $ Vegetarian $ Quick & Easy $ Low Cal $ Halloween $ Spring $ Bon Appétit $ Sugar Conscious $ Kidney Friendly $ Pescatarian $ Wheat/Gluten-Free $ Peanut Free $ Tree Nut Free $ Soy Free $ Kosher $ ,American $ ,2.5/4,13,Citrus $ Dairy $ Egg $ Herb $ Appetizer $ Easter $ Vegetarian $ Quick & Easy $ Low Cal $ Halloween $ Spring $ Bon Appétit $ Sugar Conscious $ Kidney Friendly $ Pescatarian $ Wheat/Gluten-Free $ Peanut Free $ Tree Nut Free $ Soy Free $ Kosher $ American $ 
https://www.epicurious.com/recipes/food/views/white-asparagus-and-morel-saute-234438,White Asparagus and Morel Sauté ,"1 1/2 pounds white asparagus, trimmed, peeled, cut diagonally into 3-inch lengths $ 6 tablespoons (3/4 stick) butter, divided $ 6 ounces fresh morels, cleaned, halved if large $ 2 teaspoons fresh thyme leaves $ 3/4 cup thinly sliced leeks (white and pale green parts only) $ 2 tablespoons chopped fresh Italian parsley $ ",Herb $ Mushroom $ Side $ Sauté $ Vegetarian $ Low Cal $ High Fiber $ Asparagus $ Leek $ Spring $ Bon Appétit $ Sugar Conscious $ Pescatarian $ Wheat/Gluten-Free $ Peanut Free $ Tree Nut Free $ Soy Free $ No Sugar Added $ Kosher $ ,American $ ,3.5/4,5,Herb $ Mushroom $ Side $ Sauté $ Vegetarian $ Low Cal $ High Fiber $ Asparagus $ Leek $ Spring $ Bon Appétit $ Sugar Conscious $ Pescatarian $ Wheat/Gluten-Free $ Peanut Free $ Tree Nut Free $ Soy Free $ No Sugar Added $ Kosher $ American $ 
https://www.epicurious.com/recipes/food/views/parmesan-onion-puffs-234248,Parmesan Onion Puffs ,2 oz finely grated Parmigiano-Reggiano (1 cup) $ 1/2 cup mayonnaise $ 1 tablespoon minced onion $ 1/8 teaspoon cayenne $ 10 slices firm white sandwich bread $ a 1 3/4-inch round cookie cutter; a small offset spatula $ ,Cheese $ Onion $ Bake $ Cocktail Party $ Quick & Easy $ Mayonnaise $ Parmesan $ Engagement Party $ Gourmet $ ,American $ ,3.5/4,24,Cheese $ Onion $ Bake $ Cocktail Party $ Quick & Easy $ Mayonnaise $ Parmesan $ Engagement Party $ Gourmet $ American $ 
https://www.epicurious.com/recipes/food/views/lemon-and-blueberry-upside-down-cake-234443,Lemon and Blueberry Upside-Down Cake ,"3/4 cup (packed) golden brown sugar $ 1/2 cup (1 stick) unsalted butter, cut into 4 pieces $ 1 1/2 cups fresh blueberries $ 3/4 cup cake flour $ 1/4 teaspoon baking powder $ 1/4 teaspoon fine sea salt $ 4 ounces almond paste (scant 1/2 cup), broken into small pieces $ 1/2 cup sugar $ 3 tablespoons finely grated lemon peel $ 1/2 cup (1 stick) unsalted butter, cut into 8 pieces, room temperature $ 3 large eggs, room temperature $ Lemon slices (optional) $ Lemon peel curls (optional) $ Additional fresh blueberries $ Lemon Whipped Cream $ ",Cake $ Dessert $ Bake $ Kid-Friendly $ Blueberry $ Lemon $ Almond $ Spring $ Bon Appétit $ Kidney Friendly $ Vegetarian $ Pescatarian $ Peanut Free $ Soy Free $ Kosher $ ,American $ ,3.5/4,35,Cake $ Dessert $ Bake $ Kid-Friendly $ Blueberry $ Lemon $ Almond $ Spring $ Bon Appétit $ Kidney Friendly $ Vegetarian $ Pescatarian $ Peanut Free $ Soy Free $ Kosher $ American $ 
https://www.epicurious.com/recipes/food/views/peanut-butter-and-banana-sundaes-234277,Peanut Butter and Banana Sundaes ,"1 2/3 cups half-and-half $ 1/2 cup packed light brown sugar $ 1 tablespoon light corn syrup $ 1/4 teaspoon salt $ 3/4 cup creamy peanut butter (not natural) $ 1 1/2 pt premium vanilla ice cream $ 2 firm-ripe bananas, cut crosswise into 1/4-inch-thick slices $ Garnish: coarsely chopped chocolate toffee candy such as a Heath bar $ ",Dairy $ Nut $ Dessert $ Kid-Friendly $ Quick & Easy $ Back to School $ Banana $ Peanut $ Summer $ Birthday $ Gourmet $ Vegetarian $ Pescatarian $ Wheat/Gluten-Free $ Tree Nut Free $ Soy Free $ Kosher $ ,American $ ,3.5/4,10,Dairy $ Nut $ Dessert $ Kid-Friendly $ Quick & Easy $ Back to School $ Banana $ Peanut $ Summer $ Birthday $ Gourmet $ Vegetarian $ Pescatarian $ Wheat/Gluten-Free $ Tree Nut Free $ Soy Free $ Kosher $ American $ 
https://www.epicurious.com/recipes/food/views/deviled-eggs-with-capers-and-tarragon-234400,Deviled Eggs with Capers and Tarragon ,6 hard-boiled eggs $ 2 tablespoons extra-virgin olive oil $ 1 tablespoon mayonnaise $ 1 1/2 teaspoons Dijon mustard $ 2 tablespoons minced celery $ 4 teaspoons chopped fresh tarragon $ 1 tablespoon minced drained capers $ 2 teaspoons minced shallot $ Sliced celery $ ,Egg $ Herb $ Appetizer $ Easter $ Vegetarian $ Quick & Easy $ Low Cal $ Halloween $ Spring $ Healthy $ Bon Appétit $ Sugar Conscious $ Kidney Friendly $ Pescatarian $ Paleo $ Dairy Free $ Wheat/Gluten-Free $ Peanut Free $ Tree Nut Free $ Soy Free $ Kosher $ ,American $ ,3.5/4,31,Egg $ Herb $ Appetizer $ Easter $ Vegetarian $ Quick & Easy $ Low Cal $ Halloween $ Spring $ Healthy $ Bon Appétit $ Sugar Conscious $ Kidney Friendly $ Pescatarian $ Paleo $ Dairy Free $ Wheat/Gluten-Free $ Peanut Free $ Tree Nut Free $ Soy Free $ Kosher $ American $ 
https://www.epicurious.com/recipes/food/views/english-pea-puree-234433,English Pea Purée ,"1/2 cup extra-virgin olive oil $ 2 tablespoons (1/4 stick) butter $ 1 whole dried chile de árbol* $ 1 fresh mint sprig $ 1 garlic clove, minced $ 3 cups fresh or frozen peas $ Generous pinch of sugar $ ",Pepper $ Side $ Sauté $ Vegetarian $ High Fiber $ Mint $ Pea $ Spring $ Bon Appétit $ Sugar Conscious $ Kidney Friendly $ Pescatarian $ Wheat/Gluten-Free $ Peanut Free $ Tree Nut Free $ Soy Free $ Kosher $ ,American $ ,3/4,2,Pepper $ Side $ Sauté $ Vegetarian $ High Fiber $ Mint $ Pea $ Spring $ Bon Appétit $ Sugar Conscious $ Kidney Friendly $ Pescatarian $ Wheat/Gluten-Free $ Peanut Free $ Tree Nut Free $ Soy Free $ Kosher $ American $ 
https://www.epicurious.com/recipes/food/views/baby-artichokes-fried-in-olive-oil-234398,Baby Artichokes Fried in Olive Oil ,"2 cups extra-virgin olive oil $ 20 whole baby artichokes, dark outer leaves removed, tips cut off $ ",Vegetable $ Fry $ Vegetarian $ Low Cal $ High Fiber $ Spring $ Vegan $ Bon Appétit $ ,American $ ,0/4,1,Vegetable $ Fry $ Vegetarian $ Low Cal $ High Fiber $ Spring $ Vegan $ Bon Appétit $ American $ 
https://www.epicurious.com/recipes/food/views/lemon-whipped-cream-234449,Lemon Whipped Cream ,1 cup chilled heavy whipping cream $ 2 tablespoons sugar $ 1 tablespoon finely grated lemon peel $ 2 teaspoon fresh lemon juice $ ,Sauce $ Milk/Cream $ Dessert $ No-Cook $ Quick & Easy $ Lemon $ Spring $ Bon Appétit $ Kidney Friendly $ Vegetarian $ Pescatarian $ Wheat/Gluten-Free $ Peanut Free $ Tree Nut Free $ Soy Free $ Kosher $ ,American $ ,4/4,5,Sauce $ Milk/Cream $ Dessert $ No-Cook $ Quick & Easy $ Lemon $ Spring $ Bon Appétit $ Kidney Friendly $ Vegetarian $ Pescatarian $ Wheat/Gluten-Free $ Peanut Free $ Tree Nut Free $ Soy Free $ Kosher $ American $ 
https://www.epicurious.com/recipes/food/views/braised-chicken-with-white-asparagus-and-morel-saute-with-creme-fraiche-234427,Braised Chicken with White Asparagus and Morel Sauté with Crème Fraîche ,"6 large chicken leg-thigh pieces (about 5 1/2 pounds total) $ 2 tablespoons finely grated lemon peel $ 2 tablespoons fresh thyme leaves $ 2 tablespoons chopped fresh Italian parsley plus 6 sprigs $ 4 tablespoons (1/2 stick) butter, divided $ 1 tablespoon extra-virgin olive oil $ 1 cup sliced onion $ 1 cup sliced leeks (white and pale green parts only) $ 1/2 cup dried morels (about 3/4 ounce) $ 2 bay leaves $ 1 cup dry white wine $ 1/4 cup dry Sherry $ 4 cups low-salt chicken broth $ White Asparagus, Morels, and Leeks $ 1/2 cup cr��me fraîche or sour cream $ ",Chicken $ Mushroom $ Onion $ Braise $ Marinate $ High Fiber $ Asparagus $ Leek $ Sherry $ White Wine $ Spring $ Bon Appétit $ ,American $ ,2.5/4,13,Chicken $ Mushroom $ Onion $ Braise $ Marinate $ High Fiber $ Asparagus $ Leek $ Sherry $ White Wine $ Spring $ Bon Appétit $ American $ 
https://www.epicurious.com/recipes/food/views/spice-rubbed-steak-with-quick-garlic-fries-234266,Spice-Rubbed Steak with Quick Garlic Fries ,"About 3 cups vegetable oil $ 2 (1 1/4-inch-thick) boneless top loin (New York strip) steaks (about 1 lb each) $ 3 1/8 teaspoons spice rub for beef $ 1 (1-lb) package frozen french fries $ 2 large garlic cloves, thinly sliced lengthwise $ a deep-fat thermometer $ ",Beef $ Potato $ Fry $ Sauté $ Quick & Easy $ Steak $ Gourmet $ ,American $ French $ ,3/4,12,Beef $ Potato $ Fry $ Sauté $ Quick & Easy $ Steak $ Gourmet $ American $ French $ 
