link,name,ingredients,recipe_category,recipe_cuisine,rating,rating_count,keywords
https://www.epicurious.com/recipes/food/views/sicilian-salad-231991,Sicilian Salad ,"3 bunches arugula (3/4 lb), coarse stems discarded and leaves torn into pieces $ 1/2 lb Bibb lettuce (2 small heads), leaves torn if large $ 1 celery heart (1/2 lb), thinly sliced on a sharp diagonal $ 1 small red onion, halved lengthwise and very thinly sliced crosswise $ 1/2 lb cherry tomatoes, halved $ 1/2 lb brine-cured black olives (1 cup), drained $ 2 tablespoons drained bottled capers, rinsed $ 1/3 cup extra-virgin olive oil $ 1 teaspoon coarse sea salt (preferably Sicilian) $ 2 tablespoons red-wine vinegar $ ",Salad $ Leafy Green $ Olive $ Tomato $ Appetizer $ Side $ No-Cook $ Quick & Easy $ Celery $ Arugula $ Summer $ Gourmet $ Sugar Conscious $ Vegan $ Vegetarian $ Pescatarian $ Paleo $ Dairy Free $ Wheat/Gluten-Free $ Peanut Free $ Tree Nut Free $ Soy Free $ No Sugar Added $ Kosher $ ,Italian $ ,3.5/4,3,Salad $ Leafy Green $ Olive $ Tomato $ Appetizer $ Side $ No-Cook $ Quick & Easy $ Celery $ Arugula $ Summer $ Gourmet $ Sugar Conscious $ Vegan $ Vegetarian $ Pescatarian $ Paleo $ Dairy Free $ Wheat/Gluten-Free $ Peanut Free $ Tree Nut Free $ Soy Free $ No Sugar Added $ Kosher $ Italian $ 
https://www.epicurious.com/recipes/food/views/baby-octopus-salad-231989,Baby Octopus Salad ,"2 1/2 lb cleaned baby octopuses (see cooks' note, below), thawed if frozen $ 1 Turkish or 1/2 California bay leaf $ 1/3 cup extra-virgin olive oil $ 2 tablespoons fresh lemon juice $ 1 teaspoon coarse sea salt (preferably Sicilian) $ 1/2 teaspoon black pepper $ 1 tablespoon chopped fresh oregano $ ",Salad $ Fish $ Shellfish $ Appetizer $ Quick & Easy $ Low/No Sugar $ Graduation $ Seafood $ Octopus $ Gourmet $ Sugar Conscious $ Kidney Friendly $ Vegan $ Vegetarian $ Pescatarian $ Paleo $ Dairy Free $ Wheat/Gluten-Free $ Peanut Free $ Tree Nut Free $ Soy Free $ No Sugar Added $ Kosher $ ,Italian $ ,3.5/4,7,Salad $ Fish $ Shellfish $ Appetizer $ Quick & Easy $ Low/No Sugar $ Graduation $ Seafood $ Octopus $ Gourmet $ Sugar Conscious $ Kidney Friendly $ Vegan $ Vegetarian $ Pescatarian $ Paleo $ Dairy Free $ Wheat/Gluten-Free $ Peanut Free $ Tree Nut Free $ Soy Free $ No Sugar Added $ Kosher $ Italian $ 
https://www.epicurious.com/recipes/food/views/macaroni-and-eggplant-231983,Macaroni and Eggplant ,"2 (1 1/2-lb) large eggplants (not Asian), trimmed $ 2 tablespoons plus 1/2 teaspoon coarse sea salt (preferably Sicilian) $ 2 1/4 to 2 1/2 cups olive oil $ 1 medium onion, finely chopped $ 3 garlic cloves, finely chopped $ 1 (28-oz) can whole Italian tomatoes, finely chopped and juice reserved $ 1/4 cup chopped fresh basil $ 3/4 lb perciatelli or bucatini (long tubular pasta) $ Accompaniment: finely grated Pecorino Romano or Parmigiano-Reggiano $ a deep-fat thermometer $ ",Pasta $ Vegetable $ Appetizer $ Bake $ Vegetarian $ Dinner $ Eggplant $ Noodle $ Gourmet $ Vegan $ Pescatarian $ Dairy Free $ Peanut Free $ Tree Nut Free $ Soy Free $ No Sugar Added $ Kosher $ ,Italian $ ,3.5/4,6,Pasta $ Vegetable $ Appetizer $ Bake $ Vegetarian $ Dinner $ Eggplant $ Noodle $ Gourmet $ Vegan $ Pescatarian $ Dairy Free $ Peanut Free $ Tree Nut Free $ Soy Free $ No Sugar Added $ Kosher $ Italian $ 
https://www.epicurious.com/recipes/food/views/chickpea-fritters-231982,Chickpea Fritters (Panelle) ,3 cups water $ 2 cups chickpea flour (see note) $ 1 teaspoon coarse sea salt (preferably Sicilian) $ 2 1/4 to 2 1/2 cups olive oil $ 1/4 cup chopped fresh flat-leaf parsley $ 2 tablespoons finely grated Parmigiano-Reggiano $ Parchment paper; a deep-fat thermometer $ ,Bean $ Appetizer $ Fry $ Cocktail Party $ Vegetarian $ Chickpea $ Chill $ Gourmet $ Sugar Conscious $ Kidney Friendly $ Pescatarian $ Wheat/Gluten-Free $ Peanut Free $ Tree Nut Free $ Soy Free $ No Sugar Added $ Kosher $ ,Italian $ ,3.5/4,30,Bean $ Appetizer $ Fry $ Cocktail Party $ Vegetarian $ Chickpea $ Chill $ Gourmet $ Sugar Conscious $ Kidney Friendly $ Pescatarian $ Wheat/Gluten-Free $ Peanut Free $ Tree Nut Free $ Soy Free $ No Sugar Added $ Kosher $ Italian $ 
https://www.epicurious.com/recipes/food/views/sweet-and-sour-eggplant-231981,Sweet-and-Sour Eggplant ,"2 lb eggplant (preferably small but not Asian) $ 2 tablespoons plus 1 teaspoon coarse sea salt (preferably Sicilian) $ 2 1/4 to 2 1/2 cups olive oil $ 11 garlic cloves (from 2 heads), chopped $ 2 tablespoons tomato paste (preferably from a tube) $ 1 (28-oz) can whole Italian tomatoes, finely chopped and juice reserved $ 5 celery ribs, cut into 1/2-inch pieces $ 1 large onion, chopped $ 1 large red or yellow bell pepper, cut into 1/2-inch pieces $ 1 cup large green Sicilian olives (6 oz), pitted and cut into 1/4-inch pieces $ 1/4 cup drained bottled capers, rinsed $ 1/3 cup red-wine vinegar $ 1/4 cup sugar $ 1/2 teaspoon black pepper $ 1/4 cup chopped fresh flat-leaf parsley $ 1/4 cup chopped fresh basil $ a deep-fat thermometer $ ",Garlic $ Olive $ Pepper $ Tomato $ Vegetable $ Appetizer $ Fry $ Cocktail Party $ Eggplant $ Capers $ Gourmet $ Vegan $ Vegetarian $ Pescatarian $ Dairy Free $ Wheat/Gluten-Free $ Peanut Free $ Tree Nut Free $ Soy Free $ Kosher $ ,Italian $ ,4/4,19,Garlic $ Olive $ Pepper $ Tomato $ Vegetable $ Appetizer $ Fry $ Cocktail Party $ Eggplant $ Capers $ Gourmet $ Vegan $ Vegetarian $ Pescatarian $ Dairy Free $ Wheat/Gluten-Free $ Peanut Free $ Tree Nut Free $ Soy Free $ Kosher $ Italian $ 
https://www.epicurious.com/recipes/food/views/tuna-and-caper-brandade-crostini-231980,Tuna and Caper Brandade Crostini ,"1/2 lb potatoes, peeled and cut into 1/2-inch cubes (1 cup) $ 3/4 cup whole milk $ 2 large garlic cloves, finely chopped $ 1 Turkish or 1/2 California bay leaf $ 1/2 teaspoon chopped fresh thyme or 1/8 teaspoon dried thyme, crumbled $ 1/4 teaspoon salt $ 1/8 teaspoon black pepper $ 1 (6-oz) can solid white tuna packed in olive oil $ 2 tablespoons bottled capers (not salt-packed), rinsed, drained, and chopped $ 3 tablespoons extra-virgin olive oil $ Accompaniment: crostini $ ",Fish $ Potato $ Cocktail Party $ Quick & Easy $ Tuna $ Shower $ Party $ Capers $ Gourmet $ ,Italian $ ,3/4,1,Fish $ Potato $ Cocktail Party $ Quick & Easy $ Tuna $ Shower $ Party $ Capers $ Gourmet $ Italian $ 
https://www.epicurious.com/recipes/food/views/crostini-231979,Crostini ,"1/2 baguette, cut into 1/4-inch-thick slices $ 1 to 2 tablespoons extra-virgin olive oil $ 1 garlic clove, halved crosswise $ ",Bread $ Appetizer $ Bake $ Cocktail Party $ Shower $ Party $ Gourmet $ Sugar Conscious $ Kidney Friendly $ Vegan $ Vegetarian $ Pescatarian $ Dairy Free $ Peanut Free $ Tree Nut Free $ Soy Free $ Kosher $ ,Italian $ ,2.5/4,2,Bread $ Appetizer $ Bake $ Cocktail Party $ Shower $ Party $ Gourmet $ Sugar Conscious $ Kidney Friendly $ Vegan $ Vegetarian $ Pescatarian $ Dairy Free $ Peanut Free $ Tree Nut Free $ Soy Free $ Kosher $ Italian $ 
https://www.epicurious.com/recipes/food/views/roasted-red-bell-peppers-231977,Roasted Red Bell Peppers ,"5 red bell peppers $ 2 small garlic cloves, very thinly sliced $ 2 tablespoons extra-virgin olive oil $ 1/2 teaspoon balsamic vinegar $ 1 tablespoon finely chopped fresh oregano $ 3/4 teaspoon coarse sea salt (preferably Sicilian) $ 1/4 teaspoon black pepper $ ",Pepper $ Vegetable $ Appetizer $ Side $ Roast $ Low/No Sugar $ Bell Pepper $ Grill/Barbecue $ Gourmet $ Sugar Conscious $ Kidney Friendly $ Vegan $ Vegetarian $ Pescatarian $ Paleo $ Dairy Free $ Wheat/Gluten-Free $ Peanut Free $ Tree Nut Free $ Soy Free $ No Sugar Added $ Kosher $ ,Italian $ ,3.5/4,3,Pepper $ Vegetable $ Appetizer $ Side $ Roast $ Low/No Sugar $ Bell Pepper $ Grill/Barbecue $ Gourmet $ Sugar Conscious $ Kidney Friendly $ Vegan $ Vegetarian $ Pescatarian $ Paleo $ Dairy Free $ Wheat/Gluten-Free $ Peanut Free $ Tree Nut Free $ Soy Free $ No Sugar Added $ Kosher $ Italian $ 
https://www.epicurious.com/recipes/food/views/filomenas-italian-easter-bread-231825,Filomena's Italian Easter Bread ,"6 extra large eggs (at room temperature) $ 1 2/3 cups sugar $ Zest and juice of half a lemon $ 1 cup olive oil $ 1 cup whole milk (at room temperature) $ 1/4 pound cake yeast (equivalent to 7 1/2 packets of active dry yeast — if you use dry yeast it will need to be dissolved in liquid that's slightly warmer than room temperature) $ 7 cups all purpose flour, plus extra for dusting board and baking sheets $ Oil for proofing bowl $ 12 hard-boiled eggs for decorating $ 1 egg for egg wash $ Juice of half a lemon $ 1 1/4 cups confectioner's sugar $ Nonpareil sprinkles for decorating (optional) $ ",Cake $ Egg $ Bake $ Easter $ ,Italian $ ,3/4,9,Cake $ Egg $ Bake $ Easter $ Italian $ 
https://www.epicurious.com/recipes/food/views/blackberry-buttermilk-panna-cottas-with-blackberry-compote-231818,Blackberry Buttermilk Panna Cottas with Blackberry Compote ,"3/4 lb blackberries (about 3 cups) $ 1 1/4 cups well-shaken buttermilk $ 2 3/4 teaspoons unflavored gelatin (from two 1/4-oz envelopes) $ 1/4 cup water $ 1 1/2 cups heavy cream $ 2/3 cup sugar $ 2 tablespoons blackberry syrup, store-bought or homemade (see cooks' note, below) $ 1/2 cup water $ 1/2 cup crème de cassis $ 2 tablespoons sugar $ 1 1/2 tablespoons fresh lemon juice $ 1/2 lb blackberries (about 2 cups) $ 6 (6-oz) molds (preferably nonreactive) $ ",Berry $ Fruit $ Dessert $ Easter $ Blackberry $ Spring $ Summer $ Chill $ Gourmet $ Wheat/Gluten-Free $ Peanut Free $ Tree Nut Free $ Soy Free $ ,Italian $ ,3.5/4,17,Berry $ Fruit $ Dessert $ Easter $ Blackberry $ Spring $ Summer $ Chill $ Gourmet $ Wheat/Gluten-Free $ Peanut Free $ Tree Nut Free $ Soy Free $ Italian $ 
https://www.epicurious.com/recipes/food/views/mushroom-risotto-cakes-231808,Mushroom Risotto Cakes ,"3 cups chilled mushroom risotto $ 1 cup all-purpose flour $ 2 large eggs, lightly beaten $ 2 cups coarse fresh bread crumbs (from about 4 slices firm white sandwich bread) $ 6 tablespoons olive oil $ ",Cheese $ Mushroom $ Rice $ Appetizer $ Side $ Sauté $ Quick & Easy $ Gourmet $ Sugar Conscious $ Kidney Friendly $ Vegetarian $ Pescatarian $ Dairy Free $ Peanut Free $ Tree Nut Free $ Soy Free $ Kosher $ ,Italian $ ,3/4,7,Cheese $ Mushroom $ Rice $ Appetizer $ Side $ Sauté $ Quick & Easy $ Gourmet $ Sugar Conscious $ Kidney Friendly $ Vegetarian $ Pescatarian $ Dairy Free $ Peanut Free $ Tree Nut Free $ Soy Free $ Kosher $ Italian $ 
https://www.epicurious.com/recipes/food/views/souffleed-gnocchi-231806,Souffleed Gnocchi ,"3 cups whole milk $ 3/4 teaspoon salt $ 3/4 cup semolina (3 oz; sometimes labeled ""semolina flour""*) $ 3 large eggs $ 3/4 oz finely grated Parmigiano-Reggiano (7 tablespoons) $ 4 1/2 tablespoons unsalted butter, softened $ a 2-inch round cookie cutter; a 2-qt shallow baking dish $ ",Side $ Bake $ Easter $ Vegetarian $ Spring $ Gourmet $ Kidney Friendly $ Pescatarian $ Peanut Free $ Tree Nut Free $ Soy Free $ No Sugar Added $ Kosher $ ,Italian $ ,3/4,15,Side $ Bake $ Easter $ Vegetarian $ Spring $ Gourmet $ Kidney Friendly $ Pescatarian $ Peanut Free $ Tree Nut Free $ Soy Free $ No Sugar Added $ Kosher $ Italian $ 
https://www.epicurious.com/recipes/food/views/acini-de-pepe-with-spinach-and-feta-231803,Acini de Pepe with Spinach and Feta ,"1/2 lb acini di pepe or orzo (1 1/4 cups) $ 2 tablespoons olive oil $ 2 tablespoons unsalted butter $ 3 garlic cloves, minced (1 tablespoon) $ 1/4 teaspoon dried hot red pepper flakes $ 3 scallions, chopped $ 1 (10-oz) package chopped frozen spinach, thawed and squeezed dry $ 1/2 cup crumbled feta (3 oz; preferably French) $ Accompaniment: lemon wedges $ ",Cheese $ Pasta $ Side $ Vegetarian $ Quick & Easy $ Feta $ Spinach $ Spring $ Noodle $ Gourmet $ Sugar Conscious $ Pescatarian $ Peanut Free $ Tree Nut Free $ Soy Free $ No Sugar Added $ Kosher $ ,Italian $ ,3.5/4,33,Cheese $ Pasta $ Side $ Vegetarian $ Quick & Easy $ Feta $ Spinach $ Spring $ Noodle $ Gourmet $ Sugar Conscious $ Pescatarian $ Peanut Free $ Tree Nut Free $ Soy Free $ No Sugar Added $ Kosher $ Italian $ 
https://www.epicurious.com/recipes/food/views/mushroom-risotto-231798,Mushroom Risotto ,"1 oz (28 g) dried porcini (1 cup) $ 3 3/4 cups hot water $ 5 1/4 cups reduced-sodium chicken broth (42 fl oz) $ 1 tablespoon soy sauce $ 1 tablespoon olive oil $ 3/4 stick (6 tablespoons) unsalted butter $ 1 small onion, finely chopped (1 cup) $ 2 garlic cloves, finely chopped $ 3/4 lb fresh cremini mushrooms, trimmed and thinly sliced $ 1 lb Arborio rice (2 1/3 cups) $ 2/3 cup dry white wine $ 1 oz finely grated Parmigiano-Reggiano (1/2 cup) $ 1 teaspoon salt $ 1/2 teaspoon black pepper $ 1/4 cup chopped fresh flat-leaf parsley $ Garnish: Parmigiano-Reggiano shavings $ parchment paper (if reserving some risotto for another recipe) $ ",Cheese $ Mushroom $ Rice $ Sauté $ Dinner $ Fall $ Gourmet $ Sugar Conscious $ Peanut Free $ Tree Nut Free $ ,Italian $ ,3.5/4,43,Cheese $ Mushroom $ Rice $ Sauté $ Dinner $ Fall $ Gourmet $ Sugar Conscious $ Peanut Free $ Tree Nut Free $ Italian $ 
https://www.epicurious.com/recipes/food/views/fried-stuffed-rice-balls-231797,Fried Stuffed Rice Balls ,"3 cups chilled mushroom risotto $ 12 (1/2-inch) cubes mozzarella (about 1 oz total) $ 1 cup all-purpose flour $ 2 large eggs, lightly beaten $ 1 cup fine dry bread crumbs (not seasoned) $ About 8 cups vegetable oil for frying $ a deep-fat thermometer $ ",Cheese $ Mushroom $ Rice $ Appetizer $ Fry $ Cocktail Party $ Mozzarella $ Deep-Fry $ Party $ Gourmet $ Sugar Conscious $ Kidney Friendly $ Vegetarian $ Pescatarian $ Peanut Free $ Tree Nut Free $ Soy Free $ Kosher $ ,Italian $ ,3.5/4,20,Cheese $ Mushroom $ Rice $ Appetizer $ Fry $ Cocktail Party $ Mozzarella $ Deep-Fry $ Party $ Gourmet $ Sugar Conscious $ Kidney Friendly $ Vegetarian $ Pescatarian $ Peanut Free $ Tree Nut Free $ Soy Free $ Kosher $ Italian $ 
https://www.epicurious.com/recipes/food/views/calamari-salad-231788,Calamari Salad ,"1 1/2 lb cleaned squid $ 2 tablespoons fresh lemon juice $ 1 tablespoon red-wine vinegar $ 1/3 cup extra-virgin olive oil $ 1 large garlic clove, minced $ 1/2 teaspoon salt $ 1/4 teaspoon black pepper $ 1 small red onion, halved lengthwise, then thinly sliced crosswise (1 cup) $ 1/3 cup pitted Kalamata olives, halved lengthwise $ 2 cups cherry or grape tomatoes (3/4 lb), halved or quartered if large $ 2 celery ribs, cut into 1/4-inch-thick slices $ 1 cup loosely packed fresh flat-leaf parsley leaves $ ",Salad $ Olive $ Onion $ Tomato $ Christmas $ Quick & Easy $ Seafood $ Squid $ Spring $ Healthy $ Christmas Eve $ Gourmet $ ,Italian $ ,3.5/4,47,Salad $ Olive $ Onion $ Tomato $ Christmas $ Quick & Easy $ Seafood $ Squid $ Spring $ Healthy $ Christmas Eve $ Gourmet $ Italian $ 
https://www.epicurious.com/recipes/food/views/challenge-feel-good-frittata-232420,Challenge Feel-Good Frittata ,"Vegetable-oil cooking spray $ 1/4 cup diced red bell pepper $ 1 1/2 cups fresh baby spinach, loosely packed $ 1 whole egg plus 3 egg whites $ 2 tbsp crumbled feta $ ",Cheese $ Egg $ Leafy Green $ Pepper $ Breakfast $ Brunch $ Sauté $ Low Fat $ Feta $ Self $ Sugar Conscious $ Vegetarian $ Pescatarian $ Wheat/Gluten-Free $ Peanut Free $ Tree Nut Free $ Soy Free $ No Sugar Added $ Kosher $ ,American $ Italian $ ,3/4,4,Cheese $ Egg $ Leafy Green $ Pepper $ Breakfast $ Brunch $ Sauté $ Low Fat $ Feta $ Self $ Sugar Conscious $ Vegetarian $ Pescatarian $ Wheat/Gluten-Free $ Peanut Free $ Tree Nut Free $ Soy Free $ No Sugar Added $ Kosher $ American $ Italian $ 
https://www.epicurious.com/recipes/food/views/antipasto-pasta-231739,Antipasto Pasta ,"12 ounces linguine $ 3 tablespoons olive oil $ 4 large (5-inch-diameter) portobello mushrooms, stemmed, dark gills removed, caps sliced 1/4 inch thick $ 6 ounces 1/8-inch-thick slices Genoa salami, cut into thin strips $ 1 cup sliced vegetables and 6 tablespoons marinade from 16-ounce jar antipasto salad with olives $ 2 cups grated Asiago cheese, divided $ 2 cups chopped fresh basil, divided $ ",Cheese $ Mushroom $ Pasta $ Pork $ Vegetable $ Sauté $ Quick & Easy $ Dinner $ Noodle $ Bon Appétit $ Sugar Conscious $ Peanut Free $ Tree Nut Free $ Soy Free $ No Sugar Added $ ,Italian $ ,3.5/4,10,Cheese $ Mushroom $ Pasta $ Pork $ Vegetable $ Sauté $ Quick & Easy $ Dinner $ Noodle $ Bon Appétit $ Sugar Conscious $ Peanut Free $ Tree Nut Free $ Soy Free $ No Sugar Added $ Italian $ 
https://www.epicurious.com/recipes/food/views/chicken-cacciatore-231738,Chicken Cacciatore ,"1 1/2 pounds plum tomatoes, coarsely chopped (scant 4 cups) $ 8 ounces crimini (baby bella) mushrooms $ 1 very large red onion, thinly sliced (about 3 cups) $ 5 tablespoons olive oil, divided $ 2 tablespoons Sherry wine vinegar $ 1 4 1/2- to 4 3/4-pound chicken, cut into 8 pieces, excess fat trimmed $ 1 1/2 tablespoons chopped fresh rosemary, divided $ 1/2 cup dry red wine $ 1 14 1/2-ounce can diced tomatoes in juice $ 1 cup low-salt chicken broth $ 1/3 cup thinly sliced basil, divided $ 2 tablespoons drained capers, divided $ 12 ounces gemelli or penne, freshly cooked $ ",Chicken $ Mushroom $ Pasta $ Tomato $ Roast $ Quick & Easy $ Dinner $ Bon Appétit $ Dairy Free $ Peanut Free $ Tree Nut Free $ Soy Free $ Kosher $ ,Italian $ ,3/4,67,Chicken $ Mushroom $ Pasta $ Tomato $ Roast $ Quick & Easy $ Dinner $ Bon Appétit $ Dairy Free $ Peanut Free $ Tree Nut Free $ Soy Free $ Kosher $ Italian $ 
https://www.epicurious.com/recipes/food/views/rigatoni-with-mushroom-ragu-231652,Rigatoni with Mushroom Ragù ,"2 garlic cloves, minced $ 1/4 cup plus 1 tablespoon extra-virgin olive oil $ 1 lb sliced white mushrooms (8 cups) $ 2 (1-inch-long) fresh rosemary sprigs $ 1 teaspoon sugar $ 3/4 teaspoon salt $ 1/4 teaspoon black pepper $ 1 (28-oz) can whole plum tomatoes in juice $ 1 lb rigatoni or other short pasta $ 1/2 oz Parmigiano-Reggiano, finely grated with a rasp (1/2 cup), plus additional for serving $ a food mill fitted with coarse disk (optional) $ ",Mushroom $ Pasta $ Vegetarian $ Quick & Easy $ Gourmet $ ,Italian $ ,3/4,17,Mushroom $ Pasta $ Vegetarian $ Quick & Easy $ Gourmet $ Italian $ 
https://www.epicurious.com/recipes/food/views/soft-polenta-231606,Soft Polenta ,6 cups water $ 1/4 cup (1/2 stick) butter $ 1 teaspoon salt $ 1 1/4 cups quick-cooking polenta (precooked maize meal)* $ ,Side $ Vegetarian $ Quick & Easy $ Cornmeal $ Bon Appétit $ Sugar Conscious $ Pescatarian $ Wheat/Gluten-Free $ Peanut Free $ Tree Nut Free $ Soy Free $ No Sugar Added $ Kosher $ ,American $ Italian $ ,3/4,3,Side $ Vegetarian $ Quick & Easy $ Cornmeal $ Bon Appétit $ Sugar Conscious $ Pescatarian $ Wheat/Gluten-Free $ Peanut Free $ Tree Nut Free $ Soy Free $ No Sugar Added $ Kosher $ American $ Italian $ 
https://www.epicurious.com/recipes/food/views/butternut-squash-rosemary-and-blue-cheese-risotto-231601,"Butternut Squash, Rosemary, and Blue Cheese Risotto ","7 cups (or more) low-salt chicken broth $ 3 tablespoons butter $ 1 1/4 cups finely chopped onion $ 1 2-pound butternut squash, peeled, halved, seeded, cut into 1/2- to 3/4-inch dice (about 3 cups) $ 2 teaspoons chopped fresh rosemary, divided $ 2 cups arborio rice (about 13 1/2 ounces) $ 1/2 cup dry white wine $ 4 cups (packed) baby spinach leaves (about 4 ounces) $ 1/2 cup whipping cream $ 1/2 cup freshly grated Parmesan cheese $ 1/3 cup crumbled blue cheese (about 1 1/2 ounces) $ ",Cheese $ Pasta $ Rice $ Vegetable $ Blue Cheese $ Rosemary $ Butternut Squash $ Winter $ Bon Appétit $ ,Italian $ ,3.5/4,132,Cheese $ Pasta $ Rice $ Vegetable $ Blue Cheese $ Rosemary $ Butternut Squash $ Winter $ Bon Appétit $ Italian $ 
https://www.epicurious.com/recipes/food/views/radicchio-and-endive-caesar-with-ciabatta-crisps-231582,Radicchio and Endive Caesar with Ciabatta Crisps ,"2 tablespoons fresh lemon juice $ 2 teaspoons anchovy paste $ 2 teaspoons Dijon mustard $ 1/2 teaspoon Worcestershire sauce $ 1 garlic clove, pressed $ 1/2 cup plus 2 tablespoons olive oil $ 3/4 cup freshly grated Parmesan cheese, divided $ 12 1/3-inch-thick slices ciabatta $ 1 large head of radicchio, leaves torn into pieces $ 5 heads of Belgian endive, leaves separated $ 4 ounces Parmesan cheese shavings $ ",Salad $ Leafy Green $ Bake $ Quick & Easy $ Parmesan $ Endive $ Bon Appétit $ ,American $ Italian $ ,3/4,1,Salad $ Leafy Green $ Bake $ Quick & Easy $ Parmesan $ Endive $ Bon Appétit $ American $ Italian $ 
https://www.epicurious.com/recipes/food/views/fettuccine-with-preserved-tuna-capers-and-olives-231519,"Fettuccine with Preserved Tuna, Capers, and Olives ","Coarse salt $ 1 pound dried fettuccine $ 1/4 cup extra virgin olive oil $ 2 teaspoons minced garlic $ 6 anchovy fillets, rinsed, dried, and minced $ 1 1/2 cups canned tomato puree $ 1 tablespoon capers, rinsed and chopped $ 1/4 cup Gaeta olives, pitted and chopped $ 14 ounces excellent-quality tuna preserved in olive oil $ Freshly ground black pepper $ 2 tablespoons chopped flat-leaf parsley $ ",Fish $ Pasta $ Quick & Easy $ Seafood $ Tuna $ Noodle $ ,Italian $ ,3.5/4,7,Fish $ Pasta $ Quick & Easy $ Seafood $ Tuna $ Noodle $ Italian $ 
https://www.epicurious.com/recipes/food/views/tagliatelle-with-chestnuts-pancetta-and-sage-231504,"Tagliatelle with Chestnuts, Pancetta, and Sage ","3 ounces pancetta (Italian unsmoked cured bacon), chopped (scant 1 cup) $ 1 tablespoon extra-virgin olive oil $ 1 small onion, finely chopped $ 4 garlic cloves, minced $ 2 tablespoons finely chopped fresh sage $ 8 ounces bottled peeled roasted whole chestnuts, coarsely crumbled (1 1/2 cups) $ 8 ounces dried flat egg pasta such as tagliatelle or fettuccine $ 2 ounces finely grated Parmigiano-Reggiano (1 cup) $ 2 tablespoons unsalted butter $ 1 tablespoon finely chopped fresh flat-leaf parsley $ ",Herb $ Nut $ Pasta $ Pork $ Sauté $ Quick & Easy $ Meat $ Bacon $ Fall $ Spring $ Winter $ Sage $ Chestnut $ Gourmet $ ,Italian $ ,3.5/4,27,Herb $ Nut $ Pasta $ Pork $ Sauté $ Quick & Easy $ Meat $ Bacon $ Fall $ Spring $ Winter $ Sage $ Chestnut $ Gourmet $ Italian $ 
https://www.epicurious.com/recipes/food/views/wild-mushroom-lasagne-231497,Wild Mushroom Lasagne ,"3 tablespoons unsalted butter $ 2 1/2 tablespoons all-purpose flour $ 3 cups whole milk, heated $ 1 garlic clove, smashed $ 3/4 teaspoon salt $ 1/8 teaspoon black pepper $ 2 cups boiling-hot water $ 1 ounce dried porcini mushrooms (1 cup) $ 1 cup chopped onion (1 medium) $ 2 tablespoons extra-virgin olive oil $ 2 (14- to 15-ounce) cans diced tomatoes in juice $ Pinch of sugar $ 2 tablespoons chopped fresh basil $ 1/2 teaspoon salt $ 12 long ruffle-edged dried lasagne noodles (not no-boil) $ 5 ounces finely grated Parmigiano-Reggiano (1 3/4 cups) $ ",Mushroom $ Pasta $ Bake $ Christmas $ Vegetarian $ Fall $ Winter $ Noodle $ Gourmet $ ,American $ Italian $ ,3.5/4,37,Mushroom $ Pasta $ Bake $ Christmas $ Vegetarian $ Fall $ Winter $ Noodle $ Gourmet $ American $ Italian $ 
https://www.epicurious.com/recipes/food/views/cavatappi-with-butternut-squash-231487,Cavatappi with Butternut Squash ,"1 pound cavatappi (ridged corkscrew pasta) or penne rigate $ 1 3/4 pounds butternut squash, peeled, seeded, and cut into 1-inch pieces (about 3 1/2 cups) $ 3 garlic cloves, finely chopped $ 1 tablespoon olive oil $ 1 cup water $ 1 teaspoon finely chopped fresh sage $ 1/2 teaspoon salt $ 3 tablespoons unsalted butter, cut into 1/2-inch cubes $ 2 ounces finely grated Parmigiano-Reggiano (1 cup) plus additional for sprinkling $ ",Cheese $ Pasta $ Vegetable $ Vegetarian $ Quick & Easy $ Parmesan $ Squash $ Butternut Squash $ Fall $ Winter $ Gourmet $ ,Italian $ ,3/4,33,Cheese $ Pasta $ Vegetable $ Vegetarian $ Quick & Easy $ Parmesan $ Squash $ Butternut Squash $ Fall $ Winter $ Gourmet $ Italian $ 
https://www.epicurious.com/recipes/food/views/celery-avocado-and-bell-pepper-salad-with-black-olives-231456,"Celery, Avocado, and Bell Pepper Salad with Black Olives ","2 or 3 medium celery stalks $ 1 small or 1/2 large ripe avocado $ 1/2 red bell pepper $ 1/3 cup black olives, pitted and cut in two pieces $ Fine sea salt $ 1 tablespoon red wine vinegar $ 3 tablespoons extra virgin olive oil $ Black pepper ground fresh from the mill $ ",Olive $ Pepper $ Vegetable $ Appetizer $ Side $ No-Cook $ Quick & Easy $ Avocado $ Celery $ Sugar Conscious $ Vegan $ Vegetarian $ Pescatarian $ Paleo $ Dairy Free $ Wheat/Gluten-Free $ Peanut Free $ Tree Nut Free $ Soy Free $ No Sugar Added $ Kosher $ ,Italian $ ,3.5/4,6,Olive $ Pepper $ Vegetable $ Appetizer $ Side $ No-Cook $ Quick & Easy $ Avocado $ Celery $ Sugar Conscious $ Vegan $ Vegetarian $ Pescatarian $ Paleo $ Dairy Free $ Wheat/Gluten-Free $ Peanut Free $ Tree Nut Free $ Soy Free $ No Sugar Added $ Kosher $ Italian $ 
https://www.epicurious.com/recipes/food/views/frozen-nougat-and-chocolate-dessert-231457,Frozen Nougat and Chocolate Dessert ,"6 ounces hard Italian nougat, torrone, with almonds $ 6 eggs $ 6 tablespoons sugar $ 2 cups heavy whipping cream $ 1/2 cup bittersweet or semisweet chocolate fragmented into small pieces $ 1 tablespoon dark rum $ A 2-quart bowl or slightly larger $ A pinch of salt $ ",Milk/Cream $ Chocolate $ Dairy $ Egg $ Dessert $ Freeze/Chill $ Vegetarian $ Pescatarian $ Wheat/Gluten-Free $ Peanut Free $ Soy Free $ Kosher $ ,Italian $ ,2.5/4,2,Milk/Cream $ Chocolate $ Dairy $ Egg $ Dessert $ Freeze/Chill $ Vegetarian $ Pescatarian $ Wheat/Gluten-Free $ Peanut Free $ Soy Free $ Kosher $ Italian $ 
https://www.epicurious.com/recipes/food/views/baked-sockeye-salmon-with-bell-peppers-and-capers-231455,Baked Sockeye Salmon with Bell Peppers and Capers ,"2 red bell peppers and 1 yellow $ 2 pounds wild salmon, preferably cut as a long fillet, not steaks $ 3 tablespoons extra virgin olive oil $ 2 tablespoons capers, drained and rinsed in cold water if packed in vinegar OR if packed in salt, rinsed, soaked in cold water for 10 minutes, then rinsed again; if their size is much larger than nonpareils, cut them up a little bit $ 4 whole peeled garlic cloves $ Fine sea salt $ Black pepper ground fresh from the mill $ ",Fish $ Pepper $ Bake $ Seafood $ Salmon $ Bell Pepper $ ,Italian $ ,3.5/4,25,Fish $ Pepper $ Bake $ Seafood $ Salmon $ Bell Pepper $ Italian $ 
https://www.epicurious.com/recipes/food/views/a-mussels-soup-from-bosa-231454,A Mussels Soup from Bosa ,"2 pounds live mussels $ 1/3 cup extra virgin olive oil $ 1 heaping tablespoon chopped garlic $ 2 tablespoons chopped Italian flat-leaf parsley $ 2 tablespoons fine, dry, unflavored bread crumbs $ 1/3 cup grated Fiore Sardo or Pecorino Romano or other hard, grating sheep's milk cheese $ 1 cup dry white wine $ 1 cup tomatoes cut up with their juice, either ripe, firm, fresh plum tomatoes OR canned imported San Marzano Italian tomatoes $ Grilled crusty bread, 1 or more slices per serving $ ",Shellfish $ Appetizer $ Quick & Easy $ Mussel $ Sugar Conscious $ Pescatarian $ Peanut Free $ Tree Nut Free $ Soy Free $ ,Italian $ ,3.5/4,4,Shellfish $ Appetizer $ Quick & Easy $ Mussel $ Sugar Conscious $ Pescatarian $ Peanut Free $ Tree Nut Free $ Soy Free $ Italian $ 
https://www.epicurious.com/recipes/food/views/spaghetti-with-marinara-sauce-231367,Spaghetti With Marinara Sauce ,1 pound spaghetti $ 2 cups tomato sauce $ 1 1/2 ounces finely grated Parmigiano-Reggiano (2/3 cup) $ ,Pasta $ Tomato $ Vegetarian $ Kid-Friendly $ Quick & Easy $ Gourmet $ ,Italian $ ,2.5/4,43,Pasta $ Tomato $ Vegetarian $ Kid-Friendly $ Quick & Easy $ Gourmet $ Italian $ 
https://www.epicurious.com/recipes/food/views/whole-wheat-spaghetti-with-broccoli-chickpeas-and-garlic-231366,"Whole-Wheat Spaghetti with Broccoli, Chickpeas, and Garlic ","6 garlic cloves, chopped (about 1/4 cup) $ 1/2 teaspoon dried hot red pepper flakes $ 1/4 cup extra-virgin olive oil plus additional for drizzling $ 2 (10-ounce) packages frozen chopped broccoli (not thawed) $ 3/4 teaspoon salt $ 1 (15-ounce) can chickpeas, rinsed and drained $ 1/2 pound whole-wheat spaghetti $ Accompaniments: finely grated parmesan; lemon wedges (optional) $ 1 lemon wedges $ ",Bean $ Garlic $ Pasta $ Vegetable $ Sauté $ Vegetarian $ Quick & Easy $ Dinner $ Broccoli $ Chickpea $ Gourmet $ Quick and Healthy $ Vegan $ Pescatarian $ Dairy Free $ Peanut Free $ Tree Nut Free $ Soy Free $ No Sugar Added $ Kosher $ ,American $ Italian $ ,3/4,45,Bean $ Garlic $ Pasta $ Vegetable $ Sauté $ Vegetarian $ Quick & Easy $ Dinner $ Broccoli $ Chickpea $ Gourmet $ Quick and Healthy $ Vegan $ Pescatarian $ Dairy Free $ Peanut Free $ Tree Nut Free $ Soy Free $ No Sugar Added $ Kosher $ American $ Italian $ 
https://www.epicurious.com/recipes/food/views/tomato-sauce-231387,Tomato Sauce ,"2 medium onions, finely chopped $ 4 garlic cloves, finely chopped $ 6 tablespoons extra-virgin olive oil $ 2 (28- to 32-ounce) cans whole tomatoes in juice $ 1 teaspoon salt, or to taste $ 1 teaspoon sugar (optional), or to taste $ ",Sauce $ Tomato $ Vegetarian $ Quick & Easy $ Gourmet $ ,American $ Italian $ ,3/4,23,Sauce $ Tomato $ Vegetarian $ Quick & Easy $ Gourmet $ American $ Italian $ 
https://www.epicurious.com/recipes/food/views/hard-boiled-eggs-florentine-231360,Hard-Boiled Eggs Florentine ,"2 (10-ounce) boxes frozen chopped spinach $ 4 large eggs $ 1 medium onion, chopped $ 2 tablespoons olive oil $ 1 1/4 cups half-and-half $ 1 teaspoon chopped fresh thyme $ 1/8 teaspoon freshly grated nutmeg $ 3/4 teaspoon salt $ 1/2 teaspoon coarsely ground black pepper $ ",Dairy $ Egg $ Leafy Green $ Brunch $ Quick & Easy $ Lunch $ Spinach $ Gourmet $ Sugar Conscious $ Vegetarian $ Pescatarian $ Wheat/Gluten-Free $ Peanut Free $ Tree Nut Free $ Soy Free $ No Sugar Added $ Kosher $ ,Italian $ ,3.5/4,3,Dairy $ Egg $ Leafy Green $ Brunch $ Quick & Easy $ Lunch $ Spinach $ Gourmet $ Sugar Conscious $ Vegetarian $ Pescatarian $ Wheat/Gluten-Free $ Peanut Free $ Tree Nut Free $ Soy Free $ No Sugar Added $ Kosher $ Italian $ 
https://www.epicurious.com/recipes/food/views/chocolate-tart-with-candied-clementine-peel-231393,Chocolate Tart with Candied Clementine Peel ,"Vegetable oil for greasing pan $ 5 ounces wheatmeal biscuits such as Carr's whole-wheat crackers, finely ground (1 1/3 cups) $ 2 tablespoons sugar $ 5 tablespoons unsalted butter, melted $ 2 large egg yolks $ 1 1/3 cups heavy cream $ 10 1/2 ounces fine-quality bittersweet chocolate (not unsweetened), finely chopped $ 1/2 cup candied clementine peel (not sugarcoated; recipe follows), finely chopped $ Garnish: candied clementine peel $ a 9- or 10-inch fluted round tart pan (1 inch deep) with a removable bottom; an instant-read thermometer $ ",Chocolate $ Citrus $ Dessert $ Bake $ Winter $ Chill $ Gourmet $ Kidney Friendly $ Vegetarian $ Pescatarian $ Peanut Free $ Tree Nut Free $ Soy Free $ Kosher $ ,Italian $ ,3/4,16,Chocolate $ Citrus $ Dessert $ Bake $ Winter $ Chill $ Gourmet $ Kidney Friendly $ Vegetarian $ Pescatarian $ Peanut Free $ Tree Nut Free $ Soy Free $ Kosher $ Italian $ 
https://www.epicurious.com/recipes/food/views/dried-cherry-and-ginger-cannoli-231310,Dried Cherry and Ginger Cannoli ,"4 cups (2 pounds) fresh ricotta cheese $ 2 cups powdered sugar $ 1 cup mascarpone cheese* $ 1 tablespoon grated orange peel $ 1/2 teaspoon vanilla extract $ 3/4 cup minced crystallized ginger $ 3/4 cup minced dried tart cherries $ 4 ounces bittersweet (not unsweetened) or semisweet chocolate, finely chopped $ 25 purchased cannoli shells $ Chopped pistachios $ Additional powdered sugar $ ",Berry $ Chocolate $ Dairy $ Ginger $ Dessert $ Christmas $ Ricotta $ Dried Fruit $ Cherry $ Pistachio $ Bon Appétit $ Vegetarian $ Pescatarian $ Peanut Free $ Soy Free $ Kosher $ ,Italian $ ,3/4,8,Berry $ Chocolate $ Dairy $ Ginger $ Dessert $ Christmas $ Ricotta $ Dried Fruit $ Cherry $ Pistachio $ Bon Appétit $ Vegetarian $ Pescatarian $ Peanut Free $ Soy Free $ Kosher $ Italian $ 
https://www.epicurious.com/recipes/food/views/celery-root-risotto-and-pesto-231294,Celery Root Risotto and Pesto ,"2 medium celery roots (celeriac) with leafy tops $ 1/4 cup olive oil $ 3 tablespoons butter $ 1 1/2 cups chopped leek (white and pale green parts only) $ 3/4 cup arborio or medium-grain white rice $ 3 cups (about) low-salt chicken broth $ 1 cup grated Parmesan cheese, divided $ ",Food Processor $ Herb $ Rice $ Vegetable $ Side $ Valentine's Day $ Quick & Easy $ Parmesan $ Leek $ Fall $ Winter $ Bon Appétit $ Wheat/Gluten-Free $ Peanut Free $ Tree Nut Free $ Soy Free $ No Sugar Added $ ,American $ Italian $ ,3.5/4,11,Food Processor $ Herb $ Rice $ Vegetable $ Side $ Valentine's Day $ Quick & Easy $ Parmesan $ Leek $ Fall $ Winter $ Bon Appétit $ Wheat/Gluten-Free $ Peanut Free $ Tree Nut Free $ Soy Free $ No Sugar Added $ American $ Italian $ 
https://www.epicurious.com/recipes/food/views/campanelle-pasta-with-burrata-cheese-spinach-lemon-and-toasted-almonds-231293,"Campanelle Pasta with Burrata Cheese, Spinach, Lemon, and Toasted Almonds ","1 pound campanelle (trumpet-shaped pasta) or fusilli (spiral-shaped pasta) $ 2 tablespoons (1/4 stick) butter $ 1/3 cup olive oil $ 2 large garlic cloves, minced $ 1/4 cup lemon juice $ 1 teaspoon finely grated lemon peel $ 1 6-ounce package baby spinach (about 4 cups) $ 3/4 cup sliced almonds, toasted $ 1 pound burrata cheese, cut into 1-inch chunks $ ",Cheese $ Citrus $ Garlic $ Leafy Green $ Nut $ Pasta $ Vegetarian $ Quick & Easy $ Mozzarella $ Almond $ Fall $ Spring $ Bon Appétit $ ,Italian $ ,3.5/4,24,Cheese $ Citrus $ Garlic $ Leafy Green $ Nut $ Pasta $ Vegetarian $ Quick & Easy $ Mozzarella $ Almond $ Fall $ Spring $ Bon Appétit $ Italian $ 
https://www.epicurious.com/recipes/food/views/baked-rigatoni-with-sausage-and-mushrooms-231288,Baked Rigatoni with Sausage and Mushrooms ,"4 ounces dried porcini mushrooms $ 4 cups hot water $ 4 tablespoons olive oil $ 4 large onions, finely chopped $ 5 pounds hot Italian sausages, casings removed $ 4 pounds button mushrooms, sliced $ 4 teaspoons chopped fresh rosemary $ 2 cups dry white wine $ 4 bay leaves $ 2 14-ounce cans beef broth $ 4 cups half and half $ 4 pounds rigatoni $ 6 cups freshly grated Parmesan cheese $ Additional grated Parmesan cheese $ Fresh rosemary sprigs (for garnish) $ ",Mushroom $ Pasta $ Pork $ Bake $ Christmas $ Casserole/Gratin $ Sausage $ White Wine $ Winter $ Family Reunion $ Bon Appétit $ ,Italian $ ,3.5/4,43,Mushroom $ Pasta $ Pork $ Bake $ Christmas $ Casserole/Gratin $ Sausage $ White Wine $ Winter $ Family Reunion $ Bon Appétit $ Italian $ 
https://www.epicurious.com/recipes/food/views/linguine-with-garlic-shrimp-and-basil-231283,Linguine with Garlic Shrimp and Basil ,"12 ounces linguine $ 6 tablespoons (3/4 stick) butter $ 1 1/2 pounds uncooked large shrimp, peeled, deveined $ 6 green onions, chopped $ 6 garlic cloves, coarsely chopped $ 1/2 cup dry white wine $ 2 teaspoons finely grated lemon peel $ 2 8-ounce bottles clam juice $ 1/2 cup whipping cream $ 1/2 cup chopped fresh basil $ ",Milk/Cream $ Garlic $ Onion $ Pasta $ Shellfish $ Sauté $ Picnic $ Quick & Easy $ Basil $ Clam $ Shrimp $ White Wine $ Spring $ Bon Appétit $ California $ ,Italian $ ,3/4,66,Milk/Cream $ Garlic $ Onion $ Pasta $ Shellfish $ Sauté $ Picnic $ Quick & Easy $ Basil $ Clam $ Shrimp $ White Wine $ Spring $ Bon Appétit $ California $ Italian $ 
https://www.epicurious.com/recipes/food/views/roasted-cherry-tomato-and-fresh-herb-bread-231272,Roasted Cherry Tomato and Fresh Herb Bread ,"2 pounds (6 cups) very small cherry tomatoes, halved $ 1/4 cup olive oil $ 4 shallots, minced $ 2 teaspoons balsamic vinegar $ 1/4 teaspoon dried crushed red pepper $ 2 tablespoons chopped fresh marjoram $ 2 1-pound ciabatta breads, halved horizontally $ Additional olive oil $ Additional chopped marjoram $ ",Bread $ Herb $ Tomato $ Appetizer $ Bake $ Christmas $ Cocktail Party $ Vinegar $ Winter $ Bon Appétit $ Sugar Conscious $ Kidney Friendly $ Vegan $ Vegetarian $ Pescatarian $ Peanut Free $ Tree Nut Free $ Soy Free $ No Sugar Added $ Kosher $ ,Italian $ ,3.5/4,22,Bread $ Herb $ Tomato $ Appetizer $ Bake $ Christmas $ Cocktail Party $ Vinegar $ Winter $ Bon Appétit $ Sugar Conscious $ Kidney Friendly $ Vegan $ Vegetarian $ Pescatarian $ Peanut Free $ Tree Nut Free $ Soy Free $ No Sugar Added $ Kosher $ Italian $ 
https://www.epicurious.com/recipes/food/views/crostini-with-burrata-cheese-pink-pepper-and-arugula-231261,"Crostini with Burrata Cheese, Pink Pepper, and Arugula ",16 1/4-inch-thick baguette slices $ Extra-virgin olive oil $ 1/2 garlic clove $ Arugula leaves (about 3 ounces) $ 16 tablespoons burrata cheese (about 12 ounces) $ 2 teaspoons pink peppercorns $ Fleur de sel* $ ,Bread $ Cheese $ Leafy Green $ Appetizer $ Broil $ Cocktail Party $ Quick & Easy $ Arugula $ Bon Appétit $ Sugar Conscious $ Kidney Friendly $ Vegetarian $ Pescatarian $ Peanut Free $ Tree Nut Free $ Soy Free $ Kosher $ ,Italian $ ,3.5/4,5,Bread $ Cheese $ Leafy Green $ Appetizer $ Broil $ Cocktail Party $ Quick & Easy $ Arugula $ Bon Appétit $ Sugar Conscious $ Kidney Friendly $ Vegetarian $ Pescatarian $ Peanut Free $ Tree Nut Free $ Soy Free $ Kosher $ Italian $ 
https://www.epicurious.com/recipes/food/views/bittersweet-chocolate-cookies-231211,Bittersweet Chocolate Cookies ,"2 cups all-purpose flour $ 1/3 cup unsweetened Dutch-process cocoa powder $ 1/2 teaspoon baking powder $ 1/2 teaspoon salt $ 2 sticks (1 cup) unsalted butter, softened $ 1/2 cup granulated sugar $ 1 large egg $ 1 teaspoon vanilla $ 5 oz fine-quality semisweet or bittersweet chocolate (not unsweetened), finely chopped $ 1/2 cup hazelnuts or sliced almonds, finely chopped (not in a food processor) $ 1 1/2 cups confectioners sugar for coating $ ",Cookies $ Mixer $ Chocolate $ Dessert $ Bake $ Christmas $ Vanilla $ Winter $ Edible Gift $ Hazelnut $ Gourmet $ Kidney Friendly $ Vegetarian $ Pescatarian $ Peanut Free $ Soy Free $ Kosher $ ,Italian $ ,3.5/4,44,Cookies $ Mixer $ Chocolate $ Dessert $ Bake $ Christmas $ Vanilla $ Winter $ Edible Gift $ Hazelnut $ Gourmet $ Kidney Friendly $ Vegetarian $ Pescatarian $ Peanut Free $ Soy Free $ Kosher $ Italian $ 
https://www.epicurious.com/recipes/food/views/romesco-sauce-231203,Romesco Sauce ,"1 dried ancho chile, stemmed, seeded, and ribs discarded $ 1 red bell pepper $ 2 tablespoons extra-virgin olive oil $ 4 garlic cloves $ 1/4 cup reduced-sodium chicken broth $ 1 (14- to 15-oz) can whole tomatoes in juice $ 1 slice firm white sandwich bread, crust discarded and bread cut into small cubes (1/2 cup) $ 1/4 cup hazelnuts, toasted $ 2 tablespoons unsalted butter $ 1 tablespoon mild honey $ 1/4 teaspoon salt $ 1/4 teaspoon black pepper $ ",Sauce $ Blender $ Food Processor $ Pepper $ Tomato $ Side $ Bell Pepper $ Honey $ Hazelnut $ Party $ Simmer $ Boil $ Gourmet $ Peanut Free $ Soy Free $ ,Italian $ ,4/4,3,Sauce $ Blender $ Food Processor $ Pepper $ Tomato $ Side $ Bell Pepper $ Honey $ Hazelnut $ Party $ Simmer $ Boil $ Gourmet $ Peanut Free $ Soy Free $ Italian $ 
https://www.epicurious.com/recipes/food/views/seafood-stew-231190,Seafood Stew ,"8 cups cold water $ 3 lb mixed small whole (1/4- to 3/4-lb) white-fleshed fish (such as black bass, branzino, daurade, red snapper, and rouget), cleaned and filleted with skin, reserving heads and bones for stock $ 2 thin carrots, thinly sliced $ 1 celery rib, thinly sliced $ 1 medium onion, halved and thinly sliced, plus 1 large onion, chopped $ 1/4 teaspoon black peppercorns $ 1 baguette $ 2 lb baby squid, cleaned $ 2 teaspoons salt $ 1 tablespoon olive oil $ 2 flat anchovy fillets, minced $ 2 garlic cloves, minced $ 1/2 teaspoon crumbled dried small hot red chile such as peperoncini or dried hot red pepper flakes $ 1 1/2 tablespoons tomato paste $ 1/2 cup plus 2 tablespoons finely chopped fresh flat-leaf parsley $ 1 cup dry white wine $ ",Soup/Stew $ Fish $ Shellfish $ Tomato $ Sauté $ Squid $ Carrot $ White Wine $ Fall $ Winter $ Simmer $ Gourmet $ ,Italian $ ,0/4,0,Soup/Stew $ Fish $ Shellfish $ Tomato $ Sauté $ Squid $ Carrot $ White Wine $ Fall $ Winter $ Simmer $ Gourmet $ Italian $ 
https://www.epicurious.com/recipes/food/views/striped-bass-in-agrodolce-sauce-231179,Striped Bass in Agrodolce Sauce ,"1/2 cup olive oil $ 1 1/2 lb shallots (about 10 large or 15 medium), trimmed, leaving root end intact, and quartered lengthwise (halved if small) $ 1 1/2 cups dry red wine $ 1 cup white balsamic vinegar $ 2/3 cup water $ 1/3 cup sugar $ 1/4 cup golden raisins $ 1 3/4 teaspoons salt $ 1/2 teaspoon black pepper $ 1 California bay leaf (or 2 Turkish) $ 8 (6- to 7-oz) pieces farm-raised striped bass fillet (1/2 inch thick), skinned $ Garnish: chopped fennel fronds $ ",Fish $ Sauté $ Vinegar $ Raisin $ Bass $ Red Wine $ Spring $ Shallot $ Gourmet $ ,Italian $ ,3.5/4,13,Fish $ Sauté $ Vinegar $ Raisin $ Bass $ Red Wine $ Spring $ Shallot $ Gourmet $ Italian $ 
https://www.epicurious.com/recipes/food/views/bruschette-with-chickpea-puree-and-arugula-230961,Bruschette with Chickpea Purée and Arugula ,"6 (3/4-inch-thick) slices of bread from 1 (7- to 8-inch) round country loaf $ 2 tablespoons olive oil $ 1 (19-ounce) can chickpeas, rinsed and drained (2 cups) $ 1/3 cup water $ 2 tablespoons olive oil $ 1 1/2 tablespoons fresh lemon juice $ 1/2 teaspoon salt $ Chopped arugula salad $ ",Food Processor $ Bake $ Vegetarian $ Lemon $ Arugula $ Chickpea $ Healthy $ Vegan $ Gourmet $ ,Italian $ ,3.5/4,9,Food Processor $ Bake $ Vegetarian $ Lemon $ Arugula $ Chickpea $ Healthy $ Vegan $ Gourmet $ Italian $ 
https://www.epicurious.com/recipes/food/views/roasted-broccoli-florets-with-toasted-breadcrumb-gremolata-230944,Roasted Broccoli Florets with Toasted Breadcrumb Gremolata ,"4 tablespoons olive oil, divided $ 1 shallot, chopped $ 1/2 cup coarse fresh breadcrumbs made from crustless French bread $ 2 teaspoons grated lemon peel $ 2 pounds broccoli, stems removed, tops cut into 2-inch-long florets $ 2 tablespoons fresh lemon juice $ ",Garlic $ Vegetable $ Side $ Roast $ Vegetarian $ Lemon $ Broccoli $ Fall $ Healthy $ Vegan $ Bon Appétit $ Pescatarian $ Dairy Free $ Peanut Free $ Tree Nut Free $ Soy Free $ Kosher $ ,Italian $ ,3/4,13,Garlic $ Vegetable $ Side $ Roast $ Vegetarian $ Lemon $ Broccoli $ Fall $ Healthy $ Vegan $ Bon Appétit $ Pescatarian $ Dairy Free $ Peanut Free $ Tree Nut Free $ Soy Free $ Kosher $ Italian $ 
https://www.epicurious.com/recipes/food/views/roasted-portobello-and-prosciutto-lasagna-230941,Roasted Portobello and Prosciutto Lasagna ,"3 tablespoons plus 2 teaspoons olive oil $ 2 1/2 pounds (about 10) portobello mushrooms, stems trimmed $ 1 cup chopped prosciutto (about 6 ounces) $ 2/3 cup chopped shallots (about 2 large) $ 1 teaspoon chopped fresh rosemary $ 1 teaspoon chopped fresh thyme $ 4 cups whole milk $ 1 14-ounce can low-salt chicken broth $ 1 bay leaf $ 1/2 cup (1 stick) butter $ 2/3 cup all purpose flour $ 2 cups (about 8 ounces) shredded Gruyère cheese $ 1/3 cup grated Parmesan cheese $ 1/8 teaspoon ground nutmeg $ 1 pound lasagna noodles $ 1/2 cup grated Parmesan cheese $ 2 tablespoons butter, cut into 1/2-inch pieces $ ",Milk/Cream $ Mushroom $ Pasta $ Pork $ Bake $ Parmesan $ Fall $ Swiss Cheese $ Prosciutto $ Potluck $ Bon Appétit $ ,Italian $ ,3.5/4,67,Milk/Cream $ Mushroom $ Pasta $ Pork $ Bake $ Parmesan $ Fall $ Swiss Cheese $ Prosciutto $ Potluck $ Bon Appétit $ Italian $ 
https://www.epicurious.com/recipes/food/views/perciatelli-with-prosciutto-wilted-radicchio-blue-cheese-and-dried-figs-230940,"Perciatelli with Prosciutto, Wilted Radicchio, Blue Cheese, and Dried Figs ","8 ounces perciatelli or linguine $ 3 tablespoons olive oil $ 4 cups (packed) thinly sliced radicchio (about 6 ounces) $ 4 ounces thinly sliced prosciutto, cut crosswise into 1/2-inch-wide strips $ 3/4 cup sliced stemmed dried black Mission figs (about 4 ounces) $ 3/4 cup crumbled blue cheese (such as Maytag; about 4 ounces), divided $ 1/4 cup chopped fresh Italian parsley, divided $ ",Fruit $ Leafy Green $ Pasta $ Sauté $ Quick & Easy $ Blue Cheese $ Fig $ Fall $ Prosciutto $ Bon Appétit $ ,Italian $ ,3/4,9,Fruit $ Leafy Green $ Pasta $ Sauté $ Quick & Easy $ Blue Cheese $ Fig $ Fall $ Prosciutto $ Bon Appétit $ Italian $ 
https://www.epicurious.com/recipes/food/views/spaghetti-with-garlic-230465,Spaghetti with Garlic ,"About 1 1/2 large heads garlic, separated into cloves (about 30) $ 5 1/2 tablespoons extra-virgin olive oil $ 1/4 teaspoon dried hot red pepper flakes $ 1 lb spaghetti $ 1 1/2 teaspoons finely grated fresh lemon zest $ 1/4 teaspoon salt $ 1/2 cup finely chopped fresh flat-leaf parsley $ Accompaniment: finely grated Parmigiano-Reggiano $ ",Garlic $ Pasta $ Quick & Easy $ Parmesan $ Lemon $ Gourmet $ ,Italian $ ,3.5/4,61,Garlic $ Pasta $ Quick & Easy $ Parmesan $ Lemon $ Gourmet $ Italian $ 
https://www.epicurious.com/recipes/food/views/fried-neopolitan-pizzas-230459,Fried Neopolitan Pizzas ,"1 (1/4-oz) package active dry yeast (2 1/4 teaspoons) $ 1/2 cup warm water (105-115°F) $ 1 teaspoon salt $ 1 1/2 cups unbleached all-purpose flour, plus additional for kneading and dusting $ About 5 cups olive oil $ 1/4 cup olive oil $ 5 garlic cloves, 2 crushed and 3 minced $ 2 lb plum tomatoes, halved, seeded, and finely chopped $ 1/2 teaspoon salt $ 1/4 teaspoon black pepper $ 6 oz fresh mozzarella (not unsalted), cut into 1/4-inch dice $ 1 oz finely grated Parmigiano-Reggiano (1/2 cup) $ 2 tablespoons chopped fresh basil or loosely packed small whole basil leaves $ a deep-fat thermometer $ ",Cheese $ Herb $ Tomato $ Fry $ Gourmet $ ,Italian $ ,3.5/4,4,Cheese $ Herb $ Tomato $ Fry $ Gourmet $ Italian $ 
https://www.epicurious.com/recipes/food/views/omelet-napoletana-230443,Omelet Napoletana ,"6 oz spaghetti $ 1/2 stick (1/4 cup) unsalted butter $ 8 large eggs $ 3 tablespoons olive oil $ 1 tablespoon whole milk $ 1/8 teaspoon freshly grated nutmeg $ 1/4 teaspoon salt $ 1/4 teaspoon black pepper $ 3 oz ham, cut into 1/4-inch dice $ 2 oz fresh mozzarella (not unsalted) or Fontina, cut into 1/4-inch dice $ 1/2 oz finely grated Parmigiano-Reggiano (1/4 cup) $ Accompaniment: tomato sauce $ ",Egg $ Pasta $ Breakfast $ Brunch $ Broil $ Quick & Easy $ Mozzarella $ Gourmet $ Sugar Conscious $ Peanut Free $ Tree Nut Free $ Soy Free $ No Sugar Added $ ,Italian $ ,2.5/4,4,Egg $ Pasta $ Breakfast $ Brunch $ Broil $ Quick & Easy $ Mozzarella $ Gourmet $ Sugar Conscious $ Peanut Free $ Tree Nut Free $ Soy Free $ No Sugar Added $ Italian $ 
https://www.epicurious.com/recipes/food/views/timballo-230467,Timballo ,"1 1/2 tablespoons extra-virgin olive oil $ 1/2 lb sweet Italian sausage meat (remove casings if in links) $ 1 medium onion, finely chopped $ 1 Turkish or 1/2 California bay leaf $ 1 carrot, finely chopped $ 1 celery rib, finely chopped $ 1/4 teaspoon salt $ 1 tablespoon tomato paste $ 1/2 cup dry red wine $ 1 (14- to 15-oz) can whole tomatoes in juice, forced with juices through a food mill (1 1/2 cups) $ Pinch of sugar $ 3/4 lb ziti $ 1 lb green Swiss chard, stems and center ribs discarded and leaves coarsely chopped (4 cups) $ 1 1/2 tablespoons unsalted butter $ 2 garlic cloves, minced $ 1 tablespoon all-purpose flour $ 1 cup whole milk $ 1/4 teaspoon salt $ 1/8 teaspoon white pepper $ 1/8 teaspoon freshly grated nutmeg $ 1 oz finely grated Parmigiano-Reggiano (1/2 cup) $ 4 oz fresh mozzarella (not unsalted), cut into 1/2-inch cubes (scant 1cup) $ a 2-qt soufflé dish; parchment paper; a 6- to 8-qt wide pot $ ",Cheese $ Pasta $ Tomato $ Bake $ Kid-Friendly $ Sausage $ Fall $ Winter $ Chard $ Gourmet $ ,Italian $ ,3.5/4,16,Cheese $ Pasta $ Tomato $ Bake $ Kid-Friendly $ Sausage $ Fall $ Winter $ Chard $ Gourmet $ Italian $ 
https://www.epicurious.com/recipes/food/views/lentils-san-stefano-230456,Lentils San Stefano ,"8 cups cold water $ 1 Turkish or 1/2 California bay leaf $ 1/2 lb small Italian lentils (1 1/8 cups; preferably from Abruzzo) or small French lentils*, picked over $ 2 oz fresh pork fat (from butcher), chopped, or 3 bacon slices, chopped (1/2 cup) $ 3 tablespoons olive oil $ 4 slices Italian bread (1/2 inch thick and about 3 inches in diameter), toasted $ 1/2 lb boiling potatoes (2 medium), peeled and cut into 1/4-inch dice $ 1 large onion, finely chopped $ 2 large garlic cloves, finely chopped $ 1 (14- to 15-oz) can whole tomatoes in juice, finely chopped and juice reserved $ 1 teaspoon sugar $ 1 teaspoon salt $ 1/2 teaspoon black pepper $ 3 tablespoons chopped fresh basil $ 1 tablespoon finely chopped fresh oregano $ ",Pork $ Potato $ Tomato $ Side $ Basil $ Lentil $ Winter $ Gourmet $ Dairy Free $ Peanut Free $ Tree Nut Free $ Soy Free $ ,Italian $ ,3.5/4,18,Pork $ Potato $ Tomato $ Side $ Basil $ Lentil $ Winter $ Gourmet $ Dairy Free $ Peanut Free $ Tree Nut Free $ Soy Free $ Italian $ 
https://www.epicurious.com/recipes/food/views/stracciatella-soup-230447,Stracciatella Soup ,"2 tablespoons cornstarch $ 1 cup water $ 3 cups low-sodium low-fat chicken broth (24 fl oz) $ 2 teaspoons finely grated fresh lemon zest $ 1/2 teaspoon salt $ 1 large egg, lightly beaten $ 1 cup firmly packed shredded spinach leaves $ ",Soup/Stew $ Egg $ Quick & Easy $ Lemon $ Spinach $ Gourmet $ ,Italian $ ,2/4,5,Soup/Stew $ Egg $ Quick & Easy $ Lemon $ Spinach $ Gourmet $ Italian $ 
https://www.epicurious.com/recipes/food/views/beef-and-sausage-meat-loaf-with-mozzarella-230634,Beef and Sausage Meat Loaf with Mozzarella ,"2 pounds lean ground beef (15 percent fat) $ 1 pound coarsely grated whole-milk mozzarella cheese $ 1 pound sweet Italian sausages, casings removed, meat crumbled $ 2 cups chopped fresh basil $ 2 cups fresh breadcrumbs made from crustless French bread $ 1 medium onion, chopped $ 1 cup chopped drained oil-packed sun-dried tomatoes $ 5 garlic cloves, minced $ 1 1/2 tablespoons dried oregano $ 2 teaspoons salt $ 1 teaspoon ground black pepper $ 1 cup tomato sauce, divided $ 3 large eggs, beaten to blend $ 1/2 cup dry red wine $ ",Pork $ Tomato $ Bake $ Kid-Friendly $ Quick & Easy $ Mozzarella $ Basil $ Ground Beef $ Sausage $ Red Wine $ Bon Appétit $ ,Italian $ ,3.5/4,118,Pork $ Tomato $ Bake $ Kid-Friendly $ Quick & Easy $ Mozzarella $ Basil $ Ground Beef $ Sausage $ Red Wine $ Bon Appétit $ Italian $ 
https://www.epicurious.com/recipes/food/views/anise-unscotti-230661,Anise Unscotti ,2 3/4 cups (or more) all purpose flour $ 1 tablespoon baking powder $ 1 tablespoon aniseed $ 1/2 teaspoon salt $ 1 1/2 cups sugar $ 1/4 cup vegetable oil $ 3 large eggs $ 2 tablespoons anisette liqueur $ ,Cookies $ Liqueur $ Mixer $ Dessert $ Bake $ Anise $ Bon Appétit $ Kidney Friendly $ Vegetarian $ Pescatarian $ Wheat/Gluten-Free $ Peanut Free $ Tree Nut Free $ Soy Free $ Kosher $ ,Italian $ ,3/4,5,Cookies $ Liqueur $ Mixer $ Dessert $ Bake $ Anise $ Bon Appétit $ Kidney Friendly $ Vegetarian $ Pescatarian $ Wheat/Gluten-Free $ Peanut Free $ Tree Nut Free $ Soy Free $ Kosher $ Italian $ 
https://www.epicurious.com/recipes/food/views/gemelli-with-zucchini-tomatoes-and-bacon-230650,"Gemelli with Zucchini, Tomatoes, and Bacon ","12 bacon slices, cut crosswise into 1-inch pieces $ 1 large red onion, chopped (about 2 cups) $ 1 1/2 cups dry white wine $ 12 ounces gemelli or rotini (about 3 cups) $ 3 slender zucchini, halved lengthwise and sliced crosswise into 1/2-inch-wide pieces $ 3 large plum tomatoes, seeded, coarsely chopped (about 1 1/2 cups) $ 1/3 cup chopped fresh oregano $ 1 cup crumbled soft fresh goat cheese (about 4 ounces) $ ",Pasta $ Tomato $ Sauté $ Quick & Easy $ Goat Cheese $ Bacon $ Zucchini $ White Wine $ Bon Appétit $ ,Italian $ ,3.5/4,19,Pasta $ Tomato $ Sauté $ Quick & Easy $ Goat Cheese $ Bacon $ Zucchini $ White Wine $ Bon Appétit $ Italian $ 
https://www.epicurious.com/recipes/food/views/penne-with-broccoli-rabe-tomatoes-and-parmesan-230651,"Penne with Broccoli Rabe, Tomatoes, and Parmesan ","12 ounces penne pasta $ 1/3 cup extra-virgin olive oil $ 4 garlic cloves, chopped $ 2 bunches broccoli rabe, chopped $ 8 anchovies, chopped $ 3/4 teaspoon dried crushed red pepper $ 1 pound tomatoes, diced $ 1 cup chopped fresh basil, divided $ 2 tablespoons fresh lemon juice $ 1 1/4 cups grated Parmesan cheese, divided $ ",Pasta $ Tomato $ Sauté $ Quick & Easy $ Parmesan $ Basil $ Broccoli Rabe $ Bon Appétit $ ,Italian $ ,3.5/4,12,Pasta $ Tomato $ Sauté $ Quick & Easy $ Parmesan $ Basil $ Broccoli Rabe $ Bon Appétit $ Italian $ 
https://www.epicurious.com/recipes/food/views/wild-mushroom-pizza-with-caramelized-onions-fontina-and-rosemary-230633,"Wild Mushroom Pizza With Caramelized Onions, Fontina, and Rosemary ","7 tablespoons butter, divided $ 2 tablespoons plus 1 teaspoon grapeseed oil $ 3 onions, halved lengthwise, thinly sliced crosswise (about 6 cups) $ 2 pounds assorted wild mushrooms (such as crimini, oyster, chanterelle, and stemmed shiitake), cut into bite-size pieces $ 6 garlic cloves, minced $ 2 tablespoons minced shallot (about 1 medium) $ 2 cups dry white wine $ 1 tablespoon minced fresh rosemary $ Pizza Dough $ Cornmeal (for dusting) $ Garlic oil $ 3 cups grated Fontina cheese (about 10 ounces) $ ",Cheese $ Herb $ Mushroom $ Onion $ Bake $ Vegetarian $ Rosemary $ White Wine $ Fall $ Fontina $ Bon Appétit $ ,Italian $ ,3.5/4,52,Cheese $ Herb $ Mushroom $ Onion $ Bake $ Vegetarian $ Rosemary $ White Wine $ Fall $ Fontina $ Bon Appétit $ Italian $ 
https://www.epicurious.com/recipes/food/views/spaghetti-frittata-230630,Spaghetti Frittata ,"8 ounces spaghetti, cooked, rinsed, cooled $ 2 cups tomato-based pasta sauce, divided $ 5 large eggs $ 1/2 cup chopped fresh Italian parsley, divided $ 1/2 teaspoon salt $ 1/2 teaspoon ground black pepper $ 1/8 teaspoon cayenne pepper $ 5 tablespoons olive oil $ 1 cup grated Parmesan cheese $ ",Cheese $ Egg $ Pasta $ Tomato $ Vegetarian $ Quick & Easy $ Lunch $ Parmesan $ Pan-Fry $ Bon Appétit $ Sugar Conscious $ Pescatarian $ Peanut Free $ Tree Nut Free $ Soy Free $ No Sugar Added $ Kosher $ ,Italian $ ,3/4,5,Cheese $ Egg $ Pasta $ Tomato $ Vegetarian $ Quick & Easy $ Lunch $ Parmesan $ Pan-Fry $ Bon Appétit $ Sugar Conscious $ Pescatarian $ Peanut Free $ Tree Nut Free $ Soy Free $ No Sugar Added $ Kosher $ Italian $ 
https://www.epicurious.com/recipes/food/views/egg-ribbon-and-parmesan-soup-230614,Egg Ribbon and Parmesan Soup ,"3 large eggs $ 3/4 cup grated Parmesan cheese, divided $ 6 cups low-salt chicken broth $ 3/4 cup tiny pasta (such as acini di pepe or orzo) $ Chopped fresh Italian parsley $ ",Soup/Stew $ Egg $ Pasta $ Parmesan $ Winter $ Bon Appétit $ ,Italian $ ,3/4,12,Soup/Stew $ Egg $ Pasta $ Parmesan $ Winter $ Bon Appétit $ Italian $ 
https://www.epicurious.com/recipes/food/views/rigatoni-with-cheese-and-italian-sausage-230605,Rigatoni with Cheese and Italian Sausage ,"1/2 pound rigatoni $ 1/4 pound spicy Italian sausage, casing removed $ 2 garlic cloves, thinly sliced $ 1 1/2 cups prepared marinara sauce $ 1/2 teaspoon dried crushed red pepper $ 1/4 cup grated mozzarella cheese $ 2 tablespoons grated Parmesan cheese $ 1 teaspoon chopped fresh Italian parsley $ Extra-virgin olive oil $ ",Cheese $ Pasta $ Broil $ Dinner $ Sausage $ Fall $ Bon Appétit $ Peanut Free $ Tree Nut Free $ Soy Free $ No Sugar Added $ ,Italian $ ,3.5/4,33,Cheese $ Pasta $ Broil $ Dinner $ Sausage $ Fall $ Bon Appétit $ Peanut Free $ Tree Nut Free $ Soy Free $ No Sugar Added $ Italian $ 
https://www.epicurious.com/recipes/food/views/vermicelli-with-sauce-alla-sofia-230468,Vermicelli with Sauce alla Sofia ,"2 garlic cloves $ 1 1/2 cups loosely packed fresh flat-leaf parsley leaves $ 1 small onion, sliced (1 1/2 cups) $ 4 anchovy fillets, rinsed, patted dry, and chopped $ 1/3 cup brine-cured green olives, pitted $ 2 teaspoons drained bottled capers $ 1/2 teaspoon salt $ 1/4 teaspoon black pepper $ 1/2 cup plus 1 teaspoon olive oil $ 1 lb vermicelli (thin spaghetti) or linguine $ ",Garlic $ Olive $ Pasta $ Quick & Easy $ Parsley $ Capers $ Gourmet $ ,Italian $ ,3.5/4,7,Garlic $ Olive $ Pasta $ Quick & Easy $ Parsley $ Capers $ Gourmet $ Italian $ 
https://www.epicurious.com/recipes/food/views/bellini-200835,Bellini ,"1/2 cup water $ 1/4 cup lemon juice $ 1/2 to 3/4 pound ripe white peaches $ 2 teaspoons sugar $ A few raspberries, if desired, for color. $ 1 bottle Prosecco sparkling wine, preferably Nino Franco $ ",Alcoholic $ Brunch $ Cocktail Party $ New Year's Day $ Peach $ Sparkling Wine $ Shower $ Party $ Drink $ Fat Free $ Vegan $ Vegetarian $ Pescatarian $ Dairy Free $ Wheat/Gluten-Free $ Peanut Free $ Tree Nut Free $ Soy Free $ Kosher $ ,Italian $ ,3/4,2,Alcoholic $ Brunch $ Cocktail Party $ New Year's Day $ Peach $ Sparkling Wine $ Shower $ Party $ Drink $ Fat Free $ Vegan $ Vegetarian $ Pescatarian $ Dairy Free $ Wheat/Gluten-Free $ Peanut Free $ Tree Nut Free $ Soy Free $ Kosher $ Italian $ 
https://www.epicurious.com/recipes/food/views/cappuccino-200825,Cappuccino ,3 cups milk $ 3 cups freshly brewed espresso $ Sugar to taste $ Cinnamon (for dusting) $ ,Coffee $ Milk/Cream $ Non-Alcoholic $ Breakfast $ Brunch $ Gourmet $ Drink $ Vegetarian $ Pescatarian $ Wheat/Gluten-Free $ Peanut Free $ Tree Nut Free $ Soy Free $ Kosher $ ,Italian $ ,3/4,1,Coffee $ Milk/Cream $ Non-Alcoholic $ Breakfast $ Brunch $ Gourmet $ Drink $ Vegetarian $ Pescatarian $ Wheat/Gluten-Free $ Peanut Free $ Tree Nut Free $ Soy Free $ Kosher $ Italian $ 
https://www.epicurious.com/recipes/food/views/negrone-200892,Negrone ,2 ounces (2 ponies) gin $ 2 ounces (2 ponies) Campari $ 1 ounce (1 pony) sweet vermouth $ 2 tablespoons strained fresh orange juice $ ,Fruit Juice $ Gin $ Alcoholic $ Cocktail Party $ Orange $ Campari $ Fortified Wine $ Gourmet $ Drink $ ,Italian $ ,3.5/4,2,Fruit Juice $ Gin $ Alcoholic $ Cocktail Party $ Orange $ Campari $ Fortified Wine $ Gourmet $ Drink $ Italian $ 
https://www.epicurious.com/recipes/food/views/cannellini-with-tomato-sage-sauce-106851,Cannellini with Tomato-Sage Sauce ,"3 cups (about 21 ounces) dried cannellini (white kidney beans) $ 3 quarts cold water $ 5 tablespoons olive oil $ 4 whole garlic cloves, peeled $ 1 large bunch fresh sage leaves $ 16 whole black peppercorns $ 1 tablespoon salt $ 1/4 cup extra-virgin olive oil $ 12 large fresh sage leaves $ 8 whole garlic cloves, peeled $ 2 pounds plum tomatoes, seeded, coarsely chopped $ ",Bean $ Tomato $ Side $ Vegetarian $ Low/No Sugar $ Summer $ Bon Appétit $ Vegan $ Pescatarian $ Dairy Free $ Wheat/Gluten-Free $ Peanut Free $ Tree Nut Free $ Soy Free $ No Sugar Added $ Kosher $ ,Italian $ ,3.5/4,6,Bean $ Tomato $ Side $ Vegetarian $ Low/No Sugar $ Summer $ Bon Appétit $ Vegan $ Pescatarian $ Dairy Free $ Wheat/Gluten-Free $ Peanut Free $ Tree Nut Free $ Soy Free $ No Sugar Added $ Kosher $ Italian $ 
https://www.epicurious.com/recipes/food/views/feta-stuffed-eggplant-rolls-with-salsa-verde-12652,Feta-Stuffed Eggplant Rolls with Salsa Verde ,"a 1-pound firm eggplant $ olive oil for brushing eggplant $ 3 ounces feta, crumbled (about 1/2 cup) $ 1/3 cup whole-milk ricotta $ 1/4 cup fresh mint leaves, washed well, spun dry, and chopped fine $ 3 red bell peppers, roasted, or two 7-ounce jars, drained, and patted dry $ 1 bunch arugula or small bunch spinach, coarse stems discarded and leaves washed well and spun dry $ Accompaniment:Salsa Verde $ ",Vegetable $ Feta $ Ricotta $ Mint $ Eggplant $ Arugula $ Summer $ Gourmet $ ,Greek $ Italian $ ,3.5/4,24,Vegetable $ Feta $ Ricotta $ Mint $ Eggplant $ Arugula $ Summer $ Gourmet $ Greek $ Italian $ 
https://www.epicurious.com/recipes/food/views/tuna-and-roasted-pepper-crostini-13615,Tuna and Roasted Pepper Crostini ,"24 1/4-inch-thick diagonal slices cut from a long thin loaf of Italian or French bread $ a 6-ounce can Italian tuna packed in olive oil such as Progresso, not  drained $ 3 flat anchovy fillets $ 1 garlic clove, minced and mashed to a paste with a pinch salt $ 1 teaspoon drained capers $ 4 teaspoons fresh lemon juice $ 2 tablespoons mayonnaise $ red bell peppers $ 1 tablespoon drained capers $ freshly ground black pepper $ ",Food Processor $ Fish $ Pepper $ Cocktail Party $ Quick & Easy $ Mayonnaise $ Tuna $ Bell Pepper $ Winter $ Capers $ Gourmet $ ,Italian $ ,3/4,10,Food Processor $ Fish $ Pepper $ Cocktail Party $ Quick & Easy $ Mayonnaise $ Tuna $ Bell Pepper $ Winter $ Capers $ Gourmet $ Italian $ 
https://www.epicurious.com/recipes/food/views/farinata-con-salvia-14643,Farinata con Salvia ,2 cups chick-pea flour (not roasted) $ 1 1/2 cups cold water $ 2 teaspoons salt $ 1/3 cup olive oil $ 6 fresh sage leaves $ coarsely ground black pepper to taste $ ,Bread $ Bake $ Chickpea $ Winter $ Sage $ Gourmet $ ,Italian $ ,3.5/4,3,Bread $ Bake $ Chickpea $ Winter $ Sage $ Gourmet $ Italian $ 
https://www.epicurious.com/recipes/food/views/double-crusted-turkey-sausage-pizza-4030,Double-Crusted Turkey Sausage Pizza ,"8 ounces hot Italian turkey sausages, casings removed $ 1/2 cup plus 3 tablespoons (packed) grated mozzarella cheese $ 1/2 cup coarsely chopped drained roasted red peppers from jar $ 3 tablespoons purchased pesto sauce $ All purpose flour $ 1 10-ounce tube refrigerated pizza dough $ ",Cheese $ Herb $ Poultry $ turkey $ Bake $ Quick & Easy $ Spring $ Bon Appétit $ ,Italian $ ,3.5/4,6,Cheese $ Herb $ Poultry $ turkey $ Bake $ Quick & Easy $ Spring $ Bon Appétit $ Italian $ 
https://www.epicurious.com/recipes/food/views/chocolate-amaretti-custard-with-fresh-fruit-4011,Chocolate-Amaretti Custard with Fresh Fruit ,"1/2 cup sugar $ 1/2 cup water $ 3 cups whole milk $ 2/3 cup unsweetened cocoa powder $ 2/3 cup sugar $ 1/4 cup dark rum $ 4 large egg yolks $ 2 large eggs $ 1 cup coarsely chopped amaretti cookies (Italian macaroons) $ 2 large navel oranges, peel and white pith removed $ 2 1/2 cups assorted berries $ ",Berry $ Chocolate $ Citrus $ Dessert $ Spring $ Bon Appétit $ Vegetarian $ Pescatarian $ Peanut Free $ Tree Nut Free $ Kosher $ ,Italian $ ,3.5/4,2,Berry $ Chocolate $ Citrus $ Dessert $ Spring $ Bon Appétit $ Vegetarian $ Pescatarian $ Peanut Free $ Tree Nut Free $ Kosher $ Italian $ 
https://www.epicurious.com/recipes/food/views/pasta-with-eggplant-artichokes-and-bell-pepper-pasta-con-melanzane-carciofi-e-peperoni-4022,"Pasta with Eggplant, Artichokes and Bell Pepper (Pasta con Melanzane, Carciofi e Peperoni) ","1 1 1/4-pound eggplant, unpeeled, cut into 1 1/2-inch pieces $ 2 teaspoons salt $ 2 cups olive oil $ 4 large shallots, peeled, quartered $ 1 large red bell pepper $ 1/2 cup chopped pitted brine-cured black olives (such as Kalamata) $ 2 large garlic cloves, finely chopped $ 2 large artichokes, stems trimmed $ 8 ounces rigatoni or other tubular pasta $ ",Pasta $ Vegetable $ Appetizer $ Vegetarian $ Spring $ Bon Appétit $ Vegan $ Pescatarian $ Dairy Free $ Peanut Free $ Tree Nut Free $ Soy Free $ No Sugar Added $ Kosher $ ,Italian $ ,3/4,18,Pasta $ Vegetable $ Appetizer $ Vegetarian $ Spring $ Bon Appétit $ Vegan $ Pescatarian $ Dairy Free $ Peanut Free $ Tree Nut Free $ Soy Free $ No Sugar Added $ Kosher $ Italian $ 
https://www.epicurious.com/recipes/food/views/tomato-anchovy-pasta-2134,Tomato-Anchovy Pasta ,"1/4 cup olive oil $ 1 cup chopped green onions, (about 5) $ 4 garlic cloves, minced $ 1 2-ounce can anchovy fillets, drained, chopped $ 1 14 1/2- to 16-ounce can diced peeled tomatoes $ 3/4 pound rotini or other corkscrew-shaped pasta $ 1/2 cup grated Parmesan cheese $ ",Fish $ Pasta $ Tomato $ Quick & Easy $ Parmesan $ Simmer $ Bon Appétit $ Illinois $ ,Italian $ ,3/4,9,Fish $ Pasta $ Tomato $ Quick & Easy $ Parmesan $ Simmer $ Bon Appétit $ Illinois $ Italian $ 
https://www.epicurious.com/recipes/food/views/beef-carpaccio-with-orange-olive-salsa-and-shaved-cheese-107677,Beef Carpaccio with Orange-Olive Salsa and Shaved Cheese ,"2 large navel oranges $ 1/2 cup diced red onion $ 1/2 cup pitted Kalamata olives $ 1/4 cup chopped fresh parsley $ 2 tablespoons olive oil $ 1 garlic clove, minced $ 1/2 teaspoon Hungarian sweet paprika $ 1/2 teaspoon ground cumin $ 1/8 teaspoon cayenne pepper $ 2 teaspoons whole black peppercorns $ 2 teaspoons fennel seeds $ 1 teaspoon white peppercorns $ 1 teaspoon coarse kosher salt $ 1 1/2 teaspoons dried lavender blossoms (optional)* $ 4 tablespoons olive oil $ 1 1 1/4-pound trimmed beef tenderloin $ 2 cups lightly packed fresh arugula $ 1 2-ounce wedge aged Gouda cheese, shaved using vegetable peeler $ ",Beef $ Citrus $ Olive $ Appetizer $ Sauté $ Orange $ Winter $ Bon Appétit $ Sugar Conscious $ Wheat/Gluten-Free $ Peanut Free $ Tree Nut Free $ Soy Free $ No Sugar Added $ ,American $ Italian $ ,4/4,10,Beef $ Citrus $ Olive $ Appetizer $ Sauté $ Orange $ Winter $ Bon Appétit $ Sugar Conscious $ Wheat/Gluten-Free $ Peanut Free $ Tree Nut Free $ Soy Free $ No Sugar Added $ American $ Italian $ 
https://www.epicurious.com/recipes/food/views/calzones-with-cheese-sausage-and-roasted-red-pepper-100967,"Calzones with Cheese, Sausage and Roasted Red Pepper ","1 1/2 cups warm water (105°F to 115°F.) $ 1 envelope dry yeast $ 2 tablespoons olive oil $ 1 1/2 teaspoons salt $ 4 cups (about) all purpose flour $ 1 large red bell pepper $ 2 tablespoons olive oil $ 1 1/4 pounds red onions, sliced $ 4 sweet or spicy Italian sausages, casings removed $ 3 cups (packed) coarsely grated mozzarella cheese (about 12 ounces) $ 12 ounces ricotta cheese $ 4 teaspoons dried oregano $ ",Cheese $ Dairy $ Pepper $ Pork $ Bake $ Spring $ Bon Appétit $ ,Italian $ ,3/4,44,Cheese $ Dairy $ Pepper $ Pork $ Bake $ Spring $ Bon Appétit $ Italian $ 
https://www.epicurious.com/recipes/food/views/pasta-with-tomatoes-zucchini-and-pesto-100962,"Pasta with Tomatoes, Zucchini and Pesto ","1/4 cup olive oil $ 4 cups 1/2-inch cubes zucchini (about 22 ounces) $ 1 1/2 cups chopped onion $ 2 large garlic cloves, chopped $ 1 28-ounce can diced tomatoes in juice $ 1 pound spaghetti $ 1 7-ounce package purchased pesto $ 1/2 cup thinly sliced fresh basil $ Grated Parmesan cheese $ ",Herb $ Pasta $ Tomato $ Vegetable $ Appetizer $ Vegetarian $ Quick & Easy $ Spring $ Bon Appétit $ Florida $ Peanut Free $ Soy Free $ No Sugar Added $ Kosher $ ,Italian $ ,3.5/4,52,Herb $ Pasta $ Tomato $ Vegetable $ Appetizer $ Vegetarian $ Quick & Easy $ Spring $ Bon Appétit $ Florida $ Peanut Free $ Soy Free $ No Sugar Added $ Kosher $ Italian $ 
https://www.epicurious.com/recipes/food/views/rotini-with-peppers-onions-and-feta-107750,"Rotini with Peppers, Onions, and Feta ","2 large onions (1 1/2 lb total), halved lengthwise and cut lengthwise into 1/4-inch strips $ 3 large red bell peppers (1 1/2 lb total), cut lengthwise into 1/4-inch strips $ 1 teaspoon anchovy paste $ 1/2 teaspoon salt $ 1/4 teaspoon black pepper $ 2 tablespoons extra-virgin olive oil $ 12 oz rotini or fusilli (short corkscrew pasta) $ 1/4 cup chopped fresh dill $ 5 oz feta, crumbled (1 cup) $ ",Cheese $ Onion $ Pasta $ Pepper $ Sauté $ Winter $ Gourmet $ ,Italian $ ,3/4,9,Cheese $ Onion $ Pasta $ Pepper $ Sauté $ Winter $ Gourmet $ Italian $ 
https://www.epicurious.com/recipes/food/views/chicken-piccata-5154,Chicken Piccata ,"4 skinless boneless chicken breast halves $ 3 tablespoons butter, room temperature $ 1 1/2 tablespoons all purpose flour $ Additional all purpose flour $ 2 tablespoons olive oil $ 1/3 cup dry white wine $ 1/4 cup fresh lemon juice $ 1/4 cup canned low-salt chicken broth $ 1/4 cup drained capers $ 1/4 cup chopped fresh parsley $ ",Chicken $ Fry $ Lemon $ White Wine $ Spring $ Parsley $ Capers $ Bon Appétit $ ,Italian $ ,3.5/4,248,Chicken $ Fry $ Lemon $ White Wine $ Spring $ Parsley $ Capers $ Bon Appétit $ Italian $ 
https://www.epicurious.com/recipes/food/views/prosciutto-mozzarella-and-olive-sandwiches-on-parmesan-focaccia-14161,"Prosciutto, Mozzarella, and Olive Sandwiches on Parmesan Focaccia ",1 large plum tomato $ 3 tablespoons black olive paste $ 1/4 cup chopped fresh basil leaves $ 1 pound fresh mozzarella $ 4 cups trimmed arugula $ 2 tablespoons extra-virgin olive oil $ 1 Parmesan Focaccia $ 1/2 pound thinly sliced prosciutto $ ,Sandwich $ Cheese $ Olive $ Tomato $ No-Cook $ Picnic $ Quick & Easy $ Lunch $ Mozzarella $ Parmesan $ Basil $ Arugula $ Summer $ Prosciutto $ Gourmet $ ,Italian $ Italian American $ ,3.5/4,7,Sandwich $ Cheese $ Olive $ Tomato $ No-Cook $ Picnic $ Quick & Easy $ Lunch $ Mozzarella $ Parmesan $ Basil $ Arugula $ Summer $ Prosciutto $ Gourmet $ Italian $ Italian American $ 
https://www.epicurious.com/recipes/food/views/spicy-pasta-with-tomatoes-and-arugula-4033,Spicy Pasta with Tomatoes and Arugula ,"4 teaspoons pine nuts $ 2 large garlic cloves $ 2 cups coarsely chopped seeded tomatoes (about 1 pound) $ 2 tablespoons extra-virgin olive oil $ 1 large jalape&;ntilde;o chili, seeded, chopped $ 2 cups salad macaroni or other small tubular pasta $ 2 cups sliced arugula (about 2 large bunches) $ ",Leafy Green $ Nut $ Pasta $ Tomato $ Appetizer $ Spring $ Bon Appétit $ Vegan $ Vegetarian $ Pescatarian $ Dairy Free $ Peanut Free $ Soy Free $ No Sugar Added $ Kosher $ ,Italian $ ,2.5/4,3,Leafy Green $ Nut $ Pasta $ Tomato $ Appetizer $ Spring $ Bon Appétit $ Vegan $ Vegetarian $ Pescatarian $ Dairy Free $ Peanut Free $ Soy Free $ No Sugar Added $ Kosher $ Italian $ 
https://www.epicurious.com/recipes/food/views/prosciutto-with-melon-4042,Prosciutto with Melon ,"1 melon, cut into 6 wedges $ 18 paper-thin prosciutto slices $ ",Fruit $ Pork $ Appetizer $ Low Carb $ Quick & Easy $ Wheat/Gluten-Free $ Melon $ Spring $ Bon Appétit $ Sugar Conscious $ Paleo $ Dairy Free $ Peanut Free $ Tree Nut Free $ Soy Free $ No Sugar Added $ ,Italian $ ,3.5/4,12,Fruit $ Pork $ Appetizer $ Low Carb $ Quick & Easy $ Wheat/Gluten-Free $ Melon $ Spring $ Bon Appétit $ Sugar Conscious $ Paleo $ Dairy Free $ Peanut Free $ Tree Nut Free $ Soy Free $ No Sugar Added $ Italian $ 
https://www.epicurious.com/recipes/food/views/wild-mushroom-risotto-102168,Wild Mushroom Risotto ,"5 cups canned low-salt chicken broth $ 1/2 ounce dried porcini mushrooms,* rinsed $ 2 tablespoons (1/4 stick) butter $ 1 tablespoon extra-virgin olive oil $ 2 1/2 cups finely chopped onions $ 12 ounces crimini mushrooms, finely chopped $ 2 large garlic cloves, minced $ 1 tablespoon minced fresh thyme $ 1 tablespoon minced fresh marjoram $ 1 1/2 cups arborio rice or medium-grain white rice $ 1/2 cup dry white wine $ 1/2 cup grated Parmesan cheese $ Additional grated Parmesan cheese $ ",Rice $ Side $ Sauté $ Fall $ Bon Appétit $ Wheat/Gluten-Free $ Peanut Free $ Tree Nut Free $ Soy Free $ ,Italian $ ,3.5/4,81,Rice $ Side $ Sauté $ Fall $ Bon Appétit $ Wheat/Gluten-Free $ Peanut Free $ Tree Nut Free $ Soy Free $ Italian $ 
https://www.epicurious.com/recipes/food/views/red-white-and-green-lasagne-13506,"Red, White, and Green Lasagne ","2 tablespoons extra-virgin olive oil $ 3 large red bell peppers, chopped $ 15 ounces ricotta (about 2 cups) $ 1 1/2 pounds broccoli, flowerets cut into 3/4-inch pieces and stems cut into 1/2-inch dice $ 2 cupsRich Winter Tomato Sauce $ twelve 7- by 3 1/2-inch sheets dry no-boil lasagne pasta $ 10 ounces mozzarella, grated (about 2 1/2 cups) $ 1 1/4 cups fresh grated Parmesan (about 5 ounces) $ ",Cheese $ Pasta $ Pepper $ Tomato $ Vegetable $ Bake $ Vegetarian $ Winter $ Gourmet $ ,Italian $ ,3.5/4,47,Cheese $ Pasta $ Pepper $ Tomato $ Vegetable $ Bake $ Vegetarian $ Winter $ Gourmet $ Italian $ 
https://www.epicurious.com/recipes/food/views/cinnamon-sugar-biscotti-4515,Cinnamon-Sugar Biscotti ,"2 cups all purpose flour $ 2 1/2 teaspoons ground cinnamon $ 1 teaspoon baking powder $ 1/4 teaspoon salt $ 1 cup plus 3 tablespoons sugar $ 6 tablespoons (3/4 stick) unsalted butter, room temperature $ 2 large eggs $ 1 large egg yolk $ 1 teaspoon vanilla extract $ ",Cookies $ Dessert $ Bake $ Winter $ Cinnamon $ Bon Appétit $ Kidney Friendly $ Vegetarian $ Pescatarian $ Peanut Free $ Tree Nut Free $ Soy Free $ Kosher $ ,Italian $ ,3.5/4,68,Cookies $ Dessert $ Bake $ Winter $ Cinnamon $ Bon Appétit $ Kidney Friendly $ Vegetarian $ Pescatarian $ Peanut Free $ Tree Nut Free $ Soy Free $ Kosher $ Italian $ 
https://www.epicurious.com/recipes/food/views/spinach-prosciutto-and-red-bell-pepper-crostini-15663,"Spinach, Prosciutto and Red Bell Pepper Crostini ","2 teaspoons plus 2 tablespoons olive oil $ 1/2 red bell pepper, cut into matchstick-size strips $ 1 10-ounce package fresh spinach, stemmed $ 1 teaspoon minced garlic $ 1/4 cup chopped prosciutto $ 1 tablespoon whipping cream $ 12 1/2-inch-thick slices cut from French bread baguette $ 6 tablespoons freshly grated Parmesan cheese $ ",Leafy Green $ Broil $ Sauté $ Cocktail Party $ Spinach $ Bell Pepper $ Winter $ Prosciutto $ Bon Appétit $ ,Italian $ ,3.5/4,15,Leafy Green $ Broil $ Sauté $ Cocktail Party $ Spinach $ Bell Pepper $ Winter $ Prosciutto $ Bon Appétit $ Italian $ 
https://www.epicurious.com/recipes/food/views/four-cheese-vegetable-calzoni-12788,Four-Cheese Vegetable Calzoni ,"a 1/4-ounce package (2 1/2 teaspoons) active dry yeast $ 1 tablespoon sugar $ 3 cups all-purpose flour $ 1 teaspoon salt $ 1/4 cup olive oil $ 2 garlic cloves, minced $ 2 cups thinly sliced onion $ 1/4 teaspoon dried hot red pepper flakes, or to taste $ 2 tablespoons olive oil $ 2 cups thinly sliced fennel bulb $ 1 green bell pepper, sliced thin $ 1 red bell pepper, sliced thin $ 4 plum tomatoes, chopped $ 1/3 cup minced fresh parsley leaves $ 1 cup freshly grated Parmesan (about 3 ounces) $ 1 cup coarsely grated mozzarella (about 1/4 pound) $ 1 cup coarsely grated provolone (about 1/4 pound) $ 1 cup crumbled Gorgonzola (about 1/4 pound) $ ",Food Processor $ Bake $ Kid-Friendly $ Back to School $ Dinner $ Mozzarella $ Parmesan $ Gourmet $ Sugar Conscious $ Kidney Friendly $ Vegetarian $ Pescatarian $ Peanut Free $ Tree Nut Free $ Soy Free $ Kosher $ ,Italian $ ,1/4,1,Food Processor $ Bake $ Kid-Friendly $ Back to School $ Dinner $ Mozzarella $ Parmesan $ Gourmet $ Sugar Conscious $ Kidney Friendly $ Vegetarian $ Pescatarian $ Peanut Free $ Tree Nut Free $ Soy Free $ Kosher $ Italian $ 
https://www.epicurious.com/recipes/food/views/linguine-with-scampi-2230,Linguine with Scampi ,"3/4 cup (1-1/2 sticks) butter $ 1 pound uncooked shrimp, peeled, deveined $ 4 large garlic cloves, minced $ 2 tablespoons fresh lemon juice $ 3 tablespoons chopped fresh parsley $ 12 ounces linguine, freshly cooked $ ",Dairy $ Garlic $ Herb $ Pasta $ Shellfish $ Quick & Easy $ Seafood $ Shrimp $ Summer $ Bon Appétit $ New Mexico $ ,Italian $ ,3.5/4,92,Dairy $ Garlic $ Herb $ Pasta $ Shellfish $ Quick & Easy $ Seafood $ Shrimp $ Summer $ Bon Appétit $ New Mexico $ Italian $ 
https://www.epicurious.com/recipes/food/views/mascarpone-cheesecake-with-balsamic-strawberries-2460,Mascarpone Cheesecake with Balsamic Strawberries ,"1 1/2 cups ground crumbs from purchased almond biscotti (about 6 ounces) $ 6 tablespoons (3/4 stick) unsalted butter, melted $ 2 pounds cream cheese, room temperature $ 8 ounces mascarpone cheese* $ 1 3/4 cups plus 2 tablespoons sugar $ 2 large eggs $ 3 cups quartered hulled strawberries (about 1 1/2 12-ounce baskets) $ 1/4 cup balsamic vinegar $ *Italian cream cheese; sold at Italian markets and some supermarkets. If unavailable in your area, blend 8 ounces cream cheese with 1/4 cup whipping cream and 2 1/2 tablespoon sour cream. $ ",Cake $ Fruit $ Dessert $ Bake $ Vinegar $ Cream Cheese $ Strawberry $ Spring $ Bon Appétit $ Vegetarian $ Pescatarian $ Peanut Free $ Soy Free $ Kosher $ ,Italian $ ,4/4,77,Cake $ Fruit $ Dessert $ Bake $ Vinegar $ Cream Cheese $ Strawberry $ Spring $ Bon Appétit $ Vegetarian $ Pescatarian $ Peanut Free $ Soy Free $ Kosher $ Italian $ 
https://www.epicurious.com/recipes/food/views/pear-cake-with-grappa-sauce-10575,Pear Cake with Grappa Sauce ,"1 1/4 cups plus 2 tablespoons all-purpose flour $ 1 teaspoon cinnamon $ 1 teaspoon baking powder $ 1 stick (1/2 cup) unsalted butter, softened $ 1 1/4 cups plus 1 tablespoon sugar $ 3 large eggs $ 1/3 cup milk $ 1 tablespoon grappa $ 1 firm-ripe Bose pears $ 1/2 cup raisins or chopped pitted prunes $ 1/2 cup pine nuts, toasted lightly and cooled $ 2 large eggs $ 3/4 cup sugar $ 1 teaspoon cinnamon $ 1 stick (1/2 cup) unsalted butter $ 1/4 cup heavy cream $ 1 tablespoon grappa $ ",Cake $ Dairy $ Egg $ Fruit $ Dessert $ Bake $ Pear $ Pine Nut $ Winter $ Gourmet $ Kidney Friendly $ Vegetarian $ Pescatarian $ Peanut Free $ Soy Free $ Kosher $ ,Italian $ ,3.5/4,25,Cake $ Dairy $ Egg $ Fruit $ Dessert $ Bake $ Pear $ Pine Nut $ Winter $ Gourmet $ Kidney Friendly $ Vegetarian $ Pescatarian $ Peanut Free $ Soy Free $ Kosher $ Italian $ 
https://www.epicurious.com/recipes/food/views/sicilian-olive-salad-15802,Sicilian Olive Salad ,2 1/2 cups large green olives (about 1 pound) $ 3 celery ribs $ 1 carrot $ 1 small red onion $ 1 garlic clove $ 1/2 cup drained caperberries $ 1 tablespoon chopped fresh oregano leaves or 1 1/2 teaspoons crumbled dried oregano $ 1/2 teaspoon freshly ground black pepper $ 1/2 cup extra-virgin olive oil $ ,Olive $ Onion $ Vegetable $ Appetizer $ Marinate $ Vegetarian $ Vegan $ Capers $ Gourmet $ Sugar Conscious $ Pescatarian $ Paleo $ Dairy Free $ Wheat/Gluten-Free $ Peanut Free $ Tree Nut Free $ Soy Free $ No Sugar Added $ Kosher $ ,Italian $ Southern Italian $ ,2.5/4,4,Olive $ Onion $ Vegetable $ Appetizer $ Marinate $ Vegetarian $ Vegan $ Capers $ Gourmet $ Sugar Conscious $ Pescatarian $ Paleo $ Dairy Free $ Wheat/Gluten-Free $ Peanut Free $ Tree Nut Free $ Soy Free $ No Sugar Added $ Kosher $ Italian $ Southern Italian $ 
https://www.epicurious.com/recipes/food/views/genoa-toasts-13548,Genoa Toasts ,"2/3 cup olive oil $ 4 garlic cloves, minced and mashed to a paste with a pinch of salt $ about 1/2 of a day-old Thick Focaccia $ coarse salt to taste for sprinkling the toasts $ ",Bread $ Bake $ Winter $ Gourmet $ ,Italian $ ,3.5/4,2,Bread $ Bake $ Winter $ Gourmet $ Italian $ 
https://www.epicurious.com/recipes/food/views/tomato-salad-4043,Tomato Salad ,"6 large plum tomatoes, each cut into 4 wedges $ 3 tablespoons extra-virgin olive oil $ 1 tablespoon balsamic vinegar $ ",Salad $ Vegetable $ Appetizer $ Thanksgiving $ Low Carb $ Vegetarian $ Quick & Easy $ Spring $ Bon Appétit $ Sugar Conscious $ Kidney Friendly $ Vegan $ Pescatarian $ Paleo $ Dairy Free $ Wheat/Gluten-Free $ Peanut Free $ Tree Nut Free $ Soy Free $ No Sugar Added $ Kosher $ ,Italian $ ,3/4,11,Salad $ Vegetable $ Appetizer $ Thanksgiving $ Low Carb $ Vegetarian $ Quick & Easy $ Spring $ Bon Appétit $ Sugar Conscious $ Kidney Friendly $ Vegan $ Pescatarian $ Paleo $ Dairy Free $ Wheat/Gluten-Free $ Peanut Free $ Tree Nut Free $ Soy Free $ No Sugar Added $ Kosher $ Italian $ 
https://www.epicurious.com/recipes/food/views/rigatoni-with-eggplant-tomato-and-ricotta-15837,"Rigatoni with Eggplant, Tomato, and Ricotta ",1/2 pound rigatoni or other large tubular pasta $ 1 onion $ 1 small eggplant (about 1 pound) $ 1 large garlic clove $ 2 tablespoons olive oil $ 1/2 teaspoon salt $ 1/2 to 1 cup water $ a 16-ounce can whole tomatoes including juice $ 2 tablespoons chopped fresh basil leaves $ 1/4 cup ricotta $ ,Pasta $ Tomato $ Sauté $ Vegetarian $ Quick & Easy $ Ricotta $ Basil $ Eggplant $ Simmer $ Gourmet $ ,Italian $ ,3/4,27,Pasta $ Tomato $ Sauté $ Vegetarian $ Quick & Easy $ Ricotta $ Basil $ Eggplant $ Simmer $ Gourmet $ Italian $ 
https://www.epicurious.com/recipes/food/views/sweet-and-sour-cipolline-onions-109198,Sweet-and-Sour Cipolline Onions ,"2 lb cipolline or small (1 1/2-inch) white boiling onions, left unpeeled $ 1 cup sugar $ 1/4 cup water $ 1 cup dry red wine $ 1 cup red-wine vinegar $ 2 tablespoons extra-virgin olive oil $ 1 teaspoon salt $ 10 whole black peppercorns $ 1 Turkish or 1/2 California bay leaf $ 1 tablespoon balsamic vinegar $ ",Onion $ Side $ Marinate $ Cocktail Party $ Quick & Easy $ Vinegar $ Red Wine $ Spring $ Edible Gift $ Gourmet $ ,American $ Italian $ ,3/4,6,Onion $ Side $ Marinate $ Cocktail Party $ Quick & Easy $ Vinegar $ Red Wine $ Spring $ Edible Gift $ Gourmet $ American $ Italian $ 
https://www.epicurious.com/recipes/food/views/grilled-ham-cheese-and-salami-with-caper-relish-107645,"Grilled Ham, Cheese, and Salami with Caper Relish ","1/2 cup olive oil $ 3 tablespoons white wine vinegar $ 1 large shallot, minced $ 4 teaspoons minced fresh oregano $ 1 rectangular 10x7x1 1/2-inch bread loaf (such as ciabatta) $ 3 ounces sliced provolone cheese $ 4 ounces sliced Italian Genoa salami $ 4 ounces sliced Black Forest ham $ 3 tablespoons finely chopped pitted brine-cured green olives $ 3 tablespoons capers, chopped $ 3 tablespoons minced peperoncini $ 3 tablespoons butter, room temperature $ 3 ounces Teleme or Fontina cheese, grated (about 1 cup) $ 1 cup thinly sliced iceberg lettuce $ ",Sandwich $ Cheese $ Olive $ Pepper $ Pork $ Lunch $ Ham $ Winter $ Grill/Barbecue $ Bon Appétit $ Sugar Conscious $ Peanut Free $ Tree Nut Free $ Soy Free $ ,American $ Italian $ ,3.5/4,29,Sandwich $ Cheese $ Olive $ Pepper $ Pork $ Lunch $ Ham $ Winter $ Grill/Barbecue $ Bon Appétit $ Sugar Conscious $ Peanut Free $ Tree Nut Free $ Soy Free $ American $ Italian $ 
https://www.epicurious.com/recipes/food/views/rice-pudding-cake-with-cherry-apricot-compote-4013,Rice Pudding Cake with Cherry-Apricot Compote ,"4 1/2 cups whole milk $ 1 cup arborio rice or medium-grain rice $ Pinch of salt $ 1 cup sugar $ 2 tablespoons dry breadcrumbs $ 1/2 cup chopped blanched slivered almonds (about 2 ounces) $ 1/4 cup chopped candied orange peel $ 2 teaspoons (packed) grated lemon peel $ 1/4 teaspoon almond extract $ 4 large eggs, separated $ Powdered sugar $ Cherry-Apricot Compote $ ",Cake $ Fruit $ Rice $ Dessert $ Bake $ Apricot $ Cherry $ Almond $ Bon Appétit $ Kidney Friendly $ Vegetarian $ Pescatarian $ Peanut Free $ Soy Free $ Kosher $ ,Italian $ ,3.5/4,13,Cake $ Fruit $ Rice $ Dessert $ Bake $ Apricot $ Cherry $ Almond $ Bon Appétit $ Kidney Friendly $ Vegetarian $ Pescatarian $ Peanut Free $ Soy Free $ Kosher $ Italian $ 
