link,name,ingredients,recipe_category,recipe_cuisine,rating,rating_count,keywords
https://www.epicurious.com/recipes/food/views/ginger-pineapple-fried-rice-235030,Ginger Pineapple Fried Rice ,"2 1/2 cups long-grain white rice $ 3 1/3 cups water $ 1/4 cup peanut or vegetable oil $ 3 tablespoons finely grated (with a rasp) peeled fresh ginger $ 5 scallions (white and pale green parts separated from greens), finely chopped $ 1 1/2 teaspoons kosher salt $ 3/4 cup diced (1/4 inch) cored peeled fresh pineapple (labeled ""extra sweet"") $ 1 teaspoon Asian sesame oil $ ",Wok $ Fruit $ Ginger $ Rice $ Vegetable $ Side $ Stir-Fry $ Quick & Easy $ Pineapple $ Summer $ Gourmet $ Sugar Conscious $ Kidney Friendly $ Vegan $ Vegetarian $ Pescatarian $ Dairy Free $ Wheat/Gluten-Free $ Tree Nut Free $ Soy Free $ No Sugar Added $ Kosher $ ,Asian $ ,2.5/4,25,Wok $ Fruit $ Ginger $ Rice $ Vegetable $ Side $ Stir-Fry $ Quick & Easy $ Pineapple $ Summer $ Gourmet $ Sugar Conscious $ Kidney Friendly $ Vegan $ Vegetarian $ Pescatarian $ Dairy Free $ Wheat/Gluten-Free $ Tree Nut Free $ Soy Free $ No Sugar Added $ Kosher $ Asian $ 
https://www.epicurious.com/recipes/food/views/asian-steak-and-noodle-salad-235018,Asian Steak and Noodle Salad ,"1/4 cup Asian fish sauce $ 2 tablespoons finely chopped peeled fresh ginger $ 2 garlic cloves, finely chopped $ 2 tablespoons soy sauce $ 2 tablespoons sugar $ 2 lb flank steak $ 1/2 cup fresh lime juice $ 6 tablespoons water $ 6 tablespoons sugar $ 6 tablespoons Asian fish sauce $ 1 1/2 teaspoons dried hot red-pepper flakes $ 1/2 cup thinly sliced shallots (2 medium) $ 8 oz dried vermicelli rice-stick noodles* $ 2 medium Granny Smith apples $ 7 oz Asian salad mix (16 cups loosely packed; see cooks' note, below) $ 1 cup fresh mint leaves, torn into pieces if large $ 1/2 cup salted roasted peanuts (sometimes labeled ""cocktail peanuts""), chopped $ an adjustable-blade slicer $ ",Beef $ Fruit $ Garlic $ Ginger $ Leafy Green $ Herb $ Nut $ Pasta $ Vegetable $ Apple $ Summer $ Grill/Barbecue $ Gourmet $ ,American $ Asian $ ,3/4,24,Beef $ Fruit $ Garlic $ Ginger $ Leafy Green $ Herb $ Nut $ Pasta $ Vegetable $ Apple $ Summer $ Grill/Barbecue $ Gourmet $ American $ Asian $ 
https://www.epicurious.com/recipes/food/views/nuoc-cham-dipping-sauce-235034,Nuoc Cham Dipping Sauce ,"1 tablespoon sugar $ 1/4 cup warm water $ 1/4 cup Asian fish sauce, preferably nuoc mam $ 2 tablespoons rice vinegar (not seasoned) $ 3 tablespoons fresh lime juice $ 1 garlic clove, minced $ 1 fresh Thai chile (2 to 3 inches; preferably red) including seeds, thinly sliced crosswise $ ",Garlic $ Vegetable $ Quick & Easy $ Vinegar $ Lime $ Summer $ Gourmet $ ,Asian $ ,3.5/4,3,Garlic $ Vegetable $ Quick & Easy $ Vinegar $ Lime $ Summer $ Gourmet $ Asian $ 
https://www.epicurious.com/recipes/food/views/crab-and-pork-spring-rolls-234983,Crab-and-Pork Spring Rolls ,"1/2 oz dried wood ear mushrooms (about 2) $ 6 oz ground fatty pork (from shoulder) $ 1/4 lb jumbo lump crabmeat, picked over $ 1 whole large egg, lightly beaten, plus 1 large egg yolk, lightly beaten separately $ 1/4 cup chopped fresh cilantro $ 1 tablespoon finely grated peeled fresh ginger $ 1 scallion, finely chopped $ 2 small garlic cloves, finely chopped $ Rounded 1/4 teaspoon salt $ 30 Vietnamese rice-paper wedges* $ About 6 cups peanut or vegetable oil $ Accompaniment: nuoc cham dipping sauce . $ a deep-fat thermometer $ ",Egg $ Garlic $ Ginger $ Mushroom $ Pork $ Appetizer $ Fry $ Cocktail Party $ Oscars $ Crab $ Summer $ Cilantro $ Gourmet $ Dairy Free $ Wheat/Gluten-Free $ Tree Nut Free $ Soy Free $ ,Asian $ ,4/4,7,Egg $ Garlic $ Ginger $ Mushroom $ Pork $ Appetizer $ Fry $ Cocktail Party $ Oscars $ Crab $ Summer $ Cilantro $ Gourmet $ Dairy Free $ Wheat/Gluten-Free $ Tree Nut Free $ Soy Free $ Asian $ 
https://www.epicurious.com/recipes/food/views/bok-choy-with-fried-shallots-235026,Bok Choy with Fried Shallots ,"1 cup vegetable oil $ 1/2 pound shallots (about 6), thinly sliced crosswise and separated into rings $ 1 1/4 teaspoons kosher salt $ 2 garlic cloves, minced $ 1 3/4 pounds baby bok choy, halved lengthwise if large (2 to 2 1/2 inches long), bottoms trimmed but left intact $ ",Wok $ Vegetable $ Side $ Fry $ Quick & Easy $ Summer $ Bok Choy $ Shallot $ Gourmet $ Sugar Conscious $ Vegan $ Vegetarian $ Pescatarian $ Dairy Free $ Wheat/Gluten-Free $ Peanut Free $ Tree Nut Free $ Soy Free $ No Sugar Added $ Kosher $ ,Asian $ ,3.5/4,14,Wok $ Vegetable $ Side $ Fry $ Quick & Easy $ Summer $ Bok Choy $ Shallot $ Gourmet $ Sugar Conscious $ Vegan $ Vegetarian $ Pescatarian $ Dairy Free $ Wheat/Gluten-Free $ Peanut Free $ Tree Nut Free $ Soy Free $ No Sugar Added $ Kosher $ Asian $ 
https://www.epicurious.com/recipes/food/views/cellophane-noodle-salad-with-roast-pork-234980,Cellophane-Noodle Salad with Roast Pork ,"1 (1-lb) solid piece boneless pork butt (shoulder), halved along the grain $ 1/4 cup hoisin sauce $ 1/4 cup soy sauce $ 1/4 cup Chinese rice wine or sake $ 1 tablespoon finely chopped peeled fresh ginger $ 1 teaspoon finely chopped garlic $ 1/2 teaspoon salt $ 3/4 cup seasoned rice vinegar $ 1/2 cup peanut or vegetable oil $ 3 tablespoons fresh lime juice $ 3 tablespoons finely grated peeled fresh ginger $ 1 large fresh jalapeño chile, seeded and minced $ 8 oz very thin bean-thread noodles (also known as cellophane, glass, or mung bean noodles) $ 3/4 lb Chinese long beans (1 bunch) or green beans, trimmed and cut into 3-inch pieces $ 1 seedless cucumber (usually plastic-wrapped; about 1 lb), halved lengthwise and sliced diagonally 1/8 inch thick $ 1 bunch scallions, cut into matchsticks $ 1 firm-ripe mango, peeled, pitted, and thinly sliced $ 2 thin carrots, cut into 1/8-inch-thick matchsticks $ 1/2 cup loosely packed fresh cilantro leaves $ 1/2 cup loosely packed fresh mint leaves $ 1/2 cup loosely packed fresh small basil leaves $ ",Salad $ Bean $ Citrus $ Garlic $ Herb $ Pork $ Marinate $ Roast $ Mango $ Cucumber $ Summer $ Noodle $ Soy Sauce $ Gourmet $ ,Asian $ ,3.5/4,6,Salad $ Bean $ Citrus $ Garlic $ Herb $ Pork $ Marinate $ Roast $ Mango $ Cucumber $ Summer $ Noodle $ Soy Sauce $ Gourmet $ Asian $ 
https://www.epicurious.com/recipes/food/views/celery-sesame-and-tofu-salad-235031,"Celery, Sesame, and Tofu Salad ","1 (14-ounce) block of firm tofu $ 2 tablespoons vegetable oil $ 3/4 teaspoon Asian sesame oil $ 2 teaspoons rice vinegar (not seasoned) $ 1 teaspoon soy sauce $ 1/2 teaspoon black pepper $ 4 large celery ribs $ 2 teaspoons sesame seeds, toasted $ ",Vegetable $ Side $ Low Carb $ Low Fat $ Vegetarian $ Quick & Easy $ Low Cal $ Low Sodium $ Low/No Sugar $ Summer $ Healthy $ Low Cholesterol $ Vegan $ Gourmet $ Sugar Conscious $ Pescatarian $ Dairy Free $ Peanut Free $ Tree Nut Free $ No Sugar Added $ Kosher $ ,Asian $ ,2.5/4,13,Vegetable $ Side $ Low Carb $ Low Fat $ Vegetarian $ Quick & Easy $ Low Cal $ Low Sodium $ Low/No Sugar $ Summer $ Healthy $ Low Cholesterol $ Vegan $ Gourmet $ Sugar Conscious $ Pescatarian $ Dairy Free $ Peanut Free $ Tree Nut Free $ No Sugar Added $ Kosher $ Asian $ 
https://www.epicurious.com/recipes/food/views/thick-white-noodles-in-soup-topped-with-eggs-and-scallions-233764,"Thick White Noodles in Soup, Topped with Eggs and Scallions ","1 quart Sanuki Sea Stock $ 2 tablespoons light-colored soy sauce (usukuchi shoyu; see Tips, below) $ 2 tablespoons syrupy rice wine (mirin; see Tips, below) $ pinch of salt, optional $ 1 recipe fresh udon noodles or 8 to 10 ounces dried or semidried udon noodles , cooked (reserve cooking water) $ 4 large eggs, lightly beaten $ 2 scallions, trimmed and finely chopped (white and green portions) $ 1 small knob fresh ginger, peeled and grated to yield about 2 teaspoons; optional $ ",Soup/Stew $ Wine $ Egg $ Ginger $ Pasta $ Quick & Easy $ New Year's Day $ New Year's Eve $ Lunch $ Soy Sauce $ Sugar Conscious $ Vegetarian $ Pescatarian $ Dairy Free $ Peanut Free $ Tree Nut Free $ Kosher $ ,Asian $ Japanese $ ,3/4,3,Soup/Stew $ Wine $ Egg $ Ginger $ Pasta $ Quick & Easy $ New Year's Day $ New Year's Eve $ Lunch $ Soy Sauce $ Sugar Conscious $ Vegetarian $ Pescatarian $ Dairy Free $ Peanut Free $ Tree Nut Free $ Kosher $ Asian $ Japanese $ 
https://www.epicurious.com/recipes/food/views/to-cook-dried-udon-noodles-233761,To Cook Dried Udon Noodles ,"10 ounces dried or semidried (slightly flexible, shelf-stable) udon noodles $ ",Soup/Stew $ Pasta $ Quick & Easy $ Lunch $ Boil $ Sugar Conscious $ Kidney Friendly $ Vegetarian $ Pescatarian $ Dairy Free $ Peanut Free $ Tree Nut Free $ Soy Free $ No Sugar Added $ Kosher $ ,Asian $ Japanese $ ,3.5/4,2,Soup/Stew $ Pasta $ Quick & Easy $ Lunch $ Boil $ Sugar Conscious $ Kidney Friendly $ Vegetarian $ Pescatarian $ Dairy Free $ Peanut Free $ Tree Nut Free $ Soy Free $ No Sugar Added $ Kosher $ Asian $ Japanese $ 
https://www.epicurious.com/recipes/food/views/cold-noodle-salad-with-ponzu-sauce-233763,Cold Noodle Salad with Ponzu Sauce ,"3/4 cup Sanuki Sea Stock $ 3 tablespoons soy sauce (see Tips, below) $ 1 tablespoon sugar $ 2, 3, or 5-gram packet bonito flakes (katsuobushi; see Tips, below) $ 2 tablespoons lemon and/or lime juice $ 1 recipe fresh udon noodles or 8 to 10 ounces dried or semidried udon noodles , cooked and chilled $ 2 tablespoons white sesame seeds, freshly toasted (see Tips, below) $ 8 to 10 fresh chives, snipped, or 2 to 3 scallions, trimmed and finely chopped $ ",Pasta $ Side $ Quick & Easy $ Lunch $ Lemon $ Lime $ Chive $ Soy Sauce $ Simmer $ Dairy Free $ Peanut Free $ Tree Nut Free $ ,Asian $ Japanese $ ,3.5/4,1,Pasta $ Side $ Quick & Easy $ Lunch $ Lemon $ Lime $ Chive $ Soy Sauce $ Simmer $ Dairy Free $ Peanut Free $ Tree Nut Free $ Asian $ Japanese $ 
https://www.epicurious.com/recipes/food/views/sanuki-sea-stock-233762,Sanuki Sea Stock ,"7 large, or 15 small, dried sardines (iriko), about 1/2 ounce trimmed (see Tips, below) $ 10 to 12 square inches kelp (kombu; see Tips, below) $ 1 whole, or stems from 2 or 3, dried (hoshi) shiitake mushroom (see Tips, below) $ 4 1/2 to 5 cups cold water, filtered or bottled for best results $ 1-, 3-, or 5-gram packet bonito flakes (katsuobushi), optional (see Tips, below) $ ",Soup/Stew $ Fish $ ,Asian $ Japanese $ ,3/4,3,Soup/Stew $ Fish $ Asian $ Japanese $ 
https://www.epicurious.com/recipes/food/views/self-stomped-thick-white-noodles-233760,Self-Stomped Thick White Noodles ,"3 1/2 cups udon flour (see Tips, below) or other high-gluten white wheat flour $ 1 tablespoon salt, dissolved in 3/4 cups warm water $ ",Mixer $ Pasta $ Quick & Easy $ Fall $ Winter $ Party $ Boil $ ,Asian $ Japanese $ ,0/4,1,Mixer $ Pasta $ Quick & Easy $ Fall $ Winter $ Party $ Boil $ Asian $ Japanese $ 
https://www.epicurious.com/recipes/food/views/gingery-ground-chicken-234367,Gingery Ground Chicken ,"12 ounces ground chicken, preferably a combination of dark and light meat $ 2 tablespoons saké $ 2 teaspoons sugar $ 2 tablespoons soy sauce $ 1 teaspoon ginger juice $ ",Chicken $ Ginger $ Poultry $ Side $ Quick & Easy $ Sake $ Spring $ Soy Sauce $ Sugar Conscious $ Dairy Free $ Peanut Free $ Tree Nut Free $ Kosher $ ,Asian $ Japanese $ ,3/4,8,Chicken $ Ginger $ Poultry $ Side $ Quick & Easy $ Sake $ Spring $ Soy Sauce $ Sugar Conscious $ Dairy Free $ Peanut Free $ Tree Nut Free $ Kosher $ Asian $ Japanese $ 
https://www.epicurious.com/recipes/food/views/traditional-napa-cabbage-kimchi-233839,Traditional Napa Cabbage Kimchi ,"1 cup plus 1 tablespoon coarse sea salt or kosher salt $ Water $ 2 heads Napa cabbage, cut into quarters or 2-inch wedges, depending on size of cabbage $ 1 bulb garlic, cloves separated and peeled $ 1 (2-inch) piece of ginger root $ 1/4 cup fish sauce or Korean salted shrimp $ 1 Asian radish, peeled and grated $ 1 bunch of green onions, cut into 1-inch lengths $ 1/2 cup Korean chili powder $ 1 teaspoon sugar (optional) $ Sesame oil (optional) $ Sesame seeds (optional) $ ",Garlic $ Pepper $ Vegetable $ Side $ Lunar New Year $ Shrimp $ Radish $ Cabbage $ Pescatarian $ Dairy Free $ Wheat/Gluten-Free $ Peanut Free $ Tree Nut Free $ Soy Free $ ,Asian $ Korean $ ,3/4,11,Garlic $ Pepper $ Vegetable $ Side $ Lunar New Year $ Shrimp $ Radish $ Cabbage $ Pescatarian $ Dairy Free $ Wheat/Gluten-Free $ Peanut Free $ Tree Nut Free $ Soy Free $ Asian $ Korean $ 
https://www.epicurious.com/recipes/food/views/stir-fried-pork-in-garlic-sauce-233218,Stir-Fried Pork in Garlic Sauce ,"2 tablespoons peanut or vegetable oil $ 2 tablespoons chopped garlic $ 2 small dried chiles $ 1 1/2 pounds boneless pork, preferably from the shoulder (Boston butt or picnic), cut into thin shreds and thoroughly dried $ 1 bunch of scallions, trimmed and cut into 2-inch lengths, white and green parts separated $ 3 tablespoons soy sauce $ ",Garlic $ Pork $ Stir-Fry $ Low/No Sugar $ Dinner $ Sugar Conscious $ Dairy Free $ Tree Nut Free $ No Sugar Added $ ,Asian $ Chinese $ ,3.5/4,5,Garlic $ Pork $ Stir-Fry $ Low/No Sugar $ Dinner $ Sugar Conscious $ Dairy Free $ Tree Nut Free $ No Sugar Added $ Asian $ Chinese $ 
https://www.epicurious.com/recipes/food/views/stir-fried-garlic-lettuce-233211,Stir-Fried Garlic Lettuce ,"1 tablespoon Shaoxing rice wine or dry sherry $ 1 tablespoon soy sauce $ 3/4 teaspoon sugar $ 1/2 teaspoon salt $ 2 tablespoons vegetable oil $ 5 medium garlic cloves, smashed and peeled $ 1 pound hearts of romaine lettuce, cut crosswise into 1-inch-wide pieces $ 1 teaspoon sesame oil (see note) $ ",Wok $ Garlic $ Leafy Green $ Vegetable $ Side $ Stir-Fry $ Vegetarian $ Lettuce $ Sugar Conscious $ Vegan $ Pescatarian $ Dairy Free $ Peanut Free $ Tree Nut Free $ Kosher $ ,Asian $ Chinese $ ,3.5/4,4,Wok $ Garlic $ Leafy Green $ Vegetable $ Side $ Stir-Fry $ Vegetarian $ Lettuce $ Sugar Conscious $ Vegan $ Pescatarian $ Dairy Free $ Peanut Free $ Tree Nut Free $ Kosher $ Asian $ Chinese $ 
https://www.epicurious.com/recipes/food/views/cardamom-chai-233215,Cardamom Chai ,"About 6 cups water $ 1/2 cup whole or reduced-fat milk $ Seeds from 1 green cardamom pod, ground $ 2 heaping tablespoons black tea leaves, preferably strong-tasting Assam tea $ 2 teaspoons sugar, or to taste $ ",Milk/Cream $ Tea $ Hot Drink $ Non-Alcoholic $ Spice $ Drink $ ,Asian $ ,3/4,0,Milk/Cream $ Tea $ Hot Drink $ Non-Alcoholic $ Spice $ Drink $ Asian $ 
https://www.epicurious.com/recipes/food/views/fried-rice-with-ham-egg-and-scallions-231333,"Fried Rice with Ham, Egg, and Scallions ","2 tablespoons vegetable oil $ 1 tablespoon minced garlic $ 1/2 cup chopped scallions $ 4 cups cold cooked rice $ 3/4 cup frozen peas $ 1 large egg, beaten $ 1 cup diced smoked ham $ 1/2 teaspoon salt $ 1/4 teaspoon ground white pepper $ ",Egg $ Pork $ Rice $ Side $ Stir-Fry $ Quick & Easy $ Sugar Conscious $ Dairy Free $ Wheat/Gluten-Free $ Peanut Free $ Tree Nut Free $ Soy Free $ No Sugar Added $ ,Asian $ Chinese $ ,3/4,8,Egg $ Pork $ Rice $ Side $ Stir-Fry $ Quick & Easy $ Sugar Conscious $ Dairy Free $ Wheat/Gluten-Free $ Peanut Free $ Tree Nut Free $ Soy Free $ No Sugar Added $ Asian $ Chinese $ 
https://www.epicurious.com/recipes/food/views/modern-chop-suey-with-shallots-ginger-and-garlic-essence-231414,"Modern Chop Suey with Shallots, Ginger, and Garlic Essence ","10 fresh shiitake mushroom caps, thinly sliced $ 10 fresh oyster mushroom caps, thinly sliced $ 10 ears canned baby corn, rinsed $ 3 ounces thin green beans such as haricots verts, trimmed and cut into 3-inch pieces (about 1 cup) $ 1/2 small jicama, peeled and cut into 1/8-inch matchsticks (about 1/2 cup) $ 2 stalks celery, trimmed and cut into 1/8-inch matchsticks (about 1/2 cup) $ 2 carrots, peeled and cut into 1/8-inch matchsticks (about 1/2 cup) $ 3 medium asparagus spears, trimmed and cut into 2-inch pieces $ 2-ounce piece fresh lotus root, cut into 1/4-inch-thick slices $ 1/2 small red onion, thinly sliced (about 1/2 cup) $ 1/2 cup canned low-salt chicken broth $ 2 tablespoons dry white wine such as Chardonnay $ 1 teaspoon mushroom soy sauce or light soy sauce* $ 1 teaspoon fish sauce (nam pla)* $ 1 tablespoon oyster sauce* $ 1 tablespoon sugar $ 2 teaspoons cornstarch $ 1 teaspoon finely chopped peeled fresh ginger $ 1 large garlic clove, finely chopped $ 1 shallot, finely chopped $ 4 ounces firm tofu, drained, rinsed, and cut into 1/2-inch matchsticks $ Asian sesame oil, for drizzling $ Fresh cilantro sprigs, for garnish $ *Available at Asian markets $ ",Wok $ Mushroom $ Soy $ Vegetable $ Stir-Fry $ Kid-Friendly $ Tofu $ Birthday $ Potluck $ ,Asian $ Chinese $ ,3/4,9,Wok $ Mushroom $ Soy $ Vegetable $ Stir-Fry $ Kid-Friendly $ Tofu $ Birthday $ Potluck $ Asian $ Chinese $ 
https://www.epicurious.com/recipes/food/views/scallop-siu-mai-spring-moon-231412,Scallop Siu Mai Spring Moon ,8 dried shiitake mushrooms $ 8 ounces fresh sea scallops $ 10 ounces ground pork (about 1 1/3 cups) $ 1 teaspoon cornstarch $ 1 teaspoon sesame oil $ 1 teaspoon salt $ 1/2 teaspoon sugar $ 1/2 teaspoon ground white pepper $ 24 round won ton wrappers $ 1/4 cup minced carrots $ 4 large Napa cabbage leaves or cheesecloth $ ,Wok $ Shellfish $ Appetizer $ Steam $ Cocktail Party $ Kid-Friendly $ Poker/Game Night $ Engagement Party $ Potluck $ Sugar Conscious $ Dairy Free $ Wheat/Gluten-Free $ Peanut Free $ Tree Nut Free $ Soy Free $ ,Asian $ Chinese $ ,3/4,2,Wok $ Shellfish $ Appetizer $ Steam $ Cocktail Party $ Kid-Friendly $ Poker/Game Night $ Engagement Party $ Potluck $ Sugar Conscious $ Dairy Free $ Wheat/Gluten-Free $ Peanut Free $ Tree Nut Free $ Soy Free $ Asian $ Chinese $ 
https://www.epicurious.com/recipes/food/views/lee-wan-chings-chinese-broccoli-with-ginger-sauce-231411,Lee Wan Ching's Chinese Broccoli with Ginger Sauce ,6 medium stalks Chinese broccoli (about 12 ounces) $ 1/4 cup chicken broth $ 1 1/2 teaspoons Shao Hsing rice wine or dry sherry $ 1 teaspoon ginger juice $ 1/2 teaspoon cornstarch $ 1/4 teaspoon salt $ 1/8 teaspoon sugar $ 1 tablespoon vegetable oil $ 3 slices ginger $ ,Wok $ Ginger $ Vegetable $ Stir-Fry $ Kid-Friendly $ Broccoli $ ,Asian $ Chinese $ ,3.5/4,10,Wok $ Ginger $ Vegetable $ Stir-Fry $ Kid-Friendly $ Broccoli $ Asian $ Chinese $ 
https://www.epicurious.com/recipes/food/views/hibiscus-tea-sorbet-230783,Hibiscus Tea Sorbet ,2 cups water $ 1 cup unsprayed dried hibiscus flowers* $ 1 cup sugar $ 1 tablespoon fresh lemon juice $ 1 tablespoon fresh lime juice $ an ice cream maker $ ,Ice Cream Machine $ Herb $ Dessert $ Frozen Dessert $ Lemon $ Lime $ Summer $ Chill $ Gourmet $ Fat Free $ Kidney Friendly $ Vegan $ Vegetarian $ Pescatarian $ Dairy Free $ Wheat/Gluten-Free $ Peanut Free $ Tree Nut Free $ Soy Free $ Kosher $ ,Asian $ ,2.5/4,4,Ice Cream Machine $ Herb $ Dessert $ Frozen Dessert $ Lemon $ Lime $ Summer $ Chill $ Gourmet $ Fat Free $ Kidney Friendly $ Vegan $ Vegetarian $ Pescatarian $ Dairy Free $ Wheat/Gluten-Free $ Peanut Free $ Tree Nut Free $ Soy Free $ Kosher $ Asian $ 
https://www.epicurious.com/recipes/food/views/baked-wrapped-tilapia-230199,Baked Wrapped Tilapia ,"1-inch cube fresh gingerroot, finely chopped or grated $ 2 cloves garlic, peeled and finely chopped or grated $ 2 green onions (green part only), finely chopped $ Fresh chile to taste $ 1 cup finely chopped cilantro $ 2 tbsp grapeseed (or safflower) oil $ Dash of toasted sesame oil $ Dash of soy sauce $ Dash of fish sauce $ 4 tsp dark maple syrup $ 4 fillets (4 oz each) fresh tilapia (or other firm-fleshed whitefish) $ 4 large banana leaves (or unbleached parchment paper) $ ",Fish $ Ginger $ Bake $ Low Fat $ Tilapia $ Maple Syrup $ Self $ ,American $ Asian $ ,3.5/4,150,Fish $ Ginger $ Bake $ Low Fat $ Tilapia $ Maple Syrup $ Self $ American $ Asian $ 
https://www.epicurious.com/recipes/food/views/chock-full-of-veggies-chicken-230299,Chock-Full-of-Veggies Chicken ,1 lb chicken strips $ 2 tsp canola oil $ 1 bag (21 oz) frozen veggies (get one that comes with teriyaki sauce) $ 2 cups Minute brand brown rice $ ,Chicken $ Rice $ Vegetable $ Stir-Fry $ Low Fat $ Quick & Easy $ Dinner $ Lunch $ Self $ Dairy Free $ Peanut Free $ Tree Nut Free $ Soy Free $ No Sugar Added $ Kosher $ ,American $ Asian $ ,2/4,5,Chicken $ Rice $ Vegetable $ Stir-Fry $ Low Fat $ Quick & Easy $ Dinner $ Lunch $ Self $ Dairy Free $ Peanut Free $ Tree Nut Free $ Soy Free $ No Sugar Added $ Kosher $ American $ Asian $ 
https://www.epicurious.com/recipes/food/views/fresh-tuna-sandwich-230188,Fresh Tuna Sandwich ,"1/2 cup red onion, thinly sliced $ 2 tsp olive oil $ 1 tbsp fennel seed $ 1 cup white wine* $ 1 lb red cabbage, cored and thinly sliced $ 8 oz deli-style sauerkraut $ 1/2 cup rice vinegar $ 1 1/2 tbsp kosher salt $ 1 tbsp wasabi paste $ 4 oz plain nonfat yogurt $ 4 oz goat cheese $ 1 lb high-quality tuna steak (single piece, no blood lines) $ 1/4 cup black peppercorns, cracked $ 1 tbsp kosher salt $ 2 tsp safflower (or canola) oil $ 8 slices rye bread $ ",Sandwich $ Sauté $ Low Fat $ Yogurt $ Lunch $ Wasabi $ Goat Cheese $ Tuna $ Chill $ Cabbage $ Self $ Pescatarian $ Peanut Free $ Tree Nut Free $ Soy Free $ Kosher $ ,American $ Asian $ ,1/4,2,Sandwich $ Sauté $ Low Fat $ Yogurt $ Lunch $ Wasabi $ Goat Cheese $ Tuna $ Chill $ Cabbage $ Self $ Pescatarian $ Peanut Free $ Tree Nut Free $ Soy Free $ Kosher $ American $ Asian $ 
https://www.epicurious.com/recipes/food/views/bass-satay-with-asparagus-230186,Bass Satay with Asparagus ,1 cup sake (found in Asian grocery stores) $ 1 cup mirin (found in Asian grocery stores) $ 1 cup miso (found in Asian grocery stores) $ 1 cup sugar $ 1/2 cup chopped ginger $ 1/2 cup chopped garlic $ 2 pieces Chilean sea bass (2 ounces each) $ 4 jumbo stalks peeled asparagus (4 inches) $ 1 tbsp olive oil $ 1 tbsp minced chives $ ,Garlic $ Ginger $ Broil $ Marinate $ Low Fat $ Bass $ Asparagus $ Sake $ Self $ ,Asian $ ,4/4,5,Garlic $ Ginger $ Broil $ Marinate $ Low Fat $ Bass $ Asparagus $ Sake $ Self $ Asian $ 
https://www.epicurious.com/recipes/food/views/melon-and-mango-with-pork-230190,Melon and Mango with Pork ,"1/4 cup low-sodium soy sauce $ 2 cloves garlic, peeled and minced $ 1 1/2 tsp fresh or bottled lime juice $ 1 tsp cornstarch $ 1 lb pork tenderloin, cut into long strips $ 1 cup honeydew melon, cut into long strips $ 1 slightly underripe mango, peeled and cut into long strips $ 1 tbsp fresh or bottled lemon juice $ 2 tbsp canola oil $ 3 green onions, thinly sliced $ Orange-peel twists (or orange zest) $ 2 cups cooked white rice $ ",Pork $ Rice $ Stir-Fry $ Low Fat $ Melon $ Mango $ Self $ ,Asian $ ,2/4,2,Pork $ Rice $ Stir-Fry $ Low Fat $ Melon $ Mango $ Self $ Asian $ 
https://www.epicurious.com/recipes/food/views/leafy-chicken-wraps-230187,Leafy Chicken Wraps ,"1 head romaine lettuce $ 1 tbsp olive oil $ 1 clove garlic, peeled and crushed $ 1/2 large onion, diced $ 1 1/2 lb chicken breast, diced $ 1 tbsp soy sauce $ 1 tbsp fish sauce (found at Asian grocery stores) $ 1 tbsp sherry (or 3 tbsp vegetable broth) $ 6 large shiitake mushrooms, diced $ 1/4 cup water chestnuts, diced $ 1/4 cup carrots, shredded $ 2 tbsp cornstarch $ Plum sauce (found at Asian grocery stores) $ ",Chicken $ Garlic $ Mushroom $ Low Fat $ Lunch $ Lettuce $ Self $ Sugar Conscious $ Dairy Free $ Peanut Free $ ,Asian $ ,3/4,8,Chicken $ Garlic $ Mushroom $ Low Fat $ Lunch $ Lettuce $ Self $ Sugar Conscious $ Dairy Free $ Peanut Free $ Asian $ 
https://www.epicurious.com/recipes/food/views/peanut-noodles-with-shrimp-230177,Peanut Noodles with Shrimp ,"1 tsp canola oil $ 2 tsp minced fresh ginger $ 2 cloves garlic, peeled and minced $ 1 tbsp low-sodium soy sauce $ 4 tsp rice vinegar $ 1/2 tsp Asian chili sauce (or 1/2 tsp red pepper flakes) $ 1/3 cup natural-style smooth peanut butter $ 1/2 cup lower-sodium nonfat chicken broth $ 1/2 tsp salt $ 8 oz spaghetti $ 12 oz medium shrimp, peeled and deveined $ 1 red bell pepper, cored, seeded and julienned $ 1 cup snow peas $ 1 carrot, peeled and julienned $ ",Pasta $ Sauté $ Low Fat $ Peanut $ Shrimp $ Sugar Snap Pea $ Self $ ,Asian $ ,3/4,12,Pasta $ Sauté $ Low Fat $ Peanut $ Shrimp $ Sugar Snap Pea $ Self $ Asian $ 
https://www.epicurious.com/recipes/food/views/spicy-asian-chicken-soup-230174,Spicy Asian Chicken Soup ,"1 can (48 oz) nonfat chicken broth $ 1/4 cup soy sauce $ 1 tbsp brown sugar $ 1/4 tsp Asian chili sauce (or 1/4 tsp red pepper flakes) $ 2 tbsp fresh lime juice $ 1-inch piece fresh ginger, peeled and cut in 8 slices $ 3/4 lb boneless chicken breasts, cut in thin 3-inch-long strips $ 3 tbsp cornstarch $ 1 cup sliced shiitake mushrooms (or white button mushrooms) $ 1 cup snap peas (or snow peas) $ 1 red bell pepper, cored, seeded and julienned $ 1 tsp lime zest $ 2 tbsp chopped fresh cilantro $ ",Soup/Stew $ Chicken $ Vegetable $ Low Fat $ Fall $ Winter $ Self $ ,Asian $ ,3.5/4,32,Soup/Stew $ Chicken $ Vegetable $ Low Fat $ Fall $ Winter $ Self $ Asian $ 
https://www.epicurious.com/recipes/food/views/green-tea-soy-broth-230243,Green-Tea Soy Broth ,"2 green-tea bags $ 3 tbsp low-sodium tamari soy sauce $ 1 tbsp ginger juice (grate ginger, skin on; using your hand, squeeze juice into a bowl) $ 2 tsp pineapple juice concentrate $ ",Sauce $ Soup/Stew $ Tea $ Soy $ Low Fat $ Healthy $ Self $ ,Asian $ ,0/4,1,Sauce $ Soup/Stew $ Tea $ Soy $ Low Fat $ Healthy $ Self $ Asian $ 
https://www.epicurious.com/recipes/food/views/chicken-en-papillote-230234,Chicken en Papillote ,"8 sheets aluminum foil, each 18 inches long $ 4 tsp grapeseed oil $ 2 cups watercress leaves $ 4 boneless chicken breast halves (1 lb) $ Freshly ground black pepper $ 1 cup diced mango (about 2 mangoes) $ 8 shiitake mushroom caps $ 1/4 cup soy sauce $ 1/4 cup ketchup $ 1/4 cup red wine vinegar $ 1 tbsp grated ginger $ 2 cloves garlic, peeled and minced $ ",Chicken $ Garlic $ Ginger $ Mushroom $ Bake $ Low Fat $ Dinner $ Mango $ Watercress $ Soy Sauce $ Self $ Dairy Free $ Peanut Free $ Tree Nut Free $ No Sugar Added $ Kosher $ ,Asian $ French $ ,2.5/4,2,Chicken $ Garlic $ Ginger $ Mushroom $ Bake $ Low Fat $ Dinner $ Mango $ Watercress $ Soy Sauce $ Self $ Dairy Free $ Peanut Free $ Tree Nut Free $ No Sugar Added $ Kosher $ Asian $ French $ 
https://www.epicurious.com/recipes/food/views/soy-marinated-chicken-breast-with-watercress-pasta-salad-and-mango-lime-puree-230233,Soy-Marinated Chicken Breast with Watercress-Pasta Salad and Mango-Lime Purée ,"1/4 cup soy sauce $ 1 tsp chili paste $ 4 scallions, chopped, green and white parts kept separate $ 1/4 cup red wine $ 3 cloves garlic, peeled and minced $ 1 tbsp minced ginger $ 1/4 tsp black pepper $ 4 boneless chicken breast halves (1 lb) $ 8 oz linguine $ 2 tbsp Dijon mustard $ 2 tbsp rice vinegar $ 1 tbsp sesame oil $ 3 tbsp canola oil $ 1 red bell pepper, cored, seeded and julienned $ 3 bunches watercress $ 2 mangoes, cubed $ 2 tsp fresh lime juice $ Vegetable-oil cooking spray $ ",Salad $ Blender $ Chicken $ Pasta $ Broil $ Low Fat $ Lime $ Mango $ Watercress $ Self $ ,Asian $ ,3.5/4,9,Salad $ Blender $ Chicken $ Pasta $ Broil $ Low Fat $ Lime $ Mango $ Watercress $ Self $ Asian $ 
https://www.epicurious.com/recipes/food/views/snap-peas-with-chile-and-mint-234672,Snap Peas with Chile and Mint ,"1/4 teaspoon red-curry paste or 1 1/4 teaspoons Thai Kitchen roasted red-chile paste $ 3 tablespoons water $ 1 tablespoon vegetable oil $ 1/2 cup thinly sliced shallots (about 2 medium) $ 1 lb sugar snap peas, trimmed $ 1 teaspoon salt $ 2 teaspoons fresh lime juice $ 1/2 cup loosely packed thinly sliced fresh mint $ ",Pepper $ Side $ Sauté $ Vegetarian $ Quick & Easy $ Mint $ Vegan $ Shallot $ Sugar Snap Pea $ Gourmet $ Pescatarian $ Dairy Free $ Wheat/Gluten-Free $ Peanut Free $ Tree Nut Free $ Soy Free $ No Sugar Added $ Kosher $ ,Asian $ ,3.5/4,3,Pepper $ Side $ Sauté $ Vegetarian $ Quick & Easy $ Mint $ Vegan $ Shallot $ Sugar Snap Pea $ Gourmet $ Pescatarian $ Dairy Free $ Wheat/Gluten-Free $ Peanut Free $ Tree Nut Free $ Soy Free $ No Sugar Added $ Kosher $ Asian $ 
https://www.epicurious.com/recipes/food/views/nonya-chicken-stock-234690,Nonya Chicken Stock ,"6 lb chicken wings, halved at joint $ 4 qt cold water $ 1 small onion, halved but not peeled $ 3 scallions $ 1 1/2 teaspoons salt $ cheesecloth $ ",Soup/Stew $ Chicken $ Onion $ Simmer $ Gourmet $ ,Asian $ ,0/4,0,Soup/Stew $ Chicken $ Onion $ Simmer $ Gourmet $ Asian $ 
https://www.epicurious.com/recipes/food/views/chicken-in-spicy-coconut-sauce-234647,Chicken in Spicy Coconut Sauce ,"3 pound chicken drumsticks and thighs $ 2 teaspoons salt $ 2 rounded tablespoons tamarind from a pliable block $ 1/2 cup hot water $ 1 cup chopped shallots (4 large) $ 10 (5 1/2-inch) fresh Holland red chiles, sliced crosswise (1 cup), including seeds $ 1 tablespoon chopped peeled fresh ginger $ 2 teaspoons chopped peeled turmeric (fresh or thawed frozen) or 1 teaspoon ground turmeric $ 1 teaspoon ground cumin $ 2 teaspoons ground coriander $ 2 fresh lemongrass stalks, 1 or 2 outer leaves and all but lower 6 inches discarded $ 6 cups well-stirred canned unsweetened coconut milk (48 fl oz; not low-fat) $ 1 (1-inch) piece galangal (fresh or thawed frozen), sliced crosswise $ 2 teaspoons packed dark palm sugar or dark brown sugar $ ",Sauce $ Milk/Cream $ Chicken $ Braise $ Spice $ Hot Pepper $ Shallot $ Lemongrass $ Gourmet $ ,Asian $ ,3.5/4,10,Sauce $ Milk/Cream $ Chicken $ Braise $ Spice $ Hot Pepper $ Shallot $ Lemongrass $ Gourmet $ Asian $ 
https://www.epicurious.com/recipes/food/views/mango-puddings-234682,Mango Puddings ,"2 1/4 to 2 3/4 lb very ripe mangoes (4 or 5) $ 1 (1/4-oz) envelope unflavored gelatin $ 1 1/4 cups water $ 1/2 cup sugar $ 3/4 cup canned evaporated milk $ Garnish: 1 mango, peeled, pitted, and diced $ ",Milk/Cream $ Dessert $ Quick & Easy $ Mango $ Summer $ Chill $ Simmer $ Gourmet $ Wheat/Gluten-Free $ Peanut Free $ Tree Nut Free $ Soy Free $ ,Asian $ ,2.5/4,6,Milk/Cream $ Dessert $ Quick & Easy $ Mango $ Summer $ Chill $ Simmer $ Gourmet $ Wheat/Gluten-Free $ Peanut Free $ Tree Nut Free $ Soy Free $ Asian $ 
https://www.epicurious.com/recipes/food/views/green-papaya-salad-234679,Green-Papaya Salad ,"2 teaspoons belacan (shrimp paste)* $ 3 (5 1/2-inch) fresh Holland red chiles*, sliced, including seeds $ 1/2 teaspoon sugar $ 1/4 oz small dried shrimp* (1 tablespoon) $ 3/4 teaspoon salt $ 1 large shallot, halved lengthwise, then thinly sliced crosswise (1/4 cup) $ 1 (1 1/2-lb) piece green papaya* or 1 1/2 lb seedless cucumber (1 to 2; usually plastic-wrapped) $ 3 tablespoons fresh lime juice $ 2 1/2 teaspoons sugar $ a mini food processor; an adjustable-blade slicer fitted with julienne attachment $ ",Salad $ Food Processor $ Appetizer $ Side $ Lime $ Papaya $ Shrimp $ Hot Pepper $ Gourmet $ Fat Free $ Kidney Friendly $ Pescatarian $ Dairy Free $ Wheat/Gluten-Free $ Peanut Free $ Tree Nut Free $ Soy Free $ ,Asian $ ,0/4,0,Salad $ Food Processor $ Appetizer $ Side $ Lime $ Papaya $ Shrimp $ Hot Pepper $ Gourmet $ Fat Free $ Kidney Friendly $ Pescatarian $ Dairy Free $ Wheat/Gluten-Free $ Peanut Free $ Tree Nut Free $ Soy Free $ Asian $ 
https://www.epicurious.com/recipes/food/views/sticky-sesame-chicken-wings-234650,Sticky Sesame Chicken Wings ,"1 large garlic clove $ 3/4 teaspoon salt $ 2 tablespoons soy sauce $ 2 tablespoons hoisin sauce $ 2 tablespoons mild honey $ 1 teaspoon Asian sesame oil $ Pinch of cayenne $ 3 lb chicken wingettes or chicken wings (see cooks' note, below) $ 1 1/2 tablespoons sesame seeds, lightly toasted $ 1 scallion (green part only), finely chopped $ ",Chicken $ Bake $ Kid-Friendly $ Quick & Easy $ Honey $ Soy Sauce $ Gourmet $ ,American $ Asian $ ,3/4,95,Chicken $ Bake $ Kid-Friendly $ Quick & Easy $ Honey $ Soy Sauce $ Gourmet $ American $ Asian $ 
https://www.epicurious.com/recipes/food/views/perfect-steamed-rice-234674,Perfect Steamed Rice ,3 cups Thai jasmine rice (1 lb 5 oz) $ 3 3/4 cups water $ ,Rice $ Side $ Steam $ Vegetarian $ Quick & Easy $ Vegan $ Gourmet $ Fat Free $ Sugar Conscious $ Kidney Friendly $ Pescatarian $ Dairy Free $ Wheat/Gluten-Free $ Peanut Free $ Tree Nut Free $ Soy Free $ No Sugar Added $ Kosher $ ,Asian $ ,4/4,10,Rice $ Side $ Steam $ Vegetarian $ Quick & Easy $ Vegan $ Gourmet $ Fat Free $ Sugar Conscious $ Kidney Friendly $ Pescatarian $ Dairy Free $ Wheat/Gluten-Free $ Peanut Free $ Tree Nut Free $ Soy Free $ No Sugar Added $ Kosher $ Asian $ 
https://www.epicurious.com/recipes/food/views/pork-braised-in-dark-soy-sauce-234658,Pork Braised in Dark Soy Sauce ,"3 tablespoons coriander seeds, toasted and cooled $ 5 cups plus 2 tablespoons water $ 3/4 cup chopped shallots (3 large) $ 8 garlic cloves, chopped $ 1/4 cup vegetable oil $ 1 (3 1/2- to 4-inch) cinnamon stick $ 3 tablespoons yellow soybean sauce, mashed with back of a spoon to a coarse paste $ 2 tablespoons sugar $ 1/2 teaspoon ground cloves $ 2 1/2 lb boneless pork shoulder (sometimes called pork butt; in 1 or 2 solid pieces), cut into 1 1/2-inch cubes $ 1 tablespoon dark soy sauce $ 1 (1 1/4-lb) can sliced bamboo shoots, drained and rinsed $ Garnish: 3 (5 1/2-inch) fresh Holland red chiles, halved lengthwise, seeded, and thinly sliced; 1 cup fresh cilantro sprigs $ an electric coffee/spice grinder; a mini food processor $ ",Food Processor $ Garlic $ Pork $ Appetizer $ Braise $ Winter $ Shallot $ Soy Sauce $ Coriander $ Gourmet $ Dairy Free $ Peanut Free $ Tree Nut Free $ ,Asian $ ,3.5/4,15,Food Processor $ Garlic $ Pork $ Appetizer $ Braise $ Winter $ Shallot $ Soy Sauce $ Coriander $ Gourmet $ Dairy Free $ Peanut Free $ Tree Nut Free $ Asian $ 
https://www.epicurious.com/recipes/food/views/mint-soup-234641,Mint Soup ,"3/4 oz small dried shrimp (3 tablespoons) $ 8 cups Nonya chicken stock $ 2 cups loosely packed fresh spearmint leaves $ 3 large eggs, lightly beaten $ 1/2 teaspoon salt $ 1/4 teaspoon black pepper $ ",Soup/Stew $ Egg $ Appetizer $ Quick & Easy $ Mint $ Shrimp $ Winter $ Gourmet $ Sugar Conscious $ Paleo $ Dairy Free $ Wheat/Gluten-Free $ Peanut Free $ Tree Nut Free $ Soy Free $ No Sugar Added $ ,Asian $ ,3.5/4,2,Soup/Stew $ Egg $ Appetizer $ Quick & Easy $ Mint $ Shrimp $ Winter $ Gourmet $ Sugar Conscious $ Paleo $ Dairy Free $ Wheat/Gluten-Free $ Peanut Free $ Tree Nut Free $ Soy Free $ No Sugar Added $ Asian $ 
https://www.epicurious.com/recipes/food/views/scallops-with-cilantro-sauce-and-asian-slaw-234640,Scallops with Cilantro Sauce and Asian Slaw ,"1 large carrot, cut into julienne $ 1/3 lb daikon radish, peeled and cut into julienne $ 1 unpeeled Granny Smith apple, cut into julienne $ 1 scallion, cut into julienne (with a knife) $ 3 tablespoons rice vinegar (not seasoned) $ 1 1/2 tablespoons sugar $ 1 teaspoon salt $ 1/2 cup finely chopped fresh cilantro $ 3 tablespoons fresh lime juice $ 1 to 2 teaspoons minced fresh serrano chile $ 1 teaspoon Asian fish sauce $ 1/4 cup vegetable oil $ 1 1/2 lb sea scallops, tough muscle discarded from each $ an adjustable-blade slicer with julienne blade $ ",Shellfish $ Vegetable $ Appetizer $ Sauté $ Quick & Easy $ Lunch $ Scallop $ Summer $ Gourmet $ Pescatarian $ Dairy Free $ Wheat/Gluten-Free $ Peanut Free $ Tree Nut Free $ Soy Free $ ,Asian $ ,3.5/4,22,Shellfish $ Vegetable $ Appetizer $ Sauté $ Quick & Easy $ Lunch $ Scallop $ Summer $ Gourmet $ Pescatarian $ Dairy Free $ Wheat/Gluten-Free $ Peanut Free $ Tree Nut Free $ Soy Free $ Asian $ 
https://www.epicurious.com/recipes/food/views/spicy-stir-fried-chinese-long-beans-with-peanuts-234667,Spicy Stir-Fried Chinese Long Beans with Peanuts ,"1 1/2 lb Chinese long beans* $ 1/2 cup unsalted dry-roasted peanuts (2 1/2 oz; not cocktail peanuts) $ 2 teaspoons soy sauce $ 2 to 3 small fresh Thai chiles** (to taste), finely chopped $ 1/2 teaspoon salt $ 1 1/2 tablespoons peanut oil $ 1 tablespoon chopped garlic $ 1 large shallot, halved lengthwise, then very thinly sliced crosswise (1/2 cup) $ 2 tablespoons fresh lime juice $ Garnish: lime wedges $ a well-seasoned 14-inch flat-bottomed wok $ ",Wok $ Bean $ Side $ Stir-Fry $ Vegetarian $ Peanut $ Hot Pepper $ Summer $ Vegan $ Boil $ Gourmet $ Pescatarian $ Dairy Free $ Tree Nut Free $ No Sugar Added $ Kosher $ ,Asian $ ,3.5/4,18,Wok $ Bean $ Side $ Stir-Fry $ Vegetarian $ Peanut $ Hot Pepper $ Summer $ Vegan $ Boil $ Gourmet $ Pescatarian $ Dairy Free $ Tree Nut Free $ No Sugar Added $ Kosher $ Asian $ 
https://www.epicurious.com/recipes/food/views/beef-sates-with-peanut-sauce-234637,Beef Sates with Peanut Sauce ,"1 lb (1-inch-thick) piece beef rump roast, halved crosswise for easier cutting $ 2 fresh lemongrass stalks (about 3/4 inch wide at base), 1 or 2 outer leaves discarded $ 1/2 cup finely chopped shallots (from 2 large) $ 1 tablespoon sugar $ 2 teaspoons ground coriander $ 1 teaspoon ground turmeric $ 1 teaspoon salt $ 1/2 teaspoon cayenne or Indian pure red-chile powder $ 1/4 cup vegetable oil $ 6 to 8 (2-inch-long) dried red chiles such as prik haeng $ 1 rounded tablespoon tamarind froma pliable block $ 1/3 cup hot water $ 1 teaspoon fennel seeds $ 2 cups unsalted shelled roasted peanuts (10 1/2 oz) $ 1 fresh lemongrass stalk (about 3/4 inch wide at base), 1 or 2 outer leaves discarded $ 1 medium onion, chopped $ 2 teaspoons finely chopped peeled galangal (fresh or thawed frozen) $ 2 teaspoons finely chopped peeled fresh ginger $ 1 tablespoon ground coriander $ 1 teaspoon cayenne or Indian pure red-chile powder $ 3 tablespoons vegetable oil $ 1 1/4 cups well-stirred canned unsweetened coconut milk (10 fl oz; not low-fat) $ 2 1/2 to 3 tablespoons packed dark palm sugar or dark brown sugar $ 3/4 teaspoon salt $ 3/4 cup water $ a mini food processor; an electric coffee/spice grinder; 26 (10-inch) wooden skewers, soaked in warm water 30 minutes $ ",Milk/Cream $ Beef $ Appetizer $ Marinate $ Peanut $ Hot Pepper $ Summer $ Grill/Barbecue $ Shallot $ Lemongrass $ Gourmet $ Sugar Conscious $ Kidney Friendly $ Dairy Free $ Wheat/Gluten-Free $ Tree Nut Free $ Soy Free $ ,Asian $ ,2/4,7,Milk/Cream $ Beef $ Appetizer $ Marinate $ Peanut $ Hot Pepper $ Summer $ Grill/Barbecue $ Shallot $ Lemongrass $ Gourmet $ Sugar Conscious $ Kidney Friendly $ Dairy Free $ Wheat/Gluten-Free $ Tree Nut Free $ Soy Free $ Asian $ 
https://www.epicurious.com/recipes/food/views/water-spinach-with-shrimp-234663,Water Spinach with Shrimp ,"1 teaspoon belacan (shrimp paste) $ 4 (5 1/2-inch) fresh Holland red chiles, sliced, including seeds if desired (for a spicier dish) $ 1/2 cup chopped shallots (2 large) $ 2 tablespoons vegetable oil $ 1/2 lb large shrimp in shell (about 21 to 25 per lb), peeled, deveined, and cut crosswise into 1/2-inch pieces $ 3/4 cup well-stirred unsweetened canned coconut milk (not low-fat) $ 1/3 cup Nonya chicken stock epi:recipelinkor reduced-sodium chicken broth</epi:recipelink> $ 1 teaspoon salt $ 1 1/2 lb water spinach, bottom 4 inches discarded and remainder (leaves with stems) cut crosswise into 1-inch pieces $ a mini food processor; a large wok $ ",Milk/Cream $ Wok $ Side $ Bake $ Stir-Fry $ Quick & Easy $ Shrimp $ Spinach $ Hot Pepper $ Healthy $ Shallot $ Gourmet $ Sugar Conscious $ Dairy Free $ Wheat/Gluten-Free $ Peanut Free $ Tree Nut Free $ Soy Free $ No Sugar Added $ ,Asian $ ,0/4,0,Milk/Cream $ Wok $ Side $ Bake $ Stir-Fry $ Quick & Easy $ Shrimp $ Spinach $ Hot Pepper $ Healthy $ Shallot $ Gourmet $ Sugar Conscious $ Dairy Free $ Wheat/Gluten-Free $ Peanut Free $ Tree Nut Free $ Soy Free $ No Sugar Added $ Asian $ 
https://www.epicurious.com/recipes/food/views/vegetable-and-tofu-red-curry-234255,Vegetable and Tofu Red Curry ,"1 cup jasmine rice $ 1 3/4 cups water $ 1 medium onion, halved lengthwise, then thinly sliced crosswise $ 1 tablespoon vegetable oil $ 1 large garlic clove, chopped $ 2 teaspoons bottled Asian red-curry paste such as Thai Kitchen brand $ 1 (14-oz) can unsweetened coconut milk (not low-fat) $ 1 teaspoon salt $ 1 (1-lb) package frozen mixed vegetables such as broccoli, corn, and red peppers $ 1 (14- to 16-oz) block firm tofu, rinsed, patted dry, and cut into 1/2-inch cubes $ 1 tablespoon Asian fish sauce $ Accompaniments: fresh cilantro sprigs; lime wedges $ ",Soy $ Vegetable $ Stir-Fry $ Quick & Easy $ Tofu $ Curry $ Broccoli $ Corn $ Bell Pepper $ Gourmet $ ,Asian $ ,3/4,23,Soy $ Vegetable $ Stir-Fry $ Quick & Easy $ Tofu $ Curry $ Broccoli $ Corn $ Bell Pepper $ Gourmet $ Asian $ 
https://www.epicurious.com/recipes/food/views/duck-fried-rice-234151,Duck-Fried Rice ,"1 cup sugar $ 1 cup dry red wine $ 1 4-ounce container sugar-coated hot tamarind candy, coarsely chopped $ 1/4 onion, thinly sliced $ 2 thin slices peeled fresh ginger $ 2 small garlic cloves, peeled, smashed $ 1 1/2 cups low-salt chicken broth $ 1 cup water $ 2 tablespoons canola oil $ 1 cup shredded cooked duck* $ 1/2 cup matchstick-size strips leek, white part only $ 1/2 cup coarsely shredded peeled carrot $ 1/2 cup chopped stemmed shiitake mushrooms $ 3 cups cooked medium-grain brown rice (about 1 1/2 cups uncooked) $ 1 1/2 cups fresh pea sprouts $ ",Duck $ Ginger $ Mushroom $ Rice $ Side $ Sauté $ Stir-Fry $ Quick & Easy $ Leek $ Fall $ Winter $ Bon Appétit $ Dairy Free $ Wheat/Gluten-Free $ Peanut Free $ Tree Nut Free $ Soy Free $ Kosher $ ,American $ Asian $ ,2/4,6,Duck $ Ginger $ Mushroom $ Rice $ Side $ Sauté $ Stir-Fry $ Quick & Easy $ Leek $ Fall $ Winter $ Bon Appétit $ Dairy Free $ Wheat/Gluten-Free $ Peanut Free $ Tree Nut Free $ Soy Free $ Kosher $ American $ Asian $ 
https://www.epicurious.com/recipes/food/views/roasted-halibut-and-green-beans-with-asian-cilantro-sauce-234134,Roasted Halibut and Green Beans with Asian Cilantro Sauce ,"2 cups loosely packed cilantro leaves (from 1 large bunch) $ 2 tablespoons fresh lemon juice $ 1 green onion, chopped (about 1/4 cup) $ 1 tablespoon minced peeled fresh ginger $ 1/2 jalapeño chile with seeds, chopped (about 2 teaspoons) $ 5 tablespoons safflower oil, divided $ 2 teaspoons Asian sesame oil, divided $ 3 teaspoons soy sauce, divided $ 2 8-ounce halibut fillets, each about 1-inch thick $ 2 cups green beans, halved $ 2 cups stemmed shiitake or oyster mushrooms $ ",Bean $ Fish $ Ginger $ Herb $ Mushroom $ Vegetable $ Roast $ Quick & Easy $ High Fiber $ Halibut $ Green Bean $ Spring $ Jalapeño $ Soy Sauce $ Bon Appétit $ ,Asian $ ,3.5/4,78,Bean $ Fish $ Ginger $ Herb $ Mushroom $ Vegetable $ Roast $ Quick & Easy $ High Fiber $ Halibut $ Green Bean $ Spring $ Jalapeño $ Soy Sauce $ Bon Appétit $ Asian $ 
https://www.epicurious.com/recipes/food/views/chicken-asparagus-and-broccoli-stir-fry-234143,"Chicken, Asparagus, and Broccoli Stir-Fry ","2 tablespoons Asian sesame oil, divided $ 2 garlic cloves, chopped $ 2 cups 1 1/2-inch pieces asparagus $ 2 cups small broccoli florets $ 6 tablespoons low-salt chicken broth, divided $ 1 1/4 pounds skinless boneless chicken breast halves, thinly sliced crosswise $ 4 large green onions, chopped $ 3 tablespoons hoisin sauce* $ 1 tablespoon oyster sauce $ ",Chicken $ Onion $ Poultry $ Vegetable $ Stir-Fry $ Kid-Friendly $ Quick & Easy $ Dinner $ Lunch $ Asparagus $ Broccoli $ Sesame $ Bon Appétit $ Colorado $ Dairy Free $ Peanut Free $ Tree Nut Free $ No Sugar Added $ ,Asian $ ,3/4,34,Chicken $ Onion $ Poultry $ Vegetable $ Stir-Fry $ Kid-Friendly $ Quick & Easy $ Dinner $ Lunch $ Asparagus $ Broccoli $ Sesame $ Bon Appétit $ Colorado $ Dairy Free $ Peanut Free $ Tree Nut Free $ No Sugar Added $ Asian $ 
https://www.epicurious.com/recipes/food/views/hoisin-marinated-pork-chops-234138,Hoisin-Marinated Pork Chops ,"1 1/2 cups plus 2 tablespoons hoisin sauce $ 1 cup oyster sauce $ 1/4 cup black bean garlic sauce $ 3 garlic cloves, chopped $ 1 tablespoon chopped peeled fresh ginger $ 1 teaspoon red food coloring $ 6 12- to 14-ounce pork rib chops, each about 1 1/2 inches thick $ ",Garlic $ Ginger $ Pork $ Broil $ Marinate $ Quick & Easy $ Pork Chop $ Bon Appétit $ ,American $ Asian $ ,3.5/4,40,Garlic $ Ginger $ Pork $ Broil $ Marinate $ Quick & Easy $ Pork Chop $ Bon Appétit $ American $ Asian $ 
https://www.epicurious.com/recipes/food/views/spicy-shrimp-and-coconut-noodle-soup-with-shiitake-mushrooms-234127,Spicy Shrimp and Coconut Noodle Soup with Shiitake Mushrooms ,"1/3 cup coarsely chopped peeled fresh ginger $ 4 garlic cloves, thinly sliced $ 3 tablespoons water $ 3 kaffir lime leaves $ 1 fresh lemongrass stalk, tough outer leaves removed, 4 inches of thick end thinly sliced $ 1/2 to 1 small whole dried red chile (such as chile de árbol) $ 3 tablespoons peanut oil, divided $ 24 large uncooked shrimp, peeled, deveined, cut in half lengthwise, shells reserved $ 1 large red onion, halved through core, thinly sliced, divided $ 2 tablespoons fish sauce (such as nam pla or nuoc nam) $ 1 rounded tablespoon chopped palm sugar or dark brown sugar $ 4 cups canned unsweetened coconut milk $ 2 1/2 cups vegetable broth $ 10 ounces shiitake mushrooms, stemmed, stems reserved, caps sliced $ 9 ounces dried flat rice noodles $ 4 garlic cloves, thinly sliced $ 1 tablespoon toasted sesame oil (such as Asian) $ 1/2 cup skinless peanuts, toasted, coarsely chopped $ 1/4 cup fresh lime juice $ 1/2 cup thinly sliced green onions $ 1/3 cup fresh cilantro leaves $ 1 lime, cut into 6 wedges $ ",Soup/Stew $ Mushroom $ Shellfish $ Sauté $ Quick & Easy $ Coconut $ Shrimp $ Spring $ Noodle $ Simmer $ Bon Appétit $ ,Asian $ ,3.5/4,15,Soup/Stew $ Mushroom $ Shellfish $ Sauté $ Quick & Easy $ Coconut $ Shrimp $ Spring $ Noodle $ Simmer $ Bon Appétit $ Asian $ 
https://www.epicurious.com/recipes/food/views/miso-marinated-cod-with-fava-beans-230236,Miso-Marinated Cod with Fava Beans ,"1 cup white miso $ 1 tbsp peeled, finely chopped ginger $ 2 tbsp roughly chopped fresh cilantro $ 1 tbsp finely chopped shallot plus 1/2 cup thinly sliced shallots $ 4 cod fillets (about 5 oz each) $ 2 cups shelled and peeled fava beans (or shelled fresh peas) $ 6 cups homemade or 4 cans (13 oz each) low-sodium chicken broth $ 2 tsp finely chopped fresh thyme $ 1 tbsp unsalted butter $ 1 tbsp canola (or corn) oil $ Freshly ground black pepper $ ",Bean $ Soy $ Marinate $ Sauté $ Low Fat $ Cod $ Healthy $ Self $ ,Asian $ French $ ,4/4,2,Bean $ Soy $ Marinate $ Sauté $ Low Fat $ Cod $ Healthy $ Self $ Asian $ French $ 
https://www.epicurious.com/recipes/food/views/fried-rice-with-canadian-bacon-233994,Fried Rice with Canadian Bacon ,"3 tablespoons peanut oil $ 2 tablespoons minced peeled fresh ginger $ 1 bunch scallions, chopped $ 1/4 teaspoon salt $ 3 cups cold cooked white rice $ 1 (6-oz) piece Canadian bacon, cut into 1/2-inch cubes (1 1/4 cups) $ 1 cup frozen baby peas, thawed $ 2 cups fresh mung bean sprouts $ 3 tablespoons oyster sauce $ 1/4 cup water $ 1/4 teaspoon Asian sesame oil $ ",Ginger $ Pork $ Rice $ Side $ Stir-Fry $ Quick & Easy $ Lunch $ Bacon $ Pea $ Spring $ Gourmet $ Dairy Free $ Tree Nut Free $ Soy Free $ No Sugar Added $ ,American $ Asian $ ,3.5/4,1,Ginger $ Pork $ Rice $ Side $ Stir-Fry $ Quick & Easy $ Lunch $ Bacon $ Pea $ Spring $ Gourmet $ Dairy Free $ Tree Nut Free $ Soy Free $ No Sugar Added $ American $ Asian $ 
https://www.epicurious.com/recipes/food/views/fish-vermicelli-with-fresh-dill-and-pineapple-sauce-239756,Fish Vermicelli with Fresh Dill and Pineapple Sauce ,"1 1/2 pounds halibut fillets $ 8 ounces rice vermicelli noodles $ 1 cup fresh dill, leaves picked from stems $ 1 cup finely sliced scallions $ 4 tablespoons chopped roasted peanuts $ 1/2 cup canola oil $ 2 tablespoons fish sauce (nam pla) $ 1 teaspoon ground turmeric $ 1/2 cup cubed fresh pineapple $ 2 garlic cloves $ 1 Thai chile $ 2 teaspoons fresh lime juice $ 1 tablespoon sugar $ 1/2 cup fish sauce (nam pla) $ ",Onion $ Marinate $ Sauté $ Kid-Friendly $ Lunch $ Pineapple $ Peanut $ Halibut $ Noodle $ Dill $ Cookie $ Pescatarian $ Dairy Free $ Wheat/Gluten-Free $ Tree Nut Free $ Soy Free $ ,Asian $ ,3/4,5,Onion $ Marinate $ Sauté $ Kid-Friendly $ Lunch $ Pineapple $ Peanut $ Halibut $ Noodle $ Dill $ Cookie $ Pescatarian $ Dairy Free $ Wheat/Gluten-Free $ Tree Nut Free $ Soy Free $ Asian $ 
https://www.epicurious.com/recipes/food/views/black-bean-shrimp-with-chinese-broccoli-233803,Black-Bean Shrimp with Chinese Broccoli ,"3/4 cup homemade chicken broth (reserved from winter melon soup ) or store-bought chicken broth (reduced-sodium if canned) $ 3 tablespoons Chinese rice wine (preferably Shaoxing) or medium-dry Sherry $ 3 teaspoons light soy sauce (preferably Pearl River Bridge brand) $ 2 teaspoons cornstarch $ 1 teaspoon sugar $ 1/4 teaspoon salt $ 1 1/2 lb gai lan (Chinese broccoli) $ 1 1/2 lb large shrimp in shell (21 to 25 per lb), peeled and deveined $ 1 tablespoon peanut or vegetable oil $ 1 (1-inch) piece fresh ginger, peeled and cut into very thin matchsticks $ 2 tablespoons fermented black beans, rinsed and chopped $ 2 garlic cloves, minced $ 1/2 fresh jalapeño chile (including seeds), or to taste, cut crosswise into 1/8-inch-thick slices $ 1 teaspoon Asian sesame oil $ a well-seasoned 14-inch flat-bottomed wok $ ",Bean $ Shellfish $ Vegetable $ Side $ Stir-Fry $ Lunch $ Lunar New Year $ Shrimp $ Broccoli Rabe $ Gourmet $ Sugar Conscious $ Dairy Free $ Tree Nut Free $ ,Asian $ Chinese $ ,3.5/4,21,Bean $ Shellfish $ Vegetable $ Side $ Stir-Fry $ Lunch $ Lunar New Year $ Shrimp $ Broccoli Rabe $ Gourmet $ Sugar Conscious $ Dairy Free $ Tree Nut Free $ Asian $ Chinese $ 
https://www.epicurious.com/recipes/food/views/eight-treasure-puddings-233815,Eight-Treasure Puddings ,"2 1/4 cups Chinese or Japanese short-grain sticky (""sweet"") rice $ 1 teaspoon peanut or vegetable oil plus additional for greasing $ 3 1/2 cups cold water $ 1/2 cup Chinese rock sugar pieces $ 1/3 cup dried pitted Chinese jujubes, cut lengthwise into 1/4-inch-thick strips $ 8 pitted prunes, quartered (1/3 cup) $ 8 large dried apricots, cut into 1/4-inch-thick strips (1/3 cup) $ 3 tablespoons dried sour cherries $ 3 tablespoons diced (1/4 inch) candied orange peel $ 8 walnut halves $ 8 teaspoons canned sweet red beans or sweet red-bean paste (from a 14- to 16-oz can) $ a 9-inch round cake pan (2 inches deep); 8 (6- to 8-oz) custard cups or heatproof bowls; a 17- by 12- by 2 1/2-inch roasting pan; heavy-duty foil $ ",Fruit $ Rice $ Dessert $ Bake $ Lunar New Year $ Apricot $ Cherry $ Walnut $ Vegan $ Gourmet $ Vegetarian $ Pescatarian $ Dairy Free $ Wheat/Gluten-Free $ Soy Free $ Kosher $ ,Asian $ Chinese $ ,0/4,0,Fruit $ Rice $ Dessert $ Bake $ Lunar New Year $ Apricot $ Cherry $ Walnut $ Vegan $ Gourmet $ Vegetarian $ Pescatarian $ Dairy Free $ Wheat/Gluten-Free $ Soy Free $ Kosher $ Asian $ Chinese $ 
https://www.epicurious.com/recipes/food/views/coconut-cake-233959,Coconut Cake ,"1 14-ounce package sweetened shredded coconut $ 2 cups hot water $ 2 sticks butter, softened $ 2 cups sugar $ 6 eggs $ 1 pound mochiko (sweet mochi rice flour available at most Asian grocery stores) $ ",Cake $ Egg $ Rice $ Dessert $ Bake $ Quick & Easy $ Coconut $ Vegetarian $ Pescatarian $ Wheat/Gluten-Free $ Peanut Free $ Tree Nut Free $ Soy Free $ Kosher $ ,American $ Asian $ ,3.5/4,1,Cake $ Egg $ Rice $ Dessert $ Bake $ Quick & Easy $ Coconut $ Vegetarian $ Pescatarian $ Wheat/Gluten-Free $ Peanut Free $ Tree Nut Free $ Soy Free $ Kosher $ American $ Asian $ 
https://www.epicurious.com/recipes/food/views/shrimp-and-pork-pot-stickers-233782,Shrimp and Pork Pot Stickers ,"1 1/2 to 1 3/4 cups all-purpose flour plus additional for dusting $ 1/2 cup lukewarm water $ 3 fresh or 4 rinsed canned water chestnuts (3 ounce) $ 1/2 lb shrimp in shell, peeled, deveined, and coarsely chopped (1 cup) $ 1/4 lb ground fatty pork (from shoulder) $ 3/4 cup chopped scallions (from 1 bunch) $ 1 1/2 tablespoons soy sauce $ 2 teaspoons minced peeled fresh ginger $ 1 teaspoon Asian sesame oil $ 1 tablespoon peanut or vegetable oil $ 1/3 cup soy sauce $ 2 tablespoons Chinese black vinegar (preferably Chinkiang) $ 2 tablespoons water $ 1 teaspoon Asian chile oil, or to taste $ a 3 1/2-inch round biscuit or cookie cutter $ ",Pasta $ Pork $ Shellfish $ Appetizer $ Fry $ Super Bowl $ Quick & Easy $ Lunar New Year $ Vinegar $ Shrimp $ Poker/Game Night $ Chestnut $ Gourmet $ Sugar Conscious $ Kidney Friendly $ Dairy Free $ No Sugar Added $ ,Asian $ Chinese $ ,4/4,19,Pasta $ Pork $ Shellfish $ Appetizer $ Fry $ Super Bowl $ Quick & Easy $ Lunar New Year $ Vinegar $ Shrimp $ Poker/Game Night $ Chestnut $ Gourmet $ Sugar Conscious $ Kidney Friendly $ Dairy Free $ No Sugar Added $ Asian $ Chinese $ 
https://www.epicurious.com/recipes/food/views/sweet-soy-grilled-short-ribs-235200,Sweet Soy-Grilled Short Ribs ,"1 cup sugar $ 3/4 cup Chinese oyster sauce $ 1/2 cup soy sauce $ 1/2 cup sake (Japanese rice wine), Chinese rice wine, or dry sherry $ 3 cloves garlic, minced $ 1 piece (1 inch) peeled fresh ginger, minced $ 2 scallions, white parts minced, green parts thinly sliced $ About 3 pounds bone-in individual beef short ribs, cut crosswise into 1/2-inch-wide pieces $ ",Beef $ Ginger $ Fourth of July $ Father's Day $ Sake $ Summer $ Grill/Barbecue $ Soy Sauce $ ,American $ Asian $ ,4/4,23,Beef $ Ginger $ Fourth of July $ Father's Day $ Sake $ Summer $ Grill/Barbecue $ Soy Sauce $ American $ Asian $ 
https://www.epicurious.com/recipes/food/views/indonesian-fried-rice-233562,Indonesian Fried Rice ,"1 1/2 cups long-grain white rice (10 oz) $ 3/4 cup water $ 1 3/4 cups reduced-sodium chicken broth (14 fl oz) $ 1 qt plus 3 tablespoons vegetable oil $ 8 krupuk* (Indonesian shrimp crackers; optional) $ 2 cups thinly sliced shallots (3/4 lb) $ 2 large garlic cloves, finely chopped $ 1 lb skinless boneless chicken breast, cut into 3/4-inch pieces $ 1 lb medium shrimp in shell (31 to 35 per pound), peeled and deveined $ 2 to 3 (2 1/2-inch) fresh hot red chiles, such as Thai or serrano, minced, including seeds $ 1 1/4 teaspoons salt $ 2 tablespoons ketjap manis* (Indonesian sweet soy sauce) $ 1 tablespoon Asian fish sauce $ 4 scallions, thinly sliced $ Accompaniments: sliced cucumber; wedges of hard-boiled egg $ a deep-fat thermometer; a large wok $ ",Wok $ Chicken $ Egg $ Rice $ Side $ Stir-Fry $ Shrimp $ Hot Pepper $ Shallot $ Gourmet $ Dairy Free $ Peanut Free $ Tree Nut Free $ No Sugar Added $ ,Asian $ Southeast Asian $ Indonesian $ ,3/4,8,Wok $ Chicken $ Egg $ Rice $ Side $ Stir-Fry $ Shrimp $ Hot Pepper $ Shallot $ Gourmet $ Dairy Free $ Peanut Free $ Tree Nut Free $ No Sugar Added $ Asian $ Southeast Asian $ Indonesian $ 
https://www.epicurious.com/recipes/food/views/pan-seared-fish-fillets-in-ginger-broth-233537,Pan-Seared Fish Fillets in Ginger Broth ,"1/4 lb Shanghai bok choy (about 3 small heads) $ 1 medium carrot $ 2 1/2 tablespoons vegetable oil $ 1 (1 1/2-inch) piece peeled fresh ginger, cut into very thin matchsticks $ 1/4 cup medium-dry Sherry $ 2 cups reduced-sodium chicken broth (16 fl ounces) $ 2 teaspoons sugar $ 3 scallions $ 4 (4- to 5-ounce) sea bass or striped bass fillets with skin, pin bones removed $ 1 teaspoon salt $ 1/2 teaspoon black pepper $ 1 teaspoon cornstarch $ 1 teaspoon curry powder $ 1 teaspoon Asian sesame oil $ Garnish: fresh cilantro leaves $ ",Ginger $ Quick & Easy $ Dinner $ Bass $ Curry $ Sherry $ Pan-Fry $ Bok Choy $ Gourmet $ ,Asian $ ,3.5/4,13,Ginger $ Quick & Easy $ Dinner $ Bass $ Curry $ Sherry $ Pan-Fry $ Bok Choy $ Gourmet $ Asian $ 
https://www.epicurious.com/recipes/food/views/black-rice-pudding-233288,Black Rice Pudding ,"1 cup black rice $ 1/2 cup sugar $ 1 (13 1/2- to 15-oz) can unsweetened coconut milk, stirred well $ ",Milk/Cream $ Rice $ Dessert $ Quick & Easy $ Boil $ Gourmet $ Kidney Friendly $ Vegan $ Vegetarian $ Pescatarian $ Dairy Free $ Wheat/Gluten-Free $ Peanut Free $ Tree Nut Free $ Soy Free $ Kosher $ ,Asian $ ,3.5/4,34,Milk/Cream $ Rice $ Dessert $ Quick & Easy $ Boil $ Gourmet $ Kidney Friendly $ Vegan $ Vegetarian $ Pescatarian $ Dairy Free $ Wheat/Gluten-Free $ Peanut Free $ Tree Nut Free $ Soy Free $ Kosher $ Asian $ 
https://www.epicurious.com/recipes/food/views/kiwi-lime-sorbet-233181,Kiwi-Lime Sorbet ,"1 3/4 pounds kiwis (about 8), peeled $ 3/4 cup sugar $ 1/2 cup frozen limeade concentrate $ ",Ice Cream Machine $ Citrus $ Fruit $ Dessert $ Freeze/Chill $ Quick & Easy $ Frozen Dessert $ Lime $ Kiwi $ Bon Appétit $ Vegan $ Vegetarian $ Pescatarian $ Dairy Free $ Wheat/Gluten-Free $ Peanut Free $ Tree Nut Free $ Soy Free $ Kosher $ ,American $ Asian $ ,3.5/4,12,Ice Cream Machine $ Citrus $ Fruit $ Dessert $ Freeze/Chill $ Quick & Easy $ Frozen Dessert $ Lime $ Kiwi $ Bon Appétit $ Vegan $ Vegetarian $ Pescatarian $ Dairy Free $ Wheat/Gluten-Free $ Peanut Free $ Tree Nut Free $ Soy Free $ Kosher $ American $ Asian $ 
https://www.epicurious.com/recipes/food/views/asian-dumpling-soup-232979,Asian Dumpling Soup ,1 (15- to 16-oz) package frozen Asian dumplings (also called pot stickers; about 20 to 24) $ 5 cups reduced-sodium chicken broth (40 fl oz) $ 3 cups thinly sliced Napa cabbage (from 1 head) $ 2 cups sliced shiitake mushroom caps $ 1 cup shredded or matchstick (1/8-inch-thick) carrots (from a 10-oz bag) $ 1/2 cup frozen peas $ 1/2 cup chopped scallions $ 1 teaspoon Asian sesame oil $ 1/2 teaspoon salt $ 1/8 teaspoon black pepper $ ,Soup/Stew $ Mushroom $ Vegetable $ Kid-Friendly $ Quick & Easy $ Fall $ Winter $ Cabbage $ Gourmet $ ,Asian $ ,3/4,47,Soup/Stew $ Mushroom $ Vegetable $ Kid-Friendly $ Quick & Easy $ Fall $ Winter $ Cabbage $ Gourmet $ Asian $ 
https://www.epicurious.com/recipes/food/views/green-curry-shrimp-with-noodles-232977,Green Curry Shrimp with Noodles ,"1 cup chopped shallots (about 4) $ 2 fresh lemongrass stalks (optional), 1 or 2 outer leaves discarded and lower 6 inches of stalks thinly sliced $ 2 large garlic cloves, chopped $ 1 tablespoon chopped peeled fresh ginger $ 1 tablespoon finely chopped fresh cilantro stems $ 1 to 2 tablespoons bottled Asian green curry paste $ 11/2 teaspoons sugar $ 3/4 teaspoon salt $ 1/2 teaspoon turmeric $ 1/4 cup water $ 1/4 cup plus 2 tablespoons vegetable oil $ 1 (13- to 14-oz) can unsweetened coconut milk (not low-fat) $ 1 3/4 cups reduced-sodium chicken broth (14 fl oz) $ 3/4 lb dried flat 3/8-inch-wide rice noodles or 1/2 lb dried flat 1/8-inch-wide stir-fry rice noodles $ 11/2 lb peeled and deveined large shrimp (21 to 25 per lb) $ 2 to 3 teaspoons Asian fish sauce, or to taste $ Accompaniment: fresh cilantro sprigs $ ",Pasta $ Shellfish $ Sauté $ Quick & Easy $ Dinner $ Lunch $ Seafood $ Shrimp $ Curry $ Noodle $ Gourmet $ Dairy Free $ Wheat/Gluten-Free $ Peanut Free $ Tree Nut Free $ Soy Free $ ,Asian $ Thai $ Southeast Asian $ ,3/4,44,Pasta $ Shellfish $ Sauté $ Quick & Easy $ Dinner $ Lunch $ Seafood $ Shrimp $ Curry $ Noodle $ Gourmet $ Dairy Free $ Wheat/Gluten-Free $ Peanut Free $ Tree Nut Free $ Soy Free $ Asian $ Thai $ Southeast Asian $ 
https://www.epicurious.com/recipes/food/views/maple-soy-glazed-salmon-232873,Maple-Soy-Glazed Salmon ,1/3 cup maple syrup $ 1/4 cup soy sauce $ 1 teaspoon adobo sauce from canned chipotles in adobo $ 4 6-ounce skinless salmon fillets $ ,Fish $ Broil $ Quick & Easy $ Dinner $ Salmon $ Healthy $ Maple Syrup $ Soy Sauce $ Bon Appétit $ Pescatarian $ Dairy Free $ Peanut Free $ Tree Nut Free $ ,American $ Asian $ ,3.5/4,49,Fish $ Broil $ Quick & Easy $ Dinner $ Salmon $ Healthy $ Maple Syrup $ Soy Sauce $ Bon Appétit $ Pescatarian $ Dairy Free $ Peanut Free $ Tree Nut Free $ American $ Asian $ 
https://www.epicurious.com/recipes/food/views/stir-fried-pork-with-napa-cabbage-232797,Stir-Fried Pork with Napa Cabbage ,"1 (1-lb) pork tenderloin $ 2 1/2 tablespoons soy sauce $ 4 teaspoons cornstarch $ 1 1/2 tablespoons sugar $ 2 tablespoons rice vinegar (not seasoned) $ 1/2 teaspoon salt $ 2 tablespoons water $ 2 lb Napa cabbage, quartered lengthwise, cored, and cut crosswise into 1 1/2-inch pieces (10 cups) $ 2 tablespoons vegetable oil $ 1 tablespoon finely chopped garlic $ 1 tablespoon finely chopped peeled fresh ginger $ 1/4 cup loosely packed fresh cilantro leaves $ Accompaniment: rice $ ",Pork $ Stir-Fry $ Quick & Easy $ Cabbage $ Cilantro $ Gourmet $ ,Asian $ ,3/4,8,Pork $ Stir-Fry $ Quick & Easy $ Cabbage $ Cilantro $ Gourmet $ Asian $ 
https://www.epicurious.com/recipes/food/views/sea-urchin-mousse-with-ginger-vinaigrette-232779,Sea Urchin Mousse with Ginger Vinaigrette ,1/2 teaspoon unflavored gelatin (from 1 envelope) $ 1/2 cup cooled vegetable broth $ 1 (4-oz) tray uni (sea urchin roe) $ 1 large egg yolk $ 1/4 teaspoon salt $ 1/2 teaspoon fresh lemon juice $ Pinch of cayenne $ 1/3 cup chilled heavy cream $ 2 teaspoons finely grated (with a rasp) peeled fresh ginger $ 2 teaspoons fresh lemon juice $ 1/8 teaspoon salt $ 3 tablespoons mild extra-virgin olive oil (preferably French) $ Garnish: chopped chives and thinly sliced cucumber $ an instant-read thermometer $ ,Condiment/Spread $ Milk/Cream $ Fish $ Ginger $ Appetizer $ Chill $ Gourmet $ Sugar Conscious $ Kidney Friendly $ Wheat/Gluten-Free $ Peanut Free $ Tree Nut Free $ Soy Free $ ,Asian $ ,3.5/4,4,Condiment/Spread $ Milk/Cream $ Fish $ Ginger $ Appetizer $ Chill $ Gourmet $ Sugar Conscious $ Kidney Friendly $ Wheat/Gluten-Free $ Peanut Free $ Tree Nut Free $ Soy Free $ Asian $ 
https://www.epicurious.com/recipes/food/views/stir-fried-tofu-and-vine-ripened-tomatoes-232840,Stir-Fried Tofu and Vine-Ripened Tomatoes ,"4 cups canola oil, for frying, plus 3 tablespoons $ 1 1/4 pound medium or firm tofu, cut into 1 1/4-inch cubes $ 1 cup yellow onion, cut into 1/4-inch slices $ 2 teaspoons minced garlic $ 1 1/2 pounds vine-ripened tomatoes, cut into 3/4-inch wedges $ 3 tablespoons mirin (rice wine) $ 1/2 cup green onions, cut into 1-inch-long pieces $ Salt, to taste $ ",Wok $ Onion $ Tomato $ Stir-Fry $ Vegetarian $ Tofu $ Deep-Fry $ Vegan $ ,Asian $ Vietnamese $ ,3/4,8,Wok $ Onion $ Tomato $ Stir-Fry $ Vegetarian $ Tofu $ Deep-Fry $ Vegan $ Asian $ Vietnamese $ 
https://www.epicurious.com/recipes/food/views/asian-dipping-sauce-232814,Asian Dipping Sauce ,"3 tablespoons packed light brown sugar $ 1/4 cup Asian fish sauce $ 3 tablespoons fresh lime juice $ 1 or 2 thinly sliced fresh Thai chiles (1 to 2 inches long) or 1/4 teaspoon dried hot red pepper flakes $ 1 garlic clove, thinly sliced $ ",Sauce $ Garlic $ Quick & Easy $ Lime $ Hot Pepper $ Gourmet $ ,Asian $ ,2.5/4,3,Sauce $ Garlic $ Quick & Easy $ Lime $ Hot Pepper $ Gourmet $ Asian $ 
https://www.epicurious.com/recipes/food/views/kumamoto-oysters-with-ponzu-granita-and-tobiko-232781,Kumamoto Oysters with Ponzu Granita and Tobiko ,"1 (1-inch-wide) piece kombu (dried kelp), rinsed $ 1 cup water $ 3 tablespoons mirin (Japanese sweet rice wine) $ 3 tablespoons soy sauce $ 3 tablespoons rice vinegar (not seasoned) $ 2 tablespoons fresh or bottled yuzu juice $ 1 teaspoon sugar $ 18 small oysters (preferably Kumamoto or Prince Edward Island), not shucked $ 1 oz tobiko (flying-fish roe) $ 1 oyster knife $ Garnish: a bed of seaweed (1 lb) $ a protective glove; an oyster knife $ ",Freeze/Chill $ Oyster $ Gourmet $ ,Asian $ ,4/4,1,Freeze/Chill $ Oyster $ Gourmet $ Asian $ 
https://www.epicurious.com/recipes/food/views/plantation-shrimp-with-shiitake-mushrooms-and-baby-bok-choy-232841,Plantation Shrimp with Shiitake Mushrooms and Baby Bok Choy ,1 1/2 cups chicken stock $ 5 tablespoons fish sauce $ 1 tablespoon granulated sugar $ 12 plantation or tiger shrimp $ 4 ounces shiitake mushrooms $ 12 to 16 ounces baby bok choy $ 3 tablespoons canola oil $ 1/2 teaspoon minced garlic $ 2 tablespoons mirin (rice wine) $ 1/3 cup stir-fry sauce $ Steamed rice for serving $ ,Wok $ Mushroom $ Rice $ Stir-Fry $ Quick & Easy $ Shrimp $ Bok Choy $ ,Asian $ Vietnamese $ ,2.5/4,8,Wok $ Mushroom $ Rice $ Stir-Fry $ Quick & Easy $ Shrimp $ Bok Choy $ Asian $ Vietnamese $ 
https://www.epicurious.com/recipes/food/views/yellow-rice-232707,Yellow Rice ,"2 teaspoons vegetable oil $ 2 tablespoons chopped shallot $ 1 garlic clove, chopped $ 1 1/2 cups jasmine rice or basmati rice, well rinsed $ 2 1/4 cups low-salt chicken broth $ 1 teaspoon (scant) salt $ 1/2 teaspoon (scant) turmeric $ ",Rice $ Side $ Vegetarian $ Quick & Easy $ Shallot $ Simmer $ Bon Appétit $ Sugar Conscious $ Dairy Free $ Wheat/Gluten-Free $ Peanut Free $ Tree Nut Free $ Soy Free $ No Sugar Added $ Kosher $ ,Asian $ Vietnamese $ ,3.5/4,20,Rice $ Side $ Vegetarian $ Quick & Easy $ Shallot $ Simmer $ Bon Appétit $ Sugar Conscious $ Dairy Free $ Wheat/Gluten-Free $ Peanut Free $ Tree Nut Free $ Soy Free $ No Sugar Added $ Kosher $ Asian $ Vietnamese $ 
https://www.epicurious.com/recipes/food/views/chili-lime-cream-sauce-232703,Chili-Lime Cream Sauce ,"1/4 cup dry white wine $ 1/4 cup fresh lime juice $ 1 tablespoon chopped peeled fresh ginger $ 1 tablespoon minced shallot $ 1/3 cup whipping cream $ 2 tablespoons chili-garlic sauce* $ 6 tablespoons (3/4 stick) unsalted butter, room temperature, cut into 1/2-inch pieces $ ",Sauce $ Milk/Cream $ Ginger $ Pepper $ Quick & Easy $ Lime $ White Wine $ Bon Appétit $ ,Asian $ ,3.5/4,33,Sauce $ Milk/Cream $ Ginger $ Pepper $ Quick & Easy $ Lime $ White Wine $ Bon Appétit $ Asian $ 
https://www.epicurious.com/recipes/food/views/roasted-lemongrass-chicken-232701,Roasted Lemongrass Chicken ,"1/4 cup plus 1 tablespoon canola oil or vegetable oil $ 5 tablespoons fish sauce (such as nuoc nam or nam pla),* divided $ 2 tablespoons sugar, divided $ 2 tablespoons chopped shallot $ 2 tablespoons oyster sauce* $ 2 fresh lemongrass stalks,** tough outer leaves removed, 4 inches of thick end finely chopped $ 1 teaspoon chili-garlic sauce* $ 1 garlic clove, chopped $ 1/2 teaspoon ground black pepper $ 1 3-pound chicken, quartered $ 1/2 cup water $ 1 tablespoon fresh lime juice $ ",Chicken $ Marinate $ Roast $ Dinner $ Lemongrass $ Bon Appétit $ Dairy Free $ Peanut Free $ Tree Nut Free $ Soy Free $ ,American $ Asian $ Vietnamese $ ,3/4,25,Chicken $ Marinate $ Roast $ Dinner $ Lemongrass $ Bon Appétit $ Dairy Free $ Peanut Free $ Tree Nut Free $ Soy Free $ American $ Asian $ Vietnamese $ 
https://www.epicurious.com/recipes/food/views/drunken-noodles-232698,Drunken Noodles ,"2 14-ounce packages 1/4-inch-wide flat rice noodles* $ 1/4 cup vegetable oil $ 12 garlic cloves, chopped $ 1/4 cup chopped fresh Thai chiles* $ 1 1/2 pounds ground chicken $ 1/4 cup fish sauce (nam pla or nuoc nam)* $ 1/4 cup black soy sauce* $ 1/4 cup Golden Mountain sauce* or light soy sauce $ 1 tablespoon sugar $ 4 large plum tomatoes, each cut into 6 wedges $ 4 Anaheim chiles or Italian frying peppers, or 2 green bell peppers (about 12 ounces total), cut into strips $ 1/2 cup fresh Thai basil leaves* or regular basil leaves $ ",Chicken $ Garlic $ Tomato $ Sauté $ Dinner $ Basil $ Hot Pepper $ Noodle $ Bon Appétit $ Dairy Free $ Peanut Free $ Tree Nut Free $ ,Asian $ Thai $ ,3/4,100,Chicken $ Garlic $ Tomato $ Sauté $ Dinner $ Basil $ Hot Pepper $ Noodle $ Bon Appétit $ Dairy Free $ Peanut Free $ Tree Nut Free $ Asian $ Thai $ 
https://www.epicurious.com/recipes/food/views/seared-tofu-with-with-green-beans-and-asian-coconut-sauce-232618,Seared Tofu with with Green Beans and Asian Coconut Sauce ,"1 (14- to 16-oz) package firm tofu $ 2 tablespoons soy sauce $ 1/4 cup vegetable oil $ 1 tablespoon finely chopped garlic $ 1 tablespoon finely chopped peeled fresh ginger $ 1/2 teaspoon dried hot red pepper flakes $ 1 lb green beans, trimmed and cut into 2-inch-long pieces $ 1 red bell pepper, cut into 1/4-inch-wide strips (2 inches long) $ 1 teaspoon salt $ 1 (14- to 15-oz) can unsweetened coconut milk (not low-fat) $ 1 tablespoon fresh lime juice $ 1/3 cup chopped salted roasted cashews $ Accompaniment: rice noodles or rice $ ",Milk/Cream $ Ginger $ Sauté $ Vegetarian $ Quick & Easy $ Cashew $ Tofu $ Green Bean $ Bell Pepper $ Gourmet $ ,Asian $ ,3/4,80,Milk/Cream $ Ginger $ Sauté $ Vegetarian $ Quick & Easy $ Cashew $ Tofu $ Green Bean $ Bell Pepper $ Gourmet $ Asian $ 
https://www.epicurious.com/recipes/food/views/beef-chow-mein-232606,Beef Chow Mein ,"8 oz fresh thin Chinese egg noodles* (also called Hong Kong noodles; not wonton noodles) $ 1 (1/2-lb) piece flank steak $ 1/4 teaspoon sugar $ 1/4 teaspoon Asian sesame oil $ 2 tablespoons soy sauce $ 2 tablespoons Chinese rice wine (preferably Shaoxing) or medium-dry Sherry $ 2 tablespoons oyster sauce* $ 2 teaspoons cornstarch $ 1/4 teaspoon white pepper $ 1/2 cup reduced-sodium chicken broth $ 1/2 cup plus 2 tablespoons peanut or vegetable oil $ 1 teaspoon finely chopped peeled fresh ginger $ 1 teaspoon finely chopped garlic $ 3 scallions, cut into 2 1/2-inch pieces (1 cup) $ 5 oz fresh shiitake mushrooms, stems discarded and caps quartered (2 1/2 cups) $ 6 oz choy sum, cut into 2 1/2-inch pieces (2 1/2 cups) or 1-inch-wide broccoli florets $ a well-seasoned 14-inch wok (preferably flat-bottomed) $ ",Wok $ Beef $ Mushroom $ Stir-Fry $ Quick & Easy $ Broccoli $ Noodle $ Gourmet $ ,Asian $ ,3.5/4,36,Wok $ Beef $ Mushroom $ Stir-Fry $ Quick & Easy $ Broccoli $ Noodle $ Gourmet $ Asian $ 
https://www.epicurious.com/recipes/food/views/grilled-hoisin-soy-steaks-with-shiitake-and-bok-choy-232556,Grilled Hoisin-Soy Steaks with Shiitake and Bok Choy ,"4 1/2 tablespoons mirin $ 1 1/2 teaspoons Chinese five-spice powder, or 4 whole star anise, ground $ 3 tablespoons hoisin sauce $ 3 tablespoons toasted sesame seeds $ 3 tablespoons unseasoned rice vinegar $ 1 1/2 tablespoons soy sauce $ 1 1/2 tablespoons toasted sesame oil (such as Asian) $ 2 10- to 12-ounce rib-eye steaks $ 4 large shiitake mushrooms, stemmed $ 2 baby bok choy, quartered lengthwise $ ",Mushroom $ Quick & Easy $ Steak $ Summer $ Grill/Barbecue $ Bok Choy $ Bon Appétit $ ,Asian $ ,3/4,7,Mushroom $ Quick & Easy $ Steak $ Summer $ Grill/Barbecue $ Bok Choy $ Bon Appétit $ Asian $ 
https://www.epicurious.com/recipes/food/views/egg-fried-rice-232498,Egg Fried Rice ,"1 tablespoon peanut oil $ 4 large eggs, lightly beaten $ 4 cups cold unsalted steamed white rice $ 3/4 teaspoon salt $ 1/2 cup thinly sliced scallion greens (3 to 4 scallions) $ 1 to 2 teaspoons Asian sesame oil $ a well-seasoned 14-inch flat-bottomed wok $ ",Wok $ Egg $ Rice $ Side $ Stir-Fry $ Vegetarian $ Quick & Easy $ Gourmet $ Sugar Conscious $ Pescatarian $ Dairy Free $ Wheat/Gluten-Free $ Tree Nut Free $ Soy Free $ No Sugar Added $ Kosher $ ,Asian $ ,3/4,11,Wok $ Egg $ Rice $ Side $ Stir-Fry $ Vegetarian $ Quick & Easy $ Gourmet $ Sugar Conscious $ Pescatarian $ Dairy Free $ Wheat/Gluten-Free $ Tree Nut Free $ Soy Free $ No Sugar Added $ Kosher $ Asian $ 
https://www.epicurious.com/recipes/food/views/spicy-asian-eggplant-with-tofu-and-red-pepper-232462,Spicy Asian Eggplant with Tofu and Red Pepper ,"1 tbsp oyster sauce $ 1 tsp sugar $ 1 tsp toasted sesame oil $ 1 tbsp olive oil $ 10 oz tofu, cut into 1-inch cubes $ 2 tsp minced fresh garlic $ 3 red chiles, cored, seeded and cut into very thin slices $ 1 red bell pepper, cored, seeded and cut into 1/2-inch squares $ 4 Asian eggplants, cut diagonally into 1/2-inch-thick slices $ ",Wok $ Stir-Fry $ Quick & Easy $ Tofu $ Eggplant $ Bell Pepper $ Hot Pepper $ Healthy $ Self $ Hawaii $ ,Asian $ ,2.5/4,23,Wok $ Stir-Fry $ Quick & Easy $ Tofu $ Eggplant $ Bell Pepper $ Hot Pepper $ Healthy $ Self $ Hawaii $ Asian $ 
https://www.epicurious.com/recipes/food/views/seared-beef-rolls-232461,Seared Beef Rolls ,"2 tsp olive oil $ 1 lb top round London broil $ 1 cup julienned peeled cucumber $ 1 cup sliced celery, cut on a diagonal $ 1/2 cup julienned pickled cucumber (or dill pickle) $ 1 cup julienned peeled green apple $ 1/2 cup julienned red bell pepper $ 1/4 cup crumbled blue cheese $ 1 cup pea shoots (or arugula) $ ",Beef $ Sauté $ Quick & Easy $ Blue Cheese $ Apple $ Celery $ Cucumber $ Bell Pepper $ Healthy $ Self $ New York $ ,Asian $ ,0/4,0,Beef $ Sauté $ Quick & Easy $ Blue Cheese $ Apple $ Celery $ Cucumber $ Bell Pepper $ Healthy $ Self $ New York $ Asian $ 
https://www.epicurious.com/recipes/food/views/miso-glazed-chicken-breast-with-vegetable-sushi-rice-232460,Miso-Glazed Chicken Breast with Vegetable Sushi Rice ,"1/2 cup white miso paste (found at health food stores) $ 1/4 cup sugar $ 1/4 cup chicken broth $ 3 tbsp canola oil $ 1 tbsp minced ginger $ 4 skinless, boneless chicken breasts (about 3 oz each) $ 1 cup shredded napa cabbage $ 1/2 cup shredded carrots $ 1/4 cup diced red bell pepper $ 1/4 cup rice vinegar $ 1 tsp salt $ 2 cups cooked short-grain sushi rice $ 1/4 cup soy sauce $ ",Chicken $ Ginger $ Rice $ Bake $ Marinate $ Bell Pepper $ Carrot $ Cabbage $ Soy Sauce $ Self $ Massachusetts $ ,Asian $ ,3.5/4,25,Chicken $ Ginger $ Rice $ Bake $ Marinate $ Bell Pepper $ Carrot $ Cabbage $ Soy Sauce $ Self $ Massachusetts $ Asian $ 
https://www.epicurious.com/recipes/food/views/steamed-sea-bass-with-ginger-and-shiitakes-232446,Steamed Sea Bass with Ginger and Shiitakes ,"4 fillets sea bass (about 6 oz each), skin removed $ Sea salt $ Pinch of cayenne pepper $ 1/4 cup fresh ginger, cut into thin strips $ 1 cup finely sliced shiitakes $ 2 tbsp chopped fresh cilantro $ 4 green onions, sliced diagonally $ 2 tbsp regular or chile-infused sesame oil $ 1/2 cup soy sauce $ ",Ginger $ Mushroom $ Steam $ Low Fat $ Quick & Easy $ Low Cal $ Low/No Sugar $ Bass $ Healthy $ Soy Sauce $ Self $ ,Asian $ ,4/4,29,Ginger $ Mushroom $ Steam $ Low Fat $ Quick & Easy $ Low Cal $ Low/No Sugar $ Bass $ Healthy $ Soy Sauce $ Self $ Asian $ 
https://www.epicurious.com/recipes/food/views/sesame-seared-tuna-with-vegetable-slaw-232445,Sesame Seared Tuna with Vegetable Slaw ,"2 carrots, peeled $ 2 parsnips, peeled $ 2 each green and red bell peppers, cored and seeded $ 1 small sweet onion $ 1 jalapeño pepper, cored (and seeded if less heat is desired) $ 2 tbsp chopped fresh cilantro $ 3 tbsp sugar $ Seeds from 1/2 vanilla bean $ 1/2 cup rice vinegar $ 1/2 cup nonfat sour cream $ Sea salt and white pepper $ 1/4 cup white sesame seeds $ 1/4 cup black sesame seeds $ 1 tbsp wasabi powder (found at Asian grocery stores) $ Vegetable-oil cooking spray $ 1 tbsp sesame oil $ 2 pieces tuna loin (about 8 oz each), cut in half $ ",Low Fat $ Tuna $ Bell Pepper $ Carrot $ Parsnip $ Summer $ Healthy $ Jalapeño $ Cilantro $ Self $ ,American $ Asian $ ,3/4,15,Low Fat $ Tuna $ Bell Pepper $ Carrot $ Parsnip $ Summer $ Healthy $ Jalapeño $ Cilantro $ Self $ American $ Asian $ 
https://www.epicurious.com/recipes/food/views/chicken-stir-fry-with-peanut-sauce-over-rice-232431,Chicken Stir-Fry with Peanut Sauce Over Rice ,"Vegetable-oil cooking spray $ 6 oz boneless, skinless chicken breast, sliced $ 1 tsp sesame oil $ 2 cloves garlic, minced $ 1 tsp minced fresh ginger $ 3 1/2 cups of your favorite vegetables, chopped $ 1 1/2 tbsp peanut butter $ 1 tsp low-sodium soy sauce $ 1 tbsp rice vinegar $ Hot chile sauce (to taste) $ ",Chicken $ Rice $ Vegetable $ Stir-Fry $ Low Fat $ Peanut $ Healthy $ Self $ ,Asian $ ,3/4,34,Chicken $ Rice $ Vegetable $ Stir-Fry $ Low Fat $ Peanut $ Healthy $ Self $ Asian $ 
https://www.epicurious.com/recipes/food/views/soy-glazed-chicken-skewers-with-green-onions-232364,Soy-Glazed Chicken Skewers with Green Onions ,"9 ounces ground chicken breast meat $ 9 ounces ground chicken leg meat $ 2 large green onions, chopped $ 2 teaspoons minced peeled fresh ginger $ 1 teaspoon sea salt $ 1/2 teaspoon ground black pepper $ 1/4 teaspoon sansho powder $ 1 teaspoon plus 2 tablespoons soy sauce $ 16 10-inch bamboo skewers, soaked 1 hour in water $ 2 tablespoons mirin $ Shichimi togarashi (Japanese seven-spice seasoning) $ ",Chicken $ Onion $ Poultry $ Soy $ Appetizer $ Marinate $ Backyard BBQ $ Grill/Barbecue $ Bon Appétit $ Sugar Conscious $ Kidney Friendly $ Dairy Free $ Peanut Free $ Tree Nut Free $ Kosher $ ,Asian $ Japanese $ ,3.5/4,5,Chicken $ Onion $ Poultry $ Soy $ Appetizer $ Marinate $ Backyard BBQ $ Grill/Barbecue $ Bon Appétit $ Sugar Conscious $ Kidney Friendly $ Dairy Free $ Peanut Free $ Tree Nut Free $ Kosher $ Asian $ Japanese $ 
https://www.epicurious.com/recipes/food/views/steamed-blue-crabs-with-black-ginger-dipping-sauce-232305,Steamed Blue Crabs with Black Ginger Dipping Sauce ,"1/2 cup fresh cilantro stems, coarsely chopped $ 36 live blue crabs (1/4 to 1/3 lb each; 3 dozen), well rinsed $ 1 1/2 to 2 tablespoons finely chopped peeled fresh ginger $ 1/2 cup fermented fine-quality soy sauce $ 1/4 cup sugar $ 1/4 cup water $ 3 tablespoons Chinese black vinegar* (preferably Chinkiang) or cider vinegar $ 1/4 teaspoon salt $ a wide 6- to 8-qt heavy pot with a tight-fitting lid $ ",Ginger $ Shellfish $ Steam $ Quick & Easy $ Seafood $ Crab $ Summer $ Gourmet $ ,American $ Asian $ Chinese $ ,3/4,10,Ginger $ Shellfish $ Steam $ Quick & Easy $ Seafood $ Crab $ Summer $ Gourmet $ American $ Asian $ Chinese $ 
https://www.epicurious.com/recipes/food/views/sweet-potato-noodle-stir-fry-with-choy-sum-and-shiitake-mushrooms-232269,Sweet Potato Noodle Stir-Fry with Choy Sum and Shiitake Mushrooms ,"3 tablespoons sesame seeds $ 1/4 cup Asian sesame oil $ 1/4 cup mirin (sweet Japanese rice wine)* $ 3 tablespoons soy sauce $ 3 tablespoons (packed) golden brown sugar $ 2 tablespoons oyster sauce* $ 10 green onions, chopped $ 6 ounces fresh shiitake mushrooms, stemmed, caps cut into 1/3-inch-thick slices $ 1 pound choy sum or baby bok choy, just enough of bottoms cut off to separate stalks; stalks and leaves cut crosswise into 2-inch-wide strips $ 1/4 pound snow peas (strings removed), cut in half lengthwise $ 1 medium carrot, peeled, cut into matchstick-size strips (about 1 cup) $ 8 ounces Chinese vermicelli with sweet potato starch $ 3 tablespoons vegetable oil, divided $ 3 large shallots, sliced into thin rounds, divided $ ",Leafy Green $ Mushroom $ Pasta $ Vegetable $ Side $ Stir-Fry $ Dinner $ Bok Choy $ Noodle $ Bon Appétit $ Pescatarian $ Dairy Free $ Peanut Free $ Tree Nut Free $ ,Asian $ ,3/4,11,Leafy Green $ Mushroom $ Pasta $ Vegetable $ Side $ Stir-Fry $ Dinner $ Bok Choy $ Noodle $ Bon Appétit $ Pescatarian $ Dairy Free $ Peanut Free $ Tree Nut Free $ Asian $ 
https://www.epicurious.com/recipes/food/views/lemongrass-pork-with-vietnamese-table-salad-232268,Lemongrass Pork with Vietnamese Table Salad ,"3/4 cup hot water $ 5 tablespoons fish sauce* $ 3 1/2 tablespoons sugar $ 1 1/2 tablespoons fresh lime juice $ 2 Thai bird chiles with seeds or 1/2 jalapeño chile with seeds, minced $ 1 garlic clove, minced $ 6 green onions (white and pale green parts only), chopped (about 1/2 cup) $ 3 tablespoons chopped lemongrass* $ 2 tablespoons soy sauce $ 1 tablespoon golden brown sugar $ 2 teaspoons fish sauce $ 1/4 teaspoon ground white pepper $ 3 tablespoons vegetable oil, divided $ 1 1/2 to 1 3/4 pounds boneless pork loin chops (each 1/3 to 1/2 ich thick) $ 1 small English hothouse cucumber, halved lengthwise, thinly sliced crosswise $ 1 baby pineapple, peeled, halved, thinly sliced or 1/2 small pineapple, peeled, cut into 2 wedges, cored, thinly sliced $ 2 cups bean sprouts $ 1 cup fresh Thai basil leaves $ 1 cup fresh cilantro leaves $ 1 cup fresh mint leaves $ 20 fresh green shiso leaves $ 1/2 cup finely shredded carrot $ 1 8- to 9-ounce package dried rice vermicelli noodles $ 3 heads of butter lettuce, cored, leaves separated $ ",Salad $ Leafy Green $ Pork $ Vegetable $ Marinate $ Lunch $ Meat $ Pork Chop $ Summer $ Noodle $ Bon Appétit $ Dairy Free $ Peanut Free $ Tree Nut Free $ ,Asian $ Vietnamese $ ,3.5/4,33,Salad $ Leafy Green $ Pork $ Vegetable $ Marinate $ Lunch $ Meat $ Pork Chop $ Summer $ Noodle $ Bon Appétit $ Dairy Free $ Peanut Free $ Tree Nut Free $ Asian $ Vietnamese $ 
https://www.epicurious.com/recipes/food/views/shrimp-curry-with-yu-choy-and-kabocha-squash-232265,Shrimp Curry with Yu Choy and Kabocha Squash ,"1 pound yu choy, bottom 2 inches trimmed, stalks and leaves cut into 1 1/2-inch-wide strips $ 4 cups 3/4-inch cubes peeled seeded kabocha squash (from about one 2 3/4-pound squash) $ 2 13- to 14-ounce cans unsweetened coconut milk, divided $ 2/3 cup (packed) Thai basil leaves, divided $ 6 large fresh cilantro sprigs $ 3 double-leaf kaffir lime leaves,* chopped $ 1 tablespoon vegetable oil $ 1 large shallot, finely chopped $ 2 teaspoons Thai green curry paste* $ 1 1/2 tablespoons minced lemongrass* $ 2 1/2 tablespoons fish sauce* $ 1 tablespoon golden brown sugar $ 3/4 pound uncooked medium-size shrimp, peeled, deveined $ ",Leafy Green $ Shellfish $ Vegetable $ Sauté $ Seafood $ Shrimp $ Curry $ Squash $ Bon Appétit $ ,Asian $ ,3/4,12,Leafy Green $ Shellfish $ Vegetable $ Sauté $ Seafood $ Shrimp $ Curry $ Squash $ Bon Appétit $ Asian $ 
https://www.epicurious.com/recipes/food/views/grilled-halibut-with-tatsoi-and-spicy-thai-chiles-232263,Grilled Halibut with Tatsoi and Spicy Thai Chiles ,"5 tablespoons sugar $ 5 tablespoons fish sauce* $ 1/4 cup water $ 3 tablespoons fresh lime juice $ 2 tablespoons minced peeled fresh ginger $ 2 garlic cloves, minced $ 2 Thai bird chiles with seeds or 1/2 large jalapeño chile with seeds, minced $ 1 small carrot, peeled, cut into matchstick-size strips $ 4 6- to 7-ounce halibut fillets $ 3 tablespoons vegetable oil, divided $ 1 shallot, thinly sliced $ 3/4 pound tatsoi or baby spinach (about 12 cups packed) $ ",Fish $ Leafy Green $ Backyard BBQ $ Dinner $ Lunch $ Halibut $ Spinach $ Summer $ Grill/Barbecue $ Bon Appétit $ Pescatarian $ Dairy Free $ Wheat/Gluten-Free $ Peanut Free $ Tree Nut Free $ Soy Free $ ,Asian $ ,3.5/4,58,Fish $ Leafy Green $ Backyard BBQ $ Dinner $ Lunch $ Halibut $ Spinach $ Summer $ Grill/Barbecue $ Bon Appétit $ Pescatarian $ Dairy Free $ Wheat/Gluten-Free $ Peanut Free $ Tree Nut Free $ Soy Free $ Asian $ 
https://www.epicurious.com/recipes/food/views/roast-chicken-noodle-soup-with-chrysanthemum-232259,Roast Chicken Noodle Soup with Chrysanthemum ,"3 whole star anise $ 3 cups water $ 1 2-inch piece fresh ginger, peeled, sliced into thin rounds $ 6 cups low-salt chicken broth $ 2 tablespoons soy sauce $ 2 teaspoons sugar $ 3 tablespoons vegetable oil $ 3 garlic cloves, thinly sliced $ 2 bunches chrysanthemum, bottoms trimmed, upper stems and leaves cut into 2-inch strips (about 5 cups) $ 1 14-ounce package thin fresh or dried Chinese egg noodles $ 2 1/2 cups 1/2-inch cubes skinned and boned freshly roasted or purchased roast chicken (about 2/3 pound) $ 1/4 large onion, sliced paper-thin $ 3 red Thai bird chiles or 1 large red jalapeño chile, sliced into thin rounds $ ",Soup/Stew $ Chicken $ Leafy Green $ Pasta $ Poultry $ Roast $ Noodle $ Bon Appétit $ ,Asian $ Chinese $ ,3.5/4,5,Soup/Stew $ Chicken $ Leafy Green $ Pasta $ Poultry $ Roast $ Noodle $ Bon Appétit $ Asian $ Chinese $ 
https://www.epicurious.com/recipes/food/views/cod-with-coconut-lime-and-lemongrass-curry-sauce-232209,"Cod with Coconut, Lime, and Lemongrass Curry Sauce ","1 tablespoon butter $ 2 shallots, thinly sliced $ 3 garlic cloves, thinly sliced $ 1 lemongrass stalk, thinly sliced $ 1-inch knob ginger, thinly sliced $ 3 kaffir lime leaves $ 1 tablespoon Madras curry $ 3 cups chicken stock $ 3/4 cup fresh coconut milk, or canned $ 4 cilantro sprigs $ Fine sea salt to taste $ Freshly ground white pepper to taste $ 1 tablespoon fresh lime juice $ 2 tablespoons canola oil $ 4 7-ounce cod fillets, 1 1/2-inches thick $ Fine sea salt to taste $ Freshly ground white pepper to taste $ 1/2 pound butter $ Fine sea salt $ 9 heads baby bok choy, divided in half (quartered if large) $ 1/4 cup kosher salt $ 2 10-inch nonstick ovenproof skillets $ ",Fish $ Dinner $ Lunch $ Coconut $ Cod $ Curry $ Bok Choy $ Lemongrass $ Wheat/Gluten-Free $ Peanut Free $ Tree Nut Free $ Soy Free $ No Sugar Added $ ,Asian $ ,3.5/4,42,Fish $ Dinner $ Lunch $ Coconut $ Cod $ Curry $ Bok Choy $ Lemongrass $ Wheat/Gluten-Free $ Peanut Free $ Tree Nut Free $ Soy Free $ No Sugar Added $ Asian $ 
https://www.epicurious.com/recipes/food/views/pork-satay-232208,Pork Satay ,"1 red bell pepper, cut into 1 by 1/4-inch strips $ 3 cups cauliflower florets $ 3/4 cup jicama, cut into 1 by 1/4 by 1/4-inch strips $ 2 red Thai chiles, cut crosswise into 1/4-inch rounds $ 3 cups white wine vinegar $ 1 1/2 cups sugar $ 1 1/2 teaspoons salt $ 1 bunch fresh mint $ 3 tablespoons vegetable oil $ 2 shallots, minced $ 1 clove garlic, minced $ 2 tablespoons minced lemongrass $ 2 tablespoons white sesame seeds, lightly toasted and coarsely ground $ 2 tablespoons oyster sauce $ 1 tablespoon fish sauce $ 1 teaspoon sugar $ 1 1/2 lbs pork shoulder $ Salt to taste $ ",Pork $ Vegetable $ Marinate $ Backyard BBQ $ Grill/Barbecue $ ,Asian $ Southeast Asian $ ,3/4,1,Pork $ Vegetable $ Marinate $ Backyard BBQ $ Grill/Barbecue $ Asian $ Southeast Asian $ 
https://www.epicurious.com/recipes/food/views/pickled-napa-cabbage-carrots-and-snow-peas-232190,"Pickled Napa Cabbage, Carrots, and Snow Peas ","1/2 cup rice vinegar (not seasoned) $ 1/4 cup plus 2 tablespoons sugar $ 1 tablespoon finely chopped peeled fresh ginger $ 2 teaspoons salt $ 1/2 teaspoons finely chopped garlic $ 3 whole cloves $ 5 medium carrots, cut into 3- by 1/8-inch matchsticks $ 3/4 lb snow peas, trimmed and strings discarded $ 1 1/4 lb Napa cabbage, leaves halved lengthwise, then cut crosswise into 1/4-inch strips $ 2 tablespoons thinly sliced seeded fresh mild red chile, such as red jalapeño $ ",Salad $ Vegetable $ Side $ Pea $ Carrot $ Cabbage $ Gourmet $ Fat Free $ Vegan $ Vegetarian $ Pescatarian $ Dairy Free $ Wheat/Gluten-Free $ Peanut Free $ Tree Nut Free $ Soy Free $ Kosher $ ,Asian $ ,3/4,7,Salad $ Vegetable $ Side $ Pea $ Carrot $ Cabbage $ Gourmet $ Fat Free $ Vegan $ Vegetarian $ Pescatarian $ Dairy Free $ Wheat/Gluten-Free $ Peanut Free $ Tree Nut Free $ Soy Free $ Kosher $ Asian $ 
https://www.epicurious.com/recipes/food/views/vietnamese-rice-noodle-salad-232173,Vietnamese Rice Noodle Salad ,"4 oz thin rice noodles $ 1/4 cup rice vinegar (not seasoned) $ 1 tablespoon sugar $ 1 tablespoon Asian fish sauce $ 1/4 teaspoon salt $ 1 carrot, coarsely shredded $ 2 scallions, thinly sliced crosswise $ 1 cup loosely packed mixed fresh cilantro, mint, and/or basil leaves, torn if large $ 1/4 cup chopped unsalted dry-roasted peanuts $ ",Salad $ Nut $ Pasta $ Side $ Quick & Easy $ Backyard BBQ $ Peanut $ Summer $ Noodle $ Gourmet $ Pescatarian $ Dairy Free $ Wheat/Gluten-Free $ Tree Nut Free $ Soy Free $ ,Asian $ Vietnamese $ Southeast Asian $ ,3/4,21,Salad $ Nut $ Pasta $ Side $ Quick & Easy $ Backyard BBQ $ Peanut $ Summer $ Noodle $ Gourmet $ Pescatarian $ Dairy Free $ Wheat/Gluten-Free $ Tree Nut Free $ Soy Free $ Asian $ Vietnamese $ Southeast Asian $ 
https://www.epicurious.com/recipes/food/views/grilled-shiitakes-with-ginger-and-scallions-232168,Grilled Shiitakes with Ginger and Scallions ,"1 1/2 tablespoons dry Sherry $ 1 tablespoon soy sauce $ 1 tablespoon minced peeled fresh ginger $ 1 1/2 teaspoons rice vinegar (not seasoned) $ 1/2 teaspoon sugar $ 2 1/2 tablespoons vegetable oil $ 1 1/2 lb large fresh shiitake mushrooms (3 inches wide), stems cut off and discarded $ 1/2 teaspoon salt $ 1/2 teaspoon black pepper $ 2 scallions, cut into very thin strips (2 inches long) $ ",Ginger $ Mushroom $ Side $ Vegetarian $ Quick & Easy $ Backyard BBQ $ Summer $ Grill/Barbecue $ Healthy $ Low Cholesterol $ Vegan $ Gourmet $ ,American $ Asian $ ,3.5/4,6,Ginger $ Mushroom $ Side $ Vegetarian $ Quick & Easy $ Backyard BBQ $ Summer $ Grill/Barbecue $ Healthy $ Low Cholesterol $ Vegan $ Gourmet $ American $ Asian $ 
https://www.epicurious.com/recipes/food/views/grilled-cornish-hens-with-coconut-curry-sauce-232153,Grilled Cornish Hens with Coconut Curry Sauce ,"1/2 cup finely chopped shallots (2 large) $ 1/4 cup vegetable oil $ 2 large garlic cloves, minced $ 2 teaspoons minced peeled fresh ginger $ 2 tablespoons Thai red curry paste $ 2 (14-oz) cans unsweetened coconut milk $ 1 1/2 teaspoons packed light brown sugar $ 1 teaspoon salt $ 2 teaspoons Asian fish sauce $ 4 (1 1/4- to 1 1/2-lb) Cornish hens, halved lengthwise $ Garnish: fresh cilantro sprigs $ ",Poultry $ Backyard BBQ $ Dinner $ Coconut $ Curry $ Summer $ Gourmet $ Sugar Conscious $ Dairy Free $ Wheat/Gluten-Free $ Peanut Free $ Tree Nut Free $ Soy Free $ ,American $ Asian $ ,3.5/4,32,Poultry $ Backyard BBQ $ Dinner $ Coconut $ Curry $ Summer $ Gourmet $ Sugar Conscious $ Dairy Free $ Wheat/Gluten-Free $ Peanut Free $ Tree Nut Free $ Soy Free $ American $ Asian $ 
