link,name,ingredients,recipe_category,recipe_cuisine,rating,rating_count,keywords
https://www.epicurious.com/recipes/food/views/brined-pork-chops-with-apples-102183,Brined Pork Chops with Apples ,"4 cups apple cider $ 3 1/2 cups water $ 1/2 cup salt $ 1/2 cup (packed) golden brown sugar $ 3 tablespoons coarsely ground black pepper $ 2 teaspoons dried rubbed sage $ 1 teaspoon ground cinnamon $ 4 1 1/2-inch-thick center-cut pork loin chops, trimmed of excess fat $ 1 tablespoon olive oil $ 1 onion, thinly sliced $ 2 Granny Smith apples, peeled, cored, thinly sliced (about 2 cups) $ 3/4 cup canned low-salt chicken broth $ 1/2 cup apple cider $ 1/4 cup Calvados or apple brandy $ 2 tablespoons raisins $ 1/2 teaspoon ground ginger $ 1/3 cup whipping cream $ 1 tablespoon Dijon mustard $ ",Fruit $ Pork $ Apple $ Pork Chop $ Fall $ Bon Appétit $ ,American $ ,3/4,54,Fruit $ Pork $ Apple $ Pork Chop $ Fall $ Bon Appétit $ American $ 
https://www.epicurious.com/recipes/food/views/blueberry-cobbler-15052,Blueberry Cobbler ,"1 stick butter $ 1 teaspoon lemon juice $ 4 cups fresh blueberries, rinsed and drained $ 1 cup sugar $ 1 cup self-rising flour $ 1 cup sugar $ 1 teaspoon vanilla $ 1/2 cup milk $ Accompaniment: Fresh whipped cream or vanilla ice cream $ ",Berry $ Fruit $ Dessert $ Bake $ Vegetarian $ Blueberry $ Summer $ Kidney Friendly $ Pescatarian $ Peanut Free $ Tree Nut Free $ Soy Free $ Kosher $ ,American $ ,3/4,40,Berry $ Fruit $ Dessert $ Bake $ Vegetarian $ Blueberry $ Summer $ Kidney Friendly $ Pescatarian $ Peanut Free $ Tree Nut Free $ Soy Free $ Kosher $ American $ 
https://www.epicurious.com/recipes/food/views/sausage-cheese-balls-100547,Sausage-Cheese Balls ,"1 lb. lean hot sausage $ 3 cups Bisquick $ 12 oz. sharp cheddar cheese, grated $ ",Pork $ Bake $ Super Bowl $ Kid-Friendly $ Quick & Easy $ Cheddar $ Sausage $ Winter $ ,American $ ,3/4,105,Pork $ Bake $ Super Bowl $ Kid-Friendly $ Quick & Easy $ Cheddar $ Sausage $ Winter $ American $ 
https://www.epicurious.com/recipes/food/views/kentucky-gingerbread-100646,Kentucky Gingerbread ,1 stick (1/2 cup) unsalted butter $ 1/2 cup vegetable shortening $ 3 large eggs $ 1 cup sugar $ 1 cup unsulfured molasses $ 1 teaspoon ground ginger $ 1 teaspoon ground cinnamon $ 1/2 teaspoon ground cloves $ 1/4 teaspoon salt $ 1 teaspoon baking soda $ 1 tablespoon warm water $ 2 cups all-purpose flour $ 1 cup boiling water $ Accompaniment: whipped cream $ ,Cookies $ Egg $ Ginger $ Dessert $ Bake $ Vegetarian $ Winter $ Molasses $ Gourmet $ Canada $ ,American $ Southern $ ,3.5/4,33,Cookies $ Egg $ Ginger $ Dessert $ Bake $ Vegetarian $ Winter $ Molasses $ Gourmet $ Canada $ American $ Southern $ 
https://www.epicurious.com/recipes/food/views/santa-fe-gazpacho-102142,Santa Fe Gazpacho ,"1 11-ounce cucumber, peeled, halved lengthwise, seeded $ 1 1/4 cups canned low-salt chicken broth or vegetable broth $ 1 1/4 pounds tomatoes, quartered $ 1 7.25-ounce jar roasted red peppers, drained $ 3 tablespoons chopped fresh cilantro $ 2 tablespoons fresh lime juice $ 2 teaspoons minced canned chipotle chilies $ 2 large green onions, finely chopped $ 1/2 avocado, peeled, finely chopped $ 1/2 cup finely chopped peeled jicama $ 1/2 cup finely chopped plum tomatoes $ ",Soup/Stew $ Tomato $ No-Cook $ Lime $ Avocado $ Cucumber $ Fall $ Cilantro $ Bon Appétit $ ,American $ Mexican $ Southwestern $ ,3/4,5,Soup/Stew $ Tomato $ No-Cook $ Lime $ Avocado $ Cucumber $ Fall $ Cilantro $ Bon Appétit $ American $ Mexican $ Southwestern $ 
https://www.epicurious.com/recipes/food/views/cinnamon-walnut-coffee-cake-102191,Cinnamon-Walnut Coffee Cake ,"1 cup (scant) finely chopped walnuts $ 6 tablespoons sugar $ 2 teaspoons ground cinnamon $ 3 cups Bisquick (buttermilk baking mix) $ 3/4 cup buttermilk $ 1 large egg $ 4 tablespoons (1/2 stick) unsalted butter, room temperature $ 3/4 cup powdered sugar $ 5 teaspoons (or more) whole milk $ 1 teaspoon vanilla extract $ ",Cake $ Nut $ Breakfast $ Bake $ Walnut $ Fall $ Cinnamon $ Bon Appétit $ ,American $ ,2.5/4,8,Cake $ Nut $ Breakfast $ Bake $ Walnut $ Fall $ Cinnamon $ Bon Appétit $ American $ 
https://www.epicurious.com/recipes/food/views/asian-five-spice-chocolate-cake-102238,Asian Five-Spice Chocolate Cake ,"7 ounces fine-quality unsweetened chocolate, finely chopped $ 6 ounces fine-quality bittersweet chocolate, finely chopped $ 1/2 cup water $ 1 1/4 cups sugar $ 4 teaspoons Chinese five-spice powder $ 2 1/4 sticks unsalted butter, cut into pieces and softened $ 6 large eggs $ Accompaniment: ginger cream $ ",Chocolate $ Dessert $ Bake $ Spice $ Party $ Gourmet $ Kidney Friendly $ Vegetarian $ Pescatarian $ Wheat/Gluten-Free $ Peanut Free $ Tree Nut Free $ Soy Free $ Kosher $ ,American $ Asian $ ,3.5/4,30,Chocolate $ Dessert $ Bake $ Spice $ Party $ Gourmet $ Kidney Friendly $ Vegetarian $ Pescatarian $ Wheat/Gluten-Free $ Peanut Free $ Tree Nut Free $ Soy Free $ Kosher $ American $ Asian $ 
https://www.epicurious.com/recipes/food/views/the-best-blts-101977,The Best Blts ,"2 1/2 cups (lightly packed) fresh basil leaves $ 1 cup mayonnaise $ 1/4 cup butter, room temperature $ 12 thick-sliced bacon strips (about 1 pound) $ 12 1/2-inch-thick slices fresh country-style white bread $ 3 large tomatoes, cut into 1/4-inch-thick rounds $ 2 ripe avocados, pitted, peeled, sliced $ 1 red onion, thinly sliced $ 6 lettuce leaves $ ",Sandwich $ Food Processor $ Tomato $ Kid-Friendly $ Quick & Easy $ Basil $ Bacon $ Summer $ Lettuce $ Bon Appétit $ ,American $ ,3.5/4,35,Sandwich $ Food Processor $ Tomato $ Kid-Friendly $ Quick & Easy $ Basil $ Bacon $ Summer $ Lettuce $ Bon Appétit $ American $ 
https://www.epicurious.com/recipes/food/views/pumpkin-pie-with-spiced-whipped-cream-108860,Pumpkin Pie with Spiced Whipped Cream ,"1 frozen 9-inch deep-dish pie crust, thawed, pierced all over with fork $ 1 15-ounce can pure pumpkin $ 1 14-ounce can sweetened condensed milk $ 1/4 cup sour cream $ 2 teaspoons ground cinnamon $ 3/4 teaspoon ground ginger $ 1/2 teaspoon vanilla extract $ 1/4 teaspoon ground allspice $ 2 large eggs $ 3/4 cup chilled whipping cream $ 2 tablespoons sugar $ ",Milk/Cream $ Vegetable $ Dessert $ Bake $ Thanksgiving $ Spice $ Pumpkin $ Fall $ Bon Appétit $ Vegetarian $ Pescatarian $ Peanut Free $ Tree Nut Free $ Soy Free $ Kosher $ ,American $ ,3.5/4,82,Milk/Cream $ Vegetable $ Dessert $ Bake $ Thanksgiving $ Spice $ Pumpkin $ Fall $ Bon Appétit $ Vegetarian $ Pescatarian $ Peanut Free $ Tree Nut Free $ Soy Free $ Kosher $ American $ 
https://www.epicurious.com/recipes/food/views/chicken-parmesan-heros-107587,Chicken Parmesan Heros ,"3 tablespoons olive oil $ 1 small onion, finely chopped $ 2 garlic cloves, chopped $ 2 (28-ounce) cans whole tomatoes in purée, puréed in a blender until smooth $ 2 teaspoons salt $ 3/4 teaspoon black pepper $ 6 skinless boneless chicken breast halves (2 lb total) $ 2 cups all-purpose flour $ 3 1/2 cups fine fresh bread crumbs (from firm white sandwich bread), lightly toasted $ 1 cup finely grated Parmigiano-Reggiano (3 ounces) $ 5 large eggs, lightly beaten $ 2 cups vegetable oil $ 4 (12-inch-long) loaves Italian bread, halved lengthwise $ 1 lb fresh mozzarella, thinly sliced $ ",Sandwich $ Cheese $ Chicken $ Poultry $ Tomato $ Bake $ Fry $ Super Bowl $ Mozzarella $ Parmesan $ Winter $ Gourmet $ ,American $ Italian $ ,3/4,25,Sandwich $ Cheese $ Chicken $ Poultry $ Tomato $ Bake $ Fry $ Super Bowl $ Mozzarella $ Parmesan $ Winter $ Gourmet $ American $ Italian $ 
https://www.epicurious.com/recipes/food/views/sweet-potato-salad-with-chili-lime-dressing-102099,Sweet Potato Salad with Chili-Lime Dressing ,"2 pounds sweet potatoes, peeled and cut into 1-inch chunks $ 1/3 cup extra-virgin olive oil $ 2 tablespoons fresh lime juice $ 1 teaspoon chili powder $ 1/2 teaspoon ground cumin $ 1/4 cup finely chopped fresh cilantro leaves $ salt and freshly ground black pepper to taste $ 1/2 medium-size red bell pepper, seeded and cut into 1/4 inch dice [See how on streaming video] $ 4 scallions, white and light green parts, finely chopped $ ",Salad $ Lime $ Bell Pepper $ Sweet Potato/Yam $ Summer $ Cilantro $ ,American $ ,3/4,45,Salad $ Lime $ Bell Pepper $ Sweet Potato/Yam $ Summer $ Cilantro $ American $ 
https://www.epicurious.com/recipes/food/views/basic-butter-cookies-108915,Basic Butter Cookies ,"2 cups all-purpose flour $ 1/2 teaspoon baking powder $ 1/2 teaspoon salt $ 1 1/2 sticks (3/4 cup) unsalted butter, softened $ 1 cup sugar $ 1 large egg $ 1/2 teaspoon vanilla $ Garnish: coarse or sanding sugar*; or melted chocolate (see cooks' note, below) $ ",Cookies $ Dessert $ Bake $ Gourmet $ Kidney Friendly $ Vegetarian $ Pescatarian $ Peanut Free $ Tree Nut Free $ Soy Free $ Kosher $ ,American $ ,3.5/4,96,Cookies $ Dessert $ Bake $ Gourmet $ Kidney Friendly $ Vegetarian $ Pescatarian $ Peanut Free $ Tree Nut Free $ Soy Free $ Kosher $ American $ 
https://www.epicurious.com/recipes/food/views/crab-cakes-with-chardonnay-cream-sauce-101969,Crab Cakes with Chardonnay Cream Sauce ,"1 3/4 cups Chardonnay or other dry white wine $ 1/3 cup chopped shallots $ 1 cup whipping cream $ 1 1/2 pounds crabmeat, drained (about 4 cups) $ 2 1/2 cups finely crushed potato chips $ 1 1/4 cups fresh breadcrumbs made from French bread $ 1 7.25-ounce jar roasted red peppers, drained, coarsely chopped $ 1/2 cup thinly sliced green onions $ 2 large eggs $ 2 tablespoons chopped fresh dill $ 1 tablespoon Dijon mustard $ 1 tablespoon whole grain mustard $ 1 tablespoon mayonnaise $ 1/4 cup (about) vegetable oil $ ",Milk/Cream $ Wine $ Appetizer $ Sauté $ Crab $ Summer $ Bon Appétit $ Sugar Conscious $ Pescatarian $ Peanut Free $ Tree Nut Free $ Soy Free $ ,American $ ,3/4,43,Milk/Cream $ Wine $ Appetizer $ Sauté $ Crab $ Summer $ Bon Appétit $ Sugar Conscious $ Pescatarian $ Peanut Free $ Tree Nut Free $ Soy Free $ American $ 
https://www.epicurious.com/recipes/food/views/chocolate-peanut-butter-torte-108804,Chocolate Peanut Butter Torte ,"1 prebaked pie shell $ 2 large eggs, at room temperature $ 4 large egg yolks, at room temperature $ 1/3 cup sugar $ 1 cup peanut butter $ 7 tablespoons unsalted butter $ 3 ounces bittersweet chocolate $ 1/4 cup lightly salted peanuts, coarsely chopped $ ",Cake $ Microwave $ Mixer $ Chocolate $ Nut $ Dessert $ Bake $ Kid-Friendly $ Back to School $ Peanut $ Fall $ Party $ Vegetarian $ Pescatarian $ Tree Nut Free $ Soy Free $ Kosher $ ,American $ ,3.5/4,2,Cake $ Microwave $ Mixer $ Chocolate $ Nut $ Dessert $ Bake $ Kid-Friendly $ Back to School $ Peanut $ Fall $ Party $ Vegetarian $ Pescatarian $ Tree Nut Free $ Soy Free $ Kosher $ American $ 
https://www.epicurious.com/recipes/food/views/brandied-sour-cherry-and-pear-tartlets-108780,Brandied Sour Cherry and Pear Tartlets ,"3 1/2 cups all-purpose flour $ 1 teaspoon salt $ 2 sticks (1 cup) cold unsalted butter, cut into 1/2-inch cubes $ 1/2 cup cold vegetable shortening $ 3 tablespoons sugar $ 8 to 10 tablespoons ice water $ 3 tablespoons whole milk $ 1 1/2 pounds firm-ripe pears (about 3) $ 2 cups dried sour cherries (10 ounces) $ 1/2 cup brandy $ 1/2 cup water $ 3 tablespoons sugar $ 2 tablespoons cornstarch $ a pastry or bench scraper; a 3 1/2-inch fluted round cookie cutter; small (1/2- to 3/4-inch) decorative cutters; a 4-inch fluted or plain round cutter; 16 (3 1/4- to 3 1/2- by 5/8-inch) fluted round nonstick tartlet pans $ ",Fruit $ Dessert $ Bake $ Thanksgiving $ Pear $ Cherry $ Brandy $ Fall $ Gourmet $ Kidney Friendly $ Vegetarian $ Pescatarian $ Peanut Free $ Tree Nut Free $ Soy Free $ Kosher $ ,American $ ,3.5/4,8,Fruit $ Dessert $ Bake $ Thanksgiving $ Pear $ Cherry $ Brandy $ Fall $ Gourmet $ Kidney Friendly $ Vegetarian $ Pescatarian $ Peanut Free $ Tree Nut Free $ Soy Free $ Kosher $ American $ 
https://www.epicurious.com/recipes/food/views/garlicky-mashed-potatoes-106328,Garlicky Mashed Potatoes ,"2 pounds red-skinned new potatoes $ 8 large garlic cloves, peeled $ 1 teaspoon salt $ 1/4 cup whipping cream $ 3 tablespoons butter $ ",Garlic $ Potato $ Side $ Bon Appétit $ ,American $ ,3.5/4,12,Garlic $ Potato $ Side $ Bon Appétit $ American $ 
https://www.epicurious.com/recipes/food/views/glazed-chestnuts-with-haricots-verts-108894,Glazed Chestnuts with Haricots Verts ,"1/3 cup finely chopped shallot $ 1/2 stick (1/4 cup) unsalted butter $ 1 (14- to 15-oz) jar whole roasted chestnuts* (3 cups) $ 1/2 cup chicken broth $ 1/4 cup Sortilège maple liqueur**, or 1/4 cup Canadian whiskey stirred together with 1 tablespoon pure maple syrup $ 2 lb haricots verts or other thin green beans, trimmed $ ",Green Bean $ Winter $ Chestnut $ Maple Syrup $ Gourmet $ ,American $ French $ ,3/4,7,Green Bean $ Winter $ Chestnut $ Maple Syrup $ Gourmet $ American $ French $ 
https://www.epicurious.com/recipes/food/views/new-york-cheesecake-102592,New York Cheesecake ,"1 1 crumb-crust recipe, made with finely ground graham crackers $ 5 (8-oz) packages cream cheese, softened $ 1 3/4 cups sugar $ 3 tablespoons all-purpose flour $ Finely grated zest of 1 orange $ Finely grated zest of 1 lemon $ 5 large eggs $ 2 large egg yolks $ 1/2 teaspoon vanilla $ ",Cake $ Cheese $ Dessert $ Bake $ Gourmet $ Vegetarian $ Pescatarian $ Peanut Free $ Tree Nut Free $ Soy Free $ Kosher $ ,American $ ,3.5/4,263,Cake $ Cheese $ Dessert $ Bake $ Gourmet $ Vegetarian $ Pescatarian $ Peanut Free $ Tree Nut Free $ Soy Free $ Kosher $ American $ 
https://www.epicurious.com/recipes/food/views/cream-of-cauliflower-soup-with-saffron-107622,Cream of Cauliflower Soup with Saffron ,"2 cups water $ 2 cups low-salt chicken broth $ 1/8 teaspoon coarsely crumbled saffron threads $ 3 tablespoons butter $ 2 cups chopped onions $ 1 1/2 pounds cauliflower, cut into1/2- to 3/4-inch pieces $ 3/4 cup half and half $ Thinly sliced fresh chives $ ",Soup/Stew $ Food Processor $ Dairy $ Vegetable $ Sauté $ Winter $ Simmer $ Bon Appétit $ ,American $ ,3/4,44,Soup/Stew $ Food Processor $ Dairy $ Vegetable $ Sauté $ Winter $ Simmer $ Bon Appétit $ American $ 
https://www.epicurious.com/recipes/food/views/prune-and-walnut-crecents-107449,Prune and Walnut Crecents ,"2 sticks (1 cup) cold unsalted butter, cut into tablespoon pieces $ 1 (8-oz) package cold cream cheese, quartered $ 1/4 cup sugar $ 3/4 teaspoon salt $ 2 cups all-purpose flour $ 3/4 cup walnuts (3 oz), toasted $ 1 cup pitted prunes (6 oz) $ 1/4 cup sugar $ 1/8 teaspoon cinnamon $ 1 tablespoon cream Sherry or water $ 1 large egg yolk beaten with 1 tablespoon water $ a 2 1/2-inch round cookie cutter $ ",Food Processor $ Fruit $ Nut $ Dessert $ Bake $ Christmas $ Cream Cheese $ Prune $ Walnut $ Sherry $ Winter $ Pastry $ Gourmet $ Kidney Friendly $ Vegetarian $ Pescatarian $ Peanut Free $ Soy Free $ Kosher $ ,American $ ,3.5/4,4,Food Processor $ Fruit $ Nut $ Dessert $ Bake $ Christmas $ Cream Cheese $ Prune $ Walnut $ Sherry $ Winter $ Pastry $ Gourmet $ Kidney Friendly $ Vegetarian $ Pescatarian $ Peanut Free $ Soy Free $ Kosher $ American $ 
https://www.epicurious.com/recipes/food/views/chocolate-chestnut-torte-with-chocolate-cognac-mousse-107439,Chocolate Chestnut Torte with Chocolate Cognac Mousse ,"2 cups heavy cream $ 1/2 stick (1/4 cup) unsalted butter $ 16 oz fine-quality bittersweet chocolate (not unsweetened), finely chopped $ 6 marrons glacés (candied chestnuts), finely chopped $ 9 oz bottled whole shelled roasted chestnuts (1 1/2 cups) $ 2 cups cake flour (not self-rising) $ 1 1/2 teaspoons baking soda $ 1/2 teaspoon salt $ 2 sticks (1 cup) unsalted butter, softened $ 1 1/2 cups packed light brown sugar $ 4 large eggs $ 1 teaspoon vanilla $ 3/4 cup sour cream $ 3/4 stick (6 tablespoons) unsalted butter, cut into pieces $ 8 oz fine-quality bittersweet chocolate (not unsweetened), finely chopped $ 5 tablespoons Cognac $ 3/4 cup chilled heavy cream $ 2 large egg whites $ 1/4 cup granulated sugar $ Garnish: caramelized chestnuts $ 3 (8-inch) round cake pans; an 8-inch round of cardboard, covered with foil if not wax-coated $ ",Cake $ Milk/Cream $ Chocolate $ Nut $ Dessert $ Bake $ Freeze/Chill $ Christmas $ Cognac/Armagnac $ Winter $ Chill $ Chestnut $ Sour Cream $ Gourmet $ ,American $ ,3/4,29,Cake $ Milk/Cream $ Chocolate $ Nut $ Dessert $ Bake $ Freeze/Chill $ Christmas $ Cognac/Armagnac $ Winter $ Chill $ Chestnut $ Sour Cream $ Gourmet $ American $ 
https://www.epicurious.com/recipes/food/views/braised-escarole-with-currants-and-pine-nuts-107654,Braised Escarole with Currants and Pine Nuts ,"3 tablespoons dried currants $ 2 tablespoons water $ 2 pounds escarole, halved lengthwise, cored, cut crosswise into 2-inch-wide strips $ 3 tablespoons extra-virgin olive oil $ 4 garlic cloves, thinly sliced $ 3 tablespoons pine nuts, toasted $ ",Leafy Green $ Nut $ Side $ Braise $ Sauté $ Low Carb $ Pine Nut $ Winter $ Escarole $ Bon Appétit $ Sugar Conscious $ Vegan $ Vegetarian $ Pescatarian $ Paleo $ Dairy Free $ Wheat/Gluten-Free $ Peanut Free $ Soy Free $ No Sugar Added $ Kosher $ ,American $ ,3/4,4,Leafy Green $ Nut $ Side $ Braise $ Sauté $ Low Carb $ Pine Nut $ Winter $ Escarole $ Bon Appétit $ Sugar Conscious $ Vegan $ Vegetarian $ Pescatarian $ Paleo $ Dairy Free $ Wheat/Gluten-Free $ Peanut Free $ Soy Free $ No Sugar Added $ Kosher $ American $ 
https://www.epicurious.com/recipes/food/views/barley-and-roasted-vegetable-soup-107687,Barley and Roasted-Vegetable Soup ,"Nonstick vegetable oil spray $ 4 large plum tomatoes (about 1 1/4 pounds), halved lengthwise $ 3 medium carrots, trimmed, peeled, quartered (about 8 ounces) $ 6 ounces fresh crimini mushrooms, thickly sliced $ 1 large onion, cut into 1-inch wedges through root end $ 1 red bell pepper, quartered $ 1 medium zucchini, trimmed, halved lengthwise $ 3 garlic cloves, unpeeled $ 2 tablespoons olive oil $ 8 cups (or more) canned vegetable broth $ 1 1/2-ounce package dried porcini mushrooms,* broken into pieces $ 3 large fresh thyme sprigs $ 1 bay leaf $ 1 cup pearl barley $ Chopped fresh parsley $ ",Soup/Stew $ Mushroom $ Vegetable $ Roast $ Stew $ Low Fat $ Vegetarian $ Low/No Sugar $ Barley $ Bell Pepper $ Carrot $ Winter $ Healthy $ Vegan $ Bon Appétit $ ,American $ ,3.5/4,80,Soup/Stew $ Mushroom $ Vegetable $ Roast $ Stew $ Low Fat $ Vegetarian $ Low/No Sugar $ Barley $ Bell Pepper $ Carrot $ Winter $ Healthy $ Vegan $ Bon Appétit $ American $ 
https://www.epicurious.com/recipes/food/views/cauliflower-cheddar-gratin-with-horseradish-crumbs-107360,Cauliflower Cheddar Gratin with Horseradish Crumbs ,"3 lb cauliflower (1 large head), cut into 1 1/2- to 2-inch florets $ 4 tablespoons unsalted butter $ 2 tablespoons all-purpose flour $ 1 1/2 cups milk $ 6 oz sharp Cheddar, coarsely grated (2 cups) $ 1/2 cup finely chopped scallion greens $ 1/2 teaspoon salt $ 1/2 teaspoon black pepper $ 20 (2-inch square) saltine crackers $ 2 tablespoons drained bottled horseradish $ ",Cheese $ Vegetable $ Side $ Bake $ Vegetarian $ Casserole/Gratin $ Cauliflower $ Fall $ Gourmet $ ,American $ ,3.5/4,72,Cheese $ Vegetable $ Side $ Bake $ Vegetarian $ Casserole/Gratin $ Cauliflower $ Fall $ Gourmet $ American $ 
https://www.epicurious.com/recipes/food/views/new-england-molasses-gingerbread-cookies-107526,New England Molasses Gingerbread Cookies ,"6 cups (about) all purpose flour $ 1 tablespoon ground cinnamon $ 2 teaspoons ground ginger $ 1 1/2 teaspoons ground cloves $ 3/4 teaspoon salt $ 11 tablespoons (1 stick plus 3 tablespoons) unsalted butter, room temperature $ 2/3 cup solid vegetable shortening $ 1 cup sugar $ 1 cup mild-flavored (light) molasses $ 1 1/2teaspoons grated lemon peel $ 1 large egg $ 1/4 cup buttermilk $ 2 teaspoons water $ 1 teaspoon baking soda $ 3 cups powdered sugar $ 1 1/2 tablespoons fresh lemon juice $ 1 1/2 teaspoons light corn syrup $ Water $ Food coloring (optional) $ Decorations (such as colored sugar crystals) $ ",Cookies $ Ginger $ Bake $ Christmas $ Spice $ Winter $ Molasses $ Bon Appétit $ ,American $ ,3/4,60,Cookies $ Ginger $ Bake $ Christmas $ Spice $ Winter $ Molasses $ Bon Appétit $ American $ 
https://www.epicurious.com/recipes/food/views/cheddar-scallion-drop-biscuits-106062,Cheddar Scallion Drop Biscuits ,"2 1/4 cups all-purpose flour $ 2 1/2 teaspoons baking powder $ 2 teaspoons sugar $ 3/4 teaspoon baking soda $ 1 teaspoon salt $ 6 tablespoons (3/4 stick) cold unsalted butter, cut into 1/2-inch cubes $ 6 oz Cheddar, coarsely grated (1 1/2 cups) $ 3 scallions, finely chopped $ 1 cup well-shaken buttermilk $ ",Bread $ Cheese $ Breakfast $ Brunch $ Side $ Bake $ Thanksgiving $ Quick & Easy $ Mother's Day $ Father's Day $ New Year's Day $ Cheddar $ Pastry $ Gourmet $ Sugar Conscious $ Kidney Friendly $ Vegetarian $ Pescatarian $ Peanut Free $ Tree Nut Free $ Soy Free $ Kosher $ ,American $ ,3.5/4,59,Bread $ Cheese $ Breakfast $ Brunch $ Side $ Bake $ Thanksgiving $ Quick & Easy $ Mother's Day $ Father's Day $ New Year's Day $ Cheddar $ Pastry $ Gourmet $ Sugar Conscious $ Kidney Friendly $ Vegetarian $ Pescatarian $ Peanut Free $ Tree Nut Free $ Soy Free $ Kosher $ American $ 
https://www.epicurious.com/recipes/food/views/spiced-streusel-apple-pie-102550,Spiced Streusel Apple Pie ,"2/3 cup walnuts $ 1/2 cup (packed) golden brown sugar $ 1/4 cup yellow cornmeal $ 1/4 cup all purpose flour $ 3/4 teaspoon ground cinnamon $ 1/2 teaspoon ground nutmeg $ 5 tablespoons chilled unsalted butter, cut into small pieces $ 2 1/4 pounds Granny Smith apples (about 6 medium), peeled, quartered, cored, cut into 1/2-inch-thick wedges $ 1/2 cup sour cream $ 1/4 cup sugar $ 2 tablespoons all purpose flour $ 1 1/2 teaspoons ground cinnamon $ 3/4 teaspoon ground nutmeg $ 1/4 teaspoon ground cloves $ 1 Flaky Pie Crust $ Vanilla ice cream $ ",Food Processor $ Fruit $ Nut $ Dessert $ Bake $ Thanksgiving $ Vegetarian $ Apple $ Walnut $ Spice $ Fall $ Winter $ Bon Appétit $ Kidney Friendly $ Pescatarian $ Peanut Free $ Soy Free $ Kosher $ ,American $ ,3/4,21,Food Processor $ Fruit $ Nut $ Dessert $ Bake $ Thanksgiving $ Vegetarian $ Apple $ Walnut $ Spice $ Fall $ Winter $ Bon Appétit $ Kidney Friendly $ Pescatarian $ Peanut Free $ Soy Free $ Kosher $ American $ 
https://www.epicurious.com/recipes/food/views/apple-strudel-turnovers-108587,Apple Strudel Turnovers ,"2 1/4 pounds Braeburn or Fuji apples (about 6 medium), peeled, cored, cut into 1/2-inch cubes $ 1/3 cup fresh lemon juice $ 1 cup sugar $ 1 teaspoon ground cinnamon $ 1/2 teaspoon ground ginger $ 1/4 teaspoon ground white pepper $ 1 1/4 cups (2 1/2 sticks) unsalted butter $ 1/3 cup water $ 2 tablespoons (packed) golden brown sugar $ 2 tablespoons mild-flavored (light) molasses $ 28 13x9-inch fresh phyllo pastry sheets or frozen, thawed (about 3/4 pound) $ 1 1/4 cups lightly toasted fresh breadcrumbs $ Vanilla ice cream $ ",Fruit $ Dessert $ Bake $ Apple $ Spice $ Fall $ Molasses $ Phyllo/Puff Pastry Dough $ Pastry $ Bon Appétit $ Vegetarian $ Pescatarian $ Peanut Free $ Tree Nut Free $ Soy Free $ Kosher $ ,American $ ,4/4,30,Fruit $ Dessert $ Bake $ Apple $ Spice $ Fall $ Molasses $ Phyllo/Puff Pastry Dough $ Pastry $ Bon Appétit $ Vegetarian $ Pescatarian $ Peanut Free $ Tree Nut Free $ Soy Free $ Kosher $ American $ 
https://www.epicurious.com/recipes/food/views/triple-layer-white-cake-with-orange-curd-filling-and-frosting-107719,Triple-Layer White Cake with Orange Curd Filling and Frosting ,"1/4 cup fresh lemon juice $ 2 teaspoons unflavored gelatin $ 1 1/2 cups sugar $ 1 cup orange juice $ 9 large egg yolks $ 3 tablespoons grated orange peel $ 2 teaspoons grated lemon peel $ 3/4 cup (1 1/2 sticks) unsalted butter, cut into 1/2-inch cubes $ 2 3/4 cups cake flour $ 1 1/4 cups plus 2/3 cup sugar $ 3/4 teaspoon baking powder $ 1/2 teaspoon salt $ 3/4 cup vegetable oil $ 4 large egg yolks $ 6 tablespoons sour cream $ 1/2 cup plus 1 tablespoon whole milk $ 2 teaspoons grated orange peel $ 1 1/2 teaspoons vanilla extract $ 6 large egg whites $ 10 ounces cream cheese, room temperature $ 10 tablespoons (1 1/4 sticks) unsalted butter, room temperature $ 1 2/3 cups powdered sugar $ ",Cake $ Fruit Juice $ Mixer $ Citrus $ Egg $ Dessert $ Bake $ Orange $ Winter $ Sour Cream $ Double Boiler $ Bon Appétit $ ,American $ ,3/4,29,Cake $ Fruit Juice $ Mixer $ Citrus $ Egg $ Dessert $ Bake $ Orange $ Winter $ Sour Cream $ Double Boiler $ Bon Appétit $ American $ 
https://www.epicurious.com/recipes/food/views/linguine-with-pecan-arugula-pesto-107354,Linguine with Pecan Arugula Pesto ,"3/4 cup pecans (3 oz), toasted $ 1 large garlic clove $ 1/2 teaspoon salt $ 10 oz arugula, coarse stems discarded $ 1/2 cup finely grated Parmigiano-Reggiano (1 1/2 oz) $ 1/2 cup olive oil $ 1/2 teaspoon black pepper $ 1 lb dried linguine $ ",Leafy Green $ Nut $ Pasta $ Vegetarian $ Quick & Easy $ Parmesan $ Pecan $ Fall $ Gourmet $ ,American $ ,3/4,33,Leafy Green $ Nut $ Pasta $ Vegetarian $ Quick & Easy $ Parmesan $ Pecan $ Fall $ Gourmet $ American $ 
https://www.epicurious.com/recipes/food/views/triple-chocolate-cake-with-chocolate-peppermint-filling-105950,Triple-Chocolate Cake with Chocolate-Peppermint Filling ,"8 ounces imported milk chocolate (such as Lindt), finely chopped $ 1/2 cup whipping cream $ 1 tablespoon light corn syrup $ 1/2 teaspoon peppermint extract $ 1 cup sifted all purpose flour $ 1/3 cup unsweetened cocoa powder $ 1/2 teaspoon salt $ 1/4 teaspoon baking powder $ 1/4 teaspoon baking soda $ 3/4 cup (1 1/2 sticks) unsalted butter, room temperature $ 1 cup sugar $ 1/3 cup (packed) dark brown sugar $ 2 teaspoons vanilla extract $ 3 large eggs $ 1/2 cup buttermilk $ 1 1/2 cups miniature semisweet chocolate chips $ 8 ounces bittersweet (not unsweetened) or semisweet chocolate, finely chopped $ 1/2 cup (1 stick) unsalted butter, cut into pieces $ 1 tablespoon light corn syrup $ 3/4 teaspoon peppermint extract $ 12 whole red-and-white-striped hard peppermint candies, chopped $ Fresh mint leaves $ ",Cake $ Chocolate $ Dessert $ Bake $ Christmas $ Mint $ Winter $ Bon Appétit $ Vegetarian $ Pescatarian $ Peanut Free $ Tree Nut Free $ Soy Free $ Kosher $ ,American $ ,3.5/4,121,Cake $ Chocolate $ Dessert $ Bake $ Christmas $ Mint $ Winter $ Bon Appétit $ Vegetarian $ Pescatarian $ Peanut Free $ Tree Nut Free $ Soy Free $ Kosher $ American $ 
https://www.epicurious.com/recipes/food/views/cinnamon-ice-cream-107333,Cinnamon Ice Cream ,3 cups whole milk $ 1 1/4 cups sugar $ 1 cup whipping cream $ 5 cinnamon sticks $ 1/8 teaspoon salt $ 12 large egg yolks $ ,Milk/Cream $ Dairy $ Dessert $ Freeze/Chill $ Thanksgiving $ Frozen Dessert $ Fall $ Cinnamon $ Bon Appétit $ Kidney Friendly $ Vegetarian $ Pescatarian $ Wheat/Gluten-Free $ Peanut Free $ Tree Nut Free $ Soy Free $ Kosher $ ,American $ ,3.5/4,21,Milk/Cream $ Dairy $ Dessert $ Freeze/Chill $ Thanksgiving $ Frozen Dessert $ Fall $ Cinnamon $ Bon Appétit $ Kidney Friendly $ Vegetarian $ Pescatarian $ Wheat/Gluten-Free $ Peanut Free $ Tree Nut Free $ Soy Free $ Kosher $ American $ 
https://www.epicurious.com/recipes/food/views/braised-short-ribs-with-garbanzo-beans-and-raisins-108568,Braised Short Ribs with Garbanzo Beans and Raisins ,"1 1/2 cups dried garbanzo beans $ 1 tablespoon extra-virgin olive oil $ 1 medium onion, quartered $ 1 celery stalk, halved $ 1 medium carrot, halved $ 4 large fresh rosemary sprigs $ 4 large fresh thyme sprigs $ 1 teaspoon salt $ 1/2 cup raisins $ 8 3- to 4-inch-long meaty short ribs $ 2 tablespoons vegetable oil $ 1 small onion, chopped $ 1 small carrot, chopped $ 1 celery stalk, chopped $ 5 large fresh thyme sprigs $ 3 garlic cloves, unpeeled $ 3 cups low-salt chicken broth $ 1/2 cup Sherry wine vinegar $ 2 fresh tarragon sprigs $ 8 hot cherry peppers from jar, drained, left whole $ ",Bean $ Beef $ Braise $ Dinner $ Raisin $ Beef Rib $ Hot Pepper $ Winter $ Bon Appétit $ Dairy Free $ Wheat/Gluten-Free $ Peanut Free $ Tree Nut Free $ Soy Free $ Kosher $ ,American $ ,3.5/4,29,Bean $ Beef $ Braise $ Dinner $ Raisin $ Beef Rib $ Hot Pepper $ Winter $ Bon Appétit $ Dairy Free $ Wheat/Gluten-Free $ Peanut Free $ Tree Nut Free $ Soy Free $ Kosher $ American $ 
https://www.epicurious.com/recipes/food/views/orange-glow-chiffon-cake-105984,Orange Glow Chiffon Cake ,"All ingredients should be at room temperature. $ 2 1/4 cups sifted cake flour (8 ounces = 225 grams) $ 1 1/2 cups sugar (10.5 ounces = 300 grams) $ 2 teaspoons baking powder (10 grams) $ 1/2 teaspoon salt (3.5 grams) $ 1/2 liquid cup safflower oil (3.75 ounces = 108 grams) $ 7 large eggs, separated + 3 additional whites (yolks: 1/2 liquid cup = 4.5 ounces = 130 grams; whites: 1 1/4 liquid cups = 10.5 ounces = 300 grams) $ 3/4 liquid cup orange juice, freshly squeezed (6.25 ounces = 182 grams) $ 2 tablespoons grated orange zest (12 grams) $ 1 teaspoon vanilla (4 grams) $ 1 1/4 teaspoon cream of tartar (4 grams) $ One ungreased 10-inch two-piece tube pan $ ",Cake $ Fruit $ Dessert $ Bake $ Wedding $ Orange $ Fall $ Spring $ Summer $ Winter $ Kidney Friendly $ Vegetarian $ Pescatarian $ Dairy Free $ Peanut Free $ Tree Nut Free $ Soy Free $ Kosher $ ,American $ ,3.5/4,19,Cake $ Fruit $ Dessert $ Bake $ Wedding $ Orange $ Fall $ Spring $ Summer $ Winter $ Kidney Friendly $ Vegetarian $ Pescatarian $ Dairy Free $ Peanut Free $ Tree Nut Free $ Soy Free $ Kosher $ American $ 
https://www.epicurious.com/recipes/food/views/rocky-road-frosting-102120,Rocky Road Frosting ,"1 1/2 cups miniature marshmallows $ 6 tablespoons (3/4 stick) unsalted butter, cut into 6 pieces $ 6 tablespoons water $ 3 ounces unsweetened chocolate, chopped $ 3 cups powdered sugar $ 1 1/2 teaspoons vanilla extract $ ",Sauce $ Chocolate $ Dessert $ Fall $ Bon Appétit $ Kidney Friendly $ Wheat/Gluten-Free $ Peanut Free $ Tree Nut Free $ Soy Free $ ,American $ ,3/4,6,Sauce $ Chocolate $ Dessert $ Fall $ Bon Appétit $ Kidney Friendly $ Wheat/Gluten-Free $ Peanut Free $ Tree Nut Free $ Soy Free $ American $ 
https://www.epicurious.com/recipes/food/views/meat-loaf-with-sauteed-mushrooms-102129,Meat Loaf with Sauteed Mushrooms ,"5 tablespoons olive oil $ 3 large onions, coarsely chopped $ 1 tablespoon sugar $ 2 teaspoons dried oregano $ 2 garlic cloves, minced $ 1/4 cup apple cider vinegar $ 1 pound lean ground beef $ 1 pound ground pork $ 1 14 1/2-ounce can crushed tomatoes with added puree $ 2 large eggs $ 1 cup crushed saltine cracker crumbs $ 1/2 cup chopped celery leaves $ 1/4 cup dry white wine $ 1 1/2 teaspoons salt $ 3/4 teaspoon ground black pepper $ 1 pound mushrooms, sliced $ ",Beef $ Mushroom $ Pork $ Tomato $ Bake $ Ground Beef $ Fall $ Bon Appétit $ ,American $ ,3/4,32,Beef $ Mushroom $ Pork $ Tomato $ Bake $ Ground Beef $ Fall $ Bon Appétit $ American $ 
https://www.epicurious.com/recipes/food/views/corn-bread-with-green-onions-and-parmesan-cheese-108713,Corn Bread with Green Onions and Parmesan Cheese ,Nonstick vegetable oil spray $ 6 tablespoons (3/4 stick) unsalted butter $ 2 tablespoons extra-virgin olive oil $ 1 3/4 cups chopped green onions $ 2 cups yellow cornmeal $ 1 cup unbleached all purpose flour $ 1 cup freshly grated Parmesan cheese (about 3 ounces) $ 1/3 cup sugar $ 4 teaspoons baking powder $ 1 teaspoon salt $ 3/4 teaspoon coarsely ground black pepper $ 1 1/2 cups buttermilk $ 2 large eggs $ ,Bread $ Cheese $ Onion $ Bake $ Super Bowl $ Parmesan $ Cornmeal $ Bon Appétit $ ,American $ Southern $ ,2.5/4,4,Bread $ Cheese $ Onion $ Bake $ Super Bowl $ Parmesan $ Cornmeal $ Bon Appétit $ American $ Southern $ 
https://www.epicurious.com/recipes/food/views/oxtail-soup-with-red-wine-and-root-vegetables-102123,Oxtail Soup with Red Wine and Root Vegetables ,"5 tablespoons vegetable oil $ 31/4 pounds meaty oxtails (about seven 3-inch segments), patted dry $ 10 cups water $ 5 14 1/2-ounce cans beef broth $ 3 cups dry red wine $ 2 medium onions, chopped $ 2 medium leeks (white and pale green parts only), chopped $ 3 medium carrots, peeled, very finely chopped $ 2 medium parsnips, peeled, cut into 1/2-inch cubes $ 6 garlic cloves, minced $ 1 teaspoon dried thyme $ 1 bay leaf $ 2 large russet potatoes, peeled, cut into 1/2-inch cubes $ 1/3 cup finely chopped fresh Italian parsley $ ",Soup/Stew $ Beef $ Vegetable $ Red Wine $ Fall $ Bon Appétit $ ,American $ ,3.5/4,33,Soup/Stew $ Beef $ Vegetable $ Red Wine $ Fall $ Bon Appétit $ American $ 
https://www.epicurious.com/recipes/food/views/baked-sweet-potatoes-stuffed-with-cranberries-pears-and-pecans-107295,"Baked Sweet Potatoes Stuffed with Cranberries, Pears, and Pecans ","8 8-ounce red-skinned sweet potatoes (yams), scrubbed $ 1 cup dried cranberries $ 4 tablespoons (1/2 stick) butter $ 2 large firm but ripe pears, peeled, cored, cut into 1/2-inch cubes $ 1 cup pecans, coarsely chopped $ 4 teaspoons minced peeled fresh ginger $ 4 teaspoons (packed) golden brown sugar $ 2 teaspoons plus 1 1/2 tablespoons balsamic vinegar $ 1/2 teaspoon salt $ ",Fruit $ Nut $ Potato $ Side $ Bake $ Sauté $ Thanksgiving $ Cranberry $ Pear $ Pecan $ Sweet Potato/Yam $ Fall $ Bon Appétit $ Vegetarian $ Pescatarian $ Wheat/Gluten-Free $ Peanut Free $ Soy Free $ Kosher $ ,American $ ,3.5/4,34,Fruit $ Nut $ Potato $ Side $ Bake $ Sauté $ Thanksgiving $ Cranberry $ Pear $ Pecan $ Sweet Potato/Yam $ Fall $ Bon Appétit $ Vegetarian $ Pescatarian $ Wheat/Gluten-Free $ Peanut Free $ Soy Free $ Kosher $ American $ 
https://www.epicurious.com/recipes/food/views/veal-scallops-with-wild-mushroom-mustard-and-tarragon-sauce-108819,"Veal Scallops with Wild Mushroom, Mustard, and Tarragon Sauce ","1 1/4 pounds veal scallops, about 1/8 inch thick $ 4 tablespoons (1/2 stick) butter $ 1/4 cup chopped shallots $ 8 ounces assorted wild mushrooms (such as oyster and stemmed shiitake), sliced or quartered $ 2 tablespoons chopped fresh tarragon $ 1/2 cup dry white wine $ 1 cup heavy cream $ 2 tablespoons coarse-grained Dijon mustard $ ",Herb $ Mushroom $ Mustard $ Sauté $ Quick & Easy $ Veal $ Fall $ Tarragon $ Bon Appétit $ ,American $ ,4/4,30,Herb $ Mushroom $ Mustard $ Sauté $ Quick & Easy $ Veal $ Fall $ Tarragon $ Bon Appétit $ American $ 
https://www.epicurious.com/recipes/food/views/spicy-cranberry-relish-107379,Spicy Cranberry Relish ,"1 lime $ 1 (12-oz) bag fresh cranberries (3 cups) $ 1 medium red onion, chopped $ 1/2 cup sugar $ 1 to 2 teaspoons minced fresh serrano chile, including seeds $ ",Condiment/Spread $ Berry $ Pepper $ Side $ No-Cook $ Thanksgiving $ Quick & Easy $ Hot Pepper $ Fall $ Chill $ Gourmet $ Fat Free $ Kidney Friendly $ Vegan $ Vegetarian $ Pescatarian $ Dairy Free $ Wheat/Gluten-Free $ Peanut Free $ Tree Nut Free $ Soy Free $ Kosher $ ,American $ ,3.5/4,11,Condiment/Spread $ Berry $ Pepper $ Side $ No-Cook $ Thanksgiving $ Quick & Easy $ Hot Pepper $ Fall $ Chill $ Gourmet $ Fat Free $ Kidney Friendly $ Vegan $ Vegetarian $ Pescatarian $ Dairy Free $ Wheat/Gluten-Free $ Peanut Free $ Tree Nut Free $ Soy Free $ Kosher $ American $ 
https://www.epicurious.com/recipes/food/views/potato-galette-107368,Potato Galette ,1 tablespoon unsalted butter $ 1 large russet (baking) potato (1/2 lb) $ 1/4 teaspoon salt $ 1/4 teaspoon black pepper $ a Japanese Benriner or other adjustable-blade slicer $ ,Potato $ Side $ Sauté $ Quick & Easy $ Fall $ Gourmet $ Sugar Conscious $ Vegetarian $ Pescatarian $ Wheat/Gluten-Free $ Peanut Free $ Tree Nut Free $ Soy Free $ No Sugar Added $ Kosher $ ,American $ ,2/4,1,Potato $ Side $ Sauté $ Quick & Easy $ Fall $ Gourmet $ Sugar Conscious $ Vegetarian $ Pescatarian $ Wheat/Gluten-Free $ Peanut Free $ Tree Nut Free $ Soy Free $ No Sugar Added $ Kosher $ American $ 
https://www.epicurious.com/recipes/food/views/bell-pepper-and-dried-apricot-chutney-107375,Bell Pepper and Dried Apricot Chutney ,"1 medium onion, chopped $ 1 red or orange bell pepper, cut into 1/2-inch pieces $ 1 cup dried apricots (6 oz), quartered $ 1/2 cup water $ 3/4 cup cider vinegar $ 1/4 cup plus 1 tablespoon sugar $ 1 1/2 teaspoons curry powder (preferably Madras) $ 1/4 teaspoon salt $ ",Condiment/Spread $ Fruit $ Pepper $ Thanksgiving $ Quick & Easy $ Apricot $ Bell Pepper $ Fall $ Gourmet $ ,American $ ,2.5/4,3,Condiment/Spread $ Fruit $ Pepper $ Thanksgiving $ Quick & Easy $ Apricot $ Bell Pepper $ Fall $ Gourmet $ American $ 
https://www.epicurious.com/recipes/food/views/individual-ginger-cakes-with-apricot-sticky-sauce-106233,Individual Ginger Cakes with Apricot Sticky Sauce ,"2/3 cup dried apricots, thinly sliced $ 3 tablespoons chopped crystallized ginger $ 1 cup sugar $ 3 tablespoons water $ 1 tablespoon light corn syrup $ 1 tablespoon salted butter $ 2/3 cup whipping cream $ 1 teaspoon vanilla extract $ Nonstick vegetable oil spray $ 2 1/2 cups all purpose flour $ 4 teaspoons ground ginger $ 2 teaspoons baking soda $ 1 1/2 teaspoons ground allspice $ 1 cup hot water $ 1 tablespoon instant espresso powder $ 1 cup (packed) golden brown sugar $ 3/4 cup (1 1/2 sticks) salted butter, room temperature $ 1 cup mild-flavored (light) molasses $ 2 large eggs $ 2 tablespoons finely grated peeled fresh ginger $ 2 teaspoons sugar $ ",Cake $ Ginger $ Dessert $ Bake $ Dried Fruit $ Apricot $ Winter $ Molasses $ Bon Appétit $ Vegetarian $ Pescatarian $ Peanut Free $ Tree Nut Free $ Soy Free $ Kosher $ ,American $ ,3/4,9,Cake $ Ginger $ Dessert $ Bake $ Dried Fruit $ Apricot $ Winter $ Molasses $ Bon Appétit $ Vegetarian $ Pescatarian $ Peanut Free $ Tree Nut Free $ Soy Free $ Kosher $ American $ 
https://www.epicurious.com/recipes/food/views/autumn-trifle-with-roasted-apples-pears-and-pumpkin-caramel-sauce-108849,"Autumn Trifle with Roasted Apples, Pears, and Pumpkin-Caramel Sauce ","6 large egg yolks $ 2 cups whole milk $ 3/4 cup sugar $ 1/2 cup cake flour $ 2 teaspoons vanilla extract $ 1 1/2 teaspoons ground cinnamon $ 2 tablespoons unsalted butter $ 1/4 cup (1/2 stick) unsalted butter $ 1/2 cup sugar $ 1 cup heavy whipping cream $ 1/2 cup canned pure pumpkin $ 3 large Fuji apples, peeled, cored, cut into 1/2-inch cubes (about 4 cups) $ 3 Bosc pears, peeled, cored, cut into 1/2-inch cubes (about 3 cups) $ 2 tablespoons fresh lemon juice $ 2 tablespoons unsalted butter, cut into 1/2-inch cubes $ 3 1/2 dozen (about) soft ladyfingers $ 1/3 cup dry Sherry $ 2 cups chilled whipping cream $ 2 tablespoons sugar $ 1 teaspoon vanilla extract $ 8 1/8-inch-thick slices Bosc pear $ 1 tablespoon fresh lemon juice $ ",Milk/Cream $ Fruit $ Dessert $ Roast $ Thanksgiving $ Apple $ Pear $ Pumpkin $ Sherry $ Fall $ Chill $ Cinnamon $ Bon Appétit $ ,American $ ,3.5/4,44,Milk/Cream $ Fruit $ Dessert $ Roast $ Thanksgiving $ Apple $ Pear $ Pumpkin $ Sherry $ Fall $ Chill $ Cinnamon $ Bon Appétit $ American $ 
https://www.epicurious.com/recipes/food/views/roasted-pork-tenderloin-with-sage-corn-bread-crust-105724,Roasted Pork Tenderloin with Sage Corn Bread Crust ,"1 (1-lb) pork tenderloin $ 2 teaspoons salt $ 1/2 teaspoon black pepper $ 1 tablespoon olive oil $ 1 tablespoon unsalted butter $ 2 garlic cloves, minced $ 2 corn toaster cakes, crumbled, or 1 cup crumbled corn muffin $ 1 teaspoon finely chopped fresh sage $ 2 tablespoons Dijon mustard $ ",Pork $ Roast $ Pork Tenderloin $ Fall $ Winter $ Sage $ Gourmet $ ,American $ ,3.5/4,84,Pork $ Roast $ Pork Tenderloin $ Fall $ Winter $ Sage $ Gourmet $ American $ 
https://www.epicurious.com/recipes/food/views/mashed-potatoes-with-sage-and-white-cheddar-cheese-108831,Mashed Potatoes with Sage and White Cheddar Cheese ,"4 pounds russet potatoes, peeled, cut into 1 1/2-inch cubes $ 1/4 cup (1/2 stick) butter $ 2 tablespoons plus 1 teaspoon minced fresh sage $ 3/4 cup whipping cream $ 3/4 cup whole milk $ 2 1/4 cups (packed; about 9 ounces) coarsely grated sharp white cheddar cheese $ ",Milk/Cream $ Cheese $ Herb $ Potato $ Side $ Bake $ Thanksgiving $ Cheddar $ Fall $ Winter $ Sage $ Bon Appétit $ Sugar Conscious $ Vegetarian $ Pescatarian $ Wheat/Gluten-Free $ Peanut Free $ Tree Nut Free $ Soy Free $ No Sugar Added $ Kosher $ ,American $ ,3.5/4,134,Milk/Cream $ Cheese $ Herb $ Potato $ Side $ Bake $ Thanksgiving $ Cheddar $ Fall $ Winter $ Sage $ Bon Appétit $ Sugar Conscious $ Vegetarian $ Pescatarian $ Wheat/Gluten-Free $ Peanut Free $ Tree Nut Free $ Soy Free $ No Sugar Added $ Kosher $ American $ 
https://www.epicurious.com/recipes/food/views/poached-salmon-in-aspic-105726,Poached Salmon in Aspic ,"1 (6-lb) whole salmon (with skin), cleaned and backbone removed, head and tail left intact $ 1 teaspoon salt $ 6 qt cold water $ 1/2 cup fresh lemon juice $ 1 large onion, coarsely chopped $ 2 carrots, coarsely chopped $ 2 celery ribs with leaves, cut into 4-inch pieces $ 2 bay leaves (not California) $ 6 fresh parsley stems (without leaves) $ 2 fresh thyme sprigs $ 1/4 teaspoon whole black peppercorns $ 1 cup dry white wine $ 2 tablespoons Sercial Madeira $ 1 fresh thyme sprig $ 1 teaspoon salt $ 1 large leek, white and pale green parts chopped and 2 outer leaves reserved $ 1 carrot, coarsely chopped $ 1 celery rib, coarsely chopped $ 3 large eggs, whites lightly beaten and shells crushed (reserve yolks for another use) $ 1 tablespoon unflavored gelatin (from two 1/4-oz envelopes) $ 1/4 cup cold water $ Accompaniment: green mayonnaise $ 2 (35-inch-long) pieces of cheesecloth; kitchen string; a 24-inch fish poacher*; a long (25-inch) platter $ ",Fish $ Poach $ Salmon $ White Wine $ Fall $ Spring $ Gourmet $ ,American $ ,4/4,3,Fish $ Poach $ Salmon $ White Wine $ Fall $ Spring $ Gourmet $ American $ 
https://www.epicurious.com/recipes/food/views/apricot-frozen-yogurt-108782,Apricot Frozen Yogurt ,1 1/2 cups sugar $ 1 3/4 cups cold water $ 2 cups packed soft dried California apricots (10 ounces) $ 1 (32-ounce) container whole-milk plain yogurt (3 1/2 cups) $ 2 1/2 teaspoons unflavored gelatin (from a 1/4-ounce envelope) $ an ice cream maker $ ,Ice Cream Machine $ Fruit $ Dessert $ Kid-Friendly $ Quick & Easy $ Yogurt $ Frozen Dessert $ Apricot $ Summer $ Healthy $ Gourmet $ Wheat/Gluten-Free $ Peanut Free $ Tree Nut Free $ Soy Free $ ,American $ ,3/4,4,Ice Cream Machine $ Fruit $ Dessert $ Kid-Friendly $ Quick & Easy $ Yogurt $ Frozen Dessert $ Apricot $ Summer $ Healthy $ Gourmet $ Wheat/Gluten-Free $ Peanut Free $ Tree Nut Free $ Soy Free $ American $ 
https://www.epicurious.com/recipes/food/views/pork-chops-with-pecan-corn-bread-dressing-and-cider-gravy-107356,Pork Chops with Pecan Corn Bread Dressing and Cider Gravy ,"4 1/2 cups coarsely crumbled (1/2-inch pieces) corn bread $ 1 celery rib, coarsely chopped $ 1 medium onion, coarsely chopped $ 1 medium green bell pepper, coarsely chopped $ 2 tablespoons unsalted butter $ 1/4 lb fresh shiitakes, stems discarded and caps coarsely chopped $ 2 cups chicken broth $ 1 cup pecans (4 oz), coarsely chopped and toasted $ 1 1/2 teaspoons finely chopped fresh sage $ 3 tablespoons finely chopped fresh flat-leaf parsley $ 1/4 teaspoon salt, or to taste $ 1/8 teaspoon black pepper $ 2 to 3 tablespoons olive oil $ 6 (1-inch-thick) rib pork chops $ 2/3 cup unfiltered apple cider $ 1 tablespoon cornstarch mixed with 3 tablespoons cold water $ ",Nut $ Pork $ Sauté $ Pork Chop $ Pecan $ Fall $ Gourmet $ ,American $ ,3/4,30,Nut $ Pork $ Sauté $ Pork Chop $ Pecan $ Fall $ Gourmet $ American $ 
https://www.epicurious.com/recipes/food/views/lime-custard-tart-107435,Lime Custard Tart ,"1 cup plus 2 tablespoons all-purpose flour $ 1/4 cup sugar $ 1/2 teaspoon salt $ 3/4 stick (6 tablespoons) unsalted butter, softened $ 1 large egg, lightly beaten $ 6 large eggs $ 1 cup heavy cream $ 1 cup sugar $ 2/3 cup fresh lime juice $ Garnish: confectioners sugar $ an 8-inch fluted tart pan (2 inches deep) with a removable bottom; pie weights or raw rice $ ",Fruit Juice $ Citrus $ Dessert $ Bake $ Christmas $ Lime $ Winter $ Gourmet $ Kidney Friendly $ Vegetarian $ Pescatarian $ Peanut Free $ Tree Nut Free $ Soy Free $ Kosher $ ,American $ ,3/4,13,Fruit Juice $ Citrus $ Dessert $ Bake $ Christmas $ Lime $ Winter $ Gourmet $ Kidney Friendly $ Vegetarian $ Pescatarian $ Peanut Free $ Tree Nut Free $ Soy Free $ Kosher $ American $ 
https://www.epicurious.com/recipes/food/views/cranberry-chipotle-fruit-conserve-108637,Cranberry-Chipotle Fruit Conserve ,"1 cup pure maple syrup $ 1/2 cup water $ 1/4 cup apple cider vinegar $ 1/2 cup chopped dried apricots $ 1/2 cup chopped dried peaches $ 1/3 cup sweetened dried cranberries $ 2 garlic cloves, chopped $ 1 teaspoon salt $ 16 ounces fresh cranberries (about 4 cups) $ 2 1/4 teaspoons chopped canned chipotle chiles* $ ",Condiment/Spread $ Sauce $ Side $ Thanksgiving $ Vinegar $ Cranberry $ Dried Fruit $ Apricot $ Peach $ Hot Pepper $ Fall $ Maple Syrup $ Simmer $ Bon Appétit $ Fat Free $ Vegan $ Vegetarian $ Pescatarian $ Dairy Free $ Wheat/Gluten-Free $ Peanut Free $ Tree Nut Free $ Soy Free $ Kosher $ ,American $ ,3/4,6,Condiment/Spread $ Sauce $ Side $ Thanksgiving $ Vinegar $ Cranberry $ Dried Fruit $ Apricot $ Peach $ Hot Pepper $ Fall $ Maple Syrup $ Simmer $ Bon Appétit $ Fat Free $ Vegan $ Vegetarian $ Pescatarian $ Dairy Free $ Wheat/Gluten-Free $ Peanut Free $ Tree Nut Free $ Soy Free $ Kosher $ American $ 
https://www.epicurious.com/recipes/food/views/fruit-gratin-with-calvados-and-mascarpone-107382,Fruit Gratin with Calvados and Mascarpone ,"1 1/2 lb small (2 1/2-inch) Gala, Empire, or Golden Delicious apples $ 1 1/2 lb firm-ripe Seckel (9), Forelle (6), or Bartlett (3) pears $ 2 tablespoons unsalted butter $ 1/2 cup Calvados or Cognac $ 5 tablespoons packed light brown sugar $ 24 dried apricots (preferably California; 5 oz) $ 18 pitted prunes (dried plums; 7 oz) $ 6 (2- by 1/4-inch) strips fresh lemon zest $ 1 cup mascarpone cheese* (8 oz) $ 2 tablespoons confectioners sugar $ a melon-ball cutter $ ",Dairy $ Fruit $ Dessert $ Bake $ Broil $ Thanksgiving $ Quick & Easy $ Apple $ Pear $ Plum $ Brandy $ Cognac/Armagnac $ Fall $ Gourmet $ Vegetarian $ Pescatarian $ Wheat/Gluten-Free $ Peanut Free $ Tree Nut Free $ Soy Free $ Kosher $ ,American $ ,3/4,11,Dairy $ Fruit $ Dessert $ Bake $ Broil $ Thanksgiving $ Quick & Easy $ Apple $ Pear $ Plum $ Brandy $ Cognac/Armagnac $ Fall $ Gourmet $ Vegetarian $ Pescatarian $ Wheat/Gluten-Free $ Peanut Free $ Tree Nut Free $ Soy Free $ Kosher $ American $ 
https://www.epicurious.com/recipes/food/views/grilled-flank-steak-105690,Grilled Flank Steak ,"3 lb flank steaks $ 1/3 cup white-wine vinegar $ 3/4 cup olive oil $ 1 1/2 tablespoons minced fresh rosemary $ 3 garlic cloves, minced $ 2 teaspoons salt $ 1 teaspoon black pepper $ ",Beef $ Garlic $ Marinate $ Rosemary $ Summer $ Grill/Barbecue $ ,American $ ,3.5/4,37,Beef $ Garlic $ Marinate $ Rosemary $ Summer $ Grill/Barbecue $ American $ 
https://www.epicurious.com/recipes/food/views/four-layer-lemon-torte-with-lemon-cream-cheese-frosting-5196,Four-Layer Lemon Torte with Lemon Cream Cheese Frosting ,"1 18 1/2-ounce package yellow cake mix $ 1/2 cup (1 stick) butter, room temperature $ 6 large eggs $ 1/2 cup whipping cream $ 1/2 cup water $ 1 tablespoon grated lemon peel $ 3/4 cup raspberry preserves $ Lemon Cream Cheese Frosting $ 1 1/2 cups sliced almonds, toasted $ ",Milk/Cream $ Egg $ Dessert $ Bake $ Lemon $ Almond $ Chill $ Jam or Jelly $ Bon Appétit $ New Mexico $ ,American $ ,3.5/4,49,Milk/Cream $ Egg $ Dessert $ Bake $ Lemon $ Almond $ Chill $ Jam or Jelly $ Bon Appétit $ New Mexico $ American $ 
https://www.epicurious.com/recipes/food/views/barbaras-new-england-clam-chowder-1121,Barbara's New England Clam Chowder ,"2 pounds boiling potatoes, peeled, diced $ 4 bacon slices, chopped $ 1/2 cup chopped onion $ 3 tablespoons all purpose flour $ 1 10-ounce can baby clams, drained, juices reserved $ 1 8-ounce bottle clam juice $ 1 cup whipping cream $ 1 cup milk $ ",Soup/Stew $ Milk/Cream $ Potato $ Quick & Easy $ Lunch $ Clam $ Winter $ Bon Appétit $ Massachusetts $ Sugar Conscious $ Peanut Free $ Tree Nut Free $ Soy Free $ No Sugar Added $ ,American $ New England $ ,3/4,19,Soup/Stew $ Milk/Cream $ Potato $ Quick & Easy $ Lunch $ Clam $ Winter $ Bon Appétit $ Massachusetts $ Sugar Conscious $ Peanut Free $ Tree Nut Free $ Soy Free $ No Sugar Added $ American $ New England $ 
https://www.epicurious.com/recipes/food/views/lemon-meringue-custards-13581,Lemon Meringue Custards ,"3/4 cup sugar $ the zest of 3 lemons, removed with a vegetable peeler (being careful  to include none of the white pith) $ 2 1/2 cups milk $ 1 1/2 cups heavy cream $ 1/4 teaspoon salt $ 5 large egg yolks $ 4 large whole eggs $ 1/4 cup fresh lemon juice $ 1 1/4 cups sugar $ 4 large egg whites $ 1/4 cup fresh lemon juice $ silver dragées for garnish $ ",Milk/Cream $ Mixer $ Egg $ Dessert $ Bake $ Lemon $ Chill $ Gourmet $ ,American $ ,4/4,2,Milk/Cream $ Mixer $ Egg $ Dessert $ Bake $ Lemon $ Chill $ Gourmet $ American $ 
https://www.epicurious.com/recipes/food/views/corn-bread-14463,Corn Bread ,"2 cups all-purpose flour $ 2 tablespoons baking powder $ 1 teaspoon salt $ 2 cups yellow cornmeal $ 1/2 cup sugar $ 2 cups milk $ 2 large eggs $ 2 sticks (1 cup) unsalted butter, softened $ ",Bread $ Milk/Cream $ Mixer $ Egg $ Side $ Bake $ Thanksgiving $ Cornmeal $ Gourmet $ Kidney Friendly $ Vegetarian $ Pescatarian $ Peanut Free $ Tree Nut Free $ Soy Free $ Kosher $ ,American $ ,3/4,18,Bread $ Milk/Cream $ Mixer $ Egg $ Side $ Bake $ Thanksgiving $ Cornmeal $ Gourmet $ Kidney Friendly $ Vegetarian $ Pescatarian $ Peanut Free $ Tree Nut Free $ Soy Free $ Kosher $ American $ 
https://www.epicurious.com/recipes/food/views/cincinnati-style-chili-11340,Cincinnati-Style Chili ,"3 onions, chopped $ 6 garlic cloves, minced $ 3 tablespoons vegetable oil $ 4 pounds ground beef chuck $ 1/3 cup chili powder $ 2 tablespoons sweet paprika $ 2 teaspoons ground cumin $ 1 teaspoon ground coriander $ 1 teaspoon ground allspice $ 1 teaspoon dried orégano, crumbled $ 1/2 teaspoon cayenne $ 1/2 teaspoon cinnamon $ 1/4 teaspoon ground cloves $ 1/4 teaspoon ground mace $ 1 bay leaf $ 3 cups water $ a 16-ounce can tomato sauce $ 2 tablespoons wine vinegar $ 2 tablespoons molasses $ spaghetti, kidney beans, chopped onion, grated Cheddar, and oyster crackers as traditional accompaniments if desired $ ",Beef $ Garlic $ Onion $ Pasta $ Super Bowl $ Cheddar $ Spice $ Winter $ Gourmet $ ,American $ ,3/4,75,Beef $ Garlic $ Onion $ Pasta $ Super Bowl $ Cheddar $ Spice $ Winter $ Gourmet $ American $ 
https://www.epicurious.com/recipes/food/views/spiced-yam-pudding-5731,Spiced Yam Pudding ,"2 29-ounce cans cut yams in syrup, well drained $ 1/4 cup sugar $ 3 large eggs $ 1 1/2 tablespoons grated orange peel $ 3/4 teaspoon salt $ 1/2 teaspoon ground cinnamon $ 1/4 teaspoon ground nutmeg $ 1/4 teaspoon ground allspice $ 1/2 cup half and half $ 1/4 cup orange juice $ 2 tablespoons (1/4 stick) unsalted butter, melted $ ",Citrus $ Side $ Bake $ Thanksgiving $ Vegetarian $ Orange $ Spice $ Sweet Potato/Yam $ Fall $ Winter $ Bon Appétit $ Massachusetts $ Pescatarian $ Wheat/Gluten-Free $ Peanut Free $ Tree Nut Free $ Soy Free $ Kosher $ ,American $ ,3/4,2,Citrus $ Side $ Bake $ Thanksgiving $ Vegetarian $ Orange $ Spice $ Sweet Potato/Yam $ Fall $ Winter $ Bon Appétit $ Massachusetts $ Pescatarian $ Wheat/Gluten-Free $ Peanut Free $ Tree Nut Free $ Soy Free $ Kosher $ American $ 
https://www.epicurious.com/recipes/food/views/shrimp-creole-14653,Shrimp Creole ,"3 garlic cloves, minced $ 2 large onions, chopped fine $ 1 cup finely chopped celery (about 2 stalks) $ 1 red bell pepper, cut into 1/2-inch dice $ 1/2 green bell pepper, cut into 1/2-inch dice $ 2 tablespoons olive oil $ 2 cups chicken broth $ a 28-ounce can whole tomatoes, drained and chopped $ 1 bay leaf $ 1 teaspoon ground cumin $ 1 teaspoon salt, or to taste $ 1/2 teaspoon freshly ground black pepper $ 1 1/2 pounds large shrimp (about 32), shelled and deveined $ Accompaniment: 1 cup uncooked rice, prepared according to package instructions but without butter or margarine $ ",Herb $ Pepper $ Shellfish $ Tomato $ Gourmet $ ,American $ Cajun/Creole $ ,3/4,35,Herb $ Pepper $ Shellfish $ Tomato $ Gourmet $ American $ Cajun/Creole $ 
https://www.epicurious.com/recipes/food/views/roasted-red-pepper-salad-with-feta-port-and-spice-vinaigrette-102646,"Roasted Red Pepper Salad with Feta, Port and Spice Vinaigrette ",1 cup ruby Port $ 1/3 cup Sherry wine vinegar $ 3 tablespoons sugar $ 1 2-inch piece cinnamon stick $ 1/4 teaspoon ground nutmeg $ 6 tablespoons vegetable oil $ 1 large red bell pepper $ 1 5-ounce bag mixed baby greens $ 3/4 cup crumbled feta cheese $ ,Salad $ Cheese $ Leafy Green $ Pepper $ Roast $ Feta $ Spice $ Bell Pepper $ Port $ Cinnamon $ Nutmeg $ Bon Appétit $ ,American $ ,3.5/4,10,Salad $ Cheese $ Leafy Green $ Pepper $ Roast $ Feta $ Spice $ Bell Pepper $ Port $ Cinnamon $ Nutmeg $ Bon Appétit $ American $ 
https://www.epicurious.com/recipes/food/views/macaroni-and-cheese-with-garlic-bread-crumbs-plain-and-chipotle-102738,"Macaroni and Cheese with Garlic Bread Crumbs, Plain and Chipotle ","2 tablespoons unsalted butter $ 2 tablespoons olive oil $ 2 large garlic cloves, finely chopped $ 2 cups coarse fresh bread crumbs $ 2 to 3 tablespoons chopped chipotle chiles in adobo $ 1/2 stick unsalted butter $ 1/2 cup all-purpose flour $ 3 cups whole milk $ 2 cups heavy cream $ 1 tablespoon dry mustard $ 1 pound macaroni $ 2 pounds extra-sharp Cheddar (preferably white), grated $ ",Cheese $ Pasta $ Bake $ Christmas $ Kid-Friendly $ Winter $ Gourmet $ ,American $ ,3.5/4,149,Cheese $ Pasta $ Bake $ Christmas $ Kid-Friendly $ Winter $ Gourmet $ American $ 
https://www.epicurious.com/recipes/food/views/layered-rice-salad-with-red-and-green-salsas-3013,Layered Rice Salad with Red and Green Salsas ,"5 1/2 cups water $ 1 tablespoon plus 1 teaspoon olive oil $ 1 1/2 teaspoons salt $ 2 cups long-grain white rice $ 9 tomatillos,* husked, coarsely chopped $ 1 1/2 cups chopped green bell peppers $ 3/4 cup chopped green onions (dark green parts only) $ 1/2 cup chopped fresh basil $ 2 tablespoons olive oil $ 2 15-ounce cans black beans, drained, rinsed $ 2 teaspoons ground coriander $ 1 teaspoon onion salt $ 1 cup purchased medium-hot red salsa $ 2 cups chopped red bell peppers $ 1/2 cup chopped red onion $ 1/3 cup chopped fresh parsley $ 1 tablespoon olive oil $ 1 cup sour cream $ 3 tablespoons thinly sliced fresh basil $ *A green tomato-like vegetable with a paper-thin husk. Available at Latin American markets and some supermarkets. $ ",Salad $ Bean $ Rice $ Side $ Picnic $ Basil $ Bell Pepper $ Chill $ Sour Cream $ Bon Appétit $ Sugar Conscious $ ,American $ Southwestern $ ,3.5/4,10,Salad $ Bean $ Rice $ Side $ Picnic $ Basil $ Bell Pepper $ Chill $ Sour Cream $ Bon Appétit $ Sugar Conscious $ American $ Southwestern $ 
https://www.epicurious.com/recipes/food/views/lobster-mashed-potatoes-106224,Lobster Mashed Potatoes ,"1 8-ounce frozen uncooked lobster tail, thawed $ 1/3 cup (or more) whole milk $ 2 teaspoons chopped fresh tarragon $ 1 pound russet potatoes, peeled, cut into 2-inch pieces $ 2 tablespoons (1/4 stick) unsalted butter $ ",Potato $ Shellfish $ Side $ Valentine's Day $ Quick & Easy $ Wedding $ New Year's Eve $ Seafood $ Lobster $ Winter $ Engagement Party $ Bon Appétit $ Sugar Conscious $ Pescatarian $ Wheat/Gluten-Free $ Peanut Free $ Tree Nut Free $ Soy Free $ No Sugar Added $ ,American $ ,3.5/4,23,Potato $ Shellfish $ Side $ Valentine's Day $ Quick & Easy $ Wedding $ New Year's Eve $ Seafood $ Lobster $ Winter $ Engagement Party $ Bon Appétit $ Sugar Conscious $ Pescatarian $ Wheat/Gluten-Free $ Peanut Free $ Tree Nut Free $ Soy Free $ No Sugar Added $ American $ 
https://www.epicurious.com/recipes/food/views/pumpkin-ginger-rice-pudding-108775,Pumpkin Ginger Rice Pudding ,"1 (1 1/2- to 2-pound) piece pumpkin or butternut squash, halved and seeded $ 1 tablespoon unsalted butter $ 2/3 cup plus 2 teaspoons granulated sugar $ 2/3 cup long-grain white rice $ 1/2 teaspoon salt $ 5 cups whole milk $ 8 large egg yolks $ 1 teaspoon vanilla $ 1/4 cup finely chopped crystallized ginger (2 ounces) $ 2 tablespoons turbinado sugar such as Sugar in the Raw (optional) $ a blowtorch (optional) $ ",Milk/Cream $ Egg $ Ginger $ Rice $ Dessert $ Bake $ Thanksgiving $ Pumpkin $ Fall $ Simmer $ Gourmet $ Vegetarian $ Pescatarian $ Wheat/Gluten-Free $ Peanut Free $ Tree Nut Free $ Soy Free $ Kosher $ ,American $ ,2.5/4,7,Milk/Cream $ Egg $ Ginger $ Rice $ Dessert $ Bake $ Thanksgiving $ Pumpkin $ Fall $ Simmer $ Gourmet $ Vegetarian $ Pescatarian $ Wheat/Gluten-Free $ Peanut Free $ Tree Nut Free $ Soy Free $ Kosher $ American $ 
https://www.epicurious.com/recipes/food/views/gingerbread-pancakes-108785,Gingerbread Pancakes ,"3 cups all-purpose flour $ 1 cup packed dark brown sugar $ 1 tablespoon baking powder $ 1 1/2 teaspoons baking soda $ 1 teaspoon salt $ 1 teaspoon ground cinnamon $ 1 teaspoon ground ginger $ 1/4 teaspoon ground nutmeg $ 1/8 teaspoon ground cloves $ 1/2 cup water $ 1/2 cup brewed coffee, cold or at room temperature $ 4 large eggs $ 1 stick (1/2 cup) unsalted butter, melted and cooled $ 1/4 cup fresh lemon juice $ Vegetable oil for brushing griddle $ Accompaniment: pure maple syrup $ ",Coffee $ Ginger $ Breakfast $ Brunch $ Quick & Easy $ Fall $ Pan-Fry $ Cinnamon $ Clove $ Nutmeg $ Gourmet $ ,American $ ,3.5/4,60,Coffee $ Ginger $ Breakfast $ Brunch $ Quick & Easy $ Fall $ Pan-Fry $ Cinnamon $ Clove $ Nutmeg $ Gourmet $ American $ 
https://www.epicurious.com/recipes/food/views/easy-summer-clambake-105351,Easy Summer Clambake ,"1 cup (2 sticks) butter, room temperature $ 3 large garlic cloves, finely chopped $ 1 teaspoon dried oregano $ 1 teaspoon dried basil $ 6 dozen littleneck clams, scrubbed $ 1/4 cup yellow cornmeal $ 2 celery stalks, cut crosswise in half $ 6 large fresh parsley sprigs $ 6 fresh thyme sprigs $ 2 small dried bay leaves $ 1/4 teaspoon whole black peppercorns $ 3 1 1/2-pound live lobsters $ 12 small (about 2-inch-diameter) red-skinned potatoes, scrubbed $ 6 small onions, peeled $ 1 1/2 pounds fully cooked smoked sausages (such as kielbasa or andouille sausage), cut into 6 portions $ 6 ears of corn, husked $ Chopped fresh parsley $ Lemon wedges $ ",Potato $ Sausage $ Clam $ Lobster $ Corn $ Summer $ Bon Appétit $ ,American $ ,3.5/4,7,Potato $ Sausage $ Clam $ Lobster $ Corn $ Summer $ Bon Appétit $ American $ 
https://www.epicurious.com/recipes/food/views/turkey-sausage-patties-108694,Turkey Sausage Patties ,"3/4 pound ground turkey (not labeled ""all breast meat"") $ 1 medium Bosc pear (6 ounces), peeled, cored, and coarsely grated $ 1/4 cup chopped fresh flat-leaf parsley $ 2 tablespoons finely chopped fresh sage $ 3/4 teaspoon salt $ 1/4 teaspoon black pepper $ 1/4 teaspoon ground allspice $ 1 large egg, lightly beaten $ Vegetable oil for brushing skillet $ ",Fruit $ turkey $ Breakfast $ Brunch $ Low Carb $ Kid-Friendly $ Low Cal $ Pear $ Pan-Fry $ Healthy $ Sage $ Parsley $ Gourmet $ ,American $ ,3.5/4,30,Fruit $ turkey $ Breakfast $ Brunch $ Low Carb $ Kid-Friendly $ Low Cal $ Pear $ Pan-Fry $ Healthy $ Sage $ Parsley $ Gourmet $ American $ 
https://www.epicurious.com/recipes/food/views/spiced-pumpkin-soup-107258,Spiced Pumpkin Soup ,"1 1/2 tablespoons butter $ 3/4 cup chopped carrot $ 3/4 cup chopped celery $ 3/4 cup chopped ripe banana $ 1/2 onion, chopped $ 1 garlic clove, minced $ 1 bay leaf $ 1 whole clove $ 5 cups low-salt chicken broth $ 2 cups canned pure pumpkin $ 3/4 cup canned unsweetened coconut milk* $ 1/4 cup sweetened condensed milk $ 1 teaspoon ground nutmeg $ 1/2 teaspoon ground cinnamon $ 1/2 teaspoon ground coriander $ 1/2 teaspoon crumbled dried sage leaves $ 1/4 teaspoon ground allspice $ 1/4 teaspoon yellow curry powder $ 1/4 cup chopped fresh cilantro $ ",Soup/Stew $ Milk/Cream $ Onion $ Appetizer $ Sauté $ Thanksgiving $ Banana $ Celery $ Carrot $ Pumpkin $ Fall $ Cilantro $ Bon Appétit $ Wheat/Gluten-Free $ Peanut Free $ Tree Nut Free $ Soy Free $ No Sugar Added $ ,American $ ,3.5/4,109,Soup/Stew $ Milk/Cream $ Onion $ Appetizer $ Sauté $ Thanksgiving $ Banana $ Celery $ Carrot $ Pumpkin $ Fall $ Cilantro $ Bon Appétit $ Wheat/Gluten-Free $ Peanut Free $ Tree Nut Free $ Soy Free $ No Sugar Added $ American $ 
https://www.epicurious.com/recipes/food/views/roasted-butternut-squash-and-spinach-salad-with-toasted-almond-dressing-107580,Roasted Butternut Squash and Spinach Salad with Toasted Almond Dressing ,"1 (2- to 2 1/4-lb) butternut squash, peeled, seeded, and cut into 1/2-inch cubes (4 cups) $ 5 1/2 tablespoons extra-virgin olive oil $ 3/4 cup whole almonds with skins (3 1/2 oz), very coarsely chopped $ 2 teaspoons fresh lemon juice $ 1/2 lb spinach, coarse stems discarded (10 cups) $ ",Salad $ Leafy Green $ Nut $ Vegetable $ Roast $ Sauté $ Quick & Easy $ Low/No Sugar $ Almond $ Butternut Squash $ Fall $ Winter $ Gourmet $ ,American $ ,3.5/4,43,Salad $ Leafy Green $ Nut $ Vegetable $ Roast $ Sauté $ Quick & Easy $ Low/No Sugar $ Almond $ Butternut Squash $ Fall $ Winter $ Gourmet $ American $ 
https://www.epicurious.com/recipes/food/views/peas-and-turnips-with-bacon-and-dill-butter-107308,Peas and Turnips with Bacon and Dill Butter ,"8 tablespoons (1 stick) butter, room temperature $ 4 tablespoons chopped fresh dill $ 8 bacon slices, chopped $ 1 1/4 pounds turnips, peeled, cut into 1/2-inch cubes (about 4 cups) $ 2 16-ounce bags frozen petite peas, thawed $ ",Pork $ Vegetable $ Side $ Sauté $ Thanksgiving $ Bacon $ Turnip $ Fall $ Bon Appétit $ Wheat/Gluten-Free $ Peanut Free $ Tree Nut Free $ Soy Free $ No Sugar Added $ ,American $ ,3.5/4,12,Pork $ Vegetable $ Side $ Sauté $ Thanksgiving $ Bacon $ Turnip $ Fall $ Bon Appétit $ Wheat/Gluten-Free $ Peanut Free $ Tree Nut Free $ Soy Free $ No Sugar Added $ American $ 
https://www.epicurious.com/recipes/food/views/chicken-and-green-onion-cobbler-271,Chicken and Green Onion Cobbler ,"7 cups (or more) canned low-salt chicken broth $ 3 to 3 1/2 pounds chicken breast halves with skin and bones $ 1/8 teaspoon crushed saffron threads $ 2/3 cup diced carrots $ 2/3 cup diced celery $ 1 cup chopped green onions $ 1 cup frozen petit peas, thawed $ 1/4 pound smoked ham, chopped $ 2/3 cup chopped onion $ 3 tablespoons chopped parsley $ 1/2 cup (1 stick) unsalted butter $ 3/4 cup all purpose flour $ 1 1/4 cups milk $ 1 egg $ 2 tablespoons (1/4 stick) butter, melted $ 1 cup all purpose flour $ 1 cup yellow cornmeal $ 1/2 cup grated sharp cheddar cheese $ 2 tablespoons chopped parsley $ 4 teaspoons baking powder $ 1 teaspoon salt $ 1/2 teaspoon ground pepper $ ",Cheese $ Chicken $ Dairy $ Onion $ Poultry $ Bake $ Dinner $ Cornmeal $ Pea $ Carrot $ Green Onion/Scallion $ Bon Appétit $ Peanut Free $ Tree Nut Free $ Soy Free $ No Sugar Added $ ,American $ ,3/4,28,Cheese $ Chicken $ Dairy $ Onion $ Poultry $ Bake $ Dinner $ Cornmeal $ Pea $ Carrot $ Green Onion/Scallion $ Bon Appétit $ Peanut Free $ Tree Nut Free $ Soy Free $ No Sugar Added $ American $ 
https://www.epicurious.com/recipes/food/views/wild-blueberry-pie-12284,Wild Blueberry Pie ,"1 1/4 cups all-purpose flour $ 3/4 stick (6 tablespoons) cold unsalted butter, cut into bits $ 2 tablespoons cold vegetable shortening $ 1/4 teaspoon salt $ 2 tablespoons ice water plus additional if necessary $ 6 cups wild blueberries, picked over $ 1/4 cup cornstarch $ 1 cup sugar plus additional for sprinkling the pie $ 2 tablespoons fresh lemon juice $ 1/2 teaspoon freshly grated nutmeg $ 1/2 teaspoon salt $ 1 tablespoon unsalted butter, cut into bits $ 2 tablespoons half-and-half or milk $ ",Fruit $ Dessert $ Bake $ Fourth of July $ Blueberry $ Summer $ Gourmet $ Kidney Friendly $ Vegetarian $ Pescatarian $ Peanut Free $ Tree Nut Free $ Soy Free $ Kosher $ ,American $ ,3/4,30,Fruit $ Dessert $ Bake $ Fourth of July $ Blueberry $ Summer $ Gourmet $ Kidney Friendly $ Vegetarian $ Pescatarian $ Peanut Free $ Tree Nut Free $ Soy Free $ Kosher $ American $ 
https://www.epicurious.com/recipes/food/views/piquant-cranberry-sauce-15653,Piquant Cranberry Sauce ,1 cup water $ 1 cup (packed) dark brown sugar $ 1 12-ounce package cranberries $ 1 tablespoon chopped fresh thyme $ 1 teaspoon Dijon mustard $ Pinch of salt $ ,Sauce $ Mustard $ Side $ Christmas $ Thanksgiving $ Vegetarian $ Quick & Easy $ Cranberry $ Fall $ Thyme $ Simmer $ Bon Appétit $ Fat Free $ Kidney Friendly $ Vegan $ Pescatarian $ Dairy Free $ Wheat/Gluten-Free $ Peanut Free $ Tree Nut Free $ Soy Free $ Kosher $ ,American $ ,4/4,30,Sauce $ Mustard $ Side $ Christmas $ Thanksgiving $ Vegetarian $ Quick & Easy $ Cranberry $ Fall $ Thyme $ Simmer $ Bon Appétit $ Fat Free $ Kidney Friendly $ Vegan $ Pescatarian $ Dairy Free $ Wheat/Gluten-Free $ Peanut Free $ Tree Nut Free $ Soy Free $ Kosher $ American $ 
https://www.epicurious.com/recipes/food/views/maple-barbecued-chicken-12278,Maple-Barbecued Chicken ,"1/2 cup white-wine vinegar $ 1 tablespoon salt $ 1 cup vegetable oil $ 5 whole chicken breasts (with skin and bone), halved $ 10 chicken thighs $ 10 chicken drumsticks $ 10 chicken wings $ maple barbecue sauce (recipe follows) for basting and as an accompaniment $ 2 large onions, chopped fine $ 2 1/2 tablespoons vegetable oil $ 2 1/2 tablespoons Worcestershire sauce $ 1 tablespoon Dijon-style mustard $ 1 1/4 cups ketchup $ 2 1/2 cups chicken broth $ 3/4 cup cider vinegar $ 1/2 cup plus 2 tablespoons pure maple syrup $ ",Chicken $ Marinate $ Fourth of July $ Kid-Friendly $ Backyard BBQ $ Vinegar $ Summer $ Tailgating $ Grill $ Grill/Barbecue $ Gourmet $ ,American $ ,3.5/4,64,Chicken $ Marinate $ Fourth of July $ Kid-Friendly $ Backyard BBQ $ Vinegar $ Summer $ Tailgating $ Grill $ Grill/Barbecue $ Gourmet $ American $ 
https://www.epicurious.com/recipes/food/views/florida-jambalaya-2668,Florida Jambalaya ,"3 tablespoons butter $ 1/2 cup chopped onion $ 3 garlic cloves, chopped $ 1/2 pound smoked sausage (such as kielbasa), cut into 1/2-inch pieces $ 1 cup long-grain white rice $ 2 medium potatoes, peeled, cut into 1/2-inch cubes $ 2 1/4 cups canned chicken broth $ 1/2 cup dry white wine $ 1 4-ounce jar sliced pimientos with juices $ 1/2 teaspoon turmeric $ Cayenne pepper $ 1/2 pound large uncooked shrimp, peeled, deveined $ 1/2 cup chopped fresh cilantro $ Fresh cilantro sprigs $ ",Pork $ Potato $ Rice $ Quick & Easy $ Sausage $ Shrimp $ Potluck $ Bon Appétit $ Florida $ ,American $ Southern $ ,3.5/4,64,Pork $ Potato $ Rice $ Quick & Easy $ Sausage $ Shrimp $ Potluck $ Bon Appétit $ Florida $ American $ Southern $ 
https://www.epicurious.com/recipes/food/views/three-nut-pie-with-cranberries-2692,Three-Nut Pie with Cranberries ,"1 Buttermilk Pie Crust Dough disk $ 1/2 cup coarsely chopped walnuts $ 1/2 cup coarsely chopped pecans $ 1/2 cup sliced almonds $ 3/4 cup firmly packed dark brown sugar $ 1/2 cup light corn syrup $ 1/4 cup plus 2 tablespoons (3/4 stick) unsalted butter, melted, room  temperature $ 3 large eggs $ 2 tablespoons unsulfured (light) molasses $ 1 teaspoon vanilla extract $ 1/4 teaspoon salt $ 1 1/2 cups cranberries (about 6 ounces) $ ",Nut $ Dessert $ Bake $ Thanksgiving $ Cranberry $ Almond $ Pecan $ Walnut $ Fall $ Molasses $ Bon Appétit $ Kidney Friendly $ Vegetarian $ Pescatarian $ Peanut Free $ Soy Free $ Kosher $ ,American $ ,3.5/4,12,Nut $ Dessert $ Bake $ Thanksgiving $ Cranberry $ Almond $ Pecan $ Walnut $ Fall $ Molasses $ Bon Appétit $ Kidney Friendly $ Vegetarian $ Pescatarian $ Peanut Free $ Soy Free $ Kosher $ American $ 
https://www.epicurious.com/recipes/food/views/individual-pear-and-maple-cobblers-2698,Individual Pear and Maple Cobblers ,"3 pounds ripe Barlett pears, peeled, quartered, cored $ 2/3 cup pure maple syrup $ 1 tablespoon plus 2 teaspoons all purpose flour $ 1/2 teaspoon vanilla extract $ 1/8 teaspoon (generous) ground nutmeg $ 1 1/2 tablespoons butter $ 1 1/2 cups all purpose flour $ 2 1/4 teaspoons baking powder $ 1/4 teaspoon ground nutmeg $ 6 tablespoons (3/4 stick) chilled unsalted butter, cut into 1/2-inch pieces $ 9 tablespoons half and half $ 9 tablespoons pure maple syrup $ 3/4 teaspoon vanilla extract $ Melted butter $ Sugar $ Ground nutmeg $ 1 cup chilled whipping cream $ Additional pure maple syrup $ ",Milk/Cream $ Food Processor $ Fruit $ Dessert $ Bake $ Thanksgiving $ Pear $ Fall $ Bon Appétit $ Vegetarian $ Pescatarian $ Peanut Free $ Tree Nut Free $ Soy Free $ Kosher $ ,American $ New England $ ,3/4,5,Milk/Cream $ Food Processor $ Fruit $ Dessert $ Bake $ Thanksgiving $ Pear $ Fall $ Bon Appétit $ Vegetarian $ Pescatarian $ Peanut Free $ Tree Nut Free $ Soy Free $ Kosher $ American $ New England $ 
https://www.epicurious.com/recipes/food/views/turkey-chili-2673,Turkey Chili ,"2 tablespoons (1/4 stick) butter $ 1 cup chopped red onion $ 2 large celery stalks, chopped $ 1 14 1/2-ounce can chicken broth $ 1 14 1/2-ounce can Mexican-style stewed tomatoes $ 1 cup water $ 1 8-ounce can tomato sauce $ 1/2 cup packaged chili seasoning mix with masa flour $ 1 15- to 16-ounce can kidney beans, drained $ 1 12-ounce can whole kernel corn, drained $ 4 cups diced cooked turkey $ ",Soup/Stew $ Bean $ Onion $ Tomato $ turkey $ Super Bowl $ Quick & Easy $ Corn $ Winter $ Tailgating $ Bon Appétit $ South Carolina $ ,American $ Southwestern $ ,2.5/4,4,Soup/Stew $ Bean $ Onion $ Tomato $ turkey $ Super Bowl $ Quick & Easy $ Corn $ Winter $ Tailgating $ Bon Appétit $ South Carolina $ American $ Southwestern $ 
https://www.epicurious.com/recipes/food/views/cranberry-and-horseradish-relish-1209,Cranberry and Horseradish Relish ,"1 12-ounce bag fresh or unthawed frozen cranberries $ 1 small onion, quartered $ 1/2 cup sugar $ 1/4 teaspoon salt $ 1/2 cup light sour cream or plain low-fat yogurt $ 3 tablespoons drained prepared horseradish $ ",Condiment/Spread $ Sauce $ Food Processor $ Thanksgiving $ Quick & Easy $ Horseradish $ Cranberry $ Fall $ Winter $ Chill $ Sour Cream $ Bon Appétit $ ,American $ ,3.5/4,8,Condiment/Spread $ Sauce $ Food Processor $ Thanksgiving $ Quick & Easy $ Horseradish $ Cranberry $ Fall $ Winter $ Chill $ Sour Cream $ Bon Appétit $ American $ 
https://www.epicurious.com/recipes/food/views/banana-rum-ice-cream-15326,Banana Rum Ice Cream ,3/4 cup sugar $ 1 tablespoon cornstarch $ 2 large egg yolks $ 1 large whole egg $ 2 cups milk $ 3 tablespoons dark rum $ 1 teaspoon vanilla $ 1 cup well-chilled heavy cream $ 5 bananas (about 1 1/2 pounds) $ ,Milk/Cream $ Rum $ Chocolate $ Fruit $ Dessert $ Banana $ Spring $ Gourmet $ ,American $ ,2.5/4,1,Milk/Cream $ Rum $ Chocolate $ Fruit $ Dessert $ Banana $ Spring $ Gourmet $ American $ 
https://www.epicurious.com/recipes/food/views/maple-caramel-sauce-914,Maple Caramel Sauce ,2 cups whipping cream $ 3/4 cup sugar $ 1/2 cup pure maple syrup $ 1/4 teaspoon maple flavoring $ ,Sauce $ Milk/Cream $ Dessert $ Kid-Friendly $ Quick & Easy $ Condiment $ Fall $ Winter $ Bon Appétit $ ,American $ ,2.5/4,7,Sauce $ Milk/Cream $ Dessert $ Kid-Friendly $ Quick & Easy $ Condiment $ Fall $ Winter $ Bon Appétit $ American $ 
https://www.epicurious.com/recipes/food/views/ham-and-egg-pizza-squares-109071,Ham-and-Egg Pizza Squares ,"2 tablespoons cornmeal $ 1 10-ounce tube refrigerated pizza dough $ 4 thin ham slices $ 2 cups grated extra-sharp cheddar cheese (about 8 ounces), divided $ 2 tablespoons vegetable oil $ 4 large eggs $ ",Egg $ Pork $ Breakfast $ Brunch $ Bake $ Christmas $ Kid-Friendly $ Quick & Easy $ Cheddar $ Ham $ Cornmeal $ Winter $ Family Reunion $ Bon Appétit $ Ohio $ Sugar Conscious $ Peanut Free $ Tree Nut Free $ Soy Free $ ,American $ ,3/4,4,Egg $ Pork $ Breakfast $ Brunch $ Bake $ Christmas $ Kid-Friendly $ Quick & Easy $ Cheddar $ Ham $ Cornmeal $ Winter $ Family Reunion $ Bon Appétit $ Ohio $ Sugar Conscious $ Peanut Free $ Tree Nut Free $ Soy Free $ American $ 
https://www.epicurious.com/recipes/food/views/shortbread-cookies-108140,Shortbread Cookies ,"1 pound unsalted butter $ 1 1/4 cups light brown sugar, lightly packed $ 4 1/2 cups all-purpose flour $ Colored sugars $ Confectioners' sugar $ ",Cookies $ Bake $ ,American $ ,3/4,17,Cookies $ Bake $ American $ 
https://www.epicurious.com/recipes/food/views/sweet-potato-and-parmesan-cake-107221,Sweet-Potato and Parmesan Cake ,"2 pounds sweet potatoes (6 to 7 inches long), peeled $ 1/3 cup finely grated Parmigiano-Reggiano (1 ounce) $ 2 tablespoons extra-virgin olive oil $ 3/4 teaspoon salt $ 1/2 teaspoon black pepper $ ",Side $ Bake $ Thanksgiving $ Low Fat $ Parmesan $ Sweet Potato/Yam $ Fall $ Healthy $ Gourmet $ Vegetarian $ Pescatarian $ Wheat/Gluten-Free $ Peanut Free $ Tree Nut Free $ Soy Free $ No Sugar Added $ Kosher $ ,American $ ,3.5/4,10,Side $ Bake $ Thanksgiving $ Low Fat $ Parmesan $ Sweet Potato/Yam $ Fall $ Healthy $ Gourmet $ Vegetarian $ Pescatarian $ Wheat/Gluten-Free $ Peanut Free $ Tree Nut Free $ Soy Free $ No Sugar Added $ Kosher $ American $ 
https://www.epicurious.com/recipes/food/views/cherry-barbecue-sauce-105316,Cherry Barbecue Sauce ,1 cup canned low-salt chicken broth $ 1/3 cup cherry preserves $ 1/3 cup orange juice $ 1/4 cup fresh lemon juice $ 1/2 teaspoon grated lemon peel $ 1/2 teaspoon ground cinnamon $ 1/4 teaspoon ground cloves $ 1/2 cup ruby Port $ 2 teaspoons cornstarch $ 1/4 cup orange marmalade $ 1 tablespoon ketchup $ Generous pinch of cayenne pepper $ ,Sauce $ Cherry $ Port $ Grill/Barbecue $ Jam or Jelly $ Bon Appétit $ ,American $ ,3.5/4,5,Sauce $ Cherry $ Port $ Grill/Barbecue $ Jam or Jelly $ Bon Appétit $ American $ 
https://www.epicurious.com/recipes/food/views/scrambled-eggs-and-beef-106266,Scrambled Eggs and Beef ,10 ounces fresh spinach $ 2 medium onions $ 3 garlic cloves $ 2 tablespoons olive oil $ 1/2 teaspoon crumbled dried oregano $ 1 1/2 teaspoons salt $ 1/2 teaspoon pepper $ 1/2 lb sliced mushrooms $ 1 lb lean ground beef chuck $ 6 large eggs $ ,Beef $ Egg $ Mushroom $ Breakfast $ Brunch $ Sauté $ Gourmet $ ,American $ ,3/4,11,Beef $ Egg $ Mushroom $ Breakfast $ Brunch $ Sauté $ Gourmet $ American $ 
https://www.epicurious.com/recipes/food/views/gingered-watermelon-and-yellow-tomato-salad-15126,Gingered Watermelon and Yellow Tomato Salad ,"a 4-pound piece watermelon (preferably seedless) $ 2 pounds vine-ripened tomatoes (about 6 medium; preferably yellow) $ 1 teaspoon coarse salt (preferably sea salt) $ 1/2 small red onion $ 2 tablespoons fresh lime juice, or to taste $ 1 teaspoon finely grated fresh gingerroot $ 1/2 teaspoon sugar $ ",Salad $ Ginger $ Tomato $ Watermelon $ Summer $ Gourmet $ ,American $ ,3.5/4,4,Salad $ Ginger $ Tomato $ Watermelon $ Summer $ Gourmet $ American $ 
https://www.epicurious.com/recipes/food/views/blueberry-crisp-with-oatmeal-and-almond-topping-105370,Blueberry Crisp with Oatmeal and Almond Topping ,"3 1/2-pint baskets fresh blueberries $ 2 tablespoons plus 1/4 cup (packed) golden brown sugar $ 1/2 teaspoon ground cinnamon $ 1/2 cup quick-cooking oats $ 2 tablespoons all purpose flour $ 1/4 teaspoon salt $ 2 tablespoons (1/4 stick) chilled unsalted butter, cut into small pieces $ 1/4 cup sliced almonds $ Nonfat vanilla frozen yogurt $ ",Dessert $ Bake $ Blueberry $ Almond $ Oat $ Summer $ Healthy $ Bon Appétit $ Kidney Friendly $ Vegetarian $ Pescatarian $ Peanut Free $ Soy Free $ Kosher $ ,American $ ,3.5/4,41,Dessert $ Bake $ Blueberry $ Almond $ Oat $ Summer $ Healthy $ Bon Appétit $ Kidney Friendly $ Vegetarian $ Pescatarian $ Peanut Free $ Soy Free $ Kosher $ American $ 
https://www.epicurious.com/recipes/food/views/raspberry-sour-cream-tart-105330,Raspberry Sour Cream Tart ,"8 whole graham crackers, coarsely broken $ 1/4 cup (packed) golden brown sugar $ 1/4 cup (1/2 stick) unsalted butter, melted $ 6 ounces cream cheese, room temperature $ 1/3 cup sugar $ 1/2 cup sour cream $ 2 teaspoons fresh lemon juice $ 1/2 teaspoon vanilla extract $ 2 1/2-pint baskets raspberries $ 1/4 cup seedless raspberry jam $ ",Dessert $ Bake $ Raspberry $ Summer $ Sour Cream $ Bon Appétit $ Kidney Friendly $ Vegetarian $ Pescatarian $ Peanut Free $ Tree Nut Free $ Soy Free $ Kosher $ ,American $ ,3.5/4,118,Dessert $ Bake $ Raspberry $ Summer $ Sour Cream $ Bon Appétit $ Kidney Friendly $ Vegetarian $ Pescatarian $ Peanut Free $ Tree Nut Free $ Soy Free $ Kosher $ American $ 
https://www.epicurious.com/recipes/food/views/lobster-avocado-and-grapefruit-salad-109004,"Lobster, Avocado, and Grapefruit Salad ",1 (1 1/4- to 1 1/2-lb) live lobster $ 2 teaspoons finely chopped shallot $ 1 tablespoon fresh lemon juice $ 1/4 teaspoon table salt $ 2 tablespoons extra-virgin olive oil $ 1 pink or ruby-red grapefruit $ 1 firm-ripe California avocado $ 1 oz baby arugula (2 cups) $ Coarse sea salt to taste (optional) $ ,Salad $ Low/No Sugar $ Grapefruit $ Lobster $ Avocado $ Gourmet $ ,American $ ,3.5/4,54,Salad $ Low/No Sugar $ Grapefruit $ Lobster $ Avocado $ Gourmet $ American $ 
https://www.epicurious.com/recipes/food/views/chocolate-earl-grey-truffles-107440,Chocolate Earl Grey Truffles ,"2/3 cup heavy cream $ 2 tablespoons unsalted butter, cut into 4 pieces and softened $ 2 teaspoons loose Earl Grey tea leaves $ 6 oz fine-quality bittersweet chocolate (not unsweetened), chopped $ 1 cup unsweetened Dutch-process cocoa powder $ ",Candy $ Milk/Cream $ Tea $ Chocolate $ Dessert $ Christmas $ Winter $ Gourmet $ Kidney Friendly $ Vegetarian $ Pescatarian $ Wheat/Gluten-Free $ Peanut Free $ Tree Nut Free $ Soy Free $ Kosher $ ,American $ ,3.5/4,53,Candy $ Milk/Cream $ Tea $ Chocolate $ Dessert $ Christmas $ Winter $ Gourmet $ Kidney Friendly $ Vegetarian $ Pescatarian $ Wheat/Gluten-Free $ Peanut Free $ Tree Nut Free $ Soy Free $ Kosher $ American $ 
https://www.epicurious.com/recipes/food/views/cinnamon-blueberry-crunch-105322,Cinnamon-Blueberry Crunch ,"5 1/2-pint baskets blueberries or 1 1/2 pounds frozen, unthawed $ 1 1/4 cups sugar $ 1 tablespoon fresh lemon juice $ 2 1/2 teaspoons ground cinnamon $ 3/4 cup all purpose flour $ 5 tablespoons unsalted butter, room temperature $ Vanilla ice cream $ ",Dairy $ Dessert $ Bake $ Blueberry $ Summer $ Cinnamon $ Bon Appétit $ Kidney Friendly $ Vegetarian $ Pescatarian $ Peanut Free $ Tree Nut Free $ Soy Free $ Kosher $ ,American $ ,2/4,7,Dairy $ Dessert $ Bake $ Blueberry $ Summer $ Cinnamon $ Bon Appétit $ Kidney Friendly $ Vegetarian $ Pescatarian $ Peanut Free $ Tree Nut Free $ Soy Free $ Kosher $ American $ 
https://www.epicurious.com/recipes/food/views/pastry-dough-103700,Pastry Dough ,"2 1/2 cups all-purpose flour $ 1 1/2 sticks (3/4 cup) cold unsalted butter, cut into 1/2-inch cubes $ 1/4 cup cold vegetable shortening $ 1/2 teaspoon salt $ 4 to 6 tablespoons ice water $ ",Dessert $ No-Cook $ Christmas $ Picnic $ Thanksgiving $ Summer $ Gourmet $ Sugar Conscious $ Kidney Friendly $ Vegetarian $ Pescatarian $ Peanut Free $ Tree Nut Free $ Soy Free $ No Sugar Added $ Kosher $ ,American $ ,4/4,3,Dessert $ No-Cook $ Christmas $ Picnic $ Thanksgiving $ Summer $ Gourmet $ Sugar Conscious $ Kidney Friendly $ Vegetarian $ Pescatarian $ Peanut Free $ Tree Nut Free $ Soy Free $ No Sugar Added $ Kosher $ American $ 
https://www.epicurious.com/recipes/food/views/double-baked-potatoes-with-mushrooms-and-cheese-106327,Double-Baked Potatoes with Mushrooms and Cheese ,"6 small russet potatoes (about 7 ounces each), scrubbed $ 5 tablespoons butter, room temperature $ 12 ounces mushrooms, coarsely chopped $ 2 large green onions, chopped $ 3 ounces cream cheese, room temperature (about 1/2 cup) $ 1/3 cup sour cream $ 1 1/4 cups coarsely grated white cheddar cheese $ ",Mushroom $ Potato $ Side $ Bake $ Cheddar $ Cream Cheese $ Sour Cream $ Bon Appétit $ Sugar Conscious $ Vegetarian $ Pescatarian $ Wheat/Gluten-Free $ Peanut Free $ Tree Nut Free $ Soy Free $ No Sugar Added $ Kosher $ ,American $ ,3.5/4,67,Mushroom $ Potato $ Side $ Bake $ Cheddar $ Cream Cheese $ Sour Cream $ Bon Appétit $ Sugar Conscious $ Vegetarian $ Pescatarian $ Wheat/Gluten-Free $ Peanut Free $ Tree Nut Free $ Soy Free $ No Sugar Added $ Kosher $ American $ 
https://www.epicurious.com/recipes/food/views/pear-cherry-and-pine-nut-tartlets-107535,"Pear, Cherry, and Pine Nut Tartlets ","1/2 cup apricot jam $ 1/2 teaspoon almond extract $ 1 large Bartlett pear (about 8 ounces), peeled, halved, cored, cut into 1/4-inch cubes $ 3/4 cup dried Bing cherries (about 4 ounces), coarsely chopped $ 1 sheet frozen puff pastry (half of 17.3-ounce package), thawed but still very cold $ 1 large egg yolk, beaten to blend $ 2 tablespoons pine nuts, toasted $ ",Berry $ Fruit $ Nut $ Dessert $ Bake $ Christmas $ Pear $ Cherry $ Pine Nut $ Winter $ Phyllo/Puff Pastry Dough $ Bon Appétit $ Kidney Friendly $ ,American $ ,3/4,4,Berry $ Fruit $ Nut $ Dessert $ Bake $ Christmas $ Pear $ Cherry $ Pine Nut $ Winter $ Phyllo/Puff Pastry Dough $ Bon Appétit $ Kidney Friendly $ American $ 
https://www.epicurious.com/recipes/food/views/fried-shrimp-poboys-105352,Fried Shrimp Po'boys ,"1 pound uncooked large shrimp, peeled, deveined $ 1/2 cup dry Italian breadcrumbs $ 1 large egg $ 1 large egg yolk $ 2 tablespoons chopped fresh parsley $ 2 tablespoons fine cracker meal $ 1 garlic clove, minced $ 1/8 teaspoon cayenne pepper $ Additional cracker meal $ Vegetable oil (for frying) $ 8 French rolls, split, toasted $ Purchased tartar sauce $ Shredded lettuce $ Sliced tomato $ Hot pepper sauce $ ",Sandwich $ Fry $ Shrimp $ Summer $ Bon Appétit $ ,American $ ,2.5/4,9,Sandwich $ Fry $ Shrimp $ Summer $ Bon Appétit $ American $ 
https://www.epicurious.com/recipes/food/views/warm-chocolate-tart-107536,Warm Chocolate Tart ,"1 1/2 cups all purpose flour $ 6 tablespoons sugar $ 1/2 teaspoon salt $ 1/2 cup (1 stick) chilled unsalted butter, diced $ 1 large egg $ 2 tablespoons whipping cream $ 3/4 cup whipping cream $ 6 tablespoons whole milk $ 6 ounces bittersweet (not unsweetened) or semisweet chocolate, chopped $ 2 large eggs $ 1/4 cup sugar $ Pinch of salt $ ",Milk/Cream $ Mixer $ Chocolate $ Egg $ Dessert $ Bake $ Winter $ Bon Appétit $ Kidney Friendly $ Vegetarian $ Pescatarian $ Peanut Free $ Tree Nut Free $ Soy Free $ Kosher $ ,American $ ,3/4,11,Milk/Cream $ Mixer $ Chocolate $ Egg $ Dessert $ Bake $ Winter $ Bon Appétit $ Kidney Friendly $ Vegetarian $ Pescatarian $ Peanut Free $ Tree Nut Free $ Soy Free $ Kosher $ American $ 
https://www.epicurious.com/recipes/food/views/tomato-orange-marmalade-108413,Tomato Orange Marmalade ,"3 pounds ripe beefsteak tomatoes, peeled and chopped, reserving any juices $ 3 cups sugar $ 2 juice oranges, quartered, seeded, and sliced crosswise 1/8 inch thick $ 1 lemon, quartered, seeded, and sliced crosswise 1/8 inch thick $ 1/8 teaspoon salt $ 3 (1/2-pint) canning jars (optional) with lids and screw bands; a wide 5- to 6-quart heavy pot (at least 9 1/2 inches in diameter) $ ",Condiment/Spread $ Citrus $ Tomato $ Lemon $ Orange $ Summer $ Gourmet $ ,American $ ,4/4,11,Condiment/Spread $ Citrus $ Tomato $ Lemon $ Orange $ Summer $ Gourmet $ American $ 
