link,name,ingredients,recipe_category,recipe_cuisine,rating,rating_count,keywords
https://www.epicurious.com/recipes/food/views/turkey-jambalaya-232983,Turkey Jambalaya ,"2 3/4 lb smoked turkey drumsticks $ 2 tablespoons vegetable oil $ 1 medium onion, chopped $ 1 small green bell pepper, chopped $ 1 large celery rib, chopped $ 1 large garlic clove, finely chopped $ 1 (14- to 16-oz) can diced tomatoes in juice, drained $ 1 3/4 cups reduced-sodium chicken broth (14 fl oz) $ 1 1/4 cups water $ 1/2 teaspoon salt $ 1/2 teaspoon cayenne $ 2 cups long-grain white rice $ 1/2 cup chopped scallion greens $ ",Poultry $ Rice $ turkey $ Sauté $ Mardi Gras $ Fall $ Gourmet $ ,American $ Cajun/Creole $ ,3/4,16,Poultry $ Rice $ turkey $ Sauté $ Mardi Gras $ Fall $ Gourmet $ American $ Cajun/Creole $ 
https://www.epicurious.com/recipes/food/views/turkey-cream-puff-pie-232982,Turkey Cream Puff Pie ,"1 small tomato $ 1 small onion, finely chopped (1/2 cup) $ 2 tablespoons unsalted butter $ 1/8 teaspoon salt $ 2 large white mushrooms, finely chopped (1/4 cup) $ 1 tablespoon all-purpose flour $ 1/4 cup plus 2 tablespoons reduced-sodium chicken broth $ 1 1/4 cups finely chopped cooked turkey $ 1 tablespoon chopped fresh flat-leaf parsley $ 3/4 cup water $ 3/4 stick (6 tablespoons) cold unsalted butter, cut into small pieces $ 1/2 teaspoon salt $ 3/4 cup all-purpose flour, sifted after measuring $ 4 large eggs, at room temperature for 30 minutes $ 3 oz Swiss cheese, cut into 1/4-inch dice (about 3/4 cup) $ 2 tablespoons finely grated Parmigiano-Reggiano (using a Microplane rasp) $ 1/2 teaspoon dry mustard powder $ ",Onion $ Poultry $ turkey $ Vegetable $ Bake $ Kid-Friendly $ Dinner $ Fall $ Pastry $ Gourmet $ Sugar Conscious $ Peanut Free $ Tree Nut Free $ Soy Free $ No Sugar Added $ ,American $ ,3.5/4,19,Onion $ Poultry $ turkey $ Vegetable $ Bake $ Kid-Friendly $ Dinner $ Fall $ Pastry $ Gourmet $ Sugar Conscious $ Peanut Free $ Tree Nut Free $ Soy Free $ No Sugar Added $ American $ 
https://www.epicurious.com/recipes/food/views/chickpea-eggplant-and-tomato-tarts-232981,"Chickpea, Eggplant, and Tomato Tarts ","1 (1-lb) eggplant $ 1 3/4 teaspoons salt $ 1/2 cup extra-virgin olive oil $ 1 medium onion, halved lengthwise, then cut crosswise into 1/2-inch-thick slices $ 1 Turkish or 1/2 California bay leaf $ 3 garlic cloves, minced $ 1 (14 1/2- to 16-oz) can stewed tomatoes, drained, reserving juice, and coarsely chopped $ 1/2 teaspoon paprika (not hot) $ 1/8 teaspoon ground cumin $ 1 (15- to 19-oz) can chickpeas, rinsed and drained $ 1 teaspoon sugar $ 1 1/2 teaspoons black pepper $ 1/4 cup coarsely chopped fresh flat-leaf parsley $ 6 (17- by 12-inch) phyllo sheets (from a 1-lb package), thawed if frozen $ Garnish: fresh flat-leaf parsley leaves, torn into pieces $ ",Bean $ Tomato $ Vegetable $ Appetizer $ Bake $ Vegetarian $ Lunch $ Eggplant $ Chickpea $ Phyllo/Puff Pastry Dough $ Gourmet $ Pescatarian $ Dairy Free $ Peanut Free $ Tree Nut Free $ Soy Free $ Kosher $ ,American $ ,3.5/4,23,Bean $ Tomato $ Vegetable $ Appetizer $ Bake $ Vegetarian $ Lunch $ Eggplant $ Chickpea $ Phyllo/Puff Pastry Dough $ Gourmet $ Pescatarian $ Dairy Free $ Peanut Free $ Tree Nut Free $ Soy Free $ Kosher $ American $ 
https://www.epicurious.com/recipes/food/views/meatloaf-232972,Meatloaf ,"2 lb meatloaf mix (beef, pork, and veal) $ 1 cup cooked oatmeal $ 1 cup finely chopped onion $ 1/3 cup finely chopped fresh parsley $ 1/4 cup soy sauce $ 2 large eggs $ 2 teaspoons finely chopped garlic $ 1/2 teaspoon dried thyme $ 1/2 teaspoon black pepper $ 1/2 cup chili sauce (ketchup-based) $ ",Beef $ Pork $ Bake $ Kid-Friendly $ Dinner $ Ground Beef $ Fall $ Winter $ Gourmet $ Sugar Conscious $ Dairy Free $ Peanut Free $ Tree Nut Free $ Kosher $ ,American $ ,3/4,48,Beef $ Pork $ Bake $ Kid-Friendly $ Dinner $ Ground Beef $ Fall $ Winter $ Gourmet $ Sugar Conscious $ Dairy Free $ Peanut Free $ Tree Nut Free $ Kosher $ American $ 
https://www.epicurious.com/recipes/food/views/filets-mignons-with-orange-fennel-crust-232971,Filets Mignons with Orange Fennel Crust ,"1/4 cup fine dry bread crumbs $ 1/2 teaspoon fennel seeds, coarsely chopped $ 1/2 teaspoon finely grated fresh orange zest $ 2 tablespoons olive oil $ 3/4 teaspoon salt $ 1/2 teaspoon black pepper $ 4 (1 1/4-inch-thick) filets mignons (beef tenderloin steaks; about 7 oz each) $ 4 teaspoons Dijon mustard $ ",Beef $ Roast $ Valentine's Day $ Quick & Easy $ Dinner $ Orange $ Meat $ Beef Tenderloin $ Steak $ Anniversary $ Gourmet $ Sugar Conscious $ Dairy Free $ Peanut Free $ Tree Nut Free $ Soy Free $ ,American $ ,3/4,16,Beef $ Roast $ Valentine's Day $ Quick & Easy $ Dinner $ Orange $ Meat $ Beef Tenderloin $ Steak $ Anniversary $ Gourmet $ Sugar Conscious $ Dairy Free $ Peanut Free $ Tree Nut Free $ Soy Free $ American $ 
https://www.epicurious.com/recipes/food/views/braised-beef-and-onions-232969,Braised Beef and Onions ,"2 (2-lb) well-marbled boneless beef chuck pot roasts (1 1/2 inches thick) $ 2 teaspoons ground allspice $ 1 1/2 lb onions, halved lengthwise, then thinly sliced lengthwise (6 cups) $ 6 large garlic cloves, finely chopped $ 2 tablespoons finely chopped fresh flat-leaf parsley $ heavy-duty foil $ ",Beef $ Onion $ Braise $ Quick & Easy $ Low/No Sugar $ Wheat/Gluten-Free $ Meat $ Fall $ Winter $ Gourmet $ ,American $ French $ ,3.5/4,102,Beef $ Onion $ Braise $ Quick & Easy $ Low/No Sugar $ Wheat/Gluten-Free $ Meat $ Fall $ Winter $ Gourmet $ American $ French $ 
https://www.epicurious.com/recipes/food/views/curried-pumpkin-soup-232968,Curried Pumpkin Soup ,"2 medium onions, finely chopped (2 cups) $ 2 tablespoons unsalted butter $ 2 large garlic cloves, minced $ 1 1/2 tablespoons minced peeled fresh ginger $ 2 teaspoons ground cumin $ 1 teaspoon ground coriander $ 1/8 teaspoon ground cardamom $ 1 1/2 teaspoons salt $ 3/4 teaspoon dried hot red pepper flakes $ 2 (15-oz) cans solid-pack pumpkin (3 1/2 cups; not pie filling) $ 4 cups water $ 1 1/2 cups reduced-sodium chicken broth (12 fl oz) $ 1 (14-oz) can unsweetened coconut milk (not low-fat) $ 1/4 cup olive oil $ 2 teaspoons brown mustard seeds $ 8 fresh curry leaves $ ",Soup/Stew $ Blender $ Vegetable $ Appetizer $ Thanksgiving $ Curry $ Squash $ Pumpkin $ Fall $ Winter $ Gourmet $ Sugar Conscious $ Wheat/Gluten-Free $ Peanut Free $ Tree Nut Free $ Soy Free $ No Sugar Added $ ,American $ ,3/4,82,Soup/Stew $ Blender $ Vegetable $ Appetizer $ Thanksgiving $ Curry $ Squash $ Pumpkin $ Fall $ Winter $ Gourmet $ Sugar Conscious $ Wheat/Gluten-Free $ Peanut Free $ Tree Nut Free $ Soy Free $ No Sugar Added $ American $ 
https://www.epicurious.com/recipes/food/views/chestnut-soup-with-sourdough-sage-croutons-232967,Chestnut Soup with Sourdough Sage Croutons ,"2 (7 1/2-oz) jars peeled cooked whole chestnuts, rinsed and drained (2 2/3 cups) $ 2 large leeks (white and pale green parts only), coarsely chopped (1 1/4 cups) $ 1 tablespoon olive oil $ 1 tablespoon unsalted butter $ 1 large onion, coarsely chopped (2 cups) $ 2 celery ribs, coarsely chopped (1 1/4 cups) $ 2 medium carrots, coarsely chopped (1 cup) $ 1 1/2 Turkish bay leaves or 1 California $ 1 tablespoon tamari or soy sauce $ 2 1/2 qt water $ 2 teaspoons salt, or to taste $ 1/3 cup chopped fresh flat-leaf parsley $ 1 teaspoon chopped fresh sage $ 2 tablespoons medium-dry Sherry or Madeira $ 1/2 teaspoon black pepper $ 2 tablespoons olive oil $ 2 tablespoons unsalted butter $ 1/2 sourdough loaf, crust discarded and bread cut into 1/4-inch cubes (4 cups) $ 1 teaspoon chopped fresh sage $ 2 (7 1/2-oz) jars peeled cooked whole chestnuts, chopped (2 2/3 cups) $ 1 teaspoon flaky sea salt (preferably Maldon) $ ",Soup/Stew $ Blender $ Herb $ Nut $ Appetizer $ Thanksgiving $ Vegetarian $ Fall $ Healthy $ Sage $ Chestnut $ Gourmet $ ,American $ ,3/4,16,Soup/Stew $ Blender $ Herb $ Nut $ Appetizer $ Thanksgiving $ Vegetarian $ Fall $ Healthy $ Sage $ Chestnut $ Gourmet $ American $ 
https://www.epicurious.com/recipes/food/views/green-leaf-lettuce-pomegranate-and-almond-salad-232966,"Green Leaf Lettuce, Pomegranate, and Almond Salad ","2 tablespoons fresh lime juice $ 1 1/2 teaspoons sugar $ 3/4 teaspoon salt $ 1/4 teaspoon black pepper $ 5 tablespoons extra-virgin olive oil $ 1 1/4 lb green leaf lettuce (2 heads), trimmed and leaves torn into 2-inch pieces (20 cups) $ 1/2 lb watercress (2 bunches), coarse stems discarded and sprigs cut into 1-inch pieces (6 cups) $ Seeds from 1 large pomegranate (1 1/4 cups), bitter white membranes discarded $ 3/4 cup sliced almonds (2 1/4 oz), toasted $ ",Leafy Green $ Nut $ Appetizer $ Thanksgiving $ Vegetarian $ Quick & Easy $ Lunch $ Almond $ Healthy $ Vegan $ Pomegranate $ Watercress $ Lettuce $ Gourmet $ Pescatarian $ Dairy Free $ Wheat/Gluten-Free $ Peanut Free $ Soy Free $ Kosher $ ,American $ ,4/4,31,Leafy Green $ Nut $ Appetizer $ Thanksgiving $ Vegetarian $ Quick & Easy $ Lunch $ Almond $ Healthy $ Vegan $ Pomegranate $ Watercress $ Lettuce $ Gourmet $ Pescatarian $ Dairy Free $ Wheat/Gluten-Free $ Peanut Free $ Soy Free $ Kosher $ American $ 
https://www.epicurious.com/recipes/food/views/pork-loin-stuffed-with-fuji-apples-232962,Pork Loin Stuffed with Fuji Apples ,"1/4 cup golden raisins $ 3/4 cup Riesling (or Gewürztraminer) $ 1 1/2 Fuji apples, peeled, cored and cut into 1/2-inch cubes, peel and core reserved $ Pinch of cinnamon $ 2 lb center-cut boneless pork loin (ask butcher to make a 1-inch incision in the center all the way through) $ Sea salt $ Vegetable-oil cooking spray $ 1 medium onion, diced large $ 1 carrot, diced large $ 1 celery stalk, diced large $ 4 stems fresh rosemary $ 1/2 cup balsamic vinegar $ ",Fruit $ Pork $ Roast $ Low Fat $ Dinner $ Apple $ Meat $ Fall $ Healthy $ Self $ Texas $ Dairy Free $ Wheat/Gluten-Free $ Peanut Free $ Tree Nut Free $ Soy Free $ ,American $ ,3.5/4,20,Fruit $ Pork $ Roast $ Low Fat $ Dinner $ Apple $ Meat $ Fall $ Healthy $ Self $ Texas $ Dairy Free $ Wheat/Gluten-Free $ Peanut Free $ Tree Nut Free $ Soy Free $ American $ 
https://www.epicurious.com/recipes/food/views/turkey-soup-232958,Turkey Soup ,"Carcass from a 14- to 16-lb roast turkey, including skin $ 4 qt water $ 1/2 teaspoon dried thyme, crumbled $ 2 tablespoons vegetable oil $ 2 medium onions, chopped $ 3 medium carrots, chopped $ 3 celery ribs, chopped $ 6 oz medium dried egg noodles (about 3 1/4 cups) $ 1 cup frozen peas (from a 10-oz package) $ 2 to 3 cups coarsely chopped cooked turkey meat (without skin) $ ",Soup/Stew $ Poultry $ turkey $ Vegetable $ Kid-Friendly $ Fall $ Winter $ Noodle $ Gourmet $ ,American $ ,2.5/4,14,Soup/Stew $ Poultry $ turkey $ Vegetable $ Kid-Friendly $ Fall $ Winter $ Noodle $ Gourmet $ American $ 
https://www.epicurious.com/recipes/food/views/grilled-whole-turkey-232957,Grilled Whole Turkey ,"1 (14- to 16-pound) turkey, neck and giblets (excluding liver) reserved for turkey giblet stock $ 2 1/2 teaspoons salt (2 teaspoons if using a kosher bird) $ 1 1/2 teaspoons black pepper $ 1 small metal skewer $ N/A kitchen string $ 1 flat metal rack $ 1 instant-read thermometer $ pliers (preferably needlenose); a small metal skewer (optional); kitchen string; a flat metal rack; an instant-read thermometer $ ",Poultry $ turkey $ Christmas $ Thanksgiving $ Backyard BBQ $ Fall $ Grill/Barbecue $ Gourmet $ ,American $ ,3.5/4,7,Poultry $ turkey $ Christmas $ Thanksgiving $ Backyard BBQ $ Fall $ Grill/Barbecue $ Gourmet $ American $ 
https://www.epicurious.com/recipes/food/views/tom-colicchios-herb-butter-turkey-233118,Tom Colicchio's Herb-Butter Turkey ,"2 tablespoons (1/4 stick) unsalted butter $ 2 pounds turkey necks and/or wings $ 2 cups diced onions $ 1 cup diced peeled carrots $ 1 cup diced celery $ 6 cups (or more) low-salt chicken broth $ 1 cup (2 sticks) butter, room temperature, divided $ 2 teaspoons minced fresh thyme plus 15 fresh thyme sprigs $ 2 teaspoons minced fresh tarragon plus 5 large fresh tarragon sprigs $ 2 teaspoons minced fresh rosemary plus 5 fresh rosemary sprigs $ 2 teaspoons minced fresh sage plus 5 fresh sage sprigs $ 1 14- to 16-pound turkey $ 4 cups low-salt chicken broth, divided $ 1/4 cup all purpose flour $ ",Herb $ turkey $ Roast $ Thanksgiving $ Bon Appétit $ ,American $ ,4/4,153,Herb $ turkey $ Roast $ Thanksgiving $ Bon Appétit $ American $ 
https://www.epicurious.com/recipes/food/views/broiled-duck-breasts-with-orange-chipotle-sauce-232789,Broiled Duck Breasts with Orange Chipotle Sauce ,2 1/2 cups fresh orange juice $ 1/4 cup fresh lime juice $ 3 tablespoons maple syrup (preferably dark amber or Grade B) $ 1 tablespoon finely chopped canned chipotle chiles in adobo $ 1 (3- to 4-inch) cinnamon stick $ 2 whole cloves $ 1 teaspoon salt $ 3 (1-lb) boneless Muscovy duck breasts with skin or 6 (7- to 8-oz) Long Island (also called Pekin) duck breast halves with skin $ 1 1/2 teaspoons salt $ 1/2 teaspoon black pepper $ an instant-read thermometer $ ,Duck $ Broil $ Quick & Easy $ Lime $ Orange $ Hot Pepper $ Cinnamon $ Maple Syrup $ Gourmet $ ,American $ ,3.5/4,50,Duck $ Broil $ Quick & Easy $ Lime $ Orange $ Hot Pepper $ Cinnamon $ Maple Syrup $ Gourmet $ American $ 
https://www.epicurious.com/recipes/food/views/sauteed-chicken-paillards-with-muscat-sauce-232880,Sauteed Chicken Paillards with Muscat Sauce ,"1/4 cup all-purpose flour $ 4 skinless boneless chicken breast halves (about 1 1/2 pounds), tenders removed, breasts pounded to 1/4-inch thickness $ 4 tablespoons (1/2 stick) unsalted butter, divided $ 1 tablespoon minced shallots $ 1 cup red muscat grapes or other red grapes, halved, seeded $ 1/4 cup dry fruity white wine $ 1 tablespoon whipping cream $ 1 tablespoon chopped fresh tarragon $ ",Wine $ Chicken $ Fruit $ Poultry $ Sauté $ Quick & Easy $ Fortified Wine $ Fall $ Grape $ Bon Appétit $ ,American $ ,3/4,12,Wine $ Chicken $ Fruit $ Poultry $ Sauté $ Quick & Easy $ Fortified Wine $ Fall $ Grape $ Bon Appétit $ American $ 
https://www.epicurious.com/recipes/food/views/chilled-grape-soup-232820,Chilled Grape Soup ,"1 (2-inch) cinnamon stick $ 2 whole cloves $ 10 black peppercorns $ 2 (2- by 1-inch) strips fresh lemon zest $ 2 (2- by 1-inch) strips fresh orange zest $ 1/2 teaspoon unflavored gelatin (from one 1/4-oz envelope) $ 1 1/2 cups plus 1 tablespoon white grape juice $ 1 cup dry white wine $ 1/2 cup sugar $ Pinch of freshly grated nutmeg $ 1 teaspoon finely grated fresh lemon zest $ 2 cups mixed grapes, stemmed, seeded if necessary, and sliced (lengthwise or crosswise) $ a 5-inch square of cheesecloth; kitchen string $ ",Soup/Stew $ Dessert $ Quick & Easy $ White Wine $ Chill $ Cinnamon $ Clove $ Grape $ Gourmet $ Fat Free $ Kidney Friendly $ Dairy Free $ Wheat/Gluten-Free $ Peanut Free $ Tree Nut Free $ Soy Free $ ,American $ ,0/4,0,Soup/Stew $ Dessert $ Quick & Easy $ White Wine $ Chill $ Cinnamon $ Clove $ Grape $ Gourmet $ Fat Free $ Kidney Friendly $ Dairy Free $ Wheat/Gluten-Free $ Peanut Free $ Tree Nut Free $ Soy Free $ American $ 
https://www.epicurious.com/recipes/food/views/vegetable-broth-232826,Vegetable Broth ,"8 cups water $ 3/4 cup chopped onion $ 1/2 cup chopped carrot $ 1/2 cup chopped celery $ 1/2 cup chopped zucchini $ 1/2 cup chopped cabbage $ 1/2 cup chopped turnips $ 1/2 cup chopped mushrooms $ 1 bunch fresh flat-leaf parsley $ 1/2 cup mixed chopped fresh herbs such as basil, tarragon, and chives $ ",Soup/Stew $ Herb $ Vegetable $ Vegetarian $ Quick & Easy $ Low/No Sugar $ Wheat/Gluten-Free $ Gourmet $ ,American $ ,3/4,0,Soup/Stew $ Herb $ Vegetable $ Vegetarian $ Quick & Easy $ Low/No Sugar $ Wheat/Gluten-Free $ Gourmet $ American $ 
https://www.epicurious.com/recipes/food/views/chicken-and-white-bean-chili-232878,Chicken and White Bean Chili ,"1/4 cup olive oil $ 1 1/3 cups chopped onion $ 1 large green bell pepper, chopped $ 6 garlic cloves, chopped $ 2 1/4 pounds skinless boneless chicken thighs, cut into 1/2-inch cubes $ 3 1/2 tablespoons chili powder $ 2 tablespoons tomato paste $ 1 tablespoon ground cumin $ 1 tablespoon dried oregano $ 2 15- to 16-ounce cans white beans, drained, juices reserved $ 2 15-ounce cans diced tomatoes in juice $ 1/2 cup chopped fresh cilantro $ ",Soup/Stew $ Bean $ Chicken $ Dinner $ Healthy $ Bon Appétit $ New Jersey $ Dairy Free $ Wheat/Gluten-Free $ Peanut Free $ Tree Nut Free $ Soy Free $ No Sugar Added $ Kosher $ Diabetes-Friendly $ ,American $ ,3.5/4,161,Soup/Stew $ Bean $ Chicken $ Dinner $ Healthy $ Bon Appétit $ New Jersey $ Dairy Free $ Wheat/Gluten-Free $ Peanut Free $ Tree Nut Free $ Soy Free $ No Sugar Added $ Kosher $ Diabetes-Friendly $ American $ 
https://www.epicurious.com/recipes/food/views/maple-soy-glazed-salmon-232873,Maple-Soy-Glazed Salmon ,1/3 cup maple syrup $ 1/4 cup soy sauce $ 1 teaspoon adobo sauce from canned chipotles in adobo $ 4 6-ounce skinless salmon fillets $ ,Fish $ Broil $ Quick & Easy $ Dinner $ Salmon $ Healthy $ Maple Syrup $ Soy Sauce $ Bon Appétit $ Pescatarian $ Dairy Free $ Peanut Free $ Tree Nut Free $ ,American $ Asian $ ,3.5/4,49,Fish $ Broil $ Quick & Easy $ Dinner $ Salmon $ Healthy $ Maple Syrup $ Soy Sauce $ Bon Appétit $ Pescatarian $ Dairy Free $ Peanut Free $ Tree Nut Free $ American $ Asian $ 
https://www.epicurious.com/recipes/food/views/creamy-potato-parsnip-gratin-232885,Creamy Potato-Parsnip Gratin ,"2 1/3 pounds unpeeled Yukon Gold potatoes, scrubbed, cut into 1/8-inch-thick rounds $ 4 Turkish bay leaves $ 1 2/3 pounds large parsnips, peeled, cut into 1/8-inch-thick rounds $ 2 cups whipping cream $ 2 cups half and half $ ",Potato $ Vegetable $ Side $ Bake $ Casserole/Gratin $ Parsnip $ Fall $ Bon Appétit $ Vegetarian $ Pescatarian $ Wheat/Gluten-Free $ Peanut Free $ Tree Nut Free $ Soy Free $ No Sugar Added $ Kosher $ ,American $ ,3.5/4,9,Potato $ Vegetable $ Side $ Bake $ Casserole/Gratin $ Parsnip $ Fall $ Bon Appétit $ Vegetarian $ Pescatarian $ Wheat/Gluten-Free $ Peanut Free $ Tree Nut Free $ Soy Free $ No Sugar Added $ Kosher $ American $ 
https://www.epicurious.com/recipes/food/views/chocolate-espresso-spelt-cake-232816,Chocolate Espresso Spelt Cake ,"1 1/2 sticks (3/4 cup) unsalted butter, softened, plus additional for pan $ 3/4 cup unsweetened Dutch-process cocoa powder plus additional for dusting pan and cake $ 1 cup boiling-hot water $ 1 1/2 tablespoons instant-espresso powder $ 1 1/2 teaspoons vanilla $ 1 teaspoon baking soda $ 1/2 lb Medjool dates (12 to 14), pitted and coarsely chopped (1 1/2 cups) $ 2 cups spelt flour $ 2 teaspoons baking powder $ 3/4 teaspoon salt $ 1 cup packed dark brown sugar $ 2 large eggs $ Accompaniment: lightly sweetened whipped cream $ a 9-inch springform pan $ ",Cake $ Coffee $ Chocolate $ Egg $ Dessert $ Bake $ Quick & Easy $ High Fiber $ Date $ Gourmet $ Vegetarian $ Pescatarian $ Peanut Free $ Tree Nut Free $ Soy Free $ Kosher $ ,American $ ,3.5/4,29,Cake $ Coffee $ Chocolate $ Egg $ Dessert $ Bake $ Quick & Easy $ High Fiber $ Date $ Gourmet $ Vegetarian $ Pescatarian $ Peanut Free $ Tree Nut Free $ Soy Free $ Kosher $ American $ 
https://www.epicurious.com/recipes/food/views/peanut-butter-and-jelly-tart-232829,Peanut Butter and Jelly Tart ,"12 (5- by 3-inch) graham crackers, coarsely crumbled $ 1 cup salted roasted peanuts (2 1/2 oz) $ 1/8 teaspoon ground allspice $ 1 stick (1/2 cup) unsalted butter, melted and cooled $ 4 oz cream cheese, softened $ 1/2 cup smooth peanut butter $ 3 tablespoons unsalted butter, softened $ 2 tablespoons dark brown sugar $ 1 cup chilled heavy cream $ 1/2 teaspoon vanilla $ 1/2 cup plus 1/3 cup Concord grape jam (9 1/2 oz) $ 2 cups red and green seedless grapes, quartered lengthwise $ an 8- by 11-inch rectangular or a 10-inch round fluted tart pan with a removable bottom; a small offset spatula $ ",Milk/Cream $ Dessert $ Bake $ Kid-Friendly $ Cream Cheese $ Peanut $ Grape $ Jam or Jelly $ Gourmet $ Vegetarian $ Pescatarian $ Tree Nut Free $ Soy Free $ Kosher $ ,American $ ,0/4,0,Milk/Cream $ Dessert $ Bake $ Kid-Friendly $ Cream Cheese $ Peanut $ Grape $ Jam or Jelly $ Gourmet $ Vegetarian $ Pescatarian $ Tree Nut Free $ Soy Free $ Kosher $ American $ 
https://www.epicurious.com/recipes/food/views/eggs-carbonara-with-basil-and-parmesan-232824,Eggs Carbonara with Basil and Parmesan ,6 bacon slices $ 12 large eggs $ 1 oz finely grated parmesan (1/2 cup) $ 1/4 cup heavy cream $ 1 tablespoon chopped fresh basil $ 1/2 teaspoon salt $ 1/2 teaspoon black pepper $ 2 teaspoons minced garlic $ 1 tablespoon chopped fresh flat-leaf parsley $ 2 tablespoons chopped scallions $ ,Milk/Cream $ Egg $ Breakfast $ Brunch $ Quick & Easy $ Wheat/Gluten-Free $ Parmesan $ Basil $ Bacon $ Gourmet $ Sugar Conscious $ Peanut Free $ Tree Nut Free $ Soy Free $ No Sugar Added $ ,American $ ,3/4,12,Milk/Cream $ Egg $ Breakfast $ Brunch $ Quick & Easy $ Wheat/Gluten-Free $ Parmesan $ Basil $ Bacon $ Gourmet $ Sugar Conscious $ Peanut Free $ Tree Nut Free $ Soy Free $ No Sugar Added $ American $ 
https://www.epicurious.com/recipes/food/views/cheddar-crisps-with-roasted-grape-relish-232777,Cheddar Crisps with Roasted Grape Relish ,"1 cup coarsely grated extra-sharp Cheddar (preferably white) $ 1/2 cup all-purpose flour $ 1/8 teaspoon cayenne $ 2 tablespoons unsalted butter, softened $ 1 lb seedless red grapes, stemmed and halved lengthwise (3 cups) $ 1/4 teaspoon salt $ 1/8 teaspoon black pepper $ 2 tablespoons plus 1 teaspoon olive oil $ 1/2 cup finely chopped pitted green olives (2 1/2 oz) $ 1/4 cup finely chopped celery $ 1/4 cup finely chopped red onion $ 1/2 teaspoon finely chopped fresh jalapeño chile $ 1/2 teaspoon minced garlic $ 1/2 teaspoon finely grated fresh orange zest $ 1 tablespoon red wine vinegar $ 1/3 cup pine nuts (1 3/4 oz), toasted $ a nonstick mini muffin tin with 24 (1/8-cup) cups $ ",Mushroom $ Olive $ Onion $ Bake $ Kid-Friendly $ Quick & Easy $ Cheddar $ Pine Nut $ Celery $ Fall $ Jalapeño $ Grape $ Gourmet $ ,American $ ,2.5/4,10,Mushroom $ Olive $ Onion $ Bake $ Kid-Friendly $ Quick & Easy $ Cheddar $ Pine Nut $ Celery $ Fall $ Jalapeño $ Grape $ Gourmet $ American $ 
https://www.epicurious.com/recipes/food/views/onion-and-bacon-tart-232864,Onion and Bacon Tart ,"8 bacon slices, chopped $ 5 cups sliced onions (about 3 large) $ 1 large egg $ 1/2 cup sour cream $ 1 teaspoon salt $ 1/2 teaspoon ground black pepper $ Pinch of ground nutmeg $ 1 13.8-ounce tube refrigerated pizza dough $ 1/4 teaspoon caraway seeds $ ",Onion $ Pork $ Appetizer $ Bake $ Bacon $ Fall $ Bon Appétit $ Peanut Free $ Tree Nut Free $ Soy Free $ ,American $ ,3/4,11,Onion $ Pork $ Appetizer $ Bake $ Bacon $ Fall $ Bon Appétit $ Peanut Free $ Tree Nut Free $ Soy Free $ American $ 
https://www.epicurious.com/recipes/food/views/pan-seared-scallops-with-champagne-grapes-and-almonds-232865,Pan-Seared Scallops with Champagne Grapes and Almonds ,"16 large sea scallops, side muscles removed $ 5 tablespoons unsalted butter, divided $ 1 1/2 tablespoons minced shallots $ 2/3 cup Champagne grapes (about 4 ounces) or black grapes, halved $ 1 1/2 tablespoons fresh lemon juice $ 1/3 cup sliced almonds, toasted $ 1 1/2 tablespoons chopped fresh Italian parsley $ ",Fruit $ Nut $ Shellfish $ Appetizer $ Sauté $ Quick & Easy $ Almond $ Scallop $ Fall $ Grape $ Bon Appétit $ Pescatarian $ Wheat/Gluten-Free $ Peanut Free $ Soy Free $ No Sugar Added $ ,American $ ,3.5/4,20,Fruit $ Nut $ Shellfish $ Appetizer $ Sauté $ Quick & Easy $ Almond $ Scallop $ Fall $ Grape $ Bon Appétit $ Pescatarian $ Wheat/Gluten-Free $ Peanut Free $ Soy Free $ No Sugar Added $ American $ 
https://www.epicurious.com/recipes/food/views/grandmas-chopped-liver-232792,Grandma's Chopped Liver ,"6 hard-boiled large eggs, chilled $ 1 large onion, chopped $ 1 garlic clove, chopped $ 1/3 cup vegetable oil $ 1 lb chicken livers $ 2 1/4 teaspoons kosher salt $ 1 teaspoon black pepper $ ",Condiment/Spread $ Food Processor $ Chicken $ Egg $ Onion $ Appetizer $ Sauté $ Quick & Easy $ Chill $ Gourmet $ New York $ Sugar Conscious $ Dairy Free $ Wheat/Gluten-Free $ Peanut Free $ Tree Nut Free $ Soy Free $ No Sugar Added $ Kosher $ ,American $ ,3.5/4,19,Condiment/Spread $ Food Processor $ Chicken $ Egg $ Onion $ Appetizer $ Sauté $ Quick & Easy $ Chill $ Gourmet $ New York $ Sugar Conscious $ Dairy Free $ Wheat/Gluten-Free $ Peanut Free $ Tree Nut Free $ Soy Free $ No Sugar Added $ Kosher $ American $ 
https://www.epicurious.com/recipes/food/views/lemon-flan-with-autumn-fruit-compote-232896,Lemon Flan with Autumn Fruit Compote ,"5 cups white grape juice $ 1 1/2 cups 3/4-inch cubes peeled honeydew melon (from about 10-ounce wedge) $ 1/2 cup dry white wine $ 1 large Golden Delicious apple, peeled, cored, cut into 3/4-inch cubes $ 1 large Bosc pear, peeled, cored, cut into 3/4-inch cubes $ 6 small dried figs, stems trimmed $ 6 dried apricots $ 6 pitted prunes $ 3 tablespoons dark raisins $ Peel from 1/2 orange (orange part only; removed with vegetable peeler in strips) $ Peel from 1/2 lemon (yellow part only; removed with vegetable peeler in strips) $ 2 tablespoons honey $ 3 whole cloves $ 1 cinnamon stick $ 1/4 teaspoon ground nutmeg $ 3 tablespoons juices reserved from compote $ 2 cups whole milk $ 1/2 cup sugar $ Peel from 1/2 lemon (yellow part only; removed with vegetable peeler in strips), coarsely chopped $ Pinch of salt $ 2 large eggs $ 2 large egg yolks $ ",Citrus $ Egg $ Fruit $ Dessert $ Bake $ Freeze/Chill $ Lemon $ Dried Fruit $ Prune $ Raisin $ Fig $ Fall $ Chill $ Bon Appétit $ Vegetarian $ Pescatarian $ Wheat/Gluten-Free $ Peanut Free $ Tree Nut Free $ Soy Free $ Kosher $ ,American $ ,3/4,7,Citrus $ Egg $ Fruit $ Dessert $ Bake $ Freeze/Chill $ Lemon $ Dried Fruit $ Prune $ Raisin $ Fig $ Fall $ Chill $ Bon Appétit $ Vegetarian $ Pescatarian $ Wheat/Gluten-Free $ Peanut Free $ Tree Nut Free $ Soy Free $ Kosher $ American $ 
https://www.epicurious.com/recipes/food/views/quinoa-and-bulgur-salad-with-feta-232810,Quinoa and Bulgur Salad with Feta ,"1/3 cup quinoa $ 4 cups water $ 1 1/2 teaspoons salt $ 1/3 cup medium bulgur $ 2 tablespoons olive oil $ 2 tablespoons fresh lemon juice $ 3/4 teaspoon dried mint, crumbled $ 1/4 teaspoon black pepper $ 4 brine-cured black olives, such as Kalamata, pitted and cut into slivers $ 2 radishes, quartered and thinly sliced $ 2 oz feta, coarsely crumbled (1/2 cup) $ 1 head Bibb lettuce, cut into 1/4-inch strips (4 cups) $ ",Salad $ Olive $ Side $ Vegetarian $ Quick & Easy $ Feta $ Mint $ Quinoa $ Radish $ Healthy $ Bulgur $ Lettuce $ Gourmet $ Sugar Conscious $ Pescatarian $ Peanut Free $ Tree Nut Free $ Soy Free $ No Sugar Added $ Kosher $ ,American $ ,3/4,19,Salad $ Olive $ Side $ Vegetarian $ Quick & Easy $ Feta $ Mint $ Quinoa $ Radish $ Healthy $ Bulgur $ Lettuce $ Gourmet $ Sugar Conscious $ Pescatarian $ Peanut Free $ Tree Nut Free $ Soy Free $ No Sugar Added $ Kosher $ American $ 
https://www.epicurious.com/recipes/food/views/flounder-with-champagne-grapes-232790,Flounder with Champagne Grapes ,"4 (6- to 7-oz) flounder or sole fillets $ All-purpose flour for dredging fish $ 2 to 3 tablespoons vegetable oil $ 1/4 cup finely chopped shallot $ 2/3 cup sweet vermouth $ 7 oz stemmed Champagne grapes (1 1/2 cups) $ 3 tablespoons unsalted butter, cut into tablespoon pieces $ 1 tablespoon fresh lemon juice $ ",Liqueur $ Fish $ Sauté $ Quick & Easy $ Fall $ Grape $ Shallot $ Gourmet $ ,American $ ,3.5/4,2,Liqueur $ Fish $ Sauté $ Quick & Easy $ Fall $ Grape $ Shallot $ Gourmet $ American $ 
https://www.epicurious.com/recipes/food/views/braised-beef-and-veal-with-tomato-gravy-232786,Braised Beef and Veal with Tomato Gravy ,"1 1/2 lb beef top-round steak (1/2 inch thick) $ 1 lb veal top-round steak (1/2 inch thick) $ 1/2 cup all-purpose flour $ 2 tablespoons rustic rub $ 1/4 cup vegetable oil $ 2 cups chopped onion (1 large) $ 1 cup chopped green bell pepper (from 1 large) $ 1 cup chopped celery (about 2 ribs) $ 1 1/2 cups chopped peeled and seeded tomatoes (see cooks' note, below) or 1 1/2 cups (from a 28-oz can) drained canned tomatoes, chopped $ 1 tablespoon chopped garlic $ 5 Turkish bay leaves or 2 California $ 1/4 teaspoon dried thyme, crumbled $ 1/4 teaspoon dried oregano, crumbled $ 1/4 teaspoon dried basil, crumbled $ 1 teaspoon salt $ 1/4 teaspoon cayenne $ 1/8 teaspoon black pepper $ 2 cups beef broth (homemade or canned; 16 fl oz) $ 1/2 cup dry red wine $ 3 tablespoons chopped scallions $ 2 tablespoons chopped fresh parsley $ ",Beef $ Breakfast $ Brunch $ Braise $ Dinner $ Fall $ Winter $ Gourmet $ Dairy Free $ Peanut Free $ Tree Nut Free $ Soy Free $ ,American $ ,3.5/4,9,Beef $ Breakfast $ Brunch $ Braise $ Dinner $ Fall $ Winter $ Gourmet $ Dairy Free $ Peanut Free $ Tree Nut Free $ Soy Free $ American $ 
https://www.epicurious.com/recipes/food/views/concord-grape-jam-232813,Concord Grape Jam ,"5 lb Concord grapes, stemmed $ 5 cups sugar $ 3 tablespoons fresh lemon juice $ 7 (1/2-pt) canning jars with lids and screw bands; a boiling-water canner or an 8- to 10-qt deep pot; an instant-read thermometer; a food mill fitted with fine disk $ ",Condiment/Spread $ Breakfast $ Brunch $ Dessert $ Chill $ Vegan $ Grape $ Gourmet $ Vegetarian $ Pescatarian $ Dairy Free $ Wheat/Gluten-Free $ Peanut Free $ Tree Nut Free $ Soy Free $ Kosher $ ,American $ ,3.5/4,39,Condiment/Spread $ Breakfast $ Brunch $ Dessert $ Chill $ Vegan $ Grape $ Gourmet $ Vegetarian $ Pescatarian $ Dairy Free $ Wheat/Gluten-Free $ Peanut Free $ Tree Nut Free $ Soy Free $ Kosher $ American $ 
https://www.epicurious.com/recipes/food/views/farmers-market-greens-232805,Farmers Market Greens ,"1 tablespoon Champagne vinegar $ 1/2 tablespoon finely chopped shallot $ 1/8 teaspoon salt $ 1/8 teaspoon black pepper $ 2 tablespoons extra-virgin olive oil $ 3/4 lb mixed baby greens such as kale, mizuna, tatsoi, mustard, arugula, and spinach (16 cups) $ 1 1/2 oz edible flowers (optional) $ ",Leafy Green $ Side $ No-Cook $ Vegetarian $ Quick & Easy $ Healthy $ Vegan $ Raw $ Gourmet $ Sugar Conscious $ Pescatarian $ Paleo $ Dairy Free $ Wheat/Gluten-Free $ Peanut Free $ Tree Nut Free $ Soy Free $ No Sugar Added $ Kosher $ ,American $ ,3.5/4,5,Leafy Green $ Side $ No-Cook $ Vegetarian $ Quick & Easy $ Healthy $ Vegan $ Raw $ Gourmet $ Sugar Conscious $ Pescatarian $ Paleo $ Dairy Free $ Wheat/Gluten-Free $ Peanut Free $ Tree Nut Free $ Soy Free $ No Sugar Added $ Kosher $ American $ 
https://www.epicurious.com/recipes/food/views/shaved-brussels-sprout-salad-with-fresh-walnuts-and-pecorino-232809,Shaved Brussels Sprout Salad with Fresh Walnuts and Pecorino ,"1 1/2 lb Brussels sprouts (preferably on the stalk), any discolored leaves discarded and stems left intact $ 1 cup walnuts (3 1/2 oz), lightly toasted $ 2 tablespoons finely grated Pecorino Romano, or to taste $ 1/4 cup olive oil $ 3 tablespoons fresh lemon juice $ an adjustable-blade slicer $ ",Cheese $ Side $ No-Cook $ Walnut $ Fall $ Brussels Sprout $ Gourmet $ Sugar Conscious $ Vegetarian $ Pescatarian $ Wheat/Gluten-Free $ Peanut Free $ Soy Free $ No Sugar Added $ Kosher $ ,American $ ,3.5/4,47,Cheese $ Side $ No-Cook $ Walnut $ Fall $ Brussels Sprout $ Gourmet $ Sugar Conscious $ Vegetarian $ Pescatarian $ Wheat/Gluten-Free $ Peanut Free $ Soy Free $ No Sugar Added $ Kosher $ American $ 
https://www.epicurious.com/recipes/food/views/italian-sausage-with-red-grapes-232800,Italian Sausage with Red Grapes ,"2 tablespoons olive oil $ 2 lb sweet Italian sausage (about 12 3- to 4-inch links) $ 2 lb seedless red grapes, stemmed $ 1/4 cup balsamic vinegar $ Accompaniment: sautéed greens with garlic $ ",Sauté $ Quick & Easy $ Vinegar $ Sausage $ Fall $ Grape $ Gourmet $ ,American $ ,3/4,29,Sauté $ Quick & Easy $ Vinegar $ Sausage $ Fall $ Grape $ Gourmet $ American $ 
https://www.epicurious.com/recipes/food/views/saffron-shrimp-crab-cakes-232830,Saffron Shrimp Crab Cakes ,"1 cup crème fraîche $ 1 tablespoon chopped canned chipotle chiles in adobo $ 1/2 teaspoon salt $ 1/4 teaspoon black pepper $ 1/4 teaspoon crumbled saffron threads $ 1/4 cup water $ 1 tablespoon olive oil plus additional for brushing $ 1/2 cup diced (1/8-inch) onion $ 1/4 cup diced (1/8-inch) carrot $ 1/4 cup diced (1/8-inch) celery $ 2 large eggs $ 1/2 cup heavy cream $ 1 1/4 teaspoons salt $ 1 teaspoon black pepper $ 1 1/2 lb medium shrimp in shell (31 to 35 per lb), peeled and deveined $ 1 teaspoon finely chopped shallot $ 1 1/2 teaspoons finely chopped garlic $ 1 teaspoon chopped canned chipotle chiles in adobo $ 1 cup panko (Japanese bread crumbs) $ 1/8 lb jumbo lump crabmeat, picked over for shells and cartilage $ parchment paper $ ",Milk/Cream $ Onion $ Bake $ Crab $ Shrimp $ Saffron $ Celery $ Hot Pepper $ Carrot $ Gourmet $ ,American $ ,3.5/4,7,Milk/Cream $ Onion $ Bake $ Crab $ Shrimp $ Saffron $ Celery $ Hot Pepper $ Carrot $ Gourmet $ American $ 
https://www.epicurious.com/recipes/food/views/olive-oil-poached-salmon-and-braised-artichokes-with-sauvignon-blanc-232832,Olive-Oil-Poached Salmon and Braised Artichokes with Sauvignon Blanc ,"1/4 cup fresh lemon juice $ 4 medium artichokes with stems attached (1/2 lb each) $ 3 tablespoons extra-virgin olive oil $ 1 small onion, thinly sliced $ 1 celery rib, sliced $ 2 garlic cloves, halved crosswise $ 1 cup Sauvignon Blanc $ 2 fresh thyme sprigs $ 1 1/2 teaspoons fine sea salt $ 1/2 teaspoon black pepper $ 3 cups chicken stock or reduced-sodium chicken broth $ 1/2 teaspoon Sherry vinegar $ 1 stick (1/2 cup) unsalted butter, cut into 8 pieces $ About 2 1/2 qt olive oil $ 4 (2-inch-thick) pieces salmon fillet with skin (about 6 oz each) $ 2 tablespoons chopped fresh flat-leaf parsley $ a deep-fat thermometer $ ",Poach $ Salmon $ Artichoke $ White Wine $ Gourmet $ California $ ,American $ ,3.5/4,4,Poach $ Salmon $ Artichoke $ White Wine $ Gourmet $ California $ American $ 
https://www.epicurious.com/recipes/food/views/spiced-banana-ice-cream-232821,Spiced Banana Ice Cream ,"2 cups heavy cream $ 1 cup whole milk $ 1/2 cup packed light brown sugar $ 1 (3-inch) cinnamon stick $ 1 whole star anise or 1/2 teaspoon star anise pieces $ 1/2 teaspoon freshly grated nutmeg $ 1/2 teaspoon ground cardamom $ 1/8 teaspoon white pepper $ 1/4 vanilla bean, halved lengthwise $ 1/2 cup coarsely mashed ripe banana (1 medium) $ 6 large egg yolks $ an instant-read thermometer; an ice cream maker $ ",Milk/Cream $ Ice Cream Machine $ Egg $ Freeze/Chill $ Kid-Friendly $ Frozen Dessert $ Banana $ Vanilla $ Anise $ Cinnamon $ Gourmet $ ,American $ ,3.5/4,12,Milk/Cream $ Ice Cream Machine $ Egg $ Freeze/Chill $ Kid-Friendly $ Frozen Dessert $ Banana $ Vanilla $ Anise $ Cinnamon $ Gourmet $ American $ 
https://www.epicurious.com/recipes/food/views/baked-halibut-with-orzo-spinach-and-cherry-tomatoes-232872,"Baked Halibut with Orzo, Spinach, and Cherry Tomatoes ","4 tablespoons extra-virgin olive oil, divided $ 2 tablespoons fresh lemon juice $ 2 6- to 7-ounce halibut fillets $ 1 cup orzo (rice-shaped pasta) $ 1 garlic clove, minced $ 4 cups (packed) baby spinach $ 1 cup halved cherry tomatoes $ ",Fish $ Leafy Green $ Pasta $ Tomato $ Bake $ Quick & Easy $ Halibut $ Spinach $ Healthy $ Bon Appétit $ California $ ,American $ ,3.5/4,70,Fish $ Leafy Green $ Pasta $ Tomato $ Bake $ Quick & Easy $ Halibut $ Spinach $ Healthy $ Bon Appétit $ California $ American $ 
https://www.epicurious.com/recipes/food/views/honey-roasted-pear-salad-with-thyme-verjus-dressing-232870,Honey-Roasted Pear Salad with Thyme Verjus Dressing ,"1/3 cup verjus or 3 tablespoons white grape juice and 2 tablespoons apple cider vinegar $ 1/3 cup grapeseed oil $ 1 large shallot, finely chopped $ 2 teaspoons fresh thyme leaves $ 3 bunches fresh thyme sprigs $ 4 ripe but firm Bartlett pears (about 2 1/2 pounds), halved, cored $ 1/4 cup honey $ 1 head of butter lettuce, coarsely torn $ 4 ounces baby arugula $ 6 ounces blue cheese, sliced or coarsely crumbled $ 1/2 cup hazelnuts, toasted, coarsely chopped $ ",Salad $ Cheese $ Fruit $ Leafy Green $ Appetizer $ Roast $ Blue Cheese $ Pear $ Fall $ Honey $ Thyme $ Bon Appétit $ ,American $ ,4/4,35,Salad $ Cheese $ Fruit $ Leafy Green $ Appetizer $ Roast $ Blue Cheese $ Pear $ Fall $ Honey $ Thyme $ Bon Appétit $ American $ 
https://www.epicurious.com/recipes/food/views/pistachio-crisps-with-mascarpone-cheese-and-grape-compote-232894,Pistachio Crisps with Mascarpone Cheese and Grape Compote ,"2 pounds large red seedless grapes, stemmed, halved $ 1/2 cup sugar $ 5 tablespoons frozen white grape juice concentrate, thawed $ 1/4 teaspoon Chinese five-spice powder $ 1 1/2 8-ounce containers mascarpone cheese* $ 5 tablespoons powdered sugar $ 1/2 large vanilla bean, split lengthwise $ 1/2 cup powdered sugar $ 1/2 cup shelled natural pistachios $ 1 frozen puff pastry sheet (half of 17.3-ounce package), thawed $ Small grape clusters $ Fresh mint sprigs $ ",Cheese $ Fruit $ Nut $ Dessert $ Bake $ Pistachio $ Fall $ Grape $ Bon Appétit $ Vegetarian $ Pescatarian $ Peanut Free $ Soy Free $ Kosher $ ,American $ ,3.5/4,11,Cheese $ Fruit $ Nut $ Dessert $ Bake $ Pistachio $ Fall $ Grape $ Bon Appétit $ Vegetarian $ Pescatarian $ Peanut Free $ Soy Free $ Kosher $ American $ 
https://www.epicurious.com/recipes/food/views/sauteed-duck-breasts-with-wild-mushrooms-232881,Sauteed Duck Breasts with Wild Mushrooms ,"4 8-ounce boneless duck breast halves with skin $ 2 tablespoons olive oil $ 1 1/4 pounds assorted wild mushrooms (such as oyster, portobello with gills scraped out, and stemmed shiitake), sliced (about 9 cups) $ 1 cup thinly sliced shallots $ 1/2 cup dry red wine $ 1 tablespoon chopped fresh parsley $ ",Duck $ Mushroom $ Poultry $ Sauté $ Dinner $ Fall $ Bon Appétit $ Paleo $ Dairy Free $ Wheat/Gluten-Free $ Peanut Free $ Tree Nut Free $ Soy Free $ Kosher $ ,American $ ,3/4,18,Duck $ Mushroom $ Poultry $ Sauté $ Dinner $ Fall $ Bon Appétit $ Paleo $ Dairy Free $ Wheat/Gluten-Free $ Peanut Free $ Tree Nut Free $ Soy Free $ Kosher $ American $ 
https://www.epicurious.com/recipes/food/views/garlicky-broccoli-rabe-232804,Garlicky Broccoli Rabe ,"2 lb broccoli rabe, bottom 2 inches trimmed off $ 8 large garlic cloves, thinly sliced $ 1/3 cup extra-virgin olive oil $ ",Garlic $ Side $ Sauté $ Vegetarian $ Quick & Easy $ Vegan $ Broccoli Rabe $ Boil $ Gourmet $ Sugar Conscious $ Pescatarian $ Paleo $ Dairy Free $ Wheat/Gluten-Free $ Peanut Free $ Tree Nut Free $ Soy Free $ No Sugar Added $ Kosher $ ,American $ ,3/4,4,Garlic $ Side $ Sauté $ Vegetarian $ Quick & Easy $ Vegan $ Broccoli Rabe $ Boil $ Gourmet $ Sugar Conscious $ Pescatarian $ Paleo $ Dairy Free $ Wheat/Gluten-Free $ Peanut Free $ Tree Nut Free $ Soy Free $ No Sugar Added $ Kosher $ American $ 
https://www.epicurious.com/recipes/food/views/herbed-lamb-chops-with-pinot-noir-sauce-232874,Herbed Lamb Chops with Pinot Noir Sauce ,"1 tablespoon vegetable oil $ 3 pounds lamb neck stew meat or lamb riblets $ 1 pound onions, coarsely chopped $ 1 large carrot, chopped $ 4 large garlic cloves, chopped $ 1 tablespoon herbes de Provence $ 4 1/3 cups Pinot Noir or other dry red wine $ 3 cups low-salt chicken broth $ 1 tablespoon butter, room temperature $ 2 teaspoons all-purpose flour $ 1 cup finely chopped fresh Italian parsley $ 1/4 cup finely chopped fresh thyme $ 1/4 cup finely chopped fresh rosemary $ 1/4 cup finely chopped fresh sage $ 1 tablespoon ground black pepper $ 5 tablespoons olive oil, divided $ 3 1 1/2-pound well-trimmed 8-rib racks of lamb, preferably frenched $ ",Herb $ Lamb $ Roast $ Sauté $ Dinner $ Lamb Chop $ Red Wine $ Fall $ Bon Appétit $ Sugar Conscious $ Peanut Free $ Tree Nut Free $ Soy Free $ ,American $ ,4/4,31,Herb $ Lamb $ Roast $ Sauté $ Dinner $ Lamb Chop $ Red Wine $ Fall $ Bon Appétit $ Sugar Conscious $ Peanut Free $ Tree Nut Free $ Soy Free $ American $ 
https://www.epicurious.com/recipes/food/views/oatmeal-wheat-bread-232825,Oatmeal Wheat Bread ,"2 cups whole milk $ 1 cup old-fashioned rolled oats (not quick-cooking) plus additional for topping $ 1/2 cup warm water (105-115°F) $ 2 tablespoons active dry yeast (from 3 packages) $ 1/2 cup mild honey $ 1/2 stick (1/4 cup) unsalted butter, melted and cooled, plus additional for buttering pans $ 3 cups stone-ground whole-wheat flour $ About 2 cups unbleached all-purpose flour $ 1 tablespoon salt $ Vegetable oil for oiling bowl $ 1 large egg, lightly beaten with 1 tablespoon water $ 2 (8- by 4-inch) loaf pans $ ",Bread $ Milk/Cream $ Egg $ Breakfast $ Brunch $ Bake $ Oat $ Honey $ Whole Wheat $ Gourmet $ Vegetarian $ Pescatarian $ Peanut Free $ Tree Nut Free $ Soy Free $ Kosher $ Diabetes-Friendly $ ,American $ ,3.5/4,99,Bread $ Milk/Cream $ Egg $ Breakfast $ Brunch $ Bake $ Oat $ Honey $ Whole Wheat $ Gourmet $ Vegetarian $ Pescatarian $ Peanut Free $ Tree Nut Free $ Soy Free $ Kosher $ Diabetes-Friendly $ American $ 
https://www.epicurious.com/recipes/food/views/old-fashioned-meatballs-in-red-sauce-232794,Old-Fashioned Meatballs in Red Sauce ,"1 pound ground round (15 percent fat) $ 1/2 pound sweet Italian sausage $ 1/3 cup plain dry bread crumbs $ 2 eggs, lightly beaten $ 2 large garlic cloves, minced $ 1/3 cup grated Pecorino Romano cheese $ 1 3/4 cups canned crushed tomatoes in heavy purée $ ",Beef $ Cheese $ Egg $ Pasta $ Tomato $ Bake $ Kid-Friendly $ Sausage $ Gourmet $ ,American $ Italian $ ,3.5/4,38,Beef $ Cheese $ Egg $ Pasta $ Tomato $ Bake $ Kid-Friendly $ Sausage $ Gourmet $ American $ Italian $ 
https://www.epicurious.com/recipes/food/views/citrus-tart-232823,Citrus Tart ,"1 large egg, separated $ 1 tablespoon milk $ 1 1/4 cups plus 2 tablespoons all-purpose flour $ 4 teaspoons sugar $ 1/8 teaspoon salt $ 1 stick (1/2 cup) cold unsalted butter, cut into 1/2-inch cubes $ 4 large eggs $ 1 1/2 cups sugar $ 2 teaspoons finely grated (with a rasp) fresh orange zest $ 1 1/2 teaspoons finely grated (with a rasp) fresh lemon zest $ 1/2 cup fresh orange juice $ 1/2 cup fresh lemon juice $ 1/4 cup heavy cream $ a 9 1/2-inch round fluted tart pan with removable bottom; pie weights or raw rice $ ",Fruit Juice $ Milk/Cream $ Egg $ Dessert $ Bake $ Lemon $ Gourmet $ Kidney Friendly $ Vegetarian $ Pescatarian $ Peanut Free $ Tree Nut Free $ Soy Free $ Kosher $ ,American $ ,3.5/4,17,Fruit Juice $ Milk/Cream $ Egg $ Dessert $ Bake $ Lemon $ Gourmet $ Kidney Friendly $ Vegetarian $ Pescatarian $ Peanut Free $ Tree Nut Free $ Soy Free $ Kosher $ American $ 
https://www.epicurious.com/recipes/food/views/walnut-torte-with-coffee-whipped-cream-232895,Walnut Torte with Coffee Whipped Cream ,"1 cup plus 6 tablespoons walnuts (about 5 ounces) $ 4 large eggs, separated $ 1/2 cup sugar $ 1 cup chilled heavy whipping cream $ 3 tablespoons powdered sugar $ 1 teaspoon instant coffee crystals dissolved in 2 teaspoons heavy whipping cream $ 3/4 teaspoon vanilla extract $ Walnut halves $ ",Coffee $ Nut $ Dessert $ Bake $ Walnut $ Fall $ Party $ Bon Appétit $ Kidney Friendly $ Vegetarian $ Pescatarian $ Wheat/Gluten-Free $ Peanut Free $ Soy Free $ Kosher $ ,American $ ,4/4,31,Coffee $ Nut $ Dessert $ Bake $ Walnut $ Fall $ Party $ Bon Appétit $ Kidney Friendly $ Vegetarian $ Pescatarian $ Wheat/Gluten-Free $ Peanut Free $ Soy Free $ Kosher $ American $ 
https://www.epicurious.com/recipes/food/views/mahimahi-with-brown-sugar-soy-glaze-232793,Mahimahi with Brown-Sugar Soy Glaze ,6 scallions $ 3 tablespoons packed brown sugar $ 2 1/2 tablespoons soy sauce $ 3 tablespoons fresh lemon juice $ 4 (6-oz) pieces skinless mahimahi fillet $ 1/2 teaspoon salt $ 1 1/2 tablespoons vegetable oil $ ,Fish $ Sauté $ Quick & Easy $ Soy Sauce $ Gourmet $ ,American $ ,4/4,15,Fish $ Sauté $ Quick & Easy $ Soy Sauce $ Gourmet $ American $ 
https://www.epicurious.com/recipes/food/views/slow-braised-pork-with-black-grapes-and-balsamic-232876,Slow-Braised Pork with Black Grapes and Balsamic ,"1 3 1/4-pound boneless pork shoulder (Boston butt), trimmed, cut into 3 equal pieces $ 4 tablespoons extra-virgin olive oil, divided $ 8 large shallots, halved, cut into 1/4-inch-thick slices (about 3 cups) $ 3 cups seedless black grapes (about 1 pound) $ 2 tablespoons sugar $ 1/2 cup balsamic vinegar $ 2 cups low-salt chicken broth $ 2 large fresh sage sprigs $ 4 large fresh thyme sprigs $ 2 large fresh rosemary sprigs $ ",Fruit $ Pork $ Braise $ Dinner $ Vinegar $ Fall $ Grape $ Bon Appétit $ Dairy Free $ Wheat/Gluten-Free $ Peanut Free $ Tree Nut Free $ Soy Free $ ,American $ ,3.5/4,62,Fruit $ Pork $ Braise $ Dinner $ Vinegar $ Fall $ Grape $ Bon Appétit $ Dairy Free $ Wheat/Gluten-Free $ Peanut Free $ Tree Nut Free $ Soy Free $ American $ 
https://www.epicurious.com/recipes/food/views/butternut-squash-with-shallots-and-sage-232812,Butternut Squash with Shallots and Sage ,"2 tablespoons olive oil $ 3 shallots, halved lengthwise, then cut crosswise into 1/4-inch-thick slices (3/4 cup) $ 1 (1 3/4-lb) butternut squash, peeled, halved lengthwise, seeded, and cut into 1/2-inch cubes (4 cups) $ 1/2 cup reduced-sodium chicken broth or water $ 1 tablespoon packed brown sugar $ 1/2 teaspoon finely chopped fresh sage $ 1/2 teaspoon salt $ 1 teaspoon balsamic vinegar $ 1/4 teaspoon black pepper $ ",Side $ Sauté $ Vegetarian $ Quick & Easy $ Butternut Squash $ Fall $ Vegan $ Sage $ Shallot $ Gourmet $ Dairy Free $ Wheat/Gluten-Free $ Peanut Free $ Tree Nut Free $ Soy Free $ Kosher $ ,American $ ,3.5/4,86,Side $ Sauté $ Vegetarian $ Quick & Easy $ Butternut Squash $ Fall $ Vegan $ Sage $ Shallot $ Gourmet $ Dairy Free $ Wheat/Gluten-Free $ Peanut Free $ Tree Nut Free $ Soy Free $ Kosher $ American $ 
https://www.epicurious.com/recipes/food/views/spirited-brown-sugar-pecan-pie-232901,Spirited Brown Sugar Pecan Pie ,"1 refrigerated pie crust (half of 15-ounce package), room temperature $ 2 cups (packed) dark brown sugar $ 4 large eggs $ 1/4 cup (1/2 stick) unsalted butter, melted $ 1 tablespoon Scotch whisky $ 2 teaspoons vanilla extract $ 1/4 teaspoon ground cinnamon $ 2 cups pecan halves $ Whipped cream $ ",Nut $ Dessert $ Bake $ Thanksgiving $ Pecan $ Fall $ Bon Appétit $ New Jersey $ Kidney Friendly $ Peanut Free $ Soy Free $ ,American $ ,3.5/4,37,Nut $ Dessert $ Bake $ Thanksgiving $ Pecan $ Fall $ Bon Appétit $ New Jersey $ Kidney Friendly $ Peanut Free $ Soy Free $ American $ 
https://www.epicurious.com/recipes/food/views/venison-daube-with-cumin-and-coriander-232877,Venison Daube with Cumin and Coriander ,"4 bacon slices, chopped $ 1 2 1/4- to 2 1/2-pound venison roast (bottom end of loin, or New York strip) or beef chuck roast, cut into 1 1/2-inch cubes $ 3 tablespoons all-purpose flour $ 1 tablespoon olive oil $ 1 large red onion, chopped $ 3 garlic cloves, pressed $ 1 tablespoon ground coriander $ 2 teaspoons ground cumin $ 1/2 teaspoon ground black pepper $ 1 1/2 cups low-salt chicken broth $ 1/2 cup dry red wine $ Chopped fresh cilantro leaves $ ",Game $ Herb $ Sauté $ Dinner $ Venison $ Fall $ Coriander $ Bon Appétit $ New York $ Sugar Conscious $ Kidney Friendly $ Dairy Free $ Peanut Free $ Tree Nut Free $ Soy Free $ ,American $ ,3.5/4,27,Game $ Herb $ Sauté $ Dinner $ Venison $ Fall $ Coriander $ Bon Appétit $ New York $ Sugar Conscious $ Kidney Friendly $ Dairy Free $ Peanut Free $ Tree Nut Free $ Soy Free $ American $ 
https://www.epicurious.com/recipes/food/views/pear-apple-and-quince-crostata-232818,"Pear, Apple, and Quince Crostata ","2 firm-ripe pears (1 lb total) $ 2 apples (preferably Fuji or Gala; 1 lb total) $ 1 quince (1/2 lb) $ 1/2 cup sugar $ 3 tablespoons fresh lemon juice $ 1 tablespoon finely chopped peeled fresh ginger $ 1 (3-inch) cinnamon stick $ 4 whole cloves $ 2 tablespoons apple cider $ 2 cups all-purpose flour $ 1 teaspoon kosher salt $ 3 tablespoons sugar $ 2 sticks (1 cup) cold unsalted butter, cut into 1/2-inch cubes $ 6 to 8 tablespoons ice water $ 1 large egg, lightly beaten $ 1 stick (1/2 cup) unsalted butter, softened $ 1/2 cup packed light brown sugar $ 1/2 cup confectioners sugar $ 2 large eggs $ 1 teaspoon vanilla $ 1/4 cup all-purpose flour $ a pastry or bench scraper; an 11-inch round fluted tart pan (1 1/4 inches deep) with removable bottom $ ",Dessert $ Bake $ Apple $ Pear $ Quince $ Fall $ Cinnamon $ Clove $ Gourmet $ Vegetarian $ Pescatarian $ Peanut Free $ Tree Nut Free $ Soy Free $ Kosher $ ,American $ ,4/4,19,Dessert $ Bake $ Apple $ Pear $ Quince $ Fall $ Cinnamon $ Clove $ Gourmet $ Vegetarian $ Pescatarian $ Peanut Free $ Tree Nut Free $ Soy Free $ Kosher $ American $ 
https://www.epicurious.com/recipes/food/views/spinach-and-leek-gratin-with-roquefort-crumb-topping-232888,Spinach and Leek Gratin with Roquefort Crumb Topping ,"5 tablespoons butter, divided $ 3 1/2 tablespoons horseradish Dijon mustard, divided $ 2 1/3 cups fresh breadcrumbs from crustless French bread $ 1 cup crumbled Roquefort cheese (generous 4 ounces) $ 3 9-ounce bags spinach leaves $ 1 8-ounce leek, halved lengthwise, thinly sliced crosswise (about 3 cups) $ 3/4 cup heavy whipping cream $ ",Cheese $ Vegetable $ Side $ Bake $ Vegetarian $ Quick & Easy $ Casserole/Gratin $ Blue Cheese $ Leek $ Spinach $ Fall $ Bon Appétit $ Sugar Conscious $ Pescatarian $ Peanut Free $ Tree Nut Free $ Soy Free $ Kosher $ ,American $ ,3.5/4,31,Cheese $ Vegetable $ Side $ Bake $ Vegetarian $ Quick & Easy $ Casserole/Gratin $ Blue Cheese $ Leek $ Spinach $ Fall $ Bon Appétit $ Sugar Conscious $ Pescatarian $ Peanut Free $ Tree Nut Free $ Soy Free $ Kosher $ American $ 
https://www.epicurious.com/recipes/food/views/grilled-halibut-with-lima-bean-and-roasted-tomato-sauce-232791,Grilled Halibut with Lima Bean and Roasted Tomato Sauce ,"4 large tomatoes (preferably heirloom; 2 lb total) $ 3 garlic cloves, cut lengthwise into slivers $ 1 teaspoon salt $ 1/2 teaspoon black pepper $ 2 tablespoons olive oil $ 2 lb fresh lima or fava beans in pod, shelled, or 10 oz frozen baby lima beans or shelled edamame (soybeans; 2 cups), not thawed $ 1/2 cup chopped fresh basil $ 1 to 2 tablespoons fresh lemon juice $ 6 (6-oz) pieces halibut fillet (1 1/4 to 1 1/2 inches thick) $ ",Bean $ Garlic $ Tomato $ Low Cal $ Basil $ Halibut $ Grill/Barbecue $ Healthy $ Gourmet $ ,American $ ,3.5/4,23,Bean $ Garlic $ Tomato $ Low Cal $ Basil $ Halibut $ Grill/Barbecue $ Healthy $ Gourmet $ American $ 
https://www.epicurious.com/recipes/food/views/bay-scallops-and-applewood-bacon-with-port-reduction-232834,Bay Scallops and Applewood Bacon with Port Reduction ,"2 cups Ruby Port (500 ml) $ 1/2 cup superfine granulated sugar $ 1 1/2 teaspoons whole black peppercorns $ 2 fresh mint leaves, torn into bits $ 6 thin crosswise slices applewood-smoked bacon (1/4 lb), cut into thirds $ 18 bay scallops (preferably Nantucket; 1/3 lb), tough muscle from side of each discarded if attached $ 1 tablespoon extra-virgin olive oil $ 1 tablespoon unsalted butter $ wooden picks $ ",Sauté $ Quick & Easy $ Mint $ Bacon $ Scallop $ Port $ Gourmet $ New York $ ,American $ ,3.5/4,23,Sauté $ Quick & Easy $ Mint $ Bacon $ Scallop $ Port $ Gourmet $ New York $ American $ 
https://www.epicurious.com/recipes/food/views/chocolate-custard-tartlets-in-almond-cookie-crust-with-saffron-ice-cream-232861,Chocolate Custard Tartlets in Almond Cookie Crust with Saffron Ice Cream ,"3 tablespoons whipping cream $ 1/4 teaspoon crushed saffron threads $ 1 1/2 pints vanilla ice cream, slightly softened $ 1 1/3 cups whole milk $ 5 ounces bittersweet or semisweet chocolate, chopped $ 6 tablespoons sugar $ 2 tablespoons plus 2 teaspoons cornstarch $ 3 large egg yolks $ 1 tablespoon unsalted butter $ 3/4 teaspoon vanilla extract $ 1 1/4 cups all-purpose flour $ 1/2 cup blanched slivered almonds $ 2 1/2 tablespoons sugar $ 1/2 teaspoon (generous) baking powder $ 1/2 cup (1 stick) chilled unsalted butter, cut into 1/2-inch cubes $ 2 tablespoons whipping cream $ 1 large egg yolk $ Fresh mint sprigs $ ",Chocolate $ Dairy $ Nut $ Dessert $ Bake $ Almond $ Saffron $ Bon Appétit $ Vegetarian $ Pescatarian $ Peanut Free $ Soy Free $ Kosher $ ,American $ ,2.5/4,9,Chocolate $ Dairy $ Nut $ Dessert $ Bake $ Almond $ Saffron $ Bon Appétit $ Vegetarian $ Pescatarian $ Peanut Free $ Soy Free $ Kosher $ American $ 
https://www.epicurious.com/recipes/food/views/baked-apples-stuffed-with-honey-almonds-and-ginger-232891,"Baked Apples Stuffed with Honey, Almonds, and Ginger ","3/4 cup almonds, toasted, chopped $ 1/4 cup (packed) golden brown sugar $ 2 tablespoons honey $ 1 1/2 teaspoons finely grated lemon peel $ 1 1/4 teaspoons ground ginger $ 1/2 cup whipping cream $ 4 large (8- to 9-ounce) Fuji apples $ 1/4 cup apple juice (preferably unfiltered fresh) $ Greek yogurt $ ",Fruit $ Ginger $ Dessert $ Bake $ Quick & Easy $ Yogurt $ High Fiber $ Apple $ Almond $ Fall $ Honey $ Bon Appétit $ Kidney Friendly $ Vegetarian $ Pescatarian $ Wheat/Gluten-Free $ Peanut Free $ Soy Free $ Kosher $ ,American $ ,2.5/4,7,Fruit $ Ginger $ Dessert $ Bake $ Quick & Easy $ Yogurt $ High Fiber $ Apple $ Almond $ Fall $ Honey $ Bon Appétit $ Kidney Friendly $ Vegetarian $ Pescatarian $ Wheat/Gluten-Free $ Peanut Free $ Soy Free $ Kosher $ American $ 
https://www.epicurious.com/recipes/food/views/orange-ice-cream-232898,Orange Ice Cream ,4 large egg yolks $ 1/3 cup sugar $ 2 cups half and half $ 2 teaspoons (packed) finely grated orange peel $ ,Ice Cream Machine $ Citrus $ Dairy $ Dessert $ Freeze/Chill $ Frozen Dessert $ Orange $ Bon Appétit $ Kidney Friendly $ Vegetarian $ Pescatarian $ Wheat/Gluten-Free $ Peanut Free $ Tree Nut Free $ Soy Free $ Kosher $ ,American $ ,0/4,0,Ice Cream Machine $ Citrus $ Dairy $ Dessert $ Freeze/Chill $ Frozen Dessert $ Orange $ Bon Appétit $ Kidney Friendly $ Vegetarian $ Pescatarian $ Wheat/Gluten-Free $ Peanut Free $ Tree Nut Free $ Soy Free $ Kosher $ American $ 
https://www.epicurious.com/recipes/food/views/braised-veal-shanks-232803,Braised Veal Shanks ,"8 (12- to 14-oz) meaty cross-cut veal shanks (also known as ossobuco; each about 13/4 inches thick) $ 3/4 cup all-purpose flour $ 3 1/2 teaspoons salt $ 1 1/4 teaspoons black pepper $ 6 tablespoons extra-virgin olive oil $ 1 large onion, chopped (2 cups) $ 4 large garlic cloves, finely chopped $ 5 anchovy fillets, rinsed, patted dry, and finely chopped $ 2 Turkish bay leaves or 1 California $ 1 cup dry white wine $ 1 (28-oz) can whole tomatoes in juice, pulsed (including juice) in food processor until chopped $ 1 cup water $ 2 (4- by 1-inch) strips fresh lemon zest $ 2 (4- by 1-inch) strips fresh orange zest $ 1/4 cup finely chopped fresh flat-leaf parsley $ 1 teaspoon finely grated fresh lemon zest $ 1 teaspoon finely grated fresh orange zest $ 1 large garlic clove, minced $ ",Fish $ Garlic $ Tomato $ Braise $ Veal $ White Wine $ Winter $ Gourmet $ ,American $ Italian $ ,4/4,13,Fish $ Garlic $ Tomato $ Braise $ Veal $ White Wine $ Winter $ Gourmet $ American $ Italian $ 
https://www.epicurious.com/recipes/food/views/rigatoni-with-red-peppers-wild-mushrooms-and-fontina-232882,"Rigatoni with Red Peppers, Wild Mushrooms, and Fontina ","2 tablespoons olive oil $ 2 large red onions, halved lengthwise, cut crosswise into 1/3-inch-thick slices (about 6 cups) $ 1 pound assorted wild mushrooms (such as small portobello, oyster, chanterelle, and stemmed shiitake), cut into 1/3-inch-thick slices (about 10 cups) $ 2 large red bell peppers, cut lengthwise into 1/3-inch-thick strips (about 4 cups) $ 1 pound rigatoni $ 3 teaspoons marjoram, divided $ 1 1/2 cups grated Fontina cheese (about 6 ounces), divided $ ",Mushroom $ Pasta $ Pepper $ Sauté $ Vegetarian $ Quick & Easy $ Bell Pepper $ Fall $ Fontina $ Bon Appétit $ ,American $ Italian $ ,2/4,24,Mushroom $ Pasta $ Pepper $ Sauté $ Vegetarian $ Quick & Easy $ Bell Pepper $ Fall $ Fontina $ Bon Appétit $ American $ Italian $ 
https://www.epicurious.com/recipes/food/views/curried-okra-with-chickpeas-and-tomatoes-232795,Curried Okra with Chickpeas and Tomatoes ,"1 1/4 lb small fresh okra, left untrimmed, or 2 (10-oz) packages frozen whole okra (not thawed) $ 1 1/2 tablespoons vegetable oil $ 1 medium onion, chopped $ 2 garlic cloves, finely chopped $ 4 teaspoons finely chopped peeled fresh ginger $ 2 teaspoons curry powder $ 1 (14- to 15-oz) can whole tomatoes in juice, tomatoes chopped, reserving juice $ 1 (19-oz) can chickpeas, drained and rinsed (2 cups) $ 2/3 cup water $ 3/4 teaspoon salt $ 1/4 teaspoon black pepper $ Accompaniment: cinnamon-spiced rice or basmati rice $ ",Ginger $ Tomato $ Side $ Sauté $ Vegetarian $ Quick & Easy $ Low Cal $ High Fiber $ Curry $ Chickpea $ Vegan $ Okra $ Gourmet $ Pescatarian $ Dairy Free $ Wheat/Gluten-Free $ Peanut Free $ Tree Nut Free $ Soy Free $ No Sugar Added $ Kosher $ ,American $ Indian $ ,3/4,37,Ginger $ Tomato $ Side $ Sauté $ Vegetarian $ Quick & Easy $ Low Cal $ High Fiber $ Curry $ Chickpea $ Vegan $ Okra $ Gourmet $ Pescatarian $ Dairy Free $ Wheat/Gluten-Free $ Peanut Free $ Tree Nut Free $ Soy Free $ No Sugar Added $ Kosher $ American $ Indian $ 
https://www.epicurious.com/recipes/food/views/dulce-de-leche-ice-cream-with-honey-orange-roasted-figs-232897,Dulce de Leche Ice Cream with Honey-Orange Roasted Figs ,3/4 cup orange juice $ 2 1/2 tablespoons honey $ ,Dairy $ Fruit $ Dessert $ Roast $ Quick & Easy $ Orange $ Fig $ Fall $ Honey $ Bon Appétit $ Fat Free $ Kidney Friendly $ Vegetarian $ Pescatarian $ Paleo $ Dairy Free $ Wheat/Gluten-Free $ Peanut Free $ Tree Nut Free $ Soy Free $ Kosher $ ,American $ ,3.5/4,7,Dairy $ Fruit $ Dessert $ Roast $ Quick & Easy $ Orange $ Fig $ Fall $ Honey $ Bon Appétit $ Fat Free $ Kidney Friendly $ Vegetarian $ Pescatarian $ Paleo $ Dairy Free $ Wheat/Gluten-Free $ Peanut Free $ Tree Nut Free $ Soy Free $ Kosher $ American $ 
https://www.epicurious.com/recipes/food/views/barley-soup-with-duck-confit-and-root-vegetables-232784,Barley Soup with Duck Confit and Root Vegetables ,"1/2 cup pearl barley $ 7 cups water $ 2 confit duck legs* $ 2 medium carrots, peeled, quartered lengthwise, then cut crosswise into 1/4-inch-thick pieces (1 cup) $ 2 medium parsnips, peeled, quartered lengthwise, then cut crosswise into 1/4-inch-thick pieces (1 3/4 cups) $ 1 garlic clove, finely chopped $ 3 cups reduced-sodium chicken broth (24 fl oz) $ 3/4 teaspoon salt $ 1/4 teaspoon black pepper $ 1 teaspoon chopped fresh thyme $ ",Soup/Stew $ Duck $ Sauté $ High Fiber $ Barley $ Carrot $ Parsnip $ Fall $ Winter $ Gourmet $ ,American $ ,3/4,6,Soup/Stew $ Duck $ Sauté $ High Fiber $ Barley $ Carrot $ Parsnip $ Fall $ Winter $ Gourmet $ American $ 
https://www.epicurious.com/recipes/food/views/apple-raisin-crumble-with-orange-ice-cream-232890,Apple-Raisin Crumble with Orange Ice Cream ,"14 tablespoons (1 3/4 sticks) unsalted butter, room temperature $ 6 tablespoons plus 5 tablespoons (packed) golden brown sugar $ 1 1/3 cups all-purpose flour $ 1/2 cup cornstarch $ 1/4 teaspoon ground cloves $ 1/8 teaspoon salt $ 2 pounds medium-size Golden Delicious apples (about 5), peeled, cored, cut into 1/4-inch-thick slices $ 3/4 cup raisins $ 2 tablespoons orange juice $ Orange Ice Cream $ ",Fruit $ Nut $ Dessert $ Bake $ Orange $ Raisin $ Apple $ Fall $ Bon Appétit $ Vegetarian $ Pescatarian $ Peanut Free $ Tree Nut Free $ Soy Free $ Kosher $ ,American $ ,3.5/4,4,Fruit $ Nut $ Dessert $ Bake $ Orange $ Raisin $ Apple $ Fall $ Bon Appétit $ Vegetarian $ Pescatarian $ Peanut Free $ Tree Nut Free $ Soy Free $ Kosher $ American $ 
https://www.epicurious.com/recipes/food/views/wild-mushrooms-haricot-vert-and-shallot-saute-232889,"Wild Mushrooms, Haricot Vert, and Shallot Sauté ","5 tablespoons butter, divided $ 4 large shallots, halved, thinly sliced $ 1 teaspoon chopped fresh thyme $ 1 1/4 pounds fresh wild mushrooms (such as chanterelles, stemmed shiitake, and oyster), trimmed, thickly sliced $ 1/2 pound button mushrooms, thickly sliced $ 1/3 cup Madeira $ 3/4 pound haricots verts or small slender green beans, trimmed $ 3 tablespoons (about) low-salt chicken broth (optional) $ ",Mushroom $ Vegetable $ Side $ Sauté $ Vegetarian $ Green Bean $ Fall $ Shallot $ Bon Appétit $ Wheat/Gluten-Free $ Peanut Free $ Tree Nut Free $ Soy Free $ ,American $ ,3.5/4,13,Mushroom $ Vegetable $ Side $ Sauté $ Vegetarian $ Green Bean $ Fall $ Shallot $ Bon Appétit $ Wheat/Gluten-Free $ Peanut Free $ Tree Nut Free $ Soy Free $ American $ 
https://www.epicurious.com/recipes/food/views/herb-crusted-salmon-on-greens-232869,Herb-Crusted Salmon on Greens ,"2 tablespoons fresh lime juice $ 1 teaspoon finely grated peeled fresh ginger $ 2 teaspoons Dijon mustard $ 6 tablespoons vegetable oil, divided $ 2 6- to 7-ounce skinless salmon fillets $ 2 1/2 tablespoons finely chopped fresh dill, divided $ 2 1/2 tablespoons finely chopped fresh basil, divided $ 1 5-ounce bag mixed baby greens $ ",Citrus $ Fish $ Ginger $ Appetizer $ Sauté $ Quick & Easy $ Low Cal $ Basil $ Rosemary $ Salmon $ Healthy $ Bon Appétit $ California $ Sugar Conscious $ Pescatarian $ Dairy Free $ Wheat/Gluten-Free $ Peanut Free $ Tree Nut Free $ Soy Free $ No Sugar Added $ ,American $ ,3/4,13,Citrus $ Fish $ Ginger $ Appetizer $ Sauté $ Quick & Easy $ Low Cal $ Basil $ Rosemary $ Salmon $ Healthy $ Bon Appétit $ California $ Sugar Conscious $ Pescatarian $ Dairy Free $ Wheat/Gluten-Free $ Peanut Free $ Tree Nut Free $ Soy Free $ No Sugar Added $ American $ 
https://www.epicurious.com/recipes/food/views/butter-rum-caramels-232817,Butter Rum Caramels ,Vegetable oil for greasing $ 2 cups packed light brown sugar (14 oz) $ 1 cup heavy cream $ 1/2 stick (1/4 cup) unsalted butter $ 1/4 teaspoon salt $ 1/4 cup plus 1 teaspoon dark rum $ 1/4 teaspoon vanilla $ parchment paper; a candy or deep-fat thermometer $ ,Candy $ Milk/Cream $ Rum $ Dessert $ Kid-Friendly $ Quick & Easy $ Vanilla $ Gourmet $ Kidney Friendly $ Vegetarian $ Pescatarian $ Wheat/Gluten-Free $ Peanut Free $ Tree Nut Free $ Soy Free $ Kosher $ ,American $ ,2.5/4,19,Candy $ Milk/Cream $ Rum $ Dessert $ Kid-Friendly $ Quick & Easy $ Vanilla $ Gourmet $ Kidney Friendly $ Vegetarian $ Pescatarian $ Wheat/Gluten-Free $ Peanut Free $ Tree Nut Free $ Soy Free $ Kosher $ American $ 
https://www.epicurious.com/recipes/food/views/double-corn-fritters-with-dungeness-crab-creme-fraiche-232862,Double-Corn Fritters With Dungeness Crab Crème Fraîche ,"2/3 cup yellow cornmeal $ 3 tablespoons all-purpose flour $ 1 teaspoon sugar $ 1/8 teaspoon baking soda $ 1/8 teaspoon salt $ 1/2 cup buttermilk $ 1 large egg $ 2/3 cup fresh corn kernels $ 1/2 cup diced red onion $ 1/2 cup diced red bell pepper $ Corn oil (for frying) $ 6 ounces Dungeness crabmeat, picked over, patted dry, flaked $ 1/2 cup crème fraîche or sour cream $ 1/4 cup finely chopped fresh chives plus additional chives for garnish $ 1/4 teaspoon ground white pepper $ Pinch of cayenne pepper $ ",Shellfish $ Dinner $ Crab $ Corn $ Bon Appétit $ Sugar Conscious $ Kidney Friendly $ Pescatarian $ Peanut Free $ Tree Nut Free $ Soy Free $ ,American $ ,3/4,17,Shellfish $ Dinner $ Crab $ Corn $ Bon Appétit $ Sugar Conscious $ Kidney Friendly $ Pescatarian $ Peanut Free $ Tree Nut Free $ Soy Free $ American $ 
https://www.epicurious.com/recipes/food/views/parmesan-stuffed-dates-wrapped-in-bacon-232778,Parmesan-Stuffed Dates Wrapped in Bacon ,"18 (1- by 1/4-inch) sticks Parmigiano-Reggiano (from a 1/2-lb piece) $ 18 pitted dates (preferably Medjool) $ 6 bacon slices, cut crosswise into thirds $ 18 wooden picks $ ",Bake $ Quick & Easy $ Parmesan $ Date $ Bacon $ Gourmet $ ,American $ ,3.5/4,97,Bake $ Quick & Easy $ Parmesan $ Date $ Bacon $ Gourmet $ American $ 
https://www.epicurious.com/recipes/food/views/roast-chicken-dinner-232787,Roast Chicken Dinner ,"1 (3- to 3 1/2-lb) chicken, quartered (see cooks' note, below) and wing tips discarded $ 2 tablespoons olive oil $ 2 1/4 teaspoons salt $ 1 3/4 teaspoons black pepper $ 1 lb boiling potatoes, cut into 1-inch wedges $ 2 zucchini (1 lb total), quartered lengthwise, then cut crosswise into 2 1/2- to 3-inch lengths $ 1 medium onion, halved lengthwise, then cut crosswise into 1/4-inch-thick slices $ 1/2 cup reduced-sodium chicken broth $ 1 tablespoon fresh lemon juice $ Garnish: lemon wedges $ a large roasting pan (17 by 12 inches) $ ",Chicken $ Onion $ Potato $ Roast $ Quick & Easy $ Zucchini $ Fall $ Winter $ Gourmet $ ,American $ ,3/4,44,Chicken $ Onion $ Potato $ Roast $ Quick & Easy $ Zucchini $ Fall $ Winter $ Gourmet $ American $ 
https://www.epicurious.com/recipes/food/views/baked-beans-with-bacon-and-brown-sugar-232811,Baked Beans with Bacon and Brown Sugar ,"1 (14- to 15-ounce) can crushed tomatoes in thick purée $ 1/4 cup packed dark brown sugar $ 1 1/2 tablespoons Dijon mustard $ 1/2 teaspoon salt $ 2 (19-ounce) cans small white beans, rinsed and drained (4 cups) $ 1 medium onion, cut crosswise into 1/4-inch-thick slices $ 6 bacon slices (1/4 pound) $ ",Bean $ Mustard $ Onion $ Tomato $ Side $ Bake $ Quick & Easy $ Bacon $ Gourmet $ Dairy Free $ Wheat/Gluten-Free $ Peanut Free $ Tree Nut Free $ Soy Free $ ,American $ ,3/4,7,Bean $ Mustard $ Onion $ Tomato $ Side $ Bake $ Quick & Easy $ Bacon $ Gourmet $ Dairy Free $ Wheat/Gluten-Free $ Peanut Free $ Tree Nut Free $ Soy Free $ American $ 
https://www.epicurious.com/recipes/food/views/serrano-ham-wrapped-yellowfin-tuna-with-romesco-sauce-232833,Serrano-Ham-Wrapped Yellowfin Tuna with Romesco Sauce ,"4 dried New Mexico chiles $ 2 cups boiling-hot water $ 1 large red onion, halved and thinly sliced $ 3 garlic cloves, peeled $ 1 tablespoon olive oil $ 1/3 cup almonds with skins (raw; about 2 oz) $ 1 cup bread cubes (1/2 inch) from a 10-inch Italian or French loaf $ 4 bottled piquillo peppers $ 1 teaspoon paprika $ 1/4 cup red-wine or Sherry vinegar $ 1/2 cup extra-virgin olive oil $ 1/8 teaspoon salt $ 8 (1-inch-thick) rectangular pieces center-cut sushi-grade yellowfin tuna (1/4 lb) $ 1/4 teaspoon salt $ 1/4 teaspoon black pepper $ 8 very thin slices serrano ham (about 1/4 lb) $ 1 tablespoon olive oil $ ",Sauté $ Quick & Easy $ Almond $ Tuna $ Hot Pepper $ Prosciutto $ Gourmet $ New Orleans $ Louisiana $ ,American $ ,4/4,2,Sauté $ Quick & Easy $ Almond $ Tuna $ Hot Pepper $ Prosciutto $ Gourmet $ New Orleans $ Louisiana $ American $ 
https://www.epicurious.com/recipes/food/views/apple-pie-with-whisky-soaked-cherries-232899,Apple Pie with Whisky-Soaked Cherries ,"2 cups all-purpose flour $ 3/4 cup powdered sugar $ 1 1/2 teaspoons baking powder $ 1/2 teaspoon salt $ 3/4 cup (1 1/2 sticks) chilled unsalted butter, cut into 1/2-inch cubes $ 1/4 cup (or more) ice water $ 1 cup dried tart cherries $ 2 tablespoons Scotch whisky $ 3 to 3 1/2 pounds medium-size Golden Delicious apples (about 8), peeled, halved, cored, thinly sliced $ 1/2 cup (packed) golden brown sugar $ 2 teaspoons ground cinnamon $ 1 tablespoon whipping cream beaten with 1 tablespoon sugar (for glaze) $ Heavy cream or vanilla ice cream $ ",Berry $ Fruit $ Dessert $ Bake $ Apple $ Cherry $ Whiskey $ Fall $ Bon Appétit $ Vegetarian $ Pescatarian $ Peanut Free $ Tree Nut Free $ Soy Free $ Kosher $ ,American $ ,3.5/4,12,Berry $ Fruit $ Dessert $ Bake $ Apple $ Cherry $ Whiskey $ Fall $ Bon Appétit $ Vegetarian $ Pescatarian $ Peanut Free $ Tree Nut Free $ Soy Free $ Kosher $ American $ 
https://www.epicurious.com/recipes/food/views/blue-cheese-souffles-with-grape-syrup-on-fig-and-walnut-brioche-232822,Blue Cheese Souffles with Grape Syrup on Fig and Walnut Brioche ,"2 tablespoons warm water (105-115°F) $ 1 1/2 teaspoons active dry yeast (from a 1/4-oz package) $ 3 tablespoons sugar $ 2 cups plus 2 tablespoons all-purpose flour $ 1 1/2 teaspoons salt $ 3 large eggs $ 2 sticks (1 cup) unsalted butter, softened $ 1/2 lb dried Mission figs, stems discarded and figs chopped (1 1/2 cups) $ 1/2 cup walnuts (2 oz), chopped $ 2 cups white grape juice $ 1 cup dry fruity white wine such as Riesling $ 2 tablespoons unsalted butter, plus 1 tablespoon melted $ 3 tablespoons finely chopped walnuts $ 1/2 cup whole milk $ 2 tablespoons all-purpose flour $ 2 large eggs, separated $ 1/4 lb Maytag Blue cheese, crumbled (1 cup) $ a stand mixer fitted with paddle attachment; a 9- by 5- by 3-inch loaf pan; 6 (2-oz) heatproof baba au rhum molds or metal condiment cups $ ",Fruit Juice $ Milk/Cream $ Egg $ Dessert $ Bake $ Blue Cheese $ Fig $ Walnut $ White Wine $ Fall $ Grape $ Pastry $ Gourmet $ Vegetarian $ Pescatarian $ Peanut Free $ Soy Free $ Kosher $ ,American $ French $ ,2/4,0,Fruit Juice $ Milk/Cream $ Egg $ Dessert $ Bake $ Blue Cheese $ Fig $ Walnut $ White Wine $ Fall $ Grape $ Pastry $ Gourmet $ Vegetarian $ Pescatarian $ Peanut Free $ Soy Free $ Kosher $ American $ French $ 
https://www.epicurious.com/recipes/food/views/roasted-sausages-apples-and-cabbage-with-caraway-232875,"Roasted Sausages, Apples, and Cabbage with Caraway ","3 tablespoons olive oil $ 1 tablespoon chopped fresh thyme $ 1/2 teaspoon caraway seeds $ 4 1-inch-thick wedges red onion $ 2 1-inch-thick wedges red cabbage $ 2 small apples (such as Pink Lady or Granny Smith), quartered, cored $ 1 1/2 teaspoons balsamic vinegar, divided $ 3 assorted fully cooked smoked sausages $ ",Fruit $ Pork $ Vegetable $ Roast $ Apple $ Sausage $ Fall $ Cabbage $ Caraway $ Bon Appétit $ ,American $ ,2.5/4,19,Fruit $ Pork $ Vegetable $ Roast $ Apple $ Sausage $ Fall $ Cabbage $ Caraway $ Bon Appétit $ American $ 
https://www.epicurious.com/recipes/food/views/roasted-butternut-squash-red-grapes-and-sage-232887,"Roasted Butternut Squash, Red Grapes, and Sage ","1 2 1/4-pound butternut squash, peeled, seeded, cut into 1 1/2-inch pieces $ 1 1/2 cups seedless red grapes (about 8 ounces) $ 1 medium onion, cut into 1-inch pieces $ 1 tablespoon thinly sliced fresh sage leaves $ 2 tablespoons extra-virgin olive oil $ 2 tablespoons (1/4 stick) unsalted butter, melted $ 1/4 cup pine nuts, toasted $ ",Fruit $ Herb $ Vegetable $ Side $ Roast $ Butternut Squash $ Fall $ Healthy $ Sage $ Grape $ Bon Appétit $ Vegetarian $ Pescatarian $ Wheat/Gluten-Free $ Peanut Free $ Soy Free $ No Sugar Added $ Kosher $ ,American $ ,3.5/4,54,Fruit $ Herb $ Vegetable $ Side $ Roast $ Butternut Squash $ Fall $ Healthy $ Sage $ Grape $ Bon Appétit $ Vegetarian $ Pescatarian $ Wheat/Gluten-Free $ Peanut Free $ Soy Free $ No Sugar Added $ Kosher $ American $ 
https://www.epicurious.com/recipes/food/views/salmon-with-endive-dill-and-cream-232799,"Salmon with Endive, Dill, and Cream ","4 (6- to 7-oz) center-cut pieces salmon fillet with skin (1 1/4 inches thick), any pin bones removed $ 3/4 teaspoon salt $ 1/2 teaspoon black pepper $ 1 tablespoon olive oil $ 1/2 cup finely chopped shallots $ 2 large Belgian endives (1/2 lb total), quartered lengthwise, cored, and cut crosswise into 1/2-inch pieces $ 1/3 cup dry white wine $ 1 cup heavy cream $ 2 tablespoons chopped fresh dill $ 1 tablespoon fresh lemon juice $ ",Milk/Cream $ Broil $ Quick & Easy $ Salmon $ White Wine $ Endive $ Dill $ Gourmet $ ,American $ ,3.5/4,16,Milk/Cream $ Broil $ Quick & Easy $ Salmon $ White Wine $ Endive $ Dill $ Gourmet $ American $ 
https://www.epicurious.com/recipes/food/views/caramelized-apples-with-dried-cherries-over-ice-cream-232815,Caramelized Apples with Dried Cherries Over Ice Cream ,"2 tablespoons unsalted butter $ 2 apples (3/4 lb total), peeled, cored, and cut into 1/4-inch-wide wedges $ 1/4 cup dried tart cherries or cranberries $ 2/3 cup sugar $ 1/8 teaspoon salt $ 1 1/2 teaspoons fresh lemon juice, or to taste $ 1/2 cup heavy cream $ Accompaniment: vanilla ice cream $ ",Dessert $ Sauté $ Quick & Easy $ Apple $ Cherry $ Summer $ Gourmet $ Kidney Friendly $ Vegetarian $ Pescatarian $ Wheat/Gluten-Free $ Peanut Free $ Tree Nut Free $ Soy Free $ Kosher $ ,American $ ,3/4,4,Dessert $ Sauté $ Quick & Easy $ Apple $ Cherry $ Summer $ Gourmet $ Kidney Friendly $ Vegetarian $ Pescatarian $ Wheat/Gluten-Free $ Peanut Free $ Tree Nut Free $ Soy Free $ Kosher $ American $ 
https://www.epicurious.com/recipes/food/views/almond-crusted-shrimp-cakes-with-lemon-soy-mayonnaise-232783,Almond-Crusted Shrimp Cakes with Lemon Soy Mayonnaise ,"3/4 cup mayonnaise $ 1 1/2 teaspoons soy sauce $ 1/2 teaspoon finely grated fresh lemon zest $ 1 teaspoon fresh lemon juice $ 1/4 teaspoon hot sauce, or to taste $ 1 bacon slice, chopped $ 3/4 lb large shrimp in shell (21 to 25 per lb), peeled and deveined $ 1 slice firm white sandwich bread $ 1/4 cup milk $ 1/2 cup chopped scallions (about 4) $ 2 tablespoons chopped fresh cilantro $ 2 teaspoons cornstarch $ 3/4 teaspoon salt $ 1/2 teaspoon sugar $ 1/4 teaspoon black pepper $ 2 cups sliced almonds (6 oz) $ 3 tablespoons vegetable oil $ Garnish: lemon wedges and fresh cilantro leaves $ ",Milk/Cream $ Food Processor $ Fry $ Mayonnaise $ Bacon $ Almond $ Shrimp $ Cilantro $ Gourmet $ ,American $ ,3.5/4,39,Milk/Cream $ Food Processor $ Fry $ Mayonnaise $ Bacon $ Almond $ Shrimp $ Cilantro $ Gourmet $ American $ 
https://www.epicurious.com/recipes/food/views/baked-shrimp-with-scallions-tomatoes-and-feta-232757,"Baked Shrimp with Scallions, Tomatoes, and Feta ",4 scallions $ 2 garlic cloves $ 1 1/2 pounds large (21-25 count) shrimp $ 2 tablespoons extra-virgin olive oil $ One 28-ounce can chopped tomatoes in juice $ 1/2 cup crumbled feta cheese $ 2 tablespoons chopped fresh dill or oregano $ ,Onion $ Tomato $ Bake $ Quick & Easy $ Feta $ Shrimp $ ,American $ ,3.5/4,27,Onion $ Tomato $ Bake $ Quick & Easy $ Feta $ Shrimp $ American $ 
https://www.epicurious.com/recipes/food/views/shrimp-cakes-with-chili-lime-cream-sauce-232743,Shrimp Cakes with Chili-Lime Cream Sauce ,"16 uncooked large shrimp (about 1 pound), peeled, deveined $ 1 large egg $ 1 green onion, sliced $ 2 tablespoons fresh lemon juice $ 1 tablespoon Dijon mustard $ 1 tablespoon minced fresh cilantro $ 1/2 teaspoon hot pepper sauce $ 1/2 teaspoon salt $ Pinch of ground black pepper $ 2 cups panko (Japanese breadcrumbs) $ 2 tablespoons (or more) peanut oil $ Chili-Lime Cream Sauce $ ",Food Processor $ Mustard $ Onion $ Pepper $ Appetizer $ Fry $ Shrimp $ Cilantro $ Bon Appétit $ Sugar Conscious $ Pescatarian $ ,American $ ,3.5/4,149,Food Processor $ Mustard $ Onion $ Pepper $ Appetizer $ Fry $ Shrimp $ Cilantro $ Bon Appétit $ Sugar Conscious $ Pescatarian $ American $ 
https://www.epicurious.com/recipes/food/views/nuked-nachos-232716,Nuked Nachos ,"One 16-ounce can refried beans (I opt for mild rather than spicy for late-night fare) $ 1/2 cup reduced-fat or regular sour cream $ 3/4 cup bottled salsa $ 1 cup shredded Cheddar or Mexican Blend cheese $ 2 tablespoons chopped fresh cilantro, plus more for garnish $ A few big handfuls of yellow corn tortilla chips $ ",Microwave $ Bean $ Tomato $ Appetizer $ Super Bowl $ Kid-Friendly $ Quick & Easy $ Cheddar $ Fall $ Sour Cream $ Cilantro $ Sugar Conscious $ Vegetarian $ Pescatarian $ Wheat/Gluten-Free $ Peanut Free $ Tree Nut Free $ Soy Free $ Kosher $ ,American $ ,3.5/4,19,Microwave $ Bean $ Tomato $ Appetizer $ Super Bowl $ Kid-Friendly $ Quick & Easy $ Cheddar $ Fall $ Sour Cream $ Cilantro $ Sugar Conscious $ Vegetarian $ Pescatarian $ Wheat/Gluten-Free $ Peanut Free $ Tree Nut Free $ Soy Free $ Kosher $ American $ 
https://www.epicurious.com/recipes/food/views/drunken-sausages-and-peppers-with-hero-rolls-232715,Drunken Sausages and Peppers with Hero Rolls ,"2 pounds Italian sausage (I like them with fennel seeds) $ 6 small garlic cloves, pressed $ 1 each red, yellow, and green bell peppers, cored, seeded, and cut into thin strips $ Salt $ 3 or 4 pinches crushed red pepper $ 3/4 cup (half a can) beer of your choice $ ",Beer $ Garlic $ Onion $ Bake $ Sauté $ Sausage $ Bell Pepper $ Fall $ Tailgating $ ,American $ ,3/4,5,Beer $ Garlic $ Onion $ Bake $ Sauté $ Sausage $ Bell Pepper $ Fall $ Tailgating $ American $ 
https://www.epicurious.com/recipes/food/views/mini-fudgey-chocolate-cakes-232714,Mini Fudgey Chocolate Cakes ,4 ounces semisweet baking chocolate $ 4 tablespoons butter $ 1 large egg $ 1/3 cup sugar $ Pinch of salt $ 1 tablespoon flour $ ,Cake $ Chocolate $ Dessert $ Bake $ Kid-Friendly $ Oscars $ Back to School $ Fall $ Kidney Friendly $ Vegetarian $ Pescatarian $ Peanut Free $ Tree Nut Free $ Soy Free $ Kosher $ ,American $ ,3.5/4,18,Cake $ Chocolate $ Dessert $ Bake $ Kid-Friendly $ Oscars $ Back to School $ Fall $ Kidney Friendly $ Vegetarian $ Pescatarian $ Peanut Free $ Tree Nut Free $ Soy Free $ Kosher $ American $ 
https://www.epicurious.com/recipes/food/views/frozen-chocolate-peanut-butter-decadence-232712,Frozen Chocolate-Peanut Butter Decadence ,"1 1/4 cups (packed) dark brown sugar $ 1 cup chilled whipping cream, divided $ 3 large egg yolks $ 6 tablespoons (3/4 stick) unsalted butter, room temperature $ 1 1/4 cups creamy peanut butter $ 1 1/2 cups whipping cream $ 2 tablespoons (1/4 stick) unsalted butter $ 4 teaspoons dark corn syrup $ 12 ounces bittersweet (not unsweetened) or semisweet chocolate, chopped $ 1/2 cup coarsely chopped roasted salted peanuts $ ",Milk/Cream $ Chocolate $ Egg $ Dessert $ Freeze/Chill $ Kid-Friendly $ Peanut $ Bon Appétit $ ,American $ ,3/4,5,Milk/Cream $ Chocolate $ Egg $ Dessert $ Freeze/Chill $ Kid-Friendly $ Peanut $ Bon Appétit $ American $ 
https://www.epicurious.com/recipes/food/views/sugar-crusted-chocolate-chip-and-cherry-bread-puddings-232710,Sugar-Crusted Chocolate Chip and Cherry Bread Puddings ,"3 tablespoons butter, room temperature, divided $ 3 slices white sandwich bread (about 5 1/4x4 1/4 inches each) $ 1 cup half and half $ 2 large eggs $ 1 teaspoon vanilla extract $ 1/3 cup plus 3 tablespoons sugar $ 1/2 cup semisweet chocolate chips $ 1/2 cup dried tart cherries $ 1/2 cup chilled whipping cream $ 1 tablespoon kirsch (clear cherry brandy) $ ",Bread $ Milk/Cream $ Chocolate $ Egg $ Dessert $ Bake $ Quick & Easy $ Cherry $ Kirsch $ Bon Appétit $ Kidney Friendly $ Vegetarian $ Pescatarian $ Peanut Free $ Tree Nut Free $ Soy Free $ Kosher $ ,American $ ,3.5/4,11,Bread $ Milk/Cream $ Chocolate $ Egg $ Dessert $ Bake $ Quick & Easy $ Cherry $ Kirsch $ Bon Appétit $ Kidney Friendly $ Vegetarian $ Pescatarian $ Peanut Free $ Tree Nut Free $ Soy Free $ Kosher $ American $ 
https://www.epicurious.com/recipes/food/views/sauteed-apples-232706,Sauteed Apples ,"3 tablespoons butter $ 4 large Granny Smith apples (about 2 1/4 pounds), peeled, cored, cut into 1/2-inch pieces $ 2 tablespoons golden brown sugar $ 1 tablespoon honey $ 1/4 teaspoon ground nutmeg $ 1/4 teaspoon ground cinnamon $ 1/4 teaspoon grated orange peel $ ",Side $ Sauté $ Quick & Easy $ Wheat/Gluten-Free $ Apple $ Fall $ Honey $ Cinnamon $ Nutmeg $ Bon Appétit $ Kidney Friendly $ Vegetarian $ Pescatarian $ Peanut Free $ Tree Nut Free $ Soy Free $ Kosher $ ,American $ ,3.5/4,17,Side $ Sauté $ Quick & Easy $ Wheat/Gluten-Free $ Apple $ Fall $ Honey $ Cinnamon $ Nutmeg $ Bon Appétit $ Kidney Friendly $ Vegetarian $ Pescatarian $ Peanut Free $ Tree Nut Free $ Soy Free $ Kosher $ American $ 
https://www.epicurious.com/recipes/food/views/roasted-lemongrass-chicken-232701,Roasted Lemongrass Chicken ,"1/4 cup plus 1 tablespoon canola oil or vegetable oil $ 5 tablespoons fish sauce (such as nuoc nam or nam pla),* divided $ 2 tablespoons sugar, divided $ 2 tablespoons chopped shallot $ 2 tablespoons oyster sauce* $ 2 fresh lemongrass stalks,** tough outer leaves removed, 4 inches of thick end finely chopped $ 1 teaspoon chili-garlic sauce* $ 1 garlic clove, chopped $ 1/2 teaspoon ground black pepper $ 1 3-pound chicken, quartered $ 1/2 cup water $ 1 tablespoon fresh lime juice $ ",Chicken $ Marinate $ Roast $ Dinner $ Lemongrass $ Bon Appétit $ Dairy Free $ Peanut Free $ Tree Nut Free $ Soy Free $ ,American $ Asian $ Vietnamese $ ,3/4,25,Chicken $ Marinate $ Roast $ Dinner $ Lemongrass $ Bon Appétit $ Dairy Free $ Peanut Free $ Tree Nut Free $ Soy Free $ American $ Asian $ Vietnamese $ 
https://www.epicurious.com/recipes/food/views/grits-with-ham-hocks-and-sauteed-apples-232696,Grits with Ham Hocks and Sauteed Apples ,"2 tablespoons (1/4 stick) butter $ 2 1/2 cups chopped onions $ 1 cup chopped celery $ 1 cup chopped carrots $ 6 garlic cloves, minced $ 1/4 cup dry vermouth $ 6 whole black peppercorns $ 1 tablespoon mustard seeds $ 1 bay leaf $ 4 cups low-salt chicken broth $ 1 1/3 pounds meaty smoked ham hocks $ 6 cups low-salt chicken broth $ 2 cups quick-cooking grits $ 2 teaspoons minced fresh thyme $ Sautéed Apples $ 1 1/2 cups grated extra-sharp white cheddar cheese, divided $ Chopped fresh thyme (for garnish) $ ",Garlic $ Bake $ Sauté $ Cheddar $ Apple $ Ham $ Celery $ Carrot $ Winter $ Bon Appétit $ ,American $ ,2.5/4,6,Garlic $ Bake $ Sauté $ Cheddar $ Apple $ Ham $ Celery $ Carrot $ Winter $ Bon Appétit $ American $ 
https://www.epicurious.com/recipes/food/views/pan-roasted-swordfish-steaks-with-mixed-peppercorn-butter-232695,Pan-Roasted Swordfish Steaks with Mixed-Peppercorn Butter ,"1/4 cup (1/2 stick) butter, room temperature $ 2 teaspoons chopped fresh parsley $ 1 garlic clove, minced $ 1/2 teaspoon ground mixed peppercorns, plus more for sprinkling $ 1/2 teaspoon (packed) grated lemon peel $ 1 tablespoon olive oil $ 4 1-inch-thick swordfish fillets (about 6 ounces each) $ ",Roast $ Low/No Sugar $ Healthy $ Swordfish $ Bon Appétit $ ,American $ ,4/4,119,Roast $ Low/No Sugar $ Healthy $ Swordfish $ Bon Appétit $ American $ 
https://www.epicurious.com/recipes/food/views/sage-and-pancetta-biscuits-with-fontina-cheese-232692,Sage and Pancetta Biscuits with Fontina Cheese ,"1 3-ounce package thinly sliced pancetta (Italian bacon), chopped $ 2 cups all purpose flour $ 2 tablespoons sugar $ 3 1/2 teaspoons baking powder $ 1/2 teaspoon salt $ 6 tablespoons (3/4 stick) chilled unsalted butter, cut into 1/2-inch cubes $ 1 cup coarsely grated Fontina cheese $ 1 tablespoon chopped fresh sage $ 3/4 cup plus 2 tablespoons chilled buttermilk $ ",Bread $ Milk/Cream $ Pork $ Breakfast $ Brunch $ Bake $ Fall $ Sage $ Fontina $ Bon Appétit $ Sugar Conscious $ Kidney Friendly $ Peanut Free $ Tree Nut Free $ Soy Free $ ,American $ ,3.5/4,16,Bread $ Milk/Cream $ Pork $ Breakfast $ Brunch $ Bake $ Fall $ Sage $ Fontina $ Bon Appétit $ Sugar Conscious $ Kidney Friendly $ Peanut Free $ Tree Nut Free $ Soy Free $ American $ 
https://www.epicurious.com/recipes/food/views/poached-oysters-in-fennel-saffron-soup-232691,Poached Oysters in Fennel-Saffron Soup ,"2 tablespoons (1/4 stick) unsalted butter $ 2 medium fennel bulbs, trimmed, each cut lengthwise into 6 wedges $ 1 cup water $ 1 tablespoon olive oil $ 3 garlic cloves, chopped $ 1/8 teaspoon crumbled saffron threads $ 4 8-ounce bottles clam juice $ 1 cup whipping cream $ 3 tablespoons Pernod or other anise-flavored liqueur $ 3 cups freshly shucked oysters or three 8-ounce jars shucked oysters $ ",Soup/Stew $ Milk/Cream $ Appetizer $ Poach $ Sauté $ Oyster $ Saffron $ Pernod $ Fennel $ Winter $ Bon Appétit $ Sugar Conscious $ Pescatarian $ Wheat/Gluten-Free $ Peanut Free $ Tree Nut Free $ Soy Free $ ,American $ ,3.5/4,14,Soup/Stew $ Milk/Cream $ Appetizer $ Poach $ Sauté $ Oyster $ Saffron $ Pernod $ Fennel $ Winter $ Bon Appétit $ Sugar Conscious $ Pescatarian $ Wheat/Gluten-Free $ Peanut Free $ Tree Nut Free $ Soy Free $ American $ 
https://www.epicurious.com/recipes/food/views/honeydew-and-prosciutto-with-greens-and-mint-vinaigrette-232687,Honeydew and Prosciutto with Greens and Mint Vinaigrette ,"1 tablespoon Sherry wine vinegar $ 1 teaspoon honey $ 1/4 teaspoon aniseed $ 3 tablespoons thinly sliced fresh mint, divided $ 2 tablespoons olive oil $ 4 cups (packed) mixed baby greens (about 3 ounces) $ 4 honeydew melon wedges, peeled $ 6 thin slices prosciutto $ ",Leafy Green $ Appetizer $ No-Cook $ Quick & Easy $ Honeydew $ Mint $ Prosciutto $ Bon Appétit $ Paleo $ Dairy Free $ Wheat/Gluten-Free $ Peanut Free $ Tree Nut Free $ Soy Free $ ,American $ Italian $ ,0/4,0,Leafy Green $ Appetizer $ No-Cook $ Quick & Easy $ Honeydew $ Mint $ Prosciutto $ Bon Appétit $ Paleo $ Dairy Free $ Wheat/Gluten-Free $ Peanut Free $ Tree Nut Free $ Soy Free $ American $ Italian $ 
https://www.epicurious.com/recipes/food/views/ciabatta-pizza-with-gorgonzola-walnut-pesto-and-pears-232686,"Ciabatta Pizza with Gorgonzola, Walnut Pesto, and Pears ","2 cups walnuts $ 1 cup olive oil $ 1/4 cup honey $ 2 tablespoons chopped fresh thyme $ 1 loaf ciabatta bread (about 1 1/3 pounds), halved horizontally $ 10 ounces thinly sliced Havarti cheese $ 6 ounces thinly sliced prosciutto, cut crosswise into strips $ 2 pears, halved, cored, thinly sliced $ 2/3 cup crumbled Gorgonzola cheese $ 2 cups arugula $ ",Cheese $ Appetizer $ Bake $ Quick & Easy $ Blue Cheese $ Pear $ Walnut $ Arugula $ Fall $ Honey $ Prosciutto $ Bon Appétit $ Peanut Free $ Soy Free $ ,American $ ,3/4,19,Cheese $ Appetizer $ Bake $ Quick & Easy $ Blue Cheese $ Pear $ Walnut $ Arugula $ Fall $ Honey $ Prosciutto $ Bon Appétit $ Peanut Free $ Soy Free $ American $ 
https://www.epicurious.com/recipes/food/views/all-season-bean-salad-232685,All-Season Bean Salad ,"3 cups of warm home-cooked beans, or canned beans such as cannellini $ 3 Tbs finely minced onions or scallions $ 1 large clove of garlic, puréed and then mashed with 1/4 teaspoon salt $ 2 Tbs or so good olive oil or salad oil $ Herbs, such as fresh or dried thyme, oregano, and sage $ Salt and freshly ground pepper $ Additional elements, such as one or a combination of: strips of red or green bell pepper or pimiento; hard-boiled eggs; rounds of red onion; sardines, tuna, and/or salami; spinach leaves or salad greens $ ",Bean $ Garlic $ Herb $ Onion $ Appetizer $ Side $ No-Cook $ Quick & Easy $ Wheat/Gluten-Free $ Sugar Conscious $ Pescatarian $ Dairy Free $ Peanut Free $ Tree Nut Free $ Soy Free $ No Sugar Added $ Kosher $ ,American $ ,3/4,2,Bean $ Garlic $ Herb $ Onion $ Appetizer $ Side $ No-Cook $ Quick & Easy $ Wheat/Gluten-Free $ Sugar Conscious $ Pescatarian $ Dairy Free $ Peanut Free $ Tree Nut Free $ Soy Free $ No Sugar Added $ Kosher $ American $ 
https://www.epicurious.com/recipes/food/views/james-beards-roasted-spareribs-232684,James Beard's Roasted Spareribs ,4 pounds meaty pork spareribs $ 2 tablespoons salt $ 1 tablespoon freshly ground black pepper $ ,Pork $ Roast $ Quick & Easy $ Low/No Sugar $ Wheat/Gluten-Free $ ,American $ ,3/4,11,Pork $ Roast $ Quick & Easy $ Low/No Sugar $ Wheat/Gluten-Free $ American $ 
https://www.epicurious.com/recipes/food/views/oven-fried-chicken-with-a-corn-flake-crust-232683,Oven-Fried Chicken with a Corn Flake Crust ,Position a rack in the upper third of the oven. Preheat the oven to 350°F. Lightly oil a baking sheet. $ 3 1/2 pounds chicken parts $ Salt and ground black pepper to taste $ ground black pepper $ 2 large eggs $ 1/4 cup milk $ 2 1/2 cups crushed corn flakes $ 2 teaspoons salt $ 1/2 teaspoon ground black pepper $ ,Chicken $ Bake $ Quick & Easy $ ,American $ ,3.5/4,19,Chicken $ Bake $ Quick & Easy $ American $ 
https://www.epicurious.com/recipes/food/views/lemon-rice-232682,Lemon Rice ,"4 tablespoons (1/2 stick) butter (preferred) or extra-virgin olive oil $ 3 to 4 cups cooked rice, made by any method $ Salt and lots of freshly ground black pepper $ N/A freshly ground black pepper $ 1 teaspoon minced garlic $ Juice of 2 lemons, plus more if needed $ 1 lemon, quartered $ ",Rice $ Side $ Quick & Easy $ Lemon $ Sugar Conscious $ Vegetarian $ Pescatarian $ Wheat/Gluten-Free $ Peanut Free $ Tree Nut Free $ Soy Free $ No Sugar Added $ Kosher $ ,American $ ,3.5/4,11,Rice $ Side $ Quick & Easy $ Lemon $ Sugar Conscious $ Vegetarian $ Pescatarian $ Wheat/Gluten-Free $ Peanut Free $ Tree Nut Free $ Soy Free $ No Sugar Added $ Kosher $ American $ 
