link,name,ingredients,recipe_category,recipe_cuisine,rating,rating_count,keywords
https://www.epicurious.com/recipes/food/views/coconut-marinated-short-rib-kebabs-with-peanut-chile-oil,Coconut-Marinated Short Rib Kebabs with Peanut-Chile Oil ,"1 lemongrass stalk $ 1 large shallot, chopped $ 2 garlic cloves, chopped $ 1 (1-inch) piece ginger, peeled, chopped $ 1/2 cup vegetable oil $ 1/2 teaspoon kosher salt $ 4 guajillo or New Mexico chiles or 2 ancho chiles, seeds removed, flesh torn $ 1 teaspoon crushed red pepper flakes $ 1/4 cup crushed salted, roasted peanuts $ 2 teaspoons fish sauce $ 1 1/4 pounds boneless beef short ribs $ 1 lemongrass stalk $ 2 garlic cloves, finely grated $ 1 (2-inch) piece ginger, peeled, finely grated $ 3/4 cup unsweetened coconut milk $ 2 tablespoons fish sauce $ 2 tablespoons light brown sugar $ 1 tablespoon fresh lime juice $ 1 teaspoon ground turmeric $ Vegetable oil (for grill) $ Kosher salt $ 8 (8–12-inch-long) metal skewers $ ",Bon Appétit $ Skewer $ Beef $ Coconut $ Lemongrass $ Ginger $ Lime Juice $ Chile Pepper $ Peanut $ Garlic $ Shallot $ Summer $ ,Southeast Asian $ Asian $ ,3.5/4,7,Bon Appétit $ Skewer $ Beef $ Coconut $ Lemongrass $ Ginger $ Lime Juice $ Chile Pepper $ Peanut $ Garlic $ Shallot $ Summer $ Southeast Asian $ Asian $ 
https://www.epicurious.com/recipes/food/views/korean-style-grain-bowls-with-spicy-marinated-steak,Korean-Style Grain Bowls with Spicy Marinated Steak ,"1 cup pear juice $ 1/2 cup low-sodium soy sauce $ 1/2 cup rice wine vinegar $ 1/4 cup neutral vegetable oil, such as grapeseed $ 3 garlic cloves, finely grated $ 2 tablespoons toasted sesame oil $ 1 tablespoon finely grated ginger $ 1 teaspoon gochujang or Sriracha $ 1 teaspoon light brown sugar $ 1/4 teaspoon kosher salt $ 2 teaspoons gochujang or Sriracha $ 1 teaspoon light brown sugar $ 1/2 teaspoon kosher salt $ 1 1/2 pounds (1/2""-thick) flanken-cut, bone-in short ribs or 1 pound (1/2""-thick) boneless rib eye $ 1 tablespoon neutral vegetable oil, such as grapeseed $ 1 1/2 cups thinly sliced purple cabbage $ 2 tablespoons rice wine vinegar, divided $ 1 large carrot, julienned with a mandolin or coarsely grated using the large holes of a box grater $ 4 cups baby spinach $ 4 cups cooked grains, such as farro, quinoa, and/or brown rice $ 1/2 teaspoon kosher salt $ 6 ounces sugar snap peas, trimmed, strings removed, or snow peas, blanched $ 1/2 cup kimchi, preferably daikon radish, sliced (optional) $ 4 fried eggs (optional) $ 1 scallion, thinly sliced $ 2 teaspoons toasted sesame seeds $ Gochujang or Sriracha (for serving) $ ",Grains $ Steak $ Asparagus $ Chile Pepper $ Cabbage $ Sugar Snap Pea $ Egg $ Flaming Hot Summer $ ,Korean $ Asian $ ,3.5/4,15,Grains $ Steak $ Asparagus $ Chile Pepper $ Cabbage $ Sugar Snap Pea $ Egg $ Flaming Hot Summer $ Korean $ Asian $ 
https://www.epicurious.com/recipes/food/views/crunchy-veg-bowl-with-warm-peanut-sauce,Crunchy Veg Bowl with Warm Peanut Sauce ,"2 red or green Thai chiles, chopped $ 1 garlic clove, grated $ 1 cup creamy peanut butter $ 3/4 cup unsweetened coconut milk $ 2 tablespoons dark brown sugar $ 2 tablespoons fresh lime juice $ 2 tablespoons soy sauce $ 2 teaspoons fish sauce $ Kosher salt $ 4 large eggs, room temperature $ 1/4 head of Napa cabbage, thinly sliced $ 3 scallions, thinly sliced $ 1 golden beet, scrubbed, cut into matchsticks $ 1 celery stalk, thinly sliced on a diagonal $ 1 Persian cucumber, halved lengthwise, thinly sliced crosswise $ 1 large handful of bean sprouts $ 1 cup coarsely chopped cilantro $ 1/3 cup torn mint leaves $ Kosher salt $ 1/3 cup unsalted, toasted peanuts, crushed $ 4 cups warm cooked brown rice $ ",Bon Appétit $ Rice $ Peanut $ Cucumber $ Cilantro $ Brown Rice $ Cabbage $ Chile Pepper $ Vegetarian $ ,Asian $ ,3.5/4,23,Bon Appétit $ Rice $ Peanut $ Cucumber $ Cilantro $ Brown Rice $ Cabbage $ Chile Pepper $ Vegetarian $ Asian $ 
https://www.epicurious.com/recipes/food/views/aromatic-shrimp-and-noodle-medicine-soup,Aromatic Shrimp and Noodle Medicine Soup ,"6 whole cloves $ 6 green cardamom pods $ 4 star anise pods $ 3 dried chiles de árbol $ 2 (3-inch) cinnamon sticks $ 2 teaspoons black peppercorns $ 1 bunch cilantro $ 3 medium shallots, halved through root ends $ 5 garlic cloves, smashed $ 2 (6-inch) pieces lemongrass, tough outer layer removed, lightly smashed $ 1 (4-inch) piece ginger, peeled, sliced ½-inch thick $ 12 cups low-sodium chicken broth $ 1 tablespoon fish sauce $ Kosher salt, freshly ground pepper $ 1/2 cup cashews $ 1 medium shallot, chopped $ 1 Fresno chile, chopped $ 1 (3-inch) piece lemongrass, tough outer layer removed, finely chopped $ 1 (1-inch) piece ginger, peeled, finely chopped $ 1 tablespoon dark brown sugar $ 1 tablespoon shrimp paste with bean oil $ 2 tablespoons vegetable oil $ 4 (12-ounce) packages ramen noodles $ 1 pound shrimp, peeled and deveined $ 8 ounces mung bean sprouts $ 4 scallions, thinly sliced on a diagonal $ Fresh tender herbs (such as Thai basil, cilantro, and/or mint) $ Freshly ground black pepper $ Chili oil and lime wedges (for serving) $ ",Bon Appétit $ Soup/Stew $ Lemongrass $ Shrimp $ Noodle $ Green Onion/Scallion $ Ginger $ Dinner $ Healthy $ Winter $ Dairy Free $ Peanut Free $ Soy Free $ ,Asian $ Thai $ ,3.5/4,15,Bon Appétit $ Soup/Stew $ Lemongrass $ Shrimp $ Noodle $ Green Onion/Scallion $ Ginger $ Dinner $ Healthy $ Winter $ Dairy Free $ Peanut Free $ Soy Free $ Asian $ Thai $ 
https://www.epicurious.com/recipes/food/views/hoisin-glazed-pork-chops,Hoisin-Glazed Pork Chops ,"2 tablespoons vegetable oil $ 3 garlic cloves, finely chopped $ 1/3 cup soy sauce $ 3 tablespoons honey $ 2 tablespoons distilled white vinegar $ 2 tablespoons tahini $ 2 teaspoons Sriracha $ Kosher salt, freshly ground pepper $ 2 (1 1/2-inch-thick) bone-in pork rib chops (about 1 pound each), patted dry $ ",Bon Appétit $ Pork $ Pork Chop $ Soy Sauce $ Dinner $ ,Asian $ Japanese $ ,4/4,13,Bon Appétit $ Pork $ Pork Chop $ Soy Sauce $ Dinner $ Asian $ Japanese $ 
https://www.epicurious.com/recipes/food/views/gochujang-braised-chicken-and-crispy-rice,Gochujang-Braised Chicken and Crispy Rice ,"1 small onion, finely chopped $ 8 garlic cloves, finely grated $ 1 (2-inch) piece ginger, peeled, finely grated $ 1/4 cup gochujang (Korean hot pepper paste) $ 1/4 cup soy sauce $ 2 tablespoons sugar $ 1 tablespoon mirin $ 1 tablespoon toasted sesame oil $ 1 teaspoon freshly ground black pepper, plus more $ 3 cups cooked short-grain rice $ 1 teaspoon ground cumin $ 1/2 teaspoon garlic powder $ 1/2 teaspoon mustard powder $ 8 chicken drumsticks, patted dry $ Kosher salt $ 4 tablespoons unsalted butter $ 2 tablespoons vegetable oil $ 4 cups low-sodium chicken broth $ 6 scallions, white and pale-green parts only, cut into 1-inch pieces $ ",Bon Appétit $ Chicken $ Dinner $ Sesame Oil $ Ginger $ Braise $ Rice $ Peanut Free $ Tree Nut Free $ ,Korean $ Asian $ ,4/4,12,Bon Appétit $ Chicken $ Dinner $ Sesame Oil $ Ginger $ Braise $ Rice $ Peanut Free $ Tree Nut Free $ Korean $ Asian $ 
https://www.epicurious.com/recipes/food/views/sumo-stew-chanko-nabe-with-shrimp-meatballs-and-bok-choy,"Sumo Stew (Chanko Nabe) with Shrimp, Meatballs, and Bok Choy ","8 ounces udon noodles $ 3/4 teaspoon kosher salt, divided, plus more $ 3 tablespoons vegetable oil, divided $ 4–6 large eggs (optional) $ 8 ounces sliced maitake or shiitake mushrooms $ 2 garlic cloves, finely chopped $ 1 tablespoon finely chopped ginger $ 2 teaspoons white miso paste $ 4 cups homemade or store-bought low-sodium chicken broth $ 1 (6x5-inch) piece dried kombu (optional) $ 1 tablespoon low-sodium soy sauce $ Chicken Meatballs with Ginger and Miso $ 1 medium carrot, sliced into 1/4-inch coins $ 3/4 pound baby bok choy, trimmed, cut crosswise in 2-inch pieces (about 6 cups) $ 1 tablespoon rice wine vinegar (optional) $ 8 ounces skinless flaky white fish (such as bass, halibut, branzino, or cod), cut into 3x3/4-inch pieces $ 8 ounces peeled, deveined, tail-on large shrimp $ 2 tablespoons sliced scallions $ ",Stew $ Chicken $ Meatball $ Dinner $ Noodle $ Soup/Stew $ Shrimp $ ,Japanese $ Asian $ ,4/4,21,Stew $ Chicken $ Meatball $ Dinner $ Noodle $ Soup/Stew $ Shrimp $ Japanese $ Asian $ 
https://www.epicurious.com/recipes/food/views/chicken-meatballs-with-ginger-and-miso,Chicken Meatballs with Ginger and Miso ,"3/4 pound ground chicken $ 1 large egg $ 1/4 cup panko (Japanese breadcrumbs), or fresh breadcrumbs $ 2 tablespoons sliced scallions $ 2 teaspoons low-sodium soy sauce $ 1 1/2 teaspoons white miso paste $ 1 teaspoon finely grated ginger $ 1/4 teaspoon kosher salt $ Soy dipping sauce (such as Soy-Lime Dipping Sauce) $ Vegetable oil (for grill) $ 4 cups chicken broth or water $ Kosher salt $ 2 tablespoons vegetable oil $ ",Meatball $ Chicken $ Ginger $ Poach $ Grill $ Bake $ Dinner $ Kid-Friendly $ ,Japanese $ Asian $ ,3.5/4,11,Meatball $ Chicken $ Ginger $ Poach $ Grill $ Bake $ Dinner $ Kid-Friendly $ Japanese $ Asian $ 
https://www.epicurious.com/recipes/food/views/homemade-fortune-cookies,3-Ingredient Homemade Fortune Cookies ,"4 tablespoons salted butter, melted, plus more for tin $ 12 fresh wonton wrappers $ 12 small strips of paper with handwritten fortunes $ 2 tablespoons sugar $ A 12-cup muffin tin $ ",Dessert $ Lunar New Year $ 3-Ingredient Recipes $ Sugar Conscious $ Kidney Friendly $ Vegetarian $ Pescatarian $ Peanut Free $ Tree Nut Free $ Soy Free $ Kosher $ ,Asian $ Chinese $ ,1/4,2,Dessert $ Lunar New Year $ 3-Ingredient Recipes $ Sugar Conscious $ Kidney Friendly $ Vegetarian $ Pescatarian $ Peanut Free $ Tree Nut Free $ Soy Free $ Kosher $ Asian $ Chinese $ 
https://www.epicurious.com/recipes/food/views/vietnamese-style-spaghetti-squash-noodle-bowls-with-skirt-steak,Vietnamese-Style Spaghetti Squash “Noodle” Bowls with Skirt Steak ,"1 medium spaghetti squash (2–2 1/2 pounds), halved lengthwise, seeded $ 1 1/2 teaspoons kosher salt $ 1/4 cup fish sauce $ 1 tablespoon brown sugar $ 1 tablespoon finely grated fresh ginger $ 2 garlic cloves, finely grated $ 1/2 cup fresh lime juice, divided $ 1 pound skirt steak, cut crosswise into 4-inch sections $ 1 medium jalapeño, stemmed, seeded, finely chopped $ 3 tablespoons toasted sesame oil $ 1 tablespoon neutral vegetable oil $ 1/2 romaine heart, coarsely chopped (about 4 cups) $ 1 medium carrot, peeled, sliced into 3"" matchsticks $ 1 mini or Persian cucumber, cut in half lengthwise, thinly sliced $ 1/2 cup mung bean sprouts (about 2 ounces) $ 2 scallions, thinly sliced $ 1/4 cup cilantro leaves $ 1/4 cup roasted salted peanuts, coarsely chopped $ ",Dinner $ Squash $ Healthy $ Steak $ Cucumber $ Salad $ Wheat/Gluten-Free $ Dairy Free $ Tree Nut Free $ Soy Free $ ,Vietnamese $ Asian $ ,3.5/4,21,Dinner $ Squash $ Healthy $ Steak $ Cucumber $ Salad $ Wheat/Gluten-Free $ Dairy Free $ Tree Nut Free $ Soy Free $ Vietnamese $ Asian $ 
https://www.epicurious.com/recipes/food/views/quick-sesame-chicken-with-broccoli,Quick Sesame Chicken with Broccoli ,"1 1/2 cups quick-cooking white rice $ 1 3/4 teaspoons kosher salt, divided, plus more $ 8 cups broccoli florets $ 1/4 cup plus 2 tablespoons cornstarch $ 1/2 teaspoon freshly ground black pepper $ 2 pounds boneless skinless chicken thighs, breasts, or a mix, patted dry, cut into 1"" chunks $ 4 tablespoons vegetable oil, divided $ 1/4 cup plus 1 tablespoon honey $ 1/4 cup low-sodium soy sauce $ 3 tablespoons rice wine vinegar $ 1 tablespoon Sriracha $ 1 large clove garlic, finely grated $ 1 teaspoon finely grated ginger $ 1 1/2 teaspoons toasted sesame oil $ 2 tablespoons toasted sesame seeds, divided $ 2 scallions, thinly sliced $ ",Dinner $ Chicken $ Broccoli $ Steam $ Stir-Fry $ 22-Minute Meals $ Dairy Free $ Peanut Free $ Tree Nut Free $ Kosher $ ,Asian $ ,3.5/4,130,Dinner $ Chicken $ Broccoli $ Steam $ Stir-Fry $ 22-Minute Meals $ Dairy Free $ Peanut Free $ Tree Nut Free $ Kosher $ Asian $ 
https://www.epicurious.com/recipes/food/views/lemongrass-ginger-carrot-soup,Lemongrass-Ginger-Carrot Soup ,"2 tablespoons ghee or olive oil $ 1 1/2 cups diced onion $ 1 1/2 pounds thinly sliced carrots $ 2 tablespoons peeled and minced fresh ginger $ One 2-inch-long piece lemongrass, pounded $ 4 cups Chicken Bone Broth $ Sea salt $ ",Soup/Stew $ Winter $ Chicken $ Carrot $ Kid-Friendly $ HarperCollins $ ,Asian $ ,3/4,4,Soup/Stew $ Winter $ Chicken $ Carrot $ Kid-Friendly $ HarperCollins $ Asian $ 
https://www.epicurious.com/recipes/food/views/chineasy-cucumber-salad-lucky-peach-recipe,Chineasy Cucumber Salad ,"1 tablespoon Chinkiang vinegar $ 1 teaspoon Sichuan chili oil $ 1 teaspoon sesame oil $ 1 teaspoon turbinado sugar $ 1/4 teaspoon Kosher salt $ 3 Persian or Kirby cucumbers or 1 English cucumber $ 1 teaspoon toasted sesame seeds $ 2 tablespoons roasted unsalted peanuts, crushed $ 2 tablespoons cilantro leaves $ ",Cucumber $ Salad $ Peanut $ Sesame Oil $ Sesame $ Chile $ Cilantro $ Vinegar $ ,Chinese $ Asian $ ,3.5/4,8,Cucumber $ Salad $ Peanut $ Sesame Oil $ Sesame $ Chile $ Cilantro $ Vinegar $ Chinese $ Asian $ 
https://www.epicurious.com/recipes/food/views/ramen-noodle-bowl-with-escarole-and-spicy-tofu-crumbles,Ramen Noodle Bowl with Escarole and Spicy Tofu Crumbles ,"2 (5.5-ounce) servings fresh or dried ramen noodles $ 4 cups torn escarole $ 3 tablespoons Roasted Garlic Chili Sauce $ Kosher salt $ 4 Pickled Scallions $ Spicy Tofu Crumbles, thinly sliced radish, and chopped peanuts (for serving) $ ",Bon Appétit $ Noodle $ Tofu $ Escarole $ Vegetarian $ Healthy $ Peanut $ ,Asian $ ,4/4,2,Bon Appétit $ Noodle $ Tofu $ Escarole $ Vegetarian $ Healthy $ Peanut $ Asian $ 
https://www.epicurious.com/recipes/food/views/red-snapper-with-sambal-56389970,Red Snapper With Sambal ,"4 red snapper fillets with skin cut into a 1/2"" crosshatch pattern $ Salt $ 1 finely grated garlic clove $ 2 tablespoons fish sauce $ 2 tablespoons fresh lime juice $ 1 tablespoon hot chili paste (such as sambal oelek) $ 1 tablespoon light brown sugar $ Olive oil $ Lime wedges for serving $ ",Broil $ Kid-Friendly $ Low Cal $ Snapper $ Healthy $ Low Cholesterol $ Bon Appétit $ ,Asian $ ,3.5/4,4,Broil $ Kid-Friendly $ Low Cal $ Snapper $ Healthy $ Low Cholesterol $ Bon Appétit $ Asian $ 
https://www.epicurious.com/recipes/food/views/broccoli-slaw-with-miso-ginger-dressing-56389809,Broccoli Slaw with Miso-Ginger Dressing ,"1 bunch broccoli (about 1 1/2 pounds), stems peeled, heads coarsely chopped $ 2 medium carrots (about 3 ounces), peeled $ 1/3 cup white miso paste $ 1/2 teaspoon finely grated orange zest $ 1/4 cup fresh orange juice $ 2 tablespoons finely grated peeled ginger $ 2 tablespoons unseasoned rice vinegar $ 1 tablespoon toasted sesame oil $ 1/4 cup chopped fresh cilantro $ 1/4 cup chopped fresh mint $ 1/4 cup chopped fresh Thai or regular basil $ 2 scallions, trimmed, thinly sliced $ 1/4 cup unsweetened coconut flakes, toasted, coarsely chopped $ ",Salad $ Ginger $ Side $ Low Fat $ Kid-Friendly $ Quick & Easy $ Low Cal $ High Fiber $ Coconut $ Mint $ Basil $ Broccoli $ Carrot $ Healthy $ Low Cholesterol $ Vegan $ Cilantro $ Sugar Conscious $ Vegetarian $ Pescatarian $ Dairy Free $ Wheat/Gluten-Free $ Peanut Free $ Tree Nut Free $ No Sugar Added $ Kosher $ ,Asian $ ,3/4,17,Salad $ Ginger $ Side $ Low Fat $ Kid-Friendly $ Quick & Easy $ Low Cal $ High Fiber $ Coconut $ Mint $ Basil $ Broccoli $ Carrot $ Healthy $ Low Cholesterol $ Vegan $ Cilantro $ Sugar Conscious $ Vegetarian $ Pescatarian $ Dairy Free $ Wheat/Gluten-Free $ Peanut Free $ Tree Nut Free $ No Sugar Added $ Kosher $ Asian $ 
https://www.epicurious.com/recipes/food/views/udon-noodles-with-shrimp-snow-peas-and-peanuts-56389801,"Udon Noodles with Shrimp, Snow Peas, and Peanuts ","1 red chile (such as Fresno), finely chopped $ 1 garlic clove, finely chopped $ 6 tablespoons unseasoned rice vinegar $ 6 tablespoons soy sauce $ 3 tablespoons vegetable oil $ 2 tablespoons peanut butter $ 2 teaspoons sesame oil $ 1 tablespoon finely grated peeled ginger $ 1 teaspoon kosher salt, plus more to taste $ 2 cups snow peas, thinly sliced (about 8 ounces) $ 1 pound udon noodles $ 1 pound shrimp, peeled, deveined $ 1/3 cup coarsely chopped roasted salted peanuts $ 1/4 cup coarsely chopped fresh cilantro $ ",Kid-Friendly $ Quick & Easy $ Dinner $ Lunch $ Peanut $ Shrimp $ Pea $ Spring $ Summer $ Noodle $ Cilantro $ Soy Sauce $ Pescatarian $ Dairy Free $ Tree Nut Free $ No Sugar Added $ ,Asian $ ,3.5/4,6,Kid-Friendly $ Quick & Easy $ Dinner $ Lunch $ Peanut $ Shrimp $ Pea $ Spring $ Summer $ Noodle $ Cilantro $ Soy Sauce $ Pescatarian $ Dairy Free $ Tree Nut Free $ No Sugar Added $ Asian $ 
https://www.epicurious.com/recipes/food/views/cold-soba-noodles-with-miso-and-smoked-tofu-56389798,Cold Soba Noodles with Miso and Smoked Tofu ,"1 tablespoon finely grated peeled ginger $ 3 tablespoons miso paste $ 3 tablespoons mirin, plus more to taste $ 3 tablespoons unseasoned rice vinegar, plus more to taste $ 1 tablespoon soy sauce, plus more to taste $ 1/4 teaspoon kosher salt, plus more to taste $ 1 pound soba noodles $ 5 red radishes, thinly sliced $ 5 scallions, trimmed, thinly sliced $ 4 ounces smoked tofu, cubed $ ",Pasta $ Kid-Friendly $ Dinner $ Tofu $ Radish $ Healthy $ Low Cholesterol $ Vegan $ Soy Sauce $ Sugar Conscious $ Vegetarian $ Pescatarian $ Dairy Free $ Peanut Free $ Tree Nut Free $ Kosher $ Noodle $ Summer $ ,Asian $ ,3.5/4,2,Pasta $ Kid-Friendly $ Dinner $ Tofu $ Radish $ Healthy $ Low Cholesterol $ Vegan $ Soy Sauce $ Sugar Conscious $ Vegetarian $ Pescatarian $ Dairy Free $ Peanut Free $ Tree Nut Free $ Kosher $ Noodle $ Summer $ Asian $ 
https://www.epicurious.com/recipes/food/views/cold-asian-noodle-salad-with-chicken-and-cucumbers-56389799,Cold Asian Noodle Salad with Chicken and Cucumbers ,"1 pound wide rice noodles $ 8 cups shredded cooked chicken $ 4 small cucumbers, thinly sliced (about 3 cups) $ 1/3 cup fresh basil leaves, torn $ 1/3 cup fresh cilantro leaves, torn $ 1/3 cup fresh mint leaves, torn $ 1/4 cup fish sauce (such as nam pla or nuoc nam) $ 1/4 cup fresh lime juice $ 1/4 cup honey $ 1/4 cup soy sauce $ Hot chili paste (such as sambal oelek) $ ",Salad $ Chicken $ Kid-Friendly $ Dinner $ Lunch $ Basil $ Cucumber $ Hot Pepper $ Healthy $ Noodle $ Dairy Free $ Peanut Free $ Tree Nut Free $ ,Asian $ ,3/4,5,Salad $ Chicken $ Kid-Friendly $ Dinner $ Lunch $ Basil $ Cucumber $ Hot Pepper $ Healthy $ Noodle $ Dairy Free $ Peanut Free $ Tree Nut Free $ Asian $ 
https://www.epicurious.com/recipes/food/views/lettuce-cups-with-pork-and-quinoa-in-peanut-sauce-56389788,Lettuce Cups with Pork and Quinoa in Peanut Sauce ,"3 tablespoons (2 ounces/60 grams) creamy peanut butter (avoid using natural peanut butter, which won't blend as smoothly) $ 1 tablespoon palm sugar or light brown sugar $ 3 tablespoons soy sauce, plus more to taste $ 3 tablespoons juice, plus 2 teaspoons finely grated zest from about 3 limes $ 1 tablespoon finely grated fresh ginger $ 1 tablespoon rice vinegar $ 2 teaspoons fish sauce, plus more to taste $ 2 teaspoons sriracha hot sauce, plus more to taste $ 1 tablespoon vegetable oil $ 6 scallions, ends trimmed and thinly sliced $ 1 pound/450 grams ground pork $ 1 cup (6 ounces/180 grams) cooked quinoa $ 1/2 cup (1 ounce/30 grams) quinoa puffs $ 1/2 cup cilantro, chopped $ 1/2 cup pea shoots, chopped $ 1/2 cup (2 1/2 ounces/75 grams) salted and roasted peanuts, chopped $ 1 head Bibb lettuce, leaves separated $ Lime wedges $ Sriracha hot sauce $ ",Appetizer $ Kid-Friendly $ Dinner $ Lunch $ Spring $ Summer $ Healthy $ Low Cholesterol $ Dairy Free $ Tree Nut Free $ ,Asian $ ,3.5/4,4,Appetizer $ Kid-Friendly $ Dinner $ Lunch $ Spring $ Summer $ Healthy $ Low Cholesterol $ Dairy Free $ Tree Nut Free $ Asian $ 
https://www.epicurious.com/recipes/food/views/butterflied-trout-with-spicy-lettuce-celery-and-herbs-56389767,"Butterflied Trout with Spicy Lettuce, Celery, and Herbs ","1/2 jalapeño, with seeds, very finely chopped $ 1 tablespoon finely grated lime zest $ 1 tablespoon finely grated orange zest $ Kosher salt $ 1 small shallot, thinly sliced into rings $ 1/4 cup fresh orange juice $ 3 tablespoons fresh lime juice $ 1 tablespoon fish sauce (such as nam pla or nuoc nam) $ 1 tablespoon soy sauce $ Freshly ground black pepper $ 2 (14–16-ounce) whole butterflied rainbow trout $ 2 tablespoons vegetable oil $ 4 Little Gem, butter lettuce, or romaine hearts, leaves separated $ 2 celery stalks, preferably with leaves, leaves reserved, stalks thinly sliced on a diagonal $ 1 cup cilantro leaves with tender stems $ 1/2 cup mint leaves $ ",Kid-Friendly $ Trout $ Celery $ Summer $ Healthy $ Soy Sauce $ Lettuce $ Bon Appétit $ ,Asian $ ,4/4,1,Kid-Friendly $ Trout $ Celery $ Summer $ Healthy $ Soy Sauce $ Lettuce $ Bon Appétit $ Asian $ 
https://www.epicurious.com/recipes/food/views/pok-pok-style-hot-wings-with-peanuts-and-cilantro-56389618,Pok Pok-Style Hot Wings With Peanuts and Cilantro ,"2 pounds chicken wings, tips removed, drumettes and flats separated, patted dry $ 2 teaspoons vegetable oil $ 1/2 teaspoon kosher salt $ 1/4 cup sugar $ 1/2 medium garlic clove, finely grated $ 1/4 cup fish sauce $ 1–2 jalapeño or serrano chiles, stemmed, seeded, finely chopped $ 1/2 cup finely chopped roasted peanuts $ 3 tablespoons chopped fresh cilantro $ ",Chicken $ Appetizer $ Kid-Friendly $ Quick & Easy $ Peanut $ Hot Pepper $ Super Bowl $ Tailgating $ Dairy Free $ Wheat/Gluten-Free $ Tree Nut Free $ Soy Free $ ,Asian $ ,3/4,13,Chicken $ Appetizer $ Kid-Friendly $ Quick & Easy $ Peanut $ Hot Pepper $ Super Bowl $ Tailgating $ Dairy Free $ Wheat/Gluten-Free $ Tree Nut Free $ Soy Free $ Asian $ 
https://www.epicurious.com/recipes/food/views/coconut-soba-noodles-with-ginger-broccoli-56389475,Coconut Soba Noodles with Ginger Broccoli ,"1 (9.5 ounces) package soba noodles $ 2 teaspoons coconut oil $ 1 teaspoon freshly grated ginger $ 1 garlic clove, minced $ 2 cups broccoli florets $ 1 teaspoon salt $ 1 (15-ounce) can light coconut milk $ 2 tablespoons lime juice $ 1 tablespoon chopped cilantro $ ",Low Fat $ Vegetarian $ Kid-Friendly $ Quick & Easy $ Dinner $ Lunch $ Healthy $ Vegan $ Noodle $ Weelicious $ Sugar Conscious $ Pescatarian $ Wheat/Gluten-Free $ Peanut Free $ Soy Free $ No Sugar Added $ Kosher $ ,Asian $ ,2.5/4,3,Low Fat $ Vegetarian $ Kid-Friendly $ Quick & Easy $ Dinner $ Lunch $ Healthy $ Vegan $ Noodle $ Weelicious $ Sugar Conscious $ Pescatarian $ Wheat/Gluten-Free $ Peanut Free $ Soy Free $ No Sugar Added $ Kosher $ Asian $ 
https://www.epicurious.com/recipes/food/views/hot-miso-crab-56389414,Hot Miso Crab ,"1/2 cup silken tofu $ 3 tablespoons white miso $ 1 tablespoon freshly squeezed lemon juice $ 2 tablespoons sherry vinegar (or malt vinegar if that's lying around) $ 1/2 teaspoon garlic powder $ 1 teaspoon onion powder $ 1/4 teaspoon cayenne $ 1/2 teaspoon freshly ground black pepper $ 1 8-ounce can jumbo lump crab $ 1/4 cup sour cream $ 2 tablespoons finely chopped fresh chives $ Olive oil $ 1 loaf miche bread or baguette, cut into 15 to 20 1/2-inch-thick slices $ ",Appetizer $ Quick & Easy $ Dinner $ Lunch $ Crab $ Tofu $ Spring $ Summer $ Healthy $ Low Cholesterol $ Sugar Conscious $ Kidney Friendly $ Pescatarian $ Peanut Free $ Tree Nut Free $ ,Asian $ ,3/4,1,Appetizer $ Quick & Easy $ Dinner $ Lunch $ Crab $ Tofu $ Spring $ Summer $ Healthy $ Low Cholesterol $ Sugar Conscious $ Kidney Friendly $ Pescatarian $ Peanut Free $ Tree Nut Free $ Asian $ 
https://www.epicurious.com/recipes/food/views/ramen-noodles-with-kale-56389409,Ramen Noodles with Kale ,"1 tablespoon sesame oil $ 5 ounces shiitake mushrooms, stems removed, thinly sliced $ 4 garlic cloves, minced $ One 1- inch piece ginger, peeled and minced $ 1 jalapeno chile, finely minced (seeds removed if you like it less spicy) $ 1/2 teaspoon Chinese five-spice powder $ One 10- ounce package Japanese curly noodles or chuka soba $ 1 cup low- sodium vegetable broth $ 4 cups chopped kale $ 1 tablespoon unsalted butter $ 2 scallions, chopped $ ",Soup/Stew $ Mushroom $ Low Fat $ Kid-Friendly $ Kale $ Healthy $ Vegan $ Noodle $ ,Asian $ ,3/4,2,Soup/Stew $ Mushroom $ Low Fat $ Kid-Friendly $ Kale $ Healthy $ Vegan $ Noodle $ Asian $ 
https://www.epicurious.com/recipes/food/views/miso-glazed-turnips-51263450,Miso-Glazed Turnips ,"1 pound small turnips, trimmed, scrubbed, cut into 1"" wedges $ 2 tablespoons white miso $ 2 tablespoons unsalted butter $ 1 teaspoon sugar $ Kosher salt, freshly ground pepper $ 2 tablespoons fresh lemon juice $ ",Side $ Kid-Friendly $ Quick & Easy $ Turnip $ Healthy $ Bon Appétit $ Kidney Friendly $ Vegetarian $ Pescatarian $ Wheat/Gluten-Free $ Peanut Free $ Tree Nut Free $ Kosher $ ,Asian $ ,2.5/4,5,Side $ Kid-Friendly $ Quick & Easy $ Turnip $ Healthy $ Bon Appétit $ Kidney Friendly $ Vegetarian $ Pescatarian $ Wheat/Gluten-Free $ Peanut Free $ Tree Nut Free $ Kosher $ Asian $ 
https://www.epicurious.com/recipes/food/views/beef-and-broccoli-stir-fry-51262440,Beef and Broccoli Stir-Fry ,"1/3 cup soy sauce $ 1/2 teaspoon sesame oil (I like to use toasted) $ 1 tablespoon honey $ 1 clove garlic, finely chopped or grated $ 1 teaspoon fresh ginger, finely chopped or grated $ 1 teaspoon cornstarch $ 1 teaspoon water $ 1 pound boneless sirloin, tri tip, flank or skirt steak - sliced into 2 x 1/2 inch strips $ 1 package (14 ounces) frozen or fresh broccoli florets $ 3 teaspoons vegetable oil $ ",Beef $ Stir-Fry $ Kid-Friendly $ Quick & Easy $ Dinner $ Lunch $ Broccoli $ Healthy $ Soy Sauce $ Weelicious $ Dairy Free $ Peanut Free $ Tree Nut Free $ ,Asian $ ,3.5/4,24,Beef $ Stir-Fry $ Kid-Friendly $ Quick & Easy $ Dinner $ Lunch $ Broccoli $ Healthy $ Soy Sauce $ Weelicious $ Dairy Free $ Peanut Free $ Tree Nut Free $ Asian $ 
https://www.epicurious.com/recipes/food/views/cold-soba-noodles-51262810,Cold Soba Noodles ,"1 9.5 ounce package soba noodles $ 1 cup shelled edamame $ 1 small red bell pepper, julienne $ 1 cup cubed firm tofu $ 1/4 cup almond or peanut butter $ 2 tablespoons vegannaise or mayonnaise $ 2 tablespoons braggs liquid aminos or soy sauce $ 1 tablespoon rice wine vinegar $ 2 teaspoons honey or agave $ 1 garlic clove $ 1 inch piece ginger, peeled and chopped $ 1 tablespoon sesame oil $ 1/4 cup vegetable or grape seed oil $ ",Kid-Friendly $ Quick & Easy $ Dinner $ Lunch $ Healthy $ Vegan $ Noodle $ Weelicious $ ,Asian $ ,4/4,3,Kid-Friendly $ Quick & Easy $ Dinner $ Lunch $ Healthy $ Vegan $ Noodle $ Weelicious $ Asian $ 
https://www.epicurious.com/recipes/food/views/orange-chicken-51262710,Orange Chicken ,"1 cup orange juice $ 2 teaspoons ginger, grated $ 1 teaspoon honey $ 1 garlic clove, minced $ 2 tablespoons soy sauce $ 1 tablespoon vegetable or canola oil $ 1 pound chicken breast, cubed, boneless, skinless $ 1 cup snow peas, halved $ 1 red bell pepper, cut into 1-inch thin strips $ ",Chicken $ Sauté $ Low Fat $ Kid-Friendly $ Quick & Easy $ Low Cal $ Dinner $ Healthy $ Weelicious $ Dairy Free $ Peanut Free $ Tree Nut Free $ Kosher $ ,Asian $ ,2.5/4,3,Chicken $ Sauté $ Low Fat $ Kid-Friendly $ Quick & Easy $ Low Cal $ Dinner $ Healthy $ Weelicious $ Dairy Free $ Peanut Free $ Tree Nut Free $ Kosher $ Asian $ 
https://www.epicurious.com/recipes/food/views/roasted-hot-honey-shrimp-with-bok-choy-and-kimchi-rice-51261050,Roasted Hot-Honey Shrimp with Bok Choy and Kimchi Rice ,"1 1/2 pounds baby bok choy (about 3 heads), halved lengthwise (quartered lengthwise if large) $ 3 tablespoons vegetable oil, such as grapeseed, divided $ 1 1/2 teaspoons kosher salt, divided $ 1/2 teaspoon red-pepper flakes $ 2 tablespoons honey $ 1 tablespoon low-sodium soy sauce $ 1 1/2 pounds large tail-on shrimp, peeled and deveined $ 1 tablespoon toasted sesame oil $ 3/4 cup jasmine rice $ 3/4 cup kimchi, thinly sliced $ 1 scallion, thinly sliced $ 1 1/2 teaspoons toasted sesame seeds $ 4 lime wedges, for serving $ ",Kid-Friendly $ Quick & Easy $ Dinner $ Shrimp $ Bok Choy $ 22-Minute Meals $ Pescatarian $ Dairy Free $ Peanut Free $ Tree Nut Free $ ,Asian $ ,3/4,23,Kid-Friendly $ Quick & Easy $ Dinner $ Shrimp $ Bok Choy $ 22-Minute Meals $ Pescatarian $ Dairy Free $ Peanut Free $ Tree Nut Free $ Asian $ 
https://www.epicurious.com/recipes/food/views/quick-marinated-skirt-steak-with-sriracha-potatoes-and-spinach-51261040,Quick-Marinated Skirt Steak with Sriracha Potatoes and Spinach ,"1 pound small fingerling potatoes, halved lengthwise $ 5 tablespoons vegetable oil, such as grapeseed, divided $ 3/4 teaspoon kosher salt, divided $ 1/2 teaspoon freshly ground black pepper, divided $ 1/4 cup plus 1 tablespoon soy sauce, divided $ 1/4 cup hot chile paste, such as sambal oelek $ 1 1/2 pounds skirt steak, cut into four equal-sized pieces $ 1/4 cup chicken or vegetable broth $ 1 1/2 pounds spinach, trimmed if needed $ 3 tablespoons mayonnaise $ 1 tablespoon Sriracha paste $ Bonito flakes, for serving (optional) $ ",Potato $ Kid-Friendly $ Quick & Easy $ Dinner $ Steak $ Spinach $ Soy Sauce $ 22-Minute Meals $ Sugar Conscious $ Dairy Free $ Peanut Free $ Tree Nut Free $ Kosher $ ,Asian $ ,4/4,26,Potato $ Kid-Friendly $ Quick & Easy $ Dinner $ Steak $ Spinach $ Soy Sauce $ 22-Minute Meals $ Sugar Conscious $ Dairy Free $ Peanut Free $ Tree Nut Free $ Kosher $ Asian $ 
https://www.epicurious.com/recipes/food/views/spicy-charred-octopus-51260220,Spicy Charred Octopus ,"2 garlic cloves $ 1 1"" piece ginger, peeled $ 1 red Thai chile $ 1/2 cup hot chili paste $ 2 tablespoons fish sauce $ 1 tablespoon fresh lime juice $ 1 tablespoon gochugaru (Korean red pepper powder) $ 1 tablespoon unseasoned rice vinegar $ 6 tablespoons olive oil, divided, plus more for drizzling $ 1 medium onion, chopped $ 1 carrot, peeled, chopped $ 1 celery stalk, chopped $ 2 teaspoons coriander seeds $ 2 teaspoons hot smoked Spanish paprika $ 1 750-ml bottle Cabernet Sauvignon $ 1/2 cup red wine vinegar $ Kosher salt, freshly ground pepper $ 1 5–6 pound octopus, cleaned, head and beak removed $ 2 tablespoons unsalted butter $ 1 cup torn fresh tender herbs (such as basil, mint, and/or cilantro) $ 1 tablespoon fresh lime juice $ 1/2 cup plain whole-milk Greek yogurt $ Gochugaru can be found in Korean markets. $ ",Braise $ Dinner $ Octopus $ Bon Appétit $ Pescatarian $ Wheat/Gluten-Free $ Peanut Free $ ,Asian $ ,4/4,3,Braise $ Dinner $ Octopus $ Bon Appétit $ Pescatarian $ Wheat/Gluten-Free $ Peanut Free $ Asian $ 
https://www.epicurious.com/recipes/food/views/pigs-in-a-blanket-with-hoisin-and-scallion-51259820,Pigs-in-a-Blanket with Hoisin and Scallion ,"1 large egg $ One 14- to 17-ounce box of puff pastry (preferably all-butter puff), thawed according to package directions $ Chinese five-spice powder, for sprinkling $ 2 pounds fully cooked pork breakfast sausage (preferably unflavored), halved lengthwise if thick, and cut into 32 pieces (about 2 1/2 inches each) $ 3 tablespoons hoisin sauce $ 2 scallions, thinly sliced $ Sesame seeds, for sprinkling $ ",Appetizer $ Sausage $ Phyllo/Puff Pastry Dough $ snack $ Hors D'Oeuvre $ ,Chinese $ Asian $ ,0/4,0,Appetizer $ Sausage $ Phyllo/Puff Pastry Dough $ snack $ Hors D'Oeuvre $ Chinese $ Asian $ 
https://www.epicurious.com/recipes/food/views/matcha-white-chocolate-sugar-cookies-51259300,Matcha-White Chocolate Sugar Cookies ,"3/4 cup granulated sugar, divided $ 1/2 teaspoons plus 2 tablespoons matcha $ 2 cups all-purpose flour $ 3/4 teaspoons baking soda $ 1/2 teaspoons kosher salt $ 1 cup (2 sticks) plus 2 tablespoons unsalted butter, cut into pieces, room temperature $ 1/2 cup (packed) light brown sugar $ 1 1/2 tablespoons honey $ 1 large egg $ 1 large egg yolk $ 2 teaspoons finely grated lemon zest $ 3 ounces white chocolate, chopped $ ",Cookies $ Chocolate $ Dessert $ Bon Appétit $ San Francisco $ White Chocolate $ Tea $ ,Asian $ Japanese $ ,3/4,5,Cookies $ Chocolate $ Dessert $ Bon Appétit $ San Francisco $ White Chocolate $ Tea $ Asian $ Japanese $ 
https://www.epicurious.com/recipes/food/views/cranberry-sauce-with-mustard-seeds-and-orange-51253010,Cranberry Sauce with Mustard Seeds and Orange ,"1 tablespoon extra-virgin olive oil $ 1 large shallot, chopped $ 1 tablespoon finely chopped peeled ginger $ Kosher salt and freshly ground black pepper $ 1 tablespoon yellow mustard seeds $ 1 cinnamon stick $ 1 10-ounce bag fresh or frozen cranberries (about 2 cups) $ 1/3 cup sugar $ 2 strips orange zest (about 4"" each) $ ",Mustard $ Thanksgiving $ Cranberry $ Orange $ Cinnamon $ ,Asian $ ,3.5/4,3,Mustard $ Thanksgiving $ Cranberry $ Orange $ Cinnamon $ Asian $ 
https://www.epicurious.com/recipes/food/views/brussels-sprouts-salad-with-szechuan-peppercorn-and-celery-51253020,Brussels Sprouts Salad with Szechuan Peppercorn and Celery ,"3 tablespoons vegetable oil, such as grapeseed $ 1 tablespoon toasted sesame oil $ 1/3 cup rice-wine vinegar $ 1 large pinch ground white pepper $ 1 tablespoon Szechuan peppercorns, lightly crushed $ Kosher salt $ 1 1/2 pounds Brussels sprouts, trimmed $ 3 celery stalks, thinly sliced (about 1 cup) $ 1 serrano chile, thinly sliced (optional) $ 1 cup cilantro (tender stems and leaves) $ ",Side $ Thanksgiving $ Celery $ Brussels Sprout $ Sugar Conscious $ Vegan $ Vegetarian $ Pescatarian $ Dairy Free $ Wheat/Gluten-Free $ Peanut Free $ Tree Nut Free $ Soy Free $ No Sugar Added $ Kosher $ ,Asian $ ,2.5/4,2,Side $ Thanksgiving $ Celery $ Brussels Sprout $ Sugar Conscious $ Vegan $ Vegetarian $ Pescatarian $ Dairy Free $ Wheat/Gluten-Free $ Peanut Free $ Tree Nut Free $ Soy Free $ No Sugar Added $ Kosher $ Asian $ 
https://www.epicurious.com/recipes/food/views/spiced-custard-pie-with-sesame-crust-51253210,Spiced Custard Pie with Sesame Crust ,"1 1/4 cups all-purpose flour, plus more for rolling $ 1 tablespoon sugar $ 1/2 teaspoon kosher salt $ 1/2 cup (1 stick) unsalted butter, chilled and cut into small pieces $ 1 tablespoon raw sesame seeds $ 3 cups half-and-half $ 2/3 cup plus 1 tablespoon granulated sugar, divided $ 1/3 cup sliced ginger (from a 3-inch piece) $ 1 stick cinnamon $ 2 cloves $ 8 large egg yolks, at room temperature $ 1 teaspoon vanilla extract $ a 9-inch pie pan; pie weights or dried beans, a small culinary torch $ ",Thanksgiving $ ,Asian $ ,0/4,0,Thanksgiving $ Asian $ 
https://www.epicurious.com/recipes/food/views/pan-roasted-carrots-with-miso-butter-51252750,Pan-Roasted Carrots with Miso-Butter ,"2 tablespoons extra-virgin olive oil $ 2 pounds carrots, preferably small young ones, peeled and split crosswise $ Kosher salt $ 2 garlic cloves, chopped $ 2 scallions, thinly sliced, white and green parts separated $ ¼ cup mirin (Japanese rice wine) $ 2 tablespoons white or yellow miso paste $ 2 tablespoons unsalted butter, diced $ 2 tablespoons rice vinegar $ ",Side $ Thanksgiving $ Carrot $ Vegetarian $ Pescatarian $ Wheat/Gluten-Free $ Peanut Free $ Tree Nut Free $ Kosher $ ,Asian $ ,4/4,8,Side $ Thanksgiving $ Carrot $ Vegetarian $ Pescatarian $ Wheat/Gluten-Free $ Peanut Free $ Tree Nut Free $ Kosher $ Asian $ 
https://www.epicurious.com/recipes/food/views/crunchy-turkey-salad-with-peanut-dressing-51255510,Crunchy Turkey Salad with Peanut Dressing ,"1/4 cup creamy peanut butter $ 2 tablespoons unseasoned rice vinegar $ 1 tablespoon soy sauce $ 1 teaspoon Sriracha $ 2 cups shredded cooked turkey meat $ 1 cup shredded green or Napa cabbage $ 1 cup fresh cilantro leaves with tender stems $ 1 cup fresh mint leaves $ 1 large carrot, shaved lengthwise with a vegetable peeler $ Lime wedges for serving $ ",Salad $ turkey $ Brunch $ Thanksgiving $ Kid-Friendly $ Quick & Easy $ Lunch $ Bon Appétit $ Sugar Conscious $ Dairy Free $ Tree Nut Free $ No Sugar Added $ Kosher $ ,Asian $ ,2.5/4,2,Salad $ turkey $ Brunch $ Thanksgiving $ Kid-Friendly $ Quick & Easy $ Lunch $ Bon Appétit $ Sugar Conscious $ Dairy Free $ Tree Nut Free $ No Sugar Added $ Kosher $ Asian $ 
https://www.epicurious.com/recipes/food/views/quick-pork-pho-51252620,Quick Pork Pho ,"1 medium onion, peeled, halved through root end $ 2 chiles de árbol or 1/2 teaspoon crushed red pepper flakes $ 2 garlic cloves, crushed $ 1 cinnamon stick $ 2 star anise pods $ 1 teaspoon fennel seeds $ 1 1"" piece ginger, peeled, crushed $ 8 cups low-sodium chicken broth $ 2 tablespoons vegetable oil $ 2 bone-in pork shoulder steaks (about 12 ounces each) $ Kosher salt $ freshly ground pepper $ 8 ounces thin rice stick noodles $ Mung bean sprouts $ fresh cilantro leaves with tender stems $ thinly sliced scallions $ chopped unsalted, roasted peanuts $ lime wedges $ ",Soup/Stew $ Pork $ Dinner $ Lunch $ Meat $ Anise $ Cinnamon $ Noodle $ Bon Appétit $ ,Asian $ Vietnamese $ ,3.5/4,15,Soup/Stew $ Pork $ Dinner $ Lunch $ Meat $ Anise $ Cinnamon $ Noodle $ Bon Appétit $ Asian $ Vietnamese $ 
https://www.epicurious.com/recipes/food/views/sweet-n-spicy-sriracha-glazed-salmon-51252440,Sweet 'n' Spicy Sriracha-Glazed Salmon ,"1/4 cup reduced-sodium soy sauce (or tamari for gluten-free) $ 2 tablespoons honey $ 1 tablespoon rice vinegar $ 1 tablespoon Sriracha sauce (or to taste) $ 1 tablespoon grated fresh ginger $ 1 tablespoon minced garlic $ 1 pound wild salmon fillet, cut into 4 (4-ounce) pieces $ 1 1/2 teaspoons sesame oil $ 2 tablespoons finely chopped scallions, for garnish $ ",Low Carb $ Low Fat $ Low Cal $ Salmon $ ,Asian $ ,4/4,15,Low Carb $ Low Fat $ Low Cal $ Salmon $ Asian $ 
https://www.epicurious.com/recipes/food/views/crushed-cucumbers-with-lime-pickle-and-coconut-51248470,Crushed Cucumbers with Lime Pickle and Coconut ,"1 large English hothouse cucumber, sliced into 1/2""-thick rounds $ 1/4 cup prepared lime pickle, very finely chopped until almost a paste $ Kosher salt $ 2 tablespoons fresh mint leaves $ 2 tablespoons small dill sprigs $ 1 tablespoons chili oil $ 2 tablespoons Asian fried garlic (optional) $ MSG (optional; for serving) $ 1/2 cup unsweetened coconut milk $ ",Herb $ Side $ Lime $ Coconut $ Cucumber $ Bon Appétit $ Sugar Conscious $ Vegan $ Vegetarian $ Pescatarian $ Dairy Free $ Wheat/Gluten-Free $ Peanut Free $ Tree Nut Free $ Soy Free $ No Sugar Added $ Kosher $ ,Asian $ ,0/4,0,Herb $ Side $ Lime $ Coconut $ Cucumber $ Bon Appétit $ Sugar Conscious $ Vegan $ Vegetarian $ Pescatarian $ Dairy Free $ Wheat/Gluten-Free $ Peanut Free $ Tree Nut Free $ Soy Free $ No Sugar Added $ Kosher $ Asian $ 
https://www.epicurious.com/recipes/food/views/chopstick-ready-rice-51240420,Chopstick Ready Rice ,2 cups shortgrain white rice $ 2 cups water $ ,Rice $ Side $ Bon Appétit $ Fat Free $ Sugar Conscious $ Low Sugar $ Kidney Friendly $ Vegan $ Vegetarian $ Pescatarian $ Dairy Free $ Wheat/Gluten-Free $ Peanut Free $ Tree Nut Free $ Soy Free $ No Sugar Added $ Kosher $ ,Asian $ ,0/4,0,Rice $ Side $ Bon Appétit $ Fat Free $ Sugar Conscious $ Low Sugar $ Kidney Friendly $ Vegan $ Vegetarian $ Pescatarian $ Dairy Free $ Wheat/Gluten-Free $ Peanut Free $ Tree Nut Free $ Soy Free $ No Sugar Added $ Kosher $ Asian $ 
https://www.epicurious.com/recipes/food/views/roasted-sardines-with-carrot-fennel-slaw-51238870,Roasted Sardines with Carrot-Fennel Slaw ,"1/4 cup plus 1 tablespoon brown rice vinegar, divided $ 1 teaspoon natural cane sugar $ 1/4 teaspoon fine sea salt $ 1/4 teaspoon crushed red pepper flakes $ 6 rainbow carrots $ 1 small fennel bulb with fronds, cored $ 8 large sardines $ 3 tablespoons white miso $ 1 tablespoon mirin $ 1 teaspoon brown sugar $ 1 garlic clove, minced $ Toasted sesame oil $ ",Appetizer $ Side $ Roast $ Low Fat $ Quick & Easy $ High Fiber $ Dinner $ Lunch $ Buffet $ Carrot $ Healthy $ Sardine $ ,Asian $ ,0/4,0,Appetizer $ Side $ Roast $ Low Fat $ Quick & Easy $ High Fiber $ Dinner $ Lunch $ Buffet $ Carrot $ Healthy $ Sardine $ Asian $ 
https://www.epicurious.com/recipes/food/views/salmon-with-sriracha-sauce-and-lime-51238260,Salmon with Sriracha Sauce and Lime ,"Zest and juice of 1/2 lime $ 1 tablespoon maple syrup $ 1 1/2 teaspoons Sriracha $ 1/2 teaspoon coarse sea salt $ 1 1/4 pound salmon fillet, skin removed $ 2 tablespoons coarsely chopped cilantro $ ",Bake $ Low Carb $ Low Fat $ Quick & Easy $ Low Cal $ Dinner $ Lunch $ Salmon $ Healthy $ Self $ Sugar Conscious $ Pescatarian $ Paleo $ Dairy Free $ Wheat/Gluten-Free $ Peanut Free $ Tree Nut Free $ Soy Free $ ,Asian $ ,4/4,11,Bake $ Low Carb $ Low Fat $ Quick & Easy $ Low Cal $ Dinner $ Lunch $ Salmon $ Healthy $ Self $ Sugar Conscious $ Pescatarian $ Paleo $ Dairy Free $ Wheat/Gluten-Free $ Peanut Free $ Tree Nut Free $ Soy Free $ Asian $ 
https://www.epicurious.com/recipes/food/views/sesame-rice-noodles-with-shrimp-51235820,Sesame Rice Noodles with Shrimp ,"1/4 cup gluten-free tamari or soy sauce $ 1/4 cup rice vinegar, divided $ 2 tablespoons toasted sesame oil $ 2 garlic cloves, minced $ 2 tablespoons honey $ 1 teaspoon Sriracha $ 1 cup peeled, seeded, julienned cucumber $ 1 cup peeled, julienned carrots $ 1 cup julienned radishes $ 2 scallions, thinly sliced $ 1 tsp salt $ 1/2 lb brown-rice spaghetti $ 1/2 lb shrimp, peeled and deveined $ 1 teaspoon sesame seeds (black or regular) $ ",,,0,0,
https://www.epicurious.com/recipes/food/views/soy-glazed-chicken-thighs-with-asparagus-and-scallions-51233840,Soy-Glazed Chicken Thighs with Asparagus and Scallions ,"2 teaspoons aniseed $ 4 garlic cloves, finely chopped $ 1/4 cup fresh lime juice, plus wedges for serving $ 1/4 cup reduced-sodium soy sauce $ 2 tablespoons honey $ 8 chicken thighs (about 4 pounds) $ 1 bunch asparagus (about 3/4 pound), trimmed $ 2 bunches scallions, trimmed $ 2 tablespoons vegetable oil $ Kosher salt, freshly ground pepper $ 1/2 cup fresh cilantro leaves with tender stems $ ",Chicken $ Kid-Friendly $ Dinner $ Lunch $ Buffet $ Asparagus $ Bon Appétit $ ,Asian $ ,3/4,9,Chicken $ Kid-Friendly $ Dinner $ Lunch $ Buffet $ Asparagus $ Bon Appétit $ Asian $ 
https://www.epicurious.com/recipes/food/views/noodle-salad-with-chicken-and-chile-scallion-oil-51232420,Noodle Salad With Chicken and Chile-Scallion Oil ,"2 scallions, thinly sliced $ 2 garlic cloves, thinly sliced $ 2 star anise pods $ 2 tablespoons crushed red pepper flakes $ 1 tablespoon chopped fresh ginger $ 1 teaspoon Sichuan peppercorns $ 1/2 cup vegetable oil $ 6 ounces Japanese wheat noodles (such as ramen, somen, or udon) $ 2 tablespoons reduced-sodium soy sauce $ 2 tablespoons unseasoned rice vinegar $ 2 teaspoons sugar $ 1 teaspoon toasted sesame oil $ 2 cups shredded cooked chicken $ 2 scallions, thinly sliced $ 1/2 large English hothouse cucumber, halved lengthwise, thinly sliced $ 4 radishes, trimmed, thinly sliced $ 1 cup cilantro leaves or any sprout $ ",Salad $ Chicken $ Quick & Easy $ Lunch $ Noodle $ Bon Appétit $ Dairy Free $ Peanut Free $ Tree Nut Free $ Kosher $ ,Asian $ ,4/4,31,Salad $ Chicken $ Quick & Easy $ Lunch $ Noodle $ Bon Appétit $ Dairy Free $ Peanut Free $ Tree Nut Free $ Kosher $ Asian $ 
https://www.epicurious.com/recipes/food/views/shrimp-in-achiote-oil-51231640,Shrimp in Achiote Oil ,"1/4 cup peanut or vegetable oil $ 2 tablespoons achiote (annatto) seeds $ 2 tablespoons unsalted butter $ 1–2 Thai chiles, with seeds, thinly sliced $ 4 garlic cloves, finely chopped $ 2 tablespoons fresh calamansi or lime juice $ 1 tablespoon reduced-sodium soy sauce $ 1 1/4 pounds large shrimp, peeled, deveined $ Kosher salt, freshly ground pepper $ 2 scallions, thinly sliced $ Toasted country-style bread (for serving) $ ",Shellfish $ Quick & Easy $ Seafood $ Shrimp $ Bon Appétit $ ,Asian $ ,3.5/4,2,Shellfish $ Quick & Easy $ Seafood $ Shrimp $ Bon Appétit $ Asian $ 
https://www.epicurious.com/recipes/food/views/spicy-kimchi-tofu-stew-51223900,Spicy Kimchi Tofu Stew ,"Kosher salt $ 1 16-ounce package silken tofu, cut into 1"" pieces $ 1 tablespoon vegetable oil $ 4 cups gently squeezed cabbage kimchi, chopped, plus 1 cup liquid $ 2 tablespoons gochujang (Korean hot pepper paste) $ 8 scallions, cut into 1"" pieces $ 2 tablespoons reduced-sodium soy sauce $ 1 tablespoon toasted sesame oil $ Freshly ground black pepper $ 6 large egg yolks $ 2 tablespoons toasted sesame seeds $ ",Soy $ Stew $ Dinner $ Tofu $ Soy Sauce $ Sesame Oil $ Bon Appétit $ Quick and Healthy $ Sugar Conscious $ Vegetarian $ Pescatarian $ Dairy Free $ Peanut Free $ Tree Nut Free $ No Sugar Added $ Kosher $ ,Asian $ Korean $ ,3.5/4,12,Soy $ Stew $ Dinner $ Tofu $ Soy Sauce $ Sesame Oil $ Bon Appétit $ Quick and Healthy $ Sugar Conscious $ Vegetarian $ Pescatarian $ Dairy Free $ Peanut Free $ Tree Nut Free $ No Sugar Added $ Kosher $ Asian $ Korean $ 
https://www.epicurious.com/recipes/food/views/massaman-chicken-51223860,Massaman Chicken ,"1 tablespoon vegetable oil $ 1 4–4 1/2-pound chicken, cut into 10 pieces $ Kosher salt $ 4 medium Yukon Gold potatoes (about 1 1/2 pounds), quartered $ 2 medium red onions, cut into wedges $ 3/4 cup prepared massaman curry paste $ 12 ounces Belgian-style wheat beer $ 4 13.5-ounce cans unsweetened coconut milk $ 2 cups low-sodium chicken broth $ 1/2 cup fish sauce $ 1/4 cup fresh lime juice $ 1 tablespoon palm or light brown sugar $ 1 teaspoon red chile powder $ Freshly ground black pepper $ Cilantro sprigs, fried shallots, and cooked rice (for serving) $ ",Chicken $ Potato $ Stew $ Quick & Easy $ Dinner $ Curry $ Simmer $ Bon Appétit $ Dairy Free $ Peanut Free $ Tree Nut Free $ Soy Free $ ,Asian $ Thai $ Southeast Asian $ ,3.5/4,17,Chicken $ Potato $ Stew $ Quick & Easy $ Dinner $ Curry $ Simmer $ Bon Appétit $ Dairy Free $ Peanut Free $ Tree Nut Free $ Soy Free $ Asian $ Thai $ Southeast Asian $ 
https://www.epicurious.com/recipes/food/views/toasted-coconut-sundaes-with-candied-peanuts-51223870,Toasted Coconut Sundaes with Candied Peanuts ,"1/2 cup unsweetened shredded coconut $ 1/2 cup granulated sugar $ 1 cup unsalted, dry-roasted peanuts $ 1/2 cup palm or light brown sugar $ 2 cups heavy cream, divided $ 2 pints coconut ice cream or sorbet $ 8 butter coconut cookies (for serving) $ Ingredient info: Butter coconut cookies are available at many Asian markets. $ ",Dessert $ Coconut $ Peanut $ Bon Appétit $ Vegetarian $ Pescatarian $ Tree Nut Free $ Soy Free $ Kosher $ ,Asian $ Thai $ Southeast Asian $ ,4/4,1,Dessert $ Coconut $ Peanut $ Bon Appétit $ Vegetarian $ Pescatarian $ Tree Nut Free $ Soy Free $ Kosher $ Asian $ Thai $ Southeast Asian $ 
https://www.epicurious.com/recipes/food/views/green-mango-salad-51223850,Green Mango Salad ,"2 Thai green or red chiles, with seeds, chopped $ 1 garlic clove, chopped $ 1/2 cup (or more) fresh lime juice $ 1/4 cup fish sauce $ 2 tablespoons vegetable oil $ 2 teaspoons palm or light brown sugar $ 4 green mangoes or 1 green papaya, julienned on a mandoline $ 2 medium shallots, thinly sliced $ 1/2 cup unsalted, dry-roasted peanuts, coarsely chopped $ 1/2 cup fresh cilantro leaves $ 1/4 cup fresh mint leaves $ 2 tablespoons toasted dried shrimp (optional) $ 2 tablespoons toasted sesame seeds $ Kosher salt $ ",Salad $ Blender $ Quick & Easy $ Lunch $ Mango $ Peanut $ Cilantro $ Lime Juice $ Chile Pepper $ Bon Appétit $ Pescatarian $ Wheat/Gluten-Free $ Tree Nut Free $ Soy Free $ ,Asian $ Thai $ Southeast Asian $ ,0/4,0,Salad $ Blender $ Quick & Easy $ Lunch $ Mango $ Peanut $ Cilantro $ Lime Juice $ Chile Pepper $ Bon Appétit $ Pescatarian $ Wheat/Gluten-Free $ Tree Nut Free $ Soy Free $ Asian $ Thai $ Southeast Asian $ 
https://www.epicurious.com/recipes/food/views/happy-family-51219820,Happy Family ,"3 tablespoons extra-virgin olive oil $ 3 garlic cloves, minced $ 1 fresh red chile pepper, minced $ 1 1/2 cups peeled and julienned turnips $ 1 medium carrot, peeled and julienned $ 1 small yellow bell pepper, julienned $ 2 tablespoons low-sodium soy sauce $ 4 1/2 teaspoons rice wine or dry sherry $ 1 teaspoon chile sesame oil, for garnish $ ",Vegetable $ Side $ Stir-Fry $ Vegetarian $ Dinner $ Lunar New Year $ Bell Pepper $ Turnip $ Chile Pepper $ Sugar Conscious $ Vegan $ Pescatarian $ Dairy Free $ Peanut Free $ Tree Nut Free $ Kosher $ ,Asian $ ,4/4,1,Vegetable $ Side $ Stir-Fry $ Vegetarian $ Dinner $ Lunar New Year $ Bell Pepper $ Turnip $ Chile Pepper $ Sugar Conscious $ Vegan $ Pescatarian $ Dairy Free $ Peanut Free $ Tree Nut Free $ Kosher $ Asian $ 
https://www.epicurious.com/recipes/food/views/crispy-spring-rolls-with-spicy-tofu-vegetables-and-toasted-nuts-51219810,"Crispy Spring Rolls with Spicy Tofu, Vegetables, and Toasted Nuts ","2 tablespoons olive oil or canola oil $ 2 teaspoons minced fresh ginger $ 2 garlic cloves, minced $ One 8-ounce package Thai- or teriyaki-flavored tofu, cut into 1/2-inch cubes $ 1 cup (about 3 ounces) finely chopped fresh oyster mushrooms $ 1/2 cup finely diced carrot $ 1/2 cup finely diced water chestnuts $ 2 tablespoons tamari sauce $ 3/4 cup toasted peanuts or walnuts , coarsely chopped, 1/4 cup reserved for garnish $ 2 green onions, minced $ 1 teaspoon sesame oil $ Twelve 8-inch round dried rice paper wrappers (see note) $ 1 head Boston or Bibb lettuce, leaves washed and separated $ Lime-Soy-Ginger Sauce , for serving $ ",Nut $ Broil $ Vegetarian $ Kid-Friendly $ Dinner $ Lunar New Year $ Tofu $ Carrot $ Lettuce $ Sugar Conscious $ Kidney Friendly $ Vegan $ Pescatarian $ Dairy Free $ Wheat/Gluten-Free $ Kosher $ ,Asian $ ,3.5/4,3,Nut $ Broil $ Vegetarian $ Kid-Friendly $ Dinner $ Lunar New Year $ Tofu $ Carrot $ Lettuce $ Sugar Conscious $ Kidney Friendly $ Vegan $ Pescatarian $ Dairy Free $ Wheat/Gluten-Free $ Kosher $ Asian $ 
https://www.epicurious.com/recipes/food/views/lime-soy-ginger-sauce-51220010,Lime-Soy-Ginger Sauce ,"1/4 cup low-sodium soy sauce $ 1 tablespoon rice vinegar $ 2 tablespoons fresh lime juice $ 1 1/2 teaspoons sesame oil $ 1 tablespoon thinly shredded fresh ginger $ 1 green onion, green part only, minced $ 2 teaspoons black sesame seeds, toasted (see note) $ ",Sauce $ Ginger $ Quick & Easy $ Lunar New Year $ Soy Sauce $ Lime Juice $ ,Asian $ ,0/4,0,Sauce $ Ginger $ Quick & Easy $ Lunar New Year $ Soy Sauce $ Lime Juice $ Asian $ 
https://www.epicurious.com/recipes/food/views/curry-coconut-shrimp-51220020,Curry-Coconut Shrimp ,"1/4 cup unsweetened coconut milk $ 1 1/2 tablespoons fish sauce $ 1 tablespoon fresh lemon juice $ 3 tablespoons seeded and finely chopped red bell pepper $ 1 tablespoon minced fresh cilantro leaves $ 1 teaspoon sugar $ 1 teaspoon curry powder $ 1 1/2 pounds large shrimp, peeled and deveined $ 2 cups cooked brown rice $ 4 lemon wedges, for serving $ Fresh cilantro sprigs, for garnish (optional) $ ",Rice $ Shellfish $ Dinner $ Lunar New Year $ Seafood $ Shrimp $ Curry $ Sugar Conscious $ Pescatarian $ Dairy Free $ Wheat/Gluten-Free $ Peanut Free $ Tree Nut Free $ Soy Free $ ,Asian $ ,3.5/4,12,Rice $ Shellfish $ Dinner $ Lunar New Year $ Seafood $ Shrimp $ Curry $ Sugar Conscious $ Pescatarian $ Dairy Free $ Wheat/Gluten-Free $ Peanut Free $ Tree Nut Free $ Soy Free $ Asian $ 
https://www.epicurious.com/recipes/food/views/perfect-instant-ramen-51211010,Perfect Instant Ramen ,"2 1/2 cups water $ 1 pack Shin Ramyun or whatever pack of instant ramen you have $ 1 egg $ 1/2 teaspoon butter $ 2 slices American cheese $ 1/4 teaspoon roasted sesame seeds $ 1/2 scallion, green part only, thinly sliced on a bias $ ",Noodle $ ,Asian $ ,3.5/4,4,Noodle $ Asian $ 
https://www.epicurious.com/recipes/food/views/sesame-miso-vinaigrette-51210220,Sesame-Miso Vinaigrette ,"1 red Fresno chile, with seeds, finely chopped $ 1/4 cup vegetable oil $ 2 tablespoons fresh lime juice $ 2 tablespoons white miso $ 1 tablespoon reduced-sodium soy sauce $ 1 tablespoon unseasoned rice vinegar $ 1 teaspoon toasted sesame oil $ 1 teaspoon toasted sesame seeds $ 1/2 teaspoon grated peeled ginger $ ",Vegetarian $ Quick & Easy $ Salad Dressing $ Hot Pepper $ Healthy $ Vegan $ Soy Sauce $ Lime Juice $ Chile Pepper $ Sesame Oil $ Bon Appétit $ ,Asian $ ,3.5/4,3,Vegetarian $ Quick & Easy $ Salad Dressing $ Hot Pepper $ Healthy $ Vegan $ Soy Sauce $ Lime Juice $ Chile Pepper $ Sesame Oil $ Bon Appétit $ Asian $ 
https://www.epicurious.com/recipes/food/views/teriyaki-salmon-51210420,Teriyaki Salmon ,"Kosher salt $ 1 pound salmon fillet, cut into 8 pieces $ 1/4 cup Canal House Teriyaki Sauce $ ",Fish $ Quick & Easy $ Dinner $ Seafood $ Salmon $ Healthy $ Bon Appétit $ ,Asian $ ,4/4,3,Fish $ Quick & Easy $ Dinner $ Seafood $ Salmon $ Healthy $ Bon Appétit $ Asian $ 
https://www.epicurious.com/recipes/food/views/canal-house-teriyaki-sauce-51209690,Canal House Teriyaki Sauce ,1 cup (packed) light brown sugar $ 1 cup mirin $ 1 cup reduced-sodium soy sauce $ ,Sauce $ Quick & Easy $ Soy Sauce $ Simmer $ Bon Appétit $ ,Asian $ ,4/4,3,Sauce $ Quick & Easy $ Soy Sauce $ Simmer $ Bon Appétit $ Asian $ 
https://www.epicurious.com/recipes/food/views/sauteed-shiitake-mushrooms-51209700,Sautéed Shiitake Mushrooms ,"2 tablespoons olive oil $ 8 ounces shiitake mushrooms, stems removed $ 1/4 cup Canal House Teriyaki Sauce or 1 tablespoon (scant) prepared oyster sauce $ ",Mushroom $ Side $ Sauté $ Vegetarian $ Quick & Easy $ Healthy $ Vegan $ Bon Appétit $ Sugar Conscious $ Kidney Friendly $ Pescatarian $ Dairy Free $ Peanut Free $ Tree Nut Free $ Soy Free $ No Sugar Added $ ,Asian $ ,4/4,6,Mushroom $ Side $ Sauté $ Vegetarian $ Quick & Easy $ Healthy $ Vegan $ Bon Appétit $ Sugar Conscious $ Kidney Friendly $ Pescatarian $ Dairy Free $ Peanut Free $ Tree Nut Free $ Soy Free $ No Sugar Added $ Asian $ 
https://www.epicurious.com/recipes/food/views/ssam-sauce-51208810,Ssäm Sauce ,1 tablespoon ssämjang (fermented bean and chile paste) $ 1/2 tablespoon kochujang (chile paste) $ 1/4 cup sherry vinegar $ 1/4 cup grapeseed or other neutral oil $ ,Sauce $ ,Asian $ Korean $ ,4/4,1,Sauce $ Asian $ Korean $ 
https://www.epicurious.com/recipes/food/views/napa-cabbage-kimchi-aka-paechu-kimchi-51209010,Napa Cabbage Kimchi (aka paechu kimchi) ,"1 small to medium head Napa cabbage, discolored or loose outer leaves discarded $ 2 tablespoons kosher or coarse sea salt $ 1/2 cup plus 2 tablespoons sugar $ 20 garlic cloves, minced $ 20 slices peeled fresh ginger, minced $ 1/2 cup kochukaru (Korean chile powder) $ 1/4 cup fish sauce $ 1/4 cup usukuchi (light soy sauce) $ 2 teaspoons jarred salted shrimp $ 1/2 cup 1-inch pieces scallions (greens and whites) $ 1/2 cup julienned carrots $ ",Garlic $ Ginger $ Leafy Green $ Vegetable $ Chill $ Cabbage $ Advance Prep Required $ ,Asian $ Korean $ ,3/4,1,Garlic $ Ginger $ Leafy Green $ Vegetable $ Chill $ Cabbage $ Advance Prep Required $ Asian $ Korean $ 
https://www.epicurious.com/recipes/food/views/ginger-scallion-sauce-51209020,Ginger Scallion Sauce ,"2 1/2 cups thinly sliced scallions (greens and whites; from 1 to 2 large bunches) $ 1/2 cup finely minced peeled fresh ginger $ 1/4 cup grapeseed or other neutral oil $ 1 1/2 teaspoons usukuchi (light soy sauce) $ 3/4 teaspoon sherry vinegar $ 3/4 teaspoon kosher salt, or more to taste $ ",Sauce $ Ginger $ Onion $ No-Cook $ ,Asian $ Korean $ ,0/4,0,Sauce $ Ginger $ Onion $ No-Cook $ Asian $ Korean $ 
https://www.epicurious.com/recipes/food/views/short-grain-rice-51208620,Short-Grain Rice ,"2 cups short-grain white rice (sometimes labeled ""sushi rice"") $ 2 cups water (if cooking on the stovetop) $ ",Rice $ ,Asian $ ,2.5/4,2,Rice $ Asian $ 
https://www.epicurious.com/recipes/food/views/bo-ssam-51208610,Bo Ssäm ,"1 whole 8- to 10-pound bone-in Boston pork butt $ 1 cup granulated sugar $ 1 cup plus 1 tablespoon kosher salt $ 7 tablespoons light brown sugar $ 1 dozen oysters, shucked $ 1 cup Napa Cabbage Kimchi, plus 1 cup puréed $ 1 cup Ginger Scallion Sauce $ Ssäm Sauce $ 2 cups Short-Grain Rice $ 3 to 4 heads Bibb lettuce, leaves separated, well washed, and spun dry $ Maldon or other high-quality coarse sea salt $ ",Pork $ Roast $ Meat $ ,Asian $ Korean $ ,3/4,9,Pork $ Roast $ Meat $ Asian $ Korean $ 
https://www.epicurious.com/recipes/food/views/shrimp-pad-thai-for-two-51206850,Shrimp Pad Thai for Two ,"3 tablespoons water $ 2 teaspoons prepared tamarind paste, preferably unsweetened, such as Neera's or Rani brands* $ 3 tablespoons palm sugar or packed dark brown sugar $ 3 tablespoons Asian fish sauce (also called nam pla or nuoc mam) $ 1/8 teaspoon salt $ 3 ounces (about 1 cup) fresh mung bean sprouts $ 2 limes, cut into wedges $ 3 tablespoons salted dry-roasted peanuts, coarsely chopped $ 1/4 cup Asian fish sauce (also called nam pla or nuoc mam) $ 1/4 cup granulated sugar $ 1/4 cup crushed red pepper $ Boiling water for soaking noodles $ 6 ounces dried flat rice noodles (slender, linguine-width; sometimes called pad thai noodles or stir-fry rice noodles) $ 1 tablespoon chopped garlic (about 2 large cloves) $ 1 tablespoon chopped shallot or onion $ 6 ounces peeled and deveined small or medium shrimp, patted dry $ 2 large eggs, beaten well $ 3 ounces (about 1 cup) fresh mung bean sprouts $ 1 bunch scallions, greens only, cut into 1-inch pieces (1/2 cup) $ 1/3 cup salted dry-roasted peanuts, coarsely chopped $ 3 tablespoons vegetable oil $ *Tamarind paste tends to be a South Asian product; it usually comes in a jar and is available in many supermarkets. Its smooth texture makes it easier and faster to use than the traditional Thai blocks of tamarind pulp that include the fruit's seeds and fibers. Read the label carefully to see if the tamarind paste is sweetened or not; if the jar you purchase contains a sweetener, just use less sugar in your seasoning sauce. $ Equipment: 12-inch heavy, deep skillet or sauté pan, or a large wok (preferably a 14-inch flat-bottom carbon-steel wok); large metal spatula or slotted spoon; tongs; small bowls or ramekins for assembling ingredients; colander for draining rice noodles $ ",Stir-Fry $ Quick & Easy $ Dinner $ Shrimp $ Noodle $ Pescatarian $ Dairy Free $ Tree Nut Free $ Soy Free $ ,Asian $ Thai $ Southeast Asian $ ,3.5/4,20,Stir-Fry $ Quick & Easy $ Dinner $ Shrimp $ Noodle $ Pescatarian $ Dairy Free $ Tree Nut Free $ Soy Free $ Asian $ Thai $ Southeast Asian $ 
https://www.epicurious.com/recipes/food/views/shrimp-pad-thai-for-four-51206860,Shrimp Pad Thai For Four ,"1/3 cup water $ 4 teaspoons prepared tamarind paste, preferably unsweetened, such as Neera's or Rani brands* $ 1/3 cup palm sugar or packed dark brown sugar $ 1/3 cup Asian fish sauce (also called nam pla or nuoc mam) $ 1/4 teaspoon salt $ 4 1/2 ounces (about 1 1/2 cups) fresh mung bean sprouts $ 2 limes, each cut into 6 wedges $ 1/4 cup salted dry-roasted peanuts, coarsely chopped $ 1/3 cup Asian fish sauce (also called nam pla or nuoc mam) $ 1/3 cup granulated sugar $ 1/3 cup crushed red pepper $ Boiling water for soaking noodles $ 12 ounces dried flat rice noodles (slender linguine-width; sometimes called pad thai noodles or stir-fry noodles) $ 2 tablespoons chopped garlic (about 4 large cloves) $ 2 tablespoons chopped shallots or onion $ 12 ounces peeled and deveined small or medium shrimp, patted dry $ 3 large eggs, beaten well $ 4 1/2 ounces (about 1 1/2 cups) fresh mung bean sprouts $ 2 bunches scallions, greens only, cut into 1-inch pieces (about 1 cup) $ 1/2 cup salted dry-roasted peanuts, coarsely chopped $ 5 tablespoons vegetable oil $ *Tamarind paste tends to be a South Asian product; it usually comes in a jar and is available in many supermarkets. Its smooth texture makes it easier and faster to use than the traditional Thai blocks of tamarind pulp that include the fruit's seeds and fibers. Read the label carefully to see if the tamarind paste is sweetened or not; if the jar you purchase contains a sweetener, just use less sugar in your seasoning sauce. $ Equipment: Large wok (preferably a 14-inch flat-bottom carbon-steel wok); large metal spatula or slotted spoon; tongs; small bowls or ramekins for assembling ingredients; colander for draining rice noodles $ ",Stir-Fry $ Quick & Easy $ Dinner $ Shrimp $ Noodle $ Pescatarian $ Dairy Free $ Tree Nut Free $ Soy Free $ ,Asian $ Thai $ Southeast Asian $ ,4/4,15,Stir-Fry $ Quick & Easy $ Dinner $ Shrimp $ Noodle $ Pescatarian $ Dairy Free $ Tree Nut Free $ Soy Free $ Asian $ Thai $ Southeast Asian $ 
https://www.epicurious.com/recipes/food/views/sea-bean-salad-with-daikon-and-cucumber-51199610,Sea Bean Salad with Daikon and Cucumber ,"2 large cucumbers, peeled (about 1 1/2 pounds) $ 1 large daikon radish, peeled $ 4 scallions $ 1/2 pound sea beans, ends trimmed $ 3 tablespoons rice wine vinegar $ 2 tablespoons canola oil $ 2 tablespoons toasted sesame oil $ 2 tablespoons tamari $ 2 teaspoons black sesame seeds $ 2 teaspoons white sesame seeds $ 1 teaspoon sugar $ 2 fresh shiso leaves, finely chopped $ ",,,0,0,
https://www.epicurious.com/recipes/food/views/ginger-marinated-hanger-steak-51198610,Ginger-Marinated Hanger Steak ,"4 scallions, chopped $ 1 cup cilantro leaves with tender stems $ 3 tablespoons unseasoned rice vinegar $ 2 tablespoons gochujang (Korean hot pepper paste) $ 1 tablespoon grated peeled ginger $ 2 teaspoons reduced-sodium soy sauce $ 2 teaspoons toasted sesame oil $ 1 teaspoon freshly ground black pepper $ 1 teaspoon sugar $ 2 garlic cloves, finely chopped, divided $ 1/4 cup plus 2 tablespoons vegetable oil, divided $ 1 1/2 pounds hanger steak, central membrane removed, cut into 4 pieces $ 4 baby bok choy, halved lengthwise $ 1 tablespoon chopped fresh chives $ Ingredient info: Gochujang is available at Korean markets and online. $ ",Beef $ Ginger $ Quick & Easy $ Dinner $ Meat $ Steak $ Bok Choy $ Bon Appétit $ Sugar Conscious $ Dairy Free $ Peanut Free $ Tree Nut Free $ Kosher $ ,Asian $ ,4/4,5,Beef $ Ginger $ Quick & Easy $ Dinner $ Meat $ Steak $ Bok Choy $ Bon Appétit $ Sugar Conscious $ Dairy Free $ Peanut Free $ Tree Nut Free $ Kosher $ Asian $ 
https://www.epicurious.com/recipes/food/views/thai-beef-with-basil-51198660,Thai Beef with Basil ,"2 tablespoons vegetable oil, divided $ 6 garlic cloves, thinly sliced $ 2 red chiles, thinly sliced, seeded for less heat if desired, divided $ 1 pound ground beef $ Kosher salt, freshly ground pepper $ 1/2 cup low-sodium chicken broth $ 3 cups fresh basil leaves, divided $ 2 medium carrots, julienned or coarsely grated $ 2 scallions, thinly sliced $ 4 tablespoons fresh lime juice, divided $ 2 tablespoons reduced-sodium soy sauce $ 1 tablespoon fish sauce (such as nam pla or nuoc nam) $ 1 teaspoon sugar $ Steamed rice and lime wedges (for serving) $ ",Beef $ Stir-Fry $ Quick & Easy $ Low Cal $ Dinner $ Basil $ Bon Appétit $ Sugar Conscious $ Dairy Free $ Peanut Free $ Tree Nut Free $ ,Asian $ Thai $ Southeast Asian $ ,3.5/4,53,Beef $ Stir-Fry $ Quick & Easy $ Low Cal $ Dinner $ Basil $ Bon Appétit $ Sugar Conscious $ Dairy Free $ Peanut Free $ Tree Nut Free $ Asian $ Thai $ Southeast Asian $ 
https://www.epicurious.com/recipes/food/views/scallion-fish-with-sesame-kale-51198470,Scallion Fish with Sesame Kale ,"1 teaspoon vegetable oil $ 1 tablespoon finely chopped peeled ginger, plus four 1/2""-thick slices $ 1 tablespoon reduced-sodium soy sauce $ 2 teaspoons fresh lemon juice $ 1/2 teaspoon toasted sesame oil $ Pinch of sugar $ 2 scallions, white and green parts separated, thinly sliced $ 6 sprigs cilantro, leaves and stems separated $ 2 5-ounce skin-on firm white fish fillets (such as branzino) $ Kosher salt $ 1 tablespoon vegetable oil $ 1 garlic clove, thinly sliced $ 1 bunch Tuscan kale, center ribs and stems removed, cut into 1"" strips $ 1/2 teaspoon kosher salt plus more $ 1/2 cup kimchi, chopped (optional) $ 1 teaspoon toasted sesame oil $ Freshly ground black pepper $ ",Fish $ Sauté $ Steam $ Low Cal $ High Fiber $ Dinner $ Kale $ Healthy $ Green Onion/Scallion $ Bon Appétit $ Sugar Conscious $ Dairy Free $ Peanut Free $ Tree Nut Free $ ,Asian $ ,3.5/4,3,Fish $ Sauté $ Steam $ Low Cal $ High Fiber $ Dinner $ Kale $ Healthy $ Green Onion/Scallion $ Bon Appétit $ Sugar Conscious $ Dairy Free $ Peanut Free $ Tree Nut Free $ Asian $ 
https://www.epicurious.com/recipes/food/views/coconut-mango-rice-noodle-salad-51196610,Coconut-Mango Rice Noodle Salad ,"2 tablespoons fresh lime juice $ 1/4 teaspoon minced or crushed garlic $ Up to 2 teaspoons agave nectar or sugar $ 1/2 teaspoon salt $ 2 tablespoons grapeseed or peanut oil $ 3/4 cup reduced-fat coconut milk (half a 14- to 15-ounce can) $ 3 cups water $ 4 ounces medium-thin rice noodles $ 1/3 pound slender green beans, trimmed and halved either lengthwise or crosswise $ 1/2 cup Pickled Red Onions $ 1 small (6-inch) cucumber (peeled if the skin is bitter), diced $ 1 medium carrot, coarsely grated $ 1 ripe, sweet mango, peeled, pitted, and cut into 1/2-inch dice, or 1 heaping cup diced defrosted frozen mango $ About 10 fresh mint leaves, cut into thin strips $ 1 cup lightly toasted cashews, chopped or whole $ ",Vegetarian $ Dinner $ Tropical Fruit $ Mango $ Vegan $ Noodle $ Pescatarian $ Wheat/Gluten-Free $ Soy Free $ No Sugar Added $ Kosher $ Diabetes-Friendly $ ,Asian $ ,3.5/4,4,Vegetarian $ Dinner $ Tropical Fruit $ Mango $ Vegan $ Noodle $ Pescatarian $ Wheat/Gluten-Free $ Soy Free $ No Sugar Added $ Kosher $ Diabetes-Friendly $ Asian $ 
https://www.epicurious.com/recipes/food/views/stir-fried-buckwheat-51195240,Stir-Fried Buckwheat ,"1 cup buckwheat groats $ 1 large egg, lightly beaten $ 2 cups reduced-sodium vegetable broth $ 2 tablespoons soy sauce (regular or reduced-sodium) $ 2 tablespoons unseasoned rice vinegar $ 1 teaspoon Asian chile paste or sambal $ 1 teaspoon sugar $ 2 tablespoons toasted sesame oil $ 6 scallions, thinly sliced $ 2 garlic cloves, minced $ 1 tablespoon minced fresh ginger $ 2 large carrots, shredded through the large holes of a box grater $ 1 red bell pepper, seeded and chopped $ 1/2 pound green beans, cut into 1/2-inch pieces $ ",Vegetable $ Stir-Fry $ Vegetarian $ Dinner $ Boil $ Pescatarian $ Peanut Free $ Tree Nut Free $ Kosher $ ,Asian $ ,3/4,1,Vegetable $ Stir-Fry $ Vegetarian $ Dinner $ Boil $ Pescatarian $ Peanut Free $ Tree Nut Free $ Kosher $ Asian $ 
https://www.epicurious.com/recipes/food/views/teriyaki-fried-rice-51188810,Teriyaki Fried Rice ,"2 teaspoons toasted sesame oil $ 2 eggs, lightly beaten $ 2 green onions, white and light green parts only, thinly sliced $ 1 1/2 cups leftover cooked rice $ 1/2 cup cooked shelled edamame $ 1 tablespoon teriyaki sauce $ ",Rice $ Stir-Fry $ Kid-Friendly $ Quick & Easy $ Back to School $ Lunch $ Legume $ Healthy $ Sugar Conscious $ Vegetarian $ Pescatarian $ Dairy Free $ Peanut Free $ Tree Nut Free $ No Sugar Added $ Kosher $ ,Asian $ ,3.5/4,3,Rice $ Stir-Fry $ Kid-Friendly $ Quick & Easy $ Back to School $ Lunch $ Legume $ Healthy $ Sugar Conscious $ Vegetarian $ Pescatarian $ Dairy Free $ Peanut Free $ Tree Nut Free $ No Sugar Added $ Kosher $ Asian $ 
https://www.epicurious.com/recipes/food/views/fat-rice-51187300,Fat Rice ,"2 garlic cloves, finely chopped $ 2 tablespoons fresh lemon juice $ 1 tablespoon smoked paprika $ 2 teaspoons curry powder $ 2 teaspoons ground turmeric $ 6 skin-on, bone-in chicken thighs (about 3 pounds) $ 1/2 cup golden raisins $ 2 tablespoons Sherry vinegar or red wine vinegar $ 2 tablespoons olive oil $ 2 red bell peppers, thinly sliced $ 1 large onion, thinly sliced $ Kosher salt $ 4 garlic cloves, finely chopped $ 1 tablespoon tomato paste $ 1 teaspoon (or more) Sherry vinegar or red wine vinegar $ 1/2 teaspoon smoked paprika $ Freshly ground black pepper $ Kosher salt, freshly ground pepper $ 4 tablespoons olive oil, divided $ 2 ounces cured Spanish chorizo, thinly sliced $ 3 1/2 cups low-sodium chicken broth $ 2 cups jasmine rice, rinsed $ 4 ounces Chinese sausage or andouille sausage, thinly sliced $ 2 garlic cloves, finely chopped $ 1 tablespoon fermented black beans (optional) $ 1 tablespoon finely chopped fresh cilantro stems $ 1 tablespoon finely chopped pickled chiles (such as serrano or jalapeño) $ 6 large head-on prawns $ 1 pound Manila clams, scrubbed $ 1/2 cup dry white wine $ Kosher salt $ 2 tablespoons gochugaru (coarse Korean red pepper powder) $ 1/2 teaspoon cayenne pepper $ 1/2 teaspoon kosher salt $ 2 lemons, quartered, seeds removed $ Halved hard-boiled eggs, oil-cured black olives, green Spanish olives, pickled chiles (such as serrano or jalapeño), pickled sweet peppers (such as Peppadew or cherry), and thinly sliced scallions (for serving) $ Gochugaru and fermented black beans can be found at Asian markets. $ ",Chicken $ Rice $ Shellfish $ Marinate $ Sausage $ Clam $ Shrimp $ Advance Prep Required $ Bon Appétit $ ,Asian $ ,4/4,7,Chicken $ Rice $ Shellfish $ Marinate $ Sausage $ Clam $ Shrimp $ Advance Prep Required $ Bon Appétit $ Asian $ 
https://www.epicurious.com/recipes/food/views/striped-bass-with-lime-broth-51187320,Striped Bass with Lime Broth ,"2 tablespoons coriander seeds $ 1 tablespoon cracked cardamom pods $ 1 teaspoon Thai green curry paste $ 4 sprigs cilantro, stems and leaves separated $ 2 kaffir lime leaves or 1/2 teaspoon finely grated lime zest $ 1 tablespoon fish sauce $ 1/3 cup (or more) fresh lime juice $ Kosher salt $ 1 grapefruit $ 1 lime $ 2 tablespoons vegetable oil $ 4 6-ounce striped bass fillets or snapper, John Dory, or black bass fillets, halved if long and narrow $ Freshly ground black pepper $ Fresh mint and basil leaves, extra-virgin olive oil, and flaky sea salt (such as Maldon; for serving) $ Ingredient info: Thai green curry paste is available at Asian markets and in the Asian foods section of many supermarkets. $ ",Fish $ Sauté $ High Fiber $ Dinner $ Seafood $ Bass $ Healthy $ Lime Juice $ Bon Appétit $ Fat Free $ Sugar Conscious $ Kidney Friendly $ Pescatarian $ Wheat/Gluten-Free $ Peanut Free $ Tree Nut Free $ Soy Free $ No Sugar Added $ ,Asian $ ,3.5/4,19,Fish $ Sauté $ High Fiber $ Dinner $ Seafood $ Bass $ Healthy $ Lime Juice $ Bon Appétit $ Fat Free $ Sugar Conscious $ Kidney Friendly $ Pescatarian $ Wheat/Gluten-Free $ Peanut Free $ Tree Nut Free $ Soy Free $ No Sugar Added $ Asian $ 
https://www.epicurious.com/recipes/food/views/tom-kha-gai-em-chicken-coconut-soup-em-51187240,Tom Kha Gai (Chicken Coconut Soup) ,"2 stalks fresh lemongrass, tough outer layers removed $ 1 1"" piece ginger, peeled $ 10 kaffir lime leaves, or use 1 tablespoon lime zest and 1/4 cup lime juice $ 6 cups low-sodium chicken broth $ 1 1/2 pounds skinless, boneless chicken thighs, cut into 1"" pieces $ 8 ounces shiitake, oyster, or maitake mushrooms, stemmed, caps cut into bite-size pieces $ 1 13.5-ounce can coconut milk $ 2 tablespoons fish sauce $ 1 teaspoon sugar $ Chili oil, cilantro leaves with tender stems, and lime wedges (for serving) $ N/A cilantro leaves with tender stems $ N/A lime wedges $ ",Soup/Stew $ Chicken $ Mushroom $ Dinner $ Lunch $ Coconut $ Lemongrass $ Simmer $ Bon Appétit $ Sugar Conscious $ Dairy Free $ Wheat/Gluten-Free $ Peanut Free $ Tree Nut Free $ Soy Free $ ,Asian $ ,3/4,21,Soup/Stew $ Chicken $ Mushroom $ Dinner $ Lunch $ Coconut $ Lemongrass $ Simmer $ Bon Appétit $ Sugar Conscious $ Dairy Free $ Wheat/Gluten-Free $ Peanut Free $ Tree Nut Free $ Soy Free $ Asian $ 
https://www.epicurious.com/recipes/food/views/marinated-tofu-51181210,Marinated Tofu ,1 pound extra-firm tofu $ 2 tablespoons low-sodium soy sauce $ 1 tablespoon orange juice $ 2 teaspoons sesame oil $ 1 teaspoon canola oil $ Cooking spray $ ,Soy $ Side $ Bake $ Marinate $ Vegetarian $ Dinner $ Tofu $ Healthy $ Sugar Conscious $ Vegan $ Pescatarian $ Dairy Free $ Peanut Free $ Tree Nut Free $ No Sugar Added $ Kosher $ ,Asian $ ,3/4,2,Soy $ Side $ Bake $ Marinate $ Vegetarian $ Dinner $ Tofu $ Healthy $ Sugar Conscious $ Vegan $ Pescatarian $ Dairy Free $ Peanut Free $ Tree Nut Free $ No Sugar Added $ Kosher $ Asian $ 
https://www.epicurious.com/recipes/food/views/sesame-miso-vinaigrette-51185620,Sesame Miso Vinaigrette ,"1 tablespoon sesame seeds $ 2 tablespoons white miso $ 2 tablespoons toasted sesame oil $ 1/2 cup rice vinegar, preferably unseasoned $ 6 tablespoons neutral vegetable oil, such as canola $ 2 to 3 teaspoons honey $ Sea salt $ ",Quick & Easy $ Salad Dressing $ Vinegar $ Honey $ Sesame $ Sesame Oil $ ,Asian $ ,4/4,3,Quick & Easy $ Salad Dressing $ Vinegar $ Honey $ Sesame $ Sesame Oil $ Asian $ 
https://www.epicurious.com/recipes/food/views/sweet-and-spicy-peanut-noodles-51183640,Sweet and Spicy Peanut Noodles ,"1 teaspoon sesame oil $ 1 garlic clove, finely chopped $ 2 teaspoons finely chopped ginger $ 1/4 cup natural chunky peanut butter $ 2 tablespoons low-sodium soy sauce $ 1 tablespoon hoisin sauce $ 1 tablespoon brown sugar $ 1 tablespoon rice vinegar $ 1/2 teaspoon Asian chile paste (or to taste) $ 6 ounces cooked linguine $ 1/3 cup sliced scallions $ ",Ginger $ Side $ Low Fat $ Vegetarian $ Kid-Friendly $ Low Cal $ Dinner $ Lunch $ Potluck $ Noodle $ Peanut Butter $ Self $ Kidney Friendly $ Vegan $ Pescatarian $ Dairy Free $ Tree Nut Free $ Kosher $ ,Asian $ ,4/4,17,Ginger $ Side $ Low Fat $ Vegetarian $ Kid-Friendly $ Low Cal $ Dinner $ Lunch $ Potluck $ Noodle $ Peanut Butter $ Self $ Kidney Friendly $ Vegan $ Pescatarian $ Dairy Free $ Tree Nut Free $ Kosher $ Asian $ 
https://www.epicurious.com/recipes/food/views/tamarind-teriyaki-chicken-skewers-51171800,"Tamarind ""Teriyaki"" Chicken Skewers ","1 tablespoon tamarind paste (or substitute with pomegranate molasses) $ 1 tablespoon dark brown sugar $ 2 teaspoons unseasoned rice vinegar $ 2 teaspoons molasses $ 1/4 teaspoon garlic powder $ 3 garlic cloves, diced $ 3/4 cup water plus 2 tablespoons $ 1 tablespoon cornstarch $ 2 teaspoons sesame oil $ 8 boneless, skinless chicken thighs, cut into 1/2-inch-wide strips $ Bamboo skewers $ White toasted sesame seeds, for garnish $ 2 green onions, thinly sliced (everything but the bulb), for garnish $ ",Chicken $ Poultry $ Low Sodium $ Dinner $ Healthy $ Advance Prep Required $ Sugar Conscious $ Dairy Free $ Wheat/Gluten-Free $ Peanut Free $ Tree Nut Free $ Soy Free $ Kosher $ ,Asian $ ,2.5/4,5,Chicken $ Poultry $ Low Sodium $ Dinner $ Healthy $ Advance Prep Required $ Sugar Conscious $ Dairy Free $ Wheat/Gluten-Free $ Peanut Free $ Tree Nut Free $ Soy Free $ Kosher $ Asian $ 
https://www.epicurious.com/recipes/food/views/oz-family-stir-fried-rice-51169000,Oz Family Stir-Fried Rice ,"3 tablespoons organic coconut oil, softened $ 1 pound medium shrimp, cleaned and deveined, or one 8-ounce package tempeh $ 1 medium yellow onion, chopped $ 6 garlic cloves, peeled and minced $ 1 tablespoon minced fresh peeled ginger $ 1 cup sliced shiitake mushrooms (3 ounces) $ 1/3 cup low-sodium soy sauce or tamari $ 2 tablespoons sriracha chile sauce $ 2 tablespoons toasted sesame oil (optional) $ 1 cup snow peas $ 2 cups chiffonade-cut kale (long strips) $ 1 large carrot, peeled and shredded $ 4 cups cooked short-grain brown rice (day old is best) $ 3 eggs $ 2 tablespoons rice wine vinegar $ 2 tablespoons mirin $ 2 tablespoons pure maple syrup $ Sea salt and fresh-cracked black pepper $ 2 scallions (white and light green parts), sliced thin $ 4 tablespoons toasted sesame seeds $ ",Egg $ Shellfish $ Soy $ Vegetable $ Sauté $ Dinner $ Seafood $ Shrimp $ Healthy $ Potluck $ Sesame $ Pescatarian $ Dairy Free $ Peanut Free $ Tree Nut Free $ ,Asian $ ,0/4,0,Egg $ Shellfish $ Soy $ Vegetable $ Sauté $ Dinner $ Seafood $ Shrimp $ Healthy $ Potluck $ Sesame $ Pescatarian $ Dairy Free $ Peanut Free $ Tree Nut Free $ Asian $ 
https://www.epicurious.com/recipes/food/views/bean-thread-noodles-with-pickled-vegetables-51170220,Bean Thread Noodles with Pickled Vegetables ,"6 ounces wide bean thread noodles $ 1 small garlic clove, finely grated $ 1/4 cup fish sauce (such as nam pla or nuoc nam) $ 3 tablespoons fresh lime juice $ 2 tablespoons unseasoned rice vinegar $ 1 tablespoon sugar $ 2 teaspoons finely grated peeled ginger $ 1/4 teaspoon freshly ground black pepper $ 1 large daikon (Japanese white radish; about 1 pound), julienned $ 1 English hothouse cucumber, thinly sliced $ 2 large carrots, peeled, julienned $ 1/4 cup vegetable oil $ 1 cup torn fresh cilantro, divided $ 3/4 cup unsalted, dry-roasted peanuts, coarsely chopped, divided $ ingredient info: Bean thread noodles and daikon can be found at Asian markets and some supermarkets. $ ",Quick & Easy $ Dinner $ Lunch $ Noodle $ Bon Appétit $ Pescatarian $ Dairy Free $ Wheat/Gluten-Free $ Tree Nut Free $ Soy Free $ ,Asian $ ,3.5/4,8,Quick & Easy $ Dinner $ Lunch $ Noodle $ Bon Appétit $ Pescatarian $ Dairy Free $ Wheat/Gluten-Free $ Tree Nut Free $ Soy Free $ Asian $ 
https://www.epicurious.com/recipes/food/views/rice-vermicelli-with-chicken-and-nuoc-cham-51170200,Rice Vermicelli with Chicken and Nuoc Cham ,"1 1/2 pound skin-on, bone-in chicken breasts (about 2) $ Kosher salt $ 1 large shallot, thinly sliced crosswise, separated into rings $ 1/2 cup vegetable oil $ 8 ounces rice vermicelli noodles $ 1 Fresno chile or red jalapeño, with seeds, finely chopped $ 1 small garlic clove, finely grated $ 1/3 cup fresh lime juice $ 1/4 cup fish sauce (such as nam pla or nuoc nam) $ 2 tablespoons light brown sugar $ 4 baby white turnips, trimmed, thinly sliced into rounds $ 4 radishes, trimmed, thinly sliced into rounds $ 1 1/2 cups fresh Thai or sweet basil leaves, divided $ ",Chicken $ Low Fat $ Quick & Easy $ Dinner $ Lunch $ Radish $ Turnip $ Healthy $ Bon Appétit $ Dairy Free $ Wheat/Gluten-Free $ Peanut Free $ Tree Nut Free $ Soy Free $ ,Asian $ Vietnamese $ ,3.5/4,7,Chicken $ Low Fat $ Quick & Easy $ Dinner $ Lunch $ Radish $ Turnip $ Healthy $ Bon Appétit $ Dairy Free $ Wheat/Gluten-Free $ Peanut Free $ Tree Nut Free $ Soy Free $ Asian $ Vietnamese $ 
https://www.epicurious.com/recipes/food/views/sesame-noodles-with-chili-oil-and-scallions-51170210,Sesame Noodles with Chili Oil and Scallions ,"4 scallions, whites and greens separated, thinly sliced $ 1/2 cup vegetable oil $ 1 tablespoon crushed red pepper flakes $ 2 teaspoons sesame seeds $ 2 teaspoons Sichuan pepper, coarsely chopped $ 12 ounces thin ramen noodles or spaghettini $ Kosher salt $ 1/4 cup tahini (sesame seed paste) $ 1/4 cup unseasoned rice vinegar $ 3 tablespoons reduced-sodium soy sauce $ 2 teaspoons toasted sesame oil $ 1 teaspoon sugar $ ingredient info: Sichuan pepper is available at Asian markets and some specialty foods stores. If you can't find it, add an extra teaspoon each of red pepper and tahini. $ ",Quick & Easy $ Dinner $ Lunch $ Soy Sauce $ Green Onion/Scallion $ Bon Appétit $ Sugar Conscious $ Vegan $ Vegetarian $ Pescatarian $ Dairy Free $ Peanut Free $ Tree Nut Free $ Kosher $ ,Asian $ Chinese $ ,3.5/4,14,Quick & Easy $ Dinner $ Lunch $ Soy Sauce $ Green Onion/Scallion $ Bon Appétit $ Sugar Conscious $ Vegan $ Vegetarian $ Pescatarian $ Dairy Free $ Peanut Free $ Tree Nut Free $ Kosher $ Asian $ Chinese $ 
https://www.epicurious.com/recipes/food/views/green-papaya-salad-51169470,Green Papaya Salad ,"1/3 cup (packed) light brown sugar $ 1/3 cup unseasoned rice vinegar $ 1/4 cup soy sauce $ 1 tablespoon hot chili paste (such as sambal oelek) $ 1/2 teaspoon toasted sesame oil $ 3 shallots, very thinly sliced crosswise, separated into rings $ 1 cup vegetable oil $ Kosher salt $ 1 green papaya, peeled, halved, seeded, julienned (about 6 cups) $ 1 cup fresh cilantro leaves with tender stems $ 1 cup torn fresh Thai basil leaves $ ingredient info: Chili paste is available at Asian markets and many supermarkets. $ ",Salad $ Fruit $ Side $ Lunch $ Tropical Fruit $ Papaya $ Summer $ Shallot $ Cilantro $ Soy Sauce $ Bon Appétit $ Vegan $ Vegetarian $ Pescatarian $ Dairy Free $ Peanut Free $ Tree Nut Free $ Kosher $ ,Asian $ ,3/4,0,Salad $ Fruit $ Side $ Lunch $ Tropical Fruit $ Papaya $ Summer $ Shallot $ Cilantro $ Soy Sauce $ Bon Appétit $ Vegan $ Vegetarian $ Pescatarian $ Dairy Free $ Peanut Free $ Tree Nut Free $ Kosher $ Asian $ 
https://www.epicurious.com/recipes/food/views/asian-dipping-sauce-51165600,Asian Dipping Sauce ,"1/2 ounce (three 7-inch pieces) kombu seaweed, available at Japanese markets $ 6 cups cool water $ 1 ounce shaved katsuobushi (bonito flakes), available at Japanese markets $ 1 dried shiitake mushroom, optional $ 2 cups cooled dashi, from recipe below $ 1/4 cup thinly sliced scallions $ 1/4 cup roughly chopped cilantro $ 1/4 cup rice vinegar (cider vinegar or ume plum vinegar can be used instead) $ 3 tablespoons soy sauce $ 2 tablespoons minced ginger (from a 2-inch piece) $ 2 tablespoons mirin $ 1/2 teaspoon toasted sesame oil $ Pinch hot pepper flakes or togarashi, optional $ ",Sauce $ Ginger $ Mushroom $ Side $ Vinegar $ Cilantro $ Soy Sauce $ Green Onion/Scallion $ ,Asian $ ,0/4,0,Sauce $ Ginger $ Mushroom $ Side $ Vinegar $ Cilantro $ Soy Sauce $ Green Onion/Scallion $ Asian $ 
https://www.epicurious.com/recipes/food/views/zesty-halibut-in-soy-ginger-dressing-51156800,Zesty Halibut in Soy-Ginger Dressing ,"1 (2-pound) skin-on halibut fillet, rinsed and patted dry $ 1 green bell pepper, seeded and cut lengthwise into long, thin strips $ 1 red bell pepper, seeded and cut lengthwise into long, thin strips $ 1 yellow bell pepper, seeded and cut lengthwise into long, thin strips $ 1 medium onion, thinly sliced $ 1 tablespoon grated fresh ginger $ 2 teaspoons soy sauce $ 1/4 cup freshly squeezed orange juice $ 1 tablespoon finely grated orange zest $ 2 scallions (dark green part only), chopped, for garnish $ ",Fish $ Ginger $ Pepper $ Vegetable $ Bake $ Dinner $ Seafood $ Halibut $ Bell Pepper $ Healthy $ Soy Sauce $ Pescatarian $ Dairy Free $ Peanut Free $ Tree Nut Free $ No Sugar Added $ Kosher $ ,Asian $ Chinese $ ,3/4,8,Fish $ Ginger $ Pepper $ Vegetable $ Bake $ Dinner $ Seafood $ Halibut $ Bell Pepper $ Healthy $ Soy Sauce $ Pescatarian $ Dairy Free $ Peanut Free $ Tree Nut Free $ No Sugar Added $ Kosher $ Asian $ Chinese $ 
https://www.epicurious.com/recipes/food/views/quinoa-brown-rice-sushi-51156610,Quinoa Brown Rice Sushi ,"1 cup sticky brown rice $ 1/2 cup quinoa $ 8 ounces baked bean curd/tofu, cut into long thin strips $ 4 to 5 carrots cut into matchsticks $ 4 nori seaweed sheets $ 2 pickled cucumbers (low sodium), cut into matchsticks $ 2 avocados, peeled, pitted, and sliced $ Cilantro sprigs, for garnish $ Pickled ginger, for garnish $ ",Soy $ Vegetable $ Vegetarian $ Dinner $ Quinoa $ Tofu $ Avocado $ Root Vegetable $ Carrot $ Healthy $ Vegan $ Brown Rice $ Advance Prep Required $ Pescatarian $ Dairy Free $ Wheat/Gluten-Free $ Peanut Free $ Tree Nut Free $ No Sugar Added $ Kosher $ ,Asian $ ,0/4,0,Soy $ Vegetable $ Vegetarian $ Dinner $ Quinoa $ Tofu $ Avocado $ Root Vegetable $ Carrot $ Healthy $ Vegan $ Brown Rice $ Advance Prep Required $ Pescatarian $ Dairy Free $ Wheat/Gluten-Free $ Peanut Free $ Tree Nut Free $ No Sugar Added $ Kosher $ Asian $ 
https://www.epicurious.com/recipes/food/views/soba-salad-with-miso-dressing-51156200,Soba Salad with Miso Dressing ,"Kosher salt $ 5 tablespoons white miso paste $ 1/2 cup chopped peeled fresh ginger $ 1/4 cup soy sauce $ 3 tablespoons fresh lime juice $ 1 large egg $ 1 cup vegetable oil $ Freshly ground black pepper $ 1 pound soba noodles $ 4 medium carrots, peeled and coarsely grated (about 4 cups) $ 2 bunches scallions, thinly sliced on the bias (about 2 1/2 cups) $ 2 bunches radishes, thinly sliced (about 4 cups) $ ",Salad $ Ginger $ Soy $ Vegetarian $ Dinner $ Lunch $ Carrot $ Radish $ Spring $ Noodle $ Soy Sauce $ Lime Juice $ Green Onion/Scallion $ Pescatarian $ Dairy Free $ Peanut Free $ Tree Nut Free $ No Sugar Added $ Kosher $ ,Asian $ Japanese $ ,3.5/4,18,Salad $ Ginger $ Soy $ Vegetarian $ Dinner $ Lunch $ Carrot $ Radish $ Spring $ Noodle $ Soy Sauce $ Lime Juice $ Green Onion/Scallion $ Pescatarian $ Dairy Free $ Peanut Free $ Tree Nut Free $ No Sugar Added $ Kosher $ Asian $ Japanese $ 
https://www.epicurious.com/recipes/food/views/spring-soup-51156600,Spring Soup ,"1 turnip, cut into thin 1-inch strips $ 2 stalks celery, cut into thin 1-inch strips $ 1 carrot, cut into thin 1-inch strips $ 1 scallion, cut into thin 1-inch strips $ 1/2 pound watercress $ 3 quarter-size slices of fresh ginger, peeled and cut crosswise into very thin strips $ 1 cooked chicken breast or 1/4 pound extra-firm tofu, cut into 1-inch cubes $ 2 cups chicken or vegetable stock $ 2 cups water $ Salt $ ",Soup/Stew $ Chicken $ Leafy Green $ Vegetable $ Appetizer $ Dinner $ Spring $ Healthy $ Watercress $ Simmer $ Boil $ Paleo $ Dairy Free $ Wheat/Gluten-Free $ Peanut Free $ Tree Nut Free $ Soy Free $ No Sugar Added $ Kosher $ ,Asian $ Chinese $ ,4/4,7,Soup/Stew $ Chicken $ Leafy Green $ Vegetable $ Appetizer $ Dinner $ Spring $ Healthy $ Watercress $ Simmer $ Boil $ Paleo $ Dairy Free $ Wheat/Gluten-Free $ Peanut Free $ Tree Nut Free $ Soy Free $ No Sugar Added $ Kosher $ Asian $ Chinese $ 
https://www.epicurious.com/recipes/food/views/chicken-broccoli-with-crispy-noodles-51155000,Chicken & Broccoli with Crispy Noodles ,"1 tablespoon dry sherry $ 1 tablespoon cornstarch $ 1 tablespoon grated peeled fresh ginger $ 2 pounds boneless, skinless chicken breasts, cut into 1-inch chunks $ 1 cup vegetable oil $ 4 ounces thin rice sticks or rice noodles $ 1 1/2 pounds broccoli (1-2 heads), cut into small florets, stalks reserved for another use $ 1/2 cup skinless almonds or raw cashews $ 3/4 cup kecap manis or 3/4 cup soy sauce mixed with 1/4 cup packed dark brown sugar $ 3/4 cup Chicken Stock , plus more if needed $ ",Chicken $ Ginger $ Nut $ Stir-Fry $ Kid-Friendly $ Quick & Easy $ Dinner $ Almond $ Broccoli $ Noodle $ ,Asian $ ,2.5/4,5,Chicken $ Ginger $ Nut $ Stir-Fry $ Kid-Friendly $ Quick & Easy $ Dinner $ Almond $ Broccoli $ Noodle $ Asian $ 
https://www.epicurious.com/recipes/food/views/steak-and-soba-stir-fry-51155240,Steak and Soba Stir-Fry ,"2 tablespoons sliced almonds $ 8 ounces soba (Japanese-style noodles) or spaghettini $ Kosher salt $ 1 teaspoon plus 3 tablespoons vegetable oil $ 12 ounces skirt or flank steak $ Freshly ground black pepper $ 2 scallions, whites and greens separated, chopped $ 4 medium garlic cloves, chopped $ 1 tablespoon grated peeled ginger $ 2 heads baby bok choy, quartered $ 1 medium carrot, peeled, thinly sliced on a diagonal $ 3 tablespoons oyster sauce $ 3 tablespoons reduced-sodium soy sauce $ 3 tablespoons unseasoned rice vinegar $ 1 tablespoon toasted sesame oil $ ",Stir-Fry $ Quick & Easy $ Dinner $ Steak $ Bok Choy $ Noodle $ Soy Sauce $ Bon Appétit $ Quick and Healthy $ Sugar Conscious $ Dairy Free $ Peanut Free $ No Sugar Added $ ,Asian $ ,3.5/4,11,Stir-Fry $ Quick & Easy $ Dinner $ Steak $ Bok Choy $ Noodle $ Soy Sauce $ Bon Appétit $ Quick and Healthy $ Sugar Conscious $ Dairy Free $ Peanut Free $ No Sugar Added $ Asian $ 
https://www.epicurious.com/recipes/food/views/bento-box-soup-51151600,Bento Box Soup ,"4 ounces soba noodles $ 4 cups organic vegetable or chicken broth, homemade or store-bought $ 1/2 teaspoon toasted sesame oil or hot pepper sesame oil $ 1 (6-inch) strip of kombu $ 3 green tea bags $ 1 carrot, peeled and grated $ 1/2 cup stemmed and sliced shiitake mushrooms $ 4 ounces firm tofu, cut into 1/2-inch cubes $ 2 tablespoons tamari $ 1/4 cup white miso $ 2 scallions, white and green parts, sliced diagonally $ 1 tablespoon freshly squeezed lemon juice $ 1 1/2 cups loosely packed baby spinach $ ",Soup/Stew $ Dinner $ Healthy $ Noodle $ Sugar Conscious $ ,Asian $ Japanese $ ,4/4,16,Soup/Stew $ Dinner $ Healthy $ Noodle $ Sugar Conscious $ Asian $ Japanese $ 
https://www.epicurious.com/recipes/food/views/chinese-butter-cookies-51149800,Chinese Butter Cookies ,"12 tablespoons (1 1/2 sticks) unsalted butter, softened $ 3/4 cup confectioners' sugar $ 1 large egg $ 1/2 teaspoon pure vanilla extract $ 1 1/2 cups self-rising flour $ Mixer with paddle attachment $ Cookie press $ ",Cookies $ Dessert $ Bake $ Kid-Friendly $ Lunar New Year $ Edible Gift $ Party $ ,Asian $ Chinese $ ,4/4,1,Cookies $ Dessert $ Bake $ Kid-Friendly $ Lunar New Year $ Edible Gift $ Party $ Asian $ Chinese $ 
https://www.epicurious.com/recipes/food/views/buddhas-delight-51149400,Buddha's Delight ,"8 dried shiitake mushrooms $ 8 dried lily buds $ 1/4 cup bamboo shoots (fresh or canned) $ 1/2 cup snow peas $ 1/4 cup canned water chestnuts $ 4 ounces bean thread noodles $ 1/2 pound extra-firm tofu $ 2 cups vegetable broth $ 3 tablespoons soy sauce $ 1 1/2 tablespoons hoisin sauce $ 1 tablespoon sesame oil $ 1 tablespoon light brown sugar $ 1 tablespoon peanut or vegetable oil $ 1 1/2 teaspoons minced fresh ginger $ 1 cup shredded napa cabbage $ Wok with lid, Dutch oven, or a deep 14-inch skillet $ ",Wok $ Soy $ Stir-Fry $ Vegetarian $ Dinner $ Lunar New Year $ Tofu $ Advance Prep Required $ Vegan $ Pescatarian $ Kosher $ ,Asian $ Chinese $ ,2/4,1,Wok $ Soy $ Stir-Fry $ Vegetarian $ Dinner $ Lunar New Year $ Tofu $ Advance Prep Required $ Vegan $ Pescatarian $ Kosher $ Asian $ Chinese $ 
https://www.epicurious.com/recipes/food/views/roast-pork-lo-mein-51149600,Roast Pork Lo Mein ,"12 ounces, thin dried Chinese egg noodles $ 2 tablespoons sesame oil $ 3 tablespoons soy sauce $ 1 1/2 tablespoons oyster sauce $ 1 1/2 tablespoons Chinese rice wine or dry sherry $ 1 1/2 teaspoons honey $ 1 tablespoon peanut or vegetable oil $ 1 1/2 teaspoons minced garlic $ 1 teaspoon minced or grated fresh ginger $ 3 scallions, cut into 2-inch lengths $ 4 or 5 fresh shiitake mushrooms, thinly sliced $ 1/2 pound Chinese barbecued pork, store-bought or homemade, cut into small, bite-sized pieces $ ",Wok $ Pork $ Stir-Fry $ Dinner $ Lunar New Year $ Noodle $ Dairy Free $ Tree Nut Free $ ,Asian $ Chinese $ ,3.5/4,17,Wok $ Pork $ Stir-Fry $ Dinner $ Lunar New Year $ Noodle $ Dairy Free $ Tree Nut Free $ Asian $ Chinese $ 
https://www.epicurious.com/recipes/food/views/peanut-sauce-51149020,Peanut Sauce ,"1 1"" piece ginger, peeled $ 1 small garlic clove $ 1/2 cup creamy peanut butter (like Once Again or Jif) $ 2 tablespoons reduced-sodium soy sauce $ 1 tablespoon fresh lime juice $ 1 teaspoon (packed) light brown sugar $ 1/4 -1/2 teaspoons crushed red pepper flakes $ ",Sauce $ Kid-Friendly $ Quick & Easy $ Soy Sauce $ Lime Juice $ Peanut Butter $ Bon Appétit $ ,Asian $ ,3.5/4,24,Sauce $ Kid-Friendly $ Quick & Easy $ Soy Sauce $ Lime Juice $ Peanut Butter $ Bon Appétit $ Asian $ 
