link,name,ingredients,recipe_category,recipe_cuisine,rating,rating_count,keywords
https://www.epicurious.com/recipes/food/views/celery-root-puree-with-truffle-butter-230990,Celery-Root Purée with Truffle Butter ,"3 lb celery root (sometimes called celeriac; 2 large), peeled with a knife and cut into 1/2-inch pieces (8 cups) $ 1 3/4 lb boiling potatoes (3 large), peeled and cut into 1/2-inch pieces $ 1 cup heavy cream $ 4 oz black truffle butter* or 1 stick (1/2 cup) unsalted butter $ 1 teaspoon salt $ 1/4 teaspoon black pepper $ ",Potato $ Side $ Thanksgiving $ Vegetarian $ Quick & Easy $ Wheat/Gluten-Free $ Root Vegetable $ Fall $ Boil $ Gourmet $ Pescatarian $ Peanut Free $ Tree Nut Free $ Soy Free $ No Sugar Added $ Kosher $ ,French $ ,3.5/4,6,Potato $ Side $ Thanksgiving $ Vegetarian $ Quick & Easy $ Wheat/Gluten-Free $ Root Vegetable $ Fall $ Boil $ Gourmet $ Pescatarian $ Peanut Free $ Tree Nut Free $ Soy Free $ No Sugar Added $ Kosher $ French $ 
https://www.epicurious.com/recipes/food/views/mini-shrimp-cornets-230963,Mini Shrimp Cornets ,"1 tablespoon unsalted butter $ 1/4 cup finely chopped onion $ 1 pound large shrimp (21 to 25 per pound in shell), peeled, deveined, and coarsely chopped $ 2 tablespoons medium-dry Sherry $ 1 tablespoon chopped fresh tarragon $ 1/2 teaspoon salt $ 1/4 teaspoon black pepper $ 1 (17 1/4-ounce) package frozen puff pastry sheets, thawed $ All-purpose flour for dusting $ 1 large egg $ 1 tablespoon milk $ parchment paper $ ",Shellfish $ Bake $ Cocktail Party $ Shrimp $ Sherry $ Tarragon $ Phyllo/Puff Pastry Dough $ Gourmet $ ,French $ ,3.5/4,15,Shellfish $ Bake $ Cocktail Party $ Shrimp $ Sherry $ Tarragon $ Phyllo/Puff Pastry Dough $ Gourmet $ French $ 
https://www.epicurious.com/recipes/food/views/pan-grilled-paillards-of-duck-230452,Pan-Grilled Paillards of Duck ,"1 whole boneless Moulard duck breast* with skin (2 lb total), halved $ 2 tablespoons water $ 2 teaspoons salt $ 2 teaspoons ground ginger $ 1 teaspoon black pepper $ 1 teaspoon curry powder $ 1 teaspoon cinnamon $ 2 navel oranges, cut into 1/4-inch-thick slices $ a well-seasoned ridged grill pan $ ",Duck $ Ginger $ Orange $ Curry $ Grill/Barbecue $ Gourmet $ ,French $ ,3/4,2,Duck $ Ginger $ Orange $ Curry $ Grill/Barbecue $ Gourmet $ French $ 
https://www.epicurious.com/recipes/food/views/opera-cake-230481,Opera Cake ,"3 tablespoons cake flour (not self-rising), sifted after measuring, plus additional for dusting pan $ 2 whole large eggs at room temperature for 30 minutes $ 1 cup almond flour (3 1/2 oz) or 2/3 cup blanched whole almonds (see cooks' note, below) $ 1/2 cup confectioners sugar, sifted after measuring $ 2 large egg whites at room temperature for 30 minutes $ 1/8 teaspoon cream of tartar $ 1/8 teaspoon salt $ 1 tablespoon granulated sugar $ 2 tablespoons unsalted butter, melted, foam discarded, and butter cooled $ 1 teaspoon instant-espresso powder $ 1/2 cup plus 1 tablespoon water $ 1/2 cup granulated sugar $ 1/4 cup Cognac or other brandy $ 2 teaspoons instant-espresso powder $ 1/4 cup plus 1 tablespoon water $ 6 tablespoons granulated sugar $ 2 large egg yolks $ 1 stick (1/2 cup) unsalted butter, cut into 1/2-inch cubes and softened $ 3/4 stick (6 tablespoons) unsalted butter $ 7 oz fine-quality bittersweet chocolate (not unsweetened; preferably 70 to 71% cacao), coarsely chopped $ 1 offset metal spatula $ 1 candy thermometer $ 1 small sealable plastic bag $ a 15- by 10-inch shallow baking pan; an offset metal spatula; a candy thermometer; a small sealable plastic bag $ ",Chocolate $ Dessert $ Bake $ Gourmet $ Vegetarian $ Pescatarian $ Peanut Free $ Soy Free $ Kosher $ ,French $ ,3.5/4,19,Chocolate $ Dessert $ Bake $ Gourmet $ Vegetarian $ Pescatarian $ Peanut Free $ Soy Free $ Kosher $ French $ 
https://www.epicurious.com/recipes/food/views/roast-quail-with-fresh-figs-230460,Roast Quail with Fresh Figs ,"1 medium onion, finely chopped $ 2 celery ribs, finely chopped $ 1 large garlic clove, finely chopped $ 1/2 stick (1/4 cup) unsalted butter $ 1/3 cup veal demi-glace $ 2 tablespoons chopped fresh tarragon $ 1 tablespoon fig balsamic vinegar $ 3/4 cup chopped walnuts (2 oz) $ 2/3 cup soft dried Mission figs (1/4 lb), stems discarded and figs finely chopped $ 1 cup coarse fresh bread crumbs $ 1/2 teaspoon salt $ 1/4 teaspoon black pepper $ 1/2 stick (1/4 cup) unsalted butter $ 1 pt fresh figs, stems discarded and figs halved lengthwise $ 1/4 cup finely chopped shallot $ 1/4 cup finely chopped celery $ 1 cup dry red wine $ 1 1/3 cups veal demi-glace $ 1 teaspoon arrowroot or cornstarch $ 2 tablespoons fig balsamic vinegar $ 1 tablespoon chopped fresh tarragon $ 1/2 teaspoon salt $ 1/4 teaspoon black pepper $ 12 semiboneless quail $ 1/2 teaspoon salt $ 1/4 teaspoon black pepper $ 2 tablespoons unsalted butter $ 2 tablespoons vegetable oil $ kitchen string; wooden picks $ ",Fruit $ Poultry $ Roast $ Dinner $ Lunch $ Fig $ Fall $ Winter $ Gourmet $ ,French $ ,3.5/4,9,Fruit $ Poultry $ Roast $ Dinner $ Lunch $ Fig $ Fall $ Winter $ Gourmet $ French $ 
https://www.epicurious.com/recipes/food/views/filets-mignons-with-creamy-paprika-sauce-230454,Filets Mignons with Creamy Paprika Sauce ,"4 (1 1/2-inch-thick) filets mignons (beef tenderloin steaks; each about 6 oz) $ 1 teaspoon salt $ 3/4 teaspoon black pepper $ 1 tablespoon vegetable oil $ 1 tablespoon unsalted butter $ 1 cup thinly sliced onion (1 large) $ 1/2 teaspoon finely chopped garlic $ 10 oz mushrooms, sliced $ 1 tablespoon paprika (not hot) $ 2/3 cup sour cream $ 1 tablespoon Dijon mutard $ 2 teaspoons Worcestershire sauce $ Accompaniment: buttered egg noodles $ ",Dairy $ Pasta $ Sauté $ Quick & Easy $ Steak $ Gourmet $ ,French $ ,3/4,30,Dairy $ Pasta $ Sauté $ Quick & Easy $ Steak $ Gourmet $ French $ 
https://www.epicurious.com/recipes/food/views/salade-aux-fines-herbes-with-camembert-230445,Salade aux Fines Herbes with Camembert ,"2 teaspoons Champagne vinegar $ 1/2 tablespoon minced shallot $ 1/2 teaspoon whole-grain mustard $ 1/4 teaspoon salt $ 1/8 teaspoon black pepper $ 2 tablespoons mild olive oil $ 4 cups loosely packed mâche (lambs' lettuce; 1 to 2 oz), trimmed $ 2 Belgian endives, cut crosswise into 1/8-inch-thick slices $ 4 cups torn Boston lettuce (from 1 small head) $ 1/4 cup loosely packed chervil sprigs or 1 tablespoon chopped fresh tarragon $ 1 tablespoon finely chopped fresh chives $ Accompaniments: Camembert cheese at room temperature and sliced baguette $ ",Salad $ Cheese $ Leafy Green $ Herb $ No-Cook $ Vegetarian $ Quick & Easy $ Gourmet $ ,French $ ,3.5/4,2,Salad $ Cheese $ Leafy Green $ Herb $ No-Cook $ Vegetarian $ Quick & Easy $ Gourmet $ French $ 
https://www.epicurious.com/recipes/food/views/scrambled-eggs-en-coque-with-caviar-230442,Scrambled Eggs en Coque with Caviar ,"6 large eggs (in shells) $ 2 tablespoons heavy cream $ 5 tablespoons unsalted butter $ 1/4 teaspoon salt $ 1/4 teaspoon black pepper $ 3 (1/2-inch-thick) slices firm white bread such as pain de mie or Pullman loaf, crusts discarded $ 50 g caviar (preferably osetra) $ an egg topper or a sharp paring knife; 6 eggcups; 6 demitasse spoons $ ",Egg $ Fish $ Breakfast $ Brunch $ Lunch $ Gourmet $ Sugar Conscious $ Kidney Friendly $ Pescatarian $ Peanut Free $ Tree Nut Free $ Soy Free $ ,French $ ,4/4,4,Egg $ Fish $ Breakfast $ Brunch $ Lunch $ Gourmet $ Sugar Conscious $ Kidney Friendly $ Pescatarian $ Peanut Free $ Tree Nut Free $ Soy Free $ French $ 
https://www.epicurious.com/recipes/food/views/hazelnut-gelato-profiteroles-with-warm-kahlua-sauce-230665,Hazelnut Gelato Profiteroles with Warm Kahlua Sauce ,"1 cup hazelnuts, toasted, husked $ 1 quart half and half $ 3/4 cup sugar $ 3 large egg yolks $ 1 1/2 teaspoons vanilla extract $ 1 cup half and half $ 3/4 cup sugar $ 2 tablespoons (1/4 stick) unsalted butter $ 1 1/4 pounds bittersweet (not unsweetened) or semisweet chocolate, chopped $ 1/4 cup Kahlúa $ 1 teaspoon vanilla extract $ 1 cup whole milk $ 1/2 cup (1 stick) unsalted butter, cut into 1/2-inch cubes $ 1/2 teaspoon salt $ 1 1/4 cups all purpose flour $ 5 large eggs $ ",Milk/Cream $ Food Processor $ Ice Cream Machine $ Dairy $ Egg $ Dessert $ Bake $ Frozen Dessert $ Kahlúa $ Hazelnut $ Simmer $ Bon Appétit $ Vegetarian $ Pescatarian $ Peanut Free $ Soy Free $ Kosher $ ,French $ ,3.5/4,5,Milk/Cream $ Food Processor $ Ice Cream Machine $ Dairy $ Egg $ Dessert $ Bake $ Frozen Dessert $ Kahlúa $ Hazelnut $ Simmer $ Bon Appétit $ Vegetarian $ Pescatarian $ Peanut Free $ Soy Free $ Kosher $ French $ 
https://www.epicurious.com/recipes/food/views/popovers-with-gruyere-230617,Popovers with Gruyère ,2 cups all purpose flour $ 1 1/4 teaspoons salt $ 2 cups whole milk $ 4 large eggs $ Nonstick vegetable oil spray $ 1 1/2 cups grated Gruyère cheese (about 6 ounces) $ ,Cheese $ Bake $ Bon Appétit $ ,French $ ,3.5/4,26,Cheese $ Bake $ Bon Appétit $ French $ 
https://www.epicurious.com/recipes/food/views/spiced-red-wine-with-brandy-and-citrus-200569,Spiced Red Wine with Brandy and Citrus ,"1 orange, sliced $ 1/2 lemon, sliced $ 1 vanilla bean $ Peel from 1 orange (orange part only, removed with vegetable peeler) $ 6 whole cloves $ 1 750-ml bottle dry red wine (such as Côtes du Rhône or Merlot) $ 1/2 cup framboise eau de vie or brandy $ 6 tablespoons sugar $ ",Alcoholic $ Citrus $ Aperitif $ Raspberry $ Spice $ Eau de Vie $ Red Wine $ Edible Gift $ Bon Appétit $ Drink $ ,French $ ,0/4,0,Alcoholic $ Citrus $ Aperitif $ Raspberry $ Spice $ Eau de Vie $ Red Wine $ Edible Gift $ Bon Appétit $ Drink $ French $ 
https://www.epicurious.com/recipes/food/views/tea-bavaroise-200938,Tea Bavaroise ,"8 egg yolks $ Pinch of salt $ 1/2 cup sugar $ 2 cups dark rum, warmed $ 1 cup of hot strong tea $ 1 cup of scalded milk $ ",Milk/Cream $ Rum $ Tea $ Alcoholic $ Egg $ Winter $ Party $ Gourmet $ Drink $ ,French $ ,0/4,0,Milk/Cream $ Rum $ Tea $ Alcoholic $ Egg $ Winter $ Party $ Gourmet $ Drink $ French $ 
https://www.epicurious.com/recipes/food/views/beaujolais-kir-200890,Beaujolais Kir ,"2 teaspoons crème de cassis $ 1/3 cup Beaujolais, chilled well $ ",Liqueur $ Alcoholic $ Cocktail Party $ Red Wine $ Gourmet $ Drink $ ,French $ ,0/4,0,Liqueur $ Alcoholic $ Cocktail Party $ Red Wine $ Gourmet $ Drink $ French $ 
https://www.epicurious.com/recipes/food/views/smoked-salmon-with-cognac-caraway-mayonnaise-and-toasted-french-bread-13492,Smoked Salmon with Cognac Caraway Mayonnaise and Toasted French Bread ,1 teaspoon caraway seeds $ 1/2 cup mayonnaise $ 3 tablespoons sour cream $ 1 tablespoon chopped fresh dill $ 2 teaspoons Cognac $ a side of smoked salmon (about 2 pounds) $ Garnish: fresh dill sprigs and lemon wedges $ Accompaniment: toasted French bread $ ,Dairy $ Fish $ Herb $ Appetizer $ Christmas $ Quick & Easy $ Mayonnaise $ Salmon $ Cognac/Armagnac $ Winter $ Caraway $ Gourmet $ Sugar Conscious $ Pescatarian $ Wheat/Gluten-Free $ Peanut Free $ Tree Nut Free $ Soy Free $ Kosher $ ,French $ ,3.5/4,12,Dairy $ Fish $ Herb $ Appetizer $ Christmas $ Quick & Easy $ Mayonnaise $ Salmon $ Cognac/Armagnac $ Winter $ Caraway $ Gourmet $ Sugar Conscious $ Pescatarian $ Wheat/Gluten-Free $ Peanut Free $ Tree Nut Free $ Soy Free $ Kosher $ French $ 
https://www.epicurious.com/recipes/food/views/curried-wild-mushroom-pate-107679,Curried Wild Mushroom Pâté ,"5 tablespoons butter $ 1 1/4 pounds fresh shiitake mushrooms, stemmed, or crimini mushrooms, very coarsely chopped $ 1/2 cup chopped shallots (about 2 large) $ 2 garlic cloves, chopped $ 1 3/4 teaspoons curry powder $ 1/2 teaspoon ground cumin $ 1 cup roasted salted cashews $ 2 tablespoons olive oil $ 2 tablespoons finely chopped mixed fresh herbs (such as parsley, chives, and basil) $ Fresh parsley or basil sprigs (optional) $ 1 French-bread baguette, cut into 1/2-inch-thick slices, toasted $ ",Mushroom $ Appetizer $ Sauté $ Winter $ Shallot $ Bon Appétit $ Sugar Conscious $ Vegetarian $ Pescatarian $ Peanut Free $ Soy Free $ Kosher $ ,American $ French $ ,3.5/4,27,Mushroom $ Appetizer $ Sauté $ Winter $ Shallot $ Bon Appétit $ Sugar Conscious $ Vegetarian $ Pescatarian $ Peanut Free $ Soy Free $ Kosher $ American $ French $ 
https://www.epicurious.com/recipes/food/views/golden-brioche-107693,Golden Brioche ,"1/3 cup warm water (105°F to 115°F) $ 1/3 cup warm milk (105°F to 115°F) $ 2 envelopes dry yeast $ 3 3/4 cups all purpose flour $ 2 teaspoons salt $ 3 large eggs $ 1/4 cup sugar $ 1 1/2 cups (3 sticks) unsalted butter, each stick cut into 4 pieces, room temperature $ 1 egg, beaten to blend with 1 tablespoon water (for glaze) $ ",Bread $ Mixer $ Breakfast $ Bake $ Winter $ Bon Appétit $ Sugar Conscious $ Kidney Friendly $ Vegetarian $ Pescatarian $ Peanut Free $ Tree Nut Free $ Soy Free $ Kosher $ ,French $ ,3.5/4,39,Bread $ Mixer $ Breakfast $ Bake $ Winter $ Bon Appétit $ Sugar Conscious $ Kidney Friendly $ Vegetarian $ Pescatarian $ Peanut Free $ Tree Nut Free $ Soy Free $ Kosher $ French $ 
https://www.epicurious.com/recipes/food/views/lemon-cumin-butter-103729,Lemon-Cumin Butter ,2 sticks (1 cup) butter $ 1 teaspoon ground cumin $ 2 tablespoons fresh lemon juice $ salt to taste $ ,Condiment/Spread $ Dairy $ Side $ No-Cook $ Lemon $ Spice $ Summer $ Gourmet $ Sugar Conscious $ Kidney Friendly $ Vegetarian $ Pescatarian $ Wheat/Gluten-Free $ Peanut Free $ Tree Nut Free $ Soy Free $ No Sugar Added $ Kosher $ ,French $ ,3/4,4,Condiment/Spread $ Dairy $ Side $ No-Cook $ Lemon $ Spice $ Summer $ Gourmet $ Sugar Conscious $ Kidney Friendly $ Vegetarian $ Pescatarian $ Wheat/Gluten-Free $ Peanut Free $ Tree Nut Free $ Soy Free $ No Sugar Added $ Kosher $ French $ 
https://www.epicurious.com/recipes/food/views/les-quatres-mendiants-15847,Les Quatres Mendiants ,"1 pound bittersweet, best-quality chocolate (such as Valrhona), grated or coarsely chopped $ 1/4 cup whole almonds, lightly roasted $ 1/4 cup pine nuts, lightly roasted $ 1/4 cup shelled, unsalted pistachio nuts $ 1/4 cup walnut pieces, lightly roasted $ 1/4 cup hazelnuts, lightly roasted $ 1/4 cup golden raisins $ ",Candy $ Chocolate $ Nut $ Dessert $ Christmas $ Vegetarian $ Raisin $ Almond $ Pine Nut $ Pistachio $ Walnut $ Winter $ Edible Gift $ Hazelnut $ Double Boiler $ House & Garden $ Kidney Friendly $ Vegan $ Pescatarian $ Paleo $ Dairy Free $ Wheat/Gluten-Free $ Peanut Free $ Soy Free $ Kosher $ ,French $ ,4/4,3,Candy $ Chocolate $ Nut $ Dessert $ Christmas $ Vegetarian $ Raisin $ Almond $ Pine Nut $ Pistachio $ Walnut $ Winter $ Edible Gift $ Hazelnut $ Double Boiler $ House & Garden $ Kidney Friendly $ Vegan $ Pescatarian $ Paleo $ Dairy Free $ Wheat/Gluten-Free $ Peanut Free $ Soy Free $ Kosher $ French $ 
https://www.epicurious.com/recipes/food/views/dauphine-potatoes-13384,Dauphine Potatoes ,"1 1/2 pounds russet (baking) potatoes (about 3) $ 3 tablespoons unsalted butter, cut into bits $ 1 teaspoon salt $ a pinch of freshly grated nutmeg $ 1/2 cup all-purpose flour $ 2 large eggs $ vegetable oil for deep-frying the potatoes $ coarse salt for sprinkling the croquettes if desired $ ",Egg $ Potato $ Side $ Bake $ Fry $ Thanksgiving $ Vegetarian $ Chill $ Gourmet $ Sugar Conscious $ Pescatarian $ Peanut Free $ Tree Nut Free $ Soy Free $ No Sugar Added $ Kosher $ ,French $ ,3/4,7,Egg $ Potato $ Side $ Bake $ Fry $ Thanksgiving $ Vegetarian $ Chill $ Gourmet $ Sugar Conscious $ Pescatarian $ Peanut Free $ Tree Nut Free $ Soy Free $ No Sugar Added $ Kosher $ French $ 
https://www.epicurious.com/recipes/food/views/sweet-palmiers-106763,Sweet Palmiers ,4 sheets puff pastry $ 1 1/2 tablespoons sugar $ ,Cookies $ Bake $ Summer $ Phyllo/Puff Pastry Dough $ Gourmet $ ,French $ ,3/4,15,Cookies $ Bake $ Summer $ Phyllo/Puff Pastry Dough $ Gourmet $ French $ 
https://www.epicurious.com/recipes/food/views/one-a-day-baguette-14497,One-a-Day Baguette ,1 teaspoon active dry yeast $ 1 teaspoon sugar $ 1 1/2 cups warm water (105°‐115° F) $ 4 to 4 1/2 cups unbleached all-purpose flour $ 2 1/2 teaspoons salt $ ,Bread $ Bake $ Fall $ Gourmet $ ,French $ ,3/4,92,Bread $ Bake $ Fall $ Gourmet $ French $ 
https://www.epicurious.com/recipes/food/views/dried-fruits-and-nuts-13451,Dried Fruits and Nuts ,1 cup dried apricots $ 1/2 cup dried dates (preferably Medjool) $ 1/2 cup walnut halves $ 1/2 cup natural pistachios $ 1/4 cup dark raisins $ 1/4 cup golden raisins $ ,Fruit $ Nut $ Christmas $ Quick & Easy $ High Fiber $ Low Sodium $ Wheat/Gluten-Free $ Raisin $ Date $ Apricot $ Pistachio $ Walnut $ Winter $ Gourmet $ ,French $ ,0/4,0,Fruit $ Nut $ Christmas $ Quick & Easy $ High Fiber $ Low Sodium $ Wheat/Gluten-Free $ Raisin $ Date $ Apricot $ Pistachio $ Walnut $ Winter $ Gourmet $ French $ 
https://www.epicurious.com/recipes/food/views/shrimp-provencale-103617,Shrimp Provençale ,"3 tablespoons olive oil $ 1 1/2 pounds uncooked large shrimp, peeled, deveined $ 2 cups chopped red bell peppers $ 1 cup chopped onion $ 2 tablespoons chopped fresh thyme or 2 teaspoons dried $ 3 large garlic cloves, chopped $ 1/2 teaspoon fennel seeds $ 1 14 1/2-ounce can diced tomatoes in juice $ 3/4 cup Kalamata olives or other brine-cured black olives, pitted $ 1/2 cup dry white wine $ 2 tablespoons tomato paste $ 1/2 cup chopped fresh basil $ ",Olive $ Shellfish $ Tomato $ Sauté $ Quick & Easy $ Basil $ Shrimp $ Summer $ Bon Appétit $ Los Angeles $ California $ ,French $ Mediterranean $ ,3.5/4,28,Olive $ Shellfish $ Tomato $ Sauté $ Quick & Easy $ Basil $ Shrimp $ Summer $ Bon Appétit $ Los Angeles $ California $ French $ Mediterranean $ 
https://www.epicurious.com/recipes/food/views/rillettes-de-canard-au-poivre-vert-13538,Rillettes de Canard au Poivre Vert ,"a 4 1/2- to 5-pound duck, quartered $ 1/2 pound fatback, cut into 1-inch cubes $ 1 1/2 cups dry white wine $ 2 tablespoons grated peeled fresh gingerroot $ 1 tablespoon coarse salt $ 1 teaspoon minced garlic $ a 1 3/4-ounce can green peppercorns packed in water, drained and crushed $ toast points as an accompaniment if desired $ ",Duck $ Ginger $ Pork $ Poultry $ Appetizer $ Winter $ Gourmet $ Sugar Conscious $ Kidney Friendly $ Dairy Free $ Peanut Free $ Tree Nut Free $ Soy Free $ ,French $ ,2.5/4,5,Duck $ Ginger $ Pork $ Poultry $ Appetizer $ Winter $ Gourmet $ Sugar Conscious $ Kidney Friendly $ Dairy Free $ Peanut Free $ Tree Nut Free $ Soy Free $ French $ 
https://www.epicurious.com/recipes/food/views/coffee-creme-brulee-13068,Coffee Crème Brûlée ,6 large egg yolks $ 1 large whole egg $ 2/3 cup granulated sugar $ 1 3/4 cups heavy cream $ 1 3/4 cups milk $ 1 1/2 tablespoons instant espresso powder $ 2 tablespoons Kahlúa $ 1/4 cup firmly packed light brown sugar or raw sugar $ ,Dairy $ Egg $ Dessert $ Bake $ Fall $ Gourmet $ Kidney Friendly $ Vegetarian $ Pescatarian $ Peanut Free $ Tree Nut Free $ Soy Free $ Kosher $ ,French $ ,4/4,21,Dairy $ Egg $ Dessert $ Bake $ Fall $ Gourmet $ Kidney Friendly $ Vegetarian $ Pescatarian $ Peanut Free $ Tree Nut Free $ Soy Free $ Kosher $ French $ 
https://www.epicurious.com/recipes/food/views/remoulade-sauce-106731,Rémoulade Sauce ,"3/4 cup mayonnaise $ 2 teaspoons Dijon mustard $ 1 1/2 teaspoons whole-grain mustard $ 1 teaspoon tarragon vinegar $ 1/4 teaspoon Tabasco sauce $ 2 teaspoons drained tiny capers, chopped $ 1 tablespoon chopped fresh flat-leaf parsley $ 1 scallion (3 inches of green left on), very thinly sliced $ Salt and freshly ground black pepper, to taste $ N/A freshly ground black pepper $ ",Condiment/Spread $ Sauce $ Dairy $ Mustard $ Onion $ No-Cook $ Quick & Easy $ Mayonnaise $ Vinegar $ Spring $ Capers $ Parade $ ,American $ French $ ,3.5/4,26,Condiment/Spread $ Sauce $ Dairy $ Mustard $ Onion $ No-Cook $ Quick & Easy $ Mayonnaise $ Vinegar $ Spring $ Capers $ Parade $ American $ French $ 
https://www.epicurious.com/recipes/food/views/gratin-of-potatoes-20006,Gratin of Potatoes ,"3-4 large potatoes, cut in thin slices $ 1 cup or more heavy cream $ 2/3 cup grated Gruyère cheese $ Salt, pepper $ ",Milk/Cream $ Cheese $ Potato $ Side $ Bake $ Casserole/Gratin $ Winter $ Swiss Cheese $ House & Garden $ Sugar Conscious $ Vegetarian $ Pescatarian $ Wheat/Gluten-Free $ Peanut Free $ Tree Nut Free $ Soy Free $ No Sugar Added $ Kosher $ ,French $ ,3.5/4,11,Milk/Cream $ Cheese $ Potato $ Side $ Bake $ Casserole/Gratin $ Winter $ Swiss Cheese $ House & Garden $ Sugar Conscious $ Vegetarian $ Pescatarian $ Wheat/Gluten-Free $ Peanut Free $ Tree Nut Free $ Soy Free $ No Sugar Added $ Kosher $ French $ 
https://www.epicurious.com/recipes/food/views/chocolate-gateaux-15751,Chocolate Gateaux ,fourteen 2 1/2-inch foil bake cups (muffin liners) $ vegetable cooking-oil spray $ 8 ounces fine-quality bittersweet chocolate (not unsweetened) $ 3 large eggs $ 1 1/4 cups heavy cream $ 3 tablespoons Di Saronno Amaretto (almond-flavored liqueur) $ 5 ounces fine-quality bittersweet chocolate (not unsweetened) $ 1/2 cup plus 2 tablespoons heavy cream $ Accompaniment: ice cream and/or fresh fruit coulis $ ,Milk/Cream $ Mixer $ Chocolate $ Dairy $ Dessert $ Bake $ Freeze/Chill $ Frozen Dessert $ Amaretto $ Double Boiler $ Gourmet $ ,French $ ,3.5/4,9,Milk/Cream $ Mixer $ Chocolate $ Dairy $ Dessert $ Bake $ Freeze/Chill $ Frozen Dessert $ Amaretto $ Double Boiler $ Gourmet $ French $ 
https://www.epicurious.com/recipes/food/views/shrimp-and-crab-souffles-with-red-bell-pepper-and-tarragon-103236,Shrimp and Crab Souffles with Red Bell Pepper and Tarragon ,"Grated Parmesan cheese $ 1/2 cup crabmeat (about 3 1/2 ounces) $ 1/2 cup small cooked shrimp (about 3 1/2 ounces) $ 1/4 cup (packed) well-drained roasted red peppers from jar $ 2 tablespoons fresh whole tarragon leaves $ 1/4 cup (1/2 stick) butter $ 5 tablespoons all purpose flour $ 1 large shallot, minced $ 1/8 teaspoon (scant) cayenne pepper $ 1 1/4 cups whole milk $ 1/4 cup dry white wine $ 6 large egg yolks $ 1 teaspoon salt $ 8 large egg whites $ 3/4 cup grated Parmesan cheese $ ",Food Processor $ Egg $ Pepper $ Shellfish $ Bake $ Parmesan $ Crab $ Shrimp $ Bell Pepper $ Tarragon $ Ramekin $ Bon Appétit $ ,French $ ,3.5/4,11,Food Processor $ Egg $ Pepper $ Shellfish $ Bake $ Parmesan $ Crab $ Shrimp $ Bell Pepper $ Tarragon $ Ramekin $ Bon Appétit $ French $ 
https://www.epicurious.com/recipes/food/views/savory-palmiers-106738,Savory Palmiers ,"frozen puff pastry sheets, thawed but kept chilled $ 2 cups Parmigiano-Reggiano, finely grated $ Silpat (available at cookware stores) or parchment paper $ ",Appetizer $ Side $ Bake $ Quick & Easy $ Parmesan $ Summer $ Phyllo/Puff Pastry Dough $ Gourmet $ Sugar Conscious $ Vegetarian $ Pescatarian $ Peanut Free $ Tree Nut Free $ Soy Free $ Kosher $ ,French $ ,3.5/4,7,Appetizer $ Side $ Bake $ Quick & Easy $ Parmesan $ Summer $ Phyllo/Puff Pastry Dough $ Gourmet $ Sugar Conscious $ Vegetarian $ Pescatarian $ Peanut Free $ Tree Nut Free $ Soy Free $ Kosher $ French $ 
https://www.epicurious.com/recipes/food/views/austrian-crepes-13509,Austrian Crepes ,"2 cups all-purpose flour $ 2 1/2 tablespoons sugar $ 3/4 teaspoon salt $ 4 large eggs $ 1 1/3 cups milk $ 1 1/2 cups club soda or seltzer (from a new bottle) $ 1/2 stick (1/4 cup) unsalted butter, melted $ ",Dairy $ Egg $ Breakfast $ Brunch $ Dessert $ Winter $ Gourmet $ Kidney Friendly $ Vegetarian $ Pescatarian $ Peanut Free $ Tree Nut Free $ Soy Free $ Kosher $ ,French $ ,4/4,5,Dairy $ Egg $ Breakfast $ Brunch $ Dessert $ Winter $ Gourmet $ Kidney Friendly $ Vegetarian $ Pescatarian $ Peanut Free $ Tree Nut Free $ Soy Free $ Kosher $ French $ 
https://www.epicurious.com/recipes/food/views/clams-au-gratin-20003,Clams au Gratin ,"1/2 cup finely chopped mushrooms $ 1/2 cup finely chopped shallot or onion $ Butter $ 2 tablespoons finely chopped parsley $ 2 tablespoons finely chopped tomato $ Salt, Pepper $ 36 small clams on half shell $ 1/3-1/2 cup bread crumbs $ ",Mushroom $ Shellfish $ Tomato $ Appetizer $ Bake $ Clam $ Christmas Eve $ Shallot $ Parsley $ House & Garden $ Sugar Conscious $ Kidney Friendly $ Pescatarian $ Peanut Free $ Tree Nut Free $ Soy Free $ ,French $ ,1/4,2,Mushroom $ Shellfish $ Tomato $ Appetizer $ Bake $ Clam $ Christmas Eve $ Shallot $ Parsley $ House & Garden $ Sugar Conscious $ Kidney Friendly $ Pescatarian $ Peanut Free $ Tree Nut Free $ Soy Free $ French $ 
https://www.epicurious.com/recipes/food/views/creme-fraiche-106675,Crème Fraîche ,1/2 cup heavy cream (not ultra-pasteurized) $ 1/2 cup sour cream $ ,Condiment/Spread $ Dairy $ Parade $ ,French $ ,3.5/4,7,Condiment/Spread $ Dairy $ Parade $ French $ 
https://www.epicurious.com/recipes/food/views/brie-en-croute-14926,Brie en Croûte ,"6 ounces Brie, chilled $ 1 large egg $ a thawed 17 1/4-ounce package frozen puff pastry sheets (2 sheets) $ 3 tablespoons white-wine vinegar $ 1 teaspoon Dijon mustard $ 1 teaspoon chutney (preferably tomato) $ extra-virgin olive oil $ 2 vine-ripened tomatoes $ 4 cups mesclun (mixed baby greens; about 4 ounces) $ ",Leafy Green $ Appetizer $ Bake $ Brie $ Phyllo/Puff Pastry Dough $ Gourmet $ Sugar Conscious $ Vegetarian $ Pescatarian $ Peanut Free $ Tree Nut Free $ Soy Free $ Kosher $ ,French $ ,3.5/4,12,Leafy Green $ Appetizer $ Bake $ Brie $ Phyllo/Puff Pastry Dough $ Gourmet $ Sugar Conscious $ Vegetarian $ Pescatarian $ Peanut Free $ Tree Nut Free $ Soy Free $ Kosher $ French $ 
https://www.epicurious.com/recipes/food/views/mussels-au-gratin-20002,Mussels au Gratin ,"1/2 pound butter $ 4 cloves garlic, finely chopped $ 6 shallots, finely chopped $ 1 teaspoon basil $ 6 tablespoons chopped parsley $ Salt, pepper $ 48-60 mussels (according to size) $ 1 onion stuck with 2 cloves $ White wine (about 1 cup) $ Bread crumbs $ ",Garlic $ Shellfish $ Appetizer $ Bake $ Cocktail Party $ Mussel $ White Wine $ Parsley $ House & Garden $ Pescatarian $ Peanut Free $ Tree Nut Free $ Soy Free $ ,French $ ,2.5/4,3,Garlic $ Shellfish $ Appetizer $ Bake $ Cocktail Party $ Mussel $ White Wine $ Parsley $ House & Garden $ Pescatarian $ Peanut Free $ Tree Nut Free $ Soy Free $ French $ 
https://www.epicurious.com/recipes/food/views/buttered-haricots-verts-13563,Buttered Haricots Verts ,"1 pound haricots verts (thin French green beans, available at specialty produce markets and some supermarkets) $ 2 tablespoons unsalted butter $ ",Vegetable $ Vegetarian $ Quick & Easy $ Winter $ Gourmet $ ,French $ ,3/4,6,Vegetable $ Vegetarian $ Quick & Easy $ Winter $ Gourmet $ French $ 
https://www.epicurious.com/recipes/food/views/tapenade-40051,Tapenade ,"Pitted black olives, salt-cured but unflavored $ Anchovy fillets, washed free of salt or oil-cured $ Capers $ Mild extra-virgin olive oil $ Salt and pepper to taste $ ",Condiment/Spread $ Fish $ Olive $ Quick & Easy $ ,French $ ,3.5/4,5,Condiment/Spread $ Fish $ Olive $ Quick & Easy $ French $ 
https://www.epicurious.com/recipes/food/views/cherry-ginger-compote-106674,Cherry-Ginger Compote ,2 cups dried cherries $ 1 1/4 cups sugar $ 3/4 cup white-wine vinegar $ 1/4 cup finely chopped celery $ 1/4 cup minced fresh ginger $ 6 tablespoons apple juice $ 3 tablespoons fresh lemon juice $ 1/2 teaspoon red pepper flakes $ ,Condiment/Spread $ Sauce $ Berry $ Ginger $ Vinegar $ Cherry $ Celery $ Fall $ Winter $ Parade $ ,American $ French $ ,3/4,1,Condiment/Spread $ Sauce $ Berry $ Ginger $ Vinegar $ Cherry $ Celery $ Fall $ Winter $ Parade $ American $ French $ 
https://www.epicurious.com/recipes/food/views/gratin-of-greens-20005,Gratin of Greens ,"2 pounds spinach $ Olive oil $ 2 pounds Swiss chard $ 2 pounds zucchini $ Salt to taste $ 1 cup cooked rice $ 3 cloves garlic, chopped $ 6 eggs $ Fine bread crumbs $ ",Egg $ Leafy Green $ Rice $ Vegetable $ Side $ Bake $ Casserole/Gratin $ Spinach $ Zucchini $ Fall $ Healthy $ Chard $ House & Garden $ ,French $ ,3.5/4,9,Egg $ Leafy Green $ Rice $ Vegetable $ Side $ Bake $ Casserole/Gratin $ Spinach $ Zucchini $ Fall $ Healthy $ Chard $ House & Garden $ French $ 
https://www.epicurious.com/recipes/food/views/chocolate-chip-cookies-with-salt-104371,Chocolate Chip Cookies with Salt ,"3 cups all-purpose flour $ 1/2 teaspoon baking soda $ About 2 1/2 teaspoons sea salt, divided $ 10 ounces unsalted butter, at room temperature $ 1 cup vanilla sugar $ 2 large eggs $ 1 teaspoon vanilla extract $ 12 ounces bitter chocolate chips, or bitter chocolate cut in very small pieces $ ",Cookies $ Chocolate $ Bake $ Kid-Friendly $ Quick & Easy $ ,French $ ,3/4,21,Cookies $ Chocolate $ Bake $ Kid-Friendly $ Quick & Easy $ French $ 
https://www.epicurious.com/recipes/food/views/lemon-peel-tuiles-109237,Lemon Peel Tuiles ,"1/2 cup sugar $ 2 rounded tablespoons finely grated fresh lemon zest (from 4 lemons) $ 1/2 stick (1/4 cup) unsalted butter, softened $ 1/2 teaspoon vanilla $ 2 large egg whites $ 1/4 cup all-purpose flour $ a nonstick bakeware liner such as Silpat; a pastry bag fitted with a 1/4-inch plain tip; a small offset spatula; a 1 1/2- to 2-inch diameter rolling pin or wooden dowel $ ",Cookies $ Bake $ Lemon $ Spring $ Gourmet $ ,French $ ,3.5/4,3,Cookies $ Bake $ Lemon $ Spring $ Gourmet $ French $ 
https://www.epicurious.com/recipes/food/views/potato-gratin-109507,Potato Gratin ,"3 pounds russet (Idaho) potatoes of uniform size $ 2 tablespoons unsalted butter, softened $ 1 medium garlic clove, crushed through a press $ 1 1/2 to 2 cups half-and-half or milk $ Salt and freshly ground black pepper to taste $ Freshly grated nutmeg to taste $ 4 tablespoons crème fraîche (optional) $ 1/3 to 1/2 cup heavy cream $ 1/4 cup Parmesan cheese $ ",Milk/Cream $ Cheese $ Potato $ Side $ Bake $ Casserole/Gratin $ Parmesan $ Winter $ Vegetarian $ Pescatarian $ Wheat/Gluten-Free $ Peanut Free $ Tree Nut Free $ Soy Free $ No Sugar Added $ Kosher $ ,French $ ,3.5/4,9,Milk/Cream $ Cheese $ Potato $ Side $ Bake $ Casserole/Gratin $ Parmesan $ Winter $ Vegetarian $ Pescatarian $ Wheat/Gluten-Free $ Peanut Free $ Tree Nut Free $ Soy Free $ No Sugar Added $ Kosher $ French $ 
https://www.epicurious.com/recipes/food/views/braised-duck-legs-with-shallots-and-parsnips-109109,Braised Duck Legs with Shallots and Parsnips ,"12 fresh duck legs (7 to 11 lb depending on amount of fat on legs) $ 2 lb shallots, peeled and, if very large, halved $ 4 lb parsnips, peeled and cut diagonally into 1-inch-thick slices (halve large slices lengthwise) $ 2 tablespoons minced garlic $ 1 1/2 tablespoons chopped fresh thyme or 1 teaspoon dried, crumbled $ 2 Turkish bay leaves or 1 halved California bay leaf $ 2 1/2 teaspoons salt $ 1 3/4 teaspoons black pepper $ 1/4 teaspoon ground allspice $ 2 cups dry white wine $ 6 to 8 cups chicken stock, homemade or store-bought (preferably not canned broth; 48 to 64 fl oz) $ Garnish: fresh thyme sprigs $ 2 (13- by 9- by 2-inch) baking pans $ ",Duck $ Onion $ Poultry $ Braise $ Roast $ Christmas $ Dinner $ Parsnip $ White Wine $ Winter $ Shallot $ Gourmet $ Dairy Free $ Wheat/Gluten-Free $ Peanut Free $ Tree Nut Free $ Soy Free $ Kosher $ ,French $ ,3.5/4,10,Duck $ Onion $ Poultry $ Braise $ Roast $ Christmas $ Dinner $ Parsnip $ White Wine $ Winter $ Shallot $ Gourmet $ Dairy Free $ Wheat/Gluten-Free $ Peanut Free $ Tree Nut Free $ Soy Free $ Kosher $ French $ 
https://www.epicurious.com/recipes/food/views/seafood-stew-with-fennel-and-thyme-108617,Seafood Stew with Fennel and Thyme ,"1 1/2 pounds mussels, scrubbed, debearded $ 2 1/2 cups chopped onions $ 1 cup dry white wine $ 12 parsley sprigs plus 1/2 cup chopped parsley $ 2 tablespoons (1/4 stick) butter $ 2 cups finely chopped leeks (white and pale green parts only) $ 2 cups diced trimmed fennel bulb $ 4 8-ounce bottles clam juice $ 4 large fresh thyme sprigs $ 2 bay leaves $ 1 3/4 pounds thick halibut fillets, cut into 1 1/2-inch pieces $ 10 ounces sea scallops $ 1 cup crème fraîche* $ 2 large egg yolks $ ",Soup/Stew $ Milk/Cream $ Fish $ Herb $ Shellfish $ Vegetable $ Sauté $ Stew $ Dinner $ Halibut $ Mussel $ Scallop $ Fennel $ Leek $ White Wine $ Fall $ Bon Appétit $ Pescatarian $ Wheat/Gluten-Free $ Peanut Free $ Tree Nut Free $ Soy Free $ ,French $ ,3.5/4,20,Soup/Stew $ Milk/Cream $ Fish $ Herb $ Shellfish $ Vegetable $ Sauté $ Stew $ Dinner $ Halibut $ Mussel $ Scallop $ Fennel $ Leek $ White Wine $ Fall $ Bon Appétit $ Pescatarian $ Wheat/Gluten-Free $ Peanut Free $ Tree Nut Free $ Soy Free $ French $ 
https://www.epicurious.com/recipes/food/views/coq-au-vin-nouveau-41,Coq au Vin Nouveau ,"4 slices bacon $ 4 large boneless chicken breasts with skin (about 1 1/4 pounds) $ 16 1-inch boiling onions, peeled $ 1 cup canned low-salt chicken broth $ 1 cup dry red wine $ 1 cup firm pitted prunes (about 6 ounces) $ 1/2 cup canned beef gravy $ 3/4 teaspoon dried thyme, crumbled $ ",Soup/Stew $ Chicken $ Poultry $ Sauté $ Valentine's Day $ Prune $ Red Wine $ Winter $ Bon Appétit $ ,French $ ,3.5/4,8,Soup/Stew $ Chicken $ Poultry $ Sauté $ Valentine's Day $ Prune $ Red Wine $ Winter $ Bon Appétit $ French $ 
https://www.epicurious.com/recipes/food/views/tomato-tatins-15230,Tomato Tatins ,1/3 cup olive oil plus additional for brushing pans $ 3 medium vine-ripened yellow tomatoes (about 1 1/2 pounds) $ 3 medium vine-ripened red tomatoes (about 1 1/2 pounds) $ 1 garlic clove $ four 1/2-inch-thick slices country-style bread $ 8 teaspoons prepared pesto $ ,Garlic $ Tomato $ Bake $ Summer $ Ramekin $ Gourmet $ ,French $ ,0/4,0,Garlic $ Tomato $ Bake $ Summer $ Ramekin $ Gourmet $ French $ 
https://www.epicurious.com/recipes/food/views/brioche-dough-103412,Brioche Dough ,"1 teaspoon sugar $ 1/4 cup warm milk or water (105°F) $ 1 (1/4-ounce) package active dry yeast (2 1/2 teaspoons) $ 1/2 cup sifted all-purpose flour (sift before measuring) $ 1/4 teaspoon salt $ 3 tablespoons sugar $ 1 tablespoon hot milk or water $ 3 large eggs $ 1 1/2 cups sifted all-purpose flour (sift before measuring) $ 1 1/2 sticks (3/4 cup) unsalted butter, cut into 1/2-inch slices and well softened $ a standing electric mixer with whisk and dough-hook attachments $ ",Bread $ Mixer $ Breakfast $ Brunch $ Dinner $ Lunch $ Gourmet $ Kidney Friendly $ Vegetarian $ Pescatarian $ Peanut Free $ Tree Nut Free $ Soy Free $ Kosher $ ,French $ ,3.5/4,20,Bread $ Mixer $ Breakfast $ Brunch $ Dinner $ Lunch $ Gourmet $ Kidney Friendly $ Vegetarian $ Pescatarian $ Peanut Free $ Tree Nut Free $ Soy Free $ Kosher $ French $ 
https://www.epicurious.com/recipes/food/views/coffee-creme-brulee-104520,Coffee Crème Brûlée ,"4 cups whipping cream $ 1 cup plus 8 teaspoons sugar $ 2 tablespoons coarsely ground espresso coffee beans $ 2 teaspoons instant espresso powder or coffee powder $ 1 cinnamon stick $ 1 vanilla bean, split lengthwise $ 6 large egg yolks $ 1 large egg $ ",Coffee $ Dairy $ Egg $ Dessert $ Bake $ Winter $ Bon Appétit $ Kidney Friendly $ Vegetarian $ Pescatarian $ Wheat/Gluten-Free $ Peanut Free $ Tree Nut Free $ Soy Free $ Kosher $ ,French $ ,4/4,28,Coffee $ Dairy $ Egg $ Dessert $ Bake $ Winter $ Bon Appétit $ Kidney Friendly $ Vegetarian $ Pescatarian $ Wheat/Gluten-Free $ Peanut Free $ Tree Nut Free $ Soy Free $ Kosher $ French $ 
https://www.epicurious.com/recipes/food/views/classic-terrine-of-foie-gras-104376,Classic Terrine of Foie Gras ,"1 (1 1/2-lb) whole raw Grade A duck or goose foie gras at room temperature, cleaned and deveined $ 4 teaspoons kosher salt $ 1/2 teaspoon freshly ground white pepper $ 1/4 cup Sauternes or 3 tablespoons Armagnac $ Accompaniment: toasted slices of pain de mie (dense white sandwich loaf) or baguette $ 1 piece of cardboard trimmed to fit just inside top of terrine, wrapped well in plastic wrap $ 1 3-lb weight (1 or 2 large soup cans) $ 1 (3- to 4-cup) ceramic terrine, 2C/ 3 inches deep (preferably oval and with a lid); a piece of cardboard trimmed to fit just inside top of terrine, wrapped well in plastic wrap; and a 3-lb weight (1 or 2 large soup cans) $ ",Duck $ Appetizer $ Bake $ Cognac/Armagnac $ Chill $ Gourmet $ Sugar Conscious $ Low Sugar $ Kidney Friendly $ Paleo $ Dairy Free $ Wheat/Gluten-Free $ Peanut Free $ Tree Nut Free $ Soy Free $ Kosher $ ,French $ ,3/4,10,Duck $ Appetizer $ Bake $ Cognac/Armagnac $ Chill $ Gourmet $ Sugar Conscious $ Low Sugar $ Kidney Friendly $ Paleo $ Dairy Free $ Wheat/Gluten-Free $ Peanut Free $ Tree Nut Free $ Soy Free $ Kosher $ French $ 
https://www.epicurious.com/recipes/food/views/black-radish-salad-104453,Black Radish Salad ,"4 teaspoons freshly squeezed lemon juice $ 1/2 teaspoon Dijon-style mustard $ 2 black radishes (weighing about one half pound each) peeled and trimmed $ One small shallot, sliced paper-thin $ 2 tablespoons extra-virgin olive oil $ Fine sea salt $ ",Salad $ Vegetable $ Vegetarian $ Healthy $ ,French $ ,3/4,6,Salad $ Vegetable $ Vegetarian $ Healthy $ French $ 
https://www.epicurious.com/recipes/food/views/bacon-wrapped-cod-104533,Bacon-Wrapped Cod ,"1 pound (500g) fresh cod fillet $ Sea salt and freshly ground black pepper $ 3 ounces (90g) thinly sliced slab bacon, rind removed $ 1 tablespoon extra-virgin olive oil $ 1/2 cup fresh flat-leaf parsley leaves $ 1 shallot $ 1/4 cup extra-virgin olive oil $ 3 tablespoons capers $ ",Fish $ Pork $ Dinner $ Sugar Conscious $ Paleo $ Dairy Free $ Wheat/Gluten-Free $ Peanut Free $ Tree Nut Free $ Soy Free $ No Sugar Added $ ,French $ ,3/4,14,Fish $ Pork $ Dinner $ Sugar Conscious $ Paleo $ Dairy Free $ Wheat/Gluten-Free $ Peanut Free $ Tree Nut Free $ Soy Free $ No Sugar Added $ French $ 
https://www.epicurious.com/recipes/food/views/lychee-lime-ginger-salad-104676,"Lychee, Lime & Ginger Salad ","2 pounds of lychees in the shell (or canned lychees) $ 2 tablespoons freshly squeezed lime juice $ 2 tablespoons diced, candied ginger (from about a one-half ounce chunk of candied ginger) $ ",Salad $ Ginger $ Appetizer $ No-Cook $ Picnic $ Vegetarian $ Quick & Easy $ Backyard BBQ $ Lime $ Vegan $ Lychee $ Pescatarian $ Dairy Free $ Wheat/Gluten-Free $ Peanut Free $ Tree Nut Free $ Soy Free $ Kosher $ ,French $ ,3/4,7,Salad $ Ginger $ Appetizer $ No-Cook $ Picnic $ Vegetarian $ Quick & Easy $ Backyard BBQ $ Lime $ Vegan $ Lychee $ Pescatarian $ Dairy Free $ Wheat/Gluten-Free $ Peanut Free $ Tree Nut Free $ Soy Free $ Kosher $ French $ 
https://www.epicurious.com/recipes/food/views/soft-shelled-crabs-meuniere-104885,Soft-Shelled Crabs Meunière ,"1 cup whole milk $ 1 teaspoon kosher salt $ 1/4 teaspoon black pepper $ 4 small (4-inch-wide) live soft-shelled crabs, cleaned $ 1 cup Wondra or all-purpose flour $ 4 tablespoonsClarified Butter $ 1 1/2 tablespoons unsalted butter, cut into 3 pieces $ 1 tablespoon fresh lemon juice $ 2 tablespoons chopped fresh flat-leaf parsley $ ",Shellfish $ Sauté $ Quick & Easy $ Lemon $ Crab $ Spring $ Parsley $ Gourmet $ ,French $ ,4/4,23,Shellfish $ Sauté $ Quick & Easy $ Lemon $ Crab $ Spring $ Parsley $ Gourmet $ French $ 
https://www.epicurious.com/recipes/food/views/prosciutto-and-gruyere-pastry-pinwheels-107840,Prosciutto and Gruyère Pastry Pinwheels ,"1 sheet frozen puff pastry (half of 17.3-ounce package), thawed $ 4 ounces thinly sliced prosciutto $ 2 tablespoons chopped fresh basil $ 3/4 cup (packed) finely grated Gruyère cheese (about 2 1/2 ounces) $ 1 egg, beaten to blend $ ",Cheese $ Appetizer $ Bake $ Cocktail Party $ Basil $ Prosciutto $ Phyllo/Puff Pastry Dough $ Pastry $ Bon Appétit $ ,French $ ,3.5/4,105,Cheese $ Appetizer $ Bake $ Cocktail Party $ Basil $ Prosciutto $ Phyllo/Puff Pastry Dough $ Pastry $ Bon Appétit $ French $ 
https://www.epicurious.com/recipes/food/views/basic-hollandaise-sauce-101868,Basic Hollandaise Sauce ,"3 egg yolks $ 1 tablespoon cream $ 1 cup (1/2 pound) melted butter, cooled to room temperature $ 1 tablespoon lemon juice or white wine vinegar $ 1/2 teaspoon salt $ Dash of cayenne pepper $ ",Sauce $ Dairy $ Egg $ House & Garden $ Sauce Secrets $ ,French $ ,3/4,26,Sauce $ Dairy $ Egg $ House & Garden $ Sauce Secrets $ French $ 
https://www.epicurious.com/recipes/food/views/creme-brulee-a-lorange-101842,Crème Brûlée a l'Orange ,6 large egg yolks $ 1/2 cup plus 6 teaspoons sugar $ 1 1/3 cups whipping cream $ 2/3 cup whole milk $ 2 1/2 teaspoons grated orange peel $ 1 1/2 tablespoons Grand Marnier or other orange liqueur $ ,Milk/Cream $ Dessert $ Bake $ Broil $ Orange $ Summer $ Bon Appétit $ Kidney Friendly $ Vegetarian $ Pescatarian $ Wheat/Gluten-Free $ Peanut Free $ Tree Nut Free $ Soy Free $ Kosher $ ,French $ ,3.5/4,40,Milk/Cream $ Dessert $ Bake $ Broil $ Orange $ Summer $ Bon Appétit $ Kidney Friendly $ Vegetarian $ Pescatarian $ Wheat/Gluten-Free $ Peanut Free $ Tree Nut Free $ Soy Free $ Kosher $ French $ 
https://www.epicurious.com/recipes/food/views/green-onion-and-mushroom-omelet-105075,Green Onion and Mushroom Omelet ,6 ounces crimini mushrooms $ 2 tablespoons plus 2 teaspoons butter $ 5 tablespoons chopped green onions $ 1/4 cup dry vermouth $ 6 large eggs $ 1 tablespoon water $ 1/4 teaspoon salt $ 1/4 teaspoon ground black pepper $ ,Mushroom $ Onion $ Breakfast $ Brunch $ Low Carb $ Spring $ Bon Appétit $ Sugar Conscious $ Vegetarian $ Pescatarian $ Wheat/Gluten-Free $ Peanut Free $ Tree Nut Free $ Soy Free $ Kosher $ ,French $ ,3/4,18,Mushroom $ Onion $ Breakfast $ Brunch $ Low Carb $ Spring $ Bon Appétit $ Sugar Conscious $ Vegetarian $ Pescatarian $ Wheat/Gluten-Free $ Peanut Free $ Tree Nut Free $ Soy Free $ Kosher $ French $ 
https://www.epicurious.com/recipes/food/views/potato-and-artichoke-gratin-107874,Potato and Artichoke Gratin ,"2 tabl (1/4 stick) butter $ 1 cup chopped onion $ 3 garlic cloves, minced $ 2 pounds russet potatoes, peeled, cut into 1/4-inch thick slices $ 2 teaspoons chopped fresh thyme $ 1 1/4 teaspoons salt $ Freshly ground black pepper $ 2 8-ounce packages frozen artichoke hearts, thawed, halved lenghtwise $ 1 1/2 cups whipping cream $ 1 1/2 cups half and half $ ",Milk/Cream $ Onion $ Potato $ Side $ Bake $ Casserole/Gratin $ Artichoke $ Winter $ Bon Appétit $ Vegetarian $ Pescatarian $ Wheat/Gluten-Free $ Peanut Free $ Tree Nut Free $ Soy Free $ No Sugar Added $ Kosher $ ,French $ ,3.5/4,8,Milk/Cream $ Onion $ Potato $ Side $ Bake $ Casserole/Gratin $ Artichoke $ Winter $ Bon Appétit $ Vegetarian $ Pescatarian $ Wheat/Gluten-Free $ Peanut Free $ Tree Nut Free $ Soy Free $ No Sugar Added $ Kosher $ French $ 
https://www.epicurious.com/recipes/food/views/goat-cheese-and-herb-souffles-105061,Goat Cheese and Herb Souffles ,7 tablespoons grated Parmesan cheese $ 3/4 cup whole milk $ 3 large egg yolks $ 2 tablespoons (1/4 stick) butter $ 1/2 cup chopped red onion $ 1 teaspoon chopped fresh thyme $ 1/2 teaspoon chopped fresh rosemary $ 2 tablespoons all purpose flour $ 1 cup crumbled soft fresh goat cheese (such as Montrachet) $ 3/4 teaspoon salt $ 1/4 teaspoon ground black pepper $ 1 Large pinch of cayenne pepper $ 4 large egg whites $ ,Appetizer $ Bake $ Goat Cheese $ Rosemary $ Thyme $ Bon Appétit $ Sugar Conscious $ Vegetarian $ Pescatarian $ Peanut Free $ Tree Nut Free $ Soy Free $ No Sugar Added $ Kosher $ ,French $ ,4/4,13,Appetizer $ Bake $ Goat Cheese $ Rosemary $ Thyme $ Bon Appétit $ Sugar Conscious $ Vegetarian $ Pescatarian $ Peanut Free $ Tree Nut Free $ Soy Free $ No Sugar Added $ Kosher $ French $ 
https://www.epicurious.com/recipes/food/views/grilled-shrimp-remoulade-109742,Grilled Shrimp Rémoulade ,1/4 cup Creole mustard* or other coarse-grain mustard $ 1/4 cup white-wine vinegar $ 2/3 cup plus 1/4 cup vegetable oil $ 3 tablespoons minced fresh flat-leaf parsley $ 2 1/2 tablespoons drained bottled horseradish $ 2 1/2 tablespoons minced dill pickle $ 2 tablespoons minced scallion greens $ 2 teaspoons paprika (not hot) $ 1 1/2 teaspoons cayenne $ 2 1/4 teaspoons salt $ 1 teaspoon black pepper $ 3 lb large shrimp in shell (21 to 25 per lb) $ Special equipment: 14 (12-inch) wooden skewers $ ,Mustard $ Low Carb $ Quick & Easy $ Horseradish $ Shrimp $ Summer $ Grill/Barbecue $ Parsley $ Gourmet $ ,French $ ,3.5/4,11,Mustard $ Low Carb $ Quick & Easy $ Horseradish $ Shrimp $ Summer $ Grill/Barbecue $ Parsley $ Gourmet $ French $ 
https://www.epicurious.com/recipes/food/views/french-vinaigrette-109671,French Vinaigrette ,3 tablespoons white-wine vinegar $ 1 teaspoon Dijon mustard $ 1/2 teaspoon salt $ 1/8 teaspoon black pepper $ 2 teaspoons finely chopped shallot $ 6 tablespoons extra-virgin olive oil $ ,Condiment/Spread $ Herb $ No-Cook $ Quick & Easy $ Salad Dressing $ Vinegar $ Summer $ Gourmet $ ,French $ ,3/4,1,Condiment/Spread $ Herb $ No-Cook $ Quick & Easy $ Salad Dressing $ Vinegar $ Summer $ Gourmet $ French $ 
https://www.epicurious.com/recipes/food/views/milk-and-dark-chocolate-mousse-cake-102230,Milk-and-Dark-Chocolate Mousse Cake ,"3/4 plus 1 tablespoon (118 grams) all-purpose flour, sifted $ 3/4 cup (70 grams) unsweetened alkalized cocoa powder, sifted $ 6 large eggs $ 1 cup (200 grams) sugar $ 2 tablespoons (28 grams) unsalted butter, melted $ 3 1/2 cups (812 grams) heavy cream $ 5 ounces (142 grams) milk chocolate, finely chopped $ 5 ounces (142 grams) bittersweet chocolate, finely chopped $ 1/4 cup (50 grams) sugar $ ",Cake $ Chocolate $ Dairy $ Egg $ Dessert $ Bake $ Freeze/Chill $ Summer $ Chill $ Vegetarian $ Pescatarian $ Peanut Free $ Tree Nut Free $ Soy Free $ Kosher $ ,French $ ,3.5/4,22,Cake $ Chocolate $ Dairy $ Egg $ Dessert $ Bake $ Freeze/Chill $ Summer $ Chill $ Vegetarian $ Pescatarian $ Peanut Free $ Tree Nut Free $ Soy Free $ Kosher $ French $ 
https://www.epicurious.com/recipes/food/views/nectarine-and-peach-summer-tart-101991,Nectarine and Peach Summer Tart ,8 ounces puff pastry (to fit a 10-1/2 inch tart pan) $ 1 pound 12 ounces nectarines and peaches $ 1/3 cup creme fraiche $ 1/4 cup sugar $ 1 large egg $ 1 tablespoon hazelnut powder $ 1 tablespoon almond powder $ ,Egg $ Dessert $ Bake $ Nectarine $ Peach $ Summer $ ,French $ ,0/4,0,Egg $ Dessert $ Bake $ Nectarine $ Peach $ Summer $ French $ 
https://www.epicurious.com/recipes/food/views/mustard-chicken-1862,Mustard Chicken ,"1 cup canned low-salt chicken broth $ 1/2 cup chopped onions $ 1/4 cup plus 2 tablespoons Dijon mustard $ 6 garlic cloves, minced $ 2 teaspoons Worcestershire $ 1/8 teaspoon hot pepper sauce (such as Tabasco) $ 2 tablespoons (1/4 stick) butter $ 2 tablespoons olive oil $ 1 3 1/2-pound chicken, cut into 8 pieces $ 1 teaspoon herbes de Provence or dried thyme, crumbled $ Chopped fresh parsley $ ",Chicken $ Garlic $ Mustard $ Poultry $ Low Carb $ Quick & Easy $ Spring $ Bon Appétit $ Paris $ France $ ,French $ ,3.5/4,88,Chicken $ Garlic $ Mustard $ Poultry $ Low Carb $ Quick & Easy $ Spring $ Bon Appétit $ Paris $ France $ French $ 
https://www.epicurious.com/recipes/food/views/trio-of-salads-1860,Trio of Salads ,"1 pound celery root, peeled, grated $ 3 cups coarsely grated carrots (about 4) $ 3 8 1/4-ounce cans julienne beets, drained $ Minced fresh parsley $ Minced fresh chives $ 3/4 cup olive oil $ 1/4 cup red wine vinegar $ 3 tablespoons Dijon mustard $ 2 shallots, quartered $ 1 garlic clove, halved $ Pinch of sugar $ ",Salad $ Vegetable $ No-Cook $ Vegetarian $ Quick & Easy $ Chill $ Bon Appétit $ Paris $ France $ ,French $ ,3.5/4,2,Salad $ Vegetable $ No-Cook $ Vegetarian $ Quick & Easy $ Chill $ Bon Appétit $ Paris $ France $ French $ 
https://www.epicurious.com/recipes/food/views/buche-de-noel-15846,Bûche de Noël ,"1-1/4 cups cake flour $ 1 teaspoon baking powder $ 1/2 teaspoon salt $ 7 large eggs, separated $ 1 cup sugar $ 1 teaspoon vanilla extract $ 3 tablespoons confectioner's sugar $ 1/2 teaspoon ground cinnamon $ 21 ounces bittersweet chocolate, such as Lindt $ 1-1/2 cups crème fraîche or heavy, non ultra-pasteurized cream $ 1/2 cup chestnut purée $ ",Cake $ Milk/Cream $ Mixer $ Chocolate $ Egg $ Dessert $ Bake $ Christmas $ Vegetarian $ Winter $ Chestnut $ Cinnamon $ Pescatarian $ Peanut Free $ Soy Free $ Kosher $ ,French $ ,2.5/4,15,Cake $ Milk/Cream $ Mixer $ Chocolate $ Egg $ Dessert $ Bake $ Christmas $ Vegetarian $ Winter $ Chestnut $ Cinnamon $ Pescatarian $ Peanut Free $ Soy Free $ Kosher $ French $ 
https://www.epicurious.com/recipes/food/views/green-potage-20106,Green Potage ,"1/4 cup sliced scallion $ 1/3 cup butter $ 2 cups diced raw potatoes $ 1 teaspoon salt $ 2 cups chicken broth $ 1/2 bunch water cress $ 1 cup spinach leaves, lightly packed $ 2 cups lettuce leaves, torn into small pieces $ Chopped chives or Sour cream and paprika $ ",Soup/Stew $ Herb $ Potato $ Quick & Easy $ Spinach $ Winter $ Watercress $ Lettuce $ House & Garden $ ,French $ ,3.5/4,13,Soup/Stew $ Herb $ Potato $ Quick & Easy $ Spinach $ Winter $ Watercress $ Lettuce $ House & Garden $ French $ 
https://www.epicurious.com/recipes/food/views/pate-brisee-101581,Pâte Brisée ,"1 1/4 cups all-purpose flour $ 3/4 stick (6 tablespoons) cold unsalted butter, cut into bits $ 2 tablespoons cold vegetable shortening $ 1/4 teaspoon salt $ ",Pastry $ Gourmet $ ,French $ ,0/4,0,Pastry $ Gourmet $ French $ 
https://www.epicurious.com/recipes/food/views/provencal-lamb-with-mediterranean-vegetables-102661,Provencal Lamb with Mediterranean Vegetables ,"2 teaspoons coriander seeds $ 2 teaspoons fennel seeds $ 2 teaspoons dried thyme $ 1 teaspoon salt $ 1/2 teaspoon ground black pepper $ 1 teaspoon olive oil $ 1 8-rib rack of lamb (about 1 1/2 pounds), well trimmed $ Mediterranean Vegetables $ ",Lamb $ Vegetable $ Roast $ Valentine's Day $ Meat $ Rack of Lamb $ Winter $ Anniversary $ Healthy $ Bon Appétit $ ,French $ ,3.5/4,2,Lamb $ Vegetable $ Roast $ Valentine's Day $ Meat $ Rack of Lamb $ Winter $ Anniversary $ Healthy $ Bon Appétit $ French $ 
https://www.epicurious.com/recipes/food/views/pear-tarte-tatin-with-vanilla-and-ginger-107730,Pear Tarte Tatin with Vanilla and Ginger ,"1 sheet frozen puff pastry (half of 17.3-ounce package), thawed $ 1/2 cup sugar $ 1/4 cup water $ 1 teaspoon light corn syrup $ 2 tablespoons (1/4 stick) unsalted butter $ 1/2 vanilla bean, split lengthwise, seeds scraped into small bowl $ 1 tablespoon grated peeled fresh ginger $ 5 medium-size firm Anjou pears (about 2 1/4 pounds), peeled, halved, cored, each half cut into 4 wedges $ Whipped cream $ ",Fruit $ Ginger $ Dessert $ Bake $ Pear $ Winter $ Phyllo/Puff Pastry Dough $ Bon Appétit $ Vegetarian $ Pescatarian $ Peanut Free $ Tree Nut Free $ Soy Free $ Kosher $ ,French $ ,3.5/4,7,Fruit $ Ginger $ Dessert $ Bake $ Pear $ Winter $ Phyllo/Puff Pastry Dough $ Bon Appétit $ Vegetarian $ Pescatarian $ Peanut Free $ Tree Nut Free $ Soy Free $ Kosher $ French $ 
https://www.epicurious.com/recipes/food/views/caramelized-nectarines-105483,Caramelized Nectarines ,"1 tablespoon unsalted butter $ 5 large nectarines (about 1 1/2 pounds), or peaches (which must be skinned) $ 1 tablespoon freshly squeezed lemon juice $ 2 tablespoons muscovado or dark brown sugar $ ",Fruit $ Dessert $ Nectarine $ Summer $ Vegetarian $ Pescatarian $ Wheat/Gluten-Free $ Peanut Free $ Tree Nut Free $ Soy Free $ Kosher $ ,French $ ,3.5/4,9,Fruit $ Dessert $ Nectarine $ Summer $ Vegetarian $ Pescatarian $ Wheat/Gluten-Free $ Peanut Free $ Tree Nut Free $ Soy Free $ Kosher $ French $ 
https://www.epicurious.com/recipes/food/views/spaghetti-with-mushrooms-zucchini-and-tarragon-108565,"Spaghetti with Mushrooms, Zucchini, and Tarragon ","Olive oil $ 1 pound zucchini, trimmed, diced $ 1/2 teaspoon dried crushed red pepper $ 2 pounds mushrooms, sliced $ 21/2 tablespoons chopped fresh tarragon $ 2 tablespoons chopped fresh parsley $ 3 large garlic cloves, minced $ 12 ounces spaghetti, freshly cooked $ 2 large tomatoes, chopped $ ",Mushroom $ Pasta $ Tomato $ Sauté $ Vegetarian $ Quick & Easy $ Zucchini $ Fall $ Healthy $ Tarragon $ Parsley $ Bon Appétit $ ,French $ ,2.5/4,4,Mushroom $ Pasta $ Tomato $ Sauté $ Vegetarian $ Quick & Easy $ Zucchini $ Fall $ Healthy $ Tarragon $ Parsley $ Bon Appétit $ French $ 
https://www.epicurious.com/recipes/food/views/tomato-and-celery-infused-beef-consomme-with-tiny-choux-puffs-105485,Tomato and Celery-Infused Beef Consommé with Tiny Choux Puffs ,"4 large egg whites plus shells, crushed $ 1 lb plum tomatoes, quartered $ 1 lb celery (5 to 6 large ribs), cut into 1-inch pieces $ 1/2 lb lean ground sirloin $ 1 tablespoon kosher salt $ 20 black peppercorns, cracked $ 6 cups veal stock $ Accompaniment: tiny choux puffs $ Garnish: celery leaves and diced seeded peeled tomatoes $ ",Soup/Stew $ Beef $ Tomato $ Celery $ Fall $ Simmer $ Gourmet $ ,French $ ,2.5/4,7,Soup/Stew $ Beef $ Tomato $ Celery $ Fall $ Simmer $ Gourmet $ French $ 
https://www.epicurious.com/recipes/food/views/classic-vinaigrette-103950,Classic Vinaigrette ,2 tablespoons Dijon mustard $ 2 to 3 teaspoons red wine vinegar $ 3 tablespoons bland oil such as sunflower $ 1 tablespoon extra-virgin olive oil $ Salt and pepper $ ,Sauce $ Mustard $ No-Cook $ Vegetarian $ Salad Dressing $ Vinegar $ Vegan $ ,French $ ,3.5/4,19,Sauce $ Mustard $ No-Cook $ Vegetarian $ Salad Dressing $ Vinegar $ Vegan $ French $ 
https://www.epicurious.com/recipes/food/views/chocolate-madeleines-105392,Chocolate Madeleines ,"3/4 cup (100g) all-purpose flour $ Half cup (90g) unsweetened cocoa $ Pinch salt $ 4 large eggs $ 1 cup (200g) vanilla sugar $ 12 tablespoons (6 ounces; 185g) unsalted butter, melted and cooled $ Butter for buttering the madeleine tins $ ",Cookies $ Chocolate $ Dessert $ Bake $ Kidney Friendly $ Vegetarian $ Pescatarian $ Peanut Free $ Tree Nut Free $ Soy Free $ Kosher $ ,French $ ,3.5/4,20,Cookies $ Chocolate $ Dessert $ Bake $ Kidney Friendly $ Vegetarian $ Pescatarian $ Peanut Free $ Tree Nut Free $ Soy Free $ Kosher $ French $ 
https://www.epicurious.com/recipes/food/views/apple-tart-with-caramelized-fennel-101641,Apple Tart with Caramelized Fennel ,"1 sheet frozen puff pastry (half of 17 1/4-ounce package), thawed $ 4 Golden Delicious apples, peeled, cored, chopped $ 1/4 cup water $ 2 tablespoons plus 3/4 cup sugar $ 3 medium fennel bulbs (about 13 ounces each), halved lengthwise, stalks separated $ 4 tablespoons (1/2 stick) unsalted butter $ 2 teaspoons aniseed $ Vanilla ice cream $ ",Fruit $ Vegetable $ Dessert $ Bake $ Vegetarian $ Apple $ Fennel $ Spring $ Bon Appétit $ Pescatarian $ Peanut Free $ Tree Nut Free $ Soy Free $ Kosher $ ,French $ ,3.5/4,3,Fruit $ Vegetable $ Dessert $ Bake $ Vegetarian $ Apple $ Fennel $ Spring $ Bon Appétit $ Pescatarian $ Peanut Free $ Tree Nut Free $ Soy Free $ Kosher $ French $ 
https://www.epicurious.com/recipes/food/views/chocolate-raspberry-bites-100730,Chocolate Raspberry Bites ,"8 ounces fine-quality bittersweet chocolate (not unsweetened) $ 2 cups heavy cream $ 1/2 recipe (24) Sweet Tartlet Shells , removed from baking cups $ 1 cup picked-over small raspberries $ 9 ounces fine-quality bittersweet chocolate (not unsweetened) $ 7 tablespoons unsalted butter $ 1 tablespoon light corn syrup $ ",Milk/Cream $ Berry $ Chocolate $ Dairy $ Fruit $ Dessert $ Cocktail Party $ Raspberry $ Summer $ Anniversary $ Shower $ Gourmet $ Kidney Friendly $ Vegetarian $ Pescatarian $ Wheat/Gluten-Free $ Peanut Free $ Tree Nut Free $ Soy Free $ Kosher $ ,French $ ,3.5/4,6,Milk/Cream $ Berry $ Chocolate $ Dairy $ Fruit $ Dessert $ Cocktail Party $ Raspberry $ Summer $ Anniversary $ Shower $ Gourmet $ Kidney Friendly $ Vegetarian $ Pescatarian $ Wheat/Gluten-Free $ Peanut Free $ Tree Nut Free $ Soy Free $ Kosher $ French $ 
https://www.epicurious.com/recipes/food/views/chicken-liver-pate-with-figs-and-walnuts-102148,Chicken Liver Pâté with Figs and Walnuts ,"Nonstick vegetable oil spray $ 1 pound chicken livers, trimmed $ 1 cup canned low-salt chicken broth $ 1 small onion, thinly sliced $ cup (2 sticks) unsalted butter, room temperature $ 1 tablespoon Cognac $ 1 1/4 teaspoons salt $ 1 cup dry red wine $ 3/4 cup dried black Mission figs $ 1/2 cup chopped toasted walnuts $ Fresh chives (for garnish) $ Red leaf lettuce (for garnish) $ 1 French-bread baguette, sliced, toasted $ ",Chicken $ Nut $ Poultry $ Appetizer $ Fig $ Walnut $ Fall $ Bon Appétit $ Sugar Conscious $ Kidney Friendly $ Peanut Free $ Soy Free $ ,French $ ,3.5/4,69,Chicken $ Nut $ Poultry $ Appetizer $ Fig $ Walnut $ Fall $ Bon Appétit $ Sugar Conscious $ Kidney Friendly $ Peanut Free $ Soy Free $ French $ 
https://www.epicurious.com/recipes/food/views/shortcut-pork-cassoulet-5880,Shortcut Pork Cassoulet ,"1 pound dried Great Northern beans $ 5 bacon slices, coarsely chopped $ 1 3 1/2-pound boneless pork shoulder, trimmed of excess fat, cut into 1- to 1 1/2-inch pieces $ 1 pound kielbasa, cut into 3/4-inch-thick slices $ 2 1/2 cups chopped onions $ 1 cup sliced celery $ 1 cup sliced peeled carrots $ 4 large garlic cloves, minced $ 1 tablespoon dried thyme $ 2 cups canned low-salt chicken broth $ 1 14 1/2-ounce can diced tomatoes in juice $ 2 tablespoons tomato paste $ 1/2 cup dry white wine $ 2 cups coarse fresh breadcrumbs made from French bread $ 1/2 cup grated Parmesan cheese $ 2 tablespoons olive oil $ 1 small red bell pepper, cut into 1/4-inch-thick rounds $ Chopped fresh parsley $ ",Food Processor $ Bean $ Pork $ Tomato $ Bake $ Sauté $ Casserole/Gratin $ Bacon $ Sausage $ Winter $ Potluck $ Bon Appétit $ ,French $ ,3/4,43,Food Processor $ Bean $ Pork $ Tomato $ Bake $ Sauté $ Casserole/Gratin $ Bacon $ Sausage $ Winter $ Potluck $ Bon Appétit $ French $ 
https://www.epicurious.com/recipes/food/views/baked-pears-with-sauternes-custard-sauce-105517,Baked Pears with Sauternes Custard Sauce ,"8 firm-ripe Bartlett pears $ 1/2 cup raisins, chopped $ 1/2 cup packed light brown sugar $ 1/2 teaspoon finely grated fresh orange zest $ 1/2 teaspoon finely grated fresh lemon zest $ 1 cup plus 2 tablespoons Sauternes or other white dessert wine $ 6 large egg yolks $ 1/4 cup granulated sugar $ Accompaniment: Madeleines $ ",Dessert $ Bake $ Raisin $ Pear $ White Wine $ Winter $ Gourmet $ ,French $ ,3/4,7,Dessert $ Bake $ Raisin $ Pear $ White Wine $ Winter $ Gourmet $ French $ 
https://www.epicurious.com/recipes/food/views/poulet-au-vinaigre-a-lestragon-11974,Poulet au Vinaigre a l'Estragon ,"a 10-ounce container fresh pearl onions (about 2 1/2 cups), blanched in boiling water for 1 minute, drained, and peeled $ 2 tablespoons vegetable oil $ 1 tablespoon unsalted butter $ 3 1/2 pounds chicken pieces $ 1 cup tarragon white-wine vinegar $ 1/2 cup dry white wine $ 1 1/2 cups chicken broth $ 1 cup chopped and drained canned whole tomatoes $ 2 tablespoons finely chopped fresh tarragon or 1 teaspoon dried, crumbled, plus, if desired, fresh tarragon sprigs for garnish $ 4 teaspoons arrowroot or 1 1/2 tablespoons cornstarch, either dissolved in 2 tablespoons cold water $ ",Chicken $ Sauté $ Vinegar $ Tarragon $ Gourmet $ ,French $ ,3.5/4,13,Chicken $ Sauté $ Vinegar $ Tarragon $ Gourmet $ French $ 
https://www.epicurious.com/recipes/food/views/pear-clafoutis-1809,Pear Clafoutis ,"4 large eggs $ 1/2 cup sugar $ Pinch of salt $ 1/3 cup all purpose flour $ 1 cup milk $ 1/4 cup (1/2 stick) butter, melted $ 1 teaspoon vanilla extract $ 1 teaspoon grated lemon peel $ 3 large pears, peeled, cored, sliced $ Powdered sugar $ ",Dairy $ Egg $ Dessert $ Bake $ Pear $ Bon Appétit $ ,French $ ,3.5/4,10,Dairy $ Egg $ Dessert $ Bake $ Pear $ Bon Appétit $ French $ 
https://www.epicurious.com/recipes/food/views/caramel-glazed-walnut-cake-1805,Caramel-Glazed Walnut Cake ,"8 1-inch-thick slices French bread, crust trimmed, bread cut into cubes $ 1 1/2 cups walnuts, lightly toasted $ 1 cup sugar $ 4 large egg yolks $ 2 tablespoons dark rum $ 4 teaspoons instant espresso coffee powder dissolved in 1 teaspoon water $ 1 teaspoon grated lemon peel $ 6 large egg whites $ Pinch of salt $ 1/2 cup sugar $ 2 tablespoons water $ 8 walnut halves $ ",Cake $ Coffee $ Food Processor $ Mixer $ Egg $ Dessert $ Bake $ Walnut $ Bon Appétit $ Kidney Friendly $ Vegetarian $ Pescatarian $ Dairy Free $ Peanut Free $ Soy Free $ Kosher $ ,French $ ,1/4,1,Cake $ Coffee $ Food Processor $ Mixer $ Egg $ Dessert $ Bake $ Walnut $ Bon Appétit $ Kidney Friendly $ Vegetarian $ Pescatarian $ Dairy Free $ Peanut Free $ Soy Free $ Kosher $ French $ 
https://www.epicurious.com/recipes/food/views/stuffed-peppers-101633,Stuffed Peppers ,"1 1/2 pounds sweet Italian sausages, casings removed $ 1 1/2 cups coarsely grated zucchini (about 1 large) $ 1/2 cup finely chopped red onion $ 1/3 cup minced fresh parsley $ 1/4 cup fine dry breadcrumbs $ 1 large egg $ 1 teaspoon ground black pepper $ 3/4 teaspoon salt $ 1/2 teaspoon minced fresh rosemary $ 4 medium-size red bell peppers (each about 4 to 6 ounces), halved lengthwise, seeded $ Fresh rosemary sprigs $ ",Pepper $ Pork $ Vegetable $ Appetizer $ Bake $ Sausage $ Fall $ Spring $ Summer $ Winter $ Bon Appétit $ Dairy Free $ Peanut Free $ Tree Nut Free $ Soy Free $ ,French $ ,3/4,130,Pepper $ Pork $ Vegetable $ Appetizer $ Bake $ Sausage $ Fall $ Spring $ Summer $ Winter $ Bon Appétit $ Dairy Free $ Peanut Free $ Tree Nut Free $ Soy Free $ French $ 
https://www.epicurious.com/recipes/food/views/rustic-apple-and-dried-cherry-galette-with-creme-fraiche-and-caramel-sauce-5190,Rustic Apple and Dried Cherry Galette with Crème Fraîche and Caramel Sauce ,"1 1/2 cups all purpose flour $ 1/2 teaspoon salt $ 1/2 cup (1 stick) chilled unsalted butter, cut into 1/2-inch pieces $ 4 tablespoons (about) ice water filling $ 1 tablespoon unsalted butter $ 1 1/2 pounds tart green apples (such as Granny Smith; about 5), peeled, cored, each cut into 8 wedges $ 4 tablespoons sugar $ 1/3 cup dried tart cherries (about 2 ounces) $ 1/4 teaspoon ground cinnamon $ 1 cup Crème Fraîche or sour cream Caramel Sauce $ Caramel Sauce $ ",Dessert $ Bake $ Apple $ Cherry $ Fall $ Bon Appétit $ ,French $ ,3.5/4,28,Dessert $ Bake $ Apple $ Cherry $ Fall $ Bon Appétit $ French $ 
https://www.epicurious.com/recipes/food/views/olive-biscuits-5171,Olive Biscuits ,"9 tablespoons unsalted butter, softened $ 3/4 cup confectioner's sugar, sifted $ 1 tablespoon extra-virgin olive oil $ 1-1/4 cups all purpose flour $ 1/2 cup cured olives, preferably from Nyons, pitted and coarsely chopped $ ",Bread $ Cookies $ Olive $ Appetizer $ Bake $ Kidney Friendly $ Vegetarian $ Pescatarian $ Peanut Free $ Tree Nut Free $ Soy Free $ Kosher $ ,French $ ,3/4,10,Bread $ Cookies $ Olive $ Appetizer $ Bake $ Kidney Friendly $ Vegetarian $ Pescatarian $ Peanut Free $ Tree Nut Free $ Soy Free $ Kosher $ French $ 
https://www.epicurious.com/recipes/food/views/creamy-zucchini-soup-102408,Creamy Zucchini Soup ,"1 1/2 pounds zucchini, cut into 1/2-inch pieces $ 1 1/2 cups canned low-salt chicken broth or water $ 1/4 cup whipping cream $ 1/4 teaspoon ground nutmeg $ 1 tablespoon grated Parmesan cheese $ ",Soup/Stew $ Milk/Cream $ Vegetable $ Quick & Easy $ Zucchini $ Nutmeg $ Bon Appétit $ France $ ,French $ ,3/4,30,Soup/Stew $ Milk/Cream $ Vegetable $ Quick & Easy $ Zucchini $ Nutmeg $ Bon Appétit $ France $ French $ 
https://www.epicurious.com/recipes/food/views/creme-anglaise-101030,Crème Anglaise ,"6 large egg yolks $ 2/3 cup sugar $ 2 cups half and half $ 1 vanilla bean, split lengthwise $ ",Sauce $ Milk/Cream $ Egg $ Dessert $ Chill $ Bon Appétit $ Kidney Friendly $ Vegetarian $ Pescatarian $ Wheat/Gluten-Free $ Peanut Free $ Tree Nut Free $ Soy Free $ Kosher $ ,French $ ,3/4,17,Sauce $ Milk/Cream $ Egg $ Dessert $ Chill $ Bon Appétit $ Kidney Friendly $ Vegetarian $ Pescatarian $ Wheat/Gluten-Free $ Peanut Free $ Tree Nut Free $ Soy Free $ Kosher $ French $ 
https://www.epicurious.com/recipes/food/views/white-chocolate-mousse-101372,White Chocolate Mousse ,"2 large eggs $ 1/3 cup sugar $ 3 tablespoons Frangelico (hazelnut liqueur) $ 6 ounces good-quality white chocolate (such as Baker's or Lindt), chopped $ 1 cup chilled whipping cream $ ",Milk/Cream $ Chocolate $ Dessert $ Frangelico $ Spring $ Chill $ Bon Appétit $ Kidney Friendly $ Vegetarian $ Pescatarian $ Wheat/Gluten-Free $ Peanut Free $ Soy Free $ Kosher $ ,French $ ,3/4,12,Milk/Cream $ Chocolate $ Dessert $ Frangelico $ Spring $ Chill $ Bon Appétit $ Kidney Friendly $ Vegetarian $ Pescatarian $ Wheat/Gluten-Free $ Peanut Free $ Soy Free $ Kosher $ French $ 
https://www.epicurious.com/recipes/food/views/garlic-croutes-102027,Garlic Croutes ,1 garlic clove $ 1 round loaf crusty bread $ 2 tablespoons extra-virgin olive oil $ fine sea salt $ ,Bread $ Garlic $ Side $ Broil $ Grill/Barbecue $ Gourmet $ ,French $ ,3/4,1,Bread $ Garlic $ Side $ Broil $ Grill/Barbecue $ Gourmet $ French $ 
https://www.epicurious.com/recipes/food/views/pistachio-blancmanges-108527,Pistachio Blancmanges ,1 1/2 cups shelled unsalted pistachios (not dyed red; 7 oz) $ 1 3/4 cups whole milk $ 1/8 teaspoon almond extract $ 1 3/4 teaspoons unflavored gelatin (from a 1/4-oz envelope) $ 2 tablespoons cold water $ 1/2 cup sugar $ 1 cup chilled heavy cream $ Accompaniment: brandied poached peaches $ Garnish: chopped unsalted pistachios $ 8 (4-oz) oval or round metal molds or ceramic ramekins; a thin fine-weave kitchen towel (not terry cloth) $ ,Milk/Cream $ Dessert $ Bake $ Pistachio $ Fall $ Chill $ Gourmet $ Wheat/Gluten-Free $ Peanut Free $ Soy Free $ ,French $ ,2.5/4,5,Milk/Cream $ Dessert $ Bake $ Pistachio $ Fall $ Chill $ Gourmet $ Wheat/Gluten-Free $ Peanut Free $ Soy Free $ French $ 
https://www.epicurious.com/recipes/food/views/jacquess-skillet-duck-with-parsnips-and-shallots-105471,Jacques's Skillet Duck with Parsnips and Shallots ,"1 duck, 5 to 5 1/2 pounds, defrosted if frozen, giblets removed $ 3/4 teaspoon salt $ 1/4 teaspoon freshly ground black pepper $ 3 large parsnips (about 1 1/2 pounds total), peeled, ends trimmed, sliced into 1 1/2-inch pieces $ 2 cups large whole shallots, peeled (about 10 ounces unpeeled) $ 2 heads garlic, cloves (about 30), separated but unpeeled $ 2 sprigs fresh rosemary $ 2 bay leaves $ chopped fresh parsley, for garnish $ Special equipment: A large sauté pan or heavy-bottomed saucepan (12-inch diameter or larger), nonstick preferred, with a tight-fitting cover $ A large perforated spoon or skimmer $ A large serving platter $ ",Duck $ Vegetable $ Fry $ Sauté $ Dinner $ Parsnip $ Fall $ Shallot $ Dairy Free $ Wheat/Gluten-Free $ Peanut Free $ Tree Nut Free $ Soy Free $ No Sugar Added $ Kosher $ ,French $ ,4/4,13,Duck $ Vegetable $ Fry $ Sauté $ Dinner $ Parsnip $ Fall $ Shallot $ Dairy Free $ Wheat/Gluten-Free $ Peanut Free $ Tree Nut Free $ Soy Free $ No Sugar Added $ Kosher $ French $ 
https://www.epicurious.com/recipes/food/views/three-onion-soup-103177,Three Onion Soup ,"4 medium leeks $ 1 teaspoon olive oil $ 1 small onion (1/4 pound), thinly sliced $ 2 large shallots (1/4 pound), thinly sliced $ 1 1/2 cups water $ 1 large boiling potato (6 ounces) such as Yukon Gold $ 1 cup nonfat chicken broth $ 1/2 cup grated Gruyère (2 ounces) $ 2 teaspoons balsamic vinegar $ ",Soup/Stew $ Cheese $ Onion $ Potato $ Stew $ Low Fat $ Vinegar $ Leek $ Spring $ Simmer $ Gourmet $ ,French $ ,3/4,15,Soup/Stew $ Cheese $ Onion $ Potato $ Stew $ Low Fat $ Vinegar $ Leek $ Spring $ Simmer $ Gourmet $ French $ 
https://www.epicurious.com/recipes/food/views/swiss-chard-gnocchi-101647,Swiss Chard Gnocchi ,"1 pound russet potatoes (about 2 large) $ 1 teaspoon salt $ 1/2 teaspoon ground black pepper $ 1 1/4 pounds Swiss chard, stems and ribs trimmed $ 1 large egg $ 1 tablespoon olive oil $ 1 3/4 cups (about) all purpose flour $ 1/2 cup (1 stick) butter $ 4 cups homemade or purchased tomato-herb sauce $ Freshly grated Parmesan cheese $ ",Leafy Green $ Potato $ Vegetable $ Vegetarian $ Spring $ Chard $ Bon Appétit $ ,French $ Italian $ ,3/4,6,Leafy Green $ Potato $ Vegetable $ Vegetarian $ Spring $ Chard $ Bon Appétit $ French $ Italian $ 
https://www.epicurious.com/recipes/food/views/estouffade-de-noel-101475,Estouffade de Noël ,"6 pounds shin or chuck beef, cut in 1 1/2 "" cubes $ 1 pound salt pork, diced $ 4 tablespoons butter $ 6 medium onions, quartered $ 2 teaspoons salt $ 1 teaspoon freshly ground black pepper $ 1 teaspoon thyme $ 1 bay leaf $ 2 crushed cloves garlic $ 1/4 cup flour $ 1 cup strong meat stock or bouillon $ Few sprigs parsley $ 2 stalks celery $ 2 leeks, well washed and split in half $ 2 carrots $ Heavy red wine (Pinot Noir, Cabernet, St. Emillion, or Burgundy) $ 1 1/2 pounds mushrooms sautéed in 1/4 pound butter $ ",Beef $ Mushroom $ Pork $ Vegetable $ Braise $ Winter $ House & Garden $ ,French $ ,3/4,2,Beef $ Mushroom $ Pork $ Vegetable $ Braise $ Winter $ House & Garden $ French $ 
https://www.epicurious.com/recipes/food/views/lemon-custards-with-lemon-verbena-101609,Lemon Custards with Lemon Verbena ,1 cup water $ 14 2- to 2 1/2-inch-long fresh or dried lemon verbena leaves (optional) $ 10 2 x 1/2-inch strips lemon peel (yellow part only) $ 6 tablespoons sugar $ 1 1/2 cups whipping cream $ 6 large egg yolks $ 1 teaspoon fresh lemon juice $ ,Citrus $ Dairy $ Egg $ Herb $ Dessert $ Bake $ Lemon $ Spring $ Bon Appétit $ ,French $ French Provençal $ ,3.5/4,9,Citrus $ Dairy $ Egg $ Herb $ Dessert $ Bake $ Lemon $ Spring $ Bon Appétit $ French $ French Provençal $ 
https://www.epicurious.com/recipes/food/views/fish-soup-with-tomatoes-and-red-pepper-garlic-sauce-101625,Fish Soup with Tomatoes and Red Pepper-Garlic Sauce ,"2 tablespoons extra-virgin olive oil $ 1 medium onion, finely chopped $ 1 fennel bulb, coarsely chopped $ 8 cups fish stock or bottled clam juice $ 1 cup chopped fresh Italian parsley $ 2 3-inch-long strips orange peel $ 3 pounds ripe tomatoes, peeled, coarsely chopped $ 1 pound medium-size red-skinned potatoes, peeled, cut into 1/4-inch-thick rounds $ 1 large red-skinned potato, quartered $ 1 large pinch of saffron threads $ 2 1/2 pounds lingcod fillets, cut into 1 1/2-inch pieces $ 1 red bell pepper $ 6 tablespoons extra-virgin olive oil $ 3 garlic cloves $ 1 French-bread baguette, cut into 1/4-inch-thick rounds $ ",Soup/Stew $ Fish $ Tomato $ Bell Pepper $ Fall $ Spring $ Winter $ Bon Appétit $ ,French $ ,3/4,13,Soup/Stew $ Fish $ Tomato $ Bell Pepper $ Fall $ Spring $ Winter $ Bon Appétit $ French $ 
https://www.epicurious.com/recipes/food/views/apricot-galette-101795,Apricot Galette ,1/4 cup sliced almonds $ 1/4 cup confectioners' sugar $ 6 fresh apricots (preferably underripe and very tart) $ half a 17 1/4-ounce package frozen puff pastry sheets (1 sheet) $ 1 tablespoon granulated sugar $ ,Food Processor $ Dessert $ Bake $ Apricot $ Summer $ Gourmet $ Kidney Friendly $ Vegetarian $ Pescatarian $ Peanut Free $ Soy Free $ Kosher $ ,French $ ,3/4,18,Food Processor $ Dessert $ Bake $ Apricot $ Summer $ Gourmet $ Kidney Friendly $ Vegetarian $ Pescatarian $ Peanut Free $ Soy Free $ Kosher $ French $ 
https://www.epicurious.com/recipes/food/views/classic-coq-au-vin-107153,Classic Coq au Vin ,"1 750-ml bottle French Burgundy or California Pinot Noir $ 1 large onion, sliced $ 2 celery stalks, sliced $ 1 large carrot, peeled, sliced $ 1 large garlic clove, peeled, flattened $ 1 teaspoon whole black peppercorns $ 2 tablespoons olive oil $ 1 6-pound roasting chicken, backbone removed, cut into 8 pieces (2 drumsticks, 2 thighs, 2 wings with top quarter of adjoining breast, 2 breasts) $ 1 tablespoon olive oil $ 6 ounces thick-cut bacon slices, cut crosswise into strips $ 3 tablespoons all purpose flour $ 2 large shallots, chopped $ 2 large garlic cloves, chopped $ 4 large fresh thyme sprigs $ 4 large fresh parsley sprigs $ 2 small bay leaves $ 2 cups low-salt chicken broth $ 4 tablespoons (1/2 stick) butter $ 1 pound assorted fresh wild mushrooms (such as crimini and stemmed shiitake) $ 20 1-inch-diameter pearl onions, or boiling onions, peeled $ Chopped fresh parsley $ ",,,0,0,
https://www.epicurious.com/recipes/food/views/vinaigrette-105608,Vinaigrette ,"1 to 2 tablespoons excellent wine vinegar, or a combination of vinegar and lemon juice $ 1/8 teaspoon salt $ Optional: 1/4 to 1/2 teaspoon dry or Dijon mustard $ 6 to 8 tablespoons best-quality olive oil or salad oil $ Fresh ground pepper $ Optional: 1 tablespoon minced shallots or scallions and/or 1/4 teaspoon dried herbs such as tarragon or basil $ ",Mustard $ No-Cook $ Quick & Easy $ Salad Dressing $ Vinegar $ ,French $ ,3.5/4,6,Mustard $ No-Cook $ Quick & Easy $ Salad Dressing $ Vinegar $ French $ 
