link,name,ingredients,recipe_category,recipe_cuisine,rating,rating_count,keywords
https://www.epicurious.com/recipes/food/views/french-bread-pizzas-with-ricotta-roasted-tomatoes-and-pesto-56390007,"French Bread Pizzas With Ricotta, Roasted Tomatoes, and Pesto ","1 1/2 pints cherry tomatoes, halved (about 3 cups) $ 1 tablespoon plus 2 teaspoons olive oil, divided $ 1/4 teaspoon kosher salt, plus more to taste $ 1/4 teaspoon freshly ground black pepper, plus more to taste $ 1 (12–14"") soft loaf French or Italian bread, split in half lengthwise $ 1 garlic clove, smashed $ 1/2 cup fresh ricotta (about 5 ounces) $ 3/4 cup coarsely grated Parmesan (about 3 ounces) $ 2 tablespoons fresh store-bought or homemade basil pesto $ ",Sandwich $ Tomato $ Bake $ Kid-Friendly $ Quick & Easy $ Dinner $ Lunch $ Parmesan $ Ricotta $ Back to School $ Vegetarian $ Pescatarian $ Peanut Free $ Tree Nut Free $ Soy Free $ Kosher $ ,Italian American $ ,4/4,3,Sandwich $ Tomato $ Bake $ Kid-Friendly $ Quick & Easy $ Dinner $ Lunch $ Parmesan $ Ricotta $ Back to School $ Vegetarian $ Pescatarian $ Peanut Free $ Tree Nut Free $ Soy Free $ Kosher $ Italian American $ 
https://www.epicurious.com/recipes/food/views/french-bread-pizzas-with-mozzarella-and-pepperoni-56390008,French Bread Pizzas with Mozzarella and Pepperoni ,"1 (12–14"") soft loaf French or Italian bread, split in half lengthwise $ 1 garlic clove, smashed $ 1/2 cup store-bought tomato sauce $ 1 cup coarsely grated mozzarella (about 4 ounces) $ 3 ounces sliced pepperoni $ 1/4 teaspoon crushed red-pepper flakes (optional) $ 2 tablespoons coarsely chopped fresh basil $ ",Sandwich $ Bake $ Kid-Friendly $ Quick & Easy $ Dinner $ Lunch $ Mozzarella $ Basil $ Sausage $ snack $ snack week $ Peanut Free $ Tree Nut Free $ Soy Free $ ,Italian American $ ,4/4,10,Sandwich $ Bake $ Kid-Friendly $ Quick & Easy $ Dinner $ Lunch $ Mozzarella $ Basil $ Sausage $ snack $ snack week $ Peanut Free $ Tree Nut Free $ Soy Free $ Italian American $ 
https://www.epicurious.com/recipes/food/views/sheet-pan-spaghetti-squash-puttanesca-56390005,Sheet-Pan Spaghetti Squash Puttanesca ,"1 large spaghetti squash (3 1/2–4 pounds) $ Kosher salt, freshly ground black pepper $ Nonstick vegetable cooking spray $ 1 oil-packed anchovy fillet, drained, finely chopped (optional) $ 1 garlic clove, finely chopped $ 12 ounces cherry tomatoes (about 2 cups) $ 1 pint shiitake mushrooms, stemmed, quartered (about 1 1/2 cups) $ 1/4 cup pitted oil-cured black olives, chopped $ 1 tablespoon drained capers $ 1/2 teaspoon crushed red pepper flakes $ 3 tablespoons olive oil, divided $ 1/4 cup pine nuts $ 1/4 cup coarsely chopped fresh basil, divided $ 1/4 cup coarsely chopped fresh parsley, divided $ 1/2 cup ricotta $ An 18x13"" rimmed baking sheet $ ",Tomato $ Bake $ Low Carb $ Low Fat $ Kid-Friendly $ Low Cal $ Wheat/Gluten-Free $ Dinner $ Zucchini $ Spring $ Summer $ Healthy $ Low Cholesterol $ Pescatarian $ Peanut Free $ Soy Free $ No Sugar Added $ Kosher $ ,Italian American $ ,3.5/4,47,Tomato $ Bake $ Low Carb $ Low Fat $ Kid-Friendly $ Low Cal $ Wheat/Gluten-Free $ Dinner $ Zucchini $ Spring $ Summer $ Healthy $ Low Cholesterol $ Pescatarian $ Peanut Free $ Soy Free $ No Sugar Added $ Kosher $ Italian American $ 
https://www.epicurious.com/recipes/food/views/spaghetti-with-no-cook-tomato-sauce-and-hazelnuts-56389869,Spaghetti with No-Cook Tomato Sauce and Hazelnuts ,"1/2 cup blanched hazelnuts $ 1 pound cherry tomatoes, halved $ 1 teaspoon kosher salt, plus more $ 12 ounces spaghetti or linguine $ 1 beefsteak tomato, chopped $ 2 garlic cloves, crushed $ 1 teaspoon crushed red pepper flakes $ 1 cup basil leaves, divided $ 2 small zucchini (about 8 ounces), coarsely grated $ 1/4 cup olive oil, plus more for drizzling $ Freshly ground black pepper $ 1 ounce ricotta salata (salted dry ricotta), shaved $ ",Pasta $ Tomato $ Vegetarian $ Kid-Friendly $ Ricotta $ Zucchini $ Summer $ Healthy $ Hazelnut $ Bon Appétit $ Portland $ Oregon $ ,Italian American $ ,0/4,1,Pasta $ Tomato $ Vegetarian $ Kid-Friendly $ Ricotta $ Zucchini $ Summer $ Healthy $ Hazelnut $ Bon Appétit $ Portland $ Oregon $ Italian American $ 
https://www.epicurious.com/recipes/food/views/penne-with-almond-pesto-and-green-beans-56389804,Penne with Almond Pesto and Green Beans ,"1 garlic clove, coarsely chopped $ 2 cups (packed) fresh basil leaves $ 1/2 cup plus 2 tablespoons coarsely chopped toasted almonds, divided $ 1 teaspoon kosher salt, plus more to taste $ 3/4 cup extra-virgin olive oil $ 1 pound penne $ 8 ounces green beans (about 2 cups), trimmed, thinly sliced on a bias $ 1/4 cup grated Parmesan $ ",Pasta $ Vegetarian $ Kid-Friendly $ Quick & Easy $ Dinner $ Parmesan $ Basil $ Almond $ Green Bean $ Spring $ Summer $ Healthy $ Low Cholesterol $ Sugar Conscious $ Pescatarian $ Peanut Free $ Soy Free $ No Sugar Added $ Kosher $ ,Italian American $ ,3.5/4,3,Pasta $ Vegetarian $ Kid-Friendly $ Quick & Easy $ Dinner $ Parmesan $ Basil $ Almond $ Green Bean $ Spring $ Summer $ Healthy $ Low Cholesterol $ Sugar Conscious $ Pescatarian $ Peanut Free $ Soy Free $ No Sugar Added $ Kosher $ Italian American $ 
https://www.epicurious.com/recipes/food/views/orzo-with-beets-olives-feta-and-soft-boiled-eggs-56389803,"Orzo with Beets, Olives, Feta, and Soft-Boiled Eggs ","2 medium golden beets, peeled, cut into 1/8""-thick matchsticks (about 1 1/2 cups) $ 2/3 cup finely chopped fresh dill $ 2/3 cup pitted, chopped black olives $ 1/4 cup extra-virgin olive oil, plus more to taste $ 1 teaspoon kosher salt, plus more to taste $ 1 pound orzo $ 6 large eggs $ Coarsely ground black pepper $ 6 ounces feta, crumbled (about 1 1/2 cups) $ ",Olive $ Pasta $ Low Fat $ Vegetarian $ Kid-Friendly $ Quick & Easy $ Dinner $ Lunch $ Feta $ Beet $ Spring $ Summer $ Healthy $ Dill $ Pescatarian $ Peanut Free $ Tree Nut Free $ Soy Free $ No Sugar Added $ Kosher $ ,Italian American $ ,3/4,3,Olive $ Pasta $ Low Fat $ Vegetarian $ Kid-Friendly $ Quick & Easy $ Dinner $ Lunch $ Feta $ Beet $ Spring $ Summer $ Healthy $ Dill $ Pescatarian $ Peanut Free $ Tree Nut Free $ Soy Free $ No Sugar Added $ Kosher $ Italian American $ 
https://www.epicurious.com/recipes/food/views/fettuccine-with-asparagus-beet-green-pesto-and-poached-egg-56389490,"Fettuccine with Asparagus, Beet Green Pesto, and Poached Egg ","1/2 cup walnuts $ 1 1/2 cups (packed) chopped beet greens (from 1 bunch beets) $ 2 garlic cloves, crushed $ 1/4 cup (packed) parsley leaves $ Finely grated zest of 1 lemon $ 3 teaspoons fresh lemon juice, divided $ Kosher salt $ 3/4 teaspoon freshly ground black pepper, divided $ Olive oil $ 2/3 cup grated Parmesan, plus more for serving $ 4 large eggs $ 3/4 pound fettuccine $ 1 bunch asparagus (about 1 pound), trimmed, shaved lengthwise into ribbons with a vegetable peeler $ ",Pasta $ Low Fat $ Vegetarian $ Kid-Friendly $ High Fiber $ Dinner $ Lunch $ Walnut $ Asparagus $ Beet $ Spring $ Summer $ Healthy $ Low Cholesterol $ Pescatarian $ Peanut Free $ Soy Free $ No Sugar Added $ Kosher $ ,Italian American $ ,3/4,9,Pasta $ Low Fat $ Vegetarian $ Kid-Friendly $ High Fiber $ Dinner $ Lunch $ Walnut $ Asparagus $ Beet $ Spring $ Summer $ Healthy $ Low Cholesterol $ Pescatarian $ Peanut Free $ Soy Free $ No Sugar Added $ Kosher $ Italian American $ 
https://www.epicurious.com/recipes/food/views/our-favorite-spaghetti-and-meatballs-56389489,Our Favorite Spaghetti and Meatballs ,"1/2 cup olive oil $ 12 garlic cloves, peeled $ 4 (28-ounce) cans whole tomatoes $ 1/2 teaspoon red pepper flakes $ 2 dried bay leaves $ 2 teaspoons kosher salt $ 1 1/2 teaspoons dried oregano $ 1/2 teapoon freshly ground pepper $ 2/3 cup (packed) basil leaves $ 1 cup roughly torn day-old Italian bread $ 1 cup whole milk $ 8 ounces ground beef $ 8 ounces ground pork $ 8 ounces ground veal $ 3 large eggs, beaten to blend $ 4 garlic cloves, finely chopped $ 1 1/4 cups grated Parmesan, divided $ 3/4 cup coarsely chopped fresh parsley, divided $ 1 teaspoon kosher salt, plus more $ 1 teaspoon dried oregano $ 1/2 teaspoon freshly ground black pepper $ 1/2 teaspoon ground fennel seeds $ 1/2 teaspoon red pepper flakes $ 1/4 cup olive oil $ 1 pound spaghetti $ ",Beef $ Pasta $ Pork $ Kid-Friendly $ Dinner $ Veal $ Back to School $ Peanut Free $ Tree Nut Free $ Soy Free $ Frankenrecipe $ ,Italian American $ ,3.5/4,39,Beef $ Pasta $ Pork $ Kid-Friendly $ Dinner $ Veal $ Back to School $ Peanut Free $ Tree Nut Free $ Soy Free $ Frankenrecipe $ Italian American $ 
https://www.epicurious.com/recipes/food/views/carrot-pizza-with-fontina-and-red-onion-56389448,Carrot Pizza with Fontina and Red Onion ,"2 tablespoons olive oil $ 1/2 medium onion, chopped $ 1/2 pound carrots (about 3-4 medium carrots), peeled and thinly sliced $ 1/2 cup white wine $ 1/2 teaspoon kosher salt $ 1/4 cup mascarpone $ 1/8 teaspoon cayenne pepper $ 1/2 pound prepared pizza dough, room temperature $ All-purpose flour (for surface) $ Olive oil (for brushing) $ 8 ounces Fontina cheese, grated (about 2 cups) $ 1/2 medium red onion, root intact and thinly sliced lengthwise into wedges $ 1 cup (loosely packed) carrot fronds or baby arugula $ ",Onion $ Bake $ Vegetarian $ Kid-Friendly $ High Fiber $ Dinner $ Lunch $ Carrot $ Healthy $ Fontina $ Pescatarian $ Peanut Free $ Tree Nut Free $ Soy Free $ Kosher $ ,Italian American $ ,4/4,15,Onion $ Bake $ Vegetarian $ Kid-Friendly $ High Fiber $ Dinner $ Lunch $ Carrot $ Healthy $ Fontina $ Pescatarian $ Peanut Free $ Tree Nut Free $ Soy Free $ Kosher $ Italian American $ 
https://www.epicurious.com/recipes/food/views/spaghetti-pie-51263030,Spaghetti Pie ,"8 ounces spaghetti, cooked (about 1/2 a package) $ 2 large eggs, whisked $ 1/2 cup parmesan cheese, divided $ 1 pound ground turkey (you could also use ground beef or chicken) $ 2 tablespoons olive oil $ 1/2 teaspoon salt $ 1/2 teaspoon garlic powder $ 1/2 teaspoon onion powder $ 2 cups weelicious tomato sauce $ 1 cup ricotta cheese $ 1/2 teaspoon italian herbs $ 1 cup mozzarella cheese, grated $ ",Chicken $ Pasta $ Kid-Friendly $ Quick & Easy $ Dinner $ Lunch $ Weelicious $ Peanut Free $ Tree Nut Free $ Soy Free $ No Sugar Added $ ,Italian American $ ,3/4,2,Chicken $ Pasta $ Kid-Friendly $ Quick & Easy $ Dinner $ Lunch $ Weelicious $ Peanut Free $ Tree Nut Free $ Soy Free $ No Sugar Added $ Italian American $ 
https://www.epicurious.com/recipes/food/views/our-favorite-lasagna-with-sausage-spinach-and-three-cheeses-51253440,"Our Favorite Lasagna with Sausage, Spinach, and Three Cheeses ","1 tablespoon extra-virgin olive oil $ 1 pound sweet Italian sausage, casings removed $ 1 medium onion, chopped $ 3/4 teaspoon kosher salt $ 1/4 teaspoon freshly ground black pepper $ 4 garlic cloves, minced $ 1/2 teaspoon red-pepper flakes, plus more to taste $ 2 tablespoons tomato paste $ Two 28-ounce cans whole tomatoes $ 2 teaspoons dried oregano $ Two 15-ounce containers part-skim ricotta cheese $ 1 1/2 cups packed basil leaves $ 1/2 cup grated Parmesan (about 2 ounces) $ 2 large egg yolks $ 3/4 teaspoon kosher salt $ 1/4 teaspoon freshly ground black pepper $ 2 10-ounce packages frozen chopped spinach, thawed, or 1 1/2 pounds fresh spinach, steamed $ Pinch kosher salt $ Vegetable-oil cooking spray $ 9 no-boil lasagna noodles (such as Barilla) $ 1 pound fresh mozzarella, grated (about 4 cups) $ 9 x 13 x 2-inch baking dish, preferably glass $ ",Bake $ Kid-Friendly $ Spinach $ Noodle $ Dinner $ Pasta $ Sausage $ Casserole/Gratin $ Cheese Week $ Frankenrecipe $ ,Italian $ Italian American $ ,3.5/4,80,Bake $ Kid-Friendly $ Spinach $ Noodle $ Dinner $ Pasta $ Sausage $ Casserole/Gratin $ Cheese Week $ Frankenrecipe $ Italian $ Italian American $ 
https://www.epicurious.com/recipes/food/views/pasta-with-pistachio-pesto-51117240,Pasta with Pistachio Pesto ,"1 1/2 cups unsalted, shelled roasted natural pistachios $ 1 cup chopped tomato $ 2 cloves garlic $ a handful of fresh mint leaves $ a handful of Parmesan, freshly grated $ a pinch of crushed red pepper flakes $ a pinch of freshly ground black pepper $ 2 tablespoons olive oil (or more) $ 1 pound freshly cooked pasta $ ",Pasta $ Tomato $ Vegetarian $ Dinner $ Parmesan $ Mint $ Pistachio $ Healthy $ Bon Appétit $ Sugar Conscious $ Pescatarian $ Peanut Free $ Soy Free $ No Sugar Added $ Kosher $ ,Italian American $ ,3/4,13,Pasta $ Tomato $ Vegetarian $ Dinner $ Parmesan $ Mint $ Pistachio $ Healthy $ Bon Appétit $ Sugar Conscious $ Pescatarian $ Peanut Free $ Soy Free $ No Sugar Added $ Kosher $ Italian American $ 
https://www.epicurious.com/recipes/food/views/turkey-meatball-garlic-bread-heroes-51107820,Turkey Meatball Garlic Bread Heroes ,"1 (28-ounce) can whole tomatoes in purée $ 2 tablespoons olive oil $ 1 small onion, finely chopped $ 3 garlic cloves, minced $ 1 teaspoon sugar $ 1/2 teaspoon salt $ 3 cups coarse fresh bread crumbs (from 5 to 6 slices firm white sandwich bread) $ 2/3 cup whole milk $ 2 large eggs, lightly beaten $ 1 1/4 cups grated Pecorino Romano (about 5 ounces) $ 3 garlic cloves, minced $ 3 tablespoons finely chopped flat-leaf parsley $ 1/2 teaspoon dried oregano $ 1/2 teaspoon salt $ 2 pounds ground turkey (not breast meat) $ 5 tablespoons unsalted butter, softened $ 2 tablespoons olive oil $ 1 tablespoon minced garlic $ 1/4 teaspoon salt $ 2 tablespoons grated Pecorino Romano $ 2 tablespoons finely chopped flat-leaf parsley $ 1/4 teaspoon freshly ground black pepper $ 12 hot dog or long potato buns or hoagie rolls $ An instant-read thermometer $ ",Sandwich $ Cheese $ Garlic $ Tomato $ turkey $ Super Bowl $ Kid-Friendly $ Father's Day $ Dinner $ Lunch $ Gourmet $ Peanut Free $ Tree Nut Free $ Soy Free $ ,Italian American $ ,3/4,4,Sandwich $ Cheese $ Garlic $ Tomato $ turkey $ Super Bowl $ Kid-Friendly $ Father's Day $ Dinner $ Lunch $ Gourmet $ Peanut Free $ Tree Nut Free $ Soy Free $ Italian American $ 
https://www.epicurious.com/recipes/food/views/sauteed-chicken-with-wild-mushrooms-380596,Sautéed Chicken with Wild Mushrooms ,"8 ounces skinless, boneless chicken breast, cut into strips $ 1 teaspoon porcini powder $ Kosher salt and freshly ground black pepper $ 2 tablespoons extra-virgin olive oil, divided $ 1/2 cup assorted sliced mushrooms (such as crimini and oyster) $ 1/4 cup drained canned white beans $ 1 garlic clove, minced $ Pinch of minced fresh rosemary $ 1/2 cup low-salt chicken broth $ 1 tablespoon Marsala $ 2 tablespoons truffle butter $ 1 tablespoon unsalted butter $ Orzo or steamed rice $ Ingredient info:Porcini powder and truffle butter can be found at specialty foods stores and online at fungusamongus.com. Porcini powder can also be made by grinding dried porcini in a spice mill. $ ",Bean $ Chicken $ Mushroom $ Sauté $ Valentine's Day $ Low Cal $ Low Sodium $ Dinner $ Bon Appétit $ Sugar Conscious $ Peanut Free $ Tree Nut Free $ Soy Free $ ,Italian American $ ,3.5/4,8,Bean $ Chicken $ Mushroom $ Sauté $ Valentine's Day $ Low Cal $ Low Sodium $ Dinner $ Bon Appétit $ Sugar Conscious $ Peanut Free $ Tree Nut Free $ Soy Free $ Italian American $ 
https://www.epicurious.com/recipes/food/views/fried-mozzarella-skewers-369029,Fried Mozzarella Skewers ,"2 tablespoons extra-virgin olive oil $ 5 garlic cloves, chopped $ 4 anchovy fillets $ 3 tablespoons drained tiny capers $ 2 tablespoons unsalted butter $ 1/2 cup dry white wine $ 3 tablespoons lemon juice $ 8 slices firm white bread, crusts removed $ 12 ounces fresh mozzarella, thinly sliced $ All-purpose flour, for dredging $ 2 large eggs $ 2 tablespoons milk $ Vegetable oil, for frying $ 1 tablespoon chopped fresh Italian parsley $ ",Appetizer $ Mozzarella $ Pescatarian $ Peanut Free $ Tree Nut Free $ Soy Free $ Kosher $ ,Italian $ Italian American $ ,4/4,1,Appetizer $ Mozzarella $ Pescatarian $ Peanut Free $ Tree Nut Free $ Soy Free $ Kosher $ Italian $ Italian American $ 
https://www.epicurious.com/recipes/food/views/pickled-fig-robiola-pistachio-oil-crostini-365809,"Pickled Fig, Robiola, & Pistachio Oil Crostini ","12 slices ciabatta bread $ 1/2 cup red wine vinegar $ 2 tablespoons sugar $ 6 dried figs $ 1/4 cup water $ 2 tablespoons pistachios, toasted and shelled $ 1/4 cup extra-virgin olive oil $ Robiola cheese $ ",Cheese $ Appetizer $ Fourth of July $ Vegetarian $ Quick & Easy $ Graduation $ Father's Day $ Backyard BBQ $ Fig $ Pistachio $ Summer $ Shower $ Grill $ Grill/Barbecue $ Healthy $ Engagement Party $ Bon Appétit $ ,Italian American $ ,4/4,8,Cheese $ Appetizer $ Fourth of July $ Vegetarian $ Quick & Easy $ Graduation $ Father's Day $ Backyard BBQ $ Fig $ Pistachio $ Summer $ Shower $ Grill $ Grill/Barbecue $ Healthy $ Engagement Party $ Bon Appétit $ Italian American $ 
https://www.epicurious.com/recipes/food/views/peach-prosciutto-ricotta-crostini-365769,"Peach, Prosciutto & Ricotta Crostini ",12 slices ciabatta bread $ 1 ripe peach $ 1 tablespoon fresh ricotta (preferably sheep's milk) $ Freshly ground black pepper $ 4 thin slices of prosciutto $ Honey $ ,,,0,0,
https://www.epicurious.com/recipes/food/views/tomato-mozzarella-thai-basil-crostini-365789,"Tomato, Mozzarella & Thai Basil Crostini ","12 slices seven-grain or sesame bread $ 1/2 garlic clove $ 2 cups (about 10 ounces) halved cherry or grape tomatoes $ 1 small shallot, minced $ 1 tablespoon toasted sesame oil $ 1 tablespoon unseasoned rice vinegar $ Sea salt and freshly ground black pepper $ Sliced fresh mozzarella $ Thai basil leaves $ ",Tomato $ Appetizer $ Fourth of July $ Quick & Easy $ Graduation $ Backyard BBQ $ Mozzarella $ Basil $ Summer $ Grill $ Grill/Barbecue $ Healthy $ Engagement Party $ Party $ Bon Appétit $ Sugar Conscious $ Kidney Friendly $ Vegetarian $ Pescatarian $ Peanut Free $ Tree Nut Free $ Soy Free $ Kosher $ ,Asian $ Italian American $ ,4/4,1,Tomato $ Appetizer $ Fourth of July $ Quick & Easy $ Graduation $ Backyard BBQ $ Mozzarella $ Basil $ Summer $ Grill $ Grill/Barbecue $ Healthy $ Engagement Party $ Party $ Bon Appétit $ Sugar Conscious $ Kidney Friendly $ Vegetarian $ Pescatarian $ Peanut Free $ Tree Nut Free $ Soy Free $ Kosher $ Asian $ Italian American $ 
https://www.epicurious.com/recipes/food/views/peas-mint-parmesan-crostini-365812,"Peas, Mint & Parmesan Crostini ","12 slices of baguette bread $ 1/2 garlic clove $ 1 cup fresh or frozen peas, thawed $ Kosher salt $ 2 tablespoons extra-virgin olive oil $ Shaved Parmesan $ Torn mint $ A few drops of balsamic vinegar $ ",Appetizer $ Fourth of July $ Vegetarian $ Quick & Easy $ Backyard BBQ $ Buffet $ Parmesan $ Mint $ Spring $ Summer $ Shower $ Grill $ Grill/Barbecue $ Healthy $ Engagement Party $ Bon Appétit $ Kidney Friendly $ Pescatarian $ Peanut Free $ Tree Nut Free $ Soy Free $ Kosher $ ,Italian American $ ,3.5/4,28,Appetizer $ Fourth of July $ Vegetarian $ Quick & Easy $ Backyard BBQ $ Buffet $ Parmesan $ Mint $ Spring $ Summer $ Shower $ Grill $ Grill/Barbecue $ Healthy $ Engagement Party $ Bon Appétit $ Kidney Friendly $ Pescatarian $ Peanut Free $ Tree Nut Free $ Soy Free $ Kosher $ Italian American $ 
https://www.epicurious.com/recipes/food/views/leaving-home-penne-rigate-with-broccoli-365089,Leaving-Home Penne Rigate with Broccoli ,"Salt $ 1 1/2 pounds broccoli, washed, stems discarded, cut into bite-size florets $ 1 pound penne rigate $ 3/4 cup extra-virgin olive oil $ 2/3 cup finely grated pecorino cheese, plus extra for serving $ Freshly ground pepper $ ",Pasta $ Vegetarian $ Quick & Easy $ Back to School $ Dinner $ Parmesan $ Broccoli $ Family Reunion $ Healthy $ Potluck $ Pescatarian $ Peanut Free $ Tree Nut Free $ Soy Free $ No Sugar Added $ Kosher $ ,Italian American $ ,3/4,57,Pasta $ Vegetarian $ Quick & Easy $ Back to School $ Dinner $ Parmesan $ Broccoli $ Family Reunion $ Healthy $ Potluck $ Pescatarian $ Peanut Free $ Tree Nut Free $ Soy Free $ No Sugar Added $ Kosher $ Italian American $ 
https://www.epicurious.com/recipes/food/views/salmon-panzanella-with-green-beans-364530,Salmon Panzanella With Green Beans ,"Vegetable oil cooking spray $ 1 pound salmon fillet, skin removed $ 1/2 teaspoon salt, divided $ 1/4 teaspoon black pepper, divided $ 1/2 pound green beans, cut into 1-inch pieces $ 3 tablespoons extra-virgin olive oil $ 1 tablespoon plus 1 teasoon red wine vinegar $ 2 cups cherry tomatoes, halved $ 1 cup thinly sliced red onion $ 8 ounce whole-wheat baguette, cut into 1-inch cubes $ 1/2 cup fresh basil, cut into thin strips $ ",Fish $ Broil $ Quick & Easy $ Lunch $ Salmon $ Green Bean $ Spring $ Healthy $ Self $ Pescatarian $ Dairy Free $ Peanut Free $ Tree Nut Free $ Soy Free $ ,Italian American $ ,3.5/4,26,Fish $ Broil $ Quick & Easy $ Lunch $ Salmon $ Green Bean $ Spring $ Healthy $ Self $ Pescatarian $ Dairy Free $ Peanut Free $ Tree Nut Free $ Soy Free $ Italian American $ 
https://www.epicurious.com/recipes/food/views/smoked-ham-roasted-radicchio-and-cheese-panini-363311,"Smoked Ham, Roasted Radicchio, And Cheese Panini ","1 head radicchio, cut through the core into 8 wedges $ 1/4 cup extra virgin olive oil $ Kosher salt and freshly ground black pepper $ Four 1/2-inch slices ciabatta or other good crusty bread $ 6 thin slices smoked ham $ 2 to 3 ounces assertive cheese, such as Gorgonzola or Camembert, crumbled or thinly sliced $ ",Sandwich $ Cheese $ Quick & Easy $ Graduation $ Father's Day $ Lunch $ Ham $ Radicchio $ Sugar Conscious $ Peanut Free $ Tree Nut Free $ Soy Free $ No Sugar Added $ ,Italian American $ ,0/4,0,Sandwich $ Cheese $ Quick & Easy $ Graduation $ Father's Day $ Lunch $ Ham $ Radicchio $ Sugar Conscious $ Peanut Free $ Tree Nut Free $ Soy Free $ No Sugar Added $ Italian American $ 
https://www.epicurious.com/recipes/food/views/lasagna-with-turkey-sausage-bolognese-364032,Lasagna with Turkey Sausage Bolognese ,"2 tablespoons olive oil $ 2 cups chopped onions $ 1/2 cup diced carrot $ 1 tablespoon fennel seeds, crushed in spice mill or in mortar with pestle $ 1 pound spicy Italian turkey sausages, casings removed $ 3 large garlic cloves, pressed $ 1/2 cup dry white wine $ 5 cups crushed tomatoes with added puree (from two 28-ounce cans) $ 1 cup chopped fresh basil, divided $ 2 tablespoons chopped fresh oregano $ 1 15-ounce container whole-milk ricotta cheese $ 3 cups (packed) coarsely grated whole- milk mozzarella cheese (12 ounces) $ 1 1/4 cups freshly grated Parmesan cheese, divided $ 16 6 1/2 x 3 1/4-inch no-boil lasagna noodles $ ",Pasta $ Tomato $ High Fiber $ Dinner $ Casserole/Gratin $ Mozzarella $ Ricotta $ Poultry Sausage $ Winter $ Family Reunion $ Party $ Potluck $ Bon Appétit $ Peanut Free $ Tree Nut Free $ Soy Free $ ,Italian American $ ,3.5/4,37,Pasta $ Tomato $ High Fiber $ Dinner $ Casserole/Gratin $ Mozzarella $ Ricotta $ Poultry Sausage $ Winter $ Family Reunion $ Party $ Potluck $ Bon Appétit $ Peanut Free $ Tree Nut Free $ Soy Free $ Italian American $ 
https://www.epicurious.com/recipes/food/views/tortellini-gratinata-with-mushrooms-and-parsnip-bechamel-364034,"Tortellini Gratinata with Mushrooms and Parsnip ""Béchamel ","12 ounces of parsnips $ 2 1/2 cups whole milk, divided $ 1 cup freshly grated Parmesan cheese, divided $ Large pinch of freshly grated nutmeg $ 4 1/2 tablespoons butter, divided $ 1 1/4 pounds baby portobello mushrooms (portobellini), thinly sliced $ 2 large garlic cloves, finely chopped $ 2 teaspoons minced fresh rosemary $ 3 8-to 9-ounce packages cheese-filled tortellini or tortelloni $ 6 ounces imported creamy Gorgonzola dolce cheese, cut into small pieces (about 1 1/2 cups) $ Ingredient Info: Gorgonzola dolce is milder and softer than regular Gorgonzola. $ ",Milk/Cream $ Mushroom $ Pasta $ Bake $ Dinner $ Buffet $ Casserole/Gratin $ Blue Cheese $ Parsnip $ Winter $ Family Reunion $ Potluck $ Bon Appétit $ Vegetarian $ Pescatarian $ Peanut Free $ Tree Nut Free $ Soy Free $ No Sugar Added $ Kosher $ ,Italian American $ ,3/4,9,Milk/Cream $ Mushroom $ Pasta $ Bake $ Dinner $ Buffet $ Casserole/Gratin $ Blue Cheese $ Parsnip $ Winter $ Family Reunion $ Potluck $ Bon Appétit $ Vegetarian $ Pescatarian $ Peanut Free $ Tree Nut Free $ Soy Free $ No Sugar Added $ Kosher $ Italian American $ 
https://www.epicurious.com/recipes/food/views/rigatoni-with-eggplant-and-pine-nut-crunch-364033,Rigatoni with Eggplant and Pine Nut Crunch ,"Nonstick vegetable oil spray $ 1 unpeeled large eggplant (1 1/2 to 1 3/4 pounds), cut into 1/2-inch cubes $ 2 medium yellow bell peppers, cut into 1/2-inch squares $ 2 cups grape tomatoes $ 3 large garlic cloves, divided $ 1/3 cup olive oil $ 2 cups (firmly packed) fresh basil leaves, divided $ 1 cup freshly grated Parmesan cheese, divided $ 1/4 cup pine nuts $ 1 28-ounce can whole tomatoes in juice $ 1 cup heavy whipping cream $ 1 pound rigatoni $ 1 pound whole-milk mozzarella cheese, cut into 1/2-inch cubes $ ",Cheese $ Pasta $ Bake $ Vegetarian $ High Fiber $ Dinner $ Mozzarella $ Pine Nut $ Eggplant $ Winter $ Family Reunion $ Bon Appétit $ Pescatarian $ Peanut Free $ Soy Free $ No Sugar Added $ Kosher $ Diabetes-Friendly $ ,Italian American $ ,3.5/4,42,Cheese $ Pasta $ Bake $ Vegetarian $ High Fiber $ Dinner $ Mozzarella $ Pine Nut $ Eggplant $ Winter $ Family Reunion $ Bon Appétit $ Pescatarian $ Peanut Free $ Soy Free $ No Sugar Added $ Kosher $ Diabetes-Friendly $ Italian American $ 
https://www.epicurious.com/recipes/food/views/chicken-breasts-with-fontina-and-prosciutto-363989,Chicken Breasts with Fontina and Prosciutto ,"1/2 cup coarsely grated Fontina cheese $ 1/3 cup (packed) soft garlic-herb cheese (such as Boursin) $ 1/3 cup (packed) chopped prosciutto $ 2 tablespoons chopped fresh basil $ 4 large boneless chicken breast halves with skin $ 2 tablespoons chilled butter, divided $ 3/4 cup low-salt chicken broth $ 1/2 cup dry Marsala $ ",Cheese $ Chicken $ Quick & Easy $ Dinner $ Fall $ Winter $ Family Reunion $ Prosciutto $ Party $ Fontina $ Bon Appétit $ Sugar Conscious $ Wheat/Gluten-Free $ Peanut Free $ Tree Nut Free $ Soy Free $ ,Italian American $ ,4/4,49,Cheese $ Chicken $ Quick & Easy $ Dinner $ Fall $ Winter $ Family Reunion $ Prosciutto $ Party $ Fontina $ Bon Appétit $ Sugar Conscious $ Wheat/Gluten-Free $ Peanut Free $ Tree Nut Free $ Soy Free $ Italian American $ 
https://www.epicurious.com/recipes/food/views/zeppole-363570,Zeppole ,"8 tablespoons unsalted butter $ 1/4 cup plus 2 tablespoons sugar $ 2 teaspoons table salt $ 2 cups bread flour $ 7 large eggs $ 1 teaspoon cinnamon $ Canola oil, for frying $ Deep-fat fryer $ ",Alcoholic $ Egg $ Herb $ Dessert $ Super Bowl $ Spice $ Tailgating $ Deep-Fry $ Party $ Kidney Friendly $ Peanut Free $ Tree Nut Free $ Soy Free $ ,Italian American $ ,2.5/4,9,Alcoholic $ Egg $ Herb $ Dessert $ Super Bowl $ Spice $ Tailgating $ Deep-Fry $ Party $ Kidney Friendly $ Peanut Free $ Tree Nut Free $ Soy Free $ Italian American $ 
https://www.epicurious.com/recipes/food/views/roccos-how-low-can-you-go-low-fat-marinara-sauce-363439,Rocco's How Low Can You Go Low-Fat Marinara Sauce ,"1/2 tablespoon extra-virgin olive oil $ 6 garlic cloves, minced $ 1 large yellow onion, cut into small dice $ Salt $ Crushed red pepper $ Two 28-ounce cans tomato puree $ 1/2 cup water $ 1 small piece of Parmigiano- Reggiano cheese rind $ 1 large sprig fresh basil $ ",Sauce $ Garlic $ Tomato $ Sauté $ Vegetarian $ Kid-Friendly $ Quick & Easy $ Low Cal $ Low Sodium $ Dinner $ Lunch $ Basil $ Healthy $ Simmer $ Pescatarian $ Wheat/Gluten-Free $ Peanut Free $ Tree Nut Free $ Soy Free $ No Sugar Added $ Kosher $ ,Italian $ Italian American $ ,4/4,2,Sauce $ Garlic $ Tomato $ Sauté $ Vegetarian $ Kid-Friendly $ Quick & Easy $ Low Cal $ Low Sodium $ Dinner $ Lunch $ Basil $ Healthy $ Simmer $ Pescatarian $ Wheat/Gluten-Free $ Peanut Free $ Tree Nut Free $ Soy Free $ No Sugar Added $ Kosher $ Italian $ Italian American $ 
https://www.epicurious.com/recipes/food/views/tortellini-with-italian-sausage-fennel-and-mushroom-362553,"Tortellini with Italian Sausage, Fennel, and Mushroom ","1 tablespoon olive oil $ 1 large fennel bulb, trimmed, halved through core, thinly sliced lengthwise (about 3 cups), fronds chopped $ 1 pound spicy Italian sausages, casings removed, sausage coarsely crumbled $ 1 8-ounce package sliced fresh crimini (baby bella) mushrooms $ 4 large garlic cloves, pressed $ 1 tablespoon fennel seeds, coarsely crushed $ 1/2 cup heavy whipping cream $ 1 cup (or more) low-salt chicken broth $ 1 16-ounce package dried tortellini with pesto filling or fresh tortellini with 3-cheese filling $ 1 5-ounce package fresh baby spinach leaves $ 1/2 cup finely grated Parmesan cheese plus additional (for serving) $ **Test-kitchen tip:**To crush the fennel seeds, enclose the seeds in a heavy-duty resealable plastic bag, then pound them with a meat mallet or a small heavy skillet. $ ",Milk/Cream $ Mushroom $ Pasta $ Quick & Easy $ Dinner $ Buffet $ Sausage $ Fennel $ Spinach $ Winter $ Family Reunion $ Potluck $ Bon Appétit $ Wheat/Gluten-Free $ Peanut Free $ Soy Free $ No Sugar Added $ ,Italian American $ ,4/4,55,Milk/Cream $ Mushroom $ Pasta $ Quick & Easy $ Dinner $ Buffet $ Sausage $ Fennel $ Spinach $ Winter $ Family Reunion $ Potluck $ Bon Appétit $ Wheat/Gluten-Free $ Peanut Free $ Soy Free $ No Sugar Added $ Italian American $ 
https://www.epicurious.com/recipes/food/views/spaghetti-and-meatballs-361349,Spaghetti and Meatballs ,"2 28-ounce cans whole peeled tomatoes in juice, drained, juice reserved, tomatoes finely chopped $ 1/2 cup (1 stick) unsalted butter $ 2 medium onions, peeled, halved through root end $ 1/2 teaspoon (or more) salt $ 1 cup fresh breadcrumbs made from crustless French or country-style bread $ 1/3 cup whole milk $ 8 ounces ground beef (15% fat) $ 8 ounces ground pork $ 1 cup finely ground (not grated) Parmesan cheese $ 1/3 cup finely chopped Italian parsley $ 1 teaspoon salt $ 1/4 teaspoon freshly ground black pepper $ 2 large eggs $ 2 large garlic cloves, pressed $ 1 pound spaghetti $ Freshly grated Parmesan cheese (for serving) $ ",Pasta $ Tomato $ Kid-Friendly $ High Fiber $ Dinner $ Parmesan $ Breadcrumbs $ Bon Appétit $ Peanut Free $ Tree Nut Free $ Soy Free $ ,Italian American $ ,3.5/4,123,Pasta $ Tomato $ Kid-Friendly $ High Fiber $ Dinner $ Parmesan $ Breadcrumbs $ Bon Appétit $ Peanut Free $ Tree Nut Free $ Soy Free $ Italian American $ 
https://www.epicurious.com/recipes/food/views/eggplant-marinara-flatbread-361229,Eggplant Marinara Flatbread ,"4 tablespoons (about) olive oil, divided $ 6 1/3- to 1/2-inch-thick eggplant rounds (3 to 4 inches in diameter; from 1 large) $ 1 loaf ciabatta or pain rustique, cut horizontally in half, trimmed to 9-inch length $ 1 1/4 cups purchased fresh marinara sauce $ 2 ounces soft fresh goat cheese $ 1/3 cup chopped fresh basil plus 6 whole leaves (for garnish) $ 1 cup coarsely grated mozzarella cheese (about 4 ounces) $ ",Bread $ Cheese $ Tomato $ Appetizer $ Vegetarian $ Quick & Easy $ High Fiber $ Mozzarella $ Eggplant $ Party $ Bon Appétit $ Pescatarian $ Peanut Free $ Tree Nut Free $ Soy Free $ No Sugar Added $ Kosher $ ,Italian American $ ,4/4,14,Bread $ Cheese $ Tomato $ Appetizer $ Vegetarian $ Quick & Easy $ High Fiber $ Mozzarella $ Eggplant $ Party $ Bon Appétit $ Pescatarian $ Peanut Free $ Tree Nut Free $ Soy Free $ No Sugar Added $ Kosher $ Italian American $ 
https://www.epicurious.com/recipes/food/views/tomato-sauce-360149,Tomato Sauce ,"1 cup olive oil $ 13 cloves garlic $ One 96-ounce can (or, if you can find it, 1-kg) or four 28-ounce cans Italian tomatoes $ Large pinch of red pepper flakes $ 2 teaspoons fine sea salt $ ",Sauce $ Garlic $ Tomato $ Vegetable $ Sauté $ Vegetarian $ Vegan $ Simmer $ Advance Prep Required $ ,Italian American $ ,3.5/4,9,Sauce $ Garlic $ Tomato $ Vegetable $ Sauté $ Vegetarian $ Vegan $ Simmer $ Advance Prep Required $ Italian American $ 
https://www.epicurious.com/recipes/food/views/meatballs-the-spuntino-way-360130,Meatballs: The Spuntino Way ,"4 slices bread (2 packed cups' worth) $ 2 pounds ground beef $ 3 cloves garlic, minced $ 1/4 cup finely chopped flat-leaf parsley $ 1/4 cup grated Pecorino Romano, plus about 1 cup for serving $ 1/4 cup raisins $ 1/4 cup pine nuts $ 1 1/2 teaspoons fine sea salt $ 15 turns white pepper $ 4 large eggs $ 1/2 cup dried bread crumbs $ Tomato Sauce $ ",Beef $ Bake $ Dinner $ Meat $ Ground Beef $ Peanut Free $ Soy Free $ ,Italian American $ ,3.5/4,18,Beef $ Bake $ Dinner $ Meat $ Ground Beef $ Peanut Free $ Soy Free $ Italian American $ 
https://www.epicurious.com/recipes/food/views/shaved-raw-brussels-sprouts-with-castelrosso-360129,Shaved Raw Brussels Sprouts with Castelrosso ,2 pints Brussels sprouts $ 1/2 cup plus 1 tablespoon olive oil $ 1/2 cup freshly squeezed lemon juice $ 1/2 teaspoon fine sea salt $ 1/4 teaspoon freshly ground white pepper $ 1 cup crumbled Castelrosso cheese (about 4 ounces) $ Black pepper $ ,Salad $ Cheese $ Dairy $ Leafy Green $ Vegetable $ Appetizer $ Vegetarian $ Dinner $ Brussels Sprout $ Sugar Conscious $ Pescatarian $ Wheat/Gluten-Free $ Peanut Free $ Tree Nut Free $ Soy Free $ No Sugar Added $ Kosher $ ,Italian American $ ,4/4,3,Salad $ Cheese $ Dairy $ Leafy Green $ Vegetable $ Appetizer $ Vegetarian $ Dinner $ Brussels Sprout $ Sugar Conscious $ Pescatarian $ Wheat/Gluten-Free $ Peanut Free $ Tree Nut Free $ Soy Free $ No Sugar Added $ Kosher $ Italian American $ 
https://www.epicurious.com/recipes/food/views/roasted-pork-with-sage-rosemary-and-garlic-359649,"Roasted Pork with Sage, Rosemary, and Garlic ","1 boneless pork loin (about 2 pounds) $ 1 1/2 teaspoons chopped fresh sage plus 2 sprigs $ 1 1/2 teaspoons chopped fresh rosemary plus 2 sprigs $ 1 teaspoon minced garlic plus 2 cloves, peeled and lightly crushed $ 3 tablespoons extra virgin olive oil $ Kosher salt and freshly ground black pepper $ Sea salt $ ",Garlic $ Pork $ Roast $ Father's Day $ Dinner $ Rosemary $ Sage $ Sugar Conscious $ Paleo $ Dairy Free $ Wheat/Gluten-Free $ Peanut Free $ Tree Nut Free $ Soy Free $ No Sugar Added $ ,Italian American $ ,3.5/4,10,Garlic $ Pork $ Roast $ Father's Day $ Dinner $ Rosemary $ Sage $ Sugar Conscious $ Paleo $ Dairy Free $ Wheat/Gluten-Free $ Peanut Free $ Tree Nut Free $ Soy Free $ No Sugar Added $ Italian American $ 
https://www.epicurious.com/recipes/food/views/eggs-with-tomato-on-toast-359670,Eggs with Tomato on Toast ,"4 eggs $ 1/4 cup extra virgin olive oil $ 1/2 teaspoon thinly sliced garlic $ Small pinch of minced peperoncini or red pepper flakes $ 1/2 teaspoon dried oregano, preferably Sicilian $ 5 canned tomatoes $ Kosher salt and freshly ground black pepper $ 2 tablespoons chopped fresh basil $ 4 slices country white bread—whatever you have, toasted $ ",Bread $ Egg $ Tomato $ Brunch $ Father's Day $ Healthy $ Sugar Conscious $ Vegetarian $ Pescatarian $ Paleo $ Dairy Free $ Wheat/Gluten-Free $ Peanut Free $ Tree Nut Free $ Soy Free $ No Sugar Added $ Kosher $ ,Italian American $ ,3.5/4,5,Bread $ Egg $ Tomato $ Brunch $ Father's Day $ Healthy $ Sugar Conscious $ Vegetarian $ Pescatarian $ Paleo $ Dairy Free $ Wheat/Gluten-Free $ Peanut Free $ Tree Nut Free $ Soy Free $ No Sugar Added $ Kosher $ Italian American $ 
https://www.epicurious.com/recipes/food/views/spinach-pesto-and-fontina-lasagna-359319,"Spinach, Pesto, and Fontina Lasagna ","2 tablespoons (1/4 stick) unsalted butter $ 1/4 cup all purpose flour $ 2 1/2 cups reduced-fat (2%) milk $ 1/2 cup dry white wine $ 1 cup freshly grated Parmesan cheese $ 1/2 teaspoon salt $ 2 tablespoons olive oil $ 1/2 cup finely chopped shallots $ 4 large garlic cloves, finely chopped $ 3 6-ounce packages baby spinach $ 15 no-boil 7 x 3 1/2-inch lasagna noodles (from two 9-ounce packages) $ 3 1/2 cups fresh ricotta cheese* (28 ounces) $ 1 cup freshly grated Parmesan cheese $ 1/2 teaspoon finely grated lemon peel $ 1 large egg $ 2 cups coarsely grated Italian Fontina cheese (8 to 9 ounces), divided $ Herb Pesto $ ",Pasta $ Bake $ Vegetarian $ Dinner $ Spinach $ Family Reunion $ Party $ Fontina $ Bon Appétit $ Pescatarian $ Peanut Free $ Tree Nut Free $ Soy Free $ Kosher $ ,Italian American $ ,3/4,33,Pasta $ Bake $ Vegetarian $ Dinner $ Spinach $ Family Reunion $ Party $ Fontina $ Bon Appétit $ Pescatarian $ Peanut Free $ Tree Nut Free $ Soy Free $ Kosher $ Italian American $ 
https://www.epicurious.com/recipes/food/views/fettucine-with-peas-asparagus-and-pancetta-358490,"Fettucine with Peas, Asparagus, and Pancetta ","12 ounces fettuccine or penne $ 3 ounces pancetta or bacon, chopped $ 1 1/4 pounds asparagus, trimmed, cut on diagonal into 1-inch pieces $ 2 cups shelled fresh green peas, blanched 1 minute in boiling water, drained, or frozen peas (do not thaw) $ 1 bunch green onions, thinly sliced, white and pale green parts separated from dark green parts $ 2 garlic cloves, pressed $ 1/2 cup finely grated Parmesan cheese plus additional for serving $ 1/3 cup heavy whipping cream $ 3 tablespoons extra-virgin olive oil $ 3 tablespoons fresh lemon juice $ 1 tablespoon finely grated lemon peel $ 1/4 cup chopped fresh Italian parsley, divided $ 1/4 cup thinly sliced fresh basil, divided $ ",Milk/Cream $ Pasta $ Quick & Easy $ High Fiber $ Dinner $ Parmesan $ Bacon $ Asparagus $ Pea $ Spring $ Family Reunion $ Potluck $ Bon Appétit $ Peanut Free $ Tree Nut Free $ Soy Free $ No Sugar Added $ ,Italian American $ ,3.5/4,133,Milk/Cream $ Pasta $ Quick & Easy $ High Fiber $ Dinner $ Parmesan $ Bacon $ Asparagus $ Pea $ Spring $ Family Reunion $ Potluck $ Bon Appétit $ Peanut Free $ Tree Nut Free $ Soy Free $ No Sugar Added $ Italian American $ 
https://www.epicurious.com/recipes/food/views/limoncello-champagne-cocktails-with-mint-358530,Limoncello Champagne Cocktails with Mint ,1/4 cup fresh mint leaves $ 1/4 cup limoncello $ 2 tablespoons sugar plus additional for dipping Champagne flutes $ Lemon peel strips from 1 lemon $ 4 teaspoons fresh lemon juice plus 1 lemon wedge $ 1 cup (about) chilled Champagne or sparkling wine $ ,Champagne $ Alcoholic $ Blender $ Cocktail Party $ Low Fat $ Quick & Easy $ Cocktail $ Mint $ Low Cholesterol $ Engagement Party $ Party $ Lemon Juice $ Bon Appétit $ Drink $ ,Italian American $ ,3.5/4,7,Champagne $ Alcoholic $ Blender $ Cocktail Party $ Low Fat $ Quick & Easy $ Cocktail $ Mint $ Low Cholesterol $ Engagement Party $ Party $ Lemon Juice $ Bon Appétit $ Drink $ Italian American $ 
https://www.epicurious.com/recipes/food/views/zachs-escarole-salad-358449,Zach's Escarole Salad ,"2 heads escarole, tough outer green leaves removed, remaining leaves torn into bite-sized pieces $ 5 sunchokes, scrubbed and thinly sliced $ 1/2 cup blanched whole almonds, toasted and ground or finely chopped $ 1/2 cup coarsely grated Tuscan caciotta or cacio di Roma $ 6 tablespoons Lemon Vinaigrette $ Maldon or other flaky salt and coarsely ground black pepper $ ",Salad $ Cheese $ Appetizer $ Side $ Almond $ Jerusalem Artichoke $ Escarole $ Vegetarian $ Pescatarian $ Wheat/Gluten-Free $ Peanut Free $ Soy Free $ No Sugar Added $ Kosher $ ,Italian American $ ,3/4,1,Salad $ Cheese $ Appetizer $ Side $ Almond $ Jerusalem Artichoke $ Escarole $ Vegetarian $ Pescatarian $ Wheat/Gluten-Free $ Peanut Free $ Soy Free $ No Sugar Added $ Kosher $ Italian American $ 
https://www.epicurious.com/recipes/food/views/prosciutto-and-arugula-pizza-358469,Prosciutto and Arugula Pizza ,"1/4 cup Pomì strained tomatoes $ 1/4 cup shredded fresh mozzarella $ 1/4 cup shredded cacio di Roma $ 1 tablespoon extra virgin olive oil $ 4 thin slices prosciutto $ 12 small arugula leaves, left whole, or 4 to 6 larger leaves, coarsely chopped $ ",Lunch $ Arugula $ Prosciutto $ Sugar Conscious $ Wheat/Gluten-Free $ Peanut Free $ Tree Nut Free $ Soy Free $ No Sugar Added $ ,Italian American $ ,3/4,1,Lunch $ Arugula $ Prosciutto $ Sugar Conscious $ Wheat/Gluten-Free $ Peanut Free $ Tree Nut Free $ Soy Free $ No Sugar Added $ Italian American $ 
https://www.epicurious.com/recipes/food/views/artichokes-with-bagna-cauda-358232,Artichokes with Bagna Cauda ,"3 heads of garlic, cloves separated, papery skin removed (but cloves left unpeeled) $ 3 tablespoons butter $ 1 2-ounce tin anchovy fillets, drained, anchovies chopped $ 1/2 cup extra-virgin olive oil $ 6 large artichokes, stems trimmed, top 3/4 inch removed, tips of remaining leaves trimmed $ ",Garlic $ Appetizer $ High Fiber $ Dinner $ Artichoke $ Spring $ Party $ Simmer $ Boil $ Anchovy $ Bon Appétit $ Sugar Conscious $ Pescatarian $ Wheat/Gluten-Free $ Peanut Free $ Tree Nut Free $ Soy Free $ No Sugar Added $ Kosher $ ,Italian American $ ,3.5/4,7,Garlic $ Appetizer $ High Fiber $ Dinner $ Artichoke $ Spring $ Party $ Simmer $ Boil $ Anchovy $ Bon Appétit $ Sugar Conscious $ Pescatarian $ Wheat/Gluten-Free $ Peanut Free $ Tree Nut Free $ Soy Free $ No Sugar Added $ Kosher $ Italian American $ 
https://www.epicurious.com/recipes/food/views/pasta-with-pesto-my-way-358071,Pasta with Pesto My Way ,"2 medium zucchini (about 1/2 pound total) $ 1/2 pound boiling potatoes, peeled $ 3/4 pound rotini or penne $ 6 ounces green beans, trimmed and halved (about 1 1/2 cups) $ 2 ears corn, kernels cut off (about 1 1/2 cups) $ 1 tablespoon olive oil $ 1 pint cherry tomatoes (12 to 14 ounces) $ 1 cup Kemp's pesto $ Toasted bread-crumb topping for pasta $ an adjustable-blade slicer with 1/4-inch julienne attachment $ ",Pasta $ Potato $ Quick & Easy $ Dinner $ Corn $ Green Bean $ Zucchini $ Mandoline $ Gourmet $ ,Italian American $ ,3.5/4,7,Pasta $ Potato $ Quick & Easy $ Dinner $ Corn $ Green Bean $ Zucchini $ Mandoline $ Gourmet $ Italian American $ 
https://www.epicurious.com/recipes/food/views/herbed-polenta-fries-357749,"Herbed Polenta ""Fries"" ","Olive oil for brushing $ 3 1/4 cups cold water $ 1 cup polenta (not quick-cooking) $ 1 teaspoon chopped sage $ 1 teaspoon chopped rosemary $ 1/2 cup grated Parmigiano-Reggiano $ 2 tablespoons unsalted butter, cut into bits $ ",Side $ Kid-Friendly $ Father's Day $ Dinner $ Parmesan $ Rosemary $ Sage $ Gourmet $ Sugar Conscious $ Kidney Friendly $ Vegetarian $ Pescatarian $ Wheat/Gluten-Free $ Peanut Free $ Tree Nut Free $ Soy Free $ No Sugar Added $ Kosher $ ,Italian American $ ,3.5/4,14,Side $ Kid-Friendly $ Father's Day $ Dinner $ Parmesan $ Rosemary $ Sage $ Gourmet $ Sugar Conscious $ Kidney Friendly $ Vegetarian $ Pescatarian $ Wheat/Gluten-Free $ Peanut Free $ Tree Nut Free $ Soy Free $ No Sugar Added $ Kosher $ Italian American $ 
https://www.epicurious.com/recipes/food/views/smoked-trout-crostini-with-grilled-fennel-and-red-onion-357531,Smoked Trout Crostini with Grilled Fennel and Red Onion ,"20 1/2-inch-thick diagonal slices crusty baguette $ 20 1/2-inch wedges fresh fennel bulb (from about 2 large bulbs), fronds reserved for garnish $ 20 1/2-inch wedges red onion (from 2 large onions) $ Olive oil $ 3 4 1/2-ounce packages skinless smoked trout fillets,* broken into chunks $ ",Bread $ Onion $ Appetizer $ Easter $ Low Cal $ High Fiber $ Backyard BBQ $ Trout $ Fennel $ Grill $ Grill/Barbecue $ Bon Appétit $ Pescatarian $ Dairy Free $ Peanut Free $ Tree Nut Free $ Soy Free $ Kosher $ ,Italian American $ ,3/4,1,Bread $ Onion $ Appetizer $ Easter $ Low Cal $ High Fiber $ Backyard BBQ $ Trout $ Fennel $ Grill $ Grill/Barbecue $ Bon Appétit $ Pescatarian $ Dairy Free $ Peanut Free $ Tree Nut Free $ Soy Free $ Kosher $ Italian American $ 
https://www.epicurious.com/recipes/food/views/eggplant-parmesan-rolls-with-swiss-chard-and-fresh-mint-357494,Eggplant Parmesan Rolls with Swiss Chard and Fresh Mint ,"2 medium eggplants (about 2 1/4 pounds total), trimmed, cut lengthwise into 1/4-inch-thick slices $ Coarse kosher salt $ Extra-virgin olive oil $ 1 1-pound bunch Swiss chard, center ribs removed $ 2 large eggs $ 1 15-ounce container whole-milk ricotta cheese $ 1 1/4 cups finely grated Parmesan cheese, divided $ 2 tablespoons chopped fresh mint $ 3/4 teaspoon freshly ground black pepper $ 1 15- to 16-ounce can tomato sauce $ 1 8-ounce ball fresh water-packed mozzarella,* drained, thinly sliced $ ",Milk/Cream $ Egg $ Broil $ Vegetarian $ High Fiber $ Father's Day $ Dinner $ Ricotta $ Eggplant $ Family Reunion $ Swiss Cheese $ Party $ Potluck $ Bon Appétit $ Pescatarian $ Wheat/Gluten-Free $ Peanut Free $ Tree Nut Free $ Soy Free $ No Sugar Added $ Kosher $ ,Italian American $ ,3.5/4,40,Milk/Cream $ Egg $ Broil $ Vegetarian $ High Fiber $ Father's Day $ Dinner $ Ricotta $ Eggplant $ Family Reunion $ Swiss Cheese $ Party $ Potluck $ Bon Appétit $ Pescatarian $ Wheat/Gluten-Free $ Peanut Free $ Tree Nut Free $ Soy Free $ No Sugar Added $ Kosher $ Italian American $ 
https://www.epicurious.com/recipes/food/views/homemade-pappardelle-with-bolognese-sauce-357538,Homemade Pappardelle with Bolognese Sauce ,"5 tablespoons butter $ 7 tablespoons extra-virgin olive oil $ 2 cups chopped onions $ 1 1/4 cups chopped celery $ 3/4 cup chopped carrot $ 2 large garlic cloves, chopped $ 1 1/2 pounds ground beef (15% fat) $ 1 1/2 pounds antelope sausages or spicy Italian sausages, casings removed $ 3/4 pound ground venison or ground beef (15% fat) $ 3/4 pound bacon, chopped $ 1 1/2 cups whole milk $ 1 1/2 cups dry white wine $ 3/4 cup tomato paste (about 7 1/2 ounces) $ Homemade Pappardelle $ 1 cup freshly grated Parmesan cheese plus additional for passing $ ",Milk/Cream $ Wine $ Father's Day $ Dinner $ Meat $ Ground Beef $ Venison $ Sausage $ Family Reunion $ Party $ Potluck $ Simmer $ Bon Appétit $ Wheat/Gluten-Free $ Peanut Free $ Tree Nut Free $ Soy Free $ ,Italian American $ ,3/4,8,Milk/Cream $ Wine $ Father's Day $ Dinner $ Meat $ Ground Beef $ Venison $ Sausage $ Family Reunion $ Party $ Potluck $ Simmer $ Bon Appétit $ Wheat/Gluten-Free $ Peanut Free $ Tree Nut Free $ Soy Free $ Italian American $ 
https://www.epicurious.com/recipes/food/views/amaretti-tiramisu-357429,Amaretti Tiramisu ,"3 large eggs, separated $ 5 tablespoons sugar, divided $ 1/2 pound mascarpone (about 1 cup) at room temperature $ Pinch of salt $ 1/2 cup chilled heavy cream $ 1 cup brewed espresso or very strong brewed coffee, cooled to room temperature $ 5 ounces amaretti (crisp Italian macaroons; 30 to 40, depending on size) $ ",Coffee $ Milk/Cream $ Egg $ Dessert $ New Year's Eve $ Chill $ Potluck $ Gourmet $ Kidney Friendly $ Vegetarian $ Pescatarian $ Peanut Free $ Tree Nut Free $ Soy Free $ Kosher $ Diabetes-Friendly $ ,Italian American $ ,2.5/4,7,Coffee $ Milk/Cream $ Egg $ Dessert $ New Year's Eve $ Chill $ Potluck $ Gourmet $ Kidney Friendly $ Vegetarian $ Pescatarian $ Peanut Free $ Tree Nut Free $ Soy Free $ Kosher $ Diabetes-Friendly $ Italian American $ 
https://www.epicurious.com/recipes/food/views/cioppino-style-roasted-crab-356769,Cioppino-Style Roasted Crab ,"1/4 cup extra-virgin olive oil $ 1 medium onion, finely chopped $ 6 large garlic cloves, pressed $ 1 cup dry white wine $ 2 cups bottled clam juice $ 2 15-ounce cans chopped tomatoes in juice $ 1 cup water $ 2 bay leaves $ 1/2 cup (packed) fresh Italian parsley leaves $ 1/2 teaspoon (scant) dried crushed red pepper $ Coarse kosher salt $ 2 2-pound cooked Dungeness crabs, cleaned, quartered, cracked, or 2 pounds Alaska king crab legs $ ",Soup/Stew $ Garlic $ Onion $ Tomato $ Roast $ Sauté $ Low Cal $ Dinner $ Crab $ White Wine $ Healthy $ Simmer $ Bon Appétit $ Pescatarian $ Paleo $ Dairy Free $ Wheat/Gluten-Free $ Peanut Free $ Tree Nut Free $ Soy Free $ ,Italian $ Italian American $ ,3.5/4,16,Soup/Stew $ Garlic $ Onion $ Tomato $ Roast $ Sauté $ Low Cal $ Dinner $ Crab $ White Wine $ Healthy $ Simmer $ Bon Appétit $ Pescatarian $ Paleo $ Dairy Free $ Wheat/Gluten-Free $ Peanut Free $ Tree Nut Free $ Soy Free $ Italian $ Italian American $ 
https://www.epicurious.com/recipes/food/views/pancetta-and-taleggio-lasagna-with-treviso-356354,Pancetta and Taleggio Lasagna with Treviso ,"3 tablespoons extra-virgin olive oil $ 8 ounces thinly sliced pancetta (Italian bacon), chopped $ 2 cups thinly sliced celery hearts $ 1 2/3 cups chopped onion $ 1 pound Treviso radicchio or red endive (4 medium heads), quartered lengthwise, cored, then cut on diagonal into thin strips (about 6 cups), divided $ 3 teaspoons chopped fresh thyme, divided $ 1 garlic clove, finely chopped $ 9 lasagna noodles (each 7 x 3 inches) $ 1/4 cup (1/2 stick) unsalted butter $ 2 1/2 tablespoons all purpose flour $ 2 cups whole milk $ Pinch of ground nutmeg $ Pinch of ground white pepper $ 12 ounces Taleggio cheese,* rind removed, cheese cut into 1/2-inch cubes $ 1/2 cup finely grated Parmesan cheese, divided $ 2 tablespoons coarse dry breadcrumbs (preferably from crustless Italian bread) $ Olive oil $ ",Milk/Cream $ Cheese $ Leafy Green $ Pasta $ Bake $ Sauté $ High Fiber $ Dinner $ Parmesan $ Bacon $ Family Reunion $ Endive $ Breadcrumbs $ Bon Appétit $ ,Italian American $ ,3/4,9,Milk/Cream $ Cheese $ Leafy Green $ Pasta $ Bake $ Sauté $ High Fiber $ Dinner $ Parmesan $ Bacon $ Family Reunion $ Endive $ Breadcrumbs $ Bon Appétit $ Italian American $ 
https://www.epicurious.com/recipes/food/views/pasticciata-bolognese-lasagna-with-spinach-noodles-and-bolognese-sauce-355929,Pasticciata Bolognese—Lasagna with Spinach Noodles and Bolognese Sauce ,"1 recipe fresh Spinach Pasta Dough (page 178) $ 2 recipes (4 cups) besciamella (recipe follows) $ 4 cups Ragù alla Bolognese, either variety (page 143)* $ 2 to 3 tablespoons butter, for the baking pan $ 8 ounces freshly grated Parmigiano-Reggiano or Grana Padano (1 1/2 cups) $ 12 ounces Muenster cheese or low-moisture mozzarella, shredded or very thinly sliced (3 cups) $ ",Cheese $ Pasta $ Bake $ Steam $ Dinner $ Mozzarella $ Parmesan $ Spinach $ Noodle $ Butter $ ,Italian $ Italian American $ ,2/4,3,Cheese $ Pasta $ Bake $ Steam $ Dinner $ Mozzarella $ Parmesan $ Spinach $ Noodle $ Butter $ Italian $ Italian American $ 
https://www.epicurious.com/recipes/food/views/shrimp-and-pancetta-on-polenta-356050,Shrimp and Pancetta on Polenta ,"1/2 cup instant polenta $ 1/4 pound pancetta, chopped $ 2 garlic cloves, minced $ 1/4 teaspoon hot red pepper flakes $ 3 tablespoons extra-virgin olive oil, divided $ 1 (14-ounces) can diced tomatoes in juice $ 1 pound cleaned large shrimp $ 1 tablespoon chopped flat-leaf parsley $ ",Tomato $ Quick & Easy $ Dinner $ Bacon $ Cornmeal $ Seafood $ Shrimp $ Gourmet $ Sugar Conscious $ Dairy Free $ Wheat/Gluten-Free $ Peanut Free $ Tree Nut Free $ Soy Free $ No Sugar Added $ ,Italian $ Italian American $ ,3.5/4,34,Tomato $ Quick & Easy $ Dinner $ Bacon $ Cornmeal $ Seafood $ Shrimp $ Gourmet $ Sugar Conscious $ Dairy Free $ Wheat/Gluten-Free $ Peanut Free $ Tree Nut Free $ Soy Free $ No Sugar Added $ Italian $ Italian American $ 
https://www.epicurious.com/recipes/food/views/sweet-potato-gnocchi-with-fried-sage-and-shaved-chestnuts-355415,Sweet Potato Gnocchi with Fried Sage and Shaved Chestnuts ,"1 1/4 pounds russet (baking potatoes) $ 1 (3/4-pound) sweet potato $ 1 large egg $ 1/2 teaspoon grated nutmeg $ 1/3 cup grated Parmigiano-Reggiano plus more for serving $ 1 1/2 to 2 cups all-purpose flour plus more for dusting $ 1/3 cup extra-virgin olive oil $ 1 cup sage leaves (from 1 bunch) $ 1/3 cup bottled roasted chestnuts, very thinly sliced with an adjustable-blade slicer or a sharp vegetable peeler $ 2 tablespoons unsalted butter $ Equipment: a potato ricer or a food mill fitted with fine disk $ ",Egg $ Potato $ Appetizer $ Dinner $ Parmesan $ Sweet Potato/Yam $ Fall $ Sage $ Chestnut $ Gourmet $ Sugar Conscious $ Vegetarian $ Pescatarian $ Peanut Free $ Soy Free $ No Sugar Added $ Kosher $ ,Italian American $ ,3.5/4,22,Egg $ Potato $ Appetizer $ Dinner $ Parmesan $ Sweet Potato/Yam $ Fall $ Sage $ Chestnut $ Gourmet $ Sugar Conscious $ Vegetarian $ Pescatarian $ Peanut Free $ Soy Free $ No Sugar Added $ Kosher $ Italian American $ 
https://www.epicurious.com/recipes/food/views/swiss-chard-ricotta-gnudi-with-fall-mushrooms-355214,Swiss Chard Ricotta Gnudi with Fall Mushrooms ,"1 pound Swiss chard, stem ends trimmed $ 1 cup whole-milk ricotta cheese $ 1/2 cup grated Parmesan cheese (about 1 1/2 ounces) plus additional for serving $ 1/4 cup coarsely chopped shallot (about 1 large) $ 1 large egg $ 1/2 teaspoon coarse kosher salt $ 1/4 teaspoon freshly ground black pepper $ 1/8 teaspoon freshly grated nutmeg $ 1/2 cup all purpose flour plus additional for shaping dumplings $ 6 cups low-salt chicken broth $ 2 shallots, thickly sliced $ 1 pound assorted wild mushrooms (such as shiitake, chanterelle, and crimini), stems trimmed and reserved, caps thinly sliced $ 6 tablespoons (3/4 stick) chilled unsalted butter, cut into 6 pieces, divided $ 3 tablespoons extra-virgin olive oil, divided $ Coarse kosher salt $ ",Food Processor $ Mushroom $ Low Cal $ Dinner $ Parmesan $ Ricotta $ Fall $ Swiss Cheese $ Bon Appétit $ Sugar Conscious $ Peanut Free $ Tree Nut Free $ Soy Free $ No Sugar Added $ ,Italian American $ ,3/4,13,Food Processor $ Mushroom $ Low Cal $ Dinner $ Parmesan $ Ricotta $ Fall $ Swiss Cheese $ Bon Appétit $ Sugar Conscious $ Peanut Free $ Tree Nut Free $ Soy Free $ No Sugar Added $ Italian American $ 
https://www.epicurious.com/recipes/food/views/squash-blossoms-stuffed-with-ricotta-354966,Squash Blossoms Stuffed With Ricotta ,"1 garlic clove, minced $ 1/4 teaspoon hot red pepper flakes $ 2 tablespoons olive oil $ 1 1/2 pound plum tomatoes, finely chopped $ 1/2 cup water $ 1/2 teaspoon sugar $ 1 cup whole-milk ricotta (preferably fresh) $ 1 large egg yolk $ 1/4 cup finely chopped mint $ 2/3 cup grated Parmigiano-Reggiano, divided $ 12 to 16 large zucchini squash blossoms $ 1/2 cup plus 1 tablespoon all-purpose flour $ 3/4 cup chilled seltzer or club soda $ About 3 cups vegetable oil for frying $ A deep-fat thermometer $ ",Tomato $ Quick & Easy $ Dinner $ Parmesan $ Ricotta $ Mint $ Summer $ Deep-Fry $ Gourmet $ Vegetarian $ Pescatarian $ Peanut Free $ Tree Nut Free $ Soy Free $ Kosher $ ,Italian American $ ,4/4,22,Tomato $ Quick & Easy $ Dinner $ Parmesan $ Ricotta $ Mint $ Summer $ Deep-Fry $ Gourmet $ Vegetarian $ Pescatarian $ Peanut Free $ Tree Nut Free $ Soy Free $ Kosher $ Italian American $ 
https://www.epicurious.com/recipes/food/views/black-cod-with-fennel-chowder-and-smoked-oyster-panzanella-354857,Black Cod with Fennel Chowder and Smoked Oyster Panzanella ,"3 tablespoons butter $ 3/4 cup 1/4-inch cubes fresh fennel bulb $ 3/4 cup 1/4- to 1/3-inch cubes peeled Yukon Gold potato $ 1/2 cup chopped onion $ 1/4 cup finely chopped leek (white and pale green parts only) $ 1 tablespoon all purpose flour $ 2 small bay leaves $ 1 1/2 teaspoons chopped fresh thyme $ 1 8-ounce bottle clam juice $ 3/4 cup whipping cream $ 3/4 cup whole milk $ 1 teaspoon finely grated lemon peel $ 1/4 cup finely chopped celery $ 1/4 cup finely chopped shallot $ 2 tablespoons chopped fresh parsley $ 4 1/2 teaspoons fresh lemon juice, divided $ 1/2 teaspoon finely grated lemon peel $ 1/4 cup minced smoked canned oysters $ 5 tablespoons unsalted butter, divided $ 1 tablespoon chopped fresh thyme $ 4 black cod fillets with skin $ Coarse kosher salt $ 1/4 cup panko (Japanese breadcrumbs),* toasted $ ",Milk/Cream $ Potato $ High Fiber $ Dinner $ Seafood $ Cod $ Oyster $ Fennel $ Simmer $ Bon Appétit $ Pescatarian $ ,Italian $ Italian American $ ,3/4,10,Milk/Cream $ Potato $ High Fiber $ Dinner $ Seafood $ Cod $ Oyster $ Fennel $ Simmer $ Bon Appétit $ Pescatarian $ Italian $ Italian American $ 
https://www.epicurious.com/recipes/food/views/pork-chops-saltimbocca-with-sauteed-spinach-354511,Pork Chops Saltimbocca with Sautéed Spinach ,"2 (1-inch-thick) center-cut rib pork chops $ 2 sage leaves, finely chopped $ 2 very thin slices Italian Fontina $ 2 thin slices prosciutto (1 ounce) $ 2 tablespoons olive oil, divided $ 1 large garlic clove, finely chopped $ 1 (10-ounces) bag fresh spinach, stems discarded $ 2 tablespoons unsalted butter, cut into pieces $ 1 tablespoon fresh lemon juice $ ",Roast $ Sauté $ Quick & Easy $ Father's Day $ Dinner $ Pork Chop $ Spinach $ Prosciutto $ Fontina $ Gourmet $ Sugar Conscious $ Wheat/Gluten-Free $ Peanut Free $ Tree Nut Free $ Soy Free $ No Sugar Added $ ,Italian American $ ,3.5/4,38,Roast $ Sauté $ Quick & Easy $ Father's Day $ Dinner $ Pork Chop $ Spinach $ Prosciutto $ Fontina $ Gourmet $ Sugar Conscious $ Wheat/Gluten-Free $ Peanut Free $ Tree Nut Free $ Soy Free $ No Sugar Added $ Italian American $ 
https://www.epicurious.com/recipes/food/views/garlic-herb-bread-twists-354216,Garlic Herb Bread Twists ,"1 tablespoon finely chopped rosemary $ 1 tablespoon finely chopped thyme $ 1 cup grated Parmigiano-Reggiano (2 oz), divided $ 1/4 cup olive oil $ 3 garlic cloves, minced $ 2 pounds pizza dough or use store-bought) $ 1/4 cup finely chopped flat-leaf parsley $ ",Bread $ Garlic $ Bake $ Kid-Friendly $ Lunch $ Parmesan $ Rosemary $ Gourmet $ Sugar Conscious $ Kidney Friendly $ Vegetarian $ Pescatarian $ Wheat/Gluten-Free $ Peanut Free $ Tree Nut Free $ Soy Free $ No Sugar Added $ Kosher $ ,Italian American $ ,3.5/4,6,Bread $ Garlic $ Bake $ Kid-Friendly $ Lunch $ Parmesan $ Rosemary $ Gourmet $ Sugar Conscious $ Kidney Friendly $ Vegetarian $ Pescatarian $ Wheat/Gluten-Free $ Peanut Free $ Tree Nut Free $ Soy Free $ No Sugar Added $ Kosher $ Italian American $ 
https://www.epicurious.com/recipes/food/views/romaine-salad-with-anchovy-dressing-and-parmesan-354210,Romaine Salad with Anchovy Dressing and Parmesan ,"5 flat anchovy fillets, finely chopped $ 2 small garlic cloves, minced $ 2 tablespoons fresh lemon juice $ 1 teaspoon white-wine vinegar $ 1/4 cup extra-virgin olive oil $ 3 hearts of romaine (20 to 22 ounces total), torn into pieces $ 6 ounces Parmigiano-Reggiano, shaved with a vegetable peeler $ ",Salad $ Garlic $ Brunch $ Side $ Quick & Easy $ Dinner $ Lunch $ Parmesan $ Lettuce $ Anchovy $ Gourmet $ Sugar Conscious $ Kidney Friendly $ Pescatarian $ Wheat/Gluten-Free $ Peanut Free $ Tree Nut Free $ Soy Free $ No Sugar Added $ Kosher $ ,Italian American $ ,3.5/4,16,Salad $ Garlic $ Brunch $ Side $ Quick & Easy $ Dinner $ Lunch $ Parmesan $ Lettuce $ Anchovy $ Gourmet $ Sugar Conscious $ Kidney Friendly $ Pescatarian $ Wheat/Gluten-Free $ Peanut Free $ Tree Nut Free $ Soy Free $ No Sugar Added $ Kosher $ Italian American $ 
https://www.epicurious.com/recipes/food/views/pizza-dough-354220,Pizza Dough ,"2 (1/4-ounces) packages active dry yeast $ 4 1/2 to 5 1/2 cups unbleached all-purpose flour, divided, plus additional for dusting $ 2 cups warm water (105-115&Deg;F), divided $ 2 teaspoons salt $ ",Bread $ Gourmet $ ,Italian American $ ,3.5/4,44,Bread $ Gourmet $ Italian American $ 
https://www.epicurious.com/recipes/food/views/mixed-berry-tiramisu-with-lime-curd-353381,Mixed-Berry Tiramisù with Lime Curd ,"3 cups fresh blueberries (17 ounces) $ 1 cup fresh raspberries (41/2 to 5 ounces) $ 1 cup fresh blackberries (5 to 6 ounces) $ 1 cup powdered sugar $ 1/2 cup water $ 3 tablespoons fresh lime juice $ 1 cup thinly sliced fresh strawberries $ 1/3 cup water $ 1/3 cup sugar $ 3 1 1/2-inch-long strips lime peel (green part only; shaved with vegetable peeler) $ 1 7-ounce package crisp ladyfingers (savoiardi, Boudoirs, or Champagne biscuits; do not use soft ladyfingers)* $ 2 1/2 8-ounce containers mascarpone cheese** $ 1/2 cup chilled heavy whipping cream $ Lime Curd $ ",Mixer $ Dessert $ Fourth of July $ Graduation $ Blackberry $ Raspberry $ Lime $ Summer $ Potluck $ Bon Appétit $ Kidney Friendly $ Vegetarian $ Pescatarian $ Peanut Free $ Tree Nut Free $ Soy Free $ Kosher $ ,Italian American $ ,4/4,26,Mixer $ Dessert $ Fourth of July $ Graduation $ Blackberry $ Raspberry $ Lime $ Summer $ Potluck $ Bon Appétit $ Kidney Friendly $ Vegetarian $ Pescatarian $ Peanut Free $ Tree Nut Free $ Soy Free $ Kosher $ Italian American $ 
https://www.epicurious.com/recipes/food/views/orrechiette-with-caramelized-onions-sugar-snap-peas-and-ricotta-cheese-353350,"Orrechiette with Caramelized Onions, Sugar Snap Peas, and Ricotta Cheese ","2 tablespoons extra-virgin olive oil $ 4 cups (packed) chopped onions $ 1 8-ounce package trimmed sugar snap peas, cut into 1/2-inch pieces $ 1 8-ounce package orecchiette (little ear-shaped pasta) or pasta shells $ 1/2 cup whole-milk ricotta cheese $ 1/4 cup torn fresh basil leaves $ 1 1/2 teaspoons finely grated lemon peel $ ",Onion $ Pasta $ Sauté $ Vegetarian $ Quick & Easy $ Low Cal $ High Fiber $ Dinner $ Ricotta $ Healthy $ Potluck $ Sugar Snap Pea $ Bon Appétit $ Pescatarian $ Peanut Free $ Tree Nut Free $ Soy Free $ No Sugar Added $ Kosher $ ,Italian American $ ,2/4,31,Onion $ Pasta $ Sauté $ Vegetarian $ Quick & Easy $ Low Cal $ High Fiber $ Dinner $ Ricotta $ Healthy $ Potluck $ Sugar Snap Pea $ Bon Appétit $ Pescatarian $ Peanut Free $ Tree Nut Free $ Soy Free $ No Sugar Added $ Kosher $ Italian American $ 
https://www.epicurious.com/recipes/food/views/springtime-pasta-primavera-353091,Springtime Pasta Primavera ,"12 ounces farfalle pasta $ 1/4 cup unsalted butter $ 1/2 cup haricots verts (thin tender green beans), ends trimmed $ 1/2 cup thin asparagus tips and stalks, sliced in 1-inch pieces $ 1/2 cup fresh peas $ 1/2 cup white mushrooms, thinly sliced $ Salt and freshly ground black pepper $ 1 cup half-and-half $ 1/2 cup grated Parmesan cheese $ 4 seeded and diced ripe plum tomatoes $ 2 tablespoons snipped fresh chives $ ",Pasta $ Tomato $ Dinner $ Green Bean $ Pea $ Spring $ Family Reunion $ Parade $ Vegetarian $ Pescatarian $ Peanut Free $ Tree Nut Free $ Soy Free $ No Sugar Added $ Kosher $ ,Italian American $ ,3.5/4,11,Pasta $ Tomato $ Dinner $ Green Bean $ Pea $ Spring $ Family Reunion $ Parade $ Vegetarian $ Pescatarian $ Peanut Free $ Tree Nut Free $ Soy Free $ No Sugar Added $ Kosher $ Italian American $ 
https://www.epicurious.com/recipes/food/views/beef-shank-and-sausage-ragu-with-whole-grain-spaghetti-352589,Beef Shank and Sausage Ragù with Whole Grain Spaghetti ,"2 teaspoons fennel seeds $ 3 tablespoons olive oil, divided $ 2 pounds hot Italian sausages, casings removed $ 3 1/2 to 3 3/4 pounds 1 1/2-inch-thick beef shanks with bone (about 3 pieces) $ 5 cups chopped onions (about 3 large) $ 2 28-ounce cans diced tomatoes in juice $ 1 750-ml bottle dry red wine $ 8 large garlic cloves, chopped $ 4 fresh bay leaves $ 2 teaspoons dried oregano $ 1 teaspoon dried crushed red pepper $ 1 1/2 pounds multi-grain or whole grain spaghetti $ 3 tablespoons extra-virgin olive oil $ 2/3 cup (packed) freshly grated Parmesan cheese (about 2 ounces) $ 1/2 cup finely chopped fresh Italian parsley $ ",Pasta $ Tomato $ Sauté $ High Fiber $ Dinner $ Beef Shank $ Sausage $ Family Reunion $ Potluck $ Bon Appétit $ Peanut Free $ Tree Nut Free $ Soy Free $ Diabetes-Friendly $ ,Italian American $ ,3.5/4,30,Pasta $ Tomato $ Sauté $ High Fiber $ Dinner $ Beef Shank $ Sausage $ Family Reunion $ Potluck $ Bon Appétit $ Peanut Free $ Tree Nut Free $ Soy Free $ Diabetes-Friendly $ Italian American $ 
https://www.epicurious.com/recipes/food/views/spinach-and-red-pepper-calzones-352293,Spinach and Red-Pepper Calzones ,"1 1/2 tablespoons cornmeal $ 1 large onion, halved and sliced lengthwise $ 3 tablespoons extra-virgin olive oil, divided $ 2 garlic cloves, finely chopped $ 5 ounces baby spinach (8 packed cups) $ 4 bottled roasted red peppers, rinsed, patted dry, and cut into 1-inch pieces (1 cup) $ 12 oil-cured black olives, pitted and coarsely chopped (about 3 tablespoons) $ 1 pound store-bought pizza dough, thawed $ 1/2 pound smoked mozzarella, cut into 16 pieces $ ",Olive $ Bake $ Vegetarian $ Kid-Friendly $ Quick & Easy $ Dinner $ Lunch $ Mozzarella $ Spinach $ Gourmet $ Sugar Conscious $ Kidney Friendly $ Pescatarian $ Peanut Free $ Tree Nut Free $ Soy Free $ Kosher $ ,Italian American $ ,3/4,17,Olive $ Bake $ Vegetarian $ Kid-Friendly $ Quick & Easy $ Dinner $ Lunch $ Mozzarella $ Spinach $ Gourmet $ Sugar Conscious $ Kidney Friendly $ Pescatarian $ Peanut Free $ Tree Nut Free $ Soy Free $ Kosher $ Italian American $ 
https://www.epicurious.com/recipes/food/views/tagliatelle-with-baby-vegetables-and-lemon-parmesan-sauce-352033,Tagliatelle with Baby Vegetables and Lemon-Parmesan Sauce ,"1 8.8-ounce package egg and spinach tagliatelle blend or egg fettuccine $ 2 tablespoons extra-virgin olive oil $ 1 medium white onion, halved, thinly sliced $ 8 ounces baby zucchini, trimmed, halved lengthwise $ 8 ounces frozen tiny green beans (3 cups), thawed $ 2 teaspoons finely grated lemon peel $ 1 1/4 cups finely grated Parmesan cheese plus more for passing $ plus more for passing $ 1/3 cup heavy whipping cream $ 2 1/2 tablespoons fresh lemon juice $ ",Pasta $ Sauté $ Vegetarian $ High Fiber $ Dinner $ Parmesan $ Lemon $ Green Bean $ Zucchini $ Bon Appétit $ Pescatarian $ Peanut Free $ Tree Nut Free $ Soy Free $ No Sugar Added $ Kosher $ Diabetes-Friendly $ ,Italian American $ ,3.5/4,15,Pasta $ Sauté $ Vegetarian $ High Fiber $ Dinner $ Parmesan $ Lemon $ Green Bean $ Zucchini $ Bon Appétit $ Pescatarian $ Peanut Free $ Tree Nut Free $ Soy Free $ No Sugar Added $ Kosher $ Diabetes-Friendly $ Italian American $ 
https://www.epicurious.com/recipes/food/views/ramp-and-sausage-risotto-352037,Ramp and Sausage Risotto ,"2 tablespoons (1/4 stick) butter $ 1/2 pound hot Italian sausages, casings removed $ 12 ramps, trimmed; bulbs and slender stems sliced, green tops thinly sliced $ 1 cup arborio rice $ 1/2 cup dry vermouth $ 3 cups (or more) low-salt chicken broth $ 1/2 cup freshly grated Parmesan cheese plus additional for passing $ ",Father's Day $ Dinner $ Parmesan $ Sausage $ Spring $ Green Onion/Scallion $ Bon Appétit $ Wheat/Gluten-Free $ Peanut Free $ Tree Nut Free $ Soy Free $ ,Italian American $ ,4/4,29,Father's Day $ Dinner $ Parmesan $ Sausage $ Spring $ Green Onion/Scallion $ Bon Appétit $ Wheat/Gluten-Free $ Peanut Free $ Tree Nut Free $ Soy Free $ Italian American $ 
https://www.epicurious.com/recipes/food/views/pan-seared-steak-pizzaiola-352031,Pan-Seared Steak Pizzaiola ,"2 1/2 tablespoons extra-virgin olive oil, divided $ 1 1/2 teaspoons dried oregano, divided $ 1/4 teaspoon fennel seeds, crushed $ 1/4 teaspoon dried crushed red pepper $ 2 large garlic cloves, pressed $ 1 14- to 16-ounce can diced organic tomatoes in juice $ 2 16-ounce boneless rib-eye steaks, each about 3/4 inch thick $ ",Tomato $ Sauté $ Quick & Easy $ Father's Day $ Dinner $ Steak $ Oregano $ Simmer $ Bon Appétit $ Sugar Conscious $ Paleo $ Dairy Free $ Wheat/Gluten-Free $ Peanut Free $ Tree Nut Free $ Soy Free $ No Sugar Added $ Kosher $ ,Italian American $ ,2.5/4,6,Tomato $ Sauté $ Quick & Easy $ Father's Day $ Dinner $ Steak $ Oregano $ Simmer $ Bon Appétit $ Sugar Conscious $ Paleo $ Dairy Free $ Wheat/Gluten-Free $ Peanut Free $ Tree Nut Free $ Soy Free $ No Sugar Added $ Kosher $ Italian American $ 
https://www.epicurious.com/recipes/food/views/linguine-with-rustic-meatballs-351849,"Linguine With Rustic ""Meatballs"" ","1 1/4 pounds meatloaf mix (ground beef, pork, and veal; preferably not mixed together) $ 4 tablespoons extra-virgin olive oil, divided $ 1 teaspoon ground cumin $ 1 large red onion, chopped $ 2 medium carrots, finely chopped $ 2 garlic cloves, finely chopped $ 1 cup sweet (red) vermouth $ Rounded 1/8 teaspoon hot red-pepper flakes $ 1 tablespoon cornstarch $ 1 3/4 cups reduced-sodium chicken broth $ 2 celery ribs, finely chopped $ 1 tablespoon fresh lemon juice $ 1 pound thin linguine or spaghetti $ 1/3 cup celery leaves, coarsely chopped $ Accompaniment: grated Parmigiano-Reggiano $ ",Pasta $ Sauté $ Kid-Friendly $ Quick & Easy $ Dinner $ Ground Beef $ Celery $ Gourmet $ Dairy Free $ Peanut Free $ Tree Nut Free $ Soy Free $ Kosher $ ,Italian American $ ,1.5/4,2,Pasta $ Sauté $ Kid-Friendly $ Quick & Easy $ Dinner $ Ground Beef $ Celery $ Gourmet $ Dairy Free $ Peanut Free $ Tree Nut Free $ Soy Free $ Kosher $ Italian American $ 
https://www.epicurious.com/recipes/food/views/orecchiette-351730,Orecchiette ,"1 cup all-purpose flour $ 1 cup garbanzo flour (or whole-grain flour) $ 1/2 teaspoon salt $ 2 eggs, plus 4 egg yolks, beaten together $ ",Egg $ Quick & Easy $ Dinner $ Healthy $ Boil $ Cookie $ Sugar Conscious $ Kidney Friendly $ Vegetarian $ Pescatarian $ Dairy Free $ Peanut Free $ Tree Nut Free $ Soy Free $ No Sugar Added $ Kosher $ ,Italian American $ ,2.5/4,3,Egg $ Quick & Easy $ Dinner $ Healthy $ Boil $ Cookie $ Sugar Conscious $ Kidney Friendly $ Vegetarian $ Pescatarian $ Dairy Free $ Peanut Free $ Tree Nut Free $ Soy Free $ No Sugar Added $ Kosher $ Italian American $ 
https://www.epicurious.com/recipes/food/views/bruschetta-with-fava-beans-greens-and-blood-oranges-351516,"Bruschetta with Fava Beans, Greens, and Blood Oranges ","1 3/4 cups frozen double-peeled fava beans (about one 14-ounce bag), thawed, divided $ 1 cup water $ 1 garlic clove, minced $ 6 tablespoons extra-virgin olive oil, divided $ 2 tablespoons fresh lemon juice $ 3 blood oranges or navel oranges $ 1 tablespoon white balsamic vinegar $ 6 cups mixed baby greens (about 3 ounces) $ 18 slices sourdough or French baguette, toasted $ ",Food Processor $ Bean $ Leafy Green $ Appetizer $ Cocktail Party $ Vegetarian $ Oscars $ Dinner $ Orange $ Healthy $ Low Cholesterol $ Vegan $ Engagement Party $ Simmer $ Bon Appétit $ Pescatarian $ Dairy Free $ Peanut Free $ Tree Nut Free $ Soy Free $ Kosher $ ,Italian American $ ,3.5/4,5,Food Processor $ Bean $ Leafy Green $ Appetizer $ Cocktail Party $ Vegetarian $ Oscars $ Dinner $ Orange $ Healthy $ Low Cholesterol $ Vegan $ Engagement Party $ Simmer $ Bon Appétit $ Pescatarian $ Dairy Free $ Peanut Free $ Tree Nut Free $ Soy Free $ Kosher $ Italian American $ 
https://www.epicurious.com/recipes/food/views/parmesan-toasts-351553,Parmesan Toasts ,"8 3/4-inch-thick slices Italian bread $ 1 medium garlic clove, halved $ Extra-virgin olive oil $ 1/2 cup finely grated Parmesan cheese $ Fleur de sel or course kosher salt $ ",Bread $ Garlic $ Side $ Vegetarian $ Kid-Friendly $ Quick & Easy $ Parmesan $ Bon Appétit $ Sugar Conscious $ Kidney Friendly $ Pescatarian $ Peanut Free $ Tree Nut Free $ Soy Free $ Kosher $ ,Italian American $ ,3/4,8,Bread $ Garlic $ Side $ Vegetarian $ Kid-Friendly $ Quick & Easy $ Parmesan $ Bon Appétit $ Sugar Conscious $ Kidney Friendly $ Pescatarian $ Peanut Free $ Tree Nut Free $ Soy Free $ Kosher $ Italian American $ 
https://www.epicurious.com/recipes/food/views/parmesan-pull-aparts-351303,Parmesan Pull-Aparts ,"2 teaspoons active dry yeast (from a 1/4-ounce package) $ 1 teaspoon mild honey or sugar $ 2/3 cup warm milk (105-115°F), divided $ 2 1/2 cups all-purpose flour plus 2 tablespoon for sprinkling $ 1 1/4 cups grated (with a rasp) Parmigiano-Reggiano (1 1/3 ounces) $ 1 teaspoon salt $ 3 large eggs $ 5 tablespoons unsalted butter, cut into tablespoon pieces and softened $ 1 tablespoon water $ Equipment: a stand mixer fitted with paddle attachment $ ",Bread $ Milk/Cream $ Mixer $ Bake $ Parmesan $ Family Reunion $ Potluck $ Gourmet $ ,Italian American $ ,3/4,32,Bread $ Milk/Cream $ Mixer $ Bake $ Parmesan $ Family Reunion $ Potluck $ Gourmet $ Italian American $ 
https://www.epicurious.com/recipes/food/views/turkey-marsala-with-sauteed-spinach-351152,Turkey Marsala with Sautéed Spinach ,"2 tablespoons extra-virgin olive oil $ 1 small onion, chopped $ 5 ounces baby spinach (8 cups) $ 4 (3-ounces) turkey cutlets $ 2 tablespoons unsalted butter $ 2 slices prosciutto (1 ounce), halved crosswise $ 2 ounces Italian Fontina, thinly sliced $ 1/2 cup sweet Marsala wine $ ",turkey $ Sauté $ Valentine's Day $ Quick & Easy $ Father's Day $ Dinner $ Spinach $ Marsala $ Prosciutto $ Fontina $ Gourmet $ Sugar Conscious $ Wheat/Gluten-Free $ Peanut Free $ Tree Nut Free $ Soy Free $ ,Italian American $ ,3.5/4,16,turkey $ Sauté $ Valentine's Day $ Quick & Easy $ Father's Day $ Dinner $ Spinach $ Marsala $ Prosciutto $ Fontina $ Gourmet $ Sugar Conscious $ Wheat/Gluten-Free $ Peanut Free $ Tree Nut Free $ Soy Free $ Italian American $ 
https://www.epicurious.com/recipes/food/views/lemon-pepper-em-acini-di-pepe-em-351230,Lemon Pepper Acini di Pepe ,2 cups acini di pepe (less than 1 pound) $ 2 tablespoons unsalted butter $ 1 tablespoon olive oil $ 1/2 cup grated Parmigiano-Reggiano $ 1 tablespoon grated lemon zest $ 1 teaspoon freshly ground black pepper $ ,Pasta $ Side $ Dinner $ Gourmet $ Sugar Conscious $ Kidney Friendly $ Vegetarian $ Pescatarian $ Wheat/Gluten-Free $ Peanut Free $ Tree Nut Free $ Soy Free $ No Sugar Added $ Kosher $ ,Italian American $ ,4/4,7,Pasta $ Side $ Dinner $ Gourmet $ Sugar Conscious $ Kidney Friendly $ Vegetarian $ Pescatarian $ Wheat/Gluten-Free $ Peanut Free $ Tree Nut Free $ Soy Free $ No Sugar Added $ Kosher $ Italian American $ 
https://www.epicurious.com/recipes/food/views/inside-out-eggplant-parmigiana-351182,Inside-Out Eggplant Parmigiana ,"2 tablespoons olive oil $ 1 small onion, finely chopped $ 1 garlic clove, minced $ 1 (14-ounce) can whole tomatoes in juice $ 1/2 cup water $ 1/2 teaspoon sugar $ 3 tablespoons finely chopped basil $ 2 (1-pound) eggplants $ 6 tablespoons olive oil, divided, plus additional for drizzling $ 3/4 cup plain dry bread crumbs $ 1/2 cup grated Parmigiano-Reggiano $ 1/2 cup finely chopped flat-leaf parsley $ 2 garlic cloves, minced, divided $ 6 large eggs, lightly beaten $ 1/2 cup water $ 1/4 teaspoon hot red-pepper flakes $ 1/2 pound arugula, coarse stems discarded, coarsely chopped $ 1 cup packed basil leaves, coarsely chopped $ 1/2 pound cold fresh mozzarella, ends trimmed and remainder cut into 4 (1/2-inch-thick) slices $ ",Tomato $ Vegetarian $ Dinner $ Lunch $ Eggplant $ Gourmet $ Pescatarian $ Peanut Free $ Tree Nut Free $ Soy Free $ Kosher $ ,Italian American $ ,3.5/4,28,Tomato $ Vegetarian $ Dinner $ Lunch $ Eggplant $ Gourmet $ Pescatarian $ Peanut Free $ Tree Nut Free $ Soy Free $ Kosher $ Italian American $ 
https://www.epicurious.com/recipes/food/views/orecchiette-with-pulled-pork-sugo-351178,Orecchiette with Pulled-Pork Sugo ,"2 pounds boneless pork butt roast $ 1 pound dried orecchiette $ 1 large onion, chopped $ 2 celery ribs, chopped $ 2 garlic cloves, chopped $ 1 tablespoon dried oregano $ 1 1/2 tablespoons tomato paste $ 1 cup dry white wine $ 2 cups reduced-sodium chicken broth $ 1/2 cup drained canned cannellini beans, rinsed $ 1 tablespoon cider vinegar $ 1/2 cup grated Grana Padano plus additional for serving $ 1/4 cup extra-virgin olive oil $ ",Bean $ Cheese $ Pasta $ Pork $ Roast $ Dinner $ Potluck $ Gourmet $ Tennessee $ Sugar Conscious $ Wheat/Gluten-Free $ Peanut Free $ Tree Nut Free $ Soy Free $ ,Italian American $ ,3/4,12,Bean $ Cheese $ Pasta $ Pork $ Roast $ Dinner $ Potluck $ Gourmet $ Tennessee $ Sugar Conscious $ Wheat/Gluten-Free $ Peanut Free $ Tree Nut Free $ Soy Free $ Italian American $ 
https://www.epicurious.com/recipes/food/views/pizza-margherita-351165,Pizza Margherita ,"1 (1/4-ounce) package active dry yeast (2 1/4 teaspoon) $ 1 3/4 cups unbleached all-purpose flour, divided, plus more for dusting $ 3/4 cup warm water, divided $ 1 teaspoon salt $ 1/2 tablespoon olive oil $ 1 (14-to 15-ounces) can whole tomatoes in juice $ 2 large garlic cloves, smashed $ 2 tablespoons olive oil $ 4 basil leaves plus more for sprinkling $ 1 plus more for sprinkling $ 1/4 teaspoon sugar $ 6 ounces fresh mozzarella, cut into 1/4-inch-thick slices $ Equipment: a pizza stone $ ",Tomato $ Super Bowl $ Vegetarian $ Kid-Friendly $ Oscars $ Back to School $ Dinner $ Lunch $ Mozzarella $ Gourmet $ Sugar Conscious $ Pescatarian $ Peanut Free $ Tree Nut Free $ Soy Free $ Kosher $ ,Italian American $ ,3.5/4,36,Tomato $ Super Bowl $ Vegetarian $ Kid-Friendly $ Oscars $ Back to School $ Dinner $ Lunch $ Mozzarella $ Gourmet $ Sugar Conscious $ Pescatarian $ Peanut Free $ Tree Nut Free $ Soy Free $ Kosher $ Italian American $ 
https://www.epicurious.com/recipes/food/views/lasagne-bolognese-with-spinach-351166,Lasagne Bolognese with Spinach ,"1/4 cup olive oil $ 3 ounces sliced pancetta, finely chopped $ 1 medium onion, finely chopped $ 1 large carrot, finely chopped $ 1 celery rib, finely chopped $ 2 garlic cloves, chopped $ 2 pounds ground beef chuck (not lean) $ 1 1/2 cups dry white wine $ 1 1/2 cups whole milk $ 1/4 cup tomato paste $ 1 1/2 teaspoon thyme leaves $ 2 (10-ounce) packages frozen chopped spinach,thawed $ 2 (15-ounce) containers whole-milk ricotta $ 4 large eggs, lightly beaten $ 1/2 cup grated Parmigiano-Reggiano $ 1/2 teaspoon grated nutmeg $ 3/4 cup whole milk, divided $ 12 Barilla no-boil dried lasagne noodles (from 1 box) $ 1/2 cup grated Parmigiano-Reggiano $ Equipment: a 13- by 9-inch baking pan (3 inches deep) $ ",Beef $ Bake $ Dinner $ Casserole/Gratin $ Ricotta $ Spinach $ Family Reunion $ Potluck $ Gourmet $ Peanut Free $ Tree Nut Free $ Soy Free $ ,Italian American $ ,3.5/4,82,Beef $ Bake $ Dinner $ Casserole/Gratin $ Ricotta $ Spinach $ Family Reunion $ Potluck $ Gourmet $ Peanut Free $ Tree Nut Free $ Soy Free $ Italian American $ 
https://www.epicurious.com/recipes/food/views/individual-grape-and-vin-santo-cakes-351180,Individual Grape and Vin Santo Cakes ,"1 1/2 cups plus 1 tablespoon all-purpose flour, divided $ 1 1/2 teaspoons baking powder $ 1/2 teaspoon baking soda $ 1/4 teaspoon salt $ 1 stick unsalted butter, softened $ 2/3 cup plus 2 tablespoons granulated sugar, divided $ 2 large eggs $ 1 tablespoon grated orange zest $ 2/3 cup Vin Santo or other sweet wine $ 1 1/4 cups seedless red grapes (7 ounces) $ a jumbo/Texas muffin pan with 6 large (6-to 8-oz) cups (see cooks' note, below) $ confectioners sugar $ ",Cake $ Wine $ Dessert $ Grape $ Gourmet $ Kidney Friendly $ Vegetarian $ Pescatarian $ Peanut Free $ Tree Nut Free $ Soy Free $ Kosher $ ,Italian American $ ,3.5/4,8,Cake $ Wine $ Dessert $ Grape $ Gourmet $ Kidney Friendly $ Vegetarian $ Pescatarian $ Peanut Free $ Tree Nut Free $ Soy Free $ Kosher $ Italian American $ 
https://www.epicurious.com/recipes/food/views/garlic-and-herb-braised-squid-351179,Garlic-and-Herb-Braised Squid ,"1 1/2 pounds cleaned squid $ 2 cups flat-leaf parsley sprigs, divided $ 5 garlic cloves $ 3 tablespoons olive oil $ 1/4 teaspoon hot red-pepper flakes $ 3/4 cup Chardonnay $ 1 (28-ounce) can whole tomatoes in juice, coarsely chopped $ 1/4 cup water $ Accompaniment: crusty bread $ ",Garlic $ Tomato $ Braise $ Dinner $ Squid $ White Wine $ Healthy $ Gourmet $ New York $ Sugar Conscious $ Pescatarian $ Paleo $ Dairy Free $ Wheat/Gluten-Free $ Peanut Free $ Tree Nut Free $ Soy Free $ ,Italian American $ ,3.5/4,27,Garlic $ Tomato $ Braise $ Dinner $ Squid $ White Wine $ Healthy $ Gourmet $ New York $ Sugar Conscious $ Pescatarian $ Paleo $ Dairy Free $ Wheat/Gluten-Free $ Peanut Free $ Tree Nut Free $ Soy Free $ Italian American $ 
https://www.epicurious.com/recipes/food/views/veal-cacciatore-351137,Veal Cacciatore ,"2/3 cup dry white wine $ 1/3 cup broken dried porcini (1/4 ounce) $ 1 (5-to 6-pound) boneless veal shoulder roast $ 1/4 cup olive oil, divided $ 1/4 pound sliced pancetta, chopped $ 2 medium onions, chopped $ 2 medium carrots, chopped $ 2 celery ribs, chopped $ 3 garlic cloves, finely chopped $ 1 (28-ounce) can whole tomatoes in juice $ 1 1/2 (6-inch) rosemary sprigs $ 2 Turkish bay leaves or 1 California $ 1/3 cup small brine-cured black olives such as Niçoise $ Accompaniment: polenta $ ",Olive $ Onion $ Tomato $ Braise $ Sauté $ Dinner $ Veal $ White Wine $ Family Reunion $ Gourmet $ Paleo $ Dairy Free $ Wheat/Gluten-Free $ Peanut Free $ Tree Nut Free $ Soy Free $ ,Italian American $ ,4/4,19,Olive $ Onion $ Tomato $ Braise $ Sauté $ Dinner $ Veal $ White Wine $ Family Reunion $ Gourmet $ Paleo $ Dairy Free $ Wheat/Gluten-Free $ Peanut Free $ Tree Nut Free $ Soy Free $ Italian American $ 
https://www.epicurious.com/recipes/food/views/spaghetti-and-meatballs-351190,Spaghetti and Meatballs ,"6 (28-ounce) cans whole tomatoes in juice (preferably San Marzano) $ 2 medium onions, chopped $ 1/2 cup extra-virgin olive oil $ 6 garlic cloves, finely chopped $ 2 medium onions, finely chopped $ 1/4 cup extra-virgin olive oil $ 10 garlic cloves, finely chopped $ 3 cups torn day-old Italian bread $ 3 cups whole milk $ 6 large eggs $ 2 cups grated Parmigiano-Reggiano (1/4 pound) $ 1/3 cup finely chopped flat-leaf parsley $ 1/4 cup finely chopped oregano or 1 teaspoon dried, crumbled $ 1 tablespoon grated lemon zest $ 1 1/2 pounds ground veal $ 1 1/2 pounds ground pork $ 1 1/2 pounds ground beef (not lean) $ 1 cup olive or vegetable oil $ 2 pounds dried spaghetti $ Accompaniment: grated Parmigiano-Reggiano $ Equipment: a 12-to 16-quart nonreactive heavy pot or 2 smaller nonreactive pots; a 6-to 8-quart pasta pot with a pasta/steamer insert for cooking spaghetti in 2 batches. $ ",Pasta $ Pork $ Tomato $ Kid-Friendly $ Dinner $ Veal $ Potluck $ Simmer $ Gourmet $ Peanut Free $ Tree Nut Free $ Soy Free $ ,Italian American $ ,3.5/4,128,Pasta $ Pork $ Tomato $ Kid-Friendly $ Dinner $ Veal $ Potluck $ Simmer $ Gourmet $ Peanut Free $ Tree Nut Free $ Soy Free $ Italian American $ 
https://www.epicurious.com/recipes/food/views/winter-minestrone-351167,Winter Minestrone ,"1/3 pound sliced pancetta, chopped $ 3 medium red onions, chopped $ 4 celery ribs, chopped $ 2 medium carrots, chopped $ 1/3 cup extra-virgin olive oil $ 1 bunch Swiss chard $ 6 garlic cloves, finely chopped $ 2 tablespoons tomato paste $ 1 (28-ounce) can whole tomatoes in juice $ 3 quart hot water $ 5 cups coarsely chopped cored Savoy cabbage (6 ounces) $ 5 cups coarsely chopped escarole (1/2 pound) $ 1 piece Parmigiano-Reggiano rind (about 3 by 1 1/2 inches) $ 1 (19-ounce) can cannellini beans, rinsed and drained $ Accompaniments: extra-virgin olive oil for drizzling; cooked ditalini pasta tossed with oil (optional); grated Parmigiano-Reggiano $ ",Soup/Stew $ Bean $ Dinner $ Lunch $ Bacon $ Celery $ Carrot $ Winter $ Family Reunion $ Cabbage $ Escarole $ Potluck $ Gourmet $ Wheat/Gluten-Free $ Peanut Free $ Tree Nut Free $ Soy Free $ No Sugar Added $ ,Italian American $ ,3.5/4,89,Soup/Stew $ Bean $ Dinner $ Lunch $ Bacon $ Celery $ Carrot $ Winter $ Family Reunion $ Cabbage $ Escarole $ Potluck $ Gourmet $ Wheat/Gluten-Free $ Peanut Free $ Tree Nut Free $ Soy Free $ No Sugar Added $ Italian American $ 
https://www.epicurious.com/recipes/food/views/pizza-bianca-351158,Pizza Bianca ,1 large garlic clove $ 1 tablespoon extra-virgin olive oil $ 1 pound store-bought pizza dough $ 1/2 pound cold mozzarella (preferably salted fresh) $ 1 tablespoon rosemary leaves $ ,Bake $ Super Bowl $ Vegetarian $ Kid-Friendly $ Quick & Easy $ Dinner $ Lunch $ Mozzarella $ Gourmet $ Sugar Conscious $ Pescatarian $ Peanut Free $ Tree Nut Free $ Soy Free $ Kosher $ ,Italian American $ ,2.5/4,2,Bake $ Super Bowl $ Vegetarian $ Kid-Friendly $ Quick & Easy $ Dinner $ Lunch $ Mozzarella $ Gourmet $ Sugar Conscious $ Pescatarian $ Peanut Free $ Tree Nut Free $ Soy Free $ Kosher $ Italian American $ 
https://www.epicurious.com/recipes/food/views/cannoli-cheesecake-351168,Cannoli Cheesecake ,"4 (4 3/4-by 2 1/2-inch) graham crackers, crumbled $ 1/3 cup slivered almonds $ 3 tablespoons granulated sugar $ 1/2 stick unsalted butter, melted $ 1 3/4 cups (15 ounces) whole-milk ricotta $ 1/4 cup granulated sugar $ 1 tablespoon grated orange zest $ 1 large egg, separated $ 1/3 cup candied orange peel, chopped $ 1/3 cup semisweet chocolate chips, chopped $ 4 large egg whites $ 2 teaspoon confectioners sugar $ Equipment: a 9-inch springform pan $ ",Cake $ Mixer $ Chocolate $ Bake $ Ricotta $ Orange $ Family Reunion $ Chill $ Potluck $ Gourmet $ ,Italian American $ ,3/4,10,Cake $ Mixer $ Chocolate $ Bake $ Ricotta $ Orange $ Family Reunion $ Chill $ Potluck $ Gourmet $ Italian American $ 
https://www.epicurious.com/recipes/food/views/sweet-ricotta-pastries-351134,Sweet Ricotta Pastries ,"1/2 cup whole milk $ 2 (3-by 1-inch) strips orange zest $ 1 large egg yolk $ 3 tablespoons sugar $ 1 tablespoon cornstarch $ 1/2 teaspoon pure vanilla extract $ 1/2 pound fresh ricotta $ 3/4 teaspoon orange-flower water $ 2 tablespoons finely chopped candied citron $ 2 1/4 cups all-purpose flour $ 6 tablespoons sugar $ 1/2 teaspoon salt $ 2 sticks cold unsalted butter, cut into pieces $ 1/2 teaspoon grated orange zest $ 2 large egg yolks $ 2 tablespoons cold water $ 1 large egg beaten with 1 tablespoon water $ Equipment: a nonstick muffin pan with 12 (1/2-cup) cups $ Garnish: confectioners sugar for dusting $ ",Food Processor $ Egg $ Dessert $ Bake $ Ricotta $ Orange $ Family Reunion $ Shower $ Potluck $ Pastry $ Gourmet $ Kidney Friendly $ Vegetarian $ Pescatarian $ Peanut Free $ Tree Nut Free $ Soy Free $ Kosher $ ,Italian American $ ,3.5/4,13,Food Processor $ Egg $ Dessert $ Bake $ Ricotta $ Orange $ Family Reunion $ Shower $ Potluck $ Pastry $ Gourmet $ Kidney Friendly $ Vegetarian $ Pescatarian $ Peanut Free $ Tree Nut Free $ Soy Free $ Kosher $ Italian American $ 
https://www.epicurious.com/recipes/food/views/winter-caprese-salad-351157,Winter Caprese Salad ,"1 pound plum tomatoes, quartered lengthwise $ 1/3 cup extra-virgin olive oil, divided $ 1/4 cup basil leaves $ 1 pound cold salted fresh mozzarella, sliced 1/3 inch thick $ 2 tablespoons balsamic vinegar $ ",Salad $ Tomato $ Appetizer $ Side $ Vegetarian $ Quick & Easy $ Oscars $ Dinner $ Lunch $ Mozzarella $ Basil $ Potluck $ Gourmet $ Pescatarian $ Wheat/Gluten-Free $ Peanut Free $ Tree Nut Free $ Soy Free $ No Sugar Added $ Kosher $ ,Italian American $ ,2.5/4,3,Salad $ Tomato $ Appetizer $ Side $ Vegetarian $ Quick & Easy $ Oscars $ Dinner $ Lunch $ Mozzarella $ Basil $ Potluck $ Gourmet $ Pescatarian $ Wheat/Gluten-Free $ Peanut Free $ Tree Nut Free $ Soy Free $ No Sugar Added $ Kosher $ Italian American $ 
https://www.epicurious.com/recipes/food/views/fennel-frisee-and-escarole-salad-351174,"Fennel, Frisée, and Escarole Salad ","3 tablespoons minced shallot $ 2 tablespoons fresh lemon juice (preferably Meyer lemon) $ 1 teaspoon red-wine vinegar, or to taste $ 1/2 teaspoon fine sea salt $ 1 small head escarole (3/4 pound), torn into bite-size pieces $ 1 small head frisée (3/4 pound), torn into bite-size pieces $ 1 small fennel bulb, quartered and thinly sliced or shaved with an adjustable-blade slicer $ 1/4 cup fine-quality extra-virgin olive oil $ 1 (1/2-pound) piece Parmigiano-Reggiano $ ",Salad $ Side $ Vegetarian $ Quick & Easy $ Dinner $ Parmesan $ Fennel $ Family Reunion $ Healthy $ Raw $ Escarole $ Gourmet $ Sugar Conscious $ Pescatarian $ Wheat/Gluten-Free $ Peanut Free $ Tree Nut Free $ Soy Free $ No Sugar Added $ Kosher $ ,Italian American $ ,3.5/4,4,Salad $ Side $ Vegetarian $ Quick & Easy $ Dinner $ Parmesan $ Fennel $ Family Reunion $ Healthy $ Raw $ Escarole $ Gourmet $ Sugar Conscious $ Pescatarian $ Wheat/Gluten-Free $ Peanut Free $ Tree Nut Free $ Soy Free $ No Sugar Added $ Kosher $ Italian American $ 
https://www.epicurious.com/recipes/food/views/fried-mozzarella-balls-351156,Fried Mozzarella Balls ,"About 5 cups vegetable oil $ 1 pound drained marinated bocconcini (small mozzarella balls), patted dry $ 3 large eggs, beaten $ 1 cup plain fine dry bread crumbs $ Equipment: a deep-fat thermometer $ Accompaniment: warm homemade or bottled spicy tomato sauce $ ",Appetizer $ Super Bowl $ Kid-Friendly $ Quick & Easy $ Oscars $ New Year's Eve $ Mozzarella $ Family Reunion $ Shower $ Deep-Fry $ Candy Thermometer $ Gourmet $ Sugar Conscious $ Kidney Friendly $ Vegetarian $ Pescatarian $ Peanut Free $ Tree Nut Free $ Soy Free $ Kosher $ ,Italian American $ ,3.5/4,24,Appetizer $ Super Bowl $ Kid-Friendly $ Quick & Easy $ Oscars $ New Year's Eve $ Mozzarella $ Family Reunion $ Shower $ Deep-Fry $ Candy Thermometer $ Gourmet $ Sugar Conscious $ Kidney Friendly $ Vegetarian $ Pescatarian $ Peanut Free $ Tree Nut Free $ Soy Free $ Kosher $ Italian American $ 
https://www.epicurious.com/recipes/food/views/butternut-squash-and-radicchio-pappardelle-351129,Butternut Squash and Radicchio Pappardelle ,"1/2 stick unsalted butter $ 2 tablespoon olive oil $ 1/3 cup pine nuts $ 1 pound butternut squash, peeled and cut into 1/2-inch cubes (about 2 1/2 cups) $ 3/4 pound radicchio, cored and thinly sliced $ 1 (8-to 9-ounces) package pappardelle (preferably egg pasta), broken into large pieces $ 1/2 cup coarsely grated ricotta salata or Parmigiano-Reggiano (1 ounce) $ ",Pasta $ Quick & Easy $ Dinner $ Pine Nut $ Butternut Squash $ Gourmet $ Vegetarian $ Pescatarian $ Peanut Free $ Soy Free $ No Sugar Added $ Kosher $ ,Italian American $ ,3/4,36,Pasta $ Quick & Easy $ Dinner $ Pine Nut $ Butternut Squash $ Gourmet $ Vegetarian $ Pescatarian $ Peanut Free $ Soy Free $ No Sugar Added $ Kosher $ Italian American $ 
https://www.epicurious.com/recipes/food/views/minted-green-salad-351132,Minted Green Salad ,"2 carrots $ 3 Kirby cucumbers, halved lengthwise and thinly sliced crosswise $ 2 heads Boston lettuce (1 1/2 pounds), torn into bite-size pieces $ 1 heart of romaine, torn into bite-size pieces $ 1 1/2 cups packed small mint leaves $ 1/4 cup extra-virgin olive oil $ 1/2 teaspoon fine sea salt or kosher salt $ 2 tablespoons red-wine vinegar $ ",Salad $ Side $ Vegetarian $ Quick & Easy $ Dinner $ Mint $ Cucumber $ Carrot $ Healthy $ Vegan $ Lettuce $ Gourmet $ Sugar Conscious $ Pescatarian $ Paleo $ Dairy Free $ Wheat/Gluten-Free $ Peanut Free $ Tree Nut Free $ Soy Free $ No Sugar Added $ Kosher $ ,Italian American $ ,3/4,4,Salad $ Side $ Vegetarian $ Quick & Easy $ Dinner $ Mint $ Cucumber $ Carrot $ Healthy $ Vegan $ Lettuce $ Gourmet $ Sugar Conscious $ Pescatarian $ Paleo $ Dairy Free $ Wheat/Gluten-Free $ Peanut Free $ Tree Nut Free $ Soy Free $ No Sugar Added $ Kosher $ Italian American $ 
https://www.epicurious.com/recipes/food/views/linguine-with-pesto-trapanese-351189,Linguine with Pesto Trapanese ,3/4 cup slivered almonds $ 1 large handful fresh basil leaves $ 1 to 2 large garlic cloves $ Several sprinkles of sea salt $ 6 ripe plum tomatoes $ Handful of grated Pecorino (about 1/2 cup) $ A generous splash of olive oil (about 1/3 cup) $ 1 pound linguine $ ,Nut $ Pasta $ Tomato $ Vegetarian $ Kid-Friendly $ Dinner $ Basil $ Almond $ Summer $ Gourmet $ ,Italian $ Italian American $ ,3.5/4,16,Nut $ Pasta $ Tomato $ Vegetarian $ Kid-Friendly $ Dinner $ Basil $ Almond $ Summer $ Gourmet $ Italian $ Italian American $ 
https://www.epicurious.com/recipes/food/views/baked-rigatoni-alla-norma-351159,Baked Rigatoni alla Norma ,"2 pounds eggplant, cut into 1-inch cubes $ 1 cup olive oil $ 1 medium onion, chopped $ 2 1/2 cups marinara sauce (homemade or use 24 to 26 ounce bottled sauce) $ 1 pound dried rigatoni $ 1 pound cold mozzarella (preferably salted fresh), cut into 1/2-inch cubes $ ",Pasta $ Bake $ Fry $ Vegetarian $ Dinner $ Mozzarella $ Eggplant $ Potluck $ Gourmet $ Pescatarian $ Peanut Free $ Tree Nut Free $ Soy Free $ No Sugar Added $ Kosher $ ,Italian American $ ,3.5/4,14,Pasta $ Bake $ Fry $ Vegetarian $ Dinner $ Mozzarella $ Eggplant $ Potluck $ Gourmet $ Pescatarian $ Peanut Free $ Tree Nut Free $ Soy Free $ No Sugar Added $ Kosher $ Italian American $ 
https://www.epicurious.com/recipes/food/views/ricotta-gnocchi-with-mushrooms-and-marjoram-351042,Ricotta Gnocchi with Mushrooms and Marjoram ,"1 pound (about 2 1/4 cups) fresh ricotta cheese $ 1/2 cup to 3/4 cup all purpose flour $ 1 large egg $ 1/4 cup grated Parmesan cheese $ 1 tablespoon butter, melted $ 1 tablespoon extra-virgin olive oil $ 1/2 teaspoon salt $ Pinch of ground black pepper $ 2 tablespoons extra-virgin olive oil $ 1 pound assorted wild mushrooms, cut into 1/2- to 3/4-inch pieces $ 4 green onions; white and pale green parts finely chopped, dark green parts thinly sliced $ 1/4 cup dry white wine $ 1/2 cup (or more) low-salt chicken broth $ 1/4 cup grated Parmesan cheese plus additional for sprinkling $ 2 tablespoons butter $ 2 tablespoons fresh marjoram leaves $ ",Herb $ Mushroom $ Pasta $ Sauté $ Dinner $ Ricotta $ Chill $ Potluck $ Boil $ Bon Appétit $ Sugar Conscious $ Pescatarian $ Peanut Free $ Tree Nut Free $ Soy Free $ Kosher $ ,Italian American $ ,3.5/4,24,Herb $ Mushroom $ Pasta $ Sauté $ Dinner $ Ricotta $ Chill $ Potluck $ Boil $ Bon Appétit $ Sugar Conscious $ Pescatarian $ Peanut Free $ Tree Nut Free $ Soy Free $ Kosher $ Italian American $ 
https://www.epicurious.com/recipes/food/views/fettucine-carbonara-with-fried-eggs-351015,Fettucine Carbonara with Fried Eggs ,"8 large eggs $ 2/3 cup grated Parmesan cheese $ 1/3 cup grated Pecorino Romano cheese $ 2 garlic cloves, minced $ 1/2 teaspoon freshly ground black pepper $ 4 ounces thinly sliced pancetta (Italian bacon), finely chopped $ 12 ounces egg fettuccine $ 1 medium bunch broccoli rabe rapini),* cut into 1/2-inch pieces $ ",Egg $ Pasta $ Father's Day $ Dinner $ Parmesan $ Bacon $ Broccoli Rabe $ Bon Appétit $ Sugar Conscious $ Peanut Free $ Tree Nut Free $ Soy Free $ No Sugar Added $ ,Italian American $ ,3.5/4,31,Egg $ Pasta $ Father's Day $ Dinner $ Parmesan $ Bacon $ Broccoli Rabe $ Bon Appétit $ Sugar Conscious $ Peanut Free $ Tree Nut Free $ Soy Free $ No Sugar Added $ Italian American $ 
https://www.epicurious.com/recipes/food/views/fagioli-on-toast-351013,Fagioli-on-Toast ,"4 thick slices country bread $ 4 tablespoons olive oil $ 2 garlic cloves, peeled and sliced $ A few fresh sage leaves $ 1 28-ounce can diced tomatoes $ 1 15-ounce can cannellini beans $ 1/2 teaspoon salt $ 1/4 teaspoon freshly ground black pepper $ ",Bean $ Kid-Friendly $ Quick & Easy $ Lunch $ Cookie $ Vegan $ Vegetarian $ Pescatarian $ Dairy Free $ Peanut Free $ Tree Nut Free $ Soy Free $ Kosher $ ,Italian American $ ,3/4,7,Bean $ Kid-Friendly $ Quick & Easy $ Lunch $ Cookie $ Vegan $ Vegetarian $ Pescatarian $ Dairy Free $ Peanut Free $ Tree Nut Free $ Soy Free $ Kosher $ Italian American $ 
https://www.epicurious.com/recipes/food/views/lukes-wild-mushroom-orzo-350821,Luke's Wild Mushroom Orzo ,"1/2 cup dried porcini mushrooms (about 1 ounce) $ 1 sprig fresh thyme $ 2 tablespoons extra-virgin olive oil $ 1 small onion, chopped (about 1/2 cup) $ 1 1/2 cups mixed wild mushrooms (about 4 ounces), washed, dried, and chopped into 2-inch pieces $ 1 1/2 teaspoons salt $ 1/4 teaspoon coarse-ground black pepper $ 2 tablespoons dry vermouth $ 1 1/2 cups orzo $ 2 tablespoons butter $ 1/4 cup grated Parmigiano-Reggiano $ 1 tablespoon roughly chopped fresh parsley $ 1 teaspoon fresh thyme leaves $ 1 teaspoon white-truffle oil $ ",Mushroom $ Pasta $ Christmas $ Vegetarian $ Dinner $ Fall $ Winter $ Potluck $ Sugar Conscious $ Pescatarian $ Peanut Free $ Tree Nut Free $ Soy Free $ Kosher $ ,Italian American $ ,3.5/4,17,Mushroom $ Pasta $ Christmas $ Vegetarian $ Dinner $ Fall $ Winter $ Potluck $ Sugar Conscious $ Pescatarian $ Peanut Free $ Tree Nut Free $ Soy Free $ Kosher $ Italian American $ 
https://www.epicurious.com/recipes/food/views/farfalle-salad-242765,Farfalle Salad ,"1 each yellow and red bell pepper, stemmed, cored, and diced (1/4 inch) $ 1 medium-sized red onion, diced (1/4 inch) $ 1 cup frozen peas, thawed and cooked in boiling water for 3 minutes $ 3 scallions, thinly sliced $ 1/2 cup chopped pitted black olives $ 1 tablespoon olive oil $ 1 pound farfalle pasta $ 1 cup prepared pesto $ 1/4 cup freshly grated Parmesan cheese $ ",Pasta $ Side $ Dinner $ Parmesan $ Potluck $ Parade $ Vegetarian $ Peanut Free $ Soy Free $ No Sugar Added $ Kosher $ Diabetes-Friendly $ ,Italian American $ ,3.5/4,21,Pasta $ Side $ Dinner $ Parmesan $ Potluck $ Parade $ Vegetarian $ Peanut Free $ Soy Free $ No Sugar Added $ Kosher $ Diabetes-Friendly $ Italian American $ 
https://www.epicurious.com/recipes/food/views/limoncello-gelato-243009,Limoncello Gelato ,"2 cups heavy whipping cream $ 1/2 cup whole milk $ 1/4 cup buttermilk $ 1/4 cup mascarpone cheese* $ 4 coffee beans $ 1 teaspoon finely grated lemon peel $ 1 vanilla bean, split lengthwise $ 4 large egg yolks $ 1/2 cup sugar $ 2 tablespoons fresh lemon juice $ 1/4 cup limoncello or other lemon liqueur plus additional for serving $ ",Liqueur $ Ice Cream Machine $ Dessert $ Frozen Dessert $ Lemon $ Summer $ Bon Appétit $ Kidney Friendly $ Vegetarian $ Pescatarian $ Wheat/Gluten-Free $ Peanut Free $ Tree Nut Free $ Soy Free $ Kosher $ ,Italian American $ ,3/4,14,Liqueur $ Ice Cream Machine $ Dessert $ Frozen Dessert $ Lemon $ Summer $ Bon Appétit $ Kidney Friendly $ Vegetarian $ Pescatarian $ Wheat/Gluten-Free $ Peanut Free $ Tree Nut Free $ Soy Free $ Kosher $ Italian American $ 
