link,name,ingredients,recipe_category,recipe_cuisine,rating,rating_count,keywords
https://www.epicurious.com/recipes/food/views/nuoc-cham-10604,Nuoc Cham ,"6 tablespoons fresh lime juice $ 3 tablespoons Asian fish sauce (preferably nuoc mam) $ 1/4 cup sugar $ 1/2 cup warm water $ 1 garlic clove, forced through a garlic press $ 2 small thin fresh red or green Asian chilies (1 to 2 inches long) or serrano chilies, seeded and chopped fine (wear rubber gloves) $ ",Sauce $ Garlic $ Pepper $ Quick & Easy $ Lemongrass $ Gourmet $ ,Asian $ Vietnamese $ ,3.5/4,6,Sauce $ Garlic $ Pepper $ Quick & Easy $ Lemongrass $ Gourmet $ Asian $ Vietnamese $ 
https://www.epicurious.com/recipes/food/views/manchu-spiced-garlic-chicken-pizzettas-4278,"Manchu Spiced Garlic Chicken ""Pizzettas"" ","1/4 cup plus 2 tablespoons olive oil $ 2 large onions, thinly sliced $ 3 tablespoons golden brown sugar $ 1 1/2 tablespoons apple cider vinegar $ 1 1/2 teaspoons plus 1 tablespoon minced garlic $ 1 pound skinless boneless chicken thighs, cut into 3/4-inch pieces $ 2 tablespoons Thai hot chili sauce $ 6 tablespoons chopped fresh cilantro $ 2 10-ounce tubes refrigerated pizza dough $ 1 cup shredded mozzarella cheese $ 1/2 cup shredded Swiss cheese $ 1/2 cup shredded provolone cheese $ 3 large plum tomatoes, seeded, chopped (about 1 1/2 cups) $ ",Cheese $ Chicken $ Herb $ Tomato $ Appetizer $ Bake $ Fall $ Bon Appétit $ Peanut Free $ Tree Nut Free $ Soy Free $ ,Asian $ ,4/4,51,Cheese $ Chicken $ Herb $ Tomato $ Appetizer $ Bake $ Fall $ Bon Appétit $ Peanut Free $ Tree Nut Free $ Soy Free $ Asian $ 
https://www.epicurious.com/recipes/food/views/korean-barbecued-beef-102721,Korean Barbecued Beef ,"1/2 cup soy sauce $ 1/4 cup rice vinegar (not seasoned) $ 1/3 cup chopped scallion $ 2 tablespoons sugar $ 2 tablespoons minced garlic $ 2 tablespoons minced peeled fresh ginger $ 1 tablespoon Asian sesame oil $ 1 1/2 teaspoons Asian chili sauce $ 1 3/4 pounds skirt steak $ 2 small red apples such as Gala $ 1 firm-ripe mango, peeled and pitted $ 2 tablespoons fresh lime juice $ 1 teaspoon Asian chili sauce, or to taste $ 60 (3- to 4-inch-long) Bibb lettuce leaves $ Toasted sesame seeds $ ",Beef $ Marinate $ Cocktail Party $ Apple $ Mango $ Winter $ Grill/Barbecue $ Lettuce $ Gourmet $ ,Asian $ Korean $ ,3.5/4,45,Beef $ Marinate $ Cocktail Party $ Apple $ Mango $ Winter $ Grill/Barbecue $ Lettuce $ Gourmet $ Asian $ Korean $ 
https://www.epicurious.com/recipes/food/views/turkey-chow-mein-with-almonds-13362,Turkey Chow Mein with Almonds ,"2 tablespoons vegetable oil $ 1/2 onion, sliced $ 4 cups sliced Napa cabbage $ 1 cup sliced celery $ 1/2 teaspoon sugar $ 3/4 cup chicken broth $ 1/4 cup water $ 1 tablespoon soy sauce $ 1 teaspoon Oriental sesame oil $ 1 tablespoon cornstarch dissolved in 2 tablespoons cold water $ 2 cups diced cooked turkey $ cooked rice as an accompaniment $ 1/4 cup slivered almonds, toasted lightly $ ",Rice $ turkey $ Stir-Fry $ Quick & Easy $ Almond $ Cabbage $ Gourmet $ ,Asian $ ,3/4,21,Rice $ turkey $ Stir-Fry $ Quick & Easy $ Almond $ Cabbage $ Gourmet $ Asian $ 
https://www.epicurious.com/recipes/food/views/lemongrass-vinegar-12540,Lemongrass Vinegar ,3 stalks of lemongrass (available at Asian markets and some specialty produce markets) $ 2 cups rice vinegar (available at Asian markets and some supermarkets) $ ,Marinate $ Vinegar $ Summer $ Lemongrass $ Gourmet $ ,Asian $ ,3.5/4,2,Marinate $ Vinegar $ Summer $ Lemongrass $ Gourmet $ Asian $ 
https://www.epicurious.com/recipes/food/views/ginger-catfish-trey-cha-knyei-100931,Ginger Catfish (Trey Cha K'nyei) ,"5 tablespoons vegetable oil $ 2 cups peeled, julienned ginger (about 1/2 pound) $ 1 1/2 pounds catfish fillets, sliced crosswise into 1/4-inch-wide strips $ 3 1/2 tablespoons sugar $ 2 tablespoons mushroom soy sauce $ 2 tablespoons fish sauce $ 1 teaspoon salt $ 1 large Spanish onion, thinly sliced $ 1/4 red bell pepper, julienned $ 1/2 bunch scallions, cut diagonally into 2-inch pieces $ ",Fish $ Stir-Fry $ Fall $ ,Asian $ ,3.5/4,67,Fish $ Stir-Fry $ Fall $ Asian $ 
https://www.epicurious.com/recipes/food/views/ginger-chili-dipping-sauce-102685,Ginger-Chili Dipping Sauce ,1/2 cup seasoned rice vinegar* $ 1/4 cup soy sauce $ 1 tablespoon minced peeled fresh ginger $ 1/4 teaspoon chili oil* $ *Available at Asian markets and in the Asian foods section of some supermarkets. $ ,Sauce $ Ginger $ No-Cook $ Vinegar $ Soy Sauce $ Bon Appétit $ ,Asian $ ,3.5/4,5,Sauce $ Ginger $ No-Cook $ Vinegar $ Soy Sauce $ Bon Appétit $ Asian $ 
https://www.epicurious.com/recipes/food/views/chow-fun-with-barbecued-pork-and-snow-peas-106262,Chow Fun with Barbecued Pork and Snow Peas ,"14 oz fresh rice noodles, cut into 1/2-inch-wide strips if necessary $ 1/4 cup plus 1 teaspoon peanut oil $ 3/4 cup chicken stock or low-sodium chicken broth $ 2 tablespoons oyster sauce $ 1 tablespoon light soy sauce $ 2 teaspoons sugar $ 1 tablespoon Chinese rice wine or medium-dry Sherry $ 1/4 lb snow peas, trimmed $ 4 scallions, cut into 2-inch-long julienne $ 6 oz cha siu (Chinese boneless barbecued pork), thinly sliced $ 2 teaspoons finely chopped garlic $ 2 teaspoons finely chopped peeled fresh ginger $ 1/2 teaspoon cornstarch mixed with 2 teaspoons water $ 1/2 cup fresh mung bean sprouts $ A few drops of Asian sesame oil $ ",Garlic $ Ginger $ Pork $ Stir-Fry $ Dinner $ Spring $ Sugar Snap Pea $ Gourmet $ Dairy Free $ Tree Nut Free $ ,Asian $ Chinese $ ,3/4,24,Garlic $ Ginger $ Pork $ Stir-Fry $ Dinner $ Spring $ Sugar Snap Pea $ Gourmet $ Dairy Free $ Tree Nut Free $ Asian $ Chinese $ 
https://www.epicurious.com/recipes/food/views/spinach-with-sesame-miso-sauce-108751,Spinach with Sesame Miso Sauce ,"4 (10-ounce) bunches spinach (preferably with root ends intact) $ 1 1/2 tablespoons Japanese sesame paste $ 1 1/2 tablespoons Saikyo shiro miso (white fermented soybean paste) $ 1 tablespoon water $ 1/8 teaspoon soy sauce $ 1 teaspoon sesame seeds, toasted $ kitchen string $ ",Leafy Green $ Soy $ Vegetarian $ Quick & Easy $ Low/No Sugar $ Spinach $ Healthy $ Vegan $ Sesame $ Gourmet $ ,Asian $ Japanese $ ,3.5/4,4,Leafy Green $ Soy $ Vegetarian $ Quick & Easy $ Low/No Sugar $ Spinach $ Healthy $ Vegan $ Sesame $ Gourmet $ Asian $ Japanese $ 
https://www.epicurious.com/recipes/food/views/pan-seared-tilapia-with-chile-lime-butter-108343,Pan-Seared Tilapia with Chile Lime Butter ,"1/2 stick (1/4 cup) unsalted butter, softened $ 1 tablespoon finely chopped shallot $ 1 teaspoon finely grated fresh lime zest $ 2 teaspoons fresh lime juice $ 1 teaspoon minced fresh Thai or serrano chile (preferably red), including seeds $ 1/2 teaspoon salt $ 6 (5- to 6-oz) pieces skinless tilapia fillet or farm-raised striped bass fillets with skin $ 1/2 teaspoon salt $ 2 tablespoons vegetable oil $ ",Fish $ Quick & Easy $ Low/No Sugar $ Tilapia $ Hot Pepper $ Summer $ Gourmet $ ,Asian $ ,3.5/4,499,Fish $ Quick & Easy $ Low/No Sugar $ Tilapia $ Hot Pepper $ Summer $ Gourmet $ Asian $ 
https://www.epicurious.com/recipes/food/views/spring-rolls-104619,Spring Rolls ,"1/2 lb. minced pork $ 3 teaspoons cornstarch $ 1 teaspoon dark soy sauce $ 8 oz. baby shrimp $ 1 teaspoon Shao Hsing wine or white wine $ 2 tablespoons vegetable or corn oil $ 1/2 cup shredded bamboo shoots $ 8 oz. shredded carrots $ 1/2 cup chicken broth $ 1/2 lb. fresh bean sprouts $ 2 cups finely shredded chopped Chinese celery cabbage or Napa cabbage $ 20 square spring roll skins (available in Chinese supermarkets — ask for Shanghai spring roll skins) $ 1 beaten egg for sealing $ 1 quart vegetable, corn, or peanut oil for deep frying $ ",Pork $ Shellfish $ Vegetable $ Appetizer $ Fry $ Cocktail Party $ Super Bowl $ Shrimp $ Carrot $ Poker/Game Night $ Deep-Fry $ Cabbage $ Party $ Soy Sauce $ Sugar Conscious $ Dairy Free $ Tree Nut Free $ ,Asian $ Chinese $ ,3/4,14,Pork $ Shellfish $ Vegetable $ Appetizer $ Fry $ Cocktail Party $ Super Bowl $ Shrimp $ Carrot $ Poker/Game Night $ Deep-Fry $ Cabbage $ Party $ Soy Sauce $ Sugar Conscious $ Dairy Free $ Tree Nut Free $ Asian $ Chinese $ 
https://www.epicurious.com/recipes/food/views/beef-mushroom-and-broccoli-stir-fry-105590,"Beef, Mushroom, and Broccoli Stir-Fry ","1 pound flank steak $ 3 tablespoons water $ 7 tablespoons vegetable oil $ 4 tablespoons soy sauce $ 8 teaspoons cornstarch $ 6 tablespoons plus 1 cup canned low-salt chicken broth $ 1/4 white wine $ 2 tablespoons oyster sauce $ 4 teaspoons oriental sesame oil $ 1/2 teaspoon sugar $ 6 quarter-size slices peeled fresh ginger, minced $ 2 pounds broccoli, cut into florets (stems discarded) $ 1 pound mushrooms, sliced $ rice $ ",Beef $ Ginger $ Mushroom $ Stir-Fry $ Broccoli $ White Wine $ Soy Sauce $ ,Asian $ ,3/4,42,Beef $ Ginger $ Mushroom $ Stir-Fry $ Broccoli $ White Wine $ Soy Sauce $ Asian $ 
https://www.epicurious.com/recipes/food/views/philippine-style-chicken-adobo-107410,Philippine-Style Chicken Adobo ,"1/2 cup cider vinegar $ 1/4 cup soy sauce $ 1 tablespoon minced garlic $ 2 Turkish bay leaves or 1 California $ 4 whole chicken legs (2 1/2 lb), cut into drumsticks and thighs $ Accompaniment: cooked rice $ ",Chicken $ Poultry $ Bake $ Marinate $ Winter $ Gourmet $ ,Asian $ ,3/4,82,Chicken $ Poultry $ Bake $ Marinate $ Winter $ Gourmet $ Asian $ 
https://www.epicurious.com/recipes/food/views/braised-baby-bok-choy-103970,Braised Baby Bok Choy ,"1 cup chicken broth $ 3 tablespoons unsalted butter $ 3/4 lb baby bok choy, trimmed $ 1/2 teaspoon Asian sesame oil $ ",Leafy Green $ Vegetable $ Side $ Braise $ Fall $ Summer $ Bok Choy $ Gourmet $ Wheat/Gluten-Free $ Peanut Free $ Tree Nut Free $ Soy Free $ No Sugar Added $ ,Asian $ ,3.5/4,107,Leafy Green $ Vegetable $ Side $ Braise $ Fall $ Summer $ Bok Choy $ Gourmet $ Wheat/Gluten-Free $ Peanut Free $ Tree Nut Free $ Soy Free $ No Sugar Added $ Asian $ 
https://www.epicurious.com/recipes/food/views/roast-five-spice-duck-with-honeyed-mango-chutney-sauce-103911,Roast Five-Spice Duck with Honeyed-Mango Chutney Sauce ,"4 quarts water $ 2 cups salt $ 2 cups (packed) brown sugar $ 1 onion, quartered $ 1 orange, quartered $ 12 whole star anise* $ 10 garlic cloves, crushed $ 1/2 cup sliced fresh ginger $ 1/4 cup soy sauce $ 3 tablespoons Chinese five-spice powder* $ 6 cups cold water $ 2 6-pound whole ducks $ Honeyed-Mango Chutney Sauce $ ",Duck $ Ginger $ Poultry $ Roast $ Dinner $ Mango $ Spice $ Fall $ Anniversary $ Honey $ Anise $ Party $ Soy Sauce $ Bon Appétit $ Dairy Free $ Peanut Free $ Tree Nut Free $ Kosher $ ,Asian $ Chinese $ ,3/4,7,Duck $ Ginger $ Poultry $ Roast $ Dinner $ Mango $ Spice $ Fall $ Anniversary $ Honey $ Anise $ Party $ Soy Sauce $ Bon Appétit $ Dairy Free $ Peanut Free $ Tree Nut Free $ Kosher $ Asian $ Chinese $ 
https://www.epicurious.com/recipes/food/views/sesame-chicken-noodle-salad-107849,Sesame Chicken Noodle Salad ,1 pound vermicelli $ 6 tablespoons rice vinegar $ 5 tablespoons soy sauce $ 1/4 cup vegetable oil $ 2 tablespoons grated peeled fresh ginger $ 2 tablespoons chili-garlic sauce $ 2 tablespoons oriental sesame oil $ 2 1/2 cups sliced green onions $ 2 cups diced cooked chicken $ 1/2 cup chopped fresh cilantro $ ,Salad $ Chicken $ Ginger $ Onion $ Pasta $ Side $ Quick & Easy $ Cilantro $ Bon Appétit $ Dairy Free $ Peanut Free $ Tree Nut Free $ No Sugar Added $ Kosher $ ,Asian $ ,3.5/4,51,Salad $ Chicken $ Ginger $ Onion $ Pasta $ Side $ Quick & Easy $ Cilantro $ Bon Appétit $ Dairy Free $ Peanut Free $ Tree Nut Free $ No Sugar Added $ Kosher $ Asian $ 
https://www.epicurious.com/recipes/food/views/vegetarian-brown-rice-sushi-rolls-109641,Vegetarian Brown Rice Sushi Rolls ,"Scant 2/3 cup short-grain brown rice* $ 1 cup plus 1 teaspoon water $ 2 teaspoons soy sauce $ 2 tablespoons seasoned rice vinegar** $ 1 teaspoon wasabi powder** $ 2 (8 1/4- by 7 1/4-inch) sheets roasted nori** (dried laver) $ 1/2 Kirby cucumber, peeled, seeded, and cut into 1/16-inch-thick matchsticks $ 1/2 carrot, cut into 1/16-inch-thick matchsticks $ 1/2 firm-ripe small California avocado $ 3/4 oz radish sprouts*, roots trimmed $ Accompaniments: soy sauce for dipping; sliced gari ** (pickled ginger) $ a bamboo sushi mat** $ ",Rice $ Cocktail Party $ Vegetarian $ Quick & Easy $ Avocado $ Cucumber $ Radish $ Vegan $ Gourmet $ ,Asian $ ,3.5/4,18,Rice $ Cocktail Party $ Vegetarian $ Quick & Easy $ Avocado $ Cucumber $ Radish $ Vegan $ Gourmet $ Asian $ 
https://www.epicurious.com/recipes/food/views/chinese-celery-strips-109745,Chinese Celery Strips ,"1 bunch celery (2 1/4 lb) $ 1 scallion, minced $ 1 tablespoon oyster sauce $ 2 teaspoons soy sauce $ 1/8 teaspoon Asian sesame oil $ ",Garlic $ Appetizer $ No-Cook $ Low Carb $ Quick & Easy $ Celery $ Summer $ Soy Sauce $ Gourmet $ Sugar Conscious $ Pescatarian $ Dairy Free $ Peanut Free $ Tree Nut Free $ No Sugar Added $ ,Asian $ ,2/4,5,Garlic $ Appetizer $ No-Cook $ Low Carb $ Quick & Easy $ Celery $ Summer $ Soy Sauce $ Gourmet $ Sugar Conscious $ Pescatarian $ Dairy Free $ Peanut Free $ Tree Nut Free $ No Sugar Added $ Asian $ 
https://www.epicurious.com/recipes/food/views/miso-glazed-eggplant-109748,Miso-Glazed Eggplant ,"6 tablespoons shiro miso* (white fermented soybean paste) $ 3 tablespoons rice vinegar (not seasoned) $ 1 1/2 tablespoons water $ 3 3/4 teaspoons sugar $ 1 tablespoon finely grated peeled fresh ginger $ 2 tablespoons vegetable oil plus additional for brushing pan $ 6 Asian eggplants(about 8 inches), halved lengthwise $ 2 scallions, finely chopped $ ",Ginger $ Broil $ Vegetarian $ Quick & Easy $ Eggplant $ Summer $ Vegan $ Gourmet $ ,Asian $ ,3/4,36,Ginger $ Broil $ Vegetarian $ Quick & Easy $ Eggplant $ Summer $ Vegan $ Gourmet $ Asian $ 
https://www.epicurious.com/recipes/food/views/fresh-green-peas-and-sugar-snap-peas-in-sesame-dressing-109708,Fresh Green Peas and Sugar Snap Peas in Sesame Dressing ,"3 cups fresh shelled peas (from 3 pounds peas in pods) $ 12 ounces sugar snap peas, trimmed $ 2 tablespoons unseasoned rice vinegar $ 1 tablespoon soy sauce $ 1 tablespoon oriental sesame oil $ 1 tablespoon (packed) golden brown sugar $ 1 teaspoon coarse kosher salt $ 1/2 teaspoon freshly ground black pepper $ ",Side $ Quick & Easy $ Pea $ Summer $ Sugar Snap Pea $ Boil $ Bon Appétit $ Vegan $ Vegetarian $ Pescatarian $ Dairy Free $ Peanut Free $ Tree Nut Free $ Kosher $ ,American $ Asian $ ,3.5/4,28,Side $ Quick & Easy $ Pea $ Summer $ Sugar Snap Pea $ Boil $ Bon Appétit $ Vegan $ Vegetarian $ Pescatarian $ Dairy Free $ Peanut Free $ Tree Nut Free $ Kosher $ American $ Asian $ 
https://www.epicurious.com/recipes/food/views/star-anise-poached-pears-5895,Star Anise-Poached Pears ,"1/2 cup sugar $ 2 tablespoons plus 1 1/4 cups water $ 3 whole star anise $ 4 whole cloves $ 1 cinnamon stick $ 1/2 vanilla bean, cut crosswise in half $ 4 medium-size firm but ripe Anjou or Bosc pears (about 2 pounds), peeled, quartered, cored $ ",Fruit $ Dessert $ Poach $ Vegetarian $ Pear $ Spice $ Winter $ Vegan $ Anise $ Christmas Eve $ Bon Appétit $ Fat Free $ Pescatarian $ Dairy Free $ Wheat/Gluten-Free $ Peanut Free $ Tree Nut Free $ Soy Free $ Kosher $ ,Asian $ ,3/4,6,Fruit $ Dessert $ Poach $ Vegetarian $ Pear $ Spice $ Winter $ Vegan $ Anise $ Christmas Eve $ Bon Appétit $ Fat Free $ Pescatarian $ Dairy Free $ Wheat/Gluten-Free $ Peanut Free $ Tree Nut Free $ Soy Free $ Kosher $ Asian $ 
https://www.epicurious.com/recipes/food/views/poached-asian-pears-with-star-anise-and-tropical-fruit-3058,Poached Asian Pears with Star Anise and Tropical Fruit ,"2 cups water $ 1 cup dry white wine $ 3/4 cup sugar $ 2 tablespoons fresh lemon juice $ 2 star anise* $ 1 2-inch piece cinnamon stick $ 1 2-inch piece fresh ginger, sliced $ 4 large (10 ounces each) Asian pears $ 1 1 3/4-pound papaya, diced $ 1 14-to 16-ounce mango, diced $ *A brown star-shaped seed pod; available at Asian markets and specialty food stores and some supermarkets. $ ",Fruit $ Ginger $ Dessert $ Poach $ Low Sodium $ Wheat/Gluten-Free $ Mango $ Papaya $ Spice $ White Wine $ Chill $ Vegan $ Asian Pear $ Anise $ Bon Appétit $ Vegetarian $ Pescatarian $ Dairy Free $ Peanut Free $ Tree Nut Free $ Soy Free $ Kosher $ ,Asian $ ,3/4,3,Fruit $ Ginger $ Dessert $ Poach $ Low Sodium $ Wheat/Gluten-Free $ Mango $ Papaya $ Spice $ White Wine $ Chill $ Vegan $ Asian Pear $ Anise $ Bon Appétit $ Vegetarian $ Pescatarian $ Dairy Free $ Peanut Free $ Tree Nut Free $ Soy Free $ Kosher $ Asian $ 
https://www.epicurious.com/recipes/food/views/bean-thread-noodles-with-beef-and-asian-pear-102571,Bean Thread Noodles with Beef and Asian Pear ,"1/4 lb bean-thread noodles (also known as cellophane noodles) $ 4 garlic cloves, minced $ 1/3 cup soy sauce $ 2 tablespoons sugar $ 1 tablespoon Asian sesame oil $ 1 teaspoon dried hot red pepper flakes $ 1/2 cup plus 1 teaspoon rice vinegar (not seasoned) $ 1 lb filet mignon, cut into 1/4-inch-thick julienne strips $ 2 (14 1/2-oz) cans beef broth $ 1/4 cup water $ 1 Asian pear, cut into julienne strips $ 2 scallions (green parts only), thinly sliced $ ",Beef $ Quick & Easy $ Fall $ Asian Pear $ Noodle $ Gourmet $ ,Asian $ ,3.5/4,8,Beef $ Quick & Easy $ Fall $ Asian Pear $ Noodle $ Gourmet $ Asian $ 
https://www.epicurious.com/recipes/food/views/sweet-and-spicy-dipping-sauce-100684,Sweet-and-Spicy Dipping Sauce ,"6 tablespoons rice vinegar $ 1/4 cup fish sauce (nam pla)* $ 2 tablespoons (packed) golden brown sugar $ 3 garlic cloves, minced $ 1/4 teaspoon dried crushed red pepper $ 2 tablespoons finely shredded peeled carrot $ *Sold at Asian markets and in the Asian foods section of many supermarkets. $ ",Condiment/Spread $ Sauce $ Garlic $ Vegetable $ No-Cook $ Vinegar $ Carrot $ Bon Appétit $ ,Asian $ Thai $ ,3.5/4,6,Condiment/Spread $ Sauce $ Garlic $ Vegetable $ No-Cook $ Vinegar $ Carrot $ Bon Appétit $ Asian $ Thai $ 
https://www.epicurious.com/recipes/food/views/chicken-negimaki-with-spicy-red-pepper-dipping-sauce-100693,Chicken Negimaki with Spicy Red Pepper Dipping Sauce ,8 small boneless skinless chicken breast halves (about 2 1/2 pounds total) $ 2 bunches scallions $ 1 garlic clove $ 1/4 cup soy sauce $ 2 tablespoons seasoned rice vinegar $ 2 teaspoons Asian sesame oil $ 1 red bell pepper $ 3/4 cup distilled white vinegar $ 1/2 cup sugar $ 1/2 teaspoon dried hot red pepper flakes $ 1/3 cup black* or white sesame seeds $ 3 tablespoons vegetable oil $ about sixty-five 6-inch wooden skewers $ *Available at Asian markets and some specialty foods shops and supermarkets $ ,Chicken $ Garlic $ Poultry $ Appetizer $ Marinate $ Sauté $ Cocktail Party $ Vinegar $ Fall $ Soy Sauce $ Gourmet $ Kidney Friendly $ Dairy Free $ Peanut Free $ Tree Nut Free $ Kosher $ ,Asian $ ,3.5/4,47,Chicken $ Garlic $ Poultry $ Appetizer $ Marinate $ Sauté $ Cocktail Party $ Vinegar $ Fall $ Soy Sauce $ Gourmet $ Kidney Friendly $ Dairy Free $ Peanut Free $ Tree Nut Free $ Kosher $ Asian $ 
https://www.epicurious.com/recipes/food/views/thai-noodle-salad-107628,Thai Noodle Salad ,"12 ounces linguine $ 4 tablespoons oriental sesame oil $ 8 green onions, chopped $ 5 garlic cloves, minced $ 1 tablespoon minced peeled fresh ginger $ 1/4 cup honey $ 1/4 cup creamy peanut butter $ 1/4 cup soy sauce $ 3 tablespoons unseasoned rice vinegar $ 1 1/2 tablespoons chili-garlic sauce $ 2 cups mung bean sprouts $ 1 cup finely shredded carrots $ ",Salad $ Pasta $ Sauté $ Vinegar $ Peanut $ Winter $ Simmer $ Bon Appétit $ Portland $ California $ ,Asian $ Thai $ ,3.5/4,114,Salad $ Pasta $ Sauté $ Vinegar $ Peanut $ Winter $ Simmer $ Bon Appétit $ Portland $ California $ Asian $ Thai $ 
https://www.epicurious.com/recipes/food/views/ginger-tomato-chutney-101032,Ginger-Tomato Chutney ,1/4 cup rice vinegar $ 1/4 cup golden brown sugar $ 1 tablespoon minced peeled fresh ginger $ 1 14 1/2-ounce can diced tomatoes in juice $ 1 cinnamon stick $ ,Condiment/Spread $ Ginger $ Tomato $ Quick & Easy $ Vegan $ Bon Appétit $ ,Asian $ ,3/4,6,Condiment/Spread $ Ginger $ Tomato $ Quick & Easy $ Vegan $ Bon Appétit $ Asian $ 
https://www.epicurious.com/recipes/food/views/steamed-sole-with-black-bean-sauce-102227,Steamed Sole with Black Bean Sauce ,"One 1 1/4 pound sole, cleaned and gutted, with head and tail intact $ 1/2 plus 1/8 teaspoon salt $ 2 teaspoons Chinese dried black beans (dul see) $ 2 teaspoons minced garlic $ 1/2 teaspoon sugar $ 3/4 sesame oil $ 3/4 teaspoon Shao Hsing rice cooking wine $ 1/4 teaspoon ground white pepper $ 1 tablespoon vegetable oil $ 1 tablespoon finely shredded ginger $ 1 scallion, finely shredded $ 1 tablespoon thin soy sauce $ ",Bean $ Fish $ Steam $ Spring $ Healthy $ ,Asian $ Chinese $ ,3/4,1,Bean $ Fish $ Steam $ Spring $ Healthy $ Asian $ Chinese $ 
https://www.epicurious.com/recipes/food/views/walnut-soup-102229,Walnut Soup ,"2 cups shelled walnuts, about 8 ounces $ 1/4 cup rice flour $ 1 1/2 slabs brown candy (peen tong), about 3 ounces $ ",Soup/Stew $ Nut $ Dessert $ Vegetarian $ Walnut $ Healthy $ ,Asian $ Chinese $ ,3.5/4,7,Soup/Stew $ Nut $ Dessert $ Vegetarian $ Walnut $ Healthy $ Asian $ Chinese $ 
https://www.epicurious.com/recipes/food/views/miso-marinated-salmon-with-cucumber-daikon-relish-107633,Miso-Marinated Salmon with Cucumber-Daikon Relish ,"1/4 cup white miso (fermented soybean paste)* $ 1/4 cup mirin (sweet Japanese rice wine)* $ 2 tablespoons unseasoned rice vinegar $ 2 tablespoons minced green onions $ 1 1/2 tablespoons minced fresh ginger $ 2 teaspoons oriental sesame oil $ 6 6-ounce Alaskan salmon fillets, with skin $ Nonstick vegetable oil spray $ Cucumber-Daikon Relish $ 1 1/2 teaspoons sesame seeds, toasted $ 1/2 cup radish sprouts $ 1/2 8x8-inch sheet dried nori,* cut with scissors into matchstick-size strips $ ",Fish $ Ginger $ Broil $ Dinner $ Salmon $ Cucumber $ Radish $ Winter $ Bon Appétit $ Sugar Conscious $ Pescatarian $ Dairy Free $ Wheat/Gluten-Free $ Peanut Free $ Tree Nut Free $ ,American $ Asian $ Japanese $ ,3.5/4,44,Fish $ Ginger $ Broil $ Dinner $ Salmon $ Cucumber $ Radish $ Winter $ Bon Appétit $ Sugar Conscious $ Pescatarian $ Dairy Free $ Wheat/Gluten-Free $ Peanut Free $ Tree Nut Free $ American $ Asian $ Japanese $ 
https://www.epicurious.com/recipes/food/views/soba-noodles-with-vegetables-crispy-tofu-and-toasted-sesame-seeds-11438,"Soba Noodles with Vegetables, Crispy Tofu, and Toasted Sesame Seeds ","an 8-ounce package soba (buckwheat noodles)* $ 1 Asian or Bosc pear $ 3 tablespoons vegetable oil $ a 1/2-pound piece firm tofu, rinsed, patted dry, hard edges trimmed, and cut into 1/2-inch cubes $ 4 carrots, cut into 1 1/2-by 1/4-inch sticks $ 1/2 pound fresh shiitake mushrooms, stems discarded and caps sliced thin $ 4 scallions, sliced thin (about 1 1/2 cups) $ 2 tablespoons finely chopped peeled fresh ginger $ 2 teaspoons sesame oil $ 1 tablespoon tamari or soy sauce, or to taste $ 2 tablespoons seasoned rice vinegar $ 1 tablespoon sesame seeds, toasted lightly $ *available at Asian markets and natural foods stores $ ",Ginger $ Mushroom $ Soy $ Vegetable $ Stir-Fry $ Vegetarian $ Pear $ Noodle $ Sesame $ Gourmet $ ,Asian $ ,3.5/4,26,Ginger $ Mushroom $ Soy $ Vegetable $ Stir-Fry $ Vegetarian $ Pear $ Noodle $ Sesame $ Gourmet $ Asian $ 
https://www.epicurious.com/recipes/food/views/sea-bass-with-gingered-vegetable-stir-fry-1985,Sea Bass with Gingered Vegetable Stir-Fry ,"1 1/4 cups canned low-salt chicken broth $ 1 tablespoon cornstarch $ 3 tablespoons soy sauce $ 2 tablespoons balsamic vinegar $ 2 tablespoons sake $ 1 1/2 tablespoons oriental sesame oil $ 2 teaspoons sugar $ 8 6-to 8-ounce sea bass fillets $ 1/3 cup sake $ 1/4 cup soy sauce $ 4 tablespoons vegetable oil $ 6 tablespoons minced peeled fresh ginger $ 2 large carrots, cut into 2-inch-long matchstick-size strips $ 6 to 8 ounces fresh shiitake mushrooms, stemmed, caps thinly sliced $ 6 green onions, cut into 2-inch-long matchstick-size strips $ ",Fish $ Ginger $ Mushroom $ Vegetable $ Bake $ Stir-Fry $ Dinner $ Bon Appétit $ ,Asian $ ,3.5/4,25,Fish $ Ginger $ Mushroom $ Vegetable $ Bake $ Stir-Fry $ Dinner $ Bon Appétit $ Asian $ 
https://www.epicurious.com/recipes/food/views/broiled-salmon-with-orange-miso-glaze-106110,Broiled Salmon with Orange-Miso Glaze ,1/3 cup yellow miso (fermented soybean paste)* $ 2 tablespoons orange juice $ 1 tablespoon mirin (sweet Japanese rice wine)* $ 2 teaspoons soy sauce $ 1 teaspoon dark brown sugar $ 1 teaspoon grated orange peel $ 6 6-ounce salmon fillets (each about 1 1/2 inches thick) $ Finely chopped green onions $ ,Fish $ Broil $ Dinner $ Orange $ Salmon $ Bon Appétit $ Sugar Conscious $ Pescatarian $ Dairy Free $ Peanut Free $ Tree Nut Free $ ,Asian $ Japanese $ ,3/4,41,Fish $ Broil $ Dinner $ Orange $ Salmon $ Bon Appétit $ Sugar Conscious $ Pescatarian $ Dairy Free $ Peanut Free $ Tree Nut Free $ Asian $ Japanese $ 
https://www.epicurious.com/recipes/food/views/asparagus-with-wasabi-mayonnaise-dip-105106,Asparagus with Wasabi-Mayonnaise Dip ,"3 lb thin to medium asparagus, trimmed $ 1 cup mayonnaise $ 4 teaspoons soy sauce $ 1 1/2 teaspoons sugar $ 2 teaspoons fresh lemon juice $ 2 teaspoons wasabi paste $ ",Mayonnaise $ Wasabi $ Asparagus $ Spring $ Gourmet $ ,Asian $ ,3.5/4,108,Mayonnaise $ Wasabi $ Asparagus $ Spring $ Gourmet $ Asian $ 
https://www.epicurious.com/recipes/food/views/soba-noodle-salad-with-cucumber-and-mango-109064,Soba Noodle Salad with Cucumber and Mango ,"3/4 cup rice vinegar $ 1/4 cup sugar $ 3/4 teaspoon salt $ 3 large garlic cloves, chopped $ 1 red jalapeño or serrano chile, seeded, chopped $ 3 tablespoons fresh lime juice $ 1 tablespoon oriental sesame oil $ 1 1/2 teaspoons grated lime peel $ 12 ounces green soba or chuka soba (Japanese-style) noodles $ 1 large English hothouse cucumber, halved lengthwise, thinly sliced crosswise $ 1 large ripe mango, peeled, halved, pitted, thinly sliced crosswise $ 1 cup chopped fresh basil $ 1 cup chopped fresh mint $ 1 cup chopped toasted salted peanuts $ Lime wedges $ ",Salad $ Fruit $ Pasta $ Vegetable $ Appetizer $ Super Bowl $ Mango $ Cucumber $ Winter $ Party $ Bon Appétit $ Vegan $ Vegetarian $ Pescatarian $ Dairy Free $ Wheat/Gluten-Free $ Tree Nut Free $ Soy Free $ Kosher $ ,American $ Asian $ Japanese $ ,3.5/4,30,Salad $ Fruit $ Pasta $ Vegetable $ Appetizer $ Super Bowl $ Mango $ Cucumber $ Winter $ Party $ Bon Appétit $ Vegan $ Vegetarian $ Pescatarian $ Dairy Free $ Wheat/Gluten-Free $ Tree Nut Free $ Soy Free $ Kosher $ American $ Asian $ Japanese $ 
https://www.epicurious.com/recipes/food/views/stir-fried-sesame-asparagus-103789,Stir-Fried Sesame Asparagus ,"2 tablespoons soy sauce $ 2 teaspoons sugar $ 2 tablespoons oriental sesame oil $ 2 large garlic cloves, chopped $ 2 pounds asparagus, ends trimmed, cut on diagonal into 2-inch-long pieces $ 4 teaspoons sesame seeds $ ",Vegetable $ Side $ Stir-Fry $ Quick & Easy $ Asparagus $ Spring $ Sesame $ Soy Sauce $ Bon Appétit $ New York $ Vegan $ Vegetarian $ Pescatarian $ Dairy Free $ Peanut Free $ Tree Nut Free $ Kosher $ ,Asian $ ,3.5/4,104,Vegetable $ Side $ Stir-Fry $ Quick & Easy $ Asparagus $ Spring $ Sesame $ Soy Sauce $ Bon Appétit $ New York $ Vegan $ Vegetarian $ Pescatarian $ Dairy Free $ Peanut Free $ Tree Nut Free $ Kosher $ Asian $ 
https://www.epicurious.com/recipes/food/views/asian-style-corn-avocado-and-sesame-salsa-106970,"Asian-Style Corn, Avocado, and Sesame Salsa ","2 ears fresh corn, husked $ 3 teaspoons oriental sesame oil $ 3 tablespoons unseasoned rice vinegar $ 2 large green onions, chopped $ 2 tablespoons toasted sesame seeds $ 3/4 teaspoon hot chili paste (such as sambal oelek)* $ 1 garlic clove, minced $ 1 avocado, halved, pitted, peeled, diced $ ",Condiment/Spread $ Sauce $ Backyard BBQ $ Avocado $ Corn $ Summer $ Grill $ Grill/Barbecue $ Healthy $ Sesame $ Bon Appétit $ ,Asian $ ,4/4,11,Condiment/Spread $ Sauce $ Backyard BBQ $ Avocado $ Corn $ Summer $ Grill $ Grill/Barbecue $ Healthy $ Sesame $ Bon Appétit $ Asian $ 
https://www.epicurious.com/recipes/food/views/shrimp-dumplings-104212,Shrimp Dumplings ,"8 ounces medium shrimp, shelled and deveined $ 3 1/2 teaspoons plus 1/4 cup cornstarch $ 1/2 teaspoon salt $ 1/2 large egg white, beaten $ 1 teaspoon thin soy sauce $ 1 teaspoon Shao Hsing rice cooking wine $ 3/4 teaspoon sesame oil $ 1/4 teaspoon sugar $ 1/4 teaspoon ground white pepper $ 1/2 cup canned shredded bamboo shoots, rinsed and finely chopped $ 1 tablespoon finely minced bacon fat $ 1 1/2 cups wheat starch (dung fun) $ 1 tablespoon vegetable oil $ 8 large, flat, Napa cabbage leaves, about 1 pound $ ",Appetizer $ Steam $ Shrimp $ Cabbage $ Sugar Conscious $ Dairy Free $ Peanut Free $ Tree Nut Free $ ,Asian $ Chinese $ ,3/4,9,Appetizer $ Steam $ Shrimp $ Cabbage $ Sugar Conscious $ Dairy Free $ Peanut Free $ Tree Nut Free $ Asian $ Chinese $ 
https://www.epicurious.com/recipes/food/views/master-stock-chicken-109290,Master Stock Chicken ,"One 1.6 kg (3 1/2 pound) corn-fed (or organic, free-range) chicken, left whole $ 1.5 litres (6 cups) water $ 250 ml (1 cup) light soy sauce $ 250 ml (1 cup) shaohsing wine $ 150 g (2/3 cup) yellow rock (or light brown) sugar $ 1 large knob ginger, peeled and sliced $ 3 cloves garlic, sliced $ 4 star anise $ 2 sticks cinnamon $ 3 pieces dried mandarin peel $ Ginger and Shallot Oil $ Black Vinegar and Ginger Sauce $ Bean Paste Sauce $ ",Wine $ Chicken $ Ginger $ Anise $ Cinnamon $ Soy Sauce $ Simmer $ ,Asian $ ,3/4,1,Wine $ Chicken $ Ginger $ Anise $ Cinnamon $ Soy Sauce $ Simmer $ Asian $ 
https://www.epicurious.com/recipes/food/views/asian-barbecue-sauce-106591,Asian Barbecue Sauce ,"6 tablespoons hoisin sauce* $ 2 tablespoons rice vinegar (not seasoned) $ 1 tablespoon Asian fish sauce $ 1 tablespoon soy sauce $ 1 tablespoon honey $ 1/3 cup minced shallot $ 2 garlic cloves, minced $ 1 tablespoon minced peeled fresh ginger $ 1/8 teaspoon Chinese five-spice powder $ 1/3 cup sugar $ ",Condiment/Spread $ Sauce $ Ginger $ No-Cook $ Quick & Easy $ Summer $ Grill/Barbecue $ Honey $ Shallot $ Gourmet $ ,American $ Asian $ Chinese $ ,4/4,28,Condiment/Spread $ Sauce $ Ginger $ No-Cook $ Quick & Easy $ Summer $ Grill/Barbecue $ Honey $ Shallot $ Gourmet $ American $ Asian $ Chinese $ 
https://www.epicurious.com/recipes/food/views/red-curry-shrimp-108616,Red Curry Shrimp ,"1 tablespoon red curry paste $ 1 13.5-ounce can unsweetened coconut milk $ 1 8-ounce bottle clam juice $ 1 1/4 pounds uncooked large shrimp, peeled, deveined $ 1/3 cup chopped fresh cilantro $ 1 lime, cut into 8 wedges $ ",Low Carb $ Quick & Easy $ Coconut $ Shrimp $ Curry $ Cilantro $ Simmer $ Bon Appétit $ ,Asian $ Thai $ ,3/4,62,Low Carb $ Quick & Easy $ Coconut $ Shrimp $ Curry $ Cilantro $ Simmer $ Bon Appétit $ Asian $ Thai $ 
https://www.epicurious.com/recipes/food/views/new-years-cake-neen-gow-100770,New Year's Cake (Neen Gow) ,"3 Chinese dried red dates $ 5 slabs brown candy (peen tong), about 11 ounces $ 3 teaspoons vegetable oil $ 7 cups glutinous rice flour $ 1 tablespoon white sesame seeds $ 1 large egg $ vegetable oil, for pan-frying $ ",Cake $ Wok $ Dessert $ Steam $ Lunar New Year $ Dried Fruit $ Winter $ Pan-Fry $ Sesame $ Sugar Conscious $ Kidney Friendly $ Vegetarian $ Pescatarian $ Dairy Free $ Wheat/Gluten-Free $ Peanut Free $ Tree Nut Free $ Soy Free $ No Sugar Added $ Kosher $ ,Asian $ Chinese $ ,3/4,10,Cake $ Wok $ Dessert $ Steam $ Lunar New Year $ Dried Fruit $ Winter $ Pan-Fry $ Sesame $ Sugar Conscious $ Kidney Friendly $ Vegetarian $ Pescatarian $ Dairy Free $ Wheat/Gluten-Free $ Peanut Free $ Tree Nut Free $ Soy Free $ No Sugar Added $ Kosher $ Asian $ Chinese $ 
https://www.epicurious.com/recipes/food/views/three-pea-stir-fry-107988,Three Pea Stir-Fry ,"1 tablespoon vegetable oil $ 1 large garlic clove, minced $ 1 tablespoon finely chopped peeled fresh ginger $ 1/4 teaspoon dried hot red pepper flakes $ 6 oz sugar snap peas, trimmed and cut diagonally into 1-inch pieces $ 6 oz snow peas, trimmed and cut diagonally into 1-inch pieces $ 1 cup frozen green peas $ 1 teaspoon soy sauce $ 1 teaspoon Asian sesame oil $ 1 tablespoon sesame seeds, toasted $ ",Ginger $ Side $ Stir-Fry $ Vegetarian $ Quick & Easy $ Pea $ Sugar Snap Pea $ Gourmet $ Vegan $ Pescatarian $ Dairy Free $ Peanut Free $ Tree Nut Free $ No Sugar Added $ Kosher $ ,Asian $ ,3.5/4,10,Ginger $ Side $ Stir-Fry $ Vegetarian $ Quick & Easy $ Pea $ Sugar Snap Pea $ Gourmet $ Vegan $ Pescatarian $ Dairy Free $ Peanut Free $ Tree Nut Free $ No Sugar Added $ Kosher $ Asian $ 
https://www.epicurious.com/recipes/food/views/red-cooked-chicken-103820,Red-Cooked Chicken ,"2 lb skinless boneless chicken thighs, trimmed $ 1 cup water $ 1/4 cup soy sauce $ 1/4 cup sugar $ 3 tablespoons medium-dry Sherry $ 2 (1/4-inch-thick) slices fresh ginger, smashed $ 2 whole star anise $ 2 teaspoons cornstarch dissolved in 2 teaspoons cold water $ 2 scallions, chopped $ ",Chicken $ Ginger $ Poultry $ Braise $ Dinner $ Spice $ Soy Sauce $ Gourmet $ ,Asian $ Chinese $ ,2.5/4,19,Chicken $ Ginger $ Poultry $ Braise $ Dinner $ Spice $ Soy Sauce $ Gourmet $ Asian $ Chinese $ 
https://www.epicurious.com/recipes/food/views/pan-asian-grilled-steak-salad-103772,Pan-Asian Grilled Steak Salad ,2 tablespoons plus 4 teaspoons purchased teriyaki sauce $ 1 8- to 10-ounce sirloin steak (about 1 inch thick) $ 3 tablespoons peanut oil $ 2 tablespoons fresh lime juice $ 1 tablespoon dark brown sugar $ 1/2 teaspoon grated lime peel $ 2 cups shredded Napa or other green cabbage $ 1/2 cup very thinly sliced red onion $ 2 tablespoons slivered fresh mint $ ,Beef $ Onion $ Quick & Easy $ Dinner $ Lunch $ Mint $ Meat $ Steak $ Summer $ Grill $ Grill/Barbecue $ Cabbage $ Party $ Bon Appétit $ Dairy Free $ Tree Nut Free $ Soy Free $ ,Asian $ ,3.5/4,18,Beef $ Onion $ Quick & Easy $ Dinner $ Lunch $ Mint $ Meat $ Steak $ Summer $ Grill $ Grill/Barbecue $ Cabbage $ Party $ Bon Appétit $ Dairy Free $ Tree Nut Free $ Soy Free $ Asian $ 
https://www.epicurious.com/recipes/food/views/sesame-wonton-crisps-103045,Sesame Wonton Crisps ,"1 cup sesame seeds, toasted $ 1 tablespoon coarse salt $ 1 teaspoon sugar $ 1/2 teaspoon cayenne $ 5 tablespoons water $ 2 tablespoons cornstarch $ 5 cups vegetable oil $ 40 won ton wrappers $ ",Side $ Fry $ Cocktail Party $ Vegetarian $ Deep-Fry $ Party $ Sesame $ Gourmet $ Sugar Conscious $ Kidney Friendly $ Vegan $ Pescatarian $ Dairy Free $ Wheat/Gluten-Free $ Peanut Free $ Tree Nut Free $ Soy Free $ Kosher $ ,Asian $ ,3.5/4,5,Side $ Fry $ Cocktail Party $ Vegetarian $ Deep-Fry $ Party $ Sesame $ Gourmet $ Sugar Conscious $ Kidney Friendly $ Vegan $ Pescatarian $ Dairy Free $ Wheat/Gluten-Free $ Peanut Free $ Tree Nut Free $ Soy Free $ Kosher $ Asian $ 
https://www.epicurious.com/recipes/food/views/spicy-pork-soup-103485,Spicy Pork Soup ,"1 tablespoon oriental sesame oil $ 1/2 pound pork tenderloin, cut into thin 1 1/2-inch-long strips $ 5 green onions, thinly sliced on diagonal $ 1 tablespoon minced peeled fresh ginger $ 4 cups canned low-salt chicken broth $ 4 1/2 ounces (half of 9-ounce package) fresh linguine, cut in half $ 1 1/2 cups mung bean sprouts (about 4 ounces) $ 3 tablespoons soy sauce $ Cayenne pepper $ ",Soup/Stew $ Ginger $ Onion $ Pasta $ Pork $ Stir-Fry $ Lunch $ Pork Tenderloin $ Winter $ Sesame $ Simmer $ Bon Appétit $ Los Angeles $ California $ Sugar Conscious $ Dairy Free $ Peanut Free $ Tree Nut Free $ No Sugar Added $ ,American $ Asian $ ,3/4,22,Soup/Stew $ Ginger $ Onion $ Pasta $ Pork $ Stir-Fry $ Lunch $ Pork Tenderloin $ Winter $ Sesame $ Simmer $ Bon Appétit $ Los Angeles $ California $ Sugar Conscious $ Dairy Free $ Peanut Free $ Tree Nut Free $ No Sugar Added $ American $ Asian $ 
https://www.epicurious.com/recipes/food/views/spinach-with-bamboo-shoots-104616,Spinach with Bamboo Shoots ,"1 lb. fresh spinach $ 1/2 cup peanut, vegetable, or corn oil $ 1/4 cup finely shredded bamboo shoots $ 1 1/2 teaspoons salt $ 2 teaspoons sugar $ ",Wok $ Leafy Green $ Vegetable $ Side $ Stir-Fry $ Vegetarian $ Spinach $ Winter $ Vegan $ Sugar Conscious $ Pescatarian $ Dairy Free $ Wheat/Gluten-Free $ Tree Nut Free $ Soy Free $ Kosher $ ,Asian $ Chinese $ ,2.5/4,9,Wok $ Leafy Green $ Vegetable $ Side $ Stir-Fry $ Vegetarian $ Spinach $ Winter $ Vegan $ Sugar Conscious $ Pescatarian $ Dairy Free $ Wheat/Gluten-Free $ Tree Nut Free $ Soy Free $ Kosher $ Asian $ Chinese $ 
https://www.epicurious.com/recipes/food/views/shrimp-rice-paper-rolls-with-vietnamese-dipping-sauce-107683,Shrimp Rice-Paper Rolls with Vietnamese Dipping Sauce ,"1/2 cup fresh lime juice $ 1/4 cup sugar $ 3 tablespoons fermented fish sauce (nam pla)* $ 1 tablespoon unseasoned rice vinegar $ 1 tablespoon chopped fresh cilantro $ 2 garlic cloves $ 1 teaspoon minced jalapeño chili with seeds $ 1 1/2 tablespoons olive oil $ 6 ounces fresh shiitake mushrooms, stemmed, caps thinly sliced $ 4 ounces dried thin Chinese rice sticks (maifun)* $ 12 8- to- 9-inch round rice-paper sheets* $ 1 cup fresh mint leaves $ 1 cup fresh cilantro leaves $ 1 cup small fresh basil leaves $ 1 cup finely shredded iceberg lettuce or green cabbage $ 1 cup mung bean sprouts or daikon (Japanese white radish) sprouts $ 1 cup matchstick-size strips seeded English hothouse cucumber $ 1 cup matchstick-size strips peeled carrot or jicama $ 8 ounces cooked peeled deveined medium shrimp, cut lengthwise in half $ ",Mushroom $ Shellfish $ Appetizer $ Sauté $ Shrimp $ Cucumber $ Winter $ Jalapeño $ Bon Appétit $ Sugar Conscious $ Kidney Friendly $ Pescatarian $ Dairy Free $ Wheat/Gluten-Free $ Peanut Free $ Tree Nut Free $ Soy Free $ ,Asian $ Vietnamese $ ,3.5/4,51,Mushroom $ Shellfish $ Appetizer $ Sauté $ Shrimp $ Cucumber $ Winter $ Jalapeño $ Bon Appétit $ Sugar Conscious $ Kidney Friendly $ Pescatarian $ Dairy Free $ Wheat/Gluten-Free $ Peanut Free $ Tree Nut Free $ Soy Free $ Asian $ Vietnamese $ 
https://www.epicurious.com/recipes/food/views/singapore-shrimp-stir-fry-5858,Singapore Shrimp Stir-Fry ,"2 tablespoons Thai oil or other flavored cooking oil $ 10 ounces uncooked medium shrimp, peeled, deveined $ 1 8-ounce package mixed stir-fry vegetables (including snow peas, carrots, onion and celery; about 3 cups) $ 2/3 cup canned unsweetened coconut milk $ 2 tablespoons ginger-flavored or spicy soy sauce $ 1 teaspoon Thai red or green curry paste $ Chopped green onions $ ",Wok $ Vegetable $ Stir-Fry $ Quick & Easy $ Coconut $ Shrimp $ Curry $ Bon Appétit $ ,Asian $ Thai $ ,3/4,44,Wok $ Vegetable $ Stir-Fry $ Quick & Easy $ Coconut $ Shrimp $ Curry $ Bon Appétit $ Asian $ Thai $ 
https://www.epicurious.com/recipes/food/views/yu-bos-shiitake-mushrooms-with-scallions-107965,Yu Bo's Shiitake Mushrooms with Scallions ,"1 tablespoon peanut oil $ 1/4 lb sliced bacon, cut crosswise into 2 1/2-inch pieces $ 12 scallions (white and pale green parts only), crushed with side of a heavy knife and coarsely chopped $ 4 large garlic cloves, thinly sliced $ 2 cups chicken broth (16 fl oz) $ 1/2 teaspoon salt $ 1/4 teaspoon white pepper $ 1 lb fresh shiitake mushrooms, stems discarded $ ",Wok $ Garlic $ Mushroom $ Onion $ Appetizer $ Stir-Fry $ Quick & Easy $ Bacon $ Gourmet $ Dairy Free $ Wheat/Gluten-Free $ Tree Nut Free $ Soy Free $ No Sugar Added $ ,Asian $ ,3.5/4,2,Wok $ Garlic $ Mushroom $ Onion $ Appetizer $ Stir-Fry $ Quick & Easy $ Bacon $ Gourmet $ Dairy Free $ Wheat/Gluten-Free $ Tree Nut Free $ Soy Free $ No Sugar Added $ Asian $ 
https://www.epicurious.com/recipes/food/views/red-snapper-with-spicy-soy-glaze-on-sauteed-vegetables-and-sweet-potatoes-14713,Red Snapper with Spicy Soy Glaze on Sauteed Vegetables and Sweet Potatoes ,2 medium carrots $ 1 yellow bell pepper $ 3 ounces snow peas (about 3/4 cup) $ 1 cup fresh coriander sprigs $ a 3/4-pound sweet potato $ 3/4 cup Spicy Soy Glaze $ 2 teaspoons vegetable oil $ four 4-ounce red snapper or grouper fillets with skin $ 2 cups thinly sliced Napa cabbage $ 1/4 cup thinly sliced red onion $ 1 tablespoon seasoned rice vinegar $ Garnish: lime wedges $ ,Fish $ Herb $ Onion $ Bake $ Low Fat $ Sweet Potato/Yam $ Winter $ Gourmet $ ,Asian $ ,3.5/4,29,Fish $ Herb $ Onion $ Bake $ Low Fat $ Sweet Potato/Yam $ Winter $ Gourmet $ Asian $ 
https://www.epicurious.com/recipes/food/views/shrimp-dumplings-100635,Shrimp Dumplings ,"1/2 pound shrimp (about 8 large) $ 1/2 cup drained canned water chestnuts $ 2 scallions $ 1 large egg white $ 1 tablespoon grated peeled fresh gingerroot $ 3 tablespoons soy sauce $ 14 won ton wrappers, thawed if frozen $ 1/2 teaspoon sugar $ 2 tablespoons vegetable oil $ 3/4 cup boiling-hot water $ ",Ginger $ Shellfish $ Appetizer $ Sauté $ Steam $ Quick & Easy $ Chestnut $ Soy Sauce $ Gourmet $ Sugar Conscious $ Pescatarian $ Dairy Free $ Peanut Free $ ,Asian $ ,3.5/4,23,Ginger $ Shellfish $ Appetizer $ Sauté $ Steam $ Quick & Easy $ Chestnut $ Soy Sauce $ Gourmet $ Sugar Conscious $ Pescatarian $ Dairy Free $ Peanut Free $ Asian $ 
https://www.epicurious.com/recipes/food/views/sesame-chicken-and-shiitake-stir-fry-107007,Sesame Chicken and Shiitake Stir-Fry ,"1 1/2 pounds skinless boneless chicken breasts (4 halves), cut crosswise into 1/4-inch-thick slices $ 2 tablespoons water $ 2 tablespoons rice vinegar (not seasoned) $ 2 tablespoons soy sauce $ 2 teaspoons sugar $ 1/2 teaspoon dried hot red pepper flakes $ 3 tablespoons vegetable oil $ 1 large onion, halved lengthwise, then thinly sliced lengthwise $ 3/4 pound fresh shiitake mushrooms, stems discarded and caps quartered $ 1 1/4 cups frozen peas, thawed $ 2 tablespoons sesame seeds, toasted $ Accompaniment: steamed rice $ ",Wok $ Chicken $ Mushroom $ Vegetable $ Stir-Fry $ Quick & Easy $ Pea $ Soy Sauce $ Gourmet $ ,American $ Asian $ Chinese $ ,2.5/4,15,Wok $ Chicken $ Mushroom $ Vegetable $ Stir-Fry $ Quick & Easy $ Pea $ Soy Sauce $ Gourmet $ American $ Asian $ Chinese $ 
https://www.epicurious.com/recipes/food/views/baked-pork-ribs-with-hoisin-barbecue-sauce-106842,Baked Pork Ribs with Hoisin Barbecue Sauce ,4 pounds baby back pork ribs $ 1 teaspoon Chinese five-spice powder $ 1 teaspoon onion powder $ 1 cup hoisin sauce $ 1/2 cup bottled chili sauce $ 1/4 cup Sherry $ 4 teaspoons chili-garlic sauce $ 1 tablespoon minced peeled fresh ginger $ 1 tablespoon oriental sesame oil $ ,Pork $ Bake $ Marinate $ Quick & Easy $ Dinner $ Pork Rib $ Summer $ Bon Appétit $ Dairy Free $ Peanut Free $ Tree Nut Free $ ,American $ Asian $ Chinese $ ,3.5/4,46,Pork $ Bake $ Marinate $ Quick & Easy $ Dinner $ Pork Rib $ Summer $ Bon Appétit $ Dairy Free $ Peanut Free $ Tree Nut Free $ American $ Asian $ Chinese $ 
https://www.epicurious.com/recipes/food/views/oven-roasted-sea-bass-with-ginger-and-lime-sauce-5919,Oven-Roasted Sea Bass with Ginger and Lime Sauce ,2 tablespoons fresh lime juice $ 1 1/2 tablespoons soy sauce $ 1 tablespoon chopped fresh cilantro $ 1 tablespoon chopped peeled fresh ginger $ 1 tablespoon minced shallot $ 5 teaspoons light or regular olive oil $ 2 6-ounce sea bass fillets (each about 3/4 inch thick) $ ,Citrus $ Ginger $ Roast $ Low Carb $ Quick & Easy $ Lime $ Bass $ Healthy $ Bon Appétit $ ,Asian $ ,3.5/4,106,Citrus $ Ginger $ Roast $ Low Carb $ Quick & Easy $ Lime $ Bass $ Healthy $ Bon Appétit $ Asian $ 
https://www.epicurious.com/recipes/food/views/scallops-with-asian-noodle-salad-107069,Scallops with Asian Noodle Salad ,"4 ounces bean thread noodles (cellophane noodles)* $ 4 ounces snow peas, thinly sliced on diagonal (about 1 1/3 cups) $ 1 cup bean sprouts $ 1 cup matchstick-size strips seeded peeled cucumber $ 1/4 cup chopped fresh mint $ 1/4 cup chopped fresh basil $ 1/4 cup chopped fresh cilantro $ 1/4 cup chopped roasted salted peanuts $ 2 tablespoons finely shredded carrot $ 1/3 cup water $ 1/4 cup Thai fish sauce (nam pla)* $ 3 tablespoons sugar $ 2 tablespoons fresh lime juice $ 1 garlic clove, minced $ 1 teaspoon minced serrano chili $ 1 teaspoon chili-garlic sauce* $ 1 pound sea scallops $ 1/2 teaspoon sugar $ 2 tablespoons vegetable oil $ 2 shallots, thinly sliced $ 1 tablespoon finely chopped lemongrass* $ 1 large garlic clove, chopped $ ",Salad $ Pasta $ Sauté $ Mint $ Basil $ Peanut $ Scallop $ Hot Pepper $ Lemongrass $ Bon Appétit $ ,Asian $ Thai $ ,3.5/4,34,Salad $ Pasta $ Sauté $ Mint $ Basil $ Peanut $ Scallop $ Hot Pepper $ Lemongrass $ Bon Appétit $ Asian $ Thai $ 
https://www.epicurious.com/recipes/food/views/banana-fritters-with-honey-and-ice-cream-105563,Banana Fritters with Honey and Ice Cream ,1 cup warm water (105°F to 115°F) $ 1 large egg $ 2 tablespoons vegetable oil $ 1 teaspoon dry yeast $ 1 cup all purpose flour $ 1/2 cup sweetened shredded coconut $ 1 tablespoon sesame seeds $ 1/4 teaspoon ground nutmeg $ 4 large bananas $ Vegetable oil (for frying) $ Honey $ Vanilla ice cream $ ,Dessert $ Fry $ Banana $ Coconut $ Summer $ Honey $ Bon Appétit $ Vegetarian $ Pescatarian $ Peanut Free $ Tree Nut Free $ Soy Free $ Kosher $ ,Asian $ ,3.5/4,6,Dessert $ Fry $ Banana $ Coconut $ Summer $ Honey $ Bon Appétit $ Vegetarian $ Pescatarian $ Peanut Free $ Tree Nut Free $ Soy Free $ Kosher $ Asian $ 
https://www.epicurious.com/recipes/food/views/fried-rice-with-peppers-onions-and-shiitake-mushrooms-104146,"Fried Rice with Peppers, Onions and Shiitake Mushrooms ","1 1/2 cups water $ 1/2 teaspoon salt $ 3/4 cup long-grain white rice $ 2 1/2 tablespoons vegetable oil $ 2 large eggs, beaten to blend $ 8 ounces fresh shiitake mushrooms, stems removed, caps sliced $ 1 large red or yellow bell pepper, thinly sliced $ 2 teaspoons minced peeled fresh ginger $ 2 green onions, chopped $ 1 tablespoon (or more) soy sauce $ ",Mushroom $ Onion $ Rice $ Side $ Sauté $ Bell Pepper $ Bon Appétit $ Sugar Conscious $ Vegetarian $ Pescatarian $ Wheat/Gluten-Free $ Peanut Free $ Tree Nut Free $ Soy Free $ No Sugar Added $ Kosher $ ,Asian $ ,2.5/4,8,Mushroom $ Onion $ Rice $ Side $ Sauté $ Bell Pepper $ Bon Appétit $ Sugar Conscious $ Vegetarian $ Pescatarian $ Wheat/Gluten-Free $ Peanut Free $ Tree Nut Free $ Soy Free $ No Sugar Added $ Kosher $ Asian $ 
https://www.epicurious.com/recipes/food/views/asian-chicken-salad-108162,Asian Chicken Salad ,"1/4 cup soy sauce $ 2 tablespoons seasoned rice vinegar $ 2 tablespoons vegetable oil $ 1 tablespoon Asian sesame oil $ 1 tablespoon Dijon mustard $ 1 tablespoon finely grated peeled fresh ginger $ 1 teaspoon dried hot red pepper flakes $ 4 cups coarsely shredded cooked chicken (about 1 pound) $ 1/2 pound Napa cabbage, cut into 1-inch pieces (3 1/2 cups) $ 1/4 pound snow peas, cut diagonally into 1-inch pieces $ 1 seedless cucumber (usually plastic-wrapped), quartered lengthwise and cut into 1/2-inch pieces $ 3 scallions, finely chopped $ 1/2 cup chopped fresh cilantro $ ",Salad $ Chicken $ Ginger $ No-Cook $ Quick & Easy $ Lunch $ Cucumber $ Summer $ Healthy $ Cabbage $ Sesame $ Cilantro $ Soy Sauce $ Gourmet $ Sugar Conscious $ Dairy Free $ Peanut Free $ Tree Nut Free $ No Sugar Added $ Kosher $ ,Asian $ ,3/4,53,Salad $ Chicken $ Ginger $ No-Cook $ Quick & Easy $ Lunch $ Cucumber $ Summer $ Healthy $ Cabbage $ Sesame $ Cilantro $ Soy Sauce $ Gourmet $ Sugar Conscious $ Dairy Free $ Peanut Free $ Tree Nut Free $ No Sugar Added $ Kosher $ Asian $ 
https://www.epicurious.com/recipes/food/views/vegetable-stir-fry-with-tofu-103892,Vegetable Stir-Fry with Tofu ,"6 tablespoons olive oil $ 8 ounces firm tofu, well drained, cut into 1/2-inch cubes $ 2 tablespoons minced peeled fresh ginger $ 3 garlic cloves, minced $ 1 pound fresh shiitake mushrooms, stems trimmed, caps sliced $ 2 cups broccoli florets $ 2 red bell peppers, cut into strips $ 2 bunches green onions, cut into 1-inch pieces $ 1/2 cup sake or dry white wine $ 1/4 cup soy sauce $ 1 tablespoon oriental sesame oil $ ",Wok $ Mushroom $ Pepper $ Soy $ Vegetable $ Stir-Fry $ Vegetarian $ Dinner $ Tofu $ Broccoli $ Bell Pepper $ Sake $ Fall $ Sesame $ Soy Sauce $ Bon Appétit $ Vegan $ Pescatarian $ Dairy Free $ Peanut Free $ Tree Nut Free $ Kosher $ ,Asian $ ,3/4,22,Wok $ Mushroom $ Pepper $ Soy $ Vegetable $ Stir-Fry $ Vegetarian $ Dinner $ Tofu $ Broccoli $ Bell Pepper $ Sake $ Fall $ Sesame $ Soy Sauce $ Bon Appétit $ Vegan $ Pescatarian $ Dairy Free $ Peanut Free $ Tree Nut Free $ Kosher $ Asian $ 
https://www.epicurious.com/recipes/food/views/spicy-hoisin-chicken-108096,Spicy Hoisin Chicken ,"1/2 cup hoisin sauce $ 1 teaspoon finely grated peeled fresh ginger $ 4 garlic cloves, minced $ 1/2 teaspoon dried hot red pepper flakes $ 1/2 teaspoon Asian sesame oil $ 1 tablespoon soy sauce $ 1 tablespoon rice vinegar (not seasoned) $ 8 chicken thighs with skin and bones (2 3/4 pounds) $ ",Chicken $ Ginger $ Roast $ Quick & Easy $ Sesame $ Soy Sauce $ Gourmet $ ,Asian $ Chinese $ ,3.5/4,112,Chicken $ Ginger $ Roast $ Quick & Easy $ Sesame $ Soy Sauce $ Gourmet $ Asian $ Chinese $ 
https://www.epicurious.com/recipes/food/views/smoked-salmon-watercress-and-daikon-salad-with-ginger-vinaigrette-12374,"Smoked Salmon, Watercress, and Daikon Salad with Ginger Vinaigrette ","a 1-to 2-inch length of fresh gingerroot $ 1-1/2 tablespoons rice vinegar (available at Asian markets and some supermarkets) $ 1/4 cup vegetable oil $ a pinch of sugar $ 3 cups loosely packed watercress sprigs, rinsed and spun dry $ 1/4 pound (about a 4-inch length) daikon (Oriental white radish), peeled and sliced into paper-thin rounds $ 1/4 pound smoked salmon, sliced thin $ ",Salad $ Ginger $ Quick & Easy $ Wheat/Gluten-Free $ Salmon $ Root Vegetable $ Summer $ Watercress $ Gourmet $ ,Asian $ ,2.5/4,3,Salad $ Ginger $ Quick & Easy $ Wheat/Gluten-Free $ Salmon $ Root Vegetable $ Summer $ Watercress $ Gourmet $ Asian $ 
https://www.epicurious.com/recipes/food/views/chinese-cabbage-salad-2819,Chinese Cabbage Salad ,"2 cups shredded green cabbage $ 2 cups shredded red cabbage $ 1 medium onion, thinly sliced $ 5 tablespoons low-sodium soy sauce $ 1/4 cup rice vinegar $ 2 large garlic cloves, minced $ 1 tablespoon sugar $ 1/2 teaspoon ground ginger $ 1/4 teaspoon dried crushed red pepper $ ",Salad $ Vegetable $ Side $ Marinate $ No-Cook $ Vegetarian $ Low Cal $ Vinegar $ Healthy $ Vegan $ Cabbage $ Bon Appétit $ Fat Free $ Pescatarian $ Dairy Free $ Peanut Free $ Tree Nut Free $ Kosher $ ,Asian $ Chinese $ ,2.5/4,6,Salad $ Vegetable $ Side $ Marinate $ No-Cook $ Vegetarian $ Low Cal $ Vinegar $ Healthy $ Vegan $ Cabbage $ Bon Appétit $ Fat Free $ Pescatarian $ Dairy Free $ Peanut Free $ Tree Nut Free $ Kosher $ Asian $ Chinese $ 
https://www.epicurious.com/recipes/food/views/chinese-sea-bass-1329,Chinese Sea Bass ,3/4 cup canned low-salt chicken broth $ 1 tablespoon cornstarch $ 1 tablespoon oriental sesame oil or vegetable oil $ 1 tablespoon minced garlic $ 1 tablespoon minced peeled fresh ginger $ 1 1/2 tablespoons cider vinegar $ 4 teaspoons soy sauce $ 1 teaspoon sugar $ 2 6-ounce sea bass fillets $ Cooked rice $ Chopped green onion tops $ ,Fish $ Broil $ Low Cal $ Spring $ Bon Appétit $ Maryland $ ,Asian $ Chinese $ ,3.5/4,18,Fish $ Broil $ Low Cal $ Spring $ Bon Appétit $ Maryland $ Asian $ Chinese $ 
https://www.epicurious.com/recipes/food/views/chinese-chicken-noodle-soup-with-sesame-and-green-onions-106192,Chinese Chicken Noodle Soup with Sesame and Green Onions ,"1 pound skinless boneless chicken breast halves, cut crosswise into thin strips $ 3 tablespoons soy sauce $ 2 tablespoons dry Sherry $ 2 tablespoons oriental sesame oil $ 3 garlic cloves, minced $ 3 tablespoons tahini (sesame seed paste)* $ 2 tablespoons minced peeled fresh ginger $ 1 tablespoon sugar $ 1 tablespoon seasoned rice vinegar $ 1 1/2 teaspoons chili-garlic sauce** $ 4 cups chopped Napa cabbage (from 1 head) $ 6 green onions, thinly sliced $ 8 cups canned low-salt chicken broth $ 1 14-ounce package fresh yakisoba noodles or Chinese pan-fry noodles $ 1/2 cup chopped fresh cilantro $ ",Soup/Stew $ Chicken $ Onion $ Pasta $ Poultry $ Dinner $ Lunch $ Winter $ Cabbage $ Noodle $ Sesame $ Bon Appétit $ Diabetes-Friendly $ ,Asian $ Chinese $ ,3.5/4,148,Soup/Stew $ Chicken $ Onion $ Pasta $ Poultry $ Dinner $ Lunch $ Winter $ Cabbage $ Noodle $ Sesame $ Bon Appétit $ Diabetes-Friendly $ Asian $ Chinese $ 
https://www.epicurious.com/recipes/food/views/soba-salad-106167,Soba Salad ,"6 oz soba (Japanese buckwheat noodles) $ 1 teaspoon Asian sesame oil $ 1 medium red bell pepper, cut lengthwise into thin strips $ 1/2 English cucumber (8 oz), seeded and cut into 1/8-inch-thick matchsticks $ 1/2 lb jicama (1/2 medium), peeled and cut into 1/8-inch-thick matchsticks $ 2 oz mizuma or chopped trimmed baby mustard greens (2 cups) $ 4 scallions, cut into 3-inch-long julienne strips $ 1 tablespoon seasoned rice vinegar $ 1/4 teaspoon salt $ ",Salad $ Leafy Green $ Pasta $ Side $ Picnic $ Vegetarian $ Lunch $ Cucumber $ Bell Pepper $ Winter $ Healthy $ Jícama $ Party $ Noodle $ Gourmet $ Sugar Conscious $ Vegan $ Pescatarian $ Dairy Free $ Wheat/Gluten-Free $ Peanut Free $ Tree Nut Free $ Soy Free $ No Sugar Added $ Kosher $ ,Asian $ Japanese $ ,3/4,16,Salad $ Leafy Green $ Pasta $ Side $ Picnic $ Vegetarian $ Lunch $ Cucumber $ Bell Pepper $ Winter $ Healthy $ Jícama $ Party $ Noodle $ Gourmet $ Sugar Conscious $ Vegan $ Pescatarian $ Dairy Free $ Wheat/Gluten-Free $ Peanut Free $ Tree Nut Free $ Soy Free $ No Sugar Added $ Kosher $ Asian $ Japanese $ 
https://www.epicurious.com/recipes/food/views/grilled-sea-bass-with-miso-mustard-sauce-105290,Grilled Sea Bass with Miso-Mustard Sauce ,"2 teaspoons water $ 1 teaspoon prepared Chinese-style hot mustard or Dijon mustard $ 1/3 cup white miso (fermented soybean paste)* $ 3 tablespoons rice vinegar $ 2 tablespoons mirin (sweet Japanese rice wine)** $ 4 teaspoons sugar $ 1 teaspoon soy sauce $ 4 5- to 6-ounce sea bass fillets $ 8 green onions, trimmed $ Olive oil $ Toasted sesame seeds $ ",Mustard $ Bass $ Summer $ Grill/Barbecue $ Bon Appétit $ ,Asian $ Japanese $ ,3/4,25,Mustard $ Bass $ Summer $ Grill/Barbecue $ Bon Appétit $ Asian $ Japanese $ 
https://www.epicurious.com/recipes/food/views/red-cooked-pork-with-frizzled-ginger-107593,Red-Cooked Pork with Frizzled Ginger ,"6 cups water $ 1 cup soy sauce $ 1 cup Chinese rice wine or medium-dry Sherry $ 1/2 cup Chinese rock sugar or packed light brown sugar $ 1 bunch scallions, white parts smashed and greens reserved $ 2 (1-inch-thick) pieces fresh ginger, smashed $ 2 garlic cloves, smashed $ 10 fresh cilantro stems (reserve leaves for garnish) $ 2 (4- by 1-inch) strips fresh orange zest $ 2 whole star anise $ 1 (5- to 6-lb) boneless pork butt, shoulder, or blade roast, tied $ 1 teaspoon finely grated fresh orange zest $ Accompaniment: frizzled ginger $ ",Ginger $ Pork $ Marinate $ Stew $ Quick & Easy $ Dinner $ Sherry $ Winter $ Simmer $ Gourmet $ Dairy Free $ Peanut Free $ Tree Nut Free $ ,Asian $ Chinese $ ,3.5/4,26,Ginger $ Pork $ Marinate $ Stew $ Quick & Easy $ Dinner $ Sherry $ Winter $ Simmer $ Gourmet $ Dairy Free $ Peanut Free $ Tree Nut Free $ Asian $ Chinese $ 
https://www.epicurious.com/recipes/food/views/warm-asian-style-slaw-103198,Warm Asian-Style Slaw ,"1 tablespoon soy sauce $ 1 tablespoon cider vinegar $ 2 teaspoons Asian sesame oil $ 1 1/2 teaspoons minced peeled fresh ginger $ 1 1/2 teaspoons Asian chile paste $ 1/4 cup creamy peanut butter $ 1 teaspoon sugar $ 1 tablespoon vegetable oil $ 2 medium carrots, cut into julienne strips $ 1/2 small head cabbage, cut into 1/4-inch-thick slices $ 1/2 large cucumber, seeded and cut into julienne strips $ ",Salad $ Ginger $ Vegetable $ Side $ Sauté $ Vegetarian $ Carrot $ Spring $ Cabbage $ Gourmet $ Vegan $ Pescatarian $ Dairy Free $ Tree Nut Free $ Kosher $ ,Asian $ ,3/4,21,Salad $ Ginger $ Vegetable $ Side $ Sauté $ Vegetarian $ Carrot $ Spring $ Cabbage $ Gourmet $ Vegan $ Pescatarian $ Dairy Free $ Tree Nut Free $ Kosher $ Asian $ 
https://www.epicurious.com/recipes/food/views/asian-style-cole-slaw-1538,Asian-Style Cole Slaw ,"2 1/2 cups thinly sliced cabbage $ 1/2 head radicchio, thinly sliced $ 1 large carrot, peeled, cut into matchstick-size strips $ 3 ounces snow peas, stringed, thinly sliced lengthwise $ 4 teaspoons seasoned rice vinegar $ 1 teaspoon dry mustard $ 1 teaspoon ground ginger $ 2 tablespoons vegetable oil $ 1 tablespoon oriental sesame oil $ 2 teaspoons soy sauce $ ",Salad $ Side $ No-Cook $ Vegetarian $ Quick & Easy $ Low Cal $ Summer $ Cabbage $ Bon Appétit $ Sugar Conscious $ Kidney Friendly $ Vegan $ Pescatarian $ Dairy Free $ Peanut Free $ Tree Nut Free $ No Sugar Added $ Kosher $ ,Asian $ ,3/4,27,Salad $ Side $ No-Cook $ Vegetarian $ Quick & Easy $ Low Cal $ Summer $ Cabbage $ Bon Appétit $ Sugar Conscious $ Kidney Friendly $ Vegan $ Pescatarian $ Dairy Free $ Peanut Free $ Tree Nut Free $ No Sugar Added $ Kosher $ Asian $ 
https://www.epicurious.com/recipes/food/views/asian-cole-slaw-with-seared-scallops-17,Asian Cole Slaw with Seared Scallops ,"2/3 cup Chinese pea pods, trimmed $ 2 cups finely sliced savoy cabbage $ 2 cup mung bean sprouts $ 1/2 small red bell pepper, sliced $ 1 small pickling cucumber, quartered, sliced $ 1 green onion, sliced $ 2 tablespoons chopped fresh cilantro $ Ginger Dressing $ 14 sea scallops $ 1 teaspoon soy sauce $ 2 teaspoons vegetable oil $ ",Salad $ Shellfish $ Vegetable $ Scallop $ Bon Appétit $ ,Asian $ Chinese $ ,3/4,16,Salad $ Shellfish $ Vegetable $ Scallop $ Bon Appétit $ Asian $ Chinese $ 
https://www.epicurious.com/recipes/food/views/sea-bass-with-citrus-and-soy-106309,Sea Bass with Citrus and Soy ,1/2 cup pineapple juice $ 1/2 cup orange juice $ 1/3 cup soy sauce $ 3 tablespoons finely chopped peeled fresh ginger $ 2 tablespoons oriental sesame oil $ 1/8 teaspoon cayenne pepper $ 4 6-ounce sea bass fillets $ Chopped green onions $ ,Ginger $ Steam $ Orange $ Pineapple $ Bass $ Sesame $ Soy Sauce $ Bon Appétit $ ,Asian $ ,3.5/4,75,Ginger $ Steam $ Orange $ Pineapple $ Bass $ Sesame $ Soy Sauce $ Bon Appétit $ Asian $ 
https://www.epicurious.com/recipes/food/views/grilled-scallops-with-tabbouleh-salsa-105870,Grilled Scallops with Tabbouleh Salsa ,"5 1/4 ounces (150 grams) cucumber $ 5 1/4 ounces (150 grams) tomato $ 5 1/4 ounces (150 grams) red onion $ 1/2 teaspoon sea salt $ 1/4 teaspoon freshly ground black pepper $ 1 teaspoon finely chopped garlic $ 1/2 teaspoon aji panca paste $ 1 teaspoon lemon juice $ 1 teaspoon yuzu juice $ 1 teaspoon extra virgin olive oil $ 1 cup finely chopped parsley leaves $ 8 scallops in the shell $ sea salt $ freshly ground black pepper $ 4 cups (8 milliliters) Tabbouleh Salsa $ cucmber flowers for garnish, optional $ ",Citrus $ Onion $ Tomato $ Broil $ Quick & Easy $ Backyard BBQ $ Scallop $ Cucumber $ Summer $ Grill $ Grill/Barbecue $ Healthy $ Parsley $ ,Asian $ ,2.5/4,1,Citrus $ Onion $ Tomato $ Broil $ Quick & Easy $ Backyard BBQ $ Scallop $ Cucumber $ Summer $ Grill $ Grill/Barbecue $ Healthy $ Parsley $ Asian $ 
https://www.epicurious.com/recipes/food/views/sesame-balls-104210,Sesame Balls ,"2 1/2 slabs brown candy (_peen tong),_chopped $ 3 cups glutinous rice flour $ 1 cup Sweetened Red Bean Paste , store-bought or homemade $ 1/3 cup white sesame seeds $ 2 quarts vegetable oil $ ",Appetizer $ Fry $ Sugar Conscious $ Vegan $ Vegetarian $ Pescatarian $ Dairy Free $ Wheat/Gluten-Free $ Peanut Free $ Tree Nut Free $ Soy Free $ No Sugar Added $ Kosher $ ,Asian $ Chinese $ ,4/4,5,Appetizer $ Fry $ Sugar Conscious $ Vegan $ Vegetarian $ Pescatarian $ Dairy Free $ Wheat/Gluten-Free $ Peanut Free $ Tree Nut Free $ Soy Free $ No Sugar Added $ Kosher $ Asian $ Chinese $ 
https://www.epicurious.com/recipes/food/views/squid-in-vinegar-sauce-109212,Squid in Vinegar Sauce ,"1 lb medium squid, cleaned $ 1/3 cup coconut vinegar, palm vinegar, sugarcane vinegar, or cider vinegar $ 1/4 cup thinly sliced garlic (8 cloves) $ 1/4 cup soy sauce $ 1/2 cup water $ 1/2 teaspoon black pepper $ 2 tablespoons vegetable oil $ 1 medium onion, halved lengthwise, then thinly sliced lengthwise $ 1 (14- to 15-oz) can diced tomatoes $ Accompaniment: steamed white rice $ ",Sauté $ Quick & Easy $ Vinegar $ Squid $ Gourmet $ ,Asian $ ,2/4,4,Sauté $ Quick & Easy $ Vinegar $ Squid $ Gourmet $ Asian $ 
https://www.epicurious.com/recipes/food/views/seared-peppered-scallops-with-orange-soy-glaze-109160,Seared Peppered Scallops with Orange-Soy Glaze ,"4 tablespoons peanut oil, divided $ 1 1/2 pounds sea scallops, patted dry with paper towels $ 2 teaspoons ground peppercorn blend, or ground black pepper $ 2 garlic cloves, finely chopped (about 2 teaspoons) $ 1/2 cup orange juice $ 1 tablespoon soy sauce $ 1/2 teaspoon (packed) grated orange peel $ ",Fruit Juice $ Citrus $ Shellfish $ Sauté $ Quick & Easy $ Orange $ Scallop $ Winter $ Bon Appétit $ ,Asian $ ,3.5/4,45,Fruit Juice $ Citrus $ Shellfish $ Sauté $ Quick & Easy $ Orange $ Scallop $ Winter $ Bon Appétit $ Asian $ 
https://www.epicurious.com/recipes/food/views/matzo-balls-in-southeast-asian-broth-109367,Matzo Balls in Southeast Asian Broth ,"1 large onion, peeled, quartered through root end $ 2 2 1/2-inch-long pieces peeled fresh ginger $ 4 large lemongrass stalks* $ 1 4-pound chicken, quartered $ 3 quarts water $ 12 green onions, coarsely chopped $ 1 teaspoon whole black peppercorns $ 1 teaspoon (or more) coarse kosher salt $ 1 cup chopped fresh cilantro $ Matzo Balls $ ",Soup/Stew $ Chicken $ Ginger $ Passover $ Spring $ Kosher $ Lemongrass $ Cilantro $ Bon Appétit $ ,Asian $ Jewish $ ,2.5/4,7,Soup/Stew $ Chicken $ Ginger $ Passover $ Spring $ Kosher $ Lemongrass $ Cilantro $ Bon Appétit $ Asian $ Jewish $ 
https://www.epicurious.com/recipes/food/views/oriental-chicken-and-cabbage-salad-214,Oriental Chicken and Cabbage Salad ,"1 cup canned unsalted chicken broth $ 1 1/2 pounds skinless boneless chicken breasts, well trimmed $ 4 ounces snow peas, trimmed $ 1/3 cup rice wine vinegar $ 1/4 cup chopped fresh cilantro $ 1/4 cup low-sodium soy sauce $ 3 tablespoons minced fresh ginger $ 4 large garlic cloves, minced $ 2 teaspoons minced jalapeño chili (with seeds) $ 1 teaspoon oriental sesame oil $ 1 1-gram packet low-calorie sugar substitute $ 5 1/4 cups sliced Napa or green cabbage $ 4 1/4 cups sliced red cabbage $ 2 cups sliced mushrooms $ 1 1/2 cups grated carrots $ 1 cup chopped green onions $ ",Salad $ Chicken $ Herb $ Poultry $ Vegetable $ Low Fat $ Bon Appétit $ ,Asian $ ,3/4,27,Salad $ Chicken $ Herb $ Poultry $ Vegetable $ Low Fat $ Bon Appétit $ Asian $ 
https://www.epicurious.com/recipes/food/views/pork-rib-satays-with-peanut-sauce-101690,Pork Rib Satays with Peanut Sauce ,"5 large shallots, chopped $ 6 tablespoons soy sauce $ 4 1/2 tablespoons distilled white vinegar $ 3 tablespoons (packed) minced peeled fresh ginger $ 1 1/2 tablespoons peanut oil $ 3 garlic cloves, minced $ 1 1/2 teaspoons ground coriander $ 1 1/2 teaspoons (packed) brown sugar $ 3/4 teaspoon cayenne pepper $ 2 pounds baby back pork ribs, cut into 4- to 5-rib sections $ Assorted cut-up raw vegetables (such as carrots, cucumber, celery and cauliflower florets) $ Peanut Sauce $ ",Ginger $ Pork $ Appetizer $ Bake $ Pork Rib $ Peanut $ Summer $ Grill/Barbecue $ Bon Appétit $ Dairy Free $ Tree Nut Free $ ,Asian $ ,3/4,22,Ginger $ Pork $ Appetizer $ Bake $ Pork Rib $ Peanut $ Summer $ Grill/Barbecue $ Bon Appétit $ Dairy Free $ Tree Nut Free $ Asian $ 
https://www.epicurious.com/recipes/food/views/java-chicken-in-coconut-sauce-101693,Java Chicken in Coconut Sauce ,"2 large shallots, chopped $ 1/4 cup water $ 2 tablespoons peanut oil $ 1 tablespoon chopped peeled fresh ginger $ 5 whole blanched almonds, chopped $ 3 anchovy fillets $ 2 garlic cloves, chopped $ 1/2 teaspoon whole white peppercorns $ 5 skinless boneless chicken breast halves, each cut diagonally into 4 pieces $ 3 cups canned unsweetened coconut milk $ 1 large tart green apple, peeled, cored, thinly sliced $ 4 fresh or frozen kaffir lime leaves $ 1 stalk fresh lemongrass, halved lengthwise $ 2 tablespoons fresh lemon juice $ Chopped fresh Italian parsley $ ",Chicken $ Fruit $ Coconut $ Summer $ Bon Appétit $ ,Asian $ ,3/4,6,Chicken $ Fruit $ Coconut $ Summer $ Bon Appétit $ Asian $ 
https://www.epicurious.com/recipes/food/views/sesame-eggplant-salsa-102688,Sesame-Eggplant Salsa ,"2 (1- to 1 1/4-pound) eggplants $ 1 tablespoon vegetable oil or peanut oil $ 3/4 cup (packed) plus 1 tablespoon minced green onions $ 2 1/2 tablespoons minced peeled fresh ginger $ 4 garlic cloves, minced $ 1 teaspoon chili-garlic sauce* $ 3 tablespoons (packed) golden brown sugar $ 2 tablespoons soy sauce $ 1 tablespoon rice vinegar $ 2 teaspoons fresh lemon juice $ 2 large plum tomatoes, seeded, chopped $ 3/4 cup (packed) plus 1 tablespoon finely chopped fresh cilantro $ 1 1/2 teaspoons oriental sesame oil $ Parmesan Pita Crisps $ *Available at Asian markets and in the Asian foods section of many supermarkets. $ ",Condiment/Spread $ Food Processor $ Garlic $ Vegetable $ Bake $ Sauté $ Eggplant $ Sesame $ Bon Appétit $ ,Asian $ Chinese $ ,3.5/4,23,Condiment/Spread $ Food Processor $ Garlic $ Vegetable $ Bake $ Sauté $ Eggplant $ Sesame $ Bon Appétit $ Asian $ Chinese $ 
https://www.epicurious.com/recipes/food/views/chayote-soup-with-lemongrass-and-ginger-101692,Chayote Soup with Lemongrass and Ginger ,"7 cups canned low-salt chicken broth $ 1 stalk fresh lemongrass, thinly sliced $ 1 1-inch piece fresh ginger, sliced $ 3 fresh or frozen kaffir lime leaves $ 1/2 cinnamon stick $ 1/2 teaspoon ground nutmeg $ 1/4 teaspoon cayenne pepper $ 2 chayote squash, peeled, rinsed, quartered lengthwise, cored, thinly sliced crosswise $ 1/4 cup fresh lemon juice $ 3/4 cup chopped fresh Italian parsley $ ",Soup/Stew $ Ginger $ Vegetable $ Low Carb $ Quick & Easy $ Summer $ Lemongrass $ Bon Appétit $ ,Asian $ Thai $ ,3.5/4,8,Soup/Stew $ Ginger $ Vegetable $ Low Carb $ Quick & Easy $ Summer $ Lemongrass $ Bon Appétit $ Asian $ Thai $ 
https://www.epicurious.com/recipes/food/views/salmon-spring-rolls-with-coriander-dipping-sauce-10046,Salmon Spring Rolls with Coriander Dipping Sauce ,"1/4 cup seasoned rice vinegar $ 1/4 cup fresh lime juice $ 2 tablespoons chopped fresh coriander $ 1 teaspoon grated peeled fresh gingerroot $ a 1-pound salmon fillet about 1 inch thick, skinned $ 1/4 cup plus 2 tablespoons lime juice $ 2 tablespoons seasoned rice vinegar $ 1 tablespoon soy sauce $ 2 1/2 teaspoons sugar, or to taste $ 1 tablespoon water, or to taste $ 2 teaspoons grated peeled fresh gingerroot $ 2 tablespoons chopped fresh coriander $ twelve 6 1/4-inch rounds of rice paper* $ 48 fresh coriander leaves (about 1/2 cup loosely packed) $ 4 tablespoons finely chopped scallion greens $ vegetable oil for frying $ Garnish: Coriander sprigs $ 
Rice paper is available at Asian markets.
 $ ",Fish $ Ginger $ Vegetable $ Fry $ Marinate $ Cocktail Party $ Lunar New Year $ Vinegar $ Lime $ Salmon $ Spring $ Cilantro $ Gourmet $ ,Asian $ ,3.5/4,8,Fish $ Ginger $ Vegetable $ Fry $ Marinate $ Cocktail Party $ Lunar New Year $ Vinegar $ Lime $ Salmon $ Spring $ Cilantro $ Gourmet $ Asian $ 
https://www.epicurious.com/recipes/food/views/beef-and-broccoli-wontons-with-ginger-dipping-sauce-100956,Beef and Broccoli Wontons with Ginger Dipping Sauce ,6 tablespoons soy sauce $ 1/4 cup plus 2 teaspoons minced peeled fresh ginger $ 1/4 cup rice vinegar $ 3 tablespoons honey $ 1/2 pound lean ground beef $ 1 cup chopped broccoli florets $ 3/4 cup chopped onion $ 1 large egg $ 1 1/2 teaspoons minced garlic $ 1/2 teaspoon ground black pepper $ 1/2 teaspoon salt $ 1 12-ounce package wonton wrappers $ 2 tablespoons oriental sesame oil $ ,Beef $ Ginger $ Appetizer $ Fry $ Super Bowl $ Kid-Friendly $ Broccoli $ Spring $ Poker/Game Night $ Engagement Party $ Bon Appétit $ Kidney Friendly $ Dairy Free $ Peanut Free $ Tree Nut Free $ Kosher $ ,Asian $ ,3.5/4,47,Beef $ Ginger $ Appetizer $ Fry $ Super Bowl $ Kid-Friendly $ Broccoli $ Spring $ Poker/Game Night $ Engagement Party $ Bon Appétit $ Kidney Friendly $ Dairy Free $ Peanut Free $ Tree Nut Free $ Kosher $ Asian $ 
https://www.epicurious.com/recipes/food/views/shrimp-fried-rice-101079,Shrimp Fried Rice ,2 bunches scallions $ 3/4 pound cooked and peeled medium shrimp (about 18 large) $ 5 cups chilled Chinese-style white rice $ 2 large eggs $ 2 tablespoons chicken broth $ 2 tablespoons Chinese rice wine or sake $ 1 tablespoon soy sauce $ 1 teaspoon salt $ 1 teaspoon Asian sesame oil $ 1/4 teaspoon freshly ground black pepper $ 2 tablespoons corn or safflower oil $ 1 tablespoon minced peeled fresh gingerroot $ a thawed 10-ounce package frozen peas $ ,Ginger $ Rice $ Stir-Fry $ Shrimp $ Pea $ Gourmet $ ,Asian $ Chinese $ ,3/4,24,Ginger $ Rice $ Stir-Fry $ Shrimp $ Pea $ Gourmet $ Asian $ Chinese $ 
https://www.epicurious.com/recipes/food/views/velvet-chicken-with-mushrooms-spinach-and-ginger-lemon-sauce-105686,"Velvet Chicken with Mushrooms, Spinach, and Ginger-Lemon Sauce ","3 tablespoons fresh lemon juice $ 2 tablespoons soy sauce $ 2 tablespoons dry Sherry $ 2 tablespoons finely shredded peeled fresh ginger $ 2 teaspoons grated lemon peel $ 2 teaspoons sugar $ 1 large egg white $ 1 tablespoon cold water $ 2 teaspoons cornstarch $ 12 ounces chicken tenders, halved lengthwise $ 1 tablespoon vegetable oil $ 8 ounces fresh shiitake mushrooms, stemmed, caps thinly sliced $ 1/2 large red bell pepper, thinly sliced $ 2 large garlic cloves, minced $ 1 6-ounce bag baby spinach leaves $ ",Wok $ Chicken $ Ginger $ Mushroom $ Stir-Fry $ Low Fat $ Lemon $ Spinach $ Bell Pepper $ Fall $ Bon Appétit $ ,Asian $ ,2.5/4,47,Wok $ Chicken $ Ginger $ Mushroom $ Stir-Fry $ Low Fat $ Lemon $ Spinach $ Bell Pepper $ Fall $ Bon Appétit $ Asian $ 
https://www.epicurious.com/recipes/food/views/mixed-pepper-steak-with-onions-107208,Mixed-Pepper Steak with Onions ,"1 tablespoon soy sauce $ 1 teaspoon cornstarch $ 1/3 cup plus 2 tablespoons cold water $ 1 1/2 pound beef loin sirloin steak, cut crosswise into 3- by 1/4- by 1/4-inch strips $ 1/2 teaspoon salt $ 1/4 teaspoon black pepper $ 1/4 cup olive oil or vegetable oil $ 4 bell peppers in assorted colors, cut into 1/4-inch-thick strips $ 1 large onion, halved lengthwise and cut crosswise into 1/4-inch-thick slices $ 3 garlic cloves, sliced $ Accompaniment: cooked white rice $ ",Beef $ Onion $ Stir-Fry $ Quick & Easy $ Steak $ Bell Pepper $ Fall $ Soy Sauce $ Gourmet $ ,Asian $ ,3/4,32,Beef $ Onion $ Stir-Fry $ Quick & Easy $ Steak $ Bell Pepper $ Fall $ Soy Sauce $ Gourmet $ Asian $ 
https://www.epicurious.com/recipes/food/views/three-dipping-sauces-109291,Three Dipping Sauces ,"50 ml (3 tablespoons plus 1 teaspoon) peanut oil $ 2 dried chillies $ 3 spring onions (scallions), white part, with 2 cm (3/4-inch) of green left on, finely sliced $ 1 large knob ginger, finely diced $ 2 cloves garlic $ 15 ml (1 tablespoon) shaohsing wine $ 15 ml (1 tablespoon) rice-wine vinegar $ 2 tablespoons sea salt $ 2 tablespoons superfine sugar $ 100 ml (1/2 cup) Chinese black rice vinegar $ 2 large knobs ginger, finely diced $ 30 ml (2 tablespoons) peanut oil $ 4 spring onions (scallions), sliced into rounds $ 2 large knobs ginger, finely diced $ 3 cloves garlic, finely diced $ 2 red chillies, sliced $ 60 ml (1/4 cup) bean paste $ 60 ml (1/4 cup) shaohsing wine $ 60 ml (1/4 cup) rice-wine vinegar $ 4 tablespoons (1/4 cup) crushed yellow rock (or light brown) sugar $ ",Condiment/Spread $ Sauce $ Wine $ Bean $ Garlic $ Ginger $ Vinegar $ Hot Pepper $ Sesame $ ,Asian $ ,0/4,0,Condiment/Spread $ Sauce $ Wine $ Bean $ Garlic $ Ginger $ Vinegar $ Hot Pepper $ Sesame $ Asian $ 
https://www.epicurious.com/recipes/food/views/korean-barbecue-beef-marinade-1-109586,"Korean Barbecue Beef, Marinade 1 ","2 1/2 pounds rib eye beef, thinly sliced $ 2 tablepoons soy sauce $ 2 teaspoons sesame oil $ 2 teaspoons crushed garlic $ 2 tablespoons brown sugar $ 1 tablespoon rice wine (sake) $ Pinch of black pepper $ 1/2 piece of fresh kiwi, juiced in a blender $ 1 tablespoon soybean paste $ 2 teaspoons crushed garlic $ 2 teaspoons red pepper sauce $ 1 teaspoon salad oil $ 2 tablespoons water $ ",Beef $ Marinate $ Kiwi $ Grill/Barbecue $ Soy Sauce $ ,Asian $ ,3.5/4,37,Beef $ Marinate $ Kiwi $ Grill/Barbecue $ Soy Sauce $ Asian $ 
https://www.epicurious.com/recipes/food/views/thai-roast-beef-and-lettuce-rolls-109624,Thai Roast Beef and Lettuce Rolls ,"1/2 cup fresh lime juice $ 1/4 cup Asian fish sauce* $ 1/4 cup granulated or light brown sugar $ 2 large garlic cloves, minced $ 2 teaspoons minced small fresh green chile such as Thai or serrano, including seeds, or 1 teaspoon dried hot red pepper flakes $ 16 very thin slices rare roast beef (3/4 to 1 lb) $ 16 large lettuce leaves, from 1 head Boston or 2 heads Bibb $ 16 fresh mint sprigs $ 16 fresh cilantro sprigs $ 2 carrots, cut into 1/8-inch-thick matchsticks $ ",Beef $ Appetizer $ No-Cook $ Quick & Easy $ Lime $ Mint $ Hot Pepper $ Carrot $ Summer $ Cilantro $ Lettuce $ Gourmet $ Dairy Free $ Wheat/Gluten-Free $ Peanut Free $ Tree Nut Free $ Soy Free $ ,Asian $ ,3/4,13,Beef $ Appetizer $ No-Cook $ Quick & Easy $ Lime $ Mint $ Hot Pepper $ Carrot $ Summer $ Cilantro $ Lettuce $ Gourmet $ Dairy Free $ Wheat/Gluten-Free $ Peanut Free $ Tree Nut Free $ Soy Free $ Asian $ 
https://www.epicurious.com/recipes/food/views/asian-garlic-chicken-532,Asian Garlic Chicken ,"1/2 cup distilled white vinegar $ 1/2 cup canned low-salt chicken broth $ 10 large garlic cloves, chopped $ 2 1/2 tablespoons soy sauce $ 1/4 teaspoon ground pepper $ 4 skinless boneless chicken breast halves $ 2 teaspoons onion-herb seasoning mix (such as Mrs. Dash) $ 1 tablespoon oriental sesame oil $ 3 large bay leaves $ Cooked white rice $ ",Chicken $ Garlic $ Poultry $ Quick & Easy $ Low Cal $ Winter $ Bon Appétit $ California $ ,Asian $ ,3/4,64,Chicken $ Garlic $ Poultry $ Quick & Easy $ Low Cal $ Winter $ Bon Appétit $ California $ Asian $ 
https://www.epicurious.com/recipes/food/views/orange-flavored-beef-and-snow-pea-stir-fry-with-noodles-11673,Orange-Flavored Beef and Snow Pea Stir-Fry with Noodles ,"1 teaspoon cornstarch $ 2 teaspoons soy sauce $ 3/4 cup beef broth $ 1 teaspoon freshly grated orange zest $ 1/2 teaspoon sugar $ 6 ounces Asian egg noodles or thin spaghetti $ 1 1/2 tablespoons vegetable oil $ 3/4 pound boneless sirloin, cut into 1/4-inch strips $ 1 garlic clove, minced $ 1 teaspoon minced peeled fresh gingerroot $ 6 ounces snow peas, trimmed and cut length-wise into 1/4-inch strips $ ",Beef $ Ginger $ Pasta $ Stir-Fry $ Quick & Easy $ Orange $ Sugar Snap Pea $ Gourmet $ ,Asian $ ,3/4,20,Beef $ Ginger $ Pasta $ Stir-Fry $ Quick & Easy $ Orange $ Sugar Snap Pea $ Gourmet $ Asian $ 
https://www.epicurious.com/recipes/food/views/coconut-rice-14936,Coconut Rice ,"3/4 cup well-stirred canned unsweetened coconut milk $ 1/4 cup water $ 1/2 teaspoon salt $ 1/2 cup long-grain white rice $ Garnish: sweetened flaked coconut, toasted $ ",Rice $ Side $ Coconut $ Winter $ Gourmet $ Sugar Conscious $ Low Sugar $ Vegan $ Vegetarian $ Pescatarian $ Dairy Free $ Wheat/Gluten-Free $ Peanut Free $ Tree Nut Free $ Soy Free $ No Sugar Added $ Kosher $ ,Asian $ ,3/4,105,Rice $ Side $ Coconut $ Winter $ Gourmet $ Sugar Conscious $ Low Sugar $ Vegan $ Vegetarian $ Pescatarian $ Dairy Free $ Wheat/Gluten-Free $ Peanut Free $ Tree Nut Free $ Soy Free $ No Sugar Added $ Kosher $ Asian $ 
https://www.epicurious.com/recipes/food/views/spicy-sesame-noodle-green-bean-and-carrot-salad-5472,"Spicy Sesame Noodle, Green Bean, and Carrot Salad ","1/4 cup fresh lime juice $ 3 tablespoons canola oil $ 3 tablespoons soy sauce $ 2 tablespoons (packed) dark brown sugar $ 1 tablespoon oriental sesame oil $ 1 tablespoon minced garlic $ 1 tablespoon grated orange peel $ 2 small serrano chilies, stemmed, thinly sliced into rounds $ 9 ounces green beans, trimmed, cut diagonally into 1/2-inch pieces $ 1 9-ounce package fresh linguine $ 2 cups shredded peeled carrots $ 1 cup thinly sliced green onions $ ",Salad $ Pasta $ Vegetable $ Appetizer $ Side $ Green Bean $ Carrot $ Summer $ Chill $ Vegan $ Bon Appétit $ Vegetarian $ Pescatarian $ Dairy Free $ Peanut Free $ Tree Nut Free $ Kosher $ ,Asian $ ,3.5/4,57,Salad $ Pasta $ Vegetable $ Appetizer $ Side $ Green Bean $ Carrot $ Summer $ Chill $ Vegan $ Bon Appétit $ Vegetarian $ Pescatarian $ Dairy Free $ Peanut Free $ Tree Nut Free $ Kosher $ Asian $ 
https://www.epicurious.com/recipes/food/views/beef-shanks-braised-in-soy-sauce-with-cinnamon-and-star-anise-11387,Beef Shanks Braised in Soy Sauce with Cinnamon and Star Anise ,"8 cups water $ 1 cup soy sauce $ 1/3 cup Scotch $ 1/3 cup sugar $ 6 slices fresh gingerroot, each about the size of a quarter, flattened with flat side of a heavy knife $ 4 scallions, flattened with flat side of a heavy knife $ two 3-inch cinnamon sticks $ two 4-inch strips fresh orange zest, removed with a vegetable peeler $ 2 tablespoons star anise*, crushed lightly with flat side of a heavy knife $ 4 meaty cross-cut sections beef shanks (about 4 1/4 pounds total) $ a 7- to 8-ounce package dried rice-stick noodles $ (rice vermicelli)* $ 3/4 pound carrots, cut diagonally into 1/4-inch slices $ 3/4 pound turnips, peeled, halved, and cut into 1/4-inch slices $ Garnish: fresh coriander leaves $ *available at Asian markets $ ",Scotch $ Beef $ Pasta $ Braise $ Carrot $ Turnip $ Winter $ Anise $ Cinnamon $ Gourmet $ ,Asian $ ,2/4,6,Scotch $ Beef $ Pasta $ Braise $ Carrot $ Turnip $ Winter $ Anise $ Cinnamon $ Gourmet $ Asian $ 
https://www.epicurious.com/recipes/food/views/vinegared-cucumber-salad-15265,Vinegared Cucumber Salad ,"1 tablespoon sesame seeds $ 1 pound Japanese or English cucumbers $ 1/2 teaspoon salt $ 1/3 cup seasoned rice vinegar $ 1/4 teaspoon instant dashi granules $ 1 teaspoon Asian sesame oil, or to taste $ ",Salad $ Vegetable $ Quick & Easy $ Cucumber $ Summer $ Gourmet $ ,Asian $ Japanese $ ,2.5/4,3,Salad $ Vegetable $ Quick & Easy $ Cucumber $ Summer $ Gourmet $ Asian $ Japanese $ 
https://www.epicurious.com/recipes/food/views/sesame-chicken-and-stir-fried-vegetables-10381,Sesame Chicken and Stir-Fried Vegetables ,"1 whole boneless chicken breast, halved $ 2 teaspoons sesame seeds $ 1 tablespoon vegetable oil plus additional for brushing the grill pan $ 1/4 pound fresh shiitake or white mushrooms, stems discarded and the caps sliced thin $ 1/2 pound cabbage, sliced thin (about 2 cups) $ 1 small red bell pepper, cut into julienne strips $ 2 teaspoons white-wine vinegar $ 2 teaspoons soy sauce $ 1 teaspoon Oriental sesame oil $ 1/2 teaspoon minced peeled fresh gingerroot $ 1/4 teaspoon sugar $ ",Chicken $ Ginger $ Mushroom $ Sauté $ Stir-Fry $ Quick & Easy $ Bell Pepper $ Cabbage $ Sesame $ Gourmet $ ,Asian $ ,3/4,7,Chicken $ Ginger $ Mushroom $ Sauté $ Stir-Fry $ Quick & Easy $ Bell Pepper $ Cabbage $ Sesame $ Gourmet $ Asian $ 
https://www.epicurious.com/recipes/food/views/soy-lemon-chicken-2717,Soy-Lemon Chicken ,6 chicken breast halves $ 1/2 cup soy sauce $ 1/2 cup fresh lemon juice $ 1 tablespoon oriental sesame oil $ Toasted sesame seeds $ Thinly sliced green onions $ ,Chicken $ Bake $ Marinate $ Kid-Friendly $ Quick & Easy $ Low/No Sugar $ Lemon $ Bon Appétit $ Venice $ California $ ,Asian $ ,2.5/4,12,Chicken $ Bake $ Marinate $ Kid-Friendly $ Quick & Easy $ Low/No Sugar $ Lemon $ Bon Appétit $ Venice $ California $ Asian $ 
https://www.epicurious.com/recipes/food/views/adzuki-bean-miso-soup-14128,Adzuki Bean Miso Soup ,"4 cups water $ 2 vegetable bouillon cubes (0.75 ounce total) $ 3 cups cooked dried adzuki beans or rinsed and drained canned adzuki beans $ 2 teaspoons vegetable oil $ 3 medium carrots, cut diagonally into 1/16-inch-thick slices $ 1/4 cup white miso (fermented bean paste) $ 4 scallions, slices thin $ ",Soup/Stew $ Bean $ Vegetable $ Low Fat $ Vegetarian $ Low/No Sugar $ Winter $ Gourmet $ ,Asian $ Japanese $ ,2.5/4,16,Soup/Stew $ Bean $ Vegetable $ Low Fat $ Vegetarian $ Low/No Sugar $ Winter $ Gourmet $ Asian $ Japanese $ 
