link,name,ingredients,recipe_category,recipe_cuisine,rating,rating_count,keywords
https://www.epicurious.com/recipes/food/views/bearnaise-sauce-395049,Béarnaise Sauce ,"1 tablespoon plus 1 cup (2 sticks) unsalted butter, cut into 1/2"" cubes $ 3 tablespoons minced shallots $ Kosher salt and freshly ground black pepper $ 2 tablespoons Champagne vinegar or white wine vinegar $ 2 large egg yolks $ 1 tablespoon (or more) fresh lemon juice $ 1 tablespoon finely chopped fresh tarragon $ ",Sauce $ Blender $ Egg $ Vegetarian $ Butter $ Bon Appétit $ Sauce Secrets $ ,French $ ,3.5/4,12,Sauce $ Blender $ Egg $ Vegetarian $ Butter $ Bon Appétit $ Sauce Secrets $ French $ 
https://www.epicurious.com/recipes/food/views/kings-cake-394707,King's Cake ,1 cup (250 g) all-purpose flour $ 2 Tbsp (20 g) superfine granulated sugar $ 1 tsp (5 g) fleur de sel de Guérande (or other fine sea salt) $ Finely grated zest of 1/4 unwaxed lemon $ 1 1/2 tsp (8 g) active dry yeast $ 2 eggs (100 g) $ 2 Tbsp (35 g) orange-flower water $ 2 tsp (10 g) aged dark rum $ 1 1/4 oz (35 g) candied orange peel $ 1 stick plus 2 Tbsp (150 g) unsalted butter $ 1 dried lima bean $ 1 egg yolk $ 2 whole eggs $ 3 dashes superfine granulated sugar $ Dash of table salt $ Apricot jelly or preserve $ Number 10 pearl sugar (coarse sugar) $ 2 quarters each of candied red and green melon $ Candied orange slices $ Coarsely chopped almonds $ ,Cake $ Citrus $ Fruit $ Bake $ Christmas $ Orange $ Melon $ Winter $ Chill $ Advance Prep Required $ ,French $ ,1/4,1,Cake $ Citrus $ Fruit $ Bake $ Christmas $ Orange $ Melon $ Winter $ Chill $ Advance Prep Required $ French $ 
https://www.epicurious.com/recipes/food/views/croissants-394749,Croissants ,"1 Tbsp (12 g) active dry yeast $ 7 Tbsp (100 g) whole milk, warmed to 68°F $ 2 cups (500 g) all-purpose flour $ 1 Tbsp (12 g) fleur de sel de Guérande (or other fine sea salt) $ 6 Tbsp (75 g) superfine granulated sugar $ 2 1/4 Tbsp (35 g) very soft unsalted butter $ 1 Tbsp (15 g) whole dry milk powder $ 2/3 cup (145 g) still mineral water, warmed to 68°F $ 3 sticks (325 g) unsalted cold butter $ 1 large egg yolk $ 2 whole eggs $ Dash of fine salt $ ",Bread $ Dairy $ Breakfast $ Brunch $ Bake $ Mother's Day $ Chill $ Butter $ Advance Prep Required $ Kidney Friendly $ Vegetarian $ Pescatarian $ Peanut Free $ Tree Nut Free $ Soy Free $ Kosher $ ,French $ ,4/4,3,Bread $ Dairy $ Breakfast $ Brunch $ Bake $ Mother's Day $ Chill $ Butter $ Advance Prep Required $ Kidney Friendly $ Vegetarian $ Pescatarian $ Peanut Free $ Tree Nut Free $ Soy Free $ Kosher $ French $ 
https://www.epicurious.com/recipes/food/views/chorizo-and-gigante-bean-cassoulet-394692,Chorizo and Gigante Bean Cassoulet ,"3 cups dried gigante, corona, or large lima beans $ 4 tablespoons extra-virgin olive oil, divided, plus more for drizzling $ 8 fresh Spanish chorizo or hot Italian sausage links (About 2 pounds) $ 1 leek (white and pale-green parts only), cut into 1/4""-thick rounds $ 1 small yellow onion, finely chopped $ Kosher salt and freshly ground black pepper $ 5 garlic cloves, thinly sliced $ 3 anchovy fillets packed in oil, drained, chopped (optional) $ 1 tablespoon tomato paste $ 1 1/2 teaspoons smoked paprika $ 3 cups low-salt chicken broth $ 1 28-ounce can whole tomatoes, drained, crushed with your hands $ 7 sprigs thyme $ 2 bay leaves $ 2 sprigs rosemary $ 6 tablespoons extra-virgin olive oil, divided $ 2 cups fresh coarse breadcrumbs (from three 1/2""-thick slices white sandwich bread) $ Kosher salt and freshly ground black pepper $ 1/2 cup chopped flat-leaf parsley $ 1 teaspoon finely grated lemon zest $ Ingredient info: Fresh Spanish chorizo, a link sausage that's milder than Mexican chorizo, can be found at specialty foods stores, Spanish markets, and latienda.com (try hot or mild). Smoked paprika is available at most supermarkets. $ ",Bean $ Dinner $ Meat $ Party $ Potluck $ Bon Appétit $ Dairy Free $ Peanut Free $ Tree Nut Free $ Soy Free $ Kosher $ ,French $ ,3.5/4,25,Bean $ Dinner $ Meat $ Party $ Potluck $ Bon Appétit $ Dairy Free $ Peanut Free $ Tree Nut Free $ Soy Free $ Kosher $ French $ 
https://www.epicurious.com/recipes/food/views/tourtiere-du-shack-380649,Tourtière du Shack ,"3 1/3 cups all-purpose flour $ 2 cups (4 sticks) chilled unsalted butter, cut into 1/2"" cubes $ 1 teaspoon kosher salt $ 1 1/2 cups low-salt chicken broth $ 1 1/2 medium onions, chopped, divided $ 4 garlic cloves, chopped, divided $ 5 whole black peppercorns plus freshly ground black pepper $ 5 sprigs thyme $ 2 bay leaves $ 1 1/2 pounds boneless pork shoulder (Boston butt), cut into 2"" pieces $ Kosher salt $ 1 tablespoon unsalted butter $ 8 medium button mushrooms, stemmed and finely chopped $ 1/2 cup dry white wine $ 1 1/4 pounds ground pork $ 1/8 teaspoon cinnamon $ 1/8 teaspoon ground cloves $ 3/4 cup grated, peeled russet potato $ All-purpose flour (for surface) $ 1 large egg yolk, beaten to blend $ A 9""-diameter deep dish glass or ceramic pie dish $ ",Mushroom $ Pork $ Bake $ Dinner $ Spice $ Winter $ Bon Appétit $ Sugar Conscious $ Peanut Free $ Tree Nut Free $ Soy Free $ ,French $ Canadian $ ,4/4,34,Mushroom $ Pork $ Bake $ Dinner $ Spice $ Winter $ Bon Appétit $ Sugar Conscious $ Peanut Free $ Tree Nut Free $ Soy Free $ French $ Canadian $ 
https://www.epicurious.com/recipes/food/views/beef-meatball-bourguignon-369530,Beef Meatball Bourguignon ,"3/4 cup fresh bread crumbs $ 1/4 cup whole milk $ 1 1/2 pounds ground round (85 percent lean) $ 2 large eggs, beaten $ 3 tablespoons finely chopped shallots $ 2 tablespoons finely chopped fresh parsley $ 1 1/2 teaspoons kosher salt $ 1/2 teaspoon freshly ground black pepper $ 1 teaspoon vegetable oil $ 4 ounces pancetta, coarsely chopped $ 10 ounces cremini mushrooms, quartered $ 1/4 cup finely chopped shallots $ 3 tablespoons unsalted butter $ 1 medium carrot, cut into 1/4-inch dice $ 1/4 cup all-purpose flour $ 2 cups homemade beef stock or canned reduced-sodium beef broth $ 1 cup hearty red wine, such as Shiraz $ 2 tablespoons brandy or Cognac (optional) $ 2 teaspoons tomato paste $ 1/2 teaspoon dried thyme $ Kosher salt and freshly ground black pepper $ Chopped fresh parsley, for serving $ ",Beef $ Mushroom $ Super Bowl $ Father's Day $ Dinner $ Lunch $ Peanut Free $ Tree Nut Free $ Soy Free $ ,French $ ,3.5/4,6,Beef $ Mushroom $ Super Bowl $ Father's Day $ Dinner $ Lunch $ Peanut Free $ Tree Nut Free $ Soy Free $ French $ 
https://www.epicurious.com/recipes/food/views/french-lentil-prosciutto-and-pepper-salad-369171,"French Lentil, Prosciutto, and Pepper Salad ","1/3 cup/75 ml extra-virgin olive oil, plus 1 tbsp $ 6 paper-thin slices prosciutto di Parma, finely chopped $ 2 shallots, finely chopped $ 1/2 cup/140 g finely diced carrots $ 1/2 cup/140 g finely diced red bell pepper/capsicum $ 2 cups/400 g green French lentils, rinsed and drained $ 1/4 cup/10 g finely chopped fresh flat-leaf parsley $ 2 tsp finely chopped fresh thyme $ 2 tbsp red wine vinegar $ 1 tbsp Dijon mustard $ 1/2 tsp salt $ 1/4 tsp freshly ground pepper $ ",Salad $ Herb $ Appetizer $ Side $ Lunch $ Ham $ Legume $ Lentil $ Bell Pepper $ Root Vegetable $ Carrot $ Winter $ Prosciutto $ Parsley $ Dairy Free $ Wheat/Gluten-Free $ Peanut Free $ Tree Nut Free $ Soy Free $ No Sugar Added $ ,French $ ,3/4,1,Salad $ Herb $ Appetizer $ Side $ Lunch $ Ham $ Legume $ Lentil $ Bell Pepper $ Root Vegetable $ Carrot $ Winter $ Prosciutto $ Parsley $ Dairy Free $ Wheat/Gluten-Free $ Peanut Free $ Tree Nut Free $ Soy Free $ No Sugar Added $ French $ 
https://www.epicurious.com/recipes/food/views/petits-farcis-368949,Petits Farcis ,"4 small new onions, with tops attached $ 4 small pattypan squashes $ 4 small tomatoes $ 4 small eggplants $ 4 bell peppers $ 4 small zucchini $ 1 small onion, finely chopped $ 1 tablespoon neutral oil $ 8 ounces (225 g) ground veal $ 8 ounces (225 g) ground pork $ 1 egg, lightly beaten $ 1 slice white bread, crust removed, crumbled and soaked in
2 tablespoons milk $ 1/4 cup (30 g) grated Parmesan cheese $ 1 teaspoon finely chopped fresh thyme leaves $ 1/2 teaspoon fennel seeds $ 1/4 teaspoon finely chopped garlic $ 1/4 teaspoon dried chile flakes $ Salt and pepper $ Olive oil for drizzling $ ",Onion $ Tomato $ Parmesan $ Eggplant $ Zucchini $ Yellow Squash $ ,French $ ,1/4,1,Onion $ Tomato $ Parmesan $ Eggplant $ Zucchini $ Yellow Squash $ French $ 
https://www.epicurious.com/recipes/food/views/duck-fat-potato-galette-with-caraway-and-sweet-onions-368933,Duck Fat-Potato Galette with Caraway and Sweet Onions ,"4 tablespoons (1/2 stick) unsalted butter, melted, divided, plus more for pan $ 1/2 teaspoon caraway seeds $ 2 tablespoons rendered duck or bacon fat, melted $ 1 teaspoon (or more) kosher salt $ 1/2 teaspoon freshly ground black pepper $ 2 pounds medium Yukon Gold potatoes, unpeeled, cut into 1/8""-thick slices with a mandoline or V-slicer $ 1 small sweet onion (such as Maui), very thinly sliced $ Ingredient info: Rendered duck fat can be found at better supermarkets and at specialty foods stores and dartagnan.com. $ The outer ring from a 9""-diameter springform pan $ ",Onion $ Potato $ Side $ Bake $ Christmas $ Winter $ Christmas Eve $ Caraway $ Mandoline $ Bon Appétit $ Sugar Conscious $ Wheat/Gluten-Free $ Peanut Free $ Tree Nut Free $ Soy Free $ No Sugar Added $ ,French $ ,3.5/4,19,Onion $ Potato $ Side $ Bake $ Christmas $ Winter $ Christmas Eve $ Caraway $ Mandoline $ Bon Appétit $ Sugar Conscious $ Wheat/Gluten-Free $ Peanut Free $ Tree Nut Free $ Soy Free $ No Sugar Added $ French $ 
https://www.epicurious.com/recipes/food/views/gateau-de-sirop-368273,Gâteau de Sirop ,"1/2 cup (1 stick) unsalted butter, room temperature, plus more for pan $ 2 1/4 cups all-purpose flour plus more $ 2 1/4 teaspoons baking soda $ 1 teaspoon kosher salt $ 1 teaspoon ground cinnamon $ 3/4 teaspoon ground cloves $ 1/2 teaspoon ground nutmeg $ 1/2 teaspoon ground allspice $ 1/2 cup sugar $ 1/4 cup sour cream $ 1/2 cup Steen's cane syrup, dark corn syrup, or golden syrup $ 2 large eggs $ 1 tablespoon grated peeled ginger $ 1/2 cup warm buttermilk $ 1 tablespoon powdered sugar $ An 11""-diameter tart pan with a removable bottom $ ",Cake $ Mixer $ Dessert $ Bake $ Sour Cream $ Butter $ Buttermilk $ Bon Appétit $ ,French $ Southern $ ,4/4,1,Cake $ Mixer $ Dessert $ Bake $ Sour Cream $ Butter $ Buttermilk $ Bon Appétit $ French $ Southern $ 
https://www.epicurious.com/recipes/food/views/pot-au-feu-367768,Pot-Au-Feu ,"1/2 cup kosher salt $ 1/4 cup sugar $ 1 head of garlic, halved crosswise $ 1 teaspoon whole black peppercorns $ 2 fresh bay leaves (or 1 dried) $ 2 pound beef brisket $ 3 4"" pieces bone-in beef short ribs $ 1 head of garlic, halved crosswise $ 10 sprigs flat-leaf parsley $ 10 sprigs thyme $ 3 fresh bay leaves (or 1 dried) $ 3 whole cloves $ 1 teaspoon whole black peppercorns $ 3 2""-3"" long marrow bones $ 2 pounds oxtails $ 2 pounds beef bones $ 1 pound veal bones $ 1 pound veal breast $ 5 large carrots (about 1 pound), peeled (2 chopped, 3 cut into 2"" pieces) $ 2 celery stalks, chopped $ 1 onion, quartered $ 1 1-pound piece garlic sausage $ 2 rutabagas (about 1 pound), peeled, cut into wedges $ 1 small head of savoy cabbage (about 1 pound), halved $ 1 pound baby potatoes $ 1/2 cup extra-virgin olive oil $ 1/4 cup finely chopped flat-leaf parsley $ 1/4 cup finely chopped fresh chives $ 1/4 cup finely chopped fresh tarragon $ 2 garlic cloves, minced $ Kosher salt and freshly ground black pepper $ 1/4 cup crème fraîche $ 2 tablespoons prepared white horseradish, drained $ Whole grain mustard $ Dijon mustard $ Toasted sliced country bread $ Cheesecloth $ ",Soup/Stew $ Herb $ Potato $ Bastille Day $ Dinner $ Beef Rib $ Brisket $ Carrot $ Fall $ Winter $ Potluck $ Bon Appétit $ Peanut Free $ Tree Nut Free $ Soy Free $ ,French $ ,3.5/4,8,Soup/Stew $ Herb $ Potato $ Bastille Day $ Dinner $ Beef Rib $ Brisket $ Carrot $ Fall $ Winter $ Potluck $ Bon Appétit $ Peanut Free $ Tree Nut Free $ Soy Free $ French $ 
https://www.epicurious.com/recipes/food/views/banana-tartes-tatin-367749,Banana Tartes Tatin ,"4 tablespoons unsalted butter, softened $ 8 tablespoons light brown sugar $ 4 firm ripe bananas, peeled, cut on a diagonal into 1/4""-thick slices $ 4 6"" rounds puff pastry cut from one package of puff pastry, thawed $ Four 5""-diameter, 1""-high crème brûlée dishes $ ",Dessert $ Bake $ Quick & Easy $ Banana $ Phyllo/Puff Pastry Dough $ Bon Appétit $ ,French $ ,3.5/4,11,Dessert $ Bake $ Quick & Easy $ Banana $ Phyllo/Puff Pastry Dough $ Bon Appétit $ French $ 
https://www.epicurious.com/recipes/food/views/steamed-mussels-in-white-wine-367721,Steamed Mussels in White Wine ,"1 large shallot, finely chopped $ 1/4 onion, finely chopped (about 1/3 cup) $ 1/4 cup dry white wine $ 3 1/2 tablespoons unsalted butter, cut into 1/2"" cubes $ 1 tablespoon white wine vinegar $ 4 1/2 pounds mussels, scrubbed, debearded $ Freshly ground black pepper $ 2 tablespoons chopped flat-leaf parsley $ Cheesecloth $ ",Onion $ Steam $ Quick & Easy $ Dinner $ Mussel $ White Wine $ Boil $ Bon Appétit $ Sugar Conscious $ Pescatarian $ Wheat/Gluten-Free $ Peanut Free $ Tree Nut Free $ Soy Free $ ,French $ ,3.5/4,14,Onion $ Steam $ Quick & Easy $ Dinner $ Mussel $ White Wine $ Boil $ Bon Appétit $ Sugar Conscious $ Pescatarian $ Wheat/Gluten-Free $ Peanut Free $ Tree Nut Free $ Soy Free $ French $ 
https://www.epicurious.com/recipes/food/views/arctic-char-gravlax-with-white-grapefruit-367709,Arctic Char Gravlax with White Grapefruit ,"1 2-pound side of arctic char, skin on, pinbones removed $ 3 tablespoons plus 2 teaspoons finely grated white or pink grapefruit zest $ 3 tablespoons kosher salt plus more $ 2 tablespoons muscovado sugar or light brown sugar $ 1 tablespoon granulated sugar $ 1 tablespoon plus 1 teaspoon dried whole green peppercorns, crushed $ 1 tablespoon juniper berries, well crushed $ 1/2 cup crème fraîche $ 3 teaspoons minced fresh dill, divided $ Crackers or toasts (preferably rye) $ Ingredient info: Juniper berries are sold in the spice section of better supermarkets. $ ",Fish $ Appetizer $ Cocktail Party $ New Year's Eve $ Grapefruit $ Shower $ Chill $ Party $ Dill $ Bon Appétit $ Pescatarian $ Peanut Free $ Tree Nut Free $ Soy Free $ ,French $ ,3/4,1,Fish $ Appetizer $ Cocktail Party $ New Year's Eve $ Grapefruit $ Shower $ Chill $ Party $ Dill $ Bon Appétit $ Pescatarian $ Peanut Free $ Tree Nut Free $ Soy Free $ French $ 
https://www.epicurious.com/recipes/food/views/french-onion-soup-367757,French Onion Soup ,"2 medium onions, finely chopped $ 1 tablespoon unsalted butter $ 1 tablespoon Calvados, Applejack, or other brandy $ 4 cups low-salt beef stock $ Kosher salt and freshly ground black pepper $ 4-8 1/2""-thick slices baguette, cut to fit ramekins $ 1 cup grated Gruyère or raclette cheese $ Four 10-ounces ramekins $ ",Soup/Stew $ Cheese $ Onion $ Quick & Easy $ Dinner $ Lunch $ Fall $ Winter $ Bon Appétit $ Peanut Free $ Tree Nut Free $ Soy Free $ ,French $ ,3.5/4,12,Soup/Stew $ Cheese $ Onion $ Quick & Easy $ Dinner $ Lunch $ Fall $ Winter $ Bon Appétit $ Peanut Free $ Tree Nut Free $ Soy Free $ French $ 
https://www.epicurious.com/recipes/food/views/milk-chocolate-and-salted-caramel-gateau-saint-honore-367763,Milk Chocolate and Salted Caramel Gâteau Saint-Honoré ,"2 14-ounce packages frozen puff pastry (2 sheets; such as Dufour), thawed $ 1 cup (scant) all-purpose flour plus more for surface $ 1 cup whole milk $ 5 tablespoons unsalted butter $ 1 teaspoon sugar $ 1/2 teaspoon kosher salt $ 4 large eggs $ 2 cups whole milk $ 1/3 cup plus 1/4 cup sugar $ 5 tablespoons cornstarch $ 6 large egg yolks $ 3 1/2 tablespoons unsalted butter $ 6 ounces high-quality milk chocolate (such as Lindt or Scharffen Berger), chopped $ 1 1/4 cups hot pastry cream (from above) $ 1 teaspoon unflavored gelatin $ 1 1/2 cups chilled heavy cream, divided $ 9 tablespoons sugar $ 1/8 teaspoon cream of tartar $ 1/4 cup heavy cream $ 1 1/4 cups chilled pastry cream (from above) $ 1 cup (2 sticks) unsalted butter, room temperature $ 1/2 teaspoon kosher salt $ 1/4 teaspoon vanilla extract $ Chocolate Glaze $ Powdered sugar $ ",Cake $ Milk/Cream $ Mixer $ Chocolate $ Dessert $ Valentine's Day $ Bastille Day $ Anniversary $ Birthday $ Phyllo/Puff Pastry Dough $ Bon Appétit $ Peanut Free $ Tree Nut Free $ Soy Free $ ,French $ ,3/4,6,Cake $ Milk/Cream $ Mixer $ Chocolate $ Dessert $ Valentine's Day $ Bastille Day $ Anniversary $ Birthday $ Phyllo/Puff Pastry Dough $ Bon Appétit $ Peanut Free $ Tree Nut Free $ Soy Free $ French $ 
https://www.epicurious.com/recipes/food/views/orange-blossom-honey-madeleines-367764,Orange-Blossom-Honey Madeleines ,"3/4 cup all-purpose flour $ 1/2 teaspoon baking powder $ 1/8 teaspoon kosher salt $ 2 large eggs $ 1/3 cup sugar $ 2 tablespoons orange blossom honey $ 2 teaspoons vanilla extract $ 1/2 teaspoon finely grated orange zest $ 5 tablespoons unsalted butter, melted, cooled, plus more for molds $ One 16-cookie madeleine pan with 3x2"" molds $ ",Cookies $ Dessert $ Bake $ Orange $ Shower $ Honey $ Bon Appétit $ Kidney Friendly $ Vegetarian $ Pescatarian $ Peanut Free $ Tree Nut Free $ Soy Free $ Kosher $ ,French $ ,4/4,3,Cookies $ Dessert $ Bake $ Orange $ Shower $ Honey $ Bon Appétit $ Kidney Friendly $ Vegetarian $ Pescatarian $ Peanut Free $ Tree Nut Free $ Soy Free $ Kosher $ French $ 
https://www.epicurious.com/recipes/food/views/tangerine-souffle-with-citrus-coulis-367722,Tangerine Soufflé with Citrus Coulis ,"6 tangerines, peeled $ 1/4 cup fresh tangerine juice $ 3 tablespoons sugar $ 1 tablespoon (or more) fresh lemon juice $ Unsalted butter (for dish) $ 5 tablespoons plus 1/2 cup sugar, divided $ 3/4 cup fresh tangerine juice, divided $ 1 tablespoon plus 2 teaspoons cornstarch $ 2 teaspoons finely grated tangerine zest $ 1 teaspoon fresh lemon juice $ 6 large egg whites, room temperature $ 1/4 teaspoon cream of tartar $ 4 large egg yolks, room temperature $ Powdered sugar $ A 2-quart soufflé dish $ ",Blender $ Mixer $ Egg $ Dessert $ Bake $ Fall $ Tangerine $ Ramekin $ Bon Appétit $ Vegetarian $ Pescatarian $ Wheat/Gluten-Free $ Peanut Free $ Tree Nut Free $ Soy Free $ Kosher $ ,French $ ,3/4,4,Blender $ Mixer $ Egg $ Dessert $ Bake $ Fall $ Tangerine $ Ramekin $ Bon Appétit $ Vegetarian $ Pescatarian $ Wheat/Gluten-Free $ Peanut Free $ Tree Nut Free $ Soy Free $ Kosher $ French $ 
https://www.epicurious.com/recipes/food/views/thyme-gougeres-367724,Thyme Gougères ,1/4 cup (1/2 stick) unsalted butter $ 1 cup all-purpose flour $ Large pinch of cayenne pepper $ Large pinch of kosher salt $ 1 cup plus 3 tablespoons grated Gruyère $ 1/2 cup grated Asiago $ 2 teaspoons fresh thyme leaves plus more for garnish $ 5 large eggs $ ,Bread $ Cheese $ Bake $ Cocktail Party $ New Year's Eve $ Thyme $ Party $ Bon Appétit $ ,French $ ,3.5/4,37,Bread $ Cheese $ Bake $ Cocktail Party $ New Year's Eve $ Thyme $ Party $ Bon Appétit $ French $ 
https://www.epicurious.com/recipes/food/views/leeks-vinaigrette-367716,Leeks Vinaigrette ,"6 medium leeks (about 2 1/2 pounds) $ 3 tablespoons extra-virgin olive oil, divided $ 1 tablespoon unsalted butter $ 1/2 teaspoon kosher salt and freshly ground black pepper $ 1/4 cup dry white wine $ 1 cup low-salt chicken stock $ 5 sprigs thyme $ 2 tablespoons chopped flat-leaf parsley, divided $ 1 tablespoon coarse-grained Dijon mustard $ 1 tablespoon white wine vinegar $ 2 hard-boiled eggs, whites and yolks separated and chopped $ ",Egg $ Mustard $ Appetizer $ Side $ Braise $ Vegetarian $ Quick & Easy $ Leek $ Fall $ Healthy $ Bon Appétit $ Wheat/Gluten-Free $ Peanut Free $ Tree Nut Free $ Soy Free $ ,French $ ,3/4,7,Egg $ Mustard $ Appetizer $ Side $ Braise $ Vegetarian $ Quick & Easy $ Leek $ Fall $ Healthy $ Bon Appétit $ Wheat/Gluten-Free $ Peanut Free $ Tree Nut Free $ Soy Free $ French $ 
https://www.epicurious.com/recipes/food/views/summer-tomato-bouillabaisse-with-basil-rouille-366433,Summer Tomato Bouillabaisse with Basil Rouille ,"4 garlic cloves, divided $ 1/2 cup (packed) fresh basil leaves $ 1/4 cup mayonnaise $ 5 tablespoons extra-virgin olive oil, divided $ 2 anchovy fillets packed in oil, drained $ 1 tablespoon fresh lemon juice $ 4 cups (about 1 1/3 pound) cherry tomatoes $ 1 small fennel bulb, trimmed, halved, thinly sliced $ Kosher salt and freshly ground black pepper $ 1/4 cup dry white wine $ 1 8-ounce bottle clam juice $ 3 pounds mixed shellfish (such as littleneck clams, cockles, mussels), scrubbed $ 2 tablespoons chopped fresh flat-leaf parsley $ Crusty bread, sliced (for serving) $ ",Soup/Stew $ Shellfish $ Tomato $ Quick & Easy $ Bastille Day $ Backyard BBQ $ Dinner $ Lunch $ Seafood $ Clam $ Mussel $ Summer $ Bon Appétit $ Sugar Conscious $ Pescatarian $ Paleo $ Dairy Free $ Wheat/Gluten-Free $ Peanut Free $ Tree Nut Free $ Soy Free $ ,French $ French Provençal $ ,3/4,6,Soup/Stew $ Shellfish $ Tomato $ Quick & Easy $ Bastille Day $ Backyard BBQ $ Dinner $ Lunch $ Seafood $ Clam $ Mussel $ Summer $ Bon Appétit $ Sugar Conscious $ Pescatarian $ Paleo $ Dairy Free $ Wheat/Gluten-Free $ Peanut Free $ Tree Nut Free $ Soy Free $ French $ French Provençal $ 
https://www.epicurious.com/recipes/food/views/cherry-clafouti-365670,Cherry Clafouti ,"1 pound fresh cherries, stemmed and pitted, or frozen pitted cherries, thawed, drained $ 1 cup whole milk $ 1/4 cup heavy whipping cream $ 4 large eggs $ 1/2 cup all-purpose flour $ 1/2 cup sugar $ 3/4 teaspoon finely grated lemon zest $ 3/4 teaspoon vanilla extract $ 1/2 teaspoon kosher salt $ Powdered sugar $ 10"" springform cake pan or eight 2/3 or 3/4-cup ramekins or custard cups $ ",Milk/Cream $ Fruit $ Dessert $ Fourth of July $ Valentine's Day $ Mother's Day $ Cherry $ Summer $ Anniversary $ Birthday $ Shower $ Party $ Ramekin $ Bon Appétit $ Vegetarian $ Pescatarian $ Peanut Free $ Tree Nut Free $ Soy Free $ Kosher $ ,French $ ,3.5/4,21,Milk/Cream $ Fruit $ Dessert $ Fourth of July $ Valentine's Day $ Mother's Day $ Cherry $ Summer $ Anniversary $ Birthday $ Shower $ Party $ Ramekin $ Bon Appétit $ Vegetarian $ Pescatarian $ Peanut Free $ Tree Nut Free $ Soy Free $ Kosher $ French $ 
https://www.epicurious.com/recipes/food/views/blender-hollandaise-365170,Blender Hollandaise ,"1 1/4 cups (2 1/2 sticks) unsalted butter, cubed $ 2 large egg yolks $ 2 tablespoons fresh lemon juice, plus more $ Kosher salt and freshly ground black pepper $ ",Sauce $ Blender $ Egg $ Brunch $ Christmas $ Vegetarian $ Quick & Easy $ Mother's Day $ Butter $ Lemon Juice $ Bon Appétit $ Sugar Conscious $ Kidney Friendly $ Pescatarian $ Wheat/Gluten-Free $ Peanut Free $ Tree Nut Free $ Soy Free $ No Sugar Added $ Kosher $ ,French $ ,4/4,21,Sauce $ Blender $ Egg $ Brunch $ Christmas $ Vegetarian $ Quick & Easy $ Mother's Day $ Butter $ Lemon Juice $ Bon Appétit $ Sugar Conscious $ Kidney Friendly $ Pescatarian $ Wheat/Gluten-Free $ Peanut Free $ Tree Nut Free $ Soy Free $ No Sugar Added $ Kosher $ French $ 
https://www.epicurious.com/recipes/food/views/lobster-salad-with-green-beans-apple-and-avocado-364850,"Lobster Salad with Green Beans, Apple, and Avocado ","3 tablespoons coarse sea salt $ 10 ounces slim haricots verts (green beans), trimmed at both ends and cut into 1/2-inch pieces (2 cups) $ 1 cup Greek-style yogurt $ 1 tablespoon imported French mustard $ 1/4 teaspoon fine sea salt $ 1/4 cup minced fresh chives $ 1 Granny Smith apple, cored, and cut into 1/4-inch cubes (do not peel) $ 1 large ripe avocado, halved, pitted, peeled, and cut into 1/4-inch cubes $ 1 pound (2 cups) cooked lobster meat, cut into bite-sized pieces $ Equipment: A 5-quart pasta pot fitted with a colander; 4 chilled large dinner plates $ ",Salad $ Quick & Easy $ Yogurt $ Dinner $ Lunch $ Apple $ Seafood $ Lobster $ Avocado $ Green Bean $ Spring $ Summer $ Healthy $ Pescatarian $ Wheat/Gluten-Free $ Peanut Free $ Soy Free $ No Sugar Added $ ,French $ ,3/4,12,Salad $ Quick & Easy $ Yogurt $ Dinner $ Lunch $ Apple $ Seafood $ Lobster $ Avocado $ Green Bean $ Spring $ Summer $ Healthy $ Pescatarian $ Wheat/Gluten-Free $ Peanut Free $ Soy Free $ No Sugar Added $ French $ 
https://www.epicurious.com/recipes/food/views/croques-monsieur-364771,Croques Monsieur ,"1 stick salted butter, softened $ 8 slices pain de mie or firm white bread $ 8 ounces Gruyère cheese, 16 thin slices with rind removed $ 8 (1-ounce) slices smoked ham $ ",Sandwich $ Cheese $ Appetizer $ Bake $ Cocktail Party $ Quick & Easy $ Wedding $ Lunch $ Ham $ Shower $ Engagement Party $ Sugar Conscious $ Kidney Friendly $ Peanut Free $ Tree Nut Free $ Soy Free $ ,French $ ,4/4,2,Sandwich $ Cheese $ Appetizer $ Bake $ Cocktail Party $ Quick & Easy $ Wedding $ Lunch $ Ham $ Shower $ Engagement Party $ Sugar Conscious $ Kidney Friendly $ Peanut Free $ Tree Nut Free $ Soy Free $ French $ 
https://www.epicurious.com/recipes/food/views/peanut-dacquoise-with-peanut-butter-mousse-364651,Peanut Dacquoise with Peanut Butter Mousse ,"1 1/4 cups roasted spanish salted peanuts with skin (6 to 6 1/2 ounces), divided $ 3/4 cup sugar, divided $ 6 large egg whites $ 1/8 teaspoon cream of tartar pinch of coarse kosher salt $ 1/2 cup chunky natural-style peanut butter $ 1/4 cup (packed) golden brown sugar $ Pinch of coarse kosher salt $ 1 cup chilled heavy whipping cream, divided $ 1 tablespoon sugar $ 1 teaspoon vanilla extract $ 1/4 cup natural unsweetened cocoa powder $ 1/4 cup sugar $ 1 cup heavy whipping cream $ 1 1/3 cups bittersweet chocolate chips $ ",Milk/Cream $ Blender $ Mixer $ Chocolate $ Egg $ Dessert $ High Fiber $ Oscars $ Bastille Day $ Peanut $ Chill $ Party $ Bon Appétit $ Vegetarian $ Pescatarian $ Wheat/Gluten-Free $ Tree Nut Free $ Soy Free $ Kosher $ ,French $ ,3.5/4,15,Milk/Cream $ Blender $ Mixer $ Chocolate $ Egg $ Dessert $ High Fiber $ Oscars $ Bastille Day $ Peanut $ Chill $ Party $ Bon Appétit $ Vegetarian $ Pescatarian $ Wheat/Gluten-Free $ Tree Nut Free $ Soy Free $ Kosher $ French $ 
https://www.epicurious.com/recipes/food/views/french-apple-tart-363307,French Apple Tart ,"2 cups all-purpose flour $ 1/2 teaspoon kosher salt $ 1 tablespoon sugar $ 12 tablespoons (1 1/2 sticks) cold unsalted butter, diced $ 1/2 cup ice water $ 4 Granny Smith apples $ 1/2 cup sugar $ 4 tablespoons (1/2 stick) cold unsalted butter, small-diced $ 1/2 cup apricot jelly or warm sieved apricot jam (see note) $ 2 tablespoons Calvados, rum, or water $ ",Dessert $ Bake $ Bastille Day $ Apple $ Fall $ Butter $ Kidney Friendly $ Vegetarian $ Pescatarian $ Peanut Free $ Tree Nut Free $ Soy Free $ Kosher $ ,French $ ,4/4,23,Dessert $ Bake $ Bastille Day $ Apple $ Fall $ Butter $ Kidney Friendly $ Vegetarian $ Pescatarian $ Peanut Free $ Tree Nut Free $ Soy Free $ Kosher $ French $ 
https://www.epicurious.com/recipes/food/views/warm-onion-tart-with-thyme-363302,Warm Onion Tart with Thyme ,"1 Spanish onion $ 1 tablespoon unsalted butter $ 1 tablespoon fresh thyme leaves $ Salt and freshly ground black pepper $ 1 sheet frozen puff pastry, thawed according to package directions $ ",Onion $ Bake $ Fall $ Winter $ Thyme $ Party $ Phyllo/Puff Pastry Dough $ ,French $ European $ ,3/4,3,Onion $ Bake $ Fall $ Winter $ Thyme $ Party $ Phyllo/Puff Pastry Dough $ French $ European $ 
https://www.epicurious.com/recipes/food/views/cold-provencal-white-bean-salad-363392,Cold Provençal White Bean Salad ,"2 cups dried small white beans $ 6 cups water $ 1/4 cup white wine vinegar $ 1/2 cup olive oil $ 2 tablespoons Dijon mustard $ 2 cloves garlic, pressed $ 4 green onions, green part only, very thinly sliced $ 1 cup Mediterranean-style olives, pitted and halved $ Salt and freshly ground black pepper to taste $ 6 to 8 large lettuce leaves $ 2 small tomatoes, cut into wedges, for garnish $ ",Soup/Stew $ Slow Cooker $ Bean $ Legume $ ,French $ European $ French Provençal $ ,2.5/4,4,Soup/Stew $ Slow Cooker $ Bean $ Legume $ French $ European $ French Provençal $ 
https://www.epicurious.com/recipes/food/views/balsamic-roasted-tomato-and-goat-cheese-crisps-363383,Balsamic Roasted Tomato and Goat Cheese Crisps ,"8 cherry tomatoes $ 2 teaspoons balsamic vinegar $ Salt and black pepper $ 1/4 cup canned white kidney or cannellini beans, drained and rinsed $ 1/2 teaspoon olive oil $ 4 large whole-grain crisp crackers $ 1 ounce reduced-fat goat cheese, crumbled $ 8 baby arugula leaves $ ",Cheese $ Dairy $ Tomato $ Bake $ Cocktail Party $ Quick & Easy $ Vinegar $ Goat Cheese $ Summer $ Party $ ,French $ European $ ,0/4,0,Cheese $ Dairy $ Tomato $ Bake $ Cocktail Party $ Quick & Easy $ Vinegar $ Goat Cheese $ Summer $ Party $ French $ European $ 
https://www.epicurious.com/recipes/food/views/fosters-omelets-363370,Foster's Omelets ,3 large eggs $ Salt and freshly ground black pepper to taste $ 1 1/2 tablespoons unsalted butter $ ,Egg $ Breakfast $ Brunch $ Lunch $ Sugar Conscious $ Vegetarian $ Pescatarian $ Wheat/Gluten-Free $ Peanut Free $ Tree Nut Free $ Soy Free $ No Sugar Added $ Kosher $ ,French $ European $ ,0/4,0,Egg $ Breakfast $ Brunch $ Lunch $ Sugar Conscious $ Vegetarian $ Pescatarian $ Wheat/Gluten-Free $ Peanut Free $ Tree Nut Free $ Soy Free $ No Sugar Added $ Kosher $ French $ European $ 
https://www.epicurious.com/recipes/food/views/chocolate-chip-madeleines-364129,Chocolate Chip Madeleines ,"10 tablespoons unsalted butter, plus extra for greasing $ 2 tablespoons of your favorite honey $ 3 extra-large free-range eggs $ 2/3 cup superfine sugar $ 1 cup self-rising flour, plus extra for dusting $ 3 1/2 oz dark (70% cocoa solids) chocolate, chopped into very small pieces $ ",Cookies $ Chocolate $ Dessert $ Bake $ Valentine's Day $ Kidney Friendly $ Vegetarian $ Pescatarian $ Peanut Free $ Tree Nut Free $ Soy Free $ Kosher $ ,French $ ,3.5/4,5,Cookies $ Chocolate $ Dessert $ Bake $ Valentine's Day $ Kidney Friendly $ Vegetarian $ Pescatarian $ Peanut Free $ Tree Nut Free $ Soy Free $ Kosher $ French $ 
https://www.epicurious.com/recipes/food/views/mixed-greens-with-mustard-dressing-364091,Mixed Greens with Mustard Dressing ,"2 tablespoons white wine vinegar $ 2 tablespoons whole grain dijon mustard $ 2 tablespoons minced shallot $ 1 garlic clove, minced $ 1/4 cup extra-virgin olive oil $ 6 cups frisée, torn into bite-size pieces $ 2 cups torn radicchio leaves $ 2 large heads of Belgian endive, cut crosswise into 1/2-inch strips $ 2 tablespoons chopped fresh chives $ 2 tablespoons coarsely chopped fresh cilantro $ 2 tablespoons fresh tarragon leaves $ ",Salad $ Leafy Green $ Mustard $ Side $ Vegetarian $ Quick & Easy $ Low Cal $ High Fiber $ Healthy $ Low Cholesterol $ Endive $ Radicchio $ Bon Appétit $ Sugar Conscious $ Vegan $ Pescatarian $ Paleo $ Dairy Free $ Wheat/Gluten-Free $ Peanut Free $ Tree Nut Free $ Soy Free $ No Sugar Added $ Kosher $ ,French $ ,3.5/4,6,Salad $ Leafy Green $ Mustard $ Side $ Vegetarian $ Quick & Easy $ Low Cal $ High Fiber $ Healthy $ Low Cholesterol $ Endive $ Radicchio $ Bon Appétit $ Sugar Conscious $ Vegan $ Pescatarian $ Paleo $ Dairy Free $ Wheat/Gluten-Free $ Peanut Free $ Tree Nut Free $ Soy Free $ No Sugar Added $ Kosher $ French $ 
https://www.epicurious.com/recipes/food/views/roasted-pears-with-blackberries-ricotta-and-lavender-sugar-364071,"Roasted Pears with Blackberries, Ricotta, and Lavender Sugar ","1 1/2 cups sugar $ 1 tablespoon dried lavender blossoms $ 6 unpeeled pears (such as Bosc or Bartlett), quartered, cored $ 2 tablespoons fresh lemon juice $ 1 12-ounce package frozen blackberries $ 1 cup fresh whole-milk ricotta cheese, crème fraîche, or vanilla ice cream $ Ingredient info: Look for dried lavender blossoms at ssupermarkets, farmers' markets, and natural foods stores, or order them from deandeluca.com. $ ",Food Processor $ Dessert $ Roast $ Low Fat $ High Fiber $ Ricotta $ Blackberry $ Pear $ Winter $ Bon Appétit $ Vegetarian $ Pescatarian $ Wheat/Gluten-Free $ Peanut Free $ Tree Nut Free $ Soy Free $ Kosher $ ,French $ ,3.5/4,6,Food Processor $ Dessert $ Roast $ Low Fat $ High Fiber $ Ricotta $ Blackberry $ Pear $ Winter $ Bon Appétit $ Vegetarian $ Pescatarian $ Wheat/Gluten-Free $ Peanut Free $ Tree Nut Free $ Soy Free $ Kosher $ French $ 
https://www.epicurious.com/recipes/food/views/mushroom-croque-monsieur-364090,Mushroom Croque-Monsieur ,"1 1/2 tablespoons butter $ 1 1/2 tablespoons all purpose flour $ 1 1/2 cups whole milk $ 1 bay leaf $ 1/2 cup finely grated Parmesan cheese $ Pinch of freshly grated nutmeg $ Hot pepper sauce $ 1 8-ounce package crimini (baby bella) or button mushrooms, trimmed $ 7 tablespoons butter, room temperature, divided $ 2 tablespoons minced shallot $ 12 1/3-inch-thick slices egg bread $ 6 thin ham slices $ 12 ounces Gruyère cheese; 9 ounces thinly sliced, 3 ounces grated $ 2 tablespoons grated Parmesan cheese $ Fresh tarragon leaves (optional) $ ",Sandwich $ Mushroom $ Lunch $ Parmesan $ Ham $ Bon Appétit $ Sandwich Theory $ Peanut Free $ Tree Nut Free $ Soy Free $ ,French $ ,3.5/4,8,Sandwich $ Mushroom $ Lunch $ Parmesan $ Ham $ Bon Appétit $ Sandwich Theory $ Peanut Free $ Tree Nut Free $ Soy Free $ French $ 
https://www.epicurious.com/recipes/food/views/oxtail-bourguinonne-363718,Oxtail Bourguinonne ,"8 slices fatty bacon, chopped $ Olive oil $ 3 large fresh Italian parsley sprigs $ 3 large fresh thyme sprigs $ 2 large fresh bay leaves, bruised $ 1 tablespoon plus 1 1/2 cups all purpose flour $ 1 tablespoon butter $ 1/4 teaspoon ground nutmeg $ 4 to 4 1/4 pounds meaty oxtail pieces, trimmed of excess fat $ 2 cups chopped onions $ 1 cup diced carrot plus 6 medium carrots, cut into 2-inch chunks $ 4 large garlic cloves, peeled; 1 minced, 3 left whole $ 1 3/4 cups beef broth $ 1 1/2 cups red Burgundy wine (such as Beaujolais) $ 1 pound crimini (baby bella) mushrooms, cut into 1/4-inch-thick slices $ 12 small (1-inch-diameter) shallots, blanched 1 minute, peeled $ ",Soup/Stew $ Wine $ Beef $ Braise $ Stew $ Low Cal $ High Fiber $ Bon Appétit $ ,French $ European $ ,3.5/4,15,Soup/Stew $ Wine $ Beef $ Braise $ Stew $ Low Cal $ High Fiber $ Bon Appétit $ French $ European $ 
https://www.epicurious.com/recipes/food/views/boiled-peanut-beurre-blanc-363609,Boiled-Peanut Beurre Blanc ,"2 shallots, minced (about 1/4 cup) $ 1 cup champagne vinegar $ 1 cup white wine $ Small bouquet of fresh thyme and tarragon sprigs tied together with kitchen twine $ 3 black peppercorns $ 1/4 pound (1 stick) unsalted butter, cut into very small cubes and chilled $ 1 tablespoon gremolata (equal parts minced garlic, parsley, and lemon zest) $ 1/2 cup shelled boiled peanuts $ Salt and ground black pepper $ ",Sauce $ Mardi Gras $ Peanut $ Butter $ Athens $ Georgia $ ,French $ Southern $ ,1/4,2,Sauce $ Mardi Gras $ Peanut $ Butter $ Athens $ Georgia $ French $ Southern $ 
https://www.epicurious.com/recipes/food/views/french-macaroons-with-raspberry-rose-buttercream-362972,French Macarons with Raspberry-Rose Buttercream ,"2 cups powdered sugar $ 1 cup (lightly packed) sifted almond flour, or 3/4 cup sifted almond flour and 1/4 cup sifted hazelnut flour (sifted, then measured; any coarse particles reserved for another use) $ 1/2 cup (scant) egg whites (from about 3 large eggs) $ 2 tablespoons plus 1/2 teaspoon sugar $ 4 cups frozen raspberries (about 15 ounces; do not thaw) $ 1 cup plus 6 tablespoons sugar, divided $ 1/4 cup egg whites (from about 2 large eggs), room temperature $ 10 tablespoons (1 1/4 sticks) unsalted butter, cut into 1-inch pieces, room temperature $ 1/4 teaspoon (generous) rose water $ Pastry bag $ 1/4-inch-diameter plain pastry tip $ Heavy-duty stand mixer $ Candy thermometer $ ",Cookies $ Berry $ Egg $ Fruit $ Nut $ Dessert $ Bake $ Wedding $ Raspberry $ Tree Nut $ Almond $ Engagement Party $ Party $ Boil $ Candy Thermometer $ Bon Appétit $ Kidney Friendly $ ,French $ European $ ,3.5/4,18,Cookies $ Berry $ Egg $ Fruit $ Nut $ Dessert $ Bake $ Wedding $ Raspberry $ Tree Nut $ Almond $ Engagement Party $ Party $ Boil $ Candy Thermometer $ Bon Appétit $ Kidney Friendly $ French $ European $ 
https://www.epicurious.com/recipes/food/views/apple-frangipane-galette-363437,Apple-Frangipane Galette ,"6 medium apples (3 pounds/1.5 kg) $ Galette dough (page 231) $ Frangipane (page 234) $ 2 tablespoons (1 ounce/30 g) unsalted or salted butter, melted $ 4 tablespoons (60 g) granulated or coarse-crystal sugar $ ",Dessert $ Bake $ Apple $ Almond $ ,French $ ,0/4,0,Dessert $ Bake $ Apple $ Almond $ French $ 
https://www.epicurious.com/recipes/food/views/brioche-363478,Brioche ,"3 cups plus 2 tablespoons (14.1 ounces/400g) white bread flour, plus extra for dusting $ 1 1/2 teaspoons (0.18 ounce/5g) instant yeast $ 2 teaspoons (0.35 ounce/10g) fine salt $ 6 tablespoons warm milk $ 2 tablespoons (1 ounce/28g) superfine sugar $ 1 medium free-range egg $ 2 tablespoons milk $ ",Bread $ Food Processor $ Mixer $ Brunch $ Side $ Bake $ Bastille Day $ Party $ Advance Prep Required $ Vegetarian $ Pescatarian $ Peanut Free $ Tree Nut Free $ Soy Free $ Kosher $ ,French $ European $ ,1.5/4,3,Bread $ Food Processor $ Mixer $ Brunch $ Side $ Bake $ Bastille Day $ Party $ Advance Prep Required $ Vegetarian $ Pescatarian $ Peanut Free $ Tree Nut Free $ Soy Free $ Kosher $ French $ European $ 
https://www.epicurious.com/recipes/food/views/maple-pots-de-creme-with-almond-praline-361272,Maple Pots de Crème with Almond Praline ,6 large egg yolks $ 1/3 cup maple sugar $ 2 tablespoons (packed) dark brown sugar $ 1/8 teaspoon imitation maple extract $ Pinch of coarse kosher salt $ 1 1/2 cups heavy whipping cream $ 2 tablespoons sliced almonds $ 3 tablespoons sugar $ 1 tablespoon water $ 1 teaspoon light corn syrup $ Pinch of coarse kosher salt $ 4 3/4-cup ramekins or custard cups $ ,Mixer $ Egg $ Dessert $ Bake $ Almond $ Fall $ Chill $ Maple Syrup $ Ramekin $ Bon Appétit $ Kidney Friendly $ Vegetarian $ Pescatarian $ Wheat/Gluten-Free $ Peanut Free $ Soy Free $ Kosher $ ,French $ ,3.5/4,14,Mixer $ Egg $ Dessert $ Bake $ Almond $ Fall $ Chill $ Maple Syrup $ Ramekin $ Bon Appétit $ Kidney Friendly $ Vegetarian $ Pescatarian $ Wheat/Gluten-Free $ Peanut Free $ Soy Free $ Kosher $ French $ 
https://www.epicurious.com/recipes/food/views/quick-coq-au-vin-361231,Quick Coq au Vin ,"4 bacon slices, coarsely chopped $ 4 skinless boneless chicken breast halves $ 3 tablespoons chopped fresh Italian parsley, divided $ 8 ounces large crimini (baby bella) mushrooms, halved $ 8 large shallots, peeled, halved through root end $ 2 garlic cloves, pressed $ 1 1/2 cups dry red wine (such as Syrah) $ 1 1/2 cups low-salt chicken broth, divided $ 4 teaspoons all purpose flour $ ",Chicken $ Mushroom $ Sauté $ Low Fat $ Quick & Easy $ Low Cal $ Dinner $ Bacon $ Red Wine $ Fall $ Healthy $ Bon Appétit $ Dairy Free $ Peanut Free $ Tree Nut Free $ Soy Free $ ,French $ ,3.5/4,109,Chicken $ Mushroom $ Sauté $ Low Fat $ Quick & Easy $ Low Cal $ Dinner $ Bacon $ Red Wine $ Fall $ Healthy $ Bon Appétit $ Dairy Free $ Peanut Free $ Tree Nut Free $ Soy Free $ French $ 
https://www.epicurious.com/recipes/food/views/trout-fillets-with-mint-pipian-361210,Trout Fillets with Mint Pipián ,"2 tablespoons extra-virgin olive oil, divided $ 3 tablespoons raw pumpkin seeds (pepitas) $ 1 large fresh poblano chile, stemmed, seeded, diced (about 1 cup) $ 1/2 cup chopped white onion $ 2 medium tomatillos, husked, rinsed, diced $ 3 tablespoons chopped fresh mint plus small sprigs (for garnish) $ 1 tablespoon (or more) fresh lime juice plus lime wedges (for garnish) $ 2 whole 12-ounce trout, boned, butterflied, halved lengthwise $ ",Onion $ Quick & Easy $ Low Cal $ Dinner $ Mint $ Trout $ Pumpkin $ Tomatillo $ Bon Appétit $ Sugar Conscious $ Pescatarian $ Paleo $ Dairy Free $ Wheat/Gluten-Free $ Peanut Free $ Tree Nut Free $ Soy Free $ No Sugar Added $ Kosher $ ,French $ ,3/4,1,Onion $ Quick & Easy $ Low Cal $ Dinner $ Mint $ Trout $ Pumpkin $ Tomatillo $ Bon Appétit $ Sugar Conscious $ Pescatarian $ Paleo $ Dairy Free $ Wheat/Gluten-Free $ Peanut Free $ Tree Nut Free $ Soy Free $ No Sugar Added $ Kosher $ French $ 
https://www.epicurious.com/recipes/food/views/gougeres-361149,Gougères ,"1/2 cup whole milk $ 1/2 cup water $ 8 tablespoons (1 stick) unsalted butter, cut into 4 pieces $ 1/2 teaspoon salt $ 1 cup all-purpose flour $ 5 large eggs, at room temperature $ 1 1/2 cups coarsely grated cheese, such as Gruyère or cheddar (about 6 ounces; see above) $ ",Milk/Cream $ Cheese $ Bake $ Cocktail Party $ Bastille Day $ Party $ ,French $ ,3/4,24,Milk/Cream $ Cheese $ Bake $ Cocktail Party $ Bastille Day $ Party $ French $ 
https://www.epicurious.com/recipes/food/views/pumpkin-stuffed-with-everything-good-361169,Pumpkin Stuffed with Everything Good ,"1 pumpkin, about 3 pounds $ Salt and freshly ground pepper $ 1/4 pound stale bread, thinly sliced and cut into 1/2-inch chunks $ 1/4 pound cheese, such as Gruyère, Emmenthal, cheddar, or a combination, cut into 1/2-inch chunks $ 2-4 garlic cloves (to taste), split, germ removed, and coarsely chopped $ 4 slices bacon, cooked until crisp, drained, and chopped (my addition) $ About 1/4 cup snipped fresh chives or sliced scallions (my addition) $ 1 tablespoon minced fresh thyme (my addition) $ About 1/3 cup heavy cream $ Pinch of freshly grated nutmeg $ ",Cheese $ Side $ Bake $ Thanksgiving $ Bacon $ Pumpkin $ Peanut Free $ Tree Nut Free $ Soy Free $ ,French $ ,3.5/4,158,Cheese $ Side $ Bake $ Thanksgiving $ Bacon $ Pumpkin $ Peanut Free $ Tree Nut Free $ Soy Free $ French $ 
https://www.epicurious.com/recipes/food/views/saffron-rice-pilaf-em-riz-au-safran-em-360510,Saffron Rice Pilaf (Riz au Safran) ,"Pinch of saffron $ 3 tablespoons olive oil $ 1 large onion, finely chopped $ 1/2 cup pine nuts, almonds, or pistachios $ 1 cup long-grain rice $ 1/4 teaspoon freshly grated nutmeg $ 1 bay leaf $ 1 teaspoon salt, or to taste $ Freshly ground pepper to taste $ ",Side $ Vegetarian $ Rosh Hashanah/Yom Kippur $ Dinner $ Pine Nut $ Saffron $ Healthy $ Sugar Conscious $ Vegan $ Pescatarian $ Dairy Free $ Wheat/Gluten-Free $ Peanut Free $ Soy Free $ No Sugar Added $ Kosher $ ,French $ Jewish $ ,3/4,3,Side $ Vegetarian $ Rosh Hashanah/Yom Kippur $ Dinner $ Pine Nut $ Saffron $ Healthy $ Sugar Conscious $ Vegan $ Pescatarian $ Dairy Free $ Wheat/Gluten-Free $ Peanut Free $ Soy Free $ No Sugar Added $ Kosher $ French $ Jewish $ 
https://www.epicurious.com/recipes/food/views/italian-plum-tart-em-tarte-aux-quetsches-em-360490,Italian Plum Tart (Tarte aux Quetsches) ,"1 cup all-purpose flour $ 1 tablespoon sugar $ 1/8 teaspoon salt $ 1 stick (8 tablespoons) unsalted butter or pareve margarine, cut into 8 pieces $ 1 egg yolk $ 3 tablespoons plum or other fruit jam $ 1 tablespoon brandy $ 1 1/2 pounds Italian blue plums $ 1/2 teaspoon ground cinnamon $ 1 teaspoon grated lemon zest $ 1/4 cup sugar $ ",Dessert $ Bake $ Rosh Hashanah/Yom Kippur $ Plum $ Butter $ Kidney Friendly $ Vegetarian $ Pescatarian $ Peanut Free $ Tree Nut Free $ Soy Free $ Kosher $ ,French $ Jewish $ ,3/4,7,Dessert $ Bake $ Rosh Hashanah/Yom Kippur $ Plum $ Butter $ Kidney Friendly $ Vegetarian $ Pescatarian $ Peanut Free $ Tree Nut Free $ Soy Free $ Kosher $ French $ Jewish $ 
https://www.epicurious.com/recipes/food/views/green-beans-and-zucchini-with-sauce-verte-359389,Green Beans and Zucchini with Sauce Verte ,"1/3 cup (packed) fresh basil leaves $ 1 green onion, coarsely chopped $ 2 tablespoons (packed) fresh Italian parsley $ 2 tablespoons drained capers $ 1 tablespoon fresh lemon juice $ 2 teaspoons Dijon mustard $ 1 garlic clove, peeled $ 3 tablespoons extra-virgin olive oil $ 1 tablespoon olive oil $ 1 pound green beans, stem end trimmed $ 12 ounces zucchini, halved lengthwise, each half cut lengthwise into 1/3-inch-wide strips $ 3 tablespoons water $ 2 tablespoons fresh Italian parsley leaves (for garnish) $ ",Blender $ Side $ Quick & Easy $ Backyard BBQ $ Dinner $ Lunch $ Basil $ Green Bean $ Zucchini $ Summer $ Parsley $ Capers $ Bon Appétit $ Vegan $ Vegetarian $ Pescatarian $ Paleo $ Dairy Free $ Wheat/Gluten-Free $ Peanut Free $ Tree Nut Free $ Soy Free $ No Sugar Added $ Kosher $ ,French $ ,3/4,46,Blender $ Side $ Quick & Easy $ Backyard BBQ $ Dinner $ Lunch $ Basil $ Green Bean $ Zucchini $ Summer $ Parsley $ Capers $ Bon Appétit $ Vegan $ Vegetarian $ Pescatarian $ Paleo $ Dairy Free $ Wheat/Gluten-Free $ Peanut Free $ Tree Nut Free $ Soy Free $ No Sugar Added $ Kosher $ French $ 
https://www.epicurious.com/recipes/food/views/volcano-surprise-with-lemon-mousseline-cake-359009,Volcano Surprise with Lemon Mousseline Cake ,"6 large eggs, separated $ 1/2 cup granulated sugar $ 2 teaspoons grated lemon rind $ 1 teaspoon vanilla extract $ 1/2 cup potato starch (3 to 3 1/2 ounces) $ 1/4 cup all-purpose flour $ 1 tablespoon unsalted butter (for buttering pan and platter) $ 1 quart vanilla ice cream $ 3 tablespoons cognac $ 8 egg whites from large eggs $ 4 egg yolks, beaten with a fork $ 1/2 teaspoon vanilla extract $ 1 cup granulated sugar $ Hollowed-out shell of 1/2 lemon $ 1 tablespoon confectioners' sugar, for dusting the cake $ 1/3 cup warm cognac $ ",Egg $ Dessert $ Bastille Day $ Lemon $ Party $ Kidney Friendly $ Vegetarian $ Pescatarian $ Peanut Free $ Tree Nut Free $ Soy Free $ Kosher $ ,French $ ,1/4,1,Egg $ Dessert $ Bastille Day $ Lemon $ Party $ Kidney Friendly $ Vegetarian $ Pescatarian $ Peanut Free $ Tree Nut Free $ Soy Free $ Kosher $ French $ 
https://www.epicurious.com/recipes/food/views/almond-floating-islands-with-custard-sauce-358991,Almond Floating Islands with Custard Sauce ,"1 1/2 cups milk $ 2 teaspoons cornstarch $ 1/3 cup sugar $ 3 egg yolks from large eggs $ 1/2 cup cold heavy cream $ 1 teaspoon vanilla extract $ 3 tablespoons dark rum $ 1/2 sugar $ 5 tablespoons water $ 2 tablespoons unsalted butter $ 6 egg whites from large eggs $ 1/2 cup sugar $ 1/2 cup toasted sliced almonds, chopped coarse $ Toasted sliced almonds $ ",Milk/Cream $ Egg $ Dessert $ Bastille Day $ Almond $ Kidney Friendly $ Vegetarian $ Pescatarian $ Wheat/Gluten-Free $ Peanut Free $ Soy Free $ Kosher $ ,French $ ,3.5/4,4,Milk/Cream $ Egg $ Dessert $ Bastille Day $ Almond $ Kidney Friendly $ Vegetarian $ Pescatarian $ Wheat/Gluten-Free $ Peanut Free $ Soy Free $ Kosher $ French $ 
https://www.epicurious.com/recipes/food/views/cantal-cheese-tart-358553,Cantal Cheese Tart ,"1 1/4 cups all purpose flour $ 1/4 teaspoon salt $ 6 tablespoons (3/4 stick) chilled unsalted butter, diced $ 3 tablespoons (or more) ice water $ 1 tablespoon unsalted butter $ 1/2 cup chopped shallots (about 2 large) $ 1 1/4 cups heavy whipping cream $ 3 large eggs $ 1/8 teaspoon (scant) freshly ground black pepper $ 1/8 teaspoon (scant) freshly grated nutmeg $ Pinch of salt $ 2 cups coarsely grated rindless Cantal cheese (about 7 ounces) $ ",Milk/Cream $ Food Processor $ Cheese $ Brunch $ Bake $ Vegetarian $ Lunch $ Potluck $ Shallot $ Bon Appétit $ Sugar Conscious $ Kidney Friendly $ Pescatarian $ Peanut Free $ Tree Nut Free $ Soy Free $ No Sugar Added $ Kosher $ ,French $ ,3.5/4,13,Milk/Cream $ Food Processor $ Cheese $ Brunch $ Bake $ Vegetarian $ Lunch $ Potluck $ Shallot $ Bon Appétit $ Sugar Conscious $ Kidney Friendly $ Pescatarian $ Peanut Free $ Tree Nut Free $ Soy Free $ No Sugar Added $ Kosher $ French $ 
https://www.epicurious.com/recipes/food/views/sauce-ravigote-358570,Sauce Ravigote ,"6 tablespoons Sherry wine vinegar $ 2 tablespoons Dijon mustard $ 1 cup (scant) sunflower oil or safflower oil $ 1/4 cup chopped fresh tarragon $ 1/4 cup chopped fresh Italian parsley $ 1/4 cup chopped drained capers $ 1/4 cup chopped shallot $ 1/4 cup chopped sweet gherkin pickles $ 4 hard-boiled eggs, peeled, chopped $ ",Sauce $ Egg $ Herb $ Mustard $ Quick & Easy $ Shallot $ Parsley $ Bon Appétit $ ,French $ ,0/4,1,Sauce $ Egg $ Herb $ Mustard $ Quick & Easy $ Shallot $ Parsley $ Bon Appétit $ French $ 
https://www.epicurious.com/recipes/food/views/butchers-salad-with-sauce-ravigote-358552,Butcher's Salad with Sauce Ravigote ,"4 pounds cross-cut beef shank pieces with bone (each about 2 inches thick) $ 1 to 1 1/4 pounds beef short ribs $ 2 large leeks, white and pale green parts only, split lengthwise $ 2 large celery stalks, halved $ 1 large carrot, peeled $ 12 whole black peppercorns $ 8 whole allspice berries $ 6 large fresh thyme sprigs $ 5 large fresh Italian parsley sprigs $ 1 Turkish bay leaf $ 3 garlic cloves, peeled $ 12 cups (or more) cold water $ 3 pounds medium Yukon Gold potatoes, peeled, quartered $ 8 large carrots, peeled, cut into 2-inch pieces $ Sauce Ravigote $ ",Salad $ Potato $ Steam $ High Fiber $ Father's Day $ Dinner $ Lunch $ Beef Shank $ Leek $ Carrot $ Simmer $ Bon Appétit $ Wheat/Gluten-Free $ Peanut Free $ Tree Nut Free $ Soy Free $ No Sugar Added $ ,French $ ,3/4,1,Salad $ Potato $ Steam $ High Fiber $ Father's Day $ Dinner $ Lunch $ Beef Shank $ Leek $ Carrot $ Simmer $ Bon Appétit $ Wheat/Gluten-Free $ Peanut Free $ Tree Nut Free $ Soy Free $ No Sugar Added $ French $ 
https://www.epicurious.com/recipes/food/views/beet-and-cabbage-salads-358592,Beet and Cabbage Salads ,"2 tablespoons Sherry wine vinegar $ 2 teaspoons Dijon mustard $ 5 tablespoons safflower oil $ 3 large raw beets, peeled, coarsely grated $ 1/4 cup distilled white vinegar $ 1 tablespoon soy sauce $ 1 tablespoon sugar $ 5 tablespoons safflower oil $ 6 cups very thinly sliced green cabbage $ 2 tablespoons chopped fresh mint $ ",Salad $ Side $ Christmas $ Picnic $ Vegetarian $ Quick & Easy $ Low Cal $ High Fiber $ Beet $ Healthy $ Low Cholesterol $ Cabbage $ Christmas Eve $ Potluck $ Soy Sauce $ Bon Appétit $ Vegan $ Pescatarian $ Dairy Free $ Peanut Free $ Tree Nut Free $ Kosher $ ,French $ ,3.5/4,12,Salad $ Side $ Christmas $ Picnic $ Vegetarian $ Quick & Easy $ Low Cal $ High Fiber $ Beet $ Healthy $ Low Cholesterol $ Cabbage $ Christmas Eve $ Potluck $ Soy Sauce $ Bon Appétit $ Vegan $ Pescatarian $ Dairy Free $ Peanut Free $ Tree Nut Free $ Kosher $ French $ 
https://www.epicurious.com/recipes/food/views/pimient-despelette-mayonnaise-358491,Pimient d'Espelette Mayonnaise ,1 1/2 tablespoons finely chopped shallot $ 2 teaspoons fresh lemon juice $ 2 teaspoons Sherry wine vinegar $ 1 1/2 teaspoons finely grated lime peel $ 1 cup mayonnaise $ 1 teaspoon piment d'Espelette $ Coarse sea salt $ Freshly ground black pepper $ ,Sauce $ Quick & Easy $ Mayonnaise $ Lemon $ Shallot $ Bon Appétit $ ,French $ ,4/4,7,Sauce $ Quick & Easy $ Mayonnaise $ Lemon $ Shallot $ Bon Appétit $ French $ 
https://www.epicurious.com/recipes/food/views/jacquess-french-potato-salad-358334,Jacques's French Potato Salad ,"2 pounds fingerling potatoes or other small waxy potatoes $ 1/2 cup or so extra-virgin olive oil $ 1/2 cup 1/4-inch slices of scallion, green and white parts $ 1/2 cup chopped onion $ 3 cloves garlic, mashed and coarsely chopped (1 1/2 tsp) $ 1/3 cup white wine $ 1 1/2 tablespoons Dijon-style mustard $ 2 to 3 tablespoons chopped chives $ 2 tablespoons or more coarsely chopped fresh green or purple basil, fresh tarragon, or parsley $ 1 teaspoon kosher salt, plus more if needed $ 1/2 teaspoon freshly cracked black pepper (coarse), plus more if needed $ Large radicchio leaves, about 6, from the outside of the head $ 1 or 2 hard-boiled eggs, coarsely chopped $ Chopped fresh parsley $ ",Salad $ Wine $ Egg $ Mustard $ Olive $ Onion $ Potato $ Side $ Fourth of July $ Picnic $ Backyard BBQ $ Lunch $ Basil $ Family Reunion $ Tarragon $ Parsley $ Boil $ Radicchio $ Sugar Conscious $ Vegetarian $ Pescatarian $ Wheat/Gluten-Free $ Peanut Free $ Tree Nut Free $ Soy Free $ Kosher $ ,French $ ,4/4,28,Salad $ Wine $ Egg $ Mustard $ Olive $ Onion $ Potato $ Side $ Fourth of July $ Picnic $ Backyard BBQ $ Lunch $ Basil $ Family Reunion $ Tarragon $ Parsley $ Boil $ Radicchio $ Sugar Conscious $ Vegetarian $ Pescatarian $ Wheat/Gluten-Free $ Peanut Free $ Tree Nut Free $ Soy Free $ Kosher $ French $ 
https://www.epicurious.com/recipes/food/views/wild-mushroom-and-roasted-garlic-sandwich-358375,Wild Mushroom and Roasted Garlic Sandwich ,"About 1/4 cup extra virgin olive oil $ 2 tablespoons unsalted butter $ 1 pound mixed wild and domestic mushrooms, such as shiitakes (stems removed), creminis, portobellos, oyster mushrooms, and chanterelles, cleaned and cut into 1-inch pieces. $ Kosher salt $ freshly ground black pepper $ 2 garlic cloves, finely chopped $ 1 shallot, finely chopped $ 1 teaspoon chopped fresh thyme $ 1/4 cup dry white wine $ 2 tablespoons chopped fresh parsley $ 12 slices of country-style bread, about 3 inches long and ⅓ inch thick $ 4 whole heads of roasted garlic, cloves squeezed to remove the softened garlic $ ",Bread $ Sandwich $ Wine $ Garlic $ Mushroom $ Vegetarian $ Quick & Easy $ Lunch $ Shallot $ Parsley $ Pescatarian $ Peanut Free $ Tree Nut Free $ Soy Free $ Kosher $ ,French $ European $ ,3.5/4,5,Bread $ Sandwich $ Wine $ Garlic $ Mushroom $ Vegetarian $ Quick & Easy $ Lunch $ Shallot $ Parsley $ Pescatarian $ Peanut Free $ Tree Nut Free $ Soy Free $ Kosher $ French $ European $ 
https://www.epicurious.com/recipes/food/views/roulade-au-chocolat-pour-julia-358350,Roulade au Chocolat Pour Julia ,"1 1/2 cups plus 2 tablespoons granulated sugar $ 1 cup all-purpose flour $ 3/4 cup unsweetened cocoa powder $ 2 teaspoons baking powder $ 1 teaspoon baking soda $ 1/4 teaspoon salt $ 4 eggs, separated $ 3/4 cup vegetable oil $ 1/2 cup water $ 1 teaspoon vanilla extract $ 2 egg whites $ Chocolate-hazelnut mousse $ ",Cake $ Mixer $ Chocolate $ Dessert $ Bake $ Kidney Friendly $ Vegetarian $ Pescatarian $ Dairy Free $ Peanut Free $ Soy Free $ Kosher $ ,French $ ,4/4,0,Cake $ Mixer $ Chocolate $ Dessert $ Bake $ Kidney Friendly $ Vegetarian $ Pescatarian $ Dairy Free $ Peanut Free $ Soy Free $ Kosher $ French $ 
https://www.epicurious.com/recipes/food/views/sauteed-chicken-paillards-with-artichoke-hearts-358233,Sautéed Chicken Paillards with Artichoke Hearts ,"1 lemon, cut in half $ 3 large artichokes $ 6 skinless boneless chicken breast halves $ 1/4 cup all purpose flour $ 3/4 teaspoon salt $ 1/2 teaspoon freshly ground black pepper $ 3 tablespoons olive oil, divided $ 1/2 cup minced shallots (about 2 large) $ 1/3 cup dry white wine $ 1 cup low-salt chicken broth $ 4 teaspoons chopped fresh tarragon plus additional for sprinkling $ 3 tablespoons chilled butter, cut into 1/2-inch cubes $ ",Wine $ Chicken $ Sauté $ Low Cal $ High Fiber $ Dinner $ Artichoke $ White Wine $ Spring $ Party $ Shallot $ Bon Appétit $ Sugar Conscious $ Peanut Free $ Tree Nut Free $ Soy Free $ ,French $ ,3/4,7,Wine $ Chicken $ Sauté $ Low Cal $ High Fiber $ Dinner $ Artichoke $ White Wine $ Spring $ Party $ Shallot $ Bon Appétit $ Sugar Conscious $ Peanut Free $ Tree Nut Free $ Soy Free $ French $ 
https://www.epicurious.com/recipes/food/views/onion-anchovy-galette-358118,Onion Anchovy Galette ,"1 1/4 cups all-purpose flour $ 1 stick cold unsalted butter, cut into 1/2-inch cubes $ 1/4 teaspoon salt $ 3 to 5 tablespoons ice water $ 2 large onions (2 pounds total), sliced $ 2 tablespoons olive oil $ 2 tablespoons unsalted butter $ 5 to 6 anchovy fillets $ 1 garlic clove $ 2 tablespoons tomato paste $ 1/2 teaspoon dried thyme, crumbled $ ",Food Processor $ Garlic $ Onion $ Appetizer $ Bake $ Cocktail Party $ Lunch $ Chill $ Potluck $ Anchovy $ Gourmet $ Pescatarian $ Peanut Free $ Tree Nut Free $ Soy Free $ No Sugar Added $ Kosher $ ,French $ ,3/4,5,Food Processor $ Garlic $ Onion $ Appetizer $ Bake $ Cocktail Party $ Lunch $ Chill $ Potluck $ Anchovy $ Gourmet $ Pescatarian $ Peanut Free $ Tree Nut Free $ Soy Free $ No Sugar Added $ Kosher $ French $ 
https://www.epicurious.com/recipes/food/views/provencal-braised-lamb-chops-358094,Provençal Braised Lamb Chops ,"4 (1/2-inch-thick) lamb shoulder chops (1 3/4 pounds total) $ 1/4 cup extra-virgin olive oil $ 6 garlic cloves, thinly sliced lengthwise (1/4 cup) $ 2 medium onions, sliced (4 cups) $ 1 Turkish or 1/2 California bay leaf $ 1 1/2 cups dry white wine $ 1 1/2 pounds boiling potatoes $ 3 large thyme sprigs $ 1/3 cup oil-cured black olives $ 1 (14 1/2-ounce) can reduced-sodium chicken broth $ ",Garlic $ Olive $ Onion $ Potato $ Braise $ Dinner $ Lamb Chop $ White Wine $ Thyme $ Party $ Potluck $ Gourmet $ Dairy Free $ Wheat/Gluten-Free $ Peanut Free $ Tree Nut Free $ Soy Free $ Kosher $ Diabetes-Friendly $ ,French $ ,3/4,4,Garlic $ Olive $ Onion $ Potato $ Braise $ Dinner $ Lamb Chop $ White Wine $ Thyme $ Party $ Potluck $ Gourmet $ Dairy Free $ Wheat/Gluten-Free $ Peanut Free $ Tree Nut Free $ Soy Free $ Kosher $ Diabetes-Friendly $ French $ 
https://www.epicurious.com/recipes/food/views/chicken-liver-pate-358038,Chicken Liver Pâté ,"1 stick unsalted butter, divided $ 1 large shallot, chopped $ 2 garlic cloves, chopped $ 1 pound chicken livers, separated into lobes, trimmed and rinsed $ 3/4 teaspoon quatre épices (French four-spice blend) $ 3 tablespoons Cognac $ crackers or baguette toasts $ ",Condiment/Spread $ Food Processor $ Chicken $ Appetizer $ Cocktail Party $ Cognac/Armagnac $ Chill $ Gourmet $ Sugar Conscious $ Kidney Friendly $ Peanut Free $ Tree Nut Free $ Soy Free $ ,French $ ,1/4,1,Condiment/Spread $ Food Processor $ Chicken $ Appetizer $ Cocktail Party $ Cognac/Armagnac $ Chill $ Gourmet $ Sugar Conscious $ Kidney Friendly $ Peanut Free $ Tree Nut Free $ Soy Free $ French $ 
https://www.epicurious.com/recipes/food/views/chocolate-cherry-bombe-358051,Chocolate Cherry Bombe ,"3/4 cup walnuts (2 1/2 ounces), toasted, cooled, and chopped $ 3/4 cup lightly crushed chocolate wafer cookies $ 3 pints cherry or cherry vanilla ice cream, softened slightly $ 1 pint chocolate ice cream, softened slightly $ 6 ounces bittersweet chocolate (no more than 60% cacao), finely chopped $ 1/2 stick unsalted butter, cut into pieces $ 1/4 cup vegetable oil $ 1 maraschino cherry with stem $ a 2- to 2 1/2-quart bowl (about 8 inches in diameter) $ ",Chocolate $ Dessert $ Fourth of July $ Kid-Friendly $ Cherry $ Walnut $ Gourmet $ Vegetarian $ Pescatarian $ Peanut Free $ Soy Free $ Kosher $ ,French $ ,3.5/4,4,Chocolate $ Dessert $ Fourth of July $ Kid-Friendly $ Cherry $ Walnut $ Gourmet $ Vegetarian $ Pescatarian $ Peanut Free $ Soy Free $ Kosher $ French $ 
https://www.epicurious.com/recipes/food/views/classic-sole-meuniere-357949,Classic Sole Meunière ,"1/2 cup all purpose flour $ 4 sole fillets (each about 3 to 4 ounces) $ Coarse kosher salt $ Freshly ground black pepper $ 2 tablespoons vegetable oil or canola oil $ 2 tablespoons (1/4 stick) unsalted butter $ 1/4 cup (1/2 stick) unsalted butter, cut into 4 pieces $ 2 tablespoons chopped fresh Italian parsley $ 1 tablespoon fresh lemon juice $ Lemon wedges $ ",Fish $ Dinner $ Butter $ Lemon Juice $ Bon Appétit $ Sugar Conscious $ Pescatarian $ Peanut Free $ Tree Nut Free $ Soy Free $ No Sugar Added $ Kosher $ ,French $ ,3.5/4,26,Fish $ Dinner $ Butter $ Lemon Juice $ Bon Appétit $ Sugar Conscious $ Pescatarian $ Peanut Free $ Tree Nut Free $ Soy Free $ No Sugar Added $ Kosher $ French $ 
https://www.epicurious.com/recipes/food/views/cassoulet-357149,Cassoulet ,"12 cups chicken broth $ 3 cups dry navy beans, presoaked $ 1 lb slab bacon, sliced 1/4-inch thick $ 1 lb garlic sausage $ 2 small yellow onions, peeled and left whole $ 3 garlic cloves $ 2 bouquets garnis (see note) $ Salt as needed $ 1 1/2 lb boneless pork loin, cut into large cubes $ 1 1/2 lb boneless lamb shoulder or leg, cut into large cubes $ Freshly ground black pepper as needed $ 6 tbsp olive oil $ 1 cup diced leeks $ 1 cup sliced carrots $ 1 cup sliced parsnips $ 1 tsp minced garlic $ 1/4 cup all-purpose flour $ 1/3 cup dry white wine $ 6 cups beef broth $ 1 cup chopped plum tomatoes $ 1 3/4 lb duck confit $ 1 1/2 cups bread crumbs $ 2 tbsp chopped flat-leaf parsley $ ",Soup/Stew $ Bean $ Lamb $ Onion $ Bastille Day $ Dinner $ Bacon $ Carrot $ Parsnip $ Winter $ Family Reunion $ Boil $ Dairy Free $ Peanut Free $ Tree Nut Free $ Soy Free $ ,French $ ,3.5/4,1,Soup/Stew $ Bean $ Lamb $ Onion $ Bastille Day $ Dinner $ Bacon $ Carrot $ Parsnip $ Winter $ Family Reunion $ Boil $ Dairy Free $ Peanut Free $ Tree Nut Free $ Soy Free $ French $ 
https://www.epicurious.com/recipes/food/views/asparagus-veloute-355936,Asparagus Velouté ,"2 pounds (1 kg.) white asparagus $ 1 quart (1 L.) chicken stock (or store-bought), or chicken broth (or store-bought or made from a bouillon cube) $ A bit of sugar (1 cube if you have cubes) $ 5 cup (30 g.) cornstarch $ 1 egg yolk $ 1 cup (25 cl.) heavy cream $ Salt $ ",Soup/Stew $ Milk/Cream $ Blender $ Chicken $ Egg $ Appetizer $ Asparagus $ Simmer $ Boil $ Wheat/Gluten-Free $ Peanut Free $ Tree Nut Free $ Soy Free $ ,French $ ,1/4,3,Soup/Stew $ Milk/Cream $ Blender $ Chicken $ Egg $ Appetizer $ Asparagus $ Simmer $ Boil $ Wheat/Gluten-Free $ Peanut Free $ Tree Nut Free $ Soy Free $ French $ 
https://www.epicurious.com/recipes/food/views/fig-olive-tapenade-355923,Fig-Olive Tapenade ,"1/2 cup (85 g) stemmed and quartered dried Black Mission figs $ 1 cup (250 ml) water $ 1 cup (170 g) black olives, rinsed and pitted $ 1 garlic clove, peeled $ 2 teaspoons capers, rinsed and drained $ 2 anchovy fillets $ 2 teaspoons whole-grain mustard $ 1 teaspoon finely chopped fresh rosemary or thyme $ 1 1/2 tablespoons lemon juice $ 1/4 cup (60 ml) extra virgin olive oil $ Coarse salt and freshly ground black pepper $ ",Condiment/Spread $ Fruit $ Olive $ Vegetable $ Fig $ ,French $ ,3/4,5,Condiment/Spread $ Fruit $ Olive $ Vegetable $ Fig $ French $ 
https://www.epicurious.com/recipes/food/views/steak-au-poivre-355922,Steak Au Poivre ,"4 steaks, 1/2 pound (220 g.) each, from the fillet, rump,or sirloin, and without any kind of fatty wrapping $ Crushed pepper—black, gray, or green $ Salt $ 2 tablespoons neutral oil $ 4 tablespoons (60 g.) cold butter $ 1/2 cup (10 cl.) dry white wine $ 1/2 cup (10 cl.) brown veal stock (or from a bouillon cube) $ 1 tablespoon crème fraîche (optional) $ 1 tablespoon mustard (optional) $ ",Beef $ Dinner $ Meat $ Steak $ Sugar Conscious $ Wheat/Gluten-Free $ Peanut Free $ Tree Nut Free $ Soy Free $ ,French $ ,3.5/4,12,Beef $ Dinner $ Meat $ Steak $ Sugar Conscious $ Wheat/Gluten-Free $ Peanut Free $ Tree Nut Free $ Soy Free $ French $ 
https://www.epicurious.com/recipes/food/views/tea-flavored-tarte-tatin-em-tarte-tatin-au-the-em-355925,Tea-Flavored Tarte Tatin (Tarte Tatin au Thé) ,"About 8 ounces (240 grams) puff pastry, homemade or store-bought $ 1 stick (4 ounces; 115 grams) unsalted butter $ 2 tablespoons (15 grams) vanilla tea, preferably Vanille Impériale from Mariage Frères $ 1 teaspoon pure vanilla extract $ I cup (150 grams) sugar $ 6 to 8 medium apples, preferably a sweet firm apple such as Gala or Golden Delicious, peeled, cored, and quartered $ ",Tea $ Fruit $ Dessert $ Bake $ Apple $ Fall $ Pastry $ ,French $ ,0/4,0,Tea $ Fruit $ Dessert $ Bake $ Apple $ Fall $ Pastry $ French $ 
https://www.epicurious.com/recipes/food/views/fromage-blanc-souffle-355924,Fromage Blanc Souffle ,"8 tablespoons (120 g) unsalted butter, at room temperature, plus more for the baking dish $ 11 1/2 tablespoons (165 g) sugar, plus more for the baking dish $ Freshly grated zest of 1 lemon $ 3 tablespoons (25 g) cornstarch $ 4 large egg yolks $ 2 cups (480 g) fromage blanc $ 6 large egg whites (at room temperature) $ Pinch of salt $ ",Cheese $ Egg $ Dessert $ Bake $ Vegetarian $ Party $ Kidney Friendly $ Pescatarian $ Wheat/Gluten-Free $ Peanut Free $ Soy Free $ Kosher $ ,French $ ,4/4,2,Cheese $ Egg $ Dessert $ Bake $ Vegetarian $ Party $ Kidney Friendly $ Pescatarian $ Wheat/Gluten-Free $ Peanut Free $ Soy Free $ Kosher $ French $ 
https://www.epicurious.com/recipes/food/views/baked-eggs-with-tomato-355921,Baked Eggs with Tomato ,"14 tablespoons olive oil $ 4 tomatoes, peeled, seeded, and chopped into 4-inch (1-cm.) dice $ 1 clove garlic, peeled and minced $ 1 tablespoon minced flat-leaf parsley $ 1 pinch of superfine sugar $ Salt $ Pepper $ Butter $ 4 large eggs $ 4 small basil leaves $ 16 toast fingers $ ",Egg $ Tomato $ Breakfast $ Brunch $ Bake $ Quick & Easy $ Lunch $ Sugar Conscious $ Vegetarian $ Pescatarian $ Peanut Free $ Tree Nut Free $ Soy Free $ Kosher $ ,French $ ,0/4,2,Egg $ Tomato $ Breakfast $ Brunch $ Bake $ Quick & Easy $ Lunch $ Sugar Conscious $ Vegetarian $ Pescatarian $ Peanut Free $ Tree Nut Free $ Soy Free $ Kosher $ French $ 
https://www.epicurious.com/recipes/food/views/korova-cookies-355952,Korova Cookies ,"1 1/4 cups (175 grams) all-purpose flour $ 1/3 cup (30 grams) Dutch-processed cocoa powder $ 1/2 teaspoon baking soda $ 1 stick plus 3 tablespoons (5 1/2 ounces; 150 grams) unsalted butter, at room temperature $ 2/3 cup (120 grams) packed light brown sugar $ 1/4 cup (50 grams) sugar $ 1/2 teaspoon fleur de sel or 1/4 teaspoon fine sea salt $ 1 teaspoon pure vanilla extract $ 5 ounces (150 grams) bittersweet chocolate, chopped into small bits $ ",Cookies $ Chocolate $ Dessert $ Bake $ Kid-Friendly $ Party $ Kidney Friendly $ Vegetarian $ Pescatarian $ Peanut Free $ Tree Nut Free $ Soy Free $ Kosher $ ,French $ ,4/4,13,Cookies $ Chocolate $ Dessert $ Bake $ Kid-Friendly $ Party $ Kidney Friendly $ Vegetarian $ Pescatarian $ Peanut Free $ Tree Nut Free $ Soy Free $ Kosher $ French $ 
https://www.epicurious.com/recipes/food/views/mustard-chicken-stew-355877,Mustard Chicken Stew ,"1 whole head garlic $ Extra virgin olive oil $ Fine sea salt and freshly ground pepper $ One 3- to 3 1/2-pound whole free-range chicken, cut in 8 serving pieces (2 breasts, 2 thighs, 2 wings, and 2 drumsticks, with bones and skin), thawed if frozen $ 6 medium red onions, about 2 pounds $ One 28- to 32-ounce can good-quality whole peeled tomatoes, drained $ 1 tablespoon fresh thyme or 1 1/2 teaspoons dried thyme $ 2 bay leaves $ A good pinch of ground chile powder $ 1/3 cup dry white wine $ 3 tablespoons old-fashioned Dijon mustard with whole mustard seeds (substitute 1/4 cup regular Dijon mustard) $ ",Soup/Stew $ Wine $ Chicken $ Garlic $ Mustard $ Onion $ Poultry $ Tomato $ Stew $ Dinner $ Thyme $ Paleo $ Dairy Free $ Wheat/Gluten-Free $ Peanut Free $ Tree Nut Free $ Soy Free $ Kosher $ ,French $ European $ ,3/4,7,Soup/Stew $ Wine $ Chicken $ Garlic $ Mustard $ Onion $ Poultry $ Tomato $ Stew $ Dinner $ Thyme $ Paleo $ Dairy Free $ Wheat/Gluten-Free $ Peanut Free $ Tree Nut Free $ Soy Free $ Kosher $ French $ European $ 
https://www.epicurious.com/recipes/food/views/grandma-louises-oatmeal-with-grated-apple-355905,Grandma Louise's Oatmeal with Grated Apple ,"1 cup old-fashioned oatmeal $ 2 1/3 cups water $ Pinch of salt $ 1 medium apple, coarsely grated $ 1/2 teaspoon lemon juice $ 1/3 cup milk $ 1/2 teaspoon butter $ ",Breakfast $ Apple $ Winter $ Boil $ Oatmeal $ Vegetarian $ Pescatarian $ Wheat/Gluten-Free $ Peanut Free $ Tree Nut Free $ Soy Free $ Kosher $ ,French $ ,3/4,8,Breakfast $ Apple $ Winter $ Boil $ Oatmeal $ Vegetarian $ Pescatarian $ Wheat/Gluten-Free $ Peanut Free $ Tree Nut Free $ Soy Free $ Kosher $ French $ 
https://www.epicurious.com/recipes/food/views/lemon-or-orange-cake-em-cake-citron-ou-cake-orange-em-355943,Lemon or Orange Cake (Cake Citron ou Cake Orange) ,"2 1/4 cups (250 grams) cake flour, sifted $ 3/4 teaspoon double-acting baking powder $ 1/4 teaspoon salt $ 1 1/2 cups (335 grams) sugar $ Grated zest of 3 lemons or 2 oranges $ 5 large eggs, at room temperature $ 2/3 cup (165 grams) crème fraîche, homemade or storebought, or heavy cream, at room temperature $ 2 tablespoons (30 grams) dark rum (for the lemon cake) or Grand Marnier (for the orange cake) $ 7 1/2 tablespoons (3 3/4 ounces; 110 grams) unsalted butter, melted and cooled $ ",Cake $ Dessert $ Bake $ Kid-Friendly $ Lemon $ Orange $ Winter $ Party $ Kidney Friendly $ Vegetarian $ Pescatarian $ Peanut Free $ Tree Nut Free $ Soy Free $ Kosher $ ,French $ ,2.5/4,9,Cake $ Dessert $ Bake $ Kid-Friendly $ Lemon $ Orange $ Winter $ Party $ Kidney Friendly $ Vegetarian $ Pescatarian $ Peanut Free $ Tree Nut Free $ Soy Free $ Kosher $ French $ 
https://www.epicurious.com/recipes/food/views/grilled-vegetable-antipasto-with-herbed-chevre-and-crostini-355947,Grilled Vegetable Antipasto with Herbed Chevre and Crostini ,"Safflower oil or canola oil, for oiling the grill $ 1/2 cup olive oil $ 1/4 cup balsamic vinegar $ 5 fresh basil leaves, cut into very thin strips (chiffonade) $ 2 zucchini, cut into 1/2-inch slices lengthwise $ 2 yellow squash, cut into 1/2-inch slices lengthwise $ 1 red onion, cut into 1/2-inch-thick rounds $ 2 red bell peppers, cored, seeded, and cut into 2-inch strips $ 7 scallions, trimmed $ Salt and freshly ground black pepper to taste $ 1/4 cup sun-dried tomatoes $ 2 ripe tomatoes cut into 1/2-inch slices $ 1 recipe Herbed Chevre (recipe follows) $ 1 recipe Herbed Balsamic Vinaigrette (recipe follows) $ Fresh parsley and fresh basil, to garnish, optional $ Crostini (recipe follows) $ 1 long, thin, good-quality baguette $ 1/4 cup olive oil $ 2 tablespoons unsalted butter, melted $ 2 tablespoons chopped fresh parsley $ 1 tablespoon chopped fresh dill $ 1 teaspoon freshly ground black pepper $ Kosher salt or coarse sea salt to taste $ 1/3 cup balsamic vinegar $ Juice of 1 lemon $ 2 tablespoons mixed chopped fresh basil, parsley, and thyme $ 1 teaspoon freshly ground black pepper $ 1/4 cup olive oil $ 1/3 cup canola or safflower oil $ 1/4 cup fresh parsley, chopped, or mixed fresh herbs, such as thyme, rosemary, and dill $ 1 tablespoon freshly ground black pepper $ One 8-ounce mild, creamy chevre log $ ",Cheese $ Dairy $ Herb $ Pepper $ Tomato $ Vegetable $ Appetizer $ Side $ Goat Cheese $ Basil $ Rosemary $ Bell Pepper $ Squash $ Zucchini $ Summer $ Grill $ Grill/Barbecue $ Thyme $ Dill $ Parsley $ Vegetarian $ Pescatarian $ Peanut Free $ Tree Nut Free $ Soy Free $ Kosher $ ,French $ ,4/4,4,Cheese $ Dairy $ Herb $ Pepper $ Tomato $ Vegetable $ Appetizer $ Side $ Goat Cheese $ Basil $ Rosemary $ Bell Pepper $ Squash $ Zucchini $ Summer $ Grill $ Grill/Barbecue $ Thyme $ Dill $ Parsley $ Vegetarian $ Pescatarian $ Peanut Free $ Tree Nut Free $ Soy Free $ Kosher $ French $ 
https://www.epicurious.com/recipes/food/views/chocolate-and-zucchini-cake-355911,Chocolate and Zucchini Cake ,"1/2 cup (1 stick) unsalted butter at room temperature, or 1/2 cup extra virgin olive oil, plus 1 pat butter or teaspoon olive oil for greasing $ 2 cups all-purpose flour $ 1/2 cup unsweetened Dutch-process cocoa powder $ 1 teaspoon baking soda $ 1/2 teaspoon baking powder $ 1/2 teaspoon fine sea salt $ 1 cup (packed) light brown sugar $ 1 teaspoon pure vanilla extract $ 1 teaspoon instant coffee granules $ 3 large eggs $ 2 cups unpeeled grated zucchini, from about 1 1/2 medium zucchini (keep the remaining 1/2 zucchini for optional garnish) $ 1 cup good-quality bittersweet chocolate chips $ Confectioners' sugar or melted bittersweet chocolate (optional) $ ",Cake $ Food Processor $ Egg $ Dessert $ Bake $ Vanilla $ Zucchini $ Butter $ Kidney Friendly $ Vegetarian $ Pescatarian $ Peanut Free $ Tree Nut Free $ Soy Free $ Kosher $ ,French $ ,3.5/4,25,Cake $ Food Processor $ Egg $ Dessert $ Bake $ Vanilla $ Zucchini $ Butter $ Kidney Friendly $ Vegetarian $ Pescatarian $ Peanut Free $ Tree Nut Free $ Soy Free $ Kosher $ French $ 
https://www.epicurious.com/recipes/food/views/tagliatelle-with-lemon-355906,Tagliatelle with Lemon ,12 ounces tagliatelle $ 4 lemons $ 1 tablespoon olive oil $ 6 ounces crème fraîche $ 4 ounces Parmesan cheese $ Salt and freshly ground pepper $ ,Pasta $ Lunch $ Lemon $ Sour Cream $ Simmer $ Vegetarian $ Pescatarian $ Peanut Free $ Tree Nut Free $ Soy Free $ No Sugar Added $ Kosher $ ,French $ ,3/4,1,Pasta $ Lunch $ Lemon $ Sour Cream $ Simmer $ Vegetarian $ Pescatarian $ Peanut Free $ Tree Nut Free $ Soy Free $ No Sugar Added $ Kosher $ French $ 
https://www.epicurious.com/recipes/food/views/bubble-top-brioches-355196,Bubble-Top Brioches ,"1/4 cup warm water (110°F to 115°F) $ 1/4 cup warm whole milk (110°F to 115°F) $ 3 teaspoons active dry yeast (measured from two 1/4-ounce envelopes) $ 2 3/4 cups all purpose flour $ 1 1/2 teaspoons salt $ 3 large eggs, room temperature $ 3 tablespoons sugar $ 12 tablespoons (1 1/2 sticks) unsalted butter, room temperature $ 1 large egg beaten to blend with 1 teaspoon water (for glaze) $ ",Bread $ Milk/Cream $ Mixer $ Egg $ Side $ Bake $ Thanksgiving $ Family Reunion $ Butter $ Bon Appétit $ Sugar Conscious $ Kidney Friendly $ Vegetarian $ Pescatarian $ Peanut Free $ Tree Nut Free $ Soy Free $ Kosher $ ,French $ ,4/4,16,Bread $ Milk/Cream $ Mixer $ Egg $ Side $ Bake $ Thanksgiving $ Family Reunion $ Butter $ Bon Appétit $ Sugar Conscious $ Kidney Friendly $ Vegetarian $ Pescatarian $ Peanut Free $ Tree Nut Free $ Soy Free $ Kosher $ French $ 
https://www.epicurious.com/recipes/food/views/mushroom-and-fontina-quiche-355191,Mushroom and Fontina Quiche ,"1 refrigerated pie crust (half of 15-ounce package) $ 2 tablespoons (1/4 stick) butter $ 2/3 cup chopped shallots (about 3 medium) $ 5 cups sliced assorted mushrooms (such as chanterelle, stemmed shiitake, oyster, crimini, and button; 12 to 14 ounces), large mushrooms halved $ 4 large eggs $ 2/3 cup half and half $ 1/3 cup whole milk $ 1/2 teaspoon salt $ 1/2 teaspoon freshly ground black pepper $ 1/2 teaspoon freshly grated or ground nutmeg $ 1 1/2 cups (packed) coarsely grated Fontina cheese (about 7 ounces), divided $ ",Mushroom $ Brunch $ Bake $ Vegetarian $ Low Cal $ Dinner $ Lunch $ Fontina $ Bon Appétit $ New Year's Day $ Sugar Conscious $ Peanut Free $ Tree Nut Free $ Soy Free $ ,French $ ,3.5/4,89,Mushroom $ Brunch $ Bake $ Vegetarian $ Low Cal $ Dinner $ Lunch $ Fontina $ Bon Appétit $ New Year's Day $ Sugar Conscious $ Peanut Free $ Tree Nut Free $ Soy Free $ French $ 
https://www.epicurious.com/recipes/food/views/broccoli-garlic-quiche-354952,Broccoli Garlic Quiche ,"All-butter pastry dough $ 10 ounces (1-inch-wide) broccoli florets (with 1 to 2 inches of stem attached) $ 2 large garlic cloves $ 6 large eggs $ 1 1/2 cups half-and-half $ 1/4 teaspoon grated nutmeg $ 1/4 teaspoon cayenne $ 5 ounces extra-sharp Cheddar, coarsely grated (2 cups) $ 1/4 cup grated Parmigiano-Reggiano $ Equipment: a 9 1/2-inch deep-dish pie plate or a 9-inch (2-inch-deep) round fluted tart pan with removable bottom; pie weights or dried beans $ ",Egg $ Garlic $ Bake $ Vegetarian $ Lunch $ Cheddar $ Broccoli $ Chill $ Gourmet $ Sugar Conscious $ ,French $ ,3.5/4,51,Egg $ Garlic $ Bake $ Vegetarian $ Lunch $ Cheddar $ Broccoli $ Chill $ Gourmet $ Sugar Conscious $ French $ 
https://www.epicurious.com/recipes/food/views/salmon-nicoise-salad-with-black-olive-vinaigrette-354494,Salmon Niçoise Salad with Black Olive Vinaigrette ,"10 pitted Kalamata olives, finely chopped $ 1 tablespoon finely chopped shallot $ 1 teaspoon finely chopped garlic $ 1 teaspoon anchovy paste $ 3 tablespoons red-wine vinegar $ 1/4 cup extra-virgin olive oil $ 2 tablespoons finely chopped basil $ 3/4 pound small Yukon Gold or boiling potatoes $ 1 (1 1/4-pound) piece salmon fillet (preferably center-cut; about 1 inch thick) with skin $ 3/4 pound green beans, trimmed $ 1 cup cherry tomatoes, halved $ 2 ounces baby arugula (4 cups) $ 2 hard-boiled eggs, cut into quarters $ Handful of small basil leaves $ 4 lemon wedges $ ",Salad $ Egg $ Olive $ Potato $ Quick & Easy $ Backyard BBQ $ Dinner $ Lunch $ Salmon $ Green Bean $ Grill $ Grill/Barbecue $ Healthy $ Gourmet $ Pescatarian $ Dairy Free $ Wheat/Gluten-Free $ Peanut Free $ Tree Nut Free $ Soy Free $ No Sugar Added $ ,French $ ,3.5/4,11,Salad $ Egg $ Olive $ Potato $ Quick & Easy $ Backyard BBQ $ Dinner $ Lunch $ Salmon $ Green Bean $ Grill $ Grill/Barbecue $ Healthy $ Gourmet $ Pescatarian $ Dairy Free $ Wheat/Gluten-Free $ Peanut Free $ Tree Nut Free $ Soy Free $ No Sugar Added $ French $ 
https://www.epicurious.com/recipes/food/views/asparagus-vichyssoise-with-mint-353315,Asparagus Vichyssoise with Mint ,2 tablespoons (1/4 stick) butter $ 1 cup thinly sliced leek (white and pale green parts only) $ 1/2 cup 1/2-inch cubes peeled russet potato (about 3 ounces) $ 2 1/2 cups low-salt chicken broth $ 3 cups 1-inch pieces trimmed asparagus (cut from 18 to 20 ounces) $ 1/4 cup chilled whipping cream $ 1 tablespoon finely chopped fresh mint $ ,Potato $ Appetizer $ Quick & Easy $ Low Cal $ Lunch $ Mint $ Asparagus $ Leek $ Summer $ Bon Appétit $ Sugar Conscious $ Wheat/Gluten-Free $ Peanut Free $ Tree Nut Free $ Soy Free $ No Sugar Added $ ,French $ ,3.5/4,12,Potato $ Appetizer $ Quick & Easy $ Low Cal $ Lunch $ Mint $ Asparagus $ Leek $ Summer $ Bon Appétit $ Sugar Conscious $ Wheat/Gluten-Free $ Peanut Free $ Tree Nut Free $ Soy Free $ No Sugar Added $ French $ 
https://www.epicurious.com/recipes/food/views/potatoes-cooked-in-duck-fat-em-pommes-de-terre-sarladaise-em-352860,Potatoes Cooked in Duck Fat (Pommes de Terre Sarladaise) ,1 1/2 pounds waxy potatoes such as Yukon Gold $ 3 tablespoons rendered duck or goose fat $ 1/2 cup packed curly parsley leaves $ 2 garlic cloves $ Equipment: an adjustable-blade slicer $ ,Potato $ Side $ Quick & Easy $ Dinner $ Pan-Fry $ Gourmet $ Sugar Conscious $ Dairy Free $ Wheat/Gluten-Free $ Peanut Free $ Tree Nut Free $ Soy Free $ No Sugar Added $ Kosher $ ,French $ ,3.5/4,6,Potato $ Side $ Quick & Easy $ Dinner $ Pan-Fry $ Gourmet $ Sugar Conscious $ Dairy Free $ Wheat/Gluten-Free $ Peanut Free $ Tree Nut Free $ Soy Free $ No Sugar Added $ Kosher $ French $ 
https://www.epicurious.com/recipes/food/views/perigord-walnut-tart-352880,Périgord Walnut Tart ,"2 cups all-purpose flour $ 2 tablespoons sugar $ 1 teaspoon salt $ 9 tablespoons cold unsalted butter, cut into 1/2-inch cubes $ 1 large egg $ 3 to 5 tablespoons ice water $ 2 cups walnuts (8 ounces) $ 2/3 cup heavy cream $ 1/2 cup water $ 1 1/2 cups plus 2 tablespoons sugar, divided $ 1/2 stick unsalted butter, cut into tablespoons $ Equipment: a 9-inch tart pan with a removable bottom $ ",Food Processor $ Dessert $ Bake $ Bastille Day $ Walnut $ Gourmet $ Kidney Friendly $ Vegetarian $ Pescatarian $ Peanut Free $ Soy Free $ Kosher $ ,French $ ,3.5/4,6,Food Processor $ Dessert $ Bake $ Bastille Day $ Walnut $ Gourmet $ Kidney Friendly $ Vegetarian $ Pescatarian $ Peanut Free $ Soy Free $ Kosher $ French $ 
https://www.epicurious.com/recipes/food/views/sweet-crepes-352470,Sweet Crêpes ,"2 3/4 cups whole milk $ 3/4 cup plus 2 tablespoons heavy cream $ 4 large eggs $ 2 cups all-purpose flour $ 2 tablespoons sugar $ 1/8 teaspoon salt $ 1 tablespoon vanilla extract $ About 4 tablespoons unsalted butter, softened, for cooking crêpes $ Assorted fillings, such as fresh lemon juice and sugar or bananas and Nutella $ ",Milk/Cream $ Egg $ Brunch $ Dessert $ Quick & Easy $ Bastille Day $ Kidney Friendly $ Vegetarian $ Pescatarian $ Peanut Free $ Tree Nut Free $ Soy Free $ Kosher $ ,French $ ,4/4,6,Milk/Cream $ Egg $ Brunch $ Dessert $ Quick & Easy $ Bastille Day $ Kidney Friendly $ Vegetarian $ Pescatarian $ Peanut Free $ Tree Nut Free $ Soy Free $ Kosher $ French $ 
https://www.epicurious.com/recipes/food/views/rustic-french-meatloaf-352292,Rustic French Meatloaf ,"1 cup fine fresh bread crumbs (preferably from a rustic loaf) $ 1/2 cup whole milk $ 3/4 cup finely chopped onion $ 3 large garlic cloves, minced $ 1 tablespoon olive oil $ 1/2 pound chicken livers, separated into lobes, trimmed, and rinsed $ 3/4 pound ground pork $ 3/4 pound ground veal $ 1/4 cup chopped prunes $ 1/4 cup shelled pistachios $ 2 teaspoons thyme leaves $ 2 large eggs, lightly beaten $ 1/3 cup chopped flat-leaf parsley $ Accompaniment: Dijon mustard $ ",Blender $ Pork $ Bake $ Quick & Easy $ Dinner $ Prune $ Veal $ Pistachio $ Candy Thermometer $ Breadcrumbs $ Gourmet $ ,French $ ,3.5/4,48,Blender $ Pork $ Bake $ Quick & Easy $ Dinner $ Prune $ Veal $ Pistachio $ Candy Thermometer $ Breadcrumbs $ Gourmet $ French $ 
https://www.epicurious.com/recipes/food/views/spiced-orange-wine-241733,Spiced Orange Wine ,2 (750-ml) bottles dry white wine $ 1/2 cup sugar $ 1/4 cup orange liqueur such as Grand Marnier $ 1/4 cup Pernod $ 2 whole cloves $ 4 Turkish or 2 California bay leaves $ 2 navel oranges $ ,Liqueur $ Alcoholic $ Orange $ Spice $ Pernod $ White Wine $ Chill $ Clove $ Boil $ Gourmet $ Drink $ ,French $ ,3.5/4,8,Liqueur $ Alcoholic $ Orange $ Spice $ Pernod $ White Wine $ Chill $ Clove $ Boil $ Gourmet $ Drink $ French $ 
https://www.epicurious.com/recipes/food/views/meyer-lemon-cake-with-lavender-cream-241740,Meyer Lemon Cake with Lavender Cream ,"2 tablespoons unsalted butter, melted, for brushing pan $ 5 large eggs, separated $ 3/4 cup sugar, divided $ 3/4 cup extra-virgin olive oil $ 1 tablespoon grated Meyer lemon zest plus 3 tablespoons Meyer lemon juice (see Cooks' note, below) $ 3 tablespoons Meyer lemon juice $ 1 cup cake flour (not self-rising) $ 1/2 teaspoon salt $ 1/2 cup plus 1 tablespoon sugar $ 3 tablespoons all-purpose flour $ 1/2 teaspoon salt $ 1 teaspoon grated Meyer lemon zest plus 3/4 cup Meyer lemon juice $ 3/4 cup Meyer lemon juice $ 1 large egg yolk $ 1 tablespoon unsalted butter $ 1 1/2 cups heavy cream $ 3 tablespoons mild honey $ 1/2 tablespoon dried lavender blossoms $ Equipment: an 8-inch springform pan $ Garnish: confectioners sugar $ ",Cake $ Milk/Cream $ Mixer $ Egg $ Dessert $ Bake $ Easter $ Wedding $ Lemon $ Spring $ Honey $ Gourmet $ Kidney Friendly $ Vegetarian $ Pescatarian $ Peanut Free $ Tree Nut Free $ Soy Free $ Kosher $ ,French $ French Provençal $ ,3.5/4,63,Cake $ Milk/Cream $ Mixer $ Egg $ Dessert $ Bake $ Easter $ Wedding $ Lemon $ Spring $ Honey $ Gourmet $ Kidney Friendly $ Vegetarian $ Pescatarian $ Peanut Free $ Tree Nut Free $ Soy Free $ Kosher $ French $ French Provençal $ 
https://www.epicurious.com/recipes/food/views/provencal-fish-soup-with-saffron-rouille-241735,Provencal Fish Soup with Saffron Rouille ,"4 medium leeks (white and pale green parts only), chopped $ 1 large fennel bulb, stalks discarded, reserving fronds for garnish, and bulb chopped $ 3 medium carrots, chopped $ 2 large celery ribs, chopped $ 4 large garlic cloves, finely chopped $ 1/3 cup extra-virgin olive oil $ 1 tablespoon herbes de Provence $ 2 California or 4 Turkish bay leaves $ 1/4 teaspoon cayenne $ 1/8 teaspoon crumbled saffron threads $ 5 pounds whole whiting, perch, or cod (preferably with heads), cleaned and rinsed well $ 5 medium tomatoes, chopped (4 cups) $ 2 cups dry white wine $ 4 (3- by 1-inch) strips fresh orange zest $ 6 cups water $ 3 tablespoons tomato paste $ 1 baguette, cut into 3/4-inch-thick slices $ Equipment: a food mill fitted with medium disk $ Accompaniment: saffron rouille $ ",Soup/Stew $ Fish $ Tomato $ Christmas $ Lunch $ Saffron $ Fennel $ Leek $ White Wine $ Winter $ Gourmet $ Pescatarian $ Dairy Free $ Peanut Free $ Tree Nut Free $ Soy Free $ Kosher $ ,French $ French Provençal $ ,3/4,7,Soup/Stew $ Fish $ Tomato $ Christmas $ Lunch $ Saffron $ Fennel $ Leek $ White Wine $ Winter $ Gourmet $ Pescatarian $ Dairy Free $ Peanut Free $ Tree Nut Free $ Soy Free $ Kosher $ French $ French Provençal $ 
https://www.epicurious.com/recipes/food/views/roasted-garlic-souffle-241739,Roasted-Garlic Soufflé ,"3 large heads garlic, left whole, plus 3 garlic cloves, smashed $ 1 tablespoon olive oil $ 2 1/2 cups whole milk $ 1 medium onion, sliced $ 3 large thyme sprigs plus 1 teaspoon thyme leaves $ 1 California bay leaf or 2 Turkish $ 1 whole clove $ 1/8 teaspoon black peppercorns $ 7 tablespoons unsalted butter, divided $ 1 1/2 tablespoons fine dry bread crumbs $ 5 tablespoons all-purpose flour $ 4 large eggs, separated, plus 4 additional egg whites $ 1 1/2 cups grated Parmigiano-Reggiano (3 ounces) $ 1/4 teaspoon grated nutmeg $ 3/4 cup grated Gruyère (2 ounces) $ ",Mixer $ Egg $ Garlic $ Bake $ Bastille Day $ Lunch $ Parmesan $ Swiss Cheese $ Gourmet $ Vegetarian $ Pescatarian $ Peanut Free $ Tree Nut Free $ Soy Free $ Kosher $ ,French $ ,3.5/4,17,Mixer $ Egg $ Garlic $ Bake $ Bastille Day $ Lunch $ Parmesan $ Swiss Cheese $ Gourmet $ Vegetarian $ Pescatarian $ Peanut Free $ Tree Nut Free $ Soy Free $ Kosher $ French $ 
https://www.epicurious.com/recipes/food/views/onion-tart-with-mustard-and-fennel-241734,Onion Tart with Mustard and Fennel ,"2 1/4 teaspoons active dry yeast (a 1/4-ounce package) $ 1/2 cup warm water (105-115°F) $ 1 1/2 to 1 3/4 cups all-purpose flour $ 1 large egg $ 1/3 cup plus 1 tablespoon extra-virgin olive oil, divided $ 2 1/2 teaspoons salt, divided $ 2 teaspoons fennel seeds $ 3 pound yellow onions, halved and thinly sliced $ 1 tablespoon Dijon mustard $ 1/2 cup grated Parmigiano-Reggiano $ ",Mustard $ Onion $ Bake $ Cocktail Party $ Bastille Day $ Parmesan $ Family Reunion $ Gourmet $ ,French $ French Provençal $ ,3.5/4,34,Mustard $ Onion $ Bake $ Cocktail Party $ Bastille Day $ Parmesan $ Family Reunion $ Gourmet $ French $ French Provençal $ 
https://www.epicurious.com/recipes/food/views/classic-gougeres-352040,Classic Gougères ,"1 cup water $ 3 tablespoons unsalted butter, diced $ 3/4 teaspoon salt $ 1 cup unbleached all purpose flour $ 4 large eggs, chilled $ 1 cup (packed) coarsely grated Gruyère cheese (about 4 ounces) $ 1/4 teaspoon freshly ground black pepper $ ",Cheese $ Cocktail Party $ Vegetarian $ Low Cal $ New Year's Eve $ Shower $ Engagement Party $ Party $ Butter $ Bon Appétit $ ,French $ ,3.5/4,36,Cheese $ Cocktail Party $ Vegetarian $ Low Cal $ New Year's Eve $ Shower $ Engagement Party $ Party $ Butter $ Bon Appétit $ French $ 
https://www.epicurious.com/recipes/food/views/coeur-a-la-creme-352039,Coeur à la Crème ,"3/4 cup mascarpone $ 1/2 cup cream cheese (such as Philadelphia) $ 1/2 cup superfine sugar $ 1 1/3 cups crème fraîche $ 1/3 cup plus 1 tbsp plain yogurt $ soft fruits and confectioners' sugar, optioinal, to serve $ You will need 6 small china perforated heart-shaped_coeur à la crème_dishes, or one large heart-shaped dish, and enough muslin or cheesecloth to doubleline them $ ",Cheese $ Dairy $ Dessert $ Vegetarian $ Pescatarian $ Wheat/Gluten-Free $ Peanut Free $ Tree Nut Free $ Soy Free $ Kosher $ ,French $ European $ ,3.5/4,1,Cheese $ Dairy $ Dessert $ Vegetarian $ Pescatarian $ Wheat/Gluten-Free $ Peanut Free $ Tree Nut Free $ Soy Free $ Kosher $ French $ European $ 
https://www.epicurious.com/recipes/food/views/crisp-roast-duck-with-olives-352012,Crisp Roast Duck with Olives ,"1 duck, about 4 pounds $ 2 cups homemade chicken stock $ 1 tbsp tomato purée, dried herbs, fennel seeds, bay leaf $ 2/3 cup pitted green olives $ ",Duck $ Poultry $ Dinner $ Sugar Conscious $ Paleo $ Dairy Free $ Wheat/Gluten-Free $ Peanut Free $ Tree Nut Free $ Soy Free $ No Sugar Added $ Kosher $ ,French $ European $ ,2/4,3,Duck $ Poultry $ Dinner $ Sugar Conscious $ Paleo $ Dairy Free $ Wheat/Gluten-Free $ Peanut Free $ Tree Nut Free $ Soy Free $ No Sugar Added $ Kosher $ French $ European $ 
https://www.epicurious.com/recipes/food/views/twice-baked-garlic-souffles-352038,Twice-Baked Garlic Soufflés ,"5 tbsp butter $ 1 head of fresh garlic, trimmed and chopped roughly, or 5 cloves dried garlic, papery skins removed, chopped $ 1/2 tsp vinegar $ 1 cup milk $ 3 tbsp all-purpose flour $ leaves from a couple of sprigs of thyme $ 1 cup grated Cantal, Comté or Cheddar cheese $ 1/2 cup grated Parmesan $ 4 large eggs, separated $ 1 1/4 cups heavy cream $ seasoning, nutmeg, extra Parmesan, a few bread crumbs $ You will need six 3/4-cup individual soufflé dishes $ ",Garlic $ Appetizer $ Bake $ Dinner $ Sugar Conscious $ Vegetarian $ Pescatarian $ Peanut Free $ Tree Nut Free $ Soy Free $ No Sugar Added $ Kosher $ ,French $ European $ ,3.5/4,16,Garlic $ Appetizer $ Bake $ Dinner $ Sugar Conscious $ Vegetarian $ Pescatarian $ Peanut Free $ Tree Nut Free $ Soy Free $ No Sugar Added $ Kosher $ French $ European $ 
https://www.epicurious.com/recipes/food/views/chocolate-raspberry-clafoutis-351830,Chocolate Raspberry Clafoutis ,"12 ounces fresh raspberries (2 3/4 cups) $ 1 tablespoon granulated sugar $ 1 cup whole milk $ 1/2 stick unsalted butter, melted $ 3 large eggs $ 1/2 cup packed dark brown sugar $ 1/3 cup all-purpose flour $ 2 tablespoons unsweetened cocoa powder $ 1/4 teaspoon salt $ 3 to 3 1/2 ounces bittersweet chocolate, coarsely chopped $ ",Milk/Cream $ Blender $ Chocolate $ Dessert $ Bake $ Valentine's Day $ Kid-Friendly $ Quick & Easy $ Raspberry $ Gourmet $ Vegetarian $ Pescatarian $ Peanut Free $ Tree Nut Free $ Soy Free $ Kosher $ ,French $ ,3/4,23,Milk/Cream $ Blender $ Chocolate $ Dessert $ Bake $ Valentine's Day $ Kid-Friendly $ Quick & Easy $ Raspberry $ Gourmet $ Vegetarian $ Pescatarian $ Peanut Free $ Tree Nut Free $ Soy Free $ Kosher $ French $ 
https://www.epicurious.com/recipes/food/views/onion-soup-with-loads-of-thyme-and-giant-gruyere-crostini-351769,Onion Soup with Loads of Thyme and Giant Gruyère Crostini ,"1 pound yellow onions, halved and thinly cut lengthwise $ 3 to 5 sprigs of fresh thyme $ 1 bay leaf $ 1/4 teaspoon sea salt $ Fresh cracked pepper $ 1 teaspoon all-purpose flour $ 1/2 cup dry white wine $ 2 cups beef stock $ 1 cup water $ 1 1/2-inch-thick slice of ciabatta bread cut in half $ 2 tablespoons unsalted butter $ 1 1/2 cups grated Swiss Gruyère cheese $ ",Soup/Stew $ Cheese $ Dairy $ Onion $ Vegetable $ Broil $ Valentine's Day $ Dinner $ Fall $ Winter $ Swiss Cheese $ ,French $ ,4/4,78,Soup/Stew $ Cheese $ Dairy $ Onion $ Vegetable $ Broil $ Valentine's Day $ Dinner $ Fall $ Winter $ Swiss Cheese $ French $ 
https://www.epicurious.com/recipes/food/views/grand-marnier-souffles-351569,Grand Marnier Soufflés ,"4 tablespoons (1/2 stick) butter, softened, plus additional for coating ramekins $ 1/2 cup sugar, plus additional for coating ramekins $ 1/2 cup all-purpose flour $ 2 tablespoons Grand Marnier $ 2 tablespoons simple syrup $ 16 small amaretti cookies $ 1 1/4 cups whole milk $ 1/2 vanilla bean $ 4 large egg yolks $ 5 large egg whites $ 1/2 cup sugar $ Accompaniments: Confectioners' sugar, crème anglaise $ 6 (8-ounce) ramekins, large baking pan $ ",Milk/Cream $ Mixer $ Egg $ Dessert $ Bake $ Oscars $ Vanilla $ Ramekin $ Grand Marnier $ Kidney Friendly $ Vegetarian $ Pescatarian $ Peanut Free $ Tree Nut Free $ Kosher $ ,French $ ,4/4,3,Milk/Cream $ Mixer $ Egg $ Dessert $ Bake $ Oscars $ Vanilla $ Ramekin $ Grand Marnier $ Kidney Friendly $ Vegetarian $ Pescatarian $ Peanut Free $ Tree Nut Free $ Kosher $ French $ 
https://www.epicurious.com/recipes/food/views/pizza-with-fontina-potatoes-and-tapenade-351536,"Pizza with Fontina, Potatoes, and Tapenade ","1/4 cup warm water (105°F to 115°F) $ 1 1/4-ounce package active dry yeast (2 1/4 teaspoons) $ 6 tablespoons extra-virgin olive oil, divided $ 2 cups bread flour $ 1 teaspoon salt $ 1/2 cup cold water $ 1 large garlic clove, finely chopped $ 4 baby Yukon Gold potatoes $ Cornmeal (for sprinkling) $ 1/3 cup freshly grated Parmigiano-Reggiano cheese $ 1 1/2 cups (6 ounces) coarsely grated Italian Fontina cheese (such as Fontina d'Aosta) $ 1 roasted red bell pepper in brine from jar, diced (1/3 cup) $ 3 tablespoons purchased black olive tapenade* $ 2 teaspoons finely chopped fresh rosemary $ Dried crushed red pepper $ ",Olive $ Potato $ Appetizer $ Bake $ High Fiber $ Father's Day $ Dinner $ Lunch $ Fontina $ Bon Appétit $ Sugar Conscious $ Vegetarian $ Pescatarian $ Peanut Free $ Tree Nut Free $ Soy Free $ No Sugar Added $ Kosher $ ,French $ ,3.5/4,9,Olive $ Potato $ Appetizer $ Bake $ High Fiber $ Father's Day $ Dinner $ Lunch $ Fontina $ Bon Appétit $ Sugar Conscious $ Vegetarian $ Pescatarian $ Peanut Free $ Tree Nut Free $ Soy Free $ No Sugar Added $ Kosher $ French $ 
