link,name,ingredients,recipe_category,recipe_cuisine,rating,rating_count,keywords
https://www.epicurious.com/recipes/food/views/bloody-mary-aspic-232186,Bloody Mary Aspic ,"1/2 cup coarsely chopped shallots $ 3 celery ribs, coarsely chopped $ 2 tablespoons olive oil $ 5 lb plum tomatoes, cored, quartered, and puréed in a blender $ 2 tablespoons sugar $ 13/4 teaspoons salt $ 3/4 teaspoon black pepper $ 1/2 teaspoon ground celery seeds $ 2 teaspoons Worcestershire sauce $ 1/4 cup fresh lemon juice $ 1/4 cup vodka $ 2 tablespoons gelatin (from three 1/4-oz envelopes) $ Vegetable oil for greasing pan $ a double layer of rinsed and squeezed cheesecloth $ ",Tomato $ Freeze/Chill $ Summer $ Chill $ Gourmet $ ,American $ ,3/4,5,Tomato $ Freeze/Chill $ Summer $ Chill $ Gourmet $ American $ 
https://www.epicurious.com/recipes/food/views/grilled-coconut-pound-cake-sundaes-with-tropical-fruit-232180,Grilled Coconut Poundcake Sundaes With Tropical Fruit ,"1/2 cup packed light brown sugar $ 1/4 cup fresh lemon juice $ 1/4 cup water $ 4 (1/8-inch-thick) slices fresh ginger, smashed $ 1/2 pineapple, trimmed, peeled, and halved lengthwise $ 8 (1/2-inch-thick) slices coconut pound cake $ 2 pt premium ice cream (vanilla, banana, or mango) $ 2 mangoes, peeled, pitted, and cut lengthwise into 1/4-inch pieces $ ",Dessert $ Backyard BBQ $ Coconut $ Mango $ Pineapple $ Summer $ Gourmet $ Vegetarian $ Pescatarian $ Wheat/Gluten-Free $ Peanut Free $ Tree Nut Free $ Soy Free $ Kosher $ ,American $ ,3.5/4,4,Dessert $ Backyard BBQ $ Coconut $ Mango $ Pineapple $ Summer $ Gourmet $ Vegetarian $ Pescatarian $ Wheat/Gluten-Free $ Peanut Free $ Tree Nut Free $ Soy Free $ Kosher $ American $ 
https://www.epicurious.com/recipes/food/views/strawberry-shortcake-232179,Strawberry Shortcake ,"2 1/2 lb strawberries, trimmed and quartered (7 1/2 cups) $ 1/3 to 1/2 cup granulated sugar, or to taste $ 1 cup chilled heavy cream $ 1/4 cup sour cream $ 1 1/2 to 2 tablespoons confectioners sugar $ 1/2 teaspoon vanilla $ 6buttermilk biscuits $ a potato masher $ ",Milk/Cream $ Berry $ Dessert $ Bake $ Fourth of July $ Picnic $ Backyard BBQ $ Strawberry $ Summer $ Gourmet $ Vegetarian $ Pescatarian $ Wheat/Gluten-Free $ Peanut Free $ Tree Nut Free $ Soy Free $ Kosher $ ,American $ ,3.5/4,29,Milk/Cream $ Berry $ Dessert $ Bake $ Fourth of July $ Picnic $ Backyard BBQ $ Strawberry $ Summer $ Gourmet $ Vegetarian $ Pescatarian $ Wheat/Gluten-Free $ Peanut Free $ Tree Nut Free $ Soy Free $ Kosher $ American $ 
https://www.epicurious.com/recipes/food/views/rhubarb-sorbet-with-vanilla-rhubarb-compote-232178,Rhubarb Sorbet with Vanilla Rhubarb Compote ,"2 lb rhubarb stalks, trimmed and cut into 1-inch-long pieces (about 7 cups) $ 1 2/3 cups sugar $ 2 tablespoons light corn syrup $ 3/4 cup sugar $ 1/2 lb rhubarb stalks, trimmed and cut diagonally into 1/4-inch-thick slices (about 1 cup) $ 2 drops vanilla $ an ice cream maker $ ",Ice Cream Machine $ Fruit $ Dessert $ Freeze/Chill $ Backyard BBQ $ Frozen Dessert $ Spring $ Summer $ Rhubarb $ Gourmet $ Fat Free $ Vegan $ Vegetarian $ Pescatarian $ Dairy Free $ Wheat/Gluten-Free $ Peanut Free $ Tree Nut Free $ Soy Free $ Kosher $ ,American $ ,3.5/4,19,Ice Cream Machine $ Fruit $ Dessert $ Freeze/Chill $ Backyard BBQ $ Frozen Dessert $ Spring $ Summer $ Rhubarb $ Gourmet $ Fat Free $ Vegan $ Vegetarian $ Pescatarian $ Dairy Free $ Wheat/Gluten-Free $ Peanut Free $ Tree Nut Free $ Soy Free $ Kosher $ American $ 
https://www.epicurious.com/recipes/food/views/marys-bell-cookies-232177,Mary's Bell Cookies ,"1/3 cup packed light brown sugar $ 1 tablespoon unsalted butter, softened $ 15 to 18 maraschino cherries (from a 10-oz jar), including 3 tablespoons juice $ 1 1/2 cups finely chopped pecans (5 oz) $ 3 cups all-purpose flour $ 1 teaspoon ground ginger $ 1/2 teaspoon baking soda $ 1/2 teaspoon salt $ 1/2 teaspoon instant-coffee granules or instant-espresso powder $ 1 1/4 cups packed light brown sugar $ 1 cup vegetable shortening (preferably trans-fat free), at room temperature $ 1/4 cup dark corn syrup $ 1 large egg $ 1 tablespoon heavy cream $ a 2 1/2-inch round cookie cutter; a small offset spatula $ ",Cookies $ Coffee $ Nut $ Dessert $ Bake $ Kid-Friendly $ Cherry $ Pecan $ Gourmet $ Kidney Friendly $ Vegetarian $ Pescatarian $ Peanut Free $ Soy Free $ Kosher $ ,American $ ,2.5/4,2,Cookies $ Coffee $ Nut $ Dessert $ Bake $ Kid-Friendly $ Cherry $ Pecan $ Gourmet $ Kidney Friendly $ Vegetarian $ Pescatarian $ Peanut Free $ Soy Free $ Kosher $ American $ 
https://www.epicurious.com/recipes/food/views/coconut-pound-cake-232175,Coconut Pound Cake ,"2 cups all-purpose flour plus additional for dusting $ 1 teaspoon baking powder $ 1/2 teaspoon salt $ 2 sticks (1 cup) unsalted butter, softened $ 1 1/2 cups sugar $ 4 large eggs $ 1 teaspoon vanilla extract $ 1/2 teaspoon coconut extract $ 1 1/2 cups sweetened flaked coconut (6 oz), toasted and cooled $ ",Cake $ Dessert $ Bake $ Quick & Easy $ Coconut $ Summer $ Gourmet $ Kidney Friendly $ Vegetarian $ Pescatarian $ Peanut Free $ Tree Nut Free $ Soy Free $ Kosher $ ,American $ ,3.5/4,36,Cake $ Dessert $ Bake $ Quick & Easy $ Coconut $ Summer $ Gourmet $ Kidney Friendly $ Vegetarian $ Pescatarian $ Peanut Free $ Tree Nut Free $ Soy Free $ Kosher $ American $ 
https://www.epicurious.com/recipes/food/views/peas-and-bacon-with-dill-232171,Peas and Bacon with Dill ,"4 thick bacon slices, cut crosswise into 1/4-inch pieces $ 1 small onion, chopped $ 2 (10-oz) packages frozen baby peas, not thawed $ 1/2 cup water $ 1 teaspoon salt $ 1/8 teaspoon black pepper $ 2 tablespoons chopped fresh dill $ 1 tablespoon unsalted butter $ ",Herb $ Vegetable $ Side $ Quick & Easy $ Bacon $ Pea $ Spring $ Dill $ Gourmet $ Wheat/Gluten-Free $ Peanut Free $ Tree Nut Free $ Soy Free $ No Sugar Added $ ,American $ ,3/4,14,Herb $ Vegetable $ Side $ Quick & Easy $ Bacon $ Pea $ Spring $ Dill $ Gourmet $ Wheat/Gluten-Free $ Peanut Free $ Tree Nut Free $ Soy Free $ No Sugar Added $ American $ 
https://www.epicurious.com/recipes/food/views/grilled-shiitakes-with-ginger-and-scallions-232168,Grilled Shiitakes with Ginger and Scallions ,"1 1/2 tablespoons dry Sherry $ 1 tablespoon soy sauce $ 1 tablespoon minced peeled fresh ginger $ 1 1/2 teaspoons rice vinegar (not seasoned) $ 1/2 teaspoon sugar $ 2 1/2 tablespoons vegetable oil $ 1 1/2 lb large fresh shiitake mushrooms (3 inches wide), stems cut off and discarded $ 1/2 teaspoon salt $ 1/2 teaspoon black pepper $ 2 scallions, cut into very thin strips (2 inches long) $ ",Ginger $ Mushroom $ Side $ Vegetarian $ Quick & Easy $ Backyard BBQ $ Summer $ Grill/Barbecue $ Healthy $ Low Cholesterol $ Vegan $ Gourmet $ ,American $ Asian $ ,3.5/4,6,Ginger $ Mushroom $ Side $ Vegetarian $ Quick & Easy $ Backyard BBQ $ Summer $ Grill/Barbecue $ Healthy $ Low Cholesterol $ Vegan $ Gourmet $ American $ Asian $ 
https://www.epicurious.com/recipes/food/views/potatoes-and-snap-peas-with-egg-mint-mimosa-232167,Potatoes and Snap Peas with Egg Mint Mimosa ,"1 1/2 lb small red boiling potatoes $ 1 garlic clove $ 1/4 cup extra-virgin olive oil $ 1/4 cup finely chopped fresh mint $ 21/2 teaspoons salt $ 1 /4 teaspoon black pepper $ 3 hard-boiled large eggs $ 1/2 lb sugar snap peas, trimmed and strings discarded $ 1 1/2 tablespoons white-wine vinegar $ ",Egg $ Herb $ Potato $ Side $ Vegetarian $ Quick & Easy $ Mint $ Sugar Snap Pea $ Gourmet $ Sugar Conscious $ Pescatarian $ Dairy Free $ Wheat/Gluten-Free $ Peanut Free $ Tree Nut Free $ Soy Free $ No Sugar Added $ Kosher $ ,American $ ,3/4,4,Egg $ Herb $ Potato $ Side $ Vegetarian $ Quick & Easy $ Mint $ Sugar Snap Pea $ Gourmet $ Sugar Conscious $ Pescatarian $ Dairy Free $ Wheat/Gluten-Free $ Peanut Free $ Tree Nut Free $ Soy Free $ No Sugar Added $ Kosher $ American $ 
https://www.epicurious.com/recipes/food/views/potatoes-and-haricots-verts-with-vinaigrette-232166,Potatoes and Haricots Verts with Vinaigrette ,"3 tablespoons Champagne vinegar or white-wine vinegar $ 1/2 teaspoon Dijon mustard $ 1/4 teaspoon black pepper $ 1/4 teaspoon sugar $ 2 teaspoons salt $ 1/2 cup olive oil $ 3 lb small (1 1/2- to 2-inch) yellow-fleshed potatoes such as Yukon Gold, scrubbed well $ 3/4 cup diced (1/4-inch) red onion $ 3/4 lb haricots verts or other thin green beans, trimmed and cut into 2-inch pieces $ 3 celery ribs, cut into 1/4-inch dice $ 1/3 cup finely chopped fresh flat-leaf parsley $ ",Salad $ Potato $ Vegetable $ Side $ Picnic $ Vegetarian $ Quick & Easy $ Backyard BBQ $ Green Bean $ Summer $ Vegan $ Gourmet $ Sugar Conscious $ Pescatarian $ Dairy Free $ Wheat/Gluten-Free $ Peanut Free $ Tree Nut Free $ Soy Free $ Kosher $ ,American $ ,3.5/4,10,Salad $ Potato $ Vegetable $ Side $ Picnic $ Vegetarian $ Quick & Easy $ Backyard BBQ $ Green Bean $ Summer $ Vegan $ Gourmet $ Sugar Conscious $ Pescatarian $ Dairy Free $ Wheat/Gluten-Free $ Peanut Free $ Tree Nut Free $ Soy Free $ Kosher $ American $ 
https://www.epicurious.com/recipes/food/views/scallion-cornmeal-fritters-232165,Scallion Cornmeal Fritters ,"1 large egg, lightly beaten $ 1 cup whole milk $ 1 1/3 cups yellow cornmeal (preferably stone-ground) $ 1 teaspoon baking powder $ 1/2 teaspoon salt $ 2 tablespoons finely chopped scallion greens $ About 1/2 cup vegetable oil $ ",Appetizer $ Brunch $ Side $ Fry $ Vegetarian $ Quick & Easy $ Cornmeal $ Pan-Fry $ Gourmet $ Sugar Conscious $ Kidney Friendly $ Pescatarian $ Wheat/Gluten-Free $ Peanut Free $ Tree Nut Free $ Soy Free $ No Sugar Added $ Kosher $ ,American $ ,3/4,6,Appetizer $ Brunch $ Side $ Fry $ Vegetarian $ Quick & Easy $ Cornmeal $ Pan-Fry $ Gourmet $ Sugar Conscious $ Kidney Friendly $ Pescatarian $ Wheat/Gluten-Free $ Peanut Free $ Tree Nut Free $ Soy Free $ No Sugar Added $ Kosher $ American $ 
https://www.epicurious.com/recipes/food/views/tomato-bread-pudding-232164,Tomato Bread Pudding ,"5 cups (1-inch) cubes country-style bread (from 1 loaf), crusts discarded $ 1 stick (1/2 cup) unsalted butter, melted $ 1 (14 1/2-oz) can whole tomatoes in juice $ 2/3 cup water $ 2/3 cup firmly packed light brown sugar $ 1 tablespoon tomato paste $ 3/4 teaspoon salt $ 1/2 teaspoon hot pepper sauce such as Tabasco $ ",Tomato $ Brunch $ Side $ Bake $ Vegetarian $ Quick & Easy $ Gourmet $ Pescatarian $ Peanut Free $ Tree Nut Free $ Soy Free $ Kosher $ ,American $ ,3/4,16,Tomato $ Brunch $ Side $ Bake $ Vegetarian $ Quick & Easy $ Gourmet $ Pescatarian $ Peanut Free $ Tree Nut Free $ Soy Free $ Kosher $ American $ 
https://www.epicurious.com/recipes/food/views/grilled-italian-sausage-with-warm-pepper-and-onion-salad-232162,Grilled Italian Sausage with Warm Pepper and Onion Salad ,"3 mixed large bell peppers, trimmed and quartered lengthwise $ 1 large red onion, quartered lengthwise and separated into layers $ 3 tablespoons extra-virgin olive oil $ 1 1/2 tablespoons red-wine vinegar $ 1/2 teaspoon dried oregano, crumbled $ 1/2 teaspoon salt $ 1/8 teaspoon black pepper $ 1 lb luganega or other fresh Italian sausage $ a perforated grill sheet; 2 (10- to 12-inch-long) wooden or metal skewers $ ",Onion $ Pepper $ Quick & Easy $ Backyard BBQ $ Dinner $ Sausage $ Bell Pepper $ Summer $ Grill/Barbecue $ Gourmet $ Paleo $ Dairy Free $ Wheat/Gluten-Free $ Peanut Free $ Tree Nut Free $ Soy Free $ No Sugar Added $ ,American $ Italian $ ,3/4,6,Onion $ Pepper $ Quick & Easy $ Backyard BBQ $ Dinner $ Sausage $ Bell Pepper $ Summer $ Grill/Barbecue $ Gourmet $ Paleo $ Dairy Free $ Wheat/Gluten-Free $ Peanut Free $ Tree Nut Free $ Soy Free $ No Sugar Added $ American $ Italian $ 
https://www.epicurious.com/recipes/food/views/broiled-salmon-with-citrus-yogurt-sauce-232161,Broiled Salmon with Citrus Yogurt Sauce ,"1 (3-lb) piece salmon fillet with skin (1 inch thick at thickest part; preferably center cut) $ 3/8 teaspoon salt $ 1/4 teaspoon black pepper $ 1 cup low-fat plain Greek yogurt or plain whole-milk yogurt (see cooks' note, below) $ 2 tablespoons extra-virgin olive oil $ 2 tablespoons water $ 1 teaspoon finely grated fresh lime zest $ 1 tablespoon fresh lime juice $ 1/2 teaspoon finely grated fresh orange zest $ 1 teaspoon fresh orange juice $ 3/4 teaspoon salt $ 1/4 to 1/2 teaspoon mild honey (to taste) $ Accompaniment: lime wedges $ pliers (preferably needlenose) $ ",Citrus $ Dairy $ Fish $ Broil $ Quick & Easy $ Yogurt $ Dinner $ Salmon $ Gourmet $ Sugar Conscious $ Pescatarian $ Wheat/Gluten-Free $ Peanut Free $ Soy Free $ ,American $ ,3.5/4,61,Citrus $ Dairy $ Fish $ Broil $ Quick & Easy $ Yogurt $ Dinner $ Salmon $ Gourmet $ Sugar Conscious $ Pescatarian $ Wheat/Gluten-Free $ Peanut Free $ Soy Free $ American $ 
https://www.epicurious.com/recipes/food/views/shrimp-and-tasso-gumbo-232157,Shrimp and Tasso Gumbo ,"2 lb large shrimp in shell (21 to 25 per lb), peeled and shells reserved $ 14 cups water $ 1/4 cup vegetable oil $ 1/2 cup all-purpose flour $ 2 medium onions, chopped $ 2 celery ribs, chopped $ 1 large green bell pepper, chopped $ 1/2 lb fresh or frozen pork tasso* (Cajun-cured smoked meat), thawed if frozen, trimmed and cut into 1/4-inch pieces $ 1 1/2 teaspoons salt $ 1/2 teaspoon cayenne $ 10 oz fresh or frozen baby okra, thawed if frozen, trimmed, and cut into 1/4-inch-thick rounds (2 cups) $ 3/4 cup thinly sliced scallion greens $ Accompaniments: cooked white rice; hot pepper sauce $ 
Available at cajungrocer.com
 $ ",Soup/Stew $ Pork $ Rice $ Shellfish $ Mardi Gras $ Ham $ Seafood $ Shrimp $ Tailgating $ Gourmet $ ,American $ Cajun/Creole $ ,3/4,7,Soup/Stew $ Pork $ Rice $ Shellfish $ Mardi Gras $ Ham $ Seafood $ Shrimp $ Tailgating $ Gourmet $ American $ Cajun/Creole $ 
https://www.epicurious.com/recipes/food/views/curried-egg-salad-232155,Curried Egg Salad ,"1/3 cup mayonnaise $ 1 tablespoon fresh lime juice $ 1 1/2 teaspoons curry powder $ 1 teaspoon Dijon mustard $ 1/4 teaspoon salt $ 1/8 teaspoon cayenne $ 6 hard-boiled large eggs, chopped $ 1 cup diced (1/4-inch) Granny Smith apple (from 1 apple) $ 1/3 cup finely chopped red onion $ 1/4 cup chopped fresh cilantro $ ",Salad $ Egg $ Picnic $ Vegetarian $ Quick & Easy $ Lunch $ Curry $ Gourmet $ Kidney Friendly $ Pescatarian $ Paleo $ Dairy Free $ Wheat/Gluten-Free $ Peanut Free $ Tree Nut Free $ Soy Free $ Kosher $ ,American $ ,3.5/4,50,Salad $ Egg $ Picnic $ Vegetarian $ Quick & Easy $ Lunch $ Curry $ Gourmet $ Kidney Friendly $ Pescatarian $ Paleo $ Dairy Free $ Wheat/Gluten-Free $ Peanut Free $ Tree Nut Free $ Soy Free $ Kosher $ American $ 
https://www.epicurious.com/recipes/food/views/grilled-cornish-hens-with-coconut-curry-sauce-232153,Grilled Cornish Hens with Coconut Curry Sauce ,"1/2 cup finely chopped shallots (2 large) $ 1/4 cup vegetable oil $ 2 large garlic cloves, minced $ 2 teaspoons minced peeled fresh ginger $ 2 tablespoons Thai red curry paste $ 2 (14-oz) cans unsweetened coconut milk $ 1 1/2 teaspoons packed light brown sugar $ 1 teaspoon salt $ 2 teaspoons Asian fish sauce $ 4 (1 1/4- to 1 1/2-lb) Cornish hens, halved lengthwise $ Garnish: fresh cilantro sprigs $ ",Poultry $ Backyard BBQ $ Dinner $ Coconut $ Curry $ Summer $ Gourmet $ Sugar Conscious $ Dairy Free $ Wheat/Gluten-Free $ Peanut Free $ Tree Nut Free $ Soy Free $ ,American $ Asian $ ,3.5/4,32,Poultry $ Backyard BBQ $ Dinner $ Coconut $ Curry $ Summer $ Gourmet $ Sugar Conscious $ Dairy Free $ Wheat/Gluten-Free $ Peanut Free $ Tree Nut Free $ Soy Free $ American $ Asian $ 
https://www.epicurious.com/recipes/food/views/chicken-marsala-232152,Chicken Marsala ,"1 3/4 cups reduced-sodium chicken broth (14 fl oz) $ 2 tablespoons finely chopped shallot $ 5 tablespoons unsalted butter $ 10 oz mushrooms, trimmed and thinly sliced $ 1 1/2 teaspoons finely chopped fresh sage $ 1/4 teaspoon salt $ 1/8 teaspoon black pepper $ 1 cup all-purpose flour $ 4 skinless boneless chicken breast halves (2 lb total) $ 2 tablespoons extra-virgin olive oil $ 1/2 cup plus 2 tablespoons dry Marsala wine $ 2/3 cup heavy cream $ 1 teaspoon fresh lemon juice $ ",Chicken $ Mushroom $ Poultry $ Sauté $ Quick & Easy $ Gourmet $ ,American $ Italian $ ,4/4,412,Chicken $ Mushroom $ Poultry $ Sauté $ Quick & Easy $ Gourmet $ American $ Italian $ 
https://www.epicurious.com/recipes/food/views/grilled-lemon-chicken-232150,Grilled Lemon Chicken ,"1 tablespoon finely grated fresh lemon zest $ 1/2 cup fresh lemon juice $ 1/2 cup vegetable oil $ 1 large egg $ 1 tablespoon salt $ 1 teaspoon poultry seasoning $ 1/4 teaspoon white pepper $ 1 (3 1/2-lb) chicken, cut into 8 serving pieces $ ",Chicken $ Marinate $ Quick & Easy $ Lemon $ Summer $ Grill/Barbecue $ Gourmet $ ,American $ ,3.5/4,53,Chicken $ Marinate $ Quick & Easy $ Lemon $ Summer $ Grill/Barbecue $ Gourmet $ American $ 
https://www.epicurious.com/recipes/food/views/cold-smoked-chicken-with-baby-bok-choy-and-cashew-salad-232149,Cold-Smoked Chicken with Baby Bok Choy and Cashew Salad ,"6 baby bok choy, separated into leaves $ 2 tablespoons rice vinegar (not seasoned) $ 1 tablespoon soy sauce $ 2 teaspoons hoisin sauce $ 1/2 teaspoon black pepper $ 1/4 teaspoon Chinese five-spice powder $ 1/4 cup vegetable oil $ 2 tablespoons Asian sesame oil $ 2 tablespoons sesame seeds, toasted $ 3 cooked cold-smoked chicken legs (see cooks' note, below), skin discarded and meat finely shredded (3 cups) $ 1 small seedless cucumber (usually plastic-wrapped), halved lengthwise, cored, and cut into 1/8-inch-thick matchsticks $ 1/2 cup chopped fresh cilantro $ 1/2 cup roasted unsalted cashews (2 1/2 oz) $ ",Salad $ Chicken $ Leafy Green $ Nut $ Poultry $ Picnic $ Quick & Easy $ Lunch $ Cashew $ Summer $ Bok Choy $ Gourmet $ Sugar Conscious $ Dairy Free $ Peanut Free $ No Sugar Added $ Kosher $ ,American $ Asian $ ,3.5/4,4,Salad $ Chicken $ Leafy Green $ Nut $ Poultry $ Picnic $ Quick & Easy $ Lunch $ Cashew $ Summer $ Bok Choy $ Gourmet $ Sugar Conscious $ Dairy Free $ Peanut Free $ No Sugar Added $ Kosher $ American $ Asian $ 
https://www.epicurious.com/recipes/food/views/capellini-with-salmon-and-lemon-dill-vodka-sauce-232148,Capellini with Salmon and Lemon-Dill-Vodka Sauce ,"1 medium onion, finely chopped (about 1 cup) $ 1 tablespoon olive oil $ 3 cups reduced-sodium chicken broth (24 fl oz) $ 1 cup heavy cream $ 1/3 cup vodka $ 1/2 teaspoon salt $ 1/2 cup chopped fresh dill $ 1 1/2 teaspoons finely grated fresh lemon zest $ 2 tablespoons fresh lemon juice $ 1/4 teaspoon coarsely ground black pepper $ 2 cups flaked broiled salmon $ 10 oz capellini (angel-hair pasta; about two thirds of a 1-lb box) $ ",Vodka $ Fish $ Herb $ Pasta $ Sauté $ Dinner $ Lemon $ Salmon $ Noodle $ Dill $ Gourmet $ Peanut Free $ Tree Nut Free $ Soy Free $ No Sugar Added $ ,American $ ,3.5/4,73,Vodka $ Fish $ Herb $ Pasta $ Sauté $ Dinner $ Lemon $ Salmon $ Noodle $ Dill $ Gourmet $ Peanut Free $ Tree Nut Free $ Soy Free $ No Sugar Added $ American $ 
https://www.epicurious.com/recipes/food/views/horseradish-crusted-beef-tenderloin-232147,Horseradish-Crusted Beef Tenderloin ,"1 (3 1/2-lb) trimmed center-cut beef tenderloin roast, tied $ 1 1/4 teaspoons salt $ 1/2 teaspoon black pepper $ 6 tablespoons olive oil $ 1 lb fresh horseradish, peeled and coarsely grated (1 cup; see cooks' note, below) $ 2 tablespoons Dijon mustard $ Accompaniment: Bloody Mary aspic $ an instant-read thermometer $ ",Beef $ Roast $ Quick & Easy $ Dinner $ Horseradish $ Meat $ Beef Tenderloin $ Anniversary $ Gourmet $ Paleo $ Dairy Free $ Wheat/Gluten-Free $ Peanut Free $ Tree Nut Free $ Soy Free $ No Sugar Added $ ,American $ ,3/4,8,Beef $ Roast $ Quick & Easy $ Dinner $ Horseradish $ Meat $ Beef Tenderloin $ Anniversary $ Gourmet $ Paleo $ Dairy Free $ Wheat/Gluten-Free $ Peanut Free $ Tree Nut Free $ Soy Free $ No Sugar Added $ American $ 
https://www.epicurious.com/recipes/food/views/grilled-zucchini-and-tomatoes-with-feta-sauce-232146,Grilled Zucchini and Tomatoes with Feta Sauce ,"3 oz mild feta cheese (preferably French; 1/2 cup) $ 1/4 cup sour cream $ 2 tablespoons water $ 2 teaspoons fresh lemon juice $ 1/2 teaspoon minced garlic $ 2 1/2 tablespoons extra-virgin olive oil $ 2 tablespoons finely chopped fresh basil $ 2 medium zucchini (1 lb total) $ 3/4 lb cherry tomatoes (preferably on the vine, cut into 4 bunches) $ 1/4 teaspoon salt $ an adjustable-blade slicer $ ",Cheese $ Tomato $ Vegetable $ Appetizer $ Side $ Vegetarian $ Quick & Easy $ Backyard BBQ $ Feta $ Zucchini $ Summer $ Grill/Barbecue $ Gourmet $ Pescatarian $ Wheat/Gluten-Free $ Peanut Free $ Tree Nut Free $ Soy Free $ No Sugar Added $ Kosher $ ,American $ ,3.5/4,32,Cheese $ Tomato $ Vegetable $ Appetizer $ Side $ Vegetarian $ Quick & Easy $ Backyard BBQ $ Feta $ Zucchini $ Summer $ Grill/Barbecue $ Gourmet $ Pescatarian $ Wheat/Gluten-Free $ Peanut Free $ Tree Nut Free $ Soy Free $ No Sugar Added $ Kosher $ American $ 
https://www.epicurious.com/recipes/food/views/spinach-salad-232145,Spinach Salad ,"6 slices bacon, cut into 1-inch pieces $ 2 medium shallots, halved and thinly sliced lengthwise (3/4 cup) $ 1/4 cup olive oil $ 6 tablespoons red-wine vinegar $ Scant 1/2 teaspoon salt $ 1/4 teaspoon black pepper $ 1 lb curly spinach (about 20 cups), coarse stems discarded $ 4 hard-boiled large eggs, chopped $ ",Egg $ Leafy Green $ Appetizer $ Side $ Quick & Easy $ Gourmet $ Sugar Conscious $ Paleo $ Dairy Free $ Wheat/Gluten-Free $ Peanut Free $ Tree Nut Free $ Soy Free $ No Sugar Added $ ,American $ ,3/4,9,Egg $ Leafy Green $ Appetizer $ Side $ Quick & Easy $ Gourmet $ Sugar Conscious $ Paleo $ Dairy Free $ Wheat/Gluten-Free $ Peanut Free $ Tree Nut Free $ Soy Free $ No Sugar Added $ American $ 
https://www.epicurious.com/recipes/food/views/duck-breast-and-frisee-salad-232144,Duck Breast and Frisée Salad ,"3 cups (3/4-inch) bread cubes from a country-style loaf $ 2 tablespoons olive oil $ 1/2 teaspoon kosher salt $ 2 tablespoons Sherry vinegar or red-wine vinegar $ 4 teaspoons Dijon mustard $ 1/4 teaspoon black pepper $ 6 tablespoons olive oil $ 2 cold-smoked duck breast halves (page 93; see cooks' note, below), cut crosswise into 1/8-inch-thick slices $ 1 teaspoon distilled white vinegar $ 4 large eggs $ 10 oz frisée, torn into bite-size pieces (8 cups) $ ",Salad $ Duck $ Leafy Green $ Appetizer $ Fry $ Lunch $ Gourmet $ Sugar Conscious $ Dairy Free $ Peanut Free $ Tree Nut Free $ Soy Free $ Kosher $ ,American $ ,4/4,2,Salad $ Duck $ Leafy Green $ Appetizer $ Fry $ Lunch $ Gourmet $ Sugar Conscious $ Dairy Free $ Peanut Free $ Tree Nut Free $ Soy Free $ Kosher $ American $ 
https://www.epicurious.com/recipes/food/views/crab-salad-with-wonton-crisps-and-lime-232143,Crab Salad with Wonton Crisps and Lime ,"8 square wonton wrappers, thawed if frozen $ About 6 cups vegetable oil $ 1 teaspoon finely grated fresh lime zest $ 1 1/2 tablespoons fresh lime juice $ 1/4 teaspoon salt $ 1/4 teaspoon black pepper $ 2 1/2 tablespoons olive oil $ 1 lb jumbo lump crabmeat, picked over $ 2 celery ribs, cut into 1/4-inch dice $ 1/4 cup thinly sliced white and pale green parts of scallions (reserve dark green parts for jasmine rice with peanuts and scallions ) $ Accompaniment: lime wedges $ a deep-fat thermometer $ ",Salad $ Shellfish $ Appetizer $ Side $ Fry $ Kentucky Derby $ Lime $ Seafood $ Crab $ Summer $ Shower $ Gourmet $ Sugar Conscious $ Kidney Friendly $ Pescatarian $ Dairy Free $ Wheat/Gluten-Free $ Tree Nut Free $ Soy Free $ ,American $ ,3.5/4,19,Salad $ Shellfish $ Appetizer $ Side $ Fry $ Kentucky Derby $ Lime $ Seafood $ Crab $ Summer $ Shower $ Gourmet $ Sugar Conscious $ Kidney Friendly $ Pescatarian $ Dairy Free $ Wheat/Gluten-Free $ Tree Nut Free $ Soy Free $ American $ 
https://www.epicurious.com/recipes/food/views/grilled-portabellas-with-soppressata-stuffing-232141,Grilled Portabellas with Soppressata Stuffing ,"2 oz thinly sliced soppressata or other cured Italian salami, finely chopped (1/2 cup) $ 1 large garlic clove, minced $ 1/4 cup plus 2 tablespoons olive oil $ 1 cup fine fresh bread crumbs (from 3 slices firm white sandwich bread) $ 1 tablespoon finely chopped fresh oregano $ 3/4 oz finely grated Parmigiano-Reggiano (1/3 cup) $ 1/4 cup mayonnaise $ 6 portabella mushrooms (3 to 3 1/2 inches wide; 1 1/4 lb total), stems discarded $ 1/4 teaspoon salt $ 1/4 teaspoon black pepper $ ",Mushroom $ Pork $ Appetizer $ Side $ Backyard BBQ $ Summer $ Grill/Barbecue $ Gourmet $ Sugar Conscious $ Peanut Free $ Tree Nut Free $ Soy Free $ ,American $ ,3/4,1,Mushroom $ Pork $ Appetizer $ Side $ Backyard BBQ $ Summer $ Grill/Barbecue $ Gourmet $ Sugar Conscious $ Peanut Free $ Tree Nut Free $ Soy Free $ American $ 
https://www.epicurious.com/recipes/food/views/grilled-spiced-white-mushrooms-232140,Grilled Spiced White Mushrooms ,"1 teaspoon coriander seeds $ 1 teaspoon cumin seeds $ 2 tablespoons unsalted butter, softened $ 1/4 cup coarsely chopped fresh flat-leaf parsley $ 1 to 1 1/2 teaspoons dried hot red pepper flakes $ 1 small garlic clove, minced $ 1 1/2 lb medium white mushrooms (2 inches wide), stems trimmed flush with caps $ 1/4 cup olive oil $ 1/2 teaspoon salt $ 1/4 teaspoon black pepper $ a mortar and pestle or an electric coffee/spice grinder $ ",Mushroom $ Side $ Vegetarian $ Low/No Sugar $ Backyard BBQ $ Summer $ Grill/Barbecue $ Gourmet $ Sugar Conscious $ Pescatarian $ Wheat/Gluten-Free $ Peanut Free $ Tree Nut Free $ Soy Free $ No Sugar Added $ Kosher $ ,American $ ,3.5/4,8,Mushroom $ Side $ Vegetarian $ Low/No Sugar $ Backyard BBQ $ Summer $ Grill/Barbecue $ Gourmet $ Sugar Conscious $ Pescatarian $ Wheat/Gluten-Free $ Peanut Free $ Tree Nut Free $ Soy Free $ No Sugar Added $ Kosher $ American $ 
https://www.epicurious.com/recipes/food/views/stuffed-eggs-with-goat-cheese-and-dill-232138,Stuffed Eggs with Goat Cheese and Dill ,6 hard-boiled large eggs $ 2 1/2 oz fresh mild goat cheese (1/3 cup) at room temperature $ 3 tablespoons milk $ 3/4 teaspoon Dijon mustard $ 1/4 teaspoon coarsely ground black pepper $ 1/8 teaspoon salt $ 2 1/2 tablespoons chopped fresh dill $ ,Egg $ Herb $ Cocktail Party $ Picnic $ Quick & Easy $ Goat Cheese $ Shower $ Party $ Dill $ Gourmet $ ,American $ ,2.5/4,13,Egg $ Herb $ Cocktail Party $ Picnic $ Quick & Easy $ Goat Cheese $ Shower $ Party $ Dill $ Gourmet $ American $ 
https://www.epicurious.com/recipes/food/views/chive-and-pine-nut-dip-with-sourdough-toasts-232137,Chive and Pine Nut Dip with Sourdough Toasts ,"3/4 cup coarsely chopped fresh chives plus 2 tablespoons finely chopped fresh chives (2 to 3 bunches) $ 1/4 cup vegetable oil $ 3/8 teaspoon salt $ 1 (12-inch-long) sourdough baguette, sliced diagonally 1/8 inch thick $ 1/4 cup pine nuts (1 oz) $ 2/3 cup mascarpone (4 3/4 oz) at room temperature $ 2 tablespoons cream cheese at room temperature $ ",Condiment/Spread $ Nut $ Appetizer $ Cocktail Party $ Vegetarian $ Quick & Easy $ Pine Nut $ Spring $ Shower $ Chill $ Chive $ Party $ Gourmet $ Sugar Conscious $ Kidney Friendly $ Pescatarian $ Peanut Free $ Soy Free $ Kosher $ ,American $ ,3/4,17,Condiment/Spread $ Nut $ Appetizer $ Cocktail Party $ Vegetarian $ Quick & Easy $ Pine Nut $ Spring $ Shower $ Chill $ Chive $ Party $ Gourmet $ Sugar Conscious $ Kidney Friendly $ Pescatarian $ Peanut Free $ Soy Free $ Kosher $ American $ 
https://www.epicurious.com/recipes/food/views/halibut-baked-on-a-fig-leaf-232120,Halibut Baked on a Fig Leaf ,"4 large fig leaves (or substitute grape leaves) $ 4 halibut fillets, 1/2 to 1 inch thick $ 4 tablespoons olive oil $ Salt and pepper $ Lemon $ ",Fish $ Bake $ Low Cal $ Low/No Sugar $ Dinner $ Halibut $ Pescatarian $ Paleo $ Dairy Free $ Wheat/Gluten-Free $ Peanut Free $ Tree Nut Free $ Soy Free $ No Sugar Added $ Kosher $ ,American $ ,3.5/4,3,Fish $ Bake $ Low Cal $ Low/No Sugar $ Dinner $ Halibut $ Pescatarian $ Paleo $ Dairy Free $ Wheat/Gluten-Free $ Peanut Free $ Tree Nut Free $ Soy Free $ No Sugar Added $ Kosher $ American $ 
https://www.epicurious.com/recipes/food/views/english-peas-with-mint-232121,English Peas with Mint ,"1 spring onion, sliced $ 2 tablespoons olive oil $ 2 cups English peas, shelled (about 12 ounces) $ 6 mint leaves, torn $ Salt $ Water $ ",Herb $ Vegetable $ Side $ Quick & Easy $ Mint $ Pea $ Spring $ ,American $ ,4/4,6,Herb $ Vegetable $ Side $ Quick & Easy $ Mint $ Pea $ Spring $ American $ 
https://www.epicurious.com/recipes/food/views/lettuce-greens-and-vinaigrette-232118,Lettuce Greens and Vinaigrette ,"1 shallot (optional) $ Salt $ 2 tablespoons red wine vinegar $ 5 to 6 tablespoons extra virgin olive oil $ Assorted lettuce greens, amount to taste $ ",Salad $ Leafy Green $ Appetizer $ Side $ No-Cook $ Quick & Easy $ Spring $ Lettuce $ Sugar Conscious $ Kidney Friendly $ Vegan $ Vegetarian $ Pescatarian $ Paleo $ Dairy Free $ Wheat/Gluten-Free $ Peanut Free $ Tree Nut Free $ Soy Free $ No Sugar Added $ Kosher $ ,American $ ,0/4,1,Salad $ Leafy Green $ Appetizer $ Side $ No-Cook $ Quick & Easy $ Spring $ Lettuce $ Sugar Conscious $ Kidney Friendly $ Vegan $ Vegetarian $ Pescatarian $ Paleo $ Dairy Free $ Wheat/Gluten-Free $ Peanut Free $ Tree Nut Free $ Soy Free $ No Sugar Added $ Kosher $ American $ 
https://www.epicurious.com/recipes/food/views/vanilla-snow-232119,Vanilla Snow ,1 1/2 cups milk $ 1/2 cup half-and-half $ 6 tablespoons sugar $ 1-inch piece vanilla bean $ 1/4 cup egg whites (2 large eggs) $ 1 tablespoon sugar $ ,Ice Cream Machine $ Dairy $ Dessert $ Freeze/Chill $ Kid-Friendly $ Frozen Dessert $ Vanilla $ Summer $ Kidney Friendly $ Vegetarian $ Pescatarian $ Wheat/Gluten-Free $ Peanut Free $ Tree Nut Free $ Soy Free $ Kosher $ ,American $ ,4/4,2,Ice Cream Machine $ Dairy $ Dessert $ Freeze/Chill $ Kid-Friendly $ Frozen Dessert $ Vanilla $ Summer $ Kidney Friendly $ Vegetarian $ Pescatarian $ Wheat/Gluten-Free $ Peanut Free $ Tree Nut Free $ Soy Free $ Kosher $ American $ 
https://www.epicurious.com/recipes/food/views/hot-chicken-salad-232117,Hot Chicken Salad ,"2 cups cooked chicken breast meat, cubed (You may use leftover rotisserie chicken — delicious!) $ 1 1/2 cups diced celery $ 1/2 cup slivered or sliced almonds $ 1/2 teaspoon salt $ 1/2 teaspoon grated onion $ 1/4 teaspoon pepper $ 2 tablespoons fresh lemon juice $ 1 cup mayonnaise $ 1/2 cup grated sharp Cheddar cheese $ 2/3 cup crushed potato chips $ ",Cheese $ Chicken $ Nut $ Poultry $ Bake $ Dinner $ Casserole/Gratin $ Potluck $ Sugar Conscious $ Wheat/Gluten-Free $ Peanut Free $ Soy Free $ ,American $ ,3/4,11,Cheese $ Chicken $ Nut $ Poultry $ Bake $ Dinner $ Casserole/Gratin $ Potluck $ Sugar Conscious $ Wheat/Gluten-Free $ Peanut Free $ Soy Free $ American $ 
https://www.epicurious.com/recipes/food/views/jesses-spicy-grilled-chicken-breasts-232057,Jesse's Spicy Grilled Chicken Breasts ,"3 boneless, skinless chicken breasts (abut 1 1/2 pounds) $ 1 recipe Spicy Asian Marinade $ 2 tablespoons virgin olive oil (for oiling the grill) $ ",Chicken $ Poultry $ Marinate $ Low Cal $ Backyard BBQ $ Grill/Barbecue $ ,American $ Asian $ ,3/4,7,Chicken $ Poultry $ Marinate $ Low Cal $ Backyard BBQ $ Grill/Barbecue $ American $ Asian $ 
https://www.epicurious.com/recipes/food/views/avocado-gelato-232017,Avocado Gelato ,"2 cups whole milk $ 3/4 cup sugar $ 3 (4- by 1-inch) strips fresh orange zest $ 2 tablespoons cornstarch $ 2 firm-ripe California avocados (1 to 1 1/4 lb total) $ 1 (500-mg) vitamin C tablet, crushed to a powder $ an ice cream maker $ ",Ice Cream Machine $ Dairy $ Dessert $ Freeze/Chill $ Avocado $ Summer $ Gourmet $ Vegetarian $ Pescatarian $ Wheat/Gluten-Free $ Peanut Free $ Tree Nut Free $ Soy Free $ Kosher $ ,American $ ,3.5/4,34,Ice Cream Machine $ Dairy $ Dessert $ Freeze/Chill $ Avocado $ Summer $ Gourmet $ Vegetarian $ Pescatarian $ Wheat/Gluten-Free $ Peanut Free $ Tree Nut Free $ Soy Free $ Kosher $ American $ 
https://www.epicurious.com/recipes/food/views/spicy-hazelnut-sauce-232013,Spicy Hazelnut Sauce ,"2/3 cup hazelnuts (3 oz), toasted and any loose skins rubbed off in a kitchen towel $ 1/2 cup warm water $ 1 small garlic clove, minced $ 1/2 teaspoon salt $ 1/2 cup finely chopped fresh cilantro $ 2 teaspoons red-wine vinegar $ 1/4 teaspoon cayenne $ 1/4 cup olive oil $ ",Sauce $ Blender $ Food Processor $ Nut $ No-Cook $ Quick & Easy $ Hazelnut $ Gourmet $ ,American $ ,3/4,2,Sauce $ Blender $ Food Processor $ Nut $ No-Cook $ Quick & Easy $ Hazelnut $ Gourmet $ American $ 
https://www.epicurious.com/recipes/food/views/green-olive-pimiento-relish-232012,Green Olive Pimiento Relish ,"1 1/2 cups pimiento-stuffed green olives (7 oz), drained, patted dry, and finely chopped $ 2 garlic cloves, minced $ 1 cup chopped fresh cilantro $ 5 tablespoons extra-virgin olive oil $ 1 teaspoon whole-grain Dijon mustard $ ",Condiment/Spread $ Olive $ Pepper $ No-Cook $ Quick & Easy $ Gourmet $ ,American $ ,3/4,1,Condiment/Spread $ Olive $ Pepper $ No-Cook $ Quick & Easy $ Gourmet $ American $ 
https://www.epicurious.com/recipes/food/views/succotash-232009,Succotash ,"3 tablespoons unsalted butter $ 1 bunch scallions, chopped $ 1 (10-oz) package frozen baby lima beans or frozen shelled edamame (soybeans; 2 cups), thawed $ 1 (10-oz) package frozen corn kernels (2 cups), thawed $ 1/2 teaspoon salt, or to taste $ 1/2 teaspoon black pepper $ 1/2 cup heavy cream $ ",Vegetable $ Side $ Vegetarian $ Quick & Easy $ Backyard BBQ $ Corn $ Lima Bean $ Summer $ Gourmet $ Pescatarian $ Wheat/Gluten-Free $ Peanut Free $ Tree Nut Free $ Soy Free $ No Sugar Added $ Kosher $ ,American $ ,3.5/4,15,Vegetable $ Side $ Vegetarian $ Quick & Easy $ Backyard BBQ $ Corn $ Lima Bean $ Summer $ Gourmet $ Pescatarian $ Wheat/Gluten-Free $ Peanut Free $ Tree Nut Free $ Soy Free $ No Sugar Added $ Kosher $ American $ 
https://www.epicurious.com/recipes/food/views/broiled-steak-with-horseradish-cream-232000,Broiled Steak with Horseradish Cream ,1 (1-inch-thick) sirloin steak (1 1/2 to 2 lb) $ 3/4 teaspoon salt $ 3/4 teaspoon black pepper $ 1/2 cup sour cream $ 2 tablespoons drained bottled horseradish $ ,Beef $ Dairy $ Broil $ Quick & Easy $ Graduation $ Dinner $ Horseradish $ Meat $ Steak $ Sour Cream $ Gourmet $ Sugar Conscious $ Wheat/Gluten-Free $ Peanut Free $ Tree Nut Free $ Soy Free $ No Sugar Added $ ,American $ ,3/4,14,Beef $ Dairy $ Broil $ Quick & Easy $ Graduation $ Dinner $ Horseradish $ Meat $ Steak $ Sour Cream $ Gourmet $ Sugar Conscious $ Wheat/Gluten-Free $ Peanut Free $ Tree Nut Free $ Soy Free $ No Sugar Added $ American $ 
https://www.epicurious.com/recipes/food/views/pork-chops-with-mustard-sauce-231998,Pork Chops with Mustard Sauce ,4 (3/4-inch-thick) pork chops $ 3/4 teaspoon salt $ 1/2 teaspoon black pepper $ 2 tablespoons vegetable oil $ 1/4 cup finely chopped shallots (1 to 2) $ 2 tablespoons unsalted butter $ 1/2 cup reduced-sodium chicken broth $ 1/4 cup country-style Dijon mustard $ 2 tablespoons heavy cream $ 2 teaspoons fresh lemon juice $ ,Mustard $ Pork $ Bake $ Quick & Easy $ Dinner $ Meat $ Pork Chop $ Gourmet $ Sugar Conscious $ Wheat/Gluten-Free $ Peanut Free $ Tree Nut Free $ Soy Free $ No Sugar Added $ ,American $ ,3.5/4,125,Mustard $ Pork $ Bake $ Quick & Easy $ Dinner $ Meat $ Pork Chop $ Gourmet $ Sugar Conscious $ Wheat/Gluten-Free $ Peanut Free $ Tree Nut Free $ Soy Free $ No Sugar Added $ American $ 
https://www.epicurious.com/recipes/food/views/chili-and-honey-chicken-legs-231997,Chili and Honey Chicken Legs ,"2 tablespoons chili powder (not pure chile powder) $ 1 tablespoon mild honey $ 1 tablespoon fresh lime juice $ 1 teaspoon salt $ 1/2 teaspoon black pepper $ 4 whole chicken legs (2 lb), thighs and drumsticks separated $ ",Chicken $ Poultry $ Bake $ Quick & Easy $ Dinner $ Honey $ Gourmet $ Paleo $ Dairy Free $ Wheat/Gluten-Free $ Peanut Free $ Tree Nut Free $ Soy Free $ Kosher $ ,American $ ,3/4,78,Chicken $ Poultry $ Bake $ Quick & Easy $ Dinner $ Honey $ Gourmet $ Paleo $ Dairy Free $ Wheat/Gluten-Free $ Peanut Free $ Tree Nut Free $ Soy Free $ Kosher $ American $ 
https://www.epicurious.com/recipes/food/views/lettuce-soup-231995,Lettuce Soup ,"1 cup chopped onions, scallions, and/or shallots $ 1 garlic clove, chopped $ 3 tablespoons unsalted butter $ 3/4 teaspoon ground coriander $ 3/4 teaspoon salt $ 1/4 teaspoon black pepper $ 3/4 cup diced (1/3 inch) peeled potato $ 8 cups coarsely chopped lettuce leaves including ribs (3/4 lb) $ 3 cups water $ ",Soup/Stew $ Leafy Green $ Potato $ Vegetarian $ Quick & Easy $ Summer $ Gourmet $ ,American $ ,3.5/4,35,Soup/Stew $ Leafy Green $ Potato $ Vegetarian $ Quick & Easy $ Summer $ Gourmet $ American $ 
https://www.epicurious.com/recipes/food/views/lemony-lentil-soup-with-cilantro-231994,Lemony Lentil Soup with Cilantro ,"1/2 cup chopped fresh cilantro $ 7 tablespoons olive oil $ 1 teaspoon salt $ 1 medium onion, chopped $ 1/2 teaspoon ground allspice $ 1 cup brown lentils, picked over and rinsed $ 3 1/2 cups reduced-sodium chicken broth (28 fl oz) $ 3 cups water $ 2 tablespoons fresh lemon juice $ ",Soup/Stew $ Citrus $ Quick & Easy $ Low/No Sugar $ Lemon $ Lentil $ Cilantro $ Gourmet $ ,American $ ,3/4,31,Soup/Stew $ Citrus $ Quick & Easy $ Low/No Sugar $ Lemon $ Lentil $ Cilantro $ Gourmet $ American $ 
https://www.epicurious.com/recipes/food/views/cold-avocado-corn-soup-with-cilantro-oil-231993,Cold Avocado Corn Soup With Cilantro Oil ,"1 fresh or frozen ear of corn, shucked $ 4 cups plus 2 tablespoons water $ 1 garlic clove, smashed $ 1 1/2 teaspoons salt $ 1 1/4 cups chopped white onion $ 1 fresh serrano chile, stemmed and coarsely chopped (including seeds) $ 2 firm-ripe California avocados (1 to 1 1/4 lb total) $ 3 tablespoons fresh lime juice $ 1/4 cup crema or sour cream $ 1 cup coarsely chopped fresh cilantro $ 1/4 cup olive oil $ 1/2 teaspoon salt $ a 3/4-inch melon-ball cutter $ ",Soup/Stew $ Fruit $ Herb $ Vegetable $ Freeze/Chill $ Avocado $ Corn $ Summer $ Chill $ Cilantro $ Gourmet $ ,American $ ,3.5/4,72,Soup/Stew $ Fruit $ Herb $ Vegetable $ Freeze/Chill $ Avocado $ Corn $ Summer $ Chill $ Cilantro $ Gourmet $ American $ 
https://www.epicurious.com/recipes/food/views/pickled-beet-and-herring-salad-231990,Pickled Beet and Herring Salad ,"2 tablespoons white-wine vinegar $ 1 teaspoon sugar $ 1/4 teaspoon salt $ 2 tablespoons extra-virgin olive oil $ 1/2 lb pickled herring, drained $ 1 (1-lb) jar sliced pickled beets, drained $ 1 (6-oz) bunch watercress, coarse stems discarded (4 cups sprigs) $ 2 medium Belgian endives, cut crosswise into 1/2-inch-thick slices and cores discarded $ ",Salad $ Fish $ Vegetable $ No-Cook $ Quick & Easy $ Beet $ Summer $ Watercress $ Gourmet $ ,American $ ,4/4,1,Salad $ Fish $ Vegetable $ No-Cook $ Quick & Easy $ Beet $ Summer $ Watercress $ Gourmet $ American $ 
https://www.epicurious.com/recipes/food/views/cherry-tomato-and-lemon-salad-231988,Cherry Tomato and Lemon Salad ,"2 large lemons $ 1 tablespoon sugar $ 1 lb cherry or grape tomatoes (3 cups), halved or, if large, quartered $ 3 tablespoons chopped fresh chives $ 2 teaspoons extra-virgin olive oil $ 1/2 teaspoon salt $ 1/4 teaspoon black pepper $ ",Salad $ Citrus $ Tomato $ Appetizer $ No-Cook $ Low Fat $ Vegetarian $ Quick & Easy $ Summer $ Healthy $ Vegan $ Gourmet $ Pescatarian $ Dairy Free $ Wheat/Gluten-Free $ Peanut Free $ Tree Nut Free $ Soy Free $ Kosher $ ,American $ ,3.5/4,27,Salad $ Citrus $ Tomato $ Appetizer $ No-Cook $ Low Fat $ Vegetarian $ Quick & Easy $ Summer $ Healthy $ Vegan $ Gourmet $ Pescatarian $ Dairy Free $ Wheat/Gluten-Free $ Peanut Free $ Tree Nut Free $ Soy Free $ Kosher $ American $ 
https://www.epicurious.com/recipes/food/views/asian-pear-and-avocado-salad-with-garam-masala-syrup-231987,Asian Pear and Avocado Salad with Garam Masala Syrup ,"2 cups water $ 1/2 cup sugar $ 1 (2-inch-long) piece cinnamon stick $ 2 (1- by 1/4-inch) pieces fresh ginger, smashed $ 2 teaspoons green or white cardamom pods, lightly crushed $ 2 teaspoons coriander seeds, lightly crushed $ 10 whole black peppercorns, lightly crushed $ 1/4 teaspoon dried hot red pepper flakes $ 1/4 cup raw green (hulled) pumpkin seeds (not roasted) $ 2 firm-ripe California avocados (1 to 1 1/4 lb) $ 1/4 cup fresh lemon juice $ 2 Asian pears (1 lb total) $ 4 oz mixed microgreens or baby greens (4 cups) $ ",Salad $ Fruit $ Leafy Green $ Appetizer $ Quick & Easy $ Pear $ Spice $ Avocado $ Summer $ Gourmet $ Vegan $ Vegetarian $ Pescatarian $ Dairy Free $ Wheat/Gluten-Free $ Peanut Free $ Tree Nut Free $ Soy Free $ Kosher $ ,American $ ,3.5/4,22,Salad $ Fruit $ Leafy Green $ Appetizer $ Quick & Easy $ Pear $ Spice $ Avocado $ Summer $ Gourmet $ Vegan $ Vegetarian $ Pescatarian $ Dairy Free $ Wheat/Gluten-Free $ Peanut Free $ Tree Nut Free $ Soy Free $ Kosher $ American $ 
https://www.epicurious.com/recipes/food/views/orange-soy-baby-back-ribs-231986,Orange Soy Baby Back Ribs ,"2 racks baby back pork ribs (2 to 3 lb total), cut into individual ribs $ 1/4 cup fresh orange juice $ 1/4 cup soy sauce $ 1/4 cup packed dark brown sugar $ 1 teaspoon ground cumin $ a 13- by 9-inch glass baking dish $ ",Citrus $ Pork $ Soy $ Appetizer $ Bake $ Marinate $ Super Bowl $ Quick & Easy $ Orange $ Pork Rib $ Tailgating $ Gourmet $ Dairy Free $ Peanut Free $ Tree Nut Free $ ,American $ ,3/4,59,Citrus $ Pork $ Soy $ Appetizer $ Bake $ Marinate $ Super Bowl $ Quick & Easy $ Orange $ Pork Rib $ Tailgating $ Gourmet $ Dairy Free $ Peanut Free $ Tree Nut Free $ American $ 
https://www.epicurious.com/recipes/food/views/avocado-mousse-with-papaya-tomato-relish-231984,Avocado Mousse with Papaya Tomato Relish ,"3 firm-ripe California avocados (1 1/2 to 1 3/4 lb total) $ 1 tablespoon plus 1 teaspoon fresh lemon juice $ 1 (500-mg) vitamin C tablet, crushed to a powder $ 1/2 teaspoon salt $ 1 1/4 teaspoons unflavored gelatin (from a 1/4-oz envelope) $ 3 tablespoons whole milk $ 1/3 cup chilled heavy cream $ 3 tablespoons tarragon white-wine vinegar $ 1 to 2 tablespoons sugar $ 1/4 teaspoon salt $ 1/8 teaspoon black pepper $ 1/4 lb grape tomatoes, cut into 1/4-inch dice (1/2 cup) $ 1/2 lb papaya, peeled, seeded, and cut into 1/4-inch dice (1/2 cup) $ 2 tablespoons chopped red onion $ 1 teaspoon finely chopped fresh tarragon $ 8 (3-oz) ramekins $ ",Blender $ Fruit $ Tomato $ Vegetable $ Freeze/Chill $ Papaya $ Avocado $ Summer $ Chill $ Gourmet $ ,American $ ,2.5/4,5,Blender $ Fruit $ Tomato $ Vegetable $ Freeze/Chill $ Papaya $ Avocado $ Summer $ Chill $ Gourmet $ American $ 
https://www.epicurious.com/recipes/food/views/roast-pork-chops-with-bacon-and-wilted-greens-231880,Roast Pork Chops with Bacon and Wilted Greens ,"2 1 1/2-inch-thick rib pork chops $ 3 tablespoons chopped fresh marjoram, divided $ 1/2 teaspoon ground allspice $ 2 tablespoons olive oil $ 2 thick-cut bacon slices, chopped $ 2 garlic cloves, pressed $ 8 cups (packed) wide strips assorted greens such as mustard greens and red Swiss chard, stems discarded $ 5 teaspoons Sherry wine vinegar, divided $ 1/2 cup low-salt chicken broth $ 2 tablespoons Dijon mustard $ ",Leafy Green $ Pork $ Roast $ Dinner $ Meat $ Bacon $ Pork Chop $ Spring $ Bon Appétit $ Sugar Conscious $ Paleo $ Dairy Free $ Wheat/Gluten-Free $ Peanut Free $ Tree Nut Free $ Soy Free $ ,American $ ,3.5/4,43,Leafy Green $ Pork $ Roast $ Dinner $ Meat $ Bacon $ Pork Chop $ Spring $ Bon Appétit $ Sugar Conscious $ Paleo $ Dairy Free $ Wheat/Gluten-Free $ Peanut Free $ Tree Nut Free $ Soy Free $ American $ 
https://www.epicurious.com/recipes/food/views/pan-seared-pork-tenderloin-with-rhubarb-compote-231878,Pan-Seared Pork Tenderloin with Rhubarb Compote ,"6 tablespoons olive oil, divided $ 1 1/2 tablespoons ground black pepper $ 1 tablespoon salt $ 2 teaspoons dried rubbed sage $ 2 teaspoons fennel seeds, ground in spice mill or in mortar with pestle $ 2 1/2 pounds pork tenderloins (about 2 large or 3 medium), trimmed of fat and sinew $ 2 tablespoons chopped fresh parsley $ Fresh sage sprigs $ Rhubarb Compote $ ",Fruit $ Pork $ Dinner $ Meat $ Pork Tenderloin $ Spring $ Rhubarb $ Bon Appétit $ ,American $ ,3.5/4,23,Fruit $ Pork $ Dinner $ Meat $ Pork Tenderloin $ Spring $ Rhubarb $ Bon Appétit $ American $ 
https://www.epicurious.com/recipes/food/views/roast-chicken-with-artichokes-and-gremolata-butter-231884,Roast Chicken with Artichokes and Gremolata Butter ,"5 tablespoons butter, room temperature $ 1/4 cup chopped fresh Italian parsley $ 1 tablespoon grated lemon peel $ 3 garlic cloves, pressed $ 1 5-pound chicken $ 2 8-ounce packages frozen artichoke hearts, thawed $ 2 tablespoons fresh lemon juice $ ",Chicken $ Herb $ Poultry $ Roast $ Low/No Sugar $ Artichoke $ Spring $ Bon Appétit $ ,American $ ,3.5/4,15,Chicken $ Herb $ Poultry $ Roast $ Low/No Sugar $ Artichoke $ Spring $ Bon Appétit $ American $ 
https://www.epicurious.com/recipes/food/views/asparagus-with-sauce-maltaise-231887,Asparagus with Sauce Maltaise ,"4 large egg yolks $ 1/4 cup water $ 2 tablespoons fresh lemon juice $ 1 1/2 cups (3 sticks) butter, melted, very hot $ 1 teaspoon grated orange peel $ 1 3/4 pounds medium asparagus spears, tough ends trimmed $ ",Vegetable $ Side $ Quick & Easy $ Asparagus $ Spring $ Bon Appétit $ Sugar Conscious $ Vegetarian $ Pescatarian $ Wheat/Gluten-Free $ Peanut Free $ Tree Nut Free $ Soy Free $ No Sugar Added $ Kosher $ ,American $ ,2.5/4,11,Vegetable $ Side $ Quick & Easy $ Asparagus $ Spring $ Bon Appétit $ Sugar Conscious $ Vegetarian $ Pescatarian $ Wheat/Gluten-Free $ Peanut Free $ Tree Nut Free $ Soy Free $ No Sugar Added $ Kosher $ American $ 
https://www.epicurious.com/recipes/food/views/lemon-curd-mousse-cake-231898,Lemon Curd Mousse Cake ,"2 1/3 cups sugar $ 4 teaspoons cornstarch $ 1 cup fresh lemon juice $ 4 large eggs $ 4 large egg yolks $ 3/4 cup (1 1/2 sticks) unsalted butter, cut into 1/2-inch cubes $ Nonstick vegetable oil spray $ 2 cups shortbread cookie crumbs (about 7 1/2 ounces) $ 1/4 cup (1/2 stick) unsalted butter, melted $ 5 tablespoons water $ 4 teaspoons unflavored gelatin $ 6 large egg whites $ 3/4 cup sugar $ 1 1/2 cups chilled heavy whipping cream $ Lemon slices, cut into quarters (garnish) $ ",Cake $ Citrus $ Dessert $ Bake $ Wedding $ Lemon $ Spring $ Bon Appétit $ Kidney Friendly $ Peanut Free $ Tree Nut Free $ Soy Free $ ,American $ ,3.5/4,129,Cake $ Citrus $ Dessert $ Bake $ Wedding $ Lemon $ Spring $ Bon Appétit $ Kidney Friendly $ Peanut Free $ Tree Nut Free $ Soy Free $ American $ 
https://www.epicurious.com/recipes/food/views/arugula-watercress-and-goat-cheese-salad-with-raspberry-vinaigrette-231867,"Arugula, Watercress, and Goat Cheese Salad with Raspberry Vinaigrette ","1 cup fresh raspberries, divided $ 1/2 cup olive oil $ 3 tablespoons raspberry vinegar or white wine vinegar $ 1 shallot, chopped $ 1 teaspoon honey $ 1 5-ounce bag mixed baby greens with arugula $ 2 cups small watercress sprigs $ 1/2 cup pine nuts, toasted $ 1 cup crumbled soft fresh goat cheese (about 4 ounces) $ ",Salad $ Leafy Green $ Nut $ Appetizer $ No-Cook $ Quick & Easy $ Goat Cheese $ Raspberry $ Arugula $ Spring $ Summer $ Watercress $ Bon Appétit $ South Carolina $ Sugar Conscious $ Vegetarian $ Pescatarian $ Wheat/Gluten-Free $ Peanut Free $ Soy Free $ Kosher $ ,American $ ,3.5/4,23,Salad $ Leafy Green $ Nut $ Appetizer $ No-Cook $ Quick & Easy $ Goat Cheese $ Raspberry $ Arugula $ Spring $ Summer $ Watercress $ Bon Appétit $ South Carolina $ Sugar Conscious $ Vegetarian $ Pescatarian $ Wheat/Gluten-Free $ Peanut Free $ Soy Free $ Kosher $ American $ 
https://www.epicurious.com/recipes/food/views/strawberries-with-lemon-sugar-and-lavender-syrup-231897,Strawberries with Lemon Sugar and Lavender Syrup ,"1/3 cup plus 1/2 cup sugar $ 1 teaspoon finely grated lemon peel $ 1/2 cup water $ 2 tablespoons honey $ 2 teaspoons dried lavender blossoms* $ 3 1-pound containers strawberries, hulled, sliced $ Crème fraîche or sour cream $ ",Fruit $ Herb $ Breakfast $ Brunch $ Dessert $ No-Cook $ Quick & Easy $ Strawberry $ Lemon $ Spring $ Bon Appétit $ Vegetarian $ Pescatarian $ Wheat/Gluten-Free $ Peanut Free $ Tree Nut Free $ Soy Free $ Kosher $ ,American $ ,3.5/4,33,Fruit $ Herb $ Breakfast $ Brunch $ Dessert $ No-Cook $ Quick & Easy $ Strawberry $ Lemon $ Spring $ Bon Appétit $ Vegetarian $ Pescatarian $ Wheat/Gluten-Free $ Peanut Free $ Tree Nut Free $ Soy Free $ Kosher $ American $ 
https://www.epicurious.com/recipes/food/views/roast-leg-of-lamb-with-mint-garlic-and-lima-bean-puree-231879,"Roast Leg of Lamb with Mint, Garlic, and Lima Bean Purée ","1/4 cup olive oil $ 1/4 cup finely chopped fresh mint $ 1/4 cup finely chopped fresh parsley $ 1 tablespoon minced fresh rosemary $ 2 garlic cloves, minced $ 1 5 1/4-pound boneless leg of lamb, butterflied, trimmed of most fat and sinew $ Coarse kosher salt $ Fresh mint sprigs $ Lima Bean Puree $ ",Garlic $ Herb $ Lamb $ Roast $ Mint $ Lima Bean $ Spring $ Bon Appétit $ ,American $ ,3.5/4,6,Garlic $ Herb $ Lamb $ Roast $ Mint $ Lima Bean $ Spring $ Bon Appétit $ American $ 
https://www.epicurious.com/recipes/food/views/shrimp-with-shallot-tarragon-sauce-on-wilted-spinach-231875,Shrimp with Shallot-Tarragon Sauce on Wilted Spinach ,"10 uncooked large shrimp, peeled, deveined $ 1/4 cup chopped fresh Italian parsley $ 3 tablespoons olive oil, divided $ 2 tablespoons fresh lemon juice, divided $ 5 teaspoons chopped fresh tarragon, divided $ 2 teaspoons minced peeled fresh ginger, divided $ 1/2 cup finely chopped shallots (about 2 large) $ 2 tablespoons (1/4 stick) butter $ 2 tablespoons whipping cream $ 1 6-ounce package baby spinach leaves $ ",Leafy Green $ Herb $ Shellfish $ Sauté $ Quick & Easy $ Dinner $ Seafood $ Shrimp $ Spinach $ Spring $ Bon Appétit $ Pescatarian $ Wheat/Gluten-Free $ Peanut Free $ Tree Nut Free $ Soy Free $ No Sugar Added $ ,American $ ,3.5/4,73,Leafy Green $ Herb $ Shellfish $ Sauté $ Quick & Easy $ Dinner $ Seafood $ Shrimp $ Spinach $ Spring $ Bon Appétit $ Pescatarian $ Wheat/Gluten-Free $ Peanut Free $ Tree Nut Free $ Soy Free $ No Sugar Added $ American $ 
https://www.epicurious.com/recipes/food/views/frisee-and-morel-ragout-with-prosciutto-231890,Frisée and Morel Ragoût with Prosciutto ,"3 tablespoons unsalted butter $ 7 ounces small fresh morel mushrooms $ 1/4 cup minced shallots (about 2) $ 3/4 cup low-salt chicken broth $ 2 small heads of frisée (about 6 ounces), torn into 2-inch pieces $ 1 cup fresh sweet peas or frozen petite peas, thawed $ 1/2 cup crème fraîche or whipping cream $ 4 thin prosciutto slices (about 1 ounce), cut into thin strips $ 2 teaspoons fresh lemon juice $ ",Leafy Green $ Mushroom $ Pork $ Brunch $ Side $ Sauté $ Quick & Easy $ Spring $ Bon Appétit $ Wheat/Gluten-Free $ Peanut Free $ Tree Nut Free $ Soy Free $ No Sugar Added $ ,American $ ,2/4,0,Leafy Green $ Mushroom $ Pork $ Brunch $ Side $ Sauté $ Quick & Easy $ Spring $ Bon Appétit $ Wheat/Gluten-Free $ Peanut Free $ Tree Nut Free $ Soy Free $ No Sugar Added $ American $ 
https://www.epicurious.com/recipes/food/views/salmon-with-peas-pea-tendrils-and-dill-cucumber-sauce-231874,"Salmon with Peas, Pea Tendrils, and Dill-Cucumber Sauce ","2 tablespoons olive oil, divided $ 1 2 1/2-pound center-cut wild salmon fillet, skin and pinbones removed $ 1/2 cup fresh orange juice $ 1/4 cup fresh lemon juice $ 1 teaspoon coarse kosher salt $ Peas and Pea Tendrils with Lemon Dressing $ Dill-Cucumber Sauce $ ",Fish $ Broil $ Quick & Easy $ Mother's Day $ Salmon $ Spring $ Shower $ Bon Appétit $ ,American $ ,3.5/4,22,Fish $ Broil $ Quick & Easy $ Mother's Day $ Salmon $ Spring $ Shower $ Bon Appétit $ American $ 
https://www.epicurious.com/recipes/food/views/bacon-wrapped-eggs-with-polenta-231872,Bacon-Wrapped Eggs with Polenta ,"2 tablespoons (1/4 stick) butter $ 1/4 cup minced green onions $ 3 cups water $ 1 teaspoon salt $ 1 cup polenta (coarse cornmeal) $ 1/2 cup (packed) grated Parmesan cheese $ 1 tablespoon minced fresh thyme $ 20 thick slices applewood-smoked bacon $ 6 ounces extra-sharp white cheddar cheese, grated $ 6 ounces Gruyère cheese, grated $ 8 large eggs $ 1/4 cup thinly sliced green onions $ 1 teaspoon minced fresh thyme $ ",Egg $ Breakfast $ Brunch $ Bake $ Bacon $ Cornmeal $ Spring $ Bon Appétit $ Sugar Conscious $ Wheat/Gluten-Free $ Peanut Free $ Tree Nut Free $ Soy Free $ No Sugar Added $ ,American $ ,3.5/4,60,Egg $ Breakfast $ Brunch $ Bake $ Bacon $ Cornmeal $ Spring $ Bon Appétit $ Sugar Conscious $ Wheat/Gluten-Free $ Peanut Free $ Tree Nut Free $ Soy Free $ No Sugar Added $ American $ 
https://www.epicurious.com/recipes/food/views/spice-roasted-porterhouse-steaks-231881,Spice-Roasted Porterhouse Steaks ,Two 2-inch-thick porterhouse steaks $ Olive oil $ 1 1/2 tablespoons Coriander-Herb Spice Rub $ ,Beef $ Herb $ Roast $ Quick & Easy $ Dinner $ Meat $ Steak $ Spice $ Bon Appétit $ ,American $ ,2.5/4,11,Beef $ Herb $ Roast $ Quick & Easy $ Dinner $ Meat $ Steak $ Spice $ Bon Appétit $ American $ 
https://www.epicurious.com/recipes/food/views/pecan-praline-trellis-231864,Pecan Praline Trellis ,"3 tablespoons plus 2 1/4 cups (or more) unbleached all purpose flour $ 1 1/2 teaspoons instant or rapid-rise yeast (measured from 1 envelope) $ 3 tablespoons warm water (105°F to 115°F) $ 1/2 cup plus 1 tablespoon sour cream $ 4 1/2 tablespoons sugar $ 3 large egg yolks $ 1 tablespoon vanilla extract $ 3/4 teaspoon salt $ 4 1/2 tablespoons unsalted butter, cut into 4 pieces, room temperature $ 1 1/2 cups pecans (about 6 ounces) $ 1 1/2 teaspoons vegetable oil $ 1/8 teaspoon fine sea salt $ 6 tablespoons (3/4 stick) unsalted butter, room temperature $ 1 1/2 cups golden brown sugar $ 1 egg, beaten to blend (for glaze) $ ",Bread $ Mixer $ Nut $ Breakfast $ Brunch $ Dessert $ Bake $ Pecan $ Bon Appétit $ Kidney Friendly $ Vegetarian $ Pescatarian $ Peanut Free $ Soy Free $ Kosher $ ,American $ ,3/4,9,Bread $ Mixer $ Nut $ Breakfast $ Brunch $ Dessert $ Bake $ Pecan $ Bon Appétit $ Kidney Friendly $ Vegetarian $ Pescatarian $ Peanut Free $ Soy Free $ Kosher $ American $ 
https://www.epicurious.com/recipes/food/views/spring-greens-with-sherry-vinaigrette-231870,Spring Greens with Sherry Vinaigrette ,1/4 cup Sherry wine vinegar $ 2 teaspoons Dijon mustard $ 2 teaspoons brown sugar $ 2 tablespoons extra-virgin olive oil $ 2 tablespoons bacon drippings reserved from Bacon-Wrapped Baked Eggs with Polenta $ 4 cups mâche (about 2 ounces) $ 4 cups arugula (about 2 ounces) $ 1/2 cup thinly sliced green onions $ ,Salad $ Leafy Green $ Side $ No-Cook $ Quick & Easy $ Arugula $ Spring $ Bon Appétit $ Sugar Conscious $ Kidney Friendly $ Dairy Free $ Wheat/Gluten-Free $ Peanut Free $ Tree Nut Free $ Soy Free $ Kosher $ ,American $ ,3/4,2,Salad $ Leafy Green $ Side $ No-Cook $ Quick & Easy $ Arugula $ Spring $ Bon Appétit $ Sugar Conscious $ Kidney Friendly $ Dairy Free $ Wheat/Gluten-Free $ Peanut Free $ Tree Nut Free $ Soy Free $ Kosher $ American $ 
https://www.epicurious.com/recipes/food/views/butter-lettuce-and-radish-salad-with-fresh-spring-herbs-231868,Butter Lettuce and Radish Salad with Fresh Spring Herbs ,"3 tablespoons extra-virgin olive oil $ 1 tablespoon Champagne vinegar $ 1 tablespoon minced shallot $ 2 teaspoons Dijon mustard $ 2 small heads of butter lettuce, outer leaves removed $ 4 thinly sliced radishes $ 1 avocado, peeled, pitted, sliced 1/2 inch thick $ 1/2 cup assorted whole fresh herb leaves (such as tarragon, chervil, parsley, and cilantro) $ ",Salad $ Leafy Green $ Herb $ Vegetable $ Appetizer $ No-Cook $ Quick & Easy $ Avocado $ Radish $ Spring $ Shower $ Healthy $ Lettuce $ Bon Appétit $ Sugar Conscious $ Vegan $ Vegetarian $ Pescatarian $ Paleo $ Dairy Free $ Wheat/Gluten-Free $ Peanut Free $ Tree Nut Free $ Soy Free $ No Sugar Added $ Kosher $ ,American $ ,3/4,6,Salad $ Leafy Green $ Herb $ Vegetable $ Appetizer $ No-Cook $ Quick & Easy $ Avocado $ Radish $ Spring $ Shower $ Healthy $ Lettuce $ Bon Appétit $ Sugar Conscious $ Vegan $ Vegetarian $ Pescatarian $ Paleo $ Dairy Free $ Wheat/Gluten-Free $ Peanut Free $ Tree Nut Free $ Soy Free $ No Sugar Added $ Kosher $ American $ 
https://www.epicurious.com/recipes/food/views/carrot-soup-with-orange-and-tarragon-231862,Carrot Soup with Orange and Tarragon ,1 tablespoon butter $ 1 1-pound bag classic-cut peeled carrots $ 3/4 cup chopped onion $ 3 cups low-salt chicken broth $ 1/2 cup orange juice $ 1 tablespoon brandy $ 2 teaspoons chopped fresh tarragon $ Fresh tarragon sprigs $ ,Soup/Stew $ Blender $ Citrus $ Herb $ Vegetable $ Appetizer $ Low Fat $ Quick & Easy $ Mother's Day $ Orange $ Carrot $ Healthy $ Tarragon $ Bon Appétit $ Wheat/Gluten-Free $ Peanut Free $ Tree Nut Free $ Soy Free $ ,American $ ,3.5/4,55,Soup/Stew $ Blender $ Citrus $ Herb $ Vegetable $ Appetizer $ Low Fat $ Quick & Easy $ Mother's Day $ Orange $ Carrot $ Healthy $ Tarragon $ Bon Appétit $ Wheat/Gluten-Free $ Peanut Free $ Tree Nut Free $ Soy Free $ American $ 
https://www.epicurious.com/recipes/food/views/pasta-with-three-peas-231886,Pasta with Three Peas ,"12 ounces orecchiette (little ear-shaped pasta) $ 8 ounces bacon, chopped $ 8 shallots, trimmed, quartered $ 2 cups sugar snap peas (about 8 ounces) $ 4 cups (4 1/2 ounces) pea tendrils $ 1 cup frozen petite peas, thawed $ 1/3 cup thinly sliced fresh mint $ 1 cup shaved Parmesan cheese $ Additional shaved Parmesan cheese $ ",Leafy Green $ Pasta $ Quick & Easy $ Dinner $ Bacon $ Pea $ Spring $ Noodle $ Sugar Snap Pea $ Bon Appétit $ Peanut Free $ Tree Nut Free $ Soy Free $ No Sugar Added $ ,American $ ,3.5/4,21,Leafy Green $ Pasta $ Quick & Easy $ Dinner $ Bacon $ Pea $ Spring $ Noodle $ Sugar Snap Pea $ Bon Appétit $ Peanut Free $ Tree Nut Free $ Soy Free $ No Sugar Added $ American $ 
https://www.epicurious.com/recipes/food/views/grilled-steaks-with-blue-cheese-and-chiles-231876,Grilled Steaks with Blue Cheese and Chiles ,"1 1/2 tablespoons olive oil $ 3 teaspoons minced fresh parsley, divided $ 2 garlic cloves, minced $ 6 1-inch-thick beef tenderloin steaks (about 6 ounces each) $ 2 ounces cream cheese, room temperature $ 1/4 cup finely crumbled blue cheese (about 1 ounce) $ 2 tablespoons finely chopped seeded red or green jalapeño chiles $ 1 shallot, finely chopped $ 3/4 teaspoon white wine vinegar $ ",Beef $ Cheese $ Quick & Easy $ Backyard BBQ $ Dinner $ Blue Cheese $ Meat $ Beef Tenderloin $ Steak $ Grill/Barbecue $ Jalapeño $ Bon Appétit $ Colorado $ Sugar Conscious $ Wheat/Gluten-Free $ Peanut Free $ Tree Nut Free $ Soy Free $ No Sugar Added $ ,American $ ,3.5/4,28,Beef $ Cheese $ Quick & Easy $ Backyard BBQ $ Dinner $ Blue Cheese $ Meat $ Beef Tenderloin $ Steak $ Grill/Barbecue $ Jalapeño $ Bon Appétit $ Colorado $ Sugar Conscious $ Wheat/Gluten-Free $ Peanut Free $ Tree Nut Free $ Soy Free $ No Sugar Added $ American $ 
https://www.epicurious.com/recipes/food/views/mint-truffle-ice-cream-terrine-with-mint-and-chocolate-sauces-231857,Mint-Truffle Ice Cream Terrine with Mint and Chocolate Sauces ,"1 1/2 cups heavy whipping cream $ 16 ounces bittersweet or semisweet chocolate, chopped $ 2 teaspoons pure peppermint extract $ Unsweetened cocoa powder $ 5 cups (2 1/2 pints) vanilla ice cream, slightly softened $ 3/4 cup sugar $ 1/3 cup water $ 2 cups (lightly packed) fresh mint leaves $ ",Chocolate $ Dairy $ Herb $ Dessert $ Freeze/Chill $ Frozen Dessert $ Mint $ Spring $ Summer $ Bon Appétit $ Vegetarian $ Pescatarian $ Wheat/Gluten-Free $ Peanut Free $ Tree Nut Free $ Soy Free $ Kosher $ ,American $ ,3.5/4,10,Chocolate $ Dairy $ Herb $ Dessert $ Freeze/Chill $ Frozen Dessert $ Mint $ Spring $ Summer $ Bon Appétit $ Vegetarian $ Pescatarian $ Wheat/Gluten-Free $ Peanut Free $ Tree Nut Free $ Soy Free $ Kosher $ American $ 
https://www.epicurious.com/recipes/food/views/peas-and-pea-tendrils-with-lemon-dressing-231892,Peas and Pea Tendrils with Lemon Dressing ,"1/4 cup olive oil $ 2 tablespoons fresh lemon juice $ 1 teaspoon sugar $ 2 cups shelled fresh peas or one 10-ounce package frozen petite peas, unthawed $ 8 ounces pea tendrils, cut into 4-inch lengths $ ",Salad $ Vegetable $ Side $ Quick & Easy $ Lemon $ Pea $ Spring $ Bon Appétit $ Sugar Conscious $ Vegan $ Vegetarian $ Pescatarian $ Dairy Free $ Wheat/Gluten-Free $ Peanut Free $ Tree Nut Free $ Soy Free $ Kosher $ ,American $ ,3/4,10,Salad $ Vegetable $ Side $ Quick & Easy $ Lemon $ Pea $ Spring $ Bon Appétit $ Sugar Conscious $ Vegan $ Vegetarian $ Pescatarian $ Dairy Free $ Wheat/Gluten-Free $ Peanut Free $ Tree Nut Free $ Soy Free $ Kosher $ American $ 
https://www.epicurious.com/recipes/food/views/parmesan-crusted-chicken-and-asparagus-with-sauce-maltaise-231883,Parmesan-Crusted Chicken and Asparagus with Sauce Maltaise ,"6 tablespoons (3/4 stick) butter, divided $ 3 large eggs $ 3 tablespoons honey Dijon mustard $ 2 cups panko* (Japanese breadcrumbs; about 3 1/2 ounces) $ 1 1/2 cups grated Parmesan cheese (about 4 1/2 ounces) $ 1 1/2 teaspoons salt $ 1 teaspoon ground black pepper $ 6 skinless boneless chicken breast halves, butterflied $ 1 large bunch watercress, thick stems trimmed $ Asparagus with Sauce Maltaise $ ",Chicken $ Poultry $ Vegetable $ Bake $ Dinner $ Parmesan $ Asparagus $ Spring $ Bon Appétit $ Sugar Conscious $ ,American $ ,3.5/4,55,Chicken $ Poultry $ Vegetable $ Bake $ Dinner $ Parmesan $ Asparagus $ Spring $ Bon Appétit $ Sugar Conscious $ American $ 
https://www.epicurious.com/recipes/food/views/rhubarb-lattice-pie-with-cardamom-and-orange-231903,Rhubarb Lattice Pie with Cardamom and Orange ,"2 cups all purpose flour $ 2 tablespoons sugar $ 3/4 teaspoon salt $ 3/4 cup (1 1/2 sticks) unsalted butter, cut into 1/2-inch cubes, frozen 15 minutes $ 7 tablespoons (about) ice water $ 10 cups 1-inch pieces rhubarb (about 2 1/2 pounds) $ 2/3 cup plus 2 teaspoons sugar $ 1/4 cup orange juice $ 2 1/2 teaspoons grated orange peel $ 1/2 teaspoon ground cardamom $ 1/4 cup strawberry preserves $ 1 tablespoon whipping cream $ Vanilla ice cream $ ",Fruit $ Dessert $ Bake $ Orange $ Spring $ Rhubarb $ Bon Appétit $ Vegetarian $ Pescatarian $ Peanut Free $ Tree Nut Free $ Soy Free $ Kosher $ ,American $ ,3/4,18,Fruit $ Dessert $ Bake $ Orange $ Spring $ Rhubarb $ Bon Appétit $ Vegetarian $ Pescatarian $ Peanut Free $ Tree Nut Free $ Soy Free $ Kosher $ American $ 
https://www.epicurious.com/recipes/food/views/chicken-and-frisee-salad-with-roasted-red-peppers-toasted-almonds-and-manchego-231869,"Chicken and Frisée Salad with Roasted Red Peppers, Toasted Almonds, and Manchego ","2 tablespoons (1/4 stick) unsalted butter $ 1/2 cup sliced almonds $ 1/2 teaspoon Pimentón de La Vera (Spanish smoked paprika)* $ 1 small shallot, minced $ 2 tablespoons Sherry wine vinegar $ 6 tablespoons extra-virgin olive oil $ 1 large head of frisée (about 8 ounces), torn into bite-size pieces $ 1/2 cup drained roasted red peppers from jar, cut into thin strips $ 1 3-pound purchased chicken, meat torn into bite-size pieces $ 2 ounces shaved Manchego cheese (about 1/2 cup) $ ",Salad $ Cheese $ Chicken $ Leafy Green $ Nut $ Pepper $ Quick & Easy $ Lunch $ Goat Cheese $ Almond $ Bell Pepper $ Spring $ Shower $ Bon Appétit $ Sugar Conscious $ Wheat/Gluten-Free $ Peanut Free $ Soy Free $ ,American $ ,3.5/4,8,Salad $ Cheese $ Chicken $ Leafy Green $ Nut $ Pepper $ Quick & Easy $ Lunch $ Goat Cheese $ Almond $ Bell Pepper $ Spring $ Shower $ Bon Appétit $ Sugar Conscious $ Wheat/Gluten-Free $ Peanut Free $ Soy Free $ American $ 
https://www.epicurious.com/recipes/food/views/goat-cheese-and-black-pepper-biscuits-with-smoked-salmon-and-dill-231858,Goat Cheese and Black Pepper Biscuits with Smoked Salmon and Dill ,"2 cups all purpose flour $ 2 teaspoons baking powder $ 1 teaspoon sugar $ 1/2 teaspoon baking soda $ 1/2 teaspoon salt $ 1/2 teaspoon freshly ground black pepper $ 1/4 cup (1/2 stick) chilled butter, cut into 1/2-inch cubes $ 1 5-ounce log soft fresh goat cheese, crumbled $ 3/4 cup buttermilk $ European-style butter (such as Plugrá), room temperature $ 6 ounces thinly sliced smoked salmon $ 1 large bunch fresh dill sprigs $ ",Bread $ Cheese $ Fish $ Appetizer $ Breakfast $ Brunch $ Bake $ New Year's Day $ Salmon $ Shower $ Dill $ Bon Appétit $ Sugar Conscious $ Kidney Friendly $ Pescatarian $ Peanut Free $ Tree Nut Free $ Soy Free $ Kosher $ ,American $ ,3.5/4,26,Bread $ Cheese $ Fish $ Appetizer $ Breakfast $ Brunch $ Bake $ New Year's Day $ Salmon $ Shower $ Dill $ Bon Appétit $ Sugar Conscious $ Kidney Friendly $ Pescatarian $ Peanut Free $ Tree Nut Free $ Soy Free $ Kosher $ American $ 
https://www.epicurious.com/recipes/food/views/lima-bean-puree-231891,Lima Bean Purée ,"6 cups water $ 3 10-ounce packages frozen baby lima beans $ 2 garlic cloves, minced $ 1 large fresh rosemary sprig $ 5 tablespoons butter, room temperature $ ",Food Processor $ Bean $ Side $ Quick & Easy $ Lima Bean $ Spring $ Bon Appétit $ Sugar Conscious $ Vegetarian $ Pescatarian $ Wheat/Gluten-Free $ Peanut Free $ Tree Nut Free $ Soy Free $ No Sugar Added $ Kosher $ ,American $ ,3.5/4,17,Food Processor $ Bean $ Side $ Quick & Easy $ Lima Bean $ Spring $ Bon Appétit $ Sugar Conscious $ Vegetarian $ Pescatarian $ Wheat/Gluten-Free $ Peanut Free $ Tree Nut Free $ Soy Free $ No Sugar Added $ Kosher $ American $ 
https://www.epicurious.com/recipes/food/views/buttered-new-potatoes-with-chives-231888,Buttered New Potatoes with Chives ,2 pounds baby new potatoes $ 1/4 cup (1/2 stick) butter $ 3 tablespoons chopped fresh chives $ ,Potato $ Side $ Quick & Easy $ Chive $ Bon Appétit $ Sugar Conscious $ Vegetarian $ Pescatarian $ Wheat/Gluten-Free $ Peanut Free $ Tree Nut Free $ Soy Free $ No Sugar Added $ Kosher $ ,American $ ,3/4,2,Potato $ Side $ Quick & Easy $ Chive $ Bon Appétit $ Sugar Conscious $ Vegetarian $ Pescatarian $ Wheat/Gluten-Free $ Peanut Free $ Tree Nut Free $ Soy Free $ No Sugar Added $ Kosher $ American $ 
https://www.epicurious.com/recipes/food/views/mustard-seed-crusted-burgers-with-horseradish-slaw-231877,Mustard-Seed-Crusted Burgers with Horseradish Slaw ,"1/2 cup mayonnaise $ 1/2 cup sour cream $ 3 tablespoons prepared horseradish $ 1 1/3 pounds ground beef $ 1/4 cup yellow mustard seeds, coarsely crushed $ 1 tablespoon vegetable oil $ 4 kaiser rolls, halved horizontally $ 3 cups (about 6 ounces) thinly sliced iceberg lettuce $ ",Sandwich $ Beef $ Mustard $ Quick & Easy $ Horseradish $ Meat $ Ground Beef $ Bon Appétit $ ,American $ ,3/4,10,Sandwich $ Beef $ Mustard $ Quick & Easy $ Horseradish $ Meat $ Ground Beef $ Bon Appétit $ American $ 
https://www.epicurious.com/recipes/food/views/lemon-glazed-lemon-bread-231863,Lemon-Glazed Lemon Bread ,"1 1/3 cups whole milk $ 1 vanilla bean, split lengthwise $ 2/3 cup sugar $ 3 tablespoons (packed) grated lemon peel $ 4 1/2 cups (or more) bread flour, divided $ 1 envelope instant or rapid-rise yeast $ 3 large eggs $ 2 tablespoons brandy or dark rum $ 2 1/2 teaspoons salt $ 10 tablespoons (1 1/4 sticks) chilled unsalted butter, cut into 1/2-inch cubes $ 1/2 cup apricot preserves $ 1 1/3 cups (or more) powdered sugar $ 3 tablespoons strained fresh lemon juice $ ",Bread $ Mixer $ Citrus $ Breakfast $ Brunch $ Dessert $ Bake $ Lemon $ Bon Appétit $ Vegetarian $ Pescatarian $ Wheat/Gluten-Free $ Peanut Free $ Tree Nut Free $ Soy Free $ Kosher $ ,American $ ,3.5/4,5,Bread $ Mixer $ Citrus $ Breakfast $ Brunch $ Dessert $ Bake $ Lemon $ Bon Appétit $ Vegetarian $ Pescatarian $ Wheat/Gluten-Free $ Peanut Free $ Tree Nut Free $ Soy Free $ Kosher $ American $ 
https://www.epicurious.com/recipes/food/views/scallop-cakes-with-cilantro-lime-mayonnaise-and-new-potatoes-231859,Scallop Cakes with Cilantro-Lime Mayonnaise and New Potatoes ,"1 tablespoon olive oil $ 1 cup finely chopped onion $ 2 pounds sea scallops $ 1/2 cup chopped fresh chives $ 2 tablespoons chopped fresh parsley $ 2 tablespoons all purpose flour $ 1 tablespoon minced peeled fresh ginger $ 1 tablespoon fresh lime juice $ 1 large egg, beaten to blend $ 2 teaspoons salt $ 1 teaspoon grated lime peel $ 3/4 teaspoon ground black pepper $ 2 tablespoons peanut oil $ Cilantro-Lime Mayonnaise $ Buttered New Potatoes with Chives $ Whole fresh chives $ Fresh cilantro sprigs $ ",Potato $ Shellfish $ Appetizer $ Fry $ Mayonnaise $ Seafood $ Scallop $ Spring $ Summer $ Pan-Fry $ Cilantro $ Bon Appétit $ Sugar Conscious $ Pescatarian $ Dairy Free $ Tree Nut Free $ Soy Free $ No Sugar Added $ ,American $ ,3.5/4,61,Potato $ Shellfish $ Appetizer $ Fry $ Mayonnaise $ Seafood $ Scallop $ Spring $ Summer $ Pan-Fry $ Cilantro $ Bon Appétit $ Sugar Conscious $ Pescatarian $ Dairy Free $ Tree Nut Free $ Soy Free $ No Sugar Added $ American $ 
https://www.epicurious.com/recipes/food/views/yogurt-poppy-seed-dressing-231821,Yogurt Poppy Seed Dressing ,1 garlic clove $ 3/4 cup plain yogurt (whole-milk or low-fat) $ 2 tablespoons water $ 1 teaspoon poppy seeds $ 3/4 teaspoon mild honey $ 1/2 teaspoon salt $ ,No-Cook $ Vegetarian $ Quick & Easy $ Yogurt $ Salad Dressing $ Poppy $ Gourmet $ ,American $ ,2/4,5,No-Cook $ Vegetarian $ Quick & Easy $ Yogurt $ Salad Dressing $ Poppy $ Gourmet $ American $ 
https://www.epicurious.com/recipes/food/views/kiwi-tart-231819,Kiwi Tart ,"1 (9-inch) round of refrigerated pie dough (from a 15-oz package), thawed and unrolled or unfolded $ 6 oz cream cheese, softened slightly $ 2 tablespoons sugar $ 2 tablespoons milk $ 1 teaspoon finely grated fresh lemon zest $ 1/2 teaspoon vanilla $ 3 firm-ripe kiwifruit, peeled and thinly sliced $ an 8 3/4- to 9 1/4-inch tart pan (1 inch deep) with a removable bottom; pie weights or raw rice $ ",Fruit $ Dessert $ Bake $ Quick & Easy $ Cream Cheese $ Kiwi $ Spring $ Summer $ Gourmet $ Kidney Friendly $ Vegetarian $ Pescatarian $ Peanut Free $ Tree Nut Free $ Soy Free $ Kosher $ ,American $ ,3/4,14,Fruit $ Dessert $ Bake $ Quick & Easy $ Cream Cheese $ Kiwi $ Spring $ Summer $ Gourmet $ Kidney Friendly $ Vegetarian $ Pescatarian $ Peanut Free $ Tree Nut Free $ Soy Free $ Kosher $ American $ 
https://www.epicurious.com/recipes/food/views/chocolate-yogurt-cake-231813,Chocolate Yogurt Cake ,"3/4 stick (6 tablespoons) unsalted butter, softened, plus additional for buttering pan $ 2/3 cup unsweetened Dutch-process cocoa powder plus additional for dusting pan $ 1 3/4 cups all-purpose flour $ 1 1/2 teaspoons baking powder $ 3/4 teaspoon salt $ 1/2 teaspoon baking soda $ 1 cup whole-milk plain yogurt $ 1/3 cup water $ 1 teaspoon vanilla $ 1 1/4 cups sugar $ 2 large eggs $ an 8 1/2- by 4 1/2- by 2 1/2-inch loaf pan (6-cup capacity) $ ",Cake $ Chocolate $ Dairy $ Brunch $ Dessert $ Bake $ Yogurt $ Shower $ Party $ Gourmet $ Kidney Friendly $ Vegetarian $ Pescatarian $ Peanut Free $ Tree Nut Free $ Soy Free $ Kosher $ ,American $ ,2.5/4,26,Cake $ Chocolate $ Dairy $ Brunch $ Dessert $ Bake $ Yogurt $ Shower $ Party $ Gourmet $ Kidney Friendly $ Vegetarian $ Pescatarian $ Peanut Free $ Tree Nut Free $ Soy Free $ Kosher $ American $ 
https://www.epicurious.com/recipes/food/views/artichokes-braised-with-garlic-and-thyme-231804,Artichokes Braised with Garlic and Thyme ,"6 medium artichokes (1/2 lb each) $ 18 fresh flat-leaf parsley sprigs $ 1/4 cup olive oil $ 8 fresh thyme sprigs $ 1 head of garlic, cloves separated and left unpeeled $ 1 cup water $ 1/4 teaspoon black pepper $ 1 teaspoon salt $ 1 tablespoon extra-virgin olive oil $ Accompaniment: crusty bread $ a 6- to 8-qt heavy pot wide enough to hold artichokes in a single layer (about 11 inches in diameter) $ ",Garlic $ Herb $ Vegetable $ Side $ Braise $ Vegetarian $ Quick & Easy $ Low/No Sugar $ Artichoke $ Spring $ Vegan $ Thyme $ Gourmet $ Sugar Conscious $ Pescatarian $ Paleo $ Dairy Free $ Wheat/Gluten-Free $ Peanut Free $ Tree Nut Free $ Soy Free $ No Sugar Added $ Kosher $ ,American $ ,3/4,36,Garlic $ Herb $ Vegetable $ Side $ Braise $ Vegetarian $ Quick & Easy $ Low/No Sugar $ Artichoke $ Spring $ Vegan $ Thyme $ Gourmet $ Sugar Conscious $ Pescatarian $ Paleo $ Dairy Free $ Wheat/Gluten-Free $ Peanut Free $ Tree Nut Free $ Soy Free $ No Sugar Added $ Kosher $ American $ 
https://www.epicurious.com/recipes/food/views/wild-salmon-with-pearl-couscous-slow-roasted-tomatoes-and-lemon-oregano-oil-231800,"Wild Salmon with Pearl Couscous, Slow-Roasted Tomatoes, and Lemon Oregano Oil ","6 plum tomatoes (1 lb), halved lengthwise $ 1 1/4 teaspoons sugar $ 3/4 teaspoon salt $ 1/2 teaspoon black pepper $ 1/3 cup extra-virgin olive oil $ 2 garlic cloves, finely chopped $ 10 fresh basil leaves $ 12 whole fresh oregano leaves plus 3 tablespoons finely chopped $ 2 teaspoons fresh lemon zest, removed in strips with a vegetable peeler and finely minced $ 2 tablespoons fresh lemon juice $ 2 teaspoons olive oil $ 2 1/4 cups pearl (Israeli) couscous (12 oz) $ 1 3/4 cups reduced-sodium chicken broth (14 fl oz) $ 1 cup water $ 1/4 teaspoon salt $ 6 (6-oz) pieces wild salmon fillet with skin (preferably center cut) $ 1 teaspoon olive oil $ 1/2 teaspoon salt $ 1/2 cup Kalamata or other brine-cured black olives (3 oz), pitted and quartered lengthwise $ ",Fish $ Tomato $ Roast $ Lemon $ Salmon $ Spring $ Couscous $ Gourmet $ ,American $ ,4/4,153,Fish $ Tomato $ Roast $ Lemon $ Salmon $ Spring $ Couscous $ Gourmet $ American $ 
https://www.epicurious.com/recipes/food/views/salmon-platter-with-caper-dressing-231799,Salmon Platter with Caper Dressing ,"6 oz small boiling potatoes $ 1 1/4 teaspoons salt $ 1/4 cup fresh lemon juice $ 2 tablespoons drained bottled capers, rinsed and finely chopped, plus additional whole capers for sprinkling $ 1 1/2 teaspoons Dijon mustard $ 1 1/2 teaspoons sugar $ 1/2 cup extra-virgin olive oil $ 1 small red onion, halved lengthwise, then very thinly sliced crosswise $ 1 firm-ripe California avocado $ 1/2 seedless cucumber (usually plastic-wrapped), thinly sliced crosswise $ 3/4 lb thinly sliced smoked salmon $ 1/2 lb sliced pumpernickel bread, cut into triangles $ ",Fish $ Vegetable $ Brunch $ Lunch $ Salmon $ Spring $ Shower $ Capers $ Gourmet $ Pescatarian $ Dairy Free $ Peanut Free $ Tree Nut Free $ Soy Free $ Kosher $ ,American $ ,3/4,19,Fish $ Vegetable $ Brunch $ Lunch $ Salmon $ Spring $ Shower $ Capers $ Gourmet $ Pescatarian $ Dairy Free $ Peanut Free $ Tree Nut Free $ Soy Free $ Kosher $ American $ 
https://www.epicurious.com/recipes/food/views/bbq-pork-tenderloin-231796,Bbq Pork Tenderloin ,"1 lb pork tenderloin $ 1 medium onion, chopped $ 2 tablespoons olive oil $ 1 garlic clove, minced $ 1/4 cup ketchup $ 1/4 cup ketchup-style chili sauce $ 1 tablespoon Worcestershire sauce $ 2 teaspoons cider vinegar $ 1/2 teaspoon hot sauce such as Tabasco $ 1 cup water $ Accompaniment: coleslaw $ ",Pork $ Quick & Easy $ Dinner $ Meat $ Pork Tenderloin $ Tailgating $ Gourmet $ Dairy Free $ Peanut Free $ Tree Nut Free $ Soy Free $ No Sugar Added $ ,American $ Southern $ ,2.5/4,45,Pork $ Quick & Easy $ Dinner $ Meat $ Pork Tenderloin $ Tailgating $ Gourmet $ Dairy Free $ Peanut Free $ Tree Nut Free $ Soy Free $ No Sugar Added $ American $ Southern $ 
https://www.epicurious.com/recipes/food/views/roast-chicken-with-asparagus-and-tahini-sauce-231789,Roast Chicken with Asparagus and Tahini Sauce ,"2 lb asparagus, cut into 2-inch pieces $ 3 tablespoons olive oil $ 1 1/4 teaspoons salt $ 1/2 teaspoon black pepper $ 4 skinless boneless chicken breast halves (3 to 4 lb total) $ 1/3 cup well-stirred tahini (Middle Eastern sesame paste) $ 1/3 cup water $ 2 tablespoons fresh lemon juice $ 1 teaspoon sugar $ 1 garlic clove, minced $ ",Chicken $ Poultry $ Vegetable $ Roast $ Quick & Easy $ Dinner $ Asparagus $ Spring $ Sesame $ Gourmet $ Dairy Free $ Wheat/Gluten-Free $ Peanut Free $ Tree Nut Free $ Soy Free $ Kosher $ ,American $ ,3/4,21,Chicken $ Poultry $ Vegetable $ Roast $ Quick & Easy $ Dinner $ Asparagus $ Spring $ Sesame $ Gourmet $ Dairy Free $ Wheat/Gluten-Free $ Peanut Free $ Tree Nut Free $ Soy Free $ Kosher $ American $ 
https://www.epicurious.com/recipes/food/views/salad-with-papaya-dressing-231786,Salad with Papaya Dressing ,"1 firm-ripe papaya (10 to 12 oz), halved lengthwise $ 1 tablespoon finely grated peeled fresh ginger $ 1 tablespoon minced onion $ 1 tablespoon chopped fresh tarragon $ 1 teaspoon minced garlic $ 1 teaspoon dry mustard $ 2 tablespoons fresh lemon juice $ 1/2 teaspoon salt $ 1/8 teaspoon black pepper $ 1/2 cup vegetable oil $ Lettuce leaves $ ",Salad $ Fruit $ Leafy Green $ Appetizer $ No-Cook $ Quick & Easy $ Low/No Sugar $ Salad Dressing $ Papaya $ Spring $ Raw $ Lettuce $ Gourmet $ Kidney Friendly $ Vegan $ Vegetarian $ Pescatarian $ Dairy Free $ Wheat/Gluten-Free $ Peanut Free $ Tree Nut Free $ Soy Free $ No Sugar Added $ Kosher $ ,American $ ,3/4,10,Salad $ Fruit $ Leafy Green $ Appetizer $ No-Cook $ Quick & Easy $ Low/No Sugar $ Salad Dressing $ Papaya $ Spring $ Raw $ Lettuce $ Gourmet $ Kidney Friendly $ Vegan $ Vegetarian $ Pescatarian $ Dairy Free $ Wheat/Gluten-Free $ Peanut Free $ Tree Nut Free $ Soy Free $ No Sugar Added $ Kosher $ American $ 
https://www.epicurious.com/recipes/food/views/lemon-cheesecake-with-gingersnap-crust-231748,Lemon Cheesecake with Gingersnap Crust ,"2 cups ground gingersnap cookies $ 6 tablespoons (3/4 stick) unsalted butter, melted $ 5 8-ounce packages cream cheese, room temperature $ 2 cups sugar $ 1/4 teaspoon salt $ 7 large eggs $ 3 cups (24 ounces) sour cream $ 2 tablespoons (packed) finely grated lemon peel $ 2 tablespoons fresh lemon juice $ Lemon leaves or twists (optional) $ ",Cake $ Cheese $ Ginger $ Dessert $ Bake $ Christmas $ Cream Cheese $ Lemon $ Bon Appétit $ Kidney Friendly $ Vegetarian $ Pescatarian $ Peanut Free $ Tree Nut Free $ Soy Free $ Kosher $ ,American $ ,3.5/4,76,Cake $ Cheese $ Ginger $ Dessert $ Bake $ Christmas $ Cream Cheese $ Lemon $ Bon Appétit $ Kidney Friendly $ Vegetarian $ Pescatarian $ Peanut Free $ Tree Nut Free $ Soy Free $ Kosher $ American $ 
https://www.epicurious.com/recipes/food/views/baked-potatoes-with-rib-eye-steak-hash-231730,Baked Potatoes with Rib-Eye Steak Hash ,"4 large russet potatoes (each about 10 ounces) $ Olive oil $ Coarse kosher salt $ 1 10-ounce rib-eye steak, trimmed $ 2 tablespoons olive oil $ 2 bell peppers (preferably 1 red and 1 orange), cut into 1/4-inch-wide strips $ 1 large onion, halved, thinly sliced $ 2 red jalapeño chiles, halved, seeded, very thinly sliced crosswise $ 1 cup heavy whipping cream $ 2 teaspoons chopped fresh marjoram $ 4 teaspoons butter $ Fresh marjoram sprigs (optional) $ ",Beef $ Potato $ Bake $ Sauté $ Meat $ Steak $ Bell Pepper $ Winter $ Bon Appétit $ ,American $ ,3/4,26,Beef $ Potato $ Bake $ Sauté $ Meat $ Steak $ Bell Pepper $ Winter $ Bon Appétit $ American $ 
https://www.epicurious.com/recipes/food/views/chocolate-cherry-pistachio-and-raspberry-ice-cream-cake-231745,"Chocolate-Cherry, Pistachio, and Raspberry Ice Cream Cake ","1/2 cup dried tart cherries $ 1/2 cup orange juice $ 1 5.5-ounce package amaretti cookies* $ 1/4 cup almonds, toasted $ 5 tablespoons unsalted butter, melted $ 1 1/2 pints chocolate ice cream, softened $ 1 3-ounce bar imported milk chocolate, chopped $ 1 1/2 pints raspberry sorbet, softened $ 1 1/2 pints pistachio ice cream, softened $ 1 tablespoon grated orange peel $ Chocolate curls or additional amaretti cookies $ Hot Fudge Sauce $ ",Cake $ Chocolate $ Fruit $ Nut $ Dessert $ Freeze/Chill $ Kid-Friendly $ Backyard BBQ $ Frozen Dessert $ Raspberry $ Cherry $ Almond $ Pistachio $ Summer $ Birthday $ Party $ Bon Appétit $ Vegetarian $ Pescatarian $ Peanut Free $ Kosher $ ,American $ ,3.5/4,13,Cake $ Chocolate $ Fruit $ Nut $ Dessert $ Freeze/Chill $ Kid-Friendly $ Backyard BBQ $ Frozen Dessert $ Raspberry $ Cherry $ Almond $ Pistachio $ Summer $ Birthday $ Party $ Bon Appétit $ Vegetarian $ Pescatarian $ Peanut Free $ Kosher $ American $ 
https://www.epicurious.com/recipes/food/views/strawberry-rhubarb-crisps-with-cardamom-and-nutmeg-231744,Strawberry-Rhubarb Crisps with Cardamom and Nutmeg ,"1/2 cup old-fashioned oats $ 1/2 cup all purpose flour $ 1/2 cup (packed) golden brown sugar $ 1/3 cup sliced almonds $ 1/4 teaspoon ground nutmeg $ Generous pinch of salt $ 6 tablespoons (3/4 stick) chilled unsalted butter, cut into 1/2-inch cubes $ 5 cups 1/2-inch-thick slices fresh rhubarb (from about 2 pounds) $ 2 cups halved strawberries $ 3/4 cup sugar $ 1/3 cup orange juice $ 2 tablespoons all purpose flour $ 1 1/2 teaspoons grated orange peel $ 1/2 teaspoon (scant) ground cardamom $ 1/4 teaspoon ground nutmeg $ Sweetened whipped cream $ ",Berry $ Fruit $ Dessert $ Bake $ Backyard BBQ $ Strawberry $ Spice $ Spring $ Summer $ Rhubarb $ Nutmeg $ Bon Appétit $ Vegetarian $ Pescatarian $ Peanut Free $ Soy Free $ Kosher $ ,American $ ,3.5/4,36,Berry $ Fruit $ Dessert $ Bake $ Backyard BBQ $ Strawberry $ Spice $ Spring $ Summer $ Rhubarb $ Nutmeg $ Bon Appétit $ Vegetarian $ Pescatarian $ Peanut Free $ Soy Free $ Kosher $ American $ 
https://www.epicurious.com/recipes/food/views/veal-chops-with-creole-mustard-crust-231735,Veal Chops with Creole Mustard Crust ,"1/4 cup Creole mustard $ 2 tablespoons mayonnaise $ 2 green onions, chopped, divided $ 2 8-ounce veal rib chops (each about 1 inch thick) $ Ground allspice $ 2 tablespoons olive oil $ 1 large garlic clove, minced $ 1 cup fresh breadcrumbs made from crustless French bread $ ",Mustard $ Bake $ Sauté $ Quick & Easy $ Dinner $ Meat $ Veal $ Bon Appétit $ Dairy Free $ Peanut Free $ Tree Nut Free $ Soy Free $ Kosher $ ,American $ Cajun/Creole $ ,3.5/4,12,Mustard $ Bake $ Sauté $ Quick & Easy $ Dinner $ Meat $ Veal $ Bon Appétit $ Dairy Free $ Peanut Free $ Tree Nut Free $ Soy Free $ Kosher $ American $ Cajun/Creole $ 
https://www.epicurious.com/recipes/food/views/challenge-feel-good-frittata-232420,Challenge Feel-Good Frittata ,"Vegetable-oil cooking spray $ 1/4 cup diced red bell pepper $ 1 1/2 cups fresh baby spinach, loosely packed $ 1 whole egg plus 3 egg whites $ 2 tbsp crumbled feta $ ",Cheese $ Egg $ Leafy Green $ Pepper $ Breakfast $ Brunch $ Sauté $ Low Fat $ Feta $ Self $ Sugar Conscious $ Vegetarian $ Pescatarian $ Wheat/Gluten-Free $ Peanut Free $ Tree Nut Free $ Soy Free $ No Sugar Added $ Kosher $ ,American $ Italian $ ,3/4,4,Cheese $ Egg $ Leafy Green $ Pepper $ Breakfast $ Brunch $ Sauté $ Low Fat $ Feta $ Self $ Sugar Conscious $ Vegetarian $ Pescatarian $ Wheat/Gluten-Free $ Peanut Free $ Tree Nut Free $ Soy Free $ No Sugar Added $ Kosher $ American $ Italian $ 
https://www.epicurious.com/recipes/food/views/triple-whammy-saffroned-tomato-fennel-soup-232421,Triple-Whammy Saffroned Tomato-Fennel Soup ,"1 1/2 tbsp olive oil $ 1 medium onion, diced $ 1 fennel bulb, trimmed and diced, fronds reserved for garnish $ 1 clove garlic, minced $ 1/2 to 1 tsp saffron threads $ 1/4 cup dry white wine $ 1/4 cup fresh basil, finely shredded $ 1 can (28 oz) chopped tomatoes $ 1/4 cup roughly chopped fresh basil $ ",Soup/Stew $ Tomato $ Vegetable $ Low Fat $ Quick & Easy $ Saffron $ Fennel $ White Wine $ Summer $ Healthy $ Simmer $ Self $ ,American $ ,3/4,2,Soup/Stew $ Tomato $ Vegetable $ Low Fat $ Quick & Easy $ Saffron $ Fennel $ White Wine $ Summer $ Healthy $ Simmer $ Self $ American $ 
https://www.epicurious.com/recipes/food/views/steamed-snapper-with-ginger-lime-and-cilantro-231729,"Steamed Snapper with Ginger, Lime, and Cilantro ","5 tablespoons chopped fresh cilantro, divided $ 1/4 cup bottled clam juice $ 2 tablespoons fresh lime juice $ 2 tablespoons chopped green onion $ 1 tablespoon grated peeled fresh ginger (see tip below) $ 1 tablespoon soy sauce $ 1 tablespoon toasted sesame oil $ 1 teaspoon fish sauce (such as nam pla or nuoc nam)* $ 2 6- to 8-ounce red snapper fillets or halibut fillets $ ",Fish $ Ginger $ Steam $ Low Fat $ Quick & Easy $ Dinner $ Lime $ Snapper $ Cilantro $ Bon Appétit $ Sugar Conscious $ Pescatarian $ Dairy Free $ Peanut Free $ Tree Nut Free $ No Sugar Added $ ,American $ Asian $ ,3.5/4,27,Fish $ Ginger $ Steam $ Low Fat $ Quick & Easy $ Dinner $ Lime $ Snapper $ Cilantro $ Bon Appétit $ Sugar Conscious $ Pescatarian $ Dairy Free $ Peanut Free $ Tree Nut Free $ No Sugar Added $ American $ Asian $ 
https://www.epicurious.com/recipes/food/views/strawberry-butter-231727,Strawberry Butter ,"1 10-ounce package frozen sweetened strawberries, thawed $ 1 cup (2 sticks) unsweetened butter, room temperature $ 3/4 cup powdered sugar $ 1 1/2 teaspoons grated orange peel $ ",Condiment/Spread $ Food Processor $ Berry $ Fruit $ Breakfast $ Brunch $ Quick & Easy $ Strawberry $ Bon Appétit $ Ohio $ Kidney Friendly $ Vegetarian $ Pescatarian $ Wheat/Gluten-Free $ Peanut Free $ Tree Nut Free $ Soy Free $ Kosher $ ,American $ ,3.5/4,8,Condiment/Spread $ Food Processor $ Berry $ Fruit $ Breakfast $ Brunch $ Quick & Easy $ Strawberry $ Bon Appétit $ Ohio $ Kidney Friendly $ Vegetarian $ Pescatarian $ Wheat/Gluten-Free $ Peanut Free $ Tree Nut Free $ Soy Free $ Kosher $ American $ 
https://www.epicurious.com/recipes/food/views/chive-and-garlic-mashed-potatoes-231740,Chive and Garlic Mashed Potatoes ,"2 pounds unpeeled red-skinned potatoes, rinsed, cut into 1- to 1 1/2-inch pieces $ 10 tablespoons (1 1/4 sticks) butter $ 3 garlic cloves, minced $ 3/4 cup chopped chives (about 3 bunches) $ ",Garlic $ Potato $ Side $ Christmas $ Easter $ Thanksgiving $ Vegetarian $ Quick & Easy $ Chive $ Bon Appétit $ Ohio $ Sugar Conscious $ Pescatarian $ Wheat/Gluten-Free $ Peanut Free $ Tree Nut Free $ Soy Free $ No Sugar Added $ Kosher $ ,American $ ,3/4,39,Garlic $ Potato $ Side $ Christmas $ Easter $ Thanksgiving $ Vegetarian $ Quick & Easy $ Chive $ Bon Appétit $ Ohio $ Sugar Conscious $ Pescatarian $ Wheat/Gluten-Free $ Peanut Free $ Tree Nut Free $ Soy Free $ No Sugar Added $ Kosher $ American $ 
