link,name,ingredients,recipe_category,recipe_cuisine,rating,rating_count,keywords
https://www.epicurious.com/recipes/food/views/brown-sugar-fudge-108365,Brown Sugar Fudge ,"1/2 cup plus 2 tablespoons evaporated milk $ 2 cups packed light brown sugar (14 ounces) $ 1 1/2 sticks (12 tablespoons) unsalted butter, cut into tablespoons $ 1/4 teaspoon salt $ 1/2 teaspoon vanilla extract $ 1 3/4 cups confectioners' sugar $ Special equipment: a candy thermometer $ ",Candy $ Milk/Cream $ Dessert $ Christmas $ Vanilla $ Summer $ Winter $ Edible Gift $ Candy Thermometer $ Gourmet $ Kidney Friendly $ Vegetarian $ Pescatarian $ Wheat/Gluten-Free $ Peanut Free $ Tree Nut Free $ Soy Free $ Kosher $ ,American $ ,3.5/4,34,Candy $ Milk/Cream $ Dessert $ Christmas $ Vanilla $ Summer $ Winter $ Edible Gift $ Candy Thermometer $ Gourmet $ Kidney Friendly $ Vegetarian $ Pescatarian $ Wheat/Gluten-Free $ Peanut Free $ Tree Nut Free $ Soy Free $ Kosher $ American $ 
https://www.epicurious.com/recipes/food/views/pear-and-pumpkin-pie-13291,Pear and Pumpkin Pie ,"1 tablespoon whole allspice berries $ 1/2 vanilla bean, split lengthwise $ 1 tablespoon freshly grated lemon zest (from about 2 lemons) $ 4 cups dry red wine $ 2 cups water $ 1 cup sugar $ 3 firm-ripe pears such as Bosc $ pastry dough for a single crust 9-inch pie $ an egg wash made by beating 1 large egg yolk with 1 teaspoon water $ 3 large eggs $ 3/4 cup heavy cream $ 1 1/2 cups canned solid-pack pumpkin $ 1/2 cup firmly packed light brown sugar $ 2 teaspoons cinnamon $ 1 teaspoon ground ginger $ 3/4 teaspoon salt $ 1 teaspoon ground allspice $ 1/8 teaspoon freshly grated nutmeg $ 1/4 cup apricot jam, heated and strained $ Accompaniment:ginger crème anglaise $ ",Dessert $ Bake $ Poach $ Thanksgiving $ Pear $ Apricot $ Pumpkin $ Chill $ Gourmet $ ,American $ ,3.5/4,8,Dessert $ Bake $ Poach $ Thanksgiving $ Pear $ Apricot $ Pumpkin $ Chill $ Gourmet $ American $ 
https://www.epicurious.com/recipes/food/views/onion-and-spinach-dip-107577,Onion and Spinach Dip ,"3 tablespoons extra-virgin olive oil $ 1 large onion, chopped (1 3/4 cups) $ 1/2 lb shallots, chopped $ 1/2 lb baby spinach, coarsely chopped $ 3 ounce cream cheese, softened $ 1 (16-ounce) container sour cream $ 1/2 teaspoon salt $ 1/4 teaspoon black pepper $ ",Condiment/Spread $ Dairy $ Leafy Green $ Onion $ Super Bowl $ Vegetarian $ Quick & Easy $ Wedding $ Spinach $ Winter $ Gourmet $ ,American $ ,2.5/4,23,Condiment/Spread $ Dairy $ Leafy Green $ Onion $ Super Bowl $ Vegetarian $ Quick & Easy $ Wedding $ Spinach $ Winter $ Gourmet $ American $ 
https://www.epicurious.com/recipes/food/views/michaels-chocolate-obsession-107718,Michael's Chocolate Obsession ,"Nonstick vegetable oil spray $ 8 ounces bittersweet (not unsweetened) or semisweet chocolate, chopped $ 5 tablespoons unsalted butter $ 1 tablespoon grated orange peel $ 3 large eggs $ Pinch of salt $ Powdered sugar $ ",Cake $ Mixer $ Chocolate $ Egg $ Dessert $ Bake $ Christmas $ Valentine's Day $ Orange $ Winter $ Bon Appétit $ ,American $ ,3.5/4,10,Cake $ Mixer $ Chocolate $ Egg $ Dessert $ Bake $ Christmas $ Valentine's Day $ Orange $ Winter $ Bon Appétit $ American $ 
https://www.epicurious.com/recipes/food/views/chocolate-heart-layer-cake-with-chocolate-cinnamon-mousse-107716,Chocolate Heart Layer Cake with Chocolate-Cinnamon Mousse ,"4 tablespoons unsalted butter, melted $ 1/3 cup all purpose flour $ 1/3 cup unsweetened cocoa powder $ 1/4 teaspoon salt $ 4 large eggs $ 3/4 cup sugar $ 1 cup heavy whipping cream $ 4 cinnamon sticks, broken in half $ 2/3 cup cherry jam $ 2 tablespoons kirsch (clear cherry brandy) $ 4 ounces bittersweet (not unsweetened) or semisweet chocolate, finely chopped $ 1/2 cup heavy whipping cream $ 1/4 cup water $ 2 tablespoons light corn syrup $ 1 teaspoon chai-spiced tea leaves or Lapsang souchong smoked black tea leaves (from 1 tea bag) $ 5 ounces bittersweet (not unsweetened) or semisweet chocolate, coarsely chopped $ ",Cake $ Chocolate $ Dessert $ Bake $ Freeze/Chill $ Valentine's Day $ Winter $ Chill $ Simmer $ Bon Appétit $ ,American $ ,3.5/4,34,Cake $ Chocolate $ Dessert $ Bake $ Freeze/Chill $ Valentine's Day $ Winter $ Chill $ Simmer $ Bon Appétit $ American $ 
https://www.epicurious.com/recipes/food/views/brownies-108700,Brownies ,"2 sticks (1 cup) unsalted butter $ 8 ounces fine-quality bittersweet chocolate (not unsweetened), coarsely chopped $ 1 1/4 cups all-purpose flour $ 1 teaspoon baking powder $ 1/2 teaspoon salt $ 2 cups sugar $ 4 large eggs $ 2 teaspoons vanilla $ 5 ounces walnut pieces, coarsely chopped (1 1/2 cups) $ ",Chocolate $ Dessert $ Bake $ Fourth of July $ Kid-Friendly $ Back to School $ Walnut $ Fall $ Gourmet $ Kidney Friendly $ Vegetarian $ Pescatarian $ Peanut Free $ Soy Free $ Kosher $ ,American $ ,3.5/4,119,Chocolate $ Dessert $ Bake $ Fourth of July $ Kid-Friendly $ Back to School $ Walnut $ Fall $ Gourmet $ Kidney Friendly $ Vegetarian $ Pescatarian $ Peanut Free $ Soy Free $ Kosher $ American $ 
https://www.epicurious.com/recipes/food/views/herbed-bread-stuffing-102580,Herbed Bread Stuffing ,"10 cups (1-inch) cubes crusty country-style bread (1 lb) $ 3 medium onions, chopped $ 3 celery ribs, thinly sliced crosswise $ 1 teaspoon dried thyme $ 1/2 teaspoon dried sage $ 1/2 teaspoon dried rosemary $ 1 stick unsalted butter $ 1 1/2 cups chicken broth $ 1/2 cup water $ ",Herb $ Side $ Bake $ Thanksgiving $ Fall $ Gourmet $ ,American $ ,3.5/4,76,Herb $ Side $ Bake $ Thanksgiving $ Fall $ Gourmet $ American $ 
https://www.epicurious.com/recipes/food/views/creamed-mushrooms-onions-and-brussels-sprouts-108828,"Creamed Mushrooms, Onions, and Brussels Sprouts ","5 tablespoons butter $ 1 pound oyster mushrooms, cut into 1-inch-wide pieces $ 15 ounces frozen whole petite onions (about 2 1/2 cups; do not thaw) $ 1 pound small brussels sprouts (about 4 cups), trimmed, halved $ 2 1/2 cups low-salt chicken broth $ 2 garlic cloves, minced $ 1 1/2 tablespoons chopped fresh thyme $ 1 1/2 tablespoons all purpose flour $ 2/3 cup whipping cream $ 1 cup fresh breadcrumbs made from crustless French bread $ 1/2 cup freshly grated Parmesan cheese $ ",Milk/Cream $ Mushroom $ Onion $ Vegetable $ Sauté $ Thanksgiving $ Casserole/Gratin $ Parmesan $ Fall $ Brussels Sprout $ Bon Appétit $ ,American $ ,3.5/4,19,Milk/Cream $ Mushroom $ Onion $ Vegetable $ Sauté $ Thanksgiving $ Casserole/Gratin $ Parmesan $ Fall $ Brussels Sprout $ Bon Appétit $ American $ 
https://www.epicurious.com/recipes/food/views/cranberry-tangerine-and-crystallized-ginger-relish-107325,"Cranberry, Tangerine, and Crystallized-Ginger Relish ","1 12-ounce bag cranberries $ 1 6-ounce tangerine (unpeeled), halved, seeded, cut into 1-inch pieces $ 3/4 cup sugar $ 1/2 cup coarsely chopped crystallized ginger (about 2 1/2 ounces) $ 1/4 cup orange marmalade $ ",Condiment/Spread $ Sauce $ Food Processor $ Berry $ Citrus $ Ginger $ No-Cook $ Thanksgiving $ Fall $ Bon Appétit $ ,American $ ,3.5/4,22,Condiment/Spread $ Sauce $ Food Processor $ Berry $ Citrus $ Ginger $ No-Cook $ Thanksgiving $ Fall $ Bon Appétit $ American $ 
https://www.epicurious.com/recipes/food/views/skillet-chicken-and-vegetables-106116,Skillet Chicken and Vegetables ,"4 chicken thighs with skin and bone $ 1 tablespoon paprika $ 2 tablespoons vegetable oil $ 3/4 pound small red-skinned potatoes, halved $ 8 boiling onions, peeled $ 2 large carrots, peeled, cut into 1-inch pieces $ 1 tablespoon all purpose flour $ 1 cup canned low-salt chicken broth $ 1/2 cup dry white wine $ Chopped fresh parsley $ ",Chicken $ Onion $ Potato $ Poultry $ Vegetable $ Sauté $ Wheat/Gluten-Free $ Dinner $ Carrot $ Fall $ Winter $ Bon Appétit $ Dairy Free $ Peanut Free $ Tree Nut Free $ Soy Free $ Kosher $ Diabetes-Friendly $ ,American $ ,3/4,88,Chicken $ Onion $ Potato $ Poultry $ Vegetable $ Sauté $ Wheat/Gluten-Free $ Dinner $ Carrot $ Fall $ Winter $ Bon Appétit $ Dairy Free $ Peanut Free $ Tree Nut Free $ Soy Free $ Kosher $ Diabetes-Friendly $ American $ 
https://www.epicurious.com/recipes/food/views/holiday-cutouts-108919,Holiday Cutouts ,"Ingredients for basic butter cookies $ Decorating icing (optional) $ Food coloring in various colors (optional) $ Garnish: edible glitter and nonpareils (see cooks' note, below) $ 1 1/2- to 2-inch holiday cookie cutters*; several small heavy-duty sealable plastic bags (not pleated) $ ",Cookies $ Bake $ Christmas $ Winter $ Gourmet $ ,American $ ,3.5/4,5,Cookies $ Bake $ Christmas $ Winter $ Gourmet $ American $ 
https://www.epicurious.com/recipes/food/views/mocha-truffles-107722,Mocha Truffles ,"8 ounces bittersweet (not unsweetened) or semisweet chocolate, chopped $ 1 cup whipping cream $ 1 1/2 tablespoons ground espresso beans $ 1/4 cup (1/2 stick) chilled unsalted butter, cut into 4 pieces $ 1/2 cup unsweetened cocoa powder $ ",Candy $ Chocolate $ Dessert $ Freeze/Chill $ Back to School $ Winter $ Chill $ Bon Appétit $ ,American $ ,3/4,4,Candy $ Chocolate $ Dessert $ Freeze/Chill $ Back to School $ Winter $ Chill $ Bon Appétit $ American $ 
https://www.epicurious.com/recipes/food/views/chocolate-coconut-almond-sprinkles-108409,Chocolate Coconut Almond Sprinkles ,"1/3 cup almonds with skins, finely chopped $ 1 cup sweetened flaked coconut $ 3 1/2 ounces fine-quality bittersweet chocolate (not unsweetened), finely chopped, or 2/3 cup semisweet chocolate chips $ ",Chocolate $ Nut $ Dessert $ Bake $ Frozen Dessert $ Coconut $ Summer $ Gourmet $ Kidney Friendly $ Vegan $ Vegetarian $ Pescatarian $ Dairy Free $ Wheat/Gluten-Free $ Peanut Free $ Soy Free $ Kosher $ ,American $ ,2.5/4,2,Chocolate $ Nut $ Dessert $ Bake $ Frozen Dessert $ Coconut $ Summer $ Gourmet $ Kidney Friendly $ Vegan $ Vegetarian $ Pescatarian $ Dairy Free $ Wheat/Gluten-Free $ Peanut Free $ Soy Free $ Kosher $ American $ 
https://www.epicurious.com/recipes/food/views/new-england-sausage-stuffing-with-maple-corn-bread-105804,New England Sausage Stuffing with Maple Corn Bread ,"1 pound breakfast-style bulk sausage $ 1/2 cup (1 stick) unsalted butter $ 1 3/4 pounds Granny Smith apples, peeled, cored, chopped $ 1 pound onions, chopped $ 4 large celery stalks, chopped $ 1 cup chopped celery leaves $ 9 cups coarsely crumbled day-oldMaple Corn Bread $ 4 large eggs $ 2/3 cup frozen apple juice concentrate, thawed $ 1/3 cup canned low-salt chicken broth $ 1 teaspoon salt $ 1 teaspoon ground black pepper $ 1 teaspoon crumbled dried sage leaves $ 1/4 teaspoon ground allspice $ 1/4 teaspoon ground nutmeg $ ",Onion $ Side $ Bake $ Thanksgiving $ Stuffing/Dressing $ Apple $ Sausage $ Fall $ Bon Appétit $ Wheat/Gluten-Free $ Peanut Free $ Tree Nut Free $ Soy Free $ ,American $ ,3/4,8,Onion $ Side $ Bake $ Thanksgiving $ Stuffing/Dressing $ Apple $ Sausage $ Fall $ Bon Appétit $ Wheat/Gluten-Free $ Peanut Free $ Tree Nut Free $ Soy Free $ American $ 
https://www.epicurious.com/recipes/food/views/sweet-potato-fritters-104156,Sweet-Potato Fritters ,"1 1-pound red-skinned sweet potato (yam) $ 2 tablespoons (1/4 stick) butter, melted $ 1/3 cup sugar $ 2 tablespoons chopped fresh mint $ 3/4 teaspoon salt $ 1/2 teaspoon ground cinnamon $ 1 large egg $ 1 cup all purpose flour $ 1/2 cup fresh bread crumbs made from crustless French bread $ 1 tablespoon baking powder $ Vegetable oil (for frying) $ Yogurt-Mint Dip $ ",Appetizer $ Fry $ Mint $ Sweet Potato/Yam $ Fall $ Bon Appétit $ Massachusetts $ Kidney Friendly $ Vegetarian $ Pescatarian $ Peanut Free $ Tree Nut Free $ Soy Free $ Kosher $ ,American $ ,3/4,4,Appetizer $ Fry $ Mint $ Sweet Potato/Yam $ Fall $ Bon Appétit $ Massachusetts $ Kidney Friendly $ Vegetarian $ Pescatarian $ Peanut Free $ Tree Nut Free $ Soy Free $ Kosher $ American $ 
https://www.epicurious.com/recipes/food/views/outrageous-peanut-butter-cookies-102894,Outrageous Peanut Butter Cookies ,"1 cup super chunky peanut butter $ 1 cup (packed) dark brown sugar $ 6 tablespoons (3/4 stick) unsalted butter, room temperature $ 1 large egg $ 2 tablespoons dark corn syrup $ 2 teaspoons vanilla extract $ 1 cup all purpose flour $ 1/3 cup old-fashioned oats $ 1 teaspoon baking soda $ 3 1.8- to 2-ounce candy bars with peanuts, peanut butter, chocolate and caramel (such as Nutrageous), cut into 1/2-inch cubes $ ",Cookies $ Chocolate $ Nut $ Dessert $ Bake $ Christmas $ Kid-Friendly $ Quick & Easy $ Peanut $ Bon Appétit $ California $ ,American $ ,3/4,51,Cookies $ Chocolate $ Nut $ Dessert $ Bake $ Christmas $ Kid-Friendly $ Quick & Easy $ Peanut $ Bon Appétit $ California $ American $ 
https://www.epicurious.com/recipes/food/views/smores-coffee-and-fudge-ice-cream-cake-102836,S'mores Coffee and Fudge Ice Cream Cake ,"16 whole graham crackers (about 8 ounces) $ 1 cup whole almonds, toasted $ 3 tablespoons sugar $ 1/2 cup (1 stick) unsalted butter, melted $ 1 1/2 quarts coffee ice cream, softened until spreadable $ Fudge Sauce $ 1 7-ounce jar marshmallow creme $ 2 cups miniature marshmallows $ ",Cake $ Coffee $ Dairy $ Nut $ Dessert $ Bake $ Freeze/Chill $ Backyard BBQ $ Almond $ Fall $ Spring $ Birthday $ Bon Appétit $ Peanut Free $ Soy Free $ ,American $ ,3.5/4,77,Cake $ Coffee $ Dairy $ Nut $ Dessert $ Bake $ Freeze/Chill $ Backyard BBQ $ Almond $ Fall $ Spring $ Birthday $ Bon Appétit $ Peanut Free $ Soy Free $ American $ 
https://www.epicurious.com/recipes/food/views/mini-chocolate-cupcakes-108418,Mini Chocolate Cupcakes ,"1/3 cup water $ 1/3 cup pitted dates, coarsely chopped $ 1/4 cup unsweetened Dutch-process cocoa powder $ 1 ounce fine-quality bittersweet chocolate (not unsweetened), coarsely chopped $ 3 tablespoons packed light brown sugar $ 1 large egg $ 1/4 teaspoon vanilla $ 1/4 teaspoon baking soda $ 2 tablespoons all-purpose flour $ Vegetable oil cooking spray $ 1 teaspoon confectioners sugar for dusting $ a mini-muffin pan with 12 (1/8-cup) muffin cups, preferably nonstick $ ",Cake $ Chocolate $ Dessert $ Bake $ Easter $ Gourmet $ ,American $ ,3.5/4,64,Cake $ Chocolate $ Dessert $ Bake $ Easter $ Gourmet $ American $ 
https://www.epicurious.com/recipes/food/views/chocolate-mint-cookies-102892,Chocolate Mint Cookies ,2 1/2 cups semisweet chocolate chips $ 6 tablespoons all purpose flour $ 1/2 teaspoon baking powder $ 3/4 cup sugar $ 2 large eggs $ 2 tablespoons dark corn syrup $ 1/2 teaspoon peppermint extract $ ,Cookies $ Chocolate $ Dessert $ Bake $ Kid-Friendly $ Mint $ Bon Appétit $ California $ ,American $ ,3/4,55,Cookies $ Chocolate $ Dessert $ Bake $ Kid-Friendly $ Mint $ Bon Appétit $ California $ American $ 
https://www.epicurious.com/recipes/food/views/chocolate-sheet-cake-with-sour-cream-frosting-104036,Chocolate Sheet Cake with Sour Cream Frosting ,"2 cups all purpose flour $ 1 cup sweetened instant chocolate drink mix (such as NesQuik) $ 1 teaspoon baking soda $ 1 teaspoon baking powder $ 1/2 teaspoon salt $ 1 cup (2 sticks) unsalted butter, room temperature $ 1 1/2 cups (packed) golden brown sugar $ 3 large eggs $ 1 1/2 cups sour cream $ 3 cups semisweet chocolate chips (about 18 ounces) $ 1/2 cup almonds, toasted, chopped $ ",Cake $ Mixer $ Chocolate $ Dairy $ Dessert $ Bake $ Birthday $ Shower $ Engagement Party $ Party $ Sour Cream $ Bon Appétit $ Kidney Friendly $ Vegetarian $ Pescatarian $ Peanut Free $ Soy Free $ Kosher $ ,American $ ,3/4,5,Cake $ Mixer $ Chocolate $ Dairy $ Dessert $ Bake $ Birthday $ Shower $ Engagement Party $ Party $ Sour Cream $ Bon Appétit $ Kidney Friendly $ Vegetarian $ Pescatarian $ Peanut Free $ Soy Free $ Kosher $ American $ 
https://www.epicurious.com/recipes/food/views/pumpkin-pie-brulee-105850,Pumpkin Pie Brûlée ,Flaky Pie Crust Dough $ 1 15-ounce can pure pumpkin $ 3/4 cup plus 4 tablespoons sugar $ 3 large eggs $ 1 1/4 cups whipping cream $ 1 teaspoon ground cinnamon $ 1 teaspoon ground ginger $ 1/4 teaspoon ground nutmeg $ Pinch of ground cloves $ 1/4 teaspoon salt $ ,Dessert $ Bake $ Thanksgiving $ Pumpkin $ Fall $ Bon Appétit $ Kidney Friendly $ Vegetarian $ Pescatarian $ Peanut Free $ Tree Nut Free $ Soy Free $ Kosher $ ,American $ ,3.5/4,52,Dessert $ Bake $ Thanksgiving $ Pumpkin $ Fall $ Bon Appétit $ Kidney Friendly $ Vegetarian $ Pescatarian $ Peanut Free $ Tree Nut Free $ Soy Free $ Kosher $ American $ 
https://www.epicurious.com/recipes/food/views/steamed-clams-in-wine-and-chorizo-105218,Steamed Clams in Wine and Chorizo ,"1 medium onion, chopped $ 1 yellow bell pepper, chopped $ 1 garlic clove, minced $ 1/2 teaspoon cumin seeds $ 1/4 teaspoon salt $ 2 tablespoons olive oil $ 3/4 cup dry white wine $ 2 lb littleneck clams (2 inches wide), scrubbed $ 1/4 lb dried Spanish chorizo (spicy cured pork sausage) links, cut into 1/4-inch dice $ 2 tablespoons fresh cilantro $ ",Steam $ Sausage $ Clam $ Bell Pepper $ White Wine $ Summer $ Cilantro $ Gourmet $ ,American $ ,3.5/4,16,Steam $ Sausage $ Clam $ Bell Pepper $ White Wine $ Summer $ Cilantro $ Gourmet $ American $ 
https://www.epicurious.com/recipes/food/views/roast-leg-of-lamb-with-fennel-butter-107927,Roast Leg of Lamb with Fennel Butter ,"6 tablespoons (3/4 stick) butter, room temperature $ 3 tablespoons fennel seeds, crushed in plastic bag with mallet $ 3 large garlic cloves, minced $ 2 tablespoons Dijon mustard $ 1 1/2 tablespoons soy sauce $ 1 tablespoon coarsely ground black pepper $ 1 1/2 teaspoons dried crushed rosemary $ 2 tablespoons olive oil $ 1 6- to 6 1/2-pound bone-in leg of lamb, well trimmed $ 2 cups dry red wine $ 1 1/3 cups low-salt chicken broth $ Fresh rosemary sprigs (optional) $ ",Lamb $ Roast $ Low Carb $ Red Wine $ Winter $ Bon Appétit $ ,American $ ,3.5/4,37,Lamb $ Roast $ Low Carb $ Red Wine $ Winter $ Bon Appétit $ American $ 
https://www.epicurious.com/recipes/food/views/panfried-red-snapper-with-chipotle-butter-105222,Panfried Red Snapper with Chipotle Butter ,"1/2 stick (1/4 cup) unsalted butter, softened $ 1/2 to 1 tablespoon finely chopped canned chipotle chiles in adobo plus 2 teaspoons adobo sauce (from can) $ 1/2 teaspoon salt $ 4 red snapper fillets with skin (1 1/2 lb total) $ 1/3 cup all-purpose flour $ 3 tablespoons vegetable oil $ Accompaniment: lime wedges $ ",Fish $ Fry $ Hot Pepper $ Gourmet $ ,American $ ,3.5/4,40,Fish $ Fry $ Hot Pepper $ Gourmet $ American $ 
https://www.epicurious.com/recipes/food/views/bluewater-bread-pudding-with-caramel-sauce-107108,Bluewater Bread Pudding with Caramel Sauce ,"1 pound dark brown sugar $ 2 cups whipping cream $ 1 cup light corn syrup $ 1/2 cup dark rum $ 2 1/2 cups whole milk $ 1 cup whipping cream $ 1 cup sugar $ 4 large eggs $ 4 large egg yolks $ 1 tablespoon vanilla extract $ 1/4 teaspoon ground nutmeg $ 1/8 teaspoon salt $ 12 slices good-quality white bread, crusts trimmed $ 3 tablespoons unsalted butter, room temperature $ 1/2 cup dried currants $ ",Milk/Cream $ Rum $ Egg $ Dessert $ Bake $ Currant $ Dried Fruit $ Fall $ Bon Appétit $ Vegetarian $ Pescatarian $ Peanut Free $ Tree Nut Free $ Soy Free $ Kosher $ ,American $ ,3/4,22,Milk/Cream $ Rum $ Egg $ Dessert $ Bake $ Currant $ Dried Fruit $ Fall $ Bon Appétit $ Vegetarian $ Pescatarian $ Peanut Free $ Tree Nut Free $ Soy Free $ Kosher $ American $ 
https://www.epicurious.com/recipes/food/views/hominy-grits-souffle-105511,Hominy Grits Soufflé ,"3/4 cup white hominy grits (not quick-cooking) $ 1 cup boiling water $ 2 cups whole milk $ 1 teaspoon salt $ 1/2 stick (1/4 cup) unsalted butter, melted $ 4 large egg yolks, lightly beaten $ 6 large egg whites $ ",Milk/Cream $ Egg $ Breakfast $ Side $ Bake $ Kentucky Derby $ Gourmet $ Vegetarian $ Pescatarian $ Wheat/Gluten-Free $ Peanut Free $ Tree Nut Free $ Soy Free $ Kosher $ ,American $ ,3.5/4,4,Milk/Cream $ Egg $ Breakfast $ Side $ Bake $ Kentucky Derby $ Gourmet $ Vegetarian $ Pescatarian $ Wheat/Gluten-Free $ Peanut Free $ Tree Nut Free $ Soy Free $ Kosher $ American $ 
https://www.epicurious.com/recipes/food/views/mashed-yams-in-orange-cups-105819,Mashed Yams in Orange Cups ,"6 pounds large yams (red-skinned sweet potatoes) $ 3/4 cup marshmallow creme $ 9 tablespoons butter, room temperature $ 6 tablespoons maple syrup $ 3 large eggs $ 9 large oranges $ Additional marshmallow creme $ 36 pecan halves $ ",Side $ Bake $ Thanksgiving $ Orange $ Pecan $ Sweet Potato/Yam $ Fall $ Maple Syrup $ Bon Appétit $ Wheat/Gluten-Free $ Peanut Free $ Soy Free $ ,American $ ,3.5/4,51,Side $ Bake $ Thanksgiving $ Orange $ Pecan $ Sweet Potato/Yam $ Fall $ Maple Syrup $ Bon Appétit $ Wheat/Gluten-Free $ Peanut Free $ Soy Free $ American $ 
https://www.epicurious.com/recipes/food/views/mixed-greens-with-goat-cheese-and-candied-almonds-104191,Mixed Greens with Goat Cheese and Candied Almonds ,"1 cup sugar $ 1/4 cup water $ 1 1/2 cups slivered almonds, toasted $ 4 cups apple cider $ 1/4 cup apple cider vinegar $ 2 tablespoons grated onion $ 2 tablespoons Dijon mustard $ 1 tablespoon poppy seeds $ 1 cup olive oil $ 2 5-ounce bags mixed salad greens $ 12 ounces soft fresh goat cheese, crumbled $ ",Salad $ Fruit Juice $ Leafy Green $ Appetizer $ Quick & Easy $ Goat Cheese $ Almond $ Poppy $ Bon Appétit $ Vegetarian $ Pescatarian $ Wheat/Gluten-Free $ Peanut Free $ Soy Free $ Kosher $ ,American $ ,3.5/4,114,Salad $ Fruit Juice $ Leafy Green $ Appetizer $ Quick & Easy $ Goat Cheese $ Almond $ Poppy $ Bon Appétit $ Vegetarian $ Pescatarian $ Wheat/Gluten-Free $ Peanut Free $ Soy Free $ Kosher $ American $ 
https://www.epicurious.com/recipes/food/views/meat-loaf-with-mustard-dill-sauce-104149,Meat Loaf with Mustard-Dill Sauce ,6 tablespoons sour cream $ 2 1/2 tablespoons chopped fresh dill $ 4 teaspoons Dijon mustard $ 5 ounces lean ground beef $ 5 ounces ground pork $ 2/3 cup fresh breadcrumbs made from crustless rye bread $ 1/3 cup chopped onion $ 1/4 teaspoon ground allspice $ ,Beef $ Mustard $ Onion $ Pork $ Bake $ Quick & Easy $ Winter $ Sour Cream $ Dill $ Bon Appétit $ ,American $ ,3/4,13,Beef $ Mustard $ Onion $ Pork $ Bake $ Quick & Easy $ Winter $ Sour Cream $ Dill $ Bon Appétit $ American $ 
https://www.epicurious.com/recipes/food/views/pear-ginger-strudel-with-ginger-custard-sauce-105841,Pear-Ginger Strudel with Ginger-Custard Sauce ,"1 cup whipping cream $ 1 cup whole milk $ 2 tablespoons minced peeled fresh ginger $ 6 large egg yolks $ 1/2 cup sugar $ 1 teaspoon vanilla extract $ 1 1/4 cups sugar $ 3 tablespoons cornstarch $ 1/4 teaspoon ground mace or nutmeg $ 3/4 cup gingersnap cookie crumbs $ 1/4 cup (1/2 stick) unsalted butter $ 1/2 cup diced dried pears (about 3 ounces) $ 1/4 cup Poire Williams (clear pear brandy) or brandy $ 6 ripe Bartlett or Anjou pears (about 3 3/4 pounds), peeled, cored, cut into 1/2-inch cubes $ 1 teaspoon grated lemon peel $ 16 sheets fresh phyllo pastry or frozen, thawed $ 1 cup (2 sticks) unsalted butter, melted $ ",Milk/Cream $ Egg $ Ginger $ Dessert $ Bake $ Pear $ Fall $ Bon Appétit $ Vegetarian $ Pescatarian $ Peanut Free $ Tree Nut Free $ Soy Free $ Kosher $ ,American $ ,4/4,4,Milk/Cream $ Egg $ Ginger $ Dessert $ Bake $ Pear $ Fall $ Bon Appétit $ Vegetarian $ Pescatarian $ Peanut Free $ Tree Nut Free $ Soy Free $ Kosher $ American $ 
https://www.epicurious.com/recipes/food/views/leeks-vinaigrette-with-smoked-whitefish-and-apple-107903,Leeks Vinaigrette with Smoked Whitefish and Apple ,"1 shallot, minced $ 2 tablespoons fresh lemon juice $ 1 tablespoon Champagne vinegar or white wine vinegar $ 1 teaspoon Dijon mustard $ 1/2 cup olive oil $ 8 whole small (1 inch in diameter) leeks $ 1 Gala apple, cored, cut into 1/4-inch cubes $ 8 ounces smoked whitefish, carefully boned, coarsely flaked $ ",Salad $ Fish $ Appetizer $ Quick & Easy $ Apple $ Leek $ Bon Appétit $ Pescatarian $ Dairy Free $ Wheat/Gluten-Free $ Peanut Free $ Tree Nut Free $ Soy Free $ No Sugar Added $ Kosher $ ,American $ ,4/4,4,Salad $ Fish $ Appetizer $ Quick & Easy $ Apple $ Leek $ Bon Appétit $ Pescatarian $ Dairy Free $ Wheat/Gluten-Free $ Peanut Free $ Tree Nut Free $ Soy Free $ No Sugar Added $ Kosher $ American $ 
https://www.epicurious.com/recipes/food/views/spicy-baby-okra-and-olives-108227,Spicy Baby Okra and Olives ,"12 ounces fresh baby okra or small okra $ 1/4 cup halved pitted Kalamata olives $ 1/4 cup halved pitted cracked green olives $ 1/4 cup pimiento-stuffed green olives $ 1/2 cup fresh lemon juice $ 1/2 cup extra-virgin olive oil $ 3 tablespoons fresh thyme leaves $ 2 garlic cloves, thinly sliced $ 1/2 teaspoon coarse kosher salt $ 1/2 teaspoon dried crushed red pepper $ ",Olive $ Side $ Marinate $ No-Cook $ Cocktail Party $ Low/No Sugar $ Lemon $ Spice $ Summer $ Okra $ Bon Appétit $ Sugar Conscious $ Kidney Friendly $ Vegan $ Vegetarian $ Pescatarian $ Paleo $ Dairy Free $ Wheat/Gluten-Free $ Peanut Free $ Tree Nut Free $ Soy Free $ No Sugar Added $ Kosher $ ,American $ ,4/4,2,Olive $ Side $ Marinate $ No-Cook $ Cocktail Party $ Low/No Sugar $ Lemon $ Spice $ Summer $ Okra $ Bon Appétit $ Sugar Conscious $ Kidney Friendly $ Vegan $ Vegetarian $ Pescatarian $ Paleo $ Dairy Free $ Wheat/Gluten-Free $ Peanut Free $ Tree Nut Free $ Soy Free $ No Sugar Added $ Kosher $ American $ 
https://www.epicurious.com/recipes/food/views/hazelnut-butter-cookies-with-mini-chocolate-chips-108976,Hazelnut-Butter Cookies with Mini Chocolate Chips ,"1 1/2 cups all purpose flour $ 3/4 teaspoon baking soda $ 1/2 teaspoon baking powder $ 1/2 teaspoon salt $ 1/2 cup (1 stick) unsalted butter, room temperature $ 1 cup creamy unsalted hazelnut butter $ 1/2 cup sugar $ 1/2 cup (packed) golden brown sugar $ 1 large egg $ 1 teaspoon vanilla extract $ 1 12-ounce package semisweet mini chocolate chips (2 cups) $ ",Cookies $ Chocolate $ Bake $ Christmas $ Winter $ Hazelnut $ Bon Appétit $ ,American $ ,3.5/4,81,Cookies $ Chocolate $ Bake $ Christmas $ Winter $ Hazelnut $ Bon Appétit $ American $ 
https://www.epicurious.com/recipes/food/views/cast-iron-roasted-clams-107008,Cast-Iron Roasted Clams ,"3 pounds medium (3- to 4-inch) red potatoes $ 16 garlic cloves, peeled $ 3 small red onions (3/4 pound total), quartered lengthwise, leaving root end intact $ 1/2 cup extra-virgin olive oil $ 1 teaspoon salt $ 1/2 teaspoon black pepper $ 1 3/4 pound plum tomatoes (10 to 12), halved lengthwise $ 40 small hard-shelled clams (4 lb) such as littlenecks (less than 2 inches wide), scrubbed well $ 1/2 teaspoon dried hot red pepper flakes $ 1/4 cup chopped fresh parsley $ a 14-inch cast-iron skillet with lid, or a 17- by 12-inch heavy roasting pan (preferably dark metal) and heavy-duty foil $ ",Garlic $ Potato $ Shellfish $ Tomato $ Roast $ Quick & Easy $ Clam $ Fall $ Gourmet $ ,American $ ,3.5/4,13,Garlic $ Potato $ Shellfish $ Tomato $ Roast $ Quick & Easy $ Clam $ Fall $ Gourmet $ American $ 
https://www.epicurious.com/recipes/food/views/pepper-steak-with-port-zinfandel-and-mushroom-sauce-107085,"Pepper Steak with Port, Zinfandel, and Mushroom Sauce ","3 tablespoons butter $ 2 large shallots, sliced $ 1 1/2 pounds mushrooms, thickly sliced $ 1 tablespoon all purpose flour $ 1 cup Zinfandel $ 1/2 cup ruby Port $ 1/2 cup low-salt chicken broth $ 1 1 1/4-pound top sirloin steak, about 3/4 to 1 inch thick $ 3/4 teaspoon ground black pepper $ 1/2 teaspoon salt $ ",Beef $ Mushroom $ Sauté $ Steak $ Port $ Red Wine $ Fall $ Shallot $ Bon Appétit $ ,American $ ,4/4,24,Beef $ Mushroom $ Sauté $ Steak $ Port $ Red Wine $ Fall $ Shallot $ Bon Appétit $ American $ 
https://www.epicurious.com/recipes/food/views/grits-with-shrimp-and-roasted-red-bell-pepper-107072,Grits with Shrimp and Roasted Red Bell Pepper ,"2 large red bell peppers $ 2 tablespoons (1/4 stick) butter $ 3 garlic cloves, chopped $ 2 green onions, chopped $ 1 1/2 teaspoons chopped fresh thyme $ 1 cup quick-cooking grits $ 3 1/2 cups low-salt chicken broth $ 3 tablespoons whipping cream $ 1 teaspoon salt $ 1 teaspoon hot pepper sauce $ 1/4 teaspoon ground black pepper $ 30 uncooked large shrimp, peeled, deveined $ 1 cup crumbled feta cheese $ Fresh thyme sprigs $ ",Milk/Cream $ Pepper $ Brunch $ Bake $ Sauté $ Feta $ Shrimp $ Fall $ Simmer $ Bon Appétit $ Wheat/Gluten-Free $ Peanut Free $ Tree Nut Free $ Soy Free $ ,American $ Southern $ ,3.5/4,29,Milk/Cream $ Pepper $ Brunch $ Bake $ Sauté $ Feta $ Shrimp $ Fall $ Simmer $ Bon Appétit $ Wheat/Gluten-Free $ Peanut Free $ Tree Nut Free $ Soy Free $ American $ Southern $ 
https://www.epicurious.com/recipes/food/views/roast-beef-sandwiches-with-blue-cheese-dressing-103783,Roast Beef Sandwiches with Blue Cheese Dressing ,"4 ounces blue cheese, crumbled $ 2/3 cup sour cream $ 1/3 cup mayonnaise $ 1 1/2 teaspoons Worcestershire sauce $ 1 loaf crusty multi-grain or whole wheat bread, cut into sixteen 1/4-inch-thick slices $ 2 tablespoons (1/4 stick) butter, room temperature $ 1 1/2 pounds thinly sliced rare roast beef $ 1 7.25-ounce jar roasted red peppers, drained, sliced (optional) $ 3 bunches arugula, trimmed $ ",Sandwich $ Beef $ Cheese $ Dairy $ Leafy Green $ No-Cook $ Picnic $ Lunch $ Mayonnaise $ Blue Cheese $ Arugula $ Summer $ Chill $ Sour Cream $ Bon Appétit $ Sugar Conscious $ Peanut Free $ Tree Nut Free $ Soy Free $ ,American $ ,3.5/4,17,Sandwich $ Beef $ Cheese $ Dairy $ Leafy Green $ No-Cook $ Picnic $ Lunch $ Mayonnaise $ Blue Cheese $ Arugula $ Summer $ Chill $ Sour Cream $ Bon Appétit $ Sugar Conscious $ Peanut Free $ Tree Nut Free $ Soy Free $ American $ 
https://www.epicurious.com/recipes/food/views/baked-cherry-tomatoes-with-parmesan-topping-106643,Baked Cherry Tomatoes with Parmesan Topping ,2 tablespoons extra-virgin olive oil $ 2 12-ounce baskets cherry tomatoes $ 1 teaspoon salt $ 1 teaspoon ground black pepper $ 1/4 cup chopped fresh parsley $ 1/4 cup freshly grated Parmesan cheese $ ,Cheese $ Tomato $ Appetizer $ Side $ Bake $ Broil $ Graduation $ Parmesan $ Summer $ Parsley $ Bon Appétit $ Sugar Conscious $ Kidney Friendly $ Vegetarian $ Pescatarian $ Wheat/Gluten-Free $ Peanut Free $ Tree Nut Free $ Soy Free $ No Sugar Added $ Kosher $ ,American $ ,3/4,28,Cheese $ Tomato $ Appetizer $ Side $ Bake $ Broil $ Graduation $ Parmesan $ Summer $ Parsley $ Bon Appétit $ Sugar Conscious $ Kidney Friendly $ Vegetarian $ Pescatarian $ Wheat/Gluten-Free $ Peanut Free $ Tree Nut Free $ Soy Free $ No Sugar Added $ Kosher $ American $ 
https://www.epicurious.com/recipes/food/views/quick-pecan-tart-5179,Quick Pecan Tart ,1 18-ounce log refrigerator sugar-cookie dough $ 1/2 cup (1 stick) unsalted butter $ 1/2 cup (packed) golden brown sugar $ 1/4 cup dark corn syrup $ 2 tablespoons whipping cream $ 2 cups pecans (about 8 ounces) $ ,Milk/Cream $ Dessert $ Bake $ Thanksgiving $ Pecan $ Fall $ Bon Appétit $ ,American $ ,3.5/4,10,Milk/Cream $ Dessert $ Bake $ Thanksgiving $ Pecan $ Fall $ Bon Appétit $ American $ 
https://www.epicurious.com/recipes/food/views/pinto-raisin-bread-pudding-with-apples-and-cheese-11731,Pinto Raisin Bread Pudding with Apples and Cheese ,"2 1/2 cups water $ 1 1/2 cups firmly packed light brown sugar $ 1/2 teaspoon cinnamon $ 5 slices of homemade-style white bread, toasted and the crust discarded $ 5 slices of homemade-style raisin bread, toasted and the crusts discarded $ 1/2 stick (1/4 cup) unsalted butter, softened $ 1/2 pound Longhorn (Colby) or mild Cheddar, grated $ 2 Granny Smith apples $ 1 cup apple jelly, melted $ vanilla ice cream as an accompaniment $ ",Fruit $ Dessert $ Bake $ Kid-Friendly $ Cheddar $ Raisin $ Apple $ Winter $ Gourmet $ ,American $ ,0/4,0,Fruit $ Dessert $ Bake $ Kid-Friendly $ Cheddar $ Raisin $ Apple $ Winter $ Gourmet $ American $ 
https://www.epicurious.com/recipes/food/views/deviled-eggs-10110,Deviled Eggs ,"8 large hard-cooked eggs $ 3 tablespoons mayonnaise $ 1 tablespoon Dijon mustard $ 2 dashes of hot sauce, or to taste $ paprika for sprinkling $ ",Egg $ Mustard $ Appetizer $ Mayonnaise $ Family Reunion $ Chill $ Gourmet $ Sugar Conscious $ Kidney Friendly $ Vegetarian $ Pescatarian $ Paleo $ Dairy Free $ Wheat/Gluten-Free $ Peanut Free $ Tree Nut Free $ Soy Free $ Kosher $ ,American $ ,3/4,56,Egg $ Mustard $ Appetizer $ Mayonnaise $ Family Reunion $ Chill $ Gourmet $ Sugar Conscious $ Kidney Friendly $ Vegetarian $ Pescatarian $ Paleo $ Dairy Free $ Wheat/Gluten-Free $ Peanut Free $ Tree Nut Free $ Soy Free $ Kosher $ American $ 
https://www.epicurious.com/recipes/food/views/old-fashioned-corn-bread-5758,Old-Fashioned Corn Bread ,"1 1/4 cups yellow cornmeal $ 3/4 cup all purpose flour $ 2 teaspoons baking soda $ 1/2 teaspoon salt $ 1 cup whole milk $ 1 large egg, beaten to blend $ 3 tablespoons butter, melted $ ",Bread $ Bake $ Thanksgiving $ Vegetarian $ Quick & Easy $ Mardi Gras $ Cornmeal $ Bon Appétit $ ,American $ Southern $ ,1.5/4,5,Bread $ Bake $ Thanksgiving $ Vegetarian $ Quick & Easy $ Mardi Gras $ Cornmeal $ Bon Appétit $ American $ Southern $ 
https://www.epicurious.com/recipes/food/views/maple-glazed-yams-with-pecan-topping-5759,Maple-Glazed Yams with Pecan Topping ,"4 pounds yams (red-skinned sweet potatoes), peeled, cut into 1/4-inch-thick rounds $ 1/2 cup pure maple syrup $ 8 tablespoons (1 stick) chilled butter, cut into 1/2-inch pieces $ 1/3 cup all purpose flour $ 1/3 cup (packed) golden brown sugar $ 1/2 cup coarsely chopped pecans $ ",Side $ Bake $ Thanksgiving $ Vegetarian $ Pecan $ Sweet Potato/Yam $ Fall $ Bon Appétit $ ,American $ ,3.5/4,90,Side $ Bake $ Thanksgiving $ Vegetarian $ Pecan $ Sweet Potato/Yam $ Fall $ Bon Appétit $ American $ 
https://www.epicurious.com/recipes/food/views/caesar-style-salad-10064,Caesar-Style Salad ,"1/2 cup plain nonfat yogurt $ 1/2 teaspoon anchovy paste $ 1 teaspoon fresh lemon juice $ 1 teaspoon balsamic vinegar $ 1 teaspoon Dijon mustard $ 1/2 teaspoon Worcestershire sauce $ 1 garlic clove, minced and mashed into a paste with 1/4 teaspoon salt $ 1/4 cup freshly grated Parmesan cheese (about 1 ounce) $ 1 head romaine, rinsed, spun dry, and cut into wide strips (about 7 cups) $ 1/4 cup finely chopped red onion $ ",Salad $ Food Processor $ Garlic $ No-Cook $ Quick & Easy $ Yogurt $ Lunch $ Parmesan $ Lemon $ Lettuce $ Gourmet $ ,American $ ,3.5/4,17,Salad $ Food Processor $ Garlic $ No-Cook $ Quick & Easy $ Yogurt $ Lunch $ Parmesan $ Lemon $ Lettuce $ Gourmet $ American $ 
https://www.epicurious.com/recipes/food/views/ginger-rum-glazed-ham-11501,Ginger Rum-Glazed Ham ,a 7- to 8-pound half (shank end) of a fully cooked cured ham $ 1/3 cup chopped preserved ginger in syrup (available at specialty foods shops and some supermarkets) $ 3 tablespoons firmly packed brown sugar $ 3 tablespoons dark rum $ parsley sprigs for garnish if desired $ ,Rum $ Roast $ Easter $ Ham $ Gourmet $ ,American $ ,3.5/4,22,Rum $ Roast $ Easter $ Ham $ Gourmet $ American $ 
https://www.epicurious.com/recipes/food/views/florida-citrus-pie-2651,Florida Citrus Pie ,"1 7-ounce jar roasted macadamia nuts $ 3/4 cup ground vanilla wafer cookies $ 1/4 cup firmly packed dark brown sugar $ 1/4 cup (1/2 stick) unsalted butter, melted $ 2 cups fresh pink grapefruit juice $ 1/4 cup plus 1 tablespoon sugar $ 1 1/4 teaspoons unflavored gelatin $ 1/4 cup fresh lime juice $ 9 ounces imported white chocolate (such as Lindt or Callebaut), chopped $ 1/4 cup whipping cream $ 1 1/4 cups chilled whipping cream $ 1 cup chilled whipping cream $ 2 tablespoons sugar $ 7 thin lime slices, cut in half $ 8 ounces imported white chocolate (such as Callebaut), shaved into curls (optional) $ ",Milk/Cream $ Chocolate $ Dessert $ Bake $ Grapefruit $ Lime $ Macadamia Nut $ Fall $ Bon Appétit $ Peanut Free $ Soy Free $ ,American $ ,3.5/4,7,Milk/Cream $ Chocolate $ Dessert $ Bake $ Grapefruit $ Lime $ Macadamia Nut $ Fall $ Bon Appétit $ Peanut Free $ Soy Free $ American $ 
https://www.epicurious.com/recipes/food/views/maytag-blue-cheese-souffles-with-black-corinth-grapes-and-muscat-grape-reduction-15619,Maytag Blue Cheese Souffles with Black Corinth Grapes and Muscat Grape Reduction ,"3 cups Muscat grapes or other grapes (about 1 1/4 pounds) $ 1/2 cup water $ 3 tablespoons finely chopped walnuts (preferably black walnuts*) $ 1/2 cup milk $ 2 tablespoons unsalted butter $ 1/4 cup all-purpose flour $ 1 large egg yolk $ 1/4 pound Maytag Blue cheese** $ 2 large egg whites $ 2 individual brioches (each about 3 inches in diameter) $ 1 tablespoon unsalted butter $ 1 cup black Corinth grapes (Champagne grapes) $ *available at some specialty foods shops and by mail order from American Spoon Foods, tel. (800) 222-5886 $ **available at specialty foods and cheese shops and by mail order from Maytag Dairy Farms, tel. (800) 247-2458 $ ",Food Processor $ Mixer $ Egg $ Fruit $ Bake $ Vegetarian $ Blue Cheese $ Walnut $ Fall $ Grape $ Bon Appétit $ ,American $ ,2.5/4,3,Food Processor $ Mixer $ Egg $ Fruit $ Bake $ Vegetarian $ Blue Cheese $ Walnut $ Fall $ Grape $ Bon Appétit $ American $ 
https://www.epicurious.com/recipes/food/views/corn-bread-with-sun-dried-tomatoes-997,Corn Bread with Sun-Dried Tomatoes ,"3 cups yellow cornmeal $ 1 1/2 cups all purpose flour $ 1/2 cup sugar $ 1 tablespoon dried rubbed sage $ 1 tablespoon ground black pepper $ 1 1/2 teaspoons salt $ 1 1/2 teaspoons baking powder $ 3/4 teaspoon baking soda $ 2 1/4 cups buttermilk $ 1 cup chopped drained oil-packed sun-dried tomatoes, 1/4 cup oil reserved $ 1/2 cup (1 stick) butter, melted, cooled $ 4 large eggs $ 1 large egg yolk $ ",Bread $ Tomato $ Side $ Bake $ Corn $ Bon Appétit $ Vegetarian $ Pescatarian $ Peanut Free $ Tree Nut Free $ Soy Free $ Kosher $ ,American $ ,2.5/4,5,Bread $ Tomato $ Side $ Bake $ Corn $ Bon Appétit $ Vegetarian $ Pescatarian $ Peanut Free $ Tree Nut Free $ Soy Free $ Kosher $ American $ 
https://www.epicurious.com/recipes/food/views/banana-stuffed-french-toast-with-streusel-topping-2983,Banana-Stuffed French Toast with Streusel Topping ,"2 tablespoons plus 1/4 cup ( 1/2 stick) unsalted butter $ 2 tablespoons plus 1/2 cup sugar $ 2 tablespoons water $ 2 large ripe bananas, peeled, cut into 1/2-inch-thick rounds $ 1 1-pound unsliced loaf egg bread, ends trimmed, bread cut  into 6 slices (each about 1 1/2 inches thick) $ 2 cups milk (do not use low-fat or nonfat) $ 6 large eggs $ 2 1/2 teaspoons ground cinnamon $ 1/4 teaspoon vanilla extract $ 1 1/2 cups thinly sliced almonds, toasted $ 1/4 cup (packed) golden brown sugar $ 1/4 cup quick-cooking oats $ 2 tablespoons all purpose flour $ Maple syrup $ ",Egg $ Fruit $ Nut $ Brunch $ Bake $ Kid-Friendly $ Mother's Day $ Father's Day $ Banana $ Almond $ Bon Appétit $ New York $ Vegetarian $ Pescatarian $ Peanut Free $ Soy Free $ Kosher $ ,American $ ,3.5/4,40,Egg $ Fruit $ Nut $ Brunch $ Bake $ Kid-Friendly $ Mother's Day $ Father's Day $ Banana $ Almond $ Bon Appétit $ New York $ Vegetarian $ Pescatarian $ Peanut Free $ Soy Free $ Kosher $ American $ 
https://www.epicurious.com/recipes/food/views/corn-bread-for-stuffing-13390,Corn Bread for Stuffing ,"1 cup all-purpose flour $ 1 1/2 cups yellow cornmeal $ 1 tablespoon double-acting baking powder $ 1 teaspoon salt $ 1 cup milk $ 1 large egg $ 3 tablespoons unsalted butter, melted and cooled $ ",Bread $ Bake $ Thanksgiving $ Fall $ Gourmet $ ,American $ ,3.5/4,2,Bread $ Bake $ Thanksgiving $ Fall $ Gourmet $ American $ 
https://www.epicurious.com/recipes/food/views/carrot-pudding-15536,Carrot Pudding ,"3 egg yolks $ 1/2 cup sugar $ 12 tablespoons butter, unsalted $ 3/4 cup flour $ 2 pounds carrots, large dice, cooked $ 1/2 cup cheddar cheese, grated $ 1 1/2 teaspoons baking powder $ 4 egg whites $ 2 cups walnut pieces $ 2 tablespoon butter, unsalted $ 1/4 cup sugar $ ",Cheese $ Egg $ Side $ Bake $ Thanksgiving $ Cheddar $ Carrot $ Fall $ Winter $ Vegetarian $ Pescatarian $ Peanut Free $ Soy Free $ Kosher $ ,American $ ,3.5/4,6,Cheese $ Egg $ Side $ Bake $ Thanksgiving $ Cheddar $ Carrot $ Fall $ Winter $ Vegetarian $ Pescatarian $ Peanut Free $ Soy Free $ Kosher $ American $ 
https://www.epicurious.com/recipes/food/views/sweet-potato-and-molasses-muffins-2658,Sweet Potato and Molasses Muffins ,"t1 large orange-flesh sweet potato (about 1 1/4 pounds), baked until tender, peeled $ 2 eggs, beaten to blend $ 1/2 cup milk $ 1/2 cup unsulfured (light) molasses $ 3 tablespoons butter, melted $ 1 1/4 cups all purpose flour $ 1/2 cup whole wheat flour $ 2 teaspoons baking powder $ 1 teaspoon ground cinnamon $ 3/4 teaspoon salt $ 1/2 teaspoon ground ginger $ ",Bread $ Bake $ Thanksgiving $ Sweet Potato/Yam $ Fall $ Healthy $ Molasses $ Bon Appétit $ ,American $ ,3/4,18,Bread $ Bake $ Thanksgiving $ Sweet Potato/Yam $ Fall $ Healthy $ Molasses $ Bon Appétit $ American $ 
https://www.epicurious.com/recipes/food/views/chocolate-cake-with-caramel-coconut-almond-filling-906,Chocolate Cake with Caramel-Coconut-Almond Filling ,"4 ounces unsweetened chocolate, chopped $ 1 cup water $ 1 tablespoon instant espresso powder or coffee powder $ 2 1/4 cups (packed) dark brown sugar $ 1 cup (2 sticks) unsalted butter, room temperature $ 3 large eggs $ 1 teaspoon vanilla extract $ 2 cups cake flour $ 2 teaspoons baking soda $ 1 teaspoon baking powder $ 1/2 teaspoon salt $ 1 cup sour cream $ 1 cup sugar $ 1/4 cup water $ 1 cup whipping cream $ 1 cup sweetened flaked coconut (about 2 1/2 ounces), toasted $ 1 cup thinly sliced almonds (about 4 ounces), toasted $ 1/2 cup (1 stick) unsalted butter $ 3 ounces unsweetened chocolate, chopped $ 1/2 teaspoon vanilla extract $ 2 cups powdered sugar, sifted $ 1/2 cup sour cream $ 2 cups sliced almonds (about 8 ounces), toasted $ ",Cake $ Mixer $ Chocolate $ Dessert $ Bake $ Thanksgiving $ Kid-Friendly $ Coconut $ Almond $ Fall $ Birthday $ Sour Cream $ Bon Appétit $ Vegetarian $ Pescatarian $ Peanut Free $ Soy Free $ Kosher $ ,American $ ,3.5/4,39,Cake $ Mixer $ Chocolate $ Dessert $ Bake $ Thanksgiving $ Kid-Friendly $ Coconut $ Almond $ Fall $ Birthday $ Sour Cream $ Bon Appétit $ Vegetarian $ Pescatarian $ Peanut Free $ Soy Free $ Kosher $ American $ 
https://www.epicurious.com/recipes/food/views/espresso-chocolate-fudge-938,Espresso-Chocolate Fudge ,"6 ounces bittersweet (not unsweetened) or semisweet chocolate, chopped $ 1/4 cup marshmallow creme $ 1 ounce unsweetened chocolate, chopped $ 1 teaspoon vanilla extract $ 1/2 cup water $ 2 tablespoons instant espresso powder $ 1 1/2 cups sugar $ 3/4 cup sweetened condensed milk $ 1/3 cup whipping cream $ 1/4 cup (1/2 stick) unsalted butter $ 2 ounces good-quality white chocolate (such as Lindt or Baker's) $ 30 espresso beans $ ",Candy $ Coffee $ Chocolate $ Dessert $ Winter $ Edible Gift $ Bon Appétit $ Kidney Friendly $ Wheat/Gluten-Free $ Peanut Free $ Tree Nut Free $ Soy Free $ ,American $ ,3.5/4,39,Candy $ Coffee $ Chocolate $ Dessert $ Winter $ Edible Gift $ Bon Appétit $ Kidney Friendly $ Wheat/Gluten-Free $ Peanut Free $ Tree Nut Free $ Soy Free $ American $ 
https://www.epicurious.com/recipes/food/views/roasted-root-vegetables-954,Roasted Root Vegetables ,"4 small turnips, peeled, halved, sliced $ 4 medium parsnips, peeled, sliced $ 2 large rutabagas, peeled, quartered, sliced $ 2 yams (red-skinned sweet potatoes), peeled, sliced $ 1 large acorn squash, peeled quartered, seeded cut into 1/3-inch-thick slices $ 1/2 cup olive oil $ ",Side $ Roast $ Thanksgiving $ Vegetarian $ Low Cal $ High Fiber $ Root Vegetable $ Parsnip $ Turnip $ Squash $ Sweet Potato/Yam $ Winter $ Healthy $ Vegan $ Rutabaga $ Bon Appétit $ ,American $ ,3.5/4,20,Side $ Roast $ Thanksgiving $ Vegetarian $ Low Cal $ High Fiber $ Root Vegetable $ Parsnip $ Turnip $ Squash $ Sweet Potato/Yam $ Winter $ Healthy $ Vegan $ Rutabaga $ Bon Appétit $ American $ 
https://www.epicurious.com/recipes/food/views/maple-walnut-pound-cake-with-maple-glaze-909,Maple Walnut Pound Cake with Maple Glaze ,"1 3/4 cups coarsely chopped walnuts (about 6 ounces), toasted $ 2 1/4 cups cake flour $ 1 teaspoon baking powder $ 1/2 teaspoon salt $ 1 1/4 cups (2 1/2 sticks) unsalted butter room temperature $ 1 1/4 cups sugar $ 5 large eggs $ 1/2 cup pure maple syrup $ 3/4 teaspoon maple flavoring $ 1/2 teaspoon vanilla extract $ 1/4 cup (1/2 stick) unsalted butter $ 2 tablespoons pure maple syrup $ 2 tablespoons whipping cream $ 6 tablespoons powdered sugar, sifted $ 12 walnut halves $ ",Cake $ Food Processor $ Mixer $ Nut $ Dessert $ Bake $ Thanksgiving $ Condiment $ Walnut $ Fall $ Bon Appétit $ Kidney Friendly $ Vegetarian $ Pescatarian $ Peanut Free $ Soy Free $ Kosher $ ,American $ ,3/4,28,Cake $ Food Processor $ Mixer $ Nut $ Dessert $ Bake $ Thanksgiving $ Condiment $ Walnut $ Fall $ Bon Appétit $ Kidney Friendly $ Vegetarian $ Pescatarian $ Peanut Free $ Soy Free $ Kosher $ American $ 
https://www.epicurious.com/recipes/food/views/dark-chocolate-walnut-layer-cake-285,Dark Chocolate Walnut Layer Cake ,"3 ounces unsweetened chocolate, chopped $ 1 cup all purpose flour $ 1/2 teaspoon baking soda $ 1/2 cup (1 stick) unsalted butter, room temperature $ 1/2 cup packed golden brown sugar $ 1/2 cup sugar $ 2 large eggs $ 1 teaspoon vanilla extract $ 1/2 cup buttermilk $ 3/4 cup chopped walnuts $ 4 ounces unsweetened chocolate, chopped $ 1/2 cup (1 stick) unsalted butter, room temperature $ 3 cups powdered sugar $ 6 tablespoons (about) hot milk $ 1 cup chopped walnuts $ ",Chocolate $ Dairy $ Dessert $ Bake $ Walnut $ Bon Appétit $ ,American $ ,2.5/4,3,Chocolate $ Dairy $ Dessert $ Bake $ Walnut $ Bon Appétit $ American $ 
https://www.epicurious.com/recipes/food/views/grilled-mock-sausage-patties-96,Grilled Mock Sausage Patties ,"10 ounces ground pork $ 1 garlic clove, pressed $ 1 teaspoon dried rubbed sage $ 1/2 teaspoon fennel seeds, chopped $ 1/4 teaspoon dried thyme, crumbled $ 1/4 teaspoon cayenne pepper $ ",Pork $ Low Fat $ Low Sodium $ Grill/Barbecue $ Bon Appétit $ ,American $ ,2.5/4,3,Pork $ Low Fat $ Low Sodium $ Grill/Barbecue $ Bon Appétit $ American $ 
https://www.epicurious.com/recipes/food/views/new-york-potato-salad-1454,New York Potato Salad ,"3 pounds russet potatoes $ 2 tablespoons white wine vinegar $ 1 1/2 teaspoons dry mustard $ 3/4 cup mayonnaise $ 1/2 cup sour cream $ 2 tablespoons sugar $ 1 1/2 teaspoons Hungarian hot paprika $ 1 green bell pepper, diced $ 1 red bell pepper, diced $ 2 celery stalks, diced $ 4 hard-boiled eggs, chilled, shelled and sliced (optional) $ Chopped fresh parsley $ ",Salad $ Potato $ Side $ Fourth of July $ Picnic $ Vegetarian $ Kid-Friendly $ Quick & Easy $ Mayonnaise $ Bell Pepper $ Tailgating $ Bon Appétit $ Oregon $ Pescatarian $ Wheat/Gluten-Free $ Peanut Free $ Tree Nut Free $ Soy Free $ Kosher $ ,American $ ,2.5/4,10,Salad $ Potato $ Side $ Fourth of July $ Picnic $ Vegetarian $ Kid-Friendly $ Quick & Easy $ Mayonnaise $ Bell Pepper $ Tailgating $ Bon Appétit $ Oregon $ Pescatarian $ Wheat/Gluten-Free $ Peanut Free $ Tree Nut Free $ Soy Free $ Kosher $ American $ 
https://www.epicurious.com/recipes/food/views/blueberry-sour-cream-pie-300,Blueberry Sour Cream Pie ,"1 1/4 cups all purpose flour $ 1/2 cup (1 stick) chilled unsalted butter, cut into pieces $ 2 tablespoons sugar $ Pinch of salt $ 4 tablespoons (about) ice water $ 1 cup sour cream $ 3/4 cup sugar $ 2 1/2 tablespoons all purpose flour $ 1 egg, beaten to blend $ 3/4 teaspoon almond extract $ 1/4 teaspoon salt $ 2 1/2 cups fresh blueberries $ 6 tablespoons all purpose flour $ 1/4 cup (1/2 stick) chilled unsalted butter, cut into pieces $ 1/3 cup chopped pecans $ 2 tablespoons sugar $ ",Nut $ Dessert $ Bake $ Kid-Friendly $ Blueberry $ Summer $ Sour Cream $ Bon Appétit $ ,American $ ,3.5/4,125,Nut $ Dessert $ Bake $ Kid-Friendly $ Blueberry $ Summer $ Sour Cream $ Bon Appétit $ American $ 
https://www.epicurious.com/recipes/food/views/red-wine-vinaigrette-106752,Red-Wine Vinaigrette ,"1/4 cup red-wine vinegar $ 1 tablespoon Dijon mustard $ 1 teaspoon sugar $ Salt and black pepper, to taste $ N/A black pepper $ 1/2 cup extra-virgin olive oil $ ",Condiment/Spread $ Sauce $ Mustard $ No-Cook $ Vinegar $ Summer $ Parade $ ,American $ ,3.5/4,11,Condiment/Spread $ Sauce $ Mustard $ No-Cook $ Vinegar $ Summer $ Parade $ American $ 
https://www.epicurious.com/recipes/food/views/blueberry-ginger-granita-106540,Blueberry Ginger Granita ,"2 tablespoons chopped peeled fresh ginger $ 1/2 cup superfine granulated sugar $ 3/4 pounds blueberries (2 1/2 cups), thawed if frozen $ 3/4 cup water $ 2 teaspoons fresh lime juice $ ",Ginger $ Dessert $ Blueberry $ Summer $ Gourmet $ ,American $ ,3.5/4,11,Ginger $ Dessert $ Blueberry $ Summer $ Gourmet $ American $ 
https://www.epicurious.com/recipes/food/views/kid-friendly-turkey-burgers-104169,Kid-Friendly Turkey Burgers ,"1 1/2 cups fresh breadcrumbs $ 1/2 onion, very finely chopped $ 1 tablespoon olive oil $ 1/2 teaspoon salt $ 1/4 teaspoon freshly ground black pepper $ 1 1 /2 pounds ground turkey meat $ 4 slices cheddar cheese $ 4 buns, warmed $ Lettuce, sliced tomato, sliced red onion, pickle for serving $ Ketchup, mustard, mayonnaise, for serving $ ",Sandwich $ Mustard $ Onion $ Tomato $ turkey $ Kid-Friendly $ Mayonnaise $ Cheddar $ ,American $ ,3/4,16,Sandwich $ Mustard $ Onion $ Tomato $ turkey $ Kid-Friendly $ Mayonnaise $ Cheddar $ American $ 
https://www.epicurious.com/recipes/food/views/chive-corn-muffins-104931,Chive-Corn Muffins ,"Nonstick vegetable oil spray $ 1 cup all purpose flour $ 1 cup yellow cornmeal $ 1 tablespoon sugar $ 2 teaspoons baking powder $ 1 teaspoon salt $ 1/2 teaspoon baking soda $ 1/2 teaspoon cayenne pepper $ 1/4 cup chopped fresh chives $ 1 1/2 cups plain yogurt $ 2 large eggs $ 3 tablespoons unsalted butter, melted $ ",Bread $ Herb $ Vegetable $ Breakfast $ Brunch $ Bake $ Quick & Easy $ Yogurt $ Cornmeal $ Spice $ Corn $ Healthy $ Chive $ Bon Appétit $ ,American $ ,3/4,37,Bread $ Herb $ Vegetable $ Breakfast $ Brunch $ Bake $ Quick & Easy $ Yogurt $ Cornmeal $ Spice $ Corn $ Healthy $ Chive $ Bon Appétit $ American $ 
https://www.epicurious.com/recipes/food/views/grouper-sandwiches-with-wasabi-coleslaw-109073,Grouper Sandwiches with Wasabi Coleslaw ,"2 cups thinly sliced red cabbage $ 1/4 cup wasabi mayonnaise $ 2 tablespoons rice vinegar $ 4 5-ounce grouper fillets or other firm white fish $ 1/2 cuppanko (Japanese breadcrumbs) or fresh breadcrumbs made from crustless French bread $ 3 tablespoons vegetable oil $ 4 sesame-seed sandwich buns, split $ Lemon wedges $ ",Sandwich $ Fish $ Picnic $ Super Bowl $ Quick & Easy $ Lunch $ Vinegar $ Spring $ Winter $ Cabbage $ Bon Appétit $ Pescatarian $ Dairy Free $ Peanut Free $ Tree Nut Free $ Soy Free $ Kosher $ ,American $ Asian $ ,3/4,6,Sandwich $ Fish $ Picnic $ Super Bowl $ Quick & Easy $ Lunch $ Vinegar $ Spring $ Winter $ Cabbage $ Bon Appétit $ Pescatarian $ Dairy Free $ Peanut Free $ Tree Nut Free $ Soy Free $ Kosher $ American $ Asian $ 
https://www.epicurious.com/recipes/food/views/berry-compote-with-crispy-won-ton-strips-and-vanilla-ice-cream-103735,Berry Compote with Crispy Won Ton Strips and Vanilla Ice Cream ,"1 cup raspberries $ 1 cup blackberries, halved lengthwise if large $ 1 cup quartered strawberries $ 1/2 cup dry white wine $ 1 tablespoon crème de cassis or Chambord liqueur $ 1/4 cup sugar $ 1 to 2 cups vegetable oil for frying $ 8 won ton wrappers, thawed if frozen, cut into 1/4-inch-wide strips $ 1 pint vanilla ice cream $ Garnish: confectioners sugar for dusting $ ",Salad $ Liqueur $ Wine $ Berry $ Dessert $ Blackberry $ Raspberry $ Strawberry $ Spring $ Summer $ Gourmet $ Vegetarian $ Pescatarian $ Wheat/Gluten-Free $ Peanut Free $ Tree Nut Free $ Soy Free $ Kosher $ ,American $ ,3.5/4,6,Salad $ Liqueur $ Wine $ Berry $ Dessert $ Blackberry $ Raspberry $ Strawberry $ Spring $ Summer $ Gourmet $ Vegetarian $ Pescatarian $ Wheat/Gluten-Free $ Peanut Free $ Tree Nut Free $ Soy Free $ Kosher $ American $ 
https://www.epicurious.com/recipes/food/views/steves-floribean-chicken-chili-106780,Steve's Floribean Chicken Chili ,"5 pounds chicken thighs $ 1 onion, halved $ 2 carrots, halved $ 3 celery ribs, halved $ 3 bay leaves $ Juice of 1 lime $ 2 teaspoons cumin $ 1 teaspoon coriander $ 6 black peppercorns $ 1 pound dried red kidney beans $ 3 tablespoons olive oil $ 3/4 cup each chopped (1/4 inch) onion and poblano pepper $ 8 ounces diced (1/2 inch) andouille sausage $ 1 tablespoon each ground coriander, cumin and chili powder $ 1 can (28 ounces) crushed tomatoes $ 4 ounces tomato paste $ 2 tablespoons each red-wine vinegar, molasses and chopped chipotle pepper $ 1 tablespoon sugar $ 1 1/2 cups diced ripe tomatoes $ 1/2 cup chopped fresh cilantro leaves $ 1 cup sour cream $ 1/4 cup snipped chives $ 1 each ripe mango and tomato, cut into 1/4-inch dice $ 1 teaspoon chopped cilantro $ Salt and pepper, to taste $ Grated Monterey pepper Jack cheese, optional $ ",Bean $ Cheese $ Chicken $ Poultry $ Fall $ Parade $ ,American $ Central American/Caribbean $ ,3/4,3,Bean $ Cheese $ Chicken $ Poultry $ Fall $ Parade $ American $ Central American/Caribbean $ 
https://www.epicurious.com/recipes/food/views/summer-corn-chowder-106689,Summer Corn Chowder ,"2 tablespoons olive oil $ 2 tablespoons unsalted butter $ 1 large onion, cut into 1/4-inch dice $ 3 tablespoons all-purpose flour $ 5 cupsFresh Vegetable Broth $ 2 russet potatoes, cut into 1/4-inch dice $ 4 cups fresh corn kernels $ 1/2 cup diced (1/4 inch) red bell pepper $ 1/2 cup diced (1/4 inch) green bell pepper $ Salt, to taste $ 1/4 teaspoon freshly ground black pepper $ 1 cup half-and-half $ 2 ripe plum tomatoes, seeded and cut into 1/4-inch dice, for garnish $ 1/2 cup thinly slivered fresh basil leaves, for garnish $ ",Soup/Stew $ Onion $ Vegetable $ Sauté $ Vegetarian $ Corn $ Bell Pepper $ Summer $ Simmer $ Parade $ ,American $ ,3/4,23,Soup/Stew $ Onion $ Vegetable $ Sauté $ Vegetarian $ Corn $ Bell Pepper $ Summer $ Simmer $ Parade $ American $ 
https://www.epicurious.com/recipes/food/views/brown-sugar-apricots-with-vanilla-yogurt-106759,Brown Sugar Apricots with Vanilla Yogurt ,"1 1/2 lb fresh apricots, halved and pitted $ 2 tablespoons packed light brown sugar $ 8 oz vanilla nonfat yogurt $ a 12- by 8- by 2-inch disposable aluminum roasting pan $ ",Dairy $ Fruit $ Dessert $ Low Fat $ Quick & Easy $ Yogurt $ Apricot $ Summer $ Healthy $ Gourmet $ ,American $ ,3/4,1,Dairy $ Fruit $ Dessert $ Low Fat $ Quick & Easy $ Yogurt $ Apricot $ Summer $ Healthy $ Gourmet $ American $ 
https://www.epicurious.com/recipes/food/views/broiled-peaches-with-creme-fraiche-103740,Broiled Peaches with Crème Fraîche ,"4 firm-ripe peaches, halved and pitted $ 3 tablespoons sugar $ Accompaniment: crème fraîche or sour cream $ ",Fruit $ Dessert $ Broil $ Picnic $ Quick & Easy $ Peach $ Summer $ Gourmet $ ,American $ ,2.5/4,2,Fruit $ Dessert $ Broil $ Picnic $ Quick & Easy $ Peach $ Summer $ Gourmet $ American $ 
https://www.epicurious.com/recipes/food/views/chocolate-cherry-tart-107113,Chocolate-Cherry Tart ,"1/2 cup water $ 1/2 cup sugar $ 1 cup (packed) dried Bing (sweet) cherries $ 1/3 cup kirsch (clear cherry brandy) $ 1 cup (2 sticks) unsalted butter, room temperature $ 1/2 cup sugar $ 1 large egg $ 1 teaspoon vanilla extract $ 2 cups all purpose flour $ 5 tablespoons unsweetened cocoa powder $ 1/2 teaspoon salt $ 3 large eggs $ 1/3 cup dark corn syrup $ 1/4 cup (1/2 stick) unsalted butter, melted $ 1 teaspoon vanilla extract $ 1/2 teaspoon (scant) salt $ 1/2 cup sugar $ 6 ounces bittersweet (not unsweetened) or semisweet chocolate, chopped $ Powdered sugar $ Unsweetened cocoa powder $ ",Mixer $ Chocolate $ Fruit $ Dessert $ Bake $ Dried Fruit $ Cherry $ Kirsch $ Bon Appétit $ ,American $ ,3/4,13,Mixer $ Chocolate $ Fruit $ Dessert $ Bake $ Dried Fruit $ Cherry $ Kirsch $ Bon Appétit $ American $ 
https://www.epicurious.com/recipes/food/views/spicy-vegetarian-chili-106779,Spicy Vegetarian Chili ,"2 tablespoons vegetable oil $ 1 onion, chopped $ 2 carrots, sliced into thin coins $ 1 green bell pepper, coarsely chopped $ 2 each small zucchini and small yellow squash, cut into 1/2-inch dice $ 1 can (28 ounces) crushed tomatoes $ 2 cans (15 1/2 ounces each) dark red kidney beans, drained and rinsed $ 1 can (15 1/4 ounces) corn, with liquid $ 6 ounces tomato paste $ 1 can (4 ounces) chopped green chiles, with liquid $ 6 tablespoons chili powder $ 1 tablespoon ground cumin $ 2 tablespoons sugar $ 1 to 2 teaspoons salt, to taste $ 1/2 teaspoon pepper $ Sour cream (for garnish), optional $ Grated Cheddar cheese (for garnish), optional $ ",Cheese $ Pepper $ Vegetable $ Sauté $ Vegetarian $ Fall $ Parade $ ,American $ ,3.5/4,65,Cheese $ Pepper $ Vegetable $ Sauté $ Vegetarian $ Fall $ Parade $ American $ 
https://www.epicurious.com/recipes/food/views/homemade-sausage-patties-107778,Homemade Sausage Patties ,"1 medium onion, finely chopped $ 2 tablespoons plus 1 teaspoon vegetable oil $ 1/2 cup coarse fresh bread crumbs $ 2 tablespoons milk $ 2 lb ground pork (not lean) $ 2 teaspoons salt $ 1 teaspoon white pepper $ 1/4 teaspoon freshly grated nutmeg $ 1/4 teaspoon cinnamon $ 1/4 teaspoon cayenne $ 1/8 teaspoon ground cloves $ 1 teaspoon finely chopped fresh thyme $ 1 teaspoon finely chopped fresh sage $ 2 large egg yolks $ ",Pork $ Breakfast $ Brunch $ Side $ Fry $ Gourmet $ Sugar Conscious $ Kidney Friendly $ Peanut Free $ Tree Nut Free $ Soy Free $ ,American $ ,3/4,10,Pork $ Breakfast $ Brunch $ Side $ Fry $ Gourmet $ Sugar Conscious $ Kidney Friendly $ Peanut Free $ Tree Nut Free $ Soy Free $ American $ 
https://www.epicurious.com/recipes/food/views/-tomato-time-tart-107035,"""Tomato Time"" Tart ","2 sheets frozen puff pastry, thawed $ 2 egg yolks $ 2 teaspoons corn oil $ 2 teaspoons water $ 4 medium-sized ripe tomatoes, sliced 1/4-inch thick $ 1/2 teaspoon extra-virgin olive oil $ 1/2 teaspoon sugar $ Freshly ground black pepper, to taste $ 1/2 cup Garden Pesto or store-bought pesto $ ",Tomato $ Bake $ Cocktail Party $ Vegetarian $ Lunch $ Summer $ Phyllo/Puff Pastry Dough $ Parade $ Peanut Free $ Soy Free $ Kosher $ ,American $ ,3/4,4,Tomato $ Bake $ Cocktail Party $ Vegetarian $ Lunch $ Summer $ Phyllo/Puff Pastry Dough $ Parade $ Peanut Free $ Soy Free $ Kosher $ American $ 
https://www.epicurious.com/recipes/food/views/lemon-pudding-cake-108000,Lemon Pudding Cake ,"2 large lemons $ 1/4 cup all-purpose flour $ Rounded 1/4 teaspoon salt $ 3/4 cup plus 2 tablespoons sugar $ 3 large eggs, separated $ 1 1/3 cups whole milk $ ",Cake $ Milk/Cream $ Egg $ Dessert $ Bake $ Quick & Easy $ Lemon $ Spring $ Gourmet $ Kidney Friendly $ Vegetarian $ Pescatarian $ Peanut Free $ Tree Nut Free $ Soy Free $ Kosher $ ,American $ ,3/4,75,Cake $ Milk/Cream $ Egg $ Dessert $ Bake $ Quick & Easy $ Lemon $ Spring $ Gourmet $ Kidney Friendly $ Vegetarian $ Pescatarian $ Peanut Free $ Tree Nut Free $ Soy Free $ Kosher $ American $ 
https://www.epicurious.com/recipes/food/views/oatmeal-raspberry-thumbprints-107742,Oatmeal Raspberry Thumbprints ,"1 1/4 cups walnuts $ 1 1/4 cups quick-cooking rolled oats $ 1 cup all-purpose flour $ 1/4 teaspoon salt $ 6 tablespoons (3/4 stick) unsalted butter, softened $ 1/2 cup solid vegetable shortening $ 1/2 cup firmly packed light brown sugar $ 1 large egg yolk $ 1 1/2 teaspoons vanilla extract $ 1/2 cup raspberry preserves $ Confectioners' sugar for dusting $ ",Cookies $ Food Processor $ Mixer $ Berry $ Bake $ Walnut $ Fall $ Jam or Jelly $ ,American $ ,3.5/4,19,Cookies $ Food Processor $ Mixer $ Berry $ Bake $ Walnut $ Fall $ Jam or Jelly $ American $ 
https://www.epicurious.com/recipes/food/views/apple-crunch-pie-104854,Apple Crunch Pie ,"1 cup plus 2 tablespoons all purpose flour $ 1/2 cup cake flour $ 2 tablespoons sugar $ 1/2 teaspoon salt $ 1/2 cup (1 stick) chilled unsalted butter, cut into 1/2-inch cubes $ 3 tablespoons frozen solid vegetable shortening, cut into 1/2-inch cubes $ 5 tablespoons (or more) chilled whole milk $ 1 cup all purpose flour $ 3/4 cup (packed) golden brown sugar $ 1/2 cup old-fashioned oats $ 1 teaspoon ground cinnamon $ 6 tablespoons (3/4 stick) unsalted butter, melted $ 4 8- to 9-ounce Golden Delicious apples, peeled, quartered, cored, sliced 1/4 inch thick, each slice cut crosswise into 3 pieces $ 1 tablespoon sugar $ 1 tablespoon fresh lemon juice $ 3 tablespoons apricot preserves $ 1 egg yolk beaten with 1 tablespoon whipping cream (for glaze) $ ",Food Processor $ Fruit $ Dessert $ Bake $ Thanksgiving $ Apple $ Oat $ Fall $ Cinnamon $ Bon Appétit $ Vegetarian $ Pescatarian $ Peanut Free $ Tree Nut Free $ Soy Free $ Kosher $ ,American $ ,3.5/4,47,Food Processor $ Fruit $ Dessert $ Bake $ Thanksgiving $ Apple $ Oat $ Fall $ Cinnamon $ Bon Appétit $ Vegetarian $ Pescatarian $ Peanut Free $ Tree Nut Free $ Soy Free $ Kosher $ American $ 
https://www.epicurious.com/recipes/food/views/sheboygan-style-beer-soaked-brats-12642,"Sheboygan-Style Beer-Soaked ""Brats"" ","4 cups beer (not dark) $ 1/4 cup Bavarian mustard $ 2 tablespoons ketchup $ 4 large onions $ 12 uncooked bratwursts $ 6 hard rolls, halved and well buttered $ sliced dill pickles $ Bavarian mustard $ ",Beer $ Onion $ Sausage $ Summer $ Oktoberfest $ Tailgating $ Gourmet $ ,American $ ,3.5/4,26,Beer $ Onion $ Sausage $ Summer $ Oktoberfest $ Tailgating $ Gourmet $ American $ 
https://www.epicurious.com/recipes/food/views/fresh-cod-cakes-107971,Fresh Cod Cakes ,"5 slices firm white sandwich bread $ 1 large celery rib, cut into 2-inch pieces $ 2 scallions, cut into 2-inch pieces $ 1/4 cup loosely packed fresh flat-leaf parsley $ 1 lb skinless cod fillet, any bones removed and fish coarsely chopped $ 1 large egg, lightly beaten $ 1/2 teaspoon salt $ 1/4 teaspoon black pepper $ 3 tablespoons vegetable oil $ Accompaniment: tartar sauce and lemon wedges $ ",Appetizer $ Fry $ Quick & Easy $ Cod $ Parsley $ Gourmet $ Sugar Conscious $ Pescatarian $ Dairy Free $ Peanut Free $ Tree Nut Free $ Soy Free $ Kosher $ ,American $ ,2.5/4,19,Appetizer $ Fry $ Quick & Easy $ Cod $ Parsley $ Gourmet $ Sugar Conscious $ Pescatarian $ Dairy Free $ Peanut Free $ Tree Nut Free $ Soy Free $ Kosher $ American $ 
https://www.epicurious.com/recipes/food/views/grilled-artichokes-with-sesame-dipping-sauce-108223,Grilled Artichokes with Sesame Dipping Sauce ,"1/2 cup mayonnaise $ 3 tablespoons Worcestershire sauce $ 2 tablespoons olive oil $ 2 tablespoons oriental sesame oil $ 1 1/2 tablespoons honey $ 1 tablespoon fresh lemon juice $ 3/4 teaspoon seasoned salt $ 2 tablespoons fresh lemon juice $ 4 large artichokes $ 1/3 cup olive oil $ 1 garlic clove, minced $ ",Vegetable $ Vegetarian $ Backyard BBQ $ Buffet $ Mayonnaise $ Artichoke $ Summer $ Grill $ Grill/Barbecue $ Honey $ Sesame $ Bon Appétit $ ,American $ ,3.5/4,46,Vegetable $ Vegetarian $ Backyard BBQ $ Buffet $ Mayonnaise $ Artichoke $ Summer $ Grill $ Grill/Barbecue $ Honey $ Sesame $ Bon Appétit $ American $ 
https://www.epicurious.com/recipes/food/views/salmon-with-orecchiette-caramelized-onions-and-horseradish-cream-108239,"Salmon with Orecchiette, Caramelized Onions, and Horseradish Cream ","6 tablespoons olive oil $ 1 1/4 pounds onions, thinly sliced $ 2 cups whipping cream $ 1 8-ounce bottle clam juice $ 3 tablespoons prepared white horseradish $ 1 10- to 12-ounce bunch broccoli rabe* (also called rapini) $ 12 ounces orecchiette (little ear-shaped pasta) $ 1 cup grated Parmesan cheese (about 3 ounces) $ 4 6-ounce salmon fillets with skin $ ",Milk/Cream $ Fish $ Onion $ Pasta $ Sauté $ Horseradish $ Parmesan $ Salmon $ Fall $ Broccoli Rabe $ Bon Appétit $ ,American $ ,3.5/4,37,Milk/Cream $ Fish $ Onion $ Pasta $ Sauté $ Horseradish $ Parmesan $ Salmon $ Fall $ Broccoli Rabe $ Bon Appétit $ American $ 
https://www.epicurious.com/recipes/food/views/frozen-lemon-gingersnap-pie-108189,Frozen Lemon Gingersnap Pie ,"1 1/2 cups finely crushed gingersnap cookies (6 ounces) $ 5 tablespoons unsalted butter, melted $ 2 tablespoons sugar $ 1 1/2 cups heavy cream $ 1 cup whole milk $ 3/4 cup plus 2 tablespoons sugar $ 4 teaspoons finely grated fresh lemon zest $ 1/8 teaspoon salt $ 6 large egg yolks $ 2/3 cup fresh lemon juice $ Garnish: lemon slices $ an instant-read thermometer; an ice cream maker $ ",Milk/Cream $ Ice Cream Machine $ Citrus $ Dairy $ Egg $ Dessert $ Bake $ Freeze/Chill $ Frozen Dessert $ Lemon $ Summer $ Gourmet $ Kidney Friendly $ Vegetarian $ Pescatarian $ Peanut Free $ Tree Nut Free $ Soy Free $ Kosher $ ,American $ ,4/4,16,Milk/Cream $ Ice Cream Machine $ Citrus $ Dairy $ Egg $ Dessert $ Bake $ Freeze/Chill $ Frozen Dessert $ Lemon $ Summer $ Gourmet $ Kidney Friendly $ Vegetarian $ Pescatarian $ Peanut Free $ Tree Nut Free $ Soy Free $ Kosher $ American $ 
https://www.epicurious.com/recipes/food/views/shrimp-and-corn-with-basil-102267,Shrimp and Corn with Basil ,"2 tablespoons unsalted butter $ Kernels from 2 ears corn $ 1/2 pound shelled large shrimp $ 4 scallions, chopped $ 1/4 cup fresh basil, thinly sliced $ ",Herb $ Shellfish $ Sauté $ Quick & Easy $ Basil $ Shrimp $ Corn $ Healthy $ Gourmet $ ,American $ ,3.5/4,41,Herb $ Shellfish $ Sauté $ Quick & Easy $ Basil $ Shrimp $ Corn $ Healthy $ Gourmet $ American $ 
https://www.epicurious.com/recipes/food/views/peach-ice-cream-philadelphia-style-101911,"Peach Ice Cream, Philadelphia Style ","1 1/2 cups heavy cream $ 1/3 cup sugar $ 2 large, sweet peaches, peeled and pitted $ 1/4 cup peach nectar $ 1/4 teaspoon vanilla extract $ ",Milk/Cream $ Ice Cream Machine $ Dessert $ Freeze/Chill $ Kid-Friendly $ Peach $ Summer $ Party $ ,American $ ,1.5/4,5,Milk/Cream $ Ice Cream Machine $ Dessert $ Freeze/Chill $ Kid-Friendly $ Peach $ Summer $ Party $ American $ 
https://www.epicurious.com/recipes/food/views/andouille-sausage-and-corn-bread-stuffing-102481,Andouille Sausage and Corn Bread Stuffing ,"2 tablespoons (1/4 stick) butter $ 1 pound andouille sausages,* cut into 1/3-inch pieces $ 1 12-ounce package breakfast-style bulk sausage $ 3 cups chopped onions $ 2 cups chopped celery $ 2 cups chopped red bell peppers $ 1 cup chopped green onions $ 2 teaspoons chopped fresh thyme $ 1 teaspoon hot pepper sauce $ 1 teaspoon dried rubbed sage $ 12 ounces dry corn bread stuffing mix $ 1 1/2 cups (about) canned low-salt chicken broth $ ",Pork $ Vegetable $ Side $ Bake $ Thanksgiving $ Sausage $ Corn $ Fall $ Bon Appétit $ Peanut Free $ Tree Nut Free $ Soy Free $ ,African $ American $ Cajun/Creole $ ,3.5/4,98,Pork $ Vegetable $ Side $ Bake $ Thanksgiving $ Sausage $ Corn $ Fall $ Bon Appétit $ Peanut Free $ Tree Nut Free $ Soy Free $ African $ American $ Cajun/Creole $ 
https://www.epicurious.com/recipes/food/views/buttermilk-pancakes-109480,Buttermilk Pancakes ,"1 cup all-purpose flour $ 1 teaspoon baking soda $ 1/2 teaspoon salt $ 1 large egg, lightly beaten $ 1 cup well-shaken buttermilk $ Vegetable oil for brushing griddle $ ",Milk/Cream $ Appetizer $ Breakfast $ Kid-Friendly $ Quick & Easy $ Gourmet $ Illinois $ Sugar Conscious $ Kidney Friendly $ Vegetarian $ Pescatarian $ Peanut Free $ Tree Nut Free $ Soy Free $ No Sugar Added $ Kosher $ ,American $ ,3.5/4,169,Milk/Cream $ Appetizer $ Breakfast $ Kid-Friendly $ Quick & Easy $ Gourmet $ Illinois $ Sugar Conscious $ Kidney Friendly $ Vegetarian $ Pescatarian $ Peanut Free $ Tree Nut Free $ Soy Free $ No Sugar Added $ Kosher $ American $ 
https://www.epicurious.com/recipes/food/views/grilled-halibut-with-lemongrass-tomato-sauce-109521,Grilled Halibut with Lemongrass Tomato Sauce ,"2 small shallots, finely chopped (2 tablespoons) $ 1 large garlic clove, finely chopped $ 3 tablespoons olive oil $ 2 1/2 lbs plum tomatoes, chopped $ 6 stalks fresh lemongrass, tough outer layers removed and lower 6 inches coarsely chopped $ 3/4 teaspoon salt $ 1/2 teaspoon black pepper $ 6 (1-inch-thick) pieces halibut steak with skin (6 oz each) $ ",Tomato $ Halibut $ Summer $ Grill/Barbecue $ Shallot $ Lemongrass $ Gourmet $ ,American $ ,2/4,5,Tomato $ Halibut $ Summer $ Grill/Barbecue $ Shallot $ Lemongrass $ Gourmet $ American $ 
https://www.epicurious.com/recipes/food/views/chocolate-crunch-layer-cake-with-milk-chocolate-frosting-103151,Chocolate Crunch Layer Cake with Milk Chocolate Frosting ,"4 ounces unsweetened chocolate $ 1/2 cup hot water $ 1 3/4 cups cake flour $ 1 teaspoon baking soda $ 1/2 teaspoon salt $ 1/2 cup (1 stick) unsalted butter, room temperature $ 1 3/4 cups sugar $ 3 large eggs, room temperature $ 1 teaspoon vanilla extract $ 2/3 cup whole milk $ 1 1/4 cups whipping cream $ 1/4 cup light corn syrup $ 1/4 cup (1/2 stick) unsalted butter $ 1 pound milk chocolate, chopped $ 4 1.4-ounce chocolate-covered English toffee bars (such as Heath Bars or Skor), cut into 1/4-inch dice $ 7 ounces milk chocolate (such as one Hershey's bar or two 3- to 3.5-ounce milk chocolate bars) $ ",Cake $ Milk/Cream $ Chocolate $ Dairy $ Egg $ Dessert $ Bake $ Vanilla $ Fall $ Spring $ Bon Appétit $ Vegetarian $ Pescatarian $ Peanut Free $ Tree Nut Free $ Soy Free $ Kosher $ ,American $ ,3.5/4,122,Cake $ Milk/Cream $ Chocolate $ Dairy $ Egg $ Dessert $ Bake $ Vanilla $ Fall $ Spring $ Bon Appétit $ Vegetarian $ Pescatarian $ Peanut Free $ Tree Nut Free $ Soy Free $ Kosher $ American $ 
https://www.epicurious.com/recipes/food/views/artichoke-romaine-and-cherry-tomato-salad-103605,"Artichoke, Romaine and Cherry Tomato Salad ","2 6-ounce jars marinated artichoke hearts, drained $ 1/4 cup balsamic vinegar $ 2 tablespoons chopped fresh chives or green onion tops $ 1 tablespoon fresh lemon juice $ 1 tablespoon coarse-grained Dijon mustard $ 2 teaspoons honey $ 5 tablespoons mayonnaise $ 1/2 cup extra-virgin olive oil $ 12 cups torn romaine lettuce $ 1 small red onion, thinly sliced $ 2 cups cherry tomatoes, halved $ Parmesan cheese, freshly grated $ ",Salad $ Food Processor $ Leafy Green $ Tomato $ Vegetable $ No-Cook $ Picnic $ Spring $ Summer $ Bon Appétit $ ,American $ ,3.5/4,22,Salad $ Food Processor $ Leafy Green $ Tomato $ Vegetable $ No-Cook $ Picnic $ Spring $ Summer $ Bon Appétit $ American $ 
https://www.epicurious.com/recipes/food/views/buffalo-burgers-with-pickled-onions-and-smoky-red-pepper-sauce-109519,Buffalo Burgers with Pickled Onions and Smoky Red Pepper Sauce ,"1 red bell pepper $ low-fat buttermilk dressing $ 1 small garlic clove, chopped $ Rounded 1/4 teaspoon hot Spanish smoked paprika* $ 1/4 teaspoon salt $ 2 small red onions (1/2 lb total) $ 1/2 cup cider vinegar $ 1/4 cup sugar $ 1 teaspoon salt $ 1/4 teaspoon salt $ 1/4 teaspoon black pepper $ 1 lb ground buffalo**, formed into 4 (1/2-inch-thick) patties $ 4 English muffins, split in half $ about 20 wooden picks $ ",Sandwich $ Onion $ Low Cal $ Backyard BBQ $ Dinner $ Lunch $ Buffalo $ Bell Pepper $ Grill $ Grill/Barbecue $ Healthy $ Gourmet $ ,American $ ,3.5/4,23,Sandwich $ Onion $ Low Cal $ Backyard BBQ $ Dinner $ Lunch $ Buffalo $ Bell Pepper $ Grill $ Grill/Barbecue $ Healthy $ Gourmet $ American $ 
https://www.epicurious.com/recipes/food/views/espresso-and-mascarpone-icebox-cake-109757,Espresso and Mascarpone Icebox Cake ,3 cups chilled heavy cream $ 1/2 cup plus 1 tablespoon sugar $ 1 cup mascarpone cheese (about 9 oz) at room temperature $ 1 (9-oz) box chocolate wafers such as Nabisco Famous $ 1 tablespoon instant-espresso powder $ A 9 1/2- to 10-inch springform pan (about 26 cm) $ ,Cake $ Coffee $ Cheese $ Dessert $ No-Cook $ Quick & Easy $ Frozen Dessert $ Summer $ Gourmet $ Kidney Friendly $ Vegetarian $ Pescatarian $ Peanut Free $ Tree Nut Free $ Soy Free $ Kosher $ ,American $ ,3.5/4,104,Cake $ Coffee $ Cheese $ Dessert $ No-Cook $ Quick & Easy $ Frozen Dessert $ Summer $ Gourmet $ Kidney Friendly $ Vegetarian $ Pescatarian $ Peanut Free $ Tree Nut Free $ Soy Free $ Kosher $ American $ 
https://www.epicurious.com/recipes/food/views/coconut-rice-pudding-109236,Coconut Rice Pudding ,"1 1/2 cups cold unsalted cooked rice $ 3 cups whole milk $ 1/2 cup well-stirred canned unsweetened coconut milk $ 1/3 cup sugar $ 1/4 teaspoon salt $ 1/2 teaspoon vanilla $ Garnish: sweetened flaked coconut, toasted $ ",Milk/Cream $ Rice $ Dessert $ Coconut $ Summer $ Gourmet $ Vegetarian $ Pescatarian $ Wheat/Gluten-Free $ Peanut Free $ Tree Nut Free $ Soy Free $ Kosher $ ,American $ ,3.5/4,48,Milk/Cream $ Rice $ Dessert $ Coconut $ Summer $ Gourmet $ Vegetarian $ Pescatarian $ Wheat/Gluten-Free $ Peanut Free $ Tree Nut Free $ Soy Free $ Kosher $ American $ 
https://www.epicurious.com/recipes/food/views/herbed-summer-succotash-102026,Herbed Summer Succotash ,1/4 pound bacon (about 4 slices) $ 1 pound fresh shell beans in pod or 1 cup frozen baby lima beans $ 3/4 pound cherry tomatoes (about 1 1/2 pints) $ 4 ears corn $ 1 small Vidalia onion or other sweet onion $ 1 large garlic clove $ 1 1/2 tablespoons olive oil $ 1 tablespoon Sherry vinegar $ 1/4 cup packed small fresh basil leaves $ 1/4 cup packed small fresh arugula leaves $ Accompaniment: garlic croútes $ ,Tomato $ Side $ Basil $ Bacon $ Corn $ Arugula $ Lima Bean $ Summer $ Gourmet $ Dairy Free $ Wheat/Gluten-Free $ Peanut Free $ Tree Nut Free $ Soy Free $ No Sugar Added $ ,American $ ,4/4,3,Tomato $ Side $ Basil $ Bacon $ Corn $ Arugula $ Lima Bean $ Summer $ Gourmet $ Dairy Free $ Wheat/Gluten-Free $ Peanut Free $ Tree Nut Free $ Soy Free $ No Sugar Added $ American $ 
https://www.epicurious.com/recipes/food/views/corn-bisque-with-red-bell-pepper-and-rosemary-15658,Corn Bisque with Red Bell Pepper and Rosemary ,"4 tablespoons (1/2 stick) butter $ 2 cups chopped onions $ 1/2 cup diced carrot $ 1/2 cup diced celery $ 7 1/2 cups frozen corn kernels, thawed, drained (about 42 ounces) $ 1 teaspoon dried rosemary $ 1/4 teaspoon cayenne pepper $ 6 cups chicken stock or canned low-salt chicken broth $ 1 cup half and half $ 1 red bell pepper, chopped $ ",Soup/Stew $ Milk/Cream $ Vegetable $ Lunch $ Rosemary $ Corn $ Bell Pepper $ Fall $ Simmer $ Bon Appétit $ Wheat/Gluten-Free $ Peanut Free $ Tree Nut Free $ Soy Free $ No Sugar Added $ ,American $ ,3.5/4,73,Soup/Stew $ Milk/Cream $ Vegetable $ Lunch $ Rosemary $ Corn $ Bell Pepper $ Fall $ Simmer $ Bon Appétit $ Wheat/Gluten-Free $ Peanut Free $ Tree Nut Free $ Soy Free $ No Sugar Added $ American $ 
https://www.epicurious.com/recipes/food/views/katharine-hepburns-brownies-106559,Katharine Hepburn's Brownies ,1 stick (8 tablespoons) butter $ 2 squares unsweetened chocolate $ 1 cup sugar $ 2 eggs $ 1/2 teaspoon vanilla $ 1/4 cup all-purpose flour $ 1/4 teaspoon salt $ 1 cup chopped walnuts (optional) $ ,Chocolate $ Nut $ Dessert $ Bake $ Quick & Easy $ Spring $ ,American $ ,3.5/4,86,Chocolate $ Nut $ Dessert $ Bake $ Quick & Easy $ Spring $ American $ 
https://www.epicurious.com/recipes/food/views/mascarpone-cheesecake-108903,Mascarpone Cheesecake ,"70 vanilla wafers (8 1/2 oz), finely ground in a food processor (2 1/3 cups) $ 1 1/4 sticks (10 tablespoons) unsalted butter, melted and cooled $ 20 oz cream cheese (2 1/2 eight-ounce packages), softened $ 8 oz mascarpone cheese at room temperature (about 1 cup) $ 3/4 cup sugar $ 3 large eggs $ 1 teaspoon vanilla $ 1 teaspoon fresh lemon juice $ 1/4 teaspoon salt $ 1 cup sour cream $ 1/4 cup sugar $ 1 teaspoon vanilla $ 1 teaspoon fresh lemon juice $ 1/8 teaspoon salt $ ",Cake $ Cheese $ Dessert $ Bake $ Gourmet $ Vegetarian $ Pescatarian $ Peanut Free $ Tree Nut Free $ Soy Free $ Kosher $ ,American $ ,4/4,168,Cake $ Cheese $ Dessert $ Bake $ Gourmet $ Vegetarian $ Pescatarian $ Peanut Free $ Tree Nut Free $ Soy Free $ Kosher $ American $ 
https://www.epicurious.com/recipes/food/views/best-cocoa-brownies-108346,Best Cocoa Brownies ,10 tablespoons (1 1/4 sticks) unsalted butter $ 1 1/4 cups sugar $ 3/4 cup plus 2 tablespoons unsweetened cocoa powder (natural or Dutch-process) $ 1/4 teaspoon salt $ 1/2 teaspoon pure vanilla extract $ 2 cold large eggs $ 1/2 cup all-purpose flour $ 2/3 cup walnut or pecan pieces (optional) $ An 8-inch square baking pan $ ,Cake $ Chocolate $ Dessert $ Bake $ Quick & Easy $ Pecan $ Vanilla $ Fall $ Winter $ Edible Gift $ Kidney Friendly $ Vegetarian $ Pescatarian $ Peanut Free $ Soy Free $ Kosher $ ,American $ ,3.5/4,555,Cake $ Chocolate $ Dessert $ Bake $ Quick & Easy $ Pecan $ Vanilla $ Fall $ Winter $ Edible Gift $ Kidney Friendly $ Vegetarian $ Pescatarian $ Peanut Free $ Soy Free $ Kosher $ American $ 
https://www.epicurious.com/recipes/food/views/honey-lavender-ice-cream-108526,Honey Lavender Ice Cream ,2 cups heavy cream $ 1 cup half-and-half $ 2/3 cup mild honey $ 2 tablespoons dried edible lavender flowers* $ 2 large eggs $ 1/8 teaspoon salt $ a candy or instant-read thermometer; an ice cream maker $ ,Milk/Cream $ Ice Cream Machine $ Egg $ Dessert $ Kid-Friendly $ Frozen Dessert $ Honey $ Gourmet $ Kidney Friendly $ Vegetarian $ Pescatarian $ Wheat/Gluten-Free $ Peanut Free $ Tree Nut Free $ Soy Free $ Kosher $ ,American $ ,3.5/4,61,Milk/Cream $ Ice Cream Machine $ Egg $ Dessert $ Kid-Friendly $ Frozen Dessert $ Honey $ Gourmet $ Kidney Friendly $ Vegetarian $ Pescatarian $ Wheat/Gluten-Free $ Peanut Free $ Tree Nut Free $ Soy Free $ Kosher $ American $ 
https://www.epicurious.com/recipes/food/views/white-bean-kale-and-roasted-vegetable-soup-102844,"White Bean, Kale and Roasted Vegetable Soup ","Nonstick vegetable oil spray $ 3 medium carrots, peeled, quartered lengthwise $ 2 large tomatoes, quartered $ 1 large onion, cut into 8 wedges $ 1/2 small butternut squash, peeled, seeded, cut lengthwise into 1/2-inch-thick wedges $ 6 garlic cloves, unpeeled $ 1 tablespoon olive oil $ 6 cups (or more) canned vegetable broth $ 4 cups finely chopped kale $ 3 large fresh thyme sprigs $ 1 bay leaf $ 1 15-ounce can Great Northern beans, drained $ ",Soup/Stew $ Bean $ Leafy Green $ Vegetable $ Roast $ Vegetarian $ High Fiber $ Winter $ Healthy $ Bon Appétit $ ,American $ ,3.5/4,148,Soup/Stew $ Bean $ Leafy Green $ Vegetable $ Roast $ Vegetarian $ High Fiber $ Winter $ Healthy $ Bon Appétit $ American $ 
https://www.epicurious.com/recipes/food/views/key-lime-parfaits-102201,Key Lime Parfaits ,3 tablespoons unsalted butter $ 3 tablespoons sugar $ 1/2 cup graham cracker crumbs $ 1 14-ounce can sweetened condensed milk $ 1/2 cup fresh lime juice $ 1 tablespoon grated lime peel $ 1 cup chilled whipping cream $ ,Citrus $ Dairy $ Dessert $ Freeze/Chill $ Kid-Friendly $ Lime $ Chill $ Bon Appétit $ Vegetarian $ Pescatarian $ Peanut Free $ Tree Nut Free $ Soy Free $ Kosher $ ,American $ ,3.5/4,71,Citrus $ Dairy $ Dessert $ Freeze/Chill $ Kid-Friendly $ Lime $ Chill $ Bon Appétit $ Vegetarian $ Pescatarian $ Peanut Free $ Tree Nut Free $ Soy Free $ Kosher $ American $ 
