link,name,ingredients,recipe_category,recipe_cuisine,rating,rating_count,keywords
https://www.epicurious.com/recipes/food/views/orange-streamer-salad-232681,Orange Streamer Salad ,"Juice of 1 lemon, or 2 tablespoons red wine vinegar or cider vinegar $ 2 tablespoons honey $ 1 tablespoon soy sauce $ 1/3 cup vegetable oil $ 4 large carrots or 6 medium peeled $ 1 cup raisins $ 2/3 cup sunflower seeds $ ",Salad $ Appetizer $ Side $ No-Cook $ Low Fat $ Quick & Easy $ Raisin $ Carrot $ Honey $ Seed $ Vegetarian $ Pescatarian $ Dairy Free $ Peanut Free $ Tree Nut Free $ Kosher $ ,American $ ,3/4,1,Salad $ Appetizer $ Side $ No-Cook $ Low Fat $ Quick & Easy $ Raisin $ Carrot $ Honey $ Seed $ Vegetarian $ Pescatarian $ Dairy Free $ Peanut Free $ Tree Nut Free $ Kosher $ American $ 
https://www.epicurious.com/recipes/food/views/chris-gargones-chocolate-chews-232679,Chris Gargone's Chocolate Chews ,8 ounces semisweet chocolate $ 3 ounces unsweetened chocolate $ 8 tablespoons (1 stick) unsalted butter $ 3 eggs $ 1 1/4 cups sugar $ 2/3 cups bleached all-purpose flour $ 1/2 teaspoon baking powder $ 1/4 teaspoon salt $ 1 1/2 cups (about 9 ounces) chocolate chips $ 1 1/2 cups (about 6 ounces) chopped walnuts $ 1 1/2 cups (about 6 ounces) chopped pecans $ Three cookie sheets lined with parchment or foil $ ,Cookies $ Chocolate $ Dessert $ Bake $ Kid-Friendly $ Pecan $ Walnut $ Kidney Friendly $ Vegetarian $ Pescatarian $ Peanut Free $ Soy Free $ Kosher $ ,American $ ,3.5/4,12,Cookies $ Chocolate $ Dessert $ Bake $ Kid-Friendly $ Pecan $ Walnut $ Kidney Friendly $ Vegetarian $ Pescatarian $ Peanut Free $ Soy Free $ Kosher $ American $ 
https://www.epicurious.com/recipes/food/views/butterscotch-brownies-232678,Butterscotch Brownies ,"1/4 cup butter or margarine $ 1 cup packed brown sugar $ 1 teaspoon vanilla $ 2 tablespoons milk $ 1 large egg $ 1 cup all-purpose flour* $ 1/2 cup chopped nuts, if desired $ 1 teaspoon baking powder $ 1/2 teaspoon salt $ ",Milk/Cream $ Nut $ Dessert $ Bake $ Low Fat $ Kid-Friendly $ Quick & Easy $ Kidney Friendly $ Vegetarian $ Pescatarian $ Soy Free $ Kosher $ ,American $ ,2.5/4,7,Milk/Cream $ Nut $ Dessert $ Bake $ Low Fat $ Kid-Friendly $ Quick & Easy $ Kidney Friendly $ Vegetarian $ Pescatarian $ Soy Free $ Kosher $ American $ 
https://www.epicurious.com/recipes/food/views/quinoa-salad-232677,Quinoa Salad ,"1/4 cup quinoa $ 1/4 chopped red pepper $ 1/4 cup shelled edamame $ 1/8 diced onion $ 1/8 cup dried tart cherries $ 2 tbsp olive oil $ 2 tbsp white wine vinegar $ 1 tsp Dijon mustard $ Pinch sugar $ Salt and pepper to taste $ 2 tbsp sunflower seeds, shelled $ ",Salad $ Pepper $ Soy $ Side $ Low Fat $ Quick & Easy $ Low Cal $ Dried Fruit $ Quinoa $ Healthy $ Self $ Vegan $ Vegetarian $ Pescatarian $ Dairy Free $ Wheat/Gluten-Free $ Peanut Free $ Tree Nut Free $ Kosher $ ,American $ ,3.5/4,36,Salad $ Pepper $ Soy $ Side $ Low Fat $ Quick & Easy $ Low Cal $ Dried Fruit $ Quinoa $ Healthy $ Self $ Vegan $ Vegetarian $ Pescatarian $ Dairy Free $ Wheat/Gluten-Free $ Peanut Free $ Tree Nut Free $ Kosher $ American $ 
https://www.epicurious.com/recipes/food/views/vegetable-lasagna-232660,Vegetable Lasagna ,"7 oz lowfat goat cheese $ 1/3 cup chopped pitted black olives $ 1 tbsp chopped fresh thyme $ 1/2 tbsp dried basil $ 1/2 tbsp dried oregano $ 2 tsp minced garlic $ 4 cups prepared pasta sauce $ 1 lb whole-wheat lasagna $ Freshly ground black pepper $ 2 small zucchini, diced $ 2 small summer squash, diced $ 3/4 cup bottled roasted red pepper, diced $ 1/4 cup grated Parmesan $ ",Olive $ Pasta $ Bake $ Low Fat $ Vegetarian $ Goat Cheese $ Parmesan $ Bell Pepper $ Squash $ Zucchini $ Healthy $ Self $ New York $ ,American $ Italian $ ,3.5/4,42,Olive $ Pasta $ Bake $ Low Fat $ Vegetarian $ Goat Cheese $ Parmesan $ Bell Pepper $ Squash $ Zucchini $ Healthy $ Self $ New York $ American $ Italian $ 
https://www.epicurious.com/recipes/food/views/fettuccine-with-zucchini-arugula-basil-and-lemon-232658,"Fettuccine with Zucchini, Arugula, Basil, and Lemon ","3/4 tsp salt $ 3/4 lb whole-wheat fettuccine $ 1 tbsp olive oil $ 1 tbsp minced garlic $ 1 medium zucchini, julienned $ 1 medium yellow squash, julienned $ 4 or 5 sprigs basil, leaves shredded $ 1 bunch arugula, coarsely chopped (about 1 1/2 cups) $ 3/4 cup halved cherry tomatoes $ 1 tsp lemon zest $ 1 tsp fresh lemon juice $ ",Pasta $ Tomato $ Sauté $ Low Fat $ Vegetarian $ Lemon $ Basil $ Arugula $ Zucchini $ Healthy $ Vegan $ Yellow Squash $ Self $ ,American $ Italian $ ,3/4,11,Pasta $ Tomato $ Sauté $ Low Fat $ Vegetarian $ Lemon $ Basil $ Arugula $ Zucchini $ Healthy $ Vegan $ Yellow Squash $ Self $ American $ Italian $ 
https://www.epicurious.com/recipes/food/views/smoky-peanuts-232648,Smoky Peanuts ,"1 tablespoon lightly beaten egg white $ 1 teaspoon sugar $ 3/4 teaspoon Lapsang souchong tea leaves, crushed if coarse $ 1/4 teaspoon salt $ 1 cup salted cocktail peanuts $ parchment paper $ ",Tea $ Egg $ Bake $ Quick & Easy $ Peanut $ Gourmet $ ,American $ ,3.5/4,2,Tea $ Egg $ Bake $ Quick & Easy $ Peanut $ Gourmet $ American $ 
https://www.epicurious.com/recipes/food/views/cheese-animal-crackers-232647,Cheese Animal Crackers ,"1 (3-oz) piece Parmigiano-Reggiano, cut into 1/2-inch cubes (1/2 cup) $ 3/4 cup plus 2 tablespoons all-purpose flour plus additional for dusting $ 1/4 teaspoon baking powder $ 1/4 teaspoon salt $ 1 tablespoon unsalted butter, softened $ 1/4 cup whole milk $ 2 tablespoons lightly beaten egg (from 1 large) $ 1- to 2-inch animal-shaped cookie cutters* $ ",Milk/Cream $ Bake $ Kid-Friendly $ Parmesan $ Gourmet $ ,American $ ,3.5/4,4,Milk/Cream $ Bake $ Kid-Friendly $ Parmesan $ Gourmet $ American $ 
https://www.epicurious.com/recipes/food/views/scarborough-fair-shortbread-232644,Scarborough Fair Shortbread ,"1 cup all-purpose flour $ 1/4 cup plus 1/2 tablespoon superfine granulated sugar $ 1/8 teaspoon salt $ 2 teaspoons finely chopped fresh flat-leaf parsley $ 1/2 teaspoon each finely chopped fresh sage, rosemary, and thyme $ 1 stick (1/2 cup) unsalted butter, softened $ 1 egg white, lightly beaten $ 16 small fresh parsley leaves $ 16 very small fresh sage leaves (1/2 inch) $ 16 fresh rosemary leaves $ 16 (1-inch) fresh thyme sprigs $ ",Bread $ Bake $ Quick & Easy $ Rosemary $ Sage $ Thyme $ Parsley $ Gourmet $ ,American $ ,4/4,11,Bread $ Bake $ Quick & Easy $ Rosemary $ Sage $ Thyme $ Parsley $ Gourmet $ American $ 
https://www.epicurious.com/recipes/food/views/wildflower-honey-semifreddo-with-honey-sesame-wafers-232643,Wildflower-Honey Semifreddo with Honey Sesame Wafers ,"1/4 teaspoon unflavored gelatin (from a 1/4-oz package) $ 3 tablespoons water $ 3/4 cup heavy cream $ 3 tablespoons mild honey (preferably wildflower) $ 2 tablespoons sugar $ 1/8 teaspoon salt $ 3 large egg yolks $ 1/4 cup heavy cream $ 1/4 cup sugar $ 1 tablespoon mild honey (preferably wildflower) $ 1/8 teaspoon salt $ 1 tablespoon black sesame seeds $ 1 tablespoon white sesame seeds (not toasted) $ 1/2 stick (1/4 cup) unsalted butter, softened $ 1/4 cup sugar $ 1 tablespoon mild honey (preferably wildflower) $ 1 large egg white $ 1/2 cup all-purpose flour $ 1/8 teaspoon salt $ 2 navel oranges $ a candy thermometer; 6 (4-oz) ramekins; parchment paper; an offset spatula $ ",Milk/Cream $ Egg $ Dessert $ Bake $ Freeze/Chill $ Orange $ Honey $ Gourmet $ Kidney Friendly $ Peanut Free $ Tree Nut Free $ Soy Free $ ,American $ Italian $ ,4/4,4,Milk/Cream $ Egg $ Dessert $ Bake $ Freeze/Chill $ Orange $ Honey $ Gourmet $ Kidney Friendly $ Peanut Free $ Tree Nut Free $ Soy Free $ American $ Italian $ 
https://www.epicurious.com/recipes/food/views/elvis-presleys-favorite-pound-cake-232642,Elvis Presley's Favorite Pound Cake ,"2 sticks (1 cup) unsalted butter, softened, plus additional for buttering pan $ 3 cups sifted cake flour (not self-rising; sift before measuring) plus additional for dusting $ 3/4 teaspoon salt $ 3 cups sugar $ 7 large eggs, at room temperature 30 minutes $ 2 teaspoons vanilla $ 1 cup heavy cream $ a 10-inch tube pan (4 1/2 inches deep; not with a removable bottom) or a 10-inch bundt pan (3 1/4 inches deep; 3-qt capacity) $ ",Cake $ Milk/Cream $ Egg $ Dessert $ Bake $ Quick & Easy $ Gourmet $ Kidney Friendly $ Vegetarian $ Pescatarian $ Peanut Free $ Tree Nut Free $ Soy Free $ Kosher $ ,American $ ,3.5/4,266,Cake $ Milk/Cream $ Egg $ Dessert $ Bake $ Quick & Easy $ Gourmet $ Kidney Friendly $ Vegetarian $ Pescatarian $ Peanut Free $ Tree Nut Free $ Soy Free $ Kosher $ American $ 
https://www.epicurious.com/recipes/food/views/broiled-plums-with-mango-sorbet-232641,Broiled Plums with Mango Sorbet ,"1/2 lb plums (about 2 medium), pitted and cut into 1/2-inch wedges $ 1 tablespoon sugar $ 1/4 teaspoon vanilla $ 1/8 teaspoon cinnamon $ 3 tablespoons water $ 2 cups (1 pint) fat-free mango sorbet $ ",Dessert $ Broil $ Quick & Easy $ Plum $ Mango $ Vanilla $ Healthy $ Vegan $ Cinnamon $ Gourmet $ Fat Free $ Kidney Friendly $ Vegetarian $ Pescatarian $ Dairy Free $ Wheat/Gluten-Free $ Peanut Free $ Tree Nut Free $ Soy Free $ Kosher $ ,American $ ,3.5/4,5,Dessert $ Broil $ Quick & Easy $ Plum $ Mango $ Vanilla $ Healthy $ Vegan $ Cinnamon $ Gourmet $ Fat Free $ Kidney Friendly $ Vegetarian $ Pescatarian $ Dairy Free $ Wheat/Gluten-Free $ Peanut Free $ Tree Nut Free $ Soy Free $ Kosher $ American $ 
https://www.epicurious.com/recipes/food/views/peches-melba-232640,Peches Melba ,"6 medium firm-ripe peaches (2 1/4 lb) $ 1 1/3 cups sugar $ 2 cups water $ 1 (1-inch) piece vanilla bean $ 1 (12-oz) package frozen raspberries (not in syrup), thawed $ 1/2 cup sugar $ 1/3 cup water $ 2 teaspoons fresh lemon juice $ Accompaniment: 2 pt superpremium vanilla ice cream $ ",Dessert $ Poach $ Quick & Easy $ Raspberry $ Peach $ Vanilla $ Gourmet $ ,American $ French $ ,4/4,4,Dessert $ Poach $ Quick & Easy $ Raspberry $ Peach $ Vanilla $ Gourmet $ American $ French $ 
https://www.epicurious.com/recipes/food/views/pears-with-herbed-ricotta-and-honey-232639,Pears with Herbed Ricotta and Honey ,"1 (15-oz) container whole-milk ricotta $ 5 tablespoons mild honey $ 1/2 teaspoon chopped fresh thyme $ 2 tablespoons chopped fresh basil $ 2 tablespoons chopped fresh mint $ 3 firm-ripe Anjou or Bosc pears, peeled if desired $ 1/3 cup pine nuts, lightly toasted $ Garnish: fresh thyme sprigs $ ",Herb $ Dessert $ No-Cook $ Quick & Easy $ Ricotta $ Pear $ Pine Nut $ Winter $ Honey $ Gourmet $ Vegetarian $ Pescatarian $ Wheat/Gluten-Free $ Peanut Free $ Soy Free $ Kosher $ ,American $ ,2.5/4,21,Herb $ Dessert $ No-Cook $ Quick & Easy $ Ricotta $ Pear $ Pine Nut $ Winter $ Honey $ Gourmet $ Vegetarian $ Pescatarian $ Wheat/Gluten-Free $ Peanut Free $ Soy Free $ Kosher $ American $ 
https://www.epicurious.com/recipes/food/views/chocolate-mink-232637,Chocolate Mink ,"2 tablespoons unsalted butter, cut into pieces, plus additional for greasing bowls or ramekins $ 3 1/2 oz fine-quality bittersweet chocolate (not unsweetened), finely chopped $ 1 large egg, separated $ 1 tablespoon sugar $ Accompaniment: coffee ice cream $ 2 (5- to 6-oz) ovenproof glass or ceramic bowls or ramekins $ ",Cake $ Chocolate $ Dessert $ Bake $ Kid-Friendly $ Quick & Easy $ Gourmet $ Kidney Friendly $ Vegetarian $ Pescatarian $ Wheat/Gluten-Free $ Peanut Free $ Tree Nut Free $ Soy Free $ Kosher $ ,American $ ,3.5/4,38,Cake $ Chocolate $ Dessert $ Bake $ Kid-Friendly $ Quick & Easy $ Gourmet $ Kidney Friendly $ Vegetarian $ Pescatarian $ Wheat/Gluten-Free $ Peanut Free $ Tree Nut Free $ Soy Free $ Kosher $ American $ 
https://www.epicurious.com/recipes/food/views/chocolate-whiskey-bundt-cake-232636,Chocolate Whiskey Bundt Cake ,"1 cup unsweetened cocoa powder (not Dutch-process) plus 3 tablespoons for dusting pan $ 1 1/2 cups brewed coffee $ 1/2 cup American whiskey $ 2 sticks (1 cup) unsalted butter, cut into 1-inch pieces $ 2 cups sugar $ 2 cups all-purpose flour $ 1 1/4 teaspoons baking soda $ 1/2 teaspoon salt $ 2 large eggs $ 1 teaspoon vanilla $ Accompaniment: lightly sweetened whipped cream $ Garnish: confectioners sugar for dusting $ a 10-inch bundt pan (3 1/4 inches deep; 3-qt capacity) $ ",Cake $ Coffee $ Chocolate $ Egg $ Dessert $ Bake $ Whiskey $ Gourmet $ Kidney Friendly $ Vegetarian $ Pescatarian $ Peanut Free $ Tree Nut Free $ Soy Free $ Kosher $ ,American $ Southern $ ,3.5/4,128,Cake $ Coffee $ Chocolate $ Egg $ Dessert $ Bake $ Whiskey $ Gourmet $ Kidney Friendly $ Vegetarian $ Pescatarian $ Peanut Free $ Tree Nut Free $ Soy Free $ Kosher $ American $ Southern $ 
https://www.epicurious.com/recipes/food/views/berry-toast-cups-232634,Berry Toast Cups ,"3/4 lb berries, trimmed and thinly sliced if using strawberries $ 2 tablespoons fruit liqueur such as triple sec or crème de cassis $ 1 teaspoon vanilla $ 3 tablespoons sugar $ 8 slices firm white sandwich bread $ 2 tablespoons unsalted butter, melted $ 1/2 cup chilled heavy cream $ a 3-inch round cookie cutter; a muffin tin with at least 8 (1/3- to 1/2-cup) muffin cups $ ",Liqueur $ Milk/Cream $ Berry $ Dessert $ Bake $ Quick & Easy $ Gourmet $ Kidney Friendly $ Vegetarian $ Pescatarian $ Peanut Free $ Tree Nut Free $ Soy Free $ Kosher $ ,American $ ,4/4,3,Liqueur $ Milk/Cream $ Berry $ Dessert $ Bake $ Quick & Easy $ Gourmet $ Kidney Friendly $ Vegetarian $ Pescatarian $ Peanut Free $ Tree Nut Free $ Soy Free $ Kosher $ American $ 
https://www.epicurious.com/recipes/food/views/thyme-garlic-butter-232632,Thyme Garlic Butter ,"1 garlic clove $ 1/2 teaspoon salt $ 1 stick (1/2 cup) unsalted butter, softened $ 3 tablespoons chopped fresh flat-leaf parsley $ 2 teaspoons chopped fresh thyme $ 2 teaspoons grated fresh lemon zest $ 1/4 teaspoon black pepper $ ",Condiment/Spread $ Sauce $ Food Processor $ Garlic $ Quick & Easy $ Thyme $ Parsley $ Gourmet $ ,American $ ,4/4,2,Condiment/Spread $ Sauce $ Food Processor $ Garlic $ Quick & Easy $ Thyme $ Parsley $ Gourmet $ American $ 
https://www.epicurious.com/recipes/food/views/skillet-corn-with-bacon-and-onions-232630,Skillet Corn with Bacon and Onions ,"12 ears of corn, shucked $ 6 bacon slices, cut crosswise into 1-inch pieces $ 1 large onion, chopped $ 4 garlic cloves, finely chopped $ 1 cup water $ 3/4 cup finely chopped scallion $ ",Onion $ Side $ Sauté $ Quick & Easy $ Bacon $ Corn $ Gourmet $ Dairy Free $ Wheat/Gluten-Free $ Peanut Free $ Tree Nut Free $ Soy Free $ No Sugar Added $ ,American $ ,3/4,26,Onion $ Side $ Sauté $ Quick & Easy $ Bacon $ Corn $ Gourmet $ Dairy Free $ Wheat/Gluten-Free $ Peanut Free $ Tree Nut Free $ Soy Free $ No Sugar Added $ American $ 
https://www.epicurious.com/recipes/food/views/slow-cooked-collard-greens-232629,Slow-Cooked Collard Greens ,"4 qt water $ 1 smoked ham hock (3/4 lb), rinsed $ 4 lb collard greens (preferably small) $ 1/2 teaspoon dried hot red pepper flakes $ ",Pork $ Side $ Quick & Easy $ Collard Greens $ Gourmet $ Sugar Conscious $ Paleo $ Dairy Free $ Wheat/Gluten-Free $ Peanut Free $ Tree Nut Free $ Soy Free $ No Sugar Added $ ,American $ ,2/4,9,Pork $ Side $ Quick & Easy $ Collard Greens $ Gourmet $ Sugar Conscious $ Paleo $ Dairy Free $ Wheat/Gluten-Free $ Peanut Free $ Tree Nut Free $ Soy Free $ No Sugar Added $ American $ 
https://www.epicurious.com/recipes/food/views/yellow-squash-casserole-232628,Yellow Squash Casserole ,"4 lb yellow squash (10 medium), trimmed, halved lengthwise, and sliced crosswise 1/8 inch thick $ 1/4 cup vegetable oil $ 2 teaspoons salt $ 2 teaspoons black pepper $ 2 medium onions, chopped (2 cups) $ 1 green bell pepper, chopped $ 1 red bell pepper, chopped $ 7 tablespoons unsalted butter $ 4 slices firm white sandwich bread with crust, coarsely ground in a food processor (about 2 1/4 cups) $ 1/4 cup all-purpose flour $ 1 3/4 cups reduced-sodium chicken broth (14 fl oz) $ 1 cup sour cream $ ",Onion $ Side $ Bake $ Sauté $ Casserole/Gratin $ Bell Pepper $ Fall $ Yellow Squash $ Sour Cream $ Gourmet $ Sugar Conscious $ Peanut Free $ Tree Nut Free $ Soy Free $ ,American $ ,3/4,16,Onion $ Side $ Bake $ Sauté $ Casserole/Gratin $ Bell Pepper $ Fall $ Yellow Squash $ Sour Cream $ Gourmet $ Sugar Conscious $ Peanut Free $ Tree Nut Free $ Soy Free $ American $ 
https://www.epicurious.com/recipes/food/views/elvis-presleys-hot-peanut-butter-and-banana-sandwich-232627,Elvis Presley's Hot Peanut Butter and Banana Sandwich ,"2 tablespoons peanut butter (preferably smooth) $ 2 slices white sandwich bread $ 1 small ripe banana, mashed with a fork (about 1/4 cup) $ 2 tablespoons butter $ ",Sandwich $ Fry $ Vegetarian $ Quick & Easy $ Lunch $ Banana $ Peanut $ Gourmet $ Pescatarian $ Tree Nut Free $ Soy Free $ Kosher $ ,American $ ,3.5/4,13,Sandwich $ Fry $ Vegetarian $ Quick & Easy $ Lunch $ Banana $ Peanut $ Gourmet $ Pescatarian $ Tree Nut Free $ Soy Free $ Kosher $ American $ 
https://www.epicurious.com/recipes/food/views/parsley-and-cabbage-salad-232626,Parsley and Cabbage Salad ,"3 tablespoons extra-virgin olive oil $ 1 tablespoon sour cream $ 1 tablespoon cider vinegar $ 1 tablespoon water $ 1/2 teaspoon anchovy paste $ 1/4 teaspoon salt $ 1/8 teaspoon black pepper $ 1/2 Savoy or green cabbage, cored, cut into 3 wedges, and thinly sliced crosswise (6 to 8 cups) $ 2 cups fresh flat-leaf parsley leaves $ ",Salad $ Side $ No-Cook $ Vegetarian $ Quick & Easy $ Cabbage $ Parsley $ Gourmet $ Sugar Conscious $ Pescatarian $ Wheat/Gluten-Free $ Peanut Free $ Tree Nut Free $ Soy Free $ No Sugar Added $ Kosher $ ,American $ ,0/4,0,Salad $ Side $ No-Cook $ Vegetarian $ Quick & Easy $ Cabbage $ Parsley $ Gourmet $ Sugar Conscious $ Pescatarian $ Wheat/Gluten-Free $ Peanut Free $ Tree Nut Free $ Soy Free $ No Sugar Added $ Kosher $ American $ 
https://www.epicurious.com/recipes/food/views/carrot-avocado-salad-232625,Carrot Avocado Salad ,"1 lb medium carrots $ 1/2 cup chopped fresh cilantro $ 1/4 cup finely chopped onion $ 3 tablespoons extra-virgin olive oil $ 2 tablespoons fresh lemon juice $ 1 small garlic clove, finely chopped $ 3/4 teaspoon salt $ 1/4 teaspoon black pepper $ 1 firm-ripe California avocado $ ",Salad $ Onion $ Side $ Vegetarian $ Quick & Easy $ Avocado $ Carrot $ Healthy $ Vegan $ Cilantro $ Boil $ Gourmet $ Pescatarian $ Paleo $ Dairy Free $ Wheat/Gluten-Free $ Peanut Free $ Tree Nut Free $ Soy Free $ No Sugar Added $ Kosher $ ,American $ ,3.5/4,12,Salad $ Onion $ Side $ Vegetarian $ Quick & Easy $ Avocado $ Carrot $ Healthy $ Vegan $ Cilantro $ Boil $ Gourmet $ Pescatarian $ Paleo $ Dairy Free $ Wheat/Gluten-Free $ Peanut Free $ Tree Nut Free $ Soy Free $ No Sugar Added $ Kosher $ American $ 
https://www.epicurious.com/recipes/food/views/roasted-corn-with-chipotle-mayonnaise-232621,Roasted Corn with Chipotle Mayonnaise ,"6 ears corn, shucked $ 1/2 cup mayonnaise $ 4 teaspoons finely chopped canned chipotle chiles in adobo $ 6 lime wedges $ a large cast-iron skillet or griddle $ ",Pepper $ Side $ Roast $ Vegetarian $ Quick & Easy $ Mayonnaise $ Lime $ Corn $ Gourmet $ Kidney Friendly $ Pescatarian $ Dairy Free $ Wheat/Gluten-Free $ Peanut Free $ Tree Nut Free $ Soy Free $ Kosher $ ,American $ ,3/4,6,Pepper $ Side $ Roast $ Vegetarian $ Quick & Easy $ Mayonnaise $ Lime $ Corn $ Gourmet $ Kidney Friendly $ Pescatarian $ Dairy Free $ Wheat/Gluten-Free $ Peanut Free $ Tree Nut Free $ Soy Free $ Kosher $ American $ 
https://www.epicurious.com/recipes/food/views/peanut-crusted-trout-with-pineapple-cilantro-relish-232620,Peanut-Crusted Trout with Pineapple Cilantro Relish ,"1 large bunch fresh cilantro including stems $ 1/3 cup unsalted dry-roasted peanuts $ 1 teaspoon finely chopped peeled fresh ginger $ 1 garlic clove $ 1/2 teaspoon black pepper $ 3 tablespoons vegetable oil $ 2 tablespoons fresh lime juice $ 1 1/4 teaspoons salt $ 1 teaspoon finely chopped fresh serrano chile, including seeds $ 4 trout fillets with skin (1 to 1 1/4 lb total), pin bones removed $ 3 cups chopped peeled fresh pineapple (preferably labeled ""extra sweet"") $ 2 teaspoons Asian fish sauce $ ",Fish $ Broil $ Quick & Easy $ Pineapple $ Peanut $ Hot Pepper $ Summer $ Cilantro $ Gourmet $ ,American $ ,3/4,7,Fish $ Broil $ Quick & Easy $ Pineapple $ Peanut $ Hot Pepper $ Summer $ Cilantro $ Gourmet $ American $ 
https://www.epicurious.com/recipes/food/views/trout-in-riesling-232619,Trout in Riesling ,"2 tablespoons (1 oz) unsalted butter plus additional for greasing $ 1 medium carrot $ 1 celery rib $ 4 (6- to 8-oz) trout fillets with skin $ 1 1/2 teaspoons salt $ 1 teaspoon black pepper $ 4 medium shallots, cut lengthwise into 1/8-inch-thick slices (1 cup) $ 2 fresh parsley sprigs $ 5 black peppercorns $ 1 1/2 cups water $ 1 1/2 cups dry Riesling $ 3/4 cup heavy cream $ 2 teaspoons cornstarch $ 2 teaspoons chopped fresh tarragon $ 1/2 teaspoon fresh lemon juice $ an adjustable-blade slicer; tweezers or needlenose pliers $ ",Milk/Cream $ Poach $ Quick & Easy $ Trout $ White Wine $ Tarragon $ Shallot $ Gourmet $ ,American $ ,3.5/4,15,Milk/Cream $ Poach $ Quick & Easy $ Trout $ White Wine $ Tarragon $ Shallot $ Gourmet $ American $ 
https://www.epicurious.com/recipes/food/views/rib-eye-steak-with-warm-tomato-corn-salad-232617,Rib-Eye Steak with Warm Tomato Corn Salad ,"3 (12- to 14-oz) boneless rib-eye steaks (1 1/2 inches thick) $ 1 1/2 teaspoons salt $ 3/4 teaspoon black pepper $ 1 tablespoon olive oil $ 2 tablespoons unsalted butter $ 1 medium onion, chopped $ 1 Italian frying pepper, seeded and chopped $ 2 garlic cloves, finely chopped $ 1 teaspoon chili powder (not pure chile) $ 2 cups corn (from 4 large ears) $ 1/2 lb cherry or grape tomatoes, halved $ 1/4 cup chopped fresh basil $ 1 tablespoon fresh lime juice $ ",Onion $ Tomato $ Sauté $ Quick & Easy $ Basil $ Steak $ Corn $ Summer $ Gourmet $ ,American $ ,3.5/4,22,Onion $ Tomato $ Sauté $ Quick & Easy $ Basil $ Steak $ Corn $ Summer $ Gourmet $ American $ 
https://www.epicurious.com/recipes/food/views/spaghetti-with-scallion-sauce-232616,Spaghetti with Scallion Sauce ,"1 lb spaghetti $ 1/3 cup olive oil $ 4 cups chopped scallions (from 4 bunches) $ 2 garlic cloves, finely chopped $ 1 teaspoon finely grated fresh lemon zest $ 3/4 teaspoon salt $ 1/2 teaspoon black pepper $ 1 oz finely grated Parmigiano-Reggiano (1/2 cup) $ ",Garlic $ Onion $ Pasta $ Vegetarian $ Quick & Easy $ Parmesan $ Gourmet $ ,American $ Italian $ ,2.5/4,15,Garlic $ Onion $ Pasta $ Vegetarian $ Quick & Easy $ Parmesan $ Gourmet $ American $ Italian $ 
https://www.epicurious.com/recipes/food/views/skate-with-wild-mushrooms-in-pearl-sauce-232615,Skate with Wild Mushrooms in Pearl Sauce ,"1 small leek (white and pale green parts only), chopped $ 1 tablespoon olive oil $ 1 medium carrot, chopped $ 1/2 medium onion, chopped $ 1 garlic clove $ 1/4 cup dry white wine $ 2 cups water $ 1 teaspoon soy sauce $ 1 fresh flat-leaf parsley sprig $ 1 fresh thyme sprig $ 1 Turkish or 1/2 California bay leaf $ 1 tablespoon crumbled dried porcini* $ 1 tablespoon quick-cooking tapioca $ 1/2 tablespoon unsalted butter $ 1/2 tablespoon olive oil $ 6 oz mixed fresh mushrooms, such as oyster and chanterelle, trimmed and halved lengthwise or quartered if large $ 1/4 teaspoon salt $ 1/8 teaspoon black pepper $ 1 celery rib, thinly sliced diagonally $ 1 1/2 tablespoons all-purpose flour $ 1/4 teaspoon curry powder $ 2 (5- to 6-oz) pieces skate fillet, halved crosswise if large $ 1/2 teaspoon salt $ 1/8 teaspoon black pepper $ 1 1/2 tablespoons unsalted butter $ ",Fish $ Mushroom $ Sauté $ White Wine $ Fall $ Tapioca $ Gourmet $ ,American $ ,2.5/4,6,Fish $ Mushroom $ Sauté $ White Wine $ Fall $ Tapioca $ Gourmet $ American $ 
https://www.epicurious.com/recipes/food/views/tomato-barbecue-baby-back-ribs-232613,Tomato Barbecue Baby Back Ribs ,1 cup coarsely chopped onion $ 1 1/2 tablespoons coarsely chopped garlic (2 cloves) $ 1 1/2 cups ketchup $ 1/4 cup molasses (not blackstrap) $ 1 1/2 tablespoons cider vinegar $ 1 tablespoon light brown sugar $ 2 teaspoons salt $ 2 teaspoons black pepper $ 4 lb baby back ribs (4 racks) $ ,Onion $ Tomato $ Bake $ Quick & Easy $ Pork Rib $ Molasses $ Gourmet $ ,American $ ,3.5/4,29,Onion $ Tomato $ Bake $ Quick & Easy $ Pork Rib $ Molasses $ Gourmet $ American $ 
https://www.epicurious.com/recipes/food/views/rosemary-lamb-chops-with-swiss-chard-and-balsamic-syrup-232611,Rosemary Lamb Chops with Swiss Chard and Balsamic Syrup ,"3/4 cup balsamic vinegar $ 1/4 teaspoon minced fresh rosemary $ 1/8 teaspoon black peppercorns $ 1 bunch Swiss chard (1 lb) $ 1/4 cup chopped red onion $ 1 teaspoon finely chopped garlic $ 1 tablespoon olive oil $ 1/2 teaspoon salt $ 1/4 teaspoon black pepper $ 1 tablespoon water $ 8 rib lamb chops (1 1/4 lb total), trimmed of all fat $ 1 teaspoon finely chopped garlic $ 1/2 teaspoon salt $ 1/2 teaspoon finely chopped fresh rosemary $ 1/4 teaspoon black pepper $ ",Onion $ Broil $ Sauté $ Quick & Easy $ Rosemary $ Lamb Chop $ Chard $ Gourmet $ ,American $ ,4/4,52,Onion $ Broil $ Sauté $ Quick & Easy $ Rosemary $ Lamb Chop $ Chard $ Gourmet $ American $ 
https://www.epicurious.com/recipes/food/views/garlicky-fried-chicken-232609,Garlicky Fried Chicken ,"2 medium onions, chopped $ 8 large garlic cloves, chopped $ 1/3 cup plus 2 teaspoons salt $ 2 tablespoons black pepper $ 1 tablespoon cayenne $ 8 cups water $ 8 chicken breast halves, 8 drumsticks, and 8 thighs (all with skin and bones; 8 to 9 lb total) $ 10 cups all-purpose flour $ About 8 cups vegetable oil (64 fl oz) $ a wide 5- to 6-qt heavy pot (preferably cast-iron; 10 inches wide and 4 inches deep); a deep-fat thermometer $ ",Chicken $ Garlic $ Onion $ Fry $ Marinate $ Gourmet $ ,American $ ,3.5/4,17,Chicken $ Garlic $ Onion $ Fry $ Marinate $ Gourmet $ American $ 
https://www.epicurious.com/recipes/food/views/chicken-breasts-stuffed-with-shiitakes-and-provolone-232608,Chicken Breasts Stuffed with Shiitakes and Provolone ,"1 (6-oz) piece provolone $ 6 oz fresh shiitake mushrooms, stems discarded $ 1/4 cup chopped shallot (1 large) $ 1/2 teaspoon dried thyme, crumbled $ 1 1/4 teaspoons salt $ 1/2 teaspoon black pepper $ 3 tablespoons unsalted butter $ 4 chicken breast halves with skin and bones (2 1/2 to 3 lb total) $ ",Cheese $ Chicken $ Mushroom $ Roast $ Quick & Easy $ Shallot $ Gourmet $ ,American $ ,3/4,81,Cheese $ Chicken $ Mushroom $ Roast $ Quick & Easy $ Shallot $ Gourmet $ American $ 
https://www.epicurious.com/recipes/food/views/chicken-soup-with-rice-232605,Chicken Soup with Rice ,"1 (2-lb) rotisserie chicken $ 3 celery ribs $ 1 medium onion, quartered and left unpeeled $ 6 fresh parsley sprigs plus 2 tablespoons chopped fresh parsley $ 2 fresh thyme sprigs $ 1 Turkish or 1/2 California bay leaf $ 10 cups reduced-sodium chicken broth (80 fl oz) $ 2 medium carrots, cut into 1/4-inch-thick slices $ 1/2 cup long-grain rice, rinsed $ ",Soup/Stew $ Chicken $ Rice $ Appetizer $ Celery $ Carrot $ Winter $ Healthy $ Parsley $ Gourmet $ Sugar Conscious $ Dairy Free $ Wheat/Gluten-Free $ Peanut Free $ Tree Nut Free $ Soy Free $ No Sugar Added $ Kosher $ ,American $ ,3.5/4,29,Soup/Stew $ Chicken $ Rice $ Appetizer $ Celery $ Carrot $ Winter $ Healthy $ Parsley $ Gourmet $ Sugar Conscious $ Dairy Free $ Wheat/Gluten-Free $ Peanut Free $ Tree Nut Free $ Soy Free $ No Sugar Added $ Kosher $ American $ 
https://www.epicurious.com/recipes/food/views/cauliflower-soup-with-almonds-232604,Cauliflower Soup with Almonds ,"1 medium leek (white and pale green parts only), halved lengthwise, then cut crosswise into 1/2-inch-thick slices (3/4 cup) $ 1 teaspoon unsalted butter $ 1 tablespoon water $ 1 (2-lb) head cauliflower, cored and cut into 1-inch pieces (6 cups) $ 3/4 teaspoon ground coriander $ 1 3/4 cups fat-free reduced-sodium chicken broth (14 fl oz) $ 1 1/4 cups 1% milk $ 1 1/4 teaspoons salt $ 1/4 teaspoon black pepper $ 1 tablespoon sliced almonds $ ",Soup/Stew $ Appetizer $ Low Fat $ Quick & Easy $ Almond $ Cauliflower $ Leek $ Healthy $ Gourmet $ Wheat/Gluten-Free $ Peanut Free $ Soy Free $ No Sugar Added $ ,American $ ,3/4,18,Soup/Stew $ Appetizer $ Low Fat $ Quick & Easy $ Almond $ Cauliflower $ Leek $ Healthy $ Gourmet $ Wheat/Gluten-Free $ Peanut Free $ Soy Free $ No Sugar Added $ American $ 
https://www.epicurious.com/recipes/food/views/cucumber-and-tomato-salad-with-buttermilk-dressing-232603,Cucumber and Tomato Salad with Buttermilk Dressing ,"2 cups mayonnaise $ 1 1/2 cups well-shaken buttermilk $ 2 tablespoons white-wine vinegar $ 1/2 cup finely chopped fresh chives $ 6 medium cucumbers, peeled and cut into 1-inch pieces $ 8 beefsteak tomatoes, cut into 1/2-inch wedges $ 2 heads iceberg lettuce, cored and cut into 2-inch chunks $ ",Salad $ Milk/Cream $ Tomato $ Appetizer $ No-Cook $ Quick & Easy $ Mayonnaise $ Cucumber $ Summer $ Chive $ Lettuce $ Gourmet $ Vegetarian $ Pescatarian $ Wheat/Gluten-Free $ Peanut Free $ Tree Nut Free $ Soy Free $ Kosher $ ,American $ ,3.5/4,5,Salad $ Milk/Cream $ Tomato $ Appetizer $ No-Cook $ Quick & Easy $ Mayonnaise $ Cucumber $ Summer $ Chive $ Lettuce $ Gourmet $ Vegetarian $ Pescatarian $ Wheat/Gluten-Free $ Peanut Free $ Tree Nut Free $ Soy Free $ Kosher $ American $ 
https://www.epicurious.com/recipes/food/views/oysters-with-champagne-vinegar-mignonette-232602,Oysters with Champagne-Vinegar Mignonette ,"2 teaspoons Champagne vinegar $ 1 1/2 teaspoons finely chopped shallot $ Pinch of coarsely ground black pepper $ Pinch of sugar $ 1 teaspoon finely chopped fresh flat-leaf parsley $ 1 1/2 cups kosher or other coarse salt $ 1/2 dozen small oysters, such as Kumamoto or Prince Edward Island, shells scrubbed well and oysters left on the half shell, their liquor reserved and oysters picked over for shell fragments $ 1/2 tablespoon unsalted butter, cut into 6 pieces $ 1 small cluster Champagne table grapes or 2 finely diced seedless red grapes $ ",Herb $ Onion $ Broil $ Quick & Easy $ Oyster $ Grape $ Gourmet $ ,American $ ,4/4,7,Herb $ Onion $ Broil $ Quick & Easy $ Oyster $ Grape $ Gourmet $ American $ 
https://www.epicurious.com/recipes/food/views/deviled-eggs-232600,Deviled Eggs ,12 large eggs $ 1/2 cup mayonnaise $ 2 teaspoons brown or yellow mustard $ 1/4 cup finely chopped sweet pickles $ 1/4 cup finely chopped celery $ Garnish: finely chopped pimiento-stuffed olives; paprika $ ,Egg $ Vegetarian $ Quick & Easy $ Mayonnaise $ Chill $ Gourmet $ ,American $ ,3.5/4,16,Egg $ Vegetarian $ Quick & Easy $ Mayonnaise $ Chill $ Gourmet $ American $ 
https://www.epicurious.com/recipes/food/views/steamed-clams-with-bacon-tomato-and-spinach-232599,"Steamed Clams with Bacon, Tomato, and Spinach ","1/2 lb sliced bacon, chopped $ 1 medium onion, chopped $ 2 garlic cloves, finely chopped $ 1/2 teaspoon dried hot red pepper flakes $ 2 1/2 lb tomatoes, chopped $ 3 dozen small hard-shelled clams (2 to 2 1/2 inches in diameter; 3 1/2 lb total), scrubbed well $ 5 oz baby spinach (4 cups packed) $ Accompaniment: crusty bread $ ",Onion $ Tomato $ Appetizer $ Steam $ Quick & Easy $ Bacon $ Clam $ Spinach $ Summer $ Gourmet $ Paleo $ Dairy Free $ Wheat/Gluten-Free $ Peanut Free $ Tree Nut Free $ Soy Free $ No Sugar Added $ ,American $ ,3.5/4,11,Onion $ Tomato $ Appetizer $ Steam $ Quick & Easy $ Bacon $ Clam $ Spinach $ Summer $ Gourmet $ Paleo $ Dairy Free $ Wheat/Gluten-Free $ Peanut Free $ Tree Nut Free $ Soy Free $ No Sugar Added $ American $ 
https://www.epicurious.com/recipes/food/views/maine-lobster-bake-232598,Maine Lobster Bake ,"75 pounds rockweed $ 1 whole 6-pound fish (striped bass, salmon, or bluefish, etc.), gutted and scaled $ 12 large red Bliss or medium Maine potatoes $ 6 medium sweet potatoes $ 2 pounds large white boiling onions or small Spanish onions $ 4 jumbo sea clams (optional; used for flavoring, not eating) $ 6 to 8 pounds soft-shell clams (steamers) $ 6 to 8 pounds mussels $ 4 pounds periwinkles $ 3 pounds linguica, chorizo or other sausage $ 12 live 1-pound chicken lobsters $ 16 ears sweet corn $ 12 extra-large eggs $ 2 pounds unsalted butter $ You will need a shovel, a broom, a large canvas tarp that is at least 8 x 6 feet, a couple of big buckets, a few pairs of tongs, two pairs of gloves to protect hands from the steam, a pot to melt butter, a ladle, cheesecloth for wrapping the small food items (such as steamers and periwinkles), twine for tying the cheesecloth bundles and platters for the cooked food. A picnic table is terrific for serving the platters of food but is not absolutely necessary. You will also need plates, cups, bowls for melted butter, eating utensils, lobster crackers, plenty of napkins and several large garbage bags. $ ",Egg $ Fish $ Potato $ Steam $ Sausage $ Clam $ Lobster $ Mussel $ Corn $ Summer $ ,American $ ,3/4,5,Egg $ Fish $ Potato $ Steam $ Sausage $ Clam $ Lobster $ Mussel $ Corn $ Summer $ American $ 
https://www.epicurious.com/recipes/food/views/indoor-clambake-232597,Indoor Clambake ,"2 pounds medium new potatoes, red or white $ 4 ears corn, husked $ 2 pounds soft-shelled steamer clams, scrubbed $ 1 1/2 pounds mussels, scrubbed and beards removed $ 1 pound Spanish-style chorizo or linguiça, cut crosswise into 4 pieces (andouille or smoked kielbasa sausage can be substituted) $ 4 (1 to 1 1/4 pound) live lobsters $ 5 large eggs $ 4 large mesh bags (such as onions or citrus fruit come in) or 4 pouches made from several wide layers cheesecloth $ Kitchen twine $ Large pot (5 or more gallons) with tightly-fitting lid $ Rockweed (see Chef's Notes, below) or steamer rack $ 12 tablespoons (1 1/2 sticks) unsalted butter, melted $ Old Bay seasoning $ 4 lemon wedges $ ",Egg $ Potato $ Steam $ Sausage $ Clam $ Lobster $ Mussel $ Corn $ Summer $ ,American $ ,4/4,3,Egg $ Potato $ Steam $ Sausage $ Clam $ Lobster $ Mussel $ Corn $ Summer $ American $ 
https://www.epicurious.com/recipes/food/views/traditional-cherry-pie-232579,Traditional Cherry Pie ,"2 1/2 cups all-purpose flour $ 1/2 teaspoon salt $ 1 1/2 sticks (3/4 cup) chilled unsalted butter, cut into pieces $ 1/4 cup chilled vegetable shortening, cut into pieces $ 5 to 7 tablespoons ice water $ 4 cups fresh sour cherries, pitted (include juice produced during pitting), or 4 cups frozen unsweetened sour cherries, unthawed $ 1 cup sugar $ 3 tablespoons quick-cooking tapioca or cornstarch $ 2 tablespoons unsalted butter, cut into pieces $ 2 tablespoons whole milk $ 1 tablespoon plus 1 1/2 teaspoons sugar $ ",Dessert $ Bake $ Cherry $ Summer $ Kidney Friendly $ Vegetarian $ Pescatarian $ Peanut Free $ Tree Nut Free $ Soy Free $ Kosher $ ,American $ ,3.5/4,7,Dessert $ Bake $ Cherry $ Summer $ Kidney Friendly $ Vegetarian $ Pescatarian $ Peanut Free $ Tree Nut Free $ Soy Free $ Kosher $ American $ 
https://www.epicurious.com/recipes/food/views/sour-cherry-and-nectarine-salsa-232578,Sour Cherry and Nectarine Salsa ,"1 quart (4 cups) fresh sour cherries, pitted and halved, with juice (or substitute 1 quart frozen pitted sour cherries, whole and unthawed) $ 2 nectarines, unpeeled, cut into 1/2-inch cubes $ 1/4 cup sugar $ 1/4 cup freshly squeezed lime juice $ 1/2 medium red onion, finely diced (about 1/2 cup) $ 2 fresh jalapeño peppers, seeded and minced $ 2 tablespoons chopped fresh cilantro $ 1/2 teaspoon salt $ ",Condiment/Spread $ Onion $ Pepper $ Appetizer $ No-Cook $ Quick & Easy $ Cherry $ Nectarine $ Summer $ Chill $ Fat Free $ Kidney Friendly $ Vegan $ Vegetarian $ Pescatarian $ Dairy Free $ Wheat/Gluten-Free $ Peanut Free $ Tree Nut Free $ Soy Free $ Kosher $ ,American $ ,4/4,3,Condiment/Spread $ Onion $ Pepper $ Appetizer $ No-Cook $ Quick & Easy $ Cherry $ Nectarine $ Summer $ Chill $ Fat Free $ Kidney Friendly $ Vegan $ Vegetarian $ Pescatarian $ Dairy Free $ Wheat/Gluten-Free $ Peanut Free $ Tree Nut Free $ Soy Free $ Kosher $ American $ 
https://www.epicurious.com/recipes/food/views/sweet-cherry-and-lemon-conserve-232577,Sweet Cherry and Lemon Conserve ,"1 quart fresh dark cherries $ 1 medium lemon $ 1 1/2 cups sugar $ Two clean, sterilized 8-ounce canning jars with two-piece screw lids $ ",Breakfast $ Low Sodium $ Lemon $ Cherry $ Summer $ ,American $ ,3.5/4,2,Breakfast $ Low Sodium $ Lemon $ Cherry $ Summer $ American $ 
https://www.epicurious.com/recipes/food/views/white-peach-cassis-and-champagne-floats-232575,"White Peach, Cassis, and Champagne Floats ","6 medium-size white peaches, halved, pitted, each half cut into 4 wedges $ 2 pints peach ice cream $ 3/4 cup crème de cassis (black-currant liqueur) plus additional for drizzling $ 2 cups chilled brut Champagne or sparkling wine $ ",Champagne $ Liqueur $ Dessert $ No-Cook $ Quick & Easy $ Peach $ Summer $ Bon Appétit $ Vegetarian $ Pescatarian $ Wheat/Gluten-Free $ Peanut Free $ Tree Nut Free $ Soy Free $ Kosher $ ,American $ ,3.5/4,9,Champagne $ Liqueur $ Dessert $ No-Cook $ Quick & Easy $ Peach $ Summer $ Bon Appétit $ Vegetarian $ Pescatarian $ Wheat/Gluten-Free $ Peanut Free $ Tree Nut Free $ Soy Free $ Kosher $ American $ 
https://www.epicurious.com/recipes/food/views/summer-melon-with-basil-mint-granita-232574,Summer Melon with Basil-Mint Granita ,"3/4 cup plus 2 tablespoons sugar $ 3/4 cup chopped fresh mint leaves $ 3/4 cup chopped fresh basil leaves $ 2 tablespoons grated lime peel $ 1 1/2 cups fresh lime juice $ 1 1/4 cups water $ 3 small melons, halved lengthwise, seeded, each half cut into 8 wedges (about 3/4 inch wide), peeled $ 2 tablespoons thinly sliced fresh mint leaves plus 8 fresh sprigs for garnish $ ",Dessert $ Freeze/Chill $ Wheat/Gluten-Free $ Melon $ Mint $ Basil $ Summer $ Vegan $ Bon Appétit $ Fat Free $ Vegetarian $ Pescatarian $ Dairy Free $ Peanut Free $ Tree Nut Free $ Soy Free $ Kosher $ ,American $ ,3/4,5,Dessert $ Freeze/Chill $ Wheat/Gluten-Free $ Melon $ Mint $ Basil $ Summer $ Vegan $ Bon Appétit $ Fat Free $ Vegetarian $ Pescatarian $ Dairy Free $ Peanut Free $ Tree Nut Free $ Soy Free $ Kosher $ American $ 
https://www.epicurious.com/recipes/food/views/coffee-chocolate-and-marshmallow-sundaes-232573,"Coffee, Chocolate, and Marshmallow Sundaes ","1/2 cup whipping cream $ 1/2 cup marshmallow creme, plus more for topping $ 6 ounces bittersweet (not unsweetened) or semisweet chocolate, chopped $ 1 1/2 pints (about) coffee ice cream with almonds and chocolate $ 2/3 cup sliced almonds, toasted $ ",Milk/Cream $ Chocolate $ Dessert $ Kid-Friendly $ Quick & Easy $ Frozen Dessert $ Almond $ Summer $ Bon Appétit $ Wheat/Gluten-Free $ Peanut Free $ Soy Free $ ,American $ ,3.5/4,5,Milk/Cream $ Chocolate $ Dessert $ Kid-Friendly $ Quick & Easy $ Frozen Dessert $ Almond $ Summer $ Bon Appétit $ Wheat/Gluten-Free $ Peanut Free $ Soy Free $ American $ 
https://www.epicurious.com/recipes/food/views/double-lemon-bars-232572,Double-Lemon Bars ,"1 cup (2 sticks) unsalted butter, room temperature $ 2/3 cup powdered sugar $ 2 1/4 cups all purpose flour $ 2 cups sugar $ 4 large eggs $ 7 tablespoons fresh lemon juice with pulp $ 1/4 cup finely grated lemon peel (from about 6 large lemons) $ 1 teaspoon baking powder $ Additional powdered sugar $ ",Egg $ Dessert $ Bake $ Kid-Friendly $ Quick & Easy $ Lemon $ Bon Appétit $ California $ Kidney Friendly $ Vegetarian $ Pescatarian $ Peanut Free $ Tree Nut Free $ Soy Free $ Kosher $ ,American $ ,3/4,42,Egg $ Dessert $ Bake $ Kid-Friendly $ Quick & Easy $ Lemon $ Bon Appétit $ California $ Kidney Friendly $ Vegetarian $ Pescatarian $ Peanut Free $ Tree Nut Free $ Soy Free $ Kosher $ American $ 
https://www.epicurious.com/recipes/food/views/summer-fruit-with-praline-fondue-232570,Summer Fruit with Praline Fondue ,"1/2 cup crème fraîche $ 1/2 tablespoon dark brown sugar $ 1/2 cup chopped toasted pecans $ Assorted fresh fruit (such as grapes, berries, cherries, and plum and peach wedges) Melt in medium nonstick skillet over medium heat: $ 6 tablespoons unsalted butter Increase heat to medium-high and add: $ 1 cup (packed) dark brown sugar $ 2 tablespoons water Stir sugar and water 1 minute (mixture will bubble vigorously), then stir in: $ 2 1/2 tablespoons dark rum $ 1 teaspoon vanilla extract $ ",Dairy $ Fruit $ Dessert $ Quick & Easy $ Pecan $ Summer $ Bon Appétit $ Vegetarian $ Pescatarian $ Wheat/Gluten-Free $ Peanut Free $ Soy Free $ Kosher $ ,American $ ,4/4,9,Dairy $ Fruit $ Dessert $ Quick & Easy $ Pecan $ Summer $ Bon Appétit $ Vegetarian $ Pescatarian $ Wheat/Gluten-Free $ Peanut Free $ Soy Free $ Kosher $ American $ 
https://www.epicurious.com/recipes/food/views/mixed-berries-with-lemon-verbena-cream-232569,Mixed Berries with Lemon Verbena Cream ,"1/4 cup water $ 1/4 cup plus 2 tablespoons sugar $ 3 tablespoons chopped fresh lemon verbena leaves, divided $ 2 tablespoons plus 1 cup chilled whipping cream $ 4 cups assorted fresh berries (such as raspberries, blueberries, and boysenberries) $ Additional sugar $ ",Milk/Cream $ Berry $ Herb $ Dessert $ Quick & Easy $ High Fiber $ Summer $ Bon Appétit $ Kidney Friendly $ Vegetarian $ Pescatarian $ Wheat/Gluten-Free $ Peanut Free $ Tree Nut Free $ Soy Free $ Kosher $ ,American $ ,3.5/4,5,Milk/Cream $ Berry $ Herb $ Dessert $ Quick & Easy $ High Fiber $ Summer $ Bon Appétit $ Kidney Friendly $ Vegetarian $ Pescatarian $ Wheat/Gluten-Free $ Peanut Free $ Tree Nut Free $ Soy Free $ Kosher $ American $ 
https://www.epicurious.com/recipes/food/views/honey-roasted-plums-with-thyme-and-creme-fraiche-232568,Honey-Roasted Plums with Thyme and Crème Fraîche ,"1/2 cup (packed) dark brown sugar $ 1/4 cup honey $ 4 tablespoons (1/2 stick) unsalted butter $ 1/2 cup fresh thyme sprigs $ 6 large assorted ripe but firm plums (about 2 pounds), halved, pitted $ Crème fraîche $ Additional fresh thyme sprigs $ ",Dessert $ Roast $ Quick & Easy $ Plum $ Honey $ Thyme $ Bon Appétit $ Vegetarian $ Pescatarian $ Wheat/Gluten-Free $ Peanut Free $ Tree Nut Free $ Soy Free $ Kosher $ ,American $ ,3.5/4,12,Dessert $ Roast $ Quick & Easy $ Plum $ Honey $ Thyme $ Bon Appétit $ Vegetarian $ Pescatarian $ Wheat/Gluten-Free $ Peanut Free $ Tree Nut Free $ Soy Free $ Kosher $ American $ 
https://www.epicurious.com/recipes/food/views/corn-on-the-cob-with-lime-chive-butter-232566,Corn on the Cob with Lime-Chive Butter ,"1/2 cup (1 stick) unsalted butter, room temperature $ 1/3 cup finely chopped fresh chives $ 2 teaspoons fresh lime juice $ 1 teaspoon finely grated lime peel $ 1/2 teaspoon fine sea salt $ 1/4 teaspoon Hungarian sweet paprika $ Pinch of cayenne pepper $ Sugar (optional) $ 8 ears of corn $ ",Side $ Quick & Easy $ Lime $ Corn $ Summer $ Chive $ Bon Appétit $ Vegetarian $ Pescatarian $ Wheat/Gluten-Free $ Peanut Free $ Tree Nut Free $ Soy Free $ Kosher $ ,American $ ,3.5/4,30,Side $ Quick & Easy $ Lime $ Corn $ Summer $ Chive $ Bon Appétit $ Vegetarian $ Pescatarian $ Wheat/Gluten-Free $ Peanut Free $ Tree Nut Free $ Soy Free $ Kosher $ American $ 
https://www.epicurious.com/recipes/food/views/grilled-zucchini-and-eggplant-pizza-with-tapenade-and-fontina-232562,Grilled Zucchini and Eggplant Pizza with Tapenade and Fontina ,"1 1/4 cups warm water (105°F to 115°F) $ 1 envelope (1/4 ounce) active dry yeast $ Generous pinch of sugar $ 3 1/4 to 3 3/4 cups all purpose flour, divided $ 1 tablespoon extra-virgin olive oil $ 2 1/2 teaspoons coarse kosher salt $ 3 medium zucchini (about 1 pound total), trimmed, cut lengthwise into 1/4-inch-thick slices $ 2 small eggplants (about 1 1/2 pounds total), cut lengthwise into 1/4-inch-thick slices $ 3/4 cup (about) extra-virgin olive oil, divided $ 3/4 cup purchased black-olive tapenade* (about 5 1/2 ounces) $ 3 tablespoons minced fresh marjoram or fresh oregano $ 3/4 teaspoon dried crushed red pepper $ 1 1/2 cups (packed) coarsely grated Fontina cheese $ 1 cup freshly grated Pecorino Romano cheese $ 1/2 cup chopped fresh Italian parsley $ ",Cheese $ Vegetarian $ Eggplant $ Zucchini $ Summer $ Grill/Barbecue $ Parsley $ Oregano $ Fontina $ Bon Appétit $ ,American $ ,3.5/4,6,Cheese $ Vegetarian $ Eggplant $ Zucchini $ Summer $ Grill/Barbecue $ Parsley $ Oregano $ Fontina $ Bon Appétit $ American $ 
https://www.epicurious.com/recipes/food/views/grilled-game-hens-with-basmati-dried-currant-and-almond-salad-232561,"Grilled Game Hens with Basmati, Dried Currant, and Almond Salad ","9 tablespoons olive oil, divided $ 2 1/2 teaspoons chili powder, divided $ 2 tablespoons chopped fresh thyme $ 2 tablespoons onion powder $ 1 tablespoon garlic powder $ 1 tablespoon kosher salt $ 1/2 teaspoon ground black pepper $ 4 1 1/2- to 2-pound Cornish game hens, each cut lengthwise in half $ 2 cups basmati rice $ 4 cups low-salt chicken broth $ 1/3 cup dried currants $ 4 cups (loosely packed) fresh arugula $ 1/4 cup red wine vinegar $ 1 cup hickory-smoked almonds $ ",Rice $ Marinate $ Wheat/Gluten-Free $ Dried Fruit $ Almond $ Arugula $ Summer $ Grill/Barbecue $ Healthy $ Bon Appétit $ ,American $ ,3/4,7,Rice $ Marinate $ Wheat/Gluten-Free $ Dried Fruit $ Almond $ Arugula $ Summer $ Grill/Barbecue $ Healthy $ Bon Appétit $ American $ 
https://www.epicurious.com/recipes/food/views/buttermilk-fried-chicken-with-spinach-tomato-salad-232559,Buttermilk Fried Chicken with Spinach Tomato Salad ,"1 1/2 cups buttermilk $ 3 tablespoons curry powder $ 3 3/4 teaspoons kosher salt, divided $ 1 1/2 teaspoons ground black pepper $ 3 whole chicken legs, cut into leg and thigh pieces $ 6 chicken breast halves with skin and ribs $ 1 1/2 cups all purpose flour $ 2 teaspoons chili powder $ 1 1/2 pounds cherry tomatoes, halved $ 1/4 cup extra-virgin olive oil $ 2 tablespoons minced shallot $ 4 teaspoons balsamic vinegar $ 3 cups (about) canola oil $ 12 cups baby spinach leaves $ ",Milk/Cream $ Chicken $ Tomato $ Fry $ Marinate $ Curry $ Spinach $ Summer $ Bon Appétit $ ,American $ ,3.5/4,26,Milk/Cream $ Chicken $ Tomato $ Fry $ Marinate $ Curry $ Spinach $ Summer $ Bon Appétit $ American $ 
https://www.epicurious.com/recipes/food/views/grilled-steak-sandwiches-with-brie-roasted-peppers-and-watercress-232558,"Grilled Steak Sandwiches with Brie, Roasted Peppers, and Watercress ","3 large red bell peppers $ 1 2-pound beef tenderloin, trimmed $ 2 tablespoons extra-virgin olive oil $ 2 tablespoons dried herbes de Provence $ 6 ciabatta rolls $ 6 tablespoons mayonnaise $ 6 tablespoons Dijon mustard $ 1/2 pound Brie, chilled, cut into 1/4-inch-thick slices $ 2 cups (loosely packed) watercress $ 6 hard-boiled eggs, peeled, sliced $ ",Sandwich $ Beef $ Egg $ Brie $ Bell Pepper $ Summer $ Grill/Barbecue $ Watercress $ Bon Appétit $ ,American $ ,3/4,10,Sandwich $ Beef $ Egg $ Brie $ Bell Pepper $ Summer $ Grill/Barbecue $ Watercress $ Bon Appétit $ American $ 
https://www.epicurious.com/recipes/food/views/surf-n-turf-kebabs-with-cilantro-lime-sauce-232555,Surf 'n' Turf Kebabs with Cilantro-Lime Sauce ,"1/2 cup fresh lime juice $ 1/2 cup olive oil $ 1/2 cup dry Sherry $ 1/2 cup chopped fresh cilantro $ 6 tablespoons soy sauce $ 6 tablespoons honey $ 4 garlic cloves, pressed $ 2 tablespoons Dijon mustard $ 2 tablespoons grated fresh ginger $ 1 teaspoon dried crushed red pepper $ 1 1/2 pounds swordfish, cut into sixteen 1 1/2-inch cubes $ 1 1/2 pounds boneless leg of lamb, cut into sixteen 1 1/2-inch cubes $ 8 plum tomatoes, halved crosswise $ 2 large peaches with skin, halved, pitted, each half cut into 4 wedges $ 16 3-inch-long green onion bottoms $ 1 large red bell pepper, seeded, cut into 16 squares $ 1 1-pound eggplant, cut into sixteen 1 1/2-inch cubes $ 3 small zucchini, trimmed, cut into sixteen 1/2-inch-thick rounds $ Nonstick vegetable oil spray $ 1/2 cup (1 stick) chilled unsalted butter, cut into 8 slices $ ",Lamb $ Onion $ Tomato $ Marinate $ Quick & Easy $ Lime $ Peach $ Eggplant $ Bell Pepper $ Zucchini $ Summer $ Grill/Barbecue $ Cilantro $ Swordfish $ Bon Appétit $ ,American $ ,3.5/4,31,Lamb $ Onion $ Tomato $ Marinate $ Quick & Easy $ Lime $ Peach $ Eggplant $ Bell Pepper $ Zucchini $ Summer $ Grill/Barbecue $ Cilantro $ Swordfish $ Bon Appétit $ American $ 
https://www.epicurious.com/recipes/food/views/seafood-pasta-with-lemon-saffron-herb-dressing-232554,Seafood Pasta with Lemon-Saffron Herb Dressing ,"12 ounces campanelle (trumpet-shaped pasta) or macaroni $ 1/8 teaspoon crushed saffron threads $ 7 tablespoons fresh lemon juice, divided $ 6 tablespoons extra-virgin olive oil, divided $ 1/2 cup mayonnaise $ 1/2 cup sour cream $ 1/4 cup thinly sliced green onions $ 2 tablespoons drained capers $ 2 tablespoons minced fresh tarragon plus sprigs for garnish $ 1 tablespoon minced fresh dill plus sprigs for garnish $ 1 teaspoon sugar $ 1 pound cooked medium shrimp $ 1 cup finely chopped celery $ 1/2 pound Dungeness crabmeat $ 2 large handfuls of arugula $ 2 small heads of butter lettuce $ Lemon wedges $ ",Citrus $ Pasta $ Freeze/Chill $ Quick & Easy $ Mayonnaise $ Crab $ Shrimp $ Celery $ Arugula $ Summer $ Tarragon $ Sour Cream $ Dill $ Capers $ Lettuce $ Bon Appétit $ ,American $ ,3/4,30,Citrus $ Pasta $ Freeze/Chill $ Quick & Easy $ Mayonnaise $ Crab $ Shrimp $ Celery $ Arugula $ Summer $ Tarragon $ Sour Cream $ Dill $ Capers $ Lettuce $ Bon Appétit $ American $ 
https://www.epicurious.com/recipes/food/views/sauteed-black-cod-with-shallot-lemon-vinaigrette-and-fresh-herb-salad-232553,Sauteed Black Cod with Shallot-Lemon Vinaigrette and Fresh Herb Salad ,"6 tablespoons olive oil $ 1/3 cup minced shallots $ 2 tablespoons fresh lemon juice $ 1 tablespoon Sherry wine vinegar $ 2 teaspoons (packed) grated lemon peel $ Salt and pepper to taste $ 6 cups assorted fresh herb leaves (such as Italian parsley, basil, and dill) and edible flowers $ 4 6- to 7-ounce black cod fillets with skin $ 1 tablespoon olive oil $ ",Leafy Green $ Herb $ Sauté $ Quick & Easy $ Lemon $ Cod $ Summer $ Healthy $ Bon Appétit $ ,American $ ,3/4,19,Leafy Green $ Herb $ Sauté $ Quick & Easy $ Lemon $ Cod $ Summer $ Healthy $ Bon Appétit $ American $ 
https://www.epicurious.com/recipes/food/views/grilled-fish-tostadas-with-pineapple-jicama-salsa-232552,Grilled Fish Tostadas with Pineapple-Jícama Salsa ,"1 1/2 cups diced peeled pineapple $ 1 cup diced peeled jicama $ 1/2 cup diced red onion $ 1/4 cup chopped fresh cilantro $ 1/4 cup fresh lime juice $ 1 to 2 serrano chiles, seeded, chopped $ 1/4 cup olive oil $ 2 teaspoons chili powder $ 3 small zucchini, each cut lengthwise into 5 slices (about 10 ounces) $ 1 pound halibut or orange roughy fillets $ 4 5- to 6-inch corn tortillas $ ",Fish $ Low Fat $ Quick & Easy $ Lime $ Pineapple $ Hot Pepper $ Zucchini $ Summer $ Grill/Barbecue $ Jícama $ Cilantro $ Tortillas $ Bon Appétit $ ,American $ Mexican $ ,3/4,6,Fish $ Low Fat $ Quick & Easy $ Lime $ Pineapple $ Hot Pepper $ Zucchini $ Summer $ Grill/Barbecue $ Jícama $ Cilantro $ Tortillas $ Bon Appétit $ American $ Mexican $ 
https://www.epicurious.com/recipes/food/views/spiced-nectarine-cake-232550,Spiced Nectarine Cake ,"1/2 cup (1 stick) unsalted butter, room temperature $ 3/4 cup plus 3 tablespoons sugar $ 2 large eggs $ 1 tablespoon fresh lemon juice $ 1 1/2 teaspoons finely grated lemon peel $ 1 1/4 cups self-rising flour $ 5 medium nectarines (about 1 3/4 pounds), halved, each half cut into 4 slices $ 3/4 teaspoon ground cinnamon $ ",Cake $ Breakfast $ Brunch $ Dessert $ Bake $ Nectarine $ Summer $ Cinnamon $ Bon Appétit $ Vegetarian $ Pescatarian $ Peanut Free $ Tree Nut Free $ Soy Free $ Kosher $ ,American $ ,3.5/4,44,Cake $ Breakfast $ Brunch $ Dessert $ Bake $ Nectarine $ Summer $ Cinnamon $ Bon Appétit $ Vegetarian $ Pescatarian $ Peanut Free $ Tree Nut Free $ Soy Free $ Kosher $ American $ 
https://www.epicurious.com/recipes/food/views/healthy-blueberry-and-banana-muffins-232549,Healthy Blueberry and Banana Muffins ,"1 1/2 cups all purpose flour $ 1/2 cup sugar $ 1/4 cup oat bran $ 2 teaspoons baking powder $ 1/2 teaspoon salt $ 1 cup mashed ripe bananas (about 3) $ 1/2 cup unflavored soy milk $ 1 large egg $ 2 tablespoons vegetable oil $ 2 teaspoons fresh lemon juice $ 1 1/2 cups fresh blueberries or 1 1/2 cups frozen blueberries, unthawed (6 to 7 ounces) $ ",Bread $ Breakfast $ Brunch $ Bake $ Kid-Friendly $ Quick & Easy $ Blueberry $ Banana $ Healthy $ Bran $ Bon Appétit $ New Mexico $ Kidney Friendly $ Vegetarian $ Pescatarian $ Dairy Free $ Peanut Free $ Tree Nut Free $ Kosher $ ,American $ ,3/4,132,Bread $ Breakfast $ Brunch $ Bake $ Kid-Friendly $ Quick & Easy $ Blueberry $ Banana $ Healthy $ Bran $ Bon Appétit $ New Mexico $ Kidney Friendly $ Vegetarian $ Pescatarian $ Dairy Free $ Peanut Free $ Tree Nut Free $ Kosher $ American $ 
https://www.epicurious.com/recipes/food/views/watermelon-ricotta-salata-basil-and-pine-nut-salad-232548,"Watermelon, Ricotta Salata, Basil, and Pine Nut Salad ","3 tablespoons thinly sliced fresh basil $ 2 tablespoons fresh lime juice $ 2 tablespoons extra-virgin olive oil $ 1 4-pound seedless watermelon, cut into 1/2-inch cubes (about 6 cups) $ 1/2 pound ricotta salata (salted dry ricotta cheese),* cut into 1/4-inch cubes $ 1/4 cup pine nuts, toasted $ ",Salad $ Appetizer $ No-Cook $ Vegetarian $ Quick & Easy $ Ricotta $ Watermelon $ Basil $ Pine Nut $ Summer $ Bon Appétit $ Pescatarian $ Wheat/Gluten-Free $ Peanut Free $ Soy Free $ No Sugar Added $ Kosher $ ,American $ ,3.5/4,19,Salad $ Appetizer $ No-Cook $ Vegetarian $ Quick & Easy $ Ricotta $ Watermelon $ Basil $ Pine Nut $ Summer $ Bon Appétit $ Pescatarian $ Wheat/Gluten-Free $ Peanut Free $ Soy Free $ No Sugar Added $ Kosher $ American $ 
https://www.epicurious.com/recipes/food/views/summer-garden-salad-with-chili-garlic-shrimp-232547,Summer Garden Salad with Chili-Garlic Shrimp ,"1 teaspoon chili-garlic sauce $ 1/2 teaspoon ground cumin $ 1/2 teaspoon kosher salt $ 1/4 teaspoon plus 1/8 teaspoon ground black pepper $ 2 pounds uncooked large shrimp, peeled, deveined $ 5 tablespoons extra-virgin olive oil, divided $ 2 ears of corn, husked $ 3 small tomatoes, cut into 1/2-inch-thick wedges $ 1/3 English hothouse cucumber, halved lengthwise, thinly sliced crosswise $ 4 teaspoons fresh lime juice $ 2 teaspoons reduced-sodium soy sauce $ 1 teaspoon toasted sesame oil (such as Asian) $ 1 large avocado, halved, peeled, pitted, cut into thin slices $ 8 cups (loosely packed) mixed baby greens $ 2 tablespoons thinly sliced fresh mint leaves $ ",Salad $ Leafy Green $ Tomato $ Appetizer $ Sauté $ Shrimp $ Avocado $ Corn $ Cucumber $ Summer $ Bon Appétit $ Sugar Conscious $ Pescatarian $ Dairy Free $ Peanut Free $ Tree Nut Free $ No Sugar Added $ ,American $ ,3.5/4,38,Salad $ Leafy Green $ Tomato $ Appetizer $ Sauté $ Shrimp $ Avocado $ Corn $ Cucumber $ Summer $ Bon Appétit $ Sugar Conscious $ Pescatarian $ Dairy Free $ Peanut Free $ Tree Nut Free $ No Sugar Added $ American $ 
https://www.epicurious.com/recipes/food/views/curried-quinoa-salad-with-mango-232544,Curried Quinoa Salad with Mango ,"1 cup quinoa (about 6 ounces) $ 1/4 cup canola oil $ 2 tablespoons white wine vinegar $ 1 tablespoon mango chutney, chopped if chunky $ 1 1/2 teaspoons curry powder $ 1/4 teaspoon dry mustard $ 1 cup chopped peeled mango plus mango spears for garnish $ 1 cup chopped unpeeled English hothouse cucumber $ 5 tablespoons chopped green onions, divided $ 2 cups (packed) baby spinach $ ",Onion $ Appetizer $ Side $ Vegetarian $ Quick & Easy $ Mango $ Quinoa $ Curry $ Cucumber $ Spinach $ Summer $ Healthy $ Vegan $ Bon Appétit $ Pescatarian $ Dairy Free $ Wheat/Gluten-Free $ Peanut Free $ Tree Nut Free $ Soy Free $ Kosher $ ,American $ ,3.5/4,58,Onion $ Appetizer $ Side $ Vegetarian $ Quick & Easy $ Mango $ Quinoa $ Curry $ Cucumber $ Spinach $ Summer $ Healthy $ Vegan $ Bon Appétit $ Pescatarian $ Dairy Free $ Wheat/Gluten-Free $ Peanut Free $ Tree Nut Free $ Soy Free $ Kosher $ American $ 
https://www.epicurious.com/recipes/food/views/watermelon-and-cucumber-gazpacho-232543,Watermelon and Cucumber Gazpacho ,"1 3-pound seedless watermelon, diced (about 5 cups), divided $ 1 small cucumber, peeled, seeded, diced (about 1 cup) $ 1 medium-size red bell pepper, seeded, diced (about 1 cup) $ 1 medium-size yellow bell pepper, seeded, diced (about 1 cup) $ 1 small jalapeño chile, seeded, minced $ 3 pale green inner celery stalks, diced (about 1/2 cup) $ 1/2 small red onion, diced (about 1 cup) $ 1/4 cup finely chopped fresh mint $ 3 tablespoons fresh lime juice $ 2 tablespoons red wine vinegar $ 1/4 teaspoon salt $ 1/2 cup crème fraîche or sour cream $ ",Soup/Stew $ Pepper $ Appetizer $ No-Cook $ Quick & Easy $ Watermelon $ Mint $ Celery $ Cucumber $ Summer $ Chill $ Jalapeño $ Sour Cream $ Bon Appétit $ Vegetarian $ Pescatarian $ Wheat/Gluten-Free $ Peanut Free $ Tree Nut Free $ Soy Free $ No Sugar Added $ Kosher $ ,American $ ,3.5/4,33,Soup/Stew $ Pepper $ Appetizer $ No-Cook $ Quick & Easy $ Watermelon $ Mint $ Celery $ Cucumber $ Summer $ Chill $ Jalapeño $ Sour Cream $ Bon Appétit $ Vegetarian $ Pescatarian $ Wheat/Gluten-Free $ Peanut Free $ Tree Nut Free $ Soy Free $ No Sugar Added $ Kosher $ American $ 
https://www.epicurious.com/recipes/food/views/oven-dried-tomato-tart-with-goat-cheese-and-black-olives-232540,Oven-Dried Tomato Tart with Goat Cheese and Black Olives ,"5 tablespoons extra-virgin olive oil, divided $ 6 medium tomatoes or large romas, cored, halved crosswise, seeded $ 2 small garlic cloves, thinly slivered $ 2 tablespoons minced fresh thyme, divided $ 1 sheet frozen puff pastry (half of 17.3-ounce package), thawed $ 1 cup coarsely grated whole-milk mozzarella cheese $ 1/2 cup soft fresh goat cheese (about 4 ounces) $ 2 large eggs $ 1/4 cup whipping cream $ 1/3 cup oil-cured black olives, pitted $ 2 tablespoons freshly grated Parmesan cheese $ ",Milk/Cream $ Egg $ Olive $ Tomato $ Appetizer $ Bake $ Vegetarian $ Goat Cheese $ Mozzarella $ Summer $ Phyllo/Puff Pastry Dough $ Bon Appétit $ Pescatarian $ Peanut Free $ Tree Nut Free $ Soy Free $ Kosher $ ,American $ French $ ,3.5/4,98,Milk/Cream $ Egg $ Olive $ Tomato $ Appetizer $ Bake $ Vegetarian $ Goat Cheese $ Mozzarella $ Summer $ Phyllo/Puff Pastry Dough $ Bon Appétit $ Pescatarian $ Peanut Free $ Tree Nut Free $ Soy Free $ Kosher $ American $ French $ 
https://www.epicurious.com/recipes/food/views/bell-pepper-red-onion-and-goat-cheese-pizza-232538,"Bell Pepper, Red Onion, and Goat Cheese Pizza ","1 10-ounce purchased fully baked thin pizza crust (such as Boboli) $ 1/4 cup olive oil $ 3 garlic cloves, minced $ 3 cups (packed) baby spinach leaves (1 1/2 to 2 ounces) $ 1 1/2 cups thickly sliced mushrooms (5 to 6 ounces) $ 1/2 cup drained roasted red peppers from jar, cut into thin strips $ 1/2 cup paper-thin red onion slices $ 8 large fresh basil leaves, cut into thin strips $ 5-ounce package soft fresh goat cheese, coarsely crumbled $ ",Mushroom $ Onion $ Appetizer $ Bake $ Vegetarian $ Quick & Easy $ Goat Cheese $ Basil $ Spinach $ Bell Pepper $ Bon Appétit $ New Mexico $ Sugar Conscious $ Pescatarian $ Peanut Free $ Tree Nut Free $ Soy Free $ Kosher $ ,American $ ,3.5/4,36,Mushroom $ Onion $ Appetizer $ Bake $ Vegetarian $ Quick & Easy $ Goat Cheese $ Basil $ Spinach $ Bell Pepper $ Bon Appétit $ New Mexico $ Sugar Conscious $ Pescatarian $ Peanut Free $ Tree Nut Free $ Soy Free $ Kosher $ American $ 
https://www.epicurious.com/recipes/food/views/strawberries-with-port-wine-dip-232514,Strawberries with Port-Wine Dip ,"1 (750-ml) bottle Tawny Port $ 1 cup sugar $ 2 to 3 lb whole medium strawberries, stems left intact and berries rinsed and patted dry $ ",Dessert $ Quick & Easy $ Strawberry $ Port $ Summer $ Vegan $ Simmer $ Gourmet $ Fat Free $ Kidney Friendly $ Vegetarian $ Pescatarian $ Dairy Free $ Wheat/Gluten-Free $ Peanut Free $ Tree Nut Free $ Soy Free $ Kosher $ ,American $ ,3/4,3,Dessert $ Quick & Easy $ Strawberry $ Port $ Summer $ Vegan $ Simmer $ Gourmet $ Fat Free $ Kidney Friendly $ Vegetarian $ Pescatarian $ Dairy Free $ Wheat/Gluten-Free $ Peanut Free $ Tree Nut Free $ Soy Free $ Kosher $ American $ 
https://www.epicurious.com/recipes/food/views/ice-wine-sorbet-with-white-peaches-232513,Ice-Wine Sorbet with White Peaches ,"1 (375-ml) bottle ice wine (13 fl oz) $ 3/4 cup water $ 6 tablespoons sugar $ 4 firm-ripe white peaches, cut into 1/2-inch-thick wedges $ an ice cream maker $ ",Wine $ Ice Cream Machine $ Dessert $ Freeze/Chill $ Frozen Dessert $ Peach $ Summer $ Gourmet $ ,American $ ,3/4,1,Wine $ Ice Cream Machine $ Dessert $ Freeze/Chill $ Frozen Dessert $ Peach $ Summer $ Gourmet $ American $ 
https://www.epicurious.com/recipes/food/views/peaches-and-raspberries-in-ancho-syrup-with-chile-threads-232512,Peaches and Raspberries in Ancho Syrup with Chile Threads ,1 pliable dried ancho chile* (less than 1/2 oz) $ 3 cups water $ 1/2 cup sugar $ 1 1/2 cups fresh raspberries (6 oz) $ 1/2 teaspoon fresh lemon juice $ 2 firm-ripe large peaches (preferably freestone) $ ,Pepper $ Dessert $ Quick & Easy $ Raspberry $ Peach $ Summer $ Vegan $ Gourmet $ Vegetarian $ Pescatarian $ Dairy Free $ Wheat/Gluten-Free $ Peanut Free $ Tree Nut Free $ Soy Free $ Kosher $ ,American $ Southwestern $ ,3/4,1,Pepper $ Dessert $ Quick & Easy $ Raspberry $ Peach $ Summer $ Vegan $ Gourmet $ Vegetarian $ Pescatarian $ Dairy Free $ Wheat/Gluten-Free $ Peanut Free $ Tree Nut Free $ Soy Free $ Kosher $ American $ Southwestern $ 
https://www.epicurious.com/recipes/food/views/brandied-peach-parfaits-232510,Brandied Peach Parfaits ,"1 lb firm-ripe peaches $ 1 tablespoon fresh lemon juice $ 3 tablespoons brandy $ 1/2 cup sugar $ 1 pt vanilla ice cream, softened $ 4 (4-oz) parfait or other tall narrow glasses $ ",Dessert $ Kid-Friendly $ Quick & Easy $ Peach $ Brandy $ Summer $ Gourmet $ Vegetarian $ Pescatarian $ Wheat/Gluten-Free $ Peanut Free $ Tree Nut Free $ Soy Free $ Kosher $ ,American $ ,3/4,14,Dessert $ Kid-Friendly $ Quick & Easy $ Peach $ Brandy $ Summer $ Gourmet $ Vegetarian $ Pescatarian $ Wheat/Gluten-Free $ Peanut Free $ Tree Nut Free $ Soy Free $ Kosher $ American $ 
https://www.epicurious.com/recipes/food/views/cantaloupe-granita-232509,Cantaloupe Granita ,"2 cups coarsely chopped cantaloupe (from 1/2 melon, seeded) $ 1/4 cup sugar, or to taste $ 1/2 tablespoon fresh lemon juice, or to taste $ 1 cup ice cubes $ ",Dessert $ Freeze/Chill $ Kid-Friendly $ Low Sodium $ Frozen Dessert $ Lemon $ Cantaloupe $ Summer $ Vegan $ Gourmet $ Fat Free $ Kidney Friendly $ Vegetarian $ Pescatarian $ Dairy Free $ Wheat/Gluten-Free $ Peanut Free $ Tree Nut Free $ Soy Free $ Kosher $ ,American $ ,3/4,22,Dessert $ Freeze/Chill $ Kid-Friendly $ Low Sodium $ Frozen Dessert $ Lemon $ Cantaloupe $ Summer $ Vegan $ Gourmet $ Fat Free $ Kidney Friendly $ Vegetarian $ Pescatarian $ Dairy Free $ Wheat/Gluten-Free $ Peanut Free $ Tree Nut Free $ Soy Free $ Kosher $ American $ 
https://www.epicurious.com/recipes/food/views/almond-butter-cookies-232508,Almond Butter Cookies ,"1 cup all-purpose flour $ 1/2 teaspoon baking soda $ 1/8 teaspoon salt $ 3/4 stick (6 tablespoons) unsalted butter, softened $ 1/4 cup granulated sugar $ 1/4 cup packed light brown sugar $ 1 tablespoon corn syrup $ 1/2 teaspoon vanilla $ 1/4 teaspoon almond extract $ 1/2 cup sliced almonds with skins (4 1/2 oz), toasted and cooled completely $ ",Cookies $ Dessert $ Bake $ Kid-Friendly $ Quick & Easy $ Almond $ Gourmet $ Kidney Friendly $ Vegetarian $ Pescatarian $ Peanut Free $ Soy Free $ Kosher $ ,American $ ,3.5/4,9,Cookies $ Dessert $ Bake $ Kid-Friendly $ Quick & Easy $ Almond $ Gourmet $ Kidney Friendly $ Vegetarian $ Pescatarian $ Peanut Free $ Soy Free $ Kosher $ American $ 
https://www.epicurious.com/recipes/food/views/peach-blueberry-cake-232507,Peach Blueberry Cake ,"1 1/2 cups all-purpose flour $ 1/2 cup sugar $ 1 teaspoon baking powder $ 1/4 teaspoon salt $ 1 stick (1/2 cup) cold unsalted butter, cut into 1/2-inch cubes $ 1 large egg $ 1 teaspoon vanilla $ 1/2 cup sugar $ 2 tablespoons all-purpose flour $ 1 tablespoon quick-cooking tapioca $ 2 lb firm-ripe large peaches (about 4), halved lengthwise, pitted, and each half cut lengthwise into fourths $ 1 cup blueberries (1/2 pint) $ 1 tablespoon fresh lemon juice $ a 9- to 91/2-inch (24-cm) springform pan; an electric coffee/spice grinder $ ",Cake $ Dessert $ Bake $ Blueberry $ Peach $ Summer $ Gourmet $ Vegetarian $ Pescatarian $ Peanut Free $ Tree Nut Free $ Soy Free $ Kosher $ ,American $ ,3.5/4,183,Cake $ Dessert $ Bake $ Blueberry $ Peach $ Summer $ Gourmet $ Vegetarian $ Pescatarian $ Peanut Free $ Tree Nut Free $ Soy Free $ Kosher $ American $ 
https://www.epicurious.com/recipes/food/views/ham-and-cheese-spread-232505,Ham and Cheese Spread ,"1/2 lb sliced good-quality cooked smoked ham $ 1 1/2 oz finely shredded Gruyère (1/2 cup) $ 3/4 stick (6 tablespoons) unsalted butter, softened $ 1 rounded tablespoon whole-grain mustard $ 4 cornichons (French sour gherkins), finely chopped $ 1/4 teaspoon black pepper $ ",Condiment/Spread $ Food Processor $ Cheese $ Mustard $ No-Cook $ Quick & Easy $ Ham $ Gourmet $ ,American $ ,3/4,5,Condiment/Spread $ Food Processor $ Cheese $ Mustard $ No-Cook $ Quick & Easy $ Ham $ Gourmet $ American $ 
https://www.epicurious.com/recipes/food/views/pickled-peaches-232503,Pickled Peaches ,"1 (1,000-mg) vitamin C tablet (to prevent discoloration), crushed to a powder $ 6 1/2 cups cold water $ 24 firm-ripe small peaches (6 to 7 lb) $ 2 1/2 cups sugar $ 1 1/4 cups distilled white vinegar $ 4 teaspoons pickling spice $ 1/4 teaspoon kosher salt $ 6 (1-pt) canning jars with lids and screw bands; a boiling-water canner, or a deep 10- to 12-qt pot plus a flat metal rack; an instant-read thermometer $ ",Side $ Vinegar $ Peach $ Summer $ Simmer $ Gourmet $ ,American $ ,4/4,1,Side $ Vinegar $ Peach $ Summer $ Simmer $ Gourmet $ American $ 
https://www.epicurious.com/recipes/food/views/cheddar-red-pepper-and-horseradish-spread-232499,"Cheddar, Red Pepper, and Horseradish Spread ","1/2 lb finely grated extra-sharp Cheddar (2 1/4 cups) $ 1 (7-oz) bottle roasted red peppers, rinsed, drained, patted dry, and finely chopped (1/2 cup) $ 1/3 cup mayonnaise $ 1 rounded tablespoon drained bottled horseradish $ 1/2 teaspoon Worcestershire sauce $ 1/4 teaspoon salt $ 1/4 teaspoon black pepper $ ",Condiment/Spread $ Mushroom $ Vegetarian $ Quick & Easy $ Horseradish $ Mayonnaise $ Cheddar $ Bell Pepper $ Gourmet $ ,American $ ,3/4,9,Condiment/Spread $ Mushroom $ Vegetarian $ Quick & Easy $ Horseradish $ Mayonnaise $ Cheddar $ Bell Pepper $ Gourmet $ American $ 
https://www.epicurious.com/recipes/food/views/olive-oil-glazed-potatoes-232497,Olive-Oil-Glazed Potatoes ,"1 lb russet (baking) potatoes (about 2) $ 1 1/4 cups water $ 2 tablespoons extra-virgin olive oil $ 1 garlic clove, minced $ 1/2 teaspoon salt $ ",Garlic $ Potato $ Side $ Vegetarian $ Quick & Easy $ Low Cal $ Healthy $ Vegan $ Boil $ Gourmet $ Sugar Conscious $ Pescatarian $ Dairy Free $ Wheat/Gluten-Free $ Peanut Free $ Tree Nut Free $ Soy Free $ No Sugar Added $ Kosher $ ,American $ ,3/4,10,Garlic $ Potato $ Side $ Vegetarian $ Quick & Easy $ Low Cal $ Healthy $ Vegan $ Boil $ Gourmet $ Sugar Conscious $ Pescatarian $ Dairy Free $ Wheat/Gluten-Free $ Peanut Free $ Tree Nut Free $ Soy Free $ No Sugar Added $ Kosher $ American $ 
https://www.epicurious.com/recipes/food/views/cinnamon-sugar-biscuits-232492,Cinnamon Sugar Biscuits ,"2 cups all-purpose flour $ 1 tablespoon baking powder $ 2 tablespoons granulated sugar $ 1/2 teaspoon salt $ 1 1/4 sticks (1/2 cup plus 2 tablespoons) unsalted butter, 1 stick cold and cut into 1/2-inch cubes and 2 tablespoons melted $ 1 large egg $ 1/2 cup well-shaken chilled buttermilk $ 3 tablespoons turbinado sugar such as Sugar in the Raw $ 3/4 teaspoon cinnamon $ Accompaniments: softened butter and jam $ parchment paper; a 2 1/2-inch round biscuit cutter $ ",Bread $ Milk/Cream $ Breakfast $ Brunch $ Bake $ Kid-Friendly $ Quick & Easy $ Cinnamon $ Bon Appétit $ Kidney Friendly $ Vegetarian $ Pescatarian $ Peanut Free $ Tree Nut Free $ Soy Free $ Kosher $ ,American $ ,3.5/4,3,Bread $ Milk/Cream $ Breakfast $ Brunch $ Bake $ Kid-Friendly $ Quick & Easy $ Cinnamon $ Bon Appétit $ Kidney Friendly $ Vegetarian $ Pescatarian $ Peanut Free $ Tree Nut Free $ Soy Free $ Kosher $ American $ 
https://www.epicurious.com/recipes/food/views/zucchini-melon-salad-232490,Zucchini Melon Salad ,"2 medium zucchini (3/4 lb total) $ 1 teaspoon salt $ 2 (3-inch-wide) wedges honeydew melon, seeded and rind removed $ 1 whole smoked chicken breast (1 lb), skinned and thinly sliced crosswise with a knife $ 1 (1/2-lb) piece Parmigiano-Reggiano $ 1/4 cup packed fresh mint leaves, cut crosswise into thin shreds $ 1/4 cup extra-virgin olive oil $ 1/4 cup fresh lime juice $ an adjustable-blade slicer $ ",Salad $ Chicken $ No-Cook $ Quick & Easy $ Parmesan $ Lime $ Melon $ Mint $ Zucchini $ Summer $ Healthy $ Gourmet $ ,American $ ,3.5/4,18,Salad $ Chicken $ No-Cook $ Quick & Easy $ Parmesan $ Lime $ Melon $ Mint $ Zucchini $ Summer $ Healthy $ Gourmet $ American $ 
https://www.epicurious.com/recipes/food/views/chicken-rice-and-mango-in-lettuce-wraps-232487,"Chicken, Rice, and Mango in Lettuce Wraps ","1 cup jasmine rice $ 1 3/4 cups water $ 1/4 teaspoon salt $ 1/2 cup seasoned rice vinegar $ 1/2 cup vegetable oil $ 6 tablespoons mayonnaise $ 1/4 cup soy sauce $ 1/4 cup finely chopped peeled fresh ginger (from a 2- by 3-inch piece) $ 2 garlic cloves, chopped $ 1/2 teaspoon Asian sesame oil $ 2 grilled chicken breast halves, shredded (2 cups) $ 1/3 cup lime vinaigrette (reserved from Grilled Chicken with Shredded Mesclun Salad ) $ 3/4 lb Boston or Bibb lettuce, leaves separated $ 1/2 seedless cucumber (usually plastic-wrapped), halved lengthwise, cored, and cut into 1/8-inch-thick matchsticks $ 3 scallions, cut into 3-inch-long thin strips $ 1 (1-lb) firm-ripe mango, peeled, pitted, and cut into 1/8-inch-thick matchsticks $ 1/2 cup chopped fresh cilantro $ ",Chicken $ Ginger $ Rice $ Quick & Easy $ Low/No Sugar $ Mango $ Cucumber $ Summer $ Grill/Barbecue $ Healthy $ Cilantro $ Lettuce $ Gourmet $ ,American $ ,4/4,116,Chicken $ Ginger $ Rice $ Quick & Easy $ Low/No Sugar $ Mango $ Cucumber $ Summer $ Grill/Barbecue $ Healthy $ Cilantro $ Lettuce $ Gourmet $ American $ 
https://www.epicurious.com/recipes/food/views/grilled-chicken-with-shredded-mesclun-salad-232486,Grilled Chicken with Shredded Mesclun Salad ,"1/2 cup fresh lime juice $ 1 tablespoon mild honey $ 1/2 teaspoon dried hot red pepper flakes $ 2 1/4 teaspoons salt $ 1 cup olive oil $ 6 chicken breast halves with skin and bones (3 lb total) $ 2 large tomatoes, cut into 1/2-inch pieces (2 cups) $ 2 medium shallots, halved lengthwise and thinly sliced crosswise (1/2 cup) $ 8 oz mesclun, thinly sliced (6 cups) $ 1 cup loosely packed fresh basil leaves, thinly sliced $ ",Salad $ Chicken $ Leafy Green $ Tomato $ Lime $ Basil $ Summer $ Grill/Barbecue $ Shallot $ Gourmet $ ,American $ ,3.5/4,15,Salad $ Chicken $ Leafy Green $ Tomato $ Lime $ Basil $ Summer $ Grill/Barbecue $ Shallot $ Gourmet $ American $ 
https://www.epicurious.com/recipes/food/views/chicken-breasts-with-rock-shrimp-sauce-232485,Chicken Breasts with Rock-Shrimp Sauce ,"4 small skinless boneless chicken breast halves (1 1/4 lb total) $ 1 teaspoon salt $ 1/2 teaspoon black pepper $ 1/4 cup olive oil $ 1 tablespoon finely chopped garlic $ 3/4 cup dry white wine $ 2 tablespoons tomato paste $ 3/4 lb peeled rock shrimp* or peeled medium shrimp $ 1/4 cup heavy cream $ 1/2 tablespoon fresh lemon juice, or to taste $ 1 tablespoon chopped fresh chives $ ",Chicken $ Rice $ Sauté $ Quick & Easy $ Shrimp $ White Wine $ Chive $ Gourmet $ ,American $ Italian $ ,3/4,30,Chicken $ Rice $ Sauté $ Quick & Easy $ Shrimp $ White Wine $ Chive $ Gourmet $ American $ Italian $ 
https://www.epicurious.com/recipes/food/views/chipotle-burgers-232484,Chipotle Burgers ,"2 tablespoons canned chipotle chiles in adobo, including sauce $ 1 lb ground beef chuck $ 1/2 cup finely chopped onion $ 1 teaspoon salt $ 4 English muffins or hamburger buns, halved horizontally $ ",Sandwich $ Beef $ Onion $ Pepper $ Quick & Easy $ Summer $ Grill/Barbecue $ Gourmet $ ,American $ ,3.5/4,31,Sandwich $ Beef $ Onion $ Pepper $ Quick & Easy $ Summer $ Grill/Barbecue $ Gourmet $ American $ 
https://www.epicurious.com/recipes/food/views/assorted-vegetables-232483,Assorted Vegetables ,"1 lb small red potatoes $ 1 lb asparagus, trimmed $ 1/2 lb sugar snap peas, trimmed $ 1 small head cauliflower (1 1/4 lb) $ 1 tablespoon olive oil $ 3 mixed red and yellow bell peppers, cut into 1/2-inch-wide strips $ 1 pt assorted cherry tomatoes $ Accompaniment: anchovy mayonnaise , cilantro chutney , romesco sauce $ ",Potato $ Tomato $ Side $ Broil $ Steam $ Vegetarian $ Quick & Easy $ Asparagus $ Cauliflower $ Bell Pepper $ Summer $ Sugar Snap Pea $ Gourmet $ Pescatarian $ Dairy Free $ Wheat/Gluten-Free $ Peanut Free $ Tree Nut Free $ Soy Free $ No Sugar Added $ Kosher $ ,American $ ,0/4,0,Potato $ Tomato $ Side $ Broil $ Steam $ Vegetarian $ Quick & Easy $ Asparagus $ Cauliflower $ Bell Pepper $ Summer $ Sugar Snap Pea $ Gourmet $ Pescatarian $ Dairy Free $ Wheat/Gluten-Free $ Peanut Free $ Tree Nut Free $ Soy Free $ No Sugar Added $ Kosher $ American $ 
https://www.epicurious.com/recipes/food/views/grilled-eggplant-stacks-with-tomato-and-feta-232478,Grilled Eggplant Stacks with Tomato and Feta ,"1 cup loosely packed fresh basil leaves $ 1/2 cup extra-virgin olive oil $ 2 medium eggplants (1 3/4 to 2 lb total) $ 1 large tomato (about 4 inches in diameter) and 2 medium tomatoes (about 2 1/2 inches in diameter) $ 3 oz feta, crumbled (about 3/4 cup) $ Garnish: finely shredded fresh basil leaves $ ",Tomato $ Vegetarian $ Quick & Easy $ Feta $ Basil $ Eggplant $ Summer $ Grill/Barbecue $ Gourmet $ ,American $ ,3.5/4,43,Tomato $ Vegetarian $ Quick & Easy $ Feta $ Basil $ Eggplant $ Summer $ Grill/Barbecue $ Gourmet $ American $ 
https://www.epicurious.com/recipes/food/views/grilled-beef-chicken-shrimp-and-mushroom-skewers-232477,"Grilled Beef, Chicken, Shrimp, and Mushroom Skewers ","4 large garlic cloves $ 2 teaspoons salt $ 2 tablespoons fresh lemon juice $ 1/2 teaspoon black pepper $ 1/3 cup extra-virgin olive oil $ 1 lb sirloin steak (1 inch thick), trimmed of excess fat $ 2 medium skinless boneless chicken breast halves (1 lb total) $ 1 1/4 lb medium shrimp in shell (31 to 35 per lb; about 40), peeled and deveined $ 1 lb mushrooms, trimmed and halved through stem if large $ about 100 (6-inch) wooden skewers, soaked in water 1 hour $ ",Beef $ Chicken $ Mushroom $ Shellfish $ Appetizer $ Quick & Easy $ Low/No Sugar $ Summer $ Grill/Barbecue $ Healthy $ Gourmet $ Sugar Conscious $ Kidney Friendly $ Dairy Free $ Wheat/Gluten-Free $ Peanut Free $ Tree Nut Free $ Soy Free $ No Sugar Added $ ,American $ ,4/4,11,Beef $ Chicken $ Mushroom $ Shellfish $ Appetizer $ Quick & Easy $ Low/No Sugar $ Summer $ Grill/Barbecue $ Healthy $ Gourmet $ Sugar Conscious $ Kidney Friendly $ Dairy Free $ Wheat/Gluten-Free $ Peanut Free $ Tree Nut Free $ Soy Free $ No Sugar Added $ American $ 
https://www.epicurious.com/recipes/food/views/turkey-tonnato-sandwiches-232458,Turkey (Tonnato) Sandwiches ,"1 cup mayonnaise $ 1 (6-ounce) can tuna packed in olive oil (preferably imported from Italy) $ 1/4 cup fresh parsley leaves $ 2 tablespoons capers, drained $ 2 tablespoons minced shallots $ 6 anchovy fillets, minced $ About 1/4 cup olive oil or hot water $ Salt and black pepper $ 8 slices sandwich bread, toasted if desired (or use French bread) $ 8 (1/4- to 3/8-inch-thick) slices white-meat turkey $ ",Sandwich $ turkey $ No-Cook $ Quick & Easy $ Mayonnaise $ Tuna $ Summer $ Capers $ ,American $ ,0/4,0,Sandwich $ turkey $ No-Cook $ Quick & Easy $ Mayonnaise $ Tuna $ Summer $ Capers $ American $ 
https://www.epicurious.com/recipes/food/views/buttermilk-cornbread-with-monterey-jack-cheese-232451,Buttermilk Cornbread with Monterey Jack Cheese ,"1 cup all purpose flour $ 1 cup yellow cornmeal $ 2 teaspoons baking soda $ 1 teaspoon baking powder $ 1 teaspoon salt $ 1/2 cup (packed) coarsely grated Monterey Jack cheese $ 3/4 cup buttermilk $ 2 large eggs $ 3 tablespoons honey $ 1/4 cup (1/2 stick) unsalted butter, melted $ ",Bread $ Milk/Cream $ Egg $ Side $ Bake $ Kid-Friendly $ Cornmeal $ Monterey Jack $ Bon Appétit $ Vegetarian $ Pescatarian $ Peanut Free $ Tree Nut Free $ Soy Free $ Kosher $ ,American $ ,2.5/4,8,Bread $ Milk/Cream $ Egg $ Side $ Bake $ Kid-Friendly $ Cornmeal $ Monterey Jack $ Bon Appétit $ Vegetarian $ Pescatarian $ Peanut Free $ Tree Nut Free $ Soy Free $ Kosher $ American $ 
https://www.epicurious.com/recipes/food/views/heirloom-tomato-gazpacho-232450,Heirloom Tomato Gazpacho ,"6 large heirloom tomatoes, all varieties and colors, seeded and diced into 1/4-inch cubes (reserve seeds and juices) $ 1 medium red onion, cut into 1/4-inch cubes $ 3/4 English or hothouse cucumber, peeled and cut into 1/4-inch cubes $ 1 1/2 red bell peppers, cored, seeded and cut into 1/4-inch cubes $ 1 1/2 yellow bell peppers, cored, seeded and cut into 1/4-inch cubes $ 1/4 cup fresh cilantro, roughly chopped $ 2 tbsp red wine vinegar $ 1 lemon, juiced $ 1/2 tbsp Tabasco $ Kosher salt and freshly ground black pepper $ 1/4 cup extra-virgin olive oil $ 8 tbsp aged balsamic vinegar $ ",Soup/Stew $ Tomato $ Appetizer $ No-Cook $ Low Fat $ Vegetarian $ Quick & Easy $ Cucumber $ Bell Pepper $ Summer $ Chill $ Healthy $ Vegan $ Cilantro $ Self $ Pescatarian $ Paleo $ Dairy Free $ Wheat/Gluten-Free $ Peanut Free $ Tree Nut Free $ Soy Free $ No Sugar Added $ Kosher $ ,American $ Spanish/Portuguese $ ,3.5/4,9,Soup/Stew $ Tomato $ Appetizer $ No-Cook $ Low Fat $ Vegetarian $ Quick & Easy $ Cucumber $ Bell Pepper $ Summer $ Chill $ Healthy $ Vegan $ Cilantro $ Self $ Pescatarian $ Paleo $ Dairy Free $ Wheat/Gluten-Free $ Peanut Free $ Tree Nut Free $ Soy Free $ No Sugar Added $ Kosher $ American $ Spanish/Portuguese $ 
https://www.epicurious.com/recipes/food/views/grilled-vegetable-flatbreads-stuffed-with-zucchini-eggplant-and-tomato-232449,"Grilled Vegetable Flatbreads Stuffed with Zucchini, Eggplant, and Tomato ","2 zucchini, cut into 1/3-inch slices $ 2 eggplants, cut into 1/3-inch slices $ 2 beefsteak or heirloom tomatoes, cut into 1/4-inch slices $ 2 roasted red bell peppers, cut into 2-inch slices $ 1 tbsp extra-virgin olive oil $ 1/4 cup olive oil $ 1 onion, chopped $ 2 cups lima beans $ 1/4 cup grated Parmesan $ 1 tbsp chopped parsley $ 1 tsp lemon zest $ 1/4 tsp fresh thyme $ 1/4 cup vegetable or chicken broth $ 4 flatbreads or pitas, uncut $ ",Tomato $ Appetizer $ Sauté $ Low Fat $ Vegetarian $ Lunch $ Parmesan $ Eggplant $ Lima Bean $ Bell Pepper $ Zucchini $ Grill/Barbecue $ Healthy $ Self $ Pescatarian $ Peanut Free $ Tree Nut Free $ Soy Free $ Kosher $ ,American $ ,3/4,5,Tomato $ Appetizer $ Sauté $ Low Fat $ Vegetarian $ Lunch $ Parmesan $ Eggplant $ Lima Bean $ Bell Pepper $ Zucchini $ Grill/Barbecue $ Healthy $ Self $ Pescatarian $ Peanut Free $ Tree Nut Free $ Soy Free $ Kosher $ American $ 
https://www.epicurious.com/recipes/food/views/sesame-seared-tuna-with-vegetable-slaw-232445,Sesame Seared Tuna with Vegetable Slaw ,"2 carrots, peeled $ 2 parsnips, peeled $ 2 each green and red bell peppers, cored and seeded $ 1 small sweet onion $ 1 jalapeño pepper, cored (and seeded if less heat is desired) $ 2 tbsp chopped fresh cilantro $ 3 tbsp sugar $ Seeds from 1/2 vanilla bean $ 1/2 cup rice vinegar $ 1/2 cup nonfat sour cream $ Sea salt and white pepper $ 1/4 cup white sesame seeds $ 1/4 cup black sesame seeds $ 1 tbsp wasabi powder (found at Asian grocery stores) $ Vegetable-oil cooking spray $ 1 tbsp sesame oil $ 2 pieces tuna loin (about 8 oz each), cut in half $ ",Low Fat $ Tuna $ Bell Pepper $ Carrot $ Parsnip $ Summer $ Healthy $ Jalapeño $ Cilantro $ Self $ ,American $ Asian $ ,3/4,15,Low Fat $ Tuna $ Bell Pepper $ Carrot $ Parsnip $ Summer $ Healthy $ Jalapeño $ Cilantro $ Self $ American $ Asian $ 
https://www.epicurious.com/recipes/food/views/wood-grilled-breast-of-chicken-marsala-with-grilled-carrots-232444,Wood-Grilled Breast of Chicken Marsala with Grilled Carrots ,"2 tsp ground fennel seeds $ 1 tsp salt $ 1/2 tsp freshly ground black pepper $ 1/2 tsp red pepper flakes $ 4 boneless, skinless chicken breasts (about 6 oz each) $ 16 small carrots, peeled $ 3 1/2 cups marsala $ 8 pieces dried porcini mushrooms $ 2 shallots, thinly sliced $ 4 cloves garlic, smashed $ Vegetable-oil cooking spray $ 4 tbsp light cream $ Fresh rosemary sprigs $ ",Chicken $ Garlic $ Mushroom $ Low Fat $ Wheat/Gluten-Free $ Carrot $ Marsala $ Grill/Barbecue $ Healthy $ Shallot $ Self $ ,American $ ,3/4,11,Chicken $ Garlic $ Mushroom $ Low Fat $ Wheat/Gluten-Free $ Carrot $ Marsala $ Grill/Barbecue $ Healthy $ Shallot $ Self $ American $ 
https://www.epicurious.com/recipes/food/views/banana-raspberry-bread-232441,Banana-Raspberry Bread ,"Vegetable-oil cooking spray $ 2 cups all-purpose flour $ 3/4 cup sugar $ 2 tsp baking powder $ 1/2 tsp baking soda $ 1/2 tsp salt $ 4 large ripe or overripe bananas, mashed $ 1/4 cup skim milk $ 1 large egg $ 1 tsp pure vanilla extract $ 1 cup fresh or frozen raspberries $ ",Bread $ Breakfast $ Brunch $ Dessert $ Bake $ Low Fat $ Kid-Friendly $ Raspberry $ Banana $ Healthy $ Self $ ,American $ ,3.5/4,41,Bread $ Breakfast $ Brunch $ Dessert $ Bake $ Low Fat $ Kid-Friendly $ Raspberry $ Banana $ Healthy $ Self $ American $ 
https://www.epicurious.com/recipes/food/views/tangy-tuna-and-sun-dried-tomato-wrap-232439,Tangy Tuna and Sun-Dried Tomato Wrap ,"2 cans (6 oz each) chunk light tuna in water, drained $ 1/4 cup minced sun-dried tomatoes $ 3 tbsp lowfat mayonnaise $ 2 tbsp chopped fresh parsley $ 1 tbsp capers, drained and rinsed $ 2 tsp stone-ground or Dijon mustard $ 4 small (8-inch) spinach or whole-wheat tortillas $ 4 leaves red leaf lettuce $ ",Tomato $ No-Cook $ Low Carb $ Low Fat $ Kid-Friendly $ Back to School $ Mayonnaise $ Tuna $ Summer $ Healthy $ Tortillas $ Capers $ Lettuce $ Self $ ,American $ ,3/4,7,Tomato $ No-Cook $ Low Carb $ Low Fat $ Kid-Friendly $ Back to School $ Mayonnaise $ Tuna $ Summer $ Healthy $ Tortillas $ Capers $ Lettuce $ Self $ American $ 
https://www.epicurious.com/recipes/food/views/lentil-salad-with-carrots-yellow-tomatoes-and-bell-peppers-232432,"Lentil Salad with Carrots, Yellow Tomatoes, and Bell Peppers ","1/2 lb brown lentils, rinsed $ 2 bay leaves $ 2 cloves garlic, minced $ 1 yellow bell pepper, cored, seeded and diced into 1/2-inch pieces $ 1 red bell pepper, cored, seeded and diced into 1/2-inch pieces $ 1/2 cup diced carrot $ 1/2 cup chopped yellow or beefsteak tomato $ 1/3 cup crumbled reduced-fat feta $ 1/4 cup thinly sliced kalamata olives $ 1/4 cup diced red onion $ 1/4 cup fresh chopped parsley $ 1/4 cup red wine vinegar $ 2 tbsp olive oil $ 3/4 tsp salt $ 1/4 tsp freshly ground black pepper $ ",Salad $ Olive $ Onion $ Tomato $ Low Fat $ Vegetarian $ High Fiber $ Feta $ Lentil $ Bell Pepper $ Carrot $ Healthy $ Parsley $ Simmer $ Self $ ,American $ ,3.5/4,13,Salad $ Olive $ Onion $ Tomato $ Low Fat $ Vegetarian $ High Fiber $ Feta $ Lentil $ Bell Pepper $ Carrot $ Healthy $ Parsley $ Simmer $ Self $ American $ 
https://www.epicurious.com/recipes/food/views/baby-spinach-and-raspberry-salad-232429,Baby Spinach and Raspberry Salad ,"1/4 cup sunflower seeds $ 1/4 cup white balsamic vinegar $ 1 tsp honey $ 1 tbsp each chopped fresh parsley, tarragon, chives and basil $ 1 clove garlic, minced $ 1/2 small shallot, minced $ 1/4 cup canola oil $ 8 cups baby spinach $ 1 cup fresh raspberries $ 2 oranges, peeled, membranes removed, segmented $ 1 red bell pepper, cored, seeded and cut into 2-inch strips $ 1 medium carrot, peeled and coarsely grated $ ",Salad $ Appetizer $ Low Fat $ Quick & Easy $ High Fiber $ Raspberry $ Orange $ Spinach $ Bell Pepper $ Carrot $ Spring $ Healthy $ Seed $ Self $ Vegetarian $ Pescatarian $ Dairy Free $ Wheat/Gluten-Free $ Peanut Free $ Tree Nut Free $ Soy Free $ Kosher $ ,American $ ,3.5/4,14,Salad $ Appetizer $ Low Fat $ Quick & Easy $ High Fiber $ Raspberry $ Orange $ Spinach $ Bell Pepper $ Carrot $ Spring $ Healthy $ Seed $ Self $ Vegetarian $ Pescatarian $ Dairy Free $ Wheat/Gluten-Free $ Peanut Free $ Tree Nut Free $ Soy Free $ Kosher $ American $ 
https://www.epicurious.com/recipes/food/views/medicine-lodge-filet-mignon-fricassee-232427,"Medicine Lodge Filet Mignon ""Fricassée"" ","Vegetable-oil cooking spray $ 1/2 lb shiitake mushrooms (about 1 cup), stemmed and cut into thin strips $ 1/2 lb (about 3) Roma tomatoes, cored and cut into thin strips $ 1 tsp fresh chives, cut into 1D4-inch pieces $ 1 cup Cabernet Sauvignon $ 1 pint demi-glace (found at gourmet and butcher shops) $ Vegetable-oil cooking spray $ 6 lean beef tenderloin fillets (4 oz each), fat trimmed to 1/8 inch $ ",Beef $ Mushroom $ Tomato $ Sauté $ Low Fat $ Beef Tenderloin $ Red Wine $ Fall $ Spring $ Winter $ Healthy $ Chive $ Self $ ,American $ ,3/4,3,Beef $ Mushroom $ Tomato $ Sauté $ Low Fat $ Beef Tenderloin $ Red Wine $ Fall $ Spring $ Winter $ Healthy $ Chive $ Self $ American $ 
