link,name,ingredients,recipe_category,recipe_cuisine,rating,rating_count,keywords
https://www.epicurious.com/recipes/food/views/ricotta-gnocchi-with-asparagus-peas-and-morels-51232060,"Ricotta Gnocchi with Asparagus, Peas, and Morels ","4 cups ricotta (from two 16-ounces containers) $ 2 large eggs $ 1 cup finely grated Parmesan $ 2 teaspoons kosher salt $ Freshly ground black pepper $ 1 cup all-purpose flour $ 1 bunch asparagus, trimmed $ Kosher salt $ 2 tablespoons olive oil, plus more $ 1/4 pound fresh morel mushrooms $ 1 small shallot, finely chopped $ 1 cup shelled fresh peas (from about 1 pound pods) or frozen peas, thawed $ 1/4 cup (1/2 stick) unsalted butter $ Freshly ground black pepper $ Chopped fresh chives, finely grated Parmesan, and finely grated lemon zest (for serving) $ Parmesan $ Finely grated lemon zest $ ",Mushroom $ Easter $ Dinner $ Ricotta $ Asparagus $ Pea $ Spring $ Bon Appétit $ Vegetarian $ Pescatarian $ Peanut Free $ Tree Nut Free $ Soy Free $ No Sugar Added $ Kosher $ ,Italian $ ,4/4,8,Mushroom $ Easter $ Dinner $ Ricotta $ Asparagus $ Pea $ Spring $ Bon Appétit $ Vegetarian $ Pescatarian $ Peanut Free $ Tree Nut Free $ Soy Free $ No Sugar Added $ Kosher $ Italian $ 
https://www.epicurious.com/recipes/food/views/pastry-cream-em-crema-pasticcera-em-51227220,Pastry Cream (Crema pasticcera) ,"Egg yolks, 8 large $ Sugar, 1/2 cup (3 1/2 ounces/100 grams) $ All-purpose flour, 1/2 cup (2 ounces/55 grams) $ Milk, 3 cups (24 fluid ounces/720 milliliters) $ Heavy cream, 1 cup (8 fluid ounces/240 milliliters) $ Pure vanilla extract, 1 tablespoon $ ",Milk/Cream $ Dairy $ ,Italian $ ,2.5/4,3,Milk/Cream $ Dairy $ Italian $ 
https://www.epicurious.com/recipes/food/views/torta-mimosa-51227210,Torta Mimosa ,"1 recipe Italian Sponge Cake , made as 2 (9-inch cakes) $ Sugar, 4 tablespoons $ Sweet citrus liqueur, such as Cointreau or limoncello, 4 tablespoons $ 1 recipe Pastry Cream , chilled until very cold, at least 4 hours $ ",Cake $ Liqueur $ Dessert $ Bake $ Party $ ,Italian $ Northern Italian $ ,1/4,1,Cake $ Liqueur $ Dessert $ Bake $ Party $ Italian $ Northern Italian $ 
https://www.epicurious.com/recipes/food/views/italian-sponge-cake-em-pan-di-spagna-em-51227410,Italian Sponge Cake (Pan di spagna) ,"Butter and flour for the pan $ Eggs, 4 large $ Sugar, 1 cup (8 ounces/225 grams) plus 2 tablespoons $ Egg yolks, 8 large $ 00 flour, 1 7/8 cups (7 ounces/200 grams) $ Potato starch or cornstarch, 1/4 cup (1 ounce/30 grams) $ Pure vanilla extract, 2 teaspoons $ Grated zest of 1/2 lemon $ ",Cake $ Bake $ ,Italian $ ,1/4,1,Cake $ Bake $ Italian $ 
https://www.epicurious.com/recipes/food/views/mascarpone-51226440,Mascarpone ,"2 cups pasteurized heavy cream without thickeners $ 1/3 cup powdered skim milk $ 1 lemon, cut in half $ ",Milk/Cream $ Dairy $ ,Italian $ ,4/4,2,Milk/Cream $ Dairy $ Italian $ 
https://www.epicurious.com/recipes/food/views/sunday-sauce-with-sausage-and-braciole-51223920,Sunday Sauce with Sausage and Braciole ,"2 cups fresh breadcrumbs $ 1/2 cup finely grated Pecorino $ 1/3 cup finely chopped fresh flat-leaf parsley $ 1 1/2 teaspoons crushed red pepper flakes $ 1/4 teaspoon hot smoked Spanish paprika $ 7 garlic cloves, finely chopped, divided $ 4 tablespoons olive oil, divided $ 2 pounds beef top round, thinly sliced by a butcher for braciole $ Kosher salt, freshly ground pepper $ 1 freshly ground pepper $ 2 pounds hot or sweet Italian sausage, halved crosswise $ 1 pound baby back pork ribs, cut into 3- to 4-rib pieces, or pork spare ribs, cut into individual ribs $ 1 large onion, finely chopped $ 2 anchovy fillets packed in oil, drained $ 1/4 cup tomato paste $ 2 28-ounce cans crushed tomatoes $ 2 28-ounce cans whole peeled tomatoes $ 1 1/2 pounds large tubular pasta (such as rigatoni or tortiglioni) $ ",Beef $ Pasta $ Tomato $ Dinner $ Pork Rib $ Sausage $ Bon Appétit $ Peanut Free $ Tree Nut Free $ Soy Free $ ,Italian $ ,3.5/4,11,Beef $ Pasta $ Tomato $ Dinner $ Pork Rib $ Sausage $ Bon Appétit $ Peanut Free $ Tree Nut Free $ Soy Free $ Italian $ 
https://www.epicurious.com/recipes/food/views/amatriciana-em-guanciale-tomato-and-pecorino-romano-em-51221210,"Amatriciana (Guanciale, Tomato, and Pecorino Romano) ","2 1/2 ounces (70 grams) guanciale, cut into thin strips $ 2–3 tablespoons extra virgin olive oil $ 1 small onion (any kind), chopped (optional but recommended) $ 1 pound (450 grams) red, ripe sauce tomatoes, broken into pieces, or canned Italian peeled tomatoes, drained $ 1 small piece dried chile $ salt $ 1 pound (450 grams) pasta (see note below) $ 7 rounded tablespoons (70 grams) grated pecorino (see headnote) $ ",Cheese $ Pasta $ Tomato $ Dinner $ ,Italian $ ,3.5/4,4,Cheese $ Pasta $ Tomato $ Dinner $ Italian $ 
https://www.epicurious.com/recipes/food/views/ragu-di-agnello-em-lamb-em-51221430,Ragù di Agnello (Lamb) ,"1 white onion $ 1 small carrot $ 1 small rib celery $ a few sprigs fresh marjoram $ 3 fresh sage leaves $ 1 small sprig fresh rosemary $ 6 tablespoons extra virgin olive oil, preferably medium fruity $ 1 pound (450 grams) boneless lamb stew meat, cut into 3/4-inch (2-centimeter) cubes $ 1/2 cup (100 milliliters) dry white wine $ 1 1-pound (450 grams) can peeled tomatoes, drained $ 1 small piece dried chile $ salt $ 1 pound (450 grams) pasta (see note below) $ 6 rounded tablespoons (60 grams) grated pecorino abruzzese cheese or pecorino romano $ 1 heaping tablespoon minced fresh flat-leaf parsley $ ",Sauce $ Lamb $ Pasta $ Tomato $ ,Italian $ ,3.5/4,2,Sauce $ Lamb $ Pasta $ Tomato $ Italian $ 
https://www.epicurious.com/recipes/food/views/pasta-alluovo-em-egg-dough-em-51221230,Pasta All'uovo (Egg Dough) ,"1 pound (450 grams) sifted all-purpose flour (farina 00) $ 5 medium or large eggs, or 4 extra-large or jumbo $ Extra flour for dusting and adjusting $ ",,Italian $ ,4/4,2,Italian $ 
https://www.epicurious.com/recipes/food/views/tagliatelle-em-flat-egg-noodles-em-51221240,Tagliatelle (Flat Egg Noodles) ,,Advance Prep Required $ ,Italian $ ,0/4,0,Advance Prep Required $ Italian $ 
https://www.epicurious.com/recipes/food/views/carbonara-em-guanciale-egg-and-pecorino-romano-em-51221420,"Carbonara (Guanciale, Egg, and Pecorino Romano) ","4 ounces (115 grams) guanciale, cut into 1/4-inch (1/2-centimeter) dice $ 2 generous tablespoons extra virgin olive oil, preferably lightly fruity $ 3 large eggs, at room temperature $ 10 rounded tablespoons (100 grams) freshly grated pecorino romano, or half pecorino romano and half parmigiano-reggiano $ freshly ground black pepper $ 1 pound (450 grams) pasta (see note below) $ ",Egg $ Pasta $ Dinner $ ,Italian $ ,4/4,24,Egg $ Pasta $ Dinner $ Italian $ 
https://www.epicurious.com/recipes/food/views/pasta-acqua-e-farina-em-flour-and-water-dough-em-51221220,Pasta Acqua e Farina (Flour-and-Water Dough) ,"1 pound (450 grams) sifted durum wheat flour or semolina (semolino di grano duro) $ 1 cup (200 milliliters) water in a measuring cup, plus some extra if needed $ extra flour for dusting and adjusting $ ",,Italian $ ,0/4,0,Italian $ 
https://www.epicurious.com/recipes/food/views/strozzapreti-and-pici-51221410,Strozzapreti and Pici ,,Advance Prep Required $ ,Italian $ ,0/4,0,Advance Prep Required $ Italian $ 
https://www.epicurious.com/recipes/food/views/tuscan-lasagna-51219410,Tuscan Lasagna ,"1 pound 85-percent-lean ground beef $ 1 cup sliced cremini mushrooms $ 1/2 cup minced white onion $ 2 garlic cloves, crushed $ 4 tablespoons chopped fresh parsley $ 1 tablespoons salt $ 1 1/2 teaspoons dried basil $ 1 teaspoon Italian seasoning $ 1/2 teaspoon fennel seeds $ 1/4 teaspoon freshly ground black pepper $ 1 cup lowfat ricotta $ 1 package (8 ounces) whole-grain lasagna noodles $ Vegetable oil cooking spray $ 16 ounces low-sodium marinara sauce, divided $ 1/2 cup part-skim fresh mozzarella, divided $ 2 cups thawed frozen spinach $ 1/3 cup grated Parmesan $ ",Beef $ Cheese $ Bake $ Kid-Friendly $ Casserole/Gratin $ Mozzarella $ Parmesan $ Healthy $ Noodle $ Advance Prep Required $ Self $ ,Italian $ ,3/4,17,Beef $ Cheese $ Bake $ Kid-Friendly $ Casserole/Gratin $ Mozzarella $ Parmesan $ Healthy $ Noodle $ Advance Prep Required $ Self $ Italian $ 
https://www.epicurious.com/recipes/food/views/pizza-bianca-with-scamorza-and-shaved-celery-root-51209650,Pizza Bianca with Scamorza and Shaved Celery Root ,"1/4 bulb celery root (celeriac), peeled, very thinly sliced $ 2 tablespoons olive oil, divided, plus more for baking sheet $ Kosher salt, freshly ground pepper $ 8 ounces prepared pizza dough, room temperature $ 6 ounces scamorza cheese or smoked mozzarella, thinly sliced $ 1/2 small red onion, very thinly sliced $ 1/2 cup grated Parmesan $ 1 tablespoon fresh oregano leaves, plus more for serving $ 1 tablespoon drained capers, chopped $ Flaky sea salt (such as Maldon) $ ",Cheese $ Bake $ Quick & Easy $ Dinner $ Parmesan $ Root Vegetable $ Bon Appétit $ Sugar Conscious $ Vegetarian $ Pescatarian $ Peanut Free $ Tree Nut Free $ Soy Free $ Kosher $ ,Italian $ ,4/4,5,Cheese $ Bake $ Quick & Easy $ Dinner $ Parmesan $ Root Vegetable $ Bon Appétit $ Sugar Conscious $ Vegetarian $ Pescatarian $ Peanut Free $ Tree Nut Free $ Soy Free $ Kosher $ Italian $ 
https://www.epicurious.com/recipes/food/views/oregano-eggs-em-uova-allorigano-em-51206020,Oregano Eggs (Uova all'Origano) ,2 tablespoons extra-virgin olive oil $ 8 large eggs $ 1/4 teaspoon kosher salt $ 1/2 teaspoon dried oregano $ 1/4 cup grated Grana Padano or Parmigiano-Reggiano $ ,Egg $ Breakfast $ Brunch $ Quick & Easy $ Oregano $ Sugar Conscious $ Kidney Friendly $ Vegetarian $ Pescatarian $ Wheat/Gluten-Free $ Peanut Free $ Tree Nut Free $ Soy Free $ No Sugar Added $ Kosher $ ,Italian $ ,4/4,7,Egg $ Breakfast $ Brunch $ Quick & Easy $ Oregano $ Sugar Conscious $ Kidney Friendly $ Vegetarian $ Pescatarian $ Wheat/Gluten-Free $ Peanut Free $ Tree Nut Free $ Soy Free $ No Sugar Added $ Kosher $ Italian $ 
https://www.epicurious.com/recipes/food/views/belgian-endive-and-walnut-salad-em-insalata-belga-e-noci-em-51206030,Belgian Endive and Walnut Salad (Insalata Belga e Noci) ,"3 tablespoons apple-cider vinegar $ 1 teaspoon Dijon mustard $ 1 teaspoon kosher salt $ Freshly ground black pepper $ 5 tablespoons extra-virgin olive oil $ 6 heads Belgian endive, trimmed, cut on the bias into 1-inch-thick slices $ 2 apples, skin on, cored, sliced into thin half-moons $ 1/2 cup walnut pieces, toasted and chopped $ ",Salad $ Leafy Green $ Nut $ Appetizer $ Quick & Easy $ Apple $ Tree Nut $ Walnut $ Fall $ Healthy $ Endive $ Kidney Friendly $ Vegan $ Vegetarian $ Pescatarian $ Paleo $ Dairy Free $ Wheat/Gluten-Free $ Peanut Free $ Soy Free $ No Sugar Added $ Kosher $ ,Italian $ ,4/4,3,Salad $ Leafy Green $ Nut $ Appetizer $ Quick & Easy $ Apple $ Tree Nut $ Walnut $ Fall $ Healthy $ Endive $ Kidney Friendly $ Vegan $ Vegetarian $ Pescatarian $ Paleo $ Dairy Free $ Wheat/Gluten-Free $ Peanut Free $ Soy Free $ No Sugar Added $ Kosher $ Italian $ 
https://www.epicurious.com/recipes/food/views/mustard-crusted-branzino-51205300,Mustard-Crusted Branzino ,"1/4 cup olive oil $ 2 tablespoons whole grain mustard $ 1 garlic clove, finely grated $ 1 tablespoon chopped fresh thyme $ 1 cup coarse fresh breadcrumbs, preferably sourdough $ Kosher salt, freshly ground pepper $ freshly ground pepper $ 2 1 1/2–2 pound whole branzino or trout, butterflied $ Lemon wedges (for serving) $ ",Fish $ Mustard $ Bake $ Quick & Easy $ Dinner $ Trout $ Bon Appétit $ Christmas Eve $ Sugar Conscious $ Pescatarian $ Dairy Free $ Peanut Free $ Tree Nut Free $ Soy Free $ Kosher $ ,Italian $ ,3.5/4,11,Fish $ Mustard $ Bake $ Quick & Easy $ Dinner $ Trout $ Bon Appétit $ Christmas Eve $ Sugar Conscious $ Pescatarian $ Dairy Free $ Peanut Free $ Tree Nut Free $ Soy Free $ Kosher $ Italian $ 
https://www.epicurious.com/recipes/food/views/fregola-with-clams-51205100,Fregola with Clams ,"1 1/2 cups fregola (about 10 ounces) $ Kosher salt $ 1/2 cup olive oil, plus more for drizzling $ 2 garlic cloves, finely chopped $ 1 teaspoon crushed red pepper flakes $ 1/2 cup dry white wine $ 24 littleneck clams, scrubbed $ 2 tablespoons chopped fresh flat-leaf parsley $ 1/2 teaspoon finely grated lemon zest $ ",Pasta $ Dinner $ Clam $ Bon Appétit $ Sugar Conscious $ Pescatarian $ Dairy Free $ Peanut Free $ Tree Nut Free $ Soy Free $ Diabetes-Friendly $ ,Italian $ ,3.5/4,6,Pasta $ Dinner $ Clam $ Bon Appétit $ Sugar Conscious $ Pescatarian $ Dairy Free $ Peanut Free $ Tree Nut Free $ Soy Free $ Diabetes-Friendly $ Italian $ 
https://www.epicurious.com/recipes/food/views/cavatelli-with-pork-ragu-51205230,Cavatelli with Pork Ragù ,"1 1 1/2-pound boneless pork shoulder (Boston butt), cut into 1 1/2"" pieces $ Kosher salt, freshly ground pepper $ 1/4 cup olive oil, plus more $ 1/2 medium onion, finely chopped $ 1 carrot, peeled, finely chopped $ 1 celery stalk, finely chopped $ 1 garlic clove, finely chopped $ 1 sprig rosemary $ 1 sprig oregano $ 1 bay leaf $ 1 14-ounce can crushed tomatoes $ 1/2 cup dry red wine $ 1/4 teaspoon black peppercorns $ 1/4 teaspoon ground nutmeg $ 1/8 teaspoon ground cloves $ 1 pound cavatelli or other small shell pasta $ 1/3 cup dried currants soaked in 1/2 cup hot water (optional) $ 1 bunch Tuscan kale, ribs and stems removed, torn into 2"" pieces $ 1/4 cup (1/2 stick) unsalted butter $ 1/2 cup grated Parmesan, plus more $ ",Pasta $ Pork $ Dinner $ Potluck $ Bon Appétit $ Peanut Free $ Tree Nut Free $ Soy Free $ ,Italian $ ,4/4,12,Pasta $ Pork $ Dinner $ Potluck $ Bon Appétit $ Peanut Free $ Tree Nut Free $ Soy Free $ Italian $ 
https://www.epicurious.com/recipes/food/views/white-beans-with-broccoli-rabe-and-lemon-51205290,White Beans with Broccoli Rabe and Lemon ,"3 tablespoons olive oil $ 1 small lemon, very thinly sliced, seeds removed $ 2 anchovy fillets packed in oil $ 4 garlic cloves, thinly sliced $ 1/2 bunch broccoli rabe, chopped $ Kosher salt, freshly ground pepper $ 2 15-ounce cans cannellini (white kidney) beans, rinsed $ 1/2 cup fresh flat-leaf parsley leaves $ 2 tablespoons finely grated Parmesan, plus more for serving $ Crushed red pepper flakes (optional) $ ",Bean $ Side $ Kid-Friendly $ Quick & Easy $ Low Cal $ High Fiber $ Lunch $ Healthy $ Broccoli Rabe $ Bon Appétit $ Pescatarian $ Wheat/Gluten-Free $ Peanut Free $ Tree Nut Free $ Soy Free $ No Sugar Added $ Kosher $ ,Italian $ ,3/4,30,Bean $ Side $ Kid-Friendly $ Quick & Easy $ Low Cal $ High Fiber $ Lunch $ Healthy $ Broccoli Rabe $ Bon Appétit $ Pescatarian $ Wheat/Gluten-Free $ Peanut Free $ Tree Nut Free $ Soy Free $ No Sugar Added $ Kosher $ Italian $ 
https://www.epicurious.com/recipes/food/views/pork-shoulder-aldiavolo-51205450,Pork Shoulder Al'Diavolo ,"1 skinless, boneless pork shoulder (Boston butt; about 6 pounds) $ Kosher salt $ 1 tablespoon black peppercorns $ 1 tablespoon coriander seeds $ 1 tablespoon crushed red pepper flakes $ 1 tablespoon dried oregano $ 1 tablespoon yellow mustard seeds $ 1/2 cup olive oil $ 6 garlic cloves, peeled, crushed $ 1 tablespoon finely grated lemon zest $ 2 teaspoons smoked paprika $ A spice mill or mortar and pestle $ ",Pork $ Roast $ Christmas $ Dinner $ Meat $ Spice $ Coffee Grinder $ Bon Appétit $ Sugar Conscious $ Paleo $ Dairy Free $ Wheat/Gluten-Free $ Peanut Free $ Tree Nut Free $ Soy Free $ No Sugar Added $ ,Italian $ ,3.5/4,12,Pork $ Roast $ Christmas $ Dinner $ Meat $ Spice $ Coffee Grinder $ Bon Appétit $ Sugar Conscious $ Paleo $ Dairy Free $ Wheat/Gluten-Free $ Peanut Free $ Tree Nut Free $ Soy Free $ No Sugar Added $ Italian $ 
https://www.epicurious.com/recipes/food/views/baked-sardines-in-pepperonata-51205500,Baked Sardines in Pepperonata ,"4 red bell peppers $ 1/2 cup olive oil, plus more for drizzling $ 1/2 medium red onion, thinly sliced $ 2 garlic cloves, thinly sliced $ Kosher salt, freshly ground pepper $ 2 tablespoons tomato paste $ 1 tablespoon sugar $ 1/2 cup dry white wine $ 1/2 cup white wine vinegar $ 2 tablespoons chopped fresh flat-leaf parsley $ 2 tablespoons drained capers $ 1/2 teaspoons dried oregano $ 8 whole fresh sardines, scaled, gutted, deboned $ Chopped fresh dill and grilled crusty bread (for serving) $ ",Appetizer $ Bake $ Christmas $ Christmas Eve $ Seafood $ Fish $ Bell Pepper $ Sardine $ Bon Appétit $ White Wine $ ,Italian $ ,4/4,2,Appetizer $ Bake $ Christmas $ Christmas Eve $ Seafood $ Fish $ Bell Pepper $ Sardine $ Bon Appétit $ White Wine $ Italian $ 
https://www.epicurious.com/recipes/food/views/struffoli-51203810,Struffoli ,"2 tablespoons semolina $ 6 eggs $ 1 tablespoon sugar $ zest 1 unwaxed lemon, finely grated $ 2 tablespoons olive oil $ 3–3 1/3 cups flour, plus more for rolling $ 1/2 teaspoon baking powder $ 2 1/2–3 quarts flavorless vegetable oil, for frying $ 1 1/2 cups honey $ approx. 2 teaspoons Christmas sprinkles, to decorate $ ",Dessert $ Fry $ Christmas $ Kid-Friendly $ Edible Gift $ Honey $ Christmas Eve $ Kidney Friendly $ Vegetarian $ Pescatarian $ Dairy Free $ Peanut Free $ Tree Nut Free $ Soy Free $ Kosher $ ,Italian $ ,4/4,3,Dessert $ Fry $ Christmas $ Kid-Friendly $ Edible Gift $ Honey $ Christmas Eve $ Kidney Friendly $ Vegetarian $ Pescatarian $ Dairy Free $ Peanut Free $ Tree Nut Free $ Soy Free $ Kosher $ Italian $ 
https://www.epicurious.com/recipes/food/views/osso-buco-milanese-51194610,Osso Buco Milanese ,"4 veal shank pieces, about 12 ounces each $ Salt as needed $ Freshly ground black pepper as needed $ Flour as needed for dredging veal shanks $ 3 tablespoons olive oil $ 1 cup diced yellow onion $ 1/2 cup diced carrot $ 4 teaspoons minced garlic $ 3 tablespoons tomato paste $ 3/4 cup dry white wine $ 4 cups beef or chicken broth $ 1 teaspoon finely grated lemon zest $ 3 tablespoons chopped flat-leaf parsley $ 2 anchovy fillets, chopped $ ",Tomato $ Braise $ Dinner $ Veal $ White Wine $ Fall $ Winter $ Sugar Conscious $ Dairy Free $ Peanut Free $ Tree Nut Free $ Soy Free $ Kosher $ ,Italian $ Northern Italian $ ,4/4,1,Tomato $ Braise $ Dinner $ Veal $ White Wine $ Fall $ Winter $ Sugar Conscious $ Dairy Free $ Peanut Free $ Tree Nut Free $ Soy Free $ Kosher $ Italian $ Northern Italian $ 
https://www.epicurious.com/recipes/food/views/eggplant-parmesan-with-fresh-mozzarella-51193670,Eggplant Parmesan with Fresh Mozzarella ,"3/4 cup plus 2 tablespoons olive oil, divided $ 1 medium onion, finely chopped $ 10 garlic cloves, 2 finely chopped, 8 whole $ 2 tablespoons tomato paste $ 1 (28-ounce) can whole peeled tomatoes $ Kosher salt, freshly ground pepper $ 4 medium or 8 small eggplants (about 4 pounds), halved lengthwise $ 8 sprigs oregano $ 1 1/4 cups coarse fresh breadcrumbs $ 12 ounces fresh mozzarella, torn into bite-size pieces $ 3 ounces Parmesan, finely grated (about 3/4 cup) $ ",Side $ Kid-Friendly $ Dinner $ Lunch $ Mozzarella $ Parmesan $ Eggplant $ Fall $ Winter $ Bon Appétit $ Vegetarian $ Pescatarian $ Peanut Free $ Tree Nut Free $ Soy Free $ Kosher $ Cheese Week $ ,Italian $ ,3.5/4,27,Side $ Kid-Friendly $ Dinner $ Lunch $ Mozzarella $ Parmesan $ Eggplant $ Fall $ Winter $ Bon Appétit $ Vegetarian $ Pescatarian $ Peanut Free $ Tree Nut Free $ Soy Free $ Kosher $ Cheese Week $ Italian $ 
https://www.epicurious.com/recipes/food/views/squash-and-bean-minestrone-51193630,Squash and Bean Minestrone ,"2 smoked ham hocks (about 1 1/2 pounds) $ 1 pound dried navy or cannellini (white kidney) beans $ 1/4 cup plus 2 tablespoons olive oil plus more for drizzling $ 1 large onion, finely chopped $ 2 leeks, white and pale-green parts only, finely chopped $ 2 small celery stalks with leaves (from celery heart), chopped $ Kosher salt, freshly ground pepper $ 2 garlic cloves, finely chopped $ 1 butternut squash (about 2 1/2 pounds), peeled, cut into 1/2"" pieces $ 1 pound green beans, trimmed, cut into 1"" pieces $ 8 cups low-sodium chicken broth $ 1 pound small pasta (such as tiny shells or pipette) $ 1 cup chopped fresh flat-leaf parsley, divided $ 2 bunches flat-leaf spinach, thick stems removed $ Arugula Salsa Verde (for serving) $ ",Soup/Stew $ Bean $ Kid-Friendly $ Dinner $ Lunch $ Ham $ Fall $ Winter $ Bon Appétit $ Peanut Free $ Tree Nut Free $ Soy Free $ No Sugar Added $ ,Italian $ ,3/4,9,Soup/Stew $ Bean $ Kid-Friendly $ Dinner $ Lunch $ Ham $ Fall $ Winter $ Bon Appétit $ Peanut Free $ Tree Nut Free $ Soy Free $ No Sugar Added $ Italian $ 
https://www.epicurious.com/recipes/food/views/lasagne-bolognese-51193620,Lasagna Bolognese ,"1 large onion, coarsely chopped $ 1 medium carrot, peeled, coarsely chopped $ 1 celery stalk, coarsely chopped $ 2 tablespoons olive oil $ 1 pound ground beef chuck $ 1 pound ground pork $ 4 ounces pancetta (Italian bacon), finely chopped $ Kosher salt, freshly ground pepper $ 1 cup dry white wine $ 1 cup whole milk $ 1 14.5-ounce can crushed tomatoes $ 3 cups low-sodium chicken broth, divided $ 1/2 teaspoons kosher salt $ 3 cups all-purpose flour, plus more $ 4 large eggs, room temperature $ 5 tablespoons unsalted butter $ 1/4 cup all-purpose flour $ 4 cups whole milk, warmed $ Pinch of freshly ground nutmeg $ Kosher salt $ Kosher salt $ Unsalted butter, room temperature (for dish) $ 2 cups finely grated Parmesan $ A pasta maker $ ",Pasta $ Bake $ Kid-Friendly $ Dinner $ Ground Beef $ Bon Appétit $ Peanut Free $ Tree Nut Free $ Soy Free $ ,Italian $ ,3.5/4,66,Pasta $ Bake $ Kid-Friendly $ Dinner $ Ground Beef $ Bon Appétit $ Peanut Free $ Tree Nut Free $ Soy Free $ Italian $ 
https://www.epicurious.com/recipes/food/views/seafood-en-brodo-with-tarragon-pesto-51193680,Seafood en Brodo with Tarragon Pesto ,"4 pounds fish bones $ 4 medium onions, chopped $ 4 fennel bulbs, chopped $ 4 small carrots (about 8 ounces), chopped $ 1/2 cup olive oil, divided $ Kosher salt, freshly ground pepper $ freshly ground pepper $ 1 teaspoon saffron threads $ 2 leeks, white and pale-green parts only, halved lengthwise, thinly sliced crosswise $ 4 garlic cloves, thinly sliced $ 1 cup dry vermouth $ 8 fresh flat-leaf parsley stems $ 4 1"" strips lemon zest removed with a vegetable peeler $ 2 bay leaves $ 2 teaspoons black peppercorns $ 1 garlic clove, chopped $ 1 cup fresh flat-leaf parsley leaves $ 1/2 cup fresh tarragon leaves $ 1/4 cup extra-virgin olive oil $ Kosher salt, freshly ground pepper $ freshly ground pepper $ 3 1/2 pounds clams or cockles, scrubbed $ 8 4-ounce firm fish fillets (such as halibut, snapper, or cod) $ Kosher salt, freshly ground pepper $ freshly ground pepper $ Olive oil (for drizzling) $ 8 slices country-style bread, toasted $ ",Soup/Stew $ Fish $ Shellfish $ Christmas $ Dinner $ Seafood $ Clam $ Fall $ Winter $ Tarragon $ Christmas Eve $ Bon Appétit $ Pescatarian $ Dairy Free $ Peanut Free $ Tree Nut Free $ Soy Free $ ,Italian $ ,3/4,2,Soup/Stew $ Fish $ Shellfish $ Christmas $ Dinner $ Seafood $ Clam $ Fall $ Winter $ Tarragon $ Christmas Eve $ Bon Appétit $ Pescatarian $ Dairy Free $ Peanut Free $ Tree Nut Free $ Soy Free $ Italian $ 
https://www.epicurious.com/recipes/food/views/old-school-garlic-bread-51193650,Old-School Garlic Bread ,"1/2 cup (1 stick) unsalted butter $ 1/4 cup extra-virgin olive oil $ 2 garlic cloves, peeled, crushed $ Large handful of fresh flat-leaf parsley leaves, finely chopped $ 1 baguette $ Kosher salt $ Finely grated Parmesan $ ",Garlic $ Appetizer $ Side $ Kid-Friendly $ Quick & Easy $ Bon Appétit $ Sugar Conscious $ Kidney Friendly $ Vegetarian $ Pescatarian $ Peanut Free $ Tree Nut Free $ Soy Free $ Kosher $ ,Italian $ ,3.5/4,19,Garlic $ Appetizer $ Side $ Kid-Friendly $ Quick & Easy $ Bon Appétit $ Sugar Conscious $ Kidney Friendly $ Vegetarian $ Pescatarian $ Peanut Free $ Tree Nut Free $ Soy Free $ Kosher $ Italian $ 
https://www.epicurious.com/recipes/food/views/strisce-alla-chiantigiana-51193410,Strisce alla Chiantigiana ,"8 ounces pappardelle or 12 ounces spaghetti $ Kosher salt $ 1 tablespoon olive oil plus more for serving $ 1/2 red onion, thinly sliced $ 4 ounces pancetta, cut into 1/4"" pieces $ Freshly ground black pepper $ 1 1/2 cups Chianti or other dry red wine $ 1/4 cup low-sodium chicken broth $ 1/2 cup grated Parmesan (about 2 ounces) plus more, shaved, for serving $ ",Wine $ Pasta $ Dinner $ Ham $ Bon Appétit $ Sugar Conscious $ Peanut Free $ Tree Nut Free $ Soy Free $ ,Italian $ ,3/4,2,Wine $ Pasta $ Dinner $ Ham $ Bon Appétit $ Sugar Conscious $ Peanut Free $ Tree Nut Free $ Soy Free $ Italian $ 
https://www.epicurious.com/recipes/food/views/fresh-pasta-51187280,Fresh Pasta ,"1 cup plus 2 tablespoons fine durum wheat flour or all-purpose flour plus more for dusting $ 1 cup semolina flour (pasta flour) $ Fine durum wheat flour is available at natural foods stores and some specialty foods stores. Semolina flour is available at Italian markets, specialty foods stores, and some supermarkets. $ ",Dinner $ Bon Appétit $ ,Italian $ ,0/4,0,Dinner $ Bon Appétit $ Italian $ 
https://www.epicurious.com/recipes/food/views/orecchiette-carbonara-with-charred-brussels-sprouts-51187460,Orecchiette Carbonara with Charred Brussels Sprouts ,"2 tablespoons olive oil, divided $ 1/2 pound Brussels sprouts, trimmed, leaves separated $ 12 ounces fresh orecchiette or other fresh or dried small pasta $ Kosher salt $ 2 ounces guanciale (salt-cured pork jowl) or pancetta (Italian bacon), finely chopped (about 1/4 cup) $ 1/2 teaspoon coarsely ground black pepper $ 1/4 cup (1/2 stick) unsalted butter, cut into pieces $ 1/3 cup grated Pecorino plus more $ 2 large egg yolks, beaten to blend $ ",Pasta $ Dinner $ Fall $ Brussels Sprout $ Bon Appétit $ Sugar Conscious $ Peanut Free $ Tree Nut Free $ Soy Free $ No Sugar Added $ ,Italian $ ,3.5/4,25,Pasta $ Dinner $ Fall $ Brussels Sprout $ Bon Appétit $ Sugar Conscious $ Peanut Free $ Tree Nut Free $ Soy Free $ No Sugar Added $ Italian $ 
https://www.epicurious.com/recipes/food/views/strozzapreti-with-spinach-and-preserved-lemon-51187290,Strozzapreti with Spinach and Preserved Lemon ,"2 tablespoons olive oil $ 8 tablespoons (1 stick) unsalted butter, divided $ 1 garlic clove, crushed $ 1/2 teaspoon crushed red pepper flakes, divided $ 3/4 cup panko (Japanese breadcrumbs) $ 1 teaspoon finely grated lemon zest $ Kosher salt, freshly ground pepper $ 12 ounces fresh strozzapreti or other fresh or dried pasta $ 2 bunches flat-leaf spinach, trimmed, large leaves torn in half (about 8 cups), divided $ 1 tablespoon (or more) fresh lemon juice $ 1 tablespoon (or more) thinly sliced preserved lemon peel $ ",Pasta $ Vegetable $ Vegetarian $ Dinner $ Lemon $ Spinach $ Bon Appétit $ Sugar Conscious $ Pescatarian $ Kosher $ ,Italian $ ,3/4,8,Pasta $ Vegetable $ Vegetarian $ Dinner $ Lemon $ Spinach $ Bon Appétit $ Sugar Conscious $ Pescatarian $ Kosher $ Italian $ 
https://www.epicurious.com/recipes/food/views/calamari-with-roasted-tomato-sauce-51188410,Calamari with Roasted Tomato Sauce ,"2 cups whole peeled tomatoes $ 2 cloves garlic, chopped $ 2 tablespoons fine sea salt $ 2 tablespoons crushed red pepper $ 4 cups all-purpose flour $ 4 tablespoons fine sea salt $ 2 tablespoons freshly ground black pepper $ 1 to 2 quarts peanut or vegetable oil for frying $ 16 cleaned calamari (squid), bodies cut into 1/2-inch-wide rings, tentacles left whole $ 4 large eggs, lightly beaten $ Lemon wedges (optional) $ Large baking sheet, deep-fry thermometer $ ",Shellfish $ Tomato $ Appetizer $ Fry $ Seafood $ Squid $ Deep-Fry $ Pescatarian $ Dairy Free $ Tree Nut Free $ Soy Free $ No Sugar Added $ ,Italian $ ,1/4,2,Shellfish $ Tomato $ Appetizer $ Fry $ Seafood $ Squid $ Deep-Fry $ Pescatarian $ Dairy Free $ Tree Nut Free $ Soy Free $ No Sugar Added $ Italian $ 
https://www.epicurious.com/recipes/food/views/orecchiette-with-squash-chiles-and-hazelnuts-51187120,"Orecchiette with Squash, Chiles, and Hazelnuts ","1/4 cup blanched hazelnuts $ 12 ounces fresh orecchiette or other fresh or dried small pasta $ Kosher salt $ 2 tablespoons olive oil $ 1/2 small butternut squash, peeled, cut into 1/2"" pieces (about 2 cups) $ 2 garlic cloves, thinly sliced $ 1/2 teaspoon crushed red pepper flakes, divided $ 1/4 cup (1/2 stick) unsalted butter, cut into pieces $ 1 tablespoon fresh lemon juice $ 1/4 cup grated Parmesan plus more for serving $ 4 tablespoons torn fresh mint leaves, divided $ Freshly ground pepper $ ",Pasta $ Roast $ Dinner $ Squash $ Butternut Squash $ Fall $ Hazelnut $ Advance Prep Required $ Bon Appétit $ Vegetarian $ Pescatarian $ Peanut Free $ Soy Free $ No Sugar Added $ Kosher $ ,Italian $ ,3.5/4,7,Pasta $ Roast $ Dinner $ Squash $ Butternut Squash $ Fall $ Hazelnut $ Advance Prep Required $ Bon Appétit $ Vegetarian $ Pescatarian $ Peanut Free $ Soy Free $ No Sugar Added $ Kosher $ Italian $ 
https://www.epicurious.com/recipes/food/views/roasted-red-pepper-panzanella-51187130,Roasted Red Pepper Panzanella ,"4 large red or orange bell peppers (about 2 pounds) $ 8 tablespoons olive oil, divided $ Kosher salt, freshly ground pepper $ 1/2 small red onion, thinly sliced $ 2 garlic cloves, finely chopped $ 2 tablespoons red wine vinegar $ 1/4 teaspoon crushed red pepper flakes $ 2 tablespoons fresh oregano and savory leaves, divided $ 1/2 loaf country-style bread (about 12 ounces), torn into pieces $ 1 ounce thinly sliced spicy salumi (such as soppressata) $ 4 ounces fresh mozzarella, preferably buffalo, torn into pieces $ ",Salad $ Roast $ Picnic $ Lunch $ Mozzarella $ Bell Pepper $ Bon Appétit $ Vegetarian $ Pescatarian $ Peanut Free $ Tree Nut Free $ Soy Free $ Kosher $ ,Italian $ ,4/4,4,Salad $ Roast $ Picnic $ Lunch $ Mozzarella $ Bell Pepper $ Bon Appétit $ Vegetarian $ Pescatarian $ Peanut Free $ Tree Nut Free $ Soy Free $ Kosher $ Italian $ 
https://www.epicurious.com/recipes/food/views/garlic-bread-51174200,Garlic Bread ,"2 large garlic cloves, finely chopped $ 1/2 stick (1/4 cup) unsalted butter, well softened $ 1 tablespoon extra-virgin olive oil $ 2 tablespoons finely chopped flat-leaf parsley $ 1 (15"") loaf Italian bread (about 3 1/2"" wide) $ 4 tablespoons grated Parmesan $ ",Bread $ Garlic $ Appetizer $ Side $ Bake $ Quick & Easy $ Parmesan $ Sugar Conscious $ Vegetarian $ Pescatarian $ Peanut Free $ Tree Nut Free $ Soy Free $ Kosher $ ,Italian $ ,3/4,1,Bread $ Garlic $ Appetizer $ Side $ Bake $ Quick & Easy $ Parmesan $ Sugar Conscious $ Vegetarian $ Pescatarian $ Peanut Free $ Tree Nut Free $ Soy Free $ Kosher $ Italian $ 
https://www.epicurious.com/recipes/food/views/grilled-pasta-with-grilled-meatballs-51177600,Grilled Pasta with Grilled Meatballs ,"2 pounds ground sirloin $ 2 eggs $ 4 tablespoons freshly grated Parmesan cheese $ 4 tablespoons finely chopped fresh flat-leaf parsley $ 2 teaspoons dried oregano $ 1 tablespoon finely chopped fresh basil leaves $ 2 cups finely chopped yellow onion $ 2 cups finely ground dried bread crumbs $ 2 large garlic cloves, minced $ 2 teaspoons coarse sea salt, preferably gray salt $ 1/4 teaspoon freshly ground black pepper $ 2 cups water, plus more if needed $ 5 tablespoons kosher salt $ 1 pound dried spaghetti $ 4 tablespoons extra-virgin olive oil $ 2 cups Grilled Tomato Sauce $ 4 tablespoons grated pecorino cheese $ ",Beef $ Pasta $ Tomato $ Kid-Friendly $ Backyard BBQ $ Ground Beef $ Summer $ Grill $ Grill/Barbecue $ ,Italian $ ,1/4,0,Beef $ Pasta $ Tomato $ Kid-Friendly $ Backyard BBQ $ Ground Beef $ Summer $ Grill $ Grill/Barbecue $ Italian $ 
https://www.epicurious.com/recipes/food/views/tozzetti-51170360,Tozzetti ,"1 tablespoon baking powder $ 1/4 teaspoon kosher salt $ 1 3/4 cups all-purpose flour plus more for work surface $ 3/4 cup sugar $ 1/4 cup (1/2 stick) unsalted butter, room temperature $ 2 large eggs $ 1 1/4 cups blanched almonds $ ",Cookies $ Nut $ Dessert $ Bake $ Christmas $ Tree Nut $ Almond $ Edible Gift $ Christmas Eve $ Bon Appétit $ Kidney Friendly $ Vegetarian $ Pescatarian $ Peanut Free $ Soy Free $ Kosher $ ,Italian $ ,4/4,6,Cookies $ Nut $ Dessert $ Bake $ Christmas $ Tree Nut $ Almond $ Edible Gift $ Christmas Eve $ Bon Appétit $ Kidney Friendly $ Vegetarian $ Pescatarian $ Peanut Free $ Soy Free $ Kosher $ Italian $ 
https://www.epicurious.com/recipes/food/views/spaghetti-with-parsley-pesto-51170240,Spaghetti with Parsley Pesto ,"1 pound spaghetti $ Kosher salt $ 1/2 cup unsalted, roasted almonds $ 4 cups (packed) fresh flat-leaf parsley leaves $ 3/4 cup chopped fresh chives $ 3/4 cup extra-virgin olive oil $ 1/2 cup finely grated Parmesan $ Freshly ground black pepper $ ",Pasta $ Quick & Easy $ Dinner $ Lunch $ Almond $ Healthy $ Parsley $ Bon Appétit $ Sugar Conscious $ Vegetarian $ Pescatarian $ Peanut Free $ Soy Free $ No Sugar Added $ Kosher $ ,Italian $ ,3.5/4,16,Pasta $ Quick & Easy $ Dinner $ Lunch $ Almond $ Healthy $ Parsley $ Bon Appétit $ Sugar Conscious $ Vegetarian $ Pescatarian $ Peanut Free $ Soy Free $ No Sugar Added $ Kosher $ Italian $ 
https://www.epicurious.com/recipes/food/views/pasta-allamatriciana-51170320,Pasta All'Amatriciana ,"2 28-ounces cans whole peeled tomatoes $ 1 medium onion, finely chopped $ 4 ounces guanciale (salt-cured pork jowl), finely chopped $ 4 ounces pancetta (Italian bacon), finely chopped $ 1/4 cup olive oil $ 1 teaspoon crushed red pepper flakes $ 1/4 cup tomato paste $ 1 cup dry white wine $ 1 teaspoon sugar (optional) $ Kosher salt, freshly ground pepper $ 1 pound penne or other tube-shaped pasta $ Finely grated Pecorino or Parmesan $ ingredient info: Guanciale is available at specialty foods stores and online sources. $ ",Pasta $ Pork $ Sauté $ Dinner $ Boil $ Bon Appétit $ Peanut Free $ Tree Nut Free $ Soy Free $ ,Italian $ Northern Italian $ ,2.5/4,8,Pasta $ Pork $ Sauté $ Dinner $ Boil $ Bon Appétit $ Peanut Free $ Tree Nut Free $ Soy Free $ Italian $ Northern Italian $ 
https://www.epicurious.com/recipes/food/views/cioppino-51149290,Cioppino ,"2 tablespoons olive oil $ 1 medium onion, finely chopped $ 4 garlic cloves, chopped $ 1 teaspoon dried basil $ 1 teaspoon dried oregano $ 1/2 teaspoons crushed red pepper flakes $ 1 cup dry white wine $ 1 28-ounce can whole peeled tomatoes $ 2 8-ounce bottles clam juice $ 4 sprigs flat-leaf parsley $ 2 bay leaves $ Kosher salt, freshly ground pepper $ 2 tablespoons olive oil $ 1 medium shallot, finely chopped $ 2 garlic cloves, thinly sliced $ 2 pounds any mix of mussels (debearded), clams, or cockles, scrubbed $ 1/4 cup dry white wine $ 1 pound firm skinless white fish fillets (such as sea bass), cut into 1"" pieces $ 1 pound large shrimp, peeled, deveined, tails left intact $ 1/4 cup (1/2 stick) unsalted butter, cut into 1/2"" cubes $ Kosher salt, freshly ground pepper $ Flat-leaf parsley leaves (for serving) $ Toasted country bread, rubbed with garlic and olive oil (for serving) $ ",Soup/Stew $ Fish $ Garlic $ Shellfish $ Tomato $ Dinner $ Seafood $ Mussel $ Shrimp $ White Wine $ Simmer $ Bon Appétit $ Pescatarian $ Peanut Free $ Tree Nut Free $ Soy Free $ ,Italian $ ,3.5/4,11,Soup/Stew $ Fish $ Garlic $ Shellfish $ Tomato $ Dinner $ Seafood $ Mussel $ Shrimp $ White Wine $ Simmer $ Bon Appétit $ Pescatarian $ Peanut Free $ Tree Nut Free $ Soy Free $ Italian $ 
https://www.epicurious.com/recipes/food/views/italian-vegetable-stew-51149120,Italian Vegetable Stew ,"1/2 1-pound loaf sourdough bread, torn into 2"" pieces (about 6 cups) $ 1 bunch collard greens, center ribs and stems removed $ 1 bunch Tuscan or other kale, center ribs and stems removed $ Kosher salt $ 1/2 cup olive oil, divided, plus more for serving $ 2 medium carrots, peeled, finely chopped $ 2 celery stalks, finely chopped $ 1 leek, white and pale-green parts only, chopped $ 4 garlic cloves, chopped $ 1/2 teaspoons crushed red pepper flakes $ 1 28-ounce can whole peeled tomatoes, drained $ 8 cups low-sodium vegetable broth $ 3 15-ounce cans cannellini (white kidney) beans, rinsed $ 4 sprigs thyme $ 1 sprig marjoram or oregano $ 1 bay leaf $ Freshly ground black pepper $ Shaved Parmesan (for serving) $ ",Soup/Stew $ Bean $ Leafy Green $ Tomato $ Vegetable $ Dinner $ Kale $ Collard Greens $ Bon Appétit $ Peanut Free $ Tree Nut Free $ Soy Free $ ,Italian $ ,3.5/4,32,Soup/Stew $ Bean $ Leafy Green $ Tomato $ Vegetable $ Dinner $ Kale $ Collard Greens $ Bon Appétit $ Peanut Free $ Tree Nut Free $ Soy Free $ Italian $ 
https://www.epicurious.com/recipes/food/views/orecchiette-with-kale-and-breadcrumbs-51143610,Orecchiette with Kale and Breadcrumbs ,"1 pound Tuscan kale, or other variety (about 2 large bunches), stems trimmed $ Kosher salt $ 5 tablespoons olive oil, divided, plus more for drizzling $ 1 cup coarse fresh breadcrumbs $ 3 garlic cloves, chopped, divided $ Freshly ground black pepper $ 2 tablespoons (1/4 stick) unsalted butter $ 4 anchovy fillets packed in oil, drained $ 1/4 teaspoons crushed red pepper flakes $ 1 pound orecchiette (little ear-shaped pasta) $ 3/4 cup finely grated Parmesan or Grana Padano $ ",Pasta $ Dinner $ Kale $ Anchovy $ Breadcrumbs $ Bon Appétit $ Pescatarian $ Peanut Free $ Tree Nut Free $ Soy Free $ Kosher $ ,Italian $ ,3.5/4,24,Pasta $ Dinner $ Kale $ Anchovy $ Breadcrumbs $ Bon Appétit $ Pescatarian $ Peanut Free $ Tree Nut Free $ Soy Free $ Kosher $ Italian $ 
https://www.epicurious.com/recipes/food/views/fiorentini-with-butternut-squash-51143810,Fiorentini with Butternut Squash ,2 tablespoons olive oil $ 2 tablespoons unsalted butter $ 5 cups shredded butternut squash (from about 1/2 peeled medium squash; shredded with the coarse grating attachment on a food processor or on a box grater) $ 1/4 cup thinly sliced fresh sage $ 1 pound fiorentini or other short curled pasta $ Kosher salt $ 1/2 cup finely grated Parmesan or Grana Padano plus more $ ,Pasta $ Vegetarian $ Kid-Friendly $ Dinner $ Squash $ Butternut Squash $ Low Cholesterol $ Sage $ Bon Appétit $ Pescatarian $ Peanut Free $ Tree Nut Free $ Soy Free $ No Sugar Added $ Kosher $ ,Italian $ ,2.5/4,15,Pasta $ Vegetarian $ Kid-Friendly $ Dinner $ Squash $ Butternut Squash $ Low Cholesterol $ Sage $ Bon Appétit $ Pescatarian $ Peanut Free $ Tree Nut Free $ Soy Free $ No Sugar Added $ Kosher $ Italian $ 
https://www.epicurious.com/recipes/food/views/creamy-pappardelle-with-leeks-and-bacon-51143620,Creamy Pappardelle with Leeks and Bacon ,"2 tablespoons olive oil $ 1 tablespoon unsalted butter $ 4 slices thick-cut bacon, cut into 1/2"" pieces $ 2 medium leeks, white and pale-green parts only, halved lengthwise, sliced crosswise $ Kosher salt $ 3/4 cup heavy cream $ 2 teaspoons chopped fresh thyme $ 1 pound pappardelle or fettuccine $ 1 cup finely grated Parmesan or Grana Padano $ ",Milk/Cream $ Pasta $ Kid-Friendly $ Quick & Easy $ Dinner $ Bacon $ Leek $ Winter $ Bon Appétit $ Peanut Free $ Tree Nut Free $ Soy Free $ No Sugar Added $ ,Italian $ ,3.5/4,57,Milk/Cream $ Pasta $ Kid-Friendly $ Quick & Easy $ Dinner $ Bacon $ Leek $ Winter $ Bon Appétit $ Peanut Free $ Tree Nut Free $ Soy Free $ No Sugar Added $ Italian $ 
https://www.epicurious.com/recipes/food/views/ditalini-with-chickpeas-and-garlic-rosemary-oil-51143800,Ditalini with Chickpeas and Garlic-Rosemary Oil ,"1 medium onion, quartered $ 1 medium carrot, peeled, cut into 1"" pieces $ 1 celery stalk, cut into 1"" pieces $ 6 garlic cloves, 4 whole, 2 chopped $ 1/2 cup flat-leaf parsley leaves $ 1/4 teaspoons crushed red pepper flakes $ 1/2 cup olive oil, divided $ Kosher salt $ 2 tablespoons tomato paste $ 2 15-ounce cans chickpeas, rinsed $ 1 pound ditalini or elbow macaroni $ 1 tablespoon chopped fresh rosemary $ ",Garlic $ Pasta $ Kid-Friendly $ Dinner $ Rosemary $ Chickpea $ Bon Appétit $ Vegan $ Vegetarian $ Pescatarian $ Dairy Free $ Peanut Free $ Tree Nut Free $ Soy Free $ No Sugar Added $ Kosher $ ,Italian $ ,2.5/4,13,Garlic $ Pasta $ Kid-Friendly $ Dinner $ Rosemary $ Chickpea $ Bon Appétit $ Vegan $ Vegetarian $ Pescatarian $ Dairy Free $ Peanut Free $ Tree Nut Free $ Soy Free $ No Sugar Added $ Kosher $ Italian $ 
https://www.epicurious.com/recipes/food/views/rigatoni-with-spicy-calabrese-style-pork-ragu-51143440,Rigatoni with Spicy Calabrese-Style Pork Ragù ,"1 medium onion, quartered $ 1 carrot, peeled, cut into 1"" pieces $ 1 celery stalk, cut into 1"" pieces $ 4 garlic cloves $ 2 teaspoons fresh oregano leaves $ 1/4 teaspoons crushed red pepper flakes $ 1/2 cup coarsely chopped flat-leaf parsley, divided $ 1 28-ounce can whole peeled tomatoes $ 1/4 cup olive oil $ 1 pound hot or sweet Italian sausage, casings removed $ 1 pound ground pork $ Kosher salt, freshly ground pepper $ 1 tablespoon tomato paste $ 1 pound mezzi rigatoni or penne rigate $ 3/4 cup finely grated Parmesan or Grana Padano plus more $ ",Pasta $ Pork $ Dinner $ Sausage $ Simmer $ Boil $ Bon Appétit $ Peanut Free $ Tree Nut Free $ Soy Free $ No Sugar Added $ ,Italian $ Southern Italian $ ,3.5/4,62,Pasta $ Pork $ Dinner $ Sausage $ Simmer $ Boil $ Bon Appétit $ Peanut Free $ Tree Nut Free $ Soy Free $ No Sugar Added $ Italian $ Southern Italian $ 
https://www.epicurious.com/recipes/food/views/ricotta-gnudi-with-pomodoro-sauce-51143450,Ricotta Gnudi with Pomodoro Sauce ,"16 ounces ricotta (about 2 cups) $ 1 large egg, beaten to blend $ 1 large egg yolk, beaten to blend $ 1/2 teaspoons freshly ground black pepper $ 1/2 cup finely grated Parmesan or Grana Padano plus more $ 1/2 teaspoons kosher salt plus more $ 1/2 cup all-purpose flour plus more $ 3 cups Quick Pomodoro Sauce $ ",Pasta $ Kid-Friendly $ Dinner $ Parmesan $ Ricotta $ Boil $ Bon Appétit $ Sugar Conscious $ Kidney Friendly $ Vegetarian $ Pescatarian $ Peanut Free $ Tree Nut Free $ Soy Free $ No Sugar Added $ Kosher $ ,Italian $ ,3.5/4,24,Pasta $ Kid-Friendly $ Dinner $ Parmesan $ Ricotta $ Boil $ Bon Appétit $ Sugar Conscious $ Kidney Friendly $ Vegetarian $ Pescatarian $ Peanut Free $ Tree Nut Free $ Soy Free $ No Sugar Added $ Kosher $ Italian $ 
https://www.epicurious.com/recipes/food/views/swiss-chard-malfatti-with-sage-brown-butter-51133800,Swiss Chard Malfatti with Sage Brown Butter ,"6 bunches Swiss chard, center ribs and stems removed (about 2 1/2 pounds), or two 10-ounce packages frozen chopped spinach, thawed $ 2 teaspoons kosher salt plus more $ 1/2 cup (1 stick) unsalted butter, divided $ 1 1/4 cups whole-milk ricotta, drained $ 4-5 large egg yolks $ 1 large egg $ 1/4 cup all-purpose flour plus more $ 12 sage leaves, thinly sliced $ Freshly ground black pepper $ Finely grated Parmesan $ Cheesecloth $ ",Food Processor $ Dinner $ Parmesan $ Ricotta $ Sage $ Chard $ Bon Appétit $ Sugar Conscious $ Peanut Free $ Tree Nut Free $ Soy Free $ No Sugar Added $ ,Italian $ ,2.5/4,2,Food Processor $ Dinner $ Parmesan $ Ricotta $ Sage $ Chard $ Bon Appétit $ Sugar Conscious $ Peanut Free $ Tree Nut Free $ Soy Free $ No Sugar Added $ Italian $ 
https://www.epicurious.com/recipes/food/views/braised-italian-style-pot-roast-51119610,Braised Italian-Style Pot Roast ,"One 5-inch sprig fresh thyme $ 5 fresh Italian, flat leafed parsley stems $ 2 dried bay leaves or 1 fresh bay leaf $ One 5-inch sprig fresh rosemary $ 2 juniper berries, crushed $ One 2-pound piece shoulder of beef, bottom round, or pot roast $ Kosher salt and freshly ground black pepper $ All-purpose flour for dusting $ 5 tablespoons butter $ 1 cup coarsely chopped celery (about 2 stalks) $ 1 1/4 cups coarsely chopped onion (1 medium-size onion) $ 1/2 cup coarsely chopped carrot (1 medium-size carrot) $ 1 bottle (750ml) dry red wine $ 1/2 cup dried porcini mushrooms, coarsely chopped and soaked in 1 cup warm water $ 1 tablespoon tomato paste $ 2 cups canned whole or crushed plum tomatoes $ Chicken broth or water as needed $ 2 tablespoons arrowroot or cornstarch $ 1/4 cup dry red or white wine $ ",Beef $ Tomato $ Braise $ Dinner $ Meat $ Fall $ Winter $ Peanut Free $ Tree Nut Free $ Soy Free $ ,Italian $ ,3.5/4,23,Beef $ Tomato $ Braise $ Dinner $ Meat $ Fall $ Winter $ Peanut Free $ Tree Nut Free $ Soy Free $ Italian $ 
https://www.epicurious.com/recipes/food/views/linguine-with-clam-sauce-51119600,Linguine with Clam Sauce ,"1 pound linguine $ 1/2 cup plus 1 tablespoon olive oil $ 6 cloves garlic, finely chopped $ 1/4 cup dry white wine $ 18 littleneck or chowder clams $ Kosher salt and freshly ground black pepper $ 1 tablespoon chopped fresh Italian, flat leafed parsley $ ",Pasta $ Shellfish $ Sauté $ Dinner $ Seafood $ Clam $ Boil $ Sugar Conscious $ Pescatarian $ Dairy Free $ Peanut Free $ Tree Nut Free $ Soy Free $ ,Italian $ ,4/4,12,Pasta $ Shellfish $ Sauté $ Dinner $ Seafood $ Clam $ Boil $ Sugar Conscious $ Pescatarian $ Dairy Free $ Peanut Free $ Tree Nut Free $ Soy Free $ Italian $ 
https://www.epicurious.com/recipes/food/views/plum-and-polenta-cake-51119620,Plum and Polenta Cake ,"1/2 cup plus 2 tablespoons finely ground cornmeal or semolina flour $ 1 cup all-purpose flour $ 1 1/2 teaspoons baking powder $ Pinch of kosher salt $ 13 tablespoons butter, softened $ 3/4 cup granulated sugar $ 4 large egg yolks $ 2 large eggs $ 1 teaspoon grated lemon zest $ 1 teaspoon pure vanilla extract $ 4 plums, cut in half and pitted $ 2 tablespoons packed light brown sugar $ ",Cake $ Dessert $ Bake $ Plum $ Hominy/Cornmeal/Masa $ Kidney Friendly $ Vegetarian $ Pescatarian $ Peanut Free $ Tree Nut Free $ Soy Free $ Kosher $ ,Italian $ ,3.5/4,21,Cake $ Dessert $ Bake $ Plum $ Hominy/Cornmeal/Masa $ Kidney Friendly $ Vegetarian $ Pescatarian $ Peanut Free $ Tree Nut Free $ Soy Free $ Kosher $ Italian $ 
https://www.epicurious.com/recipes/food/views/garlic-shrimp-and-white-beans-51117810,Garlic Shrimp and White Beans ,"6 tablespoons olive oil, divided $ 3 garlic cloves, minced, divided $ 2 dried chiles de árbol $ 1 bay leaf, preferably fresh $ 1 1/4 cups chopped tomato (about 8 ounces) $ Kosher salt, freshly ground pepper $ 1 tablespoon tomato paste $ 2 15-ounce cans white beans (such as cannellini), rinsed, drained $ 1 cup low-sodium chicken broth $ 1 pound medium shrimp $ 1 teaspoon smoked paprika $ 2 tablespoons chopped flat-leaf parsley $ Grilled bread (optional) $ Ingredient info: Dried chiles de árbol are available at Latin markets, specialty foods stores, and some supermarkets. $ ",Garlic $ Quick & Easy $ Dinner $ Shrimp $ Bon Appétit $ Sugar Conscious $ Dairy Free $ Peanut Free $ Tree Nut Free $ Soy Free $ Diabetes-Friendly $ ,Italian $ ,3.5/4,44,Garlic $ Quick & Easy $ Dinner $ Shrimp $ Bon Appétit $ Sugar Conscious $ Dairy Free $ Peanut Free $ Tree Nut Free $ Soy Free $ Diabetes-Friendly $ Italian $ 
https://www.epicurious.com/recipes/food/views/margarita-pizza-51112270,Margarita Pizza ,"2 tablespoons flour, for the work surface $ 1 ball Pizza Dough $ 1 tablespoon semolina flour, for the pizza paddle $ 2 tablespoons olive oil, for brushing the dough $ 1/2 cup Tomato Sauce $ 8 ounces fresh mozzarella cheese, drained and cut into 6 chunks (not slices) $ 1/4 cup grated pecorino romano cheese $ Salt and freshly ground black pepper $ 8 Genovese basil leaves (see Note, following) $ Extra-virgin olive oil, for drizzling $ ",Cheese $ Tomato $ Bake $ Vegetarian $ Kid-Friendly $ Backyard BBQ $ Dinner $ Lunch $ Basil $ Grill $ Grill/Barbecue $ ,Italian $ ,2.5/4,9,Cheese $ Tomato $ Bake $ Vegetarian $ Kid-Friendly $ Backyard BBQ $ Dinner $ Lunch $ Basil $ Grill $ Grill/Barbecue $ Italian $ 
https://www.epicurious.com/recipes/food/views/italian-buttercream-51113210,Italian Buttercream ,"3/4 cup sugar $ 5 large egg whites $ 2 cups (4 sticks) unsalted butter, cut into small pieces, at room temperature $ 1 1/2 teaspoons pure vanilla extract $ ",Mixer $ Dairy $ Egg $ Dessert $ Butter $ Kidney Friendly $ Vegetarian $ Pescatarian $ Wheat/Gluten-Free $ Peanut Free $ Tree Nut Free $ Soy Free $ Kosher $ ,Italian $ ,3/4,2,Mixer $ Dairy $ Egg $ Dessert $ Butter $ Kidney Friendly $ Vegetarian $ Pescatarian $ Wheat/Gluten-Free $ Peanut Free $ Tree Nut Free $ Soy Free $ Kosher $ Italian $ 
https://www.epicurious.com/recipes/food/views/zabaglione-51112670,Zabaglione ,4 large egg yolks $ 1/4 cup sugar $ 1/2 cup Marsala wine $ ,Egg $ Dessert $ Vegetarian $ Marsala $ Kidney Friendly $ Pescatarian $ Dairy Free $ Wheat/Gluten-Free $ Peanut Free $ Tree Nut Free $ Soy Free $ Kosher $ ,Italian $ ,0/4,0,Egg $ Dessert $ Vegetarian $ Marsala $ Kidney Friendly $ Pescatarian $ Dairy Free $ Wheat/Gluten-Free $ Peanut Free $ Tree Nut Free $ Soy Free $ Kosher $ Italian $ 
https://www.epicurious.com/recipes/food/views/ricotta-filled-ravioli-ravioli-di-ricotta-51112640,Ricotta-Filled Ravioli (Ravioli di Ricotta) ,"1 pound fresh ricotta, drained if wet $ Pinch of freshly grated nutmeg $ 1 teaspoon freshly grated lemon zest (from about 1/2 a lemon) $ 1 cup freshly grated Parmigiano-Reggiano, plus more for serving $ 1 large egg, plus 1 large egg lightly beaten with 2 tablespoons water $ Salt and freshly ground black pepper $ N/A freshly ground black pepper $ 3 2/3 cups all-purpose flour $ 2 large eggs $ 2 egg yolks $ 1 tablespoon olive oil (optional) $ ",Pasta Maker $ Egg $ Kid-Friendly $ Parmesan $ Ricotta $ Boil $ ,Italian $ ,3.5/4,14,Pasta Maker $ Egg $ Kid-Friendly $ Parmesan $ Ricotta $ Boil $ Italian $ 
https://www.epicurious.com/recipes/food/views/pesto-51112200,Pesto ,"1 small garlic clove, sliced $ 4 cups loosely packed fresh basil $ 1/2 cup freshly grated Pecorino Romano $ 1/2 cup freshly grated Parmigiano-Reggiano $ 1/4 cup pine nuts, toasted $ 1 cup extra-virgin olive oil $ Kosher salt $ ",Sauce $ Cheese $ Garlic $ Vegetarian $ Parmesan $ Basil $ Pine Nut $ ,Italian $ ,4/4,7,Sauce $ Cheese $ Garlic $ Vegetarian $ Parmesan $ Basil $ Pine Nut $ Italian $ 
https://www.epicurious.com/recipes/food/views/veal-osso-buco-ossobuco-alla-milanese-51112230,Veal Osso Buco (Ossobuco alla Milanese) ,"1/2 cup olive oil $ 4 (1 1/2-inch-thick) pieces center cut veal osso buco $ Salt and freshly ground black pepper $ 1/2 cup all-purpose flour $ 1 medium onion, minced $ 1 medium leek, white and light green parts only, washed and minced $ 2 carrots, diced $ 2 celery stalks, diced $ 1 cup dry white wine $ 4 whole fresh sage leaves $ 2 sprigs fresh rosemary $ 1 dry bay leaf $ 3 tablespoons fresh flat leaf parsley, chopped $ 2 cups peeled and crushed plum tomatoes $ 1 cup veal or chicken stock or low-sodium broth $ 1 teaspoon finely grated lemon zest $ ",Herb $ Onion $ Tomato $ Braise $ Dinner $ Veal $ Celery $ Carrot $ White Wine $ Fall $ Winter $ Dairy Free $ Peanut Free $ Tree Nut Free $ Soy Free $ Kosher $ ,Italian $ Northern Italian $ ,3.5/4,5,Herb $ Onion $ Tomato $ Braise $ Dinner $ Veal $ Celery $ Carrot $ White Wine $ Fall $ Winter $ Dairy Free $ Peanut Free $ Tree Nut Free $ Soy Free $ Kosher $ Italian $ Northern Italian $ 
https://www.epicurious.com/recipes/food/views/potato-gnocchi-51112650,Potato Gnocchi ,"3 pounds russet or other starchy potatoes, peeled $ Kosher salt $ 1 1/2 cups all-purpose or ""00"" flour, plus more as needed $ 2 large eggs, plus 1 large egg yolk $ Freshly ground nutmeg $ 3/4 cup (1 1/2 sticks) unsalted butter $ 8 torn fresh sage leaves $ 3/4 cup grated Parmigiano-Reggiano cheese $ ",Egg $ Potato $ Vegetarian $ Kid-Friendly $ Dinner $ Sage $ Boil $ Butter $ Sugar Conscious $ Pescatarian $ Peanut Free $ Tree Nut Free $ Soy Free $ No Sugar Added $ Kosher $ ,Italian $ ,0/4,1,Egg $ Potato $ Vegetarian $ Kid-Friendly $ Dinner $ Sage $ Boil $ Butter $ Sugar Conscious $ Pescatarian $ Peanut Free $ Tree Nut Free $ Soy Free $ No Sugar Added $ Kosher $ Italian $ 
https://www.epicurious.com/recipes/food/views/seafood-risotto-risotto-ai-fruitti-di-mare-51112620,Seafood Risotto (Risotto ai Fruitti di Mare) ,"2 1/2 cups fish or vegetable stock $ 1/3 cup olive oil $ 3 tablespoons unsalted butter $ 1 small onion, minced (about 1/2 cup) $ 1 1/3 cups Carnaroli or Vialone Nano rice $ 1/2 cup dry white wine $ 8 small clams, such as Manila $ 8 mussels, scrubbed and debearded $ 4 ounces squid, cleaned and cut into thin rings $ 4 medium sea scallops $ 1/2 cup peeled, crushed, and seeded plum tomatoes $ 1/2 cup loosely packed chopped fresh flat-leaf parsley $ 1/2 teaspoon chopped garlic $ 1 tablespoon brandy $ 1 tablespoon extra-virgin olive oil $ 1/2 cup freshly grated Parmigiano-Reggiano, optional $ Salt and freshly ground black pepper $ N/A freshly ground black pepper $ ",Rice $ Shellfish $ Tomato $ Seafood $ Clam $ Mussel $ Scallop $ Squid $ Simmer $ ,Italian $ ,4/4,10,Rice $ Shellfish $ Tomato $ Seafood $ Clam $ Mussel $ Scallop $ Squid $ Simmer $ Italian $ 
https://www.epicurious.com/recipes/food/views/sicilian-style-tuna-steaks-tonno-alla-ghiotta-51112430,Sicilian-Style Tuna Steaks (Tonno alla Ghiotta) ,"6 tablespoons extra-virgin olive oil $ 4 (5- to 6-ounce) tuna steaks $ Salt and freshly ground black pepper $ 1 large onion, sliced (about 1 cup) $ 2 garlic cloves, minced $ 3 tablespoons salted capers, soaked in water for 10 minutes and drained $ 3 tablespoons minced pitted green olives $ 1/4 cup raisins $ 5 plum tomatoes, peeled, seeded, and chopped $ 1 cup fish stock or water, as needed $ 2 tablespoons fresh flat-leaf parsley, coarsely chopped $ 4 to 5 fresh basil leaves, torn $ 1/3 cup pine nuts, toasted $ ",Fish $ Olive $ Onion $ Tomato $ Sauté $ Dinner $ Raisin $ Seafood $ Tuna $ Healthy $ Capers $ Paleo $ Dairy Free $ Wheat/Gluten-Free $ Peanut Free $ Soy Free $ No Sugar Added $ ,Italian $ Southern Italian $ ,4/4,10,Fish $ Olive $ Onion $ Tomato $ Sauté $ Dinner $ Raisin $ Seafood $ Tuna $ Healthy $ Capers $ Paleo $ Dairy Free $ Wheat/Gluten-Free $ Peanut Free $ Soy Free $ No Sugar Added $ Italian $ Southern Italian $ 
https://www.epicurious.com/recipes/food/views/classic-tiramisu-51112660,Classic Tiramisu ,"6 large egg yolks, room temperature $ 1/2 cup sugar $ 16 ounces mascarpone cheese $ 4 large egg whites $ 2 ounces Kahlúa or dark rum, optional $ 12 to 14 (4-inch) ladyfingers $ 1 1/2 cups brewed espresso (or 3/4 cup American coffee and 3/4 cup espresso), room temperature $ Unsweetened cocoa powder, for garnish $ ",Coffee $ Rum $ Egg $ Dessert $ Vegetarian $ Pescatarian $ Peanut Free $ Tree Nut Free $ Soy Free $ Kosher $ ,Italian $ ,3/4,10,Coffee $ Rum $ Egg $ Dessert $ Vegetarian $ Pescatarian $ Peanut Free $ Tree Nut Free $ Soy Free $ Kosher $ Italian $ 
https://www.epicurious.com/recipes/food/views/veal-saltimbocca-saltimbocca-alla-romana-51112240,Veal Saltimbocca (Saltimbocca alla Romana) ,"1 pound veal loin, cut into 8 (2-ounce) pieces $ 16 fresh sage leaves $ 16 slices prosciutto $ All-purpose flour, as needed $ 1/2 cup olive oil $ 1 cup chicken stock or low-sodium broth $ 4 tablespoons (1/2 stick) unsalted butter $ ",Sauté $ Dinner $ Meat $ Veal $ Prosciutto $ Sage $ Sugar Conscious $ Peanut Free $ Tree Nut Free $ Soy Free $ No Sugar Added $ ,Italian $ ,0/4,0,Sauté $ Dinner $ Meat $ Veal $ Prosciutto $ Sage $ Sugar Conscious $ Peanut Free $ Tree Nut Free $ Soy Free $ No Sugar Added $ Italian $ 
https://www.epicurious.com/recipes/food/views/risotto-milanese-style-risotta-alla-milanese-51112210,Risotto Milanese-Style (Risotta alla Milanese) ,"6 cups chicken stock or low-sodium broth $ 1/4 cup olive oil $ 1 small onion, minced (about 1/2 cup) $ 2 1/2 cups Carnaroli or Vialone Nano rice $ 3/4 tablespoon saffron threads, crumbled $ 3/4 cup dry white wine $ 5 tablespoons unsalted butter $ 3 ounces freshly grated Parmigiano-Reggiano (about 3/4 cup) $ Salt and freshly ground black pepper $ Beef marrow for garnish (optional) $ ",Onion $ Rice $ Parmesan $ White Wine $ Simmer $ ,Italian $ Northern Italian $ ,3/4,2,Onion $ Rice $ Parmesan $ White Wine $ Simmer $ Italian $ Northern Italian $ 
https://www.epicurious.com/recipes/food/views/fettuccine-with-neapolitan-meat-sauce-fettuccine-con-ragu-alla-napoletana-51112420,Fettuccine with Neapolitan Meat Sauce (Fettuccine con Ragu alla Napoletana) ,"3 tablespoons extra virgin olive oil $ 2 pounds boneless beef rump or bottom round $ Kosher salt $ 1 fresh red chile, seeded and chopped $ 1 garlic clove $ 1 medium onion, chopped $ 1/4 cup tomato paste $ 1/2 cup dry white wine $ 4 cups fresh or canned peeled tomatoes, seeded and crushed, juices reserved $ 1 pound fettuccine $ ",Beef $ Pasta $ Tomato $ Kid-Friendly $ Dinner $ Winter $ Simmer $ Boil $ Dairy Free $ Peanut Free $ Tree Nut Free $ Soy Free $ Kosher $ ,Italian $ ,3/4,2,Beef $ Pasta $ Tomato $ Kid-Friendly $ Dinner $ Winter $ Simmer $ Boil $ Dairy Free $ Peanut Free $ Tree Nut Free $ Soy Free $ Kosher $ Italian $ 
https://www.epicurious.com/recipes/food/views/orecchiette-with-broccoli-rabe-orecchiette-con-cime-di-rapa-51112630,Orecchiette with Broccoli Rabe (Orecchiette con Cime di Rapa) ,"1 pound broccoli rabe $ 1 1/2 pounds dried orecchiette $ Kosher salt $ 1/2 cup extra-virgin olive oil $ 4 garlic cloves, sliced $ 1 teaspoon red pepper flakes (optional) $ 3/4 cup freshly grated Pecorino Romano $ ",Cheese $ Pasta $ Vegetarian $ Dinner $ Broccoli Rabe $ Boil $ Pescatarian $ Peanut Free $ Tree Nut Free $ Soy Free $ No Sugar Added $ Kosher $ ,Italian $ ,0/4,0,Cheese $ Pasta $ Vegetarian $ Dinner $ Broccoli Rabe $ Boil $ Pescatarian $ Peanut Free $ Tree Nut Free $ Soy Free $ No Sugar Added $ Kosher $ Italian $ 
https://www.epicurious.com/recipes/food/views/fish-soup-brodo-di-pesce-51112450,Fish Soup (Brodo di Pesce) ,"4 tablespoons extra-virgin olive oil $ 2 pounds firm white fish fillet, such as red snapper or sea bream $ 1/2 pound scallops, muscle tabs removed, cut in half if large $ 1/2 pound shrimp, cleaned and tails removed $ 1/2 pound squid, cleaned and cut into bite-size pieces $ 3 garlic cloves, minced $ 1/4 teaspoon crushed saffron threads $ 2 dozen littleneck clams, scrubbed $ 2 dozen mussels, scrubbed and debearded $ 1 cup dry white wine $ 1 teaspoon dried red pepper flakes $ 3 Roma tomatoes, peeled, seeded, and chopped $ 1/4 cup loosely packed fresh flat-leaf parsley, coarsely chopped $ 1/4 cup loosely packed fresh basil leaves, torn $ 4 cups fish stock or water, as needed $ Kosher salt and freshly ground black pepper $ ",Soup/Stew $ Fish $ Shellfish $ Tomato $ Dinner $ Lunch $ Seafood $ Clam $ Mussel $ Scallop $ Shrimp $ Squid $ Christmas Eve $ Simmer $ Sugar Conscious $ Paleo $ Dairy Free $ Wheat/Gluten-Free $ Peanut Free $ Tree Nut Free $ Soy Free $ ,Italian $ ,0/4,0,Soup/Stew $ Fish $ Shellfish $ Tomato $ Dinner $ Lunch $ Seafood $ Clam $ Mussel $ Scallop $ Shrimp $ Squid $ Christmas Eve $ Simmer $ Sugar Conscious $ Paleo $ Dairy Free $ Wheat/Gluten-Free $ Peanut Free $ Tree Nut Free $ Soy Free $ Italian $ 
https://www.epicurious.com/recipes/food/views/neapolitan-style-pizza-pizza-alla-napoletana-51111000,Neapolitan-Style Pizza (Pizza alla Napoletana) ,"1 1/2 cups warm water, about 70°F $ 1 (1/4-ounce) envelope active dry yeast $ 1/4 cup extra-virgin olive oil, plus more for greasing as needed $ 4 1/2 cups all-purpose or ""00"" flour, plus more as needed $ 1 teaspoon kosher salt $ 1 pound fresh buffalo mozzarella, sliced $ 1 (15-ounce) can crushed San Marzano tomatoes $ 10 to 12 fresh basil leaves, torn $ 1 teaspoon dried Sicilian oregano, crumbled $ Freshly ground black pepper (optional) $ ",Cheese $ Tomato $ Bake $ Vegetarian $ Kid-Friendly $ Basil $ ,Italian $ ,2.5/4,8,Cheese $ Tomato $ Bake $ Vegetarian $ Kid-Friendly $ Basil $ Italian $ 
https://www.epicurious.com/recipes/food/views/vegetable-minestrone-with-pesto-51111400,Vegetable Minestrone with Pesto ,"1/2 cup olive oil $ 1/2 large onion, chopped (about 1 cup) $ 1 large stalk celery, chopped (about 1/2 cup) $ 1 large carrot, chopped (about 1/2 cup) $ 1 small leek, white and pale green parts only, washed and chopped (about 1/2 cup) $ 1 large russet potato, peeled and diced (about 1 cup) $ 1/2 cup loosely packed fresh flat-leaf parsley, coarsely chopped $ 1/2 cup fava beans (freshly shelled, or soaked if dry) $ 1 cup canned crushed plum tomatoes, with their juices $ 1 medium zucchini, trimmed and chopped (about 1 1/2 cups) $ 1/2 cup fresh green beans, cut into 1-inch-long pieces $ 1/2 cup shelled fresh or frozen peas $ 1 cup loosely packed chopped fresh spinach (or any fresh greens with stems removed if necessary) $ One roughly 2-inch-square Parmigiano-Reggiano rind, rinsed $ Salt and freshly ground black pepper $ 1/4 cup pesto $ ",Soup/Stew $ Bean $ Potato $ Tomato $ Vegetarian $ Lunch $ Spinach $ Zucchini $ Pescatarian $ Wheat/Gluten-Free $ Peanut Free $ Tree Nut Free $ Soy Free $ No Sugar Added $ Kosher $ ,Italian $ ,2/4,0,Soup/Stew $ Bean $ Potato $ Tomato $ Vegetarian $ Lunch $ Spinach $ Zucchini $ Pescatarian $ Wheat/Gluten-Free $ Peanut Free $ Tree Nut Free $ Soy Free $ No Sugar Added $ Kosher $ Italian $ 
https://www.epicurious.com/recipes/food/views/air-dried-beef-with-robiola-and-arugula-bresaola-con-robiola-fresca-e-rucola-51111200,Air-Dried Beef with Robiola and Arugula (Bresaola con Robiola Fresca e Rucola) ,"1 pound very thinly sliced bresaola $ 4 to 5 cups loosely packed fresh baby arugula $ 4 to 5 tablespoons extra-virgin olive oil $ 2 to 3 tablespoons lemon juice $ Salt and freshly ground black pepper $ 1 (8-ounce) piece Robiola, cut into bite-sized pieces $ ",Salad $ Beef $ Cheese $ Leafy Green $ No-Cook $ Arugula $ ,Italian $ ,0/4,0,Salad $ Beef $ Cheese $ Leafy Green $ No-Cook $ Arugula $ Italian $ 
https://www.epicurious.com/recipes/food/views/nonna-marys-ciambella-395729,Nonna Mary's Ciambella ,3 cups all-purpose flour $ 3/4 cup sugar $ 2 tablespoons whole milk $ 2 eggs $ 1 tablespoon baking powder $ 1/4 teaspoon salt $ 12 tablespoons (1 1/2 sticks) unsalted butter $ Grated zest of 1 lemon $ 1 egg yolk $ ,Bread $ Bake $ ,Italian $ ,3.5/4,2,Bread $ Bake $ Italian $ 
https://www.epicurious.com/recipes/food/views/baked-tomatoes-395749,Baked Tomatoes ,"1/2 loaf Italian bread (about 8 ounces) $ 5 to 6 sprigs flat-leaf Italian parsley $ 1 medium clove garlic $ 1 tablespoon capers $ 1 teaspoon salt $ 3 tablespoons extra-virgin olive oil, or more as needed $ 2 large tomatoes or 4 small ones $ ",Tomato $ Vegetable $ Side $ Bake $ Vegetarian $ Condiment $ Capers $ Advance Prep Required $ Sugar Conscious $ Vegan $ Pescatarian $ Dairy Free $ Peanut Free $ Tree Nut Free $ Soy Free $ Kosher $ ,Italian $ ,4/4,6,Tomato $ Vegetable $ Side $ Bake $ Vegetarian $ Condiment $ Capers $ Advance Prep Required $ Sugar Conscious $ Vegan $ Pescatarian $ Dairy Free $ Peanut Free $ Tree Nut Free $ Soy Free $ Kosher $ Italian $ 
https://www.epicurious.com/recipes/food/views/gnudi-395072,Gnudi ,"1 pound semolina flour $ 1 pound sheep's-milk ricotta $ A 1-ounce chunk of Parmesan, finely grated $ 1 teaspoon kosher salt $ 7 tablespoons slightly chilled unsalted butter $ 20 good-sized sage leaves $ Kosher salt $ A handful of finely grated Parmesan $ Parchment paper; disposable piping bag (or a resealable plastic bag) $ ",Cheese $ Dairy $ Vegetarian $ Dinner $ Parmesan $ Ricotta $ Sage $ Boil $ Butter $ Advance Prep Required $ ,Italian $ ,3/4,11,Cheese $ Dairy $ Vegetarian $ Dinner $ Parmesan $ Ricotta $ Sage $ Boil $ Butter $ Advance Prep Required $ Italian $ 
https://www.epicurious.com/recipes/food/views/the-silkiest-carbonara-395077,The Silkiest Carbonara ,"1/4 pound guanciale (salt-cured pork jowl) or pancetta, cut into 1/3"" cubes $ 7 large egg yolks $ 1 large egg $ 1 pound rigatoni $ Kosher salt $ 1/2 cup finely grated Pecorino or Parmesan plus more for garnish $ 3/4 teaspoon freshly ground green peppercorns $ 3/4 teaspoon freshly ground pink pepper $ 1/2 teaspoon freshly ground white pepper $ Freshly ground black pepper $ Ingredient info: Guanciale is available at specialty foods stores, Italian markets, and zingermans.com. $ ",Cheese $ Egg $ Pasta $ Dinner $ Bon Appétit $ Sugar Conscious $ Peanut Free $ Tree Nut Free $ Soy Free $ No Sugar Added $ ,Italian $ ,3/4,7,Cheese $ Egg $ Pasta $ Dinner $ Bon Appétit $ Sugar Conscious $ Peanut Free $ Tree Nut Free $ Soy Free $ No Sugar Added $ Italian $ 
https://www.epicurious.com/recipes/food/views/classic-tomato-sauce-369172,Classic Tomato Sauce ,"1/4 cup olive oil $ 1 onion, finely diced $ 1 bay leaf $ 1 teaspoon chopped fresh oregano or 1/2 teaspoon dried $ 2 garlic cloves, roughly chopped $ 2 teaspoons salt or to taste $ 2 tablespoons tomato paste $ Two 26-ounce boxes Pomi Chopped Tomatoes or two 28-ounce cans whole plum tomatoes, chopped with their liquid $ ",Sauce $ Tomato $ ,Italian $ ,4/4,18,Sauce $ Tomato $ Italian $ 
https://www.epicurious.com/recipes/food/views/fried-mozzarella-skewers-369029,Fried Mozzarella Skewers ,"2 tablespoons extra-virgin olive oil $ 5 garlic cloves, chopped $ 4 anchovy fillets $ 3 tablespoons drained tiny capers $ 2 tablespoons unsalted butter $ 1/2 cup dry white wine $ 3 tablespoons lemon juice $ 8 slices firm white bread, crusts removed $ 12 ounces fresh mozzarella, thinly sliced $ All-purpose flour, for dredging $ 2 large eggs $ 2 tablespoons milk $ Vegetable oil, for frying $ 1 tablespoon chopped fresh Italian parsley $ ",Appetizer $ Mozzarella $ Pescatarian $ Peanut Free $ Tree Nut Free $ Soy Free $ Kosher $ ,Italian $ Italian American $ ,4/4,1,Appetizer $ Mozzarella $ Pescatarian $ Peanut Free $ Tree Nut Free $ Soy Free $ Kosher $ Italian $ Italian American $ 
https://www.epicurious.com/recipes/food/views/primantis-sandwich-369031,Primanti's Sandwich ,"3 cups very finely shredded Savoy cabbage $ 1 tablespoon cider vinegar $ 2 teaspoons extra-virgin olive oil $ 1/4 teaspoon celery seed, crushed $ 1/4 teaspoon kosher salt, plus more for seasoning $ 1/4 teaspoon sugar $ 2 small russet potatoes $ Vegetable oil, for frying $ 4 ounces capicola, sliced $ 4 ounces provolone, sliced $ 4 thick slices Italian bread (ideally, about 6 by 4 inches, not too crusty) $ 1 ripe tomato, sliced $ ",Sandwich $ Cheese $ Potato $ Lunch $ Vegetarian $ Pescatarian $ Peanut Free $ Tree Nut Free $ Soy Free $ Kosher $ ,Italian $ ,4/4,1,Sandwich $ Cheese $ Potato $ Lunch $ Vegetarian $ Pescatarian $ Peanut Free $ Tree Nut Free $ Soy Free $ Kosher $ Italian $ 
https://www.epicurious.com/recipes/food/views/cioppino-368957,Cioppino ,"1 teaspoon fennel seeds $ 3 tablespoons olive oil $ 1 medium onion, finely chopped $ 1 small (or 1/2 large) fennel bulb, finely chopped $ 4 garlic cloves, coarsely chopped $ 3 bay leaves $ 1 teaspoon dried oregano $ 1/2 teaspoon crushed red pepper flakes $ Kosher salt and freshly ground black pepper $ 1 28-ounce can whole peeled tomatoes, crushed by hand, juices reserved $ 1 1/2 cups dry white wine $ 1 8-ounce bottle clam juice $ 1 pound skinless fillets haddock or U.S. Pacific cod, cut into 1"" pieces $ 1 pound mussels, scrubbed, debearded $ 1 pound large uncooked shrimp, peeled and deveined, or frozen king crab legs, thawed $ 1 pound cleaned squid, thawed if frozen, bodies cut into 1/2"" rings, tentacles left whole $ Country-style bread $ ",Soup/Stew $ Fish $ Shellfish $ Tomato $ Low Fat $ Quick & Easy $ Low Cal $ Dinner $ Seafood $ Mussel $ Shrimp $ Squid $ Healthy $ Simmer $ Bon Appétit $ Pescatarian $ Dairy Free $ Peanut Free $ Tree Nut Free $ Soy Free $ ,Italian $ ,3.5/4,20,Soup/Stew $ Fish $ Shellfish $ Tomato $ Low Fat $ Quick & Easy $ Low Cal $ Dinner $ Seafood $ Mussel $ Shrimp $ Squid $ Healthy $ Simmer $ Bon Appétit $ Pescatarian $ Dairy Free $ Peanut Free $ Tree Nut Free $ Soy Free $ Italian $ 
https://www.epicurious.com/recipes/food/views/striped-bass-with-heirloom-tomato-scampi-368670,Striped Bass with Heirloom Tomato Scampi ,"2 tablespoons olive oil $ 4 striped bass fillets (6 ounces each) $ Salt and freshly ground black pepper $ Grated zest and juice of 1 lemon $ 1/2 bunch thyme sprigs $ 3 tablespoons Roasted Garlic Oil (page 93) $ 6 garlic cloves, finely chopped $ 2 shallots, finely diced $ 1 tablespoon fennel seeds, toasted in a dry skillet $ 4 celery ribs, sliced 1/4 inch thick $ 1 tablespoon drained, chopped capers $ 1/4 cup dry white wine $ 1 tablespoon red wine vinegar $ Grated zest and juice of 1 lemon $ 3 pounds mixed heirloom tomatoes, cut in wedges $ 1 cup tightly packed hand-torn fresh basil leaves $ ",Fish $ Tomato $ High Fiber $ Low/No Sugar $ Dinner $ Healthy $ Pescatarian $ Dairy Free $ Wheat/Gluten-Free $ Peanut Free $ Tree Nut Free $ Soy Free $ Kosher $ ,Italian $ ,4/4,3,Fish $ Tomato $ High Fiber $ Low/No Sugar $ Dinner $ Healthy $ Pescatarian $ Dairy Free $ Wheat/Gluten-Free $ Peanut Free $ Tree Nut Free $ Soy Free $ Kosher $ Italian $ 
https://www.epicurious.com/recipes/food/views/d-i-y-ricotta-367133,D.I.Y. Ricotta ,4 cups whole milk $ 1 cup cream $ 1 1/2 teaspoons kosher salt $ 2-3 tablespoons lemon juice $ ,Condiment/Spread $ Milk/Cream $ Dairy $ Breakfast $ Side $ Vegetarian $ Bon Appétit $ Pescatarian $ Wheat/Gluten-Free $ Peanut Free $ Tree Nut Free $ Soy Free $ No Sugar Added $ Kosher $ ,Italian $ ,3/4,18,Condiment/Spread $ Milk/Cream $ Dairy $ Breakfast $ Side $ Vegetarian $ Bon Appétit $ Pescatarian $ Wheat/Gluten-Free $ Peanut Free $ Tree Nut Free $ Soy Free $ No Sugar Added $ Kosher $ Italian $ 
https://www.epicurious.com/recipes/food/views/sweet-corn-gelato-366749,Sweet-Corn Gelato ,"3 ears of sweet corn, preferably white, husked $ 3 1/2 cups (or more) whole milk $ 1 1/2 cups sugar, divided $ 1 cup heavy cream $ 8 large egg yolks $ 1 teaspoon kosher salt $ ",Ice Cream Machine $ Dairy $ Egg $ Dessert $ Freeze/Chill $ Backyard BBQ $ Frozen Dessert $ Corn $ Summer $ Bon Appétit $ Kidney Friendly $ Vegetarian $ Pescatarian $ Wheat/Gluten-Free $ Peanut Free $ Tree Nut Free $ Soy Free $ Kosher $ ,Italian $ ,4/4,9,Ice Cream Machine $ Dairy $ Egg $ Dessert $ Freeze/Chill $ Backyard BBQ $ Frozen Dessert $ Corn $ Summer $ Bon Appétit $ Kidney Friendly $ Vegetarian $ Pescatarian $ Wheat/Gluten-Free $ Peanut Free $ Tree Nut Free $ Soy Free $ Kosher $ Italian $ 
https://www.epicurious.com/recipes/food/views/grilled-panzanella-366695,Grilled Panzanella ,"1 1/2 cups small to medium fresh basil leaves, divided $ 2/3 cup plus 2 tablespoons extra-virgin olive oil, divided $ 1 large shallot, thinly sliced $ 1 small Fresno chile or red jalapeño, seeded, finely chopped $ 2 teaspoons finely grated lemon zest $ 2 tablespoons fresh lemon juice $ Kosher salt and freshly ground black pepper $ 3 pounds ripe tomatoes, assorted colors and sizes $ 1 12-ounce loaf rustic or sourdough bread, cut into 1/2""-thick slices $ 1 garlic clove, halved $ ",Salad $ Blender $ Tomato $ Side $ Fourth of July $ Vegetarian $ Mother's Day $ Graduation $ Father's Day $ Backyard BBQ $ Dinner $ Lunch $ Basil $ Spring $ Summer $ Family Reunion $ Grill $ Grill/Barbecue $ Healthy $ Potluck $ Bon Appétit $ Vegan $ Pescatarian $ Dairy Free $ Peanut Free $ Tree Nut Free $ Soy Free $ Kosher $ ,Italian $ ,3.5/4,5,Salad $ Blender $ Tomato $ Side $ Fourth of July $ Vegetarian $ Mother's Day $ Graduation $ Father's Day $ Backyard BBQ $ Dinner $ Lunch $ Basil $ Spring $ Summer $ Family Reunion $ Grill $ Grill/Barbecue $ Healthy $ Potluck $ Bon Appétit $ Vegan $ Pescatarian $ Dairy Free $ Peanut Free $ Tree Nut Free $ Soy Free $ Kosher $ Italian $ 
https://www.epicurious.com/recipes/food/views/fried-zucchini-blossoms-366402,Fried Zucchini Blossoms ,"Vegetable oil (for frying) $ 1 1/4 cups all-purpose flour $ 1 teaspoon kosher salt $ 12 ounce chilled Pilsner, lagerstyle beer, or club soda $ Zucchini blossoms (stamens removed; about 2 dozen) $ Sea salt $ **Ingredient info:**Zucchini blossoms are sold at farmers' markets, better supermarkets, and melissas.com. $ ",Beer $ Vegetable $ Appetizer $ Side $ Fry $ Cocktail Party $ Fourth of July $ Father's Day $ New Year's Day $ Dinner $ Spring $ Summer $ Shower $ Deep-Fry $ Engagement Party $ Party $ Bon Appétit $ ,Italian $ ,3.5/4,17,Beer $ Vegetable $ Appetizer $ Side $ Fry $ Cocktail Party $ Fourth of July $ Father's Day $ New Year's Day $ Dinner $ Spring $ Summer $ Shower $ Deep-Fry $ Engagement Party $ Party $ Bon Appétit $ Italian $ 
https://www.epicurious.com/recipes/food/views/prosecco-raspberry-gelee-366399,Prosecco-Raspberry Gelée ,"2 cups (9 ounces) fresh raspberries $ 3/4 cup plus 2 tablespoons. sugar, divided $ 2 tablespoons fresh lemon juice, divided $ 1 750-ml chilled bottle Prosecco (Italian sparkling wine), divided $ 3 1/2 teaspoon unflavored gelatin (measured from two 1/4-ounce envelopes) $ 3/4 teaspoon orange-flower water (optional) $ Ingredient info: Orange-flower water, a flavoring extract, is available in the cocktail-mixers or baking section of better supermarkets and at liquor stores and Middle Eastern markets. $ ",Wine $ Alcoholic $ Berry $ Dessert $ Christmas $ Cocktail Party $ Valentine's Day $ Oscars $ Mother's Day $ Wedding $ New Year's Eve $ Raspberry $ Sparkling Wine $ Fall $ Spring $ Summer $ Anniversary $ Birthday $ Shower $ Chill $ Christmas Eve $ Engagement Party $ Party $ Boil $ Advance Prep Required $ Bon Appétit $ Fat Free $ Kidney Friendly $ Dairy Free $ Wheat/Gluten-Free $ Peanut Free $ Tree Nut Free $ Soy Free $ ,Italian $ ,3.5/4,9,Wine $ Alcoholic $ Berry $ Dessert $ Christmas $ Cocktail Party $ Valentine's Day $ Oscars $ Mother's Day $ Wedding $ New Year's Eve $ Raspberry $ Sparkling Wine $ Fall $ Spring $ Summer $ Anniversary $ Birthday $ Shower $ Chill $ Christmas Eve $ Engagement Party $ Party $ Boil $ Advance Prep Required $ Bon Appétit $ Fat Free $ Kidney Friendly $ Dairy Free $ Wheat/Gluten-Free $ Peanut Free $ Tree Nut Free $ Soy Free $ Italian $ 
https://www.epicurious.com/recipes/food/views/espresso-granita-365750,Espresso Granita ,2 cups hot espresso or very strong coffee $ 1/2 cup plus 1 tablespoon sugar $ 1 teaspoon vanilla extract $ 1/2 cup chilled heavy whipping cream $ Bittersweet chocolate shavings $ ,Coffee $ Blender $ Chocolate $ Dessert $ Fourth of July $ Mother's Day $ Father's Day $ Frozen Dessert $ Summer $ Shower $ Engagement Party $ Party $ Bon Appétit $ Kidney Friendly $ Vegetarian $ Pescatarian $ Wheat/Gluten-Free $ Peanut Free $ Tree Nut Free $ Soy Free $ Kosher $ ,Italian $ ,4/4,2,Coffee $ Blender $ Chocolate $ Dessert $ Fourth of July $ Mother's Day $ Father's Day $ Frozen Dessert $ Summer $ Shower $ Engagement Party $ Party $ Bon Appétit $ Kidney Friendly $ Vegetarian $ Pescatarian $ Wheat/Gluten-Free $ Peanut Free $ Tree Nut Free $ Soy Free $ Kosher $ Italian $ 
https://www.epicurious.com/recipes/food/views/pistachio-strawberry-and-vanilla-semifreddo-365751,"Pistachio, Strawberry and Vanilla Semifreddo ","1 cup shelled unsalted pistachios $ 4 tablespoons sugar, divided, plus 1/2 cup $ 1 cup whole milk, divided $ 1/4 teaspoon almond extract $ 1 vanilla bean, halved lengthwise $ 1 cup fresh strawberries (about 4 ounces), hulled, halved $ 1 teaspoon vanilla extract $ 2 large eggs, at room temperature $ 1/4 teaspoon kosher salt $ 1 1/3 cups chilled heavy whipping cream $ ",Milk/Cream $ Food Processor $ Mixer $ Dessert $ Backyard BBQ $ Frozen Dessert $ Strawberry $ Pistachio $ Summer $ Shower $ Engagement Party $ Bon Appétit $ Kidney Friendly $ Vegetarian $ Pescatarian $ Wheat/Gluten-Free $ Peanut Free $ Soy Free $ Kosher $ ,Italian $ ,3.5/4,6,Milk/Cream $ Food Processor $ Mixer $ Dessert $ Backyard BBQ $ Frozen Dessert $ Strawberry $ Pistachio $ Summer $ Shower $ Engagement Party $ Bon Appétit $ Kidney Friendly $ Vegetarian $ Pescatarian $ Wheat/Gluten-Free $ Peanut Free $ Soy Free $ Kosher $ Italian $ 
https://www.epicurious.com/recipes/food/views/almond-granita-365749,Almond Granita ,"1 1/4 cups whole milk $ 1/2 cup slivered almonds (about 3 ounces), toasted, cooled, chopped $ 1/3 cup sugar $ 1/4 cup almond paste (not marzipan; about 2 1/2 ounces) $ 1 teaspoon almond extract $ ",Milk/Cream $ Blender $ Dessert $ Fourth of July $ Graduation $ Father's Day $ Frozen Dessert $ Almond $ Summer $ Healthy $ Bon Appétit $ Kidney Friendly $ Vegetarian $ Pescatarian $ Wheat/Gluten-Free $ Peanut Free $ Soy Free $ Kosher $ ,Italian $ ,3.5/4,4,Milk/Cream $ Blender $ Dessert $ Fourth of July $ Graduation $ Father's Day $ Frozen Dessert $ Almond $ Summer $ Healthy $ Bon Appétit $ Kidney Friendly $ Vegetarian $ Pescatarian $ Wheat/Gluten-Free $ Peanut Free $ Soy Free $ Kosher $ Italian $ 
https://www.epicurious.com/recipes/food/views/watermelon-granita-365729,Watermelon Granita ,4 cups (1 3/4 pounds) cubed seedless watermelon (from a 4 pound melon) $ 1/2 cup sugar $ 1 tablespoon fresh lime juice $ ,Blender $ Fourth of July $ Low Fat $ Vegetarian $ Kid-Friendly $ Graduation $ Father's Day $ Backyard BBQ $ Frozen Dessert $ Watermelon $ Spring $ Summer $ Healthy $ Vegan $ Bon Appétit $ ,Italian $ ,4/4,13,Blender $ Fourth of July $ Low Fat $ Vegetarian $ Kid-Friendly $ Graduation $ Father's Day $ Backyard BBQ $ Frozen Dessert $ Watermelon $ Spring $ Summer $ Healthy $ Vegan $ Bon Appétit $ Italian $ 
https://www.epicurious.com/recipes/food/views/stracciatella-gelato-365289,Stracciatella Gelato ,"2 cups whole milk $ 1 vanilla bean, split lengthwise $ 3/4 cup sugar $ 5 large egg yolks $ Pinch of kosher salt $ 1/2 cup chilled heavy whipping cream $ 1/3 cup bittersweet chocolate chips $ 2 teaspoons vegetable oil $ ",Milk/Cream $ Chocolate $ Egg $ Dessert $ Mother's Day $ Father's Day $ Backyard BBQ $ Frozen Dessert $ Summer $ Shower $ Party $ Candy Thermometer $ Bon Appétit $ Kidney Friendly $ Vegetarian $ Pescatarian $ Wheat/Gluten-Free $ Peanut Free $ Tree Nut Free $ Soy Free $ Kosher $ ,Italian $ ,4/4,2,Milk/Cream $ Chocolate $ Egg $ Dessert $ Mother's Day $ Father's Day $ Backyard BBQ $ Frozen Dessert $ Summer $ Shower $ Party $ Candy Thermometer $ Bon Appétit $ Kidney Friendly $ Vegetarian $ Pescatarian $ Wheat/Gluten-Free $ Peanut Free $ Tree Nut Free $ Soy Free $ Kosher $ Italian $ 
https://www.epicurious.com/recipes/food/views/classic-ragu-bolognese-365181,Classic Ragu Bolognese ,"2 tablespoons extra-virgin olive oil $ 2 medium onions, finely chopped (about 1 1/2 cups) $ 2 celery stalks, finely chopped (about 1 cup) $ 2 carrots, peeled, finely chopped (about 3/4 cup) $ 6 ounces ground beef (85% lean) $ 6 ounces ground veal $ 3 ounces thinly sliced pancetta, finely chopped $ 1/2 cup dry red wine $ 3 cups (about) beef stock or chicken stock, divided $ 3 tablespoons tomato paste $ Kosher salt and freshly ground black pepper $ 1 cup whole milk $ 1 pound tagliatelle or fettuccine (preferably fresh egg) $ Finely grated Parmesan (for serving) $ ",Beef $ Pasta $ High Fiber $ Father's Day $ New Year's Day $ Dinner $ Lunch $ Meat $ Winter $ Poker/Game Night $ Potluck $ Noodle $ Bon Appétit $ Peanut Free $ Tree Nut Free $ Soy Free $ ,Italian $ ,3.5/4,63,Beef $ Pasta $ High Fiber $ Father's Day $ New Year's Day $ Dinner $ Lunch $ Meat $ Winter $ Poker/Game Night $ Potluck $ Noodle $ Bon Appétit $ Peanut Free $ Tree Nut Free $ Soy Free $ Italian $ 
https://www.epicurious.com/recipes/food/views/onion-frittata-365183,Onion Frittata ,"8 large eggs $ 1/2 cup finely grated Parmesan $ 3 large fresh basil leaves, torn into pieces $ 3 large fresh sage leaves, minced $ 1 teaspoon minced fresh rosemary $ 1/4 teaspoon kosher salt $ 1/8 teaspoon freshly ground black pepper $ 3 tablespoon extra-virgin olive oil $ 1 cup thinly sliced onion $ 1/3 cup whole-milk ricotta $ ",Egg $ Onion $ Breakfast $ Brunch $ Side $ Vegetarian $ Quick & Easy $ Low Cal $ Mother's Day $ Father's Day $ New Year's Day $ Dinner $ Lunch $ Ricotta $ Healthy $ Bon Appétit $ Sugar Conscious $ Pescatarian $ Wheat/Gluten-Free $ Peanut Free $ Tree Nut Free $ Soy Free $ No Sugar Added $ Kosher $ ,Italian $ ,3.5/4,40,Egg $ Onion $ Breakfast $ Brunch $ Side $ Vegetarian $ Quick & Easy $ Low Cal $ Mother's Day $ Father's Day $ New Year's Day $ Dinner $ Lunch $ Ricotta $ Healthy $ Bon Appétit $ Sugar Conscious $ Pescatarian $ Wheat/Gluten-Free $ Peanut Free $ Tree Nut Free $ Soy Free $ No Sugar Added $ Kosher $ Italian $ 
https://www.epicurious.com/recipes/food/views/chocolate-tiramisu-365195,Chocolate Tiramisu ,"1 1/2 cups espresso or strong coffee $ 1/4 cup sugar $ 1 3/4 cups mascarpone cheese, divided $ 2 tablespoons plus 1/2 cup sugar $ 1/4 teaspoon vanilla extract $ 1/2 teaspoon unflavored gelatin $ 4 large egg yolks $ 1 cup chilled heavy whipping cream, divided $ 6 ounces bittersweet chocolate (do not exceed 61% cacao), chopped, plus more for shaving $ About 48 soft ladyfingers $ ",Cake $ Chocolate $ Dessert $ Christmas $ Easter $ Valentine's Day $ Wedding $ Anniversary $ Birthday $ Engagement Party $ Bon Appétit $ Peanut Free $ Tree Nut Free $ Soy Free $ ,Italian $ ,3.5/4,5,Cake $ Chocolate $ Dessert $ Christmas $ Easter $ Valentine's Day $ Wedding $ Anniversary $ Birthday $ Engagement Party $ Bon Appétit $ Peanut Free $ Tree Nut Free $ Soy Free $ Italian $ 
https://www.epicurious.com/recipes/food/views/lemon-pannacotta-with-lemon-marmalade-365158,Lemon Pannacotta with Lemon Marmalade ,"3 large lemons $ 3/4 cup sugar $ 1 cup whole milk, divided $ 2 teaspoons unflavored gelatin $ 2 1/2 cups heavy whipping cream $ 1/2 cup sugar $ Peel from 1 lemon (removed with a vegetable peeler) $ 1 vanilla bean, split lengthwise $ ",Milk/Cream $ Dairy $ Dessert $ Cocktail Party $ Easter $ Mother's Day $ Lemon $ Birthday $ Shower $ Christmas Eve $ Engagement Party $ Bon Appétit $ Kidney Friendly $ Wheat/Gluten-Free $ Peanut Free $ Tree Nut Free $ Soy Free $ ,Italian $ ,3.5/4,27,Milk/Cream $ Dairy $ Dessert $ Cocktail Party $ Easter $ Mother's Day $ Lemon $ Birthday $ Shower $ Christmas Eve $ Engagement Party $ Bon Appétit $ Kidney Friendly $ Wheat/Gluten-Free $ Peanut Free $ Tree Nut Free $ Soy Free $ Italian $ 
https://www.epicurious.com/recipes/food/views/risi-e-bisi-365188,Risi e Bisi ,"7 cups vegetable stock $ 3 tablespoons butter, divided $ 2 tablespoons extra-virgin olive oil, divided $ 1/3 cup minced onion $ 1/4 cup diced pancetta (about 2 ounces) $ 2 cups arborio rice (about 14 ounces) $ 4 cups shelled fresh or thawed frozen peas $ 1/2 cup finely grated Parmesan $ 2 tablespoons finely chopped fresh flat-leaf parsley $ Kosher salt and freshly ground black pepper $ ",Side $ Low Fat $ High Fiber $ Father's Day $ Dinner $ Parmesan $ Legume $ Pea $ Party $ Bon Appétit $ Sugar Conscious $ Kidney Friendly $ Wheat/Gluten-Free $ Peanut Free $ Tree Nut Free $ Soy Free $ No Sugar Added $ ,Italian $ ,4/4,2,Side $ Low Fat $ High Fiber $ Father's Day $ Dinner $ Parmesan $ Legume $ Pea $ Party $ Bon Appétit $ Sugar Conscious $ Kidney Friendly $ Wheat/Gluten-Free $ Peanut Free $ Tree Nut Free $ Soy Free $ No Sugar Added $ Italian $ 
https://www.epicurious.com/recipes/food/views/cacio-e-pepe-365162,Cacio e Pepe ,"Kosher salt $ 6 ounces pasta (such as egg tagliolini, bucatini, or spaghetti) $ 3 tablespoons unsalted butter, cubed, divided $ 1 teaspoon freshly cracked black pepper $ 3/4 cup finely grated Grana Padano or Parmesan $ 1/3 cup finely grated Pecorino $ ",Cheese $ Pasta $ Christmas $ Easter $ Quick & Easy $ High Fiber $ Father's Day $ Back to School $ Dinner $ Lunch $ Parmesan $ Winter $ Anniversary $ Shower $ Simmer $ Boil $ Bon Appétit $ Sugar Conscious $ Vegetarian $ Pescatarian $ Peanut Free $ Tree Nut Free $ Soy Free $ No Sugar Added $ Kosher $ ,Italian $ ,3.5/4,77,Cheese $ Pasta $ Christmas $ Easter $ Quick & Easy $ High Fiber $ Father's Day $ Back to School $ Dinner $ Lunch $ Parmesan $ Winter $ Anniversary $ Shower $ Simmer $ Boil $ Bon Appétit $ Sugar Conscious $ Vegetarian $ Pescatarian $ Peanut Free $ Tree Nut Free $ Soy Free $ No Sugar Added $ Kosher $ Italian $ 
https://www.epicurious.com/recipes/food/views/spaghetti-alle-vongole-365197,Spaghetti Alle Vongole ,"Kosher salt $ 6 ounces spaghetti $ 4 tablespoons extra-virgin olive oil, divided $ 1 garlic clove, thinly sliced $ 1/4 teaspoon crushed red pepper flakes $ 1/4 cup white wine $ 2 pounds cockles, Manila clams, or littlenecks scrubbed $ 2 tablespoons roughly chopped fresh flat-leaf parsley $ ",Pasta $ Valentine's Day $ Father's Day $ New Year's Eve $ Lunch $ Seafood $ Clam $ Mussel $ Summer $ Anniversary $ Christmas Eve $ Potluck $ Bon Appétit $ Sugar Conscious $ Kidney Friendly $ Pescatarian $ Dairy Free $ Peanut Free $ Tree Nut Free $ Soy Free $ ,Italian $ ,3.5/4,19,Pasta $ Valentine's Day $ Father's Day $ New Year's Eve $ Lunch $ Seafood $ Clam $ Mussel $ Summer $ Anniversary $ Christmas Eve $ Potluck $ Bon Appétit $ Sugar Conscious $ Kidney Friendly $ Pescatarian $ Dairy Free $ Peanut Free $ Tree Nut Free $ Soy Free $ Italian $ 
https://www.epicurious.com/recipes/food/views/ricotta-tortellini-365184,Ricotta Tortellini ,"20 ounces whole-milk ricotta $ 2/3 cup minced fresh flat-leaf parsley $ 1/2 cup finely grated Parmesan $ 1 teaspoon freshly grated nutmeg $ 1 teaspoon lemon zest $ 1/4 teaspoon fine sea salt $ 2 cups all-purpose flour $ 3 large eggs $ 1/2 teaspoon fine sea salt plus more $ 1 large egg white, beaten $ 1/ 4 cup (1/2 stick) unsalted butter, melted $ Finely grated Parmesan for serving $ Stand mixer $ Pasta machine $ 1 3"" round cookie cutter $ ",Cheese $ Pasta $ Picnic $ Thanksgiving $ Vegetarian $ Mother's Day $ New Year's Day $ Dinner $ Lunch $ Ricotta $ Family Reunion $ Shower $ Party $ Potluck $ Bon Appétit $ Sugar Conscious $ Kidney Friendly $ Pescatarian $ Peanut Free $ Tree Nut Free $ Soy Free $ Kosher $ ,Italian $ ,3/4,1,Cheese $ Pasta $ Picnic $ Thanksgiving $ Vegetarian $ Mother's Day $ New Year's Day $ Dinner $ Lunch $ Ricotta $ Family Reunion $ Shower $ Party $ Potluck $ Bon Appétit $ Sugar Conscious $ Kidney Friendly $ Pescatarian $ Peanut Free $ Tree Nut Free $ Soy Free $ Kosher $ Italian $ 
