link,name,ingredients,recipe_category,recipe_cuisine,rating,rating_count,keywords
https://www.epicurious.com/recipes/food/views/tamale-pie-105915,Tamale Pie ,"4 tablespoons vegetable oil $ 2 lb boneless beef chuck or rump, cut into 1/2-inch cubes $ 1 large onion, chopped $ 2 large fresh jalapeño chiles, seeded if desired and finely chopped $ 4 garlic cloves, finely chopped $ 2 teaspoons unsweetened cocoa powder $ 1 teaspoon salt $ 3 tablespoons chili powder $ 1 teaspoon ground cumin $ 1/4 teaspoon ground allspice $ 1/4 teaspoon cayenne $ 1 (28-oz) can crushed tomatoes in purée $ 1 (10-oz) box frozen corn $ 1 1/2 cups water $ 1 (15- to 16-oz) can pinto or black beans, rinsed and drained $ 1 cup chopped pimiento-stuffed green olives $ 1/3 cup chopped fresh cilantro $ 1 cup all-purpose flour $ 1 cup yellow cornmeal (not coarse) $ 3 oz coarsely grated sharp Cheddar (3/4 cup) $ 1 1/2 tablespoons sugar $ 2 teaspoons baking powder $ 1/2 teaspoon salt $ 1/2 teaspoon ground cumin $ 1/4 cup finely chopped fresh cilantro $ 1 medium fresh jalapeño chile, seeded and finely chopped $ 3/4 cup milk $ 3 tablespoons unsalted butter, melted and cooled $ 1 large egg, lightly beaten $ ",Bean $ Beef $ Bake $ Dinner $ Casserole/Gratin $ Winter $ Gourmet $ ,Central/South American $ Mexican $ Southwestern $ ,3/4,27,Bean $ Beef $ Bake $ Dinner $ Casserole/Gratin $ Winter $ Gourmet $ Central/South American $ Mexican $ Southwestern $ 
https://www.epicurious.com/recipes/food/views/dead-horse-ranch-red-chile-enchiladas-105015,Dead Horse Ranch Red Chile Enchiladas ,"3 ounces dried whole New Mexico chiles $ 4 cups boiling water $ 2 tablespoons fine dry bread crumbs $ 1 1/2 tablespoons vegetable oil $ 1 garlic clove, minced $ 1 teaspoon dried oregano, crumbled $ 1 tablespoon cider vinegar $ 2 teaspoons salt $ 3 large onions, chopped (4 cups) $ 3 tablespoons olive oil $ 12 (5-inch) white or yellow corn tortillas $ 3/4 pound white sharp Cheddar, coarsely grated (5 cups) $ 1 (6-ounce) can pitted black olives, sliced $ ",Olive $ Onion $ Bake $ Super Bowl $ Vegetarian $ Cheddar $ Hot Pepper $ Potluck $ Tortillas $ Gourmet $ ,Southwestern $ Tex-Mex $ ,2.5/4,5,Olive $ Onion $ Bake $ Super Bowl $ Vegetarian $ Cheddar $ Hot Pepper $ Potluck $ Tortillas $ Gourmet $ Southwestern $ Tex-Mex $ 
https://www.epicurious.com/recipes/food/views/newish-jewish-southwestern-tsimmes-stuffed-in-chilies-40016,Newish Jewish — Southwestern Tsimmes Stuffed in Chilies ,"3/4 pound pitted prunes $ 6 medium peeled carrots, cut in chunks $ 3 medium sweet potatoes (about 2 pounds), peeled and diced $ 6 tablespoons honey $ 1/2 teaspoon nutmeg $ 1/2 teaspoon cinnamon $ 1/2 teaspoon salt $ 1 tablespoon lemon juice $ 1/4 cup orange juice $ 2 tablespoons chopped fresh coriander $ 12 green or red Anaheim chilies $ ",Side $ Bake $ Vegetarian $ Sukkot $ Rosh Hashanah/Yom Kippur $ Prune $ Spice $ Hot Pepper $ Carrot $ Sweet Potato/Yam $ Fall $ Kosher $ Honey $ Fat Free $ Pescatarian $ Paleo $ Dairy Free $ Wheat/Gluten-Free $ Peanut Free $ Tree Nut Free $ Soy Free $ ,Jewish $ Southwestern $ ,3.5/4,9,Side $ Bake $ Vegetarian $ Sukkot $ Rosh Hashanah/Yom Kippur $ Prune $ Spice $ Hot Pepper $ Carrot $ Sweet Potato/Yam $ Fall $ Kosher $ Honey $ Fat Free $ Pescatarian $ Paleo $ Dairy Free $ Wheat/Gluten-Free $ Peanut Free $ Tree Nut Free $ Soy Free $ Jewish $ Southwestern $ 
https://www.epicurious.com/recipes/food/views/corn-bread-green-chili-and-pine-nut-stuffing-102491,"Corn Bread, Green Chili and Pine Nut Stuffing ","Easy Corn Bread $ 1 cup raisins $ 1/3 cup tequila $ 2 large poblano chilies* $ 6 tablespoons (3/4 stick) butter $ 2 cups chopped onions $ 1 1/2 tablespoons chopped fresh thyme $ 3/4 teaspoon dried marjoram, crumbled $ 3/4 teaspoon dried rubbed sage $ 1/2 1-pound round loaf sourdough bread, crust trimmed, cut into 1/2-inch cubes (about 4 cups) $ 3/4 cup pine nuts, lightly toasted $ 2 large eggs, beaten to blend $ 1 1/4 cups (about) canned low-salt chicken broth $ *Fresh green chilies, often called pasillas, available at Latin American markets and some supermarkets. $ ",Nut $ Pepper $ Side $ Bake $ Thanksgiving $ Stuffing/Dressing $ Pine Nut $ Hot Pepper $ Fall $ Bon Appétit $ Peanut Free $ Soy Free $ ,American $ Southwestern $ ,3.5/4,21,Nut $ Pepper $ Side $ Bake $ Thanksgiving $ Stuffing/Dressing $ Pine Nut $ Hot Pepper $ Fall $ Bon Appétit $ Peanut Free $ Soy Free $ American $ Southwestern $ 
https://www.epicurious.com/recipes/food/views/southwestern-chicken-and-pasta-salad-101945,Southwestern Chicken and Pasta Salad ,"1 pound farfalle (bow-tie) pasta $ 4 tablespoons olive oil $ 2 cups diced cooked chicken $ 8 green onions, chopped $ 6 plum tomatoes, chopped $ 1 15-ounce can golden hominy, drained $ 1 15-ounce can black beans, drained $ 1 12-ounce bottle mild green taco sauce $ 1 cup chopped fresh cilantro $ ",Salad $ Chicken $ Pasta $ Tomato $ Kid-Friendly $ Quick & Easy $ Back to School $ Summer $ Cilantro $ Bon Appétit $ California $ ,Southwestern $ ,3/4,29,Salad $ Chicken $ Pasta $ Tomato $ Kid-Friendly $ Quick & Easy $ Back to School $ Summer $ Cilantro $ Bon Appétit $ California $ Southwestern $ 
https://www.epicurious.com/recipes/food/views/whipped-chipotle-sweet-potatoes-108756,Whipped Chipotle Sweet Potatoes ,"5 1/2 pounds sweet potatoes, scrubbed $ 1 tablespoon minced chipotle chiles in adobo, mashed to a paste (1 1/2 to 2 chiles) $ 3 tablespoons unsalted butter, cut into tablespoon pieces and softened $ 1 teaspoon salt $ ",Mixer $ Side $ Bake $ Thanksgiving $ Vegetarian $ Hot Pepper $ Sweet Potato/Yam $ Fall $ Gourmet $ Pescatarian $ Wheat/Gluten-Free $ Peanut Free $ Tree Nut Free $ Soy Free $ No Sugar Added $ Kosher $ ,Southwestern $ ,3/4,30,Mixer $ Side $ Bake $ Thanksgiving $ Vegetarian $ Hot Pepper $ Sweet Potato/Yam $ Fall $ Gourmet $ Pescatarian $ Wheat/Gluten-Free $ Peanut Free $ Tree Nut Free $ Soy Free $ No Sugar Added $ Kosher $ Southwestern $ 
https://www.epicurious.com/recipes/food/views/creamy-corn-soup-with-red-bell-pepper-104802,Creamy Corn Soup with Red Bell Pepper ,"2 tablespoons (1/4 stick) butter $ 1 large red bell pepper, chopped $ 1 medium onion, chopped $ 3 garlic cloves, minced $ 1 14 1/2-ounce can diced tomatoes in juice $ 2 cups (or more) water $ 2 tablespoons chopped canned chipotle chilies* $ 2 14 3/4-ounce cans cream-style corn $ 1 16-ounce package frozen corn $ 1 cup whipping cream $ 1 teaspoon dried oregano $ Chopped fresh cilantro (optional) $ ",Soup/Stew $ Milk/Cream $ Blender $ Pepper $ Tomato $ Vegetable $ Lunch $ Corn $ Hot Pepper $ Fall $ Simmer $ Bon Appétit $ Vegetarian $ Pescatarian $ Wheat/Gluten-Free $ Peanut Free $ Tree Nut Free $ Soy Free $ No Sugar Added $ Kosher $ ,Southwestern $ ,3.5/4,34,Soup/Stew $ Milk/Cream $ Blender $ Pepper $ Tomato $ Vegetable $ Lunch $ Corn $ Hot Pepper $ Fall $ Simmer $ Bon Appétit $ Vegetarian $ Pescatarian $ Wheat/Gluten-Free $ Peanut Free $ Tree Nut Free $ Soy Free $ No Sugar Added $ Kosher $ Southwestern $ 
https://www.epicurious.com/recipes/food/views/turkey-wraps-with-chipotle-mayonnaise-104034,Turkey Wraps with Chipotle Mayonnaise ,"1/2 cup mayonnaise $ 3 tablespoons chopped fresh cilantro $ 1 green onion, minced $ 1 tablespoon minced canned chipotle chilies in adobo $ 1 teaspoon fresh lime juice $ 2 10-inch-diameter flour tortillas (plain or flavored) $ 8 ounces thinly sliced smoked turkey $ 2 romaine lettuce leaves, center rib cut away $ ",Sandwich $ Poultry $ turkey $ No-Cook $ Picnic $ Super Bowl $ Kid-Friendly $ Back to School $ Lunch $ Mayonnaise $ Fall $ Poker/Game Night $ Tortillas $ Bon Appétit $ Sugar Conscious $ Dairy Free $ Peanut Free $ Tree Nut Free $ Soy Free $ Kosher $ ,American $ Southwestern $ ,3.5/4,56,Sandwich $ Poultry $ turkey $ No-Cook $ Picnic $ Super Bowl $ Kid-Friendly $ Back to School $ Lunch $ Mayonnaise $ Fall $ Poker/Game Night $ Tortillas $ Bon Appétit $ Sugar Conscious $ Dairy Free $ Peanut Free $ Tree Nut Free $ Soy Free $ Kosher $ American $ Southwestern $ 
https://www.epicurious.com/recipes/food/views/smoked-sausage-and-red-pepper-quesadillas-103601,Smoked Sausage and Red Pepper Quesadillas ,"Olive oil $ 1 cup purchased salsa verde $ 2 ripe avocados, halved, pitted, peeled, chopped $ 1/2 cup chopped fresh cilantro $ 8 ounces spicy smoked sausages (such as hot links or andouille), thinly sliced $ 12 5- to 6-inch corn tortillas $ 2 cups (packed) grated Monterey Jack cheese (about 8 ounces) $ 1/2 cup crumbled feta cheese $ 1 7.25-ounce jar roasted red peppers, drained, thinly sliced $ ",Bake $ Sauté $ Super Bowl $ Quick & Easy $ Feta $ Sausage $ Avocado $ Bell Pepper $ Poker/Game Night $ Cilantro $ Tortillas $ Monterey Jack $ Bon Appétit $ ,Southwestern $ ,3/4,5,Bake $ Sauté $ Super Bowl $ Quick & Easy $ Feta $ Sausage $ Avocado $ Bell Pepper $ Poker/Game Night $ Cilantro $ Tortillas $ Monterey Jack $ Bon Appétit $ Southwestern $ 
https://www.epicurious.com/recipes/food/views/ancho-rubbed-steaks-with-clemetine-red-onion-salsa-108621,Ancho-Rubbed Steaks with Clemetine-Red Onion Salsa ,1 cup diced peeled clementines $ 1/2 cup chopped red onion $ 1/4 cup chopped fresh cilantro $ 2 1/2 tablespoons olive oil $ 2 teaspoons white wine vinegar $ 2 1/2 teaspoons ancho chile powder or chile powder $ 1/8 teaspoon cayenne pepper $ 2 3/4-inch-thick New York steaks $ ,Beef $ Fruit $ Onion $ Sauté $ Quick & Easy $ Low/No Sugar $ Dinner $ Orange $ Steak $ Spice $ Winter $ Bon Appétit $ Sugar Conscious $ Paleo $ Dairy Free $ Wheat/Gluten-Free $ Peanut Free $ Tree Nut Free $ Soy Free $ No Sugar Added $ ,Southwestern $ ,3.5/4,8,Beef $ Fruit $ Onion $ Sauté $ Quick & Easy $ Low/No Sugar $ Dinner $ Orange $ Steak $ Spice $ Winter $ Bon Appétit $ Sugar Conscious $ Paleo $ Dairy Free $ Wheat/Gluten-Free $ Peanut Free $ Tree Nut Free $ Soy Free $ No Sugar Added $ Southwestern $ 
https://www.epicurious.com/recipes/food/views/southwest-corn-frittata-5612,Southwest Corn Frittata ,"4 large eggs $ 1 cup fresh corn kernels (from about 2 ears of corn) or frozen, thawed $ 1/2 cup (packed) grated Monterey Jack cheese with jalapeños $ 3 tablespoons chopped fresh cilantro $ 2 6-inch-diameter corn tortillas, cut into small wedges $ 1 tablespoon olive oil $ 1 cup chopped onion $ ",Cheese $ Egg $ Breakfast $ Brunch $ Sauté $ Vegetarian $ Kid-Friendly $ Quick & Easy $ Corn $ Summer $ Bon Appétit $ Pescatarian $ Wheat/Gluten-Free $ Peanut Free $ Tree Nut Free $ Soy Free $ No Sugar Added $ Kosher $ ,Southwestern $ ,3/4,25,Cheese $ Egg $ Breakfast $ Brunch $ Sauté $ Vegetarian $ Kid-Friendly $ Quick & Easy $ Corn $ Summer $ Bon Appétit $ Pescatarian $ Wheat/Gluten-Free $ Peanut Free $ Tree Nut Free $ Soy Free $ No Sugar Added $ Kosher $ Southwestern $ 
https://www.epicurious.com/recipes/food/views/panfried-black-bean-coriander-cakes-13286,Panfried Black Bean Coriander Cakes ,"1/4 cup finely chopped onion $ 1/4 cup finely chopped green bell pepper $ 1 large garlic clove, minced $ 1 tablespoon unsalted butter $ a 19-ounce can black beans, rinsed and drained (about 1 2/3 cups) $ 1/3 cup fine dry bread crumbs $ 1 large egg, beaten lightly $ 3 tablespoons fresh coriander leaves, chopped fine $ 1/2 teaspoon salt $ 1/2 cup yellow cornmeal $ vegetable oil for frying $ *Accompaniment: chopped vegetable salsa $ ",Bean $ Herb $ Appetizer $ Vegetarian $ Quick & Easy $ Cornmeal $ Pan-Fry $ Gourmet $ Sugar Conscious $ ,Southwestern $ ,3/4,15,Bean $ Herb $ Appetizer $ Vegetarian $ Quick & Easy $ Cornmeal $ Pan-Fry $ Gourmet $ Sugar Conscious $ Southwestern $ 
https://www.epicurious.com/recipes/food/views/green-chili-corn-bread-5773,Green Chili Corn Bread ,"3 poblano chilies (about 7 ounces total)* $ 1 cup yellow cornmeal $ 1 cup all purpose flour $ 1/4 cup sugar $ 2 teaspoons baking powder $ 1 teaspoon baking soda $ 1 teaspoon salt $ 1 cup (packed) grated extra-sharp cheddar cheese (about 4 ounces) $ 1 cup buttermilk $ 2 large eggs $ 1/4 cup (1/2 stick) unsalted butter, melted, cooled $ *Fresh green chilies, often called pasillas; available at Latin American markets and some supermarkets. $ ",Bread $ Bake $ Super Bowl $ Vegetarian $ Cinco de Mayo $ Cheddar $ Cornmeal $ Hot Pepper $ Bon Appétit $ ,Southwestern $ Tex-Mex $ ,3.5/4,25,Bread $ Bake $ Super Bowl $ Vegetarian $ Cinco de Mayo $ Cheddar $ Cornmeal $ Hot Pepper $ Bon Appétit $ Southwestern $ Tex-Mex $ 
https://www.epicurious.com/recipes/food/views/southwestern-caesar-salad-with-chipotle-dressing-4476,Southwestern Caesar Salad with Chipotle Dressing ,"1/2 cup mayonnaise $ 1 1/2 tablespoon canned low-salt chicken broth $ 1 tablespoon soy sauce $ 1 tablespoon fresh lemon juice $ 1 1/2 teaspoon minced canned chipotle chilies (in adobo sauce) $ 1 teaspoon brown sugar $ 1 large head romaine lettuce, cut into bite-size pieces $ 2 medium tomatoes, seeded, diced $ 1/2 cup frozen corn kernels, thawed, drained $ 4 tablespoon freshly grated Parmesan cheese $ ",Salad $ Cheese $ Leafy Green $ Tomato $ Bake $ Spring $ Bon Appétit $ ,Southwestern $ ,3.5/4,63,Salad $ Cheese $ Leafy Green $ Tomato $ Bake $ Spring $ Bon Appétit $ Southwestern $ 
https://www.epicurious.com/recipes/food/views/spicy-chicken-eggplant-and-red-onion-quesadillas-4263,"Spicy Chicken, Eggplant and Red Onion Quesadillas ","1/4 cup water $ 2 tablespoons chopped fresh cilantro $ 1 jalapeño chili, sliced $ 1 tablespoon fresh lime juice $ 1 tablespoon olive oil $ 8 ounces chicken tenders $ 4 1/4-inch-thick slices red onion $ 4 1/4-inch-thick crosswise slices eggplant $ Vegetable oil $ 8 6-inch-diameter flour tortillas $ 1/2 cup grated Monterey Jack cheese $ 1/2 cup grated sharp cheddar cheese $ Sour cream $ ",Blender $ Chicken $ Onion $ Appetizer $ Bake $ Broil $ Cheddar $ Eggplant $ Chill $ Tortillas $ Monterey Jack $ Bon Appétit $ Peanut Free $ Tree Nut Free $ Soy Free $ ,Southwestern $ ,3/4,17,Blender $ Chicken $ Onion $ Appetizer $ Bake $ Broil $ Cheddar $ Eggplant $ Chill $ Tortillas $ Monterey Jack $ Bon Appétit $ Peanut Free $ Tree Nut Free $ Soy Free $ Southwestern $ 
https://www.epicurious.com/recipes/food/views/chicken-chili-verde-3012,Chicken Chili Verde ,"3 pounds skinless boneless chicken thighs, cut into 1/2-inch pieces $ 5 tablespoons all purpose flour $ 7 tablespoons olive oil $ 3 cups chopped onions $ 3 tablespoons chopped garlic $ 1 1/2 cups chopped fresh Anaheim chilies* (about 4) $ 2 green bell peppers, cut lengthwise into 1/4-inch-thick strips $ 5 cups frozen corn kernels, thawed $ 6 cups canned low-salt chicken broth $ 12 tomatillos,** husked, coarsely chopped $ 2 tablespoons chopped fresh oregano or 1 tablespoon dried $ 2 tablespoons chili powder $ 1 tablespoon ground cumin $ 1 teaspoon paprika $ 2 cinnamon sticks $ 1 cup chopped fresh cilantro $ Tortilla chips $ *Also known as California chilies. Available at Latin American markets and many supermarkets. $ **A green tomato-like vegetable with a paper-thin husk. Available at Latin American markets and some supermarkets. $ ",Soup/Stew $ Chicken $ Herb $ Pepper $ Poultry $ Super Bowl $ Spice $ Corn $ Hot Pepper $ Tomatillo $ Bon Appétit $ ,Southwestern $ Tex-Mex $ ,3.5/4,56,Soup/Stew $ Chicken $ Herb $ Pepper $ Poultry $ Super Bowl $ Spice $ Corn $ Hot Pepper $ Tomatillo $ Bon Appétit $ Southwestern $ Tex-Mex $ 
https://www.epicurious.com/recipes/food/views/wild-mushroom-enchiladas-with-ancho-chili-cream-sauce-4097,Wild Mushroom Enchiladas with Ancho Chili-Cream Sauce ,"2 cups water $ 2 dried ancho chilies $ 4 large garlic cloves, peeled $ 2 cups whipping cream $ 4 teaspoons fresh lime juice $ 3 tablespoons butter $ 3/4 cup chopped onion $ 12 ounces fresh wild mushrooms (such as oyster and/or stemmed and sliced shiitake and portobello) $ 5 ounces feta cheese, crumbled $ 6 tablespoons chopped fresh cilantro $ 2 medium tomatoes, seeded, chopped $ 1 small avocado, pitted, peeled, cut into 1/2-inch pieces $ 8 6-inch-diameter corn tortillas $ ",Milk/Cream $ Mushroom $ Tomato $ Sauté $ Feta $ Avocado $ Hot Pepper $ Bon Appétit $ ,Southwestern $ Tex-Mex $ ,3.5/4,38,Milk/Cream $ Mushroom $ Tomato $ Sauté $ Feta $ Avocado $ Hot Pepper $ Bon Appétit $ Southwestern $ Tex-Mex $ 
https://www.epicurious.com/recipes/food/views/southwest-corn-bread-stuffing-with-corn-and-green-chilies-105807,Southwest Corn Bread Stuffing with Corn and Green Chilies ,"10 tablespoons unsalted butter $ 1 1/4 cups chopped seeded fresh Anaheim chilies* (8 ounces) $ 1 1/4 cups chopped seeded fresh poblano chilies * (8 ounces) $ 3 large jalapeño chilies, seeded, chopped $ 2 1-pound packages frozen petite yellow corn kernels, thawed $ 1 1/4 cups chopped green onions $ 2/3 cup chopped fresh cilantro $ Buttermilk Corn Bread , 1 day old $ 4 large eggs $ 1/4 cup sugar $ 2 1/4 teaspoons salt $ 1/2 teaspoon ground black pepper $ ",Side $ Bake $ Thanksgiving $ Corn $ Hot Pepper $ Fall $ Jalapeño $ Bon Appétit $ Vegetarian $ Pescatarian $ Wheat/Gluten-Free $ Peanut Free $ Tree Nut Free $ Soy Free $ Kosher $ ,Southwestern $ ,4/4,25,Side $ Bake $ Thanksgiving $ Corn $ Hot Pepper $ Fall $ Jalapeño $ Bon Appétit $ Vegetarian $ Pescatarian $ Wheat/Gluten-Free $ Peanut Free $ Tree Nut Free $ Soy Free $ Kosher $ Southwestern $ 
https://www.epicurious.com/recipes/food/views/southwest-succotash-salad-101939,Southwest Succotash Salad ,"4 cups mixed baby greens $ 8 tablespoons (or more) purchased oil and vinegar dressing $ 1 15- to 16-ounce can kidney beans, drained $ 1 cup fresh corn kernels, cut from 2 small ears of corn $ 1 cup 1/2-inch pieces hot pepper Monterey Jack cheese (about 4 ounces) $ 1 cup 1-inch-long red bell pepper strips $ 6 tablespoons chopped fresh cilantro $ 1 teaspoon ground cumin $ ",Bean $ Leafy Green $ No-Cook $ Kid-Friendly $ Quick & Easy $ Corn $ Summer $ Monterey Jack $ Bon Appétit $ ,Southwestern $ ,3.5/4,7,Bean $ Leafy Green $ No-Cook $ Kid-Friendly $ Quick & Easy $ Corn $ Summer $ Monterey Jack $ Bon Appétit $ Southwestern $ 
https://www.epicurious.com/recipes/food/views/santa-fe-tortilla-pizza-47,Santa Fe Tortilla Pizza ,1 8-ounce pork tenderloin $ Olive oil $ 3 10-inch flour tortillas $ 1 9-ounce can bean dip with seasonings and cheese $ 3 tablespoons canned diced green chilies $ 1/2 cup coarsely chopped fresh cilantro $ 1 1/4 cups packed (about 5 ounces) grated Monterey Jack cheese $ 1 1/2 teaspoons ground cumin $ Thick and chunky bottled salsa $ Sour cream $ ,Cheese $ Dairy $ Pork $ Bake $ Super Bowl $ Quick & Easy $ Poker/Game Night $ Jalapeño $ Party $ Bon Appétit $ ,Southwestern $ Tex-Mex $ ,3/4,6,Cheese $ Dairy $ Pork $ Bake $ Super Bowl $ Quick & Easy $ Poker/Game Night $ Jalapeño $ Party $ Bon Appétit $ Southwestern $ Tex-Mex $ 
https://www.epicurious.com/recipes/food/views/chicken-and-mushroom-enchiladas-1312,Chicken and Mushroom Enchiladas ,"2 tablespoons corn oil $ 3/4 pound mushrooms, sliced $ 1 10-ounce can enchilada sauce $ 8 8-inch flour tortilla $ 1/2 cup low-fat sour cream $ 2 cups diced cooked chicken $ 1 7-ounce can diced mild green chilies $ 2 cups grated sharp cheddar cheese $ ",Cheese $ Chicken $ Mushroom $ Bake $ Cheddar $ Hot Pepper $ Spring $ Bon Appétit $ Alaska $ ,Southwestern $ Tex-Mex $ ,3/4,44,Cheese $ Chicken $ Mushroom $ Bake $ Cheddar $ Hot Pepper $ Spring $ Bon Appétit $ Alaska $ Southwestern $ Tex-Mex $ 
https://www.epicurious.com/recipes/food/views/jalapeno-corn-bread-2663,Jalapeño Corn Bread ,"1 1/2 cups yellow cornmeal $ 1/2 cup all purpose flour $ 4 jalapeño chilies, seeded but not deveined, chopped $ 2 tablespoons sugar $ 2 teaspoons baking powder $ 1 teaspoon baking soda $ 1 teaspoon salt $ 1 1/2 cups buttermilk $ 2 eggs, beaten to blend $ 3 tablespoons butter, melted $ ",Bread $ Bake $ Super Bowl $ Quick & Easy $ Cornmeal $ Jalapeño $ Bon Appétit $ ,Southwestern $ ,3.5/4,38,Bread $ Bake $ Super Bowl $ Quick & Easy $ Cornmeal $ Jalapeño $ Bon Appétit $ Southwestern $ 
https://www.epicurious.com/recipes/food/views/yellow-tomato-soup-104932,Yellow Tomato Soup ,"1 large onion, chopped (about 2 1/2 cups) $ 6 bacon slices (about 5 ounces), chopped $ 5 cups chopped yellow tomatoes (about 2 pounds) $ 2 garlic cloves, minced $ 1/2 cup dry Sherry $ 1/2 cup dry white wine $ 4 cups chicken stock or canned low-salt chicken broth $ 2 teaspoons minced canned chipotle chilies* $ 1 tablespoon fresh chopped oregano leaves $ 1/2 cup whipping cream $ ",Soup/Stew $ Milk/Cream $ Blender $ Onion $ Tomato $ Quick & Easy $ Bacon $ Hot Pepper $ Sherry $ White Wine $ Summer $ Bon Appétit $ ,Southwestern $ ,3.5/4,26,Soup/Stew $ Milk/Cream $ Blender $ Onion $ Tomato $ Quick & Easy $ Bacon $ Hot Pepper $ Sherry $ White Wine $ Summer $ Bon Appétit $ Southwestern $ 
https://www.epicurious.com/recipes/food/views/cream-of-tortilla-soup-2721,Cream of Tortilla Soup ,"2 14 1/2-ounce cans chicken broth $ 1/2 cup (1/2 stick) butter $ 1 medium onion, diced $ 1/2 cup diced celery $ 2 garlic cloves, minced $ 1 medium tomato, chopped $ 2 tablespoons minced fresh chives $ 1 1/2 cups crushed unsalted tortilla chips $ 1 tablespoon all purpose flour $ 1/4 cup whipping cream $ 1 cup grated Monterey Jack cheese (about 4 ounces) $ 1 cup grated cheddar cheese (about 4 ounces) $ 2 teaspoons chili powder $ 2 teaspoons ground cumin $ Crushed unsalted tortilla chips $ ",Soup/Stew $ Cheese $ Sauté $ Kid-Friendly $ Bon Appétit $ Pennsylvania $ ,Southwestern $ ,3.5/4,51,Soup/Stew $ Cheese $ Sauté $ Kid-Friendly $ Bon Appétit $ Pennsylvania $ Southwestern $ 
https://www.epicurious.com/recipes/food/views/scallop-ceviche-on-black-pasta-cakes-with-cilantro-salsa-104384,Scallop Ceviche on Black Pasta Cakes with Cilantro Salsa ,"1/2 cup thinly sliced white onion $ 1 cup fresh orange juice $ 1 cup fresh lime juice $ 1 fresh jalapeño chile, sliced, including seeds $ 2 tablespoons kosher salt $ 24 medium sea scallops (1 1/4 pound), tough muscles removed from sides if necessary and scallops halved horizontally $ 6 ounce black (squid ink) angel’s hair pasta $ 1 teaspoon extra-virgin olive oil $ About 1 cup olive or vegetable oil $ 1/2 cup minced white onion $ 1/2 cup chopped fresh cilantro $ 1/2 cup finely chopped fresh tomatillos $ 1/2 cup finely chopped tomato $ 1 tablespoon minced fresh jalapeño chile, including seeds $ 1 teaspoon kosher salt $ ",Fish $ Pasta $ Marinate $ Cocktail Party $ Lime $ Orange $ Scallop $ Healthy $ Tomatillo $ Jalapeño $ Cilantro $ Entertaining $ Gourmet $ ,Mexican $ Southwestern $ ,3/4,10,Fish $ Pasta $ Marinate $ Cocktail Party $ Lime $ Orange $ Scallop $ Healthy $ Tomatillo $ Jalapeño $ Cilantro $ Entertaining $ Gourmet $ Mexican $ Southwestern $ 
https://www.epicurious.com/recipes/food/views/potato-green-chile-gratin-104405,Potato-Green Chile Gratin ,6 fresh green Anaheim or poblano chiles (3/4 pound) $ 2 cups heavy cream or half-and-half $ 1 large garlic clove $ 2 1/2 pounds russet (baking) potatoes (about 5) $ a mandoline or other manual slicer $ ,Milk/Cream $ Potato $ Side $ Bake $ Casserole/Gratin $ Hot Pepper $ Winter $ Gourmet $ Vegetarian $ Pescatarian $ Wheat/Gluten-Free $ Peanut Free $ Tree Nut Free $ Soy Free $ No Sugar Added $ Kosher $ ,Southwestern $ ,3.5/4,18,Milk/Cream $ Potato $ Side $ Bake $ Casserole/Gratin $ Hot Pepper $ Winter $ Gourmet $ Vegetarian $ Pescatarian $ Wheat/Gluten-Free $ Peanut Free $ Tree Nut Free $ Soy Free $ No Sugar Added $ Kosher $ Southwestern $ 
https://www.epicurious.com/recipes/food/views/chile-and-chorizo-cornbread-104790,Chile and Chorizo Cornbread ,"1/2 pound Chorizo, removed from casing $ 1 cup yellow cornmeal $ 1 tablespoon baking powder $ 1/2 teaspoon salt $ 2 eggs, lightly beaten $ 1 cup sour cream or yogurt $ 1 (8-ounce) can creamed corn $ 4 fresh Anaheim chiles, fire-roasted, peeled, and chopped $ 1 fresh jalapeno chile, seeded and finely chopped or 1 (4-ounce) can green chiles chopped $ 2 cups grated sharp Cheddar cheese $ ",Bread $ Side $ Bake $ Super Bowl $ Lunch $ Casserole/Gratin $ Sausage $ Cornmeal $ Corn $ Hot Pepper $ Jalapeño $ Sour Cream $ Wheat/Gluten-Free $ Peanut Free $ Tree Nut Free $ Soy Free $ No Sugar Added $ ,American $ Southwestern $ ,3.5/4,31,Bread $ Side $ Bake $ Super Bowl $ Lunch $ Casserole/Gratin $ Sausage $ Cornmeal $ Corn $ Hot Pepper $ Jalapeño $ Sour Cream $ Wheat/Gluten-Free $ Peanut Free $ Tree Nut Free $ Soy Free $ No Sugar Added $ American $ Southwestern $ 
https://www.epicurious.com/recipes/food/views/southwestern-turkey-with-garlic-ancho-chili-paste-and-gravy-803,Southwestern Turkey with Garlic-Ancho Chili Paste and Gravy ,"3 large heads garlic $ 3 large dried ancho chilies, rinsed, stemmed, seeded, torn into pieces $ 1/2 cup corn oil $ 1 1/2 teaspoons ground cumin $ 1/2 teaspoon honey $ 1 17-to 18-pound turkey, neck and giblets reserved $ 2 tablespoons corn oil $ 1 1/2 pounds turkey neck or wings, cut into 1-inch pieces $ 1 large onion, chopped $ 3 celery stalks, chopped $ 1 large tomato, chopped $ 1 teaspoon whole allspice berries $ 5 cups canned low-salt chicken broth $ 2 cups (about) canned low-salt chicken broth $ 6 tablespoons all purpose flour $ Cayenne pepper $ ",Food Processor $ Garlic $ turkey $ Roast $ Thanksgiving $ Hot Pepper $ Bon Appétit $ ,Southwestern $ ,4/4,36,Food Processor $ Garlic $ turkey $ Roast $ Thanksgiving $ Hot Pepper $ Bon Appétit $ Southwestern $ 
https://www.epicurious.com/recipes/food/views/pan-seared-ancho-skirt-steak-103718,Pan-Seared Ancho Skirt Steak ,"2 large or 4 small dried ancho or New Mexico chiles (1 oz total) $ 2/3 cup fresh orange juice $ 2 garlic cloves $ 1 tablespoon olive oil $ 1 1/2 lb skirt steak, cut into 4 pieces $ 2 tablespoons vegetable oil $ Accompaniment: avocado slices $ ",Fruit Juice $ Beef $ Picnic $ Quick & Easy $ Orange $ Steak $ Avocado $ Spring $ Summer $ Gourmet $ ,Southwestern $ ,3.5/4,5,Fruit Juice $ Beef $ Picnic $ Quick & Easy $ Orange $ Steak $ Avocado $ Spring $ Summer $ Gourmet $ Southwestern $ 
https://www.epicurious.com/recipes/food/views/southwestern-grilled-beef-salad-with-corn-salsa-and-chipotle-dressing-2341,Southwestern Grilled Beef Salad with Corn Salsa and Chipotle Dressing ,"1/4 cup fresh lime juice $ 1/4 cup chopped fresh cilantro $ 1 tablespoon chopped canned chipotle chilies in adobo sauce $ 2 large garlic cloves, pressed $ 1 cup olive oil $ 2 ears fresh corn, husked $ 4 plum tomatoes, seeded, chopped $ 1 cup chopped peeled jicama $ 1/2 cup chopped red onion $ 1/4 cup chopped fresh cilantro $ 1 1/2 tablespoons fresh lime juice $ 1 tablespoon ground cumin $ 1 tablespoon chili powder $ 3 large garlic cloves, pressed $ 2 pounds beef tenderloin steaks (1 inch thick) $ 1 avocado, halved, peeled, pitted, diced $ 10 cups mixed baby greens $ 2 small mangoes, peeled, pitted, thinly sliced $ *Available at Latin American markets, specialty foods stores and in the Latin section of some supermarkets. $ ",Salad $ Beef $ Fruit $ Garlic $ Vegetable $ Marinate $ Mango $ Corn $ Summer $ Bon Appétit $ ,Southwestern $ ,3.5/4,17,Salad $ Beef $ Fruit $ Garlic $ Vegetable $ Marinate $ Mango $ Corn $ Summer $ Bon Appétit $ Southwestern $ 
https://www.epicurious.com/recipes/food/views/chipotle-mayonnaise-dip-with-carrots-12261,Chipotle Mayonnaise Dip with Carrots ,"1 cup mayonnaise $ 1 cup sour cream $ 2 canned chipotle chilies in adobo sauce,* minced to a paste (about 1 tablespoon), plus 1/2 teaspoon adobo sauce $ 24 small carrots, trimmed, or 12 large carrots, cut into sticks $ *available at Hispanic markets and some specialty foods shops $ ",Condiment/Spread $ No-Cook $ Cocktail Party $ Vegetarian $ Buffet $ Mayonnaise $ Hot Pepper $ Carrot $ Sour Cream $ Gourmet $ ,Southwestern $ ,3/4,6,Condiment/Spread $ No-Cook $ Cocktail Party $ Vegetarian $ Buffet $ Mayonnaise $ Hot Pepper $ Carrot $ Sour Cream $ Gourmet $ Southwestern $ 
https://www.epicurious.com/recipes/food/views/curry-spiced-citrus-and-avocado-salsa-2113,Curry-Spiced Citrus and Avocado Salsa ,"2 large oranges $ 1 large red grapefruit $ 1 tablespoon curry powder $ 1 avocado, peeled, seeded, diced $ 1/2 cup chopped red onion $ 2 tablespoons chopped fresh chives or green onions $ 1 tablespoon avocado oil or vegetable oil $ Ground white pepper $ ",Condiment/Spread $ Fruit $ Onion $ Vegetarian $ Low Sodium $ Wheat/Gluten-Free $ Grapefruit $ Orange $ Curry $ Avocado $ Summer $ Healthy $ Vegan $ Bon Appétit $ ,Southwestern $ ,3/4,6,Condiment/Spread $ Fruit $ Onion $ Vegetarian $ Low Sodium $ Wheat/Gluten-Free $ Grapefruit $ Orange $ Curry $ Avocado $ Summer $ Healthy $ Vegan $ Bon Appétit $ Southwestern $ 
https://www.epicurious.com/recipes/food/views/turkey-chili-with-white-beans-3090,Turkey Chili with White Beans ,"1 tablespoon vegetable oil $ 2 medium onions, chopped $ 1 1/2 teaspoons dried oregano $ 1 1/2 teaspoons ground cumin $ 1 1/2 pounds lean ground turkey $ 1/4 cup chili powder $ 2 bay leaves $ 1 tablespoon unsweetened cocoa powder $ 1 1/2 teaspoons salt $ 1/4 teaspoon ground cinnamon $ 1 28-ounce can whole tomatoes $ 3 cups beef stock or canned beef broth $ 1 8-ounce can tomato sauce $ 3 15-ounce cans small white beans, rinsed, drained $ Chopped red onion $ Chopped fresh cilantro $ Plain low-fat yogurt or light sour cream $ ",Soup/Stew $ Bean $ Tomato $ turkey $ Stew $ Super Bowl $ Low Fat $ Wheat/Gluten-Free $ Healthy $ Bon Appétit $ ,Southwestern $ Tex-Mex $ ,3.5/4,411,Soup/Stew $ Bean $ Tomato $ turkey $ Stew $ Super Bowl $ Low Fat $ Wheat/Gluten-Free $ Healthy $ Bon Appétit $ Southwestern $ Tex-Mex $ 
https://www.epicurious.com/recipes/food/views/chili-baked-ribs-269,Chili-Baked Ribs ,4 teaspoons olive oil $ 1 cup minced onion $ 1 1/2 cups water $ 1 cup ketchup $ 2/3 cup packed golden brown sugar $ 2/3 cup cider vinegar $ 1/4 cup unsulfured (light) molasses $ 2 tablespoons Worcestershire sauce $ 2 tablespoons instant coffee powder $ 2 teaspoons prepared mustard $ 2 teaspoons chili powder $ 1 teaspoon ground cumin $ 1/4 teaspoon ground cinnamon $ 1/4 teaspoon cayenne pepper $ 6 baby back pork rib racks (about 9 pounds total weight) $ 1/2 cup cider vinegar $ 4 teaspoons liquid smoke flavoring $ 6 tablespoons chili powder $ 3 tablespoons ground cumin $ 1 1/2 tablespoon onion powder $ 1/4 teaspoon cayenne pepper $ ,Herb $ Pork $ Roast $ Summer $ Bon Appétit $ ,American $ Southwestern $ ,3.5/4,56,Herb $ Pork $ Roast $ Summer $ Bon Appétit $ American $ Southwestern $ 
https://www.epicurious.com/recipes/food/views/tortillas-with-eggs-480,Tortillas with Eggs ,"1 tablespoon corn oil $ 3 5- to 6-inch tortillas, halved, cut crosswise into 1/2-inch-wide strips $ 4 eggs, beaten to blend $ 1/4 cup canned diced green chilies $ 2 tablespoons chopped fresh cilantro $ Hot pepper sauce (such as Tabasco) $ ",Egg $ Pepper $ Breakfast $ Brunch $ Vegetarian $ Quick & Easy $ Hot Pepper $ Spring $ Bon Appétit $ New Mexico $ Sugar Conscious $ Pescatarian $ Dairy Free $ Wheat/Gluten-Free $ Peanut Free $ Tree Nut Free $ Soy Free $ No Sugar Added $ Kosher $ ,Southwestern $ Tex-Mex $ ,3/4,7,Egg $ Pepper $ Breakfast $ Brunch $ Vegetarian $ Quick & Easy $ Hot Pepper $ Spring $ Bon Appétit $ New Mexico $ Sugar Conscious $ Pescatarian $ Dairy Free $ Wheat/Gluten-Free $ Peanut Free $ Tree Nut Free $ Soy Free $ No Sugar Added $ Kosher $ Southwestern $ Tex-Mex $ 
https://www.epicurious.com/recipes/food/views/boston-marathon-chili-1720,Boston Marathon Chili ,"3 tablespoons vegetable oil $ 2 large onions, chopped $ 2 green bell peppers, chopped $ 3 garlic cloves, minced $ 1 pound beef stew meat, cut into 1-inch cubes $ 2 pounds boneless pork butt or boneless country-style spareribs, cut into 1-inch cubes $ 1 28-ounce can whole tomatoes, chopped, liquid reserved $ 1/3 cup chili powder $ 1 to 2 large jalapeño chilies, chopped $ 2 tablespoons ground cumin $ 1 16-ounce can black beans, drained $ 1/2 cup dry red wine $ Grated cheddar cheese $ Chopped fresh cilantro $ Chopped red onions $ Sour cream $ ",Soup/Stew $ Bean $ Beef $ Onion $ Pepper $ Pork $ Tomato $ Super Bowl $ Kid-Friendly $ Bon Appétit $ Massachusetts $ ,Southwestern $ ,3.5/4,84,Soup/Stew $ Bean $ Beef $ Onion $ Pepper $ Pork $ Tomato $ Super Bowl $ Kid-Friendly $ Bon Appétit $ Massachusetts $ Southwestern $ 
https://www.epicurious.com/recipes/food/views/pork-and-chipotle-tacos-4259,Pork and Chipotle Tacos ,"1 2 1/2-pound bone-in pork butt $ 2 tablespoons corn oil $ 2 large onions, chopped $ 1 1/2 cups chopped fresh cilantro $ 3 tablespoons chopped canned chipotle chilies $ 12 5-to-6 inch-diameter corn tortillas $ 2 15-to-16 ounce cans black beans, rinsed, drained $ 1 1/2 cups chopped green onions $ 2 avocados, pitted, peeled, diced $ Purchased tomatillo salsa $ Lime wedges $ ",Bean $ Pepper $ Pork $ Roast $ Sauté $ Lime $ Hot Pepper $ Fall $ Tomatillo $ Cilantro $ Tortillas $ Bon Appétit $ ,Mexican $ Southwestern $ ,3.5/4,50,Bean $ Pepper $ Pork $ Roast $ Sauté $ Lime $ Hot Pepper $ Fall $ Tomatillo $ Cilantro $ Tortillas $ Bon Appétit $ Mexican $ Southwestern $ 
https://www.epicurious.com/recipes/food/views/southwestern-taco-salad-108439,Southwestern Taco Salad ,"1/2 cup olive oil $ 1/4 cup fresh lime juice $ 1/4 cup chopped fresh cilantro $ 1 tablespoon minced canned chipotle chiles in adobo sauce $ 3 cups roasted turkey, cut into 1/2-inch cubes $ 1 large avocado, halved, seeded, cut into 1/2-inch cubes $ 1 large red bell pepper, cut into 1/2-inch pieces $ 1/2 cup diced sweet onion $ 4 tostada crowns (bowls) or 8 taco shells $ ",Salad $ Pepper $ Poultry $ turkey $ No-Cook $ Avocado $ Bell Pepper $ Hot Pepper $ Summer $ Bon Appétit $ ,American $ Southwestern $ ,3.5/4,11,Salad $ Pepper $ Poultry $ turkey $ No-Cook $ Avocado $ Bell Pepper $ Hot Pepper $ Summer $ Bon Appétit $ American $ Southwestern $ 
https://www.epicurious.com/recipes/food/views/tex-mex-sheperds-pie-103138,Tex-Mex Sheperd's Pie ,"2 cups diced cooked chicken (about 8 ounces) $ 1 cup purchased mild or medium-hot chunky salsa $ 1 cup drained canned black beans $ 1 18-ounce package frozen mashed potatoes, thawed $ 1/2 cup (packed) shredded hot pepper Monterey Jack cheese $ 3 tablespoons chopped fresh cilantro $ ",Bean $ Cheese $ Chicken $ Pepper $ Potato $ Poultry $ Bake $ Quick & Easy $ Casserole/Gratin $ Spring $ Bon Appétit $ ,American $ Southwestern $ ,3.5/4,27,Bean $ Cheese $ Chicken $ Pepper $ Potato $ Poultry $ Bake $ Quick & Easy $ Casserole/Gratin $ Spring $ Bon Appétit $ American $ Southwestern $ 
https://www.epicurious.com/recipes/food/views/chicken-breasts-with-poblano-chile-strips-and-cream-106892,Chicken Breasts with Poblano Chile Strips and Cream ,"1/2 pound fresh poblano chiles (2 to 3) $ 2 boneless chicken breast halves (1 1/2 pounds total), with or without skin $ 1 1/2 tablespoons olive oil $ 1 medium white onion, halved lengthwise, then sliced lengthwise 1/4 inch thick $ 1/4 cup crème fraîche or sour cream $ ",Chicken $ Dairy $ Pepper $ Poultry $ Roast $ Sauté $ Quick & Easy $ Summer $ Gourmet $ ,American $ Southwestern $ ,3/4,25,Chicken $ Dairy $ Pepper $ Poultry $ Roast $ Sauté $ Quick & Easy $ Summer $ Gourmet $ American $ Southwestern $ 
https://www.epicurious.com/recipes/food/views/sante-fe-chicken-40,Sante Fe Chicken ,"2 tablespoons olive oil $ 6 chicken thighs $ 6 garlic cloves, chopped $ 1 14 1/2-ounce can Mexican-style stewed tomatoes $ 1 large 8- to 10-ounce) yam, peeled, cut into 1/2- to 3/4-inch dice $ 1 4-ounce can diced green chilies $ 1/2 cup low-salt chicken broth $ 1/2 cup packed chopped fresh cilantro $ 1/4 cup bottled mild green taco sauce $ 1 15-ounce can golden hominy, drained $ ",Chicken $ Garlic $ Poultry $ Tomato $ Braise $ Quick & Easy $ Bon Appétit $ ,American $ Southwestern $ ,3.5/4,67,Chicken $ Garlic $ Poultry $ Tomato $ Braise $ Quick & Easy $ Bon Appétit $ American $ Southwestern $ 
https://www.epicurious.com/recipes/food/views/southwestern-tofu-wraps-102997,Southwestern Tofu Wraps ,"4 tablespoons fresh lime juice $ 1 tablespoon vegetable oil $ 8 ounces firm tofu, drained, patted dry, crumbled $ 1/2 cup chopped red onion $ 1/3 cup chopped fresh cilantro $ 1 garlic clove, minced $ 4 7- to 8-inch-diameter flour tortillas $ 2 cups thinly sliced lettuce leaves $ 1 cup spicy tomato salsa $ ",Sandwich $ Soy $ Bake $ Vegetarian $ Quick & Easy $ Lunch $ Tofu $ Fall $ Spring $ Summer $ Winter $ Vegan $ Bon Appétit $ Pescatarian $ Dairy Free $ Peanut Free $ Tree Nut Free $ Kosher $ ,Southwestern $ ,3.5/4,29,Sandwich $ Soy $ Bake $ Vegetarian $ Quick & Easy $ Lunch $ Tofu $ Fall $ Spring $ Summer $ Winter $ Vegan $ Bon Appétit $ Pescatarian $ Dairy Free $ Peanut Free $ Tree Nut Free $ Kosher $ Southwestern $ 
https://www.epicurious.com/recipes/food/views/2m-smokehouse-charro-beans,Charro Beans ,"1 lb. dried pinto beans, soaked overnight $ 12 garlic cloves, lightly smashed $ 1 Tbsp. beef bouillon paste $ 4 tsp. kosher salt, plus more $ 3/4 tsp. ground coriander $ 3/4 tsp. ground cumin $ 3/4 tsp. garlic powder $ 3/4 tsp. onion powder $ 1/2 tsp. cayenne pepper $ 1 small white onion, chopped $ 1 medium tomato, chopped $ 1/2 cup chopped cilantro $ ",Bon Appétit $ Side $ Bean $ Garlic $ Coriander $ Cumin $ Tomato $ Cilantro $ Wheat/Gluten-Free $ ,Mexican $ Tex-Mex $ ,0/4,0,Bon Appétit $ Side $ Bean $ Garlic $ Coriander $ Cumin $ Tomato $ Cilantro $ Wheat/Gluten-Free $ Mexican $ Tex-Mex $ 
https://www.epicurious.com/recipes/food/views/valentinas-charred-tomato-salsa,Valentina's Charred Tomato Salsa ,"2 Tbsp. extra-virgin olive oil $ 6 plum tomatoes (about 2 lb.), cut into 1 1/2"" pieces $ 1/4 small onion, chopped $ 1 garlic clove $ 1 serrano chile, coarsely chopped $ 1/2 cup cilantro leaves with tender stems $ 1 Tbsp. fresh lime juice $ Kosher salt $ ",Bon Appétit $ Salsa $ Condiment $ Condiment/Spread $ Sauce $ Tomato $ Texas $ Chile Pepper $ Cilantro $ Lime Juice $ ,Tex-Mex $ ,0/4,0,Bon Appétit $ Salsa $ Condiment $ Condiment/Spread $ Sauce $ Tomato $ Texas $ Chile Pepper $ Cilantro $ Lime Juice $ Tex-Mex $ 
https://www.epicurious.com/recipes/food/views/easy-chicken-tortilla-soup-with-bean-and-cheese-nachos,Easy Chicken Tortilla Soup with Bean and Cheese Nachos ,"4 (6"") corn tortillas, divided $ 2 tablespoons neutral vegetable oil, such as grapeseed, plus more for brushing $ 1/4 cup canned refried beans $ 1 1/2 teaspoons kosher salt, plus more $ 1 teaspoon ground cumin, plus more for dusting $ 1/2 cup shredded Monterey Jack cheese (about 2.5 ounces) $ 1 small onion, chopped $ 2 large garlic cloves, finely chopped $ 4 cups low-sodium chicken broth $ 1 (14-ounce) can diced tomatoes, preferably fire-roasted $ 1 teaspoon finely chopped canned chipotle chiles, plus 1 teaspoon adobo sauce $ 1/2 teaspoon freshly ground black pepper, plus more $ 1 pound boneless, skinless chicken breasts, cut crosswise into 1/2""-thick strips, strips cut in half lengthwise if large $ 2 tablespoons fresh lime juice (from about 1 1/2–2 limes), plus 1 lime, cut into wedges $ Sliced avocado, sliced radish, and cilantro leaves with tender stems (for serving; optional) $ ",22-Minute Meals $ Dinner $ Soup/Stew $ Chicken $ Tortillas $ Cheese $ Cumin $ Bean $ Tomato $ Avocado $ Chile Pepper $ ,Tex-Mex $ ,3.5/4,8,22-Minute Meals $ Dinner $ Soup/Stew $ Chicken $ Tortillas $ Cheese $ Cumin $ Bean $ Tomato $ Avocado $ Chile Pepper $ Tex-Mex $ 
https://www.epicurious.com/recipes/food/views/3-ingredient-tomatillo-guacamole,3-Ingredient Tomatillo Guacamole ,"3 avocados, coarsely chopped $ 1/2 cup mild or medium heat tomatillo salsa $ 1 tablespoon (or more) fresh lime juice $ 1/2 teaspoon (or more) kosher salt $ ",3-Ingredient Recipes $ Dip $ Condiment $ Condiment/Spread $ Avocado $ Appetizer $ Tomatillo $ Lime Juice $ ,Mexican $ Tex-Mex $ ,2/4,9,3-Ingredient Recipes $ Dip $ Condiment $ Condiment/Spread $ Avocado $ Appetizer $ Tomatillo $ Lime Juice $ Mexican $ Tex-Mex $ 
https://www.epicurious.com/recipes/food/views/ground-beef-tacos,Ground Beef Tacos ,"1 tablespoon vegetable oil $ 1/2 onion, chopped $ 1/2 pound ground beef $ 1 garlic clove, minced $ 1 serrano chile, stemmed and chopped $ 1/2 teaspoon salt $ 1 teaspoon chili powder $ 1/4 teaspoon ground black pepper $ 1/4 teaspoon ground cumin $ 1 1/2 cups grated Cheddar or Monterey Jack cheese $ 1 1/2 cups chopped tomato $ 1 1/2 cups chopped iceberg lettuce $ 6 taco shells $ 1 cup Salsa Picante or favorite salsa, optional $ ",Taco $ Tortillas $ Ground Beef $ Dinner $ Kid-Friendly $ Wheat/Gluten-Free $ Beef $ ,Tex-Mex $ Mexican $ ,3/4,3,Taco $ Tortillas $ Ground Beef $ Dinner $ Kid-Friendly $ Wheat/Gluten-Free $ Beef $ Tex-Mex $ Mexican $ 
https://www.epicurious.com/recipes/food/views/bacon-fat-flour-tortillas,Bacon-Fat Flour Tortillas ,"8 ounces thin-cut smoked bacon, cut into 1/4-inch pieces $ 2 tablespoons plus 1/2 teaspoon vegetable oil $ 1 1/4 cups whole milk, divided $ 2 teaspoons baking powder $ 1 1/2 teaspoons kosher salt $ 3 cups all-purpose flour, plus more for surface $ ",Bon Appétit $ Taco $ Bacon $ Pork $ Tortillas $ ,Mexican $ Tex-Mex $ ,0/4,0,Bon Appétit $ Taco $ Bacon $ Pork $ Tortillas $ Mexican $ Tex-Mex $ 
https://www.epicurious.com/recipes/food/views/fresh-taco-salad-with-creamy-avocado-lime-dressing,Fresh Taco Salad with Creamy Avocado-Lime Dressing ,"1 tablespoon extra-virgin olive oil $ 4 cloves garlic, pressed or minced $ 1 1/2 teaspoons chili powder $ 1 teaspoon ground cumin $ 1 tablespoon tomato paste $ 1/2 cup quinoa, rinsed $ 1 cup water $ 1 (15-ounce) can black beans, rinsed and drained, or 1 1/2 cups cooked black beans $ 1/4 teaspoon fine sea salt $ Freshly ground black pepper $ 1 1/2 teaspoons extra-virgin olive oil $ 3 corn tortillas, cut into 2-inch-long, 1/4-inch-wide strips $ Fine sea salt $ 1/4 cup lime juice (from about 2 limes) $ 1 tablespoon extra-virgin olive oil $ 1 tablespoon water $ 1/2 medium-large avocado, pitted $ 1/4 cup lightly packed fresh cilantro (some stems are okay) $ 1 small-medium jalapeño, seeded, deribbed, and roughly chopped $ 1 clove garlic, roughly chopped $ 1/4 teaspoon fine sea salt $ 1 small head romaine lettuce, chopped (or 5 ounces chopped romaine) $ 3 cups packed baby arugula (about 3 ounces) $ 1 cup thinly sliced grape or cherry tomatoes $ 1/3 cup thinly sliced and roughly chopped radishes (3 to 4), or chopped red onion $ 1/3 cup crumbled feta cheese (about 2 ounces) $ 1/2 medium-large avocado $ ",Salad $ Taco $ Vegetarian $ Feta $ Tomato $ Quinoa $ Bean $ Tortillas $ Cilantro $ Summer $ Wheat/Gluten-Free $ ,Tex-Mex $ ,4/4,4,Salad $ Taco $ Vegetarian $ Feta $ Tomato $ Quinoa $ Bean $ Tortillas $ Cilantro $ Summer $ Wheat/Gluten-Free $ Tex-Mex $ 
https://www.epicurious.com/recipes/food/views/border-salad,Border Salad ,"2 (15-ounce) cans kidney beans, drained and rinsed $ 1 small red onion, chopped $ 4 stalks celery, chopped $ 1 green bell pepper, chopped $ 1 cup baby corns, cut in half $ 1 cup sliced roasted red bell peppers (see hints below) $ 1 (14-ounce) can water-packed hearts of palm, drained and sliced $ 1 (15-ounce) can water-packed artichoke hearts, drained and cut in half $ 1 medium or large tomato, chopped $ 1 small jalapeño pepper, seeded and chopped (optional) $ 1/4 cup chopped fresh cilantro $ 1 1/2 cups fresh salsa (see hints below) $ ",HarperCollins $ Salad $ Bean $ Summer $ Bell Pepper $ Corn $ ,Tex-Mex $ Southwestern $ ,0/4,0,HarperCollins $ Salad $ Bean $ Summer $ Bell Pepper $ Corn $ Tex-Mex $ Southwestern $ 
https://www.epicurious.com/recipes/food/views/cheesy-chicken-enchilada-skillet,Cheesy Chicken Enchilada Skillet ,"1 tablespoon vegetable oil $ 1/2 onion, chopped $ 2 garlic cloves, finely chopped $ 1 teaspoon ground cumin $ 1 teaspoon kosher salt $ 1 (16-ounce) jar medium red salsa $ 1/2 cup sour cream, plus more for serving $ 4 corn tortillas, torn into quarters $ 4 cups shredded cooked chicken (from 1 [2 1/2-pound] rotisserie chicken) $ 1 (15.5-ounce) can black beans, drained, rinsed $ 1 cup shredded Mexican cheese blend $ Pickled jalapeños and cilantro (for serving; optional) $ ",30 Days of Groceries $ Chicken $ Dinner $ Salsa $ Sour Cream $ Bean $ Cheese $ Garlic $ Quick & Easy $ Bake $ ,Tex-Mex $ ,3/4,18,30 Days of Groceries $ Chicken $ Dinner $ Salsa $ Sour Cream $ Bean $ Cheese $ Garlic $ Quick & Easy $ Bake $ Tex-Mex $ 
https://www.epicurious.com/recipes/food/views/instant-pot-ancho-chile-sauce,Instant-Pot Ancho Chile Sauce ,"2 ounces dried ancho chiles (3 to 5 chiles) $ 2 garlic cloves, lightly smashed $ 1 1/2 cups water $ 2 teaspoons kosher salt $ 1 1/2 teaspoons sugar $ 1/2 teaspoon dried oregano $ 1/2 teaspoon ground cumin $ 2 tablespoons apple cider vinegar $ ",Instant Pot $ Pressure Cooker $ Sauce $ Chile Pepper $ Hot Pepper $ Cumin $ Oregano $ Vinegar $ Quick & Easy $ Condiment/Spread $ ,Tex-Mex $ Mexican $ ,4/4,4,Instant Pot $ Pressure Cooker $ Sauce $ Chile Pepper $ Hot Pepper $ Cumin $ Oregano $ Vinegar $ Quick & Easy $ Condiment/Spread $ Tex-Mex $ Mexican $ 
https://www.epicurious.com/recipes/food/views/amayas-migas,Amaya’s Migas ,"1 tablespoon vegetable oil $ 2 cups dime-sized tortilla pieces or crushed tortilla chips $ 1/2 cup chopped tomato $ 2/3 cup chopped onion $ 1 jalapeño chile, stemmed, seeded, and chopped $ 2 eggs $ 1/2 cup cheddar cheese $ ",Breakfast $ Dinner $ Egg $ Tortillas $ Jalapeño $ Cheddar $ Tomato $ ,Tex-Mex $ Southwestern $ ,3.5/4,11,Breakfast $ Dinner $ Egg $ Tortillas $ Jalapeño $ Cheddar $ Tomato $ Tex-Mex $ Southwestern $ 
https://www.epicurious.com/recipes/food/views/slow-cooker-green-chicken-chili,Slow-Cooker Green Chicken Chili ,"3 pounds boneless, skinless chicken thighs $ 2 large sweet potatoes, unpeeled, cut into 1"" cubes (about 2 pounds) $ 1 (16-ounce) jar tomatillo salsa (salsa verde) (about 2 cups) $ 2 cups low-sodium chicken broth $ 2 teaspoons ground cumin $ 2 teaspoons (or more) kosher salt $ 1 teaspoon (or more) freshly ground black pepper $ 2 cans low-sodium pinto beans, drained, rinsed $ Sliced avocado, cilantro leaves, sour cream, and/or finely chopped onion (for serving; optional) $ A 6-quart (or larger) slow cooker $ ",Chili $ Dinner $ Soup/Stew $ Chicken $ Tomatillo $ Sweet Potato/Yam $ Bean $ Salsa $ Slow Cooker $ ,Tex-Mex $ Southwestern $ ,4/4,43,Chili $ Dinner $ Soup/Stew $ Chicken $ Tomatillo $ Sweet Potato/Yam $ Bean $ Salsa $ Slow Cooker $ Tex-Mex $ Southwestern $ 
https://www.epicurious.com/recipes/food/views/instant-pot-red-chicken-enchiladas,Instant-Pot Red Chicken Enchiladas ,"1 pound boneless, skinless chicken thighs $ 2 cups Ancho Chile Sauce $ 1/2 cup chopped onion $ 12 corn tortillas $ 3 tablespoons vegetable oil or nonstick cooking spray $ 1/2 cup crumbled queso fresco $ 2 cups shredded Monterey Jack cheese $ ",Instant Pot $ Pressure Cooker $ Chicken $ Tortillas $ Bake $ Cheese $ Chile Pepper $ Monterey Jack $ Dinner $ ,Tex-Mex $ Mexican $ ,3.5/4,5,Instant Pot $ Pressure Cooker $ Chicken $ Tortillas $ Bake $ Cheese $ Chile Pepper $ Monterey Jack $ Dinner $ Tex-Mex $ Mexican $ 
https://www.epicurious.com/recipes/food/views/instant-pot-cowboy-chili,Instant-Pot Cowboy Chili ,"1 lb (450 g) pasture-raised breakfast sausage $ 1 lb (450 g) grass-fed ground beef $ 2 onions, diced $ 29 oz (822 g) diced tomatoes $ 1 1/2 cups (300 g) carrots, diced $ 1/2 tsp pepper $ 2 tbsp (14 g) chili powder $ 1 tsp (2 g) garlic powder $ 1 tsp (2 g) onion powder $ 1/2 tsp paprika (regular or smoked) $ 1 tsp (5 g) sea salt $ 1 tbsp (15 ml) (or more) gluten-free Worcestershire sauce $ To serve: Dairy-free sour cream, jalapeño slices and dairy-free cheese $ ",Instant Pot $ Pressure Cooker $ Chili $ Sausage $ Beef $ Ground Beef $ Tomato $ Paleo $ Onion $ Dinner $ ,Southwestern $ Tex-Mex $ ,2.5/4,2,Instant Pot $ Pressure Cooker $ Chili $ Sausage $ Beef $ Ground Beef $ Tomato $ Paleo $ Onion $ Dinner $ Southwestern $ Tex-Mex $ 
https://www.epicurious.com/recipes/food/views/instant-pot-vegan-cauliflower-queso,Instant-Pot Vegan Cauliflower Queso ,"2 cups (214 g) cauliflower florets (about  1/2 head small cauliflower) $ 1 cup (237 ml) water $ 3/4 cup (96 g) thick-cut carrot coins $ 1/4 cup (34 g) raw cashews $ 1/4 cup (24 g) nutritional yeast $ Liquid drained from 1 (10-oz [283-g]) can diced tomatoes with green chiles (I like Rotel) $ 1/2 tsp smoked paprika $ 1/2 tsp salt (or to taste) $ 1/4 tsp chili powder $ 1/4 tsp jalapeño powder, optional $ 1/8 tsp mustard powder $ 1 (10-oz [283-g]) can diced tomatoes with green chiles, drained (I like Rotel) $ 1/2 cup (75 g) chopped bell pepper (optional) $ 2 tbsp (30 g) minced red onion (optional) $ 1/4 cup (4 g) minced cilantro $ Instant Pot pressure cooker $ ",Instant Pot $ Dip $ Vegan $ Vegetarian $ Cheese $ Tomato $ Pressure Cooker $ Cauliflower $ Healthy $ Wheat/Gluten-Free $ Cashew $ ,Southwestern $ Tex-Mex $ ,3/4,5,Instant Pot $ Dip $ Vegan $ Vegetarian $ Cheese $ Tomato $ Pressure Cooker $ Cauliflower $ Healthy $ Wheat/Gluten-Free $ Cashew $ Southwestern $ Tex-Mex $ 
https://www.epicurious.com/recipes/food/views/cornmeal-biscuits-with-chorizo-gravy-and-scallions,Cornmeal Biscuits with Chorizo Gravy and Scallions ,"1 cup all-purpose flour $ 3/4 cup cornmeal $ 1 tablespoon sugar $ 1 1/2 teaspoons baking powder $ 1 teaspoon baking soda $ 1 teaspoon kosher salt $ 1/4 teaspoon black pepper, freshly ground $ 1/2 cup (1 stick) chilled unsalted butter, cut into pieces $ 3/4 cup buttermilk $ 1 tablespoon vegetable oil $ 1 pound fresh chorizo, casings removed $ 3 tablespoons all-purpose flour $ 2 1/2 cups whole milk $ Kosher salt, freshly ground pepper $ Hot sauce $ 1 avocado, sliced $ 4 scallions, thinly sliced $ 2 radishes, thinly sliced $ 1/2 cup cilantro leaves with tender stems $ 1/2 cup Cotija cheese or queso fresco (optional) $ ",Bon Appétit $ Biscuit $ Cornmeal $ Lunch $ Kid-Friendly $ Buttermilk $ Avocado $ Dinner $ Quick & Easy $ Sausage $ Green Onion/Scallion $ Cheese $ Peanut Free $ Tree Nut Free $ Soy Free $ ,Tex-Mex $ ,3.5/4,2,Bon Appétit $ Biscuit $ Cornmeal $ Lunch $ Kid-Friendly $ Buttermilk $ Avocado $ Dinner $ Quick & Easy $ Sausage $ Green Onion/Scallion $ Cheese $ Peanut Free $ Tree Nut Free $ Soy Free $ Tex-Mex $ 
https://www.epicurious.com/recipes/food/views/skirt-steak-tostadas-with-cashew-salsa-and-red-cabbage-slaw,Skirt Steak Tostadas With Cashew Salsa and Red Cabbage Slaw ,"2 Fresno or other red chiles $ 2 garlic cloves, unpeeled $ 1/2 cup cashews $ 2 tablespoons apple cider vinegar $ 1/4 teaspoon sugar $ Kosher salt $ 2 tablespoons apple cider vinegar $ 2 tablespoons mayonnaise $ 2 tablespoons plain Greek yogurt $ 1/4 large head of red cabbage, very thinly sliced (about 4 cups) $ 1 scallion, chopped $ Kosher salt $ 1 skirt steak (about 1 1/2 pounds), cut into 4 pieces $ Freshly ground black pepper $ 1 teaspoon ground cumin $ 1 tablespoon vegetable oil; plus more for frying (about 1/3 cup; optional) $ 4 small corn tortillas or 4 store-bought tostadas $ Chopped cilantro and lime wedges (for serving) $ ",Bon Appétit $ Steak $ Chile Pepper $ Garlic $ Cashew $ Salsa $ Tortillas $ Dinner $ ,Tex-Mex $ ,3/4,4,Bon Appétit $ Steak $ Chile Pepper $ Garlic $ Cashew $ Salsa $ Tortillas $ Dinner $ Tex-Mex $ 
https://www.epicurious.com/recipes/food/views/skillet-chicken-and-zucchini-enchiladas-with-tomatillo-sauce,Skillet Chicken and Zucchini Enchiladas with Tomatillo Sauce ,"2 tablespoons neutral vegetable oil, such as grapeseed $ 1 cup thinly sliced onion (about 1 small onion) $ 1 cup (1/2"" pieces) zucchini $ 1/2 teaspoon ground coriander $ 1/2 teaspoon ground cumin $ 1/2 teaspoon kosher salt $ 1/4 teaspoon freshly ground black pepper $ 2 (16-ounce) jars store-bought tomatillo salsa or 4 cups homemade tomatillo salsa, divided $ 2 cups shredded cooked chicken (from 1/2 [2 1/2-pound] rotisserie chicken) $ 8 (5-6"") corn tortillas $ 3/4 cup grated Monterey Jack cheese $ Sour cream, 1 sliced avocado, cilantro leaves with tender stems, and lime wedges (for serving) $ ",22-Minute Meals $ Chicken $ Zucchini $ Salsa $ Tortillas $ Dinner $ Coriander $ Cumin $ Wheat/Gluten-Free $ Peanut Free $ Tree Nut Free $ Soy Free $ No Sugar Added $ ,Tex-Mex $ ,4/4,35,22-Minute Meals $ Chicken $ Zucchini $ Salsa $ Tortillas $ Dinner $ Coriander $ Cumin $ Wheat/Gluten-Free $ Peanut Free $ Tree Nut Free $ Soy Free $ No Sugar Added $ Tex-Mex $ 
https://www.epicurious.com/recipes/food/views/jalapeno-and-lime-marinated-skirt-steak-tacos,Jalapeño and Lime–Marinated Skirt Steak Tacos ,"1 medium jalapeño, thinly sliced $ 2 garlic cloves, finely chopped $ 1/4 cup coarsely chopped cilantro $ 1/4 cup fresh lime juice $ 1/4 cup olive oil $ 1 teaspoon kosher salt $ 1/2 teaspoon freshly ground black pepper $ 3/4 teaspoon ground cumin $ 1 pound skirt steak, cut crosswise into 5–6-inch segments $ 8 (8-inch) corn tortillas $ Homemade or store-bought tomatillo salsa (for serving) $ 1/2 medium avocado, sliced $ 1/3 cup sour cream, thinned with a tablespoon of water or lime juice $ Crumbled queso fresco (optional), cilantro leaves, thinly sliced red onion, and lime wedges (for serving) $ ",Steak $ Jalapeño $ Lime Juice $ Tortillas $ Cheese $ Lunch $ Dinner $ Summer $ Grill $ Sugar Conscious $ Wheat/Gluten-Free $ Peanut Free $ Tree Nut Free $ Soy Free $ No Sugar Added $ ,Tex-Mex $ ,4/4,16,Steak $ Jalapeño $ Lime Juice $ Tortillas $ Cheese $ Lunch $ Dinner $ Summer $ Grill $ Sugar Conscious $ Wheat/Gluten-Free $ Peanut Free $ Tree Nut Free $ Soy Free $ No Sugar Added $ Tex-Mex $ 
https://www.epicurious.com/recipes/food/views/quick-sweet-potato-mushroom-and-black-bean-burrito,"Quick Sweet Potato, Mushroom, and Black Bean Burrito ","3/4 cup quick-cooking white rice $ 2/3 cup Mexican salsa verde, divided $ 4 tablespoons chopped cilantro, divided $ 2 tablespoons vegetable oil, divided $ 1 medium (about 8 ounces) sweet potato, grated $ 1 teaspoon kosher salt, divided $ 1 teaspoon ground cumin, divided $ 1/2 teaspoon cayenne pepper, divided $ 8 ounces sliced button mushrooms $ 1/2 medium red onion, thinly sliced $ 1 (16-ounce) can black beans, rinsed, drained $ 5 ounces baby spinach $ 1 lime, halved $ 4 (12"") flour tortillas $ 1/3 cup sour cream $ 3/4 cup grated Monterey Jack cheese (about 2 1/2 ounces) $ 1 avocado, diced $ ",Vegetarian $ Burrito $ Sweet Potato/Yam $ Mushroom $ Bean $ Lunch $ 22-Minute Meals $ ,Mexican $ Tex-Mex $ ,4/4,20,Vegetarian $ Burrito $ Sweet Potato/Yam $ Mushroom $ Bean $ Lunch $ 22-Minute Meals $ Mexican $ Tex-Mex $ 
https://www.epicurious.com/recipes/food/views/breakfast-tacos-with-homemade-chorizo-crispy-potatoes-and-egg-56389517,"Breakfast Tacos with Homemade Chorizo, Crispy Potatoes, and Egg ","3 garlic cloves, peeled $ 1/2 teaspoon kosher salt $ 8 ounces ground pork $ 1 small can chipotle chiles in adobo $ 1 tablespoon distilled white vinegar $ 1 large russet potato, peeled and cut into 1/2-inch cubes $ 2 tablespoons distilled white vinegar $ Kosher salt $ 1 tablespoon neutral vegetable oil (such as grapeseed), plus more if needed $ 1/2 teaspoon freshly ground black pepper, divided $ 2 tablespoons unsalted butter, divided $ 2 scallions, thinly sliced $ 6 large eggs $ 2 tablespoons milk, half-and-half, or cream $ 8 small flour tortillas $ 1/2 cup grated cheddar or Monterey Jack cheese (or a mix) $ Creamy Jalapeño Sauce or your favorite hot sauce (for serving) $ Sliced avocado (for serving) $ Cilantro leaves (for serving) $ ",Pork $ Breakfast $ Kid-Friendly $ Cinco de Mayo $ Jalapeño $ Tortillas $ Taco $ Sugar Conscious $ Peanut Free $ Tree Nut Free $ Soy Free $ ,Tex-Mex $ ,3.5/4,9,Pork $ Breakfast $ Kid-Friendly $ Cinco de Mayo $ Jalapeño $ Tortillas $ Taco $ Sugar Conscious $ Peanut Free $ Tree Nut Free $ Soy Free $ Tex-Mex $ 
https://www.epicurious.com/recipes/food/views/creamy-jalapeno-sauce-56389516,Creamy Jalapeño Sauce ,"5-6 jalapeños (depending on heat and personal preference), stemmed, seeded, coarsely chopped $ 4 garlic cloves, peeled $ 5 tablespoons fresh lime juice $ 1 teaspoon kosher salt $ 1/2 cup neutral vegetable oil (such as grapeseed) $ 3/4 cup (packed) fresh cilantro leaves with tender stems $ ",Sauce $ Garlic $ Cinco de Mayo $ Jalapeño $ Cilantro $ ,Tex-Mex $ ,4/4,12,Sauce $ Garlic $ Cinco de Mayo $ Jalapeño $ Cilantro $ Tex-Mex $ 
https://www.epicurious.com/recipes/food/views/migas-fried-rice-51248630,Migas Fried Rice ,"1 small onion, halved $ 1 tomatillo, husk removed, rinsed $ 1 jalapeño $ 1 dried guajillo or New Mexican chile $ 2 garlic cloves, peeled $ 1 lemongrass stalk, trimmed, tough outer layer removed, thinly sliced $ 2 tablespoons fish sauce $ 2 tablespoons fresh lime juice $ 2 tablespoons soy sauce $ 1 tablespoons light brown sugar $ 3/4 teaspoon ground cumin $ 1/4 cup vegetable oil $ 2 corn tortillas, torn into 1"" pieces $ 1 small onion, finely chopped $ 1 jalapeño, with seeds, finely chopped $ Kosher salt $ freshly ground pepper $ 3 large eggs, beaten to blend $ 3 cups cooled cooked jasmine rice (from 1 cup dry) $ 2 ounces cheddar, cut into 1/4"" pieces $ 2 scallions, thinly sliced $ 1/4 cup fresh cilantro leaves with tender stems $ Hot sauce (such as Valentina; for serving) $ MSG (optional; for serving) $ ",Cheese $ Egg $ Bon Appétit $ ,Thai $ Tex-Mex $ ,4/4,8,Cheese $ Egg $ Bon Appétit $ Thai $ Tex-Mex $ 
https://www.epicurious.com/recipes/food/views/ultimate-nachos-51235320,Ultimate Nachos ,"2 tablespoons olive oil, plus more for grilling $ 2 tablespoons lime juice $ 2 cloves garlic, minced $ 1 1/2 teaspoons chili powder $ 1/2 teaspoon kosher salt $ 1/4 teaspoon black pepper $ 1 1/2 pounds boneless, skinless chicken breasts, pounded to 1-inch thickness $ 1 tablespoon olive oil $ 1/3 cup chopped red onion $ 2 cloves garlic, chopped $ 3 tablespoons chopped red-bell pepper $ 3/4 teaspoon chili powder $ 1 15-ounce can low-sodium pinto beans, rinsed and drained $ 1/2 tablespoon red-wine vinegar $ 1/4 teaspoon dried oregano $ 3/4 teaspoons kosher salt $ 1/4 teaspoon freshly ground black pepper $ 1 13-ounce bag restaurant-style tortilla chips $ 1 to 2 jalapeños (depending on heat), halved lengthwise and thinly sliced $ 8 ounces sharp cheddar cheese, grated (about 2 cups) $ 8 ounces Monterey jack cheese, grated (about 2 cups) $ 1 medium tomato, chopped $ 1/2 small red onion, very thinly sliced $ Sour cream, for serving $ Cilantro leaves, for serving $ Guacamole with Aleppo Pepper $ Tomatillo Salsa with Serranos , or storebought tomatillo salsa $ Spicy Tomato Salsa with Cilantro and Chiles , or storebought tomato salsa $ ",Bean $ Cheese $ Appetizer $ Kid-Friendly $ Cinco de Mayo $ Dinner $ Lunch $ Cheddar $ Tailgating $ Jalapeño $ Tortillas $ Super Bowl $ snack $ snack week $ Sugar Conscious $ Wheat/Gluten-Free $ Peanut Free $ Tree Nut Free $ Soy Free $ ,Mexican $ Tex-Mex $ ,3.5/4,4,Bean $ Cheese $ Appetizer $ Kid-Friendly $ Cinco de Mayo $ Dinner $ Lunch $ Cheddar $ Tailgating $ Jalapeño $ Tortillas $ Super Bowl $ snack $ snack week $ Sugar Conscious $ Wheat/Gluten-Free $ Peanut Free $ Tree Nut Free $ Soy Free $ Mexican $ Tex-Mex $ 
https://www.epicurious.com/recipes/food/views/crazy-nachos-51230450,Crazy Nachos ,"1 teaspoon vegetable oil $ 1 pound ground beef $ 1/2 yellow onion, diced $ 2 cloves garlic, minced $ 1 ripe plum tomato (about 2 ounces), seeded, cored, and diced $ 1 tablespoon chili powder $ 2 teaspoons ground cumin $ 1 teaspoon dried oregano $ 1/4 teaspoon cayenne $ 1 canned chipotle chile in adobo, minced, or 1/2 teaspoon chipotle chile powder $ 1 teaspoon masa harina or cornmeal $ Salt and black pepper $ 1 tablespoon fresh lime juice $ 1 avocado, peeled and pitted $ 1 jalapeño, stemmed, seeded, and finely diced $ 2 tablespoons chopped fresh cilantro $ 1 clove garlic, minced $ Pinch of ground cumin $ 1 teaspoon fresh lime juice $ Vegetable oil, for frying $ 4 corn tortillas, quartered $ 1/3 cup refried beans $ 2 cups (8 ounces) shredded cheddar cheese $ 1 cup sour cream $ 2 whole pickled jalapeños, cut into 16 slices $ Salsa, for serving $ ",Beef $ Cheese $ Appetizer $ Super Bowl $ Cheddar $ Poker/Game Night $ Jalapeño $ Tortillas $ Wheat/Gluten-Free $ Peanut Free $ Tree Nut Free $ Soy Free $ No Sugar Added $ ,Tex-Mex $ ,4/4,2,Beef $ Cheese $ Appetizer $ Super Bowl $ Cheddar $ Poker/Game Night $ Jalapeño $ Tortillas $ Wheat/Gluten-Free $ Peanut Free $ Tree Nut Free $ Soy Free $ No Sugar Added $ Tex-Mex $ 
https://www.epicurious.com/recipes/food/views/klobasnek-em-sausage-kolaches-em-51230810,Klobasnek (Sausage Kolaches) ,"1 cup whole milk $ 8 tablespoons (1 stick) unsalted butter $ 1 tablespoon (1 packet) active dry yeast $ 1/4 cup sugar $ 1/2 teaspoon kosher salt $ 3 1/2 to 4 cups all-purpose flour $ 2 tablespoons vegetable oil $ 2 egg yolks $ 1/2 cup (2 ounces) grated cheddar cheese $ 2 whole pickled jalapeños, cut into 16 slices (optional) $ 1 pound smoked kielbasa sausage, cut into 8 (2-inch) pieces $ ",Cheese $ Bake $ Sausage $ ,Tex-Mex $ ,3/4,10,Cheese $ Bake $ Sausage $ Tex-Mex $ 
https://www.epicurious.com/recipes/food/views/taco-rice-51222630,Taco Rice ,1/2 tablespoon chili powder $ 1/2 teaspoon ground cumin $ 1/2 teaspoon garlic powder $ 1/4 teaspoon dried oregano $ 1 teaspoon salt $ 2 tablespoons tomato paste $ 2 cups long-grain white rice $ ,Rice $ Side $ Kid-Friendly $ Dinner $ Simmer $ Sugar Conscious $ Kidney Friendly $ Vegan $ Vegetarian $ Pescatarian $ Dairy Free $ Wheat/Gluten-Free $ Peanut Free $ Tree Nut Free $ Soy Free $ No Sugar Added $ Kosher $ ,Southwestern $ Tex-Mex $ ,3/4,4,Rice $ Side $ Kid-Friendly $ Dinner $ Simmer $ Sugar Conscious $ Kidney Friendly $ Vegan $ Vegetarian $ Pescatarian $ Dairy Free $ Wheat/Gluten-Free $ Peanut Free $ Tree Nut Free $ Soy Free $ No Sugar Added $ Kosher $ Southwestern $ Tex-Mex $ 
https://www.epicurious.com/recipes/food/views/southwest-veggie-and-rice-casserole-51222620,Southwest Veggie and Rice Casserole ,"2 tablespoons vegetable oil $ 1 medium onion, diced $ 2 cloves garlic, minced $ 1 medium jalapeño, seeded and diced $ 1 medium bell pepper, seeded and diced $ 1 medium zucchini, quartered lengthwise and sliced $ 1/2 tablespoon chili powder $ 3/4 teaspoon salt $ 1 cup frozen corn kernels $ 1 (15-ounce) can diced tomatoes with chiles (see Chef's Tip, below) $ 1 (15-ounce) can black beans, drained and rinsed $ 3 cups Taco Rice $ 2 cups shredded sharp cheddar $ 2 green onions, thinly sliced $ ",Bean $ Rice $ Bake $ Dinner $ Casserole/Gratin $ ,Southwestern $ Tex-Mex $ ,3.5/4,9,Bean $ Rice $ Bake $ Dinner $ Casserole/Gratin $ Southwestern $ Tex-Mex $ 
https://www.epicurious.com/recipes/food/views/yvonnes-unstuffed-poblano-casserole-51191420,Yvonne's Unstuffed Poblano Casserole ,"Cooking spray $ 4 poblano chilies, cut in half crosswise and seeded $ 1 pound ground beef $ 1/2 onion, chopped $ 1 teaspoon ground cumin $ 1 teaspoon salt $ 1/2 teaspoon freshly ground black pepper $ 3 cups shredded Monterey Jack cheese $ 1/4 cup all-purpose flour $ 4 large eggs, beaten $ 1 1/2 cups milk $ 1/4 teaspoon Tabasco $ ",Bake $ Kid-Friendly $ Back to School $ Dinner $ Casserole/Gratin $ Party $ Potluck $ Sugar Conscious $ Peanut Free $ Tree Nut Free $ Soy Free $ No Sugar Added $ ,Tex-Mex $ ,0/4,4,Bake $ Kid-Friendly $ Back to School $ Dinner $ Casserole/Gratin $ Party $ Potluck $ Sugar Conscious $ Peanut Free $ Tree Nut Free $ Soy Free $ No Sugar Added $ Tex-Mex $ 
https://www.epicurious.com/recipes/food/views/persimmon-margarita-51185210,Persimmon Margarita ,2 ounces reposado tequila $ 2 ounces Paula's Texas Orange $ 2 ounces persimmon puree $ 1 ounce freshly squeezed lime juice $ Cinnamon-Sugar-Cayenne Rim $ ,Tequila $ Alcoholic $ Margarita $ Fall $ Tailgating $ Persimmon $ Drink $ ,Tex-Mex $ ,2/4,1,Tequila $ Alcoholic $ Margarita $ Fall $ Tailgating $ Persimmon $ Drink $ Tex-Mex $ 
https://www.epicurious.com/recipes/food/views/cinnamon-sugar-cayenne-rim-51185410,Cinnamon-Sugar-Cayenne Rim ,2 tablespoons sugar or evaporated cane juice $ 1/2 teaspoon ground cinnamon $ 1/4 teaspoon cayenne pepper $ ,Cocktail $ ,Tex-Mex $ ,0/4,0,Cocktail $ Tex-Mex $ 
https://www.epicurious.com/recipes/food/views/suffering-baptist-51184010,Suffering Baptist ,"1 1/2 ounces Balcones True Blue Cask Strength Corn Whisky $ 1 ounce Plymouth Sloe Gin $ 1 ounce freshly squeezed lime juice $ Dash of Angostura bitters $ 2 ounces Maine Root ginger beer $ Lime wheel, for garnish $ ",Alcoholic $ Cocktail $ Whiskey $ Tailgating $ Drink $ ,Southwestern $ Tex-Mex $ ,0/4,0,Alcoholic $ Cocktail $ Whiskey $ Tailgating $ Drink $ Southwestern $ Tex-Mex $ 
https://www.epicurious.com/recipes/food/views/chicken-fajitas-51126800,Chicken Fajitas ,"3/4 pound boneless, skinless chicken breasts, cut into 2-inch strips $ 1 tablespoon chopped fresh garlic $ 1 tablespoon fresh lime juice $ 2 teaspoons olive oil, divided $ 1 teaspoon chili powder $ 1/2 teaspoon ground cumin $ Vegetable oil cooking spray $ 1 medium onion, thinly sliced $ 1 medium red bell pepper, thinly sliced $ 1 medium green bell pepper, thinly sliced $ 1 can (14.5 ounces) diced tomatoes with green chiles, drained $ 1/2 teaspoon salt $ 1/4 teaspoon freshly ground black pepper $ 4 whole-wheat tortillas (8 inches each) $ 4 tablespoons salsa, divided $ 3 tablespoons chopped fresh cilantro, divided $ 4 teaspoons nonfat plain Greek yogurt $ 2 radishes, thinly sliced (optional) $ 1 lime, cut into wedges (optional) $ ",Chicken $ Kid-Friendly $ Quick & Easy $ Dinner $ Bell Pepper $ Healthy $ Self $ Quick and Healthy $ Back to School $ ,Tex-Mex $ ,3.5/4,18,Chicken $ Kid-Friendly $ Quick & Easy $ Dinner $ Bell Pepper $ Healthy $ Self $ Quick and Healthy $ Back to School $ Tex-Mex $ 
https://www.epicurious.com/recipes/food/views/west-texas-stacked-enchiladas-367410,West Texas Stacked Enchiladas ,"6 dried ancho chiles, seeds and stems removed $ 2 canned chipotle chiles in adobo $ 4 large cloves garlic, chopped $ 1/4 medium yellow onion, chopped $ 1 teaspoon ground cumin $ 1/2 teaspoon oregano $ 1/4 teaspoon ground allspice $ 2 cups chicken broth or water $ 1 tablespoon lard or vegetable oil $ 1 tablespoon all-purpose flour $ Salt and black pepper, to taste $ 2 tablespoons lard or vegetable oil, divided $ 12 corn tortillas $ 1 1/2 cups grated cheddar cheese (6 ounces) $ 1 1/2 cups grated Monterey Jack cheese (6 ounces) $ 1/4 medium yellow onion, diced $ 4 large eggs $ ",Cheese $ Dairy $ Bake $ Dinner $ Cheddar $ Tailgating $ Party $ Tortillas $ Monterey Jack $ Chile Pepper $ Advance Prep Required $ Sugar Conscious $ Peanut Free $ Tree Nut Free $ Soy Free $ No Sugar Added $ ,American $ Tex-Mex $ ,3.5/4,6,Cheese $ Dairy $ Bake $ Dinner $ Cheddar $ Tailgating $ Party $ Tortillas $ Monterey Jack $ Chile Pepper $ Advance Prep Required $ Sugar Conscious $ Peanut Free $ Tree Nut Free $ Soy Free $ No Sugar Added $ American $ Tex-Mex $ 
https://www.epicurious.com/recipes/food/views/francis-butlers-texas-tamale-stuffed-turkey-367529,Francis Butler's Texas Tamale-Stuffed Turkey ,"4 shallots, peeled $ 2 garlic cloves, peeled $ 2 jalapeño chiles, stemmed and seeded $ Kosher salt and freshly ground black pepper $ 8 tablespoons (1 stick) unsalted butter, cut into 8 pieces and chilled $ 30 medium pork, chicken, or chile tamales , husks removed and discarded $ 1 cup frozen corn, thawed $ One 8- to 10-pound whole turkey, giblets removed $ ",Food Processor $ turkey $ Roast $ Thanksgiving $ Dinner $ Corn $ Shallot $ Candy Thermometer $ Sugar Conscious $ Wheat/Gluten-Free $ Peanut Free $ Tree Nut Free $ Soy Free $ No Sugar Added $ ,Southwestern $ Tex-Mex $ ,2.5/4,3,Food Processor $ turkey $ Roast $ Thanksgiving $ Dinner $ Corn $ Shallot $ Candy Thermometer $ Sugar Conscious $ Wheat/Gluten-Free $ Peanut Free $ Tree Nut Free $ Soy Free $ No Sugar Added $ Southwestern $ Tex-Mex $ 
https://www.epicurious.com/recipes/food/views/cheesy-stuffed-peppers-366831,Cheesy Stuffed Peppers ,"1 large poblano pepper, seeded $ 2 teaspoons olive oil, divided $ 1/2 cup cooked quinoa $ 1/2 cup shredded reduced-fat Mexican-blend cheese $ 1/2 cup chopped onion $ 3 teaspoons chopped garlic, divided $ 1/2 teaspoon cinnamon $ 1/2 teaspoon ground cumin $ 1/2 cup low-sodium chicken broth $ 2 tablespoons marinara sauce $ 1/2 teaspoon chili powder $ 1/2 ounces chopped dark chocolate $ Vegetable oil cooking spray $ 2 cups baby spinach $ 3/4 cup sliced onion $ 1/2 cup sliced portobellos $ 1/2 cup black beans, rinsed and drained $ 4 ounces red wine $ ",Wine $ Cheese $ Pepper $ Bake $ Vegetarian $ Dinner $ Quinoa $ Red Wine $ Healthy $ Chile Pepper $ Poblano $ Self $ Wheat/Gluten-Free $ Peanut Free $ Tree Nut Free $ Soy Free $ ,Tex-Mex $ ,2.5/4,3,Wine $ Cheese $ Pepper $ Bake $ Vegetarian $ Dinner $ Quinoa $ Red Wine $ Healthy $ Chile Pepper $ Poblano $ Self $ Wheat/Gluten-Free $ Peanut Free $ Tree Nut Free $ Soy Free $ Tex-Mex $ 
https://www.epicurious.com/recipes/food/views/roast-chicken-with-hot-sauce-butter-366723,Roast Chicken with Hot-Sauce Butter ,"3 ounces orange Scotch bonnet or habanero chiles (about 10) $ 1 orange bell pepper, halved, seeded, coarsely chopped $ 4 1x3 inch strips orange zest $ 4 tablespoons St-Germain liqueur, divided $ 2 tablespoons kosher salt, divided, plus more for seasoning $ 1 garlic clove, smashed $ 1 cup Champagne vinegar $ 2 teaspoons cornstarch $ 4 tablespoons unsalted butter, softened, divided $ 1 3-pound chicken, cut into 4 pieces, backbone removed $ Freshly ground black pepper $ ",Chicken $ Roast $ Fourth of July $ Cinco de Mayo $ Father's Day $ Dinner $ Vinegar $ Bell Pepper $ Family Reunion $ Butter $ Chile Pepper $ Bon Appétit $ Wheat/Gluten-Free $ Peanut Free $ Tree Nut Free $ Soy Free $ ,Tex-Mex $ ,3.5/4,5,Chicken $ Roast $ Fourth of July $ Cinco de Mayo $ Father's Day $ Dinner $ Vinegar $ Bell Pepper $ Family Reunion $ Butter $ Chile Pepper $ Bon Appétit $ Wheat/Gluten-Free $ Peanut Free $ Tree Nut Free $ Soy Free $ Tex-Mex $ 
https://www.epicurious.com/recipes/food/views/chipotle-rub-366436,Chipotle Rub ,"1 1/2 stemmed, seeded, chopped dried chipotle chiles $ 2 tablespoons pink peppercorns $ 2 tablespoons coriander seeds $ 1 teaspoon fennel seeds $ 1/4 teaspoon cumin seeds $ 2 teaspoons dark brown sugar $ 2 teaspoons kosher salt $ 1 teaspoon mustard powder $ ",Father's Day $ Backyard BBQ $ Spice $ Coriander $ Cumin $ Chile Pepper $ Bon Appétit $ ,Mexican $ Tex-Mex $ ,4/4,7,Father's Day $ Backyard BBQ $ Spice $ Coriander $ Cumin $ Chile Pepper $ Bon Appétit $ Mexican $ Tex-Mex $ 
https://www.epicurious.com/recipes/food/views/avocado-lime-soup-with-chipotle-chile-365933,Avocado-Lime Soup with Chipotle Chile ,"2 ripe avocados, cubed $ 2/3 cup chopped red onion $ 2 large cloves garlic, chopped $ 2 teaspoons chopped canned chipotle chile in adobo sauce $ 3/4 teaspoon salt $ 1/2 teaspoon ground cumin $ 2 1/2 cups nonfat plain yogurt $ 1/4 cup chopped fresh cilantro $ 3 tablespoons fresh lime juice $ 4 lime-flavored (or plain) tortilla chips $ 1/4 cup store-bought salasa $ ",Soup/Stew $ Food Processor $ Appetizer $ Fourth of July $ Quick & Easy $ Lunch $ Avocado $ Summer $ Chill $ Healthy $ Chile Pepper $ Self $ Vegetarian $ Pescatarian $ Wheat/Gluten-Free $ Peanut Free $ Tree Nut Free $ Soy Free $ No Sugar Added $ Kosher $ ,Tex-Mex $ ,4/4,7,Soup/Stew $ Food Processor $ Appetizer $ Fourth of July $ Quick & Easy $ Lunch $ Avocado $ Summer $ Chill $ Healthy $ Chile Pepper $ Self $ Vegetarian $ Pescatarian $ Wheat/Gluten-Free $ Peanut Free $ Tree Nut Free $ Soy Free $ No Sugar Added $ Kosher $ Tex-Mex $ 
https://www.epicurious.com/recipes/food/views/barbecued-chicken-and-chickpea-quesadillas-363314,Barbecued Chicken and Chickpea Quesadillas ,"2 cups shredded cooked chicken $ 1/2 cup bottled barbecue sauce $ Sea salt and freshly ground black pepper $ 1 15-ounce can chickpeas (about 2 cups), drained but not rinsed, 2 tablespoons liquid reserved $ 2 garlic cloves, minced $ 2 scallions, minced (white and green parts) $ 8 7-inch flour tortillas $ 1/2 cup fresh cilantro leaves $ 2 ounces smoked Gouda cheese, shredded (about 1/2 cup) $ 2 ounces Monterey Jack cheese, shredded (about 1/2 cup) $ Olive oil for oiling the grill pan $ ",Cheese $ Chicken $ Poultry $ Appetizer $ Super Bowl $ Kid-Friendly $ Graduation $ Backyard BBQ $ Lunch $ Legume $ Chickpea $ Summer $ Monterey Jack $ Peanut Free $ Tree Nut Free $ Soy Free $ ,Tex-Mex $ ,0/4,0,Cheese $ Chicken $ Poultry $ Appetizer $ Super Bowl $ Kid-Friendly $ Graduation $ Backyard BBQ $ Lunch $ Legume $ Chickpea $ Summer $ Monterey Jack $ Peanut Free $ Tree Nut Free $ Soy Free $ Tex-Mex $ 
https://www.epicurious.com/recipes/food/views/breakfast-burritos-with-chorizo-and-eggs-364030,Breakfast Burritos with Chorizo and Eggs ,"12 ounces good quality fresh Mexican chorizo sausages, casings removed $ 4 chopped green onions $ 6 large eggs $ 1 tablespoon olive oil $ 4 9- to 10-inch-diameter flour tortillas $ 2/3 cup (or more) grated Mexican four-cheese blend (3 to 4 ounces) $ 1/2 cup (or more) chopped fresh cilantro $ 1/2 cup purchased tomatillo salsa $ 1 avocado, halved, pitted, peeled, sliced $ ",Cheese $ Egg $ Breakfast $ Brunch $ Quick & Easy $ High Fiber $ Sausage $ Tortillas $ Bon Appétit $ Peanut Free $ Tree Nut Free $ Soy Free $ ,Tex-Mex $ ,3.5/4,4,Cheese $ Egg $ Breakfast $ Brunch $ Quick & Easy $ High Fiber $ Sausage $ Tortillas $ Bon Appétit $ Peanut Free $ Tree Nut Free $ Soy Free $ Tex-Mex $ 
https://www.epicurious.com/recipes/food/views/chili-con-carne-363749,Chili con Carne ,"4 tablespoons vegetable oil, divided $ 4 pounds well-trimmed boneless beef chuck (from about 5 pounds), cut into 1/2-inch cube $ 2 medium onions, chopped $ 1 head of garlic (about 15 cloves), peeled, chopped $ 1/2 cup ground ancho chiles $ 2 tablespoons ground cumin $ 1/2 teaspoon ground allspice $ 1/4 teaspoon ground cinnamon $ 1/4 teaspoon ground cloves $ 1 12-ounce bottle dark beer $ 1 28-ounce can diced tomatoes in juice $ 2 teaspoons dried oregano $ 2 teaspoons coarse kosher salt $ 2 tablespoons tomato paste $ 3 tablespoons masa (corn tortilla mix) $ Coarsely grated sharp cheddar cheese $ Chopped green and/or red onion $ Chopped fresh cilantro $ Diced fresh tomatoes (optional) $ Sour cream (optional) $ Ingredient info: Ground ancho chiles are available in the spice section of super markets and at Latin markets. Masa (or masa harina) is sold at super markets and Latin markets. $ ",Beef $ Tomato $ Super Bowl $ Kid-Friendly $ High Fiber $ Dinner $ Family Reunion $ Potluck $ Bon Appétit $ Peanut Free $ Tree Nut Free $ Soy Free $ No Sugar Added $ ,Tex-Mex $ ,4/4,23,Beef $ Tomato $ Super Bowl $ Kid-Friendly $ High Fiber $ Dinner $ Family Reunion $ Potluck $ Bon Appétit $ Peanut Free $ Tree Nut Free $ Soy Free $ No Sugar Added $ Tex-Mex $ 
https://www.epicurious.com/recipes/food/views/stacked-veggie-quesadilla-363653,Stacked Veggie Quesadilla ,"4 8-inch-diameter flour tortillas $ 1 8-ounce package peeled chopped butternut squash, cut into 1/2- to 3/4-inch cubes $ 2 tablespoons vegetable oil, divided $ 1 cup chopped white onion $ 1 15-to 16-ounce can black beans, rinsed, drained $ 1/2 cup salsa, divided $ 2 garlic cloves, chopped $ 1 teaspoon chili powder $ 1 cup coarsely grated hot pepper $ Monterey jack cheese $ 1/4 cup chopped fresh cilantro $ Sour cream $ Additional salsa $ Fresh cilantro sprigs (for garnish) $ ",Bean $ Cheese $ Broil $ Sauté $ Super Bowl $ Vegetarian $ Kid-Friendly $ Quick & Easy $ Low Cal $ High Fiber $ Dinner $ Butternut Squash $ Party $ Tortillas $ Bon Appétit $ ,Tex-Mex $ ,3.5/4,13,Bean $ Cheese $ Broil $ Sauté $ Super Bowl $ Vegetarian $ Kid-Friendly $ Quick & Easy $ Low Cal $ High Fiber $ Dinner $ Butternut Squash $ Party $ Tortillas $ Bon Appétit $ Tex-Mex $ 
https://www.epicurious.com/recipes/food/views/chicken-taquitos-363569,Chicken Taquitos ,"1 store-bought whole roasted chicken $ 1 cup favorite barbecue sauce $ 1 (16-ounce) container sour cream $ 1 (4 1/2-ounce) can chopped green chiles $ 2 cups frozen corn, thawed $ 1 small red onion, diced $ 1 clove garlic, peeled, crushed, and minced $ 1 cup shredded smoked Gouda cheese $ 2 cups shredded Monterey Jack cheese $ 1 teaspoon cumin $ 1 teaspoon chile powder $ 1 tablespoon freshly ground black pepper $ 24 flour tortillas $ 1 cup vegetable oil, for frying $ Favorite salsa and guacamole, for serving $ ",Cheese $ Chicken $ Super Bowl $ Quick & Easy $ Dinner $ Tailgating $ Pan-Fry $ Tortillas $ Peanut Free $ Tree Nut Free $ Soy Free $ ,Tex-Mex $ ,3/4,39,Cheese $ Chicken $ Super Bowl $ Quick & Easy $ Dinner $ Tailgating $ Pan-Fry $ Tortillas $ Peanut Free $ Tree Nut Free $ Soy Free $ Tex-Mex $ 
https://www.epicurious.com/recipes/food/views/republic-of-the-rio-grande-grilled-tuna-and-grapefruit-supreme-salad-363418,Republic of the Rio Grande Grilled Tuna and Grapefruit Supreme Salad ,"2 1/2 Texas red grapefruits $ 1 tablespoon white wine vinegar $ 3/4 cup olive oil $ 1 clove garlic, minced $ 1/4 teaspoon salt $ Freshly ground black pepper $ 1 teaspoon minced jalapeño pepper, or hot pepper sauce $ 4 tuna steaks, 6 to 8 ounces each $ 6 cups mixed salad greens $ 2 tablespoons chopped fresh cilantro leaves $ 8 red onion slices $ ",Salad $ Citrus $ Fish $ Leafy Green $ Marinate $ Low Fat $ Backyard BBQ $ Dinner $ Lunch $ Grapefruit $ Seafood $ Tuna $ Grill $ Grill/Barbecue $ Healthy $ Jalapeño $ Cilantro $ Lettuce $ Advance Prep Required $ Pescatarian $ Paleo $ Dairy Free $ Wheat/Gluten-Free $ Peanut Free $ Tree Nut Free $ Soy Free $ No Sugar Added $ Kosher $ ,Tex-Mex $ ,4/4,3,Salad $ Citrus $ Fish $ Leafy Green $ Marinate $ Low Fat $ Backyard BBQ $ Dinner $ Lunch $ Grapefruit $ Seafood $ Tuna $ Grill $ Grill/Barbecue $ Healthy $ Jalapeño $ Cilantro $ Lettuce $ Advance Prep Required $ Pescatarian $ Paleo $ Dairy Free $ Wheat/Gluten-Free $ Peanut Free $ Tree Nut Free $ Soy Free $ No Sugar Added $ Kosher $ Tex-Mex $ 
https://www.epicurious.com/recipes/food/views/viet-mex-fajita-rolls-363419,Viet-Mex Fajita Rolls ,"2 pounds grilled fajita meat of your choice, sliced in thin strips $ 1 cup cilantro sprigs $ 1 large tomato, chopped $ 1 avocado, peeled and sliced $ 4 green onions, chopped $ 1/2 cup thin-sliced raw carrot strips $ 1/2 cup thin-sliced jicama strips $ 1/4 cup dry-roasted peanuts, chopped $ 2 limes, cut into wedges $ 1 head of romaine lettuce, washed and dried, for wrappers $ 1 cup salsa of your choice $ ",Tomato $ Appetizer $ Side $ Low Cal $ Dinner $ Lunch $ Meat $ Peanut $ Avocado $ Grill $ Grill/Barbecue $ Healthy $ Jícama $ Cilantro $ Lettuce $ Dairy Free $ Wheat/Gluten-Free $ Tree Nut Free $ Soy Free $ No Sugar Added $ Kosher $ ,American $ Southwestern $ Vietnamese $ Tex-Mex $ ,0/4,0,Tomato $ Appetizer $ Side $ Low Cal $ Dinner $ Lunch $ Meat $ Peanut $ Avocado $ Grill $ Grill/Barbecue $ Healthy $ Jícama $ Cilantro $ Lettuce $ Dairy Free $ Wheat/Gluten-Free $ Tree Nut Free $ Soy Free $ No Sugar Added $ Kosher $ American $ Southwestern $ Vietnamese $ Tex-Mex $ 
https://www.epicurious.com/recipes/food/views/grilled-stuffed-peppers-363417,Grilled Stuffed Peppers ,"2 tablespoons seasoning blend of your choice $ 1 teaspoon salt (omit if there is salt in the seasoning mix) $ 1/2 cup white wine $ 1/2 pound venison sausage (substitute breakfast sausage meat) $ 1/2 pound ground beef $ 1 cup cooked rice $ 2 cloves garlic, minced $ 1 egg, beaten $ 1/2 cup minced fresh parsley leaves $ Cayenne pepper $ Ground cumin $ Oil, for frying $ 3 small green bell peppers (four lobes preferred) $ ",Beef $ Pepper $ Appetizer $ Side $ Super Bowl $ Backyard BBQ $ Dinner $ Lunch $ Ground Beef $ Venison $ Sausage $ Bell Pepper $ Summer $ Winter $ Tailgating $ Poker/Game Night $ Grill $ Grill/Barbecue $ Party $ Sugar Conscious $ Dairy Free $ Wheat/Gluten-Free $ Peanut Free $ Tree Nut Free $ Soy Free $ ,American $ Southwestern $ Tex-Mex $ ,3/4,2,Beef $ Pepper $ Appetizer $ Side $ Super Bowl $ Backyard BBQ $ Dinner $ Lunch $ Ground Beef $ Venison $ Sausage $ Bell Pepper $ Summer $ Winter $ Tailgating $ Poker/Game Night $ Grill $ Grill/Barbecue $ Party $ Sugar Conscious $ Dairy Free $ Wheat/Gluten-Free $ Peanut Free $ Tree Nut Free $ Soy Free $ American $ Southwestern $ Tex-Mex $ 
https://www.epicurious.com/recipes/food/views/cornmeal-tamales-358315,Cornmeal Tamales ,3 pounds ground beef $ 1 1/2 teaspoons ground cumin $ 1 tablespoon garlic powder $ 1 1/2 teaspoons cayenne pepper $ 1 teaspoon ground black pepper $ 1 tablespoon salt $ 1 1/2 teaspoons onion powder $ 1/4 cup chili powder $ 4 tablespoons sugar $ 1/2 cup yellow cornmeal $ Two 8-ounce cans tomato sauce $ 36 pieces parchment or wax paper cut into 5-inch squares $ 4 cups yellow cornmeal mixed with 2 teaspoons salt $ ,Beef $ Tomato $ Steam $ Cinco de Mayo $ Meat $ Cornmeal $ ,American $ Tex-Mex $ ,4/4,3,Beef $ Tomato $ Steam $ Cinco de Mayo $ Meat $ Cornmeal $ American $ Tex-Mex $ 
https://www.epicurious.com/recipes/food/views/tex-mex-mole-358353,Tex-Mex Mole ,"2 tablespoons olive oil $ 2 garlic cloves, minced $ 1/4 onion, sliced $ 2 tomatoes, peeled and quartered $ 1 ancho chile, stemmed and seeded $ 1 guajillo or pasilla chile, stemmed and seeded $ 1 ounce semisweet chocolate $ 1/4 teaspoon sesame seeds $ 1 teaspoon peanut butter $ 1/2 teaspoon sugar $ 2 saltine crackers $ 1 cup chicken broth $ Salt $ ",Sauce $ Blender $ Chocolate $ Garlic $ Onion $ Tomato $ Cinco de Mayo $ Simmer $ ,Tex-Mex $ ,3/4,1,Sauce $ Blender $ Chocolate $ Garlic $ Onion $ Tomato $ Cinco de Mayo $ Simmer $ Tex-Mex $ 
https://www.epicurious.com/recipes/food/views/make-me-crazy-grill-marinade-358282,Make-Me-Crazy Grill Marinade ,1/3 cup lime juice $ 1/3 cup lemon juice $ 1/3 cup orange juice $ 1 1/2 tablespoons minced garlic $ 1 teaspoon dried oregano $ 3/4 teaspoon ground cumin $ 1 bay leaf $ Salt and pepper to taste $ 1/2 cup Los Barrios Salsa or your favorite store-bought brand $ 2 tablespoons olive oil $ ,Sauce $ Blender $ Garlic $ Pepper $ Marinate $ Fourth of July $ Cinco de Mayo $ Backyard BBQ $ Lemon $ Lime $ Orange $ Oregano $ Cumin $ ,Southwestern $ Tex-Mex $ ,3.5/4,4,Sauce $ Blender $ Garlic $ Pepper $ Marinate $ Fourth of July $ Cinco de Mayo $ Backyard BBQ $ Lemon $ Lime $ Orange $ Oregano $ Cumin $ Southwestern $ Tex-Mex $ 
https://www.epicurious.com/recipes/food/views/blisters-on-my-sisters-355904,Blisters on My Sisters ,"6 corn tortillas, warmed $ 2 cups cooked white rice $ 1 cup Cuban Black Bean Soup, or canned black bean soup or black beans, drained $ 2 roma tomatoes (fresh or from a can of San Marzano tomatoes), chopped $ Minced jalapeño or chipotle peppers $ 2 extra-large eggs $ 2 big handfuls of arugula $ ",Bean $ Egg $ Rice $ Tomato $ Breakfast $ Brunch $ Side $ Quick & Easy $ Dinner $ Lunch $ Corn $ Arugula $ Hot Pepper $ Jalapeño $ Tortillas $ ,American $ Latin American $ Tex-Mex $ ,0/4,3,Bean $ Egg $ Rice $ Tomato $ Breakfast $ Brunch $ Side $ Quick & Easy $ Dinner $ Lunch $ Corn $ Arugula $ Hot Pepper $ Jalapeño $ Tortillas $ American $ Latin American $ Tex-Mex $ 
https://www.epicurious.com/recipes/food/views/poblano-and-mushroom-tacos-355771,Poblano and Mushroom Tacos ,"2 tablespoons vegetable oil, divided $ 1 fresh poblano chile, halved, seeded, thinly sliced into long strips $ 1/2 small red onion, sliced $ 3 ounces crimini (baby bella) mushrooms, thinly sliced (about 1 1/4 cups) $ 1 teaspoon ground cumin $ 4 corn tortillas $ 4 thin slices Monterey Jack cheese $ Chopped fresh cilantro $ Crumbled feta or Cotija cheese $ Assorted toppings (such as shredded lettuce, diced tomatoes, and hot sauce or salsa) $ ",Mushroom $ Sauté $ Vegetarian $ Kid-Friendly $ Low Cal $ Dinner $ Healthy $ Tortillas $ Monterey Jack $ Chile Pepper $ Bon Appétit $ ,Tex-Mex $ ,3.5/4,37,Mushroom $ Sauté $ Vegetarian $ Kid-Friendly $ Low Cal $ Dinner $ Healthy $ Tortillas $ Monterey Jack $ Chile Pepper $ Bon Appétit $ Tex-Mex $ 
https://www.epicurious.com/recipes/food/views/cheesy-shrimp-enchilada-bake-355389,Cheesy Shrimp Enchilada Bake ,"1 can (14.5 ounces) diced tomatoes $ 1/2 cup Onion and Garlic Mix $ 4 chipotle chiles, finely diced $ 1/4 teaspoon salt $ 3 corn tortillas, halved $ 3/4 cup Broccoli and Red Bell Pepper Mix $ 1 cup Lime Shrimp $ 1 cup 75% shredded fat-free cheddar (4 ounces) $ ",Tomato $ Bake $ Dinner $ Cheddar $ Shrimp $ Broccoli $ Bell Pepper $ Healthy $ Tortillas $ Self $ ,Tex-Mex $ ,2/4,17,Tomato $ Bake $ Dinner $ Cheddar $ Shrimp $ Broccoli $ Bell Pepper $ Healthy $ Tortillas $ Self $ Tex-Mex $ 
https://www.epicurious.com/recipes/food/views/true-texas-chili-355049,True Texas Chili ,"2 ounces dried, whole New Mexico (California), guajillo, or pasilla chiles, or a combination (6 to 8 chiles) $ 1 1/2 teaspoons ground cumin seed $ 1/2 teaspoon freshly ground black pepper $ Kosher salt $ 5 tablespoons lard, vegetable oil, or rendered beef suet $ 2 1/2 pounds boneless beef chuck, well trimmed and cut into 3/4-inch cubes (to yield 2 pounds after trimming) $ 1/3 cup finely chopped onion $ 3 large cloves garlic, minced $ 2 cups beef stock , or canned low-sodium beef broth, plus more as needed $ 2 1/4 cups water, plus more as needed $ 2 tablespoons masa harina (corn tortilla flour) $ 1 tablespoon firmly packed dark brown sugar, plus more as needed $ 1 1/2 tablespoons distilled white vinegar, plus more as needed $ Sour cream $ Lime wedges $ ",Beef $ Pepper $ Vegetable $ Sauté $ Super Bowl $ Dinner $ Meat $ Ground Beef $ Fall $ Winter $ Tailgating $ Family Reunion $ Poker/Game Night $ Chile Pepper $ Wheat/Gluten-Free $ Peanut Free $ Tree Nut Free $ Soy Free $ ,American $ Southwestern $ Tex-Mex $ ,4/4,72,Beef $ Pepper $ Vegetable $ Sauté $ Super Bowl $ Dinner $ Meat $ Ground Beef $ Fall $ Winter $ Tailgating $ Family Reunion $ Poker/Game Night $ Chile Pepper $ Wheat/Gluten-Free $ Peanut Free $ Tree Nut Free $ Soy Free $ American $ Southwestern $ Tex-Mex $ 
https://www.epicurious.com/recipes/food/views/chicken-and-vegetable-quesadilla-352889,Chicken and Vegetable Quesadilla ,"1 ripe papaya (about 1 pound), peeled, seeded, and diced $ 2 ripe plum tomatoes, seeded and diced $ 1 1/2 teaspoons seeded, minced jalapeño $ 1/4 cup finely chopped red onion $ 2 tablespoons chopped fresh cilantro $ Finely grated zest of 1 lime $ 1/4 cup fresh lime juice $ 4 flour tortillas (7 1/2-inch diameter) $ 4 ounces (about 1 cup) grated Monterey Jack cheese $ 1/2 cup shredded cooked chicken $ 4 small white mushroom caps, thinly sliced $ 2 scallions, including 3 inches of green, sliced thin on a diagonal $ 1/4 cup loosely packed basil leaves, slivered $ 2 tablespoons sour cream $ ",Chicken $ Appetizer $ Super Bowl $ Kid-Friendly $ Quick & Easy $ Oscars $ Father's Day $ Dinner $ Lunch $ Poker/Game Night $ Jalapeño $ Tortillas $ Monterey Jack $ Parade $ Peanut Free $ Tree Nut Free $ Soy Free $ ,Tex-Mex $ ,3.5/4,5,Chicken $ Appetizer $ Super Bowl $ Kid-Friendly $ Quick & Easy $ Oscars $ Father's Day $ Dinner $ Lunch $ Poker/Game Night $ Jalapeño $ Tortillas $ Monterey Jack $ Parade $ Peanut Free $ Tree Nut Free $ Soy Free $ Tex-Mex $ 
https://www.epicurious.com/recipes/food/views/spiced-lentil-tacos-351390,Spiced Lentil Tacos ,"1 tablespoon olive oil $ 1 cup finely chopped onion $ 1 clove garlic, chopped $ 1/2 teaspoon salt $ 1 cup dried brown lentils, rinsed $ 1 package (2.25 ounce) taco seasoning $ 2 1/2 cups vegetable broth $ 1/2 cup fat-free sour cream $ 1 chipotle chile in adobo sauce, finely chopped (use half for less heat) $ 2 teaspoons adobo sauce $ 8 taco shells $ 1 1/4 cups shredded lettuce $ 1 cup chopped tomato $ 1/2 cup shredded reduced-fat (2 percent) cheddar $ ",Sauté $ Vegetarian $ Dinner $ Lunch $ Cheddar $ Healthy $ Sour Cream $ Self $ New York $ ,Tex-Mex $ ,4/4,68,Sauté $ Vegetarian $ Dinner $ Lunch $ Cheddar $ Healthy $ Sour Cream $ Self $ New York $ Tex-Mex $ 
https://www.epicurious.com/recipes/food/views/new-mexico-chile-glazed-chicken-on-hominy-polenta-350744,New Mexico Chile-Glazed Chicken on Hominy Polenta ,"3/4 cup (or more) organic chicken broth $ 4 large dried New Mexico chiles,* stemmed, seeded, coarsely torn $ 2 tablespoons balsamic vinegar $ 2 tablespoons honey $ 1/2 teaspoon ground cumin $ 5 tablespoons butter, divided $ 4 skinless boneless organic chicken breast halves $ 2 15-ounce cans golden hominy $ 3 tablespoons chopped fresh cilantro $ ",Chicken $ Roast $ Sauté $ Quick & Easy $ Dinner $ Hominy/Cornmeal/Masa $ Bon Appétit $ Wheat/Gluten-Free $ Peanut Free $ Tree Nut Free $ Soy Free $ Diabetes-Friendly $ ,Mexican $ Tex-Mex $ ,3/4,13,Chicken $ Roast $ Sauté $ Quick & Easy $ Dinner $ Hominy/Cornmeal/Masa $ Bon Appétit $ Wheat/Gluten-Free $ Peanut Free $ Tree Nut Free $ Soy Free $ Diabetes-Friendly $ Mexican $ Tex-Mex $ 
https://www.epicurious.com/recipes/food/views/shrimp-with-salsa-avocado-and-chips-243209,"Shrimp with Salsa, Avocado, and Chips ","2 medium tomatoes, chopped (1 cup) $ 1/4 cup chopped white onion $ 1/4 cup finely chopped cilantro $ 1 to 2 teaspoons chopped fresh serrano chile, including seeds $ 2 tablespoons ketchup $ 2 to 3 tablespoons fresh lime juice, divided $ 1 pound peeled cooked shrimp, cut into 1/2-inch pieces $ 2 (6- to 8-ounces) firm-ripe avocados $ 2 cups shredded green cabbage $ 1/2 cup coarsely crumbled tortilla chips $ Equipment: 4 (16-ounces) wide jars or containers with lids $ Accompaniment: tortilla chips $ ",Tomato $ Picnic $ Kid-Friendly $ Lunch $ Seafood $ Shrimp $ Avocado $ Hot Pepper $ Summer $ Cabbage $ Potluck $ Gourmet $ Pescatarian $ Dairy Free $ Wheat/Gluten-Free $ Peanut Free $ Tree Nut Free $ Soy Free $ ,Mexican $ Latin American $ Tex-Mex $ ,3/4,4,Tomato $ Picnic $ Kid-Friendly $ Lunch $ Seafood $ Shrimp $ Avocado $ Hot Pepper $ Summer $ Cabbage $ Potluck $ Gourmet $ Pescatarian $ Dairy Free $ Wheat/Gluten-Free $ Peanut Free $ Tree Nut Free $ Soy Free $ Mexican $ Latin American $ Tex-Mex $ 
