link,name,ingredients,recipe_category,recipe_cuisine,rating,rating_count,keywords
https://www.epicurious.com/recipes/food/views/shrimp-and-mushrooms-in-spicy-black-bean-oyster-sauce-1609,Shrimp and Mushrooms in Spicy Black Bean Oyster Sauce ,"12 medium-size dried Chinese black mushrooms or dried shiitake mushrooms (about 1 ounce) $ 1 1/2 cups hot water $ 1 pound large uncooked shrimp, peeled, deveined $ 1 tablespoon dry Sherry or dry white wine $ 2 tablespoons cornstarch $ 2 tablespoons oyster sauce $ 1 1/2 teaspoons sugar $ 2 tablespoons salted black beans $ 1 1/2 tablespoons minced garlic $ 1 1/2 tablespoons minced peeled fresh ginger $ 1 tablespoon minced seeded red or green chili (such as serrano or jalapeño) $ 2 green onions, finely chopped $ 1/4 cup plus 2 tablespoons peanut oil $ Freshly cooked rice $ ",Wok $ Garlic $ Ginger $ Mushroom $ Stir-Fry $ Shrimp $ Bon Appétit $ ,Chinese $ ,3.5/4,21,Wok $ Garlic $ Ginger $ Mushroom $ Stir-Fry $ Shrimp $ Bon Appétit $ Chinese $ 
https://www.epicurious.com/recipes/food/views/chinese-smoked-chicken-2517,Chinese Smoked Chicken ,"6 tablespoons soy sauce $ 3 tablespoons hoisin sauce $ 2 tablespoons dry white wine $ 1 green onion, chopped $ 1 tablespoon brown sugar $ 1 tablespoon finely minced ginger $ 1 teaspoon liquid smoke flavoring $ 1 cooking bag $ 1 3 3/4-pound chicken $ Green onions, sliced $ Steamed rice $ ",Chicken $ Bake $ Bon Appétit $ Michigan $ ,Asian $ Chinese $ ,3/4,8,Chicken $ Bake $ Bon Appétit $ Michigan $ Asian $ Chinese $ 
https://www.epicurious.com/recipes/food/views/chinese-flavored-fried-chicken-with-green-onion-ginger-dipping-sauce-4311,Chinese-Flavored Fried Chicken with Green Onion-Ginger Dipping Sauce ,"1/2 cup soy sauce $ 1/2 cup thinly sliced green onions $ 2 tablespoons finely chopped fresh cilantro $ 1 1/2 teaspoons finely chopped peeled fresh ginger $ 1 1/2 teaspoons hot chili sesame oil $ 3 large eggs $ 2 tablespoons soy sauce $ 2 teaspoons oriental sesame oil $ 1 4-to-4 1/2 pound whole chicken, cut into 12 pieces $ 1 quart vegetable oil $ 1 1/2 cups all purpose flour $ 3 tablespoons ground ginger $ 1 teaspoon salt $ 1 teaspoon ground pepper $ 2 1-inch pieces fresh ginger, halved lengthwise $ ",Chicken $ Ginger $ Onion $ Fry $ Chill $ Cilantro $ Soy Sauce $ Bon Appétit $ ,Chinese $ ,3.5/4,14,Chicken $ Ginger $ Onion $ Fry $ Chill $ Cilantro $ Soy Sauce $ Bon Appétit $ Chinese $ 
https://www.epicurious.com/recipes/food/views/chinese-cabbage-soup-20090,Chinese Cabbage Soup ,"1/2 ounce dried shrimp, optional $ 1/2 ounce fen szu (cellophane noodles) $ 1 Chinese (celery) cabbage, about 2 pounds $ 1/2 pound lean pork (loin or shoulder) $ 2 tablespoons lard or cooking oil $ 1 teaspoon soy sauce $ 1 thin slice ginger $ 3 cups boiling water $ 1 tablespoon salt $ 1 tablespoon sherry $ ",Soup/Stew $ Pasta $ Pork $ Fall $ Cabbage $ House & Garden $ ,Chinese $ ,1.5/4,2,Soup/Stew $ Pasta $ Pork $ Fall $ Cabbage $ House & Garden $ Chinese $ 
https://www.epicurious.com/recipes/food/views/rice-noodle-soup-with-ham-and-lettuce-109103,Rice Noodle Soup with Ham and Lettuce ,"1 (3-lb) whole chicken $ 12 cups cold water $ 1 (6-oz) slice boneless ham (1/3 inch thick) such as Smithfield ham or baked Virginia ham $ 1 bunch scallions $ 1 (1-inch) piece fresh ginger, cut into 1/4-inch slices $ 4 garlic cloves, crushed $ 1/2 cup coarsely chopped fresh cilantro stems, roots discarded $ 1 1/2 teaspoons salt $ 6 oz dried rice noodles $ 3 cups finely shredded iceberg lettuce (1/4 head) $ ",Soup/Stew $ Chicken $ Ginger $ Breakfast $ Lunch $ Ham $ Fall $ Winter $ Noodle $ Cilantro $ Lettuce $ Simmer $ Gourmet $ ,Chinese $ ,3.5/4,4,Soup/Stew $ Chicken $ Ginger $ Breakfast $ Lunch $ Ham $ Fall $ Winter $ Noodle $ Cilantro $ Lettuce $ Simmer $ Gourmet $ Chinese $ 
https://www.epicurious.com/recipes/food/views/fried-rice-with-cilantro-and-peas-100912,Fried Rice with Cilantro and Peas ,1 cup fresh cilantro sprigs $ 4 scallions $ 2 teaspoons cumin seeds $ 1 tablespoon vegetable oil $ 4 cups chilled cooked white rice (see note above) $ 1 tablespoon seasoned rice vinegar $ 1 tablespoon soy sauce such as Kikkoman $ 1 cup frozen peas $ ,Herb $ Rice $ Side $ Vegetarian $ Quick & Easy $ Oscars $ Back to School $ Dinner $ Winter $ Potluck $ Gourmet $ ,Asian $ Chinese $ ,3.5/4,34,Herb $ Rice $ Side $ Vegetarian $ Quick & Easy $ Oscars $ Back to School $ Dinner $ Winter $ Potluck $ Gourmet $ Asian $ Chinese $ 
https://www.epicurious.com/recipes/food/views/loofah-and-chicken-stir-fry-106268,Loofah and Chicken Stir-Fry ,"1/2 lb skinless boneless chicken breast, cut across grain into 1/8-inch-thick slices $ 2 teaspoons cornstarch $ 1 1/4 teaspoons Asian sesame oil $ 2 tablespoons oyster sauce $ 1 tablespoon light soy sauce $ 1 teaspoon sugar $ 1/2 cup chicken stock or low-sodium chicken broth $ 1/2 pound fresh angled loofah* (about 12 inches long) $ 1 cup peanut oil $ 3 small fresh shiitakes, stems discarded and caps sliced 1/8 inch thick $ 1 teaspoon Chinese fermented black beans** $ 5 small (2-inch) fresh red chiles such as Thai, seeded and cut into fine julienne (2 teaspoons) $ 2 teaspoons finely chopped garlic $ 2 teaspoons finely chopped peeled fresh ginger $ 2 teaspoons cornstarch mixed with 2 tablespoons water $ Accompaniment: cooked white rice $ a deep-fat thermometer $ ",Chicken $ Stir-Fry $ Dinner $ Spring $ Gourmet $ Dairy Free $ Tree Nut Free $ ,Asian $ Chinese $ ,3.5/4,9,Chicken $ Stir-Fry $ Dinner $ Spring $ Gourmet $ Dairy Free $ Tree Nut Free $ Asian $ Chinese $ 
https://www.epicurious.com/recipes/food/views/ginger-shrimp-sugar-snap-pea-and-corn-stir-fry-108442,"Ginger Shrimp, Sugar Snap Pea, and Corn Stir-Fry ","1 pound uncooked large shrimp, peeled, deveined $ 2 tablespoons canola oil $ 3 teaspoons minced peeled fresh ginger $ 2 large garlic cloves, minced $ 1/2 teaspoon salt $ 1/4 teaspoon dried crushed red pepper $ 1 pound sugar snap peas, strings removed $ 1 cup fresh corn kernels (cut from about 2 ears) $ 1/2 cup diced red bell pepper $ 3 green onions, thinly sliced on diagonal $ 2 teaspoons black or white sesame seeds (optional) $ ",Stir-Fry $ Low Cal $ High Fiber $ Graduation $ Dinner $ Shrimp $ Corn $ Summer $ Healthy $ Sugar Snap Pea $ Bon Appétit $ Pescatarian $ Dairy Free $ Wheat/Gluten-Free $ Peanut Free $ Tree Nut Free $ Soy Free $ No Sugar Added $ ,Chinese $ ,3/4,32,Stir-Fry $ Low Cal $ High Fiber $ Graduation $ Dinner $ Shrimp $ Corn $ Summer $ Healthy $ Sugar Snap Pea $ Bon Appétit $ Pescatarian $ Dairy Free $ Wheat/Gluten-Free $ Peanut Free $ Tree Nut Free $ Soy Free $ No Sugar Added $ Chinese $ 
https://www.epicurious.com/recipes/food/views/shrimp-fried-rice-with-ginger-107142,Shrimp Fried Rice with Ginger ,"1 6.6-ounce package rice pilaf mix with toasted almonds $ 2 tablespoons oriental sesame oil $ 4 1/2 cups mixed chopped assorted salad bar vegetables (such as broccoli florets, red bell pepper, mushrooms, and red onion) $ 1 pound uncooked large shrimp, peeled, deveined $ 2 tablespoons minced peeled fresh ginger $ 3 garlic cloves, minced $ 2 teaspoons hoisin sauce $ ",Ginger $ Rice $ Shellfish $ Vegetable $ Stir-Fry $ Quick & Easy $ Shrimp $ Sesame $ Bon Appétit $ ,Asian $ Chinese $ ,3/4,11,Ginger $ Rice $ Shellfish $ Vegetable $ Stir-Fry $ Quick & Easy $ Shrimp $ Sesame $ Bon Appétit $ Asian $ Chinese $ 
https://www.epicurious.com/recipes/food/views/stir-fried-tofu-and-shiitake-mushrooms-in-spicy-black-bean-sauce-107857,Stir-Fried Tofu and Shiitake Mushrooms in Spicy Black Bean Sauce ,"18 dried shiitake mushrooms $ 3 cups boiling water $ 1 tablespoon cornstarch $ 1 cup vegetable broth $ 2 tablespoons soy sauce $ 1 tablespoon rice vinegar $ 1 1/2 teaspoons sugar $ 1/4 teaspoon coarse salt $ 3 tablespoons peanut oil $ 1 small leek (white and pale green parts only), cut into matchstick-size strips $ 2 tablespoons Asian fermented black beans,* minced $ 2 tablespoons minced fresh ginger $ 3 garlic cloves, minced $ 2 teaspoons chili-garlic sauce* $ 1/4 teaspoon finely crushed Szechuan peppercorns (wild pepper),* or coarsely cracked black pepper $ 2 14-ounce containers soft tofu, drained, cut into 1/2-inch cubes $ Fresh cilantro sprigs (for garnish) $ ",Mushroom $ Stir-Fry $ Vegetarian $ Dinner $ Tofu $ Leek $ Vegan $ Bon Appétit $ Sugar Conscious $ Pescatarian $ Tree Nut Free $ Kosher $ ,Chinese $ ,3.5/4,55,Mushroom $ Stir-Fry $ Vegetarian $ Dinner $ Tofu $ Leek $ Vegan $ Bon Appétit $ Sugar Conscious $ Pescatarian $ Tree Nut Free $ Kosher $ Chinese $ 
https://www.epicurious.com/recipes/food/views/chinese-barbecued-pork-with-garlic-sauce-11820,Chinese Barbecued Pork with Garlic Sauce ,"1 tablespoon hoisin sauce $ 1 tablespoon ketchup $ 1 tablespoon soy sauce $ 2 teaspoons minced garlic $ 1/2 teaspoon sugar $ a 3/4-pound pork tenderloin $ 2 tablespoons soy sauce $ 1 1/2 tablespoons minced garlic $ 1 teaspoon rice vinegar $ 1 teaspoon sugar $ 1 teaspoon Asian chili oil, or 1 teaspoon Asian sesame oil plus Tabasco to taste $ 1/4 cup fresh coriander leaves, washed well, spun dry, and torn $ curried stir-fried noodles with vegetables $ ",Garlic $ Roast $ Pork Tenderloin $ Cilantro $ Soy Sauce $ Gourmet $ ,Chinese $ ,3/4,60,Garlic $ Roast $ Pork Tenderloin $ Cilantro $ Soy Sauce $ Gourmet $ Chinese $ 
https://www.epicurious.com/recipes/food/views/chinese-chicken-noodle-soup-with-spinach-and-garlic-chives-14117,Chinese Chicken Noodle Soup with Spinach and Garlic Chives ,"a 3 1/2- to 4-pound chicken $ 8 thin slices fresh gingerroot $ 1 bunch scallions, cut crosswise into thirds $ 10 cups water $ 3/4 cup Chinese rice wine or medium-dry Sherry $ 2 ounces dried rice-stick noodles (rice vermicelli) $ 1/2 pound fresh spinach, coarse stems discarded and leaves washed, drained, and chopped coarse (about 4 packed cups) $ 3/4 cup thinly sliced fresh garlic chives or regular fresh chives $ ",Soup/Stew $ Chicken $ Ginger $ Leafy Green $ Onion $ Pasta $ Poultry $ Lunar New Year $ Winter $ Gourmet $ ,Asian $ Chinese $ ,3/4,5,Soup/Stew $ Chicken $ Ginger $ Leafy Green $ Onion $ Pasta $ Poultry $ Lunar New Year $ Winter $ Gourmet $ Asian $ Chinese $ 
https://www.epicurious.com/recipes/food/views/szechuan-shiitake-risotto-2111,Szechuan Shiitake Risotto ,"2 tablespoons Szechuan peppercorns $ 2 14 1/2-ounce cans beef broth $ 1 ounce dried shiitake mushrooms, stemmed $ 2 tablespoons (1/4 stick) butter $ 1/3 cup minced shallots $ 3/4 cup arborio or medium-grain white rice $ 1/4 cup dry wine $ 1 tablespoon low-sodium soy sauce $ ",Mushroom $ Rice $ Side $ Hot Pepper $ White Wine $ Simmer $ Bon Appétit $ Sugar Conscious $ Peanut Free $ Tree Nut Free $ ,Chinese $ Italian $ ,2.5/4,2,Mushroom $ Rice $ Side $ Hot Pepper $ White Wine $ Simmer $ Bon Appétit $ Sugar Conscious $ Peanut Free $ Tree Nut Free $ Chinese $ Italian $ 
https://www.epicurious.com/recipes/food/views/sophisticated-stir-fried-rice-2009,Sophisticated Stir-Fried Rice ,"2 1/4 cups water $ 1 1/2 cups long-grain white rice $ 2 1/2 tablespoons vegetable oil $ 4 eggs, beaten to blend $ 2 carrots, peeled, thinly sliced on diagonal, then slivered $ 3 cups thinly sliced bok choy stems and leaves $ 4 ounces fresh shiitake mushrooms, stems removed, caps sliced $ 1/4 pound snow peas, trimmed, slivered $ 1 1/2 tablespoons oriental sesame oil $ 3 green onions, sliced $ Szechuan Salt-Pepper $ ",Wok $ Egg $ Rice $ Vegetable $ Side $ Stir-Fry $ Vegetarian $ Bon Appétit $ Pescatarian $ Dairy Free $ Wheat/Gluten-Free $ Peanut Free $ Tree Nut Free $ Soy Free $ No Sugar Added $ Kosher $ ,Asian $ Chinese $ Szechuan/Hunan $ ,3/4,11,Wok $ Egg $ Rice $ Vegetable $ Side $ Stir-Fry $ Vegetarian $ Bon Appétit $ Pescatarian $ Dairy Free $ Wheat/Gluten-Free $ Peanut Free $ Tree Nut Free $ Soy Free $ No Sugar Added $ Kosher $ Asian $ Chinese $ Szechuan/Hunan $ 
https://www.epicurious.com/recipes/food/views/chinese-turkey-in-jade-101067,Chinese Turkey in Jade ,an 8-ounce can water chestnuts $ 1/2 cup snow peas $ 4 scallions $ 3 heads Bibb lettuce $ 1 pound lean ground turkey $ 2 teaspoons honey $ 4 tablespoons soy sauce $ 3 tablespoons seasoned rice vinegar $ 2 tablespoons minced garlic $ 3 tablespoons finely grated peeled fresh gingerroot $ 1 tablespoon Worcestershire sauce $ 1/2 cup water $ 1 1/2 tablespoons sugar $ 2 teaspoons cornstarch $ 2 teaspoons vegetable oil $ 1/2 teaspoon Asian sesame oil $ 1 cup packed fresh mint sprigs $ 1 cup packed fresh cilantro sprigs $ 2 cups cooked white rice $ ,Ginger $ turkey $ Mint $ Cilantro $ Soy Sauce $ Gourmet $ ,Chinese $ ,3.5/4,14,Ginger $ turkey $ Mint $ Cilantro $ Soy Sauce $ Gourmet $ Chinese $ 
https://www.epicurious.com/recipes/food/views/steamed-scrod-fillets-chinese-style-11939,Steamed Scrod Fillets Chinese Style ,"1/2 cup thinly sliced scallion $ 1/4 cup soy sauce $ 2 tablespoons rice-wine vinegar (available at Oriental markets) or white-wine vinegar $ a 1 1/2-inch piece of peeled fresh gingerroot, cut into very fine julienne strips $ 2 tablespoons vegetable oil $ 1 tablespoon Oriental sesame oil plus 1 teaspoon for drizzling the fish $ 2 teaspoons sugar $ 2 garlic cloves, minced and mashed to a paste with a pinch of salt $ 1/4 to 1/2 teaspoon dried hot red pepper flakes, or to taste $ six 6-ounce scrod fillets $ cabbage or romaine leaves for lining the steamer if desired $ ",Wok $ Fish $ Ginger $ Marinate $ Steam $ Chill $ Gourmet $ ,Chinese $ ,4/4,5,Wok $ Fish $ Ginger $ Marinate $ Steam $ Chill $ Gourmet $ Chinese $ 
https://www.epicurious.com/recipes/food/views/bok-choy-gratin-107756,Bok Choy Gratin ,"1/4 cup plus 2 tablespoons fine dry bread crumbs $ 2 1/2 lb bok choy (not baby), tough stem ends trimmed $ 1 shallot, finely chopped $ 5 tablespoons unsalted butter $ 2 tablespoons all-purpose flour $ 1 1/4 cups whole milk $ 1/8 teaspoon freshly grated nutmeg $ 1/2 teaspoon salt $ 1/4 teaspoon black pepper $ 2 oz Gruyère, coarsely grated (1/2 cup) $ 1/2 oz finely grated parmesan (1/4 cup) $ ",Cheese $ Leafy Green $ Side $ Bake $ Vegetarian $ Casserole/Gratin $ Winter $ Bok Choy $ Gourmet $ Pescatarian $ Peanut Free $ Tree Nut Free $ Soy Free $ Kosher $ ,Asian $ Chinese $ ,3/4,14,Cheese $ Leafy Green $ Side $ Bake $ Vegetarian $ Casserole/Gratin $ Winter $ Bok Choy $ Gourmet $ Pescatarian $ Peanut Free $ Tree Nut Free $ Soy Free $ Kosher $ Asian $ Chinese $ 
https://www.epicurious.com/recipes/food/views/fillet-of-beef-with-asian-spice-rub-103048,Fillet of Beef with Asian Spice Rub ,"2 tablespoons Sichuan peppercorns $ 1 tablespoon anise seeds $ 4 teaspoons coarse salt $ 1 teaspoon Chinese five-spice powder $ 1 teaspoon ground ginger $ 4- to 5-lb beef tenderloin roast, trimmed and tied $ 4 tablespoons vegetable oil $ Garnish: snipped fresh chives and tarragon sprigs $ ",Beef $ Roast $ Dinner $ Beef Tenderloin $ Spice $ Gourmet $ ,Asian $ Chinese $ ,2.5/4,4,Beef $ Roast $ Dinner $ Beef Tenderloin $ Spice $ Gourmet $ Asian $ Chinese $ 
https://www.epicurious.com/recipes/food/views/sweetened-red-bean-paste-104211,Sweetened Red Bean Paste ,"6 ounces small red beans _hoong dul,_about 1 cup $ 1/2 cup packed dark brown sugar $ 1 1/2 teaspoons vegetable oil $ ",Bean $ Appetizer $ Vegan $ Vegetarian $ Pescatarian $ Dairy Free $ Wheat/Gluten-Free $ Peanut Free $ Tree Nut Free $ Soy Free $ Kosher $ ,Asian $ Chinese $ ,3.5/4,2,Bean $ Appetizer $ Vegan $ Vegetarian $ Pescatarian $ Dairy Free $ Wheat/Gluten-Free $ Peanut Free $ Tree Nut Free $ Soy Free $ Kosher $ Asian $ Chinese $ 
https://www.epicurious.com/recipes/food/views/steamed-red-snapper-with-ginger-chiles-and-sesame-oil-108175,"Steamed Red Snapper with Ginger, Chiles, and Sesame Oil ","1 (1-pound) red snapper fillet with skin (3/4 inch thick) $ 1 tablespoon medium-dry Sherry $ 1/2 teaspoon salt $ 2 tablespoons vegetable oil $ 1 (3-inch) piece fresh ginger, peeled and cut into 1/16-inch-thick matchsticks (1 1/2 inches long) $ 1 scallion, cut lengthwise into 1 1/2-inch-long very thin strips (1/3 cup) $ 2 fresh serrano chiles, seeded and cut lengthwise into very thin strips $ 1/2 teaspoon Asian sesame oil $ ",Wok $ Fish $ Ginger $ Steam $ Quick & Easy $ Snapper $ Hot Pepper $ Sesame $ Gourmet $ ,American $ Chinese $ ,3.5/4,13,Wok $ Fish $ Ginger $ Steam $ Quick & Easy $ Snapper $ Hot Pepper $ Sesame $ Gourmet $ American $ Chinese $ 
https://www.epicurious.com/recipes/food/views/chinese-chicken-breast-with-peanuts-20089,Chinese Chicken Breast with Peanuts ,"1 pair chicken breasts $ 1 scallion $ 1 small clove garlic $ 1/2 teaspoon salt $ 1 tablespoon and 1 teaspoon of soy sauce $ 1 tablespoon and 1 teaspoon of cornstarch $ 1/8 teaspoon monosodium glutamate $ 1 teaspoon sugar $ Few drops vinegar $ 1 teaspoon sherry $ 1 slice fresh ginger, minced $ Few drops sesame seed oil $ 1/4 cup cooking oil $ 1/4 cup blanched peanuts $ 1/2 to 1 teaspoon hot chili pepper flakes, to taste $ ",Chicken $ Ginger $ Stir-Fry $ Quick & Easy $ Peanut $ Fall $ House & Garden $ ,Chinese $ ,3.5/4,27,Chicken $ Ginger $ Stir-Fry $ Quick & Easy $ Peanut $ Fall $ House & Garden $ Chinese $ 
https://www.epicurious.com/recipes/food/views/five-spice-shanghai-marinade-672,Five-Spice Shanghai Marinade ,2/3 cup minced green onions $ 1/4 cup soy sauce $ 1/4 cup dry Sherry $ 2 tablespoons minced peeled fresh ginger $ 2 tablespoons chili oil* $ 2 teaspoons oriental sesame oil $ 2 teaspoons five-spice powder $ *Available at Asian markets and in the Asian section of some supermarkets. $ ,Condiment/Spread $ Sauce $ Ginger $ Low Carb $ Summer $ Bon Appétit $ ,Asian $ Chinese $ ,3/4,24,Condiment/Spread $ Sauce $ Ginger $ Low Carb $ Summer $ Bon Appétit $ Asian $ Chinese $ 
https://www.epicurious.com/recipes/food/views/lo-mein-with-beef-104617,Lo Mein with Beef ,"1/2 lb. fresh Chinese lo mein noodles $ 3 large dried black mushrooms $ 3/4 lb. flank steak $ 1 to 2 tablespoons oyster sauce $ 1/2 teaspoon pepper $ 2 1/2 teaspoons sesame oil $ 1/2 cup peanut, vegetable, or corn oil $ 1/2 cup shredded bamboo shoots $ 1/2 cup any kind of chopped cabbage $ 1/2 teaspoon sugar $ 1 1/2 teaspoons salt $ 1 tablespoon light soy sauce $ 1/2 cup chicken broth $ 1 1/2 teaspoons dark soy sauce $ 1/2 cup chives, cut into 2-inch lengths $ 3 cups bean sprouts, rinsed and drained $ ",Wine $ Wok $ Beef $ Mushroom $ Pasta $ Kid-Friendly $ Dinner $ Meat $ Steak $ Winter $ Chive $ Cabbage $ Noodle $ Soy Sauce $ Dairy Free $ Tree Nut Free $ ,Asian $ Chinese $ ,3.5/4,41,Wine $ Wok $ Beef $ Mushroom $ Pasta $ Kid-Friendly $ Dinner $ Meat $ Steak $ Winter $ Chive $ Cabbage $ Noodle $ Soy Sauce $ Dairy Free $ Tree Nut Free $ Asian $ Chinese $ 
https://www.epicurious.com/recipes/food/views/chinese-fried-rice-deluxe-20091,Chinese Fried Rice Deluxe ,"6 tablespoons lard or cooking oil $ 2 eggs $ 1 teaspoon salt $ 2 scallions, chopped $ 1/2 cup fresh shrimp, shelled, deveined and diced $ 4 cups cold, cooked rice $ 1/2 cup cooked peas $ 1/4 cup canned diced bamboo shoots $ 1/4 cup diced boiled ham $ 1/2 cup diced cooked chicken $ 1/2 cup diced Chinese roast pork or left-over roast beef or veal $ 2 tablespoons soy sauce $ ",Chicken $ Egg $ Pork $ Rice $ Side $ Stir-Fry $ Shrimp $ Pea $ House & Garden $ Sugar Conscious $ Dairy Free $ Peanut Free $ Tree Nut Free $ No Sugar Added $ ,Chinese $ ,3.5/4,45,Chicken $ Egg $ Pork $ Rice $ Side $ Stir-Fry $ Shrimp $ Pea $ House & Garden $ Sugar Conscious $ Dairy Free $ Peanut Free $ Tree Nut Free $ No Sugar Added $ Chinese $ 
https://www.epicurious.com/recipes/food/views/lo-bok-with-sichuan-peppercorns-and-fresh-red-chiles-106276,Lo Bok with Sichuan Peppercorns and Fresh Red Chiles ,"3 pound lo bok* (Chinese white radish, also called daikon), peeled $ 1 1/2 medium carrots $ 2 tablespoons plus 1/2 teaspoon kosher salt $ 1/3 cup red-wine vinegar $ 1/3 cup rice vinegar (not seasoned) $ 3/4 cup sugar $ 3 tablespoons peanut oil $ 5 (1 1/2-inch-long) dried red chiles* $ 1 teaspoon sichuan peppercorn* (optional) $ 1 tablespoon fine julienne of peeled fresh ginger $ 6 small (2-inch) fresh red chiles* such as Thai, seeded and cut into fine julienne (1 tablespoon) $ 1/4 cup thinly sliced scallion $ 1/2 cup fresh cilantro leaves $ 2 teaspoons Asian sesame oil $ a mandoline or other manual slicer $ ",Pepper $ Vegetable $ Side $ Sauté $ Vegetarian $ Hot Pepper $ Gourmet $ Vegan $ Pescatarian $ Dairy Free $ Wheat/Gluten-Free $ Tree Nut Free $ Soy Free $ Kosher $ ,Chinese $ ,3.5/4,3,Pepper $ Vegetable $ Side $ Sauté $ Vegetarian $ Hot Pepper $ Gourmet $ Vegan $ Pescatarian $ Dairy Free $ Wheat/Gluten-Free $ Tree Nut Free $ Soy Free $ Kosher $ Chinese $ 
https://www.epicurious.com/recipes/food/views/chinese-barbecued-pork-107049,Chinese Barbecued Pork ,"1/2 cup sugar $ 1 star anise $ 1 teaspoon cinnamon $ 1 teaspoon freshly ground white pepper $ 1/2 teaspoon sea salt $ 1/4 cup Chinese rice wine (Shaoxing) or dry vermouth $ One 6-ounce can pineapple juice $ 1 tablespoon dark soy sauce $ 1 tablespoon soy sauce $ 1 teaspoon sesame oil $ 2 pounds pork tenderloin, sliced lengthwise into 1 1/2-inch-wide strips $ 8 metal skewers $ Vegetable oil spray $ ",Wine $ Marinate $ Backyard BBQ $ Dinner $ Pork Tenderloin $ Summer $ Grill/Barbecue $ Anise $ Cinnamon $ Sesame $ Soy Sauce $ Dairy Free $ Peanut Free $ Tree Nut Free $ ,Asian $ Chinese $ ,1.5/4,4,Wine $ Marinate $ Backyard BBQ $ Dinner $ Pork Tenderloin $ Summer $ Grill/Barbecue $ Anise $ Cinnamon $ Sesame $ Soy Sauce $ Dairy Free $ Peanut Free $ Tree Nut Free $ Asian $ Chinese $ 
https://www.epicurious.com/recipes/food/views/stir-fried-sugar-snap-peas-with-chinese-sausage-105022,Stir-Fried Sugar Snap Peas with Chinese Sausage ,"2 tablespoons soy sauce $ 2 tablespoons medium-dry Sherry $ 2 teaspoons cornstarch $ 1 teaspoon sugar $ 1/2 teaspoon kosher salt $ 1/2 pound Chinese sausage,* sliced on the diagonal 1/4 inch thick $ 3 garlic cloves, minced $ 1/4 cup finely minced peeled fresh ginger $ 1 lb sugar snap peas, trimmed $ 3/4 cup plus 2 tablespoons water $ 2 bunches scallions (white and pale green parts only), cut into 3/4-inch pieces $ Accompaniment: steamed rice $ *Available from Chinese markets and by mail order from Uwajimaya (800-889-1928). $ ",Wok $ Ginger $ Vegetable $ Side $ Stir-Fry $ Quick & Easy $ Dinner $ Sausage $ Sherry $ Spring $ Sugar Snap Pea $ Gourmet $ ,Chinese $ ,3.5/4,10,Wok $ Ginger $ Vegetable $ Side $ Stir-Fry $ Quick & Easy $ Dinner $ Sausage $ Sherry $ Spring $ Sugar Snap Pea $ Gourmet $ Chinese $ 
https://www.epicurious.com/recipes/food/views/spicy-sichuan-style-shrimp-105053,Spicy Sichuan-Style Shrimp ,"1 1/2 tablespoons peanut oil $ 2 teaspoons finely chopped fresh ginger $ 1 tablespoon coarsely chopped garlic $ 2 tablespoon finely chopped scallions $ 1 lb raw shrimp, shelled and deveined $ 1 tablespoon tomato paste $ 2 teaspoons chili bean sauce $ 2 teaspoons Chinese black vinegar or cider vinegar $ 1/2 teaspoon salt $ 1/2 teaspoon freshly ground black pepper $ 2 teaspoons sugar $ 2 teaspoons sesame oil $ Cilantro sprigs, to garnish (optional) $ ",Garlic $ Ginger $ Stir-Fry $ Quick & Easy $ Dinner $ Shrimp $ Sugar Conscious $ Pescatarian $ Dairy Free $ Wheat/Gluten-Free $ Tree Nut Free $ Soy Free $ ,Chinese $ ,3.5/4,80,Garlic $ Ginger $ Stir-Fry $ Quick & Easy $ Dinner $ Shrimp $ Sugar Conscious $ Pescatarian $ Dairy Free $ Wheat/Gluten-Free $ Tree Nut Free $ Soy Free $ Chinese $ 
https://www.epicurious.com/recipes/food/views/silver-wrapped-chicken-698,Silver-Wrapped Chicken ,"1/2 cup sugar $ 5 tablespoons soy sauce $ 1/4 cup Chinese bean sauce available at Asian markets and some supermarkets $ 1/4 cup minced green onions $ 1/4 cup chopped fresh cilantro $ 3 tablespoons hoisin sauce available at Asian markets and some supermarkets $ 2 tablespoons dry Sherry $ 2 tablespoons oriental sesame oil $ 4 teaspoons minced peeled fresh ginger $ 2 teaspoons minced garlic $ 1 1/2 teaspoons salt $ 1/2 teaspoon five-spice powder $ 12 chicken thighs, each split crosswise into 2 pieces $ 24 9-inch foil squares $ Vegetable oil (for deep-frying) $ ",Chicken $ Appetizer $ Fry $ Marinate $ Bon Appétit $ ,Chinese $ ,3.5/4,36,Chicken $ Appetizer $ Fry $ Marinate $ Bon Appétit $ Chinese $ 
https://www.epicurious.com/recipes/food/views/shiitake-bok-choy-soup-with-noodles-100870,Shiitake Bok Choy Soup with Noodles ,1/2 pound bok choy $ 1/2 pound fresh shiitake mushrooms $ 6 scallions $ 8 grams katsuobushi (dried bonito flakes; about 2/3 cup) $ 6 ounces thin Asian wheat or buckwheat noodles $ ,Soup/Stew $ Leafy Green $ Mushroom $ Pasta $ Vegetable $ Quick & Easy $ Dinner $ Winter $ Bok Choy $ Gourmet $ Massachusetts $ Sugar Conscious $ Pescatarian $ Dairy Free $ Peanut Free $ Tree Nut Free $ Soy Free $ No Sugar Added $ Kosher $ ,Asian $ Chinese $ ,2.5/4,4,Soup/Stew $ Leafy Green $ Mushroom $ Pasta $ Vegetable $ Quick & Easy $ Dinner $ Winter $ Bok Choy $ Gourmet $ Massachusetts $ Sugar Conscious $ Pescatarian $ Dairy Free $ Peanut Free $ Tree Nut Free $ Soy Free $ No Sugar Added $ Kosher $ Asian $ Chinese $ 
https://www.epicurious.com/recipes/food/views/rice-studded-meatballs-109195,Rice-Studded Meatballs ,"1 cup long-grain white rice $ 2 to 4 outer leaves iceberg or romaine lettuce $ 1 lb ground pork or veal or meatloaf mix $ 1 tablespoon Chinese rice wine (preferably Shaoxing) or medium-dry Sherry $ 1 bunch scallions (white and pale green parts only), minced (1/3 cup) $ 1/2 cup diced (1/4 inch) rinsed and drained canned water chestnuts $ 1 tablespoon cornstarch $ 1 tablespoon egg white, lightly beaten $ 1 teaspoon sugar $ 1/2 teaspoon Asian sesame oil $ 1 teaspoon salt $ 1/4 teaspoon white pepper $ Special equipment: a large collapsible metal steamer rack $ ",Beef $ Pork $ Rice $ Appetizer $ Steam $ Quick & Easy $ Spring $ Gourmet $ Sugar Conscious $ Kidney Friendly $ Dairy Free $ Wheat/Gluten-Free $ Peanut Free $ Soy Free $ ,Asian $ Chinese $ ,2.5/4,8,Beef $ Pork $ Rice $ Appetizer $ Steam $ Quick & Easy $ Spring $ Gourmet $ Sugar Conscious $ Kidney Friendly $ Dairy Free $ Wheat/Gluten-Free $ Peanut Free $ Soy Free $ Asian $ Chinese $ 
https://www.epicurious.com/recipes/food/views/black-rice-with-scallions-and-sweet-potatoes-109033,Black Rice with Scallions and Sweet Potatoes ,"3/4 cup Chinese black rice* $ 1 1/2 cups water $ 3/4 teaspoon salt $ 2 tablespoons vegetable oil $ 1 bunch scallions, chopped (3/4 cup) $ 1 tablespoon minced peeled fresh ginger $ 1 large sweet potato (12 to 14 ounces), peeled and cut into 1/2-inch dice $ Garnish: chopped scallion greens $ ",Ginger $ Rice $ Side $ Sauté $ Vegetarian $ Quick & Easy $ Sweet Potato/Yam $ Winter $ Simmer $ Gourmet $ Vegan $ Pescatarian $ Dairy Free $ Wheat/Gluten-Free $ Peanut Free $ Tree Nut Free $ Soy Free $ No Sugar Added $ Kosher $ ,Asian $ Chinese $ ,3.5/4,14,Ginger $ Rice $ Side $ Sauté $ Vegetarian $ Quick & Easy $ Sweet Potato/Yam $ Winter $ Simmer $ Gourmet $ Vegan $ Pescatarian $ Dairy Free $ Wheat/Gluten-Free $ Peanut Free $ Tree Nut Free $ Soy Free $ No Sugar Added $ Kosher $ Asian $ Chinese $ 
https://www.epicurious.com/recipes/food/views/hundred-corner-shrimp-balls-103046,Hundred Corner Shrimp Balls ,"1 1/2 lb large shrimp (30), peeled and deveined $ 8-oz can water chestnuts (1 cup), rinsed and finely chopped $ 1 large egg white, lightly beaten $ 3 tablespoons finely chopped chilled fresh pork fat or lard $ 1 1/2 tablespoons rice wine or Scotch $ 1 tablespoon grated peeled fresh ginger $ 2 tablespoons finely chopped scallion greens $ 2 1/4 teaspoons coarse salt $ 2 tablespoons cornstarch $ 3 cups panko (Japanese bread crumbs) $ About 8 cups vegetable oil $ Accompaniment: apricot dipping sauce $ ",Shellfish $ Fry $ Cocktail Party $ Lunar New Year $ Shrimp $ Deep-Fry $ Party $ Gourmet $ ,Asian $ Chinese $ ,3.5/4,63,Shellfish $ Fry $ Cocktail Party $ Lunar New Year $ Shrimp $ Deep-Fry $ Party $ Gourmet $ Asian $ Chinese $ 
https://www.epicurious.com/recipes/food/views/orange-peking-duck-104005,Orange Peking Duck ,"2 oranges, cut into 1/4-inch-thick rounds $ 4 cups water $ 3 tablespoons honey $ 3 tablespoons dark (black or mushroom) soy sauce $ 1 (5 1/2- to 6-lb) fresh Pekin duck (sometimes called Long Island duck), excess fat removed from cavity, rinsed inside and out, and patted dry $ 1 tablespoon five-spice powder $ 1 tablespoon coarse sea salt $ 1 teaspoon coarsely ground mixed or black peppercorns $ 2 small oranges, quartered $ 6 (1/4-inch-thick) fresh ginger slices $ ",Duck $ Poultry $ Roast $ Dinner $ Orange $ Fall $ Winter $ Honey $ Gourmet $ Paleo $ Dairy Free $ Wheat/Gluten-Free $ Peanut Free $ Tree Nut Free $ Soy Free $ Kosher $ ,Asian $ Chinese $ ,0/4,0,Duck $ Poultry $ Roast $ Dinner $ Orange $ Fall $ Winter $ Honey $ Gourmet $ Paleo $ Dairy Free $ Wheat/Gluten-Free $ Peanut Free $ Tree Nut Free $ Soy Free $ Kosher $ Asian $ Chinese $ 
https://www.epicurious.com/recipes/food/views/spring-rolls-104214,Spring Rolls ,"4 Chinese dried mushrooms $ 8 ounces Chinese Barbecued Pork, store-bought or homemade $ 1 tablespoon vegetable oil $ 1 cup finely shredded Napa cabbage $ 1 cup mung bean sprouts $ 1 cup finely shredded celery $ 1 scallion, finely shredded $ 1/2 cup canned shredded bamboo shoots, rinsed and drained $ 1 1/2 teaspoons thin soy sauce $ 1/4 teaspoon ground white pepper $ 1 package (4 ounces) spring roll wrappers $ 1 tablespoon all-purpose flour $ 1 quart vegetable oil $ ",Mushroom $ Pork $ Appetizer $ Fry $ Celery $ Cabbage $ Sugar Conscious $ Dairy Free $ Peanut Free $ Tree Nut Free $ ,Asian $ Chinese $ ,3/4,2,Mushroom $ Pork $ Appetizer $ Fry $ Celery $ Cabbage $ Sugar Conscious $ Dairy Free $ Peanut Free $ Tree Nut Free $ Asian $ Chinese $ 
https://www.epicurious.com/recipes/food/views/chinese-egg-drop-soup-with-noodles-106142,Chinese Egg Drop Soup with Noodles ,"5 cups chicken stock, or 4 cups chicken broth plus 1 cup water $ 1 teaspoon soy sauce $ 2 tablespoons medium-dry Sherry $ 1 (2-inch) piece fresh ginger, thinly sliced $ 1 garlic clove, smashed $ 1 cup dried fine egg noodles (1 oz) $ 2 large eggs, lightly beaten $ 1 to 2 scallions, thinly sliced $ 1 1/2 teaspoons Asian sesame oil, or to taste $ ",Soup/Stew $ Egg $ Pasta $ Quick & Easy $ Winter $ Noodle $ Simmer $ Gourmet $ ,Asian $ Chinese $ ,3.5/4,72,Soup/Stew $ Egg $ Pasta $ Quick & Easy $ Winter $ Noodle $ Simmer $ Gourmet $ Asian $ Chinese $ 
https://www.epicurious.com/recipes/food/views/chinese-style-spinach-and-mushroom-soup-4805,Chinese-Style Spinach and Mushroom Soup ,"2 14 1/2-ounce cans vegetable broth $ 1 1/2 cups water $ 2 tablespoons soy sauce $ 2 tablespoons rice vinegar or apple cider vinegar $ 1 tablespoon oriental sesame oil $ 1 tablespoon minced garlic $ 1 tablespoon minced peeled fresh ginger $ 2 cups thinly sliced mushrooms (about 5 ounces) $ 1/2 pound firm tofu, cut into 1/2-inch pieces $ 1/2 10-ounce bag ready-to-use spinach leaves $ 3 green onions, chopped $ ",Soup/Stew $ Garlic $ Ginger $ Leafy Green $ Mushroom $ Soy $ Vegetarian $ Quick & Easy $ Spinach $ Fall $ Vegan $ Bon Appétit $ ,Asian $ Chinese $ ,3.5/4,56,Soup/Stew $ Garlic $ Ginger $ Leafy Green $ Mushroom $ Soy $ Vegetarian $ Quick & Easy $ Spinach $ Fall $ Vegan $ Bon Appétit $ Asian $ Chinese $ 
https://www.epicurious.com/recipes/food/views/baked-chicken-with-peppercorn-spice-paste-2109,Baked Chicken with Peppercorn Spice Paste ,2 tablespoons Szechuan peppercorns $ 2 tablespoons coriander seeds $ 3/4 teaspoon dried crushed red pepper $ 1/2 teaspoon salt $ 3/4 cup chopped fresh cilantro $ 6 large garlic cloves $ 1 tablespoon minced orange peel $ 1 teaspoon oriental sesame oil $ 6 10-ounce chicken half-breasts with ribs $ 5 tablespoons low-sodium soy sauce $ ,Food Processor $ Chicken $ Herb $ Poultry $ Bake $ Low/No Sugar $ Bon Appétit $ ,Asian $ Chinese $ ,2/4,5,Food Processor $ Chicken $ Herb $ Poultry $ Bake $ Low/No Sugar $ Bon Appétit $ Asian $ Chinese $ 
https://www.epicurious.com/recipes/food/views/braised-lamb-shanks-with-ginger-and-five-spice-106210,Braised Lamb Shanks with Ginger and Five-Spice ,"12 dried shiitake mushrooms $ 2 1/2 cups boiling water $ 1 3-inch-long piece fresh ginger, peeled, thickly sliced $ 3 garlic cloves, peeled $ 3/4 cup coarsely chopped fresh cilantro $ 4 1/2 tablespoons black bean garlic sauce* $ 6 teaspoons peanut oil $ 1 1/2 teaspoons Chinese five-spice powder** $ 6 large lamb shanks (about 1 pound each), excess fat trimmed $ 3/4 cup thinly sliced green onions $ 3/4 cup dry Sherry $ Steamed white rice $ ",Ginger $ Lamb $ Braise $ Dinner $ Meat $ Lamb Shank $ Spice $ Fall $ Winter $ Bon Appétit $ ,American $ Asian $ Chinese $ ,3.5/4,6,Ginger $ Lamb $ Braise $ Dinner $ Meat $ Lamb Shank $ Spice $ Fall $ Winter $ Bon Appétit $ American $ Asian $ Chinese $ 
https://www.epicurious.com/recipes/food/views/mushroom-fried-rice-101075,Mushroom Fried Rice ,8 garlic cloves $ 4 dried Chinese black mushrooms(optional) $ 1/2 pound fresh shiitake mushrooms $ 1/2 pound fresh cremini or white mushrooms $ 3 bunches scallions (green parts only) $ 3 1/2 tablespoons soy sauce $ 1 tablespoon chicken broth $ 1/2 teaspoon salt $ 1/2 teaspoon freshly ground black pepper $ 5 cups chilled Chinese-style white or brown ric $ 2 tablespoons corn or safflower oil $ 3 tablespoons Chinese rice wine or sake $ 1/4 cup chopped fresh cilantro $ *available at Asian markets and some specialty foods shops $ ,Garlic $ Mushroom $ Rice $ Side $ Stir-Fry $ Spring $ Gourmet $ Sugar Conscious $ Dairy Free $ Peanut Free $ Tree Nut Free $ Kosher $ ,Asian $ Chinese $ ,3/4,8,Garlic $ Mushroom $ Rice $ Side $ Stir-Fry $ Spring $ Gourmet $ Sugar Conscious $ Dairy Free $ Peanut Free $ Tree Nut Free $ Kosher $ Asian $ Chinese $ 
https://www.epicurious.com/recipes/food/views/red-cooked-pork-belly-107355,Red-Cooked Pork Belly ,"1 1/2 qt water $ 1 (2- to 2 1/2-lb) piece fresh pork belly (unsmoked bacon; about 3 inches thick) with skin and bones $ 1/4 cup Chinese rice wine (preferably Shaoxing) or medium-dry Sherry $ 3 garlic cloves, smashed $ 6 (1/4-inch-thick) slices fresh ginger $ 1 1/2 tablespoons dark soy sauce $ 1 1/2 tablespoons regular soy sauce (sometimes labeled ""light"" or ""thin"" soy sauce) $ 1/2 cup coarsely crushed yellow rock sugar (sometimes labeled ""yellow rock candy"") $ 1 teaspoon kosher salt $ 12 baby bok choy (preferably Shanghai; 2 1/2 inches long), halved lengthwise (1 1/2 lb total) $ Accompaniment: cooked rice $ ",Wine $ Pork $ Fall $ Bok Choy $ Gourmet $ ,Asian $ Chinese $ ,3.5/4,15,Wine $ Pork $ Fall $ Bok Choy $ Gourmet $ Asian $ Chinese $ 
https://www.epicurious.com/recipes/food/views/hoisin-five-spice-chicken-legs-103181,Hoisin Five-Spice Chicken Legs ,"4 chicken legs, thigh and drumstick separated $ 1/2 cup hoisin sauce $ 1 teaspoon Chinese five-spice powder $ ",Chicken $ Poultry $ Appetizer $ Bake $ Picnic $ Quick & Easy $ Dinner $ Spice $ Spring $ Gourmet $ Dairy Free $ Peanut Free $ Tree Nut Free $ No Sugar Added $ Kosher $ ,Asian $ Chinese $ ,3/4,42,Chicken $ Poultry $ Appetizer $ Bake $ Picnic $ Quick & Easy $ Dinner $ Spice $ Spring $ Gourmet $ Dairy Free $ Peanut Free $ Tree Nut Free $ No Sugar Added $ Kosher $ Asian $ Chinese $ 
https://www.epicurious.com/recipes/food/views/shrimp-and-spinach-dumplings-with-asian-dipping-sauce-104880,Shrimp and Spinach Dumplings with Asian Dipping Sauce ,"1 cup baby spinach $ 6 oz shrimp, shelled, deveined, and pulsed to a coarse paste in a food processor $ 3 tablespoons finely chopped rinsed canned water chestnuts $ 2 scallions (green parts only), finely chopped $ 1 tablespoon Asian sesame oil $ 2 teaspoons finely grated peeled fresh ginger $ 1 teaspoon sugar $ 1 teaspoon medium-dry Sherry $ 1 teaspoon oyster sauce $ 1/2 teaspoon salt $ 24 wonton wrappers $ Large soft lettuce leaves for lining steamer $ 2 tablespoons soy sauce $ 2 tablespoons water $ 1 teaspoon sugar $ Squeeze of juice from 1 tablespoon finely grated peeled fresh ginger $ Dried hot red pepper flakes or Asian chile paste to taste $ a bamboo steamer and a wok $ ",Wok $ Ginger $ Shellfish $ Cocktail Party $ Shrimp $ Spinach $ Sherry $ Spring $ Healthy $ Sesame $ Gourmet $ ,Asian $ Chinese $ ,3.5/4,29,Wok $ Ginger $ Shellfish $ Cocktail Party $ Shrimp $ Spinach $ Sherry $ Spring $ Healthy $ Sesame $ Gourmet $ Asian $ Chinese $ 
https://www.epicurious.com/recipes/food/views/salt-and-pepper-shrimp-105111,Salt and Pepper Shrimp ,1 lb large shrimp in their shells (25) $ 6 cups vegetable oil $ 3/4 teaspoon fine sea salt $ 1/2 teaspoon freshly ground black pepper $ 1/2 teaspoon Chinese five-spice powder $ a deep-fat thermometer $ ,Appetizer $ Fry $ Cocktail Party $ Shrimp $ Summer $ Gourmet $ ,Chinese $ ,3/4,15,Appetizer $ Fry $ Cocktail Party $ Shrimp $ Summer $ Gourmet $ Chinese $ 
https://www.epicurious.com/recipes/food/views/scallion-cilantro-pancakes-108866,Scallion Cilantro Pancakes ,"1/3 cup soy sauce $ 2 tablespoons rice vinegar (not seasoned) $ 3/8 teaspoon Asian sesame oil $ 1 teaspoon sesame seeds, toasted $ 3/4 cup all-purpose flour $ 1/4 cup rice flour (not from sweet rice)* $ Slightly rounded 1/2 teaspoon salt $ 1 whole large egg $ 1 large egg yolk $ 1 cup water $ 1 small fresh green Thai or serrano chile, minced $ 1/8 teaspoon black pepper $ 1/8 teaspoon Asian sesame oil $ 1 tablespoon vegetable oil $ 4 scallions (pale green and dark green parts only), diagonally sliced into 1 1/2-inch pieces $ 1/4 cup loosely packed small fresh cilantro leaves $ ",Herb $ Onion $ Cocktail Party $ Vegetarian $ Hot Pepper $ Pan-Fry $ Sesame $ Cilantro $ Gourmet $ ,Asian $ Chinese $ ,2/4,7,Herb $ Onion $ Cocktail Party $ Vegetarian $ Hot Pepper $ Pan-Fry $ Sesame $ Cilantro $ Gourmet $ Asian $ Chinese $ 
https://www.epicurious.com/recipes/food/views/wuxi-spareribs-108682,Wuxi Spareribs ,"1 scallion, trimmed, plus 1 tablespoon chopped scallion $ 1 pound pork spareribs, cut crosswise into 2-inch pieces by butcher $ 1/3 cup Chinese rice wine (preferably Shaoxing) or medium-dry Sherry $ 1 tablespoon regular soy sauce (sometimes labeled ""thin"") $ 1 tablespoon dark soy sauce (sometimes labeled ""superior"") $ 3 cups plus 1 tablespoon water $ 1 (1/2-inch) piece fresh ginger, peeled and cut crosswise into 1/8-inch-thick slices $ 1 1/2 teaspoons star anise pieces (not whole) $ 1 (3-inch) cinnamon stick $ 1 1/2 tablespoons coarsely crushed yellow rock sugar (sometimes labeled ""yellow rock candy"") $ 1 teaspoon coarsely ground black pepper $ 1 teaspoon cornstarch $ 1 teaspoon Asian sesame oil $ 1 tablespoon chopped fresh cilantro $ ",Wine $ Ginger $ Dinner $ Lunar New Year $ Beef Rib $ Winter $ Anise $ Cinnamon $ Sesame $ Soy Sauce $ Simmer $ Gourmet $ Dairy Free $ Peanut Free $ Tree Nut Free $ ,Asian $ Chinese $ ,3.5/4,5,Wine $ Ginger $ Dinner $ Lunar New Year $ Beef Rib $ Winter $ Anise $ Cinnamon $ Sesame $ Soy Sauce $ Simmer $ Gourmet $ Dairy Free $ Peanut Free $ Tree Nut Free $ Asian $ Chinese $ 
https://www.epicurious.com/recipes/food/views/bok-choy-with-beef-1000345,Bok Choy with Beef ,1 (1-pound) piece beef tenderloin $ 2 tablespoons soy sauce $ 2 tablespoons sugar $ 1 tablespoon medium-dry Sherry $ 1 1/2 teaspoons Asian sesame oil $ 2 teaspoons cornstarch $ 1 1/2 pound baby bok choy $ 2 tablespoons soy sauce $ 3 tablespoons medium-dry Sherry $ 1 teaspoon balsamic vinegar $ 1 cup vegetable oil $ 1 1/2 tablespoons minced garlic $ 1 tablespoon minced peeled fresh ginger $ Accompaniment: rice $ ,Beef $ Ginger $ Marinate $ Stir-Fry $ Quick & Easy $ Sherry $ Bok Choy $ Sesame $ Soy Sauce $ Gourmet $ ,Asian $ Chinese $ ,3/4,25,Beef $ Ginger $ Marinate $ Stir-Fry $ Quick & Easy $ Sherry $ Bok Choy $ Sesame $ Soy Sauce $ Gourmet $ Asian $ Chinese $ 
https://www.epicurious.com/recipes/food/views/szechuan-noodles-with-peanut-sauce-101974,Szechuan Noodles with Peanut Sauce ,"1/2 cup (or more) canned vegetable broth $ 1 cup super-chunky peanut butter $ 1/4 cup soy sauce $ 2 tablespoons balsamic vinegar $ 1 1/2 tablespoons chili-garlic sauce* $ 5 garlic cloves, minced $ 12 ounces dried chow mein udon (Asian-style noodles)* $ 1 tablespoon canola oil $ 8 large bok choy leaves $ 2 red bell peppers, halved lengthwise $ 2 large carrots, peeled $ 1 bunch green onions $ 2 cups shredded Napa cabbage $ 2 tablespoons toasted sesame seeds $ *Available at Asian markets and in the Asian foods section of many supermarkets. $ ",Peanut $ Bell Pepper $ Summer $ Chill $ Vegan $ Noodle $ Bon Appétit $ ,Chinese $ ,3/4,49,Peanut $ Bell Pepper $ Summer $ Chill $ Vegan $ Noodle $ Bon Appétit $ Chinese $ 
https://www.epicurious.com/recipes/food/views/vegetable-stir-fry-104171,Vegetable Stir-Fry ,"3 tablespoons vegetable broth $ 2 tablespoons Chinese rice wine $ 1 teaspoon sugar $ 1 teaspoon cornstarch $ 1 teaspoon salt $ 2 tablespoons vegetable oil $ 1/4 teaspoon sesame oil $ 1/2 pound carrots, cut into julienne strips $ 1/4 pound shiitake mushrooms, stems discarded, thinly sliced $ 1/2 pound Napa cabbage, thinly sliced (about 4 cups) $ 2 large garlic cloves, minced $ 2 teaspoons minced peeled fresh ginger $ 2 scallions, thinly sliced on the bias $ ",Mushroom $ Side $ Stir-Fry $ Quick & Easy $ Dinner $ Carrot $ Cabbage $ Vegan $ Vegetarian $ Pescatarian $ Wheat/Gluten-Free $ Peanut Free $ Tree Nut Free $ Soy Free $ Kosher $ ,Chinese $ ,3.5/4,22,Mushroom $ Side $ Stir-Fry $ Quick & Easy $ Dinner $ Carrot $ Cabbage $ Vegan $ Vegetarian $ Pescatarian $ Wheat/Gluten-Free $ Peanut Free $ Tree Nut Free $ Soy Free $ Kosher $ Chinese $ 
https://www.epicurious.com/recipes/food/views/long-bean-salad-106902,Long Bean Salad ,"1 bunch Chinese long beans (1 1/4 lb), trimmed and cut into 2-inch pieces $ 3 large shallots (6 oz), sliced lengthwise and fried $ 2 large shallots (4 oz), thinly sliced $ 4 large garlic cloves, thinly sliced and fried $ 1 tablespoon sesame seeds, toasted $ 2 tablespoons salted roasted peanuts, finely chopped $ 1 tablespoon peanut oil $ Garnish: fresh cilantro leaves and lime wedges $ ",Salad $ Vegetable $ Side $ Vegetarian $ Quick & Easy $ Summer $ Gourmet $ ,Asian $ Chinese $ ,3/4,4,Salad $ Vegetable $ Side $ Vegetarian $ Quick & Easy $ Summer $ Gourmet $ Asian $ Chinese $ 
https://www.epicurious.com/recipes/food/views/chinese-pineapple-chicken-20087,Chinese Pineapple Chicken ,"1 fryer, about 3 1/2 pounds $ 1 medium onion $ 2 stalks celery $ 1 5-ounce can water chestnuts $ 4 slices canned pineapple $ 1 tablespoon cornstarch $ 1 tablespoon of soy sauce $ 1 teaspoon salt $ 1 tablespoon water $ 4 tablespoons lard or cooking oil $ 1/4 cup canned pineapple syrup $ ",Chicken $ Onion $ Stir-Fry $ Dinner $ Pineapple $ Celery $ Fall $ House & Garden $ ,Chinese $ ,3/4,7,Chicken $ Onion $ Stir-Fry $ Dinner $ Pineapple $ Celery $ Fall $ House & Garden $ Chinese $ 
https://www.epicurious.com/recipes/food/views/velvet-chicken-109437,Velvet Chicken ,"1 (3- to 31/2-lb) whole chicken $ 2 (14-oz) cans low-sodium chicken broth (3 1/2 cups) $ 1 cup soy sauce $ 1 cup dark soy sauce* (see cooks' note, below) $ 1 cup Chinese rice wine* (preferably Shaoxing) or medium-dry Sherry $ 1/4 cup coarsely crushed yellow rock sugar* (2 oz) or 1/4 cup packed brown sugar $ 1 bunch scallions, cut into 3-inch pieces $ 6 (1/4-inch-thick) round slices fresh ginger $ 4 (3- by 1-inch) strips fresh orange zest $ 1 tablespoon fine sea salt $ 2 whole cloves $ 2 whole star anise (1 1/2 teaspoons) $ 1 (2 1/2-inch) dried red chile $ 1/2 teaspoon Sichuan or black peppercorns $ Accompaniment: cooked rice or noodles $ Garnish: fresh cilantro leaves $ ",Chicken $ Ginger $ Poach $ Quick & Easy $ Anise $ Clove $ Soy Sauce $ Gourmet $ New Jersey $ ,Chinese $ ,3/4,48,Chicken $ Ginger $ Poach $ Quick & Easy $ Anise $ Clove $ Soy Sauce $ Gourmet $ New Jersey $ Chinese $ 
https://www.epicurious.com/recipes/food/views/fun-shrimp-108985,Fun Shrimp ,"1 pound fresh or dried flat rice noodles (about 1/2 inch wide) $ 1/2 tablespoon soy sauce or light soy sauce $ 1 teaspoon Chinese rice wine or dry sherry $ 1 teaspoon minced garlic $ 1/2 teaspoon cornstarch $ 1/8 teaspoon ground white pepper $ 1/4 pound shrimp $ 2 tablespoons soy sauce or 1 tablespoon each light and dark soy sauce $ 1 teaspoon chili garlic sauce $ 1/2 teaspoon sugar $ 1 tablespoon vegetable oil $ 1/2 yellow onion, thinly sliced $ 3 green onions, trimmed and cut into 1-inch pieces $ 1 teaspoon minced ginger $ 1 cup bean sprouts $ 1/4 cup roasted peanuts $ ",Stir-Fry $ Peanut $ Shrimp $ Fall $ Noodle $ ,Chinese $ ,3/4,8,Stir-Fry $ Peanut $ Shrimp $ Fall $ Noodle $ Chinese $ 
https://www.epicurious.com/recipes/food/views/chinese-barbecued-pork-101916,Chinese Barbecued Pork ,three 3/4-pound pork tenderloins $ 2 tablespoons hoisin sauce $ 2 tablespoons dry Sherry or white wine $ 1 tablespoon soy sauce (preferably Kikkoman) $ 1 teaspoon Chinese five-spice powder $ 1 teaspoon minced garlic $ 2 tablespoons honey $ ,Pork $ Marinate $ Backyard BBQ $ Dinner $ Summer $ Grill $ Grill/Barbecue $ Gourmet $ Chicago $ Illinois $ ,Chinese $ ,3/4,32,Pork $ Marinate $ Backyard BBQ $ Dinner $ Summer $ Grill $ Grill/Barbecue $ Gourmet $ Chicago $ Illinois $ Chinese $ 
https://www.epicurious.com/recipes/food/views/steamed-sea-bass-cantonese-style-104551,"Steamed Sea Bass, Cantonese Style ","1 1 1/2-lb. whole sea bass (or striped bass) with head and tail, cleaned, scaled, and gills removed $ 1/4 cup plus 2 tablespoons white wine $ 3 cloves garlic, coarsely chopped (approx. 2 tablespoons) $ 4 tablespoons chopped scallions, including greens $ 2 tablespoons finely minced fresh ginger $ 2 teaspoons sugar $ 1/4 cup olive oil $ 3 tablespoons soy sauce $ ",Wine $ Wok $ Fish $ Garlic $ Ginger $ Steam $ Dinner $ Seafood $ Bass $ White Wine $ Summer $ Winter $ Party $ Sugar Conscious $ Pescatarian $ Dairy Free $ Peanut Free $ Tree Nut Free $ Kosher $ ,Asian $ Chinese $ ,3.5/4,37,Wine $ Wok $ Fish $ Garlic $ Ginger $ Steam $ Dinner $ Seafood $ Bass $ White Wine $ Summer $ Winter $ Party $ Sugar Conscious $ Pescatarian $ Dairy Free $ Peanut Free $ Tree Nut Free $ Kosher $ Asian $ Chinese $ 
https://www.epicurious.com/recipes/food/views/chinese-hawaiian-barbecued-ribs-108088,"Chinese-Hawaiian ""Barbecued"" Ribs ","3/4 cup sugar $ 1/2 cup soy sauce $ 1/2 cup ketchup $ 1/4 cup medium-dry Sherry $ 1 teaspoon salt $ 1 garlic clove, smashed $ 1 (1-inch) cube peeled fresh ginger, smashed $ 3 pounds baby back pork ribs (3 racks; do not cut apart) $ ",Ginger $ Bake $ Marinate $ Oscars $ Buffet $ Pork Rib $ Sherry $ Soy Sauce $ Gourmet $ ,American $ Chinese $ ,3.5/4,60,Ginger $ Bake $ Marinate $ Oscars $ Buffet $ Pork Rib $ Sherry $ Soy Sauce $ Gourmet $ American $ Chinese $ 
https://www.epicurious.com/recipes/food/views/tropical-spring-rolls-with-chile-sauce-109431,Tropical Spring Rolls with Chile Sauce ,"1 cup Asian sweet chile sauce* (preferably Mae Ploy brand) $ 1 tablespoon fresh lemon juice $ 1 tablespoon Asian fish sauce $ 1 teaspoon finely chopped garlic $ 1 teaspoon palm sugar* or packed brown sugar $ 1 teaspoon grated peeled fresh ginger $ 1 teaspoon finely chopped fresh cilantro $ 1/4 teaspoon finely chopped fresh hot chile (such as Thai or serrano, preferably red), including seeds $ 1 1/2 lb shrimp in shell, peeled, deveined, and coarsely chopped (1/2-inch pieces) $ 1/2 cup coarsely chopped fresh cilantro $ 3/4 teaspoon salt $ 8 Chinese spring roll wrappers* $ 2 teaspoons water $ 1 teaspoon cornstarch $ About 1 cup vegetable oil $ ",Appetizer $ Fry $ Shrimp $ Hot Pepper $ Cilantro $ Gourmet $ Sugar Conscious $ Pescatarian $ Dairy Free $ Wheat/Gluten-Free $ Peanut Free $ Tree Nut Free $ Soy Free $ ,Chinese $ ,4/4,18,Appetizer $ Fry $ Shrimp $ Hot Pepper $ Cilantro $ Gourmet $ Sugar Conscious $ Pescatarian $ Dairy Free $ Wheat/Gluten-Free $ Peanut Free $ Tree Nut Free $ Soy Free $ Chinese $ 
https://www.epicurious.com/recipes/food/views/beef-and-snow-peas-with-xo-sauce-109205,Beef and Snow Peas with XO Sauce ,"2 tablespoons small dried shrimp* (1/4 ounce) $ 1 cup water $ 1/4 cup dried scallops* (about 10; each 1 inch wide) $ 1/2 cup peanut oil $ 1/4 cup finely minced onion (1/2 small) $ 3 garlic cloves, finely minced (1 tablespoon) $ 1 teaspoon minced fresh hot red chile including seeds $ 2 tablespoons minced Virginia ham (preferably Smithfield) or fine-quality prosciutto (1/2 ounce) $ 1/4 teaspoon black pepper $ 1 lb sirloin steak, sliced 1/4 inch thick against the grain, visible fat trimmed and discarded $ 2 tablespoons Chinese rice wine or medium-dry Sherry $ 2 tablespoons soy sauce $ 1 teaspoon cornstarch $ 1 teaspoon sugar $ 1/4 teaspoon black pepper $ 2 tablespoons peanut oil $ 1/2 lb snow peas, trimmed and strings discarded $ Accompaniment: steamed white rice $ a 14-inch wok $ ",Beef $ Vegetable $ Stir-Fry $ Quick & Easy $ Scallop $ Shrimp $ Spring $ Prosciutto $ Sugar Snap Pea $ Gourmet $ ,Asian $ Chinese $ ,2/4,1,Beef $ Vegetable $ Stir-Fry $ Quick & Easy $ Scallop $ Shrimp $ Spring $ Prosciutto $ Sugar Snap Pea $ Gourmet $ Asian $ Chinese $ 
https://www.epicurious.com/recipes/food/views/roast-cornish-game-hens-with-orange-teriyaki-sauce-103137,Roast Cornish Game Hens with Orange-Teriyaki Sauce ,"1 cup thick teriyaki baste and glaze $ 1 cup orange juice $ 4 green onions, finely chopped $ 2 tablespoons grated orange peel $ 1 tablespoon minced peeled ginger $ 4 1- to 1 1/4-pound Cornish game hens $ 2/3 cup canned low-salt chicken broth $ ",Chicken $ Citrus $ Game $ Ginger $ Poultry $ Roast $ Orange $ Spring $ Bon Appétit $ Massachusetts $ ,Chinese $ ,3/4,13,Chicken $ Citrus $ Game $ Ginger $ Poultry $ Roast $ Orange $ Spring $ Bon Appétit $ Massachusetts $ Chinese $ 
https://www.epicurious.com/recipes/food/views/panfried-tofu-with-chinese-black-bean-sauce-103384,Panfried Tofu with Chinese Black Bean Sauce ,1-pound block of extra-firm tofu $ 4 garlic cloves $ 1-inch chunk of fresh ginger $ 2 tablespoons Chinese fermented black beans $ 11/2 cups water $ 4 tablespoons soy sauce $ 3 tablespoons Sherry (dry or sweet) $ 1 tablespoon maple syrup $ 2 teaspoons cider vinegar $ 1 1/2 tablespoons cornstarch $ vegetable oil $ ,Bean $ Garlic $ Ginger $ Vegetarian $ Tofu $ Pan-Fry $ Gourmet $ ,Chinese $ ,3/4,15,Bean $ Garlic $ Ginger $ Vegetarian $ Tofu $ Pan-Fry $ Gourmet $ Chinese $ 
https://www.epicurious.com/recipes/food/views/chinese-chicken-and-rice-porridge-congee-103051,Chinese Chicken and Rice Porridge (Congee) ,"3 1/2 to 4-lb chicken, cut into serving pieces, including back and giblets (exclude liver) $ 10 cups water $ 3 tablespoons Chinese rice wine or medium-dry sherry $ 3 (1/4-inch-thick) slices fresh ginger $ 3 scallions, halved crosswise and smashed with flat side of a heavy knife $ 1/2 teaspoon salt $ 1 cup long-grain rice $ Accompaniment: fine julliene of fresh ginger, thinly sliced scallions, and Asian sesame oil $ N/A scallions $ N/A Asian sesame oil $ ",Chicken $ Poultry $ Rice $ Breakfast $ Dinner $ Lunch $ Gourmet $ Sugar Conscious $ Dairy Free $ Wheat/Gluten-Free $ Peanut Free $ Tree Nut Free $ Soy Free $ Kosher $ ,Asian $ Chinese $ ,3.5/4,24,Chicken $ Poultry $ Rice $ Breakfast $ Dinner $ Lunch $ Gourmet $ Sugar Conscious $ Dairy Free $ Wheat/Gluten-Free $ Peanut Free $ Tree Nut Free $ Soy Free $ Kosher $ Asian $ Chinese $ 
https://www.epicurious.com/recipes/food/views/szechuan-salt-pepper-1971,Szechuan Salt-Pepper ,3 tablespoons salt $ 1 1/4 teaspoons Szechuan peppercorns (sometimes called wild pepper) $ ,Condiment/Spread $ Bon Appétit $ ,Chinese $ Szechuan/Hunan $ ,2.5/4,4,Condiment/Spread $ Bon Appétit $ Chinese $ Szechuan/Hunan $ 
https://www.epicurious.com/recipes/food/views/chinese-curry-chicken-2034,Chinese Curry Chicken ,"6 tablespoons oil $ 1 medium onion, chopped $ 2 tomatoes, chopped $ 2 tablespoons curry powder $ 2 tablespoons soy sauce $ 2 teaspoons minced peeled fresh ginger $ 2 garlic cloves, minced $ 1 teaspoon ground turmeric $ 1 teaspoon chili powder $ 1/2 pound boiling potatoes, cut into 1-inch cubes $ 1 cup canned chicken broth $ 1 tablespoon dry white wine $ 2 pounds boneless skinless chicken breast halves, cut into 2-inch pieces $ Salt and pepper $ ",Chicken $ Ginger $ Potato $ Stir-Fry $ Quick & Easy $ Curry $ Bon Appétit $ Massachusetts $ ,Chinese $ ,3/4,23,Chicken $ Ginger $ Potato $ Stir-Fry $ Quick & Easy $ Curry $ Bon Appétit $ Massachusetts $ Chinese $ 
https://www.epicurious.com/recipes/food/views/chinese-style-steamed-fish-102986,Chinese Style Steamed Fish ,"2 6-ounce red snapper fillets $ 2 tablespoons dry white wine $ 1 1/2 teaspoons minced peeled fresh ginger $ 2 small garlic cloves, minced $ 4 teaspoons soy sauce $ 1 1/2 teaspoons oriental sesame oil $ 2 tablespoons chopped fresh cilantro $ ",Fish $ Garlic $ Ginger $ Steam $ Quick & Easy $ Dinner $ Seafood $ Snapper $ Winter $ Bon Appétit $ Sugar Conscious $ Pescatarian $ Dairy Free $ Peanut Free $ Tree Nut Free $ Kosher $ ,Asian $ Chinese $ ,3.5/4,36,Fish $ Garlic $ Ginger $ Steam $ Quick & Easy $ Dinner $ Seafood $ Snapper $ Winter $ Bon Appétit $ Sugar Conscious $ Pescatarian $ Dairy Free $ Peanut Free $ Tree Nut Free $ Kosher $ Asian $ Chinese $ 
https://www.epicurious.com/recipes/food/views/hoisin-braised-pork-mushrooms-and-green-beans-on-noodles-103002,"Hoisin-Braised Pork, Mushrooms and Green Beans on Noodles ","1 1/2 pounds well-trimmed boneless pork shoulder (Boston butt), cut into 1-inch cubes $ 2 teaspoons Chinese five-spice powder $ 3 tablespoons all purpose flour $ 2 tablespoons vegetable oil $ 1 pound fresh shiitake mushrooms, stemmed, caps sliced $ 1 cup canned low-salt chicken broth $ 1 1/2 cups chopped green onions $ 3 tablespoons hoisin sauce $ 1 tablespoon soy sauce $ 2 1/4-inch-thick rounds of peeled fresh ginger $ 8 ounces green beans, trimmed, cut on diagonal into 1 1/2-inch lengths $ 1 9-ounce package fresh egg linguine, cut in half $ 1 tablespoon oriental sesame oil $ ",Soup/Stew $ Mushroom $ Pasta $ Pork $ Vegetable $ Braise $ Sauté $ Dinner $ Meat $ Green Bean $ Fall $ Winter $ Bon Appétit $ Dairy Free $ Peanut Free $ Tree Nut Free $ No Sugar Added $ ,Asian $ Chinese $ ,3/4,39,Soup/Stew $ Mushroom $ Pasta $ Pork $ Vegetable $ Braise $ Sauté $ Dinner $ Meat $ Green Bean $ Fall $ Winter $ Bon Appétit $ Dairy Free $ Peanut Free $ Tree Nut Free $ No Sugar Added $ Asian $ Chinese $ 
https://www.epicurious.com/recipes/food/views/chow-fun-with-barbecued-pork-and-snow-peas-106262,Chow Fun with Barbecued Pork and Snow Peas ,"14 oz fresh rice noodles, cut into 1/2-inch-wide strips if necessary $ 1/4 cup plus 1 teaspoon peanut oil $ 3/4 cup chicken stock or low-sodium chicken broth $ 2 tablespoons oyster sauce $ 1 tablespoon light soy sauce $ 2 teaspoons sugar $ 1 tablespoon Chinese rice wine or medium-dry Sherry $ 1/4 lb snow peas, trimmed $ 4 scallions, cut into 2-inch-long julienne $ 6 oz cha siu (Chinese boneless barbecued pork), thinly sliced $ 2 teaspoons finely chopped garlic $ 2 teaspoons finely chopped peeled fresh ginger $ 1/2 teaspoon cornstarch mixed with 2 teaspoons water $ 1/2 cup fresh mung bean sprouts $ A few drops of Asian sesame oil $ ",Garlic $ Ginger $ Pork $ Stir-Fry $ Dinner $ Spring $ Sugar Snap Pea $ Gourmet $ Dairy Free $ Tree Nut Free $ ,Asian $ Chinese $ ,3/4,24,Garlic $ Ginger $ Pork $ Stir-Fry $ Dinner $ Spring $ Sugar Snap Pea $ Gourmet $ Dairy Free $ Tree Nut Free $ Asian $ Chinese $ 
https://www.epicurious.com/recipes/food/views/chop-suey-106261,Chop Suey ,"2 garlic cloves, minced $ 1 tablespoon plus 1 teaspoon oyster sauce $ 1/2 tablespoon soy sauce $ 1 teaspoon salt $ 1 1/2 teaspoon cornstarch $ 1 pound pork tenderloin, cut crosswise into 1/8-inch-thick strips $ 2 celery ribs diagonally cut into 1/4-inch-thick slices $ 6 oz snow peas diagonally cut into 1/4-inch-thick slices $ 1/2 lb bok choy, cut into 1/4-inch-thick slices (leaves and ribs separately) $ 1/4 lb mushrooms cut into 1/4-inch-thick slices $ 1 onion, halved lengthwise and into 1/4-inch-thick strips $ 1 green bell pepper cut into 1/4-inch-thick strips, then halved crosswise $ 1/4 lb mung bean sprouts, rinsed and drained $ 1 (5-oz) can sliced water chestnuts $ 1 (5-oz) can sliced bamboo shoots $ 1/4 cup chicken broth $ Vegetable oil $ Water $ Salt and pepper to taste $ N/A pepper $ ",Pork $ Vegetable $ Stir-Fry $ Dinner $ Bok Choy $ Sugar Snap Pea $ Gourmet $ Dairy Free $ Peanut Free $ No Sugar Added $ ,Chinese $ ,3.5/4,44,Pork $ Vegetable $ Stir-Fry $ Dinner $ Bok Choy $ Sugar Snap Pea $ Gourmet $ Dairy Free $ Peanut Free $ No Sugar Added $ Chinese $ 
https://www.epicurious.com/recipes/food/views/chinese-style-rice-101076,Chinese-Style Rice ,2 3/4 cups long-grain white rice(not converted) or brown rice $ 4 to 5 cups water $ ,Rice $ Side $ Vegetarian $ Quick & Easy $ Gourmet $ Sugar Conscious $ Low Sugar $ Kidney Friendly $ Vegan $ Pescatarian $ Dairy Free $ Wheat/Gluten-Free $ Peanut Free $ Tree Nut Free $ Soy Free $ No Sugar Added $ Kosher $ ,Chinese $ ,3/4,16,Rice $ Side $ Vegetarian $ Quick & Easy $ Gourmet $ Sugar Conscious $ Low Sugar $ Kidney Friendly $ Vegan $ Pescatarian $ Dairy Free $ Wheat/Gluten-Free $ Peanut Free $ Tree Nut Free $ Soy Free $ No Sugar Added $ Kosher $ Chinese $ 
https://www.epicurious.com/recipes/food/views/spring-rolls-104619,Spring Rolls ,"1/2 lb. minced pork $ 3 teaspoons cornstarch $ 1 teaspoon dark soy sauce $ 8 oz. baby shrimp $ 1 teaspoon Shao Hsing wine or white wine $ 2 tablespoons vegetable or corn oil $ 1/2 cup shredded bamboo shoots $ 8 oz. shredded carrots $ 1/2 cup chicken broth $ 1/2 lb. fresh bean sprouts $ 2 cups finely shredded chopped Chinese celery cabbage or Napa cabbage $ 20 square spring roll skins (available in Chinese supermarkets — ask for Shanghai spring roll skins) $ 1 beaten egg for sealing $ 1 quart vegetable, corn, or peanut oil for deep frying $ ",Pork $ Shellfish $ Vegetable $ Appetizer $ Fry $ Cocktail Party $ Super Bowl $ Shrimp $ Carrot $ Poker/Game Night $ Deep-Fry $ Cabbage $ Party $ Soy Sauce $ Sugar Conscious $ Dairy Free $ Tree Nut Free $ ,Asian $ Chinese $ ,3/4,14,Pork $ Shellfish $ Vegetable $ Appetizer $ Fry $ Cocktail Party $ Super Bowl $ Shrimp $ Carrot $ Poker/Game Night $ Deep-Fry $ Cabbage $ Party $ Soy Sauce $ Sugar Conscious $ Dairy Free $ Tree Nut Free $ Asian $ Chinese $ 
https://www.epicurious.com/recipes/food/views/roast-five-spice-duck-with-honeyed-mango-chutney-sauce-103911,Roast Five-Spice Duck with Honeyed-Mango Chutney Sauce ,"4 quarts water $ 2 cups salt $ 2 cups (packed) brown sugar $ 1 onion, quartered $ 1 orange, quartered $ 12 whole star anise* $ 10 garlic cloves, crushed $ 1/2 cup sliced fresh ginger $ 1/4 cup soy sauce $ 3 tablespoons Chinese five-spice powder* $ 6 cups cold water $ 2 6-pound whole ducks $ Honeyed-Mango Chutney Sauce $ ",Duck $ Ginger $ Poultry $ Roast $ Dinner $ Mango $ Spice $ Fall $ Anniversary $ Honey $ Anise $ Party $ Soy Sauce $ Bon Appétit $ Dairy Free $ Peanut Free $ Tree Nut Free $ Kosher $ ,Asian $ Chinese $ ,3/4,7,Duck $ Ginger $ Poultry $ Roast $ Dinner $ Mango $ Spice $ Fall $ Anniversary $ Honey $ Anise $ Party $ Soy Sauce $ Bon Appétit $ Dairy Free $ Peanut Free $ Tree Nut Free $ Kosher $ Asian $ Chinese $ 
https://www.epicurious.com/recipes/food/views/chinese-bistro-ribs-109428,Chinese Bistro Ribs ,"4 teaspoons Chinese fermented black beans* $ 4 garlic cloves, chopped $ 2 tablespoons finely chopped peeled fresh ginger $ 1 tablespoon finely chopped onion $ 2 Lapsang souchong tea bags $ 2 1/2 cups boiling water $ 2 racks of baby back ribs (about 2 lb total), cut into ribs $ 3 tablespoons vegetable oil $ 1/4 cup soy sauce $ 1/4 cup medium-dry Sherry $ 4 teaspoons cider vinegar $ 1 tablespoon pure maple syrup $ ",Tea $ Beef $ Garlic $ Soy $ Appetizer $ Cocktail Party $ Sherry $ Simmer $ Gourmet $ Maryland $ ,Chinese $ ,3/4,8,Tea $ Beef $ Garlic $ Soy $ Appetizer $ Cocktail Party $ Sherry $ Simmer $ Gourmet $ Maryland $ Chinese $ 
https://www.epicurious.com/recipes/food/views/snow-peas-and-beef-chinese-style-20084,Snow Peas and Beef-Chinese Style ,"1 pound beef tenderloin, or flank steak $ 2 tablespoons soy sauce $ 2 tablespoons cornstarch $ 1/2 pound snow peas $ 5 tablespoons cooking oil $ 1 teaspoon salt $ ",Beef $ Stir-Fry $ Quick & Easy $ Dinner $ Fall $ Soy Sauce $ Sugar Snap Pea $ House & Garden $ ,Chinese $ ,1.5/4,7,Beef $ Stir-Fry $ Quick & Easy $ Dinner $ Fall $ Soy Sauce $ Sugar Snap Pea $ House & Garden $ Chinese $ 
https://www.epicurious.com/recipes/food/views/cabbage-with-shredded-pork-chinese-style-20085,Cabbage with Shredded Pork-Chinese Style ,"1 pound lean pork (loin, shoulder or fresh ham) $ 1 pound cabbage (not Chinese type) $ 1 scallion $ 3 tablespoons lard or cooking oil $ 1 teaspoon salt $ 1 tablespoon sherry $ 2 tablespoons soy sauce $ ",Pork $ Stir-Fry $ Quick & Easy $ Dinner $ Sherry $ Fall $ Cabbage $ Soy Sauce $ House & Garden $ ,Chinese $ ,2.5/4,5,Pork $ Stir-Fry $ Quick & Easy $ Dinner $ Sherry $ Fall $ Cabbage $ Soy Sauce $ House & Garden $ Chinese $ 
https://www.epicurious.com/recipes/food/views/chinese-braised-pork-with-cellophane-noodles-20088,Chinese Braised Pork with Cellophane Noodles ,1 pound side pork or fresh bacon $ 1/2 cup soy sauce $ 1 teaspoon salt $ 1 tablespoon sugar $ 1 tablespoon sherry $ 2 slices ginger $ 2 ounces cellophane noodles (fen szu) $ ,Ginger $ Pasta $ Pork $ Braise $ Dinner $ Fall $ Soy Sauce $ House & Garden $ ,Chinese $ ,2.5/4,2,Ginger $ Pasta $ Pork $ Braise $ Dinner $ Fall $ Soy Sauce $ House & Garden $ Chinese $ 
https://www.epicurious.com/recipes/food/views/steamed-sole-with-black-bean-sauce-102227,Steamed Sole with Black Bean Sauce ,"One 1 1/4 pound sole, cleaned and gutted, with head and tail intact $ 1/2 plus 1/8 teaspoon salt $ 2 teaspoons Chinese dried black beans (dul see) $ 2 teaspoons minced garlic $ 1/2 teaspoon sugar $ 3/4 sesame oil $ 3/4 teaspoon Shao Hsing rice cooking wine $ 1/4 teaspoon ground white pepper $ 1 tablespoon vegetable oil $ 1 tablespoon finely shredded ginger $ 1 scallion, finely shredded $ 1 tablespoon thin soy sauce $ ",Bean $ Fish $ Steam $ Spring $ Healthy $ ,Asian $ Chinese $ ,3/4,1,Bean $ Fish $ Steam $ Spring $ Healthy $ Asian $ Chinese $ 
https://www.epicurious.com/recipes/food/views/walnut-soup-102229,Walnut Soup ,"2 cups shelled walnuts, about 8 ounces $ 1/4 cup rice flour $ 1 1/2 slabs brown candy (peen tong), about 3 ounces $ ",Soup/Stew $ Nut $ Dessert $ Vegetarian $ Walnut $ Healthy $ ,Asian $ Chinese $ ,3.5/4,7,Soup/Stew $ Nut $ Dessert $ Vegetarian $ Walnut $ Healthy $ Asian $ Chinese $ 
https://www.epicurious.com/recipes/food/views/chinese-almond-cakes-11029,Chinese Almond Cakes ,2 1/2 cups all-purpose flour $ 3/4 teaspoon double-acting baking powder $ 1/2 cup lard $ 1/2 vegetable shortening $ 1 1/2 cups sugar $ 1/4 teaspoon almond extract $ 2 tablespoons beaten egg $ 30 blanched whole almonds for garnish $ ,Cake $ Egg $ Dessert $ Almond $ Gourmet $ ,Chinese $ ,3/4,7,Cake $ Egg $ Dessert $ Almond $ Gourmet $ Chinese $ 
https://www.epicurious.com/recipes/food/views/barbecued-pork-fried-rice-101080,Barbecued Pork Fried Rice ,a 1-pound piece center-cut boneless pork loin $ 1/4 cup hoisin sauce $ 1 tablespoon soy sauce $ 1 tablespoon minced garlic $ 1 1/2 teaspoons ketchup $ 1/4 teaspoon Chinese five-spice powder $ 4 medium leeks (white and pale green parts only) $ 1/2 pound snow peas $ 3 1/2 tablespoons soy sauce $ 1 tablespoon chicken broth $ 1/2 teaspoon salt $ 1/4 teaspoon freshly ground black pepper $ 5 cups chilledChinese-style white or brown rice $ 1 1/2 tablespoons corn or safflower oil $ 1 tablespoon minced peeled fresh gingerroot $ 1 1/2 tablespoons Chinese rice wine or sake $ ,Garlic $ Pork $ Rice $ Side $ Stir-Fry $ Spring $ Soy Sauce $ Sugar Snap Pea $ Gourmet $ Dairy Free $ Peanut Free $ Tree Nut Free $ ,Chinese $ ,3/4,12,Garlic $ Pork $ Rice $ Side $ Stir-Fry $ Spring $ Soy Sauce $ Sugar Snap Pea $ Gourmet $ Dairy Free $ Peanut Free $ Tree Nut Free $ Chinese $ 
https://www.epicurious.com/recipes/food/views/shrimp-dumplings-104212,Shrimp Dumplings ,"8 ounces medium shrimp, shelled and deveined $ 3 1/2 teaspoons plus 1/4 cup cornstarch $ 1/2 teaspoon salt $ 1/2 large egg white, beaten $ 1 teaspoon thin soy sauce $ 1 teaspoon Shao Hsing rice cooking wine $ 3/4 teaspoon sesame oil $ 1/4 teaspoon sugar $ 1/4 teaspoon ground white pepper $ 1/2 cup canned shredded bamboo shoots, rinsed and finely chopped $ 1 tablespoon finely minced bacon fat $ 1 1/2 cups wheat starch (dung fun) $ 1 tablespoon vegetable oil $ 8 large, flat, Napa cabbage leaves, about 1 pound $ ",Appetizer $ Steam $ Shrimp $ Cabbage $ Sugar Conscious $ Dairy Free $ Peanut Free $ Tree Nut Free $ ,Asian $ Chinese $ ,3/4,9,Appetizer $ Steam $ Shrimp $ Cabbage $ Sugar Conscious $ Dairy Free $ Peanut Free $ Tree Nut Free $ Asian $ Chinese $ 
https://www.epicurious.com/recipes/food/views/asian-barbecue-sauce-106591,Asian Barbecue Sauce ,"6 tablespoons hoisin sauce* $ 2 tablespoons rice vinegar (not seasoned) $ 1 tablespoon Asian fish sauce $ 1 tablespoon soy sauce $ 1 tablespoon honey $ 1/3 cup minced shallot $ 2 garlic cloves, minced $ 1 tablespoon minced peeled fresh ginger $ 1/8 teaspoon Chinese five-spice powder $ 1/3 cup sugar $ ",Condiment/Spread $ Sauce $ Ginger $ No-Cook $ Quick & Easy $ Summer $ Grill/Barbecue $ Honey $ Shallot $ Gourmet $ ,American $ Asian $ Chinese $ ,4/4,28,Condiment/Spread $ Sauce $ Ginger $ No-Cook $ Quick & Easy $ Summer $ Grill/Barbecue $ Honey $ Shallot $ Gourmet $ American $ Asian $ Chinese $ 
https://www.epicurious.com/recipes/food/views/new-years-cake-neen-gow-100770,New Year's Cake (Neen Gow) ,"3 Chinese dried red dates $ 5 slabs brown candy (peen tong), about 11 ounces $ 3 teaspoons vegetable oil $ 7 cups glutinous rice flour $ 1 tablespoon white sesame seeds $ 1 large egg $ vegetable oil, for pan-frying $ ",Cake $ Wok $ Dessert $ Steam $ Lunar New Year $ Dried Fruit $ Winter $ Pan-Fry $ Sesame $ Sugar Conscious $ Kidney Friendly $ Vegetarian $ Pescatarian $ Dairy Free $ Wheat/Gluten-Free $ Peanut Free $ Tree Nut Free $ Soy Free $ No Sugar Added $ Kosher $ ,Asian $ Chinese $ ,3/4,10,Cake $ Wok $ Dessert $ Steam $ Lunar New Year $ Dried Fruit $ Winter $ Pan-Fry $ Sesame $ Sugar Conscious $ Kidney Friendly $ Vegetarian $ Pescatarian $ Dairy Free $ Wheat/Gluten-Free $ Peanut Free $ Tree Nut Free $ Soy Free $ No Sugar Added $ Kosher $ Asian $ Chinese $ 
https://www.epicurious.com/recipes/food/views/red-cooked-chicken-103820,Red-Cooked Chicken ,"2 lb skinless boneless chicken thighs, trimmed $ 1 cup water $ 1/4 cup soy sauce $ 1/4 cup sugar $ 3 tablespoons medium-dry Sherry $ 2 (1/4-inch-thick) slices fresh ginger, smashed $ 2 whole star anise $ 2 teaspoons cornstarch dissolved in 2 teaspoons cold water $ 2 scallions, chopped $ ",Chicken $ Ginger $ Poultry $ Braise $ Dinner $ Spice $ Soy Sauce $ Gourmet $ ,Asian $ Chinese $ ,2.5/4,19,Chicken $ Ginger $ Poultry $ Braise $ Dinner $ Spice $ Soy Sauce $ Gourmet $ Asian $ Chinese $ 
https://www.epicurious.com/recipes/food/views/spinach-with-bamboo-shoots-104616,Spinach with Bamboo Shoots ,"1 lb. fresh spinach $ 1/2 cup peanut, vegetable, or corn oil $ 1/4 cup finely shredded bamboo shoots $ 1 1/2 teaspoons salt $ 2 teaspoons sugar $ ",Wok $ Leafy Green $ Vegetable $ Side $ Stir-Fry $ Vegetarian $ Spinach $ Winter $ Vegan $ Sugar Conscious $ Pescatarian $ Dairy Free $ Wheat/Gluten-Free $ Tree Nut Free $ Soy Free $ Kosher $ ,Asian $ Chinese $ ,2.5/4,9,Wok $ Leafy Green $ Vegetable $ Side $ Stir-Fry $ Vegetarian $ Spinach $ Winter $ Vegan $ Sugar Conscious $ Pescatarian $ Dairy Free $ Wheat/Gluten-Free $ Tree Nut Free $ Soy Free $ Kosher $ Asian $ Chinese $ 
https://www.epicurious.com/recipes/food/views/sesame-chicken-and-shiitake-stir-fry-107007,Sesame Chicken and Shiitake Stir-Fry ,"1 1/2 pounds skinless boneless chicken breasts (4 halves), cut crosswise into 1/4-inch-thick slices $ 2 tablespoons water $ 2 tablespoons rice vinegar (not seasoned) $ 2 tablespoons soy sauce $ 2 teaspoons sugar $ 1/2 teaspoon dried hot red pepper flakes $ 3 tablespoons vegetable oil $ 1 large onion, halved lengthwise, then thinly sliced lengthwise $ 3/4 pound fresh shiitake mushrooms, stems discarded and caps quartered $ 1 1/4 cups frozen peas, thawed $ 2 tablespoons sesame seeds, toasted $ Accompaniment: steamed rice $ ",Wok $ Chicken $ Mushroom $ Vegetable $ Stir-Fry $ Quick & Easy $ Pea $ Soy Sauce $ Gourmet $ ,American $ Asian $ Chinese $ ,2.5/4,15,Wok $ Chicken $ Mushroom $ Vegetable $ Stir-Fry $ Quick & Easy $ Pea $ Soy Sauce $ Gourmet $ American $ Asian $ Chinese $ 
https://www.epicurious.com/recipes/food/views/baked-pork-ribs-with-hoisin-barbecue-sauce-106842,Baked Pork Ribs with Hoisin Barbecue Sauce ,4 pounds baby back pork ribs $ 1 teaspoon Chinese five-spice powder $ 1 teaspoon onion powder $ 1 cup hoisin sauce $ 1/2 cup bottled chili sauce $ 1/4 cup Sherry $ 4 teaspoons chili-garlic sauce $ 1 tablespoon minced peeled fresh ginger $ 1 tablespoon oriental sesame oil $ ,Pork $ Bake $ Marinate $ Quick & Easy $ Dinner $ Pork Rib $ Summer $ Bon Appétit $ Dairy Free $ Peanut Free $ Tree Nut Free $ ,American $ Asian $ Chinese $ ,3.5/4,46,Pork $ Bake $ Marinate $ Quick & Easy $ Dinner $ Pork Rib $ Summer $ Bon Appétit $ Dairy Free $ Peanut Free $ Tree Nut Free $ American $ Asian $ Chinese $ 
https://www.epicurious.com/recipes/food/views/spicy-hoisin-chicken-108096,Spicy Hoisin Chicken ,"1/2 cup hoisin sauce $ 1 teaspoon finely grated peeled fresh ginger $ 4 garlic cloves, minced $ 1/2 teaspoon dried hot red pepper flakes $ 1/2 teaspoon Asian sesame oil $ 1 tablespoon soy sauce $ 1 tablespoon rice vinegar (not seasoned) $ 8 chicken thighs with skin and bones (2 3/4 pounds) $ ",Chicken $ Ginger $ Roast $ Quick & Easy $ Sesame $ Soy Sauce $ Gourmet $ ,Asian $ Chinese $ ,3.5/4,112,Chicken $ Ginger $ Roast $ Quick & Easy $ Sesame $ Soy Sauce $ Gourmet $ Asian $ Chinese $ 
https://www.epicurious.com/recipes/food/views/chinese-cabbage-salad-2819,Chinese Cabbage Salad ,"2 cups shredded green cabbage $ 2 cups shredded red cabbage $ 1 medium onion, thinly sliced $ 5 tablespoons low-sodium soy sauce $ 1/4 cup rice vinegar $ 2 large garlic cloves, minced $ 1 tablespoon sugar $ 1/2 teaspoon ground ginger $ 1/4 teaspoon dried crushed red pepper $ ",Salad $ Vegetable $ Side $ Marinate $ No-Cook $ Vegetarian $ Low Cal $ Vinegar $ Healthy $ Vegan $ Cabbage $ Bon Appétit $ Fat Free $ Pescatarian $ Dairy Free $ Peanut Free $ Tree Nut Free $ Kosher $ ,Asian $ Chinese $ ,2.5/4,6,Salad $ Vegetable $ Side $ Marinate $ No-Cook $ Vegetarian $ Low Cal $ Vinegar $ Healthy $ Vegan $ Cabbage $ Bon Appétit $ Fat Free $ Pescatarian $ Dairy Free $ Peanut Free $ Tree Nut Free $ Kosher $ Asian $ Chinese $ 
https://www.epicurious.com/recipes/food/views/chinese-sea-bass-1329,Chinese Sea Bass ,3/4 cup canned low-salt chicken broth $ 1 tablespoon cornstarch $ 1 tablespoon oriental sesame oil or vegetable oil $ 1 tablespoon minced garlic $ 1 tablespoon minced peeled fresh ginger $ 1 1/2 tablespoons cider vinegar $ 4 teaspoons soy sauce $ 1 teaspoon sugar $ 2 6-ounce sea bass fillets $ Cooked rice $ Chopped green onion tops $ ,Fish $ Broil $ Low Cal $ Spring $ Bon Appétit $ Maryland $ ,Asian $ Chinese $ ,3.5/4,18,Fish $ Broil $ Low Cal $ Spring $ Bon Appétit $ Maryland $ Asian $ Chinese $ 
https://www.epicurious.com/recipes/food/views/chinese-chicken-noodle-soup-with-sesame-and-green-onions-106192,Chinese Chicken Noodle Soup with Sesame and Green Onions ,"1 pound skinless boneless chicken breast halves, cut crosswise into thin strips $ 3 tablespoons soy sauce $ 2 tablespoons dry Sherry $ 2 tablespoons oriental sesame oil $ 3 garlic cloves, minced $ 3 tablespoons tahini (sesame seed paste)* $ 2 tablespoons minced peeled fresh ginger $ 1 tablespoon sugar $ 1 tablespoon seasoned rice vinegar $ 1 1/2 teaspoons chili-garlic sauce** $ 4 cups chopped Napa cabbage (from 1 head) $ 6 green onions, thinly sliced $ 8 cups canned low-salt chicken broth $ 1 14-ounce package fresh yakisoba noodles or Chinese pan-fry noodles $ 1/2 cup chopped fresh cilantro $ ",Soup/Stew $ Chicken $ Onion $ Pasta $ Poultry $ Dinner $ Lunch $ Winter $ Cabbage $ Noodle $ Sesame $ Bon Appétit $ Diabetes-Friendly $ ,Asian $ Chinese $ ,3.5/4,148,Soup/Stew $ Chicken $ Onion $ Pasta $ Poultry $ Dinner $ Lunch $ Winter $ Cabbage $ Noodle $ Sesame $ Bon Appétit $ Diabetes-Friendly $ Asian $ Chinese $ 
https://www.epicurious.com/recipes/food/views/red-cooked-pork-with-frizzled-ginger-107593,Red-Cooked Pork with Frizzled Ginger ,"6 cups water $ 1 cup soy sauce $ 1 cup Chinese rice wine or medium-dry Sherry $ 1/2 cup Chinese rock sugar or packed light brown sugar $ 1 bunch scallions, white parts smashed and greens reserved $ 2 (1-inch-thick) pieces fresh ginger, smashed $ 2 garlic cloves, smashed $ 10 fresh cilantro stems (reserve leaves for garnish) $ 2 (4- by 1-inch) strips fresh orange zest $ 2 whole star anise $ 1 (5- to 6-lb) boneless pork butt, shoulder, or blade roast, tied $ 1 teaspoon finely grated fresh orange zest $ Accompaniment: frizzled ginger $ ",Ginger $ Pork $ Marinate $ Stew $ Quick & Easy $ Dinner $ Sherry $ Winter $ Simmer $ Gourmet $ Dairy Free $ Peanut Free $ Tree Nut Free $ ,Asian $ Chinese $ ,3.5/4,26,Ginger $ Pork $ Marinate $ Stew $ Quick & Easy $ Dinner $ Sherry $ Winter $ Simmer $ Gourmet $ Dairy Free $ Peanut Free $ Tree Nut Free $ Asian $ Chinese $ 
https://www.epicurious.com/recipes/food/views/asian-cole-slaw-with-seared-scallops-17,Asian Cole Slaw with Seared Scallops ,"2/3 cup Chinese pea pods, trimmed $ 2 cups finely sliced savoy cabbage $ 2 cup mung bean sprouts $ 1/2 small red bell pepper, sliced $ 1 small pickling cucumber, quartered, sliced $ 1 green onion, sliced $ 2 tablespoons chopped fresh cilantro $ Ginger Dressing $ 14 sea scallops $ 1 teaspoon soy sauce $ 2 teaspoons vegetable oil $ ",Salad $ Shellfish $ Vegetable $ Scallop $ Bon Appétit $ ,Asian $ Chinese $ ,3/4,16,Salad $ Shellfish $ Vegetable $ Scallop $ Bon Appétit $ Asian $ Chinese $ 
https://www.epicurious.com/recipes/food/views/sesame-balls-104210,Sesame Balls ,"2 1/2 slabs brown candy (_peen tong),_chopped $ 3 cups glutinous rice flour $ 1 cup Sweetened Red Bean Paste , store-bought or homemade $ 1/3 cup white sesame seeds $ 2 quarts vegetable oil $ ",Appetizer $ Fry $ Sugar Conscious $ Vegan $ Vegetarian $ Pescatarian $ Dairy Free $ Wheat/Gluten-Free $ Peanut Free $ Tree Nut Free $ Soy Free $ No Sugar Added $ Kosher $ ,Asian $ Chinese $ ,4/4,5,Appetizer $ Fry $ Sugar Conscious $ Vegan $ Vegetarian $ Pescatarian $ Dairy Free $ Wheat/Gluten-Free $ Peanut Free $ Tree Nut Free $ Soy Free $ No Sugar Added $ Kosher $ Asian $ Chinese $ 
https://www.epicurious.com/recipes/food/views/steamed-sea-bass-or-red-snapper-20081,Steamed Sea Bass or Red Snapper ,"3 to 4 tung uk (chinese dried mushroom) $ 1 sea bass or red snapper, about 1 1/2 pounds $ 1 teaspoon of salt $ 3 to 4 slices Smithfield ham or 3 slices fat pork or 2 slices of bacon $ 1 small canned bamboo shoot $ 2 scallions $ 3 slices fresh ginger $ 1 tablespoon sherry $ ",Ginger $ Mushroom $ Pork $ Steam $ Bass $ Snapper $ House & Garden $ ,Chinese $ ,0/4,0,Ginger $ Mushroom $ Pork $ Steam $ Bass $ Snapper $ House & Garden $ Chinese $ 
https://www.epicurious.com/recipes/food/views/chinese-roast-pork-20083,Chinese Roast Pork ,"1 pound pork tenderloin $ 2 slices ginger $ 2 scallions, cut into 1"" sections $ 5 tablespoons soy sauce $ 1 tablespoon sherry $ 1 tablespoon sugar $ 1 tablespoon hoy sin sauce $ ",Ginger $ Pork $ Marinate $ Roast $ Dinner $ Fall $ Soy Sauce $ House & Garden $ Sugar Conscious $ Dairy Free $ Peanut Free $ Tree Nut Free $ ,Chinese $ ,3/4,3,Ginger $ Pork $ Marinate $ Roast $ Dinner $ Fall $ Soy Sauce $ House & Garden $ Sugar Conscious $ Dairy Free $ Peanut Free $ Tree Nut Free $ Chinese $ 
https://www.epicurious.com/recipes/food/views/chinese-style-roast-chicken-thighs-11602,Chinese-Style Roast Chicken Thighs ,"2 garlic cloves, chopped $ a 1-inch cube of peeled fresh gingerroot, quartered $ 2 tablespoons soy sauce $ 1 tablespoon cider vinegar $ 2 teaspoons honey $ 1/4 teaspoon aniseed $ 1/4 teaspoon salt $ 1 pound chicken thighs $ ",Chicken $ Ginger $ Appetizer $ Marinate $ Roast $ Anise $ Gourmet $ ,Chinese $ ,3/4,44,Chicken $ Ginger $ Appetizer $ Marinate $ Roast $ Anise $ Gourmet $ Chinese $ 
https://www.epicurious.com/recipes/food/views/scallion-ginger-fried-rice-101081,Scallion-Ginger Fried Rice ,"3 bunches scallions $ 2 1/2 cups fresh bean sprouts $ 3 tablespoons chicken broth $ 1 tablespoon soy sauce $ 1 1/2 teaspoons Asian sesame oil $ 1 1/4 teaspoons salt, or to taste $ 1/4 teaspoon freshly ground black pepper $ 5 cups chilledChinese-style white rice $ 2 tablespoons corn or safflower oil $ 3 tablespoons minced peeled fresh gingerroot $ 1/3 cup Chinese rice wine or sake $ ",Ginger $ Rice $ Vegetable $ Side $ Stir-Fry $ Spring $ Gourmet $ Sugar Conscious $ Dairy Free $ Peanut Free $ Tree Nut Free $ Kosher $ ,Chinese $ ,3/4,9,Ginger $ Rice $ Vegetable $ Side $ Stir-Fry $ Spring $ Gourmet $ Sugar Conscious $ Dairy Free $ Peanut Free $ Tree Nut Free $ Kosher $ Chinese $ 
https://www.epicurious.com/recipes/food/views/sesame-eggplant-salsa-102688,Sesame-Eggplant Salsa ,"2 (1- to 1 1/4-pound) eggplants $ 1 tablespoon vegetable oil or peanut oil $ 3/4 cup (packed) plus 1 tablespoon minced green onions $ 2 1/2 tablespoons minced peeled fresh ginger $ 4 garlic cloves, minced $ 1 teaspoon chili-garlic sauce* $ 3 tablespoons (packed) golden brown sugar $ 2 tablespoons soy sauce $ 1 tablespoon rice vinegar $ 2 teaspoons fresh lemon juice $ 2 large plum tomatoes, seeded, chopped $ 3/4 cup (packed) plus 1 tablespoon finely chopped fresh cilantro $ 1 1/2 teaspoons oriental sesame oil $ Parmesan Pita Crisps $ *Available at Asian markets and in the Asian foods section of many supermarkets. $ ",Condiment/Spread $ Food Processor $ Garlic $ Vegetable $ Bake $ Sauté $ Eggplant $ Sesame $ Bon Appétit $ ,Asian $ Chinese $ ,3.5/4,23,Condiment/Spread $ Food Processor $ Garlic $ Vegetable $ Bake $ Sauté $ Eggplant $ Sesame $ Bon Appétit $ Asian $ Chinese $ 
https://www.epicurious.com/recipes/food/views/chicken-with-black-bean-sauce-2878,Chicken with Black Bean Sauce ,"2 tablespoons teriyaki sauce $ 2 garlic cloves, minced $ 1 pound boneless skinless chicken breasts, cut into 1/2-inch strips $ Pepper $ 1 tablespoon vegetable oil $ 1 red bell pepper, chopped $ 1 large onion, chopped $ 2 tablespoons purchased oriental black bean sauce $ Steamed rice $ ",Wok $ Chicken $ Onion $ Stir-Fry $ Quick & Easy $ Low Cal $ Bell Pepper $ Bon Appétit $ ,Chinese $ ,3/4,20,Wok $ Chicken $ Onion $ Stir-Fry $ Quick & Easy $ Low Cal $ Bell Pepper $ Bon Appétit $ Chinese $ 
https://www.epicurious.com/recipes/food/views/shrimp-fried-rice-101079,Shrimp Fried Rice ,2 bunches scallions $ 3/4 pound cooked and peeled medium shrimp (about 18 large) $ 5 cups chilled Chinese-style white rice $ 2 large eggs $ 2 tablespoons chicken broth $ 2 tablespoons Chinese rice wine or sake $ 1 tablespoon soy sauce $ 1 teaspoon salt $ 1 teaspoon Asian sesame oil $ 1/4 teaspoon freshly ground black pepper $ 2 tablespoons corn or safflower oil $ 1 tablespoon minced peeled fresh gingerroot $ a thawed 10-ounce package frozen peas $ ,Ginger $ Rice $ Stir-Fry $ Shrimp $ Pea $ Gourmet $ ,Asian $ Chinese $ ,3/4,24,Ginger $ Rice $ Stir-Fry $ Shrimp $ Pea $ Gourmet $ Asian $ Chinese $ 
https://www.epicurious.com/recipes/food/views/crisp-skinned-duck-with-mock-mandarin-pancakes-14118,Crisp-Skinned Duck with Mock Mandarin Pancakes ,"two 5- to 6-pound Long Island (Pekin) ducks, thawed if frozen $ 1 cup boiling water $ 1/4 cup honey $ 1 tablespoon rice vinegar $ 24 or 48 thin scallions for scallion brushes $ hoisin sauce $ Mock Mandarin Pancakes $ ",Duck $ Bake $ Lunar New Year $ Winter $ Honey $ Gourmet $ ,Chinese $ ,3/4,1,Duck $ Bake $ Lunar New Year $ Winter $ Honey $ Gourmet $ Chinese $ 
