link,name,ingredients,recipe_category,recipe_cuisine,rating,rating_count,keywords
https://www.epicurious.com/recipes/food/views/basic-crab-pan-sauce-395389,Basic Crab Pan Sauce ,"1 tablespoon extra-virgin olive oil $ 1 small onion, diced $ 2 cloves garlic, minced $ 1/4 cup minced fennel bulb $ 1 teaspoon crushed red pepper flakes $ Leaves from 1 sprig fresh thyme $ Leaves from 1 sprig fresh tarragon $ 1 bay leaf $ 1/2 cup heavy cream $ 1/2 cup dry vermouth $ 1 cup Basic Crab Stock $ ",Sauce $ Milk/Cream $ Herb $ Crab $ Vermouth $ ,Cajun/Creole $ Southern $ ,0/4,0,Sauce $ Milk/Cream $ Herb $ Crab $ Vermouth $ Cajun/Creole $ Southern $ 
https://www.epicurious.com/recipes/food/views/busters-and-grits-395369,Busters and Grits ,"Salt $ 1 cup white corn grits $ 6 tablespoons butter $ 1/2 cup mascarpone cheese $ Freshly ground black pepper $ 1/2 cup milk $ 4 eggs, beaten $ 1 cup cornmeal $ 1/2 cup flour $ 1 teaspoon Basic Creole Spices $ 1 quart canola oil $ 6 small soft-shell blue crabs, cleaned $ 1 cup Basic Crab Pan Sauce $ 3 cloves garlic, minced $ 1 green onion, chopped $ 2 dashes Tabasco $ ",Cheese $ Side $ Potluck $ Hominy/Cornmeal/Masa $ Sugar Conscious $ Pescatarian $ Peanut Free $ Tree Nut Free $ Soy Free $ ,Southern $ ,0/4,0,Cheese $ Side $ Potluck $ Hominy/Cornmeal/Masa $ Sugar Conscious $ Pescatarian $ Peanut Free $ Tree Nut Free $ Soy Free $ Southern $ 
https://www.epicurious.com/recipes/food/views/potlikker-noodles-with-mustard-greens-388666,Potlikker Noodles with Mustard Greens ,"1 tablespoon vegetable oil $ 1 10-12-ounce smoked ham hock or smoked turkey wing $ 1/2 onion, coarsely chopped $ 8 garlic cloves, lightly crushed $ 2 bay leaves $ 1/4 cup red wine vinegar $ 2 tablespoons hot pepper sauce (preferably Texas Pete or Frank's) $ 2 tablespoons sugar $ 5 cups low-salt chicken broth or water $ 2 bunches mustard greens or kale, tough stems trimmed, chopped, and reserved, leaves chopped $ 3/4 pound egg noodles $ Kosher salt $ 6 slices bacon (about 7 ounces), cut crosswise into 1/4""-wide pieces $ 2 large shallots, thinly sliced $ Freshly ground black pepper $ 1/4 cup finely grated Pecorino $ ",Pasta $ Dinner $ Ham $ Winter $ Mustard Greens $ Bon Appétit $ Peanut Free $ Tree Nut Free $ Soy Free $ ,Southern $ ,3.5/4,23,Pasta $ Dinner $ Ham $ Winter $ Mustard Greens $ Bon Appétit $ Peanut Free $ Tree Nut Free $ Soy Free $ Southern $ 
https://www.epicurious.com/recipes/food/views/fried-catfish-388662,Fried Catfish ,"3 tablespoons plus 3/4 teaspoons kosher salt, divided $ 3 tablespoons hot pepper sauce $ 6 5-7-ounce U.S.-farmed catfish fillets $ 1 1/2 cups white cornmeal $ 2 tablespoons all-purpose flour $ 2 1/2 teaspoons baking powder $ 1 teaspoon freshly ground black pepper $ 1 teaspoon garlic powder $ 1/2 teaspoon cayenne pepper $ 3 cups (about) vegetable oil $ A deep-fry thermometer $ ",Fish $ Fry $ Low Cal $ Dinner $ Cornmeal $ Seafood $ Hominy/Cornmeal/Masa $ Bon Appétit $ Sugar Conscious $ Pescatarian $ Dairy Free $ Peanut Free $ Tree Nut Free $ Soy Free $ No Sugar Added $ ,Southern $ ,4/4,2,Fish $ Fry $ Low Cal $ Dinner $ Cornmeal $ Seafood $ Hominy/Cornmeal/Masa $ Bon Appétit $ Sugar Conscious $ Pescatarian $ Dairy Free $ Peanut Free $ Tree Nut Free $ Soy Free $ No Sugar Added $ Southern $ 
https://www.epicurious.com/recipes/food/views/southern-mac-and-cheese-388717,Southern Mac and Cheese ,"8 ounces (2 cups) elbow macaroni $ Kosher salt $ 3 tablespoons unsalted butter $ 3 tablespoons all-purpose flour $ 3 cups whole milk $ 3 cups coarsely grated American cheese, divided $ 3 tablespoons finely grated Parmesan $ 1 1/4 teaspoons freshly ground black pepper $ 1 1/4 teaspoons mustard powder $ 1/8 teaspoon paprika $ ",Cheese $ Pasta $ Side $ Bake $ Vegetarian $ Kid-Friendly $ Dinner $ Parmesan $ Winter $ Potluck $ Bon Appétit $ Pescatarian $ Peanut Free $ Tree Nut Free $ Soy Free $ No Sugar Added $ Kosher $ ,Southern $ ,2.5/4,12,Cheese $ Pasta $ Side $ Bake $ Vegetarian $ Kid-Friendly $ Dinner $ Parmesan $ Winter $ Potluck $ Bon Appétit $ Pescatarian $ Peanut Free $ Tree Nut Free $ Soy Free $ No Sugar Added $ Kosher $ Southern $ 
https://www.epicurious.com/recipes/food/views/corn-griddle-cakes-with-sausage-388660,Corn Griddle Cakes with Sausage ,"1/2 cup (1 stick) unsalted butter $ 1/2 cup honey $ 1 1/2 tablespoons finely grated orange zest $ Kosher salt, freshly ground pepper $ 6 tablespoons (3/4 stick) unsalted butter $ 3/4 cup (about 7 ounces) breakfast sausage, casings removed if necessary $ 1 1/2 cups fresh (or frozen, thawed) corn kernels $ 1 cup yellow cornmeal $ 1/2 cup whole wheat flour $ 1 tablespoon sugar $ 1 teaspoon kosher salt $ 1 teaspoon freshly cracked black peppercorns $ 1/2 teaspoon baking soda $ 1/4 teaspoon baking powder $ Pinch of cayenne pepper $ 1 1/4 cups buttermilk $ 2 large eggs $ 6 scallions, chopped $ ",Appetizer $ Breakfast $ Brunch $ Side $ Orange $ Sausage $ Cornmeal $ Corn $ Butter $ Bon Appétit $ Peanut Free $ Tree Nut Free $ Soy Free $ ,Southern $ ,3.5/4,21,Appetizer $ Breakfast $ Brunch $ Side $ Orange $ Sausage $ Cornmeal $ Corn $ Butter $ Bon Appétit $ Peanut Free $ Tree Nut Free $ Soy Free $ Southern $ 
https://www.epicurious.com/recipes/food/views/dirty-farro-388694,Dirty Farro ,"4 tablespoons vegetable oil, divided $ 2 cups semi-pearled farro $ 15 sprigs thyme, tied into a bundle $ 2 teaspoons kosher salt plus more $ 1/2 pound fresh breakfast sausage, casings removed (if necessary) $ 1/4 pound chicken livers, trimmed, chopped $ 1 1/2 cups finely chopped onions $ 1 1/2 cups finely chopped celery $ 1 tablespoon minced garlic $ 2 teaspoons ground cumin $ 1/4 teaspoon cayenne pepper $ 2 bay leaves $ 2/3 cup thinly sliced scallions (dark-green parts only) $ 1 cup celery leaves from inner stalks $ Ingredient info: Farro is available at specialty foods stores, natural foods stores, and Italian markets. $ ",Chicken $ Side $ Dinner $ Sausage $ Winter $ Potluck $ Green Onion/Scallion $ Bon Appétit $ Dairy Free $ Peanut Free $ Tree Nut Free $ Soy Free $ No Sugar Added $ ,Southern $ ,3.5/4,6,Chicken $ Side $ Dinner $ Sausage $ Winter $ Potluck $ Green Onion/Scallion $ Bon Appétit $ Dairy Free $ Peanut Free $ Tree Nut Free $ Soy Free $ No Sugar Added $ Southern $ 
https://www.epicurious.com/recipes/food/views/redeye-glazed-pork-tenderloin-with-black-eyed-peas-388714,Redeye-Glazed Pork Tenderloin with Black-Eyed Peas ,"2 ounces country ham scraps or prosciutto $ 1-2 teaspoons vegetable oil (optional) $ 3 tablespoons shallots, coarsely chopped $ 1/2 cup strong coffee or espresso $ 2 cups pork stock or low-salt chicken broth $ 3 tablespoons sorghum syrup or honey $ 2 tablespoons apple cider vinegar $ 7 tablespoons unsalted butter, divided $ 1 cup minced yellow onion $ 1/4 cup minced garlic $ 8 cups low-salt chicken broth $ 2 cups dried black-eyed peas, soaked overnight, drained $ 5 bay leaves, divided $ Kosher salt $ 1 tablespoon each crushed toasted coriander and fennel seeds $ 1 1x3"" strip lemon peel, all white pith removed $ 1 teaspoon cayenne pepper $ 1 tablespoon kosher salt $ 1/2 teaspoon freshly ground black pepper $ 1/4 teaspoon cayenne pepper $ 1/4 teaspoon (packed) light brown sugar $ 2 1 1/4-pound trimmed pork tenderloins $ 2 tablespoons vegetable oil $ 1 cup bread-and-butter pickles, blended to a coarse purée $ ",Coffee $ Bean $ Pork $ Low Cal $ Dinner $ Pork Tenderloin $ Legume $ Winter $ Bon Appétit $ Wheat/Gluten-Free $ Peanut Free $ Tree Nut Free $ Soy Free $ ,Southern $ ,3.5/4,17,Coffee $ Bean $ Pork $ Low Cal $ Dinner $ Pork Tenderloin $ Legume $ Winter $ Bon Appétit $ Wheat/Gluten-Free $ Peanut Free $ Tree Nut Free $ Soy Free $ Southern $ 
https://www.epicurious.com/recipes/food/views/wilted-greens-salad-with-squash-apples-and-country-ham-388731,"Wilted Greens Salad with Squash, Apples, and Country Ham ","10 cups fresh turnip or beet greens, or savoy spinach (about 2 bunches), bottom stems trimmed $ 2 tablespoons kosher salt plus more for seasoning $ 2 cups 1"" cubes peeled butternut squash $ 3 tablespoons extra-virgin olive oil, divided $ 2 tablespoons vegetable oil $ 4 ounces thinly sliced country ham or prosciutto, torn into pieces $ 1 apple, such as Braeburn or Fuji, quartered, cored, thinly sliced $ 2 tablespoons minced shallot $ 2 tablespoons (or more) fresh lemon juice $ 3 tablespoons buttermilk $ Coarsely cracked whole black peppercorns $ ",Salad $ Appetizer $ Side $ Roast $ Apple $ Ham $ Squash $ Winter $ Bon Appétit $ Wheat/Gluten-Free $ Peanut Free $ Tree Nut Free $ Soy Free $ No Sugar Added $ ,Southern $ ,3.5/4,4,Salad $ Appetizer $ Side $ Roast $ Apple $ Ham $ Squash $ Winter $ Bon Appétit $ Wheat/Gluten-Free $ Peanut Free $ Tree Nut Free $ Soy Free $ No Sugar Added $ Southern $ 
https://www.epicurious.com/recipes/food/views/chicken-and-sausage-gumbo-380586,Chicken and Sausage Gumbo ,"1 tablespoon kosher salt plus more $ 1 teaspoon freshly ground black pepper $ 1 teaspoon paprika $ 1/2 teaspoon cayenne pepper $ 3 pounds skinless, boneless chicken thighs $ 1/2 cup (or more) vegetable oil $ 1 pound andouille or other spicy smoked sausage, cut into 1/2"" rounds $ 1 cup all-purpose flour $ 2 medium onions, finely chopped $ 4 scallions, thinly sliced (white and pale parts separated from dark) $ 2 celery stalks, finely chopped $ 2 green bell peppers, finely chopped $ 2 tablespoons chopped garlic $ 8 cups low-salt chicken broth $ 2 bay leaves $ 1 teaspoon chopped fresh thyme $ 2 cups 1/2""-thick slices fresh (or frozen, thawed) okra, divided $ 1 1/2 teaspoons Worcestershire sauce $ 1 teaspoon hot sauce (preferably Crystal) $ 1 teaspoon filé powder plus more (optional) $ Steamed rice $ ",Soup/Stew $ Chicken $ Poultry $ Dinner $ Lunch $ Meat $ Sausage $ Okra $ Simmer $ Bon Appétit $ Sugar Conscious $ Peanut Free $ Tree Nut Free $ Soy Free $ No Sugar Added $ ,Cajun/Creole $ Southern $ ,3.5/4,26,Soup/Stew $ Chicken $ Poultry $ Dinner $ Lunch $ Meat $ Sausage $ Okra $ Simmer $ Bon Appétit $ Sugar Conscious $ Peanut Free $ Tree Nut Free $ Soy Free $ No Sugar Added $ Cajun/Creole $ Southern $ 
https://www.epicurious.com/recipes/food/views/pecan-and-chocolate-pralines-380636,Pecan and Chocolate Pralines ,"2 cups pecan halves plus 24 for garnish $ 1 cup sugar $ 1 cup (packed) light brown sugar $ 1/2 cup heavy cream $ 2 tablespoons (1/4 stick) unsalted butter $ 4 ounces semisweet or bittersweet chocolate, melted $ A candy thermometer $ ",Chocolate $ Dessert $ Cocktail Party $ Low Sodium $ Mardi Gras $ New Year's Eve $ Pecan $ Christmas Eve $ Party $ Bon Appétit $ Vegetarian $ Pescatarian $ Wheat/Gluten-Free $ Peanut Free $ Soy Free $ Kosher $ ,Southern $ ,1/4,4,Chocolate $ Dessert $ Cocktail Party $ Low Sodium $ Mardi Gras $ New Year's Eve $ Pecan $ Christmas Eve $ Party $ Bon Appétit $ Vegetarian $ Pescatarian $ Wheat/Gluten-Free $ Peanut Free $ Soy Free $ Kosher $ Southern $ 
https://www.epicurious.com/recipes/food/views/cane-vinegar-chicken-with-pearl-onions-orange-spinach-369169,"Cane Vinegar Chicken with Pearl Onions, Orange & Spinach ","4 chicken thighs, each weighing 5 to 6 ounces (total of 2 1/2 pounds chicken thighs) $ 1/2 teaspoon sea salt $ 1/4 teaspoon freshly ground black pepper $ 2 tablespoons unsalted butter $ 16 pearl onions, peeled $ 1/4 teaspoon smoked hot paprika $ 3 garlic cloves, thinly sliced $ 1 cup cane vinegar $ 1 cup chicken stock $ 2 large navel oranges, cut into supremes $ 1 tablespoon fresh mint leaves $ 2 cups cleaned spinach (stems removed) $ ",Chicken $ Leafy Green $ Onion $ Poultry $ Sauté $ Dinner $ Vinegar $ Orange $ Spinach $ Fall $ Winter $ One-Pot Meal $ Wheat/Gluten-Free $ Peanut Free $ Tree Nut Free $ Soy Free $ No Sugar Added $ ,Asian $ Southern $ ,3/4,12,Chicken $ Leafy Green $ Onion $ Poultry $ Sauté $ Dinner $ Vinegar $ Orange $ Spinach $ Fall $ Winter $ One-Pot Meal $ Wheat/Gluten-Free $ Peanut Free $ Tree Nut Free $ Soy Free $ No Sugar Added $ Asian $ Southern $ 
https://www.epicurious.com/recipes/food/views/cajun-spiced-turkey-368270,Cajun-Spiced Turkey ,"1 12-14-pound turkey, patted dry $ Kosher salt and freshly ground black pepper $ 1 1/2 cup Cajun Spice Mix $ 1 celery stalk, coarsely chopped $ 1 green bell pepper, coarsely chopped $ 1 medium onion, coarsely chopped $ 1/4 cup (or more) olive or vegetable oil $ ",turkey $ Roast $ Thanksgiving $ Dinner $ Fall $ Bon Appétit $ Sugar Conscious $ Wheat/Gluten-Free $ Peanut Free $ Tree Nut Free $ Soy Free $ No Sugar Added $ ,Cajun/Creole $ Southern $ ,4/4,5,turkey $ Roast $ Thanksgiving $ Dinner $ Fall $ Bon Appétit $ Sugar Conscious $ Wheat/Gluten-Free $ Peanut Free $ Tree Nut Free $ Soy Free $ No Sugar Added $ Cajun/Creole $ Southern $ 
https://www.epicurious.com/recipes/food/views/gateau-de-sirop-368273,Gâteau de Sirop ,"1/2 cup (1 stick) unsalted butter, room temperature, plus more for pan $ 2 1/4 cups all-purpose flour plus more $ 2 1/4 teaspoons baking soda $ 1 teaspoon kosher salt $ 1 teaspoon ground cinnamon $ 3/4 teaspoon ground cloves $ 1/2 teaspoon ground nutmeg $ 1/2 teaspoon ground allspice $ 1/2 cup sugar $ 1/4 cup sour cream $ 1/2 cup Steen's cane syrup, dark corn syrup, or golden syrup $ 2 large eggs $ 1 tablespoon grated peeled ginger $ 1/2 cup warm buttermilk $ 1 tablespoon powdered sugar $ An 11""-diameter tart pan with a removable bottom $ ",Cake $ Mixer $ Dessert $ Bake $ Sour Cream $ Butter $ Buttermilk $ Bon Appétit $ ,French $ Southern $ ,4/4,1,Cake $ Mixer $ Dessert $ Bake $ Sour Cream $ Butter $ Buttermilk $ Bon Appétit $ French $ Southern $ 
https://www.epicurious.com/recipes/food/views/buttermilk-lemon-chess-pie-368269,Buttermilk-Lemon Chess Pie ,"2 cups all-purpose flour plus more $ 1 teaspoon kosher salt $ 1 teaspoon sugar $ 3/4 cup (1 1/2 sticks) chilled unsalted butter cut into 1/2"" cubes $ 1/2 cup (or more) cold buttermilk $ 1 1/2 cups sugar $ 1/2 cup (packed) light brown sugar $ 1 1/2 tablespoons yellow cornmeal $ 1 tablespoon all-purpose flour $ 5 large eggs, beaten to blend $ 2/3 cup buttermilk $ 1/2 cup (1 stick) unsalted butter, melted $ 1 3/4 tablespoons fresh lemon juice $ 1 tablespoon freshly grated lemon zest $ 2 teaspoons vanilla extract $ Pinch of kosher salt $ A 9 1/2""-diameter deep-dish pie pan $ ",Dessert $ Bake $ Thanksgiving $ Lemon $ Buttermilk $ Bon Appétit $ Kidney Friendly $ Vegetarian $ Pescatarian $ Peanut Free $ Tree Nut Free $ Soy Free $ Kosher $ ,Southern $ ,3.5/4,5,Dessert $ Bake $ Thanksgiving $ Lemon $ Buttermilk $ Bon Appétit $ Kidney Friendly $ Vegetarian $ Pescatarian $ Peanut Free $ Tree Nut Free $ Soy Free $ Kosher $ Southern $ 
https://www.epicurious.com/recipes/food/views/crawfish-gravy-368255,Crawfish Gravy ,"1 pound thick-sliced smoked bacon, cut into 1/2"" pieces $ 6 tablespoons all-purpose flour $ 1/2 cup each finely chopped onion, green bell pepper, and celery $ 1/4 cup seeded, finely chopped jalapeños $ 3 tablespoons finely chopped garlic $ 2 teaspoons Cajun Spice Mix $ 3 cups low-salt chicken broth or shrimp stock $ 1 pound peeled crawfish tails or coarsely chopped peeled shrimp $ Kosher salt, freshly ground pepper $ Cayenne pepper (optional) $ 1/2 cup chopped scallions $ Ingredient info: Crawfish tails can be found at cajungrocer.com. $ ",Sauce $ Shellfish $ Thanksgiving $ Low Cal $ Bacon $ Bon Appétit $ ,Southern $ ,3.5/4,6,Sauce $ Shellfish $ Thanksgiving $ Low Cal $ Bacon $ Bon Appétit $ Southern $ 
https://www.epicurious.com/recipes/food/views/shrimp-and-grits-cakes-368307,Shrimp and Grits Cakes ,"2 cups regular grits $ 6 cups plus 2/3 cup low-sodium chicken or vegetable stock (amount may vary, depending on grits package directions), divided $ Parchment paper $ Vegetable oil cooking spray $ 1/2 cup grated Parmesan $ 1 tablespoons unsalted butter $ 1 pound large local shrimp, shelled and deveined $ Juice of 1 lemon $ Hot pepper sauce, such as Tabasco $ 3 slices thick-cut bacon, cut in 1/2-inch dice $ 1/3 cup diced red bell pepper $ 3/4 cup chopped scallions $ 2 tablespoons unbleached all-purpose flour $ 1/4 cup dry white wine or additional stock $ 1/3 cup chopped fresh parsley $ ",Shellfish $ Appetizer $ Low Fat $ Shrimp $ Healthy $ Self $ Peanut Free $ Tree Nut Free $ Soy Free $ ,Southern $ ,3/4,10,Shellfish $ Appetizer $ Low Fat $ Shrimp $ Healthy $ Self $ Peanut Free $ Tree Nut Free $ Soy Free $ Southern $ 
https://www.epicurious.com/recipes/food/views/chicken-biscuits-367151,Chicken Biscuits ,"6 tablespoons (3/4 stick) unsalted butter, cut into 1/2"" cubes $ 1/4 cup vegetable shortening or lard $ 4 cups all-purpose flour plus more $ 2 tablespoons sugar $ 2 tablespoons baking powder $ 2 teaspoons baking soda $ 2 teaspoons kosher salt $ 1 teaspoon freshly ground black pepper $ 1 3/4 cups buttermilk $ 1 1/2 cups buttermilk $ 1 tablespoon chopped fresh dill $ 3 1/2 teaspoons kosher salt, divided $ 1 3/4 teaspoons freshly ground black pepper, divided $ Large pinch of cayenne pepper $ 10 small boneless, skin-on chicken thighs $ Vegetable oil (for frying) $ 1 cup all-purpose flour $ 6 tablespoons peanut oil $ 1 large egg $ 1 tablespoon baking powder $ 1 1/4 teaspoons cayenne pepper $ 1/2 teaspoon garlic powder $ 1/2 teaspoon onion powder $ 10 slices cheddar (optional) $ Sausage Gravy (optional) $ A 3"" biscuit cutter $ ",Chicken $ Breakfast $ Brunch $ Bake $ Fry $ Father's Day $ Lunch $ Buttermilk $ Bon Appétit $ Tree Nut Free $ Soy Free $ ,Southern $ ,4/4,7,Chicken $ Breakfast $ Brunch $ Bake $ Fry $ Father's Day $ Lunch $ Buttermilk $ Bon Appétit $ Tree Nut Free $ Soy Free $ Southern $ 
https://www.epicurious.com/recipes/food/views/sausage-gravy-367139,Sausage Gravy ,"1/2 pound breakfast sausage $ 1/2 cup (1 stick) unsalted butter $ 1/2 cup all-purpose flour $ 6 cups whole milk $ 1/2 teaspoon crushed red pepper flakes $ Kosher salt, Freshly ground pepper $ ",Sauce $ Milk/Cream $ Breakfast $ Brunch $ Father's Day $ Lunch $ Sausage $ Bon Appétit $ Peanut Free $ Tree Nut Free $ Soy Free $ No Sugar Added $ ,Southern $ ,3.5/4,4,Sauce $ Milk/Cream $ Breakfast $ Brunch $ Father's Day $ Lunch $ Sausage $ Bon Appétit $ Peanut Free $ Tree Nut Free $ Soy Free $ No Sugar Added $ Southern $ 
https://www.epicurious.com/recipes/food/views/shrimp-grits-367141,Shrimp & Grits ,"1 cup yellow grits (not instant) $ 1 cup grated sharp white cheddar $ 1 tablespoon unsalted butter $ 1 jalapeño, seeded, diced $ 1/4 cup heavy cream $ Kosher salt $ freshly ground pepper $ 1/2 cup 1/3"" cubes tasso, andouille sausage, or bacon $ 1 tablespoon vegetable oil (optional) $ 3 garlic cloves, sliced $ 2 tablespoons (1/4 stick) butter, divided $ 16 large shrimp (about 1 pound), peeled, deveined $ 1/4 cup (or more) beer $ 1/4 cup low-salt chicken stock $ 4 large eggs $ 1 tablespoon chopped fresh tarragon $ ",Cheese $ Shellfish $ Brunch $ Dinner $ Lunch $ Seafood $ Shrimp $ Fall $ Hominy/Cornmeal/Masa $ Bon Appétit $ Sugar Conscious $ Wheat/Gluten-Free $ Peanut Free $ Tree Nut Free $ Soy Free $ ,Southern $ ,4/4,39,Cheese $ Shellfish $ Brunch $ Dinner $ Lunch $ Seafood $ Shrimp $ Fall $ Hominy/Cornmeal/Masa $ Bon Appétit $ Sugar Conscious $ Wheat/Gluten-Free $ Peanut Free $ Tree Nut Free $ Soy Free $ Southern $ 
https://www.epicurious.com/recipes/food/views/pots-de-creme-with-riesling-poached-grapes-367175,Pots de Crème with Riesling-Poached Grapes ,"1 750 milliliter bottle off-dry Riesling $ 4 cups black seedless grapes or red seedless grapes $ 10 tablespoons sugar, divided $ 11 large egg yolks $ Pinch of sea salt $ 2 1/4 cups heavy cream $ 3/4 cup whole milk $ 3/4 cup sour cream $ Eight 3/4-cup ramekins $ ",Milk/Cream $ Brunch $ Dessert $ Bake $ Poach $ White Wine $ Engagement Party $ Grape $ Ramekin $ Bon Appétit $ Vegetarian $ Pescatarian $ Wheat/Gluten-Free $ Peanut Free $ Tree Nut Free $ Soy Free $ Kosher $ ,Southern $ ,4/4,1,Milk/Cream $ Brunch $ Dessert $ Bake $ Poach $ White Wine $ Engagement Party $ Grape $ Ramekin $ Bon Appétit $ Vegetarian $ Pescatarian $ Wheat/Gluten-Free $ Peanut Free $ Tree Nut Free $ Soy Free $ Kosher $ Southern $ 
https://www.epicurious.com/recipes/food/views/creamy-rice-grits-with-tomato-relish-367169,Creamy Rice Grits with Tomato Relish ,"2 cups chopped fresh tomatoes $ 1 small shallot, finely chopped $ Kosher salt $ freshly ground pepper $ 2 1/4 cups Carolina Gold rice grits $ 1 cup finely grated Parmesan $ 1/4 cup (1/2 stick) unsalted butter $ 3 tablespoons fresh lemon juice $ 3 tablespoons extra-virgin olive oil $ ",Rice $ Tomato $ Side $ Vegetarian $ Quick & Easy $ Dinner $ Parmesan $ Summer $ Bon Appétit $ Sugar Conscious $ Kidney Friendly $ Pescatarian $ Wheat/Gluten-Free $ Peanut Free $ Tree Nut Free $ Soy Free $ Kosher $ ,Southern $ ,3/4,1,Rice $ Tomato $ Side $ Vegetarian $ Quick & Easy $ Dinner $ Parmesan $ Summer $ Bon Appétit $ Sugar Conscious $ Kidney Friendly $ Pescatarian $ Wheat/Gluten-Free $ Peanut Free $ Tree Nut Free $ Soy Free $ Kosher $ Southern $ 
https://www.epicurious.com/recipes/food/views/roast-chicken-with-herb-and-garlic-pan-drippings-367155,Roast Chicken with Herb-and-Garlic Pan Drippings ,"6 tablespoons kosher salt plus more $ 3 tablespoons sugar $ 2 3 1/2-pound chickens, backbones and wing tips removed, quartered $ 2 tablespoons (or more) vegetable oil, divided $ 4 heads of garlic, halved crosswise $ 20 sprigs thyme, divided $ 14 sprigs rosemary, divided $ 4 tablespoons unsalted butter, divided $ 1/2 lemon $ ",Chicken $ Garlic $ Herb $ Roast $ Dinner $ Rosemary $ Fall $ Thyme $ Bon Appétit $ Wheat/Gluten-Free $ Peanut Free $ Tree Nut Free $ Soy Free $ ,Southern $ ,3.5/4,16,Chicken $ Garlic $ Herb $ Roast $ Dinner $ Rosemary $ Fall $ Thyme $ Bon Appétit $ Wheat/Gluten-Free $ Peanut Free $ Tree Nut Free $ Soy Free $ Southern $ 
https://www.epicurious.com/recipes/food/views/kates-unforgettable-wooden-bowl-biscuits-367089,Kate's Unforgettable Wooden Bowl Biscuits ,"1 (5-pound) bag self-rising flour, to use 2 1/2 cups flour $ 1 portion sweet (fresh) milk, approximately 1 cup $ 1 handful chilled lard, hard shortening, or butter, approximately 1/2-1/3 cup $ Softened butter, for brushing $ ",Breakfast $ Brunch $ Bake $ ,Southern $ ,4/4,3,Breakfast $ Brunch $ Bake $ Southern $ 
https://www.epicurious.com/recipes/food/views/buttery-blueberry-ginger-biscuits-367109,Buttery Blueberry Ginger Biscuits ,"2 1/4 cups all-purpose flour, divided $ 1 teaspoon baking powder $ 1 tablespoon granulated sugar (optional) $ 1/4 teaspoon salt $ 1/4 cup chilled butter, roughly cut into 1/4-inch pieces and 1/4 cup chilled butter, roughly cut into 1/2-inch pieces $ 1 cup buttermilk, divided $ 3/4 cup fresh blueberries $ 1 tablespoon crystallized ginger, finely chopped (optional) $ 2 to 4 tablespoons melted butter, as needed $ Confectioners' sugar (optional) $ Softened butter, for brushing $ ",Ginger $ Breakfast $ Brunch $ Bake $ Blueberry $ Summer $ Butter $ Sugar Conscious $ Kidney Friendly $ Vegetarian $ Pescatarian $ Peanut Free $ Tree Nut Free $ Soy Free $ Kosher $ ,Southern $ ,1/4,1,Ginger $ Breakfast $ Brunch $ Bake $ Blueberry $ Summer $ Butter $ Sugar Conscious $ Kidney Friendly $ Vegetarian $ Pescatarian $ Peanut Free $ Tree Nut Free $ Soy Free $ Kosher $ Southern $ 
https://www.epicurious.com/recipes/food/views/peach-iced-tea-sorbet-366869,Peach Iced Tea Sorbet ,"3 cups peeled, pitted, and chopped peaches $ 2 cups sweetened peach iced tea (bottled or freshly brewed) $ 1/2 cup sugar (increase to 1 cup if the tea is unsweetened) $ 1 tablespoon vodka, preferably sweet tea vodka $ 1 tablespoon light corn syrup $ ",Tea $ Vodka $ Ice Cream Machine $ Dessert $ Frozen Dessert $ Peach $ Spirit $ Summer $ Chill $ Party $ Fat Free $ Vegan $ Vegetarian $ Pescatarian $ Dairy Free $ Wheat/Gluten-Free $ Peanut Free $ Tree Nut Free $ Soy Free $ Kosher $ ,American $ Southern $ ,0/4,0,Tea $ Vodka $ Ice Cream Machine $ Dessert $ Frozen Dessert $ Peach $ Spirit $ Summer $ Chill $ Party $ Fat Free $ Vegan $ Vegetarian $ Pescatarian $ Dairy Free $ Wheat/Gluten-Free $ Peanut Free $ Tree Nut Free $ Soy Free $ Kosher $ American $ Southern $ 
https://www.epicurious.com/recipes/food/views/brown-bag-chicken-366890,Brown Bag Chicken ,"One 3- to 3 1/2-pound chicken $ Sea salt and freshly ground black pepper $ 1 onion, cut in half $ 4 sprigs fresh rosemary $ 1 tablespoon ground hot Hungarian paprika $ ",Chicken $ Herb $ Poultry $ Roast $ Spice $ ,American $ Southern $ ,3/4,28,Chicken $ Herb $ Poultry $ Roast $ Spice $ American $ Southern $ 
https://www.epicurious.com/recipes/food/views/ozark-pudding-366849,Ozark Pudding ,"1/4 cup all-purpose flour $ 2 1/2 teaspoons baking powder $ 2 large eggs $ 1/2 teaspoon kosher salt $ 1 1/2 cups sugar $ 1 tart cooking apple, peeled, cored, and cut into 1/2-inch pieces (about 1 cup) $ 1 cup pecan pieces $ 1 teaspoon pure vanilla extract $ Lightly sweetened whipped cream, for serving $ ",Cake $ Fruit $ Nut $ Dessert $ Bake $ Apple $ Tree Nut $ Pecan $ Potluck $ Vegetarian $ Pescatarian $ Dairy Free $ Peanut Free $ Soy Free $ Kosher $ ,American $ Southern $ ,4/4,2,Cake $ Fruit $ Nut $ Dessert $ Bake $ Apple $ Tree Nut $ Pecan $ Potluck $ Vegetarian $ Pescatarian $ Dairy Free $ Peanut Free $ Soy Free $ Kosher $ American $ Southern $ 
https://www.epicurious.com/recipes/food/views/real-skillet-cornbread-366870,Real Skillet Cornbread ,"4 tablespoons bacon drippings $ 1 1/2 cups coarse or medium stone-ground cornmeal $ 1/2 cup all-purpose flour $ 1 teaspoon kosher salt $ 1/2 teaspoon baking powder $ 1/2 teaspoon baking soda $ 1 large egg, lightly beaten $ 1 1/2 cups well-shaken buttermilk $ ",Bread $ Dairy $ Breakfast $ Brunch $ Side $ Bake $ Dinner $ Meat $ Bacon $ Cornmeal $ Buttermilk $ Sugar Conscious $ Kidney Friendly $ Peanut Free $ Tree Nut Free $ Soy Free $ No Sugar Added $ ,American $ Southern $ ,3.5/4,7,Bread $ Dairy $ Breakfast $ Brunch $ Side $ Bake $ Dinner $ Meat $ Bacon $ Cornmeal $ Buttermilk $ Sugar Conscious $ Kidney Friendly $ Peanut Free $ Tree Nut Free $ Soy Free $ No Sugar Added $ American $ Southern $ 
https://www.epicurious.com/recipes/food/views/carolina-rice-pudding-brulee-366889,Carolina Rice Pudding Brûlée ,"3 cups milk $ 3/4 cup Carolina Gold or other long-grain white rice $ 1 vanilla bean, split lengthwise, seeds scraped and reserved $ 1 teaspoon kosher salt $ 1 cup heavy cream $ 1/2 cup granulated sugar $ 4 large egg yolks $ 2 tablespoons unsalted butter $ 1/2 teaspoon freshly grated nutmeg $ Pinch of ground cloves $ 6 tablespoons natural cane sugar or granulated sugar $ ",Rice $ Dessert $ Bake $ Spice $ Vanilla $ Party $ Kidney Friendly $ Vegetarian $ Pescatarian $ Wheat/Gluten-Free $ Peanut Free $ Tree Nut Free $ Soy Free $ Kosher $ ,American $ Southern $ ,0/4,0,Rice $ Dessert $ Bake $ Spice $ Vanilla $ Party $ Kidney Friendly $ Vegetarian $ Pescatarian $ Wheat/Gluten-Free $ Peanut Free $ Tree Nut Free $ Soy Free $ Kosher $ American $ Southern $ 
https://www.epicurious.com/recipes/food/views/shrimp-boil-365818,Shrimp Boil ,"2 onions, halved crosswise $ 1 head of garlic, halved crosswise $ 5 whole cloves $ 3 bay leaves $ 2 tablespoons kosher salt $ 1 tablespoon coriander seeds $ 4 teaspoons yellow mustard seeds $ 2 teaspoons dill seeds $ 2 teaspoons whole allspice $ 1 teaspoon black peppercorns $ 1 teaspoon crushed red pepper flakes $ 1/2 teaspoon cayenne pepper $ 1 lemon, halved $ 5 dashes (or more) hot pepper sauce, preferably Crystal $ 1 1/2 pounds unpeeled large shrimp (about 30) $ ",Appetizer $ Fourth of July $ Super Bowl $ Quick & Easy $ Graduation $ Father's Day $ Backyard BBQ $ Shrimp $ Spice $ Summer $ Healthy $ Boil $ Bon Appétit $ Sugar Conscious $ Pescatarian $ Wheat/Gluten-Free $ Peanut Free $ Tree Nut Free $ Soy Free $ No Sugar Added $ ,Southern $ ,3/4,5,Appetizer $ Fourth of July $ Super Bowl $ Quick & Easy $ Graduation $ Father's Day $ Backyard BBQ $ Shrimp $ Spice $ Summer $ Healthy $ Boil $ Bon Appétit $ Sugar Conscious $ Pescatarian $ Wheat/Gluten-Free $ Peanut Free $ Tree Nut Free $ Soy Free $ No Sugar Added $ Southern $ 
https://www.epicurious.com/recipes/food/views/slow-cooked-pulled-pork-sandwiches-365091,Slow-Cooked Pulled Pork Sandwiches ,"1 3 1/2-pound boneless pork shoulder or butt roast, rind and excess fat trimmed $ Salt and freshly ground black pepper $ 2 18-22-ounce bottles of your favorite barbecue sauce $ 8 sesame seed buns, toasted $ ",Sandwich $ Slow Cooker $ Pork $ Roast $ Fourth of July $ Picnic $ Super Bowl $ Kid-Friendly $ Graduation $ Father's Day $ Dinner $ Lunch $ Spring $ Summer $ Family Reunion $ Dairy Free $ Peanut Free $ Tree Nut Free $ Soy Free $ ,Southern $ ,3/4,40,Sandwich $ Slow Cooker $ Pork $ Roast $ Fourth of July $ Picnic $ Super Bowl $ Kid-Friendly $ Graduation $ Father's Day $ Dinner $ Lunch $ Spring $ Summer $ Family Reunion $ Dairy Free $ Peanut Free $ Tree Nut Free $ Soy Free $ Southern $ 
https://www.epicurious.com/recipes/food/views/big-bob-gibsons-bar-b-q-white-sauce-363308,Big Bob Gibson's Bar-B-Q White Sauce ,2 cups mayonnaise $ 1 cup distilled white vinegar $ 1/2 cup apple juice $ 2 teaspoons prepared horseradish $ 2 teaspoons ground black pepper $ 2 teaspoons fresh lemon juice $ 1 teaspoon salt $ 1/2 teaspoon cayenne pepper $ ,Sauce $ Quick & Easy $ Backyard BBQ $ Horseradish $ Mayonnaise $ Spring $ Summer $ ,Southern $ ,2.5/4,4,Sauce $ Quick & Easy $ Backyard BBQ $ Horseradish $ Mayonnaise $ Spring $ Summer $ Southern $ 
https://www.epicurious.com/recipes/food/views/the-ultimate-spice-rubbed-rib-steak-363369,The Ultimate Spice-Rubbed Rib Steak ,2 teaspoons packed light brown sugar $ 2 teaspoons The Lady's House Seasoning $ 1/4 teaspoon Cajun seasoning $ 1/4 teaspoon cayenne pepper or to taste $ Two 1-pound bone in rib-eye steaks $ ,Beef $ Broil $ Dinner $ Meat $ Steak $ Spice $ Summer $ Grill/Barbecue $ Sugar Conscious $ Dairy Free $ Wheat/Gluten-Free $ Peanut Free $ Tree Nut Free $ Soy Free $ Kosher $ ,American $ Southern $ ,4/4,2,Beef $ Broil $ Dinner $ Meat $ Steak $ Spice $ Summer $ Grill/Barbecue $ Sugar Conscious $ Dairy Free $ Wheat/Gluten-Free $ Peanut Free $ Tree Nut Free $ Soy Free $ Kosher $ American $ Southern $ 
https://www.epicurious.com/recipes/food/views/gateau-de-sirop-364173,Gâteau de Sirop ,"2 1/2 cups all purpose flour $ 1 teaspoon baking soda $ 1 teaspoon ground cinnamon $ 1/2 teaspoon ground nutmeg $ 1/2 cup (1 stick) unsalted butter, room temperature $ 1 cup (packed) dark brown sugar $ 3 large eggs $ 1 3/4 cups 100% pure cane syrup (such as Steen's) $ 3/4 cup evaporated milk $ 1/4 cup sour cream $ 1 1/2 cups chilled heavy whipping cream $ Additional 100% pure cane syrup $ Powdered sugar (optional) $ ",Cake $ Milk/Cream $ Mixer $ Egg $ Dessert $ Bake $ Mardi Gras $ Party $ Bon Appétit $ ,Cajun/Creole $ Southern $ ,3.5/4,5,Cake $ Milk/Cream $ Mixer $ Egg $ Dessert $ Bake $ Mardi Gras $ Party $ Bon Appétit $ Cajun/Creole $ Southern $ 
https://www.epicurious.com/recipes/food/views/broiled-crawfish-with-horseradish-cocktail-sauce-364171,Broiled Crawfish with Horseradish Cocktail Sauce ,"1 1/2 cups bottled mild tomato chili sauce (such as Homade brand) $ 7 teaspoons fresh lemon juice $ 2 teaspoons Worcestershire sauce $ 1 teaspoon hot pepper sauce $ 3 teaspoons (or more) prepared white cream-style horseradish $ 12 whole cloves $ 4 Turkish bay leaves $ 1 3-ounce bag crawfish, shrimp, and crab boil (such as Zatarain's) $ 1 large onion, peeled, quartered $ 3 lemons, thinly sliced $ 3 celery stalks, cut into chunks $ 3 large garlic cloves, peeled $ 4 pounds fresh crawfish $ Large bowl of ice cubes $ Lemon wedges $ ",Appetizer $ Broil $ Low Fat $ Low Cal $ Mardi Gras $ Horseradish $ Seafood $ Healthy $ Party $ Bon Appétit $ Peanut Free $ Tree Nut Free $ Soy Free $ No Sugar Added $ ,Southern $ ,3.5/4,3,Appetizer $ Broil $ Low Fat $ Low Cal $ Mardi Gras $ Horseradish $ Seafood $ Healthy $ Party $ Bon Appétit $ Peanut Free $ Tree Nut Free $ Soy Free $ No Sugar Added $ Southern $ 
https://www.epicurious.com/recipes/food/views/chicken-and-sausage-jambalaya-364172,Chicken and Sausage Jambalaya ,"12 ounces applewood-smoked bacon, diced $ 1 1/2 pounds smoked fully cooked sausage (such as linguiça), halved lengthwise, cut crosswise into 1/2-inch-thick semi-circles $ 1 pound andouille sausages, quartered lengthwise, cut crosswise into 1/2-inch cubes $ 1/2 pound tasso or smoked ham (such as Black Forest), cut into 1/2-inch cubes $ 1 1/2 pounds onions, chopped (4 to 5 cups) $ 2 large celery stalks, chopped $ 1 8-to 10-ounce red bell pepper, coarsely chopped $ 1 8-to 10-ounce green bell pepper, coarsely chopped $ 6 large skinless boneless chicken thighs, cut into 1- to 11/2-inch pieces $ 2 tablespoons paprika $ 1 tablespoon chopped fresh thyme $ 1 tablespoon chili powder $ 1/4 teaspoon (or more) cayenne pepper $ 3 10-ounce cans diced tomatoes and green chiles $ 2 1/2 cups beef broth $ 3 cups (19 to 20 ounces) long-grain white rice $ 8 green onions, chopped (about 2 cups) $ Chopped fresh Italian parsley $ ",Chicken $ High Fiber $ Mardi Gras $ Dinner $ Ham $ Sausage $ Bell Pepper $ Party $ Bon Appétit $ Wheat/Gluten-Free $ Peanut Free $ Tree Nut Free $ Soy Free $ No Sugar Added $ ,Southern $ ,4/4,91,Chicken $ High Fiber $ Mardi Gras $ Dinner $ Ham $ Sausage $ Bell Pepper $ Party $ Bon Appétit $ Wheat/Gluten-Free $ Peanut Free $ Tree Nut Free $ Soy Free $ No Sugar Added $ Southern $ 
https://www.epicurious.com/recipes/food/views/eggs-derby-363629,Eggs Derby ,"6 hard-cooked eggs, peeled $ 4 tablespoons finely chopped country ham $ 1 1/4 teaspoons salt, divided $ 1/4 teaspoon ground black pepper $ 1/4 teaspoon dry mustard $ 1/4 teaspoon celery seed $ 1 cup plus 1 to 3 tablespoons heavy cream $ 2 large sweetbreads $ 4 tablespoons (1/2 stick) butter $ 8 ounces fresh morels $ 4 tablespoons all-purpose flour, divided $ 1 cup sweetbread stock (from cooking the sweetbreads) $ 4 to 6 tablespoons bourbon $ 1/2 cup Parmesan cheese, grated $ 1/2 cup sharp Cheddar cheese, grated $ 1/2 cup slivered almonds $ ",Milk/Cream $ Egg $ Mushroom $ Side $ Bake $ Kentucky Derby $ Meat $ Ham $ Louisville $ Kentucky $ Sugar Conscious $ Peanut Free $ Soy Free $ No Sugar Added $ ,Southern $ ,0/4,1,Milk/Cream $ Egg $ Mushroom $ Side $ Bake $ Kentucky Derby $ Meat $ Ham $ Louisville $ Kentucky $ Sugar Conscious $ Peanut Free $ Soy Free $ No Sugar Added $ Southern $ 
https://www.epicurious.com/recipes/food/views/eggplant-oyster-and-tasso-gratin-363610,"Eggplant, Oyster, and Tasso Gratin ","1 pint shucked oysters with their liquor $ 2 tablespoons butter $ 2 tablespoons flour $ 1/2 cup chicken stock or milk $ 1/2 cup cream $ Salt and ground black pepper $ Hot sauce $ Pinch of freshly grated nutmeg $ 1/2 cup extra-virgin olive oil $ 1 small eggplant, peeled and diced (about 2 cups) $ 1 medium onion, chopped $ 2 ounces finely chopped tasso (about 3 tablespoons) $ 1 garlic clove, minced $ 1 teaspoon chopped fresh sage $ 1 teaspoon chopped fresh rosemary $ 1/2 cup dry bread crumbs $ 2 tablespoons chopped parsley $ 1 tablespoon butter, melted $ 2 tablespoons olive oil $ 2 ounces Grana Padano or Parmesan cheese, grated (1⁄4 cup) $ ",Pork $ Side $ Mardi Gras $ Casserole/Gratin $ Parmesan $ Oyster $ Eggplant $ Winter $ New Orleans $ Louisiana $ Peanut Free $ Tree Nut Free $ Soy Free $ ,Southern $ ,4/4,4,Pork $ Side $ Mardi Gras $ Casserole/Gratin $ Parmesan $ Oyster $ Eggplant $ Winter $ New Orleans $ Louisiana $ Peanut Free $ Tree Nut Free $ Soy Free $ Southern $ 
https://www.epicurious.com/recipes/food/views/boiled-peanut-beurre-blanc-363609,Boiled-Peanut Beurre Blanc ,"2 shallots, minced (about 1/4 cup) $ 1 cup champagne vinegar $ 1 cup white wine $ Small bouquet of fresh thyme and tarragon sprigs tied together with kitchen twine $ 3 black peppercorns $ 1/4 pound (1 stick) unsalted butter, cut into very small cubes and chilled $ 1 tablespoon gremolata (equal parts minced garlic, parsley, and lemon zest) $ 1/2 cup shelled boiled peanuts $ Salt and ground black pepper $ ",Sauce $ Mardi Gras $ Peanut $ Butter $ Athens $ Georgia $ ,French $ Southern $ ,1/4,2,Sauce $ Mardi Gras $ Peanut $ Butter $ Athens $ Georgia $ French $ Southern $ 
https://www.epicurious.com/recipes/food/views/flash-fried-finger-lickin-chicken-363444,Flash-Fried Finger-Lickin' Chicken ,"3 cups low-fat, low sodium chicken broth $ Salt $ 4 skinless, bone-in chicken thighs $ 2 quarts grapeseed oil $ 1 1/2 cups whole wheat flour $ 1 tablespoon sweet paprika $ 1 1/2 teaspoon celery salt $ 1 tablespoon freshly ground black pepper $ 2 cups low-fat buttermilk $ ",Chicken $ Fourth of July $ Picnic $ Kid-Friendly $ Low Cal $ Dinner $ Lunch $ Buffet $ Family Reunion $ Healthy $ Potluck $ Buttermilk $ Paprika $ Peanut Free $ Tree Nut Free $ Soy Free $ No Sugar Added $ ,American $ Southern $ ,0/4,2,Chicken $ Fourth of July $ Picnic $ Kid-Friendly $ Low Cal $ Dinner $ Lunch $ Buffet $ Family Reunion $ Healthy $ Potluck $ Buttermilk $ Paprika $ Peanut Free $ Tree Nut Free $ Soy Free $ No Sugar Added $ American $ Southern $ 
https://www.epicurious.com/recipes/food/views/chicken-fried-steak-with-sausage-gravy-363443,Chicken-Fried Steak with Sausage Gravy ,"1 cup whole-wheat flour $ 2 cups whole-wheat panko breadcrumbs, such as lan's All-Natural $ 3 large egg whites $ Four 3-ounce portions lean filet mignon, pounded about 1/3 inch thick $ Nonstick cooking spray $ Salt and freshly ground black pepper $ One 6-ounce link hot Italian turkey sausage, casing removed $ 1 cup low-fat,low-sodium chicken broth $ 1 tablespoon cornstarch $ 1/2 cup nonfat Greek yogurt $ ",Beef $ Roast $ Sauté $ Quick & Easy $ Yogurt $ Low Cal $ Dinner $ Steak $ Poultry Sausage $ Healthy $ Sugar Conscious $ Diabetes-Friendly $ ,American $ Southern $ ,3/4,2,Beef $ Roast $ Sauté $ Quick & Easy $ Yogurt $ Low Cal $ Dinner $ Steak $ Poultry Sausage $ Healthy $ Sugar Conscious $ Diabetes-Friendly $ American $ Southern $ 
https://www.epicurious.com/recipes/food/views/mixed-greens-and-sausage-soup-with-cornmeal-dumplings-362971,Mixed-Greens and Sausage Soup with Cornmeal Dumplings ,"3/4 cup all purpose flour $ 3/4 cup yellow cornmeal $ 1 tablespoon sugar $ 1 1/2 teaspoons baking powder $ 1/2 teaspoon salt $ 3/4 cup whole milk $ 1 1/2 tablespoons butter, melted $ 1/2 cup chopped green onions $ 2 tablespoons extra-virgin olive oil $ 1 1/2 cups chopped onion $ 4 large garlic cloves, pressed $ 4 Turkish bay leaves $ 1 tablespoon chopped fresh thyme $ 1 pound andouille sausages, sliced into 1/4-inch-thick rounds $ 6 cups low-salt chicken broth $ 2 14.5-ounce cans diced tomatoes in juice $ 1 teaspoon hot pepper sauce $ 1/8 teaspoon ground allspice $ 1 12-ounce bag mixed turnip, mustard, and collard greens, any thick stems cut away (about 12 cups packed) $ ",Soup/Stew $ Leafy Green $ Sauté $ High Fiber $ Dinner $ Lunch $ Sausage $ Cornmeal $ Turnip $ Winter $ Bon Appétit $ Peanut Free $ Tree Nut Free $ Soy Free $ ,Southern $ ,3.5/4,58,Soup/Stew $ Leafy Green $ Sauté $ High Fiber $ Dinner $ Lunch $ Sausage $ Cornmeal $ Turnip $ Winter $ Bon Appétit $ Peanut Free $ Tree Nut Free $ Soy Free $ Southern $ 
https://www.epicurious.com/recipes/food/views/shaker-lemon-pie-361949,Shaker Lemon Pie ,"2 medium lemons $ 2 cups sugar $ Pastry for a 9-inch single-crust pie, such as Barry Maiden's Butter/Shortening Piecrust $ 4 eggs, beaten well $ 2 tablespoons all-purpose flour $ 1/4 teaspoon salt $ ",Citrus $ Fruit $ Dessert $ Bake $ Vegetarian $ Lemon $ Family Reunion $ Party $ Advance Prep Required $ Kidney Friendly $ Pescatarian $ Peanut Free $ Tree Nut Free $ Soy Free $ Kosher $ ,American $ Southern $ ,3/4,8,Citrus $ Fruit $ Dessert $ Bake $ Vegetarian $ Lemon $ Family Reunion $ Party $ Advance Prep Required $ Kidney Friendly $ Pescatarian $ Peanut Free $ Tree Nut Free $ Soy Free $ Kosher $ American $ Southern $ 
https://www.epicurious.com/recipes/food/views/aunt-marians-summer-squash-custard-pie-361910,Aunt Marian's Summer Squash Custard Pie ,"Pastry for a 9-inch single-crust pie, such as Barry Maiden's Butter/Shortening Piecrust $ 6 medium zucchini or yellow squash (about 1 1/2 pounds) $ 3/4 cup sugar $ 1 tablespoon cornstarch $ 1/4 teaspoon ground nutmeg $ 1/4 teaspoon salt $ 1/2 cup heavy cream $ 3 eggs, beaten well $ 1/4 cup butter, melted $ 1 teaspoon vanilla extract $ 1/2 teaspoon white vinegar $ ",Vegetable $ Bake $ Fourth of July $ Vegetarian $ Squash $ Zucchini $ Summer $ Family Reunion $ Yellow Squash $ Boil $ Advance Prep Required $ ,American $ Southern $ ,3.5/4,4,Vegetable $ Bake $ Fourth of July $ Vegetarian $ Squash $ Zucchini $ Summer $ Family Reunion $ Yellow Squash $ Boil $ Advance Prep Required $ American $ Southern $ 
https://www.epicurious.com/recipes/food/views/bean-pie-361909,Bean Pie ,"Pastry for a 9-inch single-crust pie, such as Barry Maiden's Butter/Shortening Piecrust $ 1 cup sugar $ 1 tablespoon flour $ 1/2 teaspoon ground cinnamon $ 1/2 teaspoon ground nutmeg $ 1/2 cup evaporated milk or half-and-half $ 1/4 cup butter, melted $ 2 eggs $ 1 tablespoon vanilla extract $ 1 cup mashed, cooked navy beans $ ",Milk/Cream $ Bean $ Dairy $ Vegetable $ Bake $ Vegetarian $ Legume $ Family Reunion $ Advance Prep Required $ ,American $ Southern $ ,3/4,3,Milk/Cream $ Bean $ Dairy $ Vegetable $ Bake $ Vegetarian $ Legume $ Family Reunion $ Advance Prep Required $ American $ Southern $ 
https://www.epicurious.com/recipes/food/views/butter-bean-risotto-with-chard-and-fried-okra-360730,Butter Bean Risotto with Chard and Fried Okra ,"1/2 cup 1/2-inch pieces trimmed fresh okra $ 1/2 cup buttermilk $ 1/2 cup yellow cornmeal $ 1/2 teaspoon salt $ 1/2 teaspoon freshly ground black pepper $ 1/4 cup olive oil $ 2 teaspoons olive oil $ 3/4 cup (packed) 1/2-inch squares Swiss chard (from about 3 large leaves) $ 4 cups low-salt chicken broth $ 2 tablespoons (1/4 stick) unsalted butter, divided $ 1/4 cup chopped onion $ 3/4 cup arborio rice or medium-grain white rice $ 1/4 cup dry white wine $ 1 15- to 16-ounce can butter beans, rinsed, drained $ 1 tablespoon freshly grated Parmesan cheese plus additional for serving $ ",Bean $ Vegetarian $ Quick & Easy $ High Fiber $ Dinner $ Deep-Fry $ Okra $ Chard $ Bon Appétit $ Wheat/Gluten-Free $ Peanut Free $ Tree Nut Free $ Soy Free $ ,Southern $ ,3/4,11,Bean $ Vegetarian $ Quick & Easy $ High Fiber $ Dinner $ Deep-Fry $ Okra $ Chard $ Bon Appétit $ Wheat/Gluten-Free $ Peanut Free $ Tree Nut Free $ Soy Free $ Southern $ 
https://www.epicurious.com/recipes/food/views/southern-fried-sweetbreads-359689,Southern-Fried Sweetbreads ,"2 pounds veal sweetbreads, rinsed $ 1 cup well-shaken buttermilk $ About 12 cups vegetable oil (96 fluid ounces) $ 1 cup all-purpose flour $ 1/2 cup cornmeal $ 2 teaspoons paprika (not hot) $ 1/2 teaspoon cayenne $ Equipment: a deep-fat thermometer $ Accompaniment: green goddess sauce $ ",Kid-Friendly $ Dinner $ Meat $ Cornmeal $ Deep-Fry $ Candy Thermometer $ Buttermilk $ Gourmet $ Sugar Conscious $ Peanut Free $ Tree Nut Free $ Soy Free $ No Sugar Added $ ,Southern $ ,4/4,1,Kid-Friendly $ Dinner $ Meat $ Cornmeal $ Deep-Fry $ Candy Thermometer $ Buttermilk $ Gourmet $ Sugar Conscious $ Peanut Free $ Tree Nut Free $ Soy Free $ No Sugar Added $ Southern $ 
https://www.epicurious.com/recipes/food/views/herb-and-spice-southern-fried-chicken-358324,Herb-and-Spice Southern Fried Chicken ,"2 frying chickens, weighing no more than 3 pounds each, cut up for frying $ 2 tablespoons chopped garlic (about 8 large cloves) $ 4 cups buttermilk or plain all natural yogurt, stirred until smooth $ 3 cups unbleached all-purpose flour $ Lard or peanut oil, for frying $ 1/2 teaspoon ground cayenne pepper $ 1 teaspoon freshly ground cumin $ 1/2 teaspoon ground mace $ 1 teaspoon freshly grated nutmeg $ 1 teaspoon paprika $ 1 teaspoon freshly milled black pepper $ 1 teaspoon ground ginger $ 2 teaspoons crumbled dried basil $ 2 teaspoons bay leaves ground to a powder (use a spice mill or blender) $ 2 teaspoons crumbled dried oregano $ 2 teaspoons crumbled dried sage $ 2 teaspoons crumbled dried thyme $ 1 teaspoon salt $ ",Blender $ Chicken $ Garlic $ Ginger $ Fry $ Marinate $ Kid-Friendly $ Yogurt $ Mardi Gras $ Dinner $ Lunch $ Basil $ Sage $ Thyme $ Oregano $ Nutmeg $ Buttermilk $ Cumin $ Paprika $ Tree Nut Free $ Soy Free $ No Sugar Added $ ,Southern $ ,3.5/4,2,Blender $ Chicken $ Garlic $ Ginger $ Fry $ Marinate $ Kid-Friendly $ Yogurt $ Mardi Gras $ Dinner $ Lunch $ Basil $ Sage $ Thyme $ Oregano $ Nutmeg $ Buttermilk $ Cumin $ Paprika $ Tree Nut Free $ Soy Free $ No Sugar Added $ Southern $ 
https://www.epicurious.com/recipes/food/views/red-velvet-cupcakes-with-mascarpone-cream-cheese-icing-358285,Red Velvet Cupcakes with Mascarpone Cream Cheese Icing ,"1/4 cup (2 ounces) red food coloring $ 3 1/2 tablespoons high-quality unsweetened cocoa powder $ 1 cup (2 sticks) unsalted butter at room temperature $ 1 3/4 cups sugar $ 2 large eggs $ 2 cups cake flour $ 1 1/2 cups all-purpose flour $ 1 teaspoon kosher salt $ 1 teaspoon baking soda $ 2 teaspoons vanilla extract $ 1 cup buttermilk $ 1 cup sour cream $ 1 tablespoon distilled white vinegar $ 1 cup (2 sticks) unsalted butter at room temperature $ 1 cup (8 ounces) cream cheese at room temperature $ 2 cups powdered sugar $ 1 teaspoon vanilla extract $ Pinch of kosher salt $ 1 cup (8 ounces) mascarpone (Italian cream cheese, available at most grocery stores) $ 1 teaspoon vanilla or mint extract $ Crushed peppermint candy for garnish (optional) $ ",Cake $ Mixer $ Bake $ Christmas $ Marscarpone $ ,Southern $ ,3.5/4,37,Cake $ Mixer $ Bake $ Christmas $ Marscarpone $ Southern $ 
https://www.epicurious.com/recipes/food/views/our-favorite-sour-milk-cornbread-358343,Our Favorite Sour Milk Cornbread ,"1 1/2 cups fine-ground white cornmeal $ 1 teaspoon salt $ 1 teaspoon Homemade Baking Powder (see note) $ 1 3/4 cups soured milk or buttermilk $ 2 eggs, lightly beaten $ 2 tablespoons unsalted butter $ ",Bread $ Dessert $ Side $ Bake $ Cornmeal $ Buttermilk $ Vegetarian $ Pescatarian $ Wheat/Gluten-Free $ Peanut Free $ Tree Nut Free $ Soy Free $ No Sugar Added $ Kosher $ ,Southern $ ,3/4,11,Bread $ Dessert $ Side $ Bake $ Cornmeal $ Buttermilk $ Vegetarian $ Pescatarian $ Wheat/Gluten-Free $ Peanut Free $ Tree Nut Free $ Soy Free $ No Sugar Added $ Kosher $ Southern $ 
https://www.epicurious.com/recipes/food/views/pecan-coated-roast-loin-of-pork-236919,Pecan–coated Roast Loin of Pork ,"4 pounds boneless loin of pork $ 1/4 cup olive oil $ 2 teaspoons powdered sage $ 1 teaspoon dried thyme $ 1 teaspoon minced garlic $ Salt and freshly ground black pepper, to taste $ 1 tablespoon packed dark brown sugar $ 1/4 pound shelled pecan halves $ ",Sandwich $ Herb $ Pork $ Roast $ Kwanzaa $ Pecan $ ,African $ Southern $ ,3.5/4,5,Sandwich $ Herb $ Pork $ Roast $ Kwanzaa $ Pecan $ African $ Southern $ 
https://www.epicurious.com/recipes/food/views/cheddar-bacon-and-fresh-chive-biscuits-357231,"Cheddar, Bacon, and Fresh Chive Biscuits ","6 thick-cut bacon slices $ 3 3/4 cups bread flour $ 1 1/2 tablespoons baking powder $ 1 1/2 teaspoons baking soda $ 1 1/4 teaspoons salt $ 1/2 cup (1 stick) chilled unsalted butter, cut into 1/2-inch cubes, plus melted butter for brushing $ 2 1/2 cups (packed) coarsely grated sharp cheddar cheese (about 12 ounces) $ 1/3 cup chopped fresh chives $ 1 3/4 cups chilled buttermilk $ Honey (optional) $ ",Bread $ Food Processor $ Brunch $ Side $ Bake $ Kid-Friendly $ Quick & Easy $ Father's Day $ Cheddar $ Bacon $ Chive $ Butter $ Buttermilk $ Bon Appétit $ Sugar Conscious $ Peanut Free $ Tree Nut Free $ Soy Free $ ,Southern $ ,3.5/4,40,Bread $ Food Processor $ Brunch $ Side $ Bake $ Kid-Friendly $ Quick & Easy $ Father's Day $ Cheddar $ Bacon $ Chive $ Butter $ Buttermilk $ Bon Appétit $ Sugar Conscious $ Peanut Free $ Tree Nut Free $ Soy Free $ Southern $ 
https://www.epicurious.com/recipes/food/views/jalapeno-cheese-grits-356851,Jalapeño Cheese Grits ,1 cup stone-ground white corn grits $ 1 jalapeño pepper $ 3 tablespoons butter $ 2 tablespoons mascarpone or cream cheese $ 1/4 cup grated Edam cheese $ Salt $ ,Cheese $ Breakfast $ Brunch $ Side $ Vegetarian $ Kid-Friendly $ Mardi Gras $ Dinner $ Family Reunion $ Jalapeño $ Potluck $ Simmer $ Butter $ Marscarpone $ Sugar Conscious $ Kidney Friendly $ Pescatarian $ Wheat/Gluten-Free $ Peanut Free $ Tree Nut Free $ Soy Free $ No Sugar Added $ Kosher $ ,Cajun/Creole $ Southern $ ,3.5/4,2,Cheese $ Breakfast $ Brunch $ Side $ Vegetarian $ Kid-Friendly $ Mardi Gras $ Dinner $ Family Reunion $ Jalapeño $ Potluck $ Simmer $ Butter $ Marscarpone $ Sugar Conscious $ Kidney Friendly $ Pescatarian $ Wheat/Gluten-Free $ Peanut Free $ Tree Nut Free $ Soy Free $ No Sugar Added $ Kosher $ Cajun/Creole $ Southern $ 
https://www.epicurious.com/recipes/food/views/timmys-brandy-milk-punch-356834,Timmy's Brandy Milk Punch ,1 cup brandy $ 3 cups milk $ 3 tablespoons powdered sugar $ 1 teaspoon vanilla extract $ 4 gratings fresh nutmeg $ Handful of ice cubes $ Crushed ice in 4 glasses $ ,Milk/Cream $ Alcoholic $ Blender $ Quick & Easy $ Mardi Gras $ Brandy $ Party $ Nutmeg $ Drink $ ,Southern $ ,0/4,1,Milk/Cream $ Alcoholic $ Blender $ Quick & Easy $ Mardi Gras $ Brandy $ Party $ Nutmeg $ Drink $ Southern $ 
https://www.epicurious.com/recipes/food/views/king-cake-356833,King Cake ,"1 cup lukewarm milk, about 110°F $ 1/2 cup granulated sugar $ 2 tablespoons dry yeast $ 3 3/4 cups all-purpose flour $ 1 cup melted butter $ 5 egg yolks, beaten $ 1 teaspoon vanilla extract $ 1 teaspoon grated fresh lemon zest $ 3 teaspoons cinnamon $ Several gratings of fresh nutmeg $ 2 cups powdered sugar $ 1/4 cup condensed milk $ 1 teaspoon fresh lemon juice $ Purple, green, and gold decorative sugars $ 1 fève (fava bean) or plastic baby to hide in the cake after baking $ ",Milk/Cream $ Egg $ Brunch $ Dessert $ Bake $ Mardi Gras $ Family Reunion $ Party $ Kidney Friendly $ Vegetarian $ Pescatarian $ Peanut Free $ Tree Nut Free $ Soy Free $ Kosher $ ,Cajun/Creole $ Southern $ ,3.5/4,21,Milk/Cream $ Egg $ Brunch $ Dessert $ Bake $ Mardi Gras $ Family Reunion $ Party $ Kidney Friendly $ Vegetarian $ Pescatarian $ Peanut Free $ Tree Nut Free $ Soy Free $ Kosher $ Cajun/Creole $ Southern $ 
https://www.epicurious.com/recipes/food/views/chocolate-cupped-cakes-with-coffee-and-chicory-356849,Chocolate Cupped Cakes with Coffee and Chicory ,"2 cups plus 2 tablespoons sugar $ 1/4 cup light brown sugar $ 1/2 cup Dutch-processed cocoa powder $ 3 tablespoons unsalted butter, at room temperature $ 1 1/4 cups heavy cream $ 1 teaspoon vanilla extract $ 2 1/2 cups all-purpose flour $ 1 tablespoon instant espresso powder $ 2 teaspoons baking powder $ 1/2 teaspoon salt $ 1 cup brewed New Orleans–style chicory coffee $ ",Coffee $ Milk/Cream $ Mixer $ Chocolate $ Dessert $ Bake $ Kid-Friendly $ Mardi Gras $ Party $ Butter $ Vegetarian $ Pescatarian $ Peanut Free $ Tree Nut Free $ Soy Free $ Kosher $ ,Southern $ ,2.5/4,3,Coffee $ Milk/Cream $ Mixer $ Chocolate $ Dessert $ Bake $ Kid-Friendly $ Mardi Gras $ Party $ Butter $ Vegetarian $ Pescatarian $ Peanut Free $ Tree Nut Free $ Soy Free $ Kosher $ Southern $ 
https://www.epicurious.com/recipes/food/views/calas-fried-rice-fritters-356809,Calas Fried Rice Fritters ,1/2 cup long-grain white rice (Mahatma® brand if you can find it) $ Peanut oil for frying $ 1 cup all-purpose flour $ 1 teaspoon baking powder $ 1/2 teaspoon ground cinnamon $ 3 large eggs $ 2 tablespoons sugar $ 1 teaspoon vanilla extract $ 1/2 teaspoon salt $ Cane syrup for serving $ ,Egg $ Dessert $ Kid-Friendly $ Mardi Gras $ Vanilla $ Deep-Fry $ Party $ Kidney Friendly $ Vegetarian $ Pescatarian $ Dairy Free $ Tree Nut Free $ Soy Free $ Kosher $ ,Southern $ ,0/4,0,Egg $ Dessert $ Kid-Friendly $ Mardi Gras $ Vanilla $ Deep-Fry $ Party $ Kidney Friendly $ Vegetarian $ Pescatarian $ Dairy Free $ Tree Nut Free $ Soy Free $ Kosher $ Southern $ 
https://www.epicurious.com/recipes/food/views/oeufs-au-plat-356832,Oeufs Au Plat ,2 teaspoons softened butter $ 2 eggs $ 2 pinches salt $ ,Egg $ Breakfast $ Brunch $ Side $ Quick & Easy $ Pan-Fry $ Butter $ Sugar Conscious $ Vegetarian $ Pescatarian $ Wheat/Gluten-Free $ Peanut Free $ Tree Nut Free $ Soy Free $ No Sugar Added $ Kosher $ ,Cajun/Creole $ Southern $ ,3/4,3,Egg $ Breakfast $ Brunch $ Side $ Quick & Easy $ Pan-Fry $ Butter $ Sugar Conscious $ Vegetarian $ Pescatarian $ Wheat/Gluten-Free $ Peanut Free $ Tree Nut Free $ Soy Free $ No Sugar Added $ Kosher $ Cajun/Creole $ Southern $ 
https://www.epicurious.com/recipes/food/views/lemon-icebox-pie-356829,Lemon Icebox Pie ,"14 whole graham crackers $ 1/4 cup sugar $ 1/4 teaspoon salt $ 6 tablespoons unsalted butter, melted and still warm $ 2 (14-ounce) cans condensed milk $ 1 1/4 cups strained lemon juice (from the 2 zested lemons below plus an additional 4–6) $ Zest of 2 lemons $ 8 large egg yolks $ 2 cups heavy cream $ 1/2 teaspoon vanilla extract $ 1/4 cup confectioners' sugar $ ",Milk/Cream $ Egg $ Dessert $ Kid-Friendly $ Quick & Easy $ Mardi Gras $ Lemon $ Party $ Butter $ Kidney Friendly $ Vegetarian $ Pescatarian $ Peanut Free $ Tree Nut Free $ Soy Free $ Kosher $ ,Southern $ ,4/4,91,Milk/Cream $ Egg $ Dessert $ Kid-Friendly $ Quick & Easy $ Mardi Gras $ Lemon $ Party $ Butter $ Kidney Friendly $ Vegetarian $ Pescatarian $ Peanut Free $ Tree Nut Free $ Soy Free $ Kosher $ Southern $ 
https://www.epicurious.com/recipes/food/views/basic-creole-spices-356852,Basic Creole Spices ,2 tablespoons celery salt $ 1 tablespoon sweet paprika $ 1 tablespoon coarse sea salt $ 1 tablespoon freshly ground black pepper $ 1 tablespoon garlic powder $ 1 tablespoon onion powder $ 2 teaspoons cayenne pepper $ 1/2 teaspoon ground allspice $ ,,American $ Cajun/Creole $ Southern $ ,4/4,1,American $ Cajun/Creole $ Southern $ 
https://www.epicurious.com/recipes/food/views/green-onion-sausage-and-shrimp-gravy-356812,Green Onion Sausage and Shrimp Gravy ,"1 tablespoon rendered bacon fat $ 1 pound green onion pork sausage, removed from casings $ 1 small onion, diced $ 1 tablespoon flour $ 1 pound jumbo shrimp, peeled and deveined $ Salt $ Freshly ground black pepper $ 1/2 green bell pepper, seeded and diced $ 1 clove garlic, minced $ 1 teaspoon crushed red pepper flakes $ 1 pinch allspice $ 2 dashes Worcestershire $ 1/3 cup diced canned tomatoes $ 1 cup Basic Chicken Stock $ Leaves from 1 sprig fresh thyme $ 1 green onion, chopped $ ",Brunch $ Mardi Gras $ Dinner $ Sausage $ Shrimp $ Family Reunion $ Party $ Potluck $ Green Onion/Scallion $ Sugar Conscious $ Dairy Free $ Peanut Free $ Tree Nut Free $ Soy Free $ No Sugar Added $ ,Cajun/Creole $ Southern $ ,3.5/4,7,Brunch $ Mardi Gras $ Dinner $ Sausage $ Shrimp $ Family Reunion $ Party $ Potluck $ Green Onion/Scallion $ Sugar Conscious $ Dairy Free $ Peanut Free $ Tree Nut Free $ Soy Free $ No Sugar Added $ Cajun/Creole $ Southern $ 
https://www.epicurious.com/recipes/food/views/banana-pudding-356830,Banana Pudding ,"5 large egg yolks $ 1/2 cup sugar $ 1/4 cup cornstarch $ 1/4 teaspoon salt $ 2 cups whole milk $ 3 tablespoons banana liqueur (or 1 teaspoon banana flavoring) $ 2 teaspoons vanilla extract $ 2 tablespoons unsalted butter $ 2 ripe bananas $ 1 cup vanilla wafers (about 15 cookies) $ 2 teaspoons sugar $ 1/4 teaspoon ground cinnamon $ Pinch salt $ 1 tablespoon unsalted butter, melted $ ",Liqueur $ Egg $ Dessert $ Bake $ Kid-Friendly $ Mardi Gras $ Banana $ Family Reunion $ Party $ Potluck $ Boil $ Butter $ Vegetarian $ Pescatarian $ Peanut Free $ Tree Nut Free $ Soy Free $ Kosher $ ,Southern $ ,3.5/4,31,Liqueur $ Egg $ Dessert $ Bake $ Kid-Friendly $ Mardi Gras $ Banana $ Family Reunion $ Party $ Potluck $ Boil $ Butter $ Vegetarian $ Pescatarian $ Peanut Free $ Tree Nut Free $ Soy Free $ Kosher $ Southern $ 
https://www.epicurious.com/recipes/food/views/slow-cooked-veal-grillades-356811,Slow-Cooked Veal Grillades ,"4 pounds boneless veal shoulder, sliced into thin cutlets $ Salt $ Freshly ground black pepper $ 2 cups flour $ 2 teaspoons Basic Creole Spices $ 1/4 cup rendered bacon fat $ 1 large onion, diced $ 1 stalk celery, diced $ 1/2 bell pepper, diced $ 2 cloves garlic, minced $ 2 cups canned whole plum tomatoes, drained, seeded, and diced $ 2 cups Basic Veal Stock $ Leaves from 1 sprig fresh thyme $ 1 teaspoon crushed red pepper flakes $ 1 bay leaf $ 1 tablespoon Worcestershire $ Tabasco $ 2 green onions, chopped $ ",Onion $ Tomato $ Brunch $ Mardi Gras $ Dinner $ Veal $ Celery $ Family Reunion $ Party $ Sugar Conscious $ Dairy Free $ Peanut Free $ Tree Nut Free $ Soy Free $ No Sugar Added $ ,Cajun/Creole $ Southern $ ,3.5/4,5,Onion $ Tomato $ Brunch $ Mardi Gras $ Dinner $ Veal $ Celery $ Family Reunion $ Party $ Sugar Conscious $ Dairy Free $ Peanut Free $ Tree Nut Free $ Soy Free $ No Sugar Added $ Cajun/Creole $ Southern $ 
https://www.epicurious.com/recipes/food/views/grandmother-walterss-biscuits-356831,Grandmother Walters's Biscuits ,"2 cups all-purpose flour, plus more for dusting $ 2 tablespoons baking powder $ 2 teaspoons sugar $ 1 teaspoon salt $ 5 tablespoons cold butter, preferably European style, diced $ 1 cup whole milk $ ",Bread $ Milk/Cream $ Breakfast $ Brunch $ Side $ Bake $ Kid-Friendly $ Mardi Gras $ Potluck $ Butter $ Sugar Conscious $ Vegetarian $ Pescatarian $ Peanut Free $ Tree Nut Free $ Soy Free $ Kosher $ ,American $ Cajun/Creole $ Southern $ ,3.5/4,13,Bread $ Milk/Cream $ Breakfast $ Brunch $ Side $ Bake $ Kid-Friendly $ Mardi Gras $ Potluck $ Butter $ Sugar Conscious $ Vegetarian $ Pescatarian $ Peanut Free $ Tree Nut Free $ Soy Free $ Kosher $ American $ Cajun/Creole $ Southern $ 
https://www.epicurious.com/recipes/food/views/buttermilk-beignets-356850,Buttermilk Beignets ,"3/4 cup whole milk $ 1 1/2 cups buttermilk $ 4 teaspoons active dry yeast $ 2 1/2 tablespoons sugar $ 3 1/2 cups bread flour plus extra for flouring work surface $ 1/2 teaspoon baking soda $ 1/4 teaspoon salt $ Peanut oil for frying $ Confectioners' sugar for serving, as much as you think you'll need—then double that! $ ",Milk/Cream $ Dessert $ Mardi Gras $ Deep-Fry $ Buttermilk $ Sugar Conscious $ Kidney Friendly $ Vegetarian $ Pescatarian $ Tree Nut Free $ Soy Free $ Kosher $ ,Southern $ ,4/4,14,Milk/Cream $ Dessert $ Mardi Gras $ Deep-Fry $ Buttermilk $ Sugar Conscious $ Kidney Friendly $ Vegetarian $ Pescatarian $ Tree Nut Free $ Soy Free $ Kosher $ Southern $ 
https://www.epicurious.com/recipes/food/views/smoked-sausage-jambalaya-356042,Smoked Sausage Jambalaya ,"1 pound pork andouille sausage, sliced crosswise 1/3 inch thick $ 1 tablespoon vegetable oil $ 2 green bell peppers, finely chopped $ 2 celery ribs, finely chopped $ 1 medium onion, finely chopped $ 3 scallions, finely chopped $ 2 garlic cloves, finely chopped $ 2 1/2 cups long-grain white rice (1 pound) $ 1 (28-ounces) can diced tomatoes $ 3 1/2 cups water $ ",Onion $ Side $ Thanksgiving $ Quick & Easy $ Father's Day $ Dinner $ Meat $ Sausage $ Bell Pepper $ Gourmet $ Dairy Free $ Wheat/Gluten-Free $ Peanut Free $ Tree Nut Free $ Soy Free $ No Sugar Added $ ,American $ Cajun/Creole $ Southern $ ,3/4,18,Onion $ Side $ Thanksgiving $ Quick & Easy $ Father's Day $ Dinner $ Meat $ Sausage $ Bell Pepper $ Gourmet $ Dairy Free $ Wheat/Gluten-Free $ Peanut Free $ Tree Nut Free $ Soy Free $ No Sugar Added $ American $ Cajun/Creole $ Southern $ 
https://www.epicurious.com/recipes/food/views/cane-syrup-pecan-pie-355891,Cane Syrup Pecan Pie ,"one 9-inch pie shell $ 1/3 cup butter $ 1/2 teaspoon salt $ 1 cup pure cane syrup $ 1 cup brown sugar $ 3 eggs, beaten $ 1 teaspoon vanilla extract $ 2 1/2 tablespoons rum or bourbon $ 1/2 cup chopped pecans $ 1 cup pecan halves $ ",Dessert $ Bake $ Christmas $ Thanksgiving $ Pecan $ Kidney Friendly $ ,Southern $ ,3.5/4,24,Dessert $ Bake $ Christmas $ Thanksgiving $ Pecan $ Kidney Friendly $ Southern $ 
https://www.epicurious.com/recipes/food/views/confetti-corn-bread-crusted-shrimp-in-creole-filling-355390,Confetti Corn BreadCrusted Shrimp in Creole Filling ,"4 tablespoons unsalted butter $ 1 medium onion, chopped $ 2 stalks celery, thinly sliced $ 1/2 green bell pepper, chopped $ 2 cloves garlic, minced $ 1 tablespoon Creole seasoning $ 2 tablespoons flour $ One 14-ounce can diced tomatoes $ 1/2 cup tomato sauce $ 1 cup chicken broth $ 1 bay leaf $ 8 ounces bay shrimp $ 1/2 cup (1 stick) unsalted butter at room temperature $ 2 teaspoons granulated sugar $ 2 eggs at room temperature $ 1/4 cup peeled and diced mild green chiles, fresh or canned (drained) $ 1/2 cup corn kernels $ 1/2 cup canned cream-style corn $ 2 tablespoons finely chopped red bell pepper $ 2 tablespoons finely chopped green bell pepper $ 1/2 cup all-purpose flour $ 1/2 cup yellow cornmeal $ 1 tablespoon baking powder $ 1/2 teaspoon salt $ ",Bread $ Shellfish $ Vegetable $ Appetizer $ Side $ Bake $ Dinner $ Lunch $ Seafood $ Shrimp $ Fall $ Tailgating $ Potluck $ Chile Pepper $ Peanut Free $ Tree Nut Free $ Soy Free $ ,American $ Cajun/Creole $ Southern $ ,3.5/4,39,Bread $ Shellfish $ Vegetable $ Appetizer $ Side $ Bake $ Dinner $ Lunch $ Seafood $ Shrimp $ Fall $ Tailgating $ Potluck $ Chile Pepper $ Peanut Free $ Tree Nut Free $ Soy Free $ American $ Cajun/Creole $ Southern $ 
https://www.epicurious.com/recipes/food/views/braised-bacon-carolina-rice-355549,Braised Bacon Carolina Rice ,"1 (1/2-pound) piece slab bacon, cut crosswise into 1/4-inch-thick pieces $ 1 1/4 cups finely chopped onion $ 2/3 cup finely chopped celery $ 2 garlic cloves, minced $ 1/2 teaspoon dry mustard $ 1/4 teaspoon cayenne $ 1/4 teaspoon hot smoked paprika (piment&ocute;n picante) $ 4 cups chicken stock or reduced-sodium chicken broth $ 1/2 cup tomato juice $ 1 cup long-grain white rice (preferably Carolina Gold) $ 2 tablespoons chopped celery leaves $ 2 tablespoons unsalted butter $ 1/2 teaspoon kosher salt $ ",Tomato $ Side $ Braise $ Quick & Easy $ Dinner $ Bacon $ Paprika $ Gourmet $ Wheat/Gluten-Free $ Peanut Free $ Tree Nut Free $ Soy Free $ No Sugar Added $ ,Southern $ ,3.5/4,17,Tomato $ Side $ Braise $ Quick & Easy $ Dinner $ Bacon $ Paprika $ Gourmet $ Wheat/Gluten-Free $ Peanut Free $ Tree Nut Free $ Soy Free $ No Sugar Added $ Southern $ 
https://www.epicurious.com/recipes/food/views/lamb-shank-ragu-with-anson-mills-grits-355529,Lamb Shank Ragù with Anson Mills Grits ,"2 pounds lamb shanks $ Rounded 1/2 teaspoon kosher salt $ 1/4 cup olive oil, divided $ 1 cup chopped red onion $ 2 large garlic cloves, chopped $ 1/2 cup chopped plum tomatoes $ 2 tablespoons finely chopped sun-dried tomatoes $ 1/2 cup chopped celery $ 1/2 cup chopped fresh oyster mushrooms or white mushrooms $ 1/4 cup chopped fennel bulb $ 1 teaspoon thyme leaves $ 1/2 teaspoon hot red pepper flakes $ 3 cups chicken stock or reduced-sodium chicken broth $ 1 cup bourbon $ 1/2 tablespoon cider vinegar $ 1 teaspoon Worcestershire sauce $ 1 teaspoon soy sauce $ 1 teaspoon mild honey $ 1/2 cup chopped radicchio $ 1 scallion, chopped $ 1 1/2 cups chicken stock or reduced-sodium chicken broth $ 1 1/2 cups water $ 3/4 cup whole milk plus additional if necessary $ 1/2 cup quick-cooking grits (preferably Anson Mills) $ 1 (1/2-pound) piece Manchego cheese (preferably raw sheep's milk) $ 1 tablespoon sour cream $ 1 teaspoon fine sea salt $ ",Bourbon $ Cheese $ Lamb $ Mushroom $ Tomato $ Appetizer $ Stew $ Dinner $ Cornmeal $ Radicchio $ Gourmet $ Peanut Free $ Tree Nut Free $ ,Southern $ ,3.5/4,17,Bourbon $ Cheese $ Lamb $ Mushroom $ Tomato $ Appetizer $ Stew $ Dinner $ Cornmeal $ Radicchio $ Gourmet $ Peanut Free $ Tree Nut Free $ Southern $ 
https://www.epicurious.com/recipes/food/views/chicken-and-dumplings-355433,Chicken and Dumplings ,"2 (14-ounces) cans reduced-sodium chicken broth (3 1/2 cups) $ 2 cups water $ 2 (6-ounces skinless boneless chicken breast halves, halved lengthwise $ 2 large eggs $ 3 tablespoons unsalted butter, melted and cooled slightly, divided $ 1/2 cup all-purpose flour $ 2 teaspoons chopped dill $ 1/4 pound fresh mushrooms such as cremini or oyster, thinly sliced $ 1 garlic clove, thinly sliced $ Garnish: dill sprigs $ ",Chicken $ Egg $ Mushroom $ Quick & Easy $ Dinner $ Simmer $ Gourmet $ Sugar Conscious $ Peanut Free $ Tree Nut Free $ Soy Free $ No Sugar Added $ ,Southern $ ,2.5/4,8,Chicken $ Egg $ Mushroom $ Quick & Easy $ Dinner $ Simmer $ Gourmet $ Sugar Conscious $ Peanut Free $ Tree Nut Free $ Soy Free $ No Sugar Added $ Southern $ 
https://www.epicurious.com/recipes/food/views/horseradish-cheese-grits-with-confetti-of-roasted-poblano-peppers-and-red-onions-354949,Horseradish Cheese Grits with Confetti of Roasted Poblano Peppers and Red Onions ,"3 cups whole milk $ 3/4 teaspoon salt $ 1/4 teaspoon ground pepper $ 3/4 cup stone-ground grits (yellow, white, or a blend) $ 2 poblano peppers $ 1 tablespoon olive oil $ 1/2 large red onion, thinly sliced $ Salt and freshly ground pepper $ 3/4 cup grated aged white cheddar cheese $ 2 tablespoons prepared horseradish $ ",Onion $ Vegetable $ Side $ Vegetarian $ Dinner $ Hominy/Cornmeal/Masa $ Poblano $ Pescatarian $ Wheat/Gluten-Free $ Peanut Free $ Tree Nut Free $ Soy Free $ Kosher $ ,American $ Southern $ ,3.5/4,9,Onion $ Vegetable $ Side $ Vegetarian $ Dinner $ Hominy/Cornmeal/Masa $ Poblano $ Pescatarian $ Wheat/Gluten-Free $ Peanut Free $ Tree Nut Free $ Soy Free $ Kosher $ American $ Southern $ 
https://www.epicurious.com/recipes/food/views/vidalia-onion-tart-with-bacon-local-honey-and-fresh-thyme-354950,"Vidalia Onion Tart with Bacon, Local Honey, and Fresh Thyme ","3 cups all-purpose flour $ 1 cup cold, unsweetened butter, cut into 1-inch cubes $ 1 teaspoon salt $ 4 to 6 tablespoons ice water $ 4 slices bacon $ 5 large Vidalia onions, peeled, halved, and thinly sliced $ Salt and freshly ground pepper $ 2 tablespoons coarsely chopped fresh thyme leaves $ 1/4 cup dry white wine $ 3 tablespoons local honey $ 1 egg, beaten $ 2 tablespoons whole cream $ 1 (12-inch) tart pan or 2 (9-inch) tart pans $ ",Food Processor $ Onion $ Vegetable $ Brunch $ Bake $ Dinner $ Condiment $ Meat $ Bacon $ Honey $ Thyme $ Peanut Free $ Tree Nut Free $ Soy Free $ ,American $ Southern $ ,3.5/4,10,Food Processor $ Onion $ Vegetable $ Brunch $ Bake $ Dinner $ Condiment $ Meat $ Bacon $ Honey $ Thyme $ Peanut Free $ Tree Nut Free $ Soy Free $ American $ Southern $ 
https://www.epicurious.com/recipes/food/views/brown-sugar-and-coffee-barbecue-sauce-354930,Brown Sugar and Coffee Barbecue Sauce ,"2 tablespoons olive oil $ 1 3/4 cups chopped white onions $ 6 garlic cloves, chopped $ 2 tablespoons minced seeded jalapeño chile $ 1/2 cup (packed) dark brown sugar $ 2 tablespoons chili powder $ 2 tablespoons mild-flavored (light) molasses $ 2 tablespoons chopped fresh cilantro $ 1 teaspoon ground cumin $ 1 28-ounce can crushed tomatoes with added puree $ 1 cup low-salt chicken broth $ 1 cup freshly brewed strong coffee or 1 tablespoon instant espresso powder dissolved in 1 cup hot water $ ",Sauce $ Coffee $ Onion $ Tomato $ Low Fat $ Low Cal $ Backyard BBQ $ Low Cholesterol $ Molasses $ Bon Appétit $ ,Southern $ ,3/4,4,Sauce $ Coffee $ Onion $ Tomato $ Low Fat $ Low Cal $ Backyard BBQ $ Low Cholesterol $ Molasses $ Bon Appétit $ Southern $ 
https://www.epicurious.com/recipes/food/views/barbecue-chicken-hoecakes-with-vinegar-slaw-354910,Barbecue Chicken Hoecakes with Vinegar Slaw ,"1 1/2 pounds skinless boneless chicken thighs $ Olive oil $ Brown Sugar and Coffee Barbecue Sauce $ 1 cup yellow cornmeal $ 1/2 cup all purpose flour $ 2 teaspoons sugar $ 1 teaspoon baking powder $ 3/4 teaspoon salt $ 1 cup water $ 2 tablespoons (1/4 stick) butter, melted, plus additional for griddle $ 3/4 cup coarsely grated sharp cheddar cheese $ Vinegar Slaw $ 2 cups wood chips (such as hickory, apple, or cherry), soaked in 2 cups water for 1 hour, then drained; 13x9x1-inch disposable aluminum foil baking pan $ ",Chicken $ Bake $ High Fiber $ Backyard BBQ $ Dinner $ Vinegar $ Cheddar $ Cornmeal $ Summer $ Grill $ Grill/Barbecue $ Bon Appétit $ Sugar Conscious $ Peanut Free $ Tree Nut Free $ Soy Free $ ,Southern $ ,3.5/4,9,Chicken $ Bake $ High Fiber $ Backyard BBQ $ Dinner $ Vinegar $ Cheddar $ Cornmeal $ Summer $ Grill $ Grill/Barbecue $ Bon Appétit $ Sugar Conscious $ Peanut Free $ Tree Nut Free $ Soy Free $ Southern $ 
https://www.epicurious.com/recipes/food/views/individual-carolina-peach-tarte-tatins-with-lemon-ice-cream-354893,Individual Carolina Peach Tarte Tatins with Lemon Ice Cream ,"1 cup plus 2 tablespoons sugar plus additional for sprinkling $ 1/4 cup water $ 6 tablespoons (3/4 stick) unsalted butter $ 4 ripe peaches, peeled, halved, pitted $ 1 17.3-ounce package frozen puff pastry (2 sheets), thawed $ 1 egg yolk, beaten to blend with 1 teaspoon water (for glaze) $ Lemon Ice Cream $ 9 3/4-cup custard cups $ ",Dessert $ Lemon $ Peach $ Summer $ Bon Appétit $ Kidney Friendly $ Vegetarian $ Pescatarian $ Peanut Free $ Tree Nut Free $ Soy Free $ Kosher $ ,Southern $ ,3/4,9,Dessert $ Lemon $ Peach $ Summer $ Bon Appétit $ Kidney Friendly $ Vegetarian $ Pescatarian $ Peanut Free $ Tree Nut Free $ Soy Free $ Kosher $ Southern $ 
https://www.epicurious.com/recipes/food/views/black-pepper-biscuits-354833,Black Pepper Biscuits ,"4 cups all purpose flour $ 4 teaspoons baking powder $ 1 teaspoon baking soda $ 1 teaspoon salt $ 3/4 cup (1 1/2 sticks) chilled unsalted butter, cut into 1/2-inch cubes $ 1 1/2 cups chilled buttermilk $ Whipping cream $ Coarsely ground black pepper $ ",Cookies $ Bake $ Buttermilk $ Bon Appétit $ ,Southern $ ,3/4,3,Cookies $ Bake $ Buttermilk $ Bon Appétit $ Southern $ 
https://www.epicurious.com/recipes/food/views/fried-chicken-and-biscuits-with-pink-peppercorn-honey-butter-354874,Fried Chicken and Biscuits with Pink Peppercorn-Honey Butter ,"2 teaspoons pink peppercorns $ 1 cup clover honey $ 1 1/2 tablespoons fresh lime juice $ 2 teaspoons finely grated lime peel $ 1/4 teaspoon coarse kosher salt $ 3/4 cup (1 1/2 sticks) unsalted butter, room temperature $ 1/4 cup pink peppercorn-lime honey (see above) $ 1/4 teaspoon coarse kosher salt $ 6 cups buttermilk, divided $ 2 tablespoons coarse kosher salt $ 2 teaspoons hot pepper sauce $ 2 3 1/2-to 4-pound chickens, cut into wing, breast, thigh, and drumstick portions $ 4 cups all purpose flour $ 1 tablespoon garlic powder $ 1 tablespoon onion powder $ 1 tablespoon paprika $ 2 teaspoons cayenne pepper $ Peanut oil (for frying) $ Black Pepper Biscuits $ ",Chicken $ Kid-Friendly $ Dinner $ Deep-Fry $ Honey $ Butter $ Buttermilk $ Lime Juice $ Bon Appétit $ Tree Nut Free $ Soy Free $ ,Southern $ ,2.5/4,2,Chicken $ Kid-Friendly $ Dinner $ Deep-Fry $ Honey $ Butter $ Buttermilk $ Lime Juice $ Bon Appétit $ Tree Nut Free $ Soy Free $ Southern $ 
https://www.epicurious.com/recipes/food/views/butt-in-a-bag-354391,Butt in a Bag ,"3 tablespoons freshly ground black pepper $ 1 teaspoon fine sea salt $ One 5-pound (or more) bone-in pork shoulder $ 2 cups wood chips, soaked in water and drained $ Barbecue sauce of your choice (optional) $ ",Pork $ Father's Day $ Dinner $ Tailgating $ Grill $ Pescatarian $ Wheat/Gluten-Free $ Peanut Free $ Tree Nut Free $ Soy Free $ No Sugar Added $ Kosher $ ,Southern $ ,2/4,0,Pork $ Father's Day $ Dinner $ Tailgating $ Grill $ Pescatarian $ Wheat/Gluten-Free $ Peanut Free $ Tree Nut Free $ Soy Free $ No Sugar Added $ Kosher $ Southern $ 
https://www.epicurious.com/recipes/food/views/chocolate-cake-with-ganache-and-praline-topping-353852,Chocolate Cake with Ganache and Praline Topping ,"Nonstick vegetable oil spray $ 1/2 cup (1 stick) unsalted butter, cut into 1/2-inch cubes, room temperature $ 1/4 cup natural unsweetened cocoa powder $ 1/2 cup boiling water $ 1 cup all purpose flour $ 1 cup sugar $ 1/2 teaspoon baking soda $ 1/4 teaspoon coarse kosher salt $ 1/4 cup buttermilk $ 1 large egg $ 1/2 teaspoon vanilla extract $ 1 cup semisweet chocolate chips $ 3 tablespoons heavy whipping cream $ 2 tablespoons (1/4 stick) unsalted butter, cut into 1/2-inch cubes $ 3/4 cup (packed) dark brown sugar $ 1/4 cup heavy whipping cream $ 3 tablespoons unsalted butter $ 3/4 cup powdered sugar $ 1 teaspoon vanilla extract $ 1 cup pecans, toasted , chopped $ ",Cake $ Milk/Cream $ Microwave $ Chocolate $ Dessert $ Bake $ Fourth of July $ Pecan $ Butter $ Bon Appétit $ Kidney Friendly $ Vegetarian $ Pescatarian $ Peanut Free $ Soy Free $ Kosher $ ,Southern $ ,3.5/4,25,Cake $ Milk/Cream $ Microwave $ Chocolate $ Dessert $ Bake $ Fourth of July $ Pecan $ Butter $ Bon Appétit $ Kidney Friendly $ Vegetarian $ Pescatarian $ Peanut Free $ Soy Free $ Kosher $ Southern $ 
https://www.epicurious.com/recipes/food/views/neelys-barbecue-sauce-353569,Neely's Barbecue Sauce ,2 cups ketchup $ 1 cup water $ 1/4 cup light-brown sugar $ 1/4 cup granulated sugar $ 1 1/2 teaspoons freshly ground black pepper $ 1 1/2 teaspoons onion powder $ 1 1/2 teaspoons dry mustard powder $ 2 tablespoons fresh lemon juice $ 2 tablespoons Worcestershire sauce $ 1/2 cup apple-cider vinegar $ 2 tablespoons light corn syrup $ 1 tablespoon Neely's Barbecue Seasoning $ ,Sauce $ Backyard BBQ $ Summer $ ,Southern $ ,3.5/4,8,Sauce $ Backyard BBQ $ Summer $ Southern $ 
https://www.epicurious.com/recipes/food/views/broccoli-cheddar-cornbread-353272,Broccoli Cheddar Cornbread ,"1/2 cup unsalted butter $ 1 medium onion, chopped $ 2 garlic cloves, minced $ One 10-ounce package frozen chopped broccoli, thawed but not drained (or see headnote) $ Two 8 1/2-ounce boxes cornbread mix $ 1/2 cup whole milk $ One 8-ounce container cottage cheese $ 4 large eggs $ 1 tablespoon salt $ 1 cup plus 2 tablespoons grated sharp cheddar cheese, for topping $ ",Bread $ Side $ Bake $ Sauté $ Picnic $ Thanksgiving $ Cheddar $ Broccoli $ Sugar Conscious $ ,Southern $ ,3.5/4,11,Bread $ Side $ Bake $ Sauté $ Picnic $ Thanksgiving $ Cheddar $ Broccoli $ Sugar Conscious $ Southern $ 
https://www.epicurious.com/recipes/food/views/the-original-three-ingredient-rub-353270,The Original Three-Ingredient Rub ,"2 teaspoons granulated garlic $ 1 teaspoon smoked Spanish paprika $ 1 teaspoon whole cumin seeds, toasted in a dry skillet $ ",Quick & Easy $ Backyard BBQ $ Cumin $ Paprika $ ,Southern $ ,0/4,0,Quick & Easy $ Backyard BBQ $ Cumin $ Paprika $ Southern $ 
https://www.epicurious.com/recipes/food/views/dr-pepper-barbecue-sauce-353269,Dr. Pepper Barbecue Sauce ,"4 tablespoons (1/2 stick) unsalted butter $ 1 large yellow onion, chopped $ 4 cloves garlic, chopped $ 1 cup ketchup $ 3 tablespoons tomato paste $ One 12-ounce can Dr. Pepper $ 1/2 cup cider vinegar $ 1/3 cup Worcestershire sauce $ 1/2 cup packed dark brown sugar $ 2 teaspoons ancho or New Mexican chili powder $ 1 teaspoon fine-ground white pepper $ 1 teaspoon kosher salt $ ",Sauce $ Blender $ Garlic $ Sauté $ Quick & Easy $ Backyard BBQ $ Vinegar $ Simmer $ ,Southern $ ,3.5/4,10,Sauce $ Blender $ Garlic $ Sauté $ Quick & Easy $ Backyard BBQ $ Vinegar $ Simmer $ Southern $ 
https://www.epicurious.com/recipes/food/views/memphis-style-barbecued-pork-ribs-353290,Memphis-Style Barbecued Pork Ribs ,"Four 3-pound slabs pork spare ribs (also called St. Louis-style ribs), untrimmed $ Kosher salt $ 2 cups Neely's Barbecue Seasoning , plus more, as desired $ 4 cups Neely's Barbecue Sauce $ ",Kid-Friendly $ Graduation $ Father's Day $ Backyard BBQ $ Dinner $ Lunch $ Pork Rib $ Summer $ Grill $ Grill/Barbecue $ ,Southern $ ,2/4,3,Kid-Friendly $ Graduation $ Father's Day $ Backyard BBQ $ Dinner $ Lunch $ Pork Rib $ Summer $ Grill $ Grill/Barbecue $ Southern $ 
https://www.epicurious.com/recipes/food/views/mop-101-simple-apple-cider-mop-353250,Mop 101: Simple Apple Cider Mop ,1 tablespoon your favorite dry rub $ 1 1/2 cups apple juice $ 1 1/2 cups water $ 1 1/2 teaspoons fine-ground sea salt $ ,Sauce $ Fourth of July $ Quick & Easy $ Father's Day $ Backyard BBQ $ Apple Juice $ ,Southern $ ,0/4,0,Sauce $ Fourth of July $ Quick & Easy $ Father's Day $ Backyard BBQ $ Apple Juice $ Southern $ 
https://www.epicurious.com/recipes/food/views/citrus-collards-with-raisins-redux-352451,Citrus Collards with Raisins Redux ,"2 large bunches collard greens, ribs removed, cut into a chiffonade, rinsed and drained $ 1 tablespoon extra-virgin olive oil $ 2 cloves garlic, minced $ 2/3 cup raisins $ 1/3 cup freshly squeezed orange juice $ ",Fruit $ Leafy Green $ Vegetable $ Side $ Vegetarian $ Dried Fruit $ Raisin $ Vegan $ Collard Greens $ Pescatarian $ Paleo $ Dairy Free $ Wheat/Gluten-Free $ Peanut Free $ Tree Nut Free $ Soy Free $ No Sugar Added $ Kosher $ ,American $ Southern $ ,3.5/4,12,Fruit $ Leafy Green $ Vegetable $ Side $ Vegetarian $ Dried Fruit $ Raisin $ Vegan $ Collard Greens $ Pescatarian $ Paleo $ Dairy Free $ Wheat/Gluten-Free $ Peanut Free $ Tree Nut Free $ Soy Free $ No Sugar Added $ Kosher $ American $ Southern $ 
https://www.epicurious.com/recipes/food/views/black-eyed-pea-fritters-with-hot-pepper-sauce-352350,Black-Eyed Pea Fritters with Hot Pepper Sauce ,"1 cup dried black-eyed peas, sorted, soaked overnight, drained, and rinsed $ 1/2 medium onion, diced $ 1/2 cup raw peanuts $ 1 teaspoon minced thyme $ 1/4 teaspoon cayenne $ 1 tablespoon apple cider vinegar $ 1/4 cup plus 2 tablespoons water $ 1 teaspoon coarse sea salt $ 1/2 cup finely chopped green bell pepper $ 1 tablespoon cornmeal $ 5 cups coconut oil $ ",Food Processor $ Vegetable $ Side $ Vegetarian $ Dinner $ Lunch $ Legume $ Deep-Fry $ Vegan $ New Year's Day $ Sugar Conscious $ Pescatarian $ Dairy Free $ Wheat/Gluten-Free $ Tree Nut Free $ Soy Free $ No Sugar Added $ Kosher $ ,African $ American $ Southern $ ,3.5/4,10,Food Processor $ Vegetable $ Side $ Vegetarian $ Dinner $ Lunch $ Legume $ Deep-Fry $ Vegan $ New Year's Day $ Sugar Conscious $ Pescatarian $ Dairy Free $ Wheat/Gluten-Free $ Tree Nut Free $ Soy Free $ No Sugar Added $ Kosher $ African $ American $ Southern $ 
https://www.epicurious.com/recipes/food/views/agave-sweetened-orange-orange-pekoe-tea-352390,Agave-Sweetened Orange-Orange Pekoe Tea ,"12 cups cold water $ 2 2-inch cinnamon sticks $ 12 tea bags orange-flavored black tea $ 2 cups freshly squeezed orange juice $ 1/2 cup freshly squeezed lemon juice $ 1 1/2 cups agave nectar $ Ice cubes $ Thin orange wedges, for garnish $ ",Tea $ Non-Alcoholic $ Fourth of July $ Picnic $ Vegetarian $ Kid-Friendly $ Kentucky Derby $ Graduation $ Father's Day $ Backyard BBQ $ Iced Tea $ Summer $ Birthday $ Family Reunion $ Party $ Drink $ ,American $ Southern $ ,4/4,5,Tea $ Non-Alcoholic $ Fourth of July $ Picnic $ Vegetarian $ Kid-Friendly $ Kentucky Derby $ Graduation $ Father's Day $ Backyard BBQ $ Iced Tea $ Summer $ Birthday $ Family Reunion $ Party $ Drink $ American $ Southern $ 
https://www.epicurious.com/recipes/food/views/hot-pepper-sauce-352373,Hot Pepper Sauce ,"1/4 cup extra-virgin olive oil $ 1 small red onion, diced $ 1/2 teaspoon cumin $ 1/8 teaspoon cayenne $ Coarse sea salt $ 1 large clove garlic, minced $ 1 habanero chile, minced $ 1/4 cup tomato paste $ 1/4 cup tomato sauce $ 2 teaspoons apple cider vinegar $ 1/4 cup water $ 1/4 teaspoon freshly ground white pepper $ ",Sauce $ Blender $ Pepper $ Vegetable $ Sauté $ Vegetarian $ Hot Pepper $ Vegan $ ,American $ Southern $ ,3.5/4,6,Sauce $ Blender $ Pepper $ Vegetable $ Sauté $ Vegetarian $ Hot Pepper $ Vegan $ American $ Southern $ 
https://www.epicurious.com/recipes/food/views/white-beans-with-tasso-352672,White Beans with Tasso ,"3 1/4 cups (or more) water $ 12 ounces dried Great Northern beans (about 1 3/4 cups), rinsed $ 1 smoked ham hock (8 to 9 ounces) $ 1 1/2 ounces tasso* or andouille sausage, finely diced (generous 1/3 cup) $ 1 small onion, chopped $ 2 large celery stalks, chopped $ 1 small red bell pepper, diced $ 2 medium garlic cloves, chopped $ 2 bay leaves $ ",Slow Cooker $ Bean $ Side $ Low Cal $ High Fiber $ Sausage $ Bon Appétit $ Wheat/Gluten-Free $ Peanut Free $ Tree Nut Free $ Soy Free $ No Sugar Added $ ,Cajun/Creole $ Southern $ ,3/4,4,Slow Cooker $ Bean $ Side $ Low Cal $ High Fiber $ Sausage $ Bon Appétit $ Wheat/Gluten-Free $ Peanut Free $ Tree Nut Free $ Soy Free $ No Sugar Added $ Cajun/Creole $ Southern $ 
https://www.epicurious.com/recipes/food/views/coleslaw-with-remoulade-dressing-352611,Coleslaw with Remoulade Dressing ,"1 2-pound green cabbage, quartered, cored, very thinly sliced (10 to 11 cups) $ 4 large carrots, peeled, shredded $ 2 teaspoons coarse kosher salt, divided, plus more for seasoning $ 2/3 cup mayonnaise $ 1/3 cup Creole mustard $ 3 large green onions, chopped $ 3 tablespoons chopped fresh parsley $ 1 small celery stalk, chopped $ 2 tablespoons fresh lemon juice $ 1/2 teaspoon sugar $ ",Salad $ Side $ Vegetarian $ Low Cal $ High Fiber $ Backyard BBQ $ Carrot $ Summer $ Cabbage $ Bon Appétit $ Pescatarian $ Dairy Free $ Wheat/Gluten-Free $ Peanut Free $ Tree Nut Free $ Soy Free $ Kosher $ ,Cajun/Creole $ Southern $ ,3.5/4,7,Salad $ Side $ Vegetarian $ Low Cal $ High Fiber $ Backyard BBQ $ Carrot $ Summer $ Cabbage $ Bon Appétit $ Pescatarian $ Dairy Free $ Wheat/Gluten-Free $ Peanut Free $ Tree Nut Free $ Soy Free $ Kosher $ Cajun/Creole $ Southern $ 
https://www.epicurious.com/recipes/food/views/southern-fried-chicken-with-country-gravy-352491,Southern Fried Chicken with Country Gravy ,"1 fryer chicken (2 1/2-3 1/2 lb) $ Salt and freshly ground pepper $ 1 cup buttermilk $ 1 Tbsp mustard $ 2 tsp chopped fresh tarragon $ 2 tsp all-purpose flour, plus more for dredging $ Vegetable oil for pan-frying $ 1 cup whole milk, warmed $ ",Picnic $ Dinner $ Family Reunion $ Deep-Fry $ Party $ Peanut Free $ Tree Nut Free $ Soy Free $ No Sugar Added $ ,Southern $ ,3/4,10,Picnic $ Dinner $ Family Reunion $ Deep-Fry $ Party $ Peanut Free $ Tree Nut Free $ Soy Free $ No Sugar Added $ Southern $ 
https://www.epicurious.com/recipes/food/views/buttered-peas-with-onion-241170,Buttered Peas with Onion ,"2/3 cup water $ 1 medium onion, chopped $ 2 tablespoons unsalted butter $ 1 pound frozen peas (3 1/2 cups) $ ",Onion $ Side $ Vegetarian $ Quick & Easy $ Pea $ Gourmet $ Kidney Friendly $ Pescatarian $ Wheat/Gluten-Free $ Peanut Free $ Tree Nut Free $ Soy Free $ No Sugar Added $ Kosher $ ,Southern $ ,3/4,4,Onion $ Side $ Vegetarian $ Quick & Easy $ Pea $ Gourmet $ Kidney Friendly $ Pescatarian $ Wheat/Gluten-Free $ Peanut Free $ Tree Nut Free $ Soy Free $ No Sugar Added $ Kosher $ Southern $ 
https://www.epicurious.com/recipes/food/views/fried-chicken-with-bacon-and-pepper-cream-gravy-241168,Fried Chicken with Bacon and Pepper Cream Gravy ,"1 whole chicken (about 3 1/2 pounds), cut into 8 pieces $ 3 cups well-shaken buttermilk $ 1 large onion, thinly sliced $ 2 teaspoons hot sauce such as Tabasco $ 2 cups all-purpose flour $ 2 teaspoons paprika $ 1/8 teaspoon cayenne $ 8 bacon slices (1/2 pound) $ About 3 cups vegetable oil $ 4 teaspoons all-purpose flour $ 2 cups whole milk $ Equipment: a deep-fat thermometer $ ",Milk/Cream $ Chicken $ Fry $ Marinate $ Fourth of July $ Picnic $ Dinner $ Lunch $ Bacon $ Spice $ Gourmet $ Peanut Free $ Tree Nut Free $ Soy Free $ No Sugar Added $ ,American $ Southern $ ,3.5/4,10,Milk/Cream $ Chicken $ Fry $ Marinate $ Fourth of July $ Picnic $ Dinner $ Lunch $ Bacon $ Spice $ Gourmet $ Peanut Free $ Tree Nut Free $ Soy Free $ No Sugar Added $ American $ Southern $ 
https://www.epicurious.com/recipes/food/views/cheese-straws-241167,Cheese Straws ,"1/4 pound coarsely grated extra-sharp Cheddar (1 1/2 cups) $ 1 cup all-purpose flour $ 3/4 stick cold unsalted butter, cut into tablespoons $ 1/2 teaspoon salt $ Rounded 1/8 teaspoon cayenne $ 1 1/2 tablespoons milk $ ",Food Processor $ Cheese $ Bake $ Cocktail Party $ Vegetarian $ Oscars $ Cheddar $ Spice $ Gourmet $ Cheese Week $ ,Southern $ ,3.5/4,66,Food Processor $ Cheese $ Bake $ Cocktail Party $ Vegetarian $ Oscars $ Cheddar $ Spice $ Gourmet $ Cheese Week $ Southern $ 
https://www.epicurious.com/recipes/food/views/mashed-red-skinned-potatoes-241169,Mashed Red-Skinned Potatoes ,"2 pound red potatoes (preferably organic) $ 1 cup whole milk $ 1/2 stick unsalted butter, softened $ ",Milk/Cream $ Potato $ Side $ Quick & Easy $ Simmer $ Gourmet $ Vegetarian $ Pescatarian $ Wheat/Gluten-Free $ Peanut Free $ Tree Nut Free $ Soy Free $ No Sugar Added $ Kosher $ ,American $ Southern $ ,3.5/4,12,Milk/Cream $ Potato $ Side $ Quick & Easy $ Simmer $ Gourmet $ Vegetarian $ Pescatarian $ Wheat/Gluten-Free $ Peanut Free $ Tree Nut Free $ Soy Free $ No Sugar Added $ Kosher $ American $ Southern $ 
https://www.epicurious.com/recipes/food/views/sweet-cucumber-and-radish-salad-241171,Sweet Cucumber and Radish Salad ,1 large cucumber (1 pound) $ 1 bunch radishes $ 1/4 cup cider vinegar $ 1 1/2 tablespoons sugar $ 1 tablespoon vegetable oil $ ,Salad $ Side $ Vegetarian $ Quick & Easy $ Cucumber $ Radish $ Healthy $ Gourmet $ Kidney Friendly $ Vegan $ Pescatarian $ Dairy Free $ Wheat/Gluten-Free $ Peanut Free $ Tree Nut Free $ Soy Free $ Kosher $ ,American $ Southern $ ,2/4,9,Salad $ Side $ Vegetarian $ Quick & Easy $ Cucumber $ Radish $ Healthy $ Gourmet $ Kidney Friendly $ Vegan $ Pescatarian $ Dairy Free $ Wheat/Gluten-Free $ Peanut Free $ Tree Nut Free $ Soy Free $ Kosher $ American $ Southern $ 
https://www.epicurious.com/recipes/food/views/cheddar-dill-biscuits-352310,Cheddar Dill Biscuits ,"1 1/2 cups plus 2 tablespoon all-purpose flour $ 2 teaspoons baking powder $ 1 teaspoon paprika $ 3/4 teaspoon salt $ 5 tablespoons cold unsalted butter, cut into small pieces $ 2 tablespoons chopped dill $ 1 cup coarsely grated sharp Cheddar $ 1/2 cup whole milk $ 1/4 cup heavy cream $ ",Bread $ Milk/Cream $ Bake $ Quick & Easy $ Cheddar $ Dill $ Butter $ Gourmet $ ,Southern $ ,3.5/4,8,Bread $ Milk/Cream $ Bake $ Quick & Easy $ Cheddar $ Dill $ Butter $ Gourmet $ Southern $ 
