link,name,ingredients,recipe_category,recipe_cuisine,rating,rating_count,keywords
https://www.epicurious.com/recipes/food/views/cardamom-sharbat-lemonade,Cardamom Sharbat ,1 tablespoon green cardamom pods $ 1/2 cup freshly squeezed lemon juice (from about 3 lemons) $ 1 cup granulated sugar $ Cold still or sparkling water $ ,Lemon $ Lemon Juice $ Citrus $ Drink $ Summer $ Drinks $ Non-Alcoholic $ Cardamom $ ,Middle Eastern $ African $ ,0/4,0,Lemon $ Lemon Juice $ Citrus $ Drink $ Summer $ Drinks $ Non-Alcoholic $ Cardamom $ Middle Eastern $ African $ 
https://www.epicurious.com/recipes/food/views/moroccan-lamb-tagine-with-potatoes-and-peas-lham-bel-btata-wa-jeblana,Lamb Tagine with Potatoes and Peas (L'Ham Bel B'Tata Wa Jeblana) ,"4 lamb shanks (3 pounds 5 ounces/1.5 kg total) $ 2 medium onions (10 1/2 ounces/300 g total), halved and cut into thin wedges $ 2 cloves garlic, finely chopped $ 1 teaspoon paprika $ 1/2 teaspoon ground cumin $ 1/2 teaspoon ground ginger $ 1/2 teaspoon finely ground black pepper $ Good pinch of saffron threads $ Sea salt $ 1/4 cup (60 ml) extra-virgin olive oil $ 1/4 bunch flat-leaf parsley (2 ounces/50 g), most of the bottom stems discarded, finely chopped $ 1/4 bunch cilantro (2 ounces/50 g), most of the bottom stems discarded, finely chopped $ 1 pound 2 ounces (500 g) new potatoes, scrubbed clean and left whole if very small or halved if medium $ 9 ounces (250 g) fresh or thawed frozen petits pois (see Note) $ Moroccan bread, for serving $ ",HarperCollins $ HarperCollins $ Dinner $ Lamb $ Onion $ Parsley $ Cilantro $ Potato $ Lamb Shank $ ,Moroccan $ African $ ,0/4,0,HarperCollins $ HarperCollins $ Dinner $ Lamb $ Onion $ Parsley $ Cilantro $ Potato $ Lamb Shank $ Moroccan $ African $ 
https://www.epicurious.com/recipes/food/views/north-african-chicken-and-spinach-stew,North African Chicken and Spinach Stew ,"1 whole chicken (about 2 1/2 pounds) $ 3 celery stalks, roughly chopped $ 2 carrots, roughly chopped $ 1 medium onion, roughly chopped $ 3 bay leaves $ Sea salt $ 10 garlic cloves $ 6 tablespoons (3/4 stick) salted butter $ 1/2 teaspoon freshly cracked black pepper $ 1 cinnamon stick $ 10 ounces baby spinach, chopped (about 8 cups) $ 1 tablespoon granulated onion $ 1 tablespoon granulated garlic $ 1 tablespoon paprika $ 1/4 teaspoon cayenne pepper $ 1 tablespoon dried oregano $ Cooked basmati rice, for serving $ Lemon wedges, for serving (optional) $ ",HarperCollins $ HarperCollins $ Dinner $ Chicken $ Soup/Stew $ Stew $ Spinach $ Paprika $ Oregano $ Rice $ Cinnamon $ Garlic $ ,African $ ,0/4,0,HarperCollins $ HarperCollins $ Dinner $ Chicken $ Soup/Stew $ Stew $ Spinach $ Paprika $ Oregano $ Rice $ Cinnamon $ Garlic $ African $ 
https://www.epicurious.com/recipes/food/views/moroccan-spiced-chicken-with-millet-tabbouleh,Moroccan-Spiced Chicken with Millet Tabbouleh ,"2 cups coconut yogurt, plain $ Juice of 1 lemon $ Zest of 1 lemon $ Zest of 1 orange $ 1/2 teaspoon cinnamon $ 1/2 teaspoon cumin $ 1/2 teaspoon paprika $ 1/2 teaspoon black pepper $ 1/2 teaspoon turmeric $ 1/2 teaspoon sea salt $ 4 pasture-raised chicken thighs $ 2 cups cooked millet $ 1/2 cup minced parsley $ 1/2 cup minced mint $ 1/4 cup minced dill $ 1 teaspoon iodized sea salt $ 1 tablespoon extra-virgin olive oil $ Juice of 1 lemon $ 1/4 cup red wine vinegar $ ",HarperCollins $ HarperCollins $ Dinner $ Chicken $ Grains $ Dairy Free $ Wheat/Gluten-Free $ Quick & Easy $ ,Moroccan $ Middle Eastern $ African $ ,0/4,0,HarperCollins $ HarperCollins $ Dinner $ Chicken $ Grains $ Dairy Free $ Wheat/Gluten-Free $ Quick & Easy $ Moroccan $ Middle Eastern $ African $ 
https://www.epicurious.com/recipes/food/views/somali-beef-stew-with-spiced-rice-bariis-maraq,Somali Beef Stew with Spiced Rice (Bariis Maraq) ,"1/2 (3"") cinnamon stick, broken into 1/2"" pieces with the back of a chef’s knife $ 1/4 cup coriander seeds $ 1/4 cup cumin seeds $ 1 tablespoon black peppercorns $ 2 teaspoons cardamom pods $ 1/2 teaspoon whole cloves $ 1 tablespoon ground turmeric $ 2 cups basmati rice $ 6 tablespoons olive oil, divided $ 2 medium red onions, sliced, divided $ 6 garlic cloves, finely chopped, divided $ 1 pound boneless beef chuck, cut into 3/4"" pieces (about 3 cups) $ 2 tablespoons tomato paste $ 2 russet potatoes, peeled, cut into 1"" cubes (about 3 cups) $ 1 medium carrot, peeled, halved lengthwise, cut crosswise into 1/4""-thick half-moons (about 1 cup) $ 1 red bell pepper, sliced into 1/4"" strips (about 2 cups) $ 5 teaspoons kosher salt, divided $ 1 (3"") cinnamon stick $ 4 whole cloves $ 1/4 teaspoon ground cardamom $ 1 medium tomato, sliced (about 1 cup) $ Green or red Somali hot sauce, such as BasBaas, cilantro, lime wedges, and sliced banana (for serving) $ A spice mill or mortar and pestle $ ",Stew $ Soup/Stew $ Dinner $ Beef $ Spice $ Coriander $ Cumin $ Cinnamon $ Cardamom $ Rice $ Garlic $ Clove $ Somalia $ Wheat/Gluten-Free $ ,African $ ,3/4,1,Stew $ Soup/Stew $ Dinner $ Beef $ Spice $ Coriander $ Cumin $ Cinnamon $ Cardamom $ Rice $ Garlic $ Clove $ Somalia $ Wheat/Gluten-Free $ African $ 
https://www.epicurious.com/recipes/food/views/spiced-moroccan-vegetable-soup-with-chickpeas-cilantro-and-lemon-harira,"Spiced Moroccan Vegetable Soup with Chickpeas, Cilantro, and Lemon (Harira) ","4 tablespoons olive oil $ 1 large onion, diced (about 2 cups) $ 3 stalks celery, diced (about 1 1/2 cups) $ 3 large carrots, peeled and cut in rounds $ 1/2 teaspoon ground turmeric $ 1 teaspoon ground cumin $ 1/2 to 1 teaspoon harissa or dried red chile flakes, plus more for serving $ Salt to taste $ 1 bunch parsley, chopped (about 1 1/2 cups/75 grams), divided $ 1 bunch cilantro, chopped (about 1 1/2 cups/75 grams), divided $ 1 (15-ounce/425-gram) can tomatoes, crushed, or 2 cups (450 grams) tomato sauce $ 7 cups (1 2/3 liters) chicken or vegetable stock $ 1 cup (200 grams) dried chickpeas, soaked overnight and cooked or 1 (15-ounce/425-gram) can chickpeas, drained $ 1 cup (370 grams) green lentils $ 1 teaspoon freshly ground black pepper $ 2 tablespoons all-purpose unbleached flour $ 1 large egg $ Juice of 2 lemons (about 1/4 cup) $ ",Rosh Hashanah/Yom Kippur $ Soup/Stew $ Dinner $ Kosher $ Vegetarian $ Chickpea $ Lentil $ Parsley $ Cilantro $ Carrot $ Tomato $ ,Moroccan $ African $ Jewish $ ,4/4,33,Rosh Hashanah/Yom Kippur $ Soup/Stew $ Dinner $ Kosher $ Vegetarian $ Chickpea $ Lentil $ Parsley $ Cilantro $ Carrot $ Tomato $ Moroccan $ African $ Jewish $ 
https://www.epicurious.com/recipes/food/views/marrakech-chicken-stew-with-preserved-lemon-and-olives,Slow-Cooker Marrakech Chicken Stew With Preserved Lemon and Olives ,"1 tablespoon cumin seed $ 2 teaspoons coriander seed $ 1/2 cup flour $ 1 teaspoon salt $ 1 teaspoon ground black pepper $ 4 pounds chicken pieces, or 1 cut-up chicken, skin removed $ 2 tablespoons extra-virgin olive oil $ 2 onions, chopped $ 2 cloves garlic, minced $ 1/2 cup white wine $ 1 1/2 cups chicken broth $ Juice and finely grated zest of 1 lemon $ 1 preserved lemon, homemade or purchased, finely chopped $ 1/4 cup chopped fresh Italian (flat-leaf) parsley $ 1/2 cup pitted kalamata olives $ 5–6 quart slow cooker $ ",Slow Cooker $ Chicken $ Lemon $ Dinner $ Olive $ ,Moroccan $ African $ ,4/4,2,Slow Cooker $ Chicken $ Lemon $ Dinner $ Olive $ Moroccan $ African $ 
https://www.epicurious.com/recipes/food/views/roasted-red-pepper-harissa,Roasted Red Pepper Harissa ,"4 garlic cloves $ 1/2 cup olive oil $ 1/2 teaspoon caraway seeds $ 1/2 teaspoon coriander seeds $ 1/2 teaspoon cumin seeds $ 1/4 teaspoon black peppercorns $ 6 roasted red peppers from a jar, seeds removed $ 1 fresh red chile (such as cayenne or Fresno), halved, seeds removed $ 1 tablespoon red wine vinegar $ 1/2 teaspoon sugar $ Kosher salt $ A spice mill $ ",Bon Appétit $ Sauce $ Bell Pepper $ Caraway $ Coriander $ Cumin $ Chile Pepper $ Condiment $ ,African $ ,0/4,0,Bon Appétit $ Sauce $ Bell Pepper $ Caraway $ Coriander $ Cumin $ Chile Pepper $ Condiment $ African $ 
https://www.epicurious.com/recipes/food/views/dukkah-crusted-salmon-with-cucumber-and-chilli-salad,Dukkah-Crusted Salmon With Cucumber and Chile Salad ,"1 1/2 cups (75g) puffed amaranth $ 2 tablespoons store-bought dukkah $ 1 teaspoon sea salt flakes $ 4 (200g) salmon fillets, skin removed $ 2 eggs, lightly beaten $ 2 tablespoons extra-virgin olive oil $ 1 long green chile, thinly sliced $ 1/4 cup (60ml) extra virgin olive oil, plus more $ 1/4 cup (60ml) lime juice $ 1 clove garlic, crushed $ 2 tablespoons chopped cilantro $ Sea salt and cracked black pepper $ 4 cups (50g) snow pea tendrils $ 2 Lebanese cucumbers (260g), thinly sliced $ Chervil sprigs, to serve $ ",HarperCollins $ Dinner $ Seafood $ Fish $ Salmon $ Egypt $ Cucumber $ Hot Pepper $ Quick & Easy $ ,African $ ,2/4,5,HarperCollins $ Dinner $ Seafood $ Fish $ Salmon $ Egypt $ Cucumber $ Hot Pepper $ Quick & Easy $ African $ 
https://www.epicurious.com/recipes/food/views/harissa-crusted-swordfish,Harissa-Crusted Swordfish ,"2 red chiles (such as Fresno) $ 2 tablespoons coriander seeds $ 2 tablespoons cumin seeds $ 1/2 preserved lemon, flesh removed $ 2 garlic cloves $ 1 cup olive oil $ 2 tablespoons tomato paste $ Kosher salt, freshly ground pepper $ 4 (8-ounce) swordfish fillets (about 1-inch thick) $ 2 tablespoons vegetable oil $ ",Bon Appétit $ Fish $ Swordfish $ Chile $ Coriander $ Cumin $ Lemon $ Dinner $ ,African $ ,2.5/4,2,Bon Appétit $ Fish $ Swordfish $ Chile $ Coriander $ Cumin $ Lemon $ Dinner $ African $ 
https://www.epicurious.com/recipes/food/views/mashed-yam-and-plantain,Yam and Plantain Scoop ,1 pound puna yam $ 1 black plantain $ 2 tablespoons extra-virgin coconut oil $ 1 teaspoon ground white pepper $ 1 teaspoon fine sea salt $ ,HarperCollins $ Sweet Potato/Yam $ Plantain $ Side $ Vegan $ Vegetarian $ Pescatarian $ Dairy Free $ Wheat/Gluten-Free $ Peanut Free $ Tree Nut Free $ Soy Free $ No Sugar Added $ Kosher $ ,African $ ,0/4,0,HarperCollins $ Sweet Potato/Yam $ Plantain $ Side $ Vegan $ Vegetarian $ Pescatarian $ Dairy Free $ Wheat/Gluten-Free $ Peanut Free $ Tree Nut Free $ Soy Free $ No Sugar Added $ Kosher $ African $ 
https://www.epicurious.com/recipes/food/views/kiwi-ice-pop,Kiwi Ice Pop ,4 kiwi fruits $ ,HarperCollins $ Kiwi $ Frozen Dessert $ Fruit $ Healthy $ snack $ Paleo $ Vegan $ Vegetarian $ Wheat/Gluten-Free $ ,African $ ,0/4,0,HarperCollins $ Kiwi $ Frozen Dessert $ Fruit $ Healthy $ snack $ Paleo $ Vegan $ Vegetarian $ Wheat/Gluten-Free $ African $ 
https://www.epicurious.com/recipes/food/views/african-jollof-rice,Jollof Rice ,"4 red bell peppers $ 2 medium to large onions $ 3 bulbs of garlic $ 2 teaspoons salt $ 1/2 a Scotch bonnet pepper $ 1/4 pound plum tomatoes $ 1/4 cup sunflower oil $ 1 teaspoon dried thyme $ 1/2 teaspoon ground ginger $ 1/2 teaspoon cayenne pepper
or alternative $ 1/4 teaspoon smoked paprika $ 1 heaping teaspoon tomato paste $ Generous 2 cups chicken stock $ 1 teaspoon red palm oil $ 1 1/4 cups white basmati rice $ ",HarperCollins $ Rice $ Side $ Chile Pepper $ Onion $ Tomato $ Spice $ Dairy Free $ Wheat/Gluten-Free $ Peanut Free $ Tree Nut Free $ Soy Free $ No Sugar Added $ Kosher $ ,African $ ,3/4,1,HarperCollins $ Rice $ Side $ Chile Pepper $ Onion $ Tomato $ Spice $ Dairy Free $ Wheat/Gluten-Free $ Peanut Free $ Tree Nut Free $ Soy Free $ No Sugar Added $ Kosher $ African $ 
https://www.epicurious.com/recipes/food/views/blender-chermoula-sauce,Blender Chermoula Sauce ,3/4 teaspoon coriander seeds $ 3/4 teaspoon cumin seeds $ 2 garlic cloves $ 3/4 cup extra-virgin olive oil $ 1/4 teaspoon finely grated lemon zest $ 1/4 cup fresh lemon juice $ 1 teaspoon smoked paprika $ 3/4 teaspoon kosher salt $ 1/4–1/2 teaspoon crushed red pepper flakes $ 1 cup (packed) cilantro leaves with tender stems $ 1 cup (packed) parsley leaves with tender stems $ 1/2 cup (packed) mint leaves $ ,Sauce $ Herb $ Parsley $ Cilantro $ Mint $ Coriander $ Cumin $ Lemon Juice $ Paprika $ Flaming Hot Summer $ Sauce Secrets $ ,African $ Moroccan $ ,4/4,4,Sauce $ Herb $ Parsley $ Cilantro $ Mint $ Coriander $ Cumin $ Lemon Juice $ Paprika $ Flaming Hot Summer $ Sauce Secrets $ African $ Moroccan $ 
https://www.epicurious.com/recipes/food/views/stuffed-dates-51173800,Stuffed Dates ,"3/4 cup/100 g ground almonds $ 3 Tbsp powdered sugar $ 2 tsp orange flower water $ Food coloring (optional) $ 12 mejhoul dates or other large, sweet date variety with pits $ 12 walnut halves or 12 unsalted toasted almonds without skins $ ",Fruit $ Nut $ Dessert $ Ramadan $ Date $ Tree Nut $ Almond $ Party $ Vegan $ Vegetarian $ Pescatarian $ Dairy Free $ Wheat/Gluten-Free $ Peanut Free $ Soy Free $ Kosher $ ,African $ Moroccan $ ,0/4,0,Fruit $ Nut $ Dessert $ Ramadan $ Date $ Tree Nut $ Almond $ Party $ Vegan $ Vegetarian $ Pescatarian $ Dairy Free $ Wheat/Gluten-Free $ Peanut Free $ Soy Free $ Kosher $ African $ Moroccan $ 
https://www.epicurious.com/recipes/food/views/phyllo-triangles-stuffed-with-fresh-cheese-em-briouats-bil-jben-em-51173810,Phyllo Triangles Stuffed with Fresh Cheese (briouats bil jben) ,"1/2 lb/225 g ricotta, fresh semisoft farmer's cheese, or Mexican queso fresco $ 1 large egg $ Heaped 1 Tbsp finely chopped fresh cilantro $ 4 sheets phyllo dough or warqa, plus more in case of breakage $ Olive oil for brushing $ 1 egg yolk, whisked $ Honey $ Light olive oil or vegetable oil for frying $ 1 Tbsp toasted sesame seeds $ ",Cheese $ Dairy $ Appetizer $ Fry $ Ramadan $ Ricotta $ Phyllo/Puff Pastry Dough $ Sugar Conscious $ Kidney Friendly $ Vegetarian $ Pescatarian $ Peanut Free $ Tree Nut Free $ Soy Free $ Kosher $ ,African $ Moroccan $ ,4/4,2,Cheese $ Dairy $ Appetizer $ Fry $ Ramadan $ Ricotta $ Phyllo/Puff Pastry Dough $ Sugar Conscious $ Kidney Friendly $ Vegetarian $ Pescatarian $ Peanut Free $ Tree Nut Free $ Soy Free $ Kosher $ African $ Moroccan $ 
https://www.epicurious.com/recipes/food/views/harira-51174000,Harira ,"1 lb/455 g stewing beef, cut into 1/2-in/12-mm cubes $ 1 cup/170 g finely chopped celery stalks, tender green parts and leaves only $ 1 medium onion, finely chopped $ 1/3 cup/15 g loosely packed, finely chopped fresh flat-leaf parsley $ 1/3 cup/15 g loosely packed, finely chopped fresh cilantro $ 1 Tbsp butter, smen, or olive oil $ 1 tsp ground ginger $ 1/2 tsp ground cinnamon $ Salt and freshly ground black pepper $ Two 14-oz/410-g cans peeled whole tomatoes, seeded and puréed with all the juices $ 3 Tbsp tomato paste $ 1 cup/170 g canned chickpeas, rinsed $ 1/4 cup/30 g all-purpose flour $ Juice of 1 lemon $ 1 oz/30 g vermicelli or angel hair pasta, broken into 3/4-in/2-cm lengths $ 1 lemon, cut into wedges $ 12 dates, preferably mejhoul $ 12 dried figs $ ",Soup/Stew $ Beef $ Tomato $ Ramadan $ Meat $ Simmer $ ,African $ Moroccan $ ,0/4,1,Soup/Stew $ Beef $ Tomato $ Ramadan $ Meat $ Simmer $ African $ Moroccan $ 
https://www.epicurious.com/recipes/food/views/chilled-cucumber-and-orange-juice-with-oregano-51173620,Chilled Cucumber and Orange Juice with Oregano ,"2 lb/910 g medium cucumbers $ 2 1/4 cups/530 ml fresh orange or mandarin orange juice, preferably clementine $ 1 1/2 tsp superfine sugar, plus more as needed $ 1/2 tsp dried oregano or zaâtar, plus more as needed $ ",Non-Alcoholic $ Food Processor $ Herb $ Ramadan $ Cucumber $ Chill $ Oregano $ Orange Juice $ Drink $ ,African $ Moroccan $ ,4/4,1,Non-Alcoholic $ Food Processor $ Herb $ Ramadan $ Cucumber $ Chill $ Oregano $ Orange Juice $ Drink $ African $ Moroccan $ 
https://www.epicurious.com/recipes/food/views/senegalese-chicken-with-black-eyed-peas-and-avocado-zucchini-relish-369275,Senegalese Chicken with Black-Eyed Peas and Avocado-Zucchini Relish ,"8 to 10 bone-in, skin-on chicken thighs $ 3 yellow onions, thinly sliced $ 4 tbsp peanut oil $ 1/2 cup/120 ml fresh lemon juice $ 1 tbsp kosher salt $ black pepper $ 1 habanero or serrano chile, chopped $ 1/2 tsp fenugreek seeds (optional) $ 1/2 cup/120 ml chicken stock $ Refreshing. Beautiful. Delicious. Not some mushy side dish you would just as soon forget, these beans will brighten your plate. $ 2 cups/400 g dried black-eyed peas $ 1 tbsp peanut oil $ 1 to 2 serrano chiles, chopped $ 1 red bell pepper, seeded and diced $ 8 green onions, white and light tender parts only, chopped $ 2 tbsp cider vinegar $ Somewhere between a salad, a relish, and a salsa, this summery mixture goes beautifully with chicken. The zucchini begin to yield their moisture as soon as the salt hits them, which is why it's best to wait until just before serving to add them to the mix. $ 2 ripe avocados, pitted, peeled, and cubed $ 1 arbol chile, minced $ 1/2 tsp kosher salt $ 1/2 tsp celery seeds $ 6 green onions, white and tender green parts only, thinly sliced $ 1 cup/100 g chopped radishes $ 1 tbsp olive oil $ 2 zucchini, grated (about 2 1/2 cups/350 g) $ flaky salt for finishing $ ",Chicken $ Poultry $ Vegetable $ Marinate $ Sauté $ Dinner $ Avocado $ Legume $ Squash $ Zucchini $ Chill $ Advance Prep Required $ Dairy Free $ Wheat/Gluten-Free $ Tree Nut Free $ Soy Free $ No Sugar Added $ Kosher $ ,African $ ,2.5/4,3,Chicken $ Poultry $ Vegetable $ Marinate $ Sauté $ Dinner $ Avocado $ Legume $ Squash $ Zucchini $ Chill $ Advance Prep Required $ Dairy Free $ Wheat/Gluten-Free $ Tree Nut Free $ Soy Free $ No Sugar Added $ Kosher $ African $ 
https://www.epicurious.com/recipes/food/views/braised-chicken-with-dates-and-moroccan-spices-361592,Braised Chicken with Dates and Moroccan Spices ,"3 1/2 pounds chicken breast halves, thighs, and drumsticks $ 1 tablespoon all purpose flour $ 1 tablespoon extra-virgin olive oil $ 2 pounds shallots (about 11 large), peeled $ 3 cinnamon sticks $ 1 1/2 teaspoons ground ginger $ 1 teaspoon ground cumin $ 1/2 teaspoon turmeric $ 1/8 teaspoon cayenne pepper $ 3 cups low-salt chicken broth $ 5 tablespoons fresh lemon juice, divided $ 12 dates, pitted, halved $ 1/4 cup almonds, toasted, coarsely chopped $ 1/4 cup chopped fresh cilantro $ ",Chicken $ Braise $ Quick & Easy $ Low Cal $ Dinner $ Date $ Almond $ Healthy $ Bon Appétit $ Dairy Free $ Peanut Free $ Soy Free $ No Sugar Added $ Kosher $ ,African $ Moroccan $ ,3.5/4,70,Chicken $ Braise $ Quick & Easy $ Low Cal $ Dinner $ Date $ Almond $ Healthy $ Bon Appétit $ Dairy Free $ Peanut Free $ Soy Free $ No Sugar Added $ Kosher $ African $ Moroccan $ 
https://www.epicurious.com/recipes/food/views/mhanncha-snake-cake-361411,M'hanncha (Snake Cake) ,"3 cups almonds $ 3/4 cup confectioners' sugar $ 1/2 teaspoon ground cinnamon $ 1/4 teaspoon ground cardamom $ 3/4 cup (1 1/2 sticks) unsalted butter, melted $ 2 egg yolks, beaten $ 1 tablespoon orange-flower water $ 1 tablespoon orange juice $ 1 tablespoon grated orange zest $ 1 teaspoon vanilla extract $ 12 (12- by 17-inch) sheets phyllo dough $ 3/4 cup (1 1/2 sticks) unsalted butter, melted $ 2 egg yolks, beaten $ 1 tablespoon water $ 1/2 teaspoon cinnamon $ 1/4 cup confectioners' sugar $ 4 teaspoons ground cinnamon $ 1/4 cup sliced almonds $ ",Cake $ Nut $ Dessert $ Bake $ Vegetarian $ Tree Nut $ Almond $ Spice $ Chill $ Cinnamon $ Phyllo/Puff Pastry Dough $ Pescatarian $ Peanut Free $ Soy Free $ Kosher $ ,African $ Moroccan $ ,3.5/4,4,Cake $ Nut $ Dessert $ Bake $ Vegetarian $ Tree Nut $ Almond $ Spice $ Chill $ Cinnamon $ Phyllo/Puff Pastry Dough $ Pescatarian $ Peanut Free $ Soy Free $ Kosher $ African $ Moroccan $ 
https://www.epicurious.com/recipes/food/views/moroccan-beet-leaf-or-swiss-chard-salad-em-salade-de-blettes-em-360489,Moroccan Beet Leaf or Swiss Chard Salad (Salade de Blettes) ,"1/3 cup peanut, grapeseed, or vegetable oil $ 2 bunches of Swiss chard or beet leaves with stems, coarsely chopped (about 1 pound) $ 4 cloves garlic, minced $ Salt to taste $ 1 teaspoon sweet paprika $ 1 teaspoon ground cumin $ 1 teaspoon harissa*, or to taste $ 1/4 cup white vinegar or lemon juice $ Freshly ground pepper to taste $ ",Salad $ Appetizer $ Quick & Easy $ Rosh Hashanah/Yom Kippur $ Swiss Cheese $ Paprika $ Sugar Conscious $ Vegan $ Vegetarian $ Pescatarian $ Dairy Free $ Wheat/Gluten-Free $ Tree Nut Free $ Soy Free $ No Sugar Added $ Kosher $ ,African $ Jewish $ Moroccan $ ,3/4,8,Salad $ Appetizer $ Quick & Easy $ Rosh Hashanah/Yom Kippur $ Swiss Cheese $ Paprika $ Sugar Conscious $ Vegan $ Vegetarian $ Pescatarian $ Dairy Free $ Wheat/Gluten-Free $ Tree Nut Free $ Soy Free $ No Sugar Added $ Kosher $ African $ Jewish $ Moroccan $ 
https://www.epicurious.com/recipes/food/views/harissa-marinated-top-sirloin-tips-359335,Harissa-Marinated Top Sirloin Tips ,"1 2-pound top sirloin steak (about 1 1/2 inches thick), fat trimmed $ 4 tablespoons extra-virgin olive oil, divided, plus additional for brushing $ 4 garlic cloves, pressed $ 2 tablespoons (packed) golden brown sugar $ 2 tablespoons soy sauce $ 1 tablespoon fresh thyme leaves $ 2 teaspoons plus 1 tablespoon harissa sauce* $ ",Marinate $ Low Cal $ Father's Day $ Backyard BBQ $ Dinner $ Meat $ Steak $ Summer $ Grill $ Grill/Barbecue $ Healthy $ Bon Appétit $ Sugar Conscious $ Dairy Free $ Peanut Free $ Tree Nut Free $ ,African $ ,4/4,37,Marinate $ Low Cal $ Father's Day $ Backyard BBQ $ Dinner $ Meat $ Steak $ Summer $ Grill $ Grill/Barbecue $ Healthy $ Bon Appétit $ Sugar Conscious $ Dairy Free $ Peanut Free $ Tree Nut Free $ African $ 
https://www.epicurious.com/recipes/food/views/pecan-coated-roast-loin-of-pork-236919,Pecan–coated Roast Loin of Pork ,"4 pounds boneless loin of pork $ 1/4 cup olive oil $ 2 teaspoons powdered sage $ 1 teaspoon dried thyme $ 1 teaspoon minced garlic $ Salt and freshly ground black pepper, to taste $ 1 tablespoon packed dark brown sugar $ 1/4 pound shelled pecan halves $ ",Sandwich $ Herb $ Pork $ Roast $ Kwanzaa $ Pecan $ ,African $ Southern $ ,3.5/4,5,Sandwich $ Herb $ Pork $ Roast $ Kwanzaa $ Pecan $ African $ Southern $ 
https://www.epicurious.com/recipes/food/views/moroccan-carrot-soup-357911,Moroccan Carrot Soup ,"2 tablespoons (1/4 stick) butter $ 1 cup chopped white onion $ 1 pound large carrots, peeled, cut into 1/2-inch dice (about 2 2/3 cups) $ 2 1/2 cups low-salt chicken broth $ 1 1/2 teaspoons cumin seeds $ 1 tablespoon honey $ 1 teaspoon fresh lemon juice $ 1/8 teaspoon ground allspice $ 1/2 cup plain yogurt, stirred to loosen $ ",Soup/Stew $ Onion $ Quick & Easy $ Low Cal $ High Fiber $ Lunch $ Carrot $ Healthy $ Honey $ Cumin $ Bon Appétit $ Wheat/Gluten-Free $ Peanut Free $ Tree Nut Free $ Soy Free $ ,African $ Moroccan $ ,3.5/4,201,Soup/Stew $ Onion $ Quick & Easy $ Low Cal $ High Fiber $ Lunch $ Carrot $ Healthy $ Honey $ Cumin $ Bon Appétit $ Wheat/Gluten-Free $ Peanut Free $ Tree Nut Free $ Soy Free $ African $ Moroccan $ 
https://www.epicurious.com/recipes/food/views/roasted-leg-of-lamb-with-north-african-spices-lemon-and-onions-355937,"Roasted Leg of Lamb with North African Spices, Lemon, and Onions ","3 tablespoons coarse sea salt $ 2 teaspoons dried Greek oregano or savory $ 1 teaspoon chopped fresh rosemary leaves $ 3 teaspoons caraway seeds $ 1 teaspoon cumin seeds $ 1/2 teaspoon ground turmeric $ 2 tablespoons Harissa or Aleppo or Mara's pepper to taste $ 1 teaspoon chopped garlic $ 1/4 cup olive oil $ One 5-to 6-pound bone-in leg of lamb $ 1/4 cup fresh lemon juice $ 1/3 cup dry white wine, or more if needed $ 1½ pounds medium or small red onions, peeled and halved or quartered $ 2 or 3 fresh rosemary sprigs, or 1 tablespoon dried $ ",Wine $ Garlic $ Herb $ Lamb $ Olive $ Onion $ Broil $ Roast $ Dinner $ Lemon $ Rosemary $ Meat $ Spice $ Oregano $ Caraway $ Cumin $ Coffee Grinder $ Paleo $ Dairy Free $ Wheat/Gluten-Free $ Peanut Free $ Tree Nut Free $ Soy Free $ ,African $ Moroccan $ ,3.5/4,10,Wine $ Garlic $ Herb $ Lamb $ Olive $ Onion $ Broil $ Roast $ Dinner $ Lemon $ Rosemary $ Meat $ Spice $ Oregano $ Caraway $ Cumin $ Coffee Grinder $ Paleo $ Dairy Free $ Wheat/Gluten-Free $ Peanut Free $ Tree Nut Free $ Soy Free $ African $ Moroccan $ 
https://www.epicurious.com/recipes/food/views/black-eyed-pea-fritters-with-hot-pepper-sauce-352350,Black-Eyed Pea Fritters with Hot Pepper Sauce ,"1 cup dried black-eyed peas, sorted, soaked overnight, drained, and rinsed $ 1/2 medium onion, diced $ 1/2 cup raw peanuts $ 1 teaspoon minced thyme $ 1/4 teaspoon cayenne $ 1 tablespoon apple cider vinegar $ 1/4 cup plus 2 tablespoons water $ 1 teaspoon coarse sea salt $ 1/2 cup finely chopped green bell pepper $ 1 tablespoon cornmeal $ 5 cups coconut oil $ ",Food Processor $ Vegetable $ Side $ Vegetarian $ Dinner $ Lunch $ Legume $ Deep-Fry $ Vegan $ New Year's Day $ Sugar Conscious $ Pescatarian $ Dairy Free $ Wheat/Gluten-Free $ Tree Nut Free $ Soy Free $ No Sugar Added $ Kosher $ ,African $ American $ Southern $ ,3.5/4,10,Food Processor $ Vegetable $ Side $ Vegetarian $ Dinner $ Lunch $ Legume $ Deep-Fry $ Vegan $ New Year's Day $ Sugar Conscious $ Pescatarian $ Dairy Free $ Wheat/Gluten-Free $ Tree Nut Free $ Soy Free $ No Sugar Added $ Kosher $ African $ American $ Southern $ 
https://www.epicurious.com/recipes/food/views/african-curried-coconut-soup-with-chickpeas-352349,African Curried Coconut Soup with Chickpeas ,"2 tablespoons canola oil $ 1 medium onion (about 6 ounces), chopped $ 1 medium red bell pepper (about 6 ounces), chopped $ 1 jalapeño chili, seeded and finely chopped $ 2 large cloves garlic, finely chopped $ 2 cups low-sodium vegetable broth $ 1 (15-ounce) can chickpeas, rinsed and drained $ 1 cup chopped tomatoes, seeded and peeled, fresh or canned (see Cook's Tip) $ 1 teaspoon mild curry powder $ 1/2 teaspoon salt, or to taste $ Freshly ground black pepper, to taste $ 1 (14-ounce) can light coconut milk $ 3/4 cup cooked white or brown rice $ 2 tablespoons chopped fresh cilantro or parsley $ ",Soup/Stew $ Tomato $ Vegetable $ Appetizer $ Vegetarian $ High Fiber $ Dinner $ Spice $ Curry $ Legume $ Chickpea $ Healthy $ Vegan $ Pescatarian $ Wheat/Gluten-Free $ Peanut Free $ Soy Free $ No Sugar Added $ Kosher $ ,African $ ,4/4,205,Soup/Stew $ Tomato $ Vegetable $ Appetizer $ Vegetarian $ High Fiber $ Dinner $ Spice $ Curry $ Legume $ Chickpea $ Healthy $ Vegan $ Pescatarian $ Wheat/Gluten-Free $ Peanut Free $ Soy Free $ No Sugar Added $ Kosher $ African $ 
https://www.epicurious.com/recipes/food/views/moroccan-chicken-with-green-olives-and-lemon-352532,Moroccan Chicken with Green Olives and Lemon ,"2 Meyer lemons or regular lemons $ 1 tablespoon olive oil $ 1 large onion, halved, thinly sliced $ 2 garlic cloves, pressed $ 1 tablespoon paprika $ 2 teaspoons ground cumin $ 1 teaspoon ground cinnamon $ 1 teaspoon ground ginger $ 2 cups low-salt chicken broth $ 1 4 1/2-pound chicken, cut into 8 pieces, skin removed $ 1/2 cup green olives $ ",Chicken $ Ginger $ Olive $ Sauté $ Low Cal $ Dinner $ Lemon $ Healthy $ Cinnamon $ Simmer $ Cumin $ Bon Appétit $ Sugar Conscious $ Paleo $ Dairy Free $ Wheat/Gluten-Free $ Peanut Free $ Tree Nut Free $ Soy Free $ No Sugar Added $ Kosher $ ,African $ Moroccan $ ,3.5/4,145,Chicken $ Ginger $ Olive $ Sauté $ Low Cal $ Dinner $ Lemon $ Healthy $ Cinnamon $ Simmer $ Cumin $ Bon Appétit $ Sugar Conscious $ Paleo $ Dairy Free $ Wheat/Gluten-Free $ Peanut Free $ Tree Nut Free $ Soy Free $ No Sugar Added $ Kosher $ African $ Moroccan $ 
https://www.epicurious.com/recipes/food/views/algerian-flatbread-241505,Algerian Flatbread ,"3 cups finely ground whole-wheat flour (preferably Indian atta or King Arthur whole-wheat) $ 1 teaspoon salt $ 1/2 cup olive oil, divided $ 1 1/2 cups water $ 1 teaspoon ground cumin $ 1 teaspoon sweet paprika $ 1 teaspoon turmeric $ ",Bread $ Vegetarian $ Spice $ Pan-Fry $ Whole Wheat $ Gourmet $ ,African $ ,3/4,13,Bread $ Vegetarian $ Spice $ Pan-Fry $ Whole Wheat $ Gourmet $ African $ 
https://www.epicurious.com/recipes/food/views/shrimp-charmoula-241504,Shrimp Charmoula ,"1 pound large shrimp in shell (21 to 25 per pound), peeled, leaving tail fan attached, and deveined $ 3 large shallots, finely chopped (1 cup) $ 6 tablespoons extra-virgin olive oil, divided $ 1 small leek (white and pale green parts only), finely chopped $ 1 garlic clove, minced $ 1 fresh serrano chile (optional), seeded and finely chopped $ 1/4 teaspoon sweet paprika $ 1/8 teaspoon smoked paprika (optional) $ 1/8 teaspoon turmeric $ 1/2 teaspoon grated lemon zest $ 1/2 cup fresh lemon juice $ 2 teaspoons mild honey $ 2 tablespoons chopped flat-leaf parsley or cilantro $ ",Herb $ Marinate $ Sauté $ Lemon $ Shrimp $ Spice $ Honey $ Gourmet $ ,African $ ,3/4,15,Herb $ Marinate $ Sauté $ Lemon $ Shrimp $ Spice $ Honey $ Gourmet $ African $ 
https://www.epicurious.com/recipes/food/views/moroccan-spiced-olives-352280,Moroccan Spiced Olives ,"2 cups green olives (with pits) in brine (10 ounces), such as picholine or Cerignola, lightly smashed to crack open slightly $ 4 garlic cloves, sliced $ 1/4 cup extra-virgin olive oil $ 2 teaspoons tomato paste $ 1/3 cup water $ 2 teaspoons harissa (North African spice paste) $ 3 (4-to 5-inch) thyme sprigs $ 2 thin lemon slices $ ",Garlic $ Olive $ Passover $ Vegetarian $ Dinner $ Healthy $ Kosher $ Kosher for Passover $ Thyme $ Lemon Juice $ Gourmet $ Sugar Conscious $ Vegan $ Pescatarian $ Dairy Free $ Wheat/Gluten-Free $ Peanut Free $ Tree Nut Free $ Soy Free $ No Sugar Added $ ,African $ Moroccan $ Sephardic $ ,3.5/4,6,Garlic $ Olive $ Passover $ Vegetarian $ Dinner $ Healthy $ Kosher $ Kosher for Passover $ Thyme $ Lemon Juice $ Gourmet $ Sugar Conscious $ Vegan $ Pescatarian $ Dairy Free $ Wheat/Gluten-Free $ Peanut Free $ Tree Nut Free $ Soy Free $ No Sugar Added $ African $ Moroccan $ Sephardic $ 
https://www.epicurious.com/recipes/food/views/tunisian-soup-with-chard-and-egg-noodles-351436,Tunisian Soup with Chard and Egg Noodles ,"1 teaspoon cumin seeds $ 1 pound Swiss chard, stems and center ribs chopped and leaves coarsely chopped (reserve separately) $ 1 medium red onion, chopped $ 2 large garlic cloves, minced $ 3 tablespoons extra-virgin olive oil $ 2 tablespoons tomato paste $ 2 quarts rich and flavorful chicken stock ; or 5 cups reduced-sodium chicken broth diluted with 3 cups water $ 1 to 2 tablespoons harissa or other hot sauce (to taste) $ 1 tablespoon fresh lemon juice $ 1 (19-ounces) can chickpeas, rinsed $ 4 ounce fine egg noodles (about 1 1/2 cups) $ Equipment: an electric coffee/spice grinder $ Accompaniment: lemon wedges $ ",Soup/Stew $ Dinner $ Lunch $ Chickpea $ Winter $ Chard $ Noodle $ Simmer $ Coffee Grinder $ Gourmet $ ,African $ ,3.5/4,28,Soup/Stew $ Dinner $ Lunch $ Chickpea $ Winter $ Chard $ Noodle $ Simmer $ Coffee Grinder $ Gourmet $ African $ 
https://www.epicurious.com/recipes/food/views/moroccan-eggplant-salad-243165,Moroccan Eggplant Salad ,"Scant teaspoon cumin seeds $ 1 pound firm eggplant $ 1 small red onion, chopped (1/4 cup) $ 2 teaspoons red-wine vinegar $ 1 teaspoon sugar $ 2 tablespoons extra-virgin olive oil, divided $ 2 tablespoons chopped flat-leaf parsley, divided $ an electric coffee/spice grinder $ toasted pita $ ",Condiment/Spread $ Salad $ Onion $ Side $ Roast $ Quick & Easy $ Dinner $ Lunch $ Eggplant $ Healthy $ Gourmet $ ,African $ Moroccan $ ,3/4,33,Condiment/Spread $ Salad $ Onion $ Side $ Roast $ Quick & Easy $ Dinner $ Lunch $ Eggplant $ Healthy $ Gourmet $ African $ Moroccan $ 
https://www.epicurious.com/recipes/food/views/grilled-halibut-with-grilled-red-pepper-harissa-242689,Grilled Halibut with Grilled Red Pepper Harissa ,"1 red jalapeño chile $ 1 garlic clove, peeled $ 4 5- to 6-ounce halibut or mahi-mahi fillets $ 2 large red bell peppers, quartered lengthwise, seeded $ Olive oil for brushing plus 1/4 cup $ 2 teaspoons ground cumin, divided $ 2 teaspoons ground coriander, divided $ 1 lemon, halved $ ",Blender $ Low Carb $ Low Fat $ Quick & Easy $ Low Cal $ High Fiber $ Low Sodium $ Backyard BBQ $ Dinner $ Halibut $ Spice $ Bell Pepper $ Summer $ Grill $ Grill/Barbecue $ Healthy $ Jalapeño $ Bon Appétit $ Sugar Conscious $ Pescatarian $ Paleo $ Dairy Free $ Wheat/Gluten-Free $ Peanut Free $ Tree Nut Free $ Soy Free $ No Sugar Added $ Kosher $ ,African $ ,4/4,24,Blender $ Low Carb $ Low Fat $ Quick & Easy $ Low Cal $ High Fiber $ Low Sodium $ Backyard BBQ $ Dinner $ Halibut $ Spice $ Bell Pepper $ Summer $ Grill $ Grill/Barbecue $ Healthy $ Jalapeño $ Bon Appétit $ Sugar Conscious $ Pescatarian $ Paleo $ Dairy Free $ Wheat/Gluten-Free $ Peanut Free $ Tree Nut Free $ Soy Free $ No Sugar Added $ Kosher $ African $ 
https://www.epicurious.com/recipes/food/views/roasted-pepper-cucumber-and-tomato-salad-242144,"Roasted Pepper, Cucumber, and Tomato Salad ","1 large green bell pepper $ 3 (6-to 8-ounce) tomatoes, halved, seeded, cut into 1/2-inch cubes $ 1 large English hothouse cucumber, peeled, halved lengthwise, seeded, cut into 1/2 -inch cubes $ 3/4 cup oil-cured black olives, pitted, quartered $ 2/3 cup chopped red onion $ 1/3 cup chopped fresh Italian parsley $ 5 tablespoons olive oil $ 3 tablespoons fresh lemon juice $ ",Salad $ Pepper $ Tomato $ Vegetable $ Side $ Broil $ Low Carb $ Vegetarian $ Low Cal $ Cucumber $ Bell Pepper $ Summer $ Healthy $ Bon Appétit $ Vegan $ Pescatarian $ Paleo $ Dairy Free $ Wheat/Gluten-Free $ Peanut Free $ Tree Nut Free $ Soy Free $ No Sugar Added $ Kosher $ ,African $ Moroccan $ ,3/4,7,Salad $ Pepper $ Tomato $ Vegetable $ Side $ Broil $ Low Carb $ Vegetarian $ Low Cal $ Cucumber $ Bell Pepper $ Summer $ Healthy $ Bon Appétit $ Vegan $ Pescatarian $ Paleo $ Dairy Free $ Wheat/Gluten-Free $ Peanut Free $ Tree Nut Free $ Soy Free $ No Sugar Added $ Kosher $ African $ Moroccan $ 
https://www.epicurious.com/recipes/food/views/fish-and-vegetable-bstillas-242143,Fish and Vegetable B'stillas ,"2 large garlic cloves, unpeeled $ 1 (1-pound) black cod fillet with skin $ 5 tablespoons olive oil, divided $ 1 red bell pepper, chopped $ 1 green bell pepper, chopped $ 1 preserved lemon,* flesh scraped out and discarded, peel chopped $ 2 tablespoons tomato paste $ 2 teaspoons Hungarian sweet paprika $ 2 teaspoons ground ginger $ 2 teaspoons ground cumin $ 1 teaspoon coarsely ground black pepper $ 1/8 teaspoon turmeric $ 1/4 cup chopped fresh cilantro $ 1/4 cup chopped fresh Italian parsley $ 1 tablespoon harissa sauce** $ 1 bundle rice stick noodles (maifun; half of 6- to 7-ounce package)*** $ 12 (18x12-inch) sheets phyllo pastry, thawed if frozen $ Melted butter $ *Lemons that have been soaked in salt and lemon juice for several weeks; available at specialty foods stores and Middle Eastern markets, and from igourmet.com. $ ** A spicy North African red chile paste; available at specialty foods stores and at Middle Eastern markets. $ *** Available in the Asian foods section of some supermarkets and at Asian markets. $ ",Fish $ Tomato $ Vegetable $ Bake $ Dinner $ Lemon $ Seafood $ Cod $ Bell Pepper $ Fall $ Spring $ Summer $ Winter $ Bon Appétit $ Sugar Conscious $ Pescatarian $ Peanut Free $ Tree Nut Free $ Soy Free $ Kosher $ ,African $ Moroccan $ ,0/4,0,Fish $ Tomato $ Vegetable $ Bake $ Dinner $ Lemon $ Seafood $ Cod $ Bell Pepper $ Fall $ Spring $ Summer $ Winter $ Bon Appétit $ Sugar Conscious $ Pescatarian $ Peanut Free $ Tree Nut Free $ Soy Free $ Kosher $ African $ Moroccan $ 
https://www.epicurious.com/recipes/food/views/clementines-in-ginger-syrup-241510,Clementines in Ginger Syrup ,1 1/2 cups water $ 1 cup sugar $ 1/4 cup thinly sliced peeled ginger $ 4 green cardamom pods $ 3 whole star anise $ 6 clementines or mandarin oranges $ 1/2 cup pomegranate seeds (optional) $ ,Fruit $ Ginger $ Dessert $ Low Fat $ Vegetarian $ Orange $ Spice $ Chill $ Anise $ Simmer $ Gourmet $ ,African $ ,3.5/4,8,Fruit $ Ginger $ Dessert $ Low Fat $ Vegetarian $ Orange $ Spice $ Chill $ Anise $ Simmer $ Gourmet $ African $ 
https://www.epicurious.com/recipes/food/views/moroccan-lamb-with-garbanzo-bean-mash-240363,Moroccan Lamb with Garbanzo Bean Mash ,"1 1 1/2-pound piece butterflied boneless leg of lamb, trimmed $ 2 tablespoons olive oil, divided $ 1/2 cup dry red wine $ 6 tablespoons fresh orange juice $ 1 tablespoon grated peeled fresh ginger $ 2 teaspoons finely grated orange peel $ 2 teaspoons ground cumin $ 1 teaspoon ground coriander $ 1 teaspoon ground cinnamon $ 4 tablespoons chopped fresh cilantro, divided $ 2 cups chopped red onions $ 6 garlic cloves, chopped $ 2 15 1/2-ounce cans garbanzo beans (chickpeas), rinsed, drained $ 1 cup low-salt chicken broth $ ",Lamb $ Roast $ Thanksgiving $ Low Cal $ High Fiber $ Dinner $ Chickpea $ Fall $ Healthy $ Bon Appétit $ Dairy Free $ Wheat/Gluten-Free $ Peanut Free $ Tree Nut Free $ Soy Free $ ,African $ Moroccan $ ,3/4,13,Lamb $ Roast $ Thanksgiving $ Low Cal $ High Fiber $ Dinner $ Chickpea $ Fall $ Healthy $ Bon Appétit $ Dairy Free $ Wheat/Gluten-Free $ Peanut Free $ Tree Nut Free $ Soy Free $ African $ Moroccan $ 
https://www.epicurious.com/recipes/food/views/charmoula-lamb-burgers-239304,Charmoula Lamb Burgers ,3 garlic cloves $ 1 1/2 teaspoons ground cumin $ 1 teaspoon ground coriander $ 1 teaspoon paprika (not hot) $ 1/2 teaspoon ground cinnamon $ 1/2 teaspoon cayenne $ 1/3 cup finely chopped cilantro $ 1 1/2 pound ground lamb (not lean) $ 4 (6- to 7-inch) pita pockets $ 1/4 cup tapenade (black-olive paste) $ 1 tablespoon extra-virgin olive oil $ 2 teaspoons fresh lemon juice $ 4 thick tomato slices $ ,Sandwich $ Garlic $ Lamb $ Olive $ Tomato $ Quick & Easy $ Backyard BBQ $ Spice $ Summer $ Grill/Barbecue $ Cilantro $ Gourmet $ ,African $ ,3.5/4,21,Sandwich $ Garlic $ Lamb $ Olive $ Tomato $ Quick & Easy $ Backyard BBQ $ Spice $ Summer $ Grill/Barbecue $ Cilantro $ Gourmet $ African $ 
https://www.epicurious.com/recipes/food/views/tomato-sambal-238844,Tomato Sambal ,"2 large or 3 medium red tomatoes, seeded and diced $ 2 large or 3 medium yellow tomatoes, seeded and diced $ 2 tablespoons coarsely chopped red onion $ 4 tablespoons extra-virgin olive oil $ 2 tablespoons red wine vinegar $ Coarse sea salt and freshly ground black pepper, to taste $ freshly ground black pepper $ 1 tablespoon chopped basil $ ",Salad $ Herb $ Onion $ Tomato $ Side $ No-Cook $ Vegetarian $ Vegan $ Raw $ Sugar Conscious $ Pescatarian $ Paleo $ Dairy Free $ Wheat/Gluten-Free $ Peanut Free $ Tree Nut Free $ Soy Free $ No Sugar Added $ Kosher $ ,African $ ,3/4,1,Salad $ Herb $ Onion $ Tomato $ Side $ No-Cook $ Vegetarian $ Vegan $ Raw $ Sugar Conscious $ Pescatarian $ Paleo $ Dairy Free $ Wheat/Gluten-Free $ Peanut Free $ Tree Nut Free $ Soy Free $ No Sugar Added $ Kosher $ African $ 
https://www.epicurious.com/recipes/food/views/tomato-lamb-bredie-238843,Tomato Lamb Bredie ,"4 1/2 tablespoons sunflower oil (or some other medium to light vegetable oil) $ 2 large yellow onions, coarsely chopped (about 4 cups) $ 3 bay leaves $ 3 cinnamon sticks $ 2 1/2 pounds lamb knuckles, cut into 1 1/2-inch cubes $ 1 1/2 pounds boneless lamb shoulder, cut into 1 1/2-inch cubes $ 3 tablespoons all-purpose flour $ 1/4 cup white wine $ 1 large ripe tomato (1/2 pound) peeled and chopped $ 4 garlic cloves, crushed $ 2 teaspoons coarse sea salt $ 1 teaspoon freshly ground black pepper $ 1 spicy red dry chili pepper, crushed (approximately 1 tablespoon; the amount can be adjusted according to taste), or 1/2 tablespoon hot red pepper flakes $ 2 1/2 tablespoons tomato paste $ 4 medium potatoes, peeled, quartered and placed in a bowl of cold water $ 2 1/2 tablespoons sugar $ 2 tablespoons chopped flat-leaf parsley or cilantro, for garnish $ ",Soup/Stew $ Herb $ Lamb $ Potato $ Tomato $ Sauté $ Dinner $ Meat $ Dairy Free $ Peanut Free $ Tree Nut Free $ Soy Free $ Kosher $ ,African $ ,1.5/4,4,Soup/Stew $ Herb $ Lamb $ Potato $ Tomato $ Sauté $ Dinner $ Meat $ Dairy Free $ Peanut Free $ Tree Nut Free $ Soy Free $ Kosher $ African $ 
https://www.epicurious.com/recipes/food/views/steamed-lobster-with-charmoula-butter-238784,Steamed Lobster with Charmoula Butter ,"2 (2-pound) live lobsters $ 6 tablespoons butter $ 1 small garlic clove, pressed $ 2 1/2 tablespoons finely chopped fresh cilantro $ 1 1/2 teaspoons fresh lemon juice $ 1/2 teaspoon (scant) ground cumin $ 1/4 teaspoon hot smoked Spanish paprika $ ",Herb $ Shellfish $ Sauté $ Steam $ Quick & Easy $ Dinner $ Lunch $ Seafood $ Lobster $ Summer $ Bon Appétit $ Sugar Conscious $ Pescatarian $ Wheat/Gluten-Free $ Peanut Free $ Tree Nut Free $ Soy Free $ No Sugar Added $ ,African $ ,3.5/4,6,Herb $ Shellfish $ Sauté $ Steam $ Quick & Easy $ Dinner $ Lunch $ Seafood $ Lobster $ Summer $ Bon Appétit $ Sugar Conscious $ Pescatarian $ Wheat/Gluten-Free $ Peanut Free $ Tree Nut Free $ Soy Free $ No Sugar Added $ African $ 
https://www.epicurious.com/recipes/food/views/grilled-chicken-breasts-with-north-african-spice-paste-238692,Grilled Chicken Breasts with North African Spice Paste ,8 (2-inch-long) dried hot red chiles $ 2 tablespoons coriander seeds $ 1 tablespoon cumin seeds $ 1 tablespoon caraway seeds $ 2 tablespoons minced garlic $ 1 tablespoon black peppercorns $ 2 teaspoons kosher salt $ 5 tablespoons olive oil $ 4 large chicken breast halves with skin and bone (about 3/4 pound each) $ an electric coffee/spice grinder or a mortar and pestle; a 17- by 12- by 3-inch disposable aluminum roasting pan (if using charcoal) $ ,Chicken $ Pepper $ Marinate $ Backyard BBQ $ Dinner $ Spice $ Grill/Barbecue $ Gourmet $ Sugar Conscious $ Paleo $ Dairy Free $ Wheat/Gluten-Free $ Peanut Free $ Tree Nut Free $ Soy Free $ No Sugar Added $ Kosher $ ,African $ ,3.5/4,47,Chicken $ Pepper $ Marinate $ Backyard BBQ $ Dinner $ Spice $ Grill/Barbecue $ Gourmet $ Sugar Conscious $ Paleo $ Dairy Free $ Wheat/Gluten-Free $ Peanut Free $ Tree Nut Free $ Soy Free $ No Sugar Added $ Kosher $ African $ 
https://www.epicurious.com/recipes/food/views/tunisian-tuna-and-egg-turnover-238410,Tunisian Tuna-and-Egg Turnover ,"1 (6-ounce) can tuna in olive oil, drained $ 1/4 cup chopped scallions $ 1/4 cup chopped fresh flat-leaf parsley $ 1 1/2 tablespoons drained capers, coarsely chopped $ 2 tablespoons extra-virgin olive oil plus additional for brushing $ 1/4 teaspoon salt $ 1/4 teaspoon black pepper $ 1 egg white $ 1 tablespoon water $ About 3 cups vegetable oil $ 6 (8-inch-square) spring-roll wrappers $ 6 whole eggs (preferably medium) $ Accompaniment: lemon wedges $ a deep-fat thermometer; 2 pastry brushes $ ",Egg $ Fish $ Herb $ Onion $ Appetizer $ Breakfast $ Fry $ Gourmet $ Sugar Conscious $ Kidney Friendly $ Pescatarian $ Dairy Free $ Wheat/Gluten-Free $ Peanut Free $ Tree Nut Free $ Soy Free $ Kosher $ ,African $ ,3/4,8,Egg $ Fish $ Herb $ Onion $ Appetizer $ Breakfast $ Fry $ Gourmet $ Sugar Conscious $ Kidney Friendly $ Pescatarian $ Dairy Free $ Wheat/Gluten-Free $ Peanut Free $ Tree Nut Free $ Soy Free $ Kosher $ African $ 
https://www.epicurious.com/recipes/food/views/spiced-beef-stew-with-carrots-and-mint-237295,Spiced Beef Stew with Carrots and Mint ,"2 tablespoons olive oil, divided $ 12 ounces beef tenderloin, cut into 1-inch cubes $ 1 cup sliced shallots (about 3 large) $ 8 ounces peeled baby carrots $ 2 teaspoons ground cumin $ 1 1/2 teaspoons pumpkin pie spice $ 1/8 teaspoon cayenne pepper $ 1 tablespoon all purpose flour $ 2 1/2 cups beef broth $ 1/3 cup chopped fresh mint, divided $ ",Soup/Stew $ Beef $ Herb $ Low Carb $ Quick & Easy $ Low Cal $ High Fiber $ Dinner $ Mint $ Carrot $ Healthy $ Bon Appétit $ Dairy Free $ Peanut Free $ Tree Nut Free $ Soy Free $ No Sugar Added $ ,African $ Moroccan $ ,3.5/4,37,Soup/Stew $ Beef $ Herb $ Low Carb $ Quick & Easy $ Low Cal $ High Fiber $ Dinner $ Mint $ Carrot $ Healthy $ Bon Appétit $ Dairy Free $ Peanut Free $ Tree Nut Free $ Soy Free $ No Sugar Added $ African $ Moroccan $ 
https://www.epicurious.com/recipes/food/views/roasted-organic-chicken-with-moroccan-spices-231437,Roasted Organic Chicken with Moroccan Spices ,"3 tablespoons olive oil $ 3 tablespoons fresh lemon juice $ 2 tablespoons Hungarian sweet paprika $ 1 tablespoon ras-el-hanout* $ 1 tablespoon chopped fresh mint $ 1 tablespoon salt $ 2 teaspoons grated lemon peel $ 1 teaspoon ground black pepper $ 1 garlic clove, peeled $ 1 4 3/4- to 5-pound whole free-range organic chicken $ 2 small whole lemons, pierced all over with fork $ 6 garlic cloves, unpeeled $ ",Chicken $ Poultry $ Roast $ Dinner $ Family Reunion $ Organic $ Party $ Bon Appétit $ Sugar Conscious $ Paleo $ Dairy Free $ Wheat/Gluten-Free $ Peanut Free $ Tree Nut Free $ Soy Free $ No Sugar Added $ Kosher $ ,African $ Moroccan $ ,4/4,80,Chicken $ Poultry $ Roast $ Dinner $ Family Reunion $ Organic $ Party $ Bon Appétit $ Sugar Conscious $ Paleo $ Dairy Free $ Wheat/Gluten-Free $ Peanut Free $ Tree Nut Free $ Soy Free $ No Sugar Added $ Kosher $ African $ Moroccan $ 
https://www.epicurious.com/recipes/food/views/chipotle-chicken-salad-1222179,Chipotle Chicken Salad ,"1 rotisserie-cooked chicken (2 lb) at room temperature $ 1 medium white onion, chopped $ 1 (15- to 19-oz) can black beans, rinsed and drained $ 1/2 cup packed fresh cilantro sprigs $ 1 rounded tablespoon canned chipotles in adobo, or to taste $ 1/3 cup olive oil $ 1/3 cup fresh lime juice $ 3/4 teaspoon salt $ 3/4 teaspoon black pepper $ 2 firm-ripe California avocados, halved, pitted, and left unpeeled $ 3 oz corn chips such as Fritos (1 1/2 cups) $ 1 heart of romaine, separated into leaves $ ",Blender $ Bean $ Chicken $ Citrus $ Onion $ Vegetable $ Quick & Easy $ Lunch $ Summer $ Gourmet $ Sugar Conscious $ ,African $ Southwestern $ ,3/4,26,Blender $ Bean $ Chicken $ Citrus $ Onion $ Vegetable $ Quick & Easy $ Lunch $ Summer $ Gourmet $ Sugar Conscious $ African $ Southwestern $ 
https://www.epicurious.com/recipes/food/views/harissa-crusted-tri-tip-roast-235155,Harissa-Crusted Tri-Tip Roast ,"1 3/4 teaspoons caraway seeds $ 1/4 cup extra-virgin olive oil $ 6 garlic cloves $ 1/4 cup chili paste (such as sambal oelek)* $ 2 tablespoons tomato sauce $ 1 1/2 teaspoons ground cumin $ 1 1/4 teaspoons chili powder $ 1 1 3/4- to 2-pound tri-tip beef roast, most of fat layer trimmed $ ",Beef $ Garlic $ Pepper $ Roast $ Quick & Easy $ Low Cal $ Caraway $ Bon Appétit $ ,African $ ,4/4,36,Beef $ Garlic $ Pepper $ Roast $ Quick & Easy $ Low Cal $ Caraway $ Bon Appétit $ African $ 
https://www.epicurious.com/recipes/food/views/blatjang-231247,Blatjang ,"250 g (8 ounces) dried apricots, chopped $ 250 g (8 ounces) seedless raisins $ 3 litres (12 cups) grape (wine or cider) vinegar $ 4 large onions, finely chopped $ 4 cloves garlic, crushed $ 500 g (1 pound) brown sugar $ 200 g (6 1/2 ounces) flaked almonds $ 30 ml (2 tablespoons) salt $ 45 ml (3 tablespoons) ground ginger $ 30 ml (2 tablespoons) ground coriander $ 30 ml (2 tablespoons) mustard seeds $ 10 ml (2 teaspoons) chilli powder $ ",Condiment/Spread $ Garlic $ Onion $ Side $ Marinate $ Christmas $ Vinegar $ Raisin $ Apricot $ Almond $ Spice $ Winter $ Edible Gift $ Vegan $ Vegetarian $ Pescatarian $ Dairy Free $ Wheat/Gluten-Free $ Peanut Free $ Soy Free $ Kosher $ ,African $ ,4/4,7,Condiment/Spread $ Garlic $ Onion $ Side $ Marinate $ Christmas $ Vinegar $ Raisin $ Apricot $ Almond $ Spice $ Winter $ Edible Gift $ Vegan $ Vegetarian $ Pescatarian $ Dairy Free $ Wheat/Gluten-Free $ Peanut Free $ Soy Free $ Kosher $ African $ 
https://www.epicurious.com/recipes/food/views/bobotie-231245,Bobotie ,"minced lamb or beef, or a mixture of the two $ butter, vegetable oil $ 2 onions, chopped $ 2 ml (1/2 teaspoon) crushed garlic $ 15 ml (1 tablespoon) curry powder $ 5 ml (1 teaspoon) ground turmeric $ 2 slices bread, crumbled $ 60 ml (1/4 cup) milk $ finely grated rind and juice of 1/2 small lemon $ 1 egg $ 5 ml (1 teaspoon) salt, milled black pepper $ 100 g (3 ounces) dried apricots, chopped $ 1 Granny Smith apple peeled, cored and chopped $ 60 ml (1/4 cup) sultanas (golden raisins) $ 50 g (1 1/2 ounces) slivered almonds, roasted in a dry frying pan $ 6 lemon, orange, or bay leaves $ 250 ml (1 cup) milk $ 2 eggs $ 2 ml (1/2 teaspoon) salt $ ",Beef $ Garlic $ Lamb $ Onion $ Bake $ Casserole/Gratin $ Lemon $ Raisin $ Apple $ Almond $ Winter $ Family Reunion $ ,African $ ,3.5/4,29,Beef $ Garlic $ Lamb $ Onion $ Bake $ Casserole/Gratin $ Lemon $ Raisin $ Apple $ Almond $ Winter $ Family Reunion $ African $ 
https://www.epicurious.com/recipes/food/views/lobster-curry-231242,Lobster Curry ,"4 lobsters $ 250 ml (1 cup) Fish Stock $ vegetable oil $ 12 pickling onions, peeled $ 10 ml (2 teaspoons) crushed garlic $ 1-2 fresh chillies, finely sliced and seeded $ 4-5 curry leaves $ 5 ml (1 teaspoon) ground cumin $ 5 ml (1 teaspoon) ground coriander $ 2 ml (1/2 teaspoon) turmeric $ 1 ml (1/4 teaspoon) ground cardamom $ 1 stick cinnamon $ 4 large, ripe tomatoes blanched, skinned, and chopped $ lemon juice $ salt, milled black pepper $ 60 ml (1/4 cup) plain yoghurt (optional) $ ",Garlic $ Onion $ Shellfish $ Tomato $ Sauté $ Yogurt $ Lobster $ Spice $ Fall $ Simmer $ ,African $ ,4/4,2,Garlic $ Onion $ Shellfish $ Tomato $ Sauté $ Yogurt $ Lobster $ Spice $ Fall $ Simmer $ African $ 
https://www.epicurious.com/recipes/food/views/yellow-rice-231246,Yellow Rice ,250 ml (1 cup) rice $ 60 ml (1/4 cup) seedless raisins $ 6 whole cloves $ 5 ml (1 teaspoon) salt $ 2 ml (1/2 teaspoon) turmeric $ 1-2 thin slices green (fresh) ginger $ 625 ml (2 1/2 cups) cold water $ 30 g (30 ml) (2 tablespoons) butter $ ,Ginger $ Rice $ Side $ Raisin $ Winter $ Clove $ Simmer $ Sugar Conscious $ Kidney Friendly $ Vegetarian $ Pescatarian $ Wheat/Gluten-Free $ Peanut Free $ Tree Nut Free $ Soy Free $ No Sugar Added $ Kosher $ ,African $ ,3.5/4,9,Ginger $ Rice $ Side $ Raisin $ Winter $ Clove $ Simmer $ Sugar Conscious $ Kidney Friendly $ Vegetarian $ Pescatarian $ Wheat/Gluten-Free $ Peanut Free $ Tree Nut Free $ Soy Free $ No Sugar Added $ Kosher $ African $ 
https://www.epicurious.com/recipes/food/views/biltong-231241,Biltong ,"2,5 kg (5.5 pounds) lean meat (venison, beef or ostrich) $ 60 ml (1/4 cup) coriander seeds $ 60 ml (1/4 cup) salt $ 15 ml (1 tablespoon) milled black pepper $ ",Beef $ Game $ Marinate $ No-Cook $ Venison $ Fall $ Family Reunion $ Coriander $ ,African $ ,4/4,4,Beef $ Game $ Marinate $ No-Cook $ Venison $ Fall $ Family Reunion $ Coriander $ African $ 
https://www.epicurious.com/recipes/food/views/melktert-231248,Melktert ,"400 g (14 ounces) puff pastry or flaky pastry (see tips, below) $ 500 ml (2 cups) full-cream milk (whole milk) $ 1 stick cinnamon $ 3 eggs, separated $ 80 ml (1/3 cup) cake flour $ 15 ml (1 tablespoon) cornflour (cornstarch) $ 80 ml (1/3 cup) castor sugar (superfine sugar — regular sugar may be substituted) $ 2 ml (1/2 teaspoon) baking powder $ 30 g (30 ml) (2 tablespoons) butter $ 15 ml (1 tablespoon) vanilla essence (vanilla extract) $ ground cinnamon $ ",Milk/Cream $ Egg $ Dessert $ Bake $ Vanilla $ Fall $ Cinnamon $ Phyllo/Puff Pastry Dough $ Simmer $ Kidney Friendly $ Vegetarian $ Pescatarian $ Peanut Free $ Tree Nut Free $ Soy Free $ Kosher $ ,African $ ,3/4,3,Milk/Cream $ Egg $ Dessert $ Bake $ Vanilla $ Fall $ Cinnamon $ Phyllo/Puff Pastry Dough $ Simmer $ Kidney Friendly $ Vegetarian $ Pescatarian $ Peanut Free $ Tree Nut Free $ Soy Free $ Kosher $ African $ 
https://www.epicurious.com/recipes/food/views/prawns-peri-peri-231244,Prawns Peri-Peri ,"18-24 large prawns (large shrimp) $ 200 g (3/4 cup) butter $ 10 ml (2 teaspoons) crushed garlic $ 30 ml (2 tablespoons) lemon juice $ 30 ml (2 tablespoons) peri-peri sauce (recipe below) $ salt, milled black pepper $ 50 g (1 1/2 ounces) red chillies, very finely chopped $ 5 cloves garlic, crushed $ 500 ml (2 cups) olive oil $ pared rind of 1 small lemon (use a vegetable peeler to remove the skin in thin strips) $ ",Garlic $ Shellfish $ Sauté $ Quick & Easy $ Dinner $ Lunch $ Lemon $ Shrimp $ Hot Pepper $ Sugar Conscious $ Pescatarian $ Wheat/Gluten-Free $ Peanut Free $ Tree Nut Free $ Soy Free $ No Sugar Added $ ,African $ ,3.5/4,14,Garlic $ Shellfish $ Sauté $ Quick & Easy $ Dinner $ Lunch $ Lemon $ Shrimp $ Hot Pepper $ Sugar Conscious $ Pescatarian $ Wheat/Gluten-Free $ Peanut Free $ Tree Nut Free $ Soy Free $ No Sugar Added $ African $ 
https://www.epicurious.com/recipes/food/views/moroccan-spiced-beef-medallions-230133,Moroccan-Spiced Beef Medallions ,"1 tbsp black peppercorns $ 2 tbsp whole coriander seeds $ 2 tbsp whole cumin seeds $ 1/4 cup sugar $ 1 tbsp salt $ 1 lb boneless beef tenderloin fillets, cut into 4 portions $ 1 tsp olive oil $ ",Beef $ Roast $ Low Fat $ Quick & Easy $ Self $ ,African $ ,3.5/4,13,Beef $ Roast $ Low Fat $ Quick & Easy $ Self $ African $ 
https://www.epicurious.com/recipes/food/views/moroccan-beef-stew-234422,Moroccan Beef Stew ,"3 tablespoons olive oil, divided $ 1 3/4 pounds beef tenderloin, cut into 1-inch cubes $ 1 large onion, chopped $ 1 large carrot, chopped $ 2 garlic cloves, chopped $ 1 tablespoon paprika $ 2 teaspoons ground cumin $ 1 1/2 teaspoons ground cinnamon $ 2 cups beef broth $ 1/2 cup halved pitted Kalamata olives $ 1/2 cup golden raisins $ 1 15-ounce can garbanzo beans (chickpeas), drained $ 1/2 cup chopped fresh cilantro $ 1 teaspoon lemon peel $ ",Soup/Stew $ Beef $ Olive $ Onion $ Sauté $ Quick & Easy $ Low Cal $ High Fiber $ Dinner $ Raisin $ Chickpea $ Carrot $ Winter $ Healthy $ Cilantro $ Bon Appétit $ Dairy Free $ Wheat/Gluten-Free $ Peanut Free $ Tree Nut Free $ Soy Free $ No Sugar Added $ ,African $ Moroccan $ ,3.5/4,104,Soup/Stew $ Beef $ Olive $ Onion $ Sauté $ Quick & Easy $ Low Cal $ High Fiber $ Dinner $ Raisin $ Chickpea $ Carrot $ Winter $ Healthy $ Cilantro $ Bon Appétit $ Dairy Free $ Wheat/Gluten-Free $ Peanut Free $ Tree Nut Free $ Soy Free $ No Sugar Added $ African $ Moroccan $ 
https://www.epicurious.com/recipes/food/views/south-african-curried-lamb-meatloaf-233539,South African Curried Lamb Meatloaf ,"1 cup coarse fresh bread crumbs (from 2 slices firm white sandwich bread) $ 1 1/2 cups whole milk $ 2 medium onions, finely chopped (2 cups) $ 1 Granny Smith apple, peeled, cored, and finely chopped (1 1/2 cups) $ 1 3/4 teaspoons salt $ 3 tablespoons unsalted butter $ 1/3 cup raisins (1 1/2 ounce) $ 1/4 cup slivered blanched almonds (1 ounce) $ 2 tablespoons curry powder (preferably Madras) $ 1 teaspoon sugar $ 3 large eggs $ 2 lb ground lamb or beef (not lean) $ 2 tablespoons fresh lemon juice $ 1/2 teaspoon finely grated fresh lemon zest $ 1/4 teaspoon black pepper $ Accompaniment: cooked white rice; mango or cilantro chutney (preferably Swad brand*) $ *Available at indianblend.com. $ a 9- by 9- by 2-inch baking dish (3-qt capacity) $ ",Milk/Cream $ Egg $ Bake $ Quick & Easy $ Raisin $ Apple $ Ground Lamb $ Almond $ Curry $ Gourmet $ ,African $ ,3/4,20,Milk/Cream $ Egg $ Bake $ Quick & Easy $ Raisin $ Apple $ Ground Lamb $ Almond $ Curry $ Gourmet $ African $ 
https://www.epicurious.com/recipes/food/views/chicken-stew-with-okra-232802,Chicken Stew with Okra ,"1 (3- to 3 1/2-lb) chicken, cut into 10 serving pieces $ 1 teaspoon salt $ 1 (14- to 15-oz) can whole tomatoes in juice $ 1/4 cup water $ 2 tablespoons tomato paste $ 1/4 cup peanut or palm oil $ 1 medium onion, chopped $ 4 garlic cloves, minced and mashed to a paste with 1 teaspoon salt $ 1 1/4 teaspoons cayenne $ 1/2 cup smooth peanut butter at room temperature $ 1 3/4 cups reduced-sodium chicken broth (14 fl oz) $ 1 lb sweet potato $ 1 (10-oz) box frozen small okra, thawed $ Accompaniment: rice $ ",Soup/Stew $ Chicken $ Garlic $ Onion $ Tomato $ Stew $ Sweet Potato/Yam $ Winter $ Okra $ Gourmet $ ,African $ ,3.5/4,49,Soup/Stew $ Chicken $ Garlic $ Onion $ Tomato $ Stew $ Sweet Potato/Yam $ Winter $ Okra $ Gourmet $ African $ 
https://www.epicurious.com/recipes/food/views/senegalese-rice-with-fish-232831,Senegalese Rice with Fish ,"2 1/8 cups chopped onion (from 3 medium) $ 1 1/4 cups peanut oil $ 5 large garlic cloves (2 cloves finely chopped and 3 cloves chopped) $ 1/4 cup plus 2 tablespoons tomato paste $ 3 1/2 cups reduced-sodium chicken broth (28 fl oz) $ 1 1/2 lb fresh cassava (also called yuca) $ 1/8 lb eggplant $ 3 medium carrots, cut crosswise into 1/2-inch pieces (1 1/4 cups) $ 2 medium turnips, cut into 1-inch pieces (2 1/2 cups) $ 1/8 lb cabbage, cored and cut into 1-inch pieces (4 cups) $ 8 small fresh or frozen okra (2 oz) $ 1 (2-oz) piece dried fish such as stockfish (optional), broken into 2 or 3 pieces $ 4 cups water $ 2 1/4 teaspoons salt $ 1 1/2 teaspoons cayenne $ 1/8 cup loosely packed fresh flat-leaf parsley leaves $ 3 (1-lb) whole white-fleshed fish (each about 12 inches long) such as red snapper, cleaned, leaving head and tail intact $ 2 cups long-grain white rice (1/8 lb) $ a large nonreactive roasting pan (16 by 13 by 3 inches; see cooks' note, below) $ ",Fish $ Garlic $ Onion $ Rice $ Braise $ Ramadan $ Eggplant $ Carrot $ Turnip $ Okra $ Cabbage $ Parsley $ Gourmet $ ,African $ ,3.5/4,8,Fish $ Garlic $ Onion $ Rice $ Braise $ Ramadan $ Eggplant $ Carrot $ Turnip $ Okra $ Cabbage $ Parsley $ Gourmet $ African $ 
https://www.epicurious.com/recipes/food/views/moroccan-slow-cooked-lamb-231597,Moroccan Slow-Cooked Lamb ,"1 tablespoon ground cumin $ 2 teaspoons ground coriander $ 1 1/2 teaspoons salt $ 1 teaspoon fennel seeds $ 1/2 teaspoon cayenne pepper $ 1/2 teaspoon ground black pepper $ 2 1/2 pounds trimmed boned lamb shoulder, cut into 1 1/2- to 2-inch pieces $ 4 tablespoons olive oil, divided $ 1 large onion, finely chopped $ 1 tablespoon tomato paste $ 2 cups low-salt chicken broth $ 1 15 1/2-ounce can garbanzo beans (chickpeas), drained $ 1 cup dried apricots (about 5 ounces) $ 2 large plum tomatoes, chopped $ 2 cinnamon sticks $ 1 tablespoon minced peeled fresh ginger $ 2 teaspoons (packed) grated lemon peel $ 2 tablespoons chopped fresh cilantro $ ",Soup/Stew $ Ginger $ Lamb $ Tomato $ Stew $ Dinner $ Apricot $ Chickpea $ Winter $ Cinnamon $ Coriander $ Bon Appétit $ Dairy Free $ Wheat/Gluten-Free $ Peanut Free $ Tree Nut Free $ Soy Free $ No Sugar Added $ Kosher $ ,African $ Moroccan $ ,4/4,189,Soup/Stew $ Ginger $ Lamb $ Tomato $ Stew $ Dinner $ Apricot $ Chickpea $ Winter $ Cinnamon $ Coriander $ Bon Appétit $ Dairy Free $ Wheat/Gluten-Free $ Peanut Free $ Tree Nut Free $ Soy Free $ No Sugar Added $ Kosher $ African $ Moroccan $ 
https://www.epicurious.com/recipes/food/views/flatbread-with-dukka-231021,Flatbread with Dukka ,2 tablespoons whole hazelnuts $ 1 1/2 tablespoons sesame seeds $ 1 teaspoon cumin seeds $ 1 teaspoon fresh thyme leaves $ 1/2 teaspoon fine sea salt $ 1/2 teaspoon black peppercorns $ 3/4 cup warm water (105 - 115°F) $ 1 tablespoon mild honey $ 1/2 teaspoon active dry yeast (from a 1/4-oz package) $ 2 cups unbleached all-purpose flour plus additional as necessary $ 1/2 teaspoon salt $ 1 tablespoon olive oil $ 2 large (17- by 11-inch) shallow baking pans $ ,Bread $ Breakfast $ Bake $ Ramadan $ Hazelnut $ Gourmet $ Sugar Conscious $ Kidney Friendly $ Vegetarian $ Pescatarian $ Dairy Free $ Peanut Free $ Soy Free $ Kosher $ ,African $ ,3.5/4,2,Bread $ Breakfast $ Bake $ Ramadan $ Hazelnut $ Gourmet $ Sugar Conscious $ Kidney Friendly $ Vegetarian $ Pescatarian $ Dairy Free $ Peanut Free $ Soy Free $ Kosher $ African $ 
https://www.epicurious.com/recipes/food/views/moroccan-braised-beef-230639,Moroccan Braised Beef ,"3 tablespoons olive oil, divided $ 2 1/2 pounds boneless chuck roast, cut into 3/4-inch cubes $ 2 cups chopped onions $ 3 garlic cloves, chopped $ 1 tablespoon garam masala* $ 1 tablespoon paprika $ 1 teaspoon ground cumin $ 1/2 teaspoon turmeric $ 1/2 teaspoon cayenne pepper $ 1 cup dry red wine $ 1/2 cup dry Sherry $ 2 cups beef broth $ 1 14 1/2-ounce can diced tomatoes in juice $ 1 1/2 cups golden raisins $ ",Beef $ Tomato $ Braise $ Raisin $ Spice $ Red Wine $ Bon Appétit $ ,African $ Moroccan $ ,3.5/4,101,Beef $ Tomato $ Braise $ Raisin $ Spice $ Red Wine $ Bon Appétit $ African $ Moroccan $ 
https://www.epicurious.com/recipes/food/views/moroccan-style-carrots-12173,Moroccan-Style Carrots ,"1/2 pound carrots, cut diagonally into 1/4-inch-thick slices $ 1 small garlic clove, minced $ 1 1/2 tablespoons olive oil $ 1/4 teaspoon ground cumin $ 1/8 teaspoon ground cinnamon $ 1/2 teaspoon sugar $ a pinch of cayenne $ 2 teaspoons fresh lemon juice, or to taste $ ",Herb $ Vegetable $ Side $ Steam $ Vegetarian $ Quick & Easy $ Low Cal $ High Fiber $ Summer $ Gourmet $ Vegan $ Pescatarian $ Dairy Free $ Wheat/Gluten-Free $ Peanut Free $ Tree Nut Free $ Soy Free $ Kosher $ ,African $ Moroccan $ ,3/4,29,Herb $ Vegetable $ Side $ Steam $ Vegetarian $ Quick & Easy $ Low Cal $ High Fiber $ Summer $ Gourmet $ Vegan $ Pescatarian $ Dairy Free $ Wheat/Gluten-Free $ Peanut Free $ Tree Nut Free $ Soy Free $ Kosher $ African $ Moroccan $ 
https://www.epicurious.com/recipes/food/views/spicy-lamb-stew-with-apricots-and-cardamom-100672,Spicy Lamb Stew with Apricots and Cardamom ,"1/2 teaspoon ground cardamom $ 1/2 teaspoon ground cinnamon $ 1/2 teaspoon cayenne pepper $ 1/4 teaspoon ground cloves $ 3 1/2 pounds lamb shoulder o-bone (round-bone) chops, trimmed, boned, cut into 1-inch pieces $ 2 tablespoons vegetable oil $ 5 cups chopped onions $ 2 teaspoons minced peeled fresh ginger $ 1 cup water $ 2/3 cup dried apricots, quartered $ 1 teaspoon white wine vinegar $ 1 teaspoon sugar $ ",Soup/Stew $ Fruit $ Ginger $ Lamb $ Onion $ Stew $ Dinner $ Apricot $ Meat $ Winter $ Clove $ Bon Appétit $ Dairy Free $ Wheat/Gluten-Free $ Peanut Free $ Tree Nut Free $ Soy Free $ Kosher $ ,African $ Moroccan $ ,3/4,19,Soup/Stew $ Fruit $ Ginger $ Lamb $ Onion $ Stew $ Dinner $ Apricot $ Meat $ Winter $ Clove $ Bon Appétit $ Dairy Free $ Wheat/Gluten-Free $ Peanut Free $ Tree Nut Free $ Soy Free $ Kosher $ African $ Moroccan $ 
https://www.epicurious.com/recipes/food/views/saffron-cardamom-rice-100677,Saffron-Cardamom Rice ,3 teaspoons butter $ 1/4 cup pine nuts $ 1/2 cup chopped red onion $ 1 cup basmati rice* $ 1 1/2 cups water $ 2 tablespoons golden raisins $ 1 teaspoon sugar $ 3/4 teaspoon salt $ 1/4 teaspoon crumbled saffron threads $ 1/4 teaspoon ground cardamom $ *Basmati rice is available at Indian markets and some supermarkets. $ ,Nut $ Onion $ Rice $ Side $ Vegetarian $ Raisin $ Pine Nut $ Saffron $ Winter $ Bon Appétit $ ,African $ Moroccan $ ,3.5/4,26,Nut $ Onion $ Rice $ Side $ Vegetarian $ Raisin $ Pine Nut $ Saffron $ Winter $ Bon Appétit $ African $ Moroccan $ 
https://www.epicurious.com/recipes/food/views/drunken-chicken-105465,Drunken Chicken ,"a 4- to 5-pound (about 2 kg) roasting chicken $ salt and pepper $ 4 tablespoons (60 g/2 oz) butter $ 1 cup (250 ml/8 fl oz) sweet white wine $ 1 tablespoon flour $ 1 cup (250 ml/8 fl oz) chicken stock $ 2 cups (500 ml/16 fl oz) dry white wine $ 1/4 cup (60 g/2 oz) brandy $ 1 carrot, grated $ 1 onion, grated $ 2 bay leaves $ 2 to 3 sprigs thyme $ 2 to 3 sprigs marjoram or parsley $ 2 tablespoons butter $ 1 onion, chopped $ 1 cup (200 g/6 1/2 oz) pearl barley $ 2 cups (500 ml/16 fl oz) chicken stock, more if needed $ 1/4 cup (60 g/2 oz) slivered almonds $ 1/4 cup (60 g/2 oz) pitted prunes, chopped $ 1/4 cup (60 g/2 oz) dried apricots, chopped $ 2 tablespoons chopped marjoram or parsley $ ",Chicken $ Poultry $ Marinate $ Roast $ Dinner $ Prune $ Apricot $ Almond $ Brandy $ White Wine $ Fall $ Peanut Free $ Soy Free $ ,African $ ,3/4,16,Chicken $ Poultry $ Marinate $ Roast $ Dinner $ Prune $ Apricot $ Almond $ Brandy $ White Wine $ Fall $ Peanut Free $ Soy Free $ African $ 
https://www.epicurious.com/recipes/food/views/harira-11530,Harira ,"1 whole chicken breast, halved $ 4 cups chicken broth $ 4 cups water $ a 28-to 32-ounce can whole tomatoes, drained and puréed coarse $ 1/4 teaspoon crumbled saffron threads $ 2 medium onions, chopped fine $ 2 cups cooked dried chick-peas (recipe follows), or a 19-ounce can, rinsed $ 1/2 cup raw long-grain rice $ 1/2 cup lentils $ 3/4 cup finely chopped fresh coriander $ 3/4 cup finely chopped fresh parsley leaves $ dried chick-peas, picked over water $ ",Soup/Stew $ Chicken $ Herb $ Rice $ Tomato $ Ramadan $ Saffron $ Chickpea $ Lentil $ Gourmet $ ,African $ ,3.5/4,19,Soup/Stew $ Chicken $ Herb $ Rice $ Tomato $ Ramadan $ Saffron $ Chickpea $ Lentil $ Gourmet $ African $ 
https://www.epicurious.com/recipes/food/views/morrocan-style-roast-cornish-hens-with-vegetables-106050,Morrocan-Style Roast Cornish Hens with Vegetables ,"1 teaspoon caraway seeds $ 1 1/2 tablespoons salt $ 4 garlic cloves $ 1/4 cup mild honey $ 1/4 cup fresh lemon juice $ 2 tablespoons olive oil $ 2 tablespoons paprika $ 4 teaspoons ground cumin $ 2 teaspoons ground ginger $ 1 1/2 teaspoons ground cinnamon $ 1/2 teaspoon cayenne $ 1 teaspoon black pepper $ 2 large zucchini (1 1/4 lb total), halved lengthwise and cut into 1 1/2-inch pieces $ 2 medium turnips (1/2 lb total), peeled, halved lengthwise, and cut crosswise into 1-inch-thick pieces $ 2 red bell peppers, quartered and cut into 1 1/2-inch pieces $ 1 1/2 lb butternut squash, peeled, seeded, and cut into 1 1/2-inch chunks $ 2 medium onions, cut lengthwise into 1-inch-thick wedges $ 1 (28-oz) can whole tomatoes, drained and chopped $ 1/2 cup chicken broth $ 4 (1 1/4- to 1 1/2-lb) Cornish hens, halved lengthwise $ 6 tablespoons chopped mixed fresh parsley, cilantro, and mint $ Accompaniment: couscous $ ",Chicken $ Poultry $ Vegetable $ Roast $ Dinner $ Spice $ Bell Pepper $ Turnip $ Butternut Squash $ Fall $ Winter $ Anniversary $ Gourmet $ Dairy Free $ Wheat/Gluten-Free $ Peanut Free $ Tree Nut Free $ Soy Free $ Kosher $ ,African $ Moroccan $ ,3.5/4,57,Chicken $ Poultry $ Vegetable $ Roast $ Dinner $ Spice $ Bell Pepper $ Turnip $ Butternut Squash $ Fall $ Winter $ Anniversary $ Gourmet $ Dairy Free $ Wheat/Gluten-Free $ Peanut Free $ Tree Nut Free $ Soy Free $ Kosher $ African $ Moroccan $ 
https://www.epicurious.com/recipes/food/views/traditional-senegalese-soup-21-club-10779,Traditional Senegalese Soup '21' Club ,"3 tart apples;such as Granny Smith $ 2 tablespoons unsalted butter $ 2 carrots chopped $ 1 large white onion, chopped $ 1/4 cup raisins $ 1 garlic clove, chopped $ 3 tablespoons curry powder $ 2 tablespoons all-purpose flour (preferably unbleached) $ 8 cups chicken broth $ 1 tablespoon canned tomato purée $ 1/2 cup heavy cream $ Garnish: bottled mango chutney $ ",Soup/Stew $ Tomato $ Raisin $ Apple $ Mango $ Curry $ Carrot $ Fall $ Gourmet $ ,African $ ,3.5/4,16,Soup/Stew $ Tomato $ Raisin $ Apple $ Mango $ Curry $ Carrot $ Fall $ Gourmet $ African $ 
https://www.epicurious.com/recipes/food/views/andouille-sausage-and-corn-bread-stuffing-102481,Andouille Sausage and Corn Bread Stuffing ,"2 tablespoons (1/4 stick) butter $ 1 pound andouille sausages,* cut into 1/3-inch pieces $ 1 12-ounce package breakfast-style bulk sausage $ 3 cups chopped onions $ 2 cups chopped celery $ 2 cups chopped red bell peppers $ 1 cup chopped green onions $ 2 teaspoons chopped fresh thyme $ 1 teaspoon hot pepper sauce $ 1 teaspoon dried rubbed sage $ 12 ounces dry corn bread stuffing mix $ 1 1/2 cups (about) canned low-salt chicken broth $ ",Pork $ Vegetable $ Side $ Bake $ Thanksgiving $ Sausage $ Corn $ Fall $ Bon Appétit $ Peanut Free $ Tree Nut Free $ Soy Free $ ,African $ American $ Cajun/Creole $ ,3.5/4,98,Pork $ Vegetable $ Side $ Bake $ Thanksgiving $ Sausage $ Corn $ Fall $ Bon Appétit $ Peanut Free $ Tree Nut Free $ Soy Free $ African $ American $ Cajun/Creole $ 
https://www.epicurious.com/recipes/food/views/moroccan-carrot-and-goat-cheese-sandwiches-with-green-olive-tapenade-106890,Moroccan Carrot and Goat Cheese Sandwiches with Green Olive Tapenade ,"2 tablespoons sugar $ 1 tablespoon fresh lemon juice $ 2 teaspoons sweet paprika $ 1 teaspoon ground cumin $ 1/2 teaspoon cinnamon $ 1/4 teaspoon cayenne $ 1 teaspoon salt $ 1/4 cup olive oil $ 1 1/2 lb medium carrots (8) $ 1 1/4 cups green olives (6 to 7 oz) such as Cerignola or picholine, pitted $ 3 tablespoons drained bottled capers, rinsed $ 1/4 cup chopped fresh flat-leaf parsley $ 1 flat anchovy fillet, chopped $ 1 teaspoon finely grated fresh lemon zest $ 1 1/2 tablespoons fresh lemon juice $ 1/2 teaspoon black pepper $ 1/4 cup olive oil $ 12 slices good-quality pumpernickel sandwich bread $ 6 oz soft mild goat cheese (3/4 cup) at room temperature $ Special equipment: an adjustable-blade slicer $ ",Sandwich $ Cheese $ Olive $ Vegetable $ Summer $ Gourmet $ ,African $ Middle Eastern $ Moroccan $ ,3.5/4,32,Sandwich $ Cheese $ Olive $ Vegetable $ Summer $ Gourmet $ African $ Middle Eastern $ Moroccan $ 
https://www.epicurious.com/recipes/food/views/spiced-chicken-couscous-with-cinnamon-onions-107496,Spiced Chicken Couscous with Cinnamon Onions ,"6 tablespoons olive oil $ 6 cups chopped onions $ 1 1/2 tablespoons (packed) golden brown sugar $ 2 teaspoons ground cinnamon $ 1 small onion, quartered $ 1/4 cup fresh lemon juice $ 1 teaspoon ground cumin $ 3/4 teaspoon ground ginger $ 1/2 teaspoon Hungarian sweet paprika $ 4 skinless boneless chicken breast halves $ 1 1/2 cups canned diced tomatoes, undrained $ 1/2 cup low-salt chicken broth $ 1/4 cup chopped fresh cilantro $ 1 10-ounce package couscous, freshly cooked $ ",Chicken $ Ginger $ Onion $ Poultry $ Sauté $ Winter $ Cinnamon $ Simmer $ Bon Appétit $ ,African $ ,3/4,23,Chicken $ Ginger $ Onion $ Poultry $ Sauté $ Winter $ Cinnamon $ Simmer $ Bon Appétit $ African $ 
https://www.epicurious.com/recipes/food/views/spiced-moroccan-chicken-with-onions-and-prunes-4503,Spiced Moroccan Chicken with Onions and Prunes ,"4 skinless boneless chicken breast halves $ 2 tablespoons olive oil $ 1 3/4 cups chopped onions $ 2 large garlic cloves, chopped $ 1 tablespoon all purpose flour $ 1 teaspoon ground ginger $ 1 teaspoon ground cinnamon $ 1 teaspoon ground cumin $ 2 cups canned low-salt chicken broth $ 1 cup pitted prunes $ 3 tablespoons fresh lemon juice $ 2 tablespoons honey $ Chopped fresh cilantro $ ",Chicken $ Herb $ Onion $ Sauté $ Prune $ Winter $ Bon Appétit $ ,African $ Moroccan $ ,3.5/4,55,Chicken $ Herb $ Onion $ Sauté $ Prune $ Winter $ Bon Appétit $ African $ Moroccan $ 
https://www.epicurious.com/recipes/food/views/ethiopian-spice-mix-berbere-104015,Ethiopian Spice Mix (Berbere) ,1/2 teaspoon fenugreek $ 1/2 cup ground dried New Mexico chiles $ 1/4 cup paprika $ 1 tablespoon salt $ 1 teaspoon ground ginger $ 1 teaspoon onion powder $ 1/2 teaspoon ground cardamom $ 1/2 teaspoon ground coriander $ 1/4 teaspoon ground nutmeg $ 1/4 teaspoon garlic powder $ 1/8 teaspoon ground cloves $ 1/8 teaspoon ground cinnamon $ 1/8 teaspoon ground allspice $ ,Quick & Easy $ Spice $ Gourmet $ ,African $ ,3/4,17,Quick & Easy $ Spice $ Gourmet $ African $ 
https://www.epicurious.com/recipes/food/views/african-adobo-rubbed-tuna-steaks-108201,African Adobo-Rubbed Tuna Steaks ,"2 ripe avocados, pitted, peeled, and cut into 1/2-inch cubes $ 3 scallions, white and green parts, thinly sliced on the bias $ 2 jarred piquillo peppers, diced (or substitute 2 jarred roasted red peppers) $ 2 cloves garlic, minced $ 1/3 cup fresh orange juice $ 1/4 cup fresh lime juice $ 1/2 cup extra virgin olive oil $ Kosher salt and freshly ground black pepper to taste $ 1 1/2 teaspoons toasted and ground coriander seeds $ 1 teaspoon ground ginger $ 1 1/2 teaspoons crushed red pepper flakes $ 1 1/2 teaspoons ground turmeric $ 1 1/2 tablespoons dry mustard $ 1 1/2 teaspoons grated nutmeg $ 1 1/2 teaspoons ground allspice $ 1 1/2 teaspoons cayenne pepper $ 1 1/2 teaspoons freshly ground black pepper $ 1 1/2 tablespoons kosher salt $ 1 tablespoon paprika $ 1 1/2 tablespoons dried orange peel $ 1 tablespoon sugar $ Four 6-ounce tuna steaks $ 1/4 cup peanut or canola oil $ 2 1/2 tablespoons sugar, or to taste $ 1/2 cup Champagne vinegar $ 1 European cucumber, peeled, halved lengthwise, seeded, and very thinly sliced $ ",Fruit Juice $ Marinate $ Sauté $ Lime $ Orange $ Tuna $ Spice $ Avocado $ Cucumber $ Summer $ Healthy $ ,African $ Central American/Caribbean $ Nuevo Latino $ ,4/4,84,Fruit Juice $ Marinate $ Sauté $ Lime $ Orange $ Tuna $ Spice $ Avocado $ Cucumber $ Summer $ Healthy $ African $ Central American/Caribbean $ Nuevo Latino $ 
https://www.epicurious.com/recipes/food/views/spaghetti-with-garlic-and-cumin-107482,Spaghetti with Garlic and Cumin ,"1/2 cup olive oil $ 1/2 cup chopped fresh Italian parsley $ 3 large garlic cloves, minced $ 1 tablespoon ground cumin $ 1/2 teaspoon dried crushed red pepper $ 12 ounces spaghetti $ Freshly grated Parmesan cheese $ ",Garlic $ Pasta $ Vegetarian $ Quick & Easy $ Dinner $ Winter $ Bon Appétit $ Paris $ France $ Sugar Conscious $ Pescatarian $ Peanut Free $ Tree Nut Free $ Soy Free $ No Sugar Added $ Kosher $ ,African $ ,3.5/4,24,Garlic $ Pasta $ Vegetarian $ Quick & Easy $ Dinner $ Winter $ Bon Appétit $ Paris $ France $ Sugar Conscious $ Pescatarian $ Peanut Free $ Tree Nut Free $ Soy Free $ No Sugar Added $ Kosher $ African $ 
https://www.epicurious.com/recipes/food/views/moroccan-lamb-tagine-with-raisins-almonds-and-honey-108492,"Moroccan Lamb Tagine with Raisins, Almonds, and Honey ","2 teaspoons ras-el-hanout* $ 2 teaspoons salt $ 3/4 teaspoon black pepper $ 3/4 teaspoon ground ginger $ 1/4 teaspoon crumbled saffron threads $ 3 cups water $ 3 lb boneless lamb shoulder, cut into 1-inch cubes $ 1 large onion, coarsely grated (1 cup) $ 2 garlic cloves, finely chopped $ 2 (3-inch) cinnamon sticks $ 1/2 stick (1/4 cup) unsalted butter, cut into pieces $ 1 1/4 cups raisins $ 1 1/4 cups whole blanched almonds $ 1/2 cup honey $ 1 teaspoon ground cinnamon $ Accompaniment: couscous $ ",Fruit $ Lamb $ Nut $ Dinner $ Dried Fruit $ Raisin $ Meat $ Almond $ Spice $ Fall $ Winter $ Honey $ Gourmet $ Wheat/Gluten-Free $ Peanut Free $ Soy Free $ ,African $ Moroccan $ ,3.5/4,65,Fruit $ Lamb $ Nut $ Dinner $ Dried Fruit $ Raisin $ Meat $ Almond $ Spice $ Fall $ Winter $ Honey $ Gourmet $ Wheat/Gluten-Free $ Peanut Free $ Soy Free $ African $ Moroccan $ 
https://www.epicurious.com/recipes/food/views/braised-cod-with-chickpeas-102125,Braised Cod with Chickpeas ,"3 cups cooked chickpeas (see Note) or 2 15-ounce cans $ 6 or 7 large garlic cloves, peeled and sliced $ 4 or 5 hot peppers or 1 teaspoon red-pepper flakes $ 6 tablespoons olive oil $ 1/2 teaspoon toasted cumin seeds, ground $ 2 pounds cod fillets, about 1 inch thick $ salt $ freshly ground black pepper $ cilantro or parsley sprigs $ lemon wedges $ ",Appetizer $ Braise $ High Fiber $ Dinner $ Cod $ Chickpea $ Fall $ Kosher $ Pescatarian $ Dairy Free $ Wheat/Gluten-Free $ Peanut Free $ Tree Nut Free $ Soy Free $ No Sugar Added $ ,African $ Jewish $ ,3/4,19,Appetizer $ Braise $ High Fiber $ Dinner $ Cod $ Chickpea $ Fall $ Kosher $ Pescatarian $ Dairy Free $ Wheat/Gluten-Free $ Peanut Free $ Tree Nut Free $ Soy Free $ No Sugar Added $ African $ Jewish $ 
https://www.epicurious.com/recipes/food/views/couscous-with-dried-apricots-and-pistachios-2239,Couscous with Dried Apricots and Pistachios ,"3 cups water $ 4 1/2 tablespoons extra-virgin olive oil $ 2 teaspoons salt $ 1 1/2 10-ounce boxes couscous (about 2 1/4 cups) $ 1 1/4 cups (about 7 ounces) dried apricots, thinly sliced $ 2 1/4 teaspoons ground cinnamon $ 1/2 teaspoon ground allspice $ 1 1/4 cups (about 4 ounces) unsalted pistachios, toasted, chopped $ 3/4 cup chopped green onions $ 6 tablespoons thinly sliced fresh basil $ ",Fruit $ Nut $ Side $ Quick & Easy $ Low Cal $ High Fiber $ Dinner $ Lunch $ Apricot $ Tree Nut $ Pistachio $ Healthy $ Couscous $ Bon Appétit $ Vegan $ Vegetarian $ Pescatarian $ Dairy Free $ Peanut Free $ Soy Free $ No Sugar Added $ Kosher $ ,African $ Moroccan $ ,3.5/4,17,Fruit $ Nut $ Side $ Quick & Easy $ Low Cal $ High Fiber $ Dinner $ Lunch $ Apricot $ Tree Nut $ Pistachio $ Healthy $ Couscous $ Bon Appétit $ Vegan $ Vegetarian $ Pescatarian $ Dairy Free $ Peanut Free $ Soy Free $ No Sugar Added $ Kosher $ African $ Moroccan $ 
https://www.epicurious.com/recipes/food/views/morrocan-spiced-roasted-vegetables-103071,Morrocan-Spiced Roasted Vegetables ,"2 pounds shallots, halved (or quartered if large) $ 4 tablespoons olive oil $ 4 pounds butternut squash, peeled, seeded, and cut into 3/4-inch cubes $ 4 large red bell peppers, cut into 1/2-inch-thick strips $ 2 pounds sweet potatoes, peeled and cut into cubes $ 1 tablespoon coarse salt $ 4 teaspoons ground cumin $ 2 teaspoons ground coriander $ 1 teaspoon ground cinnamon $ 1/2 stick unsalted butter, cut into bits $ ",Vegetable $ Side $ Roast $ Vegetarian $ Dinner $ Winter $ Gourmet $ Pescatarian $ Wheat/Gluten-Free $ Peanut Free $ Tree Nut Free $ Soy Free $ No Sugar Added $ Kosher $ ,African $ Moroccan $ ,3.5/4,17,Vegetable $ Side $ Roast $ Vegetarian $ Dinner $ Winter $ Gourmet $ Pescatarian $ Wheat/Gluten-Free $ Peanut Free $ Tree Nut Free $ Soy Free $ No Sugar Added $ Kosher $ African $ Moroccan $ 
https://www.epicurious.com/recipes/food/views/fried-fish-with-moroccan-style-herb-sauce-12366,Fried Fish with Moroccan-Style Herb Sauce ,"1/4 cup coarsely chopped fresh coriander $ 1/4 cup coarsely chopped fresh parsley leaves $ 1 garlic clove, minced $ 2 tablespoons fresh lemon juice $ 1/2 teaspoon paprika $ 1/2 teaspoon ground cumin $ 1/8 teaspoon cayenne, or to taste $ 3 tablespoons vegetable oil plus additional for frying the fish $ 1 pound skinless firm-fleshed white fish filet, such as cod or halibut, cut into 4 equal pieces $ all-purpose flour seasoned with salt and pepper for dredging the fish $ ",Fish $ Fry $ Quick & Easy $ Lemon $ Spice $ Summer $ Cilantro $ Parsley $ Gourmet $ ,African $ Moroccan $ ,3.5/4,42,Fish $ Fry $ Quick & Easy $ Lemon $ Spice $ Summer $ Cilantro $ Parsley $ Gourmet $ African $ Moroccan $ 
https://www.epicurious.com/recipes/food/views/ras-el-hanout-101070,Ras El Hanout ,1 teaspoon ground cumin $ 1 teaspoon ground ginger $ 1 teaspoon salt $ 3/4 teaspoon freshly ground black pepper $ 1/2 teaspoon ground cinnamon $ 1/2 teaspoon ground coriander seeds $ 1/2 teaspoon cayenne $ 1/2 teaspoon ground allspice $ 1/4 teaspoon ground cloves $ ,Condiment/Spread $ Sauce $ Ginger $ No-Cook $ Quick & Easy $ Gourmet $ ,African $ ,4/4,11,Condiment/Spread $ Sauce $ Ginger $ No-Cook $ Quick & Easy $ Gourmet $ African $ 
https://www.epicurious.com/recipes/food/views/yassa-au-poulet-ii-chicken-yassa-100674,Yassa au Poulet II (Chicken Yassa) ,"1/4 cup freshly squeezed lemon juice $ 4 large onions, thinly sliced $ salt and freshly ground black pepper, to taste $ 1/8 teaspoon minced fresh habanero chile, or to taste $ 5 tablespoons peanut oil $ 1 frying chicken (2 1/2 to 3 1/2 pounds), cut into serving pieces $ 1 habanero chile, pricked with a fork $ 1/2 cup pimento-stuffed olives $ 4 carrots, scraped and thinly sliced $ 1 tablespoon Dijon-style mustard $ 1/2 cup water $ ",Chicken $ Olive $ Onion $ Poultry $ Marinate $ Dinner $ Hot Pepper $ Winter $ Dairy Free $ Wheat/Gluten-Free $ Tree Nut Free $ Soy Free $ No Sugar Added $ Kosher $ ,African $ ,3/4,9,Chicken $ Olive $ Onion $ Poultry $ Marinate $ Dinner $ Hot Pepper $ Winter $ Dairy Free $ Wheat/Gluten-Free $ Tree Nut Free $ Soy Free $ No Sugar Added $ Kosher $ African $ 
https://www.epicurious.com/recipes/food/views/black-eyed-pea-fritters-with-hot-pepper-relish-106044,Black-Eyed Pea Fritters with Hot Pepper Relish ,"1 cup dried black-eyed peas $ 1 medium onion, chopped $ 1/2 teaspoon minced fresh habanero chile, including seeds $ 1 large egg $ 1 teaspoon salt $ 3 to 4 tablespoons water $ 6 cups vegetable oil $ 4 red bell peppers (1 1/2 lb), chopped $ 1 medium onion, chopped $ 2 plum tomatoes, chopped $ 1 tablespoon minced fresh habanero chile, including seeds $ 1 1/2 teaspoons salt $ 1/4 cup peanut or vegetable oil $ a deep-fat thermometer $ ",Bean $ Pepper $ Appetizer $ Breakfast $ Side $ Fry $ Cocktail Party $ Vegetarian $ Pea $ Bell Pepper $ Hot Pepper $ Deep-Fry $ Party $ Gourmet $ Sugar Conscious $ Kidney Friendly $ Pescatarian $ Dairy Free $ Wheat/Gluten-Free $ Tree Nut Free $ Soy Free $ No Sugar Added $ Kosher $ ,African $ ,3.5/4,22,Bean $ Pepper $ Appetizer $ Breakfast $ Side $ Fry $ Cocktail Party $ Vegetarian $ Pea $ Bell Pepper $ Hot Pepper $ Deep-Fry $ Party $ Gourmet $ Sugar Conscious $ Kidney Friendly $ Pescatarian $ Dairy Free $ Wheat/Gluten-Free $ Tree Nut Free $ Soy Free $ No Sugar Added $ Kosher $ African $ 
https://www.epicurious.com/recipes/food/views/bean-fritters-with-hot-sauce-103385,Bean Fritters with Hot Sauce ,"1 cup dried black-eyed peas $ 2 red bell peppers, chopped $ 1 medium onion, chopped $ 1 medium tomato, chopped $ 1 teaspoon minced fresh habanero chile (with seeds) $ 1 teaspoon salt $ 1/4 cup vegetable or peanut oil $ 1/2 to 1 teaspoon dried shrimp (optional), ground $ 1/2 medium onion, finely chopped $ 1/4 teaspoon minced fresh habanero chile (with seeds) $ 1 large egg $ 1 teaspoon salt $ 6 to 8 tablespoons water $ 6 to 8 cups vegetable or peanut oil $ ",Bean $ Egg $ Onion $ Pepper $ Tomato $ Breakfast $ Fry $ Spring $ Gourmet $ Fat Free $ Sugar Conscious $ Kidney Friendly $ Pescatarian $ Dairy Free $ Wheat/Gluten-Free $ Tree Nut Free $ Soy Free $ No Sugar Added $ ,African $ ,2.5/4,1,Bean $ Egg $ Onion $ Pepper $ Tomato $ Breakfast $ Fry $ Spring $ Gourmet $ Fat Free $ Sugar Conscious $ Kidney Friendly $ Pescatarian $ Dairy Free $ Wheat/Gluten-Free $ Tree Nut Free $ Soy Free $ No Sugar Added $ African $ 
https://www.epicurious.com/recipes/food/views/braised-broccoli-with-olives-106872,Braised Broccoli with Olives ,"4 small heads broccoli or 1 1/2 or more pounds broccoli sprouts $ sea salt and freshly ground pepper $ 1/4 cup olive oil $ 1 onion $ 1 tablespoon chopped marjoram or oregano $ 3 garlic cloves, coarsely chopped $ 2 tablespoons olive paste or finely chopped Gaeta olives $ grated zest of 1/2 lemon $ ",Olive $ Vegetable $ Side $ Braise $ Vegetarian $ High Fiber $ Summer $ Vegan $ Pescatarian $ Paleo $ Dairy Free $ Wheat/Gluten-Free $ Peanut Free $ Tree Nut Free $ Soy Free $ No Sugar Added $ Kosher $ ,African $ ,2.5/4,8,Olive $ Vegetable $ Side $ Braise $ Vegetarian $ High Fiber $ Summer $ Vegan $ Pescatarian $ Paleo $ Dairy Free $ Wheat/Gluten-Free $ Peanut Free $ Tree Nut Free $ Soy Free $ No Sugar Added $ Kosher $ African $ 
https://www.epicurious.com/recipes/food/views/moroccan-style-cornish-game-hens-103910,Moroccan-Style Cornish Game Hens ,"1 tablespoon cumin seeds $ 1 tablespoon coriander seeds $ 2 teaspoons cardamom seeds (from about 1 1/2 tablespoons cardamom pods) $ 2 teaspoons fennel seeds $ 1 teaspoon whole cloves $ 1/2 cinnamon stick, broken into pieces $ 1 bay leaf $ 1/4 cup orange juice $ 2 tablespoons extra-virgin olive oil $ 2 garlic cloves, minced $ 4 Cornish game hens (each 1 1/2 to 1 3/4 pounds), rinsed, patted dry $ 1 pound carrots, peeled, cut diagonally into 1/2-inch-thick slices $ 1/2 cup chicken stock or canned low-salt chicken broth $ Orange-Honey Sauce $ ",Chicken $ Game $ Poultry $ Vegetable $ Roast $ Dinner $ Spice $ Carrot $ Fall $ Winter $ Bon Appétit $ Paleo $ Dairy Free $ Wheat/Gluten-Free $ Peanut Free $ Tree Nut Free $ Soy Free $ Kosher $ ,African $ Moroccan $ ,3/4,19,Chicken $ Game $ Poultry $ Vegetable $ Roast $ Dinner $ Spice $ Carrot $ Fall $ Winter $ Bon Appétit $ Paleo $ Dairy Free $ Wheat/Gluten-Free $ Peanut Free $ Tree Nut Free $ Soy Free $ Kosher $ African $ Moroccan $ 
https://www.epicurious.com/recipes/food/views/moroccan-chicken-with-eggplant-tomatoes-and-almonds-109146,"Moroccan Chicken with Eggplant, Tomatoes, and Almonds ","6 tablespoons olive oil, divided $ 3 cups sliced onions $ 6 large garlic cloves, minced $ 1 tablespoon Hungarian sweet paprika $ 1 1/2 teaspoons coarse kosher salt $ 1 teaspoon turmeric $ 1 teaspoon ground coriander $ 1 teaspoon fennel seeds, ground $ 1 teaspoon freshly ground black pepper $ 1/2 teaspoon ground cumin $ 1/2 teaspoon ground ginger $ 2 cups drained canned diced tomatoes (from 28-ounce can) $ 1 cup water $ 3 tablespoons (or more) fresh lemon juice $ 8 chicken thighs with bones, skinned $ 8 chicken drumsticks, skinned $ 1 large eggplant, unpeeled, cut into 1-inch cubes $ 1 tablespoon chopped fresh marjoram $ 1/2 cup whole blanched almonds or slivered almonds, toasted $ Chopped fresh cilantro $ ",Chicken $ Ginger $ Nut $ Poultry $ Tomato $ Quick & Easy $ Dinner $ Lemon $ Almond $ Eggplant $ Winter $ Clove $ Bon Appétit $ Wheat/Gluten-Free $ Peanut Free $ Soy Free $ No Sugar Added $ ,African $ Moroccan $ ,3.5/4,244,Chicken $ Ginger $ Nut $ Poultry $ Tomato $ Quick & Easy $ Dinner $ Lemon $ Almond $ Eggplant $ Winter $ Clove $ Bon Appétit $ Wheat/Gluten-Free $ Peanut Free $ Soy Free $ No Sugar Added $ African $ Moroccan $ 
https://www.epicurious.com/recipes/food/views/-em-yeabesha-gomen-em-collard-greens-104783,Ye'abesha Gomen (Collard Greens) ,"1 pound collard greens $ 2 cups water $ 3 tablespoons olive oil $ 1 cup chopped red onions $ 1/2 teaspoon minced garlic $ 1/4 teaspoon minced fresh ginger $ Salt, to taste $ 3 medium Anaheim chiles, cut into thin strips $ ",Ginger $ Onion $ Tomato $ Side $ Vegetarian $ Quick & Easy $ Kwanzaa $ Hot Pepper $ Healthy $ Vegan $ Collard Greens $ Simmer $ Sugar Conscious $ Pescatarian $ Paleo $ Dairy Free $ Wheat/Gluten-Free $ Peanut Free $ Tree Nut Free $ Soy Free $ No Sugar Added $ Kosher $ ,African $ ,2.5/4,9,Ginger $ Onion $ Tomato $ Side $ Vegetarian $ Quick & Easy $ Kwanzaa $ Hot Pepper $ Healthy $ Vegan $ Collard Greens $ Simmer $ Sugar Conscious $ Pescatarian $ Paleo $ Dairy Free $ Wheat/Gluten-Free $ Peanut Free $ Tree Nut Free $ Soy Free $ No Sugar Added $ Kosher $ African $ 
https://www.epicurious.com/recipes/food/views/tunisian-fish-cakes-with-lemon-and-paprika-aioli-107907,Tunisian Fish Cakes with Lemon and Paprika Aïoli ,"2 pounds mild white fish fillets (such as orange roughy or halibut), cut into 1/2-inch cubes $ 1 cup finely chopped onion $ 6 garlic cloves, chopped $ 3 tablespoons chopped fresh parsley $ 3 tablespoons chopped fresh cilantro $ 1 tablespoon ground cumin $ 2 teaspoons coarse kosher salt $ 1 teaspoon ground ginger $ 3/4 teaspoon ground black pepper $ 6 tablespoons matzo meal $ 1 large egg $ 12 tablespoons (about) olive oil (for frying) $ Spicy Lemon and Paprika Aioli $ ",Citrus $ Fish $ Onion $ Appetizer $ Fry $ Passover $ Ramadan $ Kosher $ Cilantro $ Parsley $ Bon Appétit $ Sugar Conscious $ Kidney Friendly $ Pescatarian $ Dairy Free $ Peanut Free $ Tree Nut Free $ Soy Free $ No Sugar Added $ ,African $ Jewish $ ,3.5/4,46,Citrus $ Fish $ Onion $ Appetizer $ Fry $ Passover $ Ramadan $ Kosher $ Cilantro $ Parsley $ Bon Appétit $ Sugar Conscious $ Kidney Friendly $ Pescatarian $ Dairy Free $ Peanut Free $ Tree Nut Free $ Soy Free $ No Sugar Added $ African $ Jewish $ 
https://www.epicurious.com/recipes/food/views/spiced-lamb-pie-14902,Spiced Lamb Pie ,"2 pounds ground lamb or ground beef $ 2 tablespoons vegetable oil $ 1 cup water $ 4 cups 1-inch cubes stale white bread $ 2 large onions $ 1/2 stick (1/4 cup) unsalted butter $ 2 teaspoons minced garlic $ 1/2 cup golden raisins $ 1/4 cup sliced almonds $ 2 tablespoons mango chutney such as Major Grey's $ 1 tablespoon Cape Malay masala $ 1 teaspoon turmeric $ 2 teaspoons cumin $ 2 teaspoons grounds coriander seeds $ 3 whole cloves $ 1/2 teaspoon dried thyme, crumbled $ 1/2 teaspoon dried marjoram, crumbled $ 1/2 teaspoon coarsely ground black pepper $ 1/8 teaspoon ground allspice $ 6 to 8 fresh or frozen kaffir lime leaves* $ 2 large eggs $ 1 cup milk $ steamed rice, mango chutny such as Major Grey's $ ",Egg $ Lamb $ Vegetable $ Bake $ Winter $ Gourmet $ ,African $ ,3/4,3,Egg $ Lamb $ Vegetable $ Bake $ Winter $ Gourmet $ African $ 
https://www.epicurious.com/recipes/food/views/turkey-bstilla-101069,Turkey B'stilla ,1/8 cup blanched almonds $ 1 tablespoon granulated sugar $ 1/2 teaspoon cinnamon $ 4 garlic cloves $ 1 cup packed fresh cilantro sprigs $ 1/4 cup packed fresh mint leaves $ 1 large onion $ 1 3/4 cups chicken broth (14 fluid ounces) $ 1/4 teaspoon crumbled saffron threads $ 1 pound lean ground turkey $ 5 large egg whites $ 1/2 teaspoon vegetable oil $ 1 tablespoon ras el hanout $ 1 tablespoon all-purpose flour $ 2 teaspoons finely grated peeled fresh gingerroot $ 3/4 cup golden raisins $ 2 tablespoons fresh lemon juice $ four 17- by 12-inch phyllo sheets $ 3 tablespoons fine dry bread crumbs $ Garnish: 1 teaspoon each confectioners' sugar and cinnamon for dusting $ ,Fruit $ turkey $ Bake $ Dinner $ Raisin $ Almond $ Saffron $ Cilantro $ Phyllo/Puff Pastry Dough $ Gourmet $ Dairy Free $ Peanut Free $ Soy Free $ Kosher $ ,African $ Moroccan $ ,2.5/4,10,Fruit $ turkey $ Bake $ Dinner $ Raisin $ Almond $ Saffron $ Cilantro $ Phyllo/Puff Pastry Dough $ Gourmet $ Dairy Free $ Peanut Free $ Soy Free $ Kosher $ African $ Moroccan $ 
https://www.epicurious.com/recipes/food/views/preserved-meyer-lemons-102747,Preserved Meyer Lemons ,2 1/2 to 3 pounds Meyer lemons (10 to 12) $ 2/3 cup coarse salt $ 1/4 cup olive oil $ Special equipment: 6-cup jar with tight-fitting lid $ ,Citrus $ Fruit $ Vegetarian $ Lemon $ Winter $ Chill $ Gourmet $ ,African $ Moroccan $ ,4/4,21,Citrus $ Fruit $ Vegetarian $ Lemon $ Winter $ Chill $ Gourmet $ African $ Moroccan $ 
https://www.epicurious.com/recipes/food/views/cardamom-tea-granita-105259,Cardamom Tea Granita ,"2 teaspoons seeds from green cardamom pods $ 1/2 teaspoon seeds from black cardamom pods $ 1 (3- by 1-inch) piece fresh ginger, thinly sliced $ 3 cups water $ 2/3 cup sugar $ 1 tablespoon brewed Ethiopian spice tea $ 1/2 cup fresh lemon juice $ ",Tea $ Ginger $ Dessert $ Lemon $ Summer $ Gourmet $ ,African $ ,0/4,0,Tea $ Ginger $ Dessert $ Lemon $ Summer $ Gourmet $ African $ 
https://www.epicurious.com/recipes/food/views/eggplant-omelet-with-coriander-and-caraway-306,Eggplant Omelet with Coriander and Caraway ,"3 medium eggplants (about 1 pound each) $ 5 tablespoons olive oil $ 2 large onions, sliced $ 4 garlic cloves, minced $ 6 large eggs $ 3/4 cup coarsely chopped fresh parsley $ 1 teaspoon caraway seeds, crushed in mortar with pestle $ 1/2 teaspoon ground coriander $ 3/4 teaspoon salt $ 1/4 teaspoon pepper $ 1 lemon, cut into wedges $ ",Egg $ Vegetable $ Appetizer $ Brunch $ Broil $ Vegetarian $ Lunch $ Eggplant $ Bon Appétit $ Pescatarian $ Paleo $ Dairy Free $ Wheat/Gluten-Free $ Peanut Free $ Tree Nut Free $ Soy Free $ No Sugar Added $ Kosher $ ,African $ Mediterranean $ ,2.5/4,6,Egg $ Vegetable $ Appetizer $ Brunch $ Broil $ Vegetarian $ Lunch $ Eggplant $ Bon Appétit $ Pescatarian $ Paleo $ Dairy Free $ Wheat/Gluten-Free $ Peanut Free $ Tree Nut Free $ Soy Free $ No Sugar Added $ Kosher $ African $ Mediterranean $ 
https://www.epicurious.com/recipes/food/views/moroccan-chicken-and-lentils-109056,Moroccan Chicken and Lentils ,"8 cups water $ 3 teaspoons salt, divided $ 1 pound dried brown lentils, rinsed, drained $ 1 cup plus 2 tablespoons olive oil $ 1/2 cup red wine vinegar $ 3 tablespoons ground cumin, divided $ 2 tablespoons plus 2 teaspoons chili powder $ 2 garlic cloves, minced $ 1 large onion, chopped $ 1 1/2 pounds skinless boneless chicken breast halves, thinly sliced $ 1/4 teaspoon ground cinnamon $ 1 cup chopped fresh parsley $ ",Chicken $ Garlic $ Onion $ Poultry $ Appetizer $ Side $ Sauté $ Vinegar $ Lentil $ Winter $ Cinnamon $ Potluck $ Parsley $ Bon Appétit $ Sugar Conscious $ Dairy Free $ Wheat/Gluten-Free $ Peanut Free $ Tree Nut Free $ Soy Free $ No Sugar Added $ Kosher $ ,African $ Moroccan $ ,3.5/4,84,Chicken $ Garlic $ Onion $ Poultry $ Appetizer $ Side $ Sauté $ Vinegar $ Lentil $ Winter $ Cinnamon $ Potluck $ Parsley $ Bon Appétit $ Sugar Conscious $ Dairy Free $ Wheat/Gluten-Free $ Peanut Free $ Tree Nut Free $ Soy Free $ No Sugar Added $ Kosher $ African $ Moroccan $ 
https://www.epicurious.com/recipes/food/views/moroccan-lamb-kebabs-with-golden-couscous-108302,Moroccan Lamb Kebabs with Golden Couscous ,"3/4 cup olive oil $ 2/3 cup fresh lemon juice $ 6 large garlic cloves, minced $ 2 tablespoons chopped fresh mint $ 4 teaspoons salt $ 4 teaspoons grated lemon peel $ 2 teaspoons ground black pepper $ 2 teaspoons ground coriander $ 1 teaspoon ground cumin $ 4 pounds well-trimmed boneless leg of lamb, cut into 2-inch cubes $ 16 12-inch-long metal skewers $ 32 whole dried apricots (preferably Mediterranean), soaked in boiling water 5 minutes, drained $ 4 red onions, each cut into 8 chunks $ Golden Couscous $ ",Lamb $ Backyard BBQ $ Dinner $ Apricot $ Summer $ Grill $ Grill/Barbecue $ Couscous $ Bon Appétit $ Dairy Free $ Wheat/Gluten-Free $ Peanut Free $ Tree Nut Free $ Soy Free $ No Sugar Added $ ,African $ Moroccan $ ,4/4,51,Lamb $ Backyard BBQ $ Dinner $ Apricot $ Summer $ Grill $ Grill/Barbecue $ Couscous $ Bon Appétit $ Dairy Free $ Wheat/Gluten-Free $ Peanut Free $ Tree Nut Free $ Soy Free $ No Sugar Added $ African $ Moroccan $ 
https://www.epicurious.com/recipes/food/views/peanut-soup-with-rice-and-scallions-103559,Peanut Soup with Rice and Scallions ,"2 tablespoons roasted peanut or vegetable oil $ 2 large onions, diced $ 2 large bell peppers, 1 red and 1 green, diced into 1/2-inch chunks $ 2 teaspoons chopped ginger $ 2 sweet potatoes, peeled and cut into 1-inch chunks $ 3 large garlic cloves, finely chopped $ Salt and freshly ground black pepper $ 1/4 teaspoon cayenne pepper or red pepper flakes, or more to taste $ 2 cups crushed tomatoes in sauce $ 5 cups water, or chicken stock, or vegetable stock $ 3/4 cup peanut butter $ 1 box or 1/2 carton tofu, preferably soft $ 2 cups cooked rice $ 1 cup sliced scallions, including the firm greens $ ",Soup/Stew $ Onion $ Rice $ Tomato $ Peanut $ Tofu $ Bell Pepper $ Sweet Potato/Yam $ Spring $ ,African $ ,3.5/4,45,Soup/Stew $ Onion $ Rice $ Tomato $ Peanut $ Tofu $ Bell Pepper $ Sweet Potato/Yam $ Spring $ African $ 
