link,name,ingredients,recipe_category,recipe_cuisine,rating,rating_count,keywords
https://www.epicurious.com/recipes/food/views/soupe-au-pistou-230161,Soupe au Pistou ,"1 1/2 tbsp olive oil $ 1 medium onion, thickly sliced $ 1 celery stalk, chopped $ 1 head fennel, chopped $ 1 carrot, chopped $ 2 plum tomatoes, quartered $ 4 cloves garlic, crushed $ 1/2 tsp red pepper flakes $ 3 sprigs fresh thyme $ 1 bay leaf $ 1 1/2 tbsp olive oil $ 1 cup diced onion $ 2 garlic cloves, peeled and minced $ 1/2 cup diced carrot $ 1 cup diced celery $ 1/2 cup chopped parsley $ 1 tbsp minced fresh thyme $ 1 1/2cups drained and chopped canned plum tomatoes $ 2 cans (15 ounces each) white cannelini beans, rinsed and drained $ 6 tsp prepared pesto or extra-virgin olive oil $ ",Soup/Stew $ Bean $ Herb $ Tomato $ Low Fat $ Vegetarian $ Healthy $ Self $ ,French $ ,3.5/4,25,Soup/Stew $ Bean $ Herb $ Tomato $ Low Fat $ Vegetarian $ Healthy $ Self $ French $ 
https://www.epicurious.com/recipes/food/views/lyonnaise-potatoes-230240,Lyonnaise Potatoes ,"Olive oil $ 2 large russet potatoes, peeled and sliced $ 1 large yellow onion, thinly sliced $ 1/3 cup chicken stock $ ",Potato $ Side $ Bake $ Low Fat $ Self $ Sugar Conscious $ Dairy Free $ Wheat/Gluten-Free $ Peanut Free $ Tree Nut Free $ Soy Free $ No Sugar Added $ Kosher $ ,French $ ,3.5/4,10,Potato $ Side $ Bake $ Low Fat $ Self $ Sugar Conscious $ Dairy Free $ Wheat/Gluten-Free $ Peanut Free $ Tree Nut Free $ Soy Free $ No Sugar Added $ Kosher $ French $ 
https://www.epicurious.com/recipes/food/views/chicken-salad-nicoise-230164,Chicken Salad Niçoise ,"1/2 lb red potatoes $ 1/2 cup green beans, cut into 2-inch lengths $ 3 precooked skinless chicken breasts (1lb), cut into long, thin strips $ 2 medium carrots, cut into thin strips $ 1 small red bell pepper, seeded and cut into strips $ 1/2 small red onion, cut into thin strips $ 1/3 cup niçoise or other black olives $ 2 tbsp capers $ 2 tbsp chopped fresh basil, tarragon or chives $ 2 hard-boiled eggs, peeled and quartered $ 2 small tomatoes, cut into wedges $ 2 medium cloves garlic, peeled and finely chopped $ 1 tsp Dijon mustard $ 2 tbsp finely chopped fresh basil $ 3 tbsp fresh lemon juice $ 2 tbsp extra-virgin olive oil $ ",Salad $ Chicken $ Egg $ Leafy Green $ Olive $ Potato $ Tomato $ Low Fat $ Quick & Easy $ Green Bean $ Self $ ,French $ ,4/4,12,Salad $ Chicken $ Egg $ Leafy Green $ Olive $ Potato $ Tomato $ Low Fat $ Quick & Easy $ Green Bean $ Self $ French $ 
https://www.epicurious.com/recipes/food/views/chicken-en-papillote-230234,Chicken en Papillote ,"8 sheets aluminum foil, each 18 inches long $ 4 tsp grapeseed oil $ 2 cups watercress leaves $ 4 boneless chicken breast halves (1 lb) $ Freshly ground black pepper $ 1 cup diced mango (about 2 mangoes) $ 8 shiitake mushroom caps $ 1/4 cup soy sauce $ 1/4 cup ketchup $ 1/4 cup red wine vinegar $ 1 tbsp grated ginger $ 2 cloves garlic, peeled and minced $ ",Chicken $ Garlic $ Ginger $ Mushroom $ Bake $ Low Fat $ Dinner $ Mango $ Watercress $ Soy Sauce $ Self $ Dairy Free $ Peanut Free $ Tree Nut Free $ No Sugar Added $ Kosher $ ,Asian $ French $ ,2.5/4,2,Chicken $ Garlic $ Ginger $ Mushroom $ Bake $ Low Fat $ Dinner $ Mango $ Watercress $ Soy Sauce $ Self $ Dairy Free $ Peanut Free $ Tree Nut Free $ No Sugar Added $ Kosher $ Asian $ French $ 
https://www.epicurious.com/recipes/food/views/madeleines-234680,Madeleines ,"1 3/4 sticks (14 tablespoons) unsalted butter, melted and cooled, plus additional for brushing molds $ 1 2/3 cups all-purpose flour $ 1 tablespoon baking powder $ 2 teaspoons finely grated fresh lemonzest $ 1 vanilla bean, halved lengthwise $ 3/4 cup sugar $ 3 large eggs $ 1/4 cup whole milk $ 1 1/2 tablespoons mild honey $ 3 nonstick madeleine pans with 12 (2-tablespoon) molds each $ ",Cookies $ Milk/Cream $ Egg $ Dessert $ Bake $ Kid-Friendly $ Quick & Easy $ Vanilla $ Honey $ Gourmet $ Kidney Friendly $ Vegetarian $ Pescatarian $ Peanut Free $ Tree Nut Free $ Soy Free $ Kosher $ ,French $ ,3.5/4,10,Cookies $ Milk/Cream $ Egg $ Dessert $ Bake $ Kid-Friendly $ Quick & Easy $ Vanilla $ Honey $ Gourmet $ Kidney Friendly $ Vegetarian $ Pescatarian $ Peanut Free $ Tree Nut Free $ Soy Free $ Kosher $ French $ 
https://www.epicurious.com/recipes/food/views/spice-rubbed-steak-with-quick-garlic-fries-234266,Spice-Rubbed Steak with Quick Garlic Fries ,"About 3 cups vegetable oil $ 2 (1 1/4-inch-thick) boneless top loin (New York strip) steaks (about 1 lb each) $ 3 1/8 teaspoons spice rub for beef $ 1 (1-lb) package frozen french fries $ 2 large garlic cloves, thinly sliced lengthwise $ a deep-fat thermometer $ ",Beef $ Potato $ Fry $ Sauté $ Quick & Easy $ Steak $ Gourmet $ ,American $ French $ ,3/4,12,Beef $ Potato $ Fry $ Sauté $ Quick & Easy $ Steak $ Gourmet $ American $ French $ 
https://www.epicurious.com/recipes/food/views/chilled-lemon-souffles-with-caramel-sauce-234446,Chilled Lemon Souffles with Caramel Sauce ,"Vegetable oil $ 1/4 cup water $ 1 teaspoon unflavored gelatin $ 3 large eggs, separated $ 2 tablespoons cornstarch $ 1 cup plus 2 tablespoons whole milk $ 6 tablespoons sugar, divided $ 6 tablespoons fresh lemon juice $ 1 1/2 teaspoons finely grated lemon peel $ Caramel Sauce $ ",Milk/Cream $ Egg $ Dessert $ Bake $ Lemon $ Spring $ Bon Appétit $ Kidney Friendly $ Wheat/Gluten-Free $ Peanut Free $ Tree Nut Free $ Soy Free $ ,American $ French $ ,3/4,13,Milk/Cream $ Egg $ Dessert $ Bake $ Lemon $ Spring $ Bon Appétit $ Kidney Friendly $ Wheat/Gluten-Free $ Peanut Free $ Tree Nut Free $ Soy Free $ American $ French $ 
https://www.epicurious.com/recipes/food/views/ham-leek-and-three-cheese-quiche-234261,"Ham, Leek, and Three-Cheese Quiche ","1 round of refrigerated pie dough for a 9-inch pie (from a 15-oz package; not a preshaped frozen pie shell) $ 3/4 lb leeks (about 3 medium; white and pale green parts only) $ 2 tablespoons unsalted butter $ 1/4 lb thinly sliced smoked ham $ 3 oz Gruyère, coarsely grated (1 cup) $ 3 oz Italian Fontina, coarsely grated (1 cup) $ 3 oz whole-milk mozzarella, coarsely grated (1 cup) $ 3 large eggs $ 1/8 teaspoon freshly grated nutmeg $ 1/4 teaspoon black pepper $ 1 3/4 cups crème fraîche (from two 8-oz containers) $ a 9-inch pie plate (4-cup capacity) $ ",Cheese $ Egg $ Pork $ Vegetable $ Breakfast $ Brunch $ Bake $ Super Bowl $ Dinner $ Lunch $ Ham $ Fall $ Gourmet $ Sugar Conscious $ Peanut Free $ Tree Nut Free $ Soy Free $ ,American $ French $ ,3.5/4,61,Cheese $ Egg $ Pork $ Vegetable $ Breakfast $ Brunch $ Bake $ Super Bowl $ Dinner $ Lunch $ Ham $ Fall $ Gourmet $ Sugar Conscious $ Peanut Free $ Tree Nut Free $ Soy Free $ American $ French $ 
https://www.epicurious.com/recipes/food/views/brown-sugar-caramel-souffles-234157,Brown Sugar Caramel Souffles ,"1/2 cup (1 stick) unsalted butter $ 1 cup (packed) plus 2 tablespoons dark brown sugar, plus additional for sprinkling $ 1/2 cup whipping cream $ 3/4 teaspoon vanilla extract $ 1/4 teaspoon (scant) salt $ 3 large egg yolks $ 2 tablespoons all purpose flour $ 6 large egg whites $ ",Cake $ Milk/Cream $ Egg $ Dessert $ Bake $ Quick & Easy $ Vanilla $ Party $ Bon Appétit $ Kidney Friendly $ Vegetarian $ Pescatarian $ Peanut Free $ Tree Nut Free $ Soy Free $ Kosher $ ,American $ French $ ,3.5/4,9,Cake $ Milk/Cream $ Egg $ Dessert $ Bake $ Quick & Easy $ Vanilla $ Party $ Bon Appétit $ Kidney Friendly $ Vegetarian $ Pescatarian $ Peanut Free $ Tree Nut Free $ Soy Free $ Kosher $ American $ French $ 
https://www.epicurious.com/recipes/food/views/chicken-in-riesling-with-prunes-and-cabbage-234144,Chicken in Riesling with Prunes and Cabbage ,"3/4 cup extra-virgin olive oil, divided $ 16 small cipolline, shallots, or boiling onions, peeled, trimmed $ 5 long slender carrots, peeled, cut into 2-inch lengths $ 4 celery stalks, cut into 2-inch lengths $ 3 whole heads of garlic, papery outside removed, cloves separated, unpeeled $ 1 4-pound chicken (preferably organic), rinsed, patted dry, legs tied together to hold shape $ 6 fresh thyme sprigs $ 6 fresh Italian parsley sprigs $ 3 fresh rosemary sprigs $ 1 tablespoon grated lemon peel $ 16 pitted prunes $ 1/2 small green cabbage, cut into 4 wedges with some core on each $ 1 cup low-salt chicken broth $ 1/2 cup Alsatian Riesling $ ",Chicken $ Fruit $ Poultry $ Vegetable $ Roast $ Sauté $ Christmas $ Dinner $ Lunch $ Prune $ Spring $ Winter $ Cabbage $ Bon Appétit $ Paleo $ Dairy Free $ Wheat/Gluten-Free $ Peanut Free $ Tree Nut Free $ Soy Free $ Kosher $ ,French $ ,3/4,32,Chicken $ Fruit $ Poultry $ Vegetable $ Roast $ Sauté $ Christmas $ Dinner $ Lunch $ Prune $ Spring $ Winter $ Cabbage $ Bon Appétit $ Paleo $ Dairy Free $ Wheat/Gluten-Free $ Peanut Free $ Tree Nut Free $ Soy Free $ Kosher $ French $ 
https://www.epicurious.com/recipes/food/views/muenster-cheese-souffle-with-red-bell-pepper-and-tomato-salad-234121,Muenster Cheese Soufflé with Red Bell Pepper and Tomato Salad ,"1 1/4 cups whole milk $ 1 1/2 tablespoons butter $ 3 tablespoons all purpose flour $ 1/4 teaspoon ground cumin $ Panko (Japanese breadcrumbs)* $ 3 large eggs, separated $ 1 cup 1/3-inch cubes rindless French Muenster cheese (about 4 ounces) $ Red Bell Pepper and Tomato Salad $ ",Milk/Cream $ Cheese $ Egg $ Pepper $ Tomato $ Appetizer $ Bake $ Lunch $ Fall $ Winter $ Bon Appétit $ Vegetarian $ Pescatarian $ Kosher $ ,French $ ,3.5/4,12,Milk/Cream $ Cheese $ Egg $ Pepper $ Tomato $ Appetizer $ Bake $ Lunch $ Fall $ Winter $ Bon Appétit $ Vegetarian $ Pescatarian $ Kosher $ French $ 
https://www.epicurious.com/recipes/food/views/spiced-waffles-with-caramelized-apples-234132,Spiced Waffles with Caramelized Apples ,"2/3 cup plus 3 tablespoons all purpose flour $ 6 tablespoons sugar $ 2 tablespoons whole wheat flour $ 1 1/2 teaspoons baking powder $ 1 1/4 teaspoons ground ginger $ 1/2 teaspoon ground cinnamon $ 1/4 teaspoon baking soda $ 1/8 teaspoon salt $ 1/8 teaspoon ground coriander $ 1/8 teaspoon ground nutmeg $ Large pinch of ground cloves $ Large pinch of ground white pepper $ 3/4 cup buttermilk $ 2 tablespoons honey $ 1 large egg, separated $ 1/2 teaspoon grated orange peel $ 2 tablespoons (1/4 stick) unsalted butter, melted $ Nonstick vegetable oil spray $ Vanilla ice cream $ Caramelized Apples $ ",Cake $ Ginger $ Breakfast $ Brunch $ Dessert $ Side $ Quick & Easy $ Apple $ Winter $ Honey $ Cinnamon $ Clove $ Nutmeg $ Bon Appétit $ Vegetarian $ Pescatarian $ Peanut Free $ Tree Nut Free $ Soy Free $ Kosher $ ,French $ ,3.5/4,7,Cake $ Ginger $ Breakfast $ Brunch $ Dessert $ Side $ Quick & Easy $ Apple $ Winter $ Honey $ Cinnamon $ Clove $ Nutmeg $ Bon Appétit $ Vegetarian $ Pescatarian $ Peanut Free $ Tree Nut Free $ Soy Free $ Kosher $ French $ 
https://www.epicurious.com/recipes/food/views/red-bell-pepper-and-tomato-salad-234129,Red Bell Pepper and Tomato Salad ,"24 grape or cherry tomatoes, halved $ 1/2 cup 1/4-inch cubes red bell pepper $ 1/3 cup 1/4-inch cubes drained roasted red pepper from jar $ 3 tablespoons extra-virgin olive oil $ 1/2 teaspoon white wine vinegar $ Pinch of ground cumin $ ",Salad $ Pepper $ Tomato $ Appetizer $ Side $ No-Cook $ Picnic $ Quick & Easy $ Spring $ Bon Appétit $ Kidney Friendly $ Vegan $ Vegetarian $ Pescatarian $ Paleo $ Dairy Free $ Wheat/Gluten-Free $ Peanut Free $ Tree Nut Free $ Soy Free $ No Sugar Added $ Kosher $ ,French $ ,3/4,3,Salad $ Pepper $ Tomato $ Appetizer $ Side $ No-Cook $ Picnic $ Quick & Easy $ Spring $ Bon Appétit $ Kidney Friendly $ Vegan $ Vegetarian $ Pescatarian $ Paleo $ Dairy Free $ Wheat/Gluten-Free $ Peanut Free $ Tree Nut Free $ Soy Free $ No Sugar Added $ Kosher $ French $ 
https://www.epicurious.com/recipes/food/views/maple-sugar-tartlets-234002,Maple Sugar Tartlets ,"1 1/4 cups all-purpose flour $ 1 teaspoon sugar $ 1 stick (1/2 cup) cold unsalted butter, cut into small pieces $ 1/4 teaspoon salt $ 1/4 cup cold water $ 2 large eggs $ 1/2 cup dark amber or Grade B maple syrup $ 6 tablespoons packed light brown sugar $ 3/4 stick (6 tablespoons) unsalted butter, melted and cooled $ 3 tablespoons granulated maple sugar (see cooks' note, below) $ 1 1/2 tablespoons cider vinegar $ Rounded 1/8 teaspoon salt $ 2/3 cup pecans (2 1/2 ounces), finely chopped $ Accompaniment: unsweetened whipped cream $ a pastry or bench scraper (optional); a 4 1/2-inch round cookie cutter; 8 (3 1/2-inch) fluted round tartlet pans; pie weights or raw rice $ ",Milk/Cream $ Nut $ Dessert $ Bake $ Christmas $ Thanksgiving $ Vinegar $ Pecan $ Fall $ Winter $ Shower $ Gourmet $ Kidney Friendly $ Vegetarian $ Pescatarian $ Peanut Free $ Soy Free $ Kosher $ ,American $ French $ ,0/4,0,Milk/Cream $ Nut $ Dessert $ Bake $ Christmas $ Thanksgiving $ Vinegar $ Pecan $ Fall $ Winter $ Shower $ Gourmet $ Kidney Friendly $ Vegetarian $ Pescatarian $ Peanut Free $ Soy Free $ Kosher $ American $ French $ 
https://www.epicurious.com/recipes/food/views/miso-marinated-cod-with-fava-beans-230236,Miso-Marinated Cod with Fava Beans ,"1 cup white miso $ 1 tbsp peeled, finely chopped ginger $ 2 tbsp roughly chopped fresh cilantro $ 1 tbsp finely chopped shallot plus 1/2 cup thinly sliced shallots $ 4 cod fillets (about 5 oz each) $ 2 cups shelled and peeled fava beans (or shelled fresh peas) $ 6 cups homemade or 4 cans (13 oz each) low-sodium chicken broth $ 2 tsp finely chopped fresh thyme $ 1 tbsp unsalted butter $ 1 tbsp canola (or corn) oil $ Freshly ground black pepper $ ",Bean $ Soy $ Marinate $ Sauté $ Low Fat $ Cod $ Healthy $ Self $ ,Asian $ French $ ,4/4,2,Bean $ Soy $ Marinate $ Sauté $ Low Fat $ Cod $ Healthy $ Self $ Asian $ French $ 
https://www.epicurious.com/recipes/food/views/chocolate-souffle-239028,Chocolate Soufflé ,"3/4 cup butter $ 1/2 cup flour $ 1/2 cup milk $ 1 cup sugar $ 2 egg yolks $ 3 1/2 ounces bittersweet chocolate, melted $ 1 tablespoon cocoa powder $ 5 egg whites $ ",Chocolate $ Dairy $ Egg $ Dessert $ Bake $ Kid-Friendly $ Cookie $ Kidney Friendly $ Vegetarian $ Pescatarian $ Peanut Free $ Tree Nut Free $ Soy Free $ Kosher $ ,French $ ,4/4,8,Chocolate $ Dairy $ Egg $ Dessert $ Bake $ Kid-Friendly $ Cookie $ Kidney Friendly $ Vegetarian $ Pescatarian $ Peanut Free $ Tree Nut Free $ Soy Free $ Kosher $ French $ 
https://www.epicurious.com/recipes/food/views/chicken-liver-mousse-233962,Chicken Liver Mousse ,"2 tablespoons finely chopped shallot $ 1 teaspoon olive oil $ 1 garlic clove, minced $ 1/3 cup Cognac or other brandy $ 6 oz chicken livers, trimmed (3/4 cup) $ 5 large egg yolks $ 1 cup whole milk $ 1/4 cup all-purpose flour $ 1 1/4 teaspoons salt $ 1/2 teaspoon black pepper $ 1/4 teaspoon freshly grated nutmeg $ 1/4 teaspoon ground allspice $ 3/4 stick (6 tablespoons) unsalted butter $ Several bay leaves (preferably fresh; see cooks' note, below) $ Accompaniments: crackers or toasted baguette slices; flaky sea salt; cornichons $ a 2 1/2- to 3-cup ovenproof crock or terrine $ ",Condiment/Spread $ Milk/Cream $ Chicken $ Egg $ Bake $ Quick & Easy $ Cognac/Armagnac $ Chill $ Gourmet $ ,French $ ,3.5/4,15,Condiment/Spread $ Milk/Cream $ Chicken $ Egg $ Bake $ Quick & Easy $ Cognac/Armagnac $ Chill $ Gourmet $ French $ 
https://www.epicurious.com/recipes/food/views/wild-rice-with-french-green-lentils-233941,Wild Rice with French Green Lentils ,"4 1/4 cups water, divided $ 1 1/2 teaspoons salt, divided $ 1 cup wild rice (about 6 ounces) $ 2 whole cloves $ 1/2 onion, peeled $ 2 tablespoons extra-virgin olive oil $ 1 medium carrot, peeled, halved crosswise $ 1 celery stalk, halved crosswise $ 2 garlic cloves, peeled $ 4 ounces 1/4-inch-thick pancetta (Italian bacon), cut into 1/4-inch cubes $ 1/2 cup dried French green lentils* $ 1 bay leaf $ 2 tablespoons chopped fresh Italian parsley $ ",Bean $ Rice $ Side $ Sauté $ Bacon $ Lentil $ Carrot $ Winter $ Clove $ Bon Appétit $ Sugar Conscious $ Dairy Free $ Wheat/Gluten-Free $ Peanut Free $ Tree Nut Free $ Soy Free $ No Sugar Added $ ,American $ French $ ,3.5/4,24,Bean $ Rice $ Side $ Sauté $ Bacon $ Lentil $ Carrot $ Winter $ Clove $ Bon Appétit $ Sugar Conscious $ Dairy Free $ Wheat/Gluten-Free $ Peanut Free $ Tree Nut Free $ Soy Free $ No Sugar Added $ American $ French $ 
https://www.epicurious.com/recipes/food/views/quince-calvados-crepe-souffles-233812,Quince Calvados Crêpe Souffles ,"2/3 cup whole milk $ 1/4 cup plus 1 tablespoon all-purpose flour $ 1 large egg $ 11/2 tablespoons unsalted butter, melted, plus additional for brushing skillet $ 1 teaspoon sugar $ 1/4 teaspoon salt $ 3 cups water $ 2/3 cup sugar $ 4 (3-inch-long) strips of fresh lemon zest (1/2 inch wide) $ 1 1/2 lb quince (2 medium), peeled and halved, then each half cut into 6 wedges and cored $ 1/2 teaspoon vanilla $ 2 tablespoons Calvados $ 2 teaspoons fresh lemon juice $ 2 large egg whites $ 1 1/2 tablespoons granulated sugar $ 1 1/2 tablespoons unsalted butter, melted $ Confectioners sugar for dusting $ ",Milk/Cream $ Egg $ Dessert $ Bake $ Poach $ Kid-Friendly $ Quince $ Calvados $ Pastry $ Gourmet $ Vegetarian $ Pescatarian $ Peanut Free $ Tree Nut Free $ Soy Free $ Kosher $ ,French $ ,3/4,2,Milk/Cream $ Egg $ Dessert $ Bake $ Poach $ Kid-Friendly $ Quince $ Calvados $ Pastry $ Gourmet $ Vegetarian $ Pescatarian $ Peanut Free $ Tree Nut Free $ Soy Free $ Kosher $ French $ 
https://www.epicurious.com/recipes/food/views/alsatian-cheese-tart-233788,Alsatian Cheese Tart ,"1 puff pastry sheet (from a 17 1/4-oz package), thawed $ 1/2 cup whole-milk cottage cheese $ 1/4 cup sour cream $ 1/4 teaspoon salt $ 1/4 teaspoon black pepper $ 6 bacon slices (6 oz), cut crosswise into 1/2-inch pieces $ 1/3 cup packed thinly sliced onion $ 1 tablespoon freshly grated parmesan $ ",Onion $ Appetizer $ Bake $ Cocktail Party $ Quick & Easy $ Lunch $ Bacon $ Cottage Cheese $ Sour Cream $ Phyllo/Puff Pastry Dough $ Gourmet $ Sugar Conscious $ Kidney Friendly $ Peanut Free $ Tree Nut Free $ Soy Free $ ,French $ ,3.5/4,36,Onion $ Appetizer $ Bake $ Cocktail Party $ Quick & Easy $ Lunch $ Bacon $ Cottage Cheese $ Sour Cream $ Phyllo/Puff Pastry Dough $ Gourmet $ Sugar Conscious $ Kidney Friendly $ Peanut Free $ Tree Nut Free $ Soy Free $ French $ 
https://www.epicurious.com/recipes/food/views/cardamom-creme-anglaise-233948,Cardamom Crème Anglaise ,"2 tablespoons whole green cardamom pods, crushed $ 1 cup whole milk $ 1 cup whipping cream $ 1/2 cup sugar, divided $ 1/4 vanilla bean, split lengthwise $ 4 large egg yolks $ ",Sauce $ Milk/Cream $ Egg $ Dessert $ Valentine's Day $ Spice $ Vanilla $ Bon Appétit $ Kidney Friendly $ Vegetarian $ Pescatarian $ Wheat/Gluten-Free $ Peanut Free $ Tree Nut Free $ Soy Free $ Kosher $ ,French $ ,4/4,17,Sauce $ Milk/Cream $ Egg $ Dessert $ Valentine's Day $ Spice $ Vanilla $ Bon Appétit $ Kidney Friendly $ Vegetarian $ Pescatarian $ Wheat/Gluten-Free $ Peanut Free $ Tree Nut Free $ Soy Free $ Kosher $ French $ 
https://www.epicurious.com/recipes/food/views/smoked-salmon-coeurs-a-la-creme-233780,Smoked Salmon Coeurs à la Crème ,"1/2 cup whole-milk cottage cheese $ 2 oz cream cheese $ 2 tablespoons heavy cream $ 1 teaspoon fresh lime juice $ 1/8 teaspoon salt $ Pinch of cayenne $ 1/4 lb smoked wild salmon, finely chopped $ 1 tablespoon finely chopped fresh chives $ 3 (1/3-cup) coeur à la crème molds; cheesecloth $ ",Milk/Cream $ Cheese $ Dairy $ Fish $ Appetizer $ Freeze/Chill $ Valentine's Day $ Quick & Easy $ Salmon $ Winter $ Chill $ Cottage Cheese $ Gourmet $ Sugar Conscious $ Kidney Friendly $ Pescatarian $ Wheat/Gluten-Free $ Peanut Free $ Tree Nut Free $ Soy Free $ No Sugar Added $ Kosher $ ,French $ ,3/4,3,Milk/Cream $ Cheese $ Dairy $ Fish $ Appetizer $ Freeze/Chill $ Valentine's Day $ Quick & Easy $ Salmon $ Winter $ Chill $ Cottage Cheese $ Gourmet $ Sugar Conscious $ Kidney Friendly $ Pescatarian $ Wheat/Gluten-Free $ Peanut Free $ Tree Nut Free $ Soy Free $ No Sugar Added $ Kosher $ French $ 
https://www.epicurious.com/recipes/food/views/dark-chocolate-souffles-with-cardamom-creme-anglaise-233942,Dark Chocolate Souffles With Cardamom Crème Anglaise ,"5 ounces bittersweet chocolate, chopped $ 1 tablespoon unsalted butter $ 1/4 cup plus 3 tablespoons sugar $ 2 tablespoons all purpose flour $ 1 teaspoon unsweetened cocoa powder $ 3/4 cup whole milk $ 1/4 teaspoon vanilla extract $ 4 large egg yolks $ 5 large egg whites $ 1/4 teaspoon coarse kosher salt $ Cardamom Crème Anglaise $ ",Milk/Cream $ Chocolate $ Egg $ Dessert $ Bake $ Valentine's Day $ Vanilla $ Bon Appétit $ Kidney Friendly $ Vegetarian $ Pescatarian $ Peanut Free $ Tree Nut Free $ Soy Free $ Kosher $ ,French $ Indian $ ,3.5/4,23,Milk/Cream $ Chocolate $ Egg $ Dessert $ Bake $ Valentine's Day $ Vanilla $ Bon Appétit $ Kidney Friendly $ Vegetarian $ Pescatarian $ Peanut Free $ Tree Nut Free $ Soy Free $ Kosher $ French $ Indian $ 
https://www.epicurious.com/recipes/food/views/pommes-de-terre-lorette-233558,Pommes de Terre Lorette ,1 lb medium boiling potatoes $ 1 tablespoon unsalted butter $ 1 whole large egg $ 1 large egg yolk $ 1 1/4 teaspoons salt $ 1/8 teaspoon black pepper $ 1/2 cup water $ 1 tablespoon unsalted butter $ 1/2 teaspoon salt $ 1/8 teaspoon black pepper $ 1/8 teaspoon freshly grated nutmeg $ 1/2 cup all-purpose flour $ 2 large eggs $ About 4 cups vegetable oil $ a potato ricer; a pastry bag fitted with a 1/2-inch star tip; a deep-fat thermometer $ ,Potato $ Side $ Fry $ Vegetarian $ Gourmet $ Sugar Conscious $ Pescatarian $ Peanut Free $ Tree Nut Free $ Soy Free $ No Sugar Added $ Kosher $ ,French $ ,3.5/4,5,Potato $ Side $ Fry $ Vegetarian $ Gourmet $ Sugar Conscious $ Pescatarian $ Peanut Free $ Tree Nut Free $ Soy Free $ No Sugar Added $ Kosher $ French $ 
https://www.epicurious.com/recipes/food/views/french-vinaigrette-233578,French Vinaigrette ,1/4 cup white-wine vinegar $ 2 tablespoons finely chopped shallot $ 1/2 teaspoon salt $ 1/2 teaspoon Dijon mustard $ 1/4 teaspoon black pepper $ 3/4 cup olive oil $ ,Mustard $ Onion $ No-Cook $ Quick & Easy $ Salad Dressing $ Vinegar $ Gourmet $ ,American $ French $ ,4/4,14,Mustard $ Onion $ No-Cook $ Quick & Easy $ Salad Dressing $ Vinegar $ Gourmet $ American $ French $ 
https://www.epicurious.com/recipes/food/views/veal-cordon-bleu-233551,Veal Cordon Bleu ,"8 (1/8-inch-thick) veal cutlets (also called scaloppine; all the same size, about 2 1/2 oz each) $ 1 (1/2-lb) piece Gruyère $ 4 (1/8-inch-thick) slices baked ham such as Virginia $ 1 cup plain dry bread crumbs $ 2 teaspoons salt $ 3/4 teaspoon black pepper $ 3/4 cup all-purpose flour $ 2 large eggs $ 2 tablespoons unsalted butter $ 2 tablespoons olive oil $ Garnish: lemon wedges; fresh parsley sprigs $ a meat pounder; a cheese plane $ ",Cheese $ Sauté $ Quick & Easy $ Veal $ Ham $ Gourmet $ ,American $ French $ ,3.5/4,9,Cheese $ Sauté $ Quick & Easy $ Veal $ Ham $ Gourmet $ American $ French $ 
https://www.epicurious.com/recipes/food/views/steak-au-poivre-233549,Steak au Poivre ,"4 (3/4- to 1-inch-thick) boneless beef top-loin (strip) steaks (8 to 10 oz each) $ 1 tablespoon kosher salt $ 2 tablespoons whole black peppercorns $ 1 tablespoon vegetable oil $ 1/3 cup finely chopped shallots $ 1/2 stick (1/4 cup) unsalted butter, cut into 4 pieces $ 1/2 cup Cognac or other brandy $ 3/4 cup heavy cream $ ",Milk/Cream $ Beef $ Sauté $ Quick & Easy $ Brandy $ Gourmet $ ,French $ ,4/4,53,Milk/Cream $ Beef $ Sauté $ Quick & Easy $ Brandy $ Gourmet $ French $ 
https://www.epicurious.com/recipes/food/views/warm-lentil-salad-with-sausage-233546,Warm Lentil Salad with Sausage ,"2 cups French green lentils (13 oz), picked over and rinsed $ 6 cups water $ 1 California bay leaf or 2 Turkish $ 1 teaspoon salt $ 1 medium onion, finely chopped (1 cup) $ 2 carrots, cut into 1/4-inch dice (1 cup) $ 2 celery ribs, cut into 1/4-inch dice (1 cup) $ 1 tablespoon finely chopped garlic $ 1/2 teaspoon dried thyme, crumbled $ 1/4 teaspoon black pepper $ 1/2 cup plus 2 tablespoons extra-virgin olive oil $ 1/4 cup red-wine vinegar $ 1 tablespoon Dijon mustard $ 3/4 lb smoked kielbasa or other smoked sausage (not low-fat), cut crosswise into 1/4-inch-thick slices $ 1/4 cup finely chopped fresh flat-leaf parsley $ ",Salad $ Sauté $ Quick & Easy $ Sausage $ Celery $ Lentil $ Carrot $ Parsley $ Gourmet $ ,French $ ,3.5/4,30,Salad $ Sauté $ Quick & Easy $ Sausage $ Celery $ Lentil $ Carrot $ Parsley $ Gourmet $ French $ 
https://www.epicurious.com/recipes/food/views/escargots-a-la-bourguignonne-233523,Escargots à la Bourguignonne ,"1 small garlic clove $ 3/8 teaspoon table salt $ 1 stick (1/2 cup) unsalted butter, softened $ 1 1/2 teaspoons finely minced shallot $ 1 tablespoon finely chopped fresh flat-leaf parsley $ 1/4 teaspoon black pepper $ 1 tablespoon dry white wine $ 12 to 16 snails* (from a 7- to 8-oz can) $ About 2 cups kosher salt (for stabilizing snail shells) $ Accompaniment: French bread $ 12 to 16 sterilized escargot shells* $ ",Garlic $ Appetizer $ Bake $ Quick & Easy $ Gourmet $ Sugar Conscious $ Kidney Friendly $ Pescatarian $ Wheat/Gluten-Free $ Peanut Free $ Tree Nut Free $ Soy Free $ ,French $ ,4/4,12,Garlic $ Appetizer $ Bake $ Quick & Easy $ Gourmet $ Sugar Conscious $ Kidney Friendly $ Pescatarian $ Wheat/Gluten-Free $ Peanut Free $ Tree Nut Free $ Soy Free $ French $ 
https://www.epicurious.com/recipes/food/views/duck-a-lorange-233535,Duck a l'Orange ,"1 tablespoon kosher salt $ 1 teaspoon ground coriander $ 1/2 teaspoon ground cumin $ 1 teaspoon black pepper $ 1 (5- to 6-lb) Long Island duck (also called Pekin) $ 1 juice orange, halved $ 4 fresh thyme sprigs $ 4 fresh marjoram sprigs $ 2 fresh flat-leaf parsley sprigs $ 1 small onion, cut into 8 wedges $ 1/2 cup dry white wine $ 1/2 cup duck stock, duck and veal stock*, chicken stock, or reduced-sodium chicken broth $ 1/2 carrot $ 1/2 celery rib $ 1/3 cup sugar $ 1/3 cup fresh orange juice (from 1 to 2 oranges) $ 2 tablespoons white-wine vinegar $ 1/8 teaspoon salt $ 2 to 4 tablespoons duck or chicken stock or reduced-sodium chicken broth $ 1 tablespoon unsalted butter, softened $ 1 tablespoon all-purpose flour $ 1 tablespoon fine julienne of fresh orange zest, removed with a vegetable peeler $ 1 13- by 9-inch flameproof roasting pan $ an instant-read thermometer; a 13- by 9-inch flameproof roasting pan $ ",Citrus $ Duck $ Herb $ Roast $ Orange $ White Wine $ Gourmet $ ,French $ ,3.5/4,39,Citrus $ Duck $ Herb $ Roast $ Orange $ White Wine $ Gourmet $ French $ 
https://www.epicurious.com/recipes/food/views/bouillabaisse-of-peas-233530,Bouillabaisse of Peas ,"1 (4-inch) piece celery $ 1 Turkish or 1/2 California bay leaf $ 3 fresh thyme sprigs $ 2 fresh parsley sprigs $ 8 black peppercorns $ 1/4 teaspoon slightly crushed fennel seeds $ 1 qt water $ 5 tablespoons extra-virgin olive oil $ 6 (1-inch-thick) slices baguette $ 1 medium onion, finely chopped $ 1 lb medium boiling potatoes $ 4 garlic cloves, minced $ 1 (10-oz) package frozen baby peas (not thawed) $ 1 1/2 teaspoons salt $ 1/2 teaspoon black pepper $ 6 large eggs $ an 8-inch square of cheesecloth; kitchen string $ ",Soup/Stew $ Egg $ Garlic $ Onion $ Potato $ Appetizer $ Vegetarian $ Quick & Easy $ Pea $ Winter $ Gourmet $ Sugar Conscious $ Pescatarian $ Dairy Free $ Peanut Free $ Tree Nut Free $ Soy Free $ Kosher $ ,French $ ,3.5/4,3,Soup/Stew $ Egg $ Garlic $ Onion $ Potato $ Appetizer $ Vegetarian $ Quick & Easy $ Pea $ Winter $ Gourmet $ Sugar Conscious $ Pescatarian $ Dairy Free $ Peanut Free $ Tree Nut Free $ Soy Free $ Kosher $ French $ 
https://www.epicurious.com/recipes/food/views/almond-butter-cake-233563,Almond Butter Cake ,"1 2/3 cups all-purpose flour $ 1/4 teaspoon salt $ 1 tablespoon granulated sugar $ 2 sticks (1 cup) unsalted butter, frozen $ 1/2 cup ice water $ 1/4 cup pure almond paste (2 oz) $ 1/4 cup granulated sugar $ 2 tablespoons unsalted butter, softened $ 1 large egg $ 1/4 teaspoon vanilla $ 1/4 teaspoon almond extract $ 2 tablespoons all-purpose flour $ 1 whole almond or a dried bean, such as a lima bean $ 1 large egg $ 1 tablespoon milk $ 1/2 tablespoon confectioners sugar for dusting $ a pastry or bench scraper; 2 large baking sheets (at least 12 inches wide), not dark metal (or pastry may overbrown) $ ",Cake $ Dessert $ Bake $ Almond $ Winter $ Gourmet $ Kidney Friendly $ Vegetarian $ Pescatarian $ Peanut Free $ Soy Free $ Kosher $ ,French $ ,3/4,4,Cake $ Dessert $ Bake $ Almond $ Winter $ Gourmet $ Kidney Friendly $ Vegetarian $ Pescatarian $ Peanut Free $ Soy Free $ Kosher $ French $ 
https://www.epicurious.com/recipes/food/views/hazelnut-paris-brest-233283,Hazelnut Paris-Brest ,"1 cup hazelnuts $ 1/4 cup sliced almonds (3/4 oz) $ 1/2 cup granulated sugar $ 1 cup whole milk $ 3 large egg yolks $ 1/3 cup granulated sugar $ 3 tablespoons cornstarch $ 1/4 teaspoon salt $ 2 tablespoons unsalted butter $ 1/2 teaspoon vanilla $ 3/4 cup chilled heavy cream $ 1 cup water $ 1 stick (1/2 cup) unsalted butter, cut into 1/2-inch cubes $ 1 teaspoon granulated sugar $ 1/2 teaspoon salt $ 1 cup all-purpose flour $ 4 whole large eggs $ 1 large egg yolk, lightly beaten with 1 tablespoon water $ 3 tablespoons sliced almonds $ 1 tablespoon confectioners sugar plus additional for dusting $ a pastry bag; a 5/8-inch plain tip; a 1/2-inch open-star tip $ ",Dairy $ Nut $ Dessert $ Bake $ Christmas $ Hazelnut $ Pastry $ Gourmet $ Kidney Friendly $ Vegetarian $ Pescatarian $ Peanut Free $ Soy Free $ Kosher $ ,French $ ,3.5/4,9,Dairy $ Nut $ Dessert $ Bake $ Christmas $ Hazelnut $ Pastry $ Gourmet $ Kidney Friendly $ Vegetarian $ Pescatarian $ Peanut Free $ Soy Free $ Kosher $ French $ 
https://www.epicurious.com/recipes/food/views/pork-cassoulet-with-pork-confit-and-winter-tomato-sauce-233500,Pork Cassoulet with Pork Confit and Winter Tomato Sauce ,"8 quarts water, divided $ 2 pounds dried beans, such as Emergo beans or French horticultural beans (about 5 cups) $ 12 fresh parsley sprigs $ 6 large fresh thyme sprigs $ 4 bay leaves $ 1 8-ounce piece pancetta (Italian bacon; about 1 inch thick) $ 1 medium onion, skin on $ 1 whole garlic head, skin on $ 2 teaspoons coarse kosher salt $ 2 teaspoons ground black pepper $ 2 tablespoons olive oil $ 2 cups chopped onions $ 2 cups dry white wine $ Thawed reserved juices from Pork Confit plus additional low-salt chicken broth (if needed) to measure 2 cups total $ 4 cupsWinter Tomato Sauce $ 3 pounds sweet Italian sausages $ Pork Confit (see recipe) $ 2 cups coarse fresh breadcrumbs $ 1/4 cup olive oil $ ",Bean $ Onion $ Pork $ Tomato $ Sauté $ Sausage $ White Wine $ Winter $ Thyme $ Parsley $ Bon Appétit $ ,French $ ,3/4,4,Bean $ Onion $ Pork $ Tomato $ Sauté $ Sausage $ White Wine $ Winter $ Thyme $ Parsley $ Bon Appétit $ French $ 
https://www.epicurious.com/recipes/food/views/pork-confit-233502,Pork Confit ,"6 bay leaves, crushed $ 1 tablespoon coarse kosher salt $ 2 teaspoons herbes de Provence* $ 2 teaspoons ground black pepper $ 1 teaspoon chopped fresh thyme $ 1 teaspoon chopped fresh sage $ 1/2 teaspoon ground coriander $ 1/4 teaspoon ground allspice $ 4 pounds boneless pork shoulder (Boston butt), cut into 3-inch cubes, fat left intact $ 2 onions, sliced $ 8 garlic cloves, peeled $ 6 fresh thyme sprigs $ 1 fresh rosemary sprig $ Melted lard or olive oil (about 1 quart) $ ",Garlic $ Onion $ Pork $ Winter $ Thyme $ Bon Appétit $ ,French $ ,3.5/4,3,Garlic $ Onion $ Pork $ Winter $ Thyme $ Bon Appétit $ French $ 
https://www.epicurious.com/recipes/food/views/mussels-a-la-mariniere-232973,Mussels à la Marinière ,"2 liters (8 cups) of mussels cooked as above [see note from Gourmet's food editors, below] $ 3 deciliters (1 1/4 cups) of cooking liquid $ 1 1/2 deciliters (5 fluid ounces, 2/3 cup) of white wine $ 20 grams (2/3 ounce) of shallot finely minced $ 2 good pinches of minced parsley $ 75 grams (2 2/3 ounces, 1/3 cup) of butter $ 2 good soup spoons of bread crumbs ground into a fine semolina $ ",Wine $ Shellfish $ Appetizer $ Quick & Easy $ Dinner $ Lunch $ Seafood $ Mussel $ White Wine $ Gourmet $ Sugar Conscious $ Pescatarian $ Peanut Free $ Tree Nut Free $ Soy Free $ ,French $ ,2.5/4,2,Wine $ Shellfish $ Appetizer $ Quick & Easy $ Dinner $ Lunch $ Seafood $ Mussel $ White Wine $ Gourmet $ Sugar Conscious $ Pescatarian $ Peanut Free $ Tree Nut Free $ Soy Free $ French $ 
https://www.epicurious.com/recipes/food/views/braised-beef-and-onions-232969,Braised Beef and Onions ,"2 (2-lb) well-marbled boneless beef chuck pot roasts (1 1/2 inches thick) $ 2 teaspoons ground allspice $ 1 1/2 lb onions, halved lengthwise, then thinly sliced lengthwise (6 cups) $ 6 large garlic cloves, finely chopped $ 2 tablespoons finely chopped fresh flat-leaf parsley $ heavy-duty foil $ ",Beef $ Onion $ Braise $ Quick & Easy $ Low/No Sugar $ Wheat/Gluten-Free $ Meat $ Fall $ Winter $ Gourmet $ ,American $ French $ ,3.5/4,102,Beef $ Onion $ Braise $ Quick & Easy $ Low/No Sugar $ Wheat/Gluten-Free $ Meat $ Fall $ Winter $ Gourmet $ American $ French $ 
https://www.epicurious.com/recipes/food/views/warm-chestnut-and-apple-salad-232871,Warm Chestnut and Apple Salad ,"6 cups (packed) arugula $ 6 cups (packed) coarsely torn curly endive $ 3 tablespoons extra-virgin olive oil, divided $ 1 1/2 medium Granny Smith apples, peeled, cored, cut into 1/2-inch dice $ 3/4 cup thinly sliced shallots $ 1 1/2 cups steamed chestnuts (from two 7.25-ounce jars), coarsely chopped $ 3 tablespoons red wine vinegar $ 41/2 tablespoons walnut oil $ ",Salad $ Fruit $ Leafy Green $ Nut $ Appetizer $ Sauté $ Quick & Easy $ Apple $ Fall $ Healthy $ Chestnut $ Bon Appétit $ Vegan $ Vegetarian $ Pescatarian $ Dairy Free $ Wheat/Gluten-Free $ Peanut Free $ Soy Free $ No Sugar Added $ Kosher $ ,French $ ,1.5/4,6,Salad $ Fruit $ Leafy Green $ Nut $ Appetizer $ Sauté $ Quick & Easy $ Apple $ Fall $ Healthy $ Chestnut $ Bon Appétit $ Vegan $ Vegetarian $ Pescatarian $ Dairy Free $ Wheat/Gluten-Free $ Peanut Free $ Soy Free $ No Sugar Added $ Kosher $ French $ 
https://www.epicurious.com/recipes/food/views/lemon-and-rosemary-fougasse-232868,Lemon and Rosemary Fougasse ,"3 cups warm water (105°F to 115°F) $ 1 teaspoon active dry yeast $ 5 cups semolina flour* (pasta flour; about 30 ounces), divided $ 1 tablespoon coarse sea salt $ 5 tablespoons extra-virgin olive oil, divided $ 1 1/2 cups (or more) unbleached all-purpose flour, divided $ 2 tablespoons finely grated lemon peel $ 4 teaspoons minced fresh rosemary $ ",Bread $ Citrus $ Herb $ Appetizer $ Side $ Bake $ Lemon $ Rosemary $ Bon Appétit $ Sugar Conscious $ Vegetarian $ Pescatarian $ Peanut Free $ Tree Nut Free $ Soy Free $ No Sugar Added $ Kosher $ ,French $ French Provençal $ ,4/4,1,Bread $ Citrus $ Herb $ Appetizer $ Side $ Bake $ Lemon $ Rosemary $ Bon Appétit $ Sugar Conscious $ Vegetarian $ Pescatarian $ Peanut Free $ Tree Nut Free $ Soy Free $ No Sugar Added $ Kosher $ French $ French Provençal $ 
https://www.epicurious.com/recipes/food/views/honeyed-walnut-tart-232900,Honeyed Walnut Tart ,"1 1/2 cups all-purpose flour $ 1/4 teaspoon fine sea salt $ 7 tablespoons chilled unsalted butter, cut into 1/2-inch cubes $ 5 tablespoons (or more) ice water $ 3 cups toasted walnuts, chopped $ 1 1/2 cups (packed) golden brown sugar $ 2 tablespoons finely chopped candied orange peel $ 2 teaspoons finely grated lemon peel $ 1 1/2 teaspoons finely grated orange peel $ 3 large eggs $ 3 tablespoons honey $ 3 tablespoons fresh lemon juice $ 1 tablespoon orange-flower water* $ 1 egg, whisked to blend with 2 teaspoons water (for glaze) $ ",Nut $ Dessert $ Bake $ Thanksgiving $ Walnut $ Fall $ Honey $ Bon Appétit $ Kidney Friendly $ Vegetarian $ Pescatarian $ Peanut Free $ Soy Free $ Kosher $ ,French $ ,4/4,7,Nut $ Dessert $ Bake $ Thanksgiving $ Walnut $ Fall $ Honey $ Bon Appétit $ Kidney Friendly $ Vegetarian $ Pescatarian $ Peanut Free $ Soy Free $ Kosher $ French $ 
https://www.epicurious.com/recipes/food/views/lemon-aioli-232884,Lemon Aïoli ,"10 garlic cloves, peeled, center germ removed $ 1 teaspoon salt $ 4 large egg yolks $ 6 tablespoons water $ 1/4 cup fresh lemon juice $ 2 teaspoons Dijon mustard $ 2 cups light fruity olive oil $ ",Condiment/Spread $ Citrus $ Garlic $ Quick & Easy $ Lemon $ Bon Appétit $ ,French $ ,3/4,7,Condiment/Spread $ Citrus $ Garlic $ Quick & Easy $ Lemon $ Bon Appétit $ French $ 
https://www.epicurious.com/recipes/food/views/bourride-with-lemon-aioli-232867,Bourride with Lemon Aïoli ,"Lemon Aioli $ 1/4 cup fresh lemon juice $ 1/2 teaspoon (generous) saffron threads, crushed $ 1/4 cup extra-virgin olive oil $ 5 cups chopped leeks (white and pale green parts only; about 4 large) $ 2 large fennel bulbs, trimmed, diced $ 2 large carrots, peeled, diced $ 4 Turkish bay leaves $ 3 tablespoons 1 X 1/16-inch strips orange peel (orange part only) $ 5 1/2 cups bottled clam juice or fish stock $ 4 pounds halibut fillets, cut into 2-inch chunks $ 4 large egg yolks $ Fresh chervil sprigs (optional) $ ",Soup/Stew $ Fish $ Appetizer $ Lemon $ Halibut $ Bon Appétit $ Pescatarian $ Paleo $ Dairy Free $ Wheat/Gluten-Free $ Peanut Free $ Tree Nut Free $ Soy Free $ No Sugar Added $ ,French $ ,3/4,12,Soup/Stew $ Fish $ Appetizer $ Lemon $ Halibut $ Bon Appétit $ Pescatarian $ Paleo $ Dairy Free $ Wheat/Gluten-Free $ Peanut Free $ Tree Nut Free $ Soy Free $ No Sugar Added $ French $ 
https://www.epicurious.com/recipes/food/views/chicken-bouillabaisse-232879,Chicken Bouillabaisse ,"Preheat oven to 375°F. Sprinkle with salt and pepper: $ 6 chicken legs (split into drumsticks and thighs), skinned $ Heat in large wide ovenproof pan over medium-high heat: $ 3 tablespoons olive oil $ Add and sauté until soft and golden, about 8 minutes: $ 1 onion, sliced $ Add and bring mixture to boil: $ 1 teaspoon dried thyme $ 1/4 teaspoon saffron threads $ 2 4-inch-long orange peel strips (orange part only) $ 3/4 cup dry white wine $ Add and return mixture to boil: $ 1 14 1/2-ounce can diced tomatoes in juice $ 1 14-ounce can low-salt chicken broth $ ",Chicken $ Poultry $ Stew $ Dinner $ Lunch $ Fall $ Bon Appétit $ ,French $ French Provençal $ ,3/4,51,Chicken $ Poultry $ Stew $ Dinner $ Lunch $ Fall $ Bon Appétit $ French $ French Provençal $ 
https://www.epicurious.com/recipes/food/views/blue-cheese-souffles-with-grape-syrup-on-fig-and-walnut-brioche-232822,Blue Cheese Souffles with Grape Syrup on Fig and Walnut Brioche ,"2 tablespoons warm water (105-115°F) $ 1 1/2 teaspoons active dry yeast (from a 1/4-oz package) $ 3 tablespoons sugar $ 2 cups plus 2 tablespoons all-purpose flour $ 1 1/2 teaspoons salt $ 3 large eggs $ 2 sticks (1 cup) unsalted butter, softened $ 1/2 lb dried Mission figs, stems discarded and figs chopped (1 1/2 cups) $ 1/2 cup walnuts (2 oz), chopped $ 2 cups white grape juice $ 1 cup dry fruity white wine such as Riesling $ 2 tablespoons unsalted butter, plus 1 tablespoon melted $ 3 tablespoons finely chopped walnuts $ 1/2 cup whole milk $ 2 tablespoons all-purpose flour $ 2 large eggs, separated $ 1/4 lb Maytag Blue cheese, crumbled (1 cup) $ a stand mixer fitted with paddle attachment; a 9- by 5- by 3-inch loaf pan; 6 (2-oz) heatproof baba au rhum molds or metal condiment cups $ ",Fruit Juice $ Milk/Cream $ Egg $ Dessert $ Bake $ Blue Cheese $ Fig $ Walnut $ White Wine $ Fall $ Grape $ Pastry $ Gourmet $ Vegetarian $ Pescatarian $ Peanut Free $ Soy Free $ Kosher $ ,American $ French $ ,2/4,0,Fruit Juice $ Milk/Cream $ Egg $ Dessert $ Bake $ Blue Cheese $ Fig $ Walnut $ White Wine $ Fall $ Grape $ Pastry $ Gourmet $ Vegetarian $ Pescatarian $ Peanut Free $ Soy Free $ Kosher $ American $ French $ 
https://www.epicurious.com/recipes/food/views/cheese-blintzes-with-blueberry-sauce-232828,Cheese Blintzes with Blueberry Sauce ,"1 1/2 cups whole milk $ 6 large eggs $ 1 1/2 cups all-purpose flour $ 3/8 teaspoon salt $ 2 tablespoons butter, melted $ 1 1/2 cups (12 ounces) farmer cheese $ 1/2 cup (4 ounces) large-curd cottage cheese (4% milk fat) $ 1 egg yolk $ 1 tablespoon unsalted butter, melted $ 1 tablespoon sugar $ salt $ 4 1/2 cups fresh blueberries (from 5 half-pint containers, picked over) $ 3/4 cup sugar $ 1 1/2 teaspoons cornstarch $ 4 tablespoons butter $ Iron skillet or crêpe pan $ Flexible metal or plastic spatula $ ",Milk/Cream $ Cheese $ Egg $ Brunch $ Dessert $ Sauté $ Kid-Friendly $ Quick & Easy $ Rosh Hashanah/Yom Kippur $ Blueberry $ Shavuot $ Cottage Cheese $ Kidney Friendly $ Vegetarian $ Pescatarian $ Peanut Free $ Tree Nut Free $ Soy Free $ Kosher $ ,French $ ,3.5/4,14,Milk/Cream $ Cheese $ Egg $ Brunch $ Dessert $ Sauté $ Kid-Friendly $ Quick & Easy $ Rosh Hashanah/Yom Kippur $ Blueberry $ Shavuot $ Cottage Cheese $ Kidney Friendly $ Vegetarian $ Pescatarian $ Peanut Free $ Tree Nut Free $ Soy Free $ Kosher $ French $ 
https://www.epicurious.com/recipes/food/views/sweet-cherry-clafouti-232711,Sweet-Cherry Clafouti ,"1 cup sugar, divided $ 1/2 cup chilled mascarpone cheese or crème fraîche $ 1/2 cup heavy whipping cream, divided $ 2 tablespoons kirsch (clear cherry brandy), divided $ 1 pound frozen pitted sweet cherries, thawed $ 3 large eggs $ 1 vanilla bean, split lengthwise $ 3/4 cup sour cream $ 1/2 cup whole milk $ 6 tablespoons all purpose flour $ ",Milk/Cream $ Egg $ Dessert $ Bake $ Cherry $ Kirsch $ Sour Cream $ Pastry $ Bon Appétit $ Kidney Friendly $ Vegetarian $ Pescatarian $ Peanut Free $ Tree Nut Free $ Soy Free $ Kosher $ ,French $ ,3/4,5,Milk/Cream $ Egg $ Dessert $ Bake $ Cherry $ Kirsch $ Sour Cream $ Pastry $ Bon Appétit $ Kidney Friendly $ Vegetarian $ Pescatarian $ Peanut Free $ Tree Nut Free $ Soy Free $ Kosher $ French $ 
https://www.epicurious.com/recipes/food/views/peches-melba-232640,Peches Melba ,"6 medium firm-ripe peaches (2 1/4 lb) $ 1 1/3 cups sugar $ 2 cups water $ 1 (1-inch) piece vanilla bean $ 1 (12-oz) package frozen raspberries (not in syrup), thawed $ 1/2 cup sugar $ 1/3 cup water $ 2 teaspoons fresh lemon juice $ Accompaniment: 2 pt superpremium vanilla ice cream $ ",Dessert $ Poach $ Quick & Easy $ Raspberry $ Peach $ Vanilla $ Gourmet $ ,American $ French $ ,4/4,4,Dessert $ Poach $ Quick & Easy $ Raspberry $ Peach $ Vanilla $ Gourmet $ American $ French $ 
https://www.epicurious.com/recipes/food/views/chicken-paillards-with-tomato-basil-and-roasted-corn-relish-232560,"Chicken Paillards with Tomato, Basil, and Roasted-Corn Relish ","3 tablespoons extra-virgin olive oil, divided $ 1 1/2 cups fresh corn kernels $ 12 ounces cherry tomatoes, halved $ 1/4 cup chopped green onions $ 3 tablespoons finely sliced fresh basil $ 4 large skinless boneless chicken breast halves, tenderloins removed $ All purpose flour $ 1 1/2 tablespoons unsalted butter $ 1 1/2 tablespoons extra-virgin olive oil $ ",Chicken $ Onion $ Tomato $ Sauté $ Quick & Easy $ Low Cal $ Basil $ Corn $ Summer $ Healthy $ Bon Appétit $ ,French $ ,3/4,27,Chicken $ Onion $ Tomato $ Sauté $ Quick & Easy $ Low Cal $ Basil $ Corn $ Summer $ Healthy $ Bon Appétit $ French $ 
https://www.epicurious.com/recipes/food/views/oven-dried-tomato-tart-with-goat-cheese-and-black-olives-232540,Oven-Dried Tomato Tart with Goat Cheese and Black Olives ,"5 tablespoons extra-virgin olive oil, divided $ 6 medium tomatoes or large romas, cored, halved crosswise, seeded $ 2 small garlic cloves, thinly slivered $ 2 tablespoons minced fresh thyme, divided $ 1 sheet frozen puff pastry (half of 17.3-ounce package), thawed $ 1 cup coarsely grated whole-milk mozzarella cheese $ 1/2 cup soft fresh goat cheese (about 4 ounces) $ 2 large eggs $ 1/4 cup whipping cream $ 1/3 cup oil-cured black olives, pitted $ 2 tablespoons freshly grated Parmesan cheese $ ",Milk/Cream $ Egg $ Olive $ Tomato $ Appetizer $ Bake $ Vegetarian $ Goat Cheese $ Mozzarella $ Summer $ Phyllo/Puff Pastry Dough $ Bon Appétit $ Pescatarian $ Peanut Free $ Tree Nut Free $ Soy Free $ Kosher $ ,American $ French $ ,3.5/4,98,Milk/Cream $ Egg $ Olive $ Tomato $ Appetizer $ Bake $ Vegetarian $ Goat Cheese $ Mozzarella $ Summer $ Phyllo/Puff Pastry Dough $ Bon Appétit $ Pescatarian $ Peanut Free $ Tree Nut Free $ Soy Free $ Kosher $ American $ French $ 
https://www.epicurious.com/recipes/food/views/tender-pie-crust-232398,Tender Pie Crust ,"3 cups all purpose flour $ 2 tablespoons sugar $ 1 3/4 teaspoons salt $ 1 cup plus 2 tablespoons (2 1/4 sticks) chilled unsalted butter, cut into 1/2-inch cubes $ 8 tablespoons (or more) ice water $ 1 1/2 teaspoons apple cider vinegar $ ",Quick & Easy $ Vinegar $ Fall $ Summer $ Bon Appétit $ ,American $ French $ ,3.5/4,42,Quick & Easy $ Vinegar $ Fall $ Summer $ Bon Appétit $ American $ French $ 
https://www.epicurious.com/recipes/food/views/orange-coeurs-a-la-creme-with-strawberry-raspberry-sauce-232327,Orange Coeurs à la Crème with Strawberry Raspberry Sauce ,"1/3 cup 1% cottage cheese $ 1/3 cup plus 2 tablespoons sugar $ 1 teaspoon finely grated fresh orange zest $ 4 oz Neufchâtel cheese $ 3/4 cup plain low-fat yogurt $ 5 oz strawberries, quartered (1 cup) $ 3 oz raspberries (2/3 cup) $ 1 tablespoon Grand Marnier or other orange-flavored liqueur $ cheesecloth; 6 (3-inch) heart-shaped coeur à la crème molds $ ",Blender $ Berry $ Dairy $ Dessert $ Valentine's Day $ Low Fat $ Raspberry $ Strawberry $ Anniversary $ Chill $ Healthy $ Cottage Cheese $ Gourmet $ Kidney Friendly $ Vegetarian $ Pescatarian $ Wheat/Gluten-Free $ Peanut Free $ Tree Nut Free $ Soy Free $ Kosher $ ,French $ ,4/4,5,Blender $ Berry $ Dairy $ Dessert $ Valentine's Day $ Low Fat $ Raspberry $ Strawberry $ Anniversary $ Chill $ Healthy $ Cottage Cheese $ Gourmet $ Kidney Friendly $ Vegetarian $ Pescatarian $ Wheat/Gluten-Free $ Peanut Free $ Tree Nut Free $ Soy Free $ Kosher $ French $ 
https://www.epicurious.com/recipes/food/views/vegetable-mousse-terrine-232302,Vegetable Mousse Terrine ,"Vegetable oil for greasing terrine mold $ 2 1/4 cups shelled fresh or frozen peas (10 oz) $ 1/2 oz Parmigiano-Reggiano, finely grated using a Microplane (1/2 cup) $ 1 teaspoon finely grated fresh lemon zest $ 1/2 teaspoon fresh lemon juice $ 1/4 teaspoon salt $ 1/4 teaspoon black pepper $ 1/3 cup chilled heavy cream $ 2 1/2 cups fresh corn (from 4 to 5 ears) $ 1 tablespoon whole milk $ 1 teaspoon unflavored gelatin (from a 1/4-oz envelope) $ 1/2 teaspoon salt $ 1/4 teaspoon black pepper $ 1/3 cup chilled heavy cream $ 2 tablespoons chopped fresh basil $ 1/2 lb tomatoes, cut into 1/4-inch dice $ 1 tablespoon extra-virgin olive oil $ 1 1/2 teaspoons red-wine vinegar $ a Microplane grater; a 1-qt terrine mold; parchment paper $ ",Dairy $ Tomato $ Vegetable $ Appetizer $ Vegetarian $ Corn $ Pea $ Summer $ Chill $ Gourmet $ Wheat/Gluten-Free $ Peanut Free $ Tree Nut Free $ Soy Free $ ,American $ French $ ,2.5/4,4,Dairy $ Tomato $ Vegetable $ Appetizer $ Vegetarian $ Corn $ Pea $ Summer $ Chill $ Gourmet $ Wheat/Gluten-Free $ Peanut Free $ Tree Nut Free $ Soy Free $ American $ French $ 
https://www.epicurious.com/recipes/food/views/crusty-potato-cake-231810,Crusty Potato Cake ,5 tablespoons goose or duck fat* $ 1/2 stick (1/4 cup) unsalted butter $ 1 1/2 teaspoons salt $ 1/4 teaspoon black pepper $ 3 lb boiling potatoes (4 to 5 large) $ 1 tablespoon finely chopped fresh flat-leaf parsley $ 1 teaspoon minced garlic $ a well-seasoned 10-inch cast-iron skillet; a Japanese Benriner** or other adjustable-blade slicer; a 9 1/2-inch round of parchment paper $ ,Potato $ Side $ Bake $ Christmas $ Easter $ Thanksgiving $ Quick & Easy $ Gourmet $ Sugar Conscious $ Wheat/Gluten-Free $ Peanut Free $ Tree Nut Free $ Soy Free $ No Sugar Added $ ,French $ ,3.5/4,12,Potato $ Side $ Bake $ Christmas $ Easter $ Thanksgiving $ Quick & Easy $ Gourmet $ Sugar Conscious $ Wheat/Gluten-Free $ Peanut Free $ Tree Nut Free $ Soy Free $ No Sugar Added $ French $ 
https://www.epicurious.com/recipes/food/views/dandelion-salad-with-lardons-and-goat-cheese-phyllo-blossoms-231785,Dandelion Salad with Lardons and Goat Cheese Phyllo Blossoms ,"2 tablespoons unsalted butter, melted $ 8 oz soft mild goat cheese (1 cup) at room temperature $ 3 tablespoons heavy cream $ 1 large egg $ 1 teaspoon Dijon mustard $ 1/4 teaspoon black pepper $ 3 (17- by 12-inch) sheets phyllo dough, thawed if frozen $ 6 oz slab bacon, rind discarded if necessary and bacon cut into 1/8-inch-thick slices, then cut into 1-inch-wide pieces (to form lardons) $ 1 tablespoon olive oil $ 2 tablespoons finely chopped shallot $ 2 1/2 tablespoons Sherry vinegar $ 1/2 teaspoon sugar $ 1/4 teaspoon salt $ 1 1/2 lb dandelion greens, stems and center ribs discarded and leaves cut into 2-inch pieces (10 cups) $ a muffin tin with 6 (1/2- or 1/3-cup) muffin cups $ ",Leafy Green $ Appetizer $ Bake $ Lunch $ Goat Cheese $ Bacon $ Spring $ Shower $ Phyllo/Puff Pastry Dough $ Gourmet $ Sugar Conscious $ Peanut Free $ Tree Nut Free $ Soy Free $ ,French $ ,3.5/4,10,Leafy Green $ Appetizer $ Bake $ Lunch $ Goat Cheese $ Bacon $ Spring $ Shower $ Phyllo/Puff Pastry Dough $ Gourmet $ Sugar Conscious $ Peanut Free $ Tree Nut Free $ Soy Free $ French $ 
https://www.epicurious.com/recipes/food/views/pear-and-almond-tart-231612,Pear and Almond Tart ,"4 cups water $ 1 1/4 cups sugar $ 1 1/2 tablespoons fresh lemon juice $ 3 medium-size firm but ripe Bosc pears, peeled (each about 7 ounces) $ 1/2 cup powdered sugar $ 1/4 cup blanched slivered almonds $ 1/4 teaspoon salt $ 9 tablespoons (1 stick plus 1 tablespoon) unsalted butter, room temperature $ 1 large egg yolk $ 1 1/4 cups all purpose flour $ 2/3 cup blanched slivered almonds $ 1 tablespoon all purpose flour $ 7 tablespoons sugar $ 6 tablespoons (3/4 stick) unsalted butter, room temperature $ 1 large egg $ Powdered sugar (optional) $ ",Dessert $ Bake $ Poach $ Pear $ Almond $ Bon Appétit $ Kidney Friendly $ Vegetarian $ Pescatarian $ Peanut Free $ Soy Free $ Kosher $ ,French $ ,3.5/4,72,Dessert $ Bake $ Poach $ Pear $ Almond $ Bon Appétit $ Kidney Friendly $ Vegetarian $ Pescatarian $ Peanut Free $ Soy Free $ Kosher $ French $ 
https://www.epicurious.com/recipes/food/views/floating-islands-231611,Floating Islands ,"2 vanilla beans, split lengthwise $ 2 cups whole milk $ 6 large egg yolks $ 1/2 cup sugar $ 2 cups whole milk $ 4 large egg whites $ Pinch of salt $ 1/4 cup sugar $ 1/2 cup sugar $ 1/4 cup water $ ",Mixer $ Egg $ Dessert $ Poach $ Vanilla $ Bon Appétit $ Vegetarian $ Pescatarian $ Wheat/Gluten-Free $ Peanut Free $ Tree Nut Free $ Soy Free $ Kosher $ ,French $ ,2.5/4,10,Mixer $ Egg $ Dessert $ Poach $ Vanilla $ Bon Appétit $ Vegetarian $ Pescatarian $ Wheat/Gluten-Free $ Peanut Free $ Tree Nut Free $ Soy Free $ Kosher $ French $ 
https://www.epicurious.com/recipes/food/views/chocolate-orange-pots-de-creme-with-candied-orange-peel-231610,Chocolate-Orange Pots de Crème with Candied Orange Peel ,"1 orange $ 1 cup sugar, divided $ 3/4 cup water $ 2/3 cup whole milk $ 1/2 cup whipping cream $ 1 tablespoon Grand Marnier or other orange liqueur $ 1 teaspoon vanilla extract $ 1 teaspoon finely grated orange peel $ 4 ounces bittersweet (not unsweetened) or semisweet chocolate, chopped $ 4 large egg yolks $ 3 tablespoons sugar $ Lightly sweetened whipped cream $ ",Chocolate $ Citrus $ Dairy $ Dessert $ Bake $ Valentine's Day $ New Year's Eve $ Orange $ Bon Appétit $ Vegetarian $ Pescatarian $ Wheat/Gluten-Free $ Peanut Free $ Tree Nut Free $ Soy Free $ Kosher $ ,French $ ,3/4,25,Chocolate $ Citrus $ Dairy $ Dessert $ Bake $ Valentine's Day $ New Year's Eve $ Orange $ Bon Appétit $ Vegetarian $ Pescatarian $ Wheat/Gluten-Free $ Peanut Free $ Tree Nut Free $ Soy Free $ Kosher $ French $ 
https://www.epicurious.com/recipes/food/views/earl-grey-tea-madeleines-with-honey-231609,Earl Grey Tea Madeleines with Honey ,"5 tablespoons unsalted butter plus additional for molds, room temperature $ 2 tablespoons loose tea or tea from 2 tea bags (preferably Earl Grey) $ 3/4 cup all purpose flour $ 1/2 teaspoon baking powder $ Pinch of salt $ 2 large eggs $ 1/3 cup sugar $ 2 tablespoons honey $ 2 teaspoons vanilla extract $ 1/2 teaspoon (packed) finely grated lemon peel $ ",Cake $ Tea $ Dessert $ Bake $ Honey $ Bon Appétit $ Kidney Friendly $ Vegetarian $ Pescatarian $ Peanut Free $ Tree Nut Free $ Soy Free $ Kosher $ ,French $ ,3/4,13,Cake $ Tea $ Dessert $ Bake $ Honey $ Bon Appétit $ Kidney Friendly $ Vegetarian $ Pescatarian $ Peanut Free $ Tree Nut Free $ Soy Free $ Kosher $ French $ 
https://www.epicurious.com/recipes/food/views/yogurt-cake-with-marmalade-glaze-231588,Yogurt Cake with Marmalade Glaze ,"1 1/2 cups all purpose flour $ 2 teaspoons baking powder $ 1/4 teaspoon salt $ 1 cup plain whole-milk yogurt $ 1 cup sugar $ 3 large eggs $ 1 teaspoon (packed) finely grated lemon peel $ 1/4 teaspoon vanilla extract $ 1/2 cup vegetable oil $ 1/4 cup lemon, orange, or grapefruit marmalade (for glaze) $ 1 teaspoon water $ ",Cake $ Citrus $ Breakfast $ Brunch $ Dessert $ Bake $ Yogurt $ Jam or Jelly $ Bon Appétit $ Kidney Friendly $ Vegetarian $ Pescatarian $ Peanut Free $ Tree Nut Free $ Soy Free $ Kosher $ ,French $ ,3/4,97,Cake $ Citrus $ Breakfast $ Brunch $ Dessert $ Bake $ Yogurt $ Jam or Jelly $ Bon Appétit $ Kidney Friendly $ Vegetarian $ Pescatarian $ Peanut Free $ Tree Nut Free $ Soy Free $ Kosher $ French $ 
https://www.epicurious.com/recipes/food/views/kouglof-231585,Kouglof ,"1/3 cup golden raisins $ 1/3 cup warm whole milk (105°F to 115°F) $ 1 1/2 teaspoons active dry yeast $ 1 2/3 cups all purpose flour $ 1/4 teaspoon salt $ 2 large eggs $ 1 large egg yolk $ 3 tablespoons sugar $ 1/2 cup (1 stick) unsalted butter, cut into 1/2-inch cubes, room temperature $ Powdered sugar $ ",Bread $ Cake $ Breakfast $ Brunch $ Dessert $ Bake $ Raisin $ Bon Appétit $ Kidney Friendly $ Vegetarian $ Pescatarian $ Peanut Free $ Tree Nut Free $ Soy Free $ Kosher $ ,French $ German $ ,4/4,3,Bread $ Cake $ Breakfast $ Brunch $ Dessert $ Bake $ Raisin $ Bon Appétit $ Kidney Friendly $ Vegetarian $ Pescatarian $ Peanut Free $ Tree Nut Free $ Soy Free $ Kosher $ French $ German $ 
https://www.epicurious.com/recipes/food/views/far-breton-231583,Far Breton ,"2 cups whole milk $ 3 large eggs $ 1/2 cup sugar $ 5 tablespoons unsalted butter, melted, cooled $ 1/4 teaspoon vanilla extract $ 1/8 teaspoon salt $ 3/4 cup all purpose flour $ 1 cup small or medium-size pitted prunes (about 6 ounces) $ 1/2 cup water $ 1/3 cup raisins $ 1/4 cup Armagnac or other brandy $ Powdered sugar $ ",Cake $ Egg $ Fruit $ Dessert $ Bake $ Prune $ Raisin $ Cognac/Armagnac $ Bon Appétit $ Vegetarian $ Pescatarian $ Peanut Free $ Tree Nut Free $ Soy Free $ Kosher $ ,French $ ,3.5/4,57,Cake $ Egg $ Fruit $ Dessert $ Bake $ Prune $ Raisin $ Cognac/Armagnac $ Bon Appétit $ Vegetarian $ Pescatarian $ Peanut Free $ Tree Nut Free $ Soy Free $ Kosher $ French $ 
https://www.epicurious.com/recipes/food/views/chocolate-ravioli-in-bittersweet-chocolate-sauce-231566,Chocolate Ravioli in Bittersweet Chocolate Sauce ,"1 1/2 cups all-purpose flour $ 1/4 cup cocoa powder, plus more for dusting $ 3 tablespoons sugar $ Pinch of salt $ 3 large eggs $ 3 cups milk $ 1 vanilla bean, split lengthwise $ 1/2 cup sugar $ 5 egg yolks $ 1/3 cup cornstarch $ 2 tablespoons unsalted butter $ 1/2 pound hazelnut chocolate (gianduja), roughly chopped $ 1/2 cup heavy cream $ 1/2 cup milk $ 1 tablespoon sugar $ 5 ounces bittersweet chocolate, roughly chopped $ 1 tablespoon unsalted butter $ 8 cups water $ 2 cups sugar $ ",Chocolate $ Pasta $ Dessert $ Poach $ Vegetarian $ Pescatarian $ Peanut Free $ Soy Free $ Kosher $ ,French $ ,3.5/4,10,Chocolate $ Pasta $ Dessert $ Poach $ Vegetarian $ Pescatarian $ Peanut Free $ Soy Free $ Kosher $ French $ 
https://www.epicurious.com/recipes/food/views/barely-cooked-salmon-with-parmesan-polenta-and-mushroom-consomme-231565,Barely Cooked Salmon with Parmesan Polenta and Mushroom Consommé ,1 pound button mushrooms $ 10 cups water $ Fine sea salt and freshly ground white pepper $ 1 pound gyromitre or morel mushrooms (see Note) $ 1 tablespoon canola oil $ 1 tablespoon chopped shallots $ 1 tablespoon chopped garlic $ 7 to 8 tablespoons (1 stick) butter $ 1 tablespoon chopped flat-leaf parsley $ 2 cups milk $ 1/3 cup instant polenta $ 1/2 cup freshly grated Parmesan $ One 2 1/2-pound salmon fillet $ ,Fish $ Mushroom $ Poach $ Sauté $ Quick & Easy $ Parmesan $ Cornmeal $ Salmon $ ,French $ ,3.5/4,13,Fish $ Mushroom $ Poach $ Sauté $ Quick & Easy $ Parmesan $ Cornmeal $ Salmon $ French $ 
https://www.epicurious.com/recipes/food/views/court-bouillon-231564,Court-Bouillon ,"4 cups water $ 1/2 cup red wine vinegar $ 1 thyme sprig $ 2 flat-leaf parsley sprigs $ 1 bay leaf $ 3 garlic cloves $ 1/2 carrot, peeled $ 1/2 onion $ 1 tablespoon peppercorns $ Fine sea salt $ ",Garlic $ Herb $ Poach $ Quick & Easy $ Seafood $ ,French $ ,3/4,1,Garlic $ Herb $ Poach $ Quick & Easy $ Seafood $ French $ 
https://www.epicurious.com/recipes/food/views/poached-scallops-with-caviar-sauce-231563,Poached Scallops with Caviar Sauce ,"1 cup clam juice $ 1/2 cup heavy cream $ 1 tablespoon cold unsalted butter $ 3 cups Court-Bouillon $ 18 large sea scallops or 6 jumbo live scallops in the shell $ Fine sea salt and freshly ground white pepper $ 3 ounces osetra caviar $ 1/2 lemon, seeds removed $ 2 tablespoons thinly sliced chives $ 6 jumbo scallop shells (reserved from the live scallops or purchased at a gourmet shop) (optional) $ Rock salt (if using scallop shells) $ ",Fish $ Shellfish $ Poach $ Quick & Easy $ Scallop $ ,French $ ,2.5/4,3,Fish $ Shellfish $ Poach $ Quick & Easy $ Scallop $ French $ 
https://www.epicurious.com/recipes/food/views/bitter-chocolate-souffle-cake-231562,Bitter Chocolate Soufflé Cake ,"6 1/2 ounces extra-bittersweet chocolate, chopped $ 1/2 cup plus 6 tablespoons unsalted butter $ 5 large eggs, separated $ 1/4 cup plus 3 tablespoons sugar $ 1 tablespoon all-purpose flour $ Unsweetened cocoa power, for garnish $ Eight 6-ounce aluminum tins $ ",Cake $ Chocolate $ Dessert $ Bake $ Valentine's Day $ Kidney Friendly $ Vegetarian $ Pescatarian $ Peanut Free $ Tree Nut Free $ Soy Free $ Kosher $ ,French $ ,4/4,11,Cake $ Chocolate $ Dessert $ Bake $ Valentine's Day $ Kidney Friendly $ Vegetarian $ Pescatarian $ Peanut Free $ Tree Nut Free $ Soy Free $ Kosher $ French $ 
https://www.epicurious.com/recipes/food/views/red-snapper-and-cepes-in-a-port-reduction-231561,Red Snapper and Cepes in a Port Reduction ,"2 cups excellent-quality 10-year-old port $ 2 cups good-quality sherry vinegar $ 3 tablespoons corn oil $ 1 pound fresh or frozen cepes, stems cut lengthwise into 1/4-inch-thick slices, caps halved if small or cut into 3 or 4 slices if large $ 2 branches fresh thyme $ 1 clove garlic, peeled and halved $ 1 large shallot, peeled and finely diced $ 5 tablespoons unsalted butter $ Fine sea salt, to taste $ Freshly ground white pepper, to taste $ 4 (6-ounce) red snapper fillets $ 1/4 teaspoon Chinese five-spice powder $ 4 teaspoons minced fresh chives $ Two 10-inch nonstick skillets $ ",Fish $ Mushroom $ Sauté $ Vinegar $ Snapper $ Port $ Sherry $ ,French $ ,3.5/4,10,Fish $ Mushroom $ Sauté $ Vinegar $ Snapper $ Port $ Sherry $ French $ 
https://www.epicurious.com/recipes/food/views/lobster-stock-231559,Lobster Stock ,"3 tablespoons corn oil $ 1 pound cleaned, uncooked lobster shells (from about three 1 3/4-pound lobsters), coarsely chopped $ 1/4 cup brandy $ 2 medium cloves garlic, peeled and cut across into very thin slices $ 3 large shallots, peeled and cut across into very thin slices $ 1/4 small fennel bulb, cut across into very thin slices $ 2 tablespoons tomato paste $ 4 cups water $ ",Soup/Stew $ Shellfish $ Sauté $ Lobster $ ,French $ ,4/4,6,Soup/Stew $ Shellfish $ Sauté $ Lobster $ French $ 
https://www.epicurious.com/recipes/food/views/vinaigrette-231558,Vinaigrette ,2 teaspoons Dijon mustard $ 1 teaspoon fine sea salt $ 2 pinches freshly ground white pepper $ 3 tablespoons red wine vinegar $ 3 tablespoons sherry vinegar $ 1/2 cup plus 1 tablespoon olive oil $ 1/2 cup plus 1 tablespoon corn oil $ ,Mustard $ No-Cook $ Salad Dressing $ ,French $ ,4/4,7,Mustard $ No-Cook $ Salad Dressing $ French $ 
https://www.epicurious.com/recipes/food/views/warm-lobster-salad-231557,Warm Lobster Salad ,"4 (1-pound) lobsters $ 1 recipe lobster stock $ 1/2 cup vinaigrette $ Fine sea salt, to taste $ Freshly ground white pepper, to taste $ 6 cups mesclun (baby greens) $ 1 shallot, peeled and finely diced $ 1 teaspoon fresh lemon juice $ 1 bunch fresh chervil, for garnish $ ",Salad $ Leafy Green $ Shellfish $ Poach $ Low Carb $ Dinner $ Lunch $ Lobster $ ,French $ ,3.5/4,3,Salad $ Leafy Green $ Shellfish $ Poach $ Low Carb $ Dinner $ Lunch $ Lobster $ French $ 
https://www.epicurious.com/recipes/food/views/snapper-with-almonds-231837,Snapper with Almonds ,"1/2 cup toasted sliced almonds $ 2 tablespoons olive oil $ 2 tablespoons butter $ 4 snapper fillets (monkfish, halibut, or cod works, too), with skin, about 4 ounces each $ Salt and freshly ground pepper $ Juice of 1 lemon $ 1/2 cup chopped parsley $ ",Fish $ Nut $ Sauté $ Quick & Easy $ Dinner $ Lunch $ Almond $ Snapper $ Sugar Conscious $ Pescatarian $ Wheat/Gluten-Free $ Peanut Free $ Soy Free $ No Sugar Added $ Kosher $ ,French $ ,3/4,8,Fish $ Nut $ Sauté $ Quick & Easy $ Dinner $ Lunch $ Almond $ Snapper $ Sugar Conscious $ Pescatarian $ Wheat/Gluten-Free $ Peanut Free $ Soy Free $ No Sugar Added $ Kosher $ French $ 
https://www.epicurious.com/recipes/food/views/orange-corkscrew-tuiles-231516,Orange Corkscrew Tuiles ,"1/4 cup sugar $ 1 tablespoon finely chopped fresh orange zest $ 2 tablespoons unsalted butter, softened $ 1 large egg white $ 1/4 teaspoon vanilla $ 2 tablespoons all-purpose flour $ a nonstick bakeware liner such as a Silpat; a small offset spatula; 4 wooden spoons with round handles or 4 pencils $ ",Cookies $ Citrus $ Fruit $ Dessert $ Bake $ Orange $ Gourmet $ Kidney Friendly $ Vegetarian $ Pescatarian $ Peanut Free $ Tree Nut Free $ Soy Free $ Kosher $ ,French $ ,3/4,1,Cookies $ Citrus $ Fruit $ Dessert $ Bake $ Orange $ Gourmet $ Kidney Friendly $ Vegetarian $ Pescatarian $ Peanut Free $ Tree Nut Free $ Soy Free $ Kosher $ French $ 
https://www.epicurious.com/recipes/food/views/prune-armagnac-sorbet-231515,Prune Armagnac Sorbet ,1 cup pitted prunes (7 ounces) $ 1 cup Armagnac $ 3/4 cup sugar $ 2 cups cold water $ 1/2 cup fresh orange juice $ Garnish: slivers of prune $ an ice cream maker $ ,Ice Cream Machine $ Fruit $ Dessert $ Prune $ Cognac/Armagnac $ Fall $ Winter $ Gourmet $ Fat Free $ Kidney Friendly $ Vegan $ Vegetarian $ Pescatarian $ Dairy Free $ Wheat/Gluten-Free $ Peanut Free $ Tree Nut Free $ Soy Free $ Kosher $ ,French $ ,4/4,0,Ice Cream Machine $ Fruit $ Dessert $ Prune $ Cognac/Armagnac $ Fall $ Winter $ Gourmet $ Fat Free $ Kidney Friendly $ Vegan $ Vegetarian $ Pescatarian $ Dairy Free $ Wheat/Gluten-Free $ Peanut Free $ Tree Nut Free $ Soy Free $ Kosher $ French $ 
https://www.epicurious.com/recipes/food/views/french-lentils-with-carrots-and-pearl-onions-231508,French Lentils with Carrots and Pearl Onions ,"2 (10-ounce) packages fresh pearl onions $ 3 tablespoons unsalted butter $ 2 large carrots, cut diagonally into 1/8-inch-thick slices $ 4 large garlic cloves, thinly sliced $ 2 teaspoons salt $ 1/2 teaspoon black pepper $ 4 fresh thyme sprigs $ 1 Turkish or 1/2 California bay leaf $ 2 cups dried French green lentils (14 ounces), rinsed $ 5 cups water $ 1/4 cup chopped fresh flat-leaf parsley $ ",Bean $ Onion $ Vegetable $ Side $ Vegetarian $ High Fiber $ Lentil $ Root Vegetable $ Carrot $ Fall $ Winter $ Healthy $ Gourmet $ Pescatarian $ Wheat/Gluten-Free $ Peanut Free $ Tree Nut Free $ Soy Free $ No Sugar Added $ Kosher $ ,French $ ,3/4,9,Bean $ Onion $ Vegetable $ Side $ Vegetarian $ High Fiber $ Lentil $ Root Vegetable $ Carrot $ Fall $ Winter $ Healthy $ Gourmet $ Pescatarian $ Wheat/Gluten-Free $ Peanut Free $ Tree Nut Free $ Soy Free $ No Sugar Added $ Kosher $ French $ 
https://www.epicurious.com/recipes/food/views/braised-rabbit-with-grainy-mustard-sauce-231501,Braised Rabbit with Grainy Mustard Sauce ,"2 (3-pound) rabbits*, each cut into 6 serving pieces $ 1 1/2 teaspoons salt $ 1 teaspoon black pepper $ 3 to 4 tablespoons vegetable oil $ 1 3/4 cups reduced-sodium chicken broth (14 fluid ounces $ 2 medium onions, finely chopped (2 cups) $ 3 large garlic cloves, finely chopped $ 1 teaspoon chopped fresh thyme $ 3/4 stick (6 tablespoons) cold unsalted butter, cut into tablespoon pieces $ 2 1/2 cups dry white wine $ 1/3 cup Dijon mustard $ 1/4 cup whole-grain mustard $ 2 teaspoons cornstarch $ 2 tablespoons cold water $ Garnish: fresh thyme sprigs $ ",Chicken $ Game $ Mustard $ Poultry $ Braise $ Christmas $ Dinner $ Lunch $ Rabbit $ Fall $ Winter $ Gourmet $ Sugar Conscious $ Wheat/Gluten-Free $ Peanut Free $ Tree Nut Free $ Soy Free $ ,French $ ,3.5/4,30,Chicken $ Game $ Mustard $ Poultry $ Braise $ Christmas $ Dinner $ Lunch $ Rabbit $ Fall $ Winter $ Gourmet $ Sugar Conscious $ Wheat/Gluten-Free $ Peanut Free $ Tree Nut Free $ Soy Free $ French $ 
https://www.epicurious.com/recipes/food/views/salmon-and-scallop-terrine-with-frisee-salad-231480,Salmon and Scallop Terrine with Frisée Salad ,"2 long medium-thick leeks $ 1/2 cup dry white wine $ 1 1/2 cups water $ 1/4 cup chopped onion (1/2 small) $ 2 tablespoons finely chopped carrot $ 4 long fresh cilantro sprigs plus 2 tablespoons chopped leaves $ 2 tablespoons minced peeled fresh ginger $ 1 teaspoon coriander seeds, toasted and crushed $ 1/2 teaspoon salt $ 3/8 teaspoon white pepper $ 1/3 pound salmon fillet, skin, pin bones, and any dark flesh discarded $ 2/3 pound medium sea scallops (about 13), tough muscle removed from side of each if necessary $ 1 large egg white, lightly beaten (2 tablespoons) $ 6 tablespoons mild olive oil $ 2 tablespoons white-wine vinegar $ 1/4 teaspoon salt $ 1/8 teaspoon white pepper $ 1/4 cup extra-virgin olive oil $ 1/4 pound frisée (French curly endive), torn into bite-size pieces (4 cups) $ 2 Belgian endives, halved lengthwise, cored, and sliced crosswise $ 1 cup thinly sliced radicchio leaves (from 1 head) $ 1 teaspoon fleur de sel or kosher salt $ 1/2 teaspoon coriander seeds, toasted and crushed $ 2 tablespoons finely chopped fresh cilantro $ a 1-quart loaf pan (preferably 8 by 4 inches; about 2 1/4 inches deep); a kitchen scale (optional) $ ",Fish $ Shellfish $ Vegetable $ Appetizer $ Bake $ Salmon $ Scallop $ Leek $ Endive $ Gourmet $ Sugar Conscious $ Pescatarian $ Paleo $ Dairy Free $ Wheat/Gluten-Free $ Peanut Free $ Tree Nut Free $ Soy Free $ ,French $ ,2/4,2,Fish $ Shellfish $ Vegetable $ Appetizer $ Bake $ Salmon $ Scallop $ Leek $ Endive $ Gourmet $ Sugar Conscious $ Pescatarian $ Paleo $ Dairy Free $ Wheat/Gluten-Free $ Peanut Free $ Tree Nut Free $ Soy Free $ French $ 
https://www.epicurious.com/recipes/food/views/raspberries-with-saba-sabayon-231447,Raspberries with Saba Sabayon ,4 large egg yolks $ 1/4 cup powdered sugar $ 4 tablespoons saba* $ 2 tablespoons water $ 1/2 cup chilled whipping cream $ 12 ounces fresh raspberries $ ,Berry $ Egg $ Dessert $ Valentine's Day $ Mother's Day $ Raspberry $ Bon Appétit $ Kidney Friendly $ Vegetarian $ Pescatarian $ Wheat/Gluten-Free $ Peanut Free $ Tree Nut Free $ Soy Free $ Kosher $ Diabetes-Friendly $ ,French $ ,3.5/4,4,Berry $ Egg $ Dessert $ Valentine's Day $ Mother's Day $ Raspberry $ Bon Appétit $ Kidney Friendly $ Vegetarian $ Pescatarian $ Wheat/Gluten-Free $ Peanut Free $ Tree Nut Free $ Soy Free $ Kosher $ Diabetes-Friendly $ French $ 
https://www.epicurious.com/recipes/food/views/trout-with-haricots-verts-and-almonds-231344,Trout with Haricots Verts and Almonds ,"Four 10-ounce boned whole rainbow trout $ 8 ounces haricots verts, stem ends removed $ Kosher salt and freshly ground white pepper $ Canola oil $ 10 tablespoons (5 ounces) unsalted butter $ 3/4 cup sliced blanched (skinned) almonds, lightly toasted $ 2 teaspoons minced Italian parsley $ 2 teaspoons fresh lemon juice $ ",Fish $ Nut $ Sauté $ Low/No Sugar $ Dinner $ Almond $ Trout $ Green Bean $ Sugar Conscious $ Pescatarian $ Wheat/Gluten-Free $ Peanut Free $ Soy Free $ No Sugar Added $ Kosher $ ,French $ ,4/4,19,Fish $ Nut $ Sauté $ Low/No Sugar $ Dinner $ Almond $ Trout $ Green Bean $ Sugar Conscious $ Pescatarian $ Wheat/Gluten-Free $ Peanut Free $ Soy Free $ No Sugar Added $ Kosher $ French $ 
https://www.epicurious.com/recipes/food/views/chocolate-sauce-231351,Chocolate Sauce ,"8 ounces semisweet chocolate, such as Valrhona Equatoriale, finely chopped $ 1 cup heavy cream $ 1/2 cup light corn syrup $ ",Sauce $ Milk/Cream $ Chocolate $ Dairy $ Dessert $ Kidney Friendly $ Vegetarian $ Pescatarian $ Wheat/Gluten-Free $ Peanut Free $ Tree Nut Free $ Soy Free $ Kosher $ ,French $ ,4/4,20,Sauce $ Milk/Cream $ Chocolate $ Dairy $ Dessert $ Kidney Friendly $ Vegetarian $ Pescatarian $ Wheat/Gluten-Free $ Peanut Free $ Tree Nut Free $ Soy Free $ Kosher $ French $ 
https://www.epicurious.com/recipes/food/views/herb-gnocchi-231342,Herb Gnocchi ,"1 1/2 cups water $ 12 tablespoons (6 ounces) unsalted butter $ 1 tablespoon plus 1 teaspoon kosher salt $ 2 cups all-purpose flour, sifted $ 2 tablespoons Dijon mustard $ 1 tablespoon chopped chervil $ 1 tablespoon chopped chives $ 1 tablespoon chopped parsley $ 1 tablespoon chopped tarragon $ 1 cup loosely packed shredded Comté or Emmentaler cheese $ 5 to 6 large eggs $ ",Cheese $ Herb $ Pasta $ Side $ Poach $ Dinner $ Tarragon $ Chive $ Parsley $ Sugar Conscious $ Vegetarian $ Pescatarian $ Peanut Free $ Tree Nut Free $ Soy Free $ No Sugar Added $ Kosher $ ,French $ ,4/4,17,Cheese $ Herb $ Pasta $ Side $ Poach $ Dinner $ Tarragon $ Chive $ Parsley $ Sugar Conscious $ Vegetarian $ Pescatarian $ Peanut Free $ Tree Nut Free $ Soy Free $ No Sugar Added $ Kosher $ French $ 
https://www.epicurious.com/recipes/food/views/my-favorite-simple-roast-chicken-231348,My Favorite Simple Roast Chicken ,One 2- to 3-pound farm-raised chicken $ Kosher salt and freshly ground black pepper $ 2 teaspoons minced thyme (optional) $ Unsalted butter $ Dijon mustard $ ,Chicken $ Poultry $ Roast $ Quick & Easy $ Dinner $ Sugar Conscious $ Wheat/Gluten-Free $ Peanut Free $ Tree Nut Free $ Soy Free $ No Sugar Added $ ,French $ ,4/4,736,Chicken $ Poultry $ Roast $ Quick & Easy $ Dinner $ Sugar Conscious $ Wheat/Gluten-Free $ Peanut Free $ Tree Nut Free $ Soy Free $ No Sugar Added $ French $ 
https://www.epicurious.com/recipes/food/views/lemon-tart-231349,Lemon Tart ,"Butter and flour for the tart pan $ N/A all-purpose flour $ 1/3 recipe Pine Nut Crust $ 2 large eggs, cold $ 2 large egg yolks, cold $ 3/4 cup sugar $ 1/2 cup fresh lemon juice $ 6 tablespoons (3 ounces) cold unsalted butter, cut into 6 pieces $ ",Citrus $ Fruit $ Nut $ Dessert $ Bake $ Broil $ Lemon $ Pine Nut $ Winter $ Kidney Friendly $ Vegetarian $ Pescatarian $ Wheat/Gluten-Free $ Soy Free $ Kosher $ ,French $ ,4/4,102,Citrus $ Fruit $ Nut $ Dessert $ Bake $ Broil $ Lemon $ Pine Nut $ Winter $ Kidney Friendly $ Vegetarian $ Pescatarian $ Wheat/Gluten-Free $ Soy Free $ Kosher $ French $ 
https://www.epicurious.com/recipes/food/views/pine-nut-crust-231350,Pine Nut Crust ,"10 ounces (2 cups) pine nuts $ 1/3 cup sugar $ 1 pound (3 cups) all-purpose flour $ 8 ounces unsalted butter, at room temperature $ 1 large egg $ 1 teaspoon pure vanilla extract $ ",Nut $ Dessert $ Pine Nut $ Chill $ Kidney Friendly $ Vegetarian $ Pescatarian $ Peanut Free $ Soy Free $ Kosher $ ,French $ ,3.5/4,8,Nut $ Dessert $ Pine Nut $ Chill $ Kidney Friendly $ Vegetarian $ Pescatarian $ Peanut Free $ Soy Free $ Kosher $ French $ 
https://www.epicurious.com/recipes/food/views/cream-puffs-with-vanilla-ice-cream-and-chocolate-sauce-231345,Cream Puffs with Vanilla Ice Cream and Chocolate Sauce ,1 cup water $ 5 1/3 tablespoons (about 3 ounces) unsalted butter $ 1 tablespoon plus 1 teaspoon sugar $ 1/8 teaspoon kosher salt $ 1 cup all-purpose flour $ 4 to 5 large eggs $ 1 1/2 cups Chocolate Sauce $ 1 1/2 cups Vanilla Ice Cream $ ,Chocolate $ Dairy $ Dessert $ Bake $ Pastry $ Kidney Friendly $ Vegetarian $ Pescatarian $ Peanut Free $ Tree Nut Free $ Soy Free $ Kosher $ ,French $ ,4/4,16,Chocolate $ Dairy $ Dessert $ Bake $ Pastry $ Kidney Friendly $ Vegetarian $ Pescatarian $ Peanut Free $ Tree Nut Free $ Soy Free $ Kosher $ French $ 
https://www.epicurious.com/recipes/food/views/house-vinaigrette-231347,House Vinaigrette ,1/4 cup Dijon mustard $ 1/2 cup red wine vinegar $ 1 1/2 cups canola oil $ ,Blender $ Mustard $ Salad Dressing $ Vinegar $ ,French $ ,4/4,8,Blender $ Mustard $ Salad Dressing $ Vinegar $ French $ 
https://www.epicurious.com/recipes/food/views/bibb-lettuce-salad-231346,Bibb Lettuce Salad ,4 heads Bibb lettuce $ Kosher salt and freshly ground black pepper $ 2 tablespoons minced shallots $ 2 tablespoons minced chives $ 1/4 cup Italian parsley leaves $ 1/4 cup tarragon leaves $ 1/4 cup chervil leaves $ 1/2 cup House Vinaigrette $ 1 tablespoon plus 1 teaspoon fresh lemon juice $ ,Salad $ Leafy Green $ Herb $ Appetizer $ Tarragon $ Chive $ Shallot $ Parsley $ Sugar Conscious $ Vegan $ Vegetarian $ Pescatarian $ Paleo $ Dairy Free $ Wheat/Gluten-Free $ Peanut Free $ Tree Nut Free $ Soy Free $ No Sugar Added $ Kosher $ ,French $ ,3.5/4,11,Salad $ Leafy Green $ Herb $ Appetizer $ Tarragon $ Chive $ Shallot $ Parsley $ Sugar Conscious $ Vegan $ Vegetarian $ Pescatarian $ Paleo $ Dairy Free $ Wheat/Gluten-Free $ Peanut Free $ Tree Nut Free $ Soy Free $ No Sugar Added $ Kosher $ French $ 
https://www.epicurious.com/recipes/food/views/walnut-sables-231317,Walnut Sables ,"1 1/4 cups all purpose flour $ 1 cup finely chopped toasted walnuts $ 1/4 teaspoon baking powder $ 1/8 teaspoon salt $ 1/2 cup (1 stick) unsalted butter, room temperature $ 2/3 cup powdered sugar $ 1/2 teaspoon vanilla extract $ 1 large egg yolk $ Raw sugar* $ ",Cookies $ Dessert $ Bake $ Christmas $ Walnut $ Vanilla $ Edible Gift $ Bon Appétit $ Kidney Friendly $ Vegetarian $ Pescatarian $ Peanut Free $ Soy Free $ Kosher $ ,French $ ,3/4,7,Cookies $ Dessert $ Bake $ Christmas $ Walnut $ Vanilla $ Edible Gift $ Bon Appétit $ Kidney Friendly $ Vegetarian $ Pescatarian $ Peanut Free $ Soy Free $ Kosher $ French $ 
https://www.epicurious.com/recipes/food/views/coconut-chocolate-marjolaine-231307,Coconut-Chocolate Marjolaine ,"4 ounces bittersweet (not unsweetened) or semisweet chocolate, chopped $ 1 cup heavy whipping cream $ 1 tablespoon dark rum $ 1 1/2 cups unsweetened shredded coconut* (about 4 1/2 ounces) $ 2/3 cup sugar, divided $ 2 tablespoons all purpose flour $ 1/4 teaspoon salt $ 6 large egg whites $ 1/2 teaspoon cream of tartar $ 12 ounces bittersweet (not unsweetened) or semisweet chocolate, chopped $ 1 cup heavy whipping cream $ 2 tablespoons dark rum $ 1 cup unsweetened wide-shred coconut (coconut chips),* lightly toasted $ ",Cake $ Rum $ Chocolate $ Dessert $ Bake $ Christmas $ Coconut $ Bon Appétit $ Vegetarian $ Pescatarian $ Peanut Free $ Tree Nut Free $ Soy Free $ Kosher $ ,French $ ,2.5/4,6,Cake $ Rum $ Chocolate $ Dessert $ Bake $ Christmas $ Coconut $ Bon Appétit $ Vegetarian $ Pescatarian $ Peanut Free $ Tree Nut Free $ Soy Free $ Kosher $ French $ 
https://www.epicurious.com/recipes/food/views/porcini-fondue-with-ham-and-ciabatta-231266,Porcini Fondue with Ham and Ciabatta ,"1 cup hot water $ 1 ounce dried porcini mushrooms $ 1 garlic clove, minced $ 1 tablespoon plus 1 1/4 cups Sauvignon Blanc or other dry white wine $ 2 teaspoons cornstarch $ 8 ounces coarsely grated Gruyère cheese (about 2 packed cups) $ 8 ounces coarsely grated Emmenthal cheese (about 2 packed cups) $ 1 1-pound loaf ciabatta or other rustic bread, cut into 1-inch cubes $ 2 pounds 1/4-inch-thick ham slices, cut into 1-inch pieces $ ",Cheese $ Mushroom $ Pork $ Appetizer $ White Wine $ Fall $ Bon Appétit $ Sugar Conscious $ Peanut Free $ Tree Nut Free $ Soy Free $ ,French $ ,3.5/4,8,Cheese $ Mushroom $ Pork $ Appetizer $ White Wine $ Fall $ Bon Appétit $ Sugar Conscious $ Peanut Free $ Tree Nut Free $ Soy Free $ French $ 
https://www.epicurious.com/recipes/food/views/white-fish-stock-231228,White Fish Stock ,"1 tablespoon unsalted butter, softened $ 3 lb mixed bones and heads of white-fleshed fish (such as cod, grouper, monkfish, porgy, red snapper, striped bass, and turbot), gills removed and bones and heads rinsed well $ 2 large onions, sliced $ 1 bunch fresh parsley stems (reserve leaves for another use) $ 6 tablespoons fresh lemon juice $ 1 1/2 teaspoons salt $ 10 cups cold water $ 1 1/2 cups dry white wine $ ",Soup/Stew $ Fish $ Onion $ Quick & Easy $ Lemon $ White Wine $ Fall $ Spring $ Parsley $ Simmer $ Gourmet $ ,French $ ,0/4,0,Soup/Stew $ Fish $ Onion $ Quick & Easy $ Lemon $ White Wine $ Fall $ Spring $ Parsley $ Simmer $ Gourmet $ French $ 
https://www.epicurious.com/recipes/food/views/beef-stock-231227,Beef Stock ,"4 fresh flat-leaf parsley sprigs $ 1 fresh thyme sprig $ 1 Turkish or 1/2 California bay leaf $ 2 lb meaty beef shanks, sawed crosswise into 1-inch slices by butcher $ 2 lb meaty veal shanks, sawed crosswise into 1-inch slices by butcher $ 2 onions (left unpeeled), quartered $ 1 carrot, quartered $ 4 qt plus 2 1/2 cups cold water $ 2 celery ribs, quartered $ 1 1/2 teaspoons salt $ cheesecloth; kitchen string $ ",Soup/Stew $ Beef $ Onion $ Vegetable $ Roast $ Beef Shank $ Veal $ Thyme $ Parsley $ Simmer $ Gourmet $ ,American $ French $ ,3.5/4,4,Soup/Stew $ Beef $ Onion $ Vegetable $ Roast $ Beef Shank $ Veal $ Thyme $ Parsley $ Simmer $ Gourmet $ American $ French $ 
https://www.epicurious.com/recipes/food/views/mulled-red-wine-231224,Mulled Red Wine ,"8 whole cloves $ 4 whole black peppercorns $ 4 (3- by 1/2-inch) strips fresh lemon zest $ 4 (4- by 1/2-inch) strips fresh orange zest $ 4 cups dry red wine (from two 750-ml bottles) $ 1/2 cup kirsch or other cherry-flavored brandy $ 1 1/2 cups water $ 3/4 cup sugar $ 1 (3-inch) cinnamon stick $ 1 vanilla bean, halved lengthwise $ Garnish: cinnamon sticks $ a 4-inch square of cheesecloth; kitchen string $ ",Wine $ Hot Drink $ Alcoholic $ Brunch $ Dessert $ Christmas $ Quick & Easy $ Wedding $ Lemon $ Orange $ Vanilla $ Brandy $ Red Wine $ Winter $ Cinnamon $ Gourmet $ Drink $ Fat Free $ Kidney Friendly $ Vegan $ Vegetarian $ Pescatarian $ Dairy Free $ Wheat/Gluten-Free $ Peanut Free $ Tree Nut Free $ Soy Free $ Kosher $ ,French $ ,3.5/4,17,Wine $ Hot Drink $ Alcoholic $ Brunch $ Dessert $ Christmas $ Quick & Easy $ Wedding $ Lemon $ Orange $ Vanilla $ Brandy $ Red Wine $ Winter $ Cinnamon $ Gourmet $ Drink $ Fat Free $ Kidney Friendly $ Vegan $ Vegetarian $ Pescatarian $ Dairy Free $ Wheat/Gluten-Free $ Peanut Free $ Tree Nut Free $ Soy Free $ Kosher $ French $ 
https://www.epicurious.com/recipes/food/views/bacon-omelets-231221,Bacon Omelets ,"2 (1/4-inch-thick) slices slab bacon (1/4 lb; rind discarded if necessary), cut crosswise into 1/4-inch-thick lardons $ 4 large eggs $ 1/8 teaspoon salt $ Pinch of black pepper $ 1 tablespoon unsalted butter $ ",Egg $ Pork $ Breakfast $ Brunch $ Sauté $ Quick & Easy $ Bacon $ Fall $ Spring $ Gourmet $ Sugar Conscious $ Wheat/Gluten-Free $ Peanut Free $ Tree Nut Free $ Soy Free $ No Sugar Added $ ,French $ ,0/4,0,Egg $ Pork $ Breakfast $ Brunch $ Sauté $ Quick & Easy $ Bacon $ Fall $ Spring $ Gourmet $ Sugar Conscious $ Wheat/Gluten-Free $ Peanut Free $ Tree Nut Free $ Soy Free $ No Sugar Added $ French $ 
https://www.epicurious.com/recipes/food/views/espagnole-sauce-231202,Espagnole Sauce ,"1 small carrot, coarsely chopped $ 1 medium onion, coarsely chopped $ 1/2 stick (1/4 cup) unsalted butter $ 1/4 cup all-purpose flour $ 4 cups hot beef stock or reconstituted beef-veal demi-glace concentrate* $ 1/4 cup canned tomato purée $ 2 large garlic cloves, coarsely chopped $ 1 celery rib, coarsely chopped $ 1/2 teaspoon whole black peppercorns $ 1 Turkish or 1/2 California bay leaf $ ",Sauce $ Beef $ Vegetable $ Sauté $ Christmas $ Simmer $ Gourmet $ ,French $ ,4/4,7,Sauce $ Beef $ Vegetable $ Sauté $ Christmas $ Simmer $ Gourmet $ French $ 
https://www.epicurious.com/recipes/food/views/beef-tenderloin-with-mushrooms-and-espagnole-sauce-231181,Beef Tenderloin with Mushrooms and Espagnole Sauce ,"2 (2 1/2-lb) pieces trimmed center-cut beef tenderloin roast $ 1 tablespoon kosher salt $ 2 teaspoons black pepper $ 3 tablespoons vegetable oil $ 3 tablespoons unsalted butter $ 1 1/2 lb small fresh cremini mushrooms, cut into 1/2-inch wedges $ 1/2 cup medium-dry Sherry $ 2 2/3 cupsespagnole sauce $ an instant-read thermometer $ ",Beef $ Mushroom $ Bake $ Roast $ Sauté $ Christmas $ Beef Tenderloin $ Sherry $ Gourmet $ ,French $ ,3/4,12,Beef $ Mushroom $ Bake $ Roast $ Sauté $ Christmas $ Beef Tenderloin $ Sherry $ Gourmet $ French $ 
https://www.epicurious.com/recipes/food/views/pumpkin-custard-profiteroles-with-maple-caramel-231118,Pumpkin Custard Profiteroles with Maple Caramel ,"1 cup maple sugar $ 1/2 cup (1 stick) unsalted butter $ 3/4 cup heavy whipping cream $ 1/4 cup bourbon $ 1/4 teaspoon vanilla extract $ 3 cups whipping cream $ 2 1/4 cups canned pure pumpkin $ 1 teaspoon ground allspice $ 1 teaspoon ground ginger $ 1 teaspoon ground cinnamon $ 1/2 teaspoon ground cloves $ 1/2 teaspoon salt $ 3/4 cup sugar $ 9 large egg yolks $ 1/2 cup water $ 1/2 cup whole milk $ 1/2 cup (1 stick) unsalted butter $ 1 1/2 teaspoons sugar $ 1/4 teaspoon salt $ 1 cup all purpose flour $ 4 large eggs $ 1 large egg yolk $ Lightly sweetened whipped cream $ 1 cup pecans, toasted, chopped $ ",Bread $ Bourbon $ Milk/Cream $ Egg $ Vegetable $ Dessert $ Bake $ Thanksgiving $ Pecan $ Spice $ Vanilla $ Pumpkin $ Fall $ Bon Appétit $ Kidney Friendly $ Vegetarian $ Pescatarian $ Peanut Free $ Soy Free $ Kosher $ ,American $ French $ ,3.5/4,89,Bread $ Bourbon $ Milk/Cream $ Egg $ Vegetable $ Dessert $ Bake $ Thanksgiving $ Pecan $ Spice $ Vanilla $ Pumpkin $ Fall $ Bon Appétit $ Kidney Friendly $ Vegetarian $ Pescatarian $ Peanut Free $ Soy Free $ Kosher $ American $ French $ 
https://www.epicurious.com/recipes/food/views/liver-and-blue-cheese-pate-231065,Liver and Blue Cheese Pâté ,"2 tablespoons (1/4 stick) butter $ 1 1/2 cups chopped onions $ 1 pound chicken livers, halved, trimmed $ 1 tablespoon chopped fresh thyme $ 2 tablespoons brandy $ 4 ounces blue cheese, crumbled $ ",Cheese $ Poultry $ Appetizer $ Sauté $ Bon Appétit $ Arizona $ Sugar Conscious $ Wheat/Gluten-Free $ Peanut Free $ Tree Nut Free $ Soy Free $ ,French $ ,4/4,14,Cheese $ Poultry $ Appetizer $ Sauté $ Bon Appétit $ Arizona $ Sugar Conscious $ Wheat/Gluten-Free $ Peanut Free $ Tree Nut Free $ Soy Free $ French $ 
https://www.epicurious.com/recipes/food/views/foie-gras-stuffed-dates-231063,Foie Gras-Stuffed Dates ,"6 large Medjool dates, halved lengthwise, pitted $ 2 ounces (about) foie gras (goose or duck liver) $ Fleur de sel* $ Chopped fresh parsley $ ",Fruit $ Poultry $ Appetizer $ No-Cook $ Thanksgiving $ Date $ Bon Appétit $ ,American $ French $ ,3.5/4,17,Fruit $ Poultry $ Appetizer $ No-Cook $ Thanksgiving $ Date $ Bon Appétit $ American $ French $ 
https://www.epicurious.com/recipes/food/views/meringue-roulade-with-anise-cream-231016,Meringue Roulade with Anise Cream ,Vegetable oil for greasing pan $ 5 large egg whites $ 1/8 teaspoon salt $ 1 1/4 cups superfine granulated sugar $ 2 tablespoons regular granulated sugar $ 1 1/2 teaspoons anise seeds $ 1 1/2 cups chilled heavy cream $ Accompaniment: baked figs in lemon syrup $ parchment paper; an electric coffee/spice grinder $ ,Egg $ Dessert $ Bake $ Quick & Easy $ Anise $ Gourmet $ Kidney Friendly $ Vegetarian $ Pescatarian $ Wheat/Gluten-Free $ Peanut Free $ Tree Nut Free $ Soy Free $ Kosher $ ,French $ ,0/4,0,Egg $ Dessert $ Bake $ Quick & Easy $ Anise $ Gourmet $ Kidney Friendly $ Vegetarian $ Pescatarian $ Wheat/Gluten-Free $ Peanut Free $ Tree Nut Free $ Soy Free $ Kosher $ French $ 
https://www.epicurious.com/recipes/food/views/caramel-apple-pastis-231011,Caramel Apple Pastis ,"3/4 cup sliced blanched almonds $ 8 Gala apples (3 1/2 lb), peeled, cored, and cut into 1/4-inch wedges $ 1 teaspoon fresh lemon juice $ 1 teaspoon cinnamon $ 1 stick (1/2 cup) unsalted butter, melted $ 1/2 cup honey $ 1/2 cup granulated sugar $ 1/2 cup confectioners sugar $ 10 (17- by 12-inch) phyllo sheets (from 1 package), thawed if frozen $ Accompaniment: vanilla ice cream or whipped cream $ a 9- to 9 1/2-inch (24-cm) springform pan $ ",Dessert $ Bake $ Thanksgiving $ Apple $ Almond $ Fall $ Winter $ Honey $ Phyllo/Puff Pastry Dough $ Gourmet $ Kidney Friendly $ Vegetarian $ Pescatarian $ Peanut Free $ Soy Free $ Kosher $ ,French $ ,3/4,10,Dessert $ Bake $ Thanksgiving $ Apple $ Almond $ Fall $ Winter $ Honey $ Phyllo/Puff Pastry Dough $ Gourmet $ Kidney Friendly $ Vegetarian $ Pescatarian $ Peanut Free $ Soy Free $ Kosher $ French $ 
