link,name,ingredients,recipe_category,recipe_cuisine,rating,rating_count,keywords
https://www.epicurious.com/recipes/food/views/scallops-okra-and-tomatoes-in-coconut-curry-sauce-107017,"Scallops, Okra, and Tomatoes in Coconut Curry Sauce ","1/2 pound small fresh okra $ 1 pound plum tomatoes $ 1 tablespoon plus 1/2 teaspoon salt $ 1 small onion, chopped $ 1 large garlic clove, chopped $ 1 (1-inch) piece peeled fresh ginger, chopped $ 2 to 3 teaspoons minced fresh jalapeño chile (including seeds) $ 1 cup low-sodium fat-free chicken broth $ 1 1/4 pound sea scallops, tough muscle removed from side of each if necessary $ 1/4 teaspoon black pepper $ 2 teaspoons vegetable oil $ 1 1/2 teaspoons curry powder (preferably Madras) $ 2/3 cup well-stirred canned reduced-fat coconut milk $ 1/4 cup loosely packed fresh cilantro leaves $ Accompaniment: spiced basmati rice $ ",Ginger $ Tomato $ Coconut $ Scallop $ Curry $ Healthy $ Okra $ Jalapeño $ Simmer $ Gourmet $ ,Indian $ ,3/4,19,Ginger $ Tomato $ Coconut $ Scallop $ Curry $ Healthy $ Okra $ Jalapeño $ Simmer $ Gourmet $ Indian $ 
https://www.epicurious.com/recipes/food/views/tandoori-style-chicken-109796,Tandoori-Style Chicken ,"2 1/2 tablespoons paprika $ 2 1/2 tablespoons turmeric $ 2 1/2 tablespoons ground cumin $ 2 1/2 tablespoons garam masala $ 2 tablespoons salt $ 2 1/2 teaspoons ground cardamom $ 2 teaspoons cayenne pepper $ 8 large chicken thighs with bones, skin removed $ 8 large chicken breast halves with bones, skin removed $ 4 cups plain whole-milk yogurt $ 2 large onions, coarsely grated $ ",Chicken $ Onion $ Bake $ Marinate $ Low Carb $ Summer $ Bon Appétit $ ,Indian $ ,2.5/4,31,Chicken $ Onion $ Bake $ Marinate $ Low Carb $ Summer $ Bon Appétit $ Indian $ 
https://www.epicurious.com/recipes/food/views/cucumber-mint-raita-109803,Cucumber-Mint Raita ,"1 large unpeeled English hothouse cucumber, halved, seeded, coarsely grated $ 2 cups plain whole-milk yogurt $ 1/4 cup (packed) chopped fresh mint $ 1 teaspoon ground cumin $ 1/4 teaspoon plus pinch of cayenne pepper $ ",Condiment/Spread $ No-Cook $ Yogurt $ Mint $ Cucumber $ Bon Appétit $ ,Indian $ ,4/4,16,Condiment/Spread $ No-Cook $ Yogurt $ Mint $ Cucumber $ Bon Appétit $ Indian $ 
https://www.epicurious.com/recipes/food/views/chicken-curry-with-green-apple-and-coconut-chutney-103227,Chicken Curry with Green Apple and Coconut Chutney ,"1 fresh coconut $ 1 teaspoon cumin $ 1 pound Granny Smith apples $ 2 tablespoons fresh lemon juice $ 1/2 large bunch cilantro, stemmed $ 2 serrano or jalapeño chilies, seeded, stemmed, halved $ 2 garlic cloves, each cut in half $ 3/4 teaspoon salt $ 9 large garlic cloves $ 2 serrano or jalapeño chilies, seeded, stemmed, halved $ 1 3-inch-long piece fresh ginger, peeled, coarsely chopped $ 1/4 cup vegetable oil $ 3 medium onions, finely chopped $ 5 tablespoons plus 1 cup water $ 1 4-inch-long cinnamon stick, broken in half $ 5 whole cardamom pods, cracked $ 1 teaspoon whole cloves $ 1/2 teaspoon whole black peppercorns $ 3 small bay leaves $ 3 tablespoons ground coriander $ 2 tablespoons ground cumin $ 1 teaspoon cayenne pepper $ 1/4 teaspoon ground turmeric $ 1 pound tomatoes, minced $ 1 1/2 teaspoons salt $ 2 3-pound chickens, each cut into 8 pieces, skinned $ 3 cups white rice, cooked $ 1/4 cup chopped fresh cilantro $ ",Chicken $ Poultry $ Rice $ Bake $ Sauté $ Apple $ Coconut $ Curry $ Bon Appétit $ ,Indian $ ,3.5/4,15,Chicken $ Poultry $ Rice $ Bake $ Sauté $ Apple $ Coconut $ Curry $ Bon Appétit $ Indian $ 
https://www.epicurious.com/recipes/food/views/chicken-vindaloo-107088,Chicken Vindaloo ,"3 cups chopped onions $ 1 1/2 cups chopped seeded tomatoes (about 4 medium) $ 2 1/2 tablespoons distilled white vinegar $ 1 large garlic clove, chopped $ 1 teaspoon minced peeled fresh ginger $ 1 teaspoon tomato paste $ 1 teaspoon garam masala* $ 1 teaspoon ground turmeric $ 1/2 teaspoon paprika $ 1/2 teaspoon ground cumin $ 1/2 teaspoon ground coriander $ 1/4 teaspoon (or more) cayenne pepper $ 2 tablespoons vegetable oil $ 6 skinless boneless chicken thighs, cut into 1- to 1 1/2-inch pieces $ 1 1/2 pounds russet potatoes, peeled, cut into 1-inch pieces $ 1 1/2 cups low-salt chicken broth or water $ ",Food Processor $ Chicken $ Ginger $ Potato $ Tomato $ Sauté $ Diwali $ Spice $ Simmer $ Bon Appétit $ ,Indian $ ,2.5/4,75,Food Processor $ Chicken $ Ginger $ Potato $ Tomato $ Sauté $ Diwali $ Spice $ Simmer $ Bon Appétit $ Indian $ 
https://www.epicurious.com/recipes/food/views/tandoori-spiced-leg-of-lamb-109172,Tandoori-Spiced Leg of Lamb ,"1 cup plain whole-milk yogurt $ 1/4 cup fresh lime juice $ 3 large garlic cloves, minced $ 1 tablespoon grated lime peel $ 1 tablespoon minced peeled fresh ginger $ 2 teaspoons salt $ 11/2 teaspoons Hungarian sweet paprika $ 11/2 teaspoons ground coriander $ 1 teaspoon ground cumin $ 1 teaspoon turmeric $ 1/2 teaspoon ground cardamom $ 1/2 teaspoon dry mustard $ 1/2 teaspoon cayenne pepper $ 1/4 teaspoon ground fenugreek (optional) $ 1/8 teaspoon ground cloves $ 1/8 teaspoon ground cinnamon $ 1 6 1/4-pound whole bone-in leg of lamb $ ",Garlic $ Lamb $ Marinate $ Roast $ Yogurt $ Spice $ Fall $ Winter $ Bon Appétit $ ,Indian $ ,3.5/4,9,Garlic $ Lamb $ Marinate $ Roast $ Yogurt $ Spice $ Fall $ Winter $ Bon Appétit $ Indian $ 
https://www.epicurious.com/recipes/food/views/rice-pudding-109350,Rice Pudding ,"1/3 cup basmati rice $ 2 cups cold water $ 1 1/2 tablespoons clarified butter (see cooks' note, below) $ 2 tablespoons golden raisins $ 1 tablespoon roasted cashews, chopped $ 1 tablespoon sliced blanched almonds $ 5 1/2 cups milk $ 6 saffron threads $ 1/2 cup sugar $ 1/8 teaspoon ground cardamom $ ",Fruit $ Rice $ Dessert $ Diwali $ Raisin $ Almond $ Cashew $ Spice $ Saffron $ Simmer $ Gourmet $ Vegetarian $ Pescatarian $ Wheat/Gluten-Free $ Peanut Free $ Soy Free $ Kosher $ ,Indian $ ,3/4,6,Fruit $ Rice $ Dessert $ Diwali $ Raisin $ Almond $ Cashew $ Spice $ Saffron $ Simmer $ Gourmet $ Vegetarian $ Pescatarian $ Wheat/Gluten-Free $ Peanut Free $ Soy Free $ Kosher $ Indian $ 
https://www.epicurious.com/recipes/food/views/grilled-tandoori-style-shrimp-with-mint-chutney-103562,Grilled Tandoori Style Shrimp with Mint Chutney ,"1 1/2 lb extra-large (12 to 16 per lb) shrimp, shelled $ 1 teaspoon turmeric $ 1 teaspoon sweet paprika $ 1/2 teaspoon kosher salt $ 1/4 teaspoon black pepper $ Accompaniment: mint chutney $ ",Shrimp $ Summer $ Grill/Barbecue $ Gourmet $ ,Indian $ ,2.5/4,3,Shrimp $ Summer $ Grill/Barbecue $ Gourmet $ Indian $ 
https://www.epicurious.com/recipes/food/views/fragrant-beef-curry-with-rice-104202,Fragrant Beef Curry with Rice ,"2 pounds well-trimmed boneless beef stew meat, cut into 1-inch pieces $ 3 tablespoons vegetable oil $ 2 large onions, sliced $ 6 whole cloves $ 2 large garlic cloves, chopped $ 2 cinnamon sticks $ 1 bay leaf $ 1/4 teaspoon dried crushed red pepper $ 1 1/2 cups whole milk $ 3 large tomatoes, quartered $ 3 tablespoons Major Grey chutney $ 3 tablespoons fresh lemon juice $ 2 tablespoons minced peeled fresh ginger $ 1 1/2 tablespoons curry powder $ 1/2 teaspoon salt $ Hot cooked rice $ ",Beef $ Garlic $ Onion $ Rice $ Tomato $ Stew $ Curry $ Fall $ Cinnamon $ Clove $ Bon Appétit $ ,Indian $ ,3.5/4,208,Beef $ Garlic $ Onion $ Rice $ Tomato $ Stew $ Curry $ Fall $ Cinnamon $ Clove $ Bon Appétit $ Indian $ 
https://www.epicurious.com/recipes/food/views/seared-cumin-sea-scallops-with-cauliflower-and-leeks-102941,Seared Cumin Sea Scallops with Cauliflower and Leeks ,"2 leeks, cut crosswise into 1/2-inch-thick slices $ 1 1/4 pounds sea scallops, halved horizontally and patted dry $ 1 teaspoon cumin seeds $ 2 tablespoons olive oil $ 1/2 medium head cauliflower, cut into 1 1/2-inch florets $ 3 tablespoons dry white wine $ 1/4 cup water $ 1/2 cup heavy cream $ 1/4 cup fresh cilantro, chopped $ 1 tablespoon fresh lemon juice $ ",Shellfish $ Vegetable $ Sauté $ Seafood $ Scallop $ Cauliflower $ Leek $ Winter $ Gourmet $ ,French $ Indian $ ,3/4,3,Shellfish $ Vegetable $ Sauté $ Seafood $ Scallop $ Cauliflower $ Leek $ Winter $ Gourmet $ French $ Indian $ 
https://www.epicurious.com/recipes/food/views/chicken-wings-with-curry-yogurt-glaze-105763,Chicken Wings with Curry-Yogurt Glaze ,"1 1/3 cups plain yogurt $ 1 cup chopped onion $ 1/4 cup plus 2 tablespoons chopped fresh cilantro $ 4 large garlic cloves, crushed $ 4 teaspoons ground cumin $ 4 teaspoons curry powder $ 1 1/4 teaspoons ground ginger $ 2 pounds chicken wings $ ",Chicken $ Appetizer $ Bake $ Yogurt $ Curry $ Wheat/Gluten-Free $ Peanut Free $ Tree Nut Free $ Soy Free $ No Sugar Added $ ,Indian $ ,3/4,10,Chicken $ Appetizer $ Bake $ Yogurt $ Curry $ Wheat/Gluten-Free $ Peanut Free $ Tree Nut Free $ Soy Free $ No Sugar Added $ Indian $ 
https://www.epicurious.com/recipes/food/views/cauliflower-and-shrimp-caldin-108666,Cauliflower and Shrimp Caldin ,"1 heavy coconut (without any cracks and containing liquid) $ 3 garlic cloves $ 1 small onion, halved lengthwise and thinly sliced lengthwise $ 2 1/2 cups plus 2 tablespoons water $ 1 tablespoon vegetable oil $ 1 tablespoon cumin seeds, ground in an electric coffee/spice grinder $ 1 teaspoon turmeric $ 1 (4-inch) fresh red chile, halved lengthwise, keeping stem intact $ 1 large head cauliflower (2 1/2 pounds), cut into 1-inch-wide florets $ 1/2 pound medium shrimp (31 to 35 per pound), peeled, leaving tail and first segment of shell intact, and deveined $ 1 1/2 teaspoons salt $ 1 (1-inch) piece tamarind from a pliable block* $ 1 (13- to 14-ounce) can unsweetened coconut milk* (preferably Chaokoh brand) $ 1 tablespoon cider vinegar $ Accompaniment: steamed basmati rice $ ",Shellfish $ Vegetable $ Bake $ Diwali $ Vinegar $ Coconut $ Shrimp $ Spice $ Cauliflower $ Fall $ Gourmet $ ,Indian $ ,3/4,2,Shellfish $ Vegetable $ Bake $ Diwali $ Vinegar $ Coconut $ Shrimp $ Spice $ Cauliflower $ Fall $ Gourmet $ Indian $ 
https://www.epicurious.com/recipes/food/views/indian-spiced-rice-with-lentils-106003,Indian-Spiced Rice with Lentils ,"1 cup dried lentils $ 1 cup basmati rice* $ 2 teaspoons vegetable oil $ 2 1-inch pieces of cinnamon stick $ 2 whole cloves $ 1 teaspoon cumin seeds $ 3 garlic cloves, finely chopped $ 2 teaspoons chopped fresh ginger $ 4 1/3 cups water $ 2 teaspoons salt $ 1 teaspoon sugar $ 1/4 teaspoon turmeric $ 1/4 cup chopped fresh cilantro $ 2 tablespoons fresh lime juice $ ",Ginger $ Rice $ Side $ Sauté $ Wheat/Gluten-Free $ Dinner $ Spice $ Lentil $ Winter $ Cinnamon $ Clove $ Bon Appétit $ Sugar Conscious $ Vegan $ Vegetarian $ Pescatarian $ Dairy Free $ Peanut Free $ Tree Nut Free $ Soy Free $ Kosher $ ,Indian $ ,3/4,40,Ginger $ Rice $ Side $ Sauté $ Wheat/Gluten-Free $ Dinner $ Spice $ Lentil $ Winter $ Cinnamon $ Clove $ Bon Appétit $ Sugar Conscious $ Vegan $ Vegetarian $ Pescatarian $ Dairy Free $ Peanut Free $ Tree Nut Free $ Soy Free $ Kosher $ Indian $ 
https://www.epicurious.com/recipes/food/views/mango-raita-106015,Mango Raita ,"1/4 English hothouse cucumber, diced (about 1 cup) $ 1 mango, peeled, diced (about 1 cup) $ 1/4 cup plain yogurt $ 2 tablespoons thinly sliced fresh mint leaves $ 2 teaspoons honey $ ",Condiment/Spread $ Sauce $ Dairy $ Fruit $ No-Cook $ Vegetarian $ Yogurt $ Mango $ Cucumber $ Bon Appétit $ ,Indian $ ,3.5/4,4,Condiment/Spread $ Sauce $ Dairy $ Fruit $ No-Cook $ Vegetarian $ Yogurt $ Mango $ Cucumber $ Bon Appétit $ Indian $ 
https://www.epicurious.com/recipes/food/views/basmati-rice-104008,Basmati Rice ,2 cups basmati rice $ 3 cups water $ ,Rice $ Side $ Vegetarian $ Vegan $ Gourmet $ Fat Free $ Sugar Conscious $ Kidney Friendly $ Pescatarian $ Dairy Free $ Wheat/Gluten-Free $ Peanut Free $ Tree Nut Free $ Soy Free $ No Sugar Added $ Kosher $ ,Indian $ ,0/4,0,Rice $ Side $ Vegetarian $ Vegan $ Gourmet $ Fat Free $ Sugar Conscious $ Kidney Friendly $ Pescatarian $ Dairy Free $ Wheat/Gluten-Free $ Peanut Free $ Tree Nut Free $ Soy Free $ No Sugar Added $ Kosher $ Indian $ 
https://www.epicurious.com/recipes/food/views/roasted-mung-bean-puree-106155,Roasted Mung Bean Purée ,1 cup moong dal (yellow split mung beans)* $ 3 to 4 cups water $ 3/4 teaspoon salt $ 1/2 teaspoon sugar $ 4 (2-inch) fresh hot green chiles such as Thai $ 1 tablespoon ghee $ 1 teaspoon cumin seeds $ 4 bay leaves (not California) $ 1 tablespoon finely chopped peeled fresh ginger $ Accompaniment:eggplant fritters and cooked basmati rice $ a wok $ ,Condiment/Spread $ Bean $ Side $ Roast $ Vegetarian $ Lentil $ Hot Pepper $ Gourmet $ ,Indian $ ,0/4,0,Condiment/Spread $ Bean $ Side $ Roast $ Vegetarian $ Lentil $ Hot Pepper $ Gourmet $ Indian $ 
https://www.epicurious.com/recipes/food/views/baked-whole-wheat-bread-104219,Baked Whole Wheat Bread ,"3 cups chapati flour (or 2 cups whole wheat flour mixed with 1 cup all-purpose flour) measured by scooping the flour with a measuring cup and leveling off with a spatula or knife $ 1 cup warm water(90° - 100°F) $ 1/2 - 3/4 cupchapati >flour, or all-purpose flour, for dusting $ ",Bread $ Side $ Bake $ Sugar Conscious $ Kidney Friendly $ Vegan $ Vegetarian $ Pescatarian $ Dairy Free $ Peanut Free $ Tree Nut Free $ Soy Free $ No Sugar Added $ Kosher $ ,Indian $ ,2.5/4,5,Bread $ Side $ Bake $ Sugar Conscious $ Kidney Friendly $ Vegan $ Vegetarian $ Pescatarian $ Dairy Free $ Peanut Free $ Tree Nut Free $ Soy Free $ No Sugar Added $ Kosher $ Indian $ 
https://www.epicurious.com/recipes/food/views/indian-spiced-sturgeon-with-mint-yogurt-sauce-109536,Indian-Spiced Sturgeon with Mint Yogurt Sauce ,"1 teaspoon fennel seeds, toasted $ 2 cups plain yogurt (16 oz) $ 1 garlic clove, minced $ 1 teaspoon minced peeled fresh ginger $ 1/2 teaspoon ground cumin $ 1/2 teaspoon ground coriander $ 1/4 teaspoon black pepper $ 1/4 teaspoon turmeric $ 1/8 teaspoon cayenne, or to taste $ 1 teaspoon salt $ 6 (1-inch-thick) pieces skinless sturgeon fillet or halibut fillet with skin (6 oz each) $ 3 tablespoons finely chopped fresh mint $ 1/2 teaspoon finely grated fresh lemon zest $ an electric coffee/spice grinder $ ",Fish $ Ginger $ Marinate $ Yogurt $ Mint $ Summer $ Grill/Barbecue $ Gourmet $ ,Indian $ ,2.5/4,2,Fish $ Ginger $ Marinate $ Yogurt $ Mint $ Summer $ Grill/Barbecue $ Gourmet $ Indian $ 
https://www.epicurious.com/recipes/food/views/madras-fishermans-curry-101283,Madras Fisherman's Curry ,2 teaspoons coarse salt $ 1 teaspoon turmeric $ four 6-ounce orange roughy fillets $ 1 1/2 teaspoons brown or black mustard seeds $ 2 medium onions $ 2 small fresh serrano chiles $ 1 cup packed fresh cilantro sprigs $ 1/2 cup grated fresh coconut $ 1 teaspoon tamarind concentrate $ 1 cup warm water $ 2 tablespoons vegetable oil $ ,Fish $ Onion $ Sauté $ Curry $ Spring $ Tamarind $ Cilantro $ Gourmet $ ,Indian $ ,3.5/4,10,Fish $ Onion $ Sauté $ Curry $ Spring $ Tamarind $ Cilantro $ Gourmet $ Indian $ 
https://www.epicurious.com/recipes/food/views/curried-potato-spinach-and-garbanzo-bean-soup-103107,"Curried Potato, Spinach and Garbanzo Bean Soup ","1 15 1/2-ounce can garbanzo beans (chickpeas), drained $ 2 tablespoons olive oil $ 1 cup coarsely chopped onion $ 2 1/2 teaspoons curry powder $ 1/2 pound small red-skinned potatoes, cut into 1/2-inch cubes $ 1 14 1/2-ounce can vegetable broth $ 1/2 cup canned unsweetened coconut milk $ 1 cup (packed) baby spinach leaves (about 1 1/2 ounces) $ ",Bean $ Leafy Green $ Potato $ Sauté $ Vegetarian $ High Fiber $ Spinach $ Chickpea $ Spring $ Bon Appétit $ ,Indian $ ,3/4,62,Bean $ Leafy Green $ Potato $ Sauté $ Vegetarian $ High Fiber $ Spinach $ Chickpea $ Spring $ Bon Appétit $ Indian $ 
https://www.epicurious.com/recipes/food/views/curried-potatoes-and-onions-5315,Curried Potatoes and Onions ,"1/3 cup vegetable oil $ 1 teaspoon cumin seeds $ 1 teaspoon ground coriander $ 1/2 teaspoon mustard seeds $ 1/2 teaspoon ground turmeric $ 2 medium onions, thinly sliced $ 2 tablespoons chopped jalapeño chili $ 1 1/2 pounds white potatoes, peeled, cut into generous 1/2-inch pieces $ 1 1/4 cups chopped tomatoes $ ",Potato $ Tomato $ Side $ Sauté $ Vegetarian $ Spice $ Bon Appétit $ ,Indian $ ,3/4,35,Potato $ Tomato $ Side $ Sauté $ Vegetarian $ Spice $ Bon Appétit $ Indian $ 
https://www.epicurious.com/recipes/food/views/coconut-mint-sorbet-11499,Coconut Mint Sorbet ,3/4 cup sugar $ 2 bags peppermint herbal tea $ 1 large coconut without any cracks and containing liquid $ 2 or 3 drops of green food coloring if desired $ ,Dessert $ Frozen Dessert $ Coconut $ Mint $ Vegan $ Gourmet $ ,Indian $ ,4/4,1,Dessert $ Frozen Dessert $ Coconut $ Mint $ Vegan $ Gourmet $ Indian $ 
https://www.epicurious.com/recipes/food/views/cumin-pea-soup-101510,Cumin Pea Soup ,2 teaspoons cumin seeds $ 1 small onion $ 3/4 cup chicken broth $ 1 1/2 cups water $ a 10-ounce package frozen peas $ 1 teaspoon coarse salt $ ,Soup/Stew $ Blender $ Low Fat $ Quick & Easy $ Dinner $ Lunch $ Pea $ Healthy $ Gourmet $ Dairy Free $ Wheat/Gluten-Free $ Peanut Free $ Tree Nut Free $ Soy Free $ No Sugar Added $ Kosher $ ,Indian $ ,3/4,20,Soup/Stew $ Blender $ Low Fat $ Quick & Easy $ Dinner $ Lunch $ Pea $ Healthy $ Gourmet $ Dairy Free $ Wheat/Gluten-Free $ Peanut Free $ Tree Nut Free $ Soy Free $ No Sugar Added $ Kosher $ Indian $ 
https://www.epicurious.com/recipes/food/views/corn-with-fresh-herbs-109082,Corn with Fresh Herbs ,"6 ears of corn $ 3 tablespoons extra-virgin olive oil $ 1 teaspoon whole brown mustard seeds $ 1/2 teaspoon whole cumin seeds $ 1/4 teaspoon kalonji seeds (nigella) $ 2 teaspoons peeled fresh ginger, grated to a pulp $ 1 to 2 fresh hot green chilies, finely chopped $ 4 tablespoons chopped cilantro $ 2 tablespoons finely chopped fresh mint $ 3 scallions, finely chopped, using all the white and some of the green parts $ 2 tablespoons finely chopped fresh dill $ 2 tablespoons lemon juice $ 3/4 to 1 teaspoon salt $ Freshly ground black pepper to taste $ 2 tablespoons unsalted butter (optional) $ ",Ginger $ Mustard $ Vegetable $ Side $ Picnic $ Mint $ Corn $ Summer $ Potluck $ Cilantro $ Seed $ Vegetarian $ Pescatarian $ Wheat/Gluten-Free $ Peanut Free $ Tree Nut Free $ Soy Free $ No Sugar Added $ Kosher $ ,American $ Indian $ ,0/4,0,Ginger $ Mustard $ Vegetable $ Side $ Picnic $ Mint $ Corn $ Summer $ Potluck $ Cilantro $ Seed $ Vegetarian $ Pescatarian $ Wheat/Gluten-Free $ Peanut Free $ Tree Nut Free $ Soy Free $ No Sugar Added $ Kosher $ American $ Indian $ 
https://www.epicurious.com/recipes/food/views/curried-couscous-and-garbanzo-bean-salad-109574,Curried Couscous and Garbanzo Bean Salad ,"2 tablespoons curry powder $ 2 1/4 cups water $ 1/2 teaspoon salt $ 6 cups small pieces fresh vegetables (such as 2 cups each broccoli florets, cauliflower florets, and thinly sliced carrots) $ 1 10-ounce box couscous $ 1 15-ounce can garbanzo beans (chickpeas), drained $ 1/2 cup olive oil $ 5 tablespoons white wine vinegar $ 1 1/2 tablespoons grated peeled fresh ginger $ 1 1/4 cups crumbled feta cheese (about 7 ounces) $ 1 cup thinly sliced green onions $ ",Salad $ Bean $ Ginger $ Onion $ Side $ Vegetarian $ Quick & Easy $ Feta $ Curry $ Summer $ Couscous $ Bon Appétit $ Pescatarian $ Peanut Free $ Tree Nut Free $ Soy Free $ No Sugar Added $ Kosher $ ,Indian $ Middle Eastern $ ,3/4,33,Salad $ Bean $ Ginger $ Onion $ Side $ Vegetarian $ Quick & Easy $ Feta $ Curry $ Summer $ Couscous $ Bon Appétit $ Pescatarian $ Peanut Free $ Tree Nut Free $ Soy Free $ No Sugar Added $ Kosher $ Indian $ Middle Eastern $ 
https://www.epicurious.com/recipes/food/views/chickpea-salad-with-parsley-lemon-and-sun-dried-tomatoes-106823,"Chickpea Salad with Parsley, Lemon, and Sun-Dried Tomatoes ","1/4 cup olive oil $ 1 tablespoon cumin seeds $ 2 15 1/2-ounce cans garbanzo beans (chickpeas), rinsed, drained $ 1 cucumber, peeled, seeded, chopped (about 1 1/3 cups) $ 1/2 cup chopped fresh parsley $ 1/3 cup thinly sliced drained oil-packed sun-dried tomatoes $ 1/4 cup fresh lemon juice $ 1 garlic clove, minced $ 1/4 teaspoon dried crushed red pepper $ ",Salad $ Bean $ Citrus $ Tomato $ Quick & Easy $ Summer $ Bon Appétit $ ,American $ Indian $ ,3/4,75,Salad $ Bean $ Citrus $ Tomato $ Quick & Easy $ Summer $ Bon Appétit $ American $ Indian $ 
https://www.epicurious.com/recipes/food/views/veal-chops-in-curry-sauce-89,Veal Chops in Curry Sauce ,"2 tablespoons (1/4 stick) butter $ 2 5- to 6-ounce 1-inch-thick veal chops $ 1/4 cup finely chopped onion $ 1 garlic clove, minced $ 1 1/2 teaspoons Madras curry powder $ 1/3 cup apple juice $ 1/3 cup canned low-salt chicken broth $ 2 tablespoons whipping cream $ ",Beef $ Sauté $ Quick & Easy $ Veal $ Curry $ Bon Appétit $ ,Indian $ ,3/4,12,Beef $ Sauté $ Quick & Easy $ Veal $ Curry $ Bon Appétit $ Indian $ 
https://www.epicurious.com/recipes/food/views/chicken-curry-109207,Chicken Curry ,"4 garlic cloves, chopped $ 1 (1-inch) piece peeled fresh ginger, chopped $ 1 cup plus 3 tablespoons warm water $ 1/2 cup whole-milk yogurt $ 1 1/4 teaspoons salt $ 1/2 teaspoon turmeric $ 1/2 teaspoon chili powder $ 6 whole chicken legs, cut into drumstick and thigh portions (3 pounds total), skin discarded and meat trimmed of any fat $ 3 cardamom pods* $ 2 whole cloves $ 1 (1 1/2-inch) piece cinnamon stick $ 2 tablespoons vegetable oil $ 1 large red onion, halved lengthwise, then thinly sliced crosswise $ 3 Turkish bay leaves or 1 1/2 California $ Accompaniment: jasmine or basmati rice $ an electric coffee/spice grinder $ ",Chicken $ Ginger $ Onion $ Poultry $ Sauté $ Quick & Easy $ Yogurt $ Lunch $ Spring $ Cinnamon $ Simmer $ Gourmet $ Indiana $ Sugar Conscious $ Wheat/Gluten-Free $ Peanut Free $ Tree Nut Free $ Soy Free $ No Sugar Added $ ,Indian $ ,3/4,25,Chicken $ Ginger $ Onion $ Poultry $ Sauté $ Quick & Easy $ Yogurt $ Lunch $ Spring $ Cinnamon $ Simmer $ Gourmet $ Indiana $ Sugar Conscious $ Wheat/Gluten-Free $ Peanut Free $ Tree Nut Free $ Soy Free $ No Sugar Added $ Indian $ 
https://www.epicurious.com/recipes/food/views/simple-chicken-curry-2578,Simple Chicken Curry ,"1 tablespoon butter $ 2 tablespoons peanut oil $ 4 boneless chicken breast halves, skinned $ 1 onion, chopped $ 3 garlic cloves, minced $ 3 tablespoons curry powder $ 1/2 cup diced apple $ 1/2 cup chopped dried apricots $ 1/2 cup golden raisins $ 1 14 1/2-ounce can chicken broth $ Salt $ Freshly cooked rice $ ",Chicken $ Fruit $ Quick & Easy $ Wheat/Gluten-Free $ Raisin $ Apple $ Curry $ Fall $ Bon Appétit $ Michigan $ ,Indian $ ,3/4,33,Chicken $ Fruit $ Quick & Easy $ Wheat/Gluten-Free $ Raisin $ Apple $ Curry $ Fall $ Bon Appétit $ Michigan $ Indian $ 
https://www.epicurious.com/recipes/food/views/cucumber-yogurt-salad-2309,Cucumber-Yogurt Salad ,"1 cup plain nonfat yogurt $ 1 teaspoon sugar $ 2 medium cucumbers, peeled, seeded, chopped $ 2 tablespoons minced fresh cilantro $ ",Condiment/Spread $ Salad $ Dairy $ Herb $ Yogurt $ Low Sodium $ Wheat/Gluten-Free $ Cucumber $ Bon Appétit $ Texas $ ,Indian $ ,3/4,7,Condiment/Spread $ Salad $ Dairy $ Herb $ Yogurt $ Low Sodium $ Wheat/Gluten-Free $ Cucumber $ Bon Appétit $ Texas $ Indian $ 
https://www.epicurious.com/recipes/food/views/braised-eggplant-and-peppers-278,Braised Eggplant and Peppers ,"4 tablespoons olive oil $ 1 1-pound unpeeled eggplant, cut into 3/4-inch cubes $ 2 onions, halved, thinly sliced $ 5 garlic cloves, minced $ 2 red bell peppers, cored, cut into 1/2-inch strips $ 3/4 teaspoon ground turmeric $ 1 1/2 cups diced canned tomatoes with juices $ Pinch of sugar $ 2 tablespoons fresh lemon juice $ 1 tablespoons chopped fresh cilantro $ ",Pepper $ Appetizer $ Side $ Braise $ Vegetarian $ Low Cal $ Wheat/Gluten-Free $ Eggplant $ Summer $ Bon Appétit $ Vegan $ Pescatarian $ Dairy Free $ Peanut Free $ Tree Nut Free $ Soy Free $ Kosher $ ,Indian $ ,3/4,15,Pepper $ Appetizer $ Side $ Braise $ Vegetarian $ Low Cal $ Wheat/Gluten-Free $ Eggplant $ Summer $ Bon Appétit $ Vegan $ Pescatarian $ Dairy Free $ Peanut Free $ Tree Nut Free $ Soy Free $ Kosher $ Indian $ 
https://www.epicurious.com/recipes/food/views/butternut-squash-and-corn-chowder-4288,Butternut Squash and Corn Chowder ,"2 1-pound butternut squash, peeled, halved lengthwise $ 7 1/2 cups (or more) water $ 1 tablespoon salt $ 1/2 teaspoon plus 3 tablespoons olive oil $ 2 cups chopped onion $ 2 cups frozen corn kernels $ 2 teaspoons chopped garlic $ 1 teaspoon ground coriander $ 3/4 teaspoon ground cardamom $ 1/2 teaspoon ground cumin $ 1/2 teaspoon cayenne pepper $ 1/8 teaspoon ground cloves $ 1 large potato, peeled, cut into 1/2-inch pieces $ ",Soup/Stew $ Vegetable $ Appetizer $ Vegetarian $ High Fiber $ Dinner $ Lunch $ Corn $ Butternut Squash $ Fall $ Clove $ Bon Appétit $ Pescatarian $ Wheat/Gluten-Free $ Peanut Free $ Tree Nut Free $ Soy Free $ No Sugar Added $ Kosher $ ,Indian $ ,3/4,20,Soup/Stew $ Vegetable $ Appetizer $ Vegetarian $ High Fiber $ Dinner $ Lunch $ Corn $ Butternut Squash $ Fall $ Clove $ Bon Appétit $ Pescatarian $ Wheat/Gluten-Free $ Peanut Free $ Tree Nut Free $ Soy Free $ No Sugar Added $ Kosher $ Indian $ 
https://www.epicurious.com/recipes/food/views/pear-chutney-with-raisins-102475,Pear Chutney with Raisins ,"1 tablespoon vegetable oil $ 1 1/2 cups chopped onion $ 3 medium pears, peeled, cored, cut into 1/2-inch pieces (about 3 cups) $ 6 tablespoons (packed) golden brown sugar $ 1/3 cup golden raisins $ 3 tablespoons apple cider vinegar $ 2 tablespoons fresh lemon juice $ 1 tablespoon chopped peeled fresh ginger $ 4 whole cloves $ ",Condiment/Spread $ Sauce $ Fruit $ Raisin $ Pear $ Fall $ Bon Appétit $ ,Indian $ ,3/4,6,Condiment/Spread $ Sauce $ Fruit $ Raisin $ Pear $ Fall $ Bon Appétit $ Indian $ 
https://www.epicurious.com/recipes/food/views/chicken-with-lemon-and-spices-102406,Chicken with Lemon and Spices ,"4 skinless boneless chicken breast halves, cut into 2-inch pieces $ 1/4 cup fresh lemon juice $ 1/2 teaspoon ground turmeric $ 2 tablespoons vegetable oil $ 1 large onion, chopped $ 1 tablespoon minced fresh ginger $ 1/2 teaspoon cumin seeds $ 1 14 1/2-ounce can diced tomatoes in juice $ 1 teaspoon chili powder $ 3/4 teaspoon salt $ 1/4 teaspoon paprika $ 2 tablespoons sour cream $ ",Chicken $ Citrus $ Ginger $ Onion $ Tomato $ Sauté $ Quick & Easy $ Dinner $ Lemon $ Spice $ Healthy $ Bon Appétit $ Massachusetts $ ,Indian $ ,2.5/4,19,Chicken $ Citrus $ Ginger $ Onion $ Tomato $ Sauté $ Quick & Easy $ Dinner $ Lemon $ Spice $ Healthy $ Bon Appétit $ Massachusetts $ Indian $ 
https://www.epicurious.com/recipes/food/views/garam-sauteed-shrimp-and-zucchini-with-spiced-rice-104328,Garam Sauteed Shrimp and Zucchini with Spiced Rice ,"8 ounces uncooked large shrimp, peeled, deveined $ 1 zucchini, sliced into rounds $ 1 teaspoon garam masala seasoning $ 1 tablespoon butter $ 1 tablespoon chopped fresh cilantro $ 2 teaspoons fresh lemon juice $ 1 6.3-ounce package garlic and herb rice pilaf, cooked according to package instructions $ ",Rice $ Sauté $ Dinner $ Shrimp $ Zucchini $ Summer $ Bon Appétit $ Sugar Conscious $ Pescatarian $ Wheat/Gluten-Free $ Peanut Free $ Tree Nut Free $ Soy Free $ No Sugar Added $ ,Indian $ ,2.5/4,8,Rice $ Sauté $ Dinner $ Shrimp $ Zucchini $ Summer $ Bon Appétit $ Sugar Conscious $ Pescatarian $ Wheat/Gluten-Free $ Peanut Free $ Tree Nut Free $ Soy Free $ No Sugar Added $ Indian $ 
https://www.epicurious.com/recipes/food/views/shrimp-with-spiced-masala-and-coconut-milk-105541,Shrimp with Spiced Masala and Coconut Milk ,"2 tablespoons vegetable oil $ 2 cups chopped onions $ 4 large garlic cloves, minced $ 1 1/2 teaspoons garam masala $ 1 1/2 teaspoons curry powder $ 1 1/2 teaspoons ground coriander $ 1 teaspoon turmeric $ 1/2 teaspoon cayenne pepper $ 1 28-ounce can diced tomatoes in juice $ 1 cup plain whole-milk yogurt $ 2 tablespoons vegetable oil $ 2 pounds uncooked large shrimp, peeled, deveined $ 1 13 1/2-ounce can unsweetened coconut milk $ 1/2 cup chopped fresh cilantro $ 1/4 cup chopped green onion tops $ 1 1/2 tablespoons fresh lemon juice $ ",Milk/Cream $ Garlic $ Onion $ Rice $ Sauté $ Yogurt $ Shrimp $ Cilantro $ Bon Appétit $ ,Indian $ ,3.5/4,129,Milk/Cream $ Garlic $ Onion $ Rice $ Sauté $ Yogurt $ Shrimp $ Cilantro $ Bon Appétit $ Indian $ 
https://www.epicurious.com/recipes/food/views/orange-roughy-with-indian-spiced-tomato-sauce-106415,Orange Roughy with Indian-Spiced Tomato Sauce ,"4 6-ounce orange roughy fillets or red snapper fillets (each about 1/2 to 3/4 inch thick) $ 3 teaspoons garam masala $ 2 tablespoons (1/4 stick) butter $ 1 14 1/2-ounce can diced tomatoes with mild green chilies, undrained $ 4 tablespoons chopped fresh cilantro $ 1/2 cup plain yogurt $ ",Fish $ Tomato $ Yogurt $ Wheat/Gluten-Free $ Spring $ Bon Appétit $ ,Indian $ ,3.5/4,26,Fish $ Tomato $ Yogurt $ Wheat/Gluten-Free $ Spring $ Bon Appétit $ Indian $ 
https://www.epicurious.com/recipes/food/views/mint-chutney-103575,Mint Chutney ,"1/2 cup chopped onion $ 1 tablespoon olive oil $ 1/4 cup golden raisins, coarsely chopped $ 3 tablespoons white-wine vinegar $ 1/4 cup water $ 1/4 teaspoon dried hot red pepper flakes $ 1/4 teaspoon ground coriander $ 1/4 teaspoon salt $ 1/2 cup fresh mint leaves, chopped $ ",Condiment/Spread $ Onion $ Quick & Easy $ Raisin $ Mint $ Summer $ Simmer $ Gourmet $ ,Indian $ ,3.5/4,8,Condiment/Spread $ Onion $ Quick & Easy $ Raisin $ Mint $ Summer $ Simmer $ Gourmet $ Indian $ 
https://www.epicurious.com/recipes/food/views/indian-ratatouille-102875,Indian Ratatouille ,"1/4 cup vegetable oil $ 1 tablespoon mustard seeds $ 1 8-ounce red onion, cut into 1/2-inch pieces $ 1 large jalapeño chili, chopped $ 1 tablespoon chopped peeled fresh ginger $ 2 3/4-pound eggplants, quartered lengthwise, cut crosswise into 1/3-inch-thick slices $ 2 medium zucchini, halved lengthwise, cut crosswise into 1/3-inch-thick slices $ 3/4 pound plum tomatoes, chopped $ 3 large garlic cloves, chopped $ 2 tablespoons chopped fresh mint $ 1 tablespoon fresh lemon juice $ ",Garlic $ Tomato $ Vegetable $ Side $ Sauté $ Quick & Easy $ Mint $ Eggplant $ Zucchini $ Winter $ Bon Appétit $ Vegan $ Vegetarian $ Pescatarian $ Dairy Free $ Wheat/Gluten-Free $ Peanut Free $ Tree Nut Free $ Soy Free $ No Sugar Added $ Kosher $ ,Indian $ ,2/4,4,Garlic $ Tomato $ Vegetable $ Side $ Sauté $ Quick & Easy $ Mint $ Eggplant $ Zucchini $ Winter $ Bon Appétit $ Vegan $ Vegetarian $ Pescatarian $ Dairy Free $ Wheat/Gluten-Free $ Peanut Free $ Tree Nut Free $ Soy Free $ No Sugar Added $ Kosher $ Indian $ 
https://www.epicurious.com/recipes/food/views/zucchini-with-ground-white-poppy-seeds-108405,Zucchini with Ground White Poppy Seeds ,"1/2 cup posto (white poppy seeds; 2 ounces) $ 3/4 cup hot water $ 2 tablespoons vegetable oil $ 1/8 teaspoon nigella seeds (sometimes called black onion seeds) $ 4 (2 1/2-inch) whole fresh green Thai or serrano chiles, split lengthwise to within 1/4 inch of stem end $ 2 medium zucchini (1 pound total), halved lengthwise then cut diagonally into 1/2-inch-thick slices $ 1/2 teaspoon salt $ an electric coffee/spice grinder $ ",Vegetable $ Side $ Vegetarian $ Quick & Easy $ Zucchini $ Summer $ Vegan $ Gourmet $ Pescatarian $ Dairy Free $ Wheat/Gluten-Free $ Peanut Free $ Tree Nut Free $ Soy Free $ No Sugar Added $ Kosher $ ,Indian $ ,3.5/4,2,Vegetable $ Side $ Vegetarian $ Quick & Easy $ Zucchini $ Summer $ Vegan $ Gourmet $ Pescatarian $ Dairy Free $ Wheat/Gluten-Free $ Peanut Free $ Tree Nut Free $ Soy Free $ No Sugar Added $ Kosher $ Indian $ 
https://www.epicurious.com/recipes/food/views/tandoori-spiced-chicken-with-tomato-ginger-chutney-106850,Tandoori-Spiced Chicken with Tomato-Ginger Chutney ,2 cups plain yogurt $ 2 tablespoons ground coriander $ 2 tablespoons mild paprika $ 1 1/2 tablespoons ground cumin $ 1 1/2 tablespoons ground ginger $ 1 tablespoon garlic powder $ 1 tablespoon ground black pepper $ 1/2 teaspoon ground cinnamon $ 1/2 teaspoon ground cardamom $ 1/4 teaspoon ground cloves $ 6 7- to 8-ounce skinless boneless chicken breast halves $ 3 cups chopped seeded tomatoes (about 1 1/4 pounds) $ 3/4 cup chopped red onion $ 1/2 cup chopped fresh mint $ 3 tablespoons minced peeled fresh ginger $ 3 tablespoons fresh lime juice $ ,Chicken $ Dairy $ Ginger $ Poultry $ Tomato $ Marinate $ Yogurt $ Summer $ Grill/Barbecue $ Bon Appétit $ ,Indian $ ,2.5/4,31,Chicken $ Dairy $ Ginger $ Poultry $ Tomato $ Marinate $ Yogurt $ Summer $ Grill/Barbecue $ Bon Appétit $ Indian $ 
https://www.epicurious.com/recipes/food/views/cucumber-raita-104741,Cucumber Raita ,"1 medium cucumber $ 1 teaspoon cumin seeds $ 2 cups plain, whole-milk yogurt $ 1 clove garlic, peeled and minced $ 2 tablespoons fresh coriander or mint leaves, chopped $ cayenne or paprika to garnish $ ",Condiment/Spread $ Sauce $ No-Cook $ Quick & Easy $ Yogurt $ Mint $ Spice $ Cucumber $ Summer $ Cilantro $ ,Indian $ ,3.5/4,28,Condiment/Spread $ Sauce $ No-Cook $ Quick & Easy $ Yogurt $ Mint $ Spice $ Cucumber $ Summer $ Cilantro $ Indian $ 
https://www.epicurious.com/recipes/food/views/goat-cheese-pizzas-with-indian-spiced-tomatoes-and-mustard-greens-105528,Goat Cheese Pizzas with Indian-Spiced Tomatoes and Mustard Greens ,"3 tablespoons vegetable oil $ 5 large shallots, finely chopped $ 3 1/2 tablespoons minced fresh ginger $ 4 garlic cloves, minced $ 2 1/2 teaspoons ground coriander $ 2 1/2 teaspoons ground cumin $ 1/4 teaspoon dried crushed red pepper $ 2 1/2 cups crushed tomatoes with added puree $ 2 cups chopped mustard greens $ 2 cups semolina flour (pasta flour)* $ 1 cup all purpose flour $ 1 teaspoon salt $ 1 teaspoon dry mustard $ 1 1/4 cups water, room temperature $ 3 tablespoons chopped fresh cilantro $ 8 ounces soft fresh goat cheese (such as Montrachet), crumbled $ ",Ginger $ Tomato $ Bake $ Sauté $ Kid-Friendly $ Goat Cheese $ Mustard Greens $ Shallot $ Bon Appétit $ ,Indian $ ,3.5/4,15,Ginger $ Tomato $ Bake $ Sauté $ Kid-Friendly $ Goat Cheese $ Mustard Greens $ Shallot $ Bon Appétit $ Indian $ 
https://www.epicurious.com/recipes/food/views/cucumber-tomato-and-onion-yogurt-salad-102948,"Cucumber, Tomato, and Onion Yogurt Salad ","1 English cucumber, peeled, seeded, and cut into 1/2-inch cubes $ 2 plum tomatoes, seeded and cut into 1/2-inch cubes $ 1 onion, finely chopped $ 2 cups plain whole-milk yogurt $ 2 teaspoons vegetable oil $ 1 teaspoon black mustard seeds $ 1 teaspoon cumin seeds $ 1 teaspoon picked-over split skinned urad dal* $ 1 tablespoon finely chopped fresh cilantro $ ",Salad $ Dairy $ Onion $ Tomato $ Vegetable $ Vegetarian $ Yogurt $ Fall $ Spring $ Summer $ Winter $ Gourmet $ ,Indian $ ,2.5/4,5,Salad $ Dairy $ Onion $ Tomato $ Vegetable $ Vegetarian $ Yogurt $ Fall $ Spring $ Summer $ Winter $ Gourmet $ Indian $ 
https://www.epicurious.com/recipes/food/views/indian-curried-shrimp-104937,Indian Curried Shrimp ,"1 tablespoon olive oil $ 1 small onion, chopped $ 1 tablespoon minced peeled fresh ginger $ 1 tablespoon curry powder $ 1 13 1/2-ounce can unsweetened coconut milk $ 8 uncooked large shrimp, peeled, deveined $ 2 tablespoons chopped fresh cilantro $ ",Shellfish $ Quick & Easy $ Diwali $ Coconut $ Shrimp $ Curry $ Cilantro $ Bon Appétit $ ,Indian $ ,3/4,32,Shellfish $ Quick & Easy $ Diwali $ Coconut $ Shrimp $ Curry $ Cilantro $ Bon Appétit $ Indian $ 
https://www.epicurious.com/recipes/food/views/sweet-mango-lassi-104221,Sweet Mango Lassi ,"3 cups yogurt $ 1 cup mango purée, fresh or canned Indian Alphonso mango purée $ 1/2 cup sugar $ 1 tray ice cubes $ ",Smoothie $ Non-Alcoholic $ Blender $ Food Processor $ Fruit $ Quick & Easy $ Yogurt $ Mango $ Healthy $ Drink $ ,Indian $ ,3.5/4,29,Smoothie $ Non-Alcoholic $ Blender $ Food Processor $ Fruit $ Quick & Easy $ Yogurt $ Mango $ Healthy $ Drink $ Indian $ 
https://www.epicurious.com/recipes/food/views/lentil-soup-with-minted-yogurt-104464,Lentil Soup with Minted Yogurt ,"1 1/2 tablespoons olive oil $ 2 medium onions, chopped $ 2 large carrots, peeled, chopped $ 3 garlic cloves, minced $ 4 teaspoons curry powder $ 1 16-ounce package dried lentils $ 9 cups (or more) canned low-salt chicken broth or canned vegetable broth $ 1 1/2 cups plain yogurt $ 1/4 cup chopped fresh peppermint or other fresh mint $ 1/4 cup chopped fresh cilantro $ 1/4 cup chopped fresh basil $ ",Soup/Stew $ Appetizer $ Yogurt $ Lunch $ Mint $ Basil $ Curry $ Lentil $ Carrot $ Healthy $ Cilantro $ Bon Appétit $ Pescatarian $ Wheat/Gluten-Free $ Peanut Free $ Tree Nut Free $ Soy Free $ No Sugar Added $ Kosher $ ,Indian $ ,3.5/4,42,Soup/Stew $ Appetizer $ Yogurt $ Lunch $ Mint $ Basil $ Curry $ Lentil $ Carrot $ Healthy $ Cilantro $ Bon Appétit $ Pescatarian $ Wheat/Gluten-Free $ Peanut Free $ Tree Nut Free $ Soy Free $ No Sugar Added $ Kosher $ Indian $ 
https://www.epicurious.com/recipes/food/views/mango-lassi-107038,Mango Lassi ,2 1/2 cups chopped peeled mango (from about 2 1/2 pounds very ripe mangoes) $ 1/4 cup sugar $ 1 quart well-shaken buttermilk $ Garnish: lime wedges $ ,Milk/Cream $ Blender $ Fruit $ Dessert $ No-Cook $ Quick & Easy $ Mango $ Summer $ Healthy $ Gourmet $ Vegetarian $ Pescatarian $ Wheat/Gluten-Free $ Peanut Free $ Tree Nut Free $ Soy Free $ Kosher $ ,Indian $ ,2.5/4,28,Milk/Cream $ Blender $ Fruit $ Dessert $ No-Cook $ Quick & Easy $ Mango $ Summer $ Healthy $ Gourmet $ Vegetarian $ Pescatarian $ Wheat/Gluten-Free $ Peanut Free $ Tree Nut Free $ Soy Free $ Kosher $ Indian $ 
https://www.epicurious.com/recipes/food/views/chicken-curry-with-dried-apricots-102474,Chicken Curry with Dried Apricots ,"2 tablespoons vegetable oil $ 1/2 cup chopped shallots $ 1 tablespoon Thai red curry paste* $ 1 tablespoon minced peeled fresh ginger $ 1 pound chicken tenders $ 2 14-ounce cans unsweetened coconut milk** $ 1/2 cup dried apricots, quartered $ 2 tablespoons purchased mango chutney $ 3/4 cup chopped fresh cilantro $ Freshly steamed white rice $ ",Chicken $ Poultry $ Sauté $ Dinner $ Apricot $ Curry $ Fall $ Potluck $ Bon Appétit $ Indiana $ ,Indian $ Thai $ ,3.5/4,57,Chicken $ Poultry $ Sauté $ Dinner $ Apricot $ Curry $ Fall $ Potluck $ Bon Appétit $ Indiana $ Indian $ Thai $ 
https://www.epicurious.com/recipes/food/views/indian-clarified-butter-106185,Indian Clarified Butter ,"2 sticks unsalted butter, cut into 1-inch pieces $ cheesecloth $ ",Condiment/Spread $ Sauce $ Dairy $ Quick & Easy $ Chill $ Gourmet $ ,Indian $ ,3.5/4,1,Condiment/Spread $ Sauce $ Dairy $ Quick & Easy $ Chill $ Gourmet $ Indian $ 
https://www.epicurious.com/recipes/food/views/tandoori-indian-barbecued-chicken-104217,Tandoori (Indian Barbecued) Chicken ,"3 very young broiling chickens (about 2 - 2 1/4 pounds each) $ 2 1/2 teaspoons unseasoned natural meat tenderizer $ 1/3 cup lemon juice $ 2 large cloves garlic $ 1 tablespoon chopped fresh ginger root $ 1 teaspoon ground roasted cumin seeds $ 1/2 teaspoon ground cardamom $ 1/2 teaspoon red pepper $ 1 teaspoon tandoori coloring, or 1 tablespoon paprika $ 1/3 cup plain yogurt $ _Usli ghee,_Indian vegetable shortening, or light vegetable oil for basting $ ",Chicken $ Poultry $ Broil $ Roast $ Yogurt $ Fall $ ,Indian $ ,3/4,14,Chicken $ Poultry $ Broil $ Roast $ Yogurt $ Fall $ Indian $ 
https://www.epicurious.com/recipes/food/views/rice-pudding-with-pistachios-raisins-and-saffron-102955,"Rice Pudding with Pistachios, Raisins and Saffron ","2 quarts whole milk $ 3/4 cup jasmine rice $ 1 cup sugar $ 6 green cardamom pods, lightly crushed $ 1/4 teaspoon crumbled saffron threads $ 2 tablespoons ghee $ 1/2 cup shelled natural pistachios $ 1/2 cup golden raisins $ ",Milk/Cream $ Dairy $ Nut $ Rice $ Dessert $ Diwali $ Raisin $ Pistachio $ Party $ Gourmet $ ,Indian $ ,3.5/4,11,Milk/Cream $ Dairy $ Nut $ Rice $ Dessert $ Diwali $ Raisin $ Pistachio $ Party $ Gourmet $ Indian $ 
https://www.epicurious.com/recipes/food/views/curried-rice-beans-and-vegetable-pilaf-229,"Curried Rice, Beans and Vegetable Pilaf ","1/3 cup Major Grey's mango chutney $ 2 1/2 cups canned unsalted chicken broth or water $ 1 tablespoon olive oil $ 1 red bell pepper, diced $ 2 tablespoons chopped garlic $ 1 cup long-grain white rice $ 1 tablespoon curry powder $ 1 15-ounce can low-salt kidney beans, rinsed, drained $ 1 small orange-fleshed sweet potato (yam), peeled, cut into 1/2-inch pieces $ 1 10-ounce package frozen chopped collard greens, thawed, squeezed dry $ 1/2 cup dried currants $ Plain nonfat yogurt (optional) $ ",Blender $ Bean $ Herb $ Rice $ Vegetable $ Side $ Low Fat $ Vegetarian $ Currant $ Sweet Potato/Yam $ Collard Greens $ Bon Appétit $ Wheat/Gluten-Free $ Peanut Free $ Tree Nut Free $ Soy Free $ ,Indian $ ,3.5/4,45,Blender $ Bean $ Herb $ Rice $ Vegetable $ Side $ Low Fat $ Vegetarian $ Currant $ Sweet Potato/Yam $ Collard Greens $ Bon Appétit $ Wheat/Gluten-Free $ Peanut Free $ Tree Nut Free $ Soy Free $ Indian $ 
https://www.epicurious.com/recipes/food/views/leg-of-lamb-with-raita-191,Leg of Lamb with Raita ,"4 large garlic cloves $ 2 jalapeño chilis, stemmed $ 2 1-inch pieces peeled fresh ginger $ 2 cups packed fresh trimmed cilantro (about 2 large bunches) $ 2 cups packed fresh trimmed mint (about 4 bunches) $ 2 cups plain nonfat yogurt $ 1 5-pound leg of lamb, boned, butterflied, well trimmed $ 1/2 cucumber, peeled, seeded, diced $ ",Ginger $ Herb $ Lamb $ Bake $ Marinate $ Low Fat $ Yogurt $ Mint $ Bon Appétit $ ,Indian $ ,2.5/4,3,Ginger $ Herb $ Lamb $ Bake $ Marinate $ Low Fat $ Yogurt $ Mint $ Bon Appétit $ Indian $ 
https://www.epicurious.com/recipes/food/views/vegetable-green-curry-102573,Vegetable Green Curry ,"2 red bell peppers, cut into 1/4-inch-thick strips $ 1 medium onion, thinly sliced $ 1 tablespoon vegetable oil $ 1 tablespoon minced garlic $ 1 to 1 1/2 tablespoons Thai green curry paste $ 2 medium sweet potatoes (1 lb), peeled, halved lengthwise, and cut crosswise into 1/4-inch-thick half-moons $ 1 (14-oz) can unsweetened coconut milk $ 1/2 cup water $ 1/2 lb snow peas $ 1 tablespoon chopped fresh cilantro $ ",Sauté $ Vegetarian $ Quick & Easy $ Dinner $ Coconut $ Curry $ Sweet Potato/Yam $ Fall $ Gourmet $ Vegan $ Pescatarian $ Dairy Free $ Wheat/Gluten-Free $ Peanut Free $ Tree Nut Free $ Soy Free $ No Sugar Added $ Kosher $ ,Indian $ Thai $ ,3/4,25,Sauté $ Vegetarian $ Quick & Easy $ Dinner $ Coconut $ Curry $ Sweet Potato/Yam $ Fall $ Gourmet $ Vegan $ Pescatarian $ Dairy Free $ Wheat/Gluten-Free $ Peanut Free $ Tree Nut Free $ Soy Free $ No Sugar Added $ Kosher $ Indian $ Thai $ 
https://www.epicurious.com/recipes/food/views/basmati-rice-and-mustard-seed-pilaf-101513,Basmati Rice and Mustard-Seed Pilaf ,2 shallots $ 1 teaspoon vegetable oil $ 2 teaspoons mustard seeds $ 2/3 cup white basmati rice $ 1 cup water $ 1/2 teaspoon salt $ ,Rice $ Side $ Low Fat $ Vegetarian $ Quick & Easy $ Gourmet $ ,Indian $ ,3/4,16,Rice $ Side $ Low Fat $ Vegetarian $ Quick & Easy $ Gourmet $ Indian $ 
https://www.epicurious.com/recipes/food/views/indian-potatoes-peas-and-cauliflower-102405,"Indian Potatoes, Peas and Cauliflower ","2 tablespoons vegetable oil $ 1 pound russet potatoes, peeled, cut into 1/2-inch pieces $ 1 tablespoon minced fresh ginger $ 4 cups cauliflower florets, cut into bite-size pieces $ 1/2 teaspoon salt $ 1/2 teaspoon ground turmeric $ 1/4 teaspoon chili powder $ 1/4 teaspoon paprika $ 1/2 cup water $ 1/2 cup frozen peas, thawed $ ",Potato $ Side $ Sauté $ Vegetarian $ Quick & Easy $ Cauliflower $ Fall $ Healthy $ Vegan $ Potluck $ Bon Appétit $ Massachusetts $ ,Indian $ ,3/4,46,Potato $ Side $ Sauté $ Vegetarian $ Quick & Easy $ Cauliflower $ Fall $ Healthy $ Vegan $ Potluck $ Bon Appétit $ Massachusetts $ Indian $ 
https://www.epicurious.com/recipes/food/views/curried-lentil-stew-with-ginger-yogurt-107271,Curried Lentil Stew with Ginger Yogurt ,"1/4 cup olive oil $ 1 large onion, chopped $ 4 garlic cloves, finely chopped $ 1 1/2 tablespoons curry powder $ 4 cups (or more) vegetable broth $ 2 cups lentils, rinsed $ 3 cups diced tomatoes $ 1 1/2 cups plain whole-milk yogurt $ 1 1/2 tablespoons minced fresh ginger $ ",Dairy $ Ginger $ Sauté $ Stew $ Yogurt $ Curry $ Lentil $ Fall $ Bon Appétit $ ,Indian $ ,3/4,26,Dairy $ Ginger $ Sauté $ Stew $ Yogurt $ Curry $ Lentil $ Fall $ Bon Appétit $ Indian $ 
https://www.epicurious.com/recipes/food/views/cilantro-coconut-rice-109333,Cilantro Coconut Rice ,"3 cups basmati rice (20 ounces) $ 3/4 cup sweetened flaked coconut $ 1 tablespoon finely chopped peeled fresh ginger $ 1 tablespoon finely chopped fresh jalapeño including seeds (from 1 chile) $ 3 tablespoons vegetable oil $ 4 cups water $ 1 teaspoon salt $ 2 cups packed fresh cilantro sprigs $ 4 scallions, chopped (1 cup) $ ",Food Processor $ Ginger $ Rice $ Side $ Coconut $ Jalapeño $ Cilantro $ Simmer $ Gourmet $ Sugar Conscious $ Kidney Friendly $ Vegan $ Vegetarian $ Pescatarian $ Dairy Free $ Wheat/Gluten-Free $ Peanut Free $ Tree Nut Free $ Soy Free $ No Sugar Added $ Kosher $ ,Indian $ ,3.5/4,73,Food Processor $ Ginger $ Rice $ Side $ Coconut $ Jalapeño $ Cilantro $ Simmer $ Gourmet $ Sugar Conscious $ Kidney Friendly $ Vegan $ Vegetarian $ Pescatarian $ Dairy Free $ Wheat/Gluten-Free $ Peanut Free $ Tree Nut Free $ Soy Free $ No Sugar Added $ Kosher $ Indian $ 
https://www.epicurious.com/recipes/food/views/chicken-walnut-and-red-grape-salad-with-curry-dressing-109573,"Chicken, Walnut, and Red Grape Salad with Curry Dressing ","2 teaspoons curry powder (preferably Madras-style) $ 1/4 cup light mayonnaise $ 1/4 cup plain nonfat yogurt $ 2 teaspoons mango chutney $ 1 teaspoon minced peeled fresh ginger $ 1/2 teaspoon grated orange peel $ 3 cups 1/2-inch pieces cooked skinless boneless chicken breast $ 1 cup halved seedless red grapes $ 1/2 cup thinly sliced green onions $ 1/3 cup walnuts, toasted, coarsely chopped $ 4 large curly lettuce leaves $ 4 small clusters seedless red grapes $ ",Salad $ Chicken $ Onion $ No-Cook $ Low Fat $ Quick & Easy $ Yogurt $ Mayonnaise $ Walnut $ Curry $ Summer $ Healthy $ Grape $ Lettuce $ Bon Appétit $ ,Indian $ ,3.5/4,49,Salad $ Chicken $ Onion $ No-Cook $ Low Fat $ Quick & Easy $ Yogurt $ Mayonnaise $ Walnut $ Curry $ Summer $ Healthy $ Grape $ Lettuce $ Bon Appétit $ Indian $ 
https://www.epicurious.com/recipes/food/views/garam-masala-scallops-over-acorn-squash-104639,Garam Masala Scallops Over Acorn Squash ,"1 large (1 1/2- to 2-lb) acorn squash $ 3/4 lb sea scallops, tough muscle removed from sides if necessary $ 1 1/2 tablespoons vegetable oil $ 3/4 teaspoon turmeric $ 1 1/2 tablespoons minced seeded jalapeño chile $ 1 large garlic clove, minced $ 2 teaspoons grated peeled fresh ginger $ 1 tablespoon plus 2 teaspoons fresh lime juice $ 1/4 cup water $ 3/4 cup heavy cream $ 1 1/2 teaspoons garam masala $ Garnish: very thin slices of jalapeño chile, chopped fresh cilantro, and ground Aleppo pepper or cayenne $ Accompaniment: haricots verts with mustard seeds and toasted coconut $ ",Ginger $ Scallop $ Squash $ Fall $ Jalapeño $ Gourmet $ ,Indian $ ,3.5/4,48,Ginger $ Scallop $ Squash $ Fall $ Jalapeño $ Gourmet $ Indian $ 
https://www.epicurious.com/recipes/food/views/curried-fish-fillets-with-yogurt-sauce-4972,Curried Fish Fillets with Yogurt Sauce ,3/4 cup plain nonfat yogurt $ 3 tablespoons minced fresh cilantro $ 2 tablespoons minced green onion $ Nonstick vegetable oil spray $ 4 4-ounce flounder or petrale sole fillets $ 2 teaspoons curry powder $ 2 large egg whites $ 1 cup toasted wheat germ $ ,Dairy $ Fish $ Herb $ Bake $ Quick & Easy $ Yogurt $ Low Cal $ High Fiber $ Dinner $ Seafood $ Curry $ Winter $ Healthy $ Bon Appétit $ Pescatarian $ Peanut Free $ Tree Nut Free $ Soy Free $ Kosher $ ,Indian $ ,3/4,15,Dairy $ Fish $ Herb $ Bake $ Quick & Easy $ Yogurt $ Low Cal $ High Fiber $ Dinner $ Seafood $ Curry $ Winter $ Healthy $ Bon Appétit $ Pescatarian $ Peanut Free $ Tree Nut Free $ Soy Free $ Kosher $ Indian $ 
https://www.epicurious.com/recipes/food/views/basmati-rice-with-raisins-nuts-and-peas-744,"Basmati Rice with Raisins, Nuts and Peas ","2 cups basmati rice (available at Indian markets, specialty foods stores and some supermarkets) $ 2 tablespoons vegetable oil $ 2 small onions, thinly sliced $ 2 teaspoons cumin seeds $ 12 whole black peppercorns $ 8 whole cloves $ 6 whole cardamom pods $ 3 bay leaves $ 1 cinnamon stick $ 4 cups water $ 1/4 cup whipping cream $ 1 teaspoon salt $ 1/4 teaspoon saffron threads $ 1 1/2 cups frozen peas $ 1/4 cup chopped almonds $ 1/4 cup chopped cashews $ 1/4 cup raisins $ ",Rice $ Side $ Sauté $ Vegetarian $ Wheat/Gluten-Free $ Raisin $ Almond $ Cashew $ Pea $ Bon Appétit $ Pescatarian $ Peanut Free $ Soy Free $ No Sugar Added $ Kosher $ ,Indian $ ,3/4,17,Rice $ Side $ Sauté $ Vegetarian $ Wheat/Gluten-Free $ Raisin $ Almond $ Cashew $ Pea $ Bon Appétit $ Pescatarian $ Peanut Free $ Soy Free $ No Sugar Added $ Kosher $ Indian $ 
https://www.epicurious.com/recipes/food/views/spiced-saffron-rice-11497,Spiced Saffron Rice ,1 1/2 cups long-grain rice $ 2 tablespoons vegetable oil $ a 3-inch cinnamon stick $ 7 whole cloves $ 5 cardamom pods if desired $ 1 teaspoon salt $ 1/4 teaspoon crumbled saffron threads $ 2 tablespoons milk $ ,Rice $ Side $ Vegetarian $ Quick & Easy $ Saffron $ Cinnamon $ Clove $ Gourmet $ ,Indian $ ,3.5/4,12,Rice $ Side $ Vegetarian $ Quick & Easy $ Saffron $ Cinnamon $ Clove $ Gourmet $ Indian $ 
https://www.epicurious.com/recipes/food/views/cauliflower-with-ginger-and-mustard-seeds-11498,Cauliflower with Ginger and Mustard Seeds ,"3 tablespoons vegetable oil $ 2 teaspoons black mustard seeds (available at East Indian markets and some specialty foods shops) or yellow mustard seeds $ 2 teaspoons grated peeled fresh gingerroot $ 1/2 teaspoon turmeric $ 1 large head of cauliflower (about 1 3/4 to 2 pounds), cut into in small flowerets about 1 inch in diameter $ 1 1/2 teaspoons fresh lemon juice, or to taste $ 3 tablespoons chopped fresh coriander if desired $ ",Ginger $ Herb $ Side $ Steam $ Low Fat $ Cauliflower $ Fall $ Gourmet $ Sugar Conscious $ Vegan $ Vegetarian $ Pescatarian $ Dairy Free $ Wheat/Gluten-Free $ Peanut Free $ Tree Nut Free $ Soy Free $ No Sugar Added $ Kosher $ ,Indian $ ,2.5/4,17,Ginger $ Herb $ Side $ Steam $ Low Fat $ Cauliflower $ Fall $ Gourmet $ Sugar Conscious $ Vegan $ Vegetarian $ Pescatarian $ Dairy Free $ Wheat/Gluten-Free $ Peanut Free $ Tree Nut Free $ Soy Free $ No Sugar Added $ Kosher $ Indian $ 
https://www.epicurious.com/recipes/food/views/goat-cheese-onion-naan-with-mango-salsa-5706,Goat Cheese-Onion Naan with Mango Salsa ,1 1/2 cups unbleached all purpose flour $ 1/2 teaspoon baking powder $ 1/2 teaspoon salt $ 1/2 cup plus 2 tablespoons plain yogurt $ 1 cup crumbled soft fresh goat cheese $ 3 tablespoons butter $ 3 1/2 cups sliced Maui or yellow onions $ Olive oil Mango Salsa $ ,Bread $ Onion $ Broil $ Yogurt $ Diwali $ Goat Cheese $ Fall $ Pan-Fry $ Bon Appétit $ ,Indian $ ,3.5/4,31,Bread $ Onion $ Broil $ Yogurt $ Diwali $ Goat Cheese $ Fall $ Pan-Fry $ Bon Appétit $ Indian $ 
https://www.epicurious.com/recipes/food/views/indian-spiced-mayonnaise-2350,Indian Spiced Mayonnaise ,"1 cup packed fresh mint leaves $ 1 cup packed fresh cilantro leaves $ 1 jalapeño chili, seeded, minced $ 3 tablespoons chopped onion $ 2 teaspoons cider vinegar $ 1/2 cup mayonnaise $ ",Condiment/Spread $ Herb $ No-Cook $ Mayonnaise $ Summer $ Jalapeño $ Bon Appétit $ ,Indian $ ,1.5/4,2,Condiment/Spread $ Herb $ No-Cook $ Mayonnaise $ Summer $ Jalapeño $ Bon Appétit $ Indian $ 
https://www.epicurious.com/recipes/food/views/potato-cucumber-and-tomato-raita-2347,"Potato, Cucumber and Tomato Raita ","4 large red-skinned potatoes, peeled, cut into 1/2-inch cubes $ 2 tablespoons vegetable oil $ 1 large onion, finely chopped $ 2 jalapeño chilies, seeded, chopped $ 1 tablespoon mustard seeds $ 1 tablespoon cumin seeds $ 3 cups low-fat (do not use nonfat) plain yogurt $ 1 English hothouse cucumber, cut into 1/2-inch cubes $ 3 large tomatoes, seeded, cut into 1/2-inch pieces $ Fresh cilantro leaves $ ",Condiment/Spread $ Sauce $ Potato $ Tomato $ Vegetable $ Yogurt $ Cucumber $ Summer $ Bon Appétit $ ,Indian $ ,2.5/4,2,Condiment/Spread $ Sauce $ Potato $ Tomato $ Vegetable $ Yogurt $ Cucumber $ Summer $ Bon Appétit $ Indian $ 
https://www.epicurious.com/recipes/food/views/bombay-bhel-14814,Bombay Bhel ,"2 1/2 cups unsweetened puffed rice $ 1 1/2 cups corn flakes $ 1 cup unsalted cashew nuts $ 1 large onion $ 2 medium potatoes $ 6 tablespoons coriander leaves, chopped $ 4 tablespoons mango chutney $ 1 tablespoon tomato ketchup $ juice of one fresh lime $ 1 teaspoon cayenne or chili pepper $ ",Onion $ Potato $ Bake $ Cashew $ ,Indian $ ,2/4,8,Onion $ Potato $ Bake $ Cashew $ Indian $ 
https://www.epicurious.com/recipes/food/views/tandoori-spiced-chicken-breasts-101511,Tandoori-Spiced Chicken Breasts ,1 large garlic clove $ 1 1/2 teaspoons coarse salt $ 1 small fresh red or green chile such as serrano or cayenne $ 1/3 cup low-fat plain yogurt $ 1 tablespoon fresh lemon juice $ 2 teaspoons grated peeled fresh gingerroot $ 1 1/2 teaspoons ground coriander seeds $ 3/4 teaspoon turmeric $ 1/2 teaspoon ground cumin $ 1/2 teaspoon freshly ground black pepper $ 1/4 teaspoon freshly grated nutmeg $ 1/8 teaspoon ground cloves $ 4 skinless boneless chicken breast halves (about 1 1/4 pounds total) $ 1 small red onion $ 2 teaspoons vegetable oil $ 1/2 cup low-fat plain yogurt $ 1 teaspoon fresh lemon juice $ a pinch cayenne $ ,Chicken $ Ginger $ Poultry $ Broil $ Marinate $ Low Fat $ Yogurt $ Hot Pepper $ Spring $ Healthy $ Gourmet $ ,Indian $ ,3.5/4,112,Chicken $ Ginger $ Poultry $ Broil $ Marinate $ Low Fat $ Yogurt $ Hot Pepper $ Spring $ Healthy $ Gourmet $ Indian $ 
https://www.epicurious.com/recipes/food/views/mango-in-ginger-mint-syrup-101514,Mango in Ginger-Mint Syrup ,a 2-inch piece fresh gingerroot $ 1 cup water $ 1/3 cup sugar $ 1/3 cup packed fresh mint leaves $ 1 firm-ripe mango (about 1 pound) $ Garnish: fresh mint sprigs $ ,Fruit $ Ginger $ Dessert $ Low Fat $ Vegetarian $ Quick & Easy $ Mango $ Mint $ Healthy $ Vegan $ Gourmet $ ,Indian $ ,3.5/4,18,Fruit $ Ginger $ Dessert $ Low Fat $ Vegetarian $ Quick & Easy $ Mango $ Mint $ Healthy $ Vegan $ Gourmet $ Indian $ 
https://www.epicurious.com/recipes/food/views/potato-samosa-tartlets-14517,Potato Samosa Tartlets ,"3/4 cup minced onion $ 1/4 cup minced canned green chilies (wear rubber gloves) $ 4 teaspoons minced peeled fresh gingerroot $ 1 3/4 teaspoons curry powder $ 1 teaspoon chili powder $ 1/2 teaspoon ground cumin $ 1/4 teaspoon ground cloves $ 1/4 teaspoon cinnamon $ 1/2 teaspoon salt $ 1/4 cup vegetable oil $ 2 large boiling potatoes (1 pound), peeled and minced (about 2 cups), reserved in a bowl of cold water $ 1 small tomato, peeled, seeded, and chopped fine (1/3 cup) $ 2 tablespoons chopped fresh coriander $ 2 tablespoons plain yogurt $ 2 recipespâte brisée $ 1/2 cup finely chopped bottled mango chutney, or to taste $ an egg wash made by beating 1 large egg with 2 teaspoons water $ ",Herb $ Potato $ Bake $ Vegetarian $ Summer $ Gourmet $ ,Indian $ ,3/4,5,Herb $ Potato $ Bake $ Vegetarian $ Summer $ Gourmet $ Indian $ 
https://www.epicurious.com/recipes/food/views/quince-date-chutney-108640,Quince-Date Chutney ,"1/2 cup apple cider vinegar $ 1/2 cup (packed) golden brown sugar $ 3 large quinces (about 21 ounces), peeled, quartered, cored, cut into 1/2-inch dice $ 2 large Granny Smith apples (about 24 ounces), peeled, quartered, cored, cut into 1/2-inch dice $ 1/2 cup water $ 2 tablespoons minced peeled fresh ginger $ 2 teaspoons ground coriander $ 1 teaspoon ground cardamom $ 1 teaspoon salt $ 1 cinnamon stick, broken in half $ 1 teaspoon minced serrano chile with seeds $ 1 cup coarsely chopped pitted Medjool dates (about 7 ounces) $ 2 tablespoons fresh lime juice $ ",Condiment/Spread $ Fruit $ Ginger $ Diwali $ Vinegar $ Date $ Apple $ Quince $ Spice $ Hot Pepper $ Fall $ Chill $ Simmer $ Bon Appétit $ ,American $ Indian $ ,4/4,1,Condiment/Spread $ Fruit $ Ginger $ Diwali $ Vinegar $ Date $ Apple $ Quince $ Spice $ Hot Pepper $ Fall $ Chill $ Simmer $ Bon Appétit $ American $ Indian $ 
https://www.epicurious.com/recipes/food/views/curried-scallop-cakes-105953,Curried Scallop Cakes ,"1 1/2 pounds fresh sea scallops, cut into 1/4-inch pieces $ 3/4 cup mayonnaise $ 3 large egg yolks $ 3 green onions, chopped $ 1/3 cup chopped fresh cilantro $ 1 1/2 tablespoons dry mustard $ 1 1/2 tablespoons curry powder $ 3/4 teaspoon salt $ 1/2 teaspoon ground black pepper $ 3 1/2 cups panko (Japanese breadcrumbs)* $ Vegetable oil $ ",Shellfish $ Appetizer $ Fry $ Cocktail Party $ New Year's Eve $ Scallop $ Pan-Fry $ Bon Appétit $ Sugar Conscious $ Kidney Friendly $ Pescatarian $ Dairy Free $ Peanut Free $ Tree Nut Free $ Soy Free $ ,Indian $ ,3.5/4,75,Shellfish $ Appetizer $ Fry $ Cocktail Party $ New Year's Eve $ Scallop $ Pan-Fry $ Bon Appétit $ Sugar Conscious $ Kidney Friendly $ Pescatarian $ Dairy Free $ Peanut Free $ Tree Nut Free $ Soy Free $ Indian $ 
https://www.epicurious.com/recipes/food/views/braised-lamb-with-spinach-11496,Braised Lamb with Spinach ,"8 garlic cloves $ a 1 1/2-inch cube of peeled fresh gingerroot $ 6 tablespoons vegetable oil $ 3 pounds boneless lamb shoulder, trimmed and cut into 1 1/2-inch pieces $ a 3-inch cinnamon stick $ 7 whole cloves $ 1 bay leaf $ 3 onions, chopped fine $ 1 tablespoon ground cumin $ 1 tablespoon ground coriander seeds $ 1/4 teaspoon cayenne $ 1 cup chopped drained canned tomatoes $ 1/2 cup plain yogurt $ 1 teaspoon salt $ 1 1/4 pounds fresh spinach, coarse stems discarded and the leaves washed well and drained $ 1 teaspoon fresh lemon juice, or to taste $ 1 tablespoon pine nuts, toasted lightly $ ",Garlic $ Lamb $ Onion $ Braise $ Spinach $ Fall $ Cinnamon $ Clove $ Gourmet $ ,Indian $ ,3/4,8,Garlic $ Lamb $ Onion $ Braise $ Spinach $ Fall $ Cinnamon $ Clove $ Gourmet $ Indian $ 
https://www.epicurious.com/recipes/food/views/tandoori-chicken-salad-105975,Tandoori Chicken Salad ,"1/4 cup Sherry wine vinegar $ 3 tablespoons Dijon mustard $ 1 1/2 tablespoons ground cumin $ 1 tablespoon curry powder $ 1/2 cup olive oil $ 1 cup plain yogurt $ 2 tablespoons garam masala* $ 2 teaspoons fresh lemon juice $ 4 large skinless boneless chicken breast halves (about 2 pounds) $ 4 cups (lightly packed) chopped romaine lettuce $ 4 cups (lightly packed) mixed baby greens $ 1/2 red onion, thinly sliced $ 4 fresh mint sprigs $ Mango Raita $ 4 lime wedges $ ",Salad $ Chicken $ Leafy Green $ Poultry $ Freeze/Chill $ Picnic $ Yogurt $ Backyard BBQ $ Lunch $ Mango $ Mint $ Spice $ Curry $ Summer $ Chill $ Grill/Barbecue $ Cinnamon $ Clove $ Engagement Party $ Party $ Coriander $ Bon Appétit $ Wheat/Gluten-Free $ Peanut Free $ Tree Nut Free $ Soy Free $ ,Indian $ ,3/4,10,Salad $ Chicken $ Leafy Green $ Poultry $ Freeze/Chill $ Picnic $ Yogurt $ Backyard BBQ $ Lunch $ Mango $ Mint $ Spice $ Curry $ Summer $ Chill $ Grill/Barbecue $ Cinnamon $ Clove $ Engagement Party $ Party $ Coriander $ Bon Appétit $ Wheat/Gluten-Free $ Peanut Free $ Tree Nut Free $ Soy Free $ Indian $ 
https://www.epicurious.com/recipes/food/views/cardamom-almond-custard-100678,Cardamom-Almond Custard ,"3 cups half and half $ 1/2 cup sugar $ 1 1/2 tablespoons honey $ 1 cup whole almonds (about 4 ounces), toasted, finely chopped $ 3/4 teaspoon ground cardamom $ 6 large egg yolks $ ",Milk/Cream $ Dairy $ Egg $ Nut $ Dessert $ Bake $ Almond $ Honey $ Bon Appétit $ Vegetarian $ Pescatarian $ Wheat/Gluten-Free $ Peanut Free $ Soy Free $ Kosher $ ,Indian $ ,3.5/4,14,Milk/Cream $ Dairy $ Egg $ Nut $ Dessert $ Bake $ Almond $ Honey $ Bon Appétit $ Vegetarian $ Pescatarian $ Wheat/Gluten-Free $ Peanut Free $ Soy Free $ Kosher $ Indian $ 
https://www.epicurious.com/recipes/food/views/lamb-with-white-poppy-seeds-108391,Lamb with White Poppy Seeds ,"1 1/2 to 2 cups hot water $ 1/2 cup posto (white poppy seeds; 2 oz) $ 3/4 stick (6 tablespoons) unsalted butter $ 6 whole green or white cardamom pods $ 1 (3-inch) cinnamon stick, broken into several pieces $ 4 Turkish bay leaves or 2 California $ 2 large onions, halved lengthwise, then thinly sliced lengthwise $ 1 (2-inch) piece fresh ginger, peeled and minced (2 1/2 tablespoons) $ 8 garlic cloves, minced (2 tablespoons) $ 2 lb boneless lamb shoulder, trimmed and cut into 1-inch cubes $ 2 teaspoons salt $ 1 to 2 tablespoons sugar $ 6 (3-inch) whole dried red chiles $ Accompaniment: steamed white rice $ ",Soup/Stew $ Ginger $ Lamb $ Braise $ Quick & Easy $ Summer $ Cinnamon $ Poppy $ Simmer $ Gourmet $ ,Indian $ ,3/4,1,Soup/Stew $ Ginger $ Lamb $ Braise $ Quick & Easy $ Summer $ Cinnamon $ Poppy $ Simmer $ Gourmet $ Indian $ 
https://www.epicurious.com/recipes/food/views/mango-and-red-pepper-chutney-109336,Mango and Red Pepper Chutney ,"3 firm-ripe mangoes (3 pounds total), peeled and cut into 1/2-inch cubes $ 1/3 cup distilled white vinegar $ 1/3 cup packed dark brown sugar $ 1/3 cup golden raisins $ 1 3/4 teaspoons salt $ 1 (1-inch) piece fresh ginger, peeled and chopped $ 1 tablespoon chopped fresh jalapeño including seeds (from 1 chile) $ 3 garlic cloves, chopped $ 3/4 teaspoon ground cumin $ 3/4 teaspoon ground coriander $ 1/2 teaspoon turmeric $ 2 tablespoons vegetable oil $ 1 medium onion, chopped $ 1 red bell pepper, cut into 1/4-inch dice $ 1 (3-inch) cinnamon stick $ ",Condiment/Spread $ Ginger $ Vinegar $ Raisin $ Mango $ Spice $ Bell Pepper $ Jalapeño $ Simmer $ Gourmet $ ,Indian $ ,4/4,19,Condiment/Spread $ Ginger $ Vinegar $ Raisin $ Mango $ Spice $ Bell Pepper $ Jalapeño $ Simmer $ Gourmet $ Indian $ 
https://www.epicurious.com/recipes/food/views/seared-halibut-with-spicy-tomato-chutney-105540,Seared Halibut with Spicy Tomato Chutney ,"3 tablespoons vegetable oil $ 1/2 teaspoon fenugreek seeds $ 1/2 teaspoon nigella seeds (black onion seeds) $ 1/2 teaspoon mustard seeds $ 3 garlic cloves, minced $ 1 3/4 pounds tomatoes, finely chopped $ 1 teaspoon ground coriander $ 1 teaspoon turmeric $ 1/2 teaspoon cayenne pepper $ 6-ounce halibut fillets $ Lemon slices $ ",Tomato $ Sauté $ Quick & Easy $ Halibut $ Fall $ Seed $ Bon Appétit $ ,Indian $ ,3/4,4,Tomato $ Sauté $ Quick & Easy $ Halibut $ Fall $ Seed $ Bon Appétit $ Indian $ 
https://www.epicurious.com/recipes/food/views/lentil-soup-with-mustard-oil-and-tomato-chive-topping-102843,Lentil Soup with Mustard Oil and Tomato-Chive Topping ,"3 tablespoons vegetable oil $ 2 large celery stalks, chopped $ 1 cup chopped onion $ 1 small carrot, chopped $ 2 garlic cloves, chopped $ 1 tablespoon chopped peeled fresh ginger $ 4 whole cloves $ 1 1/2 teaspoons cumin seeds $ 1 1/2 teaspoons whole coriander seeds $ 1 small dried chili (such as chili de árbol*), broken in half $ 7 large plum tomatoes, 4 coarsely chopped, 3 finely chopped $ 1/4 teaspoon ground turmeric $ 5 cups canned vegetable broth $ 1 1/2 cups red lentils** $ 1/3 cup chopped chives $ 2 tablespoons mustard seeds $ ",Soup/Stew $ Garlic $ Ginger $ Tomato $ Vegetable $ Sauté $ Vegetarian $ Spice $ Lentil $ Winter $ Bon Appétit $ ,Indian $ ,3/4,11,Soup/Stew $ Garlic $ Ginger $ Tomato $ Vegetable $ Sauté $ Vegetarian $ Spice $ Lentil $ Winter $ Bon Appétit $ Indian $ 
https://www.epicurious.com/recipes/food/views/sour-cream-cake-with-cardamom-and-pistachios-100679,Sour Cream Cake with Cardamom and Pistachios ,"2 cups all purpose flour $ 1 1/8 teaspoons ground cardamom $ 3/4 teaspoon baking soda $ 1/2 teaspoon salt $ 1/8 teaspoon ground cinnamon $ 1 cup plus 2 teaspoons sugar $ 6 tablespoons (3/4 stick) unsalted butter, room temperature $ 4 large eggs $ 1 teaspoon vanilla extract $ 1 cup sour cream $ 1/2 cup coarsely chopped roasted unsalted pistachios (about 3 ounces) $ ",Cake $ Dairy $ Egg $ Nut $ Dessert $ Bake $ Pistachio $ Sour Cream $ Bon Appétit $ Kidney Friendly $ Vegetarian $ Pescatarian $ Peanut Free $ Soy Free $ Kosher $ ,Indian $ South Asian $ ,2.5/4,12,Cake $ Dairy $ Egg $ Nut $ Dessert $ Bake $ Pistachio $ Sour Cream $ Bon Appétit $ Kidney Friendly $ Vegetarian $ Pescatarian $ Peanut Free $ Soy Free $ Kosher $ Indian $ South Asian $ 
https://www.epicurious.com/recipes/food/views/eggplant-with-sesame-seed-sauce-104053,Eggplant with Sesame Seed Sauce ,"4 tablespoons vegetable oil $ 2 white onions, finely chopped $ 2 teaspoons chili powder $ 2 teaspoons ground coriander $ 1/4 teaspoon turmeric $ 1/4 teaspoon ground cinnamon $ 1/4 teaspoon cayenne pepper $ 4 garlic cloves, chopped $ 4 whole cloves $ 4 cardamom pods $ 2 bay leaves $ 1/2 cup sesame seeds $ 1 tablespoon water $ 2 1/2 teaspoons minced peeled fresh ginger $ 8 small Japanese eggplants, halved lengthwise, cut side scored $ 2 cups canned vegetable broth $ Chopped fresh cilantro $ ",Ginger $ Vegetable $ Side $ Sauté $ Vegetarian $ Spice $ Eggplant $ Fall $ Vegan $ Bon Appétit $ Wisconsin $ Pescatarian $ Dairy Free $ Wheat/Gluten-Free $ Peanut Free $ Tree Nut Free $ Soy Free $ No Sugar Added $ Kosher $ ,Indian $ ,1.5/4,2,Ginger $ Vegetable $ Side $ Sauté $ Vegetarian $ Spice $ Eggplant $ Fall $ Vegan $ Bon Appétit $ Wisconsin $ Pescatarian $ Dairy Free $ Wheat/Gluten-Free $ Peanut Free $ Tree Nut Free $ Soy Free $ No Sugar Added $ Kosher $ Indian $ 
https://www.epicurious.com/recipes/food/views/calcutta-lobster-in-spinach-and-yogurt-sauce-101280,Calcutta Lobster in Spinach and Yogurt Sauce ,"1 1/2 pounds uncooked lobster tails, thawed if frozen $ 1 bunch spinach $ 1 medium onion $ 4 large garlic cloves $ 1 small fresh serrano chile $ a 1-inch piece fresh gingerroot $ 1/2 teaspoon brown or black mustard seeds $ 2 tablespoons vegetable oil (see note, beginning of recipe) $ 2 teaspoons ground coriander seeds $ 1 cup plain yogurt $ 1 teaspoon coarse salt, or to taste $ Accompaniment: cooked white or brown basmati rice $ ",Dairy $ Leafy Green $ Shellfish $ Quick & Easy $ Yogurt $ Spring $ Gourmet $ ,Indian $ ,3/4,18,Dairy $ Leafy Green $ Shellfish $ Quick & Easy $ Yogurt $ Spring $ Gourmet $ Indian $ 
https://www.epicurious.com/recipes/food/views/grilled-eggplant-with-yogurt-mint-sauce-106854,Grilled Eggplant with Yogurt-Mint Sauce ,"1 cup plain yogurt $ 3 tablespoons chopped fresh mint $ 2 tablespoons fresh lemon juice $ 1 teaspoon curry powder $ 1 teaspoon dried crushed red pepper $ 2 eggplants (each about 1 pound), cut crosswise into 1-inch-thick rounds $ 1/4 cup oriental sesame oil $ 2 tablespoons coriander seeds, cracked $ ",Dairy $ Vegetable $ Yogurt $ Summer $ Grill/Barbecue $ Bon Appétit $ ,American $ Indian $ ,3/4,20,Dairy $ Vegetable $ Yogurt $ Summer $ Grill/Barbecue $ Bon Appétit $ American $ Indian $ 
https://www.epicurious.com/recipes/food/views/fresh-peach-chutney-102309,Fresh Peach Chutney ,"1/2 cup cider vinegar $ 1/2 cup loosely packed brown sugar $ 1/2 cup white sugar $ 1 large sweet red pepper, seeded, diced 1/4 inch, about 1/2 cup $ 1 small white onion, peeled and diced, about 1/2 cup $ 1 small jalapeño pepper, seeded and diced, 2 tablespoons $ 1/3 cup white raisins $ 1 tablespoon finely chopped garlic $ 1 tablespoon grated ginger $ 1/2 teaspoon salt $ 1 1/2 pounds firm, fresh peaches, blanched to remove the skin, pit removed, sliced into wedges $ ",Condiment/Spread $ Garlic $ Ginger $ Vinegar $ Raisin $ Peach $ Fall $ Jalapeño $ Simmer $ ,Indian $ ,3.5/4,43,Condiment/Spread $ Garlic $ Ginger $ Vinegar $ Raisin $ Peach $ Fall $ Jalapeño $ Simmer $ Indian $ 
https://www.epicurious.com/recipes/food/views/grilled-indian-style-chicken-wings-with-carrot-cumin-yogurt-sauce-101931,Grilled Indian-Style Chicken Wings with Carrot-Cumin Yogurt Sauce ,2 cups plain yogurt $ 2 teaspoons cumin seeds $ 2 carrots $ 1/4 cup finely chopped fresh mint leaves $ 3 pounds chicken wings (12 to 14) $ 1 cup coarse salt $ 2 cups water $ 1 1/2 tablespoons garam masala (Indian spice mix) such as Frontier brand $ 1 tablespoon vegetable oil $ ,Chicken $ Appetizer $ Cocktail Party $ Super Bowl $ Yogurt $ Backyard BBQ $ Carrot $ Summer $ Poker/Game Night $ Grill $ Grill/Barbecue $ Gourmet $ Wheat/Gluten-Free $ Peanut Free $ Tree Nut Free $ Soy Free $ No Sugar Added $ ,Indian $ ,3/4,4,Chicken $ Appetizer $ Cocktail Party $ Super Bowl $ Yogurt $ Backyard BBQ $ Carrot $ Summer $ Poker/Game Night $ Grill $ Grill/Barbecue $ Gourmet $ Wheat/Gluten-Free $ Peanut Free $ Tree Nut Free $ Soy Free $ No Sugar Added $ Indian $ 
https://www.epicurious.com/recipes/food/views/carrot-salad-with-lime-and-cilantro-101512,Carrot Salad with Lime and Cilantro ,4 medium carrots $ 1 tablespoon fresh lime juice $ 1/8 teaspoon finely grated fresh lime zest $ 2 tablespoons finely chopped fresh cilantro leaves $ 1 teaspoon vegetable oil $ Garnish: fresh cilantro sprigs $ ,Salad $ Vegetable $ Side $ No-Cook $ Low Fat $ Vegetarian $ Quick & Easy $ Lime $ Healthy $ Raw $ Cilantro $ Gourmet $ Sugar Conscious $ Kidney Friendly $ Vegan $ Pescatarian $ Dairy Free $ Wheat/Gluten-Free $ Peanut Free $ Tree Nut Free $ Soy Free $ No Sugar Added $ Kosher $ ,Indian $ ,2.5/4,26,Salad $ Vegetable $ Side $ No-Cook $ Low Fat $ Vegetarian $ Quick & Easy $ Lime $ Healthy $ Raw $ Cilantro $ Gourmet $ Sugar Conscious $ Kidney Friendly $ Vegan $ Pescatarian $ Dairy Free $ Wheat/Gluten-Free $ Peanut Free $ Tree Nut Free $ Soy Free $ No Sugar Added $ Kosher $ Indian $ 
https://www.epicurious.com/recipes/food/views/lemon-rice-with-peanuts-102950,Lemon Rice with Peanuts ,2 cups basmati rice $ 3 cups water $ 1 tablespoon vegetable oil $ 2 teaspoons black mustard seeds $ 1 tablespoon minced peeled fresh ginger $ 1/3 cup finely chopped salted roasted peanuts $ 1/2 teaspoon turmeric $ 3 tablespoons fresh lemon juice $ 1 tablespoon julienne strips of fresh lemon zest $ ,Nut $ Rice $ Side $ Vegetarian $ Peanut $ Spice $ Legume $ Winter $ Gourmet $ Sugar Conscious $ Kidney Friendly $ Vegan $ Pescatarian $ Dairy Free $ Wheat/Gluten-Free $ Tree Nut Free $ Soy Free $ No Sugar Added $ Kosher $ ,Indian $ South Asian $ ,2.5/4,7,Nut $ Rice $ Side $ Vegetarian $ Peanut $ Spice $ Legume $ Winter $ Gourmet $ Sugar Conscious $ Kidney Friendly $ Vegan $ Pescatarian $ Dairy Free $ Wheat/Gluten-Free $ Tree Nut Free $ Soy Free $ No Sugar Added $ Kosher $ Indian $ South Asian $ 
https://www.epicurious.com/recipes/food/views/raita-refresher-106686,Raita Refresher ,"1 cup plain nonfat yogurt $ 1/4 cup diced (1/4 inch) hothouse (seedless) cucumber $ 1 tablespoon orange zest $ 1 tablespoon olive oil $ 1/2 teaspoon minced garlic $ 1 scallion, sliced thinly $ 1 teaspoon snipped chives $ Black pepper, to taste $ ",Condiment/Spread $ Sauce $ Dairy $ Vegetable $ No-Cook $ Vegetarian $ Yogurt $ Summer $ Parade $ ,Indian $ ,3/4,1,Condiment/Spread $ Sauce $ Dairy $ Vegetable $ No-Cook $ Vegetarian $ Yogurt $ Summer $ Parade $ Indian $ 
https://www.epicurious.com/recipes/food/views/indian-spiced-cauliflower-and-potatoes-109118,Indian Spiced Cauliflower and Potatoes ,"1 (1 3/4-lb) head cauliflower, cut into 3/4-inch-wide florets $ 1 1/4 lb Yukon Gold potatoes, peeled and cut into 1/2-inch cubes $ 5 tablespoons vegetable oil $ 1/2 teaspoon cumin seeds $ 3/4 teaspoon salt $ 1 medium onion, finely chopped $ 2 garlic cloves, finely chopped $ 2 teaspoons minced fresh jalapeño, including seeds $ 2 teaspoons minced peeled fresh ginger $ 1 teaspoon ground cumin $ 1/2 teaspoon ground coriander $ 1/4 teaspoon turmeric $ 1/4 teaspoon cayenne $ 1/2 cup water $ Accompaniment: lemon wedges $ ",Ginger $ Potato $ Vegetable $ Side $ Roast $ Quick & Easy $ Lemon $ Cauliflower $ Winter $ Jalapeño $ Coriander $ Gourmet $ Vegan $ Vegetarian $ Pescatarian $ Dairy Free $ Wheat/Gluten-Free $ Peanut Free $ Tree Nut Free $ Soy Free $ No Sugar Added $ Kosher $ ,Indian $ ,3.5/4,72,Ginger $ Potato $ Vegetable $ Side $ Roast $ Quick & Easy $ Lemon $ Cauliflower $ Winter $ Jalapeño $ Coriander $ Gourmet $ Vegan $ Vegetarian $ Pescatarian $ Dairy Free $ Wheat/Gluten-Free $ Peanut Free $ Tree Nut Free $ Soy Free $ No Sugar Added $ Kosher $ Indian $ 
https://www.epicurious.com/recipes/food/views/spiced-rice-basmati-107024,Spiced Rice Basmati ,"1 1/3 cups water $ 1/2 teaspoon salt $ 1 (4- by 1-inch) strip fresh lemon zest, removed with a vegetable peeler $ 1 (2-inch) piece cinnamon stick $ 1/8 teaspoon cardamom seeds (from 4 pods) $ 3/4 cup white basmati rice $ ",Rice $ Side $ Quick & Easy $ Lemon $ Spice $ Fall $ Cinnamon $ Gourmet $ ,Indian $ ,3.5/4,8,Rice $ Side $ Quick & Easy $ Lemon $ Spice $ Fall $ Cinnamon $ Gourmet $ Indian $ 
https://www.epicurious.com/recipes/food/views/curried-chicken-legs-with-okra-and-potatoes-101790,Curried Chicken Legs with Okra and Potatoes ,"4 whole chicken legs (about 2 pounds total) $ 2 large garlic cloves $ 1 tablespoon coriander seeds $ 2 teaspoons curry powder $ 1 1/2 teaspoons fennel seeds $ 1/2 teaspoon cayenne $ 1 tablespoon minced peeled fresh gingerroot $ 1 1/2 pounds small white boiling potatoes $ 1/2 pound okra $ 1 cup water $ 2 1/2 tablespoons packed brown sugar $ 2 tablespoons tomato paste $ 2 tablespoons vegetable oil $ two 3-inch cinnamon sticks $ 3 tablespoons fresh lemon juice $ Garnish: 2 tablespoons dry-roasted peanuts, ‚ mango, 1/4 cup fresh cilantro leaves $ ",Chicken $ Potato $ Sauté $ Okra $ Simmer $ Gourmet $ ,Indian $ ,3.5/4,23,Chicken $ Potato $ Sauté $ Okra $ Simmer $ Gourmet $ Indian $ 
https://www.epicurious.com/recipes/food/views/indian-spiced-potato-salad-109780,Indian-Spiced Potato Salad ,"3 1/2 pounds Yukon Gold potatoes $ 1 cup chopped shallots (about 3) $ 3/4 cup mayonnaise $ 1/4 cup chopped peeled fresh ginger $ 2 tablespoons fresh lemon juice $ 2 cups (packed) chopped cilantro leaves and tender stems, divided $ ",Potato $ Side $ Picnic $ Summer $ Bon Appétit $ Sugar Conscious $ Vegetarian $ Pescatarian $ Dairy Free $ Wheat/Gluten-Free $ Peanut Free $ Tree Nut Free $ Soy Free $ Kosher $ ,Indian $ ,3.5/4,10,Potato $ Side $ Picnic $ Summer $ Bon Appétit $ Sugar Conscious $ Vegetarian $ Pescatarian $ Dairy Free $ Wheat/Gluten-Free $ Peanut Free $ Tree Nut Free $ Soy Free $ Kosher $ Indian $ 
https://www.epicurious.com/recipes/food/views/great-curry-in-a-hurry-44,Great Curry in a Hurry ,3 tablespoons butter $ 4 boneless chicken breast halves with skin $ 4 teaspoons curry powder $ 3 tablespoons brandy $ 2 teaspoons flour $ 1/2 cup canned low-salt chicken broth $ 1/2 cup whipping cream $ 3 tablespoons Major Grey's mango chutney $ ,Chicken $ Poultry $ Sauté $ Curry $ Bon Appétit $ ,Indian $ ,3/4,27,Chicken $ Poultry $ Sauté $ Curry $ Bon Appétit $ Indian $ 
https://www.epicurious.com/recipes/food/views/chicken-vindaloo-3172,Chicken Vindaloo ,"1/3 cup white wine vinegar $ 6 large garlic cloves, peeled $ 3 tablespoons chopped fresh ginger $ 1 1/2 tablespoons curry powder $ 2 teaspoons ground cumin $ 3/4 teaspoon ground cardamom $ 1/4 teaspoon ground cloves $ 1/4 teaspoon (generous) dried crushed red pepper $ 2 tablespoons yellow mustard seeds $ 2 pounds skinless boneless chicken thighs (about 10), cut into 1-to 1  1/2-inch pieces $ 4 tablespoons olive oil $ 2 1/2 cups chopped onions $ 1 14 1/2- to 16-ounce can diced tomatoes in juice $ 1 cinnamon stick $ 1/2 cup chopped fresh cilantro $ ",Blender $ Chicken $ Ginger $ Mustard $ Onion $ Tomato $ Sauté $ Diwali $ Spice $ ,Indian $ ,3/4,75,Blender $ Chicken $ Ginger $ Mustard $ Onion $ Tomato $ Sauté $ Diwali $ Spice $ Indian $ 
https://www.epicurious.com/recipes/food/views/irish-brown-bread-109216,Irish Brown Bread ,"2 cups whole-wheat flour $ 2 cups all-purpose flour plus additional for kneading $ 1/2 cup toasted wheat germ $ 2 teaspoons salt $ 2 teaspoons sugar $ 1 teaspoon baking soda $ 1/2 teaspoon cream of tartar $ 1 stick (1/2 cup) cold unsalted butter, cut into 1/2-inch cubes $ 2 cups well-shaken buttermilk $ ",Bread $ Bake $ Vegetarian $ Quick & Easy $ St. Patrick's Day $ Spring $ Gourmet $ ,Irish $ ,3.5/4,50,Bread $ Bake $ Vegetarian $ Quick & Easy $ St. Patrick's Day $ Spring $ Gourmet $ Irish $ 
https://www.epicurious.com/recipes/food/views/slow-cooker-corned-beef-brisket-with-cabbage-potatoes-and-dill-hugh-acheson,"Slow Cooker Corned Beef Brisket with Cabbage, Potatoes & Dill ","2 cups apple juice $ 2 tablespoons real maple syrup $ 1 teaspoon Instacure #1 (optional) $ 1 teaspoon yellow mustard seeds $ 1/2 teaspoon Tellicherry black peppercorns $ 1 teaspoon caraway seeds $ 1/2 teaspoon allspice berries $ 4 bay leaves $ Kosher salt $ 1 quart ice cubes $ 4 pounds beef brisket (fatty or lean, up to you) $ 1 tablespoon olive oil $ 2 medium yellow onions, halved $ 2 tablespoons brown miso paste $ 4 garlic cloves $ 2 tablespoons unsalted butter $ 1 head Savoy cabbage, sliced into thin ribbons (about 3 cups) $ Dill Potatoes, to serve $ 2 tablespoons chopped fresh dill $ 1/4 cup Pickled Mustard Seeds, for garnish $ 6-quart (or larger) slow cooker $ ",St. Patrick's Day $ Beef $ Brisket $ Potato $ Slow Cooker $ Mustard $ Cabbage $ ,Irish $ ,0/4,0,St. Patrick's Day $ Beef $ Brisket $ Potato $ Slow Cooker $ Mustard $ Cabbage $ Irish $ 
https://www.epicurious.com/recipes/food/views/mustard-crusted-pork-loin-with-apple-cabbage-slaw,Mustard-Crusted Pork Loin With Apple–Cabbage Slaw ,"1 1½-pound pork tenderloin $ 1 teaspoon kosher salt $ 1 teaspoon freshly ground black pepper $ ½ cup grainy mustard, such as Grey Poupon $ 2 tablespoons olive oil $ 1 tablespoon unsalted butter $ 1 tablespoon white wine vinegar $ 1 tablespoon light brown sugar $ 4 cups shredded cabbage $ 1 apple, grated through medium to large holes on grater $ 2 tablespoons chopped parsley $ ",HarperCollins $ Pork $ Roast $ Apple $ Cabbage $ Mustard $ Dinner $ Wheat/Gluten-Free $ Peanut Free $ Tree Nut Free $ Soy Free $ ,Irish $ ,3/4,5,HarperCollins $ Pork $ Roast $ Apple $ Cabbage $ Mustard $ Dinner $ Wheat/Gluten-Free $ Peanut Free $ Tree Nut Free $ Soy Free $ Irish $ 
https://www.epicurious.com/recipes/food/views/irish-lamb-stew-with-pearl-barley,Irish Stew with Pearl Barley ,"4 (12-oz., 1 1/4-inch–thick) bone-in lamb leg chops (3 lb. total) $ Salt and freshly ground black pepper $ 9 ounces carrots (about 5 small carrots scrubbed and halved at an angle, or 3 large carrots, peeled and cut at an angle into 1 1/2-inch pieces) $ 9 ounces celery (about 4 stalks), trimmed and cut at an angle into 1 1/2-inch pieces $ 3 onions, peeled and each cut into 6 wedges $ 8 large cloves of garlic, peeled and left whole $ 1/4 cup pearl barley $ 2 1/2 cups lamb or chicken stock $ 8–12 potatoes $ 2 tablespoons chopped parsley leaves $ ",HarperCollins $ Lamb $ Stew $ Dinner $ Winter $ St. Patrick's Day $ Potato $ Barley $ Dairy Free $ Peanut Free $ Tree Nut Free $ Soy Free $ No Sugar Added $ ,Irish $ ,2.5/4,14,HarperCollins $ Lamb $ Stew $ Dinner $ Winter $ St. Patrick's Day $ Potato $ Barley $ Dairy Free $ Peanut Free $ Tree Nut Free $ Soy Free $ No Sugar Added $ Irish $ 
