link,name,ingredients,recipe_category,recipe_cuisine,rating,rating_count,keywords
https://www.epicurious.com/recipes/food/views/lamb-and-eggplant-casserole-moussaka-51121520,Lamb and Eggplant Casserole (Moussaka) ,"2 to 3 medium eggplants (about 3 pounds total), peeled and sliced into 1/2-inch rounds $ Kosher salt $ 1/2 cup olive oil, or as needed $ 2 tablespoons olive oil $ 1 large onion, peeled and diced $ 1 1/4 pounds ground lamb (or beef, turkey, pork, or a combination) $ 2 cloves garlic, peeled and minced $ 1 28-ounce can diced tomatoes $ 2 tablespoons tomato paste $ 1/4 teaspoon ground cloves $ 1 pinch ground allspice $ 1-inch cinnamon stick $ 1 bay leaf $ Kosher salt and freshly ground black pepper $ 1/4 cup dry red wine $ 5 tablespoons unsalted butter $ 5 tablespoons all-purpose flour $ 2 1/2 cups milk $ Pinch freshly grated nutmeg $ Kosher salt and freshly ground black pepper $ 2 large egg yolks $ 1/2 cup grated Parmesan cheese $ 1/3 cup plain breadcrumbs $ ",Tomato $ Bake $ Dinner $ Casserole/Gratin $ Ground Lamb $ Eggplant $ Fall $ Peanut Free $ Tree Nut Free $ Soy Free $ ,Greek $ Mediterranean $ ,3/4,3,Tomato $ Bake $ Dinner $ Casserole/Gratin $ Ground Lamb $ Eggplant $ Fall $ Peanut Free $ Tree Nut Free $ Soy Free $ Greek $ Mediterranean $ 
https://www.epicurious.com/recipes/food/views/yogurt-and-cucumber-salad-tzatziki-or-cacik-51121480,Yogurt and Cucumber Salad (Tzatziki or Cacik) ,"2 English cucumbers, peeled, seeded, and shredded $ Kosher salt $ 3 cups plain nonfat yogurt $ 2 tablespoons white wine vinegar $ 2 cloves garlic, peeled and finely chopped $ 2 tablespoons dried mint $ 12 to 14 leaves fresh mint, thinly sliced $ Freshly ground black pepper $ ",Condiment/Spread $ Salad $ Side $ No-Cook $ Yogurt $ Mint $ Cucumber $ Fat Free $ Vegetarian $ Pescatarian $ Wheat/Gluten-Free $ Peanut Free $ Tree Nut Free $ Soy Free $ No Sugar Added $ Kosher $ ,Greek $ Mediterranean $ Turkish $ ,2.5/4,2,Condiment/Spread $ Salad $ Side $ No-Cook $ Yogurt $ Mint $ Cucumber $ Fat Free $ Vegetarian $ Pescatarian $ Wheat/Gluten-Free $ Peanut Free $ Tree Nut Free $ Soy Free $ No Sugar Added $ Kosher $ Greek $ Mediterranean $ Turkish $ 
https://www.epicurious.com/recipes/food/views/chickpea-dip-hummus-51121250,Chickpea Dip (Hummus) ,"2 cups canned chickpeas, drained and rinsed $ 3 tablespoons tahini $ 2 garlic cloves, peeled and crushed $ 2 tablespoons lemon juice, or as needed $ 1/4 cup olive oil $ Kosher salt and freshly ground black pepper $ ",Condiment/Spread $ Food Processor $ Side $ No-Cook $ Chickpea $ Sugar Conscious $ Kidney Friendly $ Vegan $ Vegetarian $ Pescatarian $ Dairy Free $ Wheat/Gluten-Free $ Peanut Free $ Tree Nut Free $ Soy Free $ No Sugar Added $ Kosher $ ,Greek $ Mediterranean $ Turkish $ ,2/4,3,Condiment/Spread $ Food Processor $ Side $ No-Cook $ Chickpea $ Sugar Conscious $ Kidney Friendly $ Vegan $ Vegetarian $ Pescatarian $ Dairy Free $ Wheat/Gluten-Free $ Peanut Free $ Tree Nut Free $ Soy Free $ No Sugar Added $ Kosher $ Greek $ Mediterranean $ Turkish $ 
https://www.epicurious.com/recipes/food/views/greek-feta-burger-367290,Greek Feta Burger ,"6 ounces nonfat plain Greek yogurt $ 4 ounces hothouse cucumbers (unpeeled), coarsely grated (about 1/2 cup) $ 1/2 clove garlic, crushed to a paste $ 1 teaspoon fresh lemon juice $ 1 pound lean ground beef (93 percent or 95 percent lean) $ 4 ounces zucchini, finely diced (about 1 cup) $ 1/2 cup crumbled reduced-fat feta $ 1/3 cup finely diced red onion $ 1/2 teaspoon dried marjoram $ 1/2 teaspoon salt $ 1/4 teaspoon freshly ground black pepper $ Vegetable oil cooking spray $ 1 jar (7 ounces) roasted red peppers, drained $ 4 sourdough rolls, split $ Shredded romaine (optional) $ Sliced cucumber (optional) $ ",Sandwich $ Beef $ Backyard BBQ $ Dinner $ Lunch $ Feta $ Ground Beef $ Cucumber $ Bell Pepper $ Spring $ Summer $ Grill $ Grill/Barbecue $ Healthy $ Self $ ,Greek $ ,3.5/4,12,Sandwich $ Beef $ Backyard BBQ $ Dinner $ Lunch $ Feta $ Ground Beef $ Cucumber $ Bell Pepper $ Spring $ Summer $ Grill $ Grill/Barbecue $ Healthy $ Self $ Greek $ 
https://www.epicurious.com/recipes/food/views/greek-millet-saganaki-with-shrimp-and-ouzo-366650,Greek Millet Saganaki with Shrimp and Ouzo ,"1 1/4 cups water $ 3/4 cup millet $ 1 bay leaf $ Pinch of fine sea salt $ 1 tablespoon extra-virgin olive oil $ 1 cup finely chopped yellow onion (about 1 small) $ 1 clove garlic, peeled and slightly crushed $ 1 small hot green chile, minced (optional) $ 1/4 teaspoon fine sea salt $ 2 tablespoons tomato paste $ 1 (28-ounce) can whole tomatoes, crushed in a bowl $ 1/4 teaspoon freshly ground black pepper $ 1/2 cup green pimiento-stuffed olives, halved if large $ 4 ounces coarsely crumbled Greek feta cheese (about 1 cup), preferably sheep's milk $ 1 pound jumbo shell-on shrimp, deveined and patted dry $ Fine sea salt and freshly ground black pepper $ 2 tablespoons extra-virgin olive oil $ 1/3 cup ouzo, or other anise-flavored liqueur $ 1/4 cup chopped fresh flat-leaf parsley $ ",Olive $ Tomato $ Dinner $ Feta $ Shrimp $ Potluck $ Pescatarian $ Wheat/Gluten-Free $ Peanut Free $ Tree Nut Free $ Soy Free $ ,Greek $ ,3/4,4,Olive $ Tomato $ Dinner $ Feta $ Shrimp $ Potluck $ Pescatarian $ Wheat/Gluten-Free $ Peanut Free $ Tree Nut Free $ Soy Free $ Greek $ 
https://www.epicurious.com/recipes/food/views/ladolemono-365816,Ladolemono ,1/4 cup fresh lemon juice $ 1/4 cup extra-virgin olive oil $ Kosher salt and freshly ground black pepper $ ,Sauce $ Quick & Easy $ Healthy $ Lemon Juice $ Bon Appétit $ ,Greek $ Mediterranean $ ,0/4,4,Sauce $ Quick & Easy $ Healthy $ Lemon Juice $ Bon Appétit $ Greek $ Mediterranean $ 
https://www.epicurious.com/recipes/food/views/grilled-branzino-with-ladolemono-365793,Grilled Branzino with Ladolemono ,"2 whole bone-in branzino, cleaned $ 1 tablespoon extra-virgin olive oil $ Kosher salt and freshly ground black pepper $ 1/2 cup Ladolemono $ 1 tablespoon dried oregano, preferably Greek $ ",Fish $ Fourth of July $ Quick & Easy $ Graduation $ Father's Day $ Backyard BBQ $ Dinner $ Lunch $ Seafood $ Summer $ Grill/Barbecue $ Healthy $ Bon Appétit $ Sugar Conscious $ Pescatarian $ Paleo $ Dairy Free $ Wheat/Gluten-Free $ Peanut Free $ Tree Nut Free $ Soy Free $ No Sugar Added $ Kosher $ ,Greek $ Mediterranean $ ,3.5/4,6,Fish $ Fourth of July $ Quick & Easy $ Graduation $ Father's Day $ Backyard BBQ $ Dinner $ Lunch $ Seafood $ Summer $ Grill/Barbecue $ Healthy $ Bon Appétit $ Sugar Conscious $ Pescatarian $ Paleo $ Dairy Free $ Wheat/Gluten-Free $ Peanut Free $ Tree Nut Free $ Soy Free $ No Sugar Added $ Kosher $ Greek $ Mediterranean $ 
https://www.epicurious.com/recipes/food/views/zucchini-keftedes-with-feta-and-dill-364592,Zucchini Keftedes with Feta and Dill ,"1 1/3 pounds medium zucchini, trimmed $ 1 teaspoon coarse kosher salt $ 1/2 cup thinly sliced green onions $ 3 tablespoons chopped fresh dill $ 3 tablespoons chopped fresh mint $ 2 garlic cloves, minced $ 1 teaspoon finely grated lemon peel $ 1 cup panko (japanese breadcrumbs) $ 1 large egg, beaten to blend $ 1 cup coarsely crumbled feta cheese $ Canola oil (for frying) $ Plain whole-milk or reduced-fat Greek-style yogurt (for garnish) $ Additional chopped fresh dill (for garnish) $ Ingredient info: Panko is available in the Asian foods section of most supermarkets and at Asian markets. Greek-style yogurt is a thick yogurt that's sold at some supermarkets and at specialty foods stores. $ ",Appetizer $ Fry $ Easter $ Vegetarian $ Low Cal $ Feta $ Zucchini $ Spring $ Party $ Dill $ Bon Appétit $ Sugar Conscious $ Kidney Friendly $ Pescatarian $ Kosher $ ,Greek $ Mediterranean $ ,3.5/4,33,Appetizer $ Fry $ Easter $ Vegetarian $ Low Cal $ Feta $ Zucchini $ Spring $ Party $ Dill $ Bon Appétit $ Sugar Conscious $ Kidney Friendly $ Pescatarian $ Kosher $ Greek $ Mediterranean $ 
https://www.epicurious.com/recipes/food/views/gigante-beans-364594,Gigante Beans ,"1 pound dried gigante beans, dried lima beans, or dried Great Northern beans $ 1/4 cup olive oil $ 3 cups chopped onions (about 2 medium) $ 3 garlic cloves, minced $ 8 cups (or more) low-salt chicken broth $ 1 28-ounce can whole plum tomatoes in juice (preferably San Marzano), tomatoes chopped, juice reserved $ 1/4 cup red wine vinegar $ 1/4 cup ouzo (Greek anise-flavored liqueur) $ 1 tablespoon dried oregano (preferably Greek) $ 1 teaspoon dried crushed red pepper $ 1 cup chopped fresh dill $ Ingredient info: Dried gigante beans are large cream-colored beans from the mediterranean. They're available at some specialty foods stores and online at titanfood.com. Ouzo is available at some liquor stores. $ ",Bean $ Side $ Easter $ Picnic $ Low Fat $ Low Cal $ High Fiber $ Dinner $ Low Cholesterol $ Potluck $ Bon Appétit $ Pescatarian $ Wheat/Gluten-Free $ Peanut Free $ Tree Nut Free $ Soy Free $ Kosher $ ,Greek $ Mediterranean $ ,3.5/4,8,Bean $ Side $ Easter $ Picnic $ Low Fat $ Low Cal $ High Fiber $ Dinner $ Low Cholesterol $ Potluck $ Bon Appétit $ Pescatarian $ Wheat/Gluten-Free $ Peanut Free $ Tree Nut Free $ Soy Free $ Kosher $ Greek $ Mediterranean $ 
https://www.epicurious.com/recipes/food/views/lamb-chops-with-lemon-364595,Lamb Chops with Lemon ,"3 large shallots, minced $ 6 tablespoons chopped fresh mint $ 6 tablespoons chopped fresh oregano $ 6 large garlic cloves, minced $ 1 tablespoon sugar $ 24 lamb rib chops (from three 1 1/4-to 1 1/2-pound racks of lamb, cut between bones into individual chops) $ 6 tablespoons extra-virgin olive oil $ 3 tablespoons fresh lemon juice $ 1 tablespoon finely grated lemon peel $ Fresh oregano sprigs (for garnish) $ ",Lamb $ Easter $ Fourth of July $ Low Cal $ Backyard BBQ $ Dinner $ Lemon $ Lamb Chop $ Grill $ Grill/Barbecue $ Healthy $ Party $ Bon Appétit $ Sugar Conscious $ Kidney Friendly $ Dairy Free $ Wheat/Gluten-Free $ Peanut Free $ Tree Nut Free $ Soy Free $ Kosher $ ,Greek $ Mediterranean $ ,4/4,33,Lamb $ Easter $ Fourth of July $ Low Cal $ Backyard BBQ $ Dinner $ Lemon $ Lamb Chop $ Grill $ Grill/Barbecue $ Healthy $ Party $ Bon Appétit $ Sugar Conscious $ Kidney Friendly $ Dairy Free $ Wheat/Gluten-Free $ Peanut Free $ Tree Nut Free $ Soy Free $ Kosher $ Greek $ Mediterranean $ 
https://www.epicurious.com/recipes/food/views/lemon-roasted-potatoes-364596,Lemon-Roasted Potatoes ,"Nonstick vegetable oil spray $ 4 pounds unpeeled fingerling potatoes in assorted colors (such as red, white, and purple), rinsed, halved lengthwise $ 1/2 cup olive oil $ 1 cup extra-virgin olive oil $ 1/2 cup fresh lemon juice $ 6 tablespoons chopped fresh dill $ 4 teaspoons finely grated lemon peel $ 24 garlic cloves, sliced $ ",Potato $ Side $ Roast $ Easter $ Quick & Easy $ High Fiber $ Lemon $ Root Vegetable $ Family Reunion $ Low Cholesterol $ Potluck $ Bon Appétit $ Sugar Conscious $ Vegan $ Vegetarian $ Pescatarian $ Dairy Free $ Wheat/Gluten-Free $ Peanut Free $ Tree Nut Free $ Soy Free $ No Sugar Added $ Kosher $ ,Greek $ ,4/4,13,Potato $ Side $ Roast $ Easter $ Quick & Easy $ High Fiber $ Lemon $ Root Vegetable $ Family Reunion $ Low Cholesterol $ Potluck $ Bon Appétit $ Sugar Conscious $ Vegan $ Vegetarian $ Pescatarian $ Dairy Free $ Wheat/Gluten-Free $ Peanut Free $ Tree Nut Free $ Soy Free $ No Sugar Added $ Kosher $ Greek $ 
https://www.epicurious.com/recipes/food/views/grilled-octopus-with-gigante-beans-and-oregano-364593,Grilled Octopus with Gigante Beans and Oregano ,"3 pounds octopus (preferably large tentacles only), thawed if frozen $ 6 tablespoons extra-virgin olive oil, divided $ 2 750-ml bottles dry red wine $ 1 large onion, quartered $ 3 garlic cloves, peeled, crushed $ 1 cinnamon stick $ 1 Turkish bay leaf $ 2 tablespoons red wine vinegar $ 1 tablespoon chopped fresh oregano $ Gigante beans $ ",Bean $ Appetizer $ Easter $ High Fiber $ Backyard BBQ $ Dinner $ Spring $ Grill $ Grill/Barbecue $ Healthy $ Oregano $ Bon Appétit $ Sugar Conscious $ Pescatarian $ Paleo $ Dairy Free $ Wheat/Gluten-Free $ Peanut Free $ Tree Nut Free $ Soy Free $ ,Greek $ ,3/4,5,Bean $ Appetizer $ Easter $ High Fiber $ Backyard BBQ $ Dinner $ Spring $ Grill $ Grill/Barbecue $ Healthy $ Oregano $ Bon Appétit $ Sugar Conscious $ Pescatarian $ Paleo $ Dairy Free $ Wheat/Gluten-Free $ Peanut Free $ Tree Nut Free $ Soy Free $ Greek $ 
https://www.epicurious.com/recipes/food/views/walnut-and-pistachio-baklava-364612,Walnut and Pistachio Baklava ,"2 cups sugar $ 2/3 cup honey (preferably Greek) $ 2 cinnamon sticks $ 2 tablespoons fresh lemon juice $ 3 cups walnuts (10 to 11 ounces) $ 3 cups natural raw unsalted pistachios (13 to 14 ounces) $ 3/4 cup sugar $ 2 teaspoons finely grated lemon peel $ 1 1/2 teaspoons ground cinnamon $ 1/2 cup finely diced dried apple rings (1 1/2 ounces) $ 20 17 x 12-inch sheets fresh phyllo pastry or frozen, thawed $ 1 1/2 cups (3 sticks) unsalted butter, melted $ ",Dessert $ Easter $ High Fiber $ Pistachio $ Walnut $ Party $ Phyllo/Puff Pastry Dough $ Bon Appétit $ Kidney Friendly $ Vegetarian $ Pescatarian $ Peanut Free $ Soy Free $ Kosher $ ,Greek $ Mediterranean $ ,3.5/4,10,Dessert $ Easter $ High Fiber $ Pistachio $ Walnut $ Party $ Phyllo/Puff Pastry Dough $ Bon Appétit $ Kidney Friendly $ Vegetarian $ Pescatarian $ Peanut Free $ Soy Free $ Kosher $ Greek $ Mediterranean $ 
https://www.epicurious.com/recipes/food/views/grapes-leaves-with-bulgar-and-mint-364629,Grapes Leaves with Bulgar and Mint ,"1 1/2 cups whole grain quick-cooking bulgur (such as Bob's Red Mill) $ 2 1/4 cups chopped green onions (about 14 onions) $ 2 cups chopped plum tomatoes (about 14 ounces) $ 3/4 cup chopped fresh dill $ 3/4 cup chopped fresh mint $ 1/2 cup olive oil $ 1 tablespoon plus 1/4 cup fresh lemon juice $ 1 teaspoon ground cumin $ 55 (or more) brined grape leaves from two 7-to 8-ounce jars, drained, stems cut off if needed $ 1/4 cup extra-virgin olive oil $ Fresh dill sprigs (for garnish) $ Fresh mint sprigs (for garnish) $ Ingredient info: Bulgur is available at some supermarkets and at natural foods stores. Brined grape leaves are sold at some supermarkets, and at specialty foods stores and Greek markets. $ Test-kitchen tip: Weighing the grape leaves down prevents them from opening up while they simmer. $ ",Appetizer $ Easter $ Vegetarian $ Low Cal $ Dinner $ Mint $ Spring $ Healthy $ Low Cholesterol $ Vegan $ Party $ Potluck $ Bulgur $ Bon Appétit $ Sugar Conscious $ Kidney Friendly $ Pescatarian $ Peanut Free $ Tree Nut Free $ Soy Free $ No Sugar Added $ Kosher $ ,Greek $ ,4/4,6,Appetizer $ Easter $ Vegetarian $ Low Cal $ Dinner $ Mint $ Spring $ Healthy $ Low Cholesterol $ Vegan $ Party $ Potluck $ Bulgur $ Bon Appétit $ Sugar Conscious $ Kidney Friendly $ Pescatarian $ Peanut Free $ Tree Nut Free $ Soy Free $ No Sugar Added $ Kosher $ Greek $ 
https://www.epicurious.com/recipes/food/views/grilled-chicken-with-almond-and-garlic-sauce-363322,Grilled Chicken with Almond and Garlic Sauce ,"9 ounces dried large white beans, such as lima beans $ 1/2 cup ground almonds $ 2 garlic cloves $ 1 tablespoon white wine vinegar $ Scant 1/2 cup olive oil $ 1 tablespoon fresh lemon juice $ 1 teaspoon cold-pressed flaxseed oil $ 1/2 teaspoon salt $ 1/2 teaspoon ground white pepper $ 2 spring chickens (poussins), (about 2 pounds each) $ Juice of 1 lemon $ 3 tablespoons olive oil $ 1/2 teaspoon dried oregano $ 3 tablespoons dry white wine $ 2 garlic cloves, finely chopped $ 1 onion, finely chopped $ Salt and pepper $ 2 tablespoons chopped fresh herbs, such as parsley, thyme, or oregano $ Lemon wedges, to serve $ ",Food Processor $ Chicken $ Garlic $ Nut $ Poultry $ Vegetable $ Broil $ Marinate $ Roast $ Backyard BBQ $ Tree Nut $ Almond $ Chill $ Grill/Barbecue $ Advance Prep Required $ ,Greek $ Mediterranean $ ,0/4,0,Food Processor $ Chicken $ Garlic $ Nut $ Poultry $ Vegetable $ Broil $ Marinate $ Roast $ Backyard BBQ $ Tree Nut $ Almond $ Chill $ Grill/Barbecue $ Advance Prep Required $ Greek $ Mediterranean $ 
https://www.epicurious.com/recipes/food/views/kataifi-with-candied-pumpkin-and-yogurt-233020,Kataifi with Candied Pumpkin and Yogurt ,"1 1/2 cups plain yogurt (14 ounces; not nonfat) $ 1 cup plus 1 1/2 tablespoons mild honey $ 2 cups water $ 1/3 cup granulated sugar $ 3 (3- by 1/2-inch) strips fresh lemon zest $ 3 tablespoons fresh lemon juice $ 1/2 teaspoon cinnamon $ 1 3/4 pounds sugar pumpkin or butternut squash, peeled, halved lengthwise, seeded, and cut into 1/2-inch cubes (4 cups) $ 3/4 stick (6 tablespoons) unsalted butter, melted and cooled slightly $ 3 tablespoons confectioners sugar $ 1/4 pounds kataifi (shredded phyllo dough) from a 1-pound box, thawed $ 1/2 cup sliced almonds (2 ounces), coarsely chopped $ a nonstick muffin tin with 12 (1/2-cup) muffin cups $ ",Dessert $ Bake $ Vegetarian $ Pumpkin $ Fall $ Winter $ Gourmet $ Pescatarian $ Peanut Free $ Soy Free $ Kosher $ ,Greek $ ,4/4,4,Dessert $ Bake $ Vegetarian $ Pumpkin $ Fall $ Winter $ Gourmet $ Pescatarian $ Peanut Free $ Soy Free $ Kosher $ Greek $ 
https://www.epicurious.com/recipes/food/views/greek-inspired-fresh-oregano-and-giblet-361731,Greek-Inspired Fresh Oregano and Giblet ,"Pan juices reserved in turkey roasting pan from Salt-Roasted Turkey with Lemon and Oregano or from any other roast turkey $ 4 1/2 cups (or more) Ultimate Turkey Stock or low-salt chicken broth Neck, heart, and gizzard reserved from Ultimate Turkey Stock $ 1 cup finely chopped onion $ 1/2 cup all purpose flour $ 1/2 cup dry white wine $ 2 1/2 tablespoons chopped fresh oregano $ 2 tablespoons fresh lemon juice $ 8-cup measuring cup $ ",Sauce $ Onion $ Thanksgiving $ Quick & Easy $ Low Cal $ Oregano $ Bon Appétit $ ,Greek $ ,3/4,1,Sauce $ Onion $ Thanksgiving $ Quick & Easy $ Low Cal $ Oregano $ Bon Appétit $ Greek $ 
https://www.epicurious.com/recipes/food/views/vasilopita-361412,Vasilopita ,"3/4 cup blanched, slivered almonds $ 1/3 cup light brown sugar $ 1 tablespoon honey $ 3 cups all-purpose flour $ 2 teaspoons baking powder $ 1/2 teaspoon baking soda $ 1 teaspoon mahlab or 1 tablespoon anise seed $ 1 cup (2 sticks) unsalted butter, softened $ 2 cups granulated sugar $ 6 eggs $ 2 teaspoons lemon juice $ 1 teaspoon vanilla extract $ 1 cup milk $ A coin or hard candy $ ",Cake $ Nut $ Breakfast $ Bake $ Vegetarian $ New Year's Day $ Tree Nut $ Almond $ Winter $ Pescatarian $ Peanut Free $ Soy Free $ Kosher $ ,Greek $ Mediterranean $ ,3.5/4,10,Cake $ Nut $ Breakfast $ Bake $ Vegetarian $ New Year's Day $ Tree Nut $ Almond $ Winter $ Pescatarian $ Peanut Free $ Soy Free $ Kosher $ Greek $ Mediterranean $ 
https://www.epicurious.com/recipes/food/views/greek-marinated-fried-chicken-kotopoulo-tiganito-marinato-358293,Greek Marinated Fried Chicken - Kotopoulo Tiganito Marinato ,"1 frying chicken, weighing no more than 3 pounds, skinned and cut up for frying $ 1/4 cup extra virgin olive oil $ 1/2 cup freshly squeezed lemon juice $ 1/2 cup dry white wine $ 2 large garlic cloves, minced $ 1 small onion, thinly sliced $ 1 bay leaf, crumbled if dried, chopped if fresh $ 1 tablespoon chopped fresh oregano or 1 teaspoon dried 6 juniper berries, crushed $ 6 coriander seeds, crushed $ Black pepper $ Salt $ 1 cup all-purpose flour $ Olive or peanut oil (or a combination), for frying $ Parsley or fresh oregano sprigs and 1 1emon cut into wedges, for garnish $ ",Chicken $ Garlic $ Herb $ Onion $ Bake $ Kid-Friendly $ Dinner $ Lemon $ Family Reunion $ Deep-Fry $ Oregano $ Coriander $ Sugar Conscious $ Dairy Free $ Tree Nut Free $ Soy Free $ Kosher $ ,Greek $ ,3.5/4,3,Chicken $ Garlic $ Herb $ Onion $ Bake $ Kid-Friendly $ Dinner $ Lemon $ Family Reunion $ Deep-Fry $ Oregano $ Coriander $ Sugar Conscious $ Dairy Free $ Tree Nut Free $ Soy Free $ Kosher $ Greek $ 
https://www.epicurious.com/recipes/food/views/beef-stew-with-leeks-356409,Beef Stew with Leeks ,"3 tablespoons blended oil (90 percent canola, 10 percent extra-virgin olive) $ 2 pounds beef stew meat, cut into 1 1/2-inch chunks $ Kosher salt and cracked black pepper $ 1/2 large Spanish or sweet onion, finely chopped $ 1 carrot, finely chopped $ 1 stalk celery, finely chopped $ 1 large leek, cut into thick rounds, washed well in cold water, drained $ 2 tablespoons tomato paste $ 1/2 cup red wine $ 2 tablespoons red wine vinegar $ 3 to 5 cups water $ 1 fresh bay leaf or 2 dried leaves $ 1 large sprig rosemary $ 1 sprig thyme $ 1 sprig sage $ 2 cinnamon sticks $ Extra-virgin olive oil $ Grated orange zest $ 1 tablespoon roughly chopped parsley $ ",Beef $ Vegetable $ Braise $ Sauté $ Dinner $ Meat $ Leek $ Fall $ Winter $ Simmer $ Dairy Free $ Wheat/Gluten-Free $ Peanut Free $ Tree Nut Free $ Soy Free $ Kosher $ ,Greek $ Mediterranean $ European $ ,3.5/4,41,Beef $ Vegetable $ Braise $ Sauté $ Dinner $ Meat $ Leek $ Fall $ Winter $ Simmer $ Dairy Free $ Wheat/Gluten-Free $ Peanut Free $ Tree Nut Free $ Soy Free $ Kosher $ Greek $ Mediterranean $ European $ 
https://www.epicurious.com/recipes/food/views/chickpea-confit-356249,Chickpea Confit ,"Cloves from 1 head of garlic, separated and peeled $ 1 teaspoon cumin seeds $ 1 teaspoon mustard seeds $ 2 1/2 cups cooked chickpeas or 28-ounce can best-quality chickpeas (such as Goya), well rinsed and well drained $ Kosher salt and whole black peppercorns $ Blended oil (50 percent canola, 50 percent extra-virgin olive), as needed $ ",Side $ Vegetarian $ Cocktail $ Legume $ Chickpea $ Vegan $ Party $ Seed $ Simmer $ Sugar Conscious $ Pescatarian $ Dairy Free $ Wheat/Gluten-Free $ Peanut Free $ Tree Nut Free $ Soy Free $ No Sugar Added $ Kosher $ ,Greek $ Mediterranean $ ,4/4,4,Side $ Vegetarian $ Cocktail $ Legume $ Chickpea $ Vegan $ Party $ Seed $ Simmer $ Sugar Conscious $ Pescatarian $ Dairy Free $ Wheat/Gluten-Free $ Peanut Free $ Tree Nut Free $ Soy Free $ No Sugar Added $ Kosher $ Greek $ Mediterranean $ 
https://www.epicurious.com/recipes/food/views/chickpea-spread-356229,Chickpea Spread ,"1/2 Spanish or sweet onion, thickly sliced $ Extra-virgin olive oil $ Kosher salt and cracked black pepper $ 40 large, plump sun-dried tomatoes (about 2 cups) $ 6 cloves garlic, smashed $ 2 large shallots, thickly sliced $ 8 leaves basil $ 1 teaspoon ground cumin $ 1 cup extra-virgin olive oil $ 3 tablepoons fresh lemon juice $ 3 cups Chickpea Confit , drained $ ",Condiment/Spread $ Food Processor $ Garlic $ Tomato $ Vegetarian $ Quick & Easy $ Basil $ Chickpea $ Grill/Barbecue $ ,Greek $ Mediterranean $ ,4/4,5,Condiment/Spread $ Food Processor $ Garlic $ Tomato $ Vegetarian $ Quick & Easy $ Basil $ Chickpea $ Grill/Barbecue $ Greek $ Mediterranean $ 
https://www.epicurious.com/recipes/food/views/tzatsiki-356250,Tzatsiki ,"1 English cucumber, peeled $ 10 cloves garlic, smashed and finely chopped $ 1 cup distilled white vinegar $ 4 shallots, thickly sliced $ 1 cup small, picked sprigs dill $ 2 1/2 cups strained or Greek yogurt or labne spread $ 2 tablespoons extra-virgin olive oil $ 2 tablespoons fresh lemon juice $ Kosher salt and cracked black pepper $ ",Condiment/Spread $ Food Processor $ Side $ Vegetarian $ Quick & Easy $ Yogurt $ Vinegar $ Cucumber $ Healthy $ Potluck $ Shallot $ Dill $ Kidney Friendly $ Pescatarian $ Wheat/Gluten-Free $ Peanut Free $ Soy Free $ No Sugar Added $ Kosher $ ,Greek $ Mediterranean $ ,2/4,8,Condiment/Spread $ Food Processor $ Side $ Vegetarian $ Quick & Easy $ Yogurt $ Vinegar $ Cucumber $ Healthy $ Potluck $ Shallot $ Dill $ Kidney Friendly $ Pescatarian $ Wheat/Gluten-Free $ Peanut Free $ Soy Free $ No Sugar Added $ Kosher $ Greek $ Mediterranean $ 
https://www.epicurious.com/recipes/food/views/greek-potato-and-almond-dip-356110,Greek Potato and Almond Dip ,"3/4 pound russet (baking) potatoes, peeled and cut into 1-inch pieces $ 1/2 cup sliced almonds $ 1/2 cup coarse fresh white bread crumbs $ 3 garlic cloves $ 1/2 cup water $ 3 to 4 teaspoons fresh lemon juice, divided $ 2/3 cup extra-virgin olive oil, warmed $ Accompaniment: crackers $ ",Condiment/Spread $ Food Processor $ Garlic $ Potato $ Cocktail Party $ Vegetarian $ Quick & Easy $ Oscars $ Almond $ Party $ Simmer $ Breadcrumbs $ Gourmet $ ,Greek $ Mediterranean $ ,3/4,2,Condiment/Spread $ Food Processor $ Garlic $ Potato $ Cocktail Party $ Vegetarian $ Quick & Easy $ Oscars $ Almond $ Party $ Simmer $ Breadcrumbs $ Gourmet $ Greek $ Mediterranean $ 
https://www.epicurious.com/recipes/food/views/greek-style-penne-with-lamb-parsnips-tomatoes-and-cinnamon-355774,"Greek-Style Penne with Lamb, Parsnips, Tomatoes, and Cinnamon ","2 tablespoons olive oil $ 1 very large onion, halved through root end, cut lengthwise into 1/3-inch-thick slices (about 4 cups) $ 12 ounces medium parsnips (about 4), peeled, cut on slight diagonal into 1/4-inch-thick slices $ 4 garlic cloves, minced $ 8 ounces ground lamb $ 1 1/4 teaspoons ground cinnamon $ 2 14 1/2-ounce cans diced tomatoes in juice $ 12 ounces penne $ 1/2 cup chopped fresh parsley $ Crumbled feta cheese $ ",Lamb $ Pasta $ Tomato $ Sauté $ Low Fat $ Quick & Easy $ Low Cal $ High Fiber $ Dinner $ Parsnip $ Healthy $ Cinnamon $ Bon Appétit $ Peanut Free $ Tree Nut Free $ Soy Free $ No Sugar Added $ ,Greek $ ,3/4,31,Lamb $ Pasta $ Tomato $ Sauté $ Low Fat $ Quick & Easy $ Low Cal $ High Fiber $ Dinner $ Parsnip $ Healthy $ Cinnamon $ Bon Appétit $ Peanut Free $ Tree Nut Free $ Soy Free $ No Sugar Added $ Greek $ 
https://www.epicurious.com/recipes/food/views/mama-voulas-spanakopita-354989,Mama Voula's Spanakopita ,"3 tablespoons extra-virgin olive oil, preferably Greek, plus more for brushing $ 6 leeks, white and light green parts, chopped and well rinsed $ 4 garlic cloves, minced $ 2 1/2 pounds fresh baby spinach, rinsed and dried $ 1/2 teaspoon freshly ground black pepper $ 2 cups crumbled firm feta cheese, preferably Greek $ 1/2 cup finely chopped fresh dill $ 1/2 cup finely chopped fresh mint $ 3 large eggs, lightly beaten $ 2 frozen country-style filo sheets or puff pastry sheets (see Note), thawed but kept chilled $ ",Cheese $ Dairy $ Leafy Green $ Vegetable $ Appetizer $ Vegetarian $ Kid-Friendly $ Dinner $ Feta $ Leek $ Spinach $ Phyllo/Puff Pastry Dough $ Sugar Conscious $ Pescatarian $ Peanut Free $ Tree Nut Free $ Soy Free $ Kosher $ ,Greek $ Mediterranean $ ,3.5/4,21,Cheese $ Dairy $ Leafy Green $ Vegetable $ Appetizer $ Vegetarian $ Kid-Friendly $ Dinner $ Feta $ Leek $ Spinach $ Phyllo/Puff Pastry Dough $ Sugar Conscious $ Pescatarian $ Peanut Free $ Tree Nut Free $ Soy Free $ Kosher $ Greek $ Mediterranean $ 
https://www.epicurious.com/recipes/food/views/phoenician-honey-cookies-biscuits-354569,Phoenician Honey Cookies (Biscuits) ,"butter, for greasing $ 1 3/4 cups (200 g / 7 oz) all-purpose (plain) flour $ pinch of salt $ 2 tablespoons superfine (caster) sugar $ 1 1/2 tablespoons olive oil $ 1/2 tablespoon grated lemon zest $ 1/2 teaspoon vanilla extract $ 1 1/2 teaspoons ammonium bicarbonate or baking soda (bicarbonate of soda) $ equal quantities olive and corn oil, for deep-frying $ finely chopped walnuts, for sprinkling $ 1 1/4 cups (250 g / 9 oz) superfine (caster) sugar $ 1/2 cup (120 ml / 4 fl oz) honey $ ",Cookies $ Dessert $ Bake $ Vegetarian $ Kid-Friendly $ Condiment $ Honey $ Kidney Friendly $ Pescatarian $ Peanut Free $ Soy Free $ Kosher $ ,Greek $ Mediterranean $ ,1/4,2,Cookies $ Dessert $ Bake $ Vegetarian $ Kid-Friendly $ Condiment $ Honey $ Kidney Friendly $ Pescatarian $ Peanut Free $ Soy Free $ Kosher $ Greek $ Mediterranean $ 
https://www.epicurious.com/recipes/food/views/red-mullet-baked-in-grape-vine-leaves-354551,Red Mullet Baked in Grape (Vine) Leaves ,"4 red mullet or snapper, 2 1/4 lb (1 kg) total weight, scaled and cleaned $ salt and pepper $ 1/2 cup (120 ml / 4 fl oz) olive oil, plus extra for brushing $ 5 garlic cloves, finely chopped $ 1/2 cup (25 g / 1 oz) finely chopped fresh parsley $ 5 oz (150 g) grape (vine) leaves, blanched $ 4 tablespoons freshly squeezed lemon juice $ 1 lemon, thinly sliced $ ",Fish $ Bake $ Dinner $ Seafood $ Pescatarian $ Paleo $ Dairy Free $ Wheat/Gluten-Free $ Peanut Free $ Tree Nut Free $ Soy Free $ No Sugar Added $ ,Greek $ Mediterranean $ ,0/4,0,Fish $ Bake $ Dinner $ Seafood $ Pescatarian $ Paleo $ Dairy Free $ Wheat/Gluten-Free $ Peanut Free $ Tree Nut Free $ Soy Free $ No Sugar Added $ Greek $ Mediterranean $ 
https://www.epicurious.com/recipes/food/views/saffron-pilaf-354530,Saffron Pilaf ,"6 tablespoons (80 g / 3 oz) butter $ 2 1/4 cups (450 g / 1 lb) long-grain rice $ 5 cups (1.2 litres/ 2 pints) vegetable or meat stock $ salt and pepper $ 10 saffron threads, crushed $ finely chopped fresh parsley and grated kefalotiri or Parmesan cheese, to garnish $ ",Side $ Vegetarian $ Dinner $ Spice $ Saffron $ Sugar Conscious $ Pescatarian $ Wheat/Gluten-Free $ Peanut Free $ Tree Nut Free $ Soy Free $ No Sugar Added $ Kosher $ ,Greek $ Mediterranean $ ,2.5/4,2,Side $ Vegetarian $ Dinner $ Spice $ Saffron $ Sugar Conscious $ Pescatarian $ Wheat/Gluten-Free $ Peanut Free $ Tree Nut Free $ Soy Free $ No Sugar Added $ Kosher $ Greek $ Mediterranean $ 
https://www.epicurious.com/recipes/food/views/greek-style-salad-354514,Greek-Style Salad ,"3 tablespoons fresh lemon juice $ 1 teaspoon sugar $ 1/4 cup extra-virgin olive oil $ 1 pound beefsteak tomatoes, cut into 1-inch-thick wedges $ 1/2 medium red onion, thinly sliced crosswise $ 1 head radicchio (1/2 pound), halved lengthwise, then thinly sliced crosswise $ 1 head romaine, coarsely chopped (6 cups) $ 2 small cucumbers, peeled if desired, halved lengthwise, then thinly sliced crosswise $ 2/3 cup mixed Greek olives (1/4 pound) $ ",Salad $ Olive $ Onion $ Tomato $ Side $ Picnic $ Vegetarian $ Quick & Easy $ Dinner $ Lunch $ Cucumber $ Healthy $ Vegan $ Potluck $ Radicchio $ Gourmet $ Pescatarian $ Dairy Free $ Wheat/Gluten-Free $ Peanut Free $ Tree Nut Free $ Soy Free $ Kosher $ ,Greek $ ,3/4,10,Salad $ Olive $ Onion $ Tomato $ Side $ Picnic $ Vegetarian $ Quick & Easy $ Dinner $ Lunch $ Cucumber $ Healthy $ Vegan $ Potluck $ Radicchio $ Gourmet $ Pescatarian $ Dairy Free $ Wheat/Gluten-Free $ Peanut Free $ Tree Nut Free $ Soy Free $ Kosher $ Greek $ 
https://www.epicurious.com/recipes/food/views/grilled-cheese-and-tomato-stacks-354294,Grilled Cheese and Tomato Stacks ,"1 teaspoon extra-virgin olive oil $ 1 teaspoon finely chopped fresh mint $ 1/4 teaspoon ground cumin $ 1/2 pound Halloumi cheese,* cut into 1/4-inch-thick slices $ 16 white or whole wheat mini pitas $ 2 ripe medium tomatoes, cored, halved, cut into 1/4-inch-thick slices $ Sea salt $ ",Cheese $ Dairy $ Tomato $ Appetizer $ Marinate $ Fourth of July $ Picnic $ Vegetarian $ Kid-Friendly $ Father's Day $ Backyard BBQ $ Dinner $ Lunch $ Tailgating $ Family Reunion $ Poker/Game Night $ Grill $ Grill/Barbecue $ Party $ Bon Appétit $ Sugar Conscious $ Pescatarian $ Peanut Free $ Tree Nut Free $ Soy Free $ No Sugar Added $ Kosher $ ,Greek $ Mediterranean $ ,4/4,9,Cheese $ Dairy $ Tomato $ Appetizer $ Marinate $ Fourth of July $ Picnic $ Vegetarian $ Kid-Friendly $ Father's Day $ Backyard BBQ $ Dinner $ Lunch $ Tailgating $ Family Reunion $ Poker/Game Night $ Grill $ Grill/Barbecue $ Party $ Bon Appétit $ Sugar Conscious $ Pescatarian $ Peanut Free $ Tree Nut Free $ Soy Free $ No Sugar Added $ Kosher $ Greek $ Mediterranean $ 
https://www.epicurious.com/recipes/food/views/chilled-and-dilled-avgolemono-soup-354232,Chilled and Dilled Avgolemono Soup ,"4 cups chicken stock, or 3 cups reduced-sodium chicken broth plus 1 cup water $ 1/4 cup medium-or long-grain white rice $ 2 large eggs $ 3 tablespoons fresh lemon juice $ 1 scallion green, thinly sliced $ 2 tablespoons chopped dill $ ",Soup/Stew $ Blender $ Egg $ Rice $ Appetizer $ Lemon $ Chill $ Healthy $ Dill $ Candy Thermometer $ Gourmet $ Dairy Free $ Wheat/Gluten-Free $ Peanut Free $ Tree Nut Free $ Soy Free $ No Sugar Added $ Kosher $ ,Greek $ ,3/4,9,Soup/Stew $ Blender $ Egg $ Rice $ Appetizer $ Lemon $ Chill $ Healthy $ Dill $ Candy Thermometer $ Gourmet $ Dairy Free $ Wheat/Gluten-Free $ Peanut Free $ Tree Nut Free $ Soy Free $ No Sugar Added $ Kosher $ Greek $ 
https://www.epicurious.com/recipes/food/views/greek-style-mahi-mahi-353668,Greek-Style Mahi Mahi ,"3 medium tomatoes (about 3/4 pound total), each cut into 8 wedges $ 2 tablespoons plus 2 teaspoons extra-virgin olive oil, divided $ 1 tablespoon red-wine vinegar $ 4 (6-ounces) pieces mahimahi fillet (1 1/2 inches thick) with skin $ 1/2 cup mayonnaise $ 1/4 cup crumbled feta $ 3 tablespoons chopped mint $ 2 tablespoons chopped dill $ 1 teaspoon fresh lemon juice $ 8 very thin lemon slices $ ",Fish $ Broil $ Quick & Easy $ Dinner $ Mayonnaise $ Feta $ Lemon $ Gourmet $ Pescatarian $ Wheat/Gluten-Free $ Peanut Free $ Tree Nut Free $ Soy Free $ Kosher $ ,Greek $ ,3.5/4,67,Fish $ Broil $ Quick & Easy $ Dinner $ Mayonnaise $ Feta $ Lemon $ Gourmet $ Pescatarian $ Wheat/Gluten-Free $ Peanut Free $ Tree Nut Free $ Soy Free $ Kosher $ Greek $ 
https://www.epicurious.com/recipes/food/views/lamb-and-eggplant-moussaka-352510,Lamb and Eggplant Moussaka ,"3 lb eggplant (2 large or 3 medium) $ 2 large russet potatoes $ Salt as needed $ 1/3 cup olive oil, or as needed $ 2 cups diced onion $ 1 1/4 lb ground lamb (or substitute beef, turkey, pork, or combination) $ 2 cups chopped plum tomatoes $ 2 tsp minced garlic $ 2 cloves $ Small piece cinnamon stick (or 1/4 tsp ground cinnamon) $ 1 bay leaf $ Pinch ground allspice $ Freshly ground black pepper, as needed $ 1/2 cup water $ 2 tbsp tomato paste $ 1/4 cup dry red wine $ 1/4 cup plain bread crumbs $ 2 cups Cheese Sauce $ ",Bake $ Dinner $ Ground Lamb $ Eggplant $ Family Reunion $ Cinnamon $ Potluck $ Dairy Free $ Peanut Free $ Tree Nut Free $ Soy Free $ Kosher $ ,Greek $ Mediterranean $ ,3.5/4,38,Bake $ Dinner $ Ground Lamb $ Eggplant $ Family Reunion $ Cinnamon $ Potluck $ Dairy Free $ Peanut Free $ Tree Nut Free $ Soy Free $ Kosher $ Greek $ Mediterranean $ 
https://www.epicurious.com/recipes/food/views/avgolemono-352269,Avgolemono ,4 cups chicken broth $ 1/4 cup uncooked orzo (or rice or pastina) $ Salt and pepper to taste $ 3 eggs $ 3 tablespoons lemon juice $ ,Chicken $ Egg $ Kid-Friendly $ Quick & Easy $ Lunch $ Lemon $ Simmer $ Orzo $ Cookie $ Dairy Free $ Peanut Free $ Tree Nut Free $ Soy Free $ No Sugar Added $ Kosher $ ,Greek $ ,3.5/4,58,Chicken $ Egg $ Kid-Friendly $ Quick & Easy $ Lunch $ Lemon $ Simmer $ Orzo $ Cookie $ Dairy Free $ Peanut Free $ Tree Nut Free $ Soy Free $ No Sugar Added $ Kosher $ Greek $ 
https://www.epicurious.com/recipes/food/views/shrimp-in-a-skillet-with-creamy-tomato-ouzo-sauce-230527,Shrimp in a Skillet with Creamy Tomato-Ouzo Sauce ,"1 pound large shrimp, heads removed and shelled but with tails attached $ Juice of 1 lemon $ 3 tablespoons unsalted butter $ 1 medium yellow onion, finely chopped $ 1 garlic clove, minced $ 3 large tomatoes, peeled, seeded, and chopped $ 3 tablespoons ouzo $ 1/3 cup heavy cream $ Salt and freshly ground black pepper to taste $ ",Milk/Cream $ Tomato $ Sauté $ Shrimp $ ,Greek $ ,3.5/4,2,Milk/Cream $ Tomato $ Sauté $ Shrimp $ Greek $ 
https://www.epicurious.com/recipes/food/views/giant-beans-baked-with-roasted-red-peppers-and-pastourma-230526,Giant Beans Baked with Roasted Red Peppers and Pastourma ,"1/2 bag (1/4 pound) Greek giant beans or butter beans $ 1/2 cup water $ 3 tablespoons plus 1/2 cup extra virgin Greek olive oil $ 1 large red onion, finely chopped $ 1 large garlic clove, finely chopped $ 4 large roasted red bell peppers, preserved in olive oil $ Salt and freshly ground black pepper to taste $ 2 bay leaves $ 4 to 6 slices pastourma to taste $ 2 to 3 tablespoons balsamic vinegar to taste $ ",Bean $ Beef $ Pepper $ Bake $ ,Greek $ ,4/4,5,Bean $ Beef $ Pepper $ Bake $ Greek $ 
https://www.epicurious.com/recipes/food/views/chicken-gyros-with-cucumber-salsa-and-tsatsiki-351874,Chicken Gyros with Cucumber Salsa and Tsatsiki ,"2 Kirby cucumbers, divided $ 1 1/2 cups Greek yogurt (3/4 pounds) $ 1 teaspoon fresh lemon juice, divided $ 5 garlic cloves, minced, divided $ 1 pint grape tomatoes, quartered $ 1 small red onion, halved and thinly sliced $ 1/3 cup chopped flat-leaf parsley $ 1/4 cup chopped mint $ 1/4 cup extra-virgin olive oil $ 1 rounded teaspoon dried oregano $ 1 rounded teaspoon dried rosemary, crumbled $ 1 (12-ounces) package naan bread (four 8-inch pieces) or 4 (8-inch) pocketless pita rounds $ 1/2 roast chicken, skin discarded, meat shredded (about 2 1/4 cups), and carcass reserved for stock $ 1/2 head iceberg lettuce, thinly sliced $ ",Sandwich $ Chicken $ Tomato $ Quick & Easy $ Lunch $ Lemon $ Cucumber $ Simmer $ Gourmet $ Peanut Free $ Soy Free $ No Sugar Added $ ,Greek $ Mediterranean $ ,4/4,96,Sandwich $ Chicken $ Tomato $ Quick & Easy $ Lunch $ Lemon $ Cucumber $ Simmer $ Gourmet $ Peanut Free $ Soy Free $ No Sugar Added $ Greek $ Mediterranean $ 
https://www.epicurious.com/recipes/food/views/lamb-and-eggplant-shepherds-pie-351509,Lamb and Eggplant Shepherd's Pie ,"1 1 1/2-pound eggplant, unpeeled, cut into 3/4-to 1-inch cubes $ Coarse kosher salt $ 7 tablespoons (or more) extra-virgin olive oil, divided $ 2 pounds well-trimmed boneless lamb shoulder, cut into 1-inch cubes $ All purpose flour $ 3 cups chopped onions $ 1 cup dry white wine $ 1 28-ounce can diced tomatoes in juice $ 3 cups beef broth (preferably organic) $ 8 garlic cloves, chopped $ 1 tablespoon dried oregano $ 2 1/2 pounds russet potatoes, peeled, cut into 1-inch cubes $ 2 tablespoons (1/4 stick) butter $ 2 tablespoons extra-virgin olive oil $ 2 garlic cloves, minced $ 3/4 cup whole milk $ 1 1/4 cups (packed) coarsely grated kasseri cheese* (5 to 6 ounces) $ ",Cheese $ Lamb $ Onion $ Potato $ Bake $ High Fiber $ Dinner $ Eggplant $ Winter $ Simmer $ Boil $ Bon Appétit $ Peanut Free $ Tree Nut Free $ Soy Free $ ,Greek $ ,3.5/4,64,Cheese $ Lamb $ Onion $ Potato $ Bake $ High Fiber $ Dinner $ Eggplant $ Winter $ Simmer $ Boil $ Bon Appétit $ Peanut Free $ Tree Nut Free $ Soy Free $ Greek $ 
https://www.epicurious.com/recipes/food/views/pasta-and-lamb-casserole-em-pastitsio-em-350934,Pasta and Lamb Casserole (Pastitsio) ,"2 medium onions, finely chopped $ 2 tablespoons olive oil $ 2 large garlic cloves, finely chopped $ 2 pounds ground lamb $ 1 (28-ounces) can whole tomatoes in juice $ 1 (15-ounces) can whole tomatoes in juice $ 4 thyme sprigs $ 1 1/4 teaspoons ground cinnamon $ 1 1/4 teaspoons ground allspice $ 1/2 teaspoon grated nutmeg $ 1/4 teaspoon ground cloves $ 7 tablespoons unsalted butter $ 6 tablespoons all-purpose flour $ 7 cups whole milk $ 3/4 teaspoon grated nutmeg $ 1 cup grated Parmigiano-Reggiano or kefalotyri cheese (2 ounces) $ 5 large egg yolks $ 2 pounds ziti $ 1 3/4 cups coarse fresh bread crumbs (from 4 slices firm white sandwich bread) $ 1/4 cup grated Parmigiano-Reggiano or kefalotyri cheese $ ",Tomato $ Bake $ Sauté $ Dinner $ Casserole/Gratin $ Parmesan $ Ground Lamb $ Potluck $ Noodle $ Gourmet $ Peanut Free $ Tree Nut Free $ Soy Free $ ,Greek $ ,3.5/4,33,Tomato $ Bake $ Sauté $ Dinner $ Casserole/Gratin $ Parmesan $ Ground Lamb $ Potluck $ Noodle $ Gourmet $ Peanut Free $ Tree Nut Free $ Soy Free $ Greek $ 
https://www.epicurious.com/recipes/food/views/grilled-chicken-with-edamame-skordalia-242966,Grilled Chicken with Edamame Skordalia ,"1 16-ounce bag frozen shelled edamame (soybeans) $ 1/2 cup coarsely chopped fresh basil $ 1/3 cup extra-virgin olive oil plus additional for brushing $ 3 garlic cloves, peeled $ 6 tablespoons freshly grated Parmesan cheese $ 2 tablespoons fresh lemon juice $ 4 large skinless boneless chicken breast halves $ ",Food Processor $ Chicken $ Garlic $ Fourth of July $ High Fiber $ Father's Day $ Dinner $ Fall $ Summer $ Family Reunion $ Grill $ Grill/Barbecue $ Healthy $ Party $ Bon Appétit $ Sugar Conscious $ Wheat/Gluten-Free $ Peanut Free $ Tree Nut Free $ No Sugar Added $ ,Greek $ ,3.5/4,27,Food Processor $ Chicken $ Garlic $ Fourth of July $ High Fiber $ Father's Day $ Dinner $ Fall $ Summer $ Family Reunion $ Grill $ Grill/Barbecue $ Healthy $ Party $ Bon Appétit $ Sugar Conscious $ Wheat/Gluten-Free $ Peanut Free $ Tree Nut Free $ No Sugar Added $ Greek $ 
https://www.epicurious.com/recipes/food/views/greek-spiced-baked-shrimp-350590,Greek-Spiced Baked Shrimp ,"1 medium onion, chopped $ 2 garlic cloves, finely chopped $ 3 tablespoon extra-virgin olive oil $ 1/2 teaspoon hot red-pepper flakes $ 1/2 teaspoon ground cinnamon $ 1/4 teaspoon ground allspice $ 1 (28-ounce) can whole tomatoes in juice, drained, reserving juice, and chopped $ Pinch of sugar $ 1 1/4 pound large peeled and deveined shrimp $ 1/4 pound feta, crumbled (2/3 cup) $ 2 tablespoons chopped dill $ Accompaniments: crusty bread or steamed white rice; a green salad $ a green salad $ ",Tomato $ Bake $ Low Cal $ High Fiber $ Dinner $ Feta $ Shrimp $ Healthy $ Gourmet $ Pescatarian $ Wheat/Gluten-Free $ Peanut Free $ Tree Nut Free $ Soy Free $ ,Greek $ ,3.5/4,162,Tomato $ Bake $ Low Cal $ High Fiber $ Dinner $ Feta $ Shrimp $ Healthy $ Gourmet $ Pescatarian $ Wheat/Gluten-Free $ Peanut Free $ Tree Nut Free $ Soy Free $ Greek $ 
https://www.epicurious.com/recipes/food/views/roasted-plums-with-greek-yogurt-243588,Roasted Plums with Greek Yogurt ,"Parchment paper $ 6 dark plums, halved and pitted $ 1 tablespoon unsalted butter, melted $ 1 tablespoon sugar $ 1/2 cup 2 percent Greek yogurt $ 2 tablespoons hazelnuts, toastedin the oven at 375°F for 7 minutes, chopped $ 2 teaspoons honey $ ",Brunch $ Dessert $ Bake $ Quick & Easy $ Yogurt $ Plum $ Summer $ Healthy $ Honey $ Hazelnut $ Self $ Kidney Friendly $ Vegetarian $ Pescatarian $ Wheat/Gluten-Free $ Peanut Free $ Soy Free $ Kosher $ ,Greek $ ,3.5/4,13,Brunch $ Dessert $ Bake $ Quick & Easy $ Yogurt $ Plum $ Summer $ Healthy $ Honey $ Hazelnut $ Self $ Kidney Friendly $ Vegetarian $ Pescatarian $ Wheat/Gluten-Free $ Peanut Free $ Soy Free $ Kosher $ Greek $ 
https://www.epicurious.com/recipes/food/views/goat-cheese-with-olives-lemon-and-thyme-242844,"Goat Cheese with Olives, Lemon, and Thyme ",1/2 cup assorted olives $ 3 fresh thyme sprigs $ 3 tablespoons extra-virgin olive oil $ 1/2 teaspoon grated lemon zest $ 1 (4- to 5-ounce) fresh goat-cheese medallion or 2 (2-ounces) goat-cheese buttons $ Crisp Rosemary Flatbread $ ,Olive $ Cocktail Party $ Quick & Easy $ Goat Cheese $ Lemon $ Thyme $ Gourmet $ ,Greek $ ,4/4,38,Olive $ Cocktail Party $ Quick & Easy $ Goat Cheese $ Lemon $ Thyme $ Gourmet $ Greek $ 
https://www.epicurious.com/recipes/food/views/marinated-eggplant-with-capers-and-mint-242842,Marinated Eggplant with Capers and Mint ,"1 pound thin Italian or Asian eggplants (2 to 3), cut into 1/4-inch-thick rounds $ 5 tablespoons extra-virgin olive oil, divided $ 2 tablespoons red-wine vinegar $ 1/4 cup chopped mint $ 2 tablespoons small capers, rinsed $ Crisp Rosemary Flatbread $ ",Side $ Broil $ Marinate $ Quick & Easy $ Vinegar $ Mint $ Eggplant $ Healthy $ Vegan $ Capers $ Gourmet $ Vegetarian $ Pescatarian $ Paleo $ Dairy Free $ Wheat/Gluten-Free $ Peanut Free $ Tree Nut Free $ Soy Free $ No Sugar Added $ Kosher $ ,Greek $ ,4/4,26,Side $ Broil $ Marinate $ Quick & Easy $ Vinegar $ Mint $ Eggplant $ Healthy $ Vegan $ Capers $ Gourmet $ Vegetarian $ Pescatarian $ Paleo $ Dairy Free $ Wheat/Gluten-Free $ Peanut Free $ Tree Nut Free $ Soy Free $ No Sugar Added $ Kosher $ Greek $ 
https://www.epicurious.com/recipes/food/views/greek-salad-with-orzo-and-black-eyed-peas-243207,Greek Salad with Orzo and Black-Eyed Peas ,"3/4 cup orzo $ 1 (15-ounce) can black-eyed peas, drained and rinsed $ 1 large tomato, diced (1 cup) $ 2 tablespoons chopped flat-leaf parsley $ 2 tablespoons red-wine vinegar $ 2 tablespoons extra-virgin olive oil, divided $ 1/2 seedless cucumber, halved lengthwise, cored, and diced (1 cup) $ 1/2 cup pitted Kalamata olives, slivered $ 1/3 cup thinly sliced red onion $ 1 teaspoon grated lemon zest $ 2 tablespoons fresh lemon juice $ 1 tablespoon finely chopped oregano $ 2 to 3 cups coarsely chopped romaine $ 1/2 pound feta, crumbled (1 cup) $ 4 to 8 peperoncini $ Equipment: 4 (16-ounce) wide jars or containers with lids $ Accompaniment: pita chips $ ",Salad $ Olive $ Picnic $ Vegetarian $ Quick & Easy $ Low Cal $ High Fiber $ Lunch $ Feta $ Legume $ Healthy $ Gourmet $ Pescatarian $ Peanut Free $ Tree Nut Free $ Soy Free $ Kosher $ ,Greek $ Mediterranean $ ,4/4,53,Salad $ Olive $ Picnic $ Vegetarian $ Quick & Easy $ Low Cal $ High Fiber $ Lunch $ Feta $ Legume $ Healthy $ Gourmet $ Pescatarian $ Peanut Free $ Tree Nut Free $ Soy Free $ Kosher $ Greek $ Mediterranean $ 
https://www.epicurious.com/recipes/food/views/orzo-with-feta-tomatoes-and-dill-242827,"Orzo with Feta, Tomatoes, and Dill ","3 tablespoons extra-virgin olive oil $ 2 cups cherry tomatoes, halved $ 1/2 cup chopped dill $ 1 teaspoon grated lemon zest $ 1 cup orzo $ 1 1/2 cups crumbled feta (6 ounces) $ ",Cheese $ Pasta $ Tomato $ Side $ Picnic $ Vegetarian $ Quick & Easy $ Backyard BBQ $ Dinner $ Lunch $ Feta $ Summer $ Family Reunion $ Healthy $ Potluck $ Noodle $ Dill $ Gourmet $ Pescatarian $ Peanut Free $ Tree Nut Free $ Soy Free $ No Sugar Added $ Kosher $ ,Greek $ Mediterranean $ ,3.5/4,69,Cheese $ Pasta $ Tomato $ Side $ Picnic $ Vegetarian $ Quick & Easy $ Backyard BBQ $ Dinner $ Lunch $ Feta $ Summer $ Family Reunion $ Healthy $ Potluck $ Noodle $ Dill $ Gourmet $ Pescatarian $ Peanut Free $ Tree Nut Free $ Soy Free $ No Sugar Added $ Kosher $ Greek $ Mediterranean $ 
https://www.epicurious.com/recipes/food/views/arugula-salad-with-grilled-pears-pistachios-and-ricotta-salata-242368,"Arugula Salad with Grilled Pears, Pistachios and Ricotta Salata ","1 cup shelled pistachios $ 4 large pears, peeled, cored, and halved $ 2 tablespoons extra virgin olive oil $ 4 (1/3-inch-thick) round slices ricotta salata or Greek manouri cheese $ 8 cups trimmed, torn arugula leaves $ 1/4 cup extra virgin olive oil $ 4 tablespoons honey $ 4 tablespoons balsamic vinegar $ 2 tablespoons fresh orange juice $ 1 teaspoon chopped fresh thyme $ 1/2 teaspoon crushed pink peppercorns $ Salt and freshly ground black pepper to taste $ ",Salad $ Cheese $ Appetizer $ Fourth of July $ Vegetarian $ Father's Day $ Backyard BBQ $ Lunch $ Salad Dressing $ Pear $ Pistachio $ Arugula $ Summer $ Grill/Barbecue $ Pescatarian $ Wheat/Gluten-Free $ Peanut Free $ Soy Free $ Kosher $ ,Greek $ Mediterranean $ ,3.5/4,9,Salad $ Cheese $ Appetizer $ Fourth of July $ Vegetarian $ Father's Day $ Backyard BBQ $ Lunch $ Salad Dressing $ Pear $ Pistachio $ Arugula $ Summer $ Grill/Barbecue $ Pescatarian $ Wheat/Gluten-Free $ Peanut Free $ Soy Free $ Kosher $ Greek $ Mediterranean $ 
https://www.epicurious.com/recipes/food/views/tsatsiki-242347,Tsatsiki ,"1/2 medium cucumber, peeled, seeded, and diced $ 1 garlic clove $ 2 tablespoons olive oil $ 1 cup plain yogurt (preferably goat's or sheep's milk) $ pita wedges or chips $ ",Condiment/Spread $ Side $ No-Cook $ Cocktail Party $ Super Bowl $ Vegetarian $ Quick & Easy $ Yogurt $ Cucumber $ Birthday $ Family Reunion $ Poker/Game Night $ Engagement Party $ Party $ Potluck $ Gourmet $ Sugar Conscious $ Kidney Friendly $ Pescatarian $ Peanut Free $ Tree Nut Free $ Soy Free $ No Sugar Added $ Kosher $ ,Greek $ ,4/4,17,Condiment/Spread $ Side $ No-Cook $ Cocktail Party $ Super Bowl $ Vegetarian $ Quick & Easy $ Yogurt $ Cucumber $ Birthday $ Family Reunion $ Poker/Game Night $ Engagement Party $ Party $ Potluck $ Gourmet $ Sugar Conscious $ Kidney Friendly $ Pescatarian $ Peanut Free $ Tree Nut Free $ Soy Free $ No Sugar Added $ Kosher $ Greek $ 
https://www.epicurious.com/recipes/food/views/eggplant-and-walnut-phyllo-pie-242307,Eggplant and Walnut Phyllo Pie ,"3 (1-pound) eggplants, peeled and cut into 1/2-inch-thick rounds $ About 1 1/2 cups olive oil, divided $ 3 medium leeks (white and pale green parts only) $ 2 cups coarsely grated _gravié_ra or sharp white Cheddar (5 oz) $ 3/4 cup coarsely grated Kefalotyri or Pecorino Romano (2 1/2 oz) $ 1 1/2 cups walnuts (5 1/2 ounces), chopped $ 1 1/2 teaspoons ground cumin $ 20 (12- by 7-inch) phyllo sheets, thawed if frozen $ ",Bake $ Dinner $ Walnut $ Eggplant $ Phyllo/Puff Pastry Dough $ Gourmet $ Greece $ Vegetarian $ Pescatarian $ Peanut Free $ Soy Free $ Kosher $ ,Greek $ ,2.5/4,25,Bake $ Dinner $ Walnut $ Eggplant $ Phyllo/Puff Pastry Dough $ Gourmet $ Greece $ Vegetarian $ Pescatarian $ Peanut Free $ Soy Free $ Kosher $ Greek $ 
https://www.epicurious.com/recipes/food/views/greek-lamb-burgers-with-spinach-and-red-onion-salad-241609,Greek Lamb Burgers with Spinach and Red Onion Salad ,"1/3 cup chopped fresh mint $ 2 teaspoons paprika $ 3/4 teaspoon ground cinnamon $ 1/2 teaspoon salt $ 3 tablespoons olive oil, divided $ 1 1/3 pounds ground lamb $ 4 hamburger buns or small ciabatta rolls $ 1 1/2 cups baby spinach leaves $ 1 1/3 cups crumbled feta cheese $ 4 1/4-inch-thick red onion slices $ 1 1/2 teaspoons balsamic vinegar $ ",Sandwich $ Onion $ Quick & Easy $ Dinner $ Lunch $ Feta $ Mint $ Ground Lamb $ Spinach $ Pan-Fry $ Cinnamon $ Bon Appétit $ Peanut Free $ Tree Nut Free $ Soy Free $ ,Greek $ ,3.5/4,50,Sandwich $ Onion $ Quick & Easy $ Dinner $ Lunch $ Feta $ Mint $ Ground Lamb $ Spinach $ Pan-Fry $ Cinnamon $ Bon Appétit $ Peanut Free $ Tree Nut Free $ Soy Free $ Greek $ 
https://www.epicurious.com/recipes/food/views/greek-burger-with-arugula-tomatoes-and-feta-241487,"Greek Burger with Arugula, Tomatoes, and Feta ","4 whole-wheat pitas (6 1/2 inches each) $ 1/4 cup skim milk $ 1 small onion, finely chopped $ 2 cloves garlic $ 2 tablespoon chopped fresh mint $ 4 teaspoon chopped fresh oregano or 1 teaspoon dried $ 1 tablespoon fresh lemon juice $ 3/4 pound lean ground lamb $ 2 teaspoon olive oil $ 3 cups arugula $ 1 medium tomato, cut into 1/4-inch-thick slices $ 1 red onion, cut into 1/4-inch-thick slices $ 1/3 cup crumbled feta $ 2/3 cup nonfat plain yogurt $ 1 tablespoon chopped fresh mint $ 2 teaspoon chopped garlic $ 2 teaspoon Dijon mustard $ 1 teaspoon honey $ 1/2 cup peeled, seeded and finely diced cucumber $ ",Sandwich $ Blender $ Food Processor $ Tomato $ Low Fat $ Yogurt $ Low Cal $ High Fiber $ Dinner $ Lunch $ Feta $ Mint $ Ground Lamb $ Cucumber $ Arugula $ Pan-Fry $ Healthy $ Self $ Peanut Free $ Tree Nut Free $ Soy Free $ ,Greek $ ,3.5/4,35,Sandwich $ Blender $ Food Processor $ Tomato $ Low Fat $ Yogurt $ Low Cal $ High Fiber $ Dinner $ Lunch $ Feta $ Mint $ Ground Lamb $ Cucumber $ Arugula $ Pan-Fry $ Healthy $ Self $ Peanut Free $ Tree Nut Free $ Soy Free $ Greek $ 
https://www.epicurious.com/recipes/food/views/lamb-sausage-patties-with-fresh-mint-feta-and-garlic-241337,"Lamb Sausage Patties with Fresh Mint, Feta, and Garlic ","1 1/2 pounds ground lamb shoulder $ 2 large garlic cloves, pressed $ 1 1/2 teaspoons coarse kosher salt $ 1/3 cup crumbled feta cheese $ 1 tablespoon finely chopped fresh mint $ 1 tablespoon extra-virgin olive oil $ ",Garlic $ Bake $ Low Carb $ Low Cal $ Feta $ Mint $ Ground Lamb $ Pan-Fry $ Healthy $ Bon Appétit $ ,Greek $ ,4/4,35,Garlic $ Bake $ Low Carb $ Low Cal $ Feta $ Mint $ Ground Lamb $ Pan-Fry $ Healthy $ Bon Appétit $ Greek $ 
https://www.epicurious.com/recipes/food/views/spiced-fresh-orange-and-honey-sorbet-241111,Spiced Fresh Orange and Honey Sorbet ,"3 cups water $ 1 cup sugar $ 1/2 cup clover honey $ 2 tablespoons finely grated orange peel $ 1 tablespoon chopped peeled fresh ginger $ 2 whole star anise or cardamom pods $ 2 whole cloves $ 1 small bay leaf, preferably fresh $ 2 cups chilled fresh orange juice $ 3 tablespoons fresh lemon juice $ ",Ice Cream Machine $ Dessert $ Freeze/Chill $ Low Fat $ Vegetarian $ Low Cal $ Frozen Dessert $ Orange $ Spice $ Winter $ Low Cholesterol $ Honey $ Bon Appétit $ Fat Free $ Kidney Friendly $ Pescatarian $ Dairy Free $ Wheat/Gluten-Free $ Peanut Free $ Tree Nut Free $ Soy Free $ Kosher $ ,Greek $ ,4/4,17,Ice Cream Machine $ Dessert $ Freeze/Chill $ Low Fat $ Vegetarian $ Low Cal $ Frozen Dessert $ Orange $ Spice $ Winter $ Low Cholesterol $ Honey $ Bon Appétit $ Fat Free $ Kidney Friendly $ Pescatarian $ Dairy Free $ Wheat/Gluten-Free $ Peanut Free $ Tree Nut Free $ Soy Free $ Kosher $ Greek $ 
https://www.epicurious.com/recipes/food/views/roasted-garbanzo-beans-and-garlic-with-swiss-chard-241110,Roasted Garbanzo Beans and Garlic with Swiss Chard ,"2 15.5-ounce cans garbanzo beans (chickpeas), drained (about 3 cups) $ 10 garlic cloves, peeled $ 2 large shallots $ 3 small bay leaves, preferably fresh $ 1 teaspoon fennel seeds $ 1 1/4 cups extra-virgin olive oil $ 2 tablespoons extra-virgin olive oil $ 6 garlic cloves, peeled, crushed $ 3 small bay leaves, preferably fresh $ 2 shallots, sliced $ 2 bunches Swiss chard, center stems cut out, leaves coarsely torn $ 2 cups low-salt chicken broth $ ",Garlic $ Side $ Roast $ High Fiber $ Chickpea $ Summer $ Low Cholesterol $ Chard $ Bon Appétit $ Dairy Free $ Wheat/Gluten-Free $ Peanut Free $ Tree Nut Free $ Soy Free $ No Sugar Added $ Kosher $ ,Greek $ ,3.5/4,100,Garlic $ Side $ Roast $ High Fiber $ Chickpea $ Summer $ Low Cholesterol $ Chard $ Bon Appétit $ Dairy Free $ Wheat/Gluten-Free $ Peanut Free $ Tree Nut Free $ Soy Free $ No Sugar Added $ Kosher $ Greek $ 
https://www.epicurious.com/recipes/food/views/sun-dried-tomato-and-garlic-crusted-rack-of-lamb-241109,Sun-Dried Tomato and Garlic-Crusted Rack of Lamb ,"2 6- to 7-ounce jars oil-packed sun-dried tomatoes with herbs, drained well, oil reserved $ 8 large garlic cloves, peeled $ 2 large shallots, peeled, halved $ 1 tablespoon dried oregano $ 3 tablespoons olive oil $ 4 garlic cloves, peeled $ 3 large fresh rosemary sprigs $ 2 2-pound racks of lamb (8 chops each), trimmed, frenched $ ",Garlic $ Lamb $ Tomato $ Roast $ High Fiber $ Dinner $ Rack of Lamb $ Bon Appétit $ Sugar Conscious $ Paleo $ Dairy Free $ Wheat/Gluten-Free $ Peanut Free $ Tree Nut Free $ Soy Free $ No Sugar Added $ Kosher $ ,Greek $ ,3.5/4,10,Garlic $ Lamb $ Tomato $ Roast $ High Fiber $ Dinner $ Rack of Lamb $ Bon Appétit $ Sugar Conscious $ Paleo $ Dairy Free $ Wheat/Gluten-Free $ Peanut Free $ Tree Nut Free $ Soy Free $ No Sugar Added $ Kosher $ Greek $ 
https://www.epicurious.com/recipes/food/views/scallops-with-cauliflower-dried-cherries-and-capers-241108,"Scallops with Cauliflower, Dried Cherries, and Capers ","5 cups small cauliflower florets (from 1 large head) $ 3 tablespoons olive oil, divided $ 1 9-ounce package fresh spinach leaves $ 1 large shallot, finely chopped, divided $ 1/4 teaspoon ground cinnamon $ 6 large sea scallops, side muscle removed $ 6 tablespoons (3/4 stick) butter $ 6 large sage leaves, sliced thinly $ 3 tablespoons dried tart cherries $ 2 tablespoons drained capers $ ",Shellfish $ Appetizer $ Low Cal $ High Fiber $ Dried Fruit $ Cherry $ Seafood $ Scallop $ Cauliflower $ Healthy $ Bon Appétit $ Sugar Conscious $ Pescatarian $ Wheat/Gluten-Free $ Peanut Free $ Tree Nut Free $ Soy Free $ No Sugar Added $ ,Greek $ ,3/4,18,Shellfish $ Appetizer $ Low Cal $ High Fiber $ Dried Fruit $ Cherry $ Seafood $ Scallop $ Cauliflower $ Healthy $ Bon Appétit $ Sugar Conscious $ Pescatarian $ Wheat/Gluten-Free $ Peanut Free $ Tree Nut Free $ Soy Free $ No Sugar Added $ Greek $ 
https://www.epicurious.com/recipes/food/views/dried-fig-souvlaki-241107,Dried Fig Souvlaki ,"18 large dried figs (preferably Greek) $ 18 1/2-inch cubes feta cheese $ 18 thin slices pastourma, prosciutto, or bresaola $ 18 large fresh sage leaves $ 18 large toothpicks $ Extra-virgin olive oil $ ",Cheese $ Pork $ Appetizer $ Low Cal $ Feta $ Dried Fruit $ Fig $ Ham $ Prosciutto $ Bon Appétit $ Wheat/Gluten-Free $ Peanut Free $ Tree Nut Free $ Soy Free $ No Sugar Added $ ,Greek $ ,3.5/4,8,Cheese $ Pork $ Appetizer $ Low Cal $ Feta $ Dried Fruit $ Fig $ Ham $ Prosciutto $ Bon Appétit $ Wheat/Gluten-Free $ Peanut Free $ Tree Nut Free $ Soy Free $ No Sugar Added $ Greek $ 
https://www.epicurious.com/recipes/food/views/smoked-salmon-tarama-with-pita-chips-241106,Smoked Salmon Tarama with Pita Chips ,"2 2/3 cups 3/4-inch cubes crustless country-style bread $ 1 cup whole milk $ 6 ounces thinly sliced smoked salmon $ 1/3 cup chopped shallots $ 3 tablespoons distilled white vinegar $ 3 garlic cloves $ 5 tablespoons olive oil plus more for frying pita $ 1/2 cup tarama (pale orange carp roe) $ 2 tablespoons chopped fresh dill plus more for garnish $ 4 7- to 8-inch pita breads, each cut into 8 triangles $ 1 2-ounce jar salmon caviar $ ",Condiment/Spread $ Appetizer $ Salmon $ Bon Appétit $ Sugar Conscious $ Pescatarian $ Peanut Free $ Tree Nut Free $ Soy Free $ ,Greek $ ,2/4,3,Condiment/Spread $ Appetizer $ Salmon $ Bon Appétit $ Sugar Conscious $ Pescatarian $ Peanut Free $ Tree Nut Free $ Soy Free $ Greek $ 
https://www.epicurious.com/recipes/food/views/greek-salad-pita-sandwiches-240435,Greek Salad Pita Sandwiches ,"3 tablespoons extra-virgin olive oil $ 1 tablespoon red wine vinegar $ 1 1/4 cups chopped seeded plum or cherry tomatoes $ 1 cup diced seeded peeled cucumber $ 1 cup chopped green bell pepper $ 2/3 cup chopped red onion $ 1/2 cup chopped radishes $ 1/2 cup chopped fresh Italian parsley $ 1 cup crumbled feta cheese (about 4 1/2 ounces) $ 4 8-inch-diameter whole wheat pita breads, halved $ ",Sandwich $ Leafy Green $ Tomato $ Picnic $ Vegetarian $ Kid-Friendly $ Quick & Easy $ Low Cal $ High Fiber $ Back to School $ Lunch $ Feta $ Cucumber $ Healthy $ Bon Appétit $ Pescatarian $ Peanut Free $ Tree Nut Free $ Soy Free $ No Sugar Added $ Kosher $ ,Greek $ ,4/4,59,Sandwich $ Leafy Green $ Tomato $ Picnic $ Vegetarian $ Kid-Friendly $ Quick & Easy $ Low Cal $ High Fiber $ Back to School $ Lunch $ Feta $ Cucumber $ Healthy $ Bon Appétit $ Pescatarian $ Peanut Free $ Tree Nut Free $ Soy Free $ No Sugar Added $ Kosher $ Greek $ 
https://www.epicurious.com/recipes/food/views/herb-roasted-eggplant-with-tomatoes-and-feta-240367,Herb-Roasted Eggplant with Tomatoes and Feta ,"1 1 3/4-pound eggplant, cut into 1-inch cubes $ 4 large plum tomatoes, cored, quartered lengthwise $ 3 tablespoons olive oil $ 2 tablespoons Sherry wine vinegar $ 2 tablespoons plus 2 teaspoons chopped fresh oregano $ 1/2 cup crumbled feta cheese $ ",Herb $ Tomato $ Side $ Roast $ Vegetarian $ Low Cal $ High Fiber $ Feta $ Eggplant $ Summer $ Healthy $ Bon Appétit $ Pescatarian $ Wheat/Gluten-Free $ Peanut Free $ Tree Nut Free $ Soy Free $ Kosher $ ,Greek $ ,3.5/4,56,Herb $ Tomato $ Side $ Roast $ Vegetarian $ Low Cal $ High Fiber $ Feta $ Eggplant $ Summer $ Healthy $ Bon Appétit $ Pescatarian $ Wheat/Gluten-Free $ Peanut Free $ Tree Nut Free $ Soy Free $ Kosher $ Greek $ 
https://www.epicurious.com/recipes/food/views/cilantro-garlic-yogurt-sauce-240167,Cilantro Garlic Yogurt Sauce ,1 1/2 cups plain whole-milk Greek-style yogurt $ 3/4 cup finely chopped cilantro $ 4 1/2 tablespoons fresh lemon juice $ 1 1/2 teaspoons finely chopped garlic $ 3/4 teaspoon cayenne $ ,Sauce $ Dairy $ Garlic $ Herb $ No-Cook $ Vegetarian $ Quick & Easy $ Yogurt $ Chill $ Cilantro $ Gourmet $ ,Greek $ Mediterranean $ ,3/4,8,Sauce $ Dairy $ Garlic $ Herb $ No-Cook $ Vegetarian $ Quick & Easy $ Yogurt $ Chill $ Cilantro $ Gourmet $ Greek $ Mediterranean $ 
https://www.epicurious.com/recipes/food/views/grilled-haloumi-cheese-and-lemon-238665,Grilled Haloumi Cheese and Lemon ,2 lemons $ 1/2 pound Haloumi cheese $ 1 large garlic clove $ 1/4 teaspoon salt $ 1/4 teaspoon sugar $ 1/4 cup plus 2 tablespoons olive oil $ 4 (3/4-inch-thick) slices peasant or country-style bread $ 2 tablespoons finely chopped fresh dill $ ,Cheese $ Citrus $ Dairy $ Garlic $ Herb $ Appetizer $ Vegetarian $ Backyard BBQ $ Grill/Barbecue $ Gourmet $ Pescatarian $ Peanut Free $ Tree Nut Free $ Soy Free $ Kosher $ ,Greek $ Mediterranean $ ,4/4,9,Cheese $ Citrus $ Dairy $ Garlic $ Herb $ Appetizer $ Vegetarian $ Backyard BBQ $ Grill/Barbecue $ Gourmet $ Pescatarian $ Peanut Free $ Tree Nut Free $ Soy Free $ Kosher $ Greek $ Mediterranean $ 
https://www.epicurious.com/recipes/food/views/grilled-pita-with-greek-salad-238399,Grilled Pita with Greek Salad ,"3 tablespoons fresh lemon juice $ 1/8 teaspoon dried oregano, crumbled $ 1 small garlic clove, forced through a garlic press $ 1/2 teaspoon sugar $ 1/4 teaspoon salt $ 1/8 teaspoon black pepper $ 1/3 cup extra-virgin olive oil plus additional oil for brushing $ 1 (19-ounce) can chickpeas, rinsed and drained $ 1 tablespoon water $ 4 (6- to 8-inch) pocketless pita rounds $ 10 ounces Italian mixed salad (8 cups) $ 1/2 cup cherry or grape tomatoes (1/4 pound), halved $ 1 small cucumber, peeled if desired, halved lengthwise, and thinly sliced crosswise $ 1/2 cup pitted Kalamata olives, halved lengthwise $ 1/3 cup crumbled French or Greek feta (2 ounces) $ a well-seasoned large (2-burner) ridged grill pan (preferably cast-iron) $ ",Bean $ Cheese $ Citrus $ Dairy $ Garlic $ Herb $ Olive $ Tomato $ Vegetable $ Vegetarian $ Quick & Easy $ Gourmet $ ,Greek $ ,3.5/4,16,Bean $ Cheese $ Citrus $ Dairy $ Garlic $ Herb $ Olive $ Tomato $ Vegetable $ Vegetarian $ Quick & Easy $ Gourmet $ Greek $ 
https://www.epicurious.com/recipes/food/views/chinese-char-siu-grilled-lamb-chops-238259,Chinese Char Siu Grilled Lamb Chops ,"3 tablespoons hoisin sauce* $ 3 tablespoons soy sauce $ 2 tablespoons Shaoxing wine (Chinese rice wine) or dry Sherry $ 1 tablespoon sugar $ 1 teaspoon Chinese five-spice powder** $ 1/2 teaspoon salt $ 18 rib lamb chops (about 3 pounds), well trimmed $ 2 tablespoons honey $ 1 tablespoon water $ *Available in the Asian foods section of many supermarkets and at Asian markets. $ **A spice blend that usually contains ground fennel seeds, Szechuan peppercorns, cinnamon, star anise, and cloves; available in the spice section of most supermarkets. $ ",Cheese $ Lamb $ Soy $ Marinate $ Mint $ Grill/Barbecue $ Bon Appétit $ ,Greek $ ,3.5/4,17,Cheese $ Lamb $ Soy $ Marinate $ Mint $ Grill/Barbecue $ Bon Appétit $ Greek $ 
https://www.epicurious.com/recipes/food/views/ouzo-scented-almond-yogurt-and-olive-oil-cake-238253,"Ouzo-Scented Almond, Yogurt, and Olive Oil Cake ","2 cups whole almonds, divided $ 3/4 cup ouzo (unsweetened anise liqueur) or Pernod $ 3 1/2 cups unbleached all purpose flour $ 3 whole star anise,* finely ground in spice mill or in mortar with pestle (about 1 3/4 teaspoons ground) $ 1 tablespoon baking powder $ 1/2 teaspoon fine sea salt $ 4 large eggs, separated $ 1 1/2 cups plus 2 tablespoons sugar $ 1 cup extra-light olive oil or 1/2 cup regular olive oil mixed with 1/2 cup sunflower oil $ 1 cup plus 2 tablespoons plain whole-milk yogurt $ *Available in the spice section of some supermarkets and at specialty foods stores and Asian markets. $ ",Food Processor $ Mixer $ Egg $ Nut $ Dessert $ Bake $ Quick & Easy $ Yogurt $ Almond $ Bon Appétit $ Kidney Friendly $ Vegetarian $ Pescatarian $ Peanut Free $ Soy Free $ Kosher $ ,Greek $ Mediterranean $ ,3/4,10,Food Processor $ Mixer $ Egg $ Nut $ Dessert $ Bake $ Quick & Easy $ Yogurt $ Almond $ Bon Appétit $ Kidney Friendly $ Vegetarian $ Pescatarian $ Peanut Free $ Soy Free $ Kosher $ Greek $ Mediterranean $ 
https://www.epicurious.com/recipes/food/views/greek-chicken-salad-237570,Greek Chicken Salad ,"2 whole-wheat pitas $ 8 cups shredded romaine lettuce $ 1 1/2 cups cherry tomatoes $ 1 can (10 ounces) chickpeas, drained and rinsed $ 1/2 cup thinly sliced red onion $ 1/2 cup sliced radish $ 1 green bell pepper, cored, seeded and cut into strips $ 1/2 cucumber, peeled and sliced $ 2 cups bite-size, skinless pieces roasted chicken $ 1/3 cup crumbled feta $ 1/4 cup chopped pitted kalamata olives $ 1/4 cup chopped fresh dill $ 2 tablespoon fresh lemon juice $ 1 tablespoon extra-virgin olive oil $ ",Salad $ Chicken $ Citrus $ Feta $ Chickpea $ Healthy $ Self $ ,Greek $ ,2.5/4,3,Salad $ Chicken $ Citrus $ Feta $ Chickpea $ Healthy $ Self $ Greek $ 
https://www.epicurious.com/recipes/food/views/date-and-walnut-phyllo-rolls-with-greek-yogurt-and-honey-233722,Date and Walnut Phyllo Rolls with Greek Yogurt and Honey ,"14 ounces Medjool dates (about 1 1/2 cups), pitted $ 1/2 cup walnuts, toasted $ 3 tablespoons plus 1/4 cup Greek honey or other honey $ 1 teaspoon finely grated orange peel $ 1/2 teaspoon cardamom seeds (from about 10 pods), finely ground in spice mill or in mortar with pestle $ 8 17 1/2x12 1/2-inch or sixteen 13 1/2x8 1/2-inch sheets fresh phyllo pastry or frozen, thawed $ 1/2 cup (1 stick) unsalted butter, melted $ 1 cup Greek whole-milk yogurt $ ",Fruit $ Nut $ Dessert $ Bake $ Cocktail Party $ Quick & Easy $ Yogurt $ Date $ Walnut $ Fall $ Winter $ Shower $ Healthy $ Honey $ Engagement Party $ Phyllo/Puff Pastry Dough $ Bon Appétit $ Vegetarian $ Pescatarian $ Peanut Free $ Soy Free $ Kosher $ ,Greek $ ,4/4,4,Fruit $ Nut $ Dessert $ Bake $ Cocktail Party $ Quick & Easy $ Yogurt $ Date $ Walnut $ Fall $ Winter $ Shower $ Healthy $ Honey $ Engagement Party $ Phyllo/Puff Pastry Dough $ Bon Appétit $ Vegetarian $ Pescatarian $ Peanut Free $ Soy Free $ Kosher $ Greek $ 
https://www.epicurious.com/recipes/food/views/grab-and-go-greek-sandwiches-236865,Grab-and-Go Greek Sandwiches ,"2 tablespoons olive oil $ 1 tablespoon fresh lemon juice $ 2 cups (packed) torn romaine lettuce $ 1 cup drained garbanzo beans (chickpeas) $ 1 cup diced feta cheese $ 1 tomato, cored, cut into thin wedges $ 1/2 cup thinly sliced red onion $ 7-inch-diameter pita breads, cut in half to make 4 semicircles $ Purchased tapenade (olive paste) $ ",Sandwich $ Bean $ Cheese $ Dairy $ Leafy Green $ Olive $ Onion $ Tomato $ Picnic $ Vegetarian $ Quick & Easy $ High Fiber $ Lunch $ Feta $ Bon Appétit $ Pescatarian $ Peanut Free $ Tree Nut Free $ Soy Free $ No Sugar Added $ Kosher $ ,Greek $ ,3/4,7,Sandwich $ Bean $ Cheese $ Dairy $ Leafy Green $ Olive $ Onion $ Tomato $ Picnic $ Vegetarian $ Quick & Easy $ High Fiber $ Lunch $ Feta $ Bon Appétit $ Pescatarian $ Peanut Free $ Tree Nut Free $ Soy Free $ No Sugar Added $ Kosher $ Greek $ 
https://www.epicurious.com/recipes/food/views/new-years-orange-and-brandy-cake-236812,New Year's Orange and Brandy Cake ,"4 large eggs, separated $ 1 cup plus 2 tablespoons sugar $ 12 tablespoons (1 1/2 sticks) unsalted butter, melted, or a combination of butter and margarine $ 1 1/4 cups freshly squeezed orange juice $ 1/2 cup brandy $ 4 cups all-purpose flour $ 4 teaspoons baking powder $ 1/4 teaspoon baking soda $ Grated zest of 1 orange $ Grated zest of 1 lemon $ Whole blanched almonds $ ",Mixer $ Citrus $ Nut $ Breakfast $ Brunch $ Dessert $ Bake $ New Year's Day $ New Year's Eve $ Brandy $ Kidney Friendly $ Vegetarian $ Pescatarian $ Peanut Free $ Soy Free $ Kosher $ ,Greek $ ,3/4,12,Mixer $ Citrus $ Nut $ Breakfast $ Brunch $ Dessert $ Bake $ New Year's Day $ New Year's Eve $ Brandy $ Kidney Friendly $ Vegetarian $ Pescatarian $ Peanut Free $ Soy Free $ Kosher $ Greek $ 
https://www.epicurious.com/recipes/food/views/braised-swiss-chard-with-currants-and-feta-236676,Braised Swiss Chard with Currants and Feta ,"1 (1-pound) bunch Swiss chard $ 1 large garlic clove, finely chopped $ 2 tablespoons olive oil $ 1/2 teaspoon salt $ 1/4 teaspoon black pepper $ 3 tablespoons dried currants $ 1/3 cup water $ 1 1/2 ounces feta, crumbled (1/3 cup) $ ",Garlic $ Side $ Braise $ Sauté $ Vegetarian $ Quick & Easy $ Feta $ Currant $ Dried Fruit $ Winter $ Healthy $ Chard $ Gourmet $ Pescatarian $ Wheat/Gluten-Free $ Peanut Free $ Tree Nut Free $ Soy Free $ No Sugar Added $ Kosher $ ,Greek $ ,3.5/4,32,Garlic $ Side $ Braise $ Sauté $ Vegetarian $ Quick & Easy $ Feta $ Currant $ Dried Fruit $ Winter $ Healthy $ Chard $ Gourmet $ Pescatarian $ Wheat/Gluten-Free $ Peanut Free $ Tree Nut Free $ Soy Free $ No Sugar Added $ Kosher $ Greek $ 
https://www.epicurious.com/recipes/food/views/pork-gyros-with-yogurt-tomato-sauce-red-onion-and-arugula-235157,"Pork Gyros with Yogurt-Tomato Sauce, Red Onion, and Arugula ","1/4 cup extra-virgin olive oil $ 1/4 cup dry red wine $ 3 garlic cloves, minced $ 1 small bay leaf, crumbled $ 1/2 tablespoon (packed) fresh oregano leaves $ 1/2 teaspoon salt $ 1/4 teaspoon freshly ground black pepper $ 2 1-pound pork tenderloins $ 1 1/2 cups plain Greek yogurt or whole-milk yogurt $ 2 tablespoons chopped seeded tomato $ 2 tablespoons chopped fresh dill $ 2 tablespoons drained capers, chopped $ 2 garlic cloves, minced $ 1 tablespoon tomato paste $ 1 tablespoon red wine vinegar $ 6 7-inch-diameter pita breads $ 1 red onion, halved, thinly sliced $ 24 large arugula leaves $ ",Garlic $ Onion $ Pork $ Tomato $ Marinate $ Yogurt $ High Fiber $ Arugula $ Summer $ Grill/Barbecue $ Capers $ Bon Appétit $ ,Greek $ ,3.5/4,21,Garlic $ Onion $ Pork $ Tomato $ Marinate $ Yogurt $ High Fiber $ Arugula $ Summer $ Grill/Barbecue $ Capers $ Bon Appétit $ Greek $ 
https://www.epicurious.com/recipes/food/views/shrimp-with-zucchini-fritters-and-grape-leaf-spread-235145,Shrimp with Zucchini Fritters and Grape-Leaf Spread ,"4 ounces cream cheese $ 4 grape leaves in brine from jar, drained $ 1 tablespoon fresh lemon juice $ 1/2 cup all purpose flour $ 3/4 teaspoon salt $ 1/4 teaspoon ground black pepper $ 1/4 teaspoon baking soda $ 1/8 teaspoon ground nutmeg $ 1 3/4 cups coarsely grated zucchini (about 1 medium) $ 1/4 cup chopped fresh Italian parsley $ 1 tablespoon chopped fresh chives $ 3 tablespoons (about) extra-virgin olive oil $ 12 cooked large shrimp, peeled, deveined $ Additional fresh lemon juice $ Grated lemon peel $ ",Condiment/Spread $ Appetizer $ Sauté $ Cocktail Party $ Cream Cheese $ Shrimp $ Zucchini $ Summer $ Parsley $ Bon Appétit $ Sugar Conscious $ Kidney Friendly $ Pescatarian $ Peanut Free $ Tree Nut Free $ Soy Free $ No Sugar Added $ ,Greek $ ,3.5/4,7,Condiment/Spread $ Appetizer $ Sauté $ Cocktail Party $ Cream Cheese $ Shrimp $ Zucchini $ Summer $ Parsley $ Bon Appétit $ Sugar Conscious $ Kidney Friendly $ Pescatarian $ Peanut Free $ Tree Nut Free $ Soy Free $ No Sugar Added $ Greek $ 
https://www.epicurious.com/recipes/food/views/eggplant-with-bell-pepper-feta-and-green-olives-235141,"Eggplant with Bell Pepper, Feta, and Green Olives ","Olive oil $ 1 2 1/2- to 3-inch-diameter eggplant, cut into six 3/4-inch-thick rounds, then halved to form 12 semicircles $ 1 long slender red bell pepper, cut into six 1/4-inch-thick rings, then halved to form 12 curved strips $ 1/2 cup crumbled feta cheese (about 2 ounces) $ 12 small inner leaves of butter lettuce $ 10 large imported green Greek olives, pitted, chopped $ 1 teaspoon finely chopped fresh oregano $ ",Olive $ Appetizer $ Sauté $ Cocktail Party $ Vegetarian $ Quick & Easy $ High Fiber $ Feta $ Eggplant $ Bell Pepper $ Summer $ Lettuce $ Bon Appétit $ Sugar Conscious $ Kidney Friendly $ Pescatarian $ Wheat/Gluten-Free $ Peanut Free $ Tree Nut Free $ Soy Free $ No Sugar Added $ Kosher $ ,Greek $ ,3/4,9,Olive $ Appetizer $ Sauté $ Cocktail Party $ Vegetarian $ Quick & Easy $ High Fiber $ Feta $ Eggplant $ Bell Pepper $ Summer $ Lettuce $ Bon Appétit $ Sugar Conscious $ Kidney Friendly $ Pescatarian $ Wheat/Gluten-Free $ Peanut Free $ Tree Nut Free $ Soy Free $ No Sugar Added $ Kosher $ Greek $ 
https://www.epicurious.com/recipes/food/views/cheese-herb-and-sun-dried-tomato-phyllo-rolls-235140,"Cheese, Herb, and Sun-Dried Tomato Phyllo Rolls ","1 large egg $ 3/4 cup (packed) grated aged kefalotyri cheese (3 ounces) $ 3/4 cup (packed) grated kasseri cheese (3 ounces) $ 1/4 cup (packed) finely crumbled feta cheese (3 ounces) $ 2 tablespoons finely chopped drained oil-packed sun-dried tomatoes $ 2 teaspoons fresh thyme leaves $ 1 teaspoon chopped fresh marjoram $ 1/4 teaspoon ground white or black pepper $ 8 sheets phyllo pastry (about 12x14 inches), thawed if frozen $ Extra-virgin olive oil $ ",Cheese $ Herb $ Tomato $ Appetizer $ Bake $ Cocktail Party $ Vegetarian $ Summer $ Phyllo/Puff Pastry Dough $ Bon Appétit $ Sugar Conscious $ Kidney Friendly $ Pescatarian $ Peanut Free $ Tree Nut Free $ Soy Free $ Kosher $ ,Greek $ ,3/4,6,Cheese $ Herb $ Tomato $ Appetizer $ Bake $ Cocktail Party $ Vegetarian $ Summer $ Phyllo/Puff Pastry Dough $ Bon Appétit $ Sugar Conscious $ Kidney Friendly $ Pescatarian $ Peanut Free $ Tree Nut Free $ Soy Free $ Kosher $ Greek $ 
https://www.epicurious.com/recipes/food/views/beet-chickpea-and-almond-dip-with-pita-chips-235139,"Beet, Chickpea, and Almond Dip with Pita Chips ","1 large (8-ounce) beet, peeled, cut into 3/4-inch cubes $ 1 cup drained canned garbanzo beans (chickpeas; from 15 1/2-ounce can) $ 3/4 cup extra-virgin olive oil plus more for chips $ 1/4 cup slivered almonds $ 5 garlic cloves, peeled $ 1 1/2 tablespoons (or more) red wine vinegar $ 6 7-inch-diameter pita breads $ ",Bean $ Garlic $ Appetizer $ Bake $ Cocktail Party $ Vegetarian $ High Fiber $ Almond $ Beet $ Summer $ Vegan $ Bon Appétit $ Pescatarian $ Peanut Free $ Soy Free $ No Sugar Added $ Kosher $ ,Greek $ ,3/4,59,Bean $ Garlic $ Appetizer $ Bake $ Cocktail Party $ Vegetarian $ High Fiber $ Almond $ Beet $ Summer $ Vegan $ Bon Appétit $ Pescatarian $ Peanut Free $ Soy Free $ No Sugar Added $ Kosher $ Greek $ 
https://www.epicurious.com/recipes/food/views/egg-noodles-with-brown-butter-and-feta-235028,Egg Noodles with Brown Butter and Feta ,"1 pound dried egg noodles or egg pasta $ 1 stick (1/2 cup) unsalted butter $ 6 ounces Greek feta (preferably Mt. Vikos or Dodoni brand), crumbled (1 1/2 cups) $ ",Cheese $ Dairy $ Pasta $ Side $ Vegetarian $ Quick & Easy $ Feta $ Summer $ Noodle $ Gourmet $ Sugar Conscious $ Kidney Friendly $ Pescatarian $ Peanut Free $ Tree Nut Free $ Soy Free $ No Sugar Added $ Kosher $ ,Greek $ ,4/4,21,Cheese $ Dairy $ Pasta $ Side $ Vegetarian $ Quick & Easy $ Feta $ Summer $ Noodle $ Gourmet $ Sugar Conscious $ Kidney Friendly $ Pescatarian $ Peanut Free $ Tree Nut Free $ Soy Free $ No Sugar Added $ Kosher $ Greek $ 
https://www.epicurious.com/recipes/food/views/milk-pie-234922,Milk Pie ,"5 cups whole milk $ About 1 cup plus 2 tablespoons granulated sugar $ 1/2 teaspoon salt $ 1 cup semolina flour (5-1/2 oz; see cooks' note, below) $ 3 large eggs, separated $ 1 teaspoon vanilla $ 4 oz walnuts (1 cup plus 2 tablespoons) $ 1 teaspoon cinnamon $ 20 (17- by 12-inch) sheets phyllo dough, thawed if frozen $ 1 stick (1/2 cup) unsalted butter, melted $ Confectioners sugar for dusting $ ",Milk/Cream $ Food Processor $ Mixer $ Egg $ Dessert $ Bake $ Walnut $ Semolina $ Phyllo/Puff Pastry Dough $ Gourmet $ Kidney Friendly $ Vegetarian $ Pescatarian $ Peanut Free $ Soy Free $ Kosher $ ,Greek $ ,2.5/4,3,Milk/Cream $ Food Processor $ Mixer $ Egg $ Dessert $ Bake $ Walnut $ Semolina $ Phyllo/Puff Pastry Dough $ Gourmet $ Kidney Friendly $ Vegetarian $ Pescatarian $ Peanut Free $ Soy Free $ Kosher $ Greek $ 
https://www.epicurious.com/recipes/food/views/leek-and-celery-pie-234978,Leek and Celery Pie ,"4 cups all-purpose flour plus additional for dusting $ 2 teaspoons salt $ 3/4 cup water $ 1/2 cup whole-milk yogurt (preferably Greek) $ 3/4 cup extra-virgin olive oil $ 1 tablespoon red-wine vinegar $ 6 lb leeks (white and pale green parts only), finely chopped (about 10 cups) $ 1/4 cup plus 3 tablespoons extra-virgin olive oil $ 5 large celery ribs, finely chopped (about 3 cups) $ 1 teaspoon salt $ 1 cup chopped fresh mint $ 2/3 cup chopped fresh flat-leaf parsley $ 1/2 cup chopped fresh dill $ 1/4 lb Greek feta (preferably Mt. Vikos or Dodoni brand), crumbled (1 cup) $ 1 1/2 oz finely grated Kefalotyri or Parmigiano-Reggiano cheese (1/2 cup; see Tips, page 167) $ 1/4 teaspoon black pepper $ 3 large eggs $ a 17- by 12-inch shallow heavy baking pan (1 inch deep) $ ",Egg $ Bake $ Yogurt $ Feta $ Mint $ Celery $ Leek $ Dill $ Parsley $ Gourmet $ ,Greek $ ,2.5/4,3,Egg $ Bake $ Yogurt $ Feta $ Mint $ Celery $ Leek $ Dill $ Parsley $ Gourmet $ Greek $ 
https://www.epicurious.com/recipes/food/views/chicken-with-tomatoes-and-prunes-234921,Chicken with Tomatoes and Prunes ,"1 (3-lb) chicken, cut into 8 pieces $ 1/4 teaspoon black pepper $ 1 3/4 teaspoons salt $ 2 1/2 tablespoons unsalted butter $ 1 cup dry white wine $ 1/2 cup water $ 1/2 lb plum tomatoes (about 3), seeded and chopped $ 1 (3- to 4-inch) cinnamon stick $ 5 1/2 oz pitted prunes (16 to 18) $ 2 tablespoons red-wine vinegar $ 2 teaspoons sugar $ ",Chicken $ Tomato $ Quick & Easy $ Prune $ White Wine $ Summer $ Cinnamon $ Simmer $ ,Greek $ ,4/4,27,Chicken $ Tomato $ Quick & Easy $ Prune $ White Wine $ Summer $ Cinnamon $ Simmer $ Greek $ 
https://www.epicurious.com/recipes/food/views/zekes-tyropitas-234561,Zeke's Tyropitas ,"2 cups feta cheese $ 2 cups small-curd cottage cheese, drained $ 1/4 cup grated Romano cheese $ 4 large eggs, beaten $ 2 tablespoons minced parsley $ Salt and freshly ground pepper $ 1 box thawed phyllo pastry $ 2 sticks butter, melted $ ",Egg $ Appetizer $ Bake $ Feta $ Spring $ Cottage Cheese $ Parsley $ Phyllo/Puff Pastry Dough $ Sugar Conscious $ Kidney Friendly $ Vegetarian $ Pescatarian $ Peanut Free $ Tree Nut Free $ Soy Free $ Kosher $ ,Greek $ ,3.5/4,5,Egg $ Appetizer $ Bake $ Feta $ Spring $ Cottage Cheese $ Parsley $ Phyllo/Puff Pastry Dough $ Sugar Conscious $ Kidney Friendly $ Vegetarian $ Pescatarian $ Peanut Free $ Tree Nut Free $ Soy Free $ Kosher $ Greek $ 
https://www.epicurious.com/recipes/food/views/fresh-cheese-and-honey-tart-from-santorini-231780,Fresh Cheese and Honey Tart from Santorini ,"2 - 2 1/2 cups all-purpose flour $ 1 teaspoon baking powder $ 1/4 cup light olive oil $ 1/4 cup safflower oil $ 1/2 cup beer $ 1 1/2 cups ricotta cheese, drained overnight in a cheesecloth-lined colander $ 1/3 cup honey, preferably thyme honey $ About 1/2 teaspoon (2 pieces) ground mastic (optional) $ 1/2 teaspoon ground cinnamon $ 2 large eggs $ Ground cinnamon $ ",Cheese $ Dessert $ Bake $ Easter $ Ricotta $ Spring $ Honey $ Party $ Pastry $ Kidney Friendly $ Vegetarian $ Pescatarian $ Peanut Free $ Tree Nut Free $ Soy Free $ Kosher $ ,Greek $ ,2.5/4,10,Cheese $ Dessert $ Bake $ Easter $ Ricotta $ Spring $ Honey $ Party $ Pastry $ Kidney Friendly $ Vegetarian $ Pescatarian $ Peanut Free $ Tree Nut Free $ Soy Free $ Kosher $ Greek $ 
https://www.epicurious.com/recipes/food/views/roasted-potatoes-with-garlic-lemon-and-oregano-231779,"Roasted Potatoes with Garlic, Lemon, and Oregano ","3 pounds baking potatoes, peeled and cut into 1 1/2-inch cubes $ 1/2 cup olive oil $ 4 garlic cloves, minced $ 1 1/2 teaspoons dried oregano, crumbled $ 1 teaspoon salt $ Freshly ground black pepper $ 1/2 cup beef stock or chicken stock $ 1/3 cup freshly squeezed lemon juice $ 2-3 tablespoons chopped fresh oregano $ ",Garlic $ Potato $ Side $ Roast $ Easter $ Lemon $ Spring $ Oregano $ Sugar Conscious $ Dairy Free $ Wheat/Gluten-Free $ Peanut Free $ Tree Nut Free $ Soy Free $ No Sugar Added $ Kosher $ ,Greek $ ,3.5/4,79,Garlic $ Potato $ Side $ Roast $ Easter $ Lemon $ Spring $ Oregano $ Sugar Conscious $ Dairy Free $ Wheat/Gluten-Free $ Peanut Free $ Tree Nut Free $ Soy Free $ No Sugar Added $ Kosher $ Greek $ 
https://www.epicurious.com/recipes/food/views/easter-lamb-soup-231781,Easter Lamb Soup ,"Head, neck, some intestines, and liver of a young lamb or 3 pounds lamb bones $ 2 large onions, halved $ Sea salt $ 1/2 cup olive oil $ 2 cups finely chopped scallions $ 1 small chili pepper, minced, or freshly ground pepper to taste $ 1 1/2 cups chopped fresh dill $ 2 eggs $ Juice of 1 1/2-2 lemons $ ",Soup/Stew $ Herb $ Lamb $ Easter $ Spring $ ,Greek $ ,4/4,5,Soup/Stew $ Herb $ Lamb $ Easter $ Spring $ Greek $ 
https://www.epicurious.com/recipes/food/views/leg-of-lamb-stuffed-with-greens-and-feta-231777,Leg of Lamb Stuffed with Greens and Feta ,"1/3 cup olive oil, plus more for brushing $ 1 fennel bulb, trimmed (fronds and tender stalks reserved), halved and thinly sliced $ 1 1/2 cups thinly sliced scallions (white and most of the green parts) $ 1 tablespoon coarsely chopped garlic, plus 2 garlic cloves, quartered $ 1 1/2 cups coarsely chopped mixed greens (such as baby spinach, tender Swiss chard leaves, miner's lettuce, pea shoots, orache, green amaranth, outer leaves of escarole or romaine lettuce, and/or beet greens) $ 1 teaspoon fennel seeds, preferably freshly ground or crushed in a mortar $ Freshly ground black pepper $ 1/4 cup chopped fresh mint $ 1 3 1/2-to-4 pound half leg of lamb (shank half), some fat left on, shank bone left in, hip end of bone removed (have the butcher do this, or see Note) $ 1/2 cup crumbled Feta cheese $ Salt $ 1 teaspoon dried oregano, crumbled $ 1/2 cup dry white wine, plus more if needed $ 1/2 cup chopped fennel fronds plus tender stalks, or fresh dill $ ",Cheese $ Leafy Green $ Lamb $ Roast $ Easter $ Feta $ Spring $ Chard $ ,Greek $ ,4/4,27,Cheese $ Leafy Green $ Lamb $ Roast $ Easter $ Feta $ Spring $ Chard $ Greek $ 
https://www.epicurious.com/recipes/food/views/mixed-green-salad-from-lesbos-231778,Mixed Green Salad from Lesbos ,"3-4 tablespoons extra-virgin olive oil $ 2-3 tablespoons red wine vinegar $ Freshly ground black pepper $ 1 small head romaine lettuce, cored and leaves separated $ 1 bunch arugula, trimmed and finely chopped $ 3-4 sprigs watercress, finely chopped $ 3 scallions (white and most of the green parts), thinly sliced $ 4 sprigs fresh dill, finely chopped $ 3-4 sprigs fresh mint, tough stems removed, thinly sliced $ 3-4 sprigs borage, coarsely chopped (optional; see Note) $ 1 small fennel bulb, trimmed and very finely chopped or grated $ Salt $ 1/4 cup toasted pine nuts (optional) $ ",Salad $ Leafy Green $ Herb $ Appetizer $ Side $ No-Cook $ Easter $ Vegetarian $ Quick & Easy $ Fennel $ Arugula $ Spring $ Vegan $ Watercress $ Lettuce $ Pescatarian $ Paleo $ Dairy Free $ Wheat/Gluten-Free $ Peanut Free $ Soy Free $ No Sugar Added $ Kosher $ ,Greek $ ,3.5/4,4,Salad $ Leafy Green $ Herb $ Appetizer $ Side $ No-Cook $ Easter $ Vegetarian $ Quick & Easy $ Fennel $ Arugula $ Spring $ Vegan $ Watercress $ Lettuce $ Pescatarian $ Paleo $ Dairy Free $ Wheat/Gluten-Free $ Peanut Free $ Soy Free $ No Sugar Added $ Kosher $ Greek $ 
https://www.epicurious.com/recipes/food/views/astypalaian-yellow-saffron-biscuits-231782,Astypalaian Yellow (Saffron) Biscuits ,"2 cups milk $ 1 1/2 teaspoons saffron threads $ 1 1/2 cups full-fat cottage or farmer cheese, crumbled $ 1/2 cup (1 stick) butter or margarine $ 1/2 cup olive oil $ 1 egg yolk $ 8-9 cups all-purpose flour $ 1 teaspoon ground allspice $ 1 teaspoon ground white pepper $ 1 teaspoon sea salt $ 1/2 teaspoon baking powder $ 2 packages (2 tablespoons) active dry yeast, dissolved in 1/2 cup warm milk $ ",Herb $ Breakfast $ Brunch $ Bake $ Easter $ Saffron $ Spring $ Pastry $ Sugar Conscious $ Kidney Friendly $ Vegetarian $ Pescatarian $ Peanut Free $ Tree Nut Free $ Soy Free $ No Sugar Added $ Kosher $ ,Greek $ ,3/4,3,Herb $ Breakfast $ Brunch $ Bake $ Easter $ Saffron $ Spring $ Pastry $ Sugar Conscious $ Kidney Friendly $ Vegetarian $ Pescatarian $ Peanut Free $ Tree Nut Free $ Soy Free $ No Sugar Added $ Kosher $ Greek $ 
https://www.epicurious.com/recipes/food/views/eggplant-puree-with-walnuts-230523,Eggplant Purée with Walnuts ,"2 large eggplants $ 2 to 4 garlic cloves, peeled and minced $ 1/2 cup shelled walnuts, coarsely chopped $ 1/2 cup extra-virgin olive oil $ 2 tablespoons strained fresh lemon juice $ 1 to 2 tablespoons red wine vinegar $ Salt to taste $ 1/2 to 1 teaspoon sugar (optional) $ ",Condiment/Spread $ Roast $ Walnut $ Eggplant $ Vegan $ ,Greek $ ,3/4,2,Condiment/Spread $ Roast $ Walnut $ Eggplant $ Vegan $ Greek $ 
https://www.epicurious.com/recipes/food/views/three-cheese-phyllo-triangles-with-onions-and-yogurt-230524,Three-Cheese Phyllo Triangles with Onions and Yogurt ,"1/3 cup extra virgin olive oil, plus more for brushing pastries $ 2 large onions, finely chopped (about 2 cups) $ 1 1/2 cups (about 12 ounces) fresh Greek myzithra, whole milk ricotta, or farmer's cheese, crumbled $ 3/4 cup (about 3 ounces) Greek feta, crumbled $ 3/4 cup (about 2 ounces) grated Greek kefalotyri cheese or other hard sheep's milk cheese, such as pecorino $ 1/2 cup thick Greek or Mediterranean-style yogurt or drained plain yogurt $ 1/3 cup finely chopped fresh dill $ 2 large eggs $ Salt and freshly ground black pepper to taste $ 1 pound (about 18 sheets) commercial phyllo, defrosted and at room temperature $ ",Cheese $ Onion $ Appetizer $ Bake $ Cocktail Party $ Vegetarian $ Yogurt $ Shavuot $ Phyllo/Puff Pastry Dough $ Sugar Conscious $ Kidney Friendly $ Pescatarian $ Peanut Free $ Tree Nut Free $ Soy Free $ Kosher $ ,Greek $ ,3.5/4,7,Cheese $ Onion $ Appetizer $ Bake $ Cocktail Party $ Vegetarian $ Yogurt $ Shavuot $ Phyllo/Puff Pastry Dough $ Sugar Conscious $ Kidney Friendly $ Pescatarian $ Peanut Free $ Tree Nut Free $ Soy Free $ Kosher $ Greek $ 
https://www.epicurious.com/recipes/food/views/individual-walnut-cake-with-yogurt-230777,Individual Walnut Cake with Yogurt ,"1/3 cup walnuts (1 ounce) $ 1 1/2 tablespoons sugar $ 2 tablespoons unsalted butter, cut into small pieces $ 1/2 teaspoon finely grated fresh lemon zest $ 1 large egg $ 2 tablespoons all-purpose flour $ 1 lemon $ 3 tablespoons sugar $ 2 tablespoons water $ 2 teaspoons mild honey $ Accompaniment: whole-milk yogurt (preferably Greek) $ a 6- to 8-ounce gratin dish or ramekin $ ",Cake $ Food Processor $ Nut $ Dessert $ Bake $ Yogurt $ Lemon $ Walnut $ Honey $ Gourmet $ Vegetarian $ Pescatarian $ Peanut Free $ Soy Free $ Kosher $ ,Greek $ ,3.5/4,9,Cake $ Food Processor $ Nut $ Dessert $ Bake $ Yogurt $ Lemon $ Walnut $ Honey $ Gourmet $ Vegetarian $ Pescatarian $ Peanut Free $ Soy Free $ Kosher $ Greek $ 
https://www.epicurious.com/recipes/food/views/lamb-souvlaki-with-yogurt-garlic-sauce-230227,Lamb Souvlaki with Yogurt-Garlic Sauce ,"2 tbsp extra-virgin olive oil $ 1 tbsp chopped fresh garlic $ 1 1/2 tsp oregano $ 3/4 tsp freshly ground black pepper $ 3/8 tsp kosher salt $ 3/4 lb lamb, cut from the leg into 12 equal-sized cubes $ 2 yellow bell peppers, cored and cut into 1-inch strips $ 1 red onion, cut into 8 pieces $ 16 cherry tomatoes $ Vegetable-oil cooking spray $ 4 whole-wheat pitas $ 2 cucumbers, peeled and chopped $ 1 fresh tbsp lemon juice $ 3/4 cup nonfat Greek-style yogurt (such as Total brand) $ 1 tsp chopped fresh garlic $ ",Food Processor $ Lamb $ Low Fat $ Yogurt $ Grill/Barbecue $ Self $ ,Greek $ ,3.5/4,15,Food Processor $ Lamb $ Low Fat $ Yogurt $ Grill/Barbecue $ Self $ Greek $ 
https://www.epicurious.com/recipes/food/views/eggplant-and-bulgur-stuffed-vegetables-234642,Eggplant-and-Bulgur-Stuffed Vegetables ,"1 (1 1/2-lb) eggplant $ 8 small round tomatoes (about 2 1/2 inches in diameter; 2 1/2 lb total) $ 1 3/4 teaspoons salt $ 4 small zucchini (1 1/2 lb), halved lengthwise $ 1 large onion, chopped (2 cups) $ 6 tablespoons extra-virgin olive oil plus additional for brushing vegetables $ 2/3 cup medium bulgur $ 1/2 teaspoon sugar $ 1/2 teaspoon ground allspice $ 3/4 teaspoon black pepper $ 1/3 cup dried currants $ 4 small (not baby) yellow or orange bell peppers with stems (2 lb total), halved lengthwise through stem, then ribs and seeds discarded $ 1/4 cup chopped fresh flat-leaf parsley $ a well-seasoned 12-inch cast-iron skillet $ ",Leafy Green $ Tomato $ Vegetable $ Appetizer $ Bake $ Low Fat $ Vegetarian $ Summer $ Vegan $ Gourmet $ Pescatarian $ Dairy Free $ Peanut Free $ Tree Nut Free $ Soy Free $ Kosher $ ,Greek $ Mediterranean $ ,3/4,5,Leafy Green $ Tomato $ Vegetable $ Appetizer $ Bake $ Low Fat $ Vegetarian $ Summer $ Vegan $ Gourmet $ Pescatarian $ Dairy Free $ Peanut Free $ Tree Nut Free $ Soy Free $ Kosher $ Greek $ Mediterranean $ 
https://www.epicurious.com/recipes/food/views/yogurt-mousse-with-apricot-sauce-234681,Yogurt Mousse with Apricot Sauce ,"1 1/2 teaspoons unflavored gelatin (from 1 envelope) $ 1 cup whole milk $ 1/2 vanilla bean, halved lengthwise $ 1/2 cup sugar $ 1 (4- by 1-inch) strip fresh lemon zest $ 1 (32-oz) container well-stirred whole-milk yogurt $ 3/4 cup chilled heavy cream $ 1/2 vanilla bean, halved lengthwise $ 1/2 cup sugar $ 1/4 cup water $ 1 lb fresh apricots, quartered and pitted $ 1 teaspoon fresh lemon juice, or to taste $ ",Milk/Cream $ Dessert $ Quick & Easy $ Yogurt $ Apricot $ Vanilla $ Summer $ Chill $ Gourmet $ Wheat/Gluten-Free $ Peanut Free $ Tree Nut Free $ Soy Free $ ,Greek $ ,4/4,8,Milk/Cream $ Dessert $ Quick & Easy $ Yogurt $ Apricot $ Vanilla $ Summer $ Chill $ Gourmet $ Wheat/Gluten-Free $ Peanut Free $ Tree Nut Free $ Soy Free $ Greek $ 
https://www.epicurious.com/recipes/food/views/herb-and-cheese-pie-234638,Herb and Cheese Pie ,"1 medium fennel bulb (sometimes labeled ""anise""; 1 lb) with fronds $ 6 scallions (1 bunch), chopped $ 1/2 teaspoon salt $ 1 stick (1/2 cup) unsalted butter $ 1 lb 4% cottage cheese (3 cups) $ 1/2 lb feta, crumbled (2 cups) $ 4 large eggs, lightly beaten $ 2 tablespoons semolina* (sometimes labeled ""semolina flour"") $ 1/4 cup chopped fresh dill $ 1/4 teaspoon black pepper $ 2 tablespoons fine dry bread crumbs (not seasoned) $ 8 (17- by 12-inch) phyllo sheets, thawed if frozen $ a 9- to 9 1/2-inch (24-cm) springform pan $ ",Egg $ Appetizer $ Bake $ Feta $ Fennel $ Summer $ Cottage Cheese $ Dill $ Phyllo/Puff Pastry Dough $ Gourmet $ Vegetarian $ Pescatarian $ Peanut Free $ Tree Nut Free $ Soy Free $ Kosher $ ,Greek $ ,3/4,4,Egg $ Appetizer $ Bake $ Feta $ Fennel $ Summer $ Cottage Cheese $ Dill $ Phyllo/Puff Pastry Dough $ Gourmet $ Vegetarian $ Pescatarian $ Peanut Free $ Tree Nut Free $ Soy Free $ Kosher $ Greek $ 
https://www.epicurious.com/recipes/food/views/grilled-marinated-leg-of-lamb-234655,Grilled Marinated Leg of Lamb ,"1/2 cup extra-virgin olive oil $ 1/4 cup fresh lemon juice $ 4 garlic cloves, minced $ 1 tablespoon dried oregano (preferably Greek), crumbled $ 2 teaspoons salt $ 1 teaspoon black pepper $ 1 (4 1/2- to 5-lb) butterflied boneless leg of lamb, trimmed of fat $ a large (2-gallon) heavy-duty sealable plastic bag; 3 or 4 (10- to 12-inch) metal skewers $ ",Garlic $ Lamb $ Marinate $ Quick & Easy $ Lemon $ Summer $ Grill/Barbecue $ Oregano $ Gourmet $ ,Greek $ ,4/4,48,Garlic $ Lamb $ Marinate $ Quick & Easy $ Lemon $ Summer $ Grill/Barbecue $ Oregano $ Gourmet $ Greek $ 
https://www.epicurious.com/recipes/food/views/eggplant-and-veal-pastitsio-232796,Eggplant and Veal Pastitsio ,"1 (1 1/4-lb) eggplant, trimmed and cut into 1-inch pieces $ 1 teaspoon salt $ 2 tablespoons extra-virgin olive oil $ 6 cups chopped braised veal shanks with sauce, reheated to warm $ 3 cups short tubular pasta (about 10 oz) such as cellentani $ 3 cups whole milk $ 1 large garlic clove, smashed $ 3 tablespoons unsalted butter $ 3 tablespoons all-purpose flour $ 7 oz crumbled feta (1 1/2 cups) $ 3 large eggs, lightly beaten $ a 3- to 3 1/2-qt (13- by 9-inch) shallow baking dish or casserole $ ",Milk/Cream $ Egg $ Pasta $ Bake $ Casserole/Gratin $ Feta $ Veal $ Eggplant $ Gourmet $ ,Greek $ ,3/4,4,Milk/Cream $ Egg $ Pasta $ Bake $ Casserole/Gratin $ Feta $ Veal $ Eggplant $ Gourmet $ Greek $ 
https://www.epicurious.com/recipes/food/views/roasted-red-pepper-with-feta-dip-232689,Roasted Red Pepper with Feta Dip ,"4 red bell peppers $ 1/4 cup extra-virgin olive oil $ 2 garlic cloves, peeled $ 2 cups crumbled feta cheese $ ",Condiment/Spread $ Garlic $ Broil $ Quick & Easy $ Feta $ Bell Pepper $ Chill $ Bon Appétit $ ,Greek $ ,3.5/4,69,Condiment/Spread $ Garlic $ Broil $ Quick & Easy $ Feta $ Bell Pepper $ Chill $ Bon Appétit $ Greek $ 
https://www.epicurious.com/recipes/food/views/orecchiette-with-garbanzos-tomatoes-feta-and-mint-232564,"Orecchiette with Garbanzos, Tomatoes, Feta, and Mint ","1 pound orecchiette (ear-shaped pasta) $ 1 pound Golden Grape or cherry tomatoes (scant 4 cups), halved $ 7 tablespoons extra-virgin olive oil, divided $ 1/3 cup chopped fresh mint plus sprigs for garnish $ 1/3 cup thinly sliced green onions $ 1/4 cup chopped fresh cilantro plus sprigs for garnish $ 2 garlic cloves, minced $ 1 15 1/2-ounce can garbanzo beans (chickpeas), drained, patted dry $ 6 ounces feta cheese, coarsely crumbled (about 1 1/2 cups) $ ",Bean $ Pasta $ Tomato $ Sauté $ Vegetarian $ Quick & Easy $ Feta $ Mint $ Summer $ Cilantro $ Bon Appétit $ ,Greek $ Italian $ ,3.5/4,25,Bean $ Pasta $ Tomato $ Sauté $ Vegetarian $ Quick & Easy $ Feta $ Mint $ Summer $ Cilantro $ Bon Appétit $ Greek $ Italian $ 
https://www.epicurious.com/recipes/food/views/ikarian-vegetable-medley-232482,Ikarian Vegetable Medley ,"3 medium zucchini (2 lb total), cut crosswise into 1/4-inch-thick slices $ 2 medium eggplants (2 lb total), cut crosswise into 1/4-inch-thick slices $ 2 green bell peppers, cut lengthwise into 3/4-inch-wide strips $ 4 1/2 teaspoons salt $ About 2 cups extra-virgin olive oil (preferably Greek) $ 2 medium onions, finely chopped (2 cups) $ 3 garlic cloves, finely chopped $ 2 russet (baking) potatoes (1 lb total) $ 1/2 teaspoon black pepper $ 3 large tomatoes (1 1/2 lb total) $ ",Garlic $ Onion $ Potato $ Tomato $ Side $ Fry $ Sauté $ Vegetarian $ Low Cal $ Low/No Sugar $ Eggplant $ Bell Pepper $ Zucchini $ Vegan $ Gourmet $ Pescatarian $ Dairy Free $ Wheat/Gluten-Free $ Peanut Free $ Tree Nut Free $ Soy Free $ No Sugar Added $ Kosher $ ,Greek $ ,3/4,1,Garlic $ Onion $ Potato $ Tomato $ Side $ Fry $ Sauté $ Vegetarian $ Low Cal $ Low/No Sugar $ Eggplant $ Bell Pepper $ Zucchini $ Vegan $ Gourmet $ Pescatarian $ Dairy Free $ Wheat/Gluten-Free $ Peanut Free $ Tree Nut Free $ Soy Free $ No Sugar Added $ Kosher $ Greek $ 
https://www.epicurious.com/recipes/food/views/split-peas-with-honey-sweetened-eggplant-232481,Split Peas with Honey-Sweetened Eggplant ,"1 large red onion, finely chopped (2 cups) $ 2/3 cup extra-virgin olive oil (preferably Greek) $ 1 lb yellow split peas (2 1/4 cups), picked over, rinsed well, and drained $ 6 cups water $ 1 Turkish or 1/2 California bay leaf $ 2 teaspoons salt $ 1/4 cup fresh lemon juice $ 1/2 lb eggplant, cut into 1/2-inch cubes (3 1/2 cups) $ 1 1/4 teaspoons salt $ 2 large tomatoes $ 6 tablespoons extra-virgin olive oil (preferably Greek) plus additional for drizzling $ 2 medium onions, coarsely chopped $ 2 garlic cloves, minced $ 1 teaspoon mild honey $ 1 tablespoon drained bottled small capers (in brine), rinsed $ 2 tablespoons thinly sliced fresh basil or chopped fresh oregano $ 1/4 teaspoon black pepper $ 1 to 2 tablespoons balsamic or Greek raisin vinegar $ ",Onion $ Tomato $ Side $ Sauté $ Vegetarian $ Eggplant $ Pea $ Honey $ Capers $ Gourmet $ Pescatarian $ Dairy Free $ Wheat/Gluten-Free $ Peanut Free $ Tree Nut Free $ Soy Free $ Kosher $ ,Greek $ ,3.5/4,30,Onion $ Tomato $ Side $ Sauté $ Vegetarian $ Eggplant $ Pea $ Honey $ Capers $ Gourmet $ Pescatarian $ Dairy Free $ Wheat/Gluten-Free $ Peanut Free $ Tree Nut Free $ Soy Free $ Kosher $ Greek $ 
