link,name,ingredients,recipe_category,recipe_cuisine,rating,rating_count,keywords
https://www.epicurious.com/recipes/food/views/miniature-gougeres-11379,Miniature Gougeres ,"1 tablespoon dill seeds $ 1 1/2 cups coarsely grated Gruyère $ 1 cup water $ 1 stick (1/2 cup) unsalted butter, cut into small pieces $ 1/2 teaspoon salt $ 1 cup all-purpose flour $ 4 to 5 large eggs $ ",Cheese $ Egg $ Bake $ Dill $ Gourmet $ ,French $ ,3.5/4,25,Cheese $ Egg $ Bake $ Dill $ Gourmet $ French $ 
https://www.epicurious.com/recipes/food/views/chicken-with-baby-onions-1799,Chicken with Baby Onions ,"2 tablespoons (1/4 stick) butter $ 4 large chicken thighs (about 1 1/2 pounds) $ 1 tablespoon all purpose flour $ 16 pearl onions, peeled $ 1 cup canned low-salt chicken broth $ 1/3 cup dry white wine $ 4 bay leaves $ 1 tablespoon dried thyme $ ",Chicken $ Onion $ Sauté $ Bon Appétit $ ,French $ ,3/4,24,Chicken $ Onion $ Sauté $ Bon Appétit $ French $ 
https://www.epicurious.com/recipes/food/views/creme-anglaise-101124,Crème Anglaise ,1 cup half-and-half $ 1/2 cup heavy cream $ 2 large egg yolks $ 3 tablespoons sugar $ 1 teaspoon cornstarch $ ,Sauce $ Milk/Cream $ Egg $ Dessert $ Quick & Easy $ Chill $ Gourmet $ Kidney Friendly $ Vegetarian $ Pescatarian $ Wheat/Gluten-Free $ Peanut Free $ Tree Nut Free $ Soy Free $ Kosher $ ,French $ ,3.5/4,22,Sauce $ Milk/Cream $ Egg $ Dessert $ Quick & Easy $ Chill $ Gourmet $ Kidney Friendly $ Vegetarian $ Pescatarian $ Wheat/Gluten-Free $ Peanut Free $ Tree Nut Free $ Soy Free $ Kosher $ French $ 
https://www.epicurious.com/recipes/food/views/chicken-saute-with-sherry-101480,Chicken Sauté with Sherry ,"3 to 4 pound chicken, quartered, backbone removed $ 6 tablespoons butter $ 1 teaspoon salt $ 1/2 teaspoon white pepper $ 1/2 teaspoon powdered ginger $ 1 cup dry sherry $ ",Chicken $ Poultry $ Sauté $ Quick & Easy $ Sherry $ Winter $ House & Garden $ ,French $ ,3.5/4,21,Chicken $ Poultry $ Sauté $ Quick & Easy $ Sherry $ Winter $ House & Garden $ French $ 
https://www.epicurious.com/recipes/food/views/bing-cherry-clafouti-11871,Bing Cherry Clafouti ,"1/3 cup plus 1 tablespoon sugar $ 2 tablespoons all-purpose flour $ 2 large eggs $ 2/3 cup milk $ 1 1/2 teaspoons vanilla extract $ 1/2 teaspoon orange zest $ 1/4 teaspoon almond extract $ 1/4 teaspoon salt $ 1 cup Bing cherries, halved and pitted $ 1/2 tablespoon unsalted butter, cut into bits $ vanilla ice cream as an accompaniment if desired $ ",Blender $ Dessert $ Bake $ Broil $ Quick & Easy $ Cherry $ Gourmet $ Vegetarian $ Pescatarian $ Peanut Free $ Soy Free $ Kosher $ ,French $ ,3/4,11,Blender $ Dessert $ Bake $ Broil $ Quick & Easy $ Cherry $ Gourmet $ Vegetarian $ Pescatarian $ Peanut Free $ Soy Free $ Kosher $ French $ 
https://www.epicurious.com/recipes/food/views/twice-baked-almond-cookies-101618,Twice-Baked Almond Cookies ,2 1/2 cups all purpose flour $ Pinch of salt $ 1 1/4 cups sugar $ 3 large eggs $ 2 tablespoons honey $ 1 tablespoon orange flower water* $ 2 1/4 cups whole almonds (about 12 ounces) $ *Orange flower water is a flavoring extract sold at liquor stores and in the liquor or specialty foods section of some supermarkets. $ ,Cookies $ Nut $ Dessert $ Bake $ Almond $ Spring $ Winter $ Bon Appétit $ Kidney Friendly $ Vegetarian $ Pescatarian $ Dairy Free $ Peanut Free $ Soy Free $ Kosher $ ,French $ ,3/4,6,Cookies $ Nut $ Dessert $ Bake $ Almond $ Spring $ Winter $ Bon Appétit $ Kidney Friendly $ Vegetarian $ Pescatarian $ Dairy Free $ Peanut Free $ Soy Free $ Kosher $ French $ 
https://www.epicurious.com/recipes/food/views/caneton-a-lorange-101496,Caneton a l'Orange ,"2 4 to 5 pound ducks $ 2 carrots, sliced $ 2 onions, sliced $ Thyme, bay leaf $ 1/4 cup white wine $ 1/2 cup chicken consommé $ 2 tablespoons and 1/4 cup sugar $ 1 tablespoon vinegar $ Juice of two oranges $ Juice of 1/2 lemon $ 1-2 tablespoons flour $ 1 teaspoon Kitchen Bouquet $ 2 oranges, sectioned $ 2 ounces Curaçao, or Grand Marnier $ 1 ounce cognac $ 8 large potatoes $ 6 tablespoons butter $ 2 tablespoons light cream $ 4 egg yolks $ Flour, beaten eggs, bread crumbs $ Finely grated orange peel $ Fat for deep frying $ ",Chicken $ Citrus $ Dairy $ Poultry $ Fry $ Roast $ Winter $ House & Garden $ ,French $ ,2/4,2,Chicken $ Citrus $ Dairy $ Poultry $ Fry $ Roast $ Winter $ House & Garden $ French $ 
https://www.epicurious.com/recipes/food/views/mussels-with-garlic-and-fines-herbes-101374,Mussels with Garlic and Fines Herbes ,"Special Equipment: Coffee filter or cheesecloth $ 3 pounds mussels $ 1 1/2 cups white wine $ 4 shallot lobes, sliced thin $ 1 bay leaf $ 2 tablespoons olive oil $ 2 cloves garlic, sliced thin $ 1 tablespoon chopped flat-leaf parsley leaves (about 3 sprigs) $ 1/2 tablespoon chopped chervil leaves (about 4 sprigs) $ 2 teaspoons chopped tarragon leaves (about 2 branches) $ 1 teaspoon thinly sliced chive blades (about 3 blades) $ ",Garlic $ Herb $ Shellfish $ Steam $ Mussel $ White Wine $ Spring $ Tarragon $ Chive $ Parsley $ ,French $ ,3/4,7,Garlic $ Herb $ Shellfish $ Steam $ Mussel $ White Wine $ Spring $ Tarragon $ Chive $ Parsley $ French $ 
https://www.epicurious.com/recipes/food/views/wild-mushroom-saute-101626,Wild Mushroom Sauté ,"1/2 cup (packed) fresh Italian parsley leaves $ 3 garlic cloves $ 5 tablespoons extra-virgin olive oil $ 1/2 teaspoon coarse sea salt $ 2 pounds assorted fresh wild mushrooms (such as chanterelles, morels, boletes, portobellos, crimini, oyster and stemmed shiitakes), large mushrooms quartered, medium mushrooms halved $ 1 tablespoon fresh lemon juice $ Additional fresh Italian parsley $ ",Mushroom $ Side $ Sauté $ Low Carb $ Vegetarian $ Low/No Sugar $ Spring $ Bon Appétit $ Sugar Conscious $ Vegan $ Pescatarian $ Paleo $ Dairy Free $ Wheat/Gluten-Free $ Peanut Free $ Tree Nut Free $ Soy Free $ No Sugar Added $ Kosher $ ,French $ ,3.5/4,42,Mushroom $ Side $ Sauté $ Low Carb $ Vegetarian $ Low/No Sugar $ Spring $ Bon Appétit $ Sugar Conscious $ Vegan $ Pescatarian $ Paleo $ Dairy Free $ Wheat/Gluten-Free $ Peanut Free $ Tree Nut Free $ Soy Free $ No Sugar Added $ Kosher $ French $ 
https://www.epicurious.com/recipes/food/views/green-salad-with-oil-and-vinegar-dressing-i-salade-verte-a-la-vinaigrette-i-102297,Green Salad with Oil and Vinegar Dressing (Salade Verte à la Vinaigrette) ,"2 teaspoons sherry vinegar $ 1/4 teaspoon sea salt $ Freshly ground black pepper $ 1/2 teaspoon Dijon mustard $ 1 small clove garlic, peeled, green germ removed, and minced $ 1/4 cup (60 ml) extra-virgin olive oil $ 7 ounces (210 g) mixed salad greens (8 cups, loosely packed), such as escarole, oak-leaf, and romaine, rinsed, patted dry, and torn into bite-size pieces $ ",Salad $ Garlic $ Leafy Green $ Mustard $ No-Cook $ Vegetarian $ Quick & Easy $ Dinner $ Lunch $ Vinegar $ Healthy $ Vegan $ Sugar Conscious $ Kidney Friendly $ Pescatarian $ Paleo $ Dairy Free $ Wheat/Gluten-Free $ Peanut Free $ Tree Nut Free $ Soy Free $ No Sugar Added $ Kosher $ ,French $ ,3.5/4,18,Salad $ Garlic $ Leafy Green $ Mustard $ No-Cook $ Vegetarian $ Quick & Easy $ Dinner $ Lunch $ Vinegar $ Healthy $ Vegan $ Sugar Conscious $ Kidney Friendly $ Pescatarian $ Paleo $ Dairy Free $ Wheat/Gluten-Free $ Peanut Free $ Tree Nut Free $ Soy Free $ No Sugar Added $ Kosher $ French $ 
https://www.epicurious.com/recipes/food/views/jacquess-croque-madame-102364,Jacques's Croque Madame ,"2 slices home-style white bread $ 1 Tablespoons soft butter, or more if needed $ 2 or more slices Swiss cheese (such as Gruyère or Emmentaler) about 1/8 inch thick (enough to cover both bread slices) $ several slices cooked chicken, about 1/8 inch thick (enough to cover one bread slice) $ 1 teaspoon chopped fresh chives $ dashes of Tabasco sauce (optional) $ A cookie sheet or shallow-rimmed baking sheet, large enough to hold all the sandwiches at once $ ",Sandwich $ Cheese $ Chicken $ Poultry $ Appetizer $ Bake $ Kid-Friendly $ Dinner $ Lunch $ Sugar Conscious $ Kidney Friendly $ Peanut Free $ Tree Nut Free $ Soy Free $ ,French $ ,3/4,10,Sandwich $ Cheese $ Chicken $ Poultry $ Appetizer $ Bake $ Kid-Friendly $ Dinner $ Lunch $ Sugar Conscious $ Kidney Friendly $ Peanut Free $ Tree Nut Free $ Soy Free $ French $ 
https://www.epicurious.com/recipes/food/views/duck-confit-102313,Duck Confit ,"3 tablespoons salt $ 4 cloves garlic, smashed $ 1 shallot, peeled and sliced $ 6 sprigs thyme $ Coarsely ground black pepper $ 4 duck legs with thighs $ 4 duck wings, trimmed $ About 4 cups duck fat $ ",Duck $ Garlic $ Fall $ Thyme $ Simmer $ ,French $ ,3.5/4,44,Duck $ Garlic $ Fall $ Thyme $ Simmer $ French $ 
https://www.epicurious.com/recipes/food/views/bittersweet-chocolate-souffle-with-earl-grey-custard-sauce-107714,Bittersweet Chocolate Soufflé with Earl Grey Custard Sauce ,"6 large egg yolks $ 2 tablespoons plus 1/2 cup sugar $ 1 1/2 cups whole milk $ 1/2 cup whipping cream $ 1 tablespoon Earl Grey tea leaves (from 3 tea bags) $ 1/3 cup whole milk $ 8 tablespoons sugar $ 2 1/2 ounces unsweetened chocolate, chopped $ 2 1/2 ounces bittersweet (not unsweetened) or semisweet chocolate, chopped $ 2 large egg yolks $ 5 large egg whites $ ",Tea $ Mixer $ Chocolate $ Egg $ Dessert $ Bake $ Winter $ Simmer $ Bon Appétit $ Vegetarian $ Pescatarian $ Wheat/Gluten-Free $ Peanut Free $ Tree Nut Free $ Soy Free $ Kosher $ ,French $ ,3.5/4,25,Tea $ Mixer $ Chocolate $ Egg $ Dessert $ Bake $ Winter $ Simmer $ Bon Appétit $ Vegetarian $ Pescatarian $ Wheat/Gluten-Free $ Peanut Free $ Tree Nut Free $ Soy Free $ Kosher $ French $ 
https://www.epicurious.com/recipes/food/views/white-butter-sauce-with-cream-em-beurre-nantais-em-100899,White Butter Sauce with Cream Beurre Nantais ,1 stick (1/2 cup) unsalted butter $ 2 tablespoons dry white wine $ 2 tablespoons white-wine vinegar $ 1 tablespoon chopped shallot $ 3 tablespoons heavy cream $ a few drops fresh lemon juice $ ,Sauce $ Dairy $ Christmas $ Thanksgiving $ Vegetarian $ Winter $ Christmas Eve $ Gourmet $ ,French $ ,3/4,4,Sauce $ Dairy $ Christmas $ Thanksgiving $ Vegetarian $ Winter $ Christmas Eve $ Gourmet $ French $ 
https://www.epicurious.com/recipes/food/views/rustic-apricot-sorbet-101990,Rustic Apricot Sorbet ,"1 cup water $ 1/2 cup sugar $ 1 pound apricots, pitted $ 1 tablespoon freshly squeezed lemon juice $ ",Ice Cream Machine $ Dessert $ Freeze/Chill $ Apricot $ Summer $ Vegan $ Fat Free $ Kidney Friendly $ Vegetarian $ Pescatarian $ Dairy Free $ Wheat/Gluten-Free $ Peanut Free $ Tree Nut Free $ Soy Free $ Kosher $ ,French $ ,3/4,5,Ice Cream Machine $ Dessert $ Freeze/Chill $ Apricot $ Summer $ Vegan $ Fat Free $ Kidney Friendly $ Vegetarian $ Pescatarian $ Dairy Free $ Wheat/Gluten-Free $ Peanut Free $ Tree Nut Free $ Soy Free $ Kosher $ French $ 
https://www.epicurious.com/recipes/food/views/watercress-and-belgian-endive-salad-107607,Watercress and Belgian Endive Salad ,"5 1/4 teaspoons white-wine vinegar $ 1 garlic clove, minced $ 1/8 teaspoon fine sea salt $ 1/8 teaspoon black pepper $ 1/3 cup olive oil $ 3 large bunches watercress sprigs (9 ounces), coarse stems discarded $ 1 1/2 lb Belgian endives, cut crosswise into 1/2-inch-wide pieces $ ",Salad $ Leafy Green $ No-Cook $ Quick & Easy $ Vinegar $ Winter $ Endive $ Watercress $ Gourmet $ ,French $ ,2.5/4,6,Salad $ Leafy Green $ No-Cook $ Quick & Easy $ Vinegar $ Winter $ Endive $ Watercress $ Gourmet $ French $ 
https://www.epicurious.com/recipes/food/views/plum-hazelnut-torte-100776,Plum Hazelnut Torte ,"1 1/2 pounds Italian prune plums $ 1 cup sugar $ 3/4 cup hazelnuts $ 1 1/4 cups all-purpose flour $ 1 1/2 teaspoons baking powder $ 1/4 teaspoon salt $ 1/2 teaspoon ground allspice $ 1 1/2 sticks (3/4 cup) unsalted butter, softened $ 3 large eggs $ 1 teaspoon vanilla $ ",Cake $ Mixer $ Dairy $ Fruit $ Nut $ Dessert $ Bake $ Vegetarian $ Plum $ Fall $ Summer $ Hazelnut $ Gourmet $ Pescatarian $ Peanut Free $ Soy Free $ Kosher $ ,French $ ,3.5/4,18,Cake $ Mixer $ Dairy $ Fruit $ Nut $ Dessert $ Bake $ Vegetarian $ Plum $ Fall $ Summer $ Hazelnut $ Gourmet $ Pescatarian $ Peanut Free $ Soy Free $ Kosher $ French $ 
https://www.epicurious.com/recipes/food/views/quick-brie-and-olive-pizza-106398,Quick Brie and Olive Pizza ,"1 refrigerated pie crust, room temperature $ 1 1/2 tablespoons Dijon mustard $ 1 8-ounce Brie cheese, rind removed, cheese cut into 1/2-inch cubes $ 2 plum tomatoes, halved crosswise, seeded, cut into thin rounds $ 10 Kalamata olives or other brine-cured black olives, pitted, halved $ 2 tablespoons minced red onion $ 1 tablespoon minced fresh oregano $ 2 tablespoons coarsely grated Parmesan cheese $ ",Olive $ Appetizer $ Bake $ Dinner $ Lunch $ Brie $ Bon Appétit $ Sugar Conscious $ Peanut Free $ Tree Nut Free $ Soy Free $ ,American $ French $ ,3.5/4,21,Olive $ Appetizer $ Bake $ Dinner $ Lunch $ Brie $ Bon Appétit $ Sugar Conscious $ Peanut Free $ Tree Nut Free $ Soy Free $ American $ French $ 
https://www.epicurious.com/recipes/food/views/coriander-and-chile-rubbed-lamb-chops-103183,Coriander-and-Chile-Rubbed Lamb Chops ,"1/2 cup fresh lemon juice $ 2 tablespoons minced garlic $ 12 boneless lamb loin chops (each 1 inch thick, tied by butcher) or shoulder chops $ 1/4 cup plus 1 tablespoon coriander seeds $ 1 1/2 teaspoons dried hot red pepper flakes $ About 6 tablespoons olive oil $ ",Garlic $ Lamb $ Roast $ Sauté $ Lamb Chop $ Spring $ Coriander $ Gourmet $ ,American $ French $ ,2.5/4,8,Garlic $ Lamb $ Roast $ Sauté $ Lamb Chop $ Spring $ Coriander $ Gourmet $ American $ French $ 
https://www.epicurious.com/recipes/food/views/sauteed-potato-balls-105513,Sauteed Potato Balls ,4 lb russet (baking) potatoes $ 3/4 stick (6 tablespoons) unsalted butter $ Garnish: finely chopped fresh parsley $ a 1 1/4-inch olive-shaped melon-ball cutter $ ,Potato $ Side $ Sauté $ Quick & Easy $ Gourmet $ Sugar Conscious $ Vegetarian $ Pescatarian $ Wheat/Gluten-Free $ Peanut Free $ Tree Nut Free $ Soy Free $ No Sugar Added $ Kosher $ ,French $ ,3.5/4,5,Potato $ Side $ Sauté $ Quick & Easy $ Gourmet $ Sugar Conscious $ Vegetarian $ Pescatarian $ Wheat/Gluten-Free $ Peanut Free $ Tree Nut Free $ Soy Free $ No Sugar Added $ Kosher $ French $ 
https://www.epicurious.com/recipes/food/views/fish-soup-with-aioli-croutons-105534,Fish Soup with Aïoli Croutons ,"3/4 cup mayonnaise $ 2 teaspoons Dijon mustard $ 2 teaspoons red wine vinegar $ 2 garlic cloves, minced $ 3/4 teaspoon hot pepper sauce $ 6 tablespoons olive oil $ 4 leeks (white and pale green parts only), sliced $ 2 carrots, cut into 1/2-inch pieces $ 1 fennel bulb, cut into 1/2-inch pieces $ 2 shallots, chopped $ 6 large garlic cloves, chopped $ 2 plum tomatoes, coarsely chopped $ 2 tablespoons tomato paste $ 1/2 teaspoon dried thyme $ 1/4 teaspoon saffron threads $ 1 1/2 cups dry white wine $ 5 cups (or more) chicken stock or canned low-salt chicken broth $ 3 pounds assorted fish fillets (such as sea bass, snapper, and orange roughy), cut into 2-inch pieces $ 1 French bread baguette, cut into 1/3-inch-thick slices, toasted $ Chopped fresh parsley $ ",Soup/Stew $ Fish $ Garlic $ Tomato $ Mayonnaise $ Fennel $ Leek $ Carrot $ White Wine $ Winter $ Bon Appétit $ ,French $ ,3/4,9,Soup/Stew $ Fish $ Garlic $ Tomato $ Mayonnaise $ Fennel $ Leek $ Carrot $ White Wine $ Winter $ Bon Appétit $ French $ 
https://www.epicurious.com/recipes/food/views/fillet-of-trout-with-tomato-107239,Fillet of Trout with Tomato ,"4 trout fillets, about 6 ounces each $ Salt $ 1 tablespoon capers $ 2 tablespoons green olives, pitted $ 8 to 10 pearl onions, chopped $ 1 pound ripe plum tomatoes, chopped $ 1 tablespoon chopped parsley $ 1 clove garlic, chopped $ 1 cup dry white wine $ 3 tablespoons olive oil $ Freshly ground black pepper $ ",Olive $ Onion $ Tomato $ Bake $ Quick & Easy $ Trout $ White Wine $ Fall $ Capers $ ,French $ ,3/4,20,Olive $ Onion $ Tomato $ Bake $ Quick & Easy $ Trout $ White Wine $ Fall $ Capers $ French $ 
https://www.epicurious.com/recipes/food/views/pissaladiere-101620,Pissaladiere ,"1 1/4 cups all purpose flour $ 1/2 teaspoon salt $ 1/4 cup (1/2 stick) chilled unsalted butter, cut into1/2-inch pieces $ 2 tablespoons olive oil $ 2 tablespoons (or more) water $ 3 tablespoons olive oil $ 2 1/2 pounds onions, thinly sliced (about 8 cups) $ 3 garlic cloves, finely chopped $ 1 small bay leaf $ 1 teaspoon chopped fresh thyme $ 1 tablespoon drained capers $ 20 Niçois olives $ 16 anchovy fillets $ ",Fish $ Olive $ Appetizer $ Bake $ Fall $ Spring $ Winter $ Bon Appétit $ Pescatarian $ Peanut Free $ Tree Nut Free $ Soy Free $ No Sugar Added $ Kosher $ ,French $ ,3.5/4,13,Fish $ Olive $ Appetizer $ Bake $ Fall $ Spring $ Winter $ Bon Appétit $ Pescatarian $ Peanut Free $ Tree Nut Free $ Soy Free $ No Sugar Added $ Kosher $ French $ 
https://www.epicurious.com/recipes/food/views/eggs-baked-in-piperade-108783,Eggs Baked in Pipérade ,"1 large onion, chopped $ 2 red bell peppers, chopped $ 3 tablespoons extra-virgin olive oil $ 1/2 teaspoon hot paprika $ 1 teaspoon minced garlic $ 2 (14- to 15-ounce) cans diced tomatoes, including juice $ 8 large eggs $ 3 ounces crumbled feta (3/4 cup) $ ",Egg $ Onion $ Tomato $ Breakfast $ Brunch $ Bake $ Quick & Easy $ Lunch $ Feta $ Bell Pepper $ Fall $ Gourmet $ Vegetarian $ Pescatarian $ Wheat/Gluten-Free $ Peanut Free $ Tree Nut Free $ Soy Free $ No Sugar Added $ Kosher $ ,French $ Spanish/Portuguese $ ,2.5/4,10,Egg $ Onion $ Tomato $ Breakfast $ Brunch $ Bake $ Quick & Easy $ Lunch $ Feta $ Bell Pepper $ Fall $ Gourmet $ Vegetarian $ Pescatarian $ Wheat/Gluten-Free $ Peanut Free $ Tree Nut Free $ Soy Free $ No Sugar Added $ Kosher $ French $ Spanish/Portuguese $ 
https://www.epicurious.com/recipes/food/views/rolled-turkey-roast-105193,Rolled Turkey Roast ,"2 tablespoons extra virgin olive oil $ One 2 1/2-pound (1k 250g) turkey loin, with barding fat $ 7 shallots, peeled and halved $ 3 Italian peppers, trimmed and cut in 1/2-inch lengths $ 2 red onions, cut in eighths $ 2 dried, imported bay leaves $ 1 tablespoon fresh thyme leaves $ Sea salt and freshly ground black pepper $ ",Pepper $ turkey $ Roast $ Dinner $ Shallot $ Paleo $ Dairy Free $ Wheat/Gluten-Free $ Peanut Free $ Tree Nut Free $ Soy Free $ No Sugar Added $ Kosher $ ,French $ ,0/4,2,Pepper $ turkey $ Roast $ Dinner $ Shallot $ Paleo $ Dairy Free $ Wheat/Gluten-Free $ Peanut Free $ Tree Nut Free $ Soy Free $ No Sugar Added $ Kosher $ French $ 
https://www.epicurious.com/recipes/food/views/grilled-tomatoes-with-aioli-664,Grilled Tomatoes with Aïoli ,"1/3 cup mayonnaise $ 1 large garlic clove, pressed $ 3/4 teaspoon fresh lemon juice $ 1 cup mesquite wood chips, soaked in cold water 1 hour (optional) $ 2 large tomatoes (about 1 1/2 pounds), cut crosswise in half $ 1 1/2 tablespoons olive oil $ ",Tomato $ Side $ Vegetarian $ Wheat/Gluten-Free $ Mayonnaise $ Summer $ Grill/Barbecue $ Bon Appétit $ Pescatarian $ Paleo $ Dairy Free $ Peanut Free $ Tree Nut Free $ Soy Free $ Kosher $ ,French $ ,3/4,4,Tomato $ Side $ Vegetarian $ Wheat/Gluten-Free $ Mayonnaise $ Summer $ Grill/Barbecue $ Bon Appétit $ Pescatarian $ Paleo $ Dairy Free $ Peanut Free $ Tree Nut Free $ Soy Free $ Kosher $ French $ 
https://www.epicurious.com/recipes/food/views/babas-au-calvado-with-glazed-apple-rings-13170,Babas au Calvado with Glazed Apple Rings ,"1 1/2 teaspoons active dry yeast $ 1 tablespoon sugar $ 1/4 cup lukewarm milk $ 3/4 cup all-purpose flour $ 1 large egg $ 1/4 teaspoon salt $ 3 tablespoons unsalted butter, cut into pieces and softened $ 1/2 teaspoon cinnamon $ 1/2 cup sugar $ 1 cup water $ 1/3 cup Calvados $ 1/4 cup apple jelly $ 2 tablespoons Calvados $ 1 tablespoon sugar $ glazed apple rings and crème fraîche for garnish $ ",Cake $ Liqueur $ Mixer $ Dessert $ Bake $ Apple $ Gourmet $ ,French $ ,0/4,0,Cake $ Liqueur $ Mixer $ Dessert $ Bake $ Apple $ Gourmet $ French $ 
https://www.epicurious.com/recipes/food/views/honey-orange-madeleines-1807,Honey-Orange Madeleines ,"Melted butter $ 2 large eggs $ 1/3 cup honey $ 1/4 cup sugar $ 1 1/2 teaspoons grated orange peel $ 1/2 teaspoon orange flower water $ 1/2 teaspoon vanilla extract $ 1 cup all purpose flour $ 3/4 cup (1 1/2 sticks) unsalted butter, melted, room temperature $ Sugar $ ",Cookies $ Mixer $ Egg $ Dessert $ Bake $ Kid-Friendly $ Orange $ Bon Appétit $ Kidney Friendly $ Vegetarian $ Pescatarian $ Peanut Free $ Tree Nut Free $ Soy Free $ Kosher $ ,French $ ,3.5/4,6,Cookies $ Mixer $ Egg $ Dessert $ Bake $ Kid-Friendly $ Orange $ Bon Appétit $ Kidney Friendly $ Vegetarian $ Pescatarian $ Peanut Free $ Tree Nut Free $ Soy Free $ Kosher $ French $ 
https://www.epicurious.com/recipes/food/views/bittersweet-chocolate-cake-1863,Bittersweet Chocolate Cake ,"8 ounces bittersweet (not unsweetened) or semisweet chocolate, chopped $ 10 tablespoons (1 1/4 sticks) unsalted butter, cut into pieces $ 4 large eggs, separated $ 2/3 cup sugar $ 3 1/2 tablespoons all purpose flour $ Powdered sugar $ ",Cake $ Chocolate $ Egg $ Dessert $ Bake $ Quick & Easy $ Birthday $ Shower $ Party $ Bon Appétit $ Paris $ France $ Kidney Friendly $ Vegetarian $ Pescatarian $ Peanut Free $ Tree Nut Free $ Soy Free $ Kosher $ ,French $ ,3.5/4,48,Cake $ Chocolate $ Egg $ Dessert $ Bake $ Quick & Easy $ Birthday $ Shower $ Party $ Bon Appétit $ Paris $ France $ Kidney Friendly $ Vegetarian $ Pescatarian $ Peanut Free $ Tree Nut Free $ Soy Free $ Kosher $ French $ 
https://www.epicurious.com/recipes/food/views/sweet-wine-fritters-1808,Sweet Wine Fritters ,"3/4 cup all purpose flour $ 3 tablespoons unsalted butter, melted $ 1 tablespoon beaten egg $ 1 tablespoon sweet white wine $ 1/2 teaspoon vanilla extract $ Pinch of salt $ Vegetable oil $ Powdered sugar $ ",Wine $ Dessert $ Fry $ Bon Appétit $ Sugar Conscious $ Kidney Friendly $ Vegetarian $ Pescatarian $ Peanut Free $ Tree Nut Free $ Soy Free $ Kosher $ ,French $ ,3/4,1,Wine $ Dessert $ Fry $ Bon Appétit $ Sugar Conscious $ Kidney Friendly $ Vegetarian $ Pescatarian $ Peanut Free $ Tree Nut Free $ Soy Free $ Kosher $ French $ 
https://www.epicurious.com/recipes/food/views/french-onion-soup-1858,French Onion Soup ,"1/4 cup (1/2 stick) butter $ 6 onions (about 3 pounds), sliced $ 6 garlic cloves, sliced $ 1/2 cup dry white wine $ 3 cups canned low-salt chicken broth $ 3 cups canned beef broth $ 1 teaspoon Dijon mustard $ 4 sourdough bread slices, toasted $ 1 cup grated Swiss cheese $ 1/2 cup grated Parmesan $ ",Soup/Stew $ Cheese $ Onion $ Appetizer $ Kid-Friendly $ Dinner $ Lunch $ Bon Appétit $ Paris $ France $ Peanut Free $ Tree Nut Free $ Soy Free $ ,French $ ,3.5/4,200,Soup/Stew $ Cheese $ Onion $ Appetizer $ Kid-Friendly $ Dinner $ Lunch $ Bon Appétit $ Paris $ France $ Peanut Free $ Tree Nut Free $ Soy Free $ French $ 
https://www.epicurious.com/recipes/food/views/garlic-soup-1782,Garlic Soup ,"2 cups water $ 1 cup garlic cloves, peeled $ 1 cup chopped peeled potatoes $ 1 cup chopped carrots $ Whipping cream (optional) $ ",Soup/Stew $ Blender $ Garlic $ Potato $ Vegetarian $ Quick & Easy $ Carrot $ Bon Appétit $ ,French $ ,1/4,3,Soup/Stew $ Blender $ Garlic $ Potato $ Vegetarian $ Quick & Easy $ Carrot $ Bon Appétit $ French $ 
https://www.epicurious.com/recipes/food/views/marzipan-topped-strawberry-layer-cake-1865,Marzipan-Topped Strawberry Layer Cake ,"2 large eggs, room temperature $ 1/3 cup plus 2 tablespoons sugar $ 1/2 cup ground unsalted pistachios $ 1/2 cup unbleached all purpose flour $ 1/4 teaspoon baking powder $ 4 large egg whites, room temperature $ 6 large egg yolks $ 1/3 cup sugar $ 2 tablespoons unbleached all purpose flour $ 1 1/2 cups half and half $ 8 ounces imported white chocolate (such as Lindt), chopped $ 2 teaspoons vanilla extract $ 1 cup (2 sticks) unsalted butter, room temperature $ 5 tablespoons fraise or framboise eau-de-vie (clear strawberry or raspberry brandies) or other brandy $ 6 tablespoons strawberry jam $ 3 1-pint baskets strawberries, stemmed $ 7 ounces marzipan $ Green food coloring $ Powdered sugar $ 2 ounces imported white chocolate (such as Lindt), chopped $ 4 strawberries, cut in half through stem end $ ",Chocolate $ Dairy $ Egg $ Fruit $ Nut $ Dessert $ Bake $ Wedding $ Strawberry $ Spring $ Summer $ Shower $ Engagement Party $ Party $ Bon Appétit $ Vegetarian $ Pescatarian $ Peanut Free $ Soy Free $ Kosher $ ,French $ ,3.5/4,14,Chocolate $ Dairy $ Egg $ Fruit $ Nut $ Dessert $ Bake $ Wedding $ Strawberry $ Spring $ Summer $ Shower $ Engagement Party $ Party $ Bon Appétit $ Vegetarian $ Pescatarian $ Peanut Free $ Soy Free $ Kosher $ French $ 
https://www.epicurious.com/recipes/food/views/chocolate-chestnut-torte-13203,Chocolate Chestnut Torte ,"3/4 pound (about 2 cups) canned or vacuum-packed whole chestnuts, rinsed, drained  well, and patted dry if using canned $ 1 stick (1/2 cup) unsalted butter, softened $ 4 tablespoons dark rum $ 10 ounces fine-quality bittersweet chocolate, chopped and melted $ 6 large eggs, separated $ 1/4 teaspoon salt $ 1/2 cup sugar $ 6 ounces fine-quality bittersweet chocolate, chopped fine $ 1/2 cup heavy cream $ 1 tablespoon dark rum $ 8 marrons glacés (candied chestnuts, available at specialty foods shops) $ 1 cup well-chilled heavy cream $ 1 tablespoon sugar, or to taste $ 1 tablespoon dark rum if desired $ 3/4 cup chopped marrons glacés $ ",Cake $ Milk/Cream $ Rum $ Food Processor $ Mixer $ Chocolate $ Egg $ Dessert $ Bake $ Kid-Friendly $ Chestnut $ Gourmet $ ,French $ ,3.5/4,13,Cake $ Milk/Cream $ Rum $ Food Processor $ Mixer $ Chocolate $ Egg $ Dessert $ Bake $ Kid-Friendly $ Chestnut $ Gourmet $ French $ 
https://www.epicurious.com/recipes/food/views/shellfish-stew-provencale-11300,Shellfish Stew Provençale ,"1 large onion, chopped $ 2 pounds fennel bulb (sometimes called anise, available at most supermarkets), trimmed and sliced thin $ 1 red bell pepper, sliced thin lengthwise $ 1/4 cup olive oil $ the zest of 1 orange, removed in strips with a vegetable peeler $ 2 teaspoons minced fresh thyme leaves or 1 teaspoon dried, crumbled, plus thyme sprigs for garnish $ 1 bay leaf $ 1/4 teaspoon cayenne $ 1/2 teaspoon crumbled saffron threads $ 2 cups dry white wine $ 4 cups white fish stock or bottled clam juice $ a 28- to 32-ounce can tomatoes, drained and chopped $ 2 large garlic cloves, minced $ 16 small shrimp, shelled and deveined $ 16 small hard-shelled clams cleaned $ 1 pound King crab legs, thawed, shelled, and the cartilage discarded $ 8 large sea scallops, halved, or 16 small sea scallops $ 2 pounds bones and trimmings of any white fish such as sole, flounder, or whiting, chopped $ 2 cups sliced onion $ 24 long parsley sprigs $ 4 tablespoons fresh lemon juice $ 1 teaspoon salt $ 7 cups cold water $ 1 cup dry white wine $ ",Tomato $ Stew $ Clam $ Crab $ Scallop $ Shrimp $ Saffron $ White Wine $ Winter $ Gourmet $ ,French $ ,3.5/4,22,Tomato $ Stew $ Clam $ Crab $ Scallop $ Shrimp $ Saffron $ White Wine $ Winter $ Gourmet $ French $ 
https://www.epicurious.com/recipes/food/views/cornish-game-hens-with-sweet-onion-compote-101643,Cornish Game Hens with Sweet Onion Compote ,"9 tablespoons butter $ 3 large onions, chopped (about 6 cups) $ 6 tablespoons sugar $ 1 cup dry red wine $ 3 Cornish game hens, quartered, backbones removed $ 1/4 cup Sherry wine vinegar $ 1 1/2 cups chicken stock or canned low-salt chicken broth $ 2 tablespoons all purpose flour $ Chopped fresh parsley $ ",Game $ Onion $ Poultry $ Bake $ Roast $ Spring $ Bon Appétit $ ,French $ ,3.5/4,37,Game $ Onion $ Poultry $ Bake $ Roast $ Spring $ Bon Appétit $ French $ 
https://www.epicurious.com/recipes/food/views/creme-au-chocolat-15313,Crème au Chocolat ,"180 g (6 oz) plain chocolate, bitter for preference $ 6 egg yolks $ 6 teaspoons sugar $ 125 ml (4 fl oz) double cream $ 6 egg whites $ ",Chocolate $ Dairy $ Egg $ Dessert $ Kidney Friendly $ Vegetarian $ Pescatarian $ Wheat/Gluten-Free $ Peanut Free $ Tree Nut Free $ Soy Free $ Kosher $ ,French $ ,3/4,2,Chocolate $ Dairy $ Egg $ Dessert $ Kidney Friendly $ Vegetarian $ Pescatarian $ Wheat/Gluten-Free $ Peanut Free $ Tree Nut Free $ Soy Free $ Kosher $ French $ 
https://www.epicurious.com/recipes/food/views/wild-mushroom-and-gruyere-tart-with-fresh-herb-salad-108548,Wild Mushroom and Gruyère Tart with Fresh Herb Salad ,"1/2 cup whole-milk ricotta cheese $ 1 large egg yolk $ 2 teaspoons plus 2 tablespoons extra-virgin olive oil $ 1/4 cup crème fraîche or sour cream $ 1 1/2 pounds assorted fresh wild mushrooms (such as chanterelle, oyster, or stemmed shiitake), sliced $ 2 teaspoons fresh thyme leaves $ 1 tablespoon butter $ 1 bunch green onions, thinly sliced on diagonal (about 1 1/2 cups) $ 1 sheet frozen puff pastry (half of 17.3-ounce package), thawed $ 1 large egg yolk, beaten to blend with 1 teaspoon water (for glaze) $ 4 ounces thinly sliced Gruyère cheese $ 6 tablespoons fresh Italian parsley leaves $ 1/3 cup 1/2-inch pieces fresh chives $ 3 tablespoons fresh tarragon leaves $ 3 tablespoons fresh chervil leaves $ 2 tablespoons extra-virgin olive oil $ 2 teaspoons fresh lemon juice $ ",Mushroom $ Onion $ Appetizer $ Bake $ Sauté $ Dinner $ Lunch $ Ricotta $ Fall $ Tarragon $ Chive $ Sour Cream $ Parsley $ Phyllo/Puff Pastry Dough $ Bon Appétit $ Sugar Conscious $ Vegetarian $ Pescatarian $ Peanut Free $ Tree Nut Free $ Soy Free $ Kosher $ Diabetes-Friendly $ ,French $ ,3.5/4,82,Mushroom $ Onion $ Appetizer $ Bake $ Sauté $ Dinner $ Lunch $ Ricotta $ Fall $ Tarragon $ Chive $ Sour Cream $ Parsley $ Phyllo/Puff Pastry Dough $ Bon Appétit $ Sugar Conscious $ Vegetarian $ Pescatarian $ Peanut Free $ Tree Nut Free $ Soy Free $ Kosher $ Diabetes-Friendly $ French $ 
https://www.epicurious.com/recipes/food/views/pecan-sables-107387,Pecan Sables ,"3/4 cup pecans (3 oz), toasted and cooled, plus about 32 pecan halves (3 oz) $ 2/3 cup plus 2 tablespoons confectioners sugar $ 1 1/4 cups all-purpose flour $ 1/2 teaspoon salt $ 1/4 teaspoon baking powder $ 1 stick (1/2 cup) unsalted butter, softened $ 1/2 teaspoon vanilla $ 1 large egg, separated $ a 2-inch round cookie cutter $ ",Food Processor $ Nut $ Bake $ Quick & Easy $ Pecan $ Fall $ Gourmet $ ,American $ French $ ,3.5/4,25,Food Processor $ Nut $ Bake $ Quick & Easy $ Pecan $ Fall $ Gourmet $ American $ French $ 
https://www.epicurious.com/recipes/food/views/glazed-cooked-and-raw-asparagus-with-butter-and-parmesan-15778,Glazed Cooked and Raw Asparagus with Butter and Parmesan ,"40 medium green asparagus spears (about 2 pounds), trimmed to about 5 inchesand peeled, plus tips only of 4 medium asparagus spears, coarsely chopped $ 1 tablespoon fine sea salt $ 6 tablespoons unsalted butter $ 1/2 cup freshly grated Parmigiano-Reggiano cheese $ freshly ground black pepper $ 4 teaspoons fruity extra-virgin olive oil, chilled $ ",Cheese $ Vegetable $ Appetizer $ Side $ Sauté $ Vegetarian $ Parmesan $ Asparagus $ Spring $ ,French $ ,3.5/4,29,Cheese $ Vegetable $ Appetizer $ Side $ Sauté $ Vegetarian $ Parmesan $ Asparagus $ Spring $ French $ 
https://www.epicurious.com/recipes/food/views/grilled-seafood-salad-nicoise-12305,Grilled Seafood Salad Niçoise ,"3 tablespoons red-wine vinegar $ 1 tablespoon Dijon-styled mustard $ 1 teaspoon anchovy paste $ 1/2 teaspoon dried thyme, crumbled $ 1/4 teaspoon sugar $ 1/3 cup olive oil $ 1 pound 1-inch-thick tuna steak, cut into 6 pieces $ 1 large yellow squash, cut into 1/4-inch-thick slices $ 9 jumbo shrimp, shelled and halved lengthwise $ 12 large sea scallops $ 1 pound green or wax beans or a combination, trimmed and cut into 2-inch lengths $ red-leaf lettuce for lining the plates $ 1 red bell pepper, roasted and cut into 2-inch pieces $ 1 pint red or yellow cherry tomatoes or a combination, quartered $ 1 cup drained Niçoise olives (available at specialty foods shops and some supermarkets) $ ",Salad $ Leafy Green $ Olive $ Backyard BBQ $ Lunch $ Tuna $ Scallop $ Shrimp $ Grill $ Grill/Barbecue $ Gourmet $ ,French $ ,3.5/4,18,Salad $ Leafy Green $ Olive $ Backyard BBQ $ Lunch $ Tuna $ Scallop $ Shrimp $ Grill $ Grill/Barbecue $ Gourmet $ French $ 
https://www.epicurious.com/recipes/food/views/nougat-noir-15553,Nougat Noir ,1 Tbsp. unsalted butter $ 1 1/3 cups country honey $ 1 1/2 cups blanched almonds $ ,Candy $ Dessert $ Almond $ Winter $ Honey $ House & Garden $ ,French $ ,2.5/4,5,Candy $ Dessert $ Almond $ Winter $ Honey $ House & Garden $ French $ 
https://www.epicurious.com/recipes/food/views/beef-steaks-with-peppercorn-sauce-2371,Beef Steaks with Peppercorn Sauce ,"2 6-ounce 1 1/2-inch-thick beef tenderloin steaks $ Coarsely cracked pepper $ 1 tablespoon butter $ 3 tablespoons brandy $ 1/2 cup whipping cream $ 2 teaspoons drained green peppercorns in brine, coarsely chopped $ 1 teaspoon Dijon mustard $ ",Beef $ Quick & Easy $ Steak $ Summer $ Bon Appétit $ Pasadena $ California $ ,French $ ,3.5/4,17,Beef $ Quick & Easy $ Steak $ Summer $ Bon Appétit $ Pasadena $ California $ French $ 
https://www.epicurious.com/recipes/food/views/-cocotte-of-vegetables-4660,"""Cocotte"" of Vegetables ","7 bacon slices $ 2 cups canned low-salt chicken broth $ 2 cups chopped seeded tomatoes $ 12 baby turnips, trimmed $ 12 medium radishes, trimmed $ 20 baby carrots, trimmed $ 1/4 pound sugar snap peas, stringed $ 1/4 pound thin green beans, trimmed $ 4 romaine lettuce leaves, thinly sliced $ 1/2 cup frozen petite peas, thawed $ ",Soup/Stew $ Tomato $ Vegetable $ Bacon $ Green Bean $ Pea $ Carrot $ Radish $ Turnip $ Winter $ Sugar Snap Pea $ Lettuce $ Bon Appétit $ ,French $ ,3/4,1,Soup/Stew $ Tomato $ Vegetable $ Bacon $ Green Bean $ Pea $ Carrot $ Radish $ Turnip $ Winter $ Sugar Snap Pea $ Lettuce $ Bon Appétit $ French $ 
https://www.epicurious.com/recipes/food/views/marinated-shrimp-with-champagne-beurre-blanc-108934,Marinated Shrimp with Champagne Beurre Blanc ,"2 cups Champagne or other dry sparkling wine $ 1/3 cup finely chopped shallots $ 2 tablespoons Champagne vinegar or other white wine vinegar $ 1/4 teaspoon whole black peppercorns $ 1 cup Champagne or other dry sparkling wine $ 1/4 cup extra-virgin olive oil $ 3 tablespoons minced shallots $ 1/2 teaspoon freshly ground black pepper $ 24 extra-large uncooked shrimp (about 2 pounds), peeled with tail left intact, deveined $ 1 tablespoon minced fresh chives $ 1 tablespoon minced fresh tarragon $ 1 tablespoon minced fresh parsley $ Nonstick vegetable oil spray $ 1 cup (2 sticks) chilled unsalted butter, cut into 16 pieces $ ",Champagne $ Appetizer $ Broil $ Marinate $ Christmas $ New Year's Eve $ Shrimp $ Bon Appétit $ ,French $ ,3.5/4,113,Champagne $ Appetizer $ Broil $ Marinate $ Christmas $ New Year's Eve $ Shrimp $ Bon Appétit $ French $ 
https://www.epicurious.com/recipes/food/views/apple-and-calvados-tart-107610,Apple and Calvados Tart ,"All-butter pastry dough $ 1 3/4 pound Gala apples $ 2 teaspoons fresh lemon juice $ 1/3 cup plus 1/2 tablespoon granulated sugar $ Calvados applesauce $ 3 tablespoons unsalted butter, cut into 1/2-inch pieces $ 1 1/2 tablespoons apple jelly $ 1 cup chilled heavy cream $ 1 tablespoon confectioners sugar $ 1 1/2 tablespoons Calvados $ parchment paper; a large baking sheet (at least 14 inches wide) $ ",Milk/Cream $ Fruit $ Dessert $ Bake $ Lemon $ Apple $ Brandy $ Winter $ Gourmet $ Kidney Friendly $ Vegetarian $ Pescatarian $ Peanut Free $ Tree Nut Free $ Soy Free $ Kosher $ ,American $ French $ ,3.5/4,53,Milk/Cream $ Fruit $ Dessert $ Bake $ Lemon $ Apple $ Brandy $ Winter $ Gourmet $ Kidney Friendly $ Vegetarian $ Pescatarian $ Peanut Free $ Tree Nut Free $ Soy Free $ Kosher $ American $ French $ 
https://www.epicurious.com/recipes/food/views/coq-au-zin-105798,Coq au Zin ,"1 cup plus 2 tablespoons all purpose flour $ 6 slices bacon, chopped $ 1 tablespoon olive oil $ 12 chicken thighs (with skin and bones), excess fat trimmed $ 3/4 cup chopped shallots (about 4) $ 3 garlic cloves, minced $ 1 pound boiling onions, peeled $ 12 ounces crimini mushrooms, quartered (about 5 cups) $ 2 tablespoons chopped fresh marjoram $ 1 750-ml bottle red Zinfandel $ 2 cups chicken stock or canned low-salt chicken broth $ 2 tablespoons (1/4 stick) butter, room temperature $ 1/4 cup chopped fresh chives $ ",Chicken $ Mushroom $ Onion $ Bake $ Dinner $ Bacon $ Red Wine $ Fall $ Bon Appétit $ Peanut Free $ Tree Nut Free $ Soy Free $ ,French $ ,3.5/4,31,Chicken $ Mushroom $ Onion $ Bake $ Dinner $ Bacon $ Red Wine $ Fall $ Bon Appétit $ Peanut Free $ Tree Nut Free $ Soy Free $ French $ 
https://www.epicurious.com/recipes/food/views/onion-and-barley-soup-with-swiss-cheese-flan-105535,Onion and Barley Soup with Swiss Cheese Flan ,2 tablespoons (1/4 stick) butter $ 2 tablespoons olive oil $ 8 cups sliced onions $ 1/3 cup pearl barley $ 3 tablespoons dry Sherry $ 8 cups chicken stock or canned low-salt chicken broth $ 4 fresh thyme sprigs $ 3 tablespoons butter $ 2 cups sliced onions $ 3/4 cup whipping cream $ 3 large eggs $ 1/2 teaspoon salt $ 1/4 teaspoon ground black pepper $ 1 1/4 cups (packed) grated Swiss cheese $ ,Soup/Stew $ Milk/Cream $ Onion $ Bake $ Sauté $ Barley $ Winter $ Swiss Cheese $ Thyme $ Bon Appétit $ ,French $ ,3.5/4,12,Soup/Stew $ Milk/Cream $ Onion $ Bake $ Sauté $ Barley $ Winter $ Swiss Cheese $ Thyme $ Bon Appétit $ French $ 
https://www.epicurious.com/recipes/food/views/seared-marinated-tuna-with-black-olive-vinaigrette-105065,"Seared ""marinated"" Tuna with Black-Olive Vinaigrette ",3 tablespoons fresh lemon juice $ 1/2 cup plus 2 tablespoons olive oil $ 1/4 cup purchased black-olive puree $ 1 1-pound tail-end piece ahi tuna fillet $ French green lentils $ Chopped fresh chives $ ,Olive $ Appetizer $ Tuna $ Lentil $ Bon Appétit $ ,French $ ,3/4,15,Olive $ Appetizer $ Tuna $ Lentil $ Bon Appétit $ French $ 
https://www.epicurious.com/recipes/food/views/apricot-and-chocolate-bavarois-106597,Apricot and Chocolate Bavarois ,"1 3/4 lb firm-ripe apricots (9 large), chopped $ 1/2 cup dried apricots, chopped $ 1 cup sugar $ 3 teaspoons unflavored gelatin (from two 1/4-oz envelopes) $ 2 cups whole milk $ 5 large egg yolks $ 1/2 cup sugar $ 1 cup chilled heavy cream $ 1/8 teaspoon salt $ 2 teaspoons fresh lemon juice $ 4 oz fine-quality bittersweet chocolate (not unsweetened), finely chopped $ 3 large eggs, separated $ 5 tablespoons sugar $ 1/4 teaspoon salt $ ",Milk/Cream $ Chocolate $ Fruit $ Dessert $ Bake $ Freeze/Chill $ Lemon $ Apricot $ Summer $ Chill $ Gourmet $ Wheat/Gluten-Free $ Peanut Free $ Tree Nut Free $ Soy Free $ ,American $ French $ ,3/4,4,Milk/Cream $ Chocolate $ Fruit $ Dessert $ Bake $ Freeze/Chill $ Lemon $ Apricot $ Summer $ Chill $ Gourmet $ Wheat/Gluten-Free $ Peanut Free $ Tree Nut Free $ Soy Free $ American $ French $ 
https://www.epicurious.com/recipes/food/views/mushroom-and-goat-cheese-tart-105063,Mushroom and Goat Cheese Tart ,"3 tablespoons unsalted butter $ 8 ounces button mushrooms, cut into 1/2-inch pieces $ 1 large shallot, minced $ 1/8 teaspoon ground nutmeg $ 1 sheet frozen puff pastry (half of 17.3-ounce package), thawed $ 1 large egg, beaten to blend $ 3 ounces soft fresh goat cheese (such as Montrachet), room temperature $ 1 teaspoon minced fresh thyme $ 2 tablespoons whipping cream $ ",Mushroom $ Appetizer $ Bake $ Goat Cheese $ Phyllo/Puff Pastry Dough $ Bon Appétit $ ,French $ ,3.5/4,37,Mushroom $ Appetizer $ Bake $ Goat Cheese $ Phyllo/Puff Pastry Dough $ Bon Appétit $ French $ 
https://www.epicurious.com/recipes/food/views/fresh-corn-madeleines-with-sour-cream-and-caviar-106997,Fresh Corn Madeleines with Sour Cream and Caviar ,"1 tablespoon unsalted butter, melted, plus additional for brushing molds $ 1/3 cup yellow cornmeal (not coarse) $ 2 tablespoons all-purpose flour $ 1/2 teaspoon sugar $ 1/4 teaspoon baking soda $ 1/4 teaspoon salt $ 1/8 teaspoon black pepper $ 1 large egg $ 1/3 cup well-shaken buttermilk $ 1/2 cup corn (from 1 ear), chopped $ 1/3 cup sour cream $ 50 grams caviar (1 3/4 ounces; preferably sevruga) $ Garnish: chopped fresh chives $ a madeleine pan with 20 miniature (1/2-tablespoon) molds (preferably nonstick); a small pastry bag fitted with small star or leaf tip (optional) $ ",Fish $ Bake $ Cocktail Party $ Cornmeal $ Corn $ Sour Cream $ Gourmet $ ,American $ French $ ,3/4,12,Fish $ Bake $ Cocktail Party $ Cornmeal $ Corn $ Sour Cream $ Gourmet $ American $ French $ 
https://www.epicurious.com/recipes/food/views/vin-dorange-orange-wine-104772,Vin D'orange (Orange Wine) ,"The skin and the pith from 10 large oranges $ 8 cups dry white wine, such as Sauvignon Blanc $ 2 cups vodka $ 1/4 cup coffee beans $ 2 vanilla beans $ 2 cups sugar $ ",Coffee $ Vodka $ Alcoholic $ Citrus $ Orange $ Vanilla $ White Wine $ Winter $ Simmer $ Drink $ ,French $ ,3.5/4,4,Coffee $ Vodka $ Alcoholic $ Citrus $ Orange $ Vanilla $ White Wine $ Winter $ Simmer $ Drink $ French $ 
https://www.epicurious.com/recipes/food/views/lemon-tea-cakes-101801,Lemon Tea Cakes ,"4 eggs $ 1 cup (200 g) sugar $ Grated zest of 2 lemons $ 1 3/4 cups (225 g) all-purpose flour (do not use unbleached flour) $ 3/4 cup (6 ounces; 185 g) unsalted butter, melted and cooled $ 1 tablespoon (1/2 ounce; 15 g) unsalted butter, for buttering madeleine tins (see above) $ ",Dessert $ Bake $ Picnic $ Lemon $ Summer $ Chill $ Potluck $ Kidney Friendly $ Vegetarian $ Pescatarian $ Peanut Free $ Tree Nut Free $ Soy Free $ Kosher $ ,French $ ,3.5/4,9,Dessert $ Bake $ Picnic $ Lemon $ Summer $ Chill $ Potluck $ Kidney Friendly $ Vegetarian $ Pescatarian $ Peanut Free $ Tree Nut Free $ Soy Free $ Kosher $ French $ 
https://www.epicurious.com/recipes/food/views/gruyere-fondue-with-caramelized-shallots-103123,Gruyère Fondue with Caramelized Shallots ,"1 tablespoon butter $ 1 1/4 cups thinly sliced shallots (about 6 ounces) $ 1 teaspoon sugar $ 1 1/2 cups (or more) dry white wine $ 14 ounces grated Gruy(re cheese (about 3 1/2 cups packed) $ 2 tablespoons all purpose flour $ Generous pinch of ground nutmeg $ 1 sourdough baguette, cut into 1-inch cubes $ ",Cheese $ Onion $ Sauté $ Vegetarian $ Dinner $ Spring $ Shallot $ Bon Appétit $ ,French $ ,3.5/4,70,Cheese $ Onion $ Sauté $ Vegetarian $ Dinner $ Spring $ Shallot $ Bon Appétit $ French $ 
https://www.epicurious.com/recipes/food/views/roast-chicken-with-herb-butter-onions-and-garlic-104597,"Roast Chicken with Herb Butter, Onions and Garlic ","7 tablespoons unsalted butter, room temperature $ 1 tablespoon chopped fresh parsley plus 3 large sprigs $ 1 tablespoon chopped fresh thyme plus 3 large sprigs $ 1 tablespoon chopped fresh rosemary plus 3 small sprigs $ 1/4 teaspoon fennel seeds, crushed $ 1/2 teaspoon coarse salt $ 1 7- to 71/4-pound roasting chicken, rinsed, patted dry $ 3 medium onions, peeled, quartered lengthwise (do not remove root end) $ 14 garlic cloves, peeled $ 1 cup canned low-salt chicken broth $ 1/2 cup dry white wine $ 1 1/2 teaspoons all purpose flour $ ",Chicken $ Garlic $ Herb $ Onion $ Poultry $ Roast $ Kid-Friendly $ Back to School $ Dinner $ Fall $ Winter $ Bon Appétit $ Peanut Free $ Tree Nut Free $ Soy Free $ ,French $ ,3.5/4,166,Chicken $ Garlic $ Herb $ Onion $ Poultry $ Roast $ Kid-Friendly $ Back to School $ Dinner $ Fall $ Winter $ Bon Appétit $ Peanut Free $ Tree Nut Free $ Soy Free $ French $ 
https://www.epicurious.com/recipes/food/views/provencal-goat-cheese-and-herb-souffle-103224,Provencal Goat Cheese and Herb Soufflé ,"Minced fresh thyme $ 1/4 cup extra-virgin olive oil $ 5 tablespoons all purpose flour $ 1 large garlic clove, minced $ 1 1/4 cups whole milk $ 1/4 cup dry white wine $ 6 large egg yolks $ 1 teaspoon salt $ 1 tablespoon minced fresh basil $ 1 tablespoon minced fresh thyme $ 1 teaspoon minced fresh rosemary $ 1 cup crumbled chilled soft fresh goat cheese (such as Montrachet) $ 1/2 cup (packed) grated Gruyère cheese (about 2 ounces) $ 8 large egg whites $ ",Mixer $ Cheese $ Egg $ Herb $ Bake $ Vegetarian $ Goat Cheese $ Basil $ Swiss Cheese $ Thyme $ Bon Appétit $ ,French $ ,3.5/4,9,Mixer $ Cheese $ Egg $ Herb $ Bake $ Vegetarian $ Goat Cheese $ Basil $ Swiss Cheese $ Thyme $ Bon Appétit $ French $ 
https://www.epicurious.com/recipes/food/views/raisin-brioche-pastries-pains-aux-raisins-103392,Raisin Brioche Pastries (Pains aux Raisins) ,1 1/4 pounds cold Brioche Dough $ 1 cup raisins $ 1 cup boiling-hot water $ 1 cup whole milk $ 3 large egg yolks $ 1/3 cup sugar $ 1 1/2 tablespoons cornstarch $ 1/2 teaspoon vanilla $ 1/2 tablespoon unsalted butter $ 1/4 cup apricot preserves $ 2 tablespoons water $ 1 1/4 pounds cold Brioche Dough $ 1 cup raisins $ 1 cup boiling-hot water $ 1 cup whole milk $ 3 large egg yolks $ 1/3 cup sugar $ 1 1/2 tablespoons cornstarch $ 1/2 teaspoon vanilla $ 1/2 tablespoon unsalted butter $ 1/4 cup apricot preserves $ 2 tablespoons water $ ,Milk/Cream $ Egg $ Fruit $ Breakfast $ Brunch $ Bake $ Raisin $ Apricot $ Jam or Jelly $ Pastry $ Gourmet $ ,French $ ,3/4,14,Milk/Cream $ Egg $ Fruit $ Breakfast $ Brunch $ Bake $ Raisin $ Apricot $ Jam or Jelly $ Pastry $ Gourmet $ French $ 
https://www.epicurious.com/recipes/food/views/nicoise-tuna-sandwich-pan-bagnat-104642,Niçoise Tuna Sandwich (Pan Bagnat) ,"1/4 of white onion, thinly sliced $ 1/8 of a small red onion, thinly sliced $ 2 tablespoons extra-virgin olive oil, plus additional for drizzling $ 1 tablespoon red-wine vinegar, plus additional to taste $ 1/4 teaspoon salt, plus additional to taste $ black pepper to taste $ 1 6-ounce can tuna packed in olive oil (see above) including olive oil $ lemon juice to taste $ 2 kaiser rolls, plain $ lettuce leaves, combination of Boston, green-leaf, or other green leafy lettuce $ 8 tomato slices $ 6-8 hard-boiled eggs slices $ 4 anchovy fillets, drained $ Niçoise olives $ scallions, chopped $ radishes, sliced $ ",Sandwich $ Egg $ Leafy Green $ Olive $ Onion $ Tomato $ No-Cook $ Quick & Easy $ Lunch $ Tuna $ Gourmet $ ,French $ ,3.5/4,24,Sandwich $ Egg $ Leafy Green $ Olive $ Onion $ Tomato $ No-Cook $ Quick & Easy $ Lunch $ Tuna $ Gourmet $ French $ 
https://www.epicurious.com/recipes/food/views/vanilla-sugar-103514,Vanilla Sugar ,8 cups white or raw brown sugar $ 2 vanilla beans $ ,Condiment/Spread $ No-Cook $ Kid-Friendly $ Vanilla $ Summer $ ,French $ ,1/4,1,Condiment/Spread $ No-Cook $ Kid-Friendly $ Vanilla $ Summer $ French $ 
https://www.epicurious.com/recipes/food/views/gribiche-sauce-11899,Gribiche Sauce ,"1/2 cup bottled mayonnaise $ 1/2 cup plain yogurt $ 3 tablespoons finely chopped dill pickle $ 3 tablespoons minced shallot $ 3 tablespoons minced fresh parsley leaves $ 2 tablespoons chopped drained bottled capers $ 1 teaspoon minced fresh thyme leaves plus a thyme sprig for garnish $ 1 hard-boiled large egg, chopped fine $ ",Condiment/Spread $ Sauce $ Egg $ Herb $ No-Cook $ Quick & Easy $ Yogurt $ Mayonnaise $ Capers $ Gourmet $ ,French $ ,2/4,2,Condiment/Spread $ Sauce $ Egg $ Herb $ No-Cook $ Quick & Easy $ Yogurt $ Mayonnaise $ Capers $ Gourmet $ French $ 
https://www.epicurious.com/recipes/food/views/steaks-with-sauce-bordelaise-107149,Steaks with Sauce Bordelaise ,"1 cup low-salt beef broth $ 2 ounces beef bone marrow (from four 2-inch-thick beef crosscut shank bones) $ 6 tablespoons (3/4 stick) chilled unsalted butter $ 1 large shallot, finely chopped $ 1 cup dry red wine $ 4 1/2-inch-thick New York strip steaks (each about 8 ounces) $ Chopped fresh parsley $ ",Beef $ Sauté $ Low Carb $ Dinner $ Steak $ Red Wine $ Fall $ Shallot $ Bon Appétit $ Sugar Conscious $ Wheat/Gluten-Free $ Peanut Free $ Tree Nut Free $ Soy Free $ ,French $ ,3.5/4,14,Beef $ Sauté $ Low Carb $ Dinner $ Steak $ Red Wine $ Fall $ Shallot $ Bon Appétit $ Sugar Conscious $ Wheat/Gluten-Free $ Peanut Free $ Tree Nut Free $ Soy Free $ French $ 
https://www.epicurious.com/recipes/food/views/tiny-choux-puffs-105521,Tiny Choux Puffs ,"1/2 cup water $ 1/2 stick (1/4 cup) unsalted butter, cut into small pieces $ 1/4 teaspoon salt $ 1/2 cup all-purpose flour $ 2 large eggs $ Special equipment: a pastry bag with 3/8-inch plain tip $ ",Bread $ Bake $ Quick & Easy $ Gourmet $ ,French $ ,3/4,2,Bread $ Bake $ Quick & Easy $ Gourmet $ French $ 
https://www.epicurious.com/recipes/food/views/sauteed-chicken-breasts-stuffed-with-cheese-and-ham-107197,Sauteed Chicken Breasts Stuffed with Cheese and Ham ,"4 (6- to 8-ounce) skinless boneless chicken breast halves $ 4 thin slices cooked ham (1/4 pound) $ 4 thin slices Swiss cheese (3 ounces) $ 1 large egg, lightly beaten $ 1 teaspoon salt $ 1/4 teaspoon black pepper $ 3 tablespoons unsalted butter $ 1/3 cup all-purpose flour $ 1 pound small mushrooms, trimmed and quartered $ 1 teaspoon finely chopped shallot $ 1/3 cup dry white wine $ 1 pound tomatoes, peeled, seeded, and diced $ 1 cup heavy cream $ Garnish: finely chopped fresh flat-leaf parsley $ Accompaniments: watercress; cooked rice topped with truffle slices $ ",Milk/Cream $ Chicken $ Mushroom $ Tomato $ Sauté $ Dinner $ Ham $ White Wine $ Fall $ Swiss Cheese $ Gourmet $ Peanut Free $ Tree Nut Free $ Soy Free $ ,French $ ,3.5/4,72,Milk/Cream $ Chicken $ Mushroom $ Tomato $ Sauté $ Dinner $ Ham $ White Wine $ Fall $ Swiss Cheese $ Gourmet $ Peanut Free $ Tree Nut Free $ Soy Free $ French $ 
https://www.epicurious.com/recipes/food/views/banana-orange-crepes-109044,Banana Orange Crepes ,"1/3 cup whole milk $ 3 tablespoons all-purpose flour $ 1 large egg $ 2 teaspoons sugar $ 1/8 teaspoon cinnamon $ 1/8 teaspoon salt $ 2 teaspoons unsalted butter, melted and cooled slightly, plus additional for cooking crêpes $ 1 navel orange $ 1 firm-ripe finger banana or 1 (4-inch) piece firm-ripe regular banana $ 1 tablespoon unsalted butter $ 2 tablespoons sugar $ 1 teaspoon Grand Marnier or other orange-flavored liqueur or Cognac (optional) $ 2 tablespoons chopped pecans, toasted $ ",Fruit $ Nut $ Breakfast $ Brunch $ Dessert $ Quick & Easy $ Orange $ Banana $ Pecan $ Winter $ Gourmet $ Vegetarian $ Pescatarian $ Peanut Free $ Soy Free $ Kosher $ ,French $ ,4/4,23,Fruit $ Nut $ Breakfast $ Brunch $ Dessert $ Quick & Easy $ Orange $ Banana $ Pecan $ Winter $ Gourmet $ Vegetarian $ Pescatarian $ Peanut Free $ Soy Free $ Kosher $ French $ 
https://www.epicurious.com/recipes/food/views/fuji-apple-tarte-tatin-103811,Fuji Apple Tarte Tatin ,"Nonstick vegetable oil spray $ 8 medium Fuji apples $ 1 cup sugar $ 6 tablespoons water $ 1/4 cup (1/2 stick) unsalted butter $ 1 sheet frozen puff pastry (half of 17.3-ounce package), thawed $ ",Dairy $ Fruit $ Dessert $ Bake $ Thanksgiving $ Rosh Hashanah/Yom Kippur $ Apple $ Fall $ Phyllo/Puff Pastry Dough $ Bon Appétit $ ,French $ ,3.5/4,7,Dairy $ Fruit $ Dessert $ Bake $ Thanksgiving $ Rosh Hashanah/Yom Kippur $ Apple $ Fall $ Phyllo/Puff Pastry Dough $ Bon Appétit $ French $ 
https://www.epicurious.com/recipes/food/views/ground-sirloin-patties-with-red-wine-sauce-105080,Ground Sirloin Patties with Red Wine Sauce ,1 tablespoon plus 4 teaspoons butter $ 1/2 cup chopped onion $ 8 ounces ground sirloin $ 1 tablespoon chopped fresh thyme $ 1/2 teaspoon salt $ 1/2 teaspoon ground black pepper $ 2 tablespoons all purpose flour $ 1 cup dry red wine $ 1/4 cup whipping cream $ ,Beef $ Dinner $ Red Wine $ Grill/Barbecue $ Bon Appétit $ Sugar Conscious $ Peanut Free $ Tree Nut Free $ Soy Free $ ,French $ ,3/4,15,Beef $ Dinner $ Red Wine $ Grill/Barbecue $ Bon Appétit $ Sugar Conscious $ Peanut Free $ Tree Nut Free $ Soy Free $ French $ 
https://www.epicurious.com/recipes/food/views/white-fish-stock-106772,White Fish Stock ,"1 tablespoon unsalted butter, softened $ 3 lb mixed bones and heads of white-fleshed fish (such as monkfish, turbot, red snapper, striped bass, porgy, grouper, and/or cod), gills removed and bones and heads rinsed well $ 2 large onions, sliced $ 1 bunch parsley stems (reserve leaves for another use) $ 6 tablespoons fresh lemon juice $ 1 1/2 teaspoons salt $ 10 cups cold water $ 1 1/2 cups dry white wine $ ",Soup/Stew $ Fish $ Summer $ Gourmet $ ,French $ ,0/4,0,Soup/Stew $ Fish $ Summer $ Gourmet $ French $ 
https://www.epicurious.com/recipes/food/views/onion-bacon-and-cream-pizza-103172,"Onion, Bacon and Cream Pizza ","1 cup lukewarm water $ 1 teaspoon bread yeast $ 2 to 2-1/2 cups flour $ 1/2 teaspoon sea salt $ 12 ounces white onions, peeled and sliced paper thin $ 1/2 cup crème fraîche $ 6 ounces slab bacon, rind removed, cut in matchsticks $ Freshly ground black pepper $ ",Milk/Cream $ Dairy $ Onion $ Pork $ Appetizer $ Bake $ Bacon $ Spring $ Birthday $ Sugar Conscious $ Kidney Friendly $ Peanut Free $ Tree Nut Free $ Soy Free $ No Sugar Added $ ,French $ ,3/4,11,Milk/Cream $ Dairy $ Onion $ Pork $ Appetizer $ Bake $ Bacon $ Spring $ Birthday $ Sugar Conscious $ Kidney Friendly $ Peanut Free $ Tree Nut Free $ Soy Free $ No Sugar Added $ French $ 
https://www.epicurious.com/recipes/food/views/bouillabaisse-106741,Bouillabaisse ,"12 to 16 (1/2-inch-thick) baguette slices $ 3 tablespoons extra-virgin olive oil $ 1 garlic clove, halved $ 1 (1- to 1 1/4-lb) live lobster $ 2 large tomatoes, peeled and coarsely chopped $ 1 large onion, chopped $ 4 garlic cloves, chopped $ 1/2 cup extra-virgin olive oil $ 1 lb boiling potatoes $ 1/3 cup finely chopped fennel fronds (sometimes called anise) $ 1 Turkish or 1/2 California bay leaf $ 1/4 teaspoon crumbled saffron threads $ 1 1/2 tablespoons coarse sea salt $ 1/2 teaspoon black pepper $ 9 cups white fish stock $ 3 lb mixed skinned white fish fillets (such as monkfish, turbot, red snapper, striped bass, porgy, grouper, and/or cod), cut into 2-inch pieces $ Rouille $ ",Soup/Stew $ Fish $ Vegetable $ Dinner $ Bass $ Cod $ Snapper $ Lobster $ Saffron $ Fennel $ Summer $ Healthy $ Gourmet $ Pescatarian $ Dairy Free $ Peanut Free $ Tree Nut Free $ Soy Free $ ,French $ French Provençal $ ,3.5/4,22,Soup/Stew $ Fish $ Vegetable $ Dinner $ Bass $ Cod $ Snapper $ Lobster $ Saffron $ Fennel $ Summer $ Healthy $ Gourmet $ Pescatarian $ Dairy Free $ Peanut Free $ Tree Nut Free $ Soy Free $ French $ French Provençal $ 
https://www.epicurious.com/recipes/food/views/croissant-dough-103988,Croissant Dough ,"1 1/2 cups whole milk, heated to warm (105°F–110°F) $ 1/4 cup packed light brown sugar $ 1 tablespoon plus 1/4 teaspoon active dry yeast (from two 1/4-oz packages) $ 3 3/4 to 4 1/2 cups unbleached all-purpose flour $ 1 tablespoon kosher salt $ 3 sticks (1 1/2 cups) cold unsalted butter $ 2 kitchen towels (not terry cloth) $ 1 ruler $ 1 pastry brush $ a standing electric mixer with dough hook, 2 kitchen towels (not terry cloth), a ruler, a pastry brush $ ",Bread $ Mixer $ Dairy $ Breakfast $ Brunch $ Dessert $ Chill $ Pastry $ Gourmet $ ,French $ ,3.5/4,58,Bread $ Mixer $ Dairy $ Breakfast $ Brunch $ Dessert $ Chill $ Pastry $ Gourmet $ French $ 
https://www.epicurious.com/recipes/food/views/gruyere-cheese-puffs-106397,Gruyère Cheese Puffs ,"1 cup water $ 6 tablespoons (3/4 stick) butter, cut into small pieces $ 3/4 teaspoon salt $ 1/4 teaspoon ground black pepper $ 1/2 cup all purpose flour $ 1 tablespoon Dijon mustard $ 4 large eggs $ 1 cup (packed) coarsely grated Gruyère cheese or Swiss cheese $ ",Cheese $ Egg $ Appetizer $ Bake $ Spring $ Bon Appétit $ Sugar Conscious $ Kidney Friendly $ Vegetarian $ Pescatarian $ Peanut Free $ Tree Nut Free $ Soy Free $ No Sugar Added $ Kosher $ ,French $ ,3/4,25,Cheese $ Egg $ Appetizer $ Bake $ Spring $ Bon Appétit $ Sugar Conscious $ Kidney Friendly $ Vegetarian $ Pescatarian $ Peanut Free $ Tree Nut Free $ Soy Free $ No Sugar Added $ Kosher $ French $ 
https://www.epicurious.com/recipes/food/views/creamy-potatoes-and-onions-107154,Creamy Potatoes and Onions ,"2 tablespoons (1/4 stick) butter $ 1 tablespoon olive oil $ 6 white boiling onions (about 9 ounces total), thinly sliced $ 2 pounds Yukon Gold potatoes, peeled, cut into 1/2- to 3/4-inch cubes $ 2 cups water $ 1/4 cup crème fraîche or whipping cream $ Chopped fresh parsley $ ",Milk/Cream $ Onion $ Potato $ Side $ Sauté $ Vegetarian $ Fall $ Bon Appétit $ Pescatarian $ Wheat/Gluten-Free $ Peanut Free $ Tree Nut Free $ Soy Free $ No Sugar Added $ Kosher $ ,French $ ,3/4,6,Milk/Cream $ Onion $ Potato $ Side $ Sauté $ Vegetarian $ Fall $ Bon Appétit $ Pescatarian $ Wheat/Gluten-Free $ Peanut Free $ Tree Nut Free $ Soy Free $ No Sugar Added $ Kosher $ French $ 
https://www.epicurious.com/recipes/food/views/jam-tarts-tartes-de-confiture-104773,Jam Tarts (Tartes de Confiture) ,"1 1/2 cups all-purpose flour $ 1 stick (1/2cup) cold unsalted butter, cut into 1/2-inch pieces $ 3 tablespoons cold vegetable shortening $ 1/2 teaspoon salt $ 2 teaspoons sugar $ 3 to 5 tablespoons ice water $ 1/2 cup seedless raspberry jam $ 1/2 teaspoon fresh lemon juice $ 4 cups raspberries (18 ounces) $ Special equipment: 6 (4- by 1-inch) round fluted tartlet pans; pie weights or raw rice $ ",Food Processor $ Fruit $ Dessert $ Bake $ Raspberry $ Summer $ Jam or Jelly $ Gourmet $ Kidney Friendly $ Vegetarian $ Pescatarian $ Peanut Free $ Tree Nut Free $ Soy Free $ Kosher $ ,French $ ,3.5/4,8,Food Processor $ Fruit $ Dessert $ Bake $ Raspberry $ Summer $ Jam or Jelly $ Gourmet $ Kidney Friendly $ Vegetarian $ Pescatarian $ Peanut Free $ Tree Nut Free $ Soy Free $ Kosher $ French $ 
https://www.epicurious.com/recipes/food/views/salmon-cooked-on-salt-saumon-a-lunilateral-104759,Salmon Cooked on Salt (Saumon a l'Unilateral) ,2 cups coarse sea salt or kosher salt $ 1 (1 1/4-pound) center-cut piece salmon fillet $ ,Fish $ Quick & Easy $ Dinner $ Salmon $ Spring $ Healthy $ Gourmet $ Sugar Conscious $ Low Sugar $ Pescatarian $ Paleo $ Dairy Free $ Wheat/Gluten-Free $ Peanut Free $ Tree Nut Free $ Soy Free $ No Sugar Added $ ,French $ ,3.5/4,18,Fish $ Quick & Easy $ Dinner $ Salmon $ Spring $ Healthy $ Gourmet $ Sugar Conscious $ Low Sugar $ Pescatarian $ Paleo $ Dairy Free $ Wheat/Gluten-Free $ Peanut Free $ Tree Nut Free $ Soy Free $ No Sugar Added $ French $ 
https://www.epicurious.com/recipes/food/views/veal-stew-blanquette-de-veau-104763,Veal Stew (Blanquette de Veau) ,"2 3/4 pound veal breast (bone in) $ 1 pound boneless veal shoulder, trimmed and cut into 2-inch pieces $ 2 1/2 quarts water $ 6 fresh parsley sprigs $ 2 fresh thyme sprigs $ 1 bay leaf (not California) $ 4 black peppercorns $ 2 onions, halved $ 4 carrots, quartered crosswise $ 1 leek (white and pale green parts only), halved lengthwise and cut crosswise into 1/2-inch pieces $ 2 tablespoons unsalted butter $ 1/2 pounds mushrooms, quartered $ 3 tablespoons unsalted butter $ 3 tablespoons all-purpose flour $ 2 large egg yolks $ 2 tablespoons crème fraîche $ 1 1/2 tablespoons fresh lemon juice $ ",Milk/Cream $ Mushroom $ Dinner $ Veal $ Leek $ Carrot $ Winter $ Simmer $ Gourmet $ Peanut Free $ Tree Nut Free $ Soy Free $ No Sugar Added $ ,French $ ,3.5/4,8,Milk/Cream $ Mushroom $ Dinner $ Veal $ Leek $ Carrot $ Winter $ Simmer $ Gourmet $ Peanut Free $ Tree Nut Free $ Soy Free $ No Sugar Added $ French $ 
https://www.epicurious.com/recipes/food/views/duck-breasts-with-coriander-endive-and-sweet-and-sour-orange-sauce-105082,"Duck Breasts with Coriander, Endive, and Sweet-and-Sour Orange Sauce ","12 small heads of Belgian endive $ 1 tablespoon sugar $ 1/8 teaspoon salt $ 3/4 cup fresh orange juice $ 3/4 cup chicken stock or canned low-salt chicken broth $ 1/2 cup red wine vinegar $ 1/4 cup sugar $ 1 tablespoon whole coriander seeds $ 1 1/4 cups fresh orange juice $ 1 cup chicken stock or canned low-salt chicken broth $ 1/2 teaspoon grated orange peel $ 4 duck breasts (each about 7 ounces), excess skin trimmed $ 1 tablespoon unsalted butter $ 1 tablespoon olive oil $ 2 tablespoons honey $ 4 tablespoons whole coriander seeds, coarsely crushed $ ",Duck $ Orange $ Fall $ Endive $ Coriander $ Bon Appétit $ ,French $ ,3.5/4,16,Duck $ Orange $ Fall $ Endive $ Coriander $ Bon Appétit $ French $ 
https://www.epicurious.com/recipes/food/views/chocolate-souffles-105178,Chocolate Souffles ,"10 ounces bittersweet (not unsweetened) or semisweet chocolate, chopped $ 10 tablespoons (1 1/4 sticks) unsalted butter $ 1 cup sugar $ 4 large eggs $ 4 large egg yolks $ Large pinch of salt $ 1/2 cup all purpose flour $ ",Chocolate $ Egg $ Dessert $ Bake $ Summer $ Bon Appétit $ Kidney Friendly $ Vegetarian $ Pescatarian $ Peanut Free $ Tree Nut Free $ Soy Free $ Kosher $ ,French $ ,3.5/4,62,Chocolate $ Egg $ Dessert $ Bake $ Summer $ Bon Appétit $ Kidney Friendly $ Vegetarian $ Pescatarian $ Peanut Free $ Tree Nut Free $ Soy Free $ Kosher $ French $ 
https://www.epicurious.com/recipes/food/views/vanilla-petits-fours-with-raspberry-filling-and-marzipan-109603,Vanilla Petits Fours with Raspberry Filling and Marzipan ,"1/2 cup (1 stick) unsalted butter, plus more for buttering pan $ 6 large eggs $ 1 cup sugar $ 1 cup cake flour $ 3/4 teaspoon salt $ 1 1/2 teaspoons high-quality pure vanilla extract (also called ""Madagascar bourbon vanilla"") $ 1/4 cup water $ 1/4 cup sugar $ 1/4 cup cognac $ 1 1/4 cups raspberry jam $ 12 ounces marzipan $ Confectioner's sugar for rolling $ 1/2 cup water $ 1/2 cup sugar $ 2 1/2 cups ready-to-use poured fondant (also called roll icing)* $ 1 pound royal icing mix* $ Rose-pink and leaf-green gel food coloring* $ *Available at baking supply stores and from New York Cake, 800-942-2539. $ 12- by 18-inch sheet or jelly roll pan, 2 featherweight pastry bags with couplers*, #1 and #101 decorating tips* $ ",Berry $ Egg $ Dessert $ Bake $ Vanilla $ Cognac/Armagnac $ Jam or Jelly $ Pastry $ Kidney Friendly $ Vegetarian $ Pescatarian $ Peanut Free $ Soy Free $ Kosher $ ,French $ ,3.5/4,8,Berry $ Egg $ Dessert $ Bake $ Vanilla $ Cognac/Armagnac $ Jam or Jelly $ Pastry $ Kidney Friendly $ Vegetarian $ Pescatarian $ Peanut Free $ Soy Free $ Kosher $ French $ 
https://www.epicurious.com/recipes/food/views/grapefruit-sabayon-gratin-109136,Grapefruit Sabayon Gratin ,2 ruby red grapefruit at room temperature $ 2 large egg yolks $ 1/4 cup sugar $ 1/4 cup sweet dessert wine such as Orange Muscat $ 4 shallow (5- to 6-oz) individual gratin dishes or a 1-qt shallow flameproof dish; an instant-read thermometer $ ,Citrus $ Egg $ Dessert $ Broil $ Quick & Easy $ Grapefruit $ Fortified Wine $ Winter $ Gourmet $ Kidney Friendly $ Vegetarian $ Pescatarian $ Dairy Free $ Wheat/Gluten-Free $ Peanut Free $ Tree Nut Free $ Soy Free $ Kosher $ ,French $ ,3.5/4,6,Citrus $ Egg $ Dessert $ Broil $ Quick & Easy $ Grapefruit $ Fortified Wine $ Winter $ Gourmet $ Kidney Friendly $ Vegetarian $ Pescatarian $ Dairy Free $ Wheat/Gluten-Free $ Peanut Free $ Tree Nut Free $ Soy Free $ Kosher $ French $ 
https://www.epicurious.com/recipes/food/views/alsace-onion-tart-109199,Alsace Onion Tart ,"2 cups all-purpose flour $ 1 stick (1/2 cup) cold unsalted butter, cut into 1/2-inch cubes $ 1/4 cup vegetable shortening $ 1/2 teaspoon salt $ 4 to 5 tablespoons ice water $ 4 bacon slices (1/4 lb), cut crosswise into 1/8- to 1/16-inch-wide strips $ 3 tablespoons unsalted butter $ 2 lb onions, halved lengthwise and very thinly sliced crosswise (10 cups) $ 1 1/4 teaspoons salt $ 1 teaspoon black pepper $ 1 cup crème fraîche or heavy cream $ 4 large eggs $ 1/2 teaspoon freshly grated nutmeg $ 1 11-inch tart pan (1 1/4 inches deep) with a removable bottom $ N/A pie weights or raw rice $ a pastry scraper; an 11-inch tart pan (1 1/4 inches deep) with a removable bottom; pie weights or raw rice $ ",Egg $ Onion $ Appetizer $ Bake $ Dinner $ Lunch $ Bacon $ Spring $ Party $ Gourmet $ Peanut Free $ Tree Nut Free $ Soy Free $ No Sugar Added $ ,French $ ,3.5/4,38,Egg $ Onion $ Appetizer $ Bake $ Dinner $ Lunch $ Bacon $ Spring $ Party $ Gourmet $ Peanut Free $ Tree Nut Free $ Soy Free $ No Sugar Added $ French $ 
https://www.epicurious.com/recipes/food/views/french-bread-with-kalamata-olives-and-thyme-104688,French Bread with Kalamata Olives and Thyme ,"1 cup whole milk $ 2 teaspoons butter $ 2 teaspoons sugar $ 1 cup water, room temperature $ 2 teaspoons active dry yeast (for do-ahead version) or quick-rising dry yeast (for same-day version) $ 3/4 cup chopped pitted Kalamata olives or other brine-cured black olives (about 4 ounces pitted) $ 2 teaspoons chopped fresh thyme $ 2 teaspoons salt $ 4 cups (or more) all purpose flour $ Olive oil $ 1 egg white, beaten to blend $ ",Bread $ Olive $ Bake $ Thyme $ Bon Appétit $ ,French $ ,3.5/4,50,Bread $ Olive $ Bake $ Thyme $ Bon Appétit $ French $ 
https://www.epicurious.com/recipes/food/views/chocolate-cognac-cream-104082,Chocolate-Cognac Cream ,1 cup chilled whipping cream $ 1/4 cup sugar $ 1/4 cup unsweetened cocoa powder $ 2 tablespoons Cognac or brandy $ ,Chocolate $ Dessert $ No-Cook $ Cognac/Armagnac $ Bon Appétit $ Kidney Friendly $ Vegetarian $ Pescatarian $ Wheat/Gluten-Free $ Peanut Free $ Tree Nut Free $ Soy Free $ Kosher $ ,French $ ,3/4,1,Chocolate $ Dessert $ No-Cook $ Cognac/Armagnac $ Bon Appétit $ Kidney Friendly $ Vegetarian $ Pescatarian $ Wheat/Gluten-Free $ Peanut Free $ Tree Nut Free $ Soy Free $ Kosher $ French $ 
https://www.epicurious.com/recipes/food/views/parisienne-apples-with-calvados-butter-103980,Parisienne Apples with Calvados Butter ,2 large tart apples such as Granny Smith $ 1/3 cup Calvados butter $ ,Sauce $ Dairy $ Fruit $ Dessert $ Side $ Christmas $ Thanksgiving $ Quick & Easy $ Apple $ Fall $ Calvados $ Gourmet $ ,French $ ,0/4,0,Sauce $ Dairy $ Fruit $ Dessert $ Side $ Christmas $ Thanksgiving $ Quick & Easy $ Apple $ Fall $ Calvados $ Gourmet $ French $ 
https://www.epicurious.com/recipes/food/views/butter-croissants-103989,Butter Croissants ,"1 recipe croissant dough(2 3/4 lb), chilled $ Special equipment: a ruler, a pastry brush, parchment paper, 2 or 3 garbage bags (unscented), a spray bottle with water $ ",Bread $ Dairy $ Breakfast $ Brunch $ Bake $ Valentine's Day $ Mother's Day $ New Year's Day $ Pastry $ Gourmet $ Sugar Conscious $ Kidney Friendly $ Vegan $ Vegetarian $ Pescatarian $ Dairy Free $ Peanut Free $ Tree Nut Free $ Soy Free $ Kosher $ ,French $ ,4/4,34,Bread $ Dairy $ Breakfast $ Brunch $ Bake $ Valentine's Day $ Mother's Day $ New Year's Day $ Pastry $ Gourmet $ Sugar Conscious $ Kidney Friendly $ Vegan $ Vegetarian $ Pescatarian $ Dairy Free $ Peanut Free $ Tree Nut Free $ Soy Free $ Kosher $ French $ 
https://www.epicurious.com/recipes/food/views/asparagus-salad-with-celery-leaves-quail-eggs-and-tarragon-vinaigrette-104745,"Asparagus Salad with Celery Leaves, Quail Eggs, and Tarragon Vinaigrette ","8 quail eggs $ 1 pound green asparagus (preferably thin), trimmed $ Kosher salt to taste $ 2 tablespoons white-wine vinegar (preferably tarragon) $ 2 teaspoons whole-grain mustard $ 1 teaspoon Dijon mustard $ 1/3 cup safflower or grapeseed oil $ 1 small shallot, thinly sliced into rings $ 3 teaspoons coarsely chopped fresh tarragon $ 1 cup pale green celery leaves (from center of bunch) $ ",Salad $ Egg $ Game $ Vegetable $ Asparagus $ Celery $ Spring $ Healthy $ Tarragon $ Gourmet $ ,French $ ,3/4,25,Salad $ Egg $ Game $ Vegetable $ Asparagus $ Celery $ Spring $ Healthy $ Tarragon $ Gourmet $ French $ 
https://www.epicurious.com/recipes/food/views/chocolate-chunk-souffle-cakes-104843,Chocolate-Chunk Soufflé Cakes ,"8 ounces bittersweet (not unsweetened) or semisweet chocolate, chopped $ 6 tablespoons (3/4 stick) unsalted butter $ 6 large eggs, separated $ 1/2 cup sugar $ 1/3 cup water $ 4 ounces bittersweet (not unsweetened) or semisweet chocolate, cut into 8 pieces total $ ",Cake $ Chocolate $ Egg $ Dessert $ Bake $ Candy Thermometer $ Ramekin $ Bon Appétit $ ,French $ ,3.5/4,16,Cake $ Chocolate $ Egg $ Dessert $ Bake $ Candy Thermometer $ Ramekin $ Bon Appétit $ French $ 
https://www.epicurious.com/recipes/food/views/pea-soup-with-creme-fraiche-104753,Pea Soup with Crème Fraîche ,"2 medium shallots, chopped $ 1 teaspoon olive oil $ 1 (4-ounce) boiling potato, peeled and cut into 1/2-inch pieces $ 1 teaspoon salt $ 3 1/2 cups water $ 1 pound frozen baby peas (3 1/2 cups), thawed $ 1 tablespoon crème fraîche or sour cream, either one mixed with 1 teaspoon water $ ",Soup/Stew $ Blender $ Potato $ Low Fat $ Vegetarian $ Quick & Easy $ Lunch $ Pea $ Spring $ Healthy $ Sour Cream $ Simmer $ Gourmet $ Pescatarian $ Wheat/Gluten-Free $ Peanut Free $ Tree Nut Free $ Soy Free $ No Sugar Added $ Kosher $ ,French $ ,3.5/4,41,Soup/Stew $ Blender $ Potato $ Low Fat $ Vegetarian $ Quick & Easy $ Lunch $ Pea $ Spring $ Healthy $ Sour Cream $ Simmer $ Gourmet $ Pescatarian $ Wheat/Gluten-Free $ Peanut Free $ Tree Nut Free $ Soy Free $ No Sugar Added $ Kosher $ French $ 
https://www.epicurious.com/recipes/food/views/blanquette-de-veau-90,Blanquette de Veau ,"2 1/2 pounds boneless veal stew meat (cut into approximately 2-inch pieces) $ 3 tablespoons butter $ 1 large onion, finely chopped $ 3 tablespoons all purpose flour $ 1 cup dry white wine $ 2 14 1/2-ounce cans low-salt chicken broth $ 1/4 teaspoon dried thyme, crumbled $ 3 medium carrots, cut diagonally into 1-inch pieces $ 3/4 cup whipping cream $ 1 10-ounce package frozen petite peas, thawed, drained $ Steamed rice $ ",Beef $ Vegetable $ Stew $ Kid-Friendly $ Bon Appétit $ ,French $ ,3.5/4,41,Beef $ Vegetable $ Stew $ Kid-Friendly $ Bon Appétit $ French $ 
https://www.epicurious.com/recipes/food/views/brandade-de-saumon-10981,Brandade de Saumon ,"1/2 pound skinless salmon fillet $ a 1/2-pound russet (baking) potato $ 4 garlic cloves $ 1/2 cup extra-virgin olive oil $ 1/4 cup heavy cream $ a large pinch of dried thyme, crumbled $ 1 tablespoon fresh lemon juice, or to taste $ imported black olives as an accompaniment $ toasted French bread slices as an accompaniment $ ",Milk/Cream $ Garlic $ Potato $ Quick & Easy $ Salmon $ Winter $ Gourmet $ ,French $ ,3.5/4,3,Milk/Cream $ Garlic $ Potato $ Quick & Easy $ Salmon $ Winter $ Gourmet $ French $ 
https://www.epicurious.com/recipes/food/views/pear-and-walnut-tarte-tatin-15719,Pear and Walnut Tarte Tatin ,1/2 cup walnuts $ 4 pounds firm-ripe pears (preferably Bosc; about 8) $ 1 stick (1/2 cup) unsalted butter $ 1 cup sugar $ 2 tablespoons dark rum $ 2 tablespoons fresh lemon juice $ pastry dough $ ,Rum $ Fruit $ Nut $ Dessert $ Bake $ Thanksgiving $ Vegetarian $ Pear $ Walnut $ Fall $ Winter $ Gourmet $ ,French $ ,3.5/4,19,Rum $ Fruit $ Nut $ Dessert $ Bake $ Thanksgiving $ Vegetarian $ Pear $ Walnut $ Fall $ Winter $ Gourmet $ French $ 
https://www.epicurious.com/recipes/food/views/creamy-shellfish-and-root-vegetable-stew-4673,Creamy Shellfish and Root Vegetable Stew ,"2 1/2 cups bottled clam juice $ 1 1/2 cups dry white wine $ 12 littleneck clams, scrubbed $ 12 mussels, scrubbed, debearded $ 3/4 pound uncooked large shrimp, peeled, deveined, shells reserved $ 1/4 cup (1/2 stick) butter $ 1 cup finely chopped leek (white and pale green parts only) $ 1 medium potato, peeled, cut into 1/2-inch pieces $ 1 cup chopped peeled celery root $ 1/3 cup Calvados $ 3/4 pound bay scallops $ 1/2 cup crème fraîche $ 3 large egg yolks $ 2 teaspoons fresh lemon juice $ 1/4 cup chopped fresh Italian parsley $ ",Soup/Stew $ Milk/Cream $ Dairy $ Potato $ Shellfish $ Vegetable $ Stew $ Dinner $ Seafood $ Clam $ Mussel $ Scallop $ Shrimp $ Root Vegetable $ Fall $ Bon Appétit $ ,French $ ,3/4,3,Soup/Stew $ Milk/Cream $ Dairy $ Potato $ Shellfish $ Vegetable $ Stew $ Dinner $ Seafood $ Clam $ Mussel $ Scallop $ Shrimp $ Root Vegetable $ Fall $ Bon Appétit $ French $ 
https://www.epicurious.com/recipes/food/views/french-apple-almond-tart-4665,French Apple-Almond Tart ,"2 large egg yolks $ 2 tablespoons Calvados or brandy $ 1 1/4 cups all purpose flour $ 2 tablespoons sugar $ 1/4 teaspoon salt $ 9 tablespoons (1 stick plus 1 tablespoon) chilled unsalted butter, cut into 1/2 -inch pieces $ 1 1/4 cups blanched slivered almonds $ 3/4 cup plus 2 tablespoons sugar $ 2 large eggs $ 3 tablespoons Calvados or brandy $ 1 teaspoon vanilla extract $ 1/2 teaspoon almond extract $ 1/4 teaspoon salt $ 6 tablespoons (3/4 stick) unsalted butter, room temperature $ 3 tart green apples, peeled, quartered, cored, cut into 1/8-inch-thick wedges $ 1/4 cup apricot preserves $ ",Dairy $ Fruit $ Nut $ Dessert $ Bake $ Thanksgiving $ Apple $ Almond $ Fall $ Party $ Bon Appétit $ ,French $ ,3.5/4,114,Dairy $ Fruit $ Nut $ Dessert $ Bake $ Thanksgiving $ Apple $ Almond $ Fall $ Party $ Bon Appétit $ French $ 
https://www.epicurious.com/recipes/food/views/white-bean-and-vegetable-cassoulet-with-millet-crust-5341,White Bean and Vegetable Cassoulet with Millet Crust ,"1 tablespoon plus 3 teaspoons olive oil $ 2 1/2 cups chopped red bell peppers $ 1 1/2 cups chopped onions $ 1 cup thinly sliced carrot $ 1 tablespoon minced garlic $ 8 ounces yellow crookneck squash, trimmed, cut into 1/2-inch pieces $ 4 ounces green beans, cut into 2-inch pieces $ 1 tablespoon ground cumin $ 2 teaspoons purchased harissa paste or 1/2 teaspoon dried crushed red pepper $ 1 28-ounce can diced tomatoes in juice $ 1 15-ounce can cannellini (white kidney beans), rinsed, drained $ 1/2 cup chopped fresh basil $ 1/2 cup millet $ 2 cups water $ 1/2 cup fresh breadcrumbs made from French bread $ ",Soup/Stew $ Herb $ Vegetable $ Bake $ Sauté $ Low Fat $ Vegetarian $ Spring $ Bon Appétit $ ,French $ ,2.5/4,10,Soup/Stew $ Herb $ Vegetable $ Bake $ Sauté $ Low Fat $ Vegetarian $ Spring $ Bon Appétit $ French $ 
https://www.epicurious.com/recipes/food/views/frozen-lemon-mousses-with-strawberry-mint-sauce-14062,Frozen Lemon Mousses with Strawberry Mint Sauce ,"4 foil molds (procedure follows) or 3/4-cup ramekins $ 1 1/8 teaspoons unflavored gelatin $ 3 tablespoons cold water $ 3 large egg yolks $ 1 teaspoon finely grated fresh lemon zest $ 1/2 cup fresh lemon juice $ 2/3 cup sugar $ 1 teaspoon vanilla $ 3 large egg whites (if egg safety is a problem in your area, substitute 2 tablespoons dried egg whites reconstituted by stirring together with 6 tablespoons water) $ 1/8 teaspoon cream of tartar $ 1/2 cup well-chilled heavy cream $ Accompaniment:Strawberry Mint Sauce $ Garnish: fresh mint leaves $ ",Dairy $ Egg $ Dessert $ Frozen Dessert $ Strawberry $ Lemon $ Spring $ Gourmet $ Kidney Friendly $ Wheat/Gluten-Free $ Peanut Free $ Tree Nut Free $ Soy Free $ ,French $ ,3/4,9,Dairy $ Egg $ Dessert $ Frozen Dessert $ Strawberry $ Lemon $ Spring $ Gourmet $ Kidney Friendly $ Wheat/Gluten-Free $ Peanut Free $ Tree Nut Free $ Soy Free $ French $ 
https://www.epicurious.com/recipes/food/views/scallop-and-fennel-pancakes-with-mustard-sauce-1090,Scallop and Fennel Pancakes with Mustard Sauce ,"1 cup fish stock or bottled clam juice $ 1 cup dry white wine $ 4 teaspoons yellow mustard seeds $ 1/2 teaspoon (scant) saffron threads $ 1/2 cup whipping cream $ 2 tablespoons Dijon mustard $ 4 large eggs $ 1/2 cup all purpose flour $ 1 1/2 cups very finely chopped fennel bulb $ 1/2 cup milk $ 1/4 cup chopped fresh chives or green onion tops $ 3 tablespoons minced shallot $ 2 teaspoons chopped fresh tarragon or 1/2 teaspoon dried, crumbled $ 1 teaspoon chopped fennel seeds $ Olive oil $ 20 large sea scallops, quartered $ 1/2 cup (1 stick) unsalted butter, cut into pieces $ 1 tablespoon chopped fresh tarragon or 1 teaspoon dried, crumbled $ Fresh tarragon sprigs (optional) $ ",Mustard $ Scallop $ Fennel $ Pan-Fry $ Bon Appétit $ ,French $ ,4/4,6,Mustard $ Scallop $ Fennel $ Pan-Fry $ Bon Appétit $ French $ 
https://www.epicurious.com/recipes/food/views/caramel-orange-buche-de-noel-1089,Caramel-Orange Bûche de Noël ,"6 large egg yolks $ 1/3 cup firmly packed dark brown sugar $ 2 tablespoons all purpose flour $ 1 1/2 cups half and half $ 8 ounces imported white chocolate (such as Lindt), chopped $ 1 1/2 teaspoons grated orange peel $ 1 1/2 cups toasted sliced almonds $ 2 tablespoons unbleached all purpose flour $ 6 large eggs, separated $ 10 tablespoons firmly packed dark brown sugar $ 1 teaspoon grated orange peel $ 1/2 teaspoon vanilla extract $ 1/2 teaspoon cream of tartar $ 1/8 teaspoon salt $ Powdered sugar $ 1 cup (2 sticks) unsalted butter, room temperature $ 1 tablespoon Grand Marnier or other orange liqueur $ Pine twigs $ 1 cup sugar $ 2 tablespoons water $ 1/2 cup cranberries $ ",Cake $ Liqueur $ Food Processor $ Mixer $ Chocolate $ Dessert $ Bake $ Christmas $ Cranberry $ Orange $ Almond $ Triple Sec $ Winter $ Bon Appétit $ Vegetarian $ Pescatarian $ Peanut Free $ Soy Free $ Kosher $ ,French $ ,3.5/4,12,Cake $ Liqueur $ Food Processor $ Mixer $ Chocolate $ Dessert $ Bake $ Christmas $ Cranberry $ Orange $ Almond $ Triple Sec $ Winter $ Bon Appétit $ Vegetarian $ Pescatarian $ Peanut Free $ Soy Free $ Kosher $ French $ 
https://www.epicurious.com/recipes/food/views/pumpkin-coconut-bisque-5150,Pumpkin-Coconut Bisque ,"2 tablespoons (1/4 stick) butter $ 1 cup chopped onion $ 3 garlic cloves, minced $ 3 cups canned solid pack pumpkin $ 2 cups canned low-salt chicken broth $ 2 teaspoons sugar $ 1/2 teaspoon ground allspice $ 1/2 teaspoon dried crushed red pepper $ 1 1 /2 cups (about) canned unsweetened coconut milk* $ Ground nutmeg $ *Canned unsweetened coconut milk is sold at Indian, Southeast Asian and Latin American markets and at many supermarkets. $ ",Soup/Stew $ Garlic $ Onion $ Appetizer $ Sauté $ Coconut $ Pumpkin $ Winter $ Bon Appétit $ ,French $ ,3/4,61,Soup/Stew $ Garlic $ Onion $ Appetizer $ Sauté $ Coconut $ Pumpkin $ Winter $ Bon Appétit $ French $ 
https://www.epicurious.com/recipes/food/views/french-apple-cake-2504,French Apple Cake ,"1/4 cup (1/2 stick) unsalted butter $ 1 3/4 cups sugar $ 1/3 cup water $ 3/4 teaspoon ground cinnamon $ 2 large Granny Smith apples (about 1 1/4 pounds), peeled, cored, thinly sliced $ 1 cup all purpose flour $ 1 teaspoon baking powder $ 1/4 teaspoon salt $ 3 large egg yolks $ 2 large eggs $ 2 tablespoons Calvados, applejack or other brandy $ 2 teaspoons vanilla $ 1/2 cup (1 stick) unsalted butter, melted $ ",Cake $ Fruit $ Dessert $ Bake $ Apple $ Fall $ Calvados $ Bon Appétit $ France $ Kidney Friendly $ Vegetarian $ Pescatarian $ Peanut Free $ Tree Nut Free $ Soy Free $ Kosher $ ,French $ ,3.5/4,111,Cake $ Fruit $ Dessert $ Bake $ Apple $ Fall $ Calvados $ Bon Appétit $ France $ Kidney Friendly $ Vegetarian $ Pescatarian $ Peanut Free $ Tree Nut Free $ Soy Free $ Kosher $ French $ 
https://www.epicurious.com/recipes/food/views/creme-anglaise-4984,Crème Anglaise ,"1/2 cup whole milk $ 1/2 cup whipping cream $ 1 2-inch piece vanilla bean, split $ 3 large egg yolks $ 3 tablespoons sugar $ ",Condiment/Spread $ Sauce $ Dairy $ Egg $ Dessert $ Christmas $ Thanksgiving $ Valentine's Day $ Vanilla $ Chill $ Bon Appétit $ Kidney Friendly $ Vegetarian $ Pescatarian $ Wheat/Gluten-Free $ Peanut Free $ Tree Nut Free $ Soy Free $ Kosher $ ,French $ ,4/4,22,Condiment/Spread $ Sauce $ Dairy $ Egg $ Dessert $ Christmas $ Thanksgiving $ Valentine's Day $ Vanilla $ Chill $ Bon Appétit $ Kidney Friendly $ Vegetarian $ Pescatarian $ Wheat/Gluten-Free $ Peanut Free $ Tree Nut Free $ Soy Free $ Kosher $ French $ 
