link,name,ingredients,recipe_category,recipe_cuisine,rating,rating_count,keywords
https://www.epicurious.com/recipes/food/views/jalapeno-poppers-243195,Jalapeño Poppers ,12 fresh jalapeños $ 3 ounces coarsely grated Cheddar (1 cup) $ 3 ounces coarsely grated Monterey Jack (1 cup) $ 1 teaspoon hot sauce $ 3 large eggs $ 1 cup plain fine dry bread crumbs $ 2 teaspoons dried oregano $ About 4 cups vegetable oil $ A deep-fat thermometer $ ,Super Bowl $ Kid-Friendly $ Quick & Easy $ Cinco de Mayo $ Father's Day $ Back to School $ Cheddar $ Tailgating $ Poker/Game Night $ Pan-Fry $ Jalapeño $ Potluck $ Gourmet $ ,Tex-Mex $ ,3/4,37,Super Bowl $ Kid-Friendly $ Quick & Easy $ Cinco de Mayo $ Father's Day $ Back to School $ Cheddar $ Tailgating $ Poker/Game Night $ Pan-Fry $ Jalapeño $ Potluck $ Gourmet $ Tex-Mex $ 
https://www.epicurious.com/recipes/food/views/hurry-up-black-bean-dip-243226,Hurry-up Black Bean Dip ,"1 medium red onion, chopped $ 2 (16-ounce) cans black beans, drained and rinsed $ 2 tablespoons balsamic vinegar $ 1 tablespoon fresh orange or lime juice $ 1 tablespoon chopped fresh cilantro $ 1 tablespoon olive oil $ 1 garlic clove, peeled $ 1 teaspoon ground cumin $ Salt and freshly ground pepper, to taste $ Tortilla chips and, if you're with that sort of crowd, assorted cut-up raw vegetables $ ",Food Processor $ Mixer $ Bean $ Super Bowl $ Kid-Friendly $ Oscars $ Cinco de Mayo $ Tailgating $ Poker/Game Night $ Potluck $ ,Tex-Mex $ ,3/4,28,Food Processor $ Mixer $ Bean $ Super Bowl $ Kid-Friendly $ Oscars $ Cinco de Mayo $ Tailgating $ Poker/Game Night $ Potluck $ Tex-Mex $ 
https://www.epicurious.com/recipes/food/views/texas-beef-brisket-chili-350108,Texas Beef Brisket Chili ,"6 large dried ancho chiles* $ 6 ounces bacon, diced $ 1 1/4 pounds onions, chopped (about 4 cups) $ 1 5-pound flat-cut (also called first-cut) beef brisket, cut into 2 1/2- to 3-inch cubes $ Coarse kosher salt $ 6 large garlic cloves, peeled $ 2 tablespoons chili powder $ 2 teaspoons cumin seeds $ 1 teaspoon dried oregano $ 1 teaspoon ground coriander $ 1 1/2 teaspoons coarse kosher salt $ 1 1/2 10-ounce cans fire-roasted diced tomatoes with green chiles (1 3/4 cups) $ 1 12-ounce bottle Mexican beer $ 1 7-ounce can diced roasted green chiles $ 1/2 cup finely chopped fresh cilantro stems $ 4 cups 1 1/2- to 2-inch chunks seeded peeled butternut squash (from 3 1/2-pound squash) $ Fresh cilantro leaves $ 1 Red onion $ Diced avocado $ Shredded Monterey Jack cheese $ Warm corn and/or flour tortillas $ ",Soup/Stew $ Beer $ Pepper $ Tomato $ Bake $ Roast $ Super Bowl $ Kid-Friendly $ High Fiber $ Back to School $ Dinner $ Brisket $ Butternut Squash $ Fall $ Winter $ Potluck $ Bon Appétit $ Peanut Free $ Tree Nut Free $ Soy Free $ ,Tex-Mex $ ,3.5/4,157,Soup/Stew $ Beer $ Pepper $ Tomato $ Bake $ Roast $ Super Bowl $ Kid-Friendly $ High Fiber $ Back to School $ Dinner $ Brisket $ Butternut Squash $ Fall $ Winter $ Potluck $ Bon Appétit $ Peanut Free $ Tree Nut Free $ Soy Free $ Tex-Mex $ 
https://www.epicurious.com/recipes/food/views/potato-greens-and-goat-cheese-quesadillas-241607,"Potato, Greens, and Goat Cheese Quesadillas ","1 1/3 cups 1/2-inch cubes peeled Yukon Gold potatoes (about 2 medium) $ 2 teaspoons chili powder $ 1 1/3 cups (packed) coarsely grated hot pepper Monterey Jack cheese (5 to 6 ounces) $ 1 1/3 cups jarred salsa verde (tomatillo salsa) $ 4 2/3 cups coarsely chopped stemmed mustard greens (from 1 bunch), divided $ 4 8-inch-diameter flour tortillas $ 3 ounces chilled fresh goat cheese, coarsely crumbled $ Olive oil $ ",Food Processor $ Potato $ Super Bowl $ Vegetarian $ Quick & Easy $ High Fiber $ Mother's Day $ Goat Cheese $ Pan-Fry $ Tomatillo $ Mustard Greens $ Tortillas $ Monterey Jack $ Bon Appétit $ ,Tex-Mex $ ,3.5/4,64,Food Processor $ Potato $ Super Bowl $ Vegetarian $ Quick & Easy $ High Fiber $ Mother's Day $ Goat Cheese $ Pan-Fry $ Tomatillo $ Mustard Greens $ Tortillas $ Monterey Jack $ Bon Appétit $ Tex-Mex $ 
https://www.epicurious.com/recipes/food/views/black-bean-chili-with-crispy-pork-and-poblano-salsa-241620,Black Bean Chili with Crispy Pork and Poblano Salsa ,"2 tablespoons olive oil $ 2 large onions, chopped (about 1 1/2 pounds Total) $ 12 garlic cloves, chopped $ 7 tablespoons New Mexico chili powder $ 1 1/2 tablespoons ground cumin $ 14 cups (or more) water $ 1 1/2 pounds dried black beans, rinsed $ 2 1/2 teaspoons dried oregano (preferably Mexican) $ 1 1/2 teaspoons finely grated orange peel $ 1 1/2 teaspoons minced canned chipotle chiles in adobo $ 6 fresh poblano chiles $ 1 cup finely chopped white onion $ 1 7-ounce can salsa verde $ 2 cups sour cream $ 2 teaspoons minced canned chipotle chiles in adobo $ 2 tablespoons olive oil $ 3 pounds country-style boneless pork ribs, cut into 3/4-inch cubes $ 1/2 cup low-salt chicken broth $ 11/2 cups chopped fresh cilantro $ 4 teaspoons cumin seeds, toasted $ Grated hot pepper Monterey Jack cheese $ ",Soup/Stew $ Bean $ Garlic $ High Fiber $ Dinner $ Pork Rib $ Hot Pepper $ Winter $ Potluck $ Sour Cream $ Cilantro $ Simmer $ Bon Appétit $ ,Tex-Mex $ ,3/4,13,Soup/Stew $ Bean $ Garlic $ High Fiber $ Dinner $ Pork Rib $ Hot Pepper $ Winter $ Potluck $ Sour Cream $ Cilantro $ Simmer $ Bon Appétit $ Tex-Mex $ 
https://www.epicurious.com/recipes/food/views/chicken-fajitas-with-crunchy-lime-cabbage-and-avocado-241618,Chicken Fajitas with Crunchy Lime Cabbage and Avocado ,"6 tablespoons olive oil, divided, plus additional for griddle $ 2 garlic cloves, minced $ 1 tablespoon chili powder $ 2 pounds skinless boneless chicken breast halves, cut crosswise into 1/2-inch-thick slices $ 1 large red bell pepper, cut into 3/4-inch-thick strips $ 1 large red onion, halved, sliced lengthwise $ 3 cups thinly sliced red cabbage $ 2 tablespoons chopped fresh cilantro $ 2 tablespoons fresh lime juice $ 2 teaspoons finely grated lime peel $ 6 to 8 fajita-size flour tortillas $ 1 avocado, halved, pitted, sliced $ ",Chicken $ Marinate $ Super Bowl $ Quick & Easy $ High Fiber $ Cinco de Mayo $ Lime $ Avocado $ Healthy $ Cabbage $ Tortillas $ Bon Appétit $ ,Tex-Mex $ ,3.5/4,50,Chicken $ Marinate $ Super Bowl $ Quick & Easy $ High Fiber $ Cinco de Mayo $ Lime $ Avocado $ Healthy $ Cabbage $ Tortillas $ Bon Appétit $ Tex-Mex $ 
https://www.epicurious.com/recipes/food/views/veggie-tacos-241550,Veggie Tacos ,"1 small eggplant, cut into 1/2-inch cubes $ 1 1/2 teaspoons coarse salt $ 6 tablespoons olive oil $ 3/4 cup diced onion $ 2 cloves of garlic, finely chopped $ 1 cup diced red bell pepper $ 1 can (28 ounces) tomatoes $ 3/4 pound plum tomatoes, cut into 1-inch cubes $ 1 tablespoon chili powder $ 1 1/2 teaspoons cumin $ Salt and pepper, to taste $ 1/4 cup chopped parsley $ 1/2 cup canned dark-red kidney beans, drained $ 1/2 cup canned chickpeas, drained $ 8 hard corn taco shells $ 2 cups finely shredded iceberg lettuce $ 1 cup diced red onion $ 4 ripe plum tomatoes, diced $ 8 ounces sour cream $ 8 ounces grated Cheddar cheese $ ",Bean $ Tomato $ Vegetable $ Super Bowl $ Vegetarian $ Kid-Friendly $ Lunch $ Cheddar $ Eggplant $ Chickpea $ Healthy $ Sour Cream $ Simmer $ Parade $ Pescatarian $ Peanut Free $ Tree Nut Free $ Soy Free $ Kosher $ ,Southwestern $ Tex-Mex $ ,3/4,12,Bean $ Tomato $ Vegetable $ Super Bowl $ Vegetarian $ Kid-Friendly $ Lunch $ Cheddar $ Eggplant $ Chickpea $ Healthy $ Sour Cream $ Simmer $ Parade $ Pescatarian $ Peanut Free $ Tree Nut Free $ Soy Free $ Kosher $ Southwestern $ Tex-Mex $ 
https://www.epicurious.com/recipes/food/views/fiesta-golden-rice-240806,Fiesta Golden Rice ,"3 1/3 cups water $ 1 tablespoon olive oil $ 1/4 teaspoon crumbled saffron $ Salt $ 1 1/2 cups long-grain rice $ 1 1/2 cups red-wine vinaigrette $ 1 each red and green bell pepper, diced (1/4 inch) $ 1/2 cup diced (1/4 inch) red onion $ 1/2 cup diced (1/4 inch) dry chorizo sausage $ 1/3 cup dried currants $ 1/4 cup chopped flat-leaf parsley $ Salt and pepper, to taste $ ",Rice $ Side $ Quick & Easy $ Currant $ Sausage $ Bell Pepper $ Parsley $ Parade $ ,Tex-Mex $ ,0/4,0,Rice $ Side $ Quick & Easy $ Currant $ Sausage $ Bell Pepper $ Parsley $ Parade $ Tex-Mex $ 
https://www.epicurious.com/recipes/food/views/tomato-papaya-salsa-240805,Tomato Papaya Salsa ,"1 ripe papaya (about 1 pound), peeled, seeded and cut into 1/4-inch dice $ 4 large ripe plum tomatoes, seeded and diced (1/4 inch) $ 1/3 cup diced (1/4 inch) red onion $ 1 1/2 teaspoons finely minced and seeded jalapeño $ 2 tablespoons chopped fresh cilantro $ Finely grated zest of 1 lime $ 1/4 cup fresh lime juice $ ",Condiment/Spread $ Tomato $ Appetizer $ Lime $ Papaya $ Spring $ Summer $ Chill $ Cilantro $ Parade $ Fat Free $ Kidney Friendly $ Vegan $ Vegetarian $ Pescatarian $ Paleo $ Dairy Free $ Wheat/Gluten-Free $ Peanut Free $ Tree Nut Free $ Soy Free $ No Sugar Added $ Kosher $ ,Tex-Mex $ ,3.5/4,4,Condiment/Spread $ Tomato $ Appetizer $ Lime $ Papaya $ Spring $ Summer $ Chill $ Cilantro $ Parade $ Fat Free $ Kidney Friendly $ Vegan $ Vegetarian $ Pescatarian $ Paleo $ Dairy Free $ Wheat/Gluten-Free $ Peanut Free $ Tree Nut Free $ Soy Free $ No Sugar Added $ Kosher $ Tex-Mex $ 
https://www.epicurious.com/recipes/food/views/rosy-peach-ripe-melon-sangria-240804,Rosy Peach & Ripe Melon Sangria ,"8 peeled, diced (1/4 inch) ripe white or golden peaches $ 4 cups diced (1/4 inch) ripe cantaloupe $ 2 cups diced (1/4 inch) ripe strawberries $ 2 bottles rosé or dry white wine $ 1/2 cup fresh grapefruit juice $ 1/4 cup Cointreau liqueur $ 4 cups sparkling water $ 16 mint sprigs, for garnish $ ",Liqueur $ Wine $ Alcoholic $ Cocktail Party $ Cinco de Mayo $ Sangria $ Strawberry $ Grapefruit $ Cantaloupe $ Peach $ Mint $ Parade $ Drink $ ,Tex-Mex $ ,3.5/4,3,Liqueur $ Wine $ Alcoholic $ Cocktail Party $ Cinco de Mayo $ Sangria $ Strawberry $ Grapefruit $ Cantaloupe $ Peach $ Mint $ Parade $ Drink $ Tex-Mex $ 
https://www.epicurious.com/recipes/food/views/cheesy-chicken-burrito-with-chips-and-salsa-240527,Cheesy Chicken Burrito with Chips and Salsa ,"1 cup precooked chicken slices $ 1 cup canned black beans, rinsed $ 1 cup cooked brown rice $ 1 cup cooked broccoli $ 1 cup shredded reduced-fat cheddar $ 4 whole-wheat tortillas (8 inches each) $ 1 cup prepared salsa $ 2 servings chips and salsa $ ",Bean $ Cheese $ Chicken $ Dairy $ Poultry $ Rice $ Low Cal $ High Fiber $ Dinner $ Cheddar $ Fall $ Winter $ Healthy $ Self $ ,Mexican $ Latin American $ Tex-Mex $ ,2.5/4,6,Bean $ Cheese $ Chicken $ Dairy $ Poultry $ Rice $ Low Cal $ High Fiber $ Dinner $ Cheddar $ Fall $ Winter $ Healthy $ Self $ Mexican $ Latin American $ Tex-Mex $ 
https://www.epicurious.com/recipes/food/views/tex-mex-chex-237712,Tex-Mex Chex ,"1 1/2 cups Corn Chex cereal $ 1 1/2 cups Rice Chex cereal $ 1 1/2 cups Wheat Chex cereal $ 1/2 cup pepitas (shelled pumpkin seeds) $ 1/2 cup shelled unsalted pistachios $ 1 cup small, thin, salted pretzel sticks $ 1 1/2 tablespoons unsalted butter, melted and slightly cooled $ 1/2 tablespoon Yucatan Sunshine hot sauce or your favorite hot sauce $ 1/2 tablespoon Tabasco sauce $ 1 tablespoon Worcestershire sauce $ 1/4 teaspoon ground cumin $ 1/4 teaspoon dried oregano $ 1/4 teaspoon garlic powder $ Pinch of salt $ ",Nut $ Bake $ Pistachio $ ,American $ Tex-Mex $ ,3/4,4,Nut $ Bake $ Pistachio $ American $ Tex-Mex $ 
https://www.epicurious.com/recipes/food/views/avocado-and-corn-salsa-231541,Avocado and Corn Salsa ,"1 ripe avocado, cut into 1/4-inch dice $ 2 to 3 tablespoons fresh lime juice $ 1 ripe red tomato, seeded and cut into 1/4-inch dice $ 1 ear sweet corn, shucked $ 1 scallion, both white and green parts, trimmed and finely chopped, or 3 tablespoons diced sweet onion $ 1 to 2 jalapeño peppers or serrano peppers, seeded and minced (for a hotter salsa, leave the seeds in) $ 1/4 cup chopped fresh cilantro $ Coarse salt (kosher or sea) and freshly ground black pepper $ ",Condiment/Spread $ Tomato $ Vegetable $ Appetizer $ No-Cook $ Super Bowl $ Backyard BBQ $ Avocado $ Corn $ Summer $ Sugar Conscious $ Vegan $ Vegetarian $ Pescatarian $ Dairy Free $ Wheat/Gluten-Free $ Peanut Free $ Tree Nut Free $ Soy Free $ No Sugar Added $ Kosher $ ,American $ Tex-Mex $ ,3.5/4,48,Condiment/Spread $ Tomato $ Vegetable $ Appetizer $ No-Cook $ Super Bowl $ Backyard BBQ $ Avocado $ Corn $ Summer $ Sugar Conscious $ Vegan $ Vegetarian $ Pescatarian $ Dairy Free $ Wheat/Gluten-Free $ Peanut Free $ Tree Nut Free $ Soy Free $ No Sugar Added $ Kosher $ American $ Tex-Mex $ 
https://www.epicurious.com/recipes/food/views/stacked-enchiladas-with-turkey-and-chipotle-beans-231088,Stacked Enchiladas with Turkey and Chipotle Beans ,"2 10-ounce cans medium-hot enchilada sauce $ 1 16-ounce can refried beans, divided $ 1 tablespoon chopped canned chipotle chiles* $ 16 5- to 6-inch-diameter corn tortillas $ 1 cup chopped green onions (about 4 large), divided $ 2 cups diced cooked turkey meat (about 10 ounces), reheated, divided $ 1 1/3 cups (packed) coarsely grated Monterey Jack cheese (about 5 1/2 ounces), divided $ 1/2 cup crumbled queso fresco or feta cheese (about 4 ounces), divided $ Diced tomatoes $ Diced avocado $ ",Bean $ Cheese $ Pepper $ turkey $ Bake $ Bon Appétit $ ,American $ Southwestern $ Tex-Mex $ ,2.5/4,10,Bean $ Cheese $ Pepper $ turkey $ Bake $ Bon Appétit $ American $ Southwestern $ Tex-Mex $ 
https://www.epicurious.com/recipes/food/views/the-great-after-thanksgiving-turkey-enchiladas-15693,The Great After-Thanksgiving Turkey Enchiladas ,"3 tablespoons plus 1/2 cup vegetable oil $ 1 3/4 cups finely chopped onions $ 1 28-ounce can enchilada sauce $ 5 plum tomatoes, finely chopped $ 1 1/2 teaspoons finely chopped canned chipotle chilies* $ 1 cup chopped fresh cilantro $ 3 cups coarsely shredded cooked turkey $ 2 cups grated Monterey Jack cheese $ 3/4 cup sour cream $ 12 5- to 6-inch corn tortillas $ *Chipotle chilies canned in a spicy tomato sauce are sold at Latin American markets, at specialty foods stores and at some supermarkets. $ ",Cheese $ Onion $ Tomato $ turkey $ Bake $ Hot Pepper $ Fall $ Sour Cream $ Cilantro $ Tortillas $ Bon Appétit $ ,Southwestern $ Tex-Mex $ ,3.5/4,155,Cheese $ Onion $ Tomato $ turkey $ Bake $ Hot Pepper $ Fall $ Sour Cream $ Cilantro $ Tortillas $ Bon Appétit $ Southwestern $ Tex-Mex $ 
https://www.epicurious.com/recipes/food/views/sauteed-chicken-with-peppers-and-avocado-salsa-740,Sauteed Chicken with Peppers and Avocado Salsa ,"1 large tomato, chopped $ 1/4 cup diced avocado $ 1/4 cup chopped onion $ 1/4 cup chopped fresh cilantro $ 1 tablespoon chopped seeded jalapeño chili $ 1 tablespoon fresh lime juice $ 4 7- to 8-inch flour tortillas $ 1 tablespoon vegetable oil $ 3 skinless boneless chicken breast halves, cut into 1/2-inch strips $ 2 yellow or red bell peppers, cut into 1/2-inch strips $ 1/4 cup nonfat plain yogurt $ ",Chicken $ Sauté $ Low Fat $ Yogurt $ Avocado $ Bell Pepper $ Bon Appétit $ ,Tex-Mex $ ,3.5/4,12,Chicken $ Sauté $ Low Fat $ Yogurt $ Avocado $ Bell Pepper $ Bon Appétit $ Tex-Mex $ 
https://www.epicurious.com/recipes/food/views/ripe-olive-and-avocado-quesadillas-15799,Ripe Olive and Avocado Quesadillas ,a 6-ounce can pitted ripe black olives (about 1 1/3 cups) $ 1 firm-ripe California avocado $ 1 small red bell pepper $ 1/3 cup chopped fresh cilantro sprigs $ 2 tablespoons finely chopped red onion $ 1 1/2 tablespoons fresh lime juice $ four 6- to 7-inch flour tortillas $ 1/2 teaspoon vegetable oil $ 1 1/3 cups grated pepper Jack cheese (about 5 ounces) $ ,Cheese $ Olive $ Pepper $ Appetizer $ Broil $ Super Bowl $ Vegetarian $ Quick & Easy $ Lunch $ Avocado $ Poker/Game Night $ Healthy $ Cilantro $ Tortillas $ Gourmet $ Sugar Conscious $ Pescatarian $ Peanut Free $ Tree Nut Free $ Soy Free $ Kosher $ ,Southwestern $ Tex-Mex $ ,3.5/4,8,Cheese $ Olive $ Pepper $ Appetizer $ Broil $ Super Bowl $ Vegetarian $ Quick & Easy $ Lunch $ Avocado $ Poker/Game Night $ Healthy $ Cilantro $ Tortillas $ Gourmet $ Sugar Conscious $ Pescatarian $ Peanut Free $ Tree Nut Free $ Soy Free $ Kosher $ Southwestern $ Tex-Mex $ 
https://www.epicurious.com/recipes/food/views/tex-mex-lasagne-15736,"Tex-Mex ""Lasagne"" ",2 medium onions $ 1 red bell pepper $ 5 garlic cloves $ 4 skinless boneless chicken breast halves (about 1 1/4 pounds total) $ 1/2 cup plus 3 tablespoons vegetable oil $ 1 tablespoon chili powder $ 1 tablespoon ground cumin $ 1 tablespoon ground coriander seeds $ 1 teaspoon freshly ground black pepper $ 1/4 teaspoon cayenne $ 2 tablespoons cider vinegar $ a 12-ounce bottle of beer (not dark) $ a 16-ounce can refried beans $ two 16-ounce jars salsa $ twelve 6- to 7-inch corn tortillas $ 2 cups coarsely grated Monterey Jack cheese (about 8 ounces) $ 2 cups coarsely grated Colby cheese (about 8 ounces) $ Accompaniments: $ sour cream $ fresh cilantro sprigs $ pickled jalapeño slices $ ,Beer $ Bean $ Cheese $ Chicken $ Pepper $ Poultry $ Bake $ Super Bowl $ Casserole/Gratin $ Fall $ Winter $ Potluck $ Tortillas $ Gourmet $ ,Tex-Mex $ ,3/4,19,Beer $ Bean $ Cheese $ Chicken $ Pepper $ Poultry $ Bake $ Super Bowl $ Casserole/Gratin $ Fall $ Winter $ Potluck $ Tortillas $ Gourmet $ Tex-Mex $ 
https://www.epicurious.com/recipes/food/views/spicy-meatless-chili-104336,Spicy Meatless Chili ,"3 tablespoons olive oil $ 1 medium onion, chopped $ 2 tablespoons chili powder $ 1 14 1/2-ounce can Mexican recipe stewed tomatoes with juices $ 8 ounces frozen veggie crumbles, thawed $ 1 cup canned red kidney beans, rinsed, drained $ 1/4 cup water $ 1/2 cups shredded Mexican-style 4-cheese mix $ ",Bean $ Cheese $ Tomato $ Vegetarian $ Quick & Easy $ Winter $ Simmer $ Bon Appétit $ ,Tex-Mex $ ,3/4,17,Bean $ Cheese $ Tomato $ Vegetarian $ Quick & Easy $ Winter $ Simmer $ Bon Appétit $ Tex-Mex $ 
https://www.epicurious.com/recipes/food/views/skewered-beef-fajitas-103631,Skewered Beef Fajitas ,"2 tablespoons vegetable oil $ 2 tablespoons fresh lime juice $ 1 1/2 tablespoons tequila $ 2 teaspoons minced jalapeño chili $ 1 teaspoon grated lime peel $ 8 to 10 ounces skirt steak, cut crosswise into 1-inch-wide strips $ 6 large green onions, trimmed to 8-inch length $ 8 1-inch squares green bell pepper $ 4 6- to 7-inch-diameter flour tortillas $ ",Tequila $ Beef $ Vegetable $ Quick & Easy $ Backyard BBQ $ Bell Pepper $ Summer $ Grill $ Grill/Barbecue $ Jalapeño $ Tortillas $ Bon Appétit $ ,Southwestern $ Tex-Mex $ ,2/4,9,Tequila $ Beef $ Vegetable $ Quick & Easy $ Backyard BBQ $ Bell Pepper $ Summer $ Grill $ Grill/Barbecue $ Jalapeño $ Tortillas $ Bon Appétit $ Southwestern $ Tex-Mex $ 
https://www.epicurious.com/recipes/food/views/carne-asada-tacos-103,Carne Asada Tacos ,"8 corn tortillas $ 1 teaspoon vegetable oil $ 6 ounces flank steak, well trimmed, cut lengthwise in half $ 3/4 teaspoon garlic salt $ 2 small tomatoes, diced $ 1/2 small onion, diced $ 1/2 avocado, diced $ Chopped fresh cilantro $ Hot pepper sauce (such as Tabasco) $ ",Beef $ Low Fat $ Quick & Easy $ Cinco de Mayo $ Dinner $ Lunch $ Bon Appétit $ ,Mexican $ Southwestern $ Tex-Mex $ ,2.5/4,23,Beef $ Low Fat $ Quick & Easy $ Cinco de Mayo $ Dinner $ Lunch $ Bon Appétit $ Mexican $ Southwestern $ Tex-Mex $ 
https://www.epicurious.com/recipes/food/views/smoky-black-bean-dip-104800,Smoky Black Bean Dip ,"4 bacon slices $ 1 medium onion, chopped $ 1 small red bell pepper, seeded, chopped $ 1/2 teaspoon ground cumin $ 1/2 teaspoon dried oregano $ 2 15-ounce cans black beans, undrained $ 1 teaspoon chopped seeded canned chipotle chilies* $ 1/2 cup sour cream $ 2 tablespoons chopped fresh cilantro $ ",Condiment/Spread $ Food Processor $ Bean $ Cocktail Party $ Super Bowl $ Buffet $ Bacon $ Bell Pepper $ Hot Pepper $ Bon Appétit $ ,Southwestern $ Tex-Mex $ ,3/4,45,Condiment/Spread $ Food Processor $ Bean $ Cocktail Party $ Super Bowl $ Buffet $ Bacon $ Bell Pepper $ Hot Pepper $ Bon Appétit $ Southwestern $ Tex-Mex $ 
https://www.epicurious.com/recipes/food/views/ranchero-sauce-2671,Ranchero Sauce ,"1 tablespoon butter $ 1/2 cup chopped onion $ 1/2 cup chopped green bell pepper $ 1 jalapeño pepper, chopped $ 1 large garlic clove, chopped $ 1 1/2 teaspoons ground cumin $ 1/4 teaspoon cayenne pepper $ 2 cups canned chicken broth $ 1 8-ounce can tomato sauce $ 1/4 cup chopped fresh cilantro $ ",Sauce $ Onion $ Tomato $ Low Carb $ Quick & Easy $ Bell Pepper $ Bon Appétit $ Florida $ ,Tex-Mex $ ,3.5/4,22,Sauce $ Onion $ Tomato $ Low Carb $ Quick & Easy $ Bell Pepper $ Bon Appétit $ Florida $ Tex-Mex $ 
https://www.epicurious.com/recipes/food/views/chili-relleno-casserole-2883,Chili Relleno Casserole ,"4 eggs $ 1 1/2 cups milk $ 2 tablespoons all purpose flour $ 1/2 teaspoon pepper $ 1/4 teaspoon salt $ 3 7-ounce cans whole green chilies, split open $ 4 cups shredded cheddar (about 1 pound) $ 4 cups shredded Monterey Jack (about 1 pound) $ ",Cheese $ Dairy $ Egg $ Bake $ Vegetarian $ Casserole/Gratin $ Hot Pepper $ Bon Appétit $ ,Southwestern $ Tex-Mex $ ,3.5/4,109,Cheese $ Dairy $ Egg $ Bake $ Vegetarian $ Casserole/Gratin $ Hot Pepper $ Bon Appétit $ Southwestern $ Tex-Mex $ 
https://www.epicurious.com/recipes/food/views/spicy-texas-drumsticks-2281,Spicy Texas Drumsticks ,4 chicken drumsticks $ 3 tablespoons chili powder $ 2 teaspoons ground cumin $ 1 cup bottled chili sauce $ 1/4 cup dark (robust) molasses $ 3 tablespoons cider vinegar $ 2 tablespoons orange juice $ 2 teaspoons grated orange peel $ ,Chicken $ Spice $ Summer $ Grill/Barbecue $ Bon Appétit $ ,Tex-Mex $ ,3/4,9,Chicken $ Spice $ Summer $ Grill/Barbecue $ Bon Appétit $ Tex-Mex $ 
https://www.epicurious.com/recipes/food/views/steak-taquitos-701,Steak Taquitos ,"2 1/2 cups chopped tomatoes $ 2 cups chopped onions $ 3/4 cup chopped fresh cilantro $ 6 tablespoons fresh lime juice $ 1 1/2 tablespoons chopped serrano chilies or jalapeño chilies $ 3 cups crumbled queso fresco or mild feta cheese (about 18 ounces). Queso fresco, also known as queso blanco, is available at Latin American markets and in some supermarkets. $ 24 4-inch corn tortillas $ 2 pounds skirt steaks, trimmed $ ",Beef $ Cheese $ Tomato $ Appetizer $ Super Bowl $ Grill $ Chill $ Grill/Barbecue $ Bon Appétit $ ,Mexican $ Southwestern $ Tex-Mex $ ,3/4,4,Beef $ Cheese $ Tomato $ Appetizer $ Super Bowl $ Grill $ Chill $ Grill/Barbecue $ Bon Appétit $ Mexican $ Southwestern $ Tex-Mex $ 
https://www.epicurious.com/recipes/food/views/turkey-tortilla-soup-989,Turkey Tortilla Soup ,"2 teaspoons chili powder $ 3 cups canned low-salt chicken broth $ 1 15- to 16-ounce can Mexican-style stewed tomatoes, coarsely mashed $ 1 10-ounce package frozen corn and lima bean succotash or 1 cup each frozen corn and lima beans $ 2 cups diced cooked turkey (about 8 ounces) $ 1 cup coarsely broken corn tortilla chips $ 2 teaspoons minced fresh or canned jalapeño chili $ ",Soup/Stew $ Tomato $ turkey $ Quick & Easy $ Corn $ Lima Bean $ Winter $ Jalapeño $ Bon Appétit $ ,Southwestern $ Tex-Mex $ ,3/4,19,Soup/Stew $ Tomato $ turkey $ Quick & Easy $ Corn $ Lima Bean $ Winter $ Jalapeño $ Bon Appétit $ Southwestern $ Tex-Mex $ 
https://www.epicurious.com/recipes/food/views/chicken-and-three-bean-burritos-489,Chicken and Three-Bean Burritos ,"12 large flour tortillas $ 6 skinless boneless chicken breast halves $ Fresh lime juice $ Chili powder $ Ground cumin $ 1 tablespoon olive oil $ Three-Bean Salad (see recipe) Three-Bean Salad $ 2 avocados, peeled, sliced, rinsed under cold water, drained $ 1 head romaine lettuce, shredded $ Grated cheddar cheese $ Sour cream or plain yogurt $ ",Sandwich $ Bean $ Chicken $ Super Bowl $ Kid-Friendly $ Quick & Easy $ Cheddar $ Avocado $ Spring $ Bon Appétit $ ,Southwestern $ Tex-Mex $ ,3/4,4,Sandwich $ Bean $ Chicken $ Super Bowl $ Kid-Friendly $ Quick & Easy $ Cheddar $ Avocado $ Spring $ Bon Appétit $ Southwestern $ Tex-Mex $ 
https://www.epicurious.com/recipes/food/views/black-bean-and-vegetable-wraps-5926,Black Bean and Vegetable Wraps ,"1 1/2 tablespoons olive oil $ 2 large garlic cloves, minced $ 1 cup diced red bell pepper $ 1 cup diced yellow bell pepper $ 1 cup 1/2-inch pieces zucchini $ 1 cup 1/2-inch pieces peeled butternut squash $ 1 cup chopped red onion $ 2 teaspoons ground cumin $ 1 15-ounce can black beans, drained $ 1 cup (packed) grated hot pepper Monterey Jack cheese $ 4 9- to 10-inch-diameter flour tortillas (burrito size) $ 4 tablespoons chopped fresh cilantro $ ",Bean $ Cheese $ Vegetable $ Bake $ Super Bowl $ Vegetarian $ Bell Pepper $ Butternut Squash $ Fall $ Bon Appétit $ ,Tex-Mex $ ,3.5/4,15,Bean $ Cheese $ Vegetable $ Bake $ Super Bowl $ Vegetarian $ Bell Pepper $ Butternut Squash $ Fall $ Bon Appétit $ Tex-Mex $ 
https://www.epicurious.com/recipes/food/views/beef-and-bean-burritos-29,Beef and Bean Burritos ,"1 pound lean ground beef $ 1 onion, chopped $ 4 large garlic cloves, minced $ 3 tablespoons ground cumin $ 3 15-ounce cans black beans or pinto beans, rinsed, drained $ 1 14 1/2-ounce can beef broth $ 1 4-ounce can diced green chilies $ 4 green onions $ Warm flour tortillas $ Grated Monterey Jack cheese $ Chopped fresh cilantro $ Purchased salsa $ ",Bean $ Beef $ Sauté $ Quick & Easy $ Bon Appétit $ ,Mexican $ Latin American $ Tex-Mex $ ,3/4,71,Bean $ Beef $ Sauté $ Quick & Easy $ Bon Appétit $ Mexican $ Latin American $ Tex-Mex $ 
https://www.epicurious.com/recipes/food/views/fontina-corn-and-jalapeno-quesadillas-1294,"Fontina, Corn and Jalapeño Quesadillas ","2 teaspoons olive oil $ 1 cup frozen corn kernels, thawed $ 2 jalapeño chilies, seeded, minced $ 1 teaspoon dried oregano, crumbled $ Olive oil $ 8 7-inch flour tortillas $ 2 cups grated Fontina cheese (about 8 ounces) $ ",Cheese $ Vegetable $ Vegetarian $ Quick & Easy $ Lunch $ Corn $ Poker/Game Night $ Jalapeño $ Bon Appétit $ ,Southwestern $ Tex-Mex $ ,2.5/4,7,Cheese $ Vegetable $ Vegetarian $ Quick & Easy $ Lunch $ Corn $ Poker/Game Night $ Jalapeño $ Bon Appétit $ Southwestern $ Tex-Mex $ 
https://www.epicurious.com/recipes/food/views/chiles-rellenos-13120,Chiles Rellenos ,"eight to ten 7-inch green chiles (Anaheims, poblanos, or Big Jims)*, roasted and peeled, seeds intact, stems attached (procedure follows) $ 3/4 pound grated mild Cheddar (about 3 cups) $ 1/2 cup all-purpose flour $ 2 1/2 teaspoons salt $ 1/2 teaspoon freshly ground black pepper $ vegetable shortening for frying $ 4 large egg yolks, beaten $ 4 large egg whites, beaten until foamy $ 1/4 pound grated sharp Cheddar (about 1 cup) $ Accompaniment: prepared salsa (optional) $ *available at Hispanic markets and some specialty foods shops $ ",Cheese $ Pepper $ Appetizer $ Broil $ Fry $ Vegetarian $ Gourmet $ Sugar Conscious $ ,Mexican $ Southwestern $ Tex-Mex $ ,3/4,45,Cheese $ Pepper $ Appetizer $ Broil $ Fry $ Vegetarian $ Gourmet $ Sugar Conscious $ Mexican $ Southwestern $ Tex-Mex $ 
https://www.epicurious.com/recipes/food/views/spicy-steak-and-corn-soft-tacos-1592,Spicy Steak and Corn Soft Tacos ,"2 tablespoons olive oil $ 1 medium red onion, sliced $ 1 red bell pepper, sliced $ 1/2 pound round, flank or skirt steak, cut into 1/4-inch-thick, long narrow strips $ 3/4 cup frozen whole kernel corn, cooked according to package directions, drained $ 1 jalapeño chili, minced with seeds $ 1/2 teaspoon ground cumin $ 1/2 teaspoon chili powder $ Salt and freshly ground pepper $ 1 1/2 tablespoons minced fresh cilantro $ Corn or flour tortillas $ Grated cheddar cheese $ Chopped fresh tomatoes $ Sour cream $ ",Beef $ Herb $ Vegetable $ Sauté $ Quick & Easy $ Cinco de Mayo $ Bon Appétit $ ,Mexican $ Southwestern $ Tex-Mex $ ,3/4,13,Beef $ Herb $ Vegetable $ Sauté $ Quick & Easy $ Cinco de Mayo $ Bon Appétit $ Mexican $ Southwestern $ Tex-Mex $ 
https://www.epicurious.com/recipes/food/views/crab-stuffed-jalapeno-fritters-1710,Crab-Stuffed Jalapeño Fritters ,"12 large jalapeños $ 4 ounces crabmeat, well drained $ 1/3 cup minced red onion $ 1/4 cup minced green bell pepper $ 1/4 cup mayonnaise $ 1/2 cup all purpose flour $ 3/4 cup Mexican beer $ Corn oil (for deep frying) $ All purpose flour $ 1/2 avocado, peeled, diced $ 1/2 cup mild salsa, drained $ 1 tablespoon mayonnaise $ ",Appetizer $ Fry $ Crab $ Jalapeño $ Bon Appétit $ Sugar Conscious $ Kidney Friendly $ Pescatarian $ Dairy Free $ Peanut Free $ Tree Nut Free $ Soy Free $ ,Mexican $ Southwestern $ Tex-Mex $ ,2.5/4,12,Appetizer $ Fry $ Crab $ Jalapeño $ Bon Appétit $ Sugar Conscious $ Kidney Friendly $ Pescatarian $ Dairy Free $ Peanut Free $ Tree Nut Free $ Soy Free $ Mexican $ Southwestern $ Tex-Mex $ 
https://www.epicurious.com/recipes/food/views/tex-mex-turkey-meat-loaf-and-chipotle-mashed-potatoes-101065,Tex-Mex Turkey Meat Loaf and Chipotle Mashed Potatoes ,1 medium onion $ 1 bell pepper (orange or red) $ 3/4 cup packed fresh cilantro sprigs $ 5 garlic cloves $ 4 slices firm white sandwich bread $ 1/2 cup plus 6 tablespoons bottled chili sauce such as Heinz $ 1 1/2 pounds lean ground turkey $ 1/2 cup nonfat sour cream $ 1 large egg $ 1 tablespoon Worcestershire sauce $ 2 teaspoons ground cumin $ 1 teaspoon salt $ 1/2 teaspoon freshly ground black pepper $ Accompaniment:chipotle mashed potatoes $ ,Onion $ Pepper $ Potato $ turkey $ Winter $ Cilantro $ Gourmet $ ,Tex-Mex $ ,3/4,46,Onion $ Pepper $ Potato $ turkey $ Winter $ Cilantro $ Gourmet $ Tex-Mex $ 
https://www.epicurious.com/recipes/food/views/black-white-and-red-bean-chili-with-sausage-1306,"Black, White and Red Bean Chili with Sausage ","1 tablespoon olive oil $ 1 1/4 pounds Italian sausages (turkey or pork) $ 1 large onion, cut into 1/2-inch pieces $ 1 large red bell pepper, cut into 1/2-inch pieces $ 1 large green bell pepper, cut into 1/2-inch pieces $ 2 jalapeño chilies, seeded, chopped $ 1 tablespoon plus 2 teaspoons chili powder $ 2 teaspoons ground cumin $ 1 1/2 28-ounce cans crushed tomatoes in puree $ 1 15 1/4-ounce kidney beans, drained, rinsed $ 1 15-ounce can cannellini (white kidney beans), drained, rinsed $ 1 15- to 16-ounce can black beans, drained, rinsed $ 1 tablespoon balsamic vinegar or red wine vinegar $ Sour cream $ Chopped fresh cilantro $ ",Soup/Stew $ Bean $ Tomato $ Super Bowl $ Quick & Easy $ Sausage $ Bell Pepper $ Winter $ Jalapeño $ Bon Appétit $ ,Tex-Mex $ ,3/4,33,Soup/Stew $ Bean $ Tomato $ Super Bowl $ Quick & Easy $ Sausage $ Bell Pepper $ Winter $ Jalapeño $ Bon Appétit $ Tex-Mex $ 
https://www.epicurious.com/recipes/food/views/chile-con-queso-y-cerveza-13162,Chile con Queso y Cerveza ,"2 cups grated sharp Cheddar (about 1/4 pound) $ 2 cups grated Jarlsberg (about 1/4 pound) $ 2 tablespoons all-purpose flour $ 1 small onion, minced $ 1 tablespoon unsalted butter $ 3/4 cup beer (not dark) $ 1/2 cup drained canned tomatoes, chopped fine $ 1 bottle pickled jalapeño chili, minced (wear rubber gloves) $ tortilla chips as an accompaniment. $ ",Condiment/Spread $ Beer $ Tomato $ Appetizer $ Vegetarian $ Quick & Easy $ Cheddar $ Swiss Cheese $ Jalapeño $ Gourmet $ Sugar Conscious $ Kidney Friendly $ ,Mexican $ Southwestern $ Tex-Mex $ ,2.5/4,15,Condiment/Spread $ Beer $ Tomato $ Appetizer $ Vegetarian $ Quick & Easy $ Cheddar $ Swiss Cheese $ Jalapeño $ Gourmet $ Sugar Conscious $ Kidney Friendly $ Mexican $ Southwestern $ Tex-Mex $ 
https://www.epicurious.com/recipes/food/views/corn-and-cheese-soft-tacos-3110,Corn and Cheese Soft Tacos ,"1 tablespoon olive oil $ 3/4 cup chopped red bell pepper $ 2 cups (packed) grated Monterey Jack cheese (about 8 ounces) $ 1 15-to 16-ounce can corn kernels, drained $ 1 cup canned creamed corn $ 3 plum tomatoes, seeded, chopped $ 3/4 cup sour cream (do not use low-fat) $ 1 4-ounce can chopped mild green chilies $ 1/4 cup chopped pimiento-stuffed olives $ 1/4 cup chopped fresh cilantro $ 12 6- to 7-inch flour tortillas $ ",Cheese $ Tomato $ Bake $ Vegetarian $ Quick & Easy $ Casserole/Gratin $ Corn $ Bell Pepper $ Hot Pepper $ Bon Appétit $ Texas $ ,Tex-Mex $ ,2.5/4,4,Cheese $ Tomato $ Bake $ Vegetarian $ Quick & Easy $ Casserole/Gratin $ Corn $ Bell Pepper $ Hot Pepper $ Bon Appétit $ Texas $ Tex-Mex $ 
https://www.epicurious.com/recipes/food/views/grilled-cumin-chicken-breasts-with-avocado-salsa-10504,Grilled Cumin Chicken Breasts with Avocado Salsa ,"3 whole boneless chicken breasts with skin (about 2 1/2 pounds), halved $ 1 tablespoon vegetable oil $ 4 teaspoons ground cumin $ Accompaniment: Avocado Salsa and corn tortilla chips $ ",Chicken $ Quick & Easy $ Backyard BBQ $ Spice $ Grill $ Grill/Barbecue $ Gourmet $ ,Mexican $ Southwestern $ Tex-Mex $ ,3/4,21,Chicken $ Quick & Easy $ Backyard BBQ $ Spice $ Grill $ Grill/Barbecue $ Gourmet $ Mexican $ Southwestern $ Tex-Mex $ 
https://www.epicurious.com/recipes/food/views/black-bean-green-pepper-and-red-onion-dip-13155,"Black Bean, Green Pepper, and Red Onion Dip ","1 1/2 cups dried black beans, picked over and rinsed $ 2 quarts plus 1/4 cup water $ 1 large green bell pepper, chopped fine, reserving about 1 teaspoon for garnish $ 1 small red onion, chopped fine, reserving about 1 teaspoon for garnish $ 3 tablespoons vegetable oil $ 1 1/2 teaspoons ground cumin, or to taste $ 2 tablespoons cider vinegar, or to taste $ tortilla chips as an accompaniment $ cherry peppers for garnish if desired $ ",Condiment/Spread $ Food Processor $ Bean $ Onion $ Appetizer $ Vegetarian $ Bell Pepper $ Chill $ Gourmet $ ,Mexican $ Southwestern $ Tex-Mex $ ,2/4,9,Condiment/Spread $ Food Processor $ Bean $ Onion $ Appetizer $ Vegetarian $ Bell Pepper $ Chill $ Gourmet $ Mexican $ Southwestern $ Tex-Mex $ 
https://www.epicurious.com/recipes/food/views/chicken-enchiladas-772,Chicken Enchiladas ,"1 16-ounce container light sour cream $ 1 7-ounce can diced green chilies $ 4 large green onions, chopped $ 1/2 cup chopped fresh cilantro $ 1 1/2 teaspoons ground cumin $ 2 cups diced cooked chicken $ 2 cups packed grated sharp cheddar cheese (about 8 ounces) $ 8 8-inch-diameter flour tortillas $ 1 8-ounce package light cream cheese, cut lengthwise into 8 strips $ 1 1/2 16-ounce bottles mild picante sauce or salsa $ Additional chopped fresh cilantro (optional) $ ",Chicken $ Herb $ Bake $ Kid-Friendly $ Cheddar $ Cream Cheese $ Sour Cream $ Bon Appétit $ Washington $ ,Mexican $ Southwestern $ Tex-Mex $ ,3.5/4,263,Chicken $ Herb $ Bake $ Kid-Friendly $ Cheddar $ Cream Cheese $ Sour Cream $ Bon Appétit $ Washington $ Mexican $ Southwestern $ Tex-Mex $ 
https://www.epicurious.com/recipes/food/views/tomatillo-salsa-10501,Tomatillo Salsa ,"1 large fresh jalapeño chili $ 1 pound tomatillos, husks discarded $ 1 tablespoon minced fresh coriander sprigs $ 1/2 cup finely chopped red onion $ 1/2 cup sour cream $ Garnish: small coriander sprig $ Accompaniment: Spiced Curly Tortilla Chips $ ",Condiment/Spread $ Sauce $ Blender $ Food Processor $ Herb $ Onion $ Vegetable $ Vegetarian $ Quick & Easy $ Chill $ Tomatillo $ Jalapeño $ Sour Cream $ Gourmet $ ,Mexican $ Southwestern $ Tex-Mex $ ,3/4,1,Condiment/Spread $ Sauce $ Blender $ Food Processor $ Herb $ Onion $ Vegetable $ Vegetarian $ Quick & Easy $ Chill $ Tomatillo $ Jalapeño $ Sour Cream $ Gourmet $ Mexican $ Southwestern $ Tex-Mex $ 
https://www.epicurious.com/recipes/food/views/avocado-salsa-14221,Avocado Salsa ,"2 large shallots $ 3 garlic cloves $ 2 tablespoons chopped fresh coriander $ 10 medium tomatillos (about 1/2 pound) $ 2 firm-ripe California avocados $ 1 tablespoon fresh lime juice, or to taste $ ",Condiment/Spread $ Garlic $ No-Cook $ Quick & Easy $ Wheat/Gluten-Free $ Lime $ Avocado $ Chill $ Tomatillo $ Shallot $ Cilantro $ Gourmet $ ,Mexican $ Southwestern $ Tex-Mex $ ,4/4,1,Condiment/Spread $ Garlic $ No-Cook $ Quick & Easy $ Wheat/Gluten-Free $ Lime $ Avocado $ Chill $ Tomatillo $ Shallot $ Cilantro $ Gourmet $ Mexican $ Southwestern $ Tex-Mex $ 
https://www.epicurious.com/recipes/food/views/tomatillo-celery-salsa-15188,Tomatillo Celery Salsa ,1 pound fresh tomatillos $ 4 celery ribs $ 1 cup packed fresh cilantro sprigs $ 6 radishes $ 1 tablespoon fresh lemon juice $ ,Condiment/Spread $ Sauce $ Blender $ Food Processor $ Vegetable $ No-Cook $ Low Fat $ Vegetarian $ Quick & Easy $ Low/No Sugar $ Celery $ Radish $ Summer $ Healthy $ Vegan $ Tomatillo $ Cilantro $ Gourmet $ ,Southwestern $ Tex-Mex $ ,3/4,2,Condiment/Spread $ Sauce $ Blender $ Food Processor $ Vegetable $ No-Cook $ Low Fat $ Vegetarian $ Quick & Easy $ Low/No Sugar $ Celery $ Radish $ Summer $ Healthy $ Vegan $ Tomatillo $ Cilantro $ Gourmet $ Southwestern $ Tex-Mex $ 
https://www.epicurious.com/recipes/food/views/my-favorite-mexican-casserole-107199,My Favorite Mexican Casserole ,"1 1/2 cups crushed tortilla chips $ 1 pound shredded cooked chicken meat (from a small roasted chicken) $ 1 can (15 1/2 ounces) garbanzo beans, drained $ 1 can (15 1/2 ounces) kidney beans, drained $ 1 can (15 1/4 ounces) corn kernels, drained $ 1 can (8 ounces) tomato sauce $ 1 cup prepared salsa $ 1 cup chopped red onion $ 1 green bell pepper, cut into 1/4-inch dice $ 1/4 cup chopped fresh cilantro leaves $ 1 tablespoon minced garlic $ Salt and freshly ground black pepper, to taste $ N/A freshly ground black pepper $ 6 ounces grated Monterey Jack cheese $ 6 ounces grated sharp Cheddar cheese $ 2 cups diced (1/4-inch) ripe tomatoes $ 1 cup sour cream $ 1/2 cup chopped fresh cilantro leaves $ ",Bean $ Cheese $ Chicken $ Tomato $ Bake $ Kid-Friendly $ Quick & Easy $ Buffet $ Casserole/Gratin $ Corn $ Cilantro $ Tortillas $ Parade $ ,Mexican $ Tex-Mex $ ,3.5/4,104,Bean $ Cheese $ Chicken $ Tomato $ Bake $ Kid-Friendly $ Quick & Easy $ Buffet $ Casserole/Gratin $ Corn $ Cilantro $ Tortillas $ Parade $ Mexican $ Tex-Mex $ 
https://www.epicurious.com/recipes/food/views/chipotle-mashed-potatoes-101066,Chipotle Mashed Potatoes ,"3 1/2 pounds yellow-fleshed potatoes such as Yukon Gold $ 1 1/4 cups skim milk $ 1/2 tablespoon canned chipotle chiles in adobo, or to taste $ 2 tablespoons nonfat sour cream $ 1/2 cup packed fresh cilantro sprigs $ ",Pepper $ Potato $ Cilantro $ Gourmet $ ,Tex-Mex $ ,2.5/4,13,Pepper $ Potato $ Cilantro $ Gourmet $ Tex-Mex $ 
https://www.epicurious.com/recipes/food/views/sweet-onion-quesadillas-11920,Sweet-Onion Quesadillas ,"1 medium-large sweet onion such as Vidalia or Walla Walla $ olive oil for brushing onion and tortillas $ four 6- to 7-inch flour tortillas $ 3/4 cup grated Monterey Jack cheese with hot peppers (about 3 ounces) $ 1/4 cup packed fresh coriander sprigs, washed well, spun dry, and chopped coarse. $ ",Cheese $ Onion $ Side $ Vegetarian $ Quick & Easy $ Backyard BBQ $ Lunch $ Grill $ Grill/Barbecue $ Gourmet $ Pescatarian $ Peanut Free $ Tree Nut Free $ Soy Free $ Kosher $ ,Southwestern $ Tex-Mex $ ,3.5/4,7,Cheese $ Onion $ Side $ Vegetarian $ Quick & Easy $ Backyard BBQ $ Lunch $ Grill $ Grill/Barbecue $ Gourmet $ Pescatarian $ Peanut Free $ Tree Nut Free $ Soy Free $ Kosher $ Southwestern $ Tex-Mex $ 
https://www.epicurious.com/recipes/food/views/nopalito-salsa-1117,Nopalito Salsa ,"1 1/3 cups canned or bottled nopalitos, rinsed, drained, diced (about one 11-ounce jar) or 1 1/3 cups diced cooked green beans $ 3/4 cup diced peeled jicama $ 2 small tomatoes, diced $ 1/3 cup diced onion $ 1/4 cup chopped fresh cilantro $ 3 tablespoons red wine vinegar $ 1 tablespoon olive oil $ 1 serrano chili or small jalapeño chili, minced $ 1 garlic clove, minced $ ",Condiment/Spread $ Tomato $ No-Cook $ Vegetarian $ Quick & Easy $ Cinco de Mayo $ Hot Pepper $ Summer $ Healthy $ Vegan $ Jícama $ Bon Appétit $ ,Southwestern $ Tex-Mex $ ,3.5/4,1,Condiment/Spread $ Tomato $ No-Cook $ Vegetarian $ Quick & Easy $ Cinco de Mayo $ Hot Pepper $ Summer $ Healthy $ Vegan $ Jícama $ Bon Appétit $ Southwestern $ Tex-Mex $ 
https://www.epicurious.com/recipes/food/views/layered-nacho-salad-3109,Layered Nacho Salad ,"2 large ripe avocados, peeled, pitted $ 2 cups (or more) purchased thick salsa (mild or medium-hot) $ 1 head red leaf lettuce, torn into bite-size pieces $ 3 cups shredded cooked chicken or turkey $ 3 cups broken tortilla chips $ 1 15-ounce can black beans, rinsed, drained $ 4 green onions, chopped $ 1 small green bell pepper, chopped $ 1 cup (packed) grated sharp cheddar cheese $ ",Bean $ Cheese $ Chicken $ Leafy Green $ turkey $ Vegetable $ No-Cook $ Kid-Friendly $ Quick & Easy $ Lunch $ Avocado $ Bon Appétit $ Texas $ ,Tex-Mex $ ,3.5/4,40,Bean $ Cheese $ Chicken $ Leafy Green $ turkey $ Vegetable $ No-Cook $ Kid-Friendly $ Quick & Easy $ Lunch $ Avocado $ Bon Appétit $ Texas $ Tex-Mex $ 
https://www.epicurious.com/recipes/food/views/chicken-and-bell-pepper-fajitas-1522,Chicken and Bell Pepper Fajitas ,"4 skinless boneless chicken breast halves $ 5 tablespoons vegetable oil $ 1/4 cup fresh lime juice $ 1 tablespoon minced garlic $ 1/2 teaspoon salt $ 1/4 teaspoon ground pepper $ 8 6-inch diameter flour tortillas $ 1 large red onion, sliced $ 1 large red bell pepper, cut into 3/4-inch-wide strips $ 1 large yellow or green bell pepper, cut into 3/4-inch-wide strips $ Sour Cream $ ",Chicken $ Onion $ Pepper $ Marinate $ Sauté $ Bon Appétit $ ,Mexican $ Southwestern $ Tex-Mex $ ,3.5/4,90,Chicken $ Onion $ Pepper $ Marinate $ Sauté $ Bon Appétit $ Mexican $ Southwestern $ Tex-Mex $ 
https://www.epicurious.com/recipes/food/views/spicy-beef-burritos-3036,Spicy Beef Burritos ,"1 tablespoon olive oil $ 1 1/2 pounds boneless beef chuck, cut into 3/4-inch cubes $ 1 cup bottled chunky medium-hot salsa $ 1/4 cup canned beef broth $ 2 tablespoons chopped garlic $ 2 tablespoons (packed) dark brown sugar $ 1 tablespoon soy sauce $ 1/4 cup chopped fresh cilantro $ 1 tablespoon fresh lime juice $ 8 burrito-size flour tortillas $ Cooked white rice $ ",Sandwich $ Beef $ Garlic $ Tomato $ Ground Beef $ Bon Appétit $ ,Tex-Mex $ ,3.5/4,18,Sandwich $ Beef $ Garlic $ Tomato $ Ground Beef $ Bon Appétit $ Tex-Mex $ 
https://www.epicurious.com/recipes/food/views/tomatillo-avocado-dip-4089,Tomatillo-Avocado Dip ,"1 pound tomatillos, husked $ 1 avocado, pitted, peeled $ 1 cup loosely packed cilantro leaves $ 1/3 cup sour cream $ 5 garlic cloves $ 3 tablespoons fresh lime juice $ 1 1/2 medium jalape&;ntilde;o chilies, stemmed, seeded, chopped $ ",Condiment/Spread $ Blender $ Garlic $ Super Bowl $ Vegetarian $ Quick & Easy $ Avocado $ Tomatillo $ Jalapeño $ Sour Cream $ Bon Appétit $ ,Southwestern $ Tex-Mex $ ,3/4,7,Condiment/Spread $ Blender $ Garlic $ Super Bowl $ Vegetarian $ Quick & Easy $ Avocado $ Tomatillo $ Jalapeño $ Sour Cream $ Bon Appétit $ Southwestern $ Tex-Mex $ 
https://www.epicurious.com/recipes/food/views/chipotle-pico-de-gallo-1565,Chipotle Pico de Gallo ,"1/4 cup fresh lime juice $ 2 teaspoons minced canned chipotle chilies in adobo sauce $ 4 garlic cloves, minced $ 2 cups chopped seed tomatoes $ 1 cup chopped onion $ 1/2 cup chopped fresh cilantro $ ",Condiment/Spread $ Herb $ Onion $ Pepper $ Tomato $ Appetizer $ No-Cook $ Vegetarian $ Quick & Easy $ Wheat/Gluten-Free $ Lime $ Summer $ Bon Appétit $ Fat Free $ Vegan $ Pescatarian $ Paleo $ Dairy Free $ Peanut Free $ Tree Nut Free $ Soy Free $ No Sugar Added $ Kosher $ ,Mexican $ Southwestern $ Tex-Mex $ ,2.5/4,3,Condiment/Spread $ Herb $ Onion $ Pepper $ Tomato $ Appetizer $ No-Cook $ Vegetarian $ Quick & Easy $ Wheat/Gluten-Free $ Lime $ Summer $ Bon Appétit $ Fat Free $ Vegan $ Pescatarian $ Paleo $ Dairy Free $ Peanut Free $ Tree Nut Free $ Soy Free $ No Sugar Added $ Kosher $ Mexican $ Southwestern $ Tex-Mex $ 
https://www.epicurious.com/recipes/food/views/chili-con-carne-with-chili-cheddar-shortcakes-10299,Chili con Carne with Chili Cheddar Shortcakes ,"1 1/2 cups all-purpose flour $ 2 teaspoons double-acting baking powder $ 1/2 teaspoon baking soda $ 1/2 teaspoon salt $ 2 tablespoons cold unsalted butter, cut into bits $ 1/4 pound sharp Cheddar, grated coarse (about 1 1/2 cups) $ four 2-inch pickled jalapeño chilies, seeded and minced (wear rubber gloves) $ 1 cup sour cream $ 2 large onions, chopped (about 3 cups) $ 1/4 cup vegetable oil $ 1 tablespoon minced garlic $ 2 carrots, sliced thin $ 3 pounds boneless beef chuck, ground coarse in batches in a food processor or by the butcher $ 1/4 cup chili powder $ 1 tablespoon ground cumin $ 2 tablespoons paprika $ 1 tablespoon crumbled dried oregano $ 1 tablespoon dried hot red pepper flakes, or to taste $ two 8-ounce cans tomato sauce $ 1 1/4 cups beef broth $ 3 tablespoons cider vinegar $ a 19-ounce can kidney beans, rinsed and drained $ 2 green bell peppers, chopped $ ",Bean $ Beef $ Cheese $ Tomato $ Bake $ Super Bowl $ Cheddar $ Bell Pepper $ Winter $ Jalapeño $ Gourmet $ ,Southwestern $ Tex-Mex $ ,3.5/4,226,Bean $ Beef $ Cheese $ Tomato $ Bake $ Super Bowl $ Cheddar $ Bell Pepper $ Winter $ Jalapeño $ Gourmet $ Southwestern $ Tex-Mex $ 
https://www.epicurious.com/recipes/food/views/chicken-and-black-bean-guacamole-tostadas-1761,Chicken and Black-Bean Guacamole Tostadas ,"1 large ripe avocado, peeled, pitted $ 4 teaspoons fresh lime juice $ 2/3 cup canned black beans, rinsed, drained $ 2 green onions, chopped $ Hot pepper sauce (such as Tabasco) $ 2 cooked chicken breast halves, shredded (about 1 3/4 cups) $ 1 tomato, seeded, chopped $ 2 tablespoons chopped fresh cilantro $ 1 teaspoon ground cumin $ Lime juice $ 4 purchased tostada shells (crisp corn tortillas) $ 2 cups shredded lettuce $ 2/3 cup crumbled mild goat cheese (such as Montrachet) or feta cheese $ Purchased salsa $ ",Bean $ Cheese $ Chicken $ Tomato $ No-Cook $ Quick & Easy $ Avocado $ Bon Appétit $ New York $ ,Mexican $ Southwestern $ Tex-Mex $ ,3.5/4,40,Bean $ Cheese $ Chicken $ Tomato $ No-Cook $ Quick & Easy $ Avocado $ Bon Appétit $ New York $ Mexican $ Southwestern $ Tex-Mex $ 
https://www.epicurious.com/recipes/food/views/guacamole-with-scallion-and-coriander-13154,Guacamole with Scallion and Coriander ,"3 avocados (preferably California) $ 1/4 cup finely chopped scallion, or to taste $ 1/4 cup finely chopped fresh coriander $ 2 tablespoons fresh lemon juice, or to taste $ tortilla chips as an accompaniment $ cherry peppers for garnish if desired $ ",Condiment/Spread $ Herb $ Appetizer $ No-Cook $ Vegetarian $ Quick & Easy $ Avocado $ Chill $ Gourmet $ Sugar Conscious $ Vegan $ Pescatarian $ Dairy Free $ Wheat/Gluten-Free $ Peanut Free $ Tree Nut Free $ Soy Free $ Kosher $ ,Mexican $ Southwestern $ Tex-Mex $ ,1.5/4,3,Condiment/Spread $ Herb $ Appetizer $ No-Cook $ Vegetarian $ Quick & Easy $ Avocado $ Chill $ Gourmet $ Sugar Conscious $ Vegan $ Pescatarian $ Dairy Free $ Wheat/Gluten-Free $ Peanut Free $ Tree Nut Free $ Soy Free $ Kosher $ Mexican $ Southwestern $ Tex-Mex $ 
https://www.epicurious.com/recipes/food/views/texican-rice-2669,Texican Rice ,"2 tablespoons (1/4 stick) unsalted butter $ 1 cup chopped onion $ 1 green bell pepper, chopped $ 3 garlic cloves, chopped $ 2 6-ounce packages long-grain and wild rice mix (reserve seasoning packets for another use) $ 1/2 tablespoon chili powder $ 1 15-ounce can tomato sauce $ 1/2 cup chopped fresh cilantro $ 3 cups canned chicken broth, heated $ ",Herb $ Onion $ Pepper $ Rice $ Tomato $ Side $ Bon Appétit $ Florida $ ,American $ Tex-Mex $ ,3/4,8,Herb $ Onion $ Pepper $ Rice $ Tomato $ Side $ Bon Appétit $ Florida $ American $ Tex-Mex $ 
https://www.epicurious.com/recipes/food/views/chipotle-salsa-750,Chipotle Salsa ,3 cups chopped tomatoes $ 3/4 cup chopped fresh cilantro $ 3 tablespoons fresh lime juice $ 1 1/2 tablespoons chopped canned chipotle chilies in adobo sauce (sold at Latin American markets) $ 1 1/2 teaspoons ground cumin $ ,Condiment/Spread $ Tomato $ Appetizer $ No-Cook $ Super Bowl $ Vegetarian $ Quick & Easy $ Low Cal $ Lime $ Hot Pepper $ Healthy $ Vegan $ Bon Appétit $ Denver $ Colorado $ Fat Free $ Sugar Conscious $ Kidney Friendly $ Pescatarian $ Paleo $ Dairy Free $ Wheat/Gluten-Free $ Peanut Free $ Tree Nut Free $ Soy Free $ No Sugar Added $ Kosher $ ,Mexican $ Southwestern $ Tex-Mex $ ,3.5/4,15,Condiment/Spread $ Tomato $ Appetizer $ No-Cook $ Super Bowl $ Vegetarian $ Quick & Easy $ Low Cal $ Lime $ Hot Pepper $ Healthy $ Vegan $ Bon Appétit $ Denver $ Colorado $ Fat Free $ Sugar Conscious $ Kidney Friendly $ Pescatarian $ Paleo $ Dairy Free $ Wheat/Gluten-Free $ Peanut Free $ Tree Nut Free $ Soy Free $ No Sugar Added $ Kosher $ Mexican $ Southwestern $ Tex-Mex $ 
https://www.epicurious.com/recipes/food/views/pinto-beans-with-tortilla-cheese-crust-279,Pinto Beans with Tortilla-Cheese Crust ,"4 15-ounce cans pinto beans, rinsed, drained $ 2 tablespoons vegetable oil $ 2 cups chopped onions $ 1 cup chopped red bell pepper $ 1 cup chopped yellow bell pepper $ 2 tablespoons chopped garlic $ 2 tablespoons chili powder $ 2 teaspoons ground cumin $ 1 28-ounce can Italian-style tomatoes, drained, chopped, juices reserved $ 1 cup canned chicken broth $ 1 teaspoon hot pepper sauce (such as Tabasco) $ 8 tablespoons chopped fresh cilantro $ 3/4 cup finely crushed tortilla chips $ 1 cup packed grated Monterey Jack cheese with jalapeños $ ",Bean $ Onion $ Side $ Bake $ Bon Appétit $ Peanut Free $ Tree Nut Free $ Soy Free $ ,Southwestern $ Tex-Mex $ ,3/4,16,Bean $ Onion $ Side $ Bake $ Bon Appétit $ Peanut Free $ Tree Nut Free $ Soy Free $ Southwestern $ Tex-Mex $ 
https://www.epicurious.com/recipes/food/views/vegetable-tortilla-lasagne-10235,Vegetable Tortilla Lasagne ,"2 tablespoons vegetable oil $ 1 large zucchini (about 10 ounces), cut crosswise into 1/4-inch-thick slices $ 3/4 cup frozen corn, thawed $ 1/4 cup ricotta cheese $ 1 1/4 cups grated Monterey Jack cheese (about 1/4 pound) $ 1/2 teaspoon ground cumin $ 1 cup bottled tomato salsa (about 9 ounces) $ six 6-inch corn tortillas $ a 7-ounce jar roasted red peppers, drained and patted dry $ 3 tablespoons chopped fresh coriander $ Accompaniment: Lime wedges $ ",Cheese $ Tomato $ Vegetable $ Bake $ Vegetarian $ Kid-Friendly $ Quick & Easy $ Casserole/Gratin $ Ricotta $ Corn $ Zucchini $ Gourmet $ ,Tex-Mex $ ,3.5/4,41,Cheese $ Tomato $ Vegetable $ Bake $ Vegetarian $ Kid-Friendly $ Quick & Easy $ Casserole/Gratin $ Ricotta $ Corn $ Zucchini $ Gourmet $ Tex-Mex $ 
https://www.epicurious.com/recipes/food/views/black-bean-and-vegetable-burritos-1192,Black Bean and Vegetable Burritos ,"4 9- to 10-inch-diameter flour tortillas $ 3/4 cup chopped onion $ 2 teaspoons vegetable oil $ 1/2 teaspoon ground cumin $ 1/2 teaspoon chili powder $ 1 cup chopped red bell pepper $ 2/3 cup frozen corn kernels, thawed $ 1 medium carrot, coarsely grated $ 1 2/3 cups canned black beans, rinsed, drained $ 1/2 cup drained canned Mexican-style stewed tomatoes $ 2 teaspoons minced seeded jalapeño chile $ 8 tablespoons grated Monterey Jack cheese (about 2 ounces) $ 4 tablespoons nonfat sour cream $ 4 tablespoons chopped fresh cilantro $ ",Sandwich $ Bean $ Tomato $ Vegetable $ Vegetarian $ Quick & Easy $ Healthy $ Jalapeño $ Bon Appétit $ ,Tex-Mex $ ,3.5/4,63,Sandwich $ Bean $ Tomato $ Vegetable $ Vegetarian $ Quick & Easy $ Healthy $ Jalapeño $ Bon Appétit $ Tex-Mex $ 
https://www.epicurious.com/recipes/food/views/turkey-chili-verde-492,Turkey Chili Verde ,"1 tablespoon vegetable oil $ 8 ounces turkey breast strips, cut into 1/2-inch-long pieces $ 1 tablespoon cornmeal $ 3/4 teaspoon ground cumin $ 1 cup chopped green onions $ 1 cup (or more) canned low-salt chicken broth $ 1/4 cup canned diced green chilis $ 1/4 cup chopped fresh cilantro $ Cooked white rice $ ",Soup/Stew $ Pepper $ turkey $ Super Bowl $ Quick & Easy $ Low Cal $ Hot Pepper $ Spring $ Bon Appétit $ ,Southwestern $ Tex-Mex $ ,3/4,5,Soup/Stew $ Pepper $ turkey $ Super Bowl $ Quick & Easy $ Low Cal $ Hot Pepper $ Spring $ Bon Appétit $ Southwestern $ Tex-Mex $ 
https://www.epicurious.com/recipes/food/views/tomatillo-salsa-343,Tomatillo Salsa ,"3/4 pound tomatillos,* husks removed, rinsed, quartered (about 3 cups) $ 1/2 cup coarsely chopped unpeeled green apple (such as Granny Smith) $ 2 tablespoons coarsely chopped fresh basil $ 2 tablespoons coarsely chopped fresh mint $ ",Condiment/Spread $ Fruit $ Herb $ No-Cook $ Vegetarian $ Quick & Easy $ Apple $ Mint $ Basil $ Spring $ Summer $ Healthy $ Tomatillo $ Bon Appétit $ ,Southwestern $ Tex-Mex $ ,2.5/4,11,Condiment/Spread $ Fruit $ Herb $ No-Cook $ Vegetarian $ Quick & Easy $ Apple $ Mint $ Basil $ Spring $ Summer $ Healthy $ Tomatillo $ Bon Appétit $ Southwestern $ Tex-Mex $ 
https://www.epicurious.com/recipes/food/views/pepper-jack-avocado-and-black-beans-in-a-tortilla-102914,"Pepper Jack, Avocado and Black Beans in a Tortilla ","4 ounces shredded pepper jack cheese (1 cup) $ 1/2 cup black beans $ 1/2 avocado, sliced $ 2 8"" tortillas $ 1 teaspoon lightly salted butter $ ",Sandwich $ Bean $ Cheese $ Vegetable $ Vegetarian $ Back to School $ Avocado $ Fall $ Grill/Barbecue $ Tortillas $ Monterey Jack $ ,American $ Tex-Mex $ ,2/4,3,Sandwich $ Bean $ Cheese $ Vegetable $ Vegetarian $ Back to School $ Avocado $ Fall $ Grill/Barbecue $ Tortillas $ Monterey Jack $ American $ Tex-Mex $ 
https://www.epicurious.com/recipes/food/views/spanish-rice-109084,Spanish Rice ,"1/4 cup olive oil $ 2 onions, finely chopped $ 2 green bell peppers, seeded, ribs removed, and diced $ 2 ribs celery, finely chopped $ 3 cloves garlic, minced $ 1 cup long-grain white rice $ One 8-ounce can tomato sauce $ 2 cups water $ 1 teaspoon salt $ 1/4 teaspoon black pepper $ 1 teaspoon cumin (optional) $ ",Onion $ Rice $ Tomato $ Vegetable $ Side $ Sauté $ Bell Pepper $ Fall $ Winter $ Potluck $ Sugar Conscious $ Kidney Friendly $ Vegan $ Vegetarian $ Pescatarian $ Dairy Free $ Wheat/Gluten-Free $ Peanut Free $ Tree Nut Free $ Soy Free $ No Sugar Added $ Kosher $ ,Cajun/Creole $ Spanish/Portuguese $ Tex-Mex $ ,3/4,41,Onion $ Rice $ Tomato $ Vegetable $ Side $ Sauté $ Bell Pepper $ Fall $ Winter $ Potluck $ Sugar Conscious $ Kidney Friendly $ Vegan $ Vegetarian $ Pescatarian $ Dairy Free $ Wheat/Gluten-Free $ Peanut Free $ Tree Nut Free $ Soy Free $ No Sugar Added $ Kosher $ Cajun/Creole $ Spanish/Portuguese $ Tex-Mex $ 
https://www.epicurious.com/recipes/food/views/fresh-tuna-tacos-104809,Fresh Tuna Tacos ,"1/3 cup sour cream $ 1/4 cup chopped red onion $ 3 tablespoons chopped cilantro $ 1 teaspoon minced canned chipotle chilies* $ 1 8-ounce ahi tuna steak, cut into 3/4-inch pieces $ 1 tablespoon taco seasoning mix $ 1 tablespoon vegetable oil $ 4 taco shells $ ",Fish $ Sauté $ Super Bowl $ Lunch $ Tuna $ Hot Pepper $ Healthy $ Sour Cream $ Cilantro $ Bon Appétit $ Sugar Conscious $ ,Mexican $ Tex-Mex $ ,3.5/4,84,Fish $ Sauté $ Super Bowl $ Lunch $ Tuna $ Hot Pepper $ Healthy $ Sour Cream $ Cilantro $ Bon Appétit $ Sugar Conscious $ Mexican $ Tex-Mex $ 
https://www.epicurious.com/recipes/food/views/dead-horse-ranch-red-chile-enchiladas-105015,Dead Horse Ranch Red Chile Enchiladas ,"3 ounces dried whole New Mexico chiles $ 4 cups boiling water $ 2 tablespoons fine dry bread crumbs $ 1 1/2 tablespoons vegetable oil $ 1 garlic clove, minced $ 1 teaspoon dried oregano, crumbled $ 1 tablespoon cider vinegar $ 2 teaspoons salt $ 3 large onions, chopped (4 cups) $ 3 tablespoons olive oil $ 12 (5-inch) white or yellow corn tortillas $ 3/4 pound white sharp Cheddar, coarsely grated (5 cups) $ 1 (6-ounce) can pitted black olives, sliced $ ",Olive $ Onion $ Bake $ Super Bowl $ Vegetarian $ Cheddar $ Hot Pepper $ Potluck $ Tortillas $ Gourmet $ ,Southwestern $ Tex-Mex $ ,2.5/4,5,Olive $ Onion $ Bake $ Super Bowl $ Vegetarian $ Cheddar $ Hot Pepper $ Potluck $ Tortillas $ Gourmet $ Southwestern $ Tex-Mex $ 
https://www.epicurious.com/recipes/food/views/chicken-and-jalapeno-quesadillas-5859,Chicken and Jalapeño Quesadillas ,4 9-inch-diameter (burrito size) jalapeño- or other chili-flavored flour tortillas $ Vegetable oil $ 1 1/2 cups (packed) shredded Mexican-blend cheeses $ 1 1/2 cups (packed) shredded Mexican-seasoned or other purchased roasted chicken $ 1/4 cup chopped fresh cilantro $ ,Cheese $ Chicken $ Bake $ Quick & Easy $ Jalapeño $ Bon Appétit $ ,Tex-Mex $ ,3/4,14,Cheese $ Chicken $ Bake $ Quick & Easy $ Jalapeño $ Bon Appétit $ Tex-Mex $ 
https://www.epicurious.com/recipes/food/views/pork-chili-with-tomatoes-102860,Pork Chili with Tomatoes ,"3 pounds poblano chilies (about 12 large)* $ 7 1/2 pounds pork butt country-style strips, trimmed, cut into 1-inch pieces $ 6 tablespoons all purpose flour $ 6 tablespoons vegetable oil $ 6 cups coarsely chopped onions $ 12 large garlic cloves, chopped $ 2 tablespoons dried oregano $ 2 tablespoons ground cumin $ 10 cups chicken stock or canned low-salt chicken broth $ 1 28-ounce can diced tomatoes in juice $ ",Onion $ Pork $ Tomato $ Braise $ Hot Pepper $ Winter $ Oregano $ Bon Appétit $ ,Tex-Mex $ ,4/4,33,Onion $ Pork $ Tomato $ Braise $ Hot Pepper $ Winter $ Oregano $ Bon Appétit $ Tex-Mex $ 
https://www.epicurious.com/recipes/food/views/tex-mex-flank-steak-salad-211,Tex-Mex Flank Steak Salad ,"1 1/4 cups canned unsalted beef broth $ 3 dried ancho chilies* $ 4 large garlic cloves $ 1 1/2 teaspoons ground cumin $ 1 pound beef flank steak, well trimmed $ 2 cups sliced onion $ 2 fresh Anaheim (California) chilies*, quartered, thinly sliced $ 1 red bell pepper, quartered, thinly sliced $ 1 2/3 cups purchased fresh salsa $ 6 to 8 cups thinly sliced iceberg lettuce $ 2 cups fresh corn kernels or frozen, thawed $ 1 large tomato, chopped $ 1/2 cup fresh cilantro leaves $ 1 cup grated part-skim reduced-fat mozzarella cheese $ 1/4 cup crumbled baked (no oil) tortilla chips $ 
Ancho and Anaheim chilis are available at Latin American markets and many supermarkets.
 $ ",Salad $ Beef $ Cheese $ Herb $ Vegetable $ Broil $ Low Fat $ Steak $ Corn $ Healthy $ Bon Appétit $ ,Tex-Mex $ ,3/4,4,Salad $ Beef $ Cheese $ Herb $ Vegetable $ Broil $ Low Fat $ Steak $ Corn $ Healthy $ Bon Appétit $ Tex-Mex $ 
https://www.epicurious.com/recipes/food/views/green-chili-corn-bread-5773,Green Chili Corn Bread ,"3 poblano chilies (about 7 ounces total)* $ 1 cup yellow cornmeal $ 1 cup all purpose flour $ 1/4 cup sugar $ 2 teaspoons baking powder $ 1 teaspoon baking soda $ 1 teaspoon salt $ 1 cup (packed) grated extra-sharp cheddar cheese (about 4 ounces) $ 1 cup buttermilk $ 2 large eggs $ 1/4 cup (1/2 stick) unsalted butter, melted, cooled $ *Fresh green chilies, often called pasillas; available at Latin American markets and some supermarkets. $ ",Bread $ Bake $ Super Bowl $ Vegetarian $ Cinco de Mayo $ Cheddar $ Cornmeal $ Hot Pepper $ Bon Appétit $ ,Southwestern $ Tex-Mex $ ,3.5/4,25,Bread $ Bake $ Super Bowl $ Vegetarian $ Cinco de Mayo $ Cheddar $ Cornmeal $ Hot Pepper $ Bon Appétit $ Southwestern $ Tex-Mex $ 
https://www.epicurious.com/recipes/food/views/chicken-chili-verde-3012,Chicken Chili Verde ,"3 pounds skinless boneless chicken thighs, cut into 1/2-inch pieces $ 5 tablespoons all purpose flour $ 7 tablespoons olive oil $ 3 cups chopped onions $ 3 tablespoons chopped garlic $ 1 1/2 cups chopped fresh Anaheim chilies* (about 4) $ 2 green bell peppers, cut lengthwise into 1/4-inch-thick strips $ 5 cups frozen corn kernels, thawed $ 6 cups canned low-salt chicken broth $ 12 tomatillos,** husked, coarsely chopped $ 2 tablespoons chopped fresh oregano or 1 tablespoon dried $ 2 tablespoons chili powder $ 1 tablespoon ground cumin $ 1 teaspoon paprika $ 2 cinnamon sticks $ 1 cup chopped fresh cilantro $ Tortilla chips $ *Also known as California chilies. Available at Latin American markets and many supermarkets. $ **A green tomato-like vegetable with a paper-thin husk. Available at Latin American markets and some supermarkets. $ ",Soup/Stew $ Chicken $ Herb $ Pepper $ Poultry $ Super Bowl $ Spice $ Corn $ Hot Pepper $ Tomatillo $ Bon Appétit $ ,Southwestern $ Tex-Mex $ ,3.5/4,56,Soup/Stew $ Chicken $ Herb $ Pepper $ Poultry $ Super Bowl $ Spice $ Corn $ Hot Pepper $ Tomatillo $ Bon Appétit $ Southwestern $ Tex-Mex $ 
https://www.epicurious.com/recipes/food/views/wild-mushroom-enchiladas-with-ancho-chili-cream-sauce-4097,Wild Mushroom Enchiladas with Ancho Chili-Cream Sauce ,"2 cups water $ 2 dried ancho chilies $ 4 large garlic cloves, peeled $ 2 cups whipping cream $ 4 teaspoons fresh lime juice $ 3 tablespoons butter $ 3/4 cup chopped onion $ 12 ounces fresh wild mushrooms (such as oyster and/or stemmed and sliced shiitake and portobello) $ 5 ounces feta cheese, crumbled $ 6 tablespoons chopped fresh cilantro $ 2 medium tomatoes, seeded, chopped $ 1 small avocado, pitted, peeled, cut into 1/2-inch pieces $ 8 6-inch-diameter corn tortillas $ ",Milk/Cream $ Mushroom $ Tomato $ Sauté $ Feta $ Avocado $ Hot Pepper $ Bon Appétit $ ,Southwestern $ Tex-Mex $ ,3.5/4,38,Milk/Cream $ Mushroom $ Tomato $ Sauté $ Feta $ Avocado $ Hot Pepper $ Bon Appétit $ Southwestern $ Tex-Mex $ 
https://www.epicurious.com/recipes/food/views/seared-shrimp-tostadas-with-avocado-salsa-1191,Seared Shrimp Tostadas with Avocado Salsa ,"12 ounces uncooked large shrimp, peeled, deveined $ 6 teaspoons vegetable oil $ 3 teaspoons minced seeded jalapeño chili $ 1 large garlic clove, pressed $ 1/2 teaspoon ground cumin $ 4 9- to 10-inch-diameter flour tortillas $ 1 cup diced plum tomatoes $ 3 tablespoons diced avocado $ 1 tablespoon chopped fresh cilantro $ 6 cups shredded red leaf lettuce $ 1 cup (packed) fresh cilantro leaves $ 1/2 cup thinly sliced seeded peeled cucumber $ 1/2 cup thinly sliced red onion $ 1 tablespoon fresh lime juice $ ",Leafy Green $ Shellfish $ Sauté $ Low Fat $ Lunch $ Shrimp $ Avocado $ Summer $ Chill $ Healthy $ Bon Appétit $ ,Mexican $ Tex-Mex $ ,3.5/4,19,Leafy Green $ Shellfish $ Sauté $ Low Fat $ Lunch $ Shrimp $ Avocado $ Summer $ Chill $ Healthy $ Bon Appétit $ Mexican $ Tex-Mex $ 
https://www.epicurious.com/recipes/food/views/tequila-mockingbird-marinade-676,Tequila Mockingbird Marinade ,"1/4 cup vegetable oil $ 3 tablespoons fresh lime juice $ 3 tablespoons tequila $ 2 tablespoons triple sec $ 1 large jalapeño chili, seeded, minced $ 1 1/2 teaspoons grated lime peel $ 1 teaspoon chili powder $ 1 teaspoon sugar $ 1/2 teaspoon coarse salt $ ",Sauce $ Tequila $ Lime $ Triple Sec $ Summer $ Bon Appétit $ ,Tex-Mex $ ,3.5/4,32,Sauce $ Tequila $ Lime $ Triple Sec $ Summer $ Bon Appétit $ Tex-Mex $ 
https://www.epicurious.com/recipes/food/views/santa-fe-tortilla-pizza-47,Santa Fe Tortilla Pizza ,1 8-ounce pork tenderloin $ Olive oil $ 3 10-inch flour tortillas $ 1 9-ounce can bean dip with seasonings and cheese $ 3 tablespoons canned diced green chilies $ 1/2 cup coarsely chopped fresh cilantro $ 1 1/4 cups packed (about 5 ounces) grated Monterey Jack cheese $ 1 1/2 teaspoons ground cumin $ Thick and chunky bottled salsa $ Sour cream $ ,Cheese $ Dairy $ Pork $ Bake $ Super Bowl $ Quick & Easy $ Poker/Game Night $ Jalapeño $ Party $ Bon Appétit $ ,Southwestern $ Tex-Mex $ ,3/4,6,Cheese $ Dairy $ Pork $ Bake $ Super Bowl $ Quick & Easy $ Poker/Game Night $ Jalapeño $ Party $ Bon Appétit $ Southwestern $ Tex-Mex $ 
https://www.epicurious.com/recipes/food/views/chicken-and-mushroom-enchiladas-1312,Chicken and Mushroom Enchiladas ,"2 tablespoons corn oil $ 3/4 pound mushrooms, sliced $ 1 10-ounce can enchilada sauce $ 8 8-inch flour tortilla $ 1/2 cup low-fat sour cream $ 2 cups diced cooked chicken $ 1 7-ounce can diced mild green chilies $ 2 cups grated sharp cheddar cheese $ ",Cheese $ Chicken $ Mushroom $ Bake $ Cheddar $ Hot Pepper $ Spring $ Bon Appétit $ Alaska $ ,Southwestern $ Tex-Mex $ ,3/4,44,Cheese $ Chicken $ Mushroom $ Bake $ Cheddar $ Hot Pepper $ Spring $ Bon Appétit $ Alaska $ Southwestern $ Tex-Mex $ 
https://www.epicurious.com/recipes/food/views/texas-beef-tacos-2670,Texas Beef Tacos ,"1 tablespoon corn oil $ 1/2 cup chopped onion $ 1/2 cup chopped green bell pepper $ 3 garlic cloves, chopped $ 1 tablespoon plus 1 teaspoon ground cumin $ 1 pound lean ground beef $ 1/2 cup tomato sauce $ 1/4 cup raisins $ 1/4 cup pecan pieces $ 1/4 cup chopped fresh cilantro $ 12 taco shells or soft 6-inch-diameter corn tortillas $ Shredded lettuce $ Grated cheddar cheese $ Chopped fresh tomatoes $ Purchased salsa $ ",Beef $ Tomato $ Sauté $ Super Bowl $ Kid-Friendly $ Raisin $ Ground Beef $ Pecan $ Bell Pepper $ Bon Appétit $ Florida $ ,Tex-Mex $ ,3/4,29,Beef $ Tomato $ Sauté $ Super Bowl $ Kid-Friendly $ Raisin $ Ground Beef $ Pecan $ Bell Pepper $ Bon Appétit $ Florida $ Tex-Mex $ 
https://www.epicurious.com/recipes/food/views/ranch-style-poquito-beans-107155,Ranch-Style Poquito Beans ,"1 pound dried poquito beans or pink beans $ 1 pound smoked bacon, chopped $ 1 large red onion, chopped $ 1 tablespoon ground cumin $ 2 cups orange juice $ 1 tablespoon minced canned chipotle chilies* $ 1 large red onion, thinly sliced $ ",Fruit Juice $ Bean $ Onion $ Side $ Super Bowl $ Orange $ Bacon $ Hot Pepper $ Tailgating $ Simmer $ Bon Appétit $ Paleo $ Dairy Free $ Wheat/Gluten-Free $ Peanut Free $ Tree Nut Free $ Soy Free $ No Sugar Added $ ,American $ Tex-Mex $ ,2.5/4,2,Fruit Juice $ Bean $ Onion $ Side $ Super Bowl $ Orange $ Bacon $ Hot Pepper $ Tailgating $ Simmer $ Bon Appétit $ Paleo $ Dairy Free $ Wheat/Gluten-Free $ Peanut Free $ Tree Nut Free $ Soy Free $ No Sugar Added $ American $ Tex-Mex $ 
https://www.epicurious.com/recipes/food/views/turkey-chili-with-white-beans-3090,Turkey Chili with White Beans ,"1 tablespoon vegetable oil $ 2 medium onions, chopped $ 1 1/2 teaspoons dried oregano $ 1 1/2 teaspoons ground cumin $ 1 1/2 pounds lean ground turkey $ 1/4 cup chili powder $ 2 bay leaves $ 1 tablespoon unsweetened cocoa powder $ 1 1/2 teaspoons salt $ 1/4 teaspoon ground cinnamon $ 1 28-ounce can whole tomatoes $ 3 cups beef stock or canned beef broth $ 1 8-ounce can tomato sauce $ 3 15-ounce cans small white beans, rinsed, drained $ Chopped red onion $ Chopped fresh cilantro $ Plain low-fat yogurt or light sour cream $ ",Soup/Stew $ Bean $ Tomato $ turkey $ Stew $ Super Bowl $ Low Fat $ Wheat/Gluten-Free $ Healthy $ Bon Appétit $ ,Southwestern $ Tex-Mex $ ,3.5/4,411,Soup/Stew $ Bean $ Tomato $ turkey $ Stew $ Super Bowl $ Low Fat $ Wheat/Gluten-Free $ Healthy $ Bon Appétit $ Southwestern $ Tex-Mex $ 
https://www.epicurious.com/recipes/food/views/spicy-tofu-burritos-5898,Spicy Tofu Burritos ,"4 7- to 8-inch-diameter fat-free flour tortillas $ 1 tablespoon olive oil $ 1/2 cup chopped onion $ 1 1/2 teaspoons ground cumin $ 1/2 teaspoon turmeric $ 12 ounces firm tofu, crumbled (about 2 cups) $ 1 cup chopped red bell pepper $ 1 1/2 tablespoons minced seeded jalapeño chili $ 1 garlic clove, minced $ 1/2 cup grated mozzarella cheese (about 2 ounces) $ 1 cup (packed) thinly sliced romaine lettuce $ 6 tablespoons chopped fresh cilantro $ 4 lime wedges $ ",Sandwich $ Soy $ Low Fat $ Vegetarian $ Quick & Easy $ Mozzarella $ Bell Pepper $ Healthy $ Jalapeño $ Bon Appétit $ ,Tex-Mex $ ,3/4,47,Sandwich $ Soy $ Low Fat $ Vegetarian $ Quick & Easy $ Mozzarella $ Bell Pepper $ Healthy $ Jalapeño $ Bon Appétit $ Tex-Mex $ 
https://www.epicurious.com/recipes/food/views/tortillas-with-eggs-480,Tortillas with Eggs ,"1 tablespoon corn oil $ 3 5- to 6-inch tortillas, halved, cut crosswise into 1/2-inch-wide strips $ 4 eggs, beaten to blend $ 1/4 cup canned diced green chilies $ 2 tablespoons chopped fresh cilantro $ Hot pepper sauce (such as Tabasco) $ ",Egg $ Pepper $ Breakfast $ Brunch $ Vegetarian $ Quick & Easy $ Hot Pepper $ Spring $ Bon Appétit $ New Mexico $ Sugar Conscious $ Pescatarian $ Dairy Free $ Wheat/Gluten-Free $ Peanut Free $ Tree Nut Free $ Soy Free $ No Sugar Added $ Kosher $ ,Southwestern $ Tex-Mex $ ,3/4,7,Egg $ Pepper $ Breakfast $ Brunch $ Vegetarian $ Quick & Easy $ Hot Pepper $ Spring $ Bon Appétit $ New Mexico $ Sugar Conscious $ Pescatarian $ Dairy Free $ Wheat/Gluten-Free $ Peanut Free $ Tree Nut Free $ Soy Free $ No Sugar Added $ Kosher $ Southwestern $ Tex-Mex $ 
https://www.epicurious.com/recipes/food/views/black-bean-quesadillas-239962,Black-Bean Quesadillas ,"1 (19-ounce) can black beans, rinsed and drained $ 1 (8-ounce) bag mixed grated ""taco cheese"" $ 1 1/4 cups chopped cilantro, divided $ 1 cup chopped white onion, divided $ 8 (10-inch) flour tortillas $ 1 tablespoon vegetable oil, divided $ 2 large tomatoes, quartered $ 1 to 2 teaspoons hot sauce $ Equipment: a large (2-burner) ridged grill pan (preferably cast-iron) $ ",Bean $ Cheese $ Tomato $ Vegetarian $ Quick & Easy $ Gourmet $ ,Tex-Mex $ ,3.5/4,27,Bean $ Cheese $ Tomato $ Vegetarian $ Quick & Easy $ Gourmet $ Tex-Mex $ 
https://www.epicurious.com/recipes/food/views/thai-style-squid-and-cucumber-salad,Thai-Style Squid and Cucumber Salad ,"1/4 cup fresh lime juice (from about 3 limes) $ 1 garlic clove, finely grated $ 1 Tbsp. fish sauce $ 1 1/2 tsp. dark brown sugar $ 1/4 cup plus 1 Tbsp. (or more) vegetable oil $ 2 tsp. kosher salt, divided $ 4 mini seedless or Persian cucumbers, halved lengthwise, sliced diagonally into 1/4""-thick slices $ 1–2 Fresno chiles, seeded, thinly sliced $ 1/2 cup salted, roasted peanuts $ 1 1/2 lb. cleaned squid, patted dry $ 1/4 cup cilantro sprigs $ Steamed white rice (for serving; optional) $ ",Salad $ Lime Juice $ Garlic $ Cucumber $ Chile $ Peanut $ Squid $ Cilantro $ Rice $ Dinner $ Thailand $ Seafood $ Summer $ Spring $ ,Asian $ Southeast Asian $ Thai $ ,4/4,1,Salad $ Lime Juice $ Garlic $ Cucumber $ Chile $ Peanut $ Squid $ Cilantro $ Rice $ Dinner $ Thailand $ Seafood $ Summer $ Spring $ Asian $ Southeast Asian $ Thai $ 
https://www.epicurious.com/recipes/food/views/tomato-coconut-curry-with-cod,Tomato-Coconut Curry with Cod ,"1/4 cup vegetable oil $ 1 large shallot, thinly sliced into rings $ 1 1/2 tsp. kosher salt, divided, plus more $ 1 2"" piece ginger, peeled, finely grated $ 1/4 cup mild red curry paste $ 3 cups cherry tomatoes $ 1 (5.4-oz.) can coconut cream $ 4 (5-oz.) skinless, boneless cod fillets, patted dry $ 1 cup basil leaves, torn $ 1 Tbsp. fresh lime juice $ ",Shallot $ Ginger $ Curry $ Tomato $ Coconut $ Milk/Cream $ Cod $ Fish $ Basil $ Lime Juice $ One-Pot Meal $ Dinner $ ,Thai $ ,3/4,5,Shallot $ Ginger $ Curry $ Tomato $ Coconut $ Milk/Cream $ Cod $ Fish $ Basil $ Lime Juice $ One-Pot Meal $ Dinner $ Thai $ 
https://www.epicurious.com/recipes/food/views/the-greenest-coconut-curry-with-clams-and-rice-noodles,The Greenest Coconut Curry with Clams and Rice Noodles ,"2 serrano chiles, 1 coarsely chopped, 1 thinly sliced $ 1 (3-inch) piece ginger, peeled, thinly sliced $ 2 lemongrass stalks, bottom third only, tough outer layers removed, thinly sliced $ 2 garlic cloves, smashed $ 1 tablespoon fish sauce $ 1 tablespoon light brown sugar $ 1 (5.4-ounce) can coconut cream $ 3 cups cilantro leaves with tender stems $ 3 cups basil leaves, plus more for serving $ 2 tablespoons virgin coconut oil or vegetable oil $ 36 littleneck clams (about 4 pounds), scrubbed $ 8 ounces rice stick noodles $ 1/2 lime $ Kosher salt $ ",Bon Appétit $ Soup/Stew $ Curry $ Clam $ Shellfish $ Seafood $ Dinner $ Chile Pepper $ Ginger $ Coconut $ Cilantro $ Basil $ Noodle $ ,Thai $ ,4/4,1,Bon Appétit $ Soup/Stew $ Curry $ Clam $ Shellfish $ Seafood $ Dinner $ Chile Pepper $ Ginger $ Coconut $ Cilantro $ Basil $ Noodle $ Thai $ 
https://www.epicurious.com/recipes/food/views/instant-pot-thai-coconut-clams-melissa-clark,Instant Pot Thai Coconut Clams ,"1 tablespoon coconut oil $ 3 shallots, halved lengthwise and sliced $ 1 stalk fresh lemongrass $ 1/2 cup vegetable broth or chicken stock, preferably homemade $ 1 (1-inch) piece of fresh ginger, peeled and cut into matchsticks $ 2 jalapeño peppers, seeded and sliced $ 2 tablespoons Asian fish sauce $ 1 tablespoon light brown sugar $ 1/2 cup canned full-fat coconut milk (not refrigerated nondairy beverage) $ 2 pounds clams, scrubbed $ Salt and freshly ground black pepper to taste $ 1 scallion (white and green parts), chopped $ 1/2 cup fresh cilantro leaves, chopped $ 1 lime, cut into wedges, for squeezing $ ",Clam $ Seafood $ Instant Pot $ Pressure Cooker $ Super Bowl $ Coconut $ Shellfish $ Appetizer $ Dinner $ Quick & Easy $ ,Thai $ Southeast Asian $ ,4/4,4,Clam $ Seafood $ Instant Pot $ Pressure Cooker $ Super Bowl $ Coconut $ Shellfish $ Appetizer $ Dinner $ Quick & Easy $ Thai $ Southeast Asian $ 
https://www.epicurious.com/recipes/food/views/beef-short-ribs-satay-satay-kra-toog-ngua,Beef Short Ribs Satay (Satay Kra-Toog Ngua) ,"1/4 cup (40 grams) thinly sliced lemongrass $ 1/8 cup (25 grams) peeled and sliced fresh ginger $ 1/4 cup (40 grams) sliced shallots $ 5 peeled medium garlic cloves (15 grams) $ 2 tablespoons (18 grams) canola oil $ 2 tablespoons (30 grams) oyster sauce $ 1 tablespoon (12 grams) fish sauce $ 1/4 teaspoon (1 gram) turmeric power $ 1/3 cup (87 grams) unsweetened coconut milk $ 1 pound (454 grams) beef short ribs, cut Korean kalbi style, 1/4-inch thick $ 1/3 cup (87 grams) unsweetened coconut milk $ Kosher salt, to taste $ 1 cup Satay Peanut Sauce $ 1 cup Cucumber Ajat $ ",HarperCollins $ HarperCollins $ Dinner $ Beef $ Beef Rib $ Ginger $ Peanut $ Lemongrass $ Garlic $ Coconut $ Grill $ ,Thai $ ,0/4,0,HarperCollins $ HarperCollins $ Dinner $ Beef $ Beef Rib $ Ginger $ Peanut $ Lemongrass $ Garlic $ Coconut $ Grill $ Thai $ 
https://www.epicurious.com/recipes/food/views/sweet-potato-curry-51259330,Sweet Potato Curry ,"1 lemongrass stalk, tough outer layer removed, coarsely chopped $ 1 (2-inch) piece ginger, peeled, chopped $ 4 garlic cloves $ 2 tablespoons vegetable oil $ Kosher salt $ 1/4 cup red curry paste $ 2 tablespoons tomato paste $ 1 (14.5-ounce) can crushed tomatoes $ 2 (13.5-ounce) cans coconut milk $ 1 1/2 pound sweet potatoes, peeled, cut into 1"" pieces $ 3/4 pound small or young carrots, peeled, cut on a diagonal into 2"" pieces $ 6 medium shallots, peeled keeping roots intact, quartered lengthwise $ 1 red Thai chile, thinly sliced (optional) $ 1 tablespoon fresh lime juice $ Steamed jasmine rice (for serving) $ Thinly sliced scallions, basil leaves, cilantro leaves with tender stems, and lime wedges (for serving) $ ",Side $ Low Fat $ Vegetarian $ Kid-Friendly $ Wheat/Gluten-Free $ Sweet Potato/Yam $ Bon Appétit $ Vegan $ Pescatarian $ Dairy Free $ Peanut Free $ Tree Nut Free $ Soy Free $ No Sugar Added $ Kosher $ Curry $ ,Thai $ ,3/4,7,Side $ Low Fat $ Vegetarian $ Kid-Friendly $ Wheat/Gluten-Free $ Sweet Potato/Yam $ Bon Appétit $ Vegan $ Pescatarian $ Dairy Free $ Peanut Free $ Tree Nut Free $ Soy Free $ No Sugar Added $ Kosher $ Curry $ Thai $ 
https://www.epicurious.com/recipes/food/views/satay-peanut-saucenaam-jim-satay,Satay Peanut Sauce/Naam Jim Satay ,"1 quart (820 grams) canola oil, for frying $ 1 1/2 cups (336 grams) skinless peanuts $ 1/8 cup (18 grams) red curry paste $ 1 3/4 cups (455 grams) unsweetened coconut milk $ 1 tablespoon (11 grams) kosher salt, plus more as needed $ 1/2 cup (120 grams) water $ 1 1/2 cups (180 grams) dark brown sugar $ ",HarperCollins $ Peanut $ Chile Pepper $ Sauce $ Condiment $ Condiment/Spread $ Coconut $ ,Thai $ ,0/4,0,HarperCollins $ Peanut $ Chile Pepper $ Sauce $ Condiment $ Condiment/Spread $ Coconut $ Thai $ 
https://www.epicurious.com/recipes/food/views/thai-pickled-cucumber-ajat-relish-salad,Cucumber Ajat ,"4 ounces (112 grams) medium pickling cucumbers, quartered lengthwise, sliced 1/4-inch thick $ 1/4 cup (40 grams) thinly sliced shallots $ 2 fresh Thai chiles, thinly sliced (3 grams) $ 1/4 cup (56 grams) distilled white vinegar $ 1/4 cup (50 grams) granulated sugar $ 1 teaspoon (4 grams) kosher salt $ ",HarperCollins $ Salad $ Side $ Cucumber $ Shallot $ Quick & Easy $ Quick and Healthy $ Vegetarian $ Vegan $ Wheat/Gluten-Free $ ,Southeast Asian $ Thai $ ,0/4,0,HarperCollins $ Salad $ Side $ Cucumber $ Shallot $ Quick & Easy $ Quick and Healthy $ Vegetarian $ Vegan $ Wheat/Gluten-Free $ Southeast Asian $ Thai $ 
https://www.epicurious.com/recipes/food/views/fragrant-thai-green-chicken-curry-donna-hay,Fragrant Green Chicken Curry ,"1 cup (200g) white rice $ 1 1/2 cups (375ml) water $ Sea salt flakes $ 1 x quantity Thai Green Curry Paste $ 1 (400ml/13.5oz) can coconut milk $ 1 cup (250ml) chicken stock $ 8 (125g [1/4-pound]) chicken thigh fillets, trimmed and quartered $ 2 tablespoons fish sauce $ 4 kaffir lime leaves, stems removed and finely shredded $ 1/2 cup coriander (cilantro) leaves $ 1/2 cup (80g) roasted cashews, roughly chopped $ 1 long green chile, thinly sliced $ Lime wedges, to serve $ ",HarperCollins $ Dinner $ Curry $ Chile Pepper $ Lemongrass $ Cilantro $ Chicken $ Cashew $ Coconut $ Lime Juice $ Quick & Easy $ ,Thai $ ,2.5/4,8,HarperCollins $ Dinner $ Curry $ Chile Pepper $ Lemongrass $ Cilantro $ Chicken $ Cashew $ Coconut $ Lime Juice $ Quick & Easy $ Thai $ 
https://www.epicurious.com/recipes/food/views/thai-green-curry-paste-donna-hay,Thai Green Curry Paste ,"1 teaspoon cumin seeds $ 1 tablespoon coriander seeds $ 3 long green chiles, roughly chopped $ 2 cloves garlic $ 30g galangal or ginger, peeled and chopped $ 6 kaffir lime leaves, stems removed and shredded $ 2 stalks lemongrass, white part only, thinly sliced $ 1 cup chopped coriander (cilantro) leaves, stems and roots (see note) $ 1 tablespoon peanut or vegetable oil $ 1/2 teaspoon shrimp paste $ 1 tablespoon grated palm sugar or brown sugar $ 3 green onions (scallions), roughly chopped $ ",HarperCollins $ Sauce $ Curry $ Chile Pepper $ Ginger $ Coriander $ Cilantro $ Shrimp $ ,Thai $ ,0/4,0,HarperCollins $ Sauce $ Curry $ Chile Pepper $ Ginger $ Coriander $ Cilantro $ Shrimp $ Thai $ 
https://www.epicurious.com/recipes/food/views/thai-turkey-meatballs-with-coconut-broth-and-noodles,Thai Turkey Meatballs with Coconut Broth and Noodles ,"1 large egg $ 1 pound ground turkey $ 1/2 cup panko (Japanese breadcrumbs) or fresh breadcrumbs $ 1 scallion, finely chopped $ 1 garlic clove, finely grated $ 1 tablespoon low-sodium soy sauce or tamari $ 1 teaspoon finely grated peeled ginger $ 1/2 teaspoon kosher salt, plus more $ 6 ounces sugar snap peas, strings removed $ 1 medium red, yellow, or orange bell pepper, seeds and ribs removed, sliced into 1/4""-thick strips $ 4 ounces dried rice noodles, such as pad Thai noodles $ 2 teaspoons virgin coconut or neutral vegetable oil $ 1 tablespoon virgin coconut or neutral vegetable oil $ 2 garlic cloves, finely grated $ 1 1/2 tsp. finely grated peeled ginger $ 1 1/2 cups canned unsweetened coconut milk $ 1 1/2 cups low-sodium chicken broth $ 2 tablespoons fresh lime juice $ 1 tsp. soy sauce $ 3/4 tsp. kosher salt $ 1/4 cup Thai red curry paste (optional) $ Lime wedges, basil leaves, sliced scallion, sliced red chiles, chopped peanuts (for serving; optional) $ ",Dinner 1-2-3 $ Dinner $ Kid-Friendly $ turkey $ Meatball $ Noodle $ Sugar Snap Pea $ Bell Pepper $ Coconut $ Small Plates $ ,Thai $ ,3.5/4,12,Dinner 1-2-3 $ Dinner $ Kid-Friendly $ turkey $ Meatball $ Noodle $ Sugar Snap Pea $ Bell Pepper $ Coconut $ Small Plates $ Thai $ 
https://www.epicurious.com/recipes/food/views/thai-style-pineapple-coconut-rice,Thai-Style Pineapple-Coconut Rice ,"1 1/2 cups uncooked long- grain brown rice, such as brown basmati $ 1 cup light coconut milk (about half a 15-ounce can), or more as needed $ 1 tablespoon safflower or other high-heat oil or 3 tablespoons vegetable broth or water $ 1 large onion, preferably red, chopped $ 2 cups small broccoli florets $ 1 medium red or green bell pepper, diced $ 2 medium carrots, peeled and sliced $ 2 medium ripe fresh tomatoes, diced $ 2 cups fresh pineapple chunks (about 3/4 inch thick) or one 20-ounce can unsweetened pineapple chunks in juice, drained (reserve liquid for another use) $ 1 to 2 teaspoons good-quality curry powder $ 2 teaspoons minced fresh or jarred ginger, or more to taste $ Salt to taste $ Crushed red pepper flakes to taste $ Crushed peanuts or cashews for topping (optional) $ ",HarperCollins $ Coconut $ Pineapple $ Brown Rice $ Rice $ ,Thai $ ,3/4,2,HarperCollins $ Coconut $ Pineapple $ Brown Rice $ Rice $ Thai $ 
https://www.epicurious.com/recipes/food/views/thai-beef-salad,Thai Beef Salad ,"1 pound (455 g) strip steak (about 1 inch/2.5 cm thick; see Tip), trimmed and at room temperature $ Vegetable oil $ Salt and pepper $ 1 large head of butter lettuce, also known as Boston or Bibb, leaves torn into bite-size pieces $ 1/2 English cucumber, halved lengthwise and sliced $ 1/2 pint (120 g) cherry tomatoes, halved $ 1/2 small red onion, halved lengthwise and thinly sliced $ Handful of fresh mint leaves, roughly chopped $ Large handful of fresh cilantro leaves, roughly chopped $ Chile-Lime Sauce $ Handful of roasted peanuts, whole or roughly chopped (optional) $ ",Salad $ Beef $ Cucumber $ Chile Pepper $ Dinner $ Small Plates $ Kid-Friendly $ ,Thai $ Southeast Asian $ ,4/4,3,Salad $ Beef $ Cucumber $ Chile Pepper $ Dinner $ Small Plates $ Kid-Friendly $ Thai $ Southeast Asian $ 
https://www.epicurious.com/recipes/food/views/chile-lime-sauce,Chile-Lime Sauce ,"1/4 cup (60 ml) fresh lime juice $ 2 tablespoons fish sauce $ 1 large garlic clove, minced $ 1/4 red or green jalapeño, unseeded and thinly sliced crosswise, or more to taste $ 1 packed tablespoon light brown sugar $ ",Sauce $ Condiment $ Chile Pepper $ Garlic $ Lime Juice $ ,Thai $ Asian $ Southeast Asian $ ,0/4,0,Sauce $ Condiment $ Chile Pepper $ Garlic $ Lime Juice $ Thai $ Asian $ Southeast Asian $ 
https://www.epicurious.com/recipes/food/views/grilled-thai-green-bean-salad,Grilled Thai Green Bean Salad ,"2–3 Thai or serrano chiles, ribs and seeds removed, finely chopped $ 4 garlic cloves, pressed $ 1/2 cup fresh lime juice $ 1/4 cup sugar $ 2 tablespoons soy sauce $ 1 teaspoon kosher salt $ 1 tablespoon vegetable oil, plus more for grill $ 1 (14-ounce) block firm tofu, cut into 1/2"" planks $ 1 pound green beans or mix of green beans and yellow wax beans, trimmed $ 1 ripe but firm mango (about 1 pound), thinly sliced on the bias $ 1 small carrot (about 5 ounces), thinly sliced on the bias $ 1/2 cup cilantro, coarsely chopped, plus 1 tablespoon leaves $ 2 ripe avocados, cut into quarters, skin removed $ 2 tablespoons chopped salted, roasted peanuts $ 1 small head of lettuce (such as romaine hearts or Bibb), separated into leaves for wrapping $ A flat grill basket (about 13 1/2 x 8 1/2"") or grill pan $ ","No Meat, No Problem $ Vegetarian $ Salad $ Dinner $ Chile Pepper $ Green Bean $ Mango $ Tofu $ Lime Juice $ Avocado $ Peanut $ Vegan $ Cilantro $ Grill $ ",Thai $ Asian $ ,3.5/4,4,"No Meat, No Problem $ Vegetarian $ Salad $ Dinner $ Chile Pepper $ Green Bean $ Mango $ Tofu $ Lime Juice $ Avocado $ Peanut $ Vegan $ Cilantro $ Grill $ Thai $ Asian $ "
https://www.epicurious.com/recipes/food/views/red-curry-noodle-bowls-with-steak-and-cabbage,Red Curry Noodle Bowls with Steak and Cabbage ,"4 ounces dried flat linguine-width rice noodles $ 2 1/2 teaspoons kosher salt, plus more $ 1 pound flank steak $ 2 tablespoons refined coconut or vegetable oil, divided $ 1/4 cup red curry paste $ 2 teaspoons freshly grated ginger $ 1 small head savoy cabbage (about 12 ounces), thinly sliced into long ribbons $ 2 1/2 cups low-sodium beef broth $ 1 (15-ounce) can coconut milk $ 2 tablespoons fresh lime juice, plus wedges for serving $ 4 ounces pea sprouts or shoots $ 1/2 cup basil leaves, preferably purple Thai $ 1/2 cup mint leaves $ Sliced red chiles (for serving) $ ",Wheat/Gluten-Free $ Curry $ Cabbage $ Steak $ Beef $ Coconut $ Mint $ Ginger $ Chile Pepper $ Quick & Easy $ ,Thai $ Southeast Asian $ ,3/4,5,Wheat/Gluten-Free $ Curry $ Cabbage $ Steak $ Beef $ Coconut $ Mint $ Ginger $ Chile Pepper $ Quick & Easy $ Thai $ Southeast Asian $ 
https://www.epicurious.com/recipes/food/views/roasted-cauliflower-larb,Roasted Cauliflower Larb ,"1 large head of cauliflower, cut into large florets with some stalk attached $ 3 tablespoons olive oil $ 3 green Thai chiles, finely chopped $ 1 (3-inch) piece lemongrass, tough outer layers removed, finely chopped $ 4 kaffir lime leaves, finely chopped $ 1/4 cup fish sauce $ 1/4 cup fresh lime juice $ 1/4 cup glutinous (sticky) rice $ 5 scallions, thinly sliced $ 2 cups chopped pea shoots (tendrils) $ 1 cup chopped cilantro $ 1 cup chopped mint $ Kosher salt $ Sliced Persian cucumber and Bibb lettuce leaves (for serving) $ A spice mill $ ",Bon Appétit $ Cauliflower $ Laos $ Chile Pepper $ Lime $ Rice $ Cilantro $ Mint $ Dinner $ Lunch $ Lettuce $ ,Southeast Asian $ Thai $ ,4/4,2,Bon Appétit $ Cauliflower $ Laos $ Chile Pepper $ Lime $ Rice $ Cilantro $ Mint $ Dinner $ Lunch $ Lettuce $ Southeast Asian $ Thai $ 
