link,name,ingredients,recipe_category,recipe_cuisine,rating,rating_count,keywords
https://www.epicurious.com/recipes/food/views/macadamia-fudge-squares-363371,Macadamia Fudge Squares ,"1 cup all-purpose flour, spooned in and leveled $ 1/4 teaspoon ground cinnamon $ 1/4 teaspoon salt $ 1 cup (2 sticks) unsalted butter $ 4 ounces unsweetened chocolate, coarsely chopped $ 1 cup (lightly packed) very fresh dark brown sugar $ 1 cup granulated sugar $ 4 large eggs, well beaten $ 1 teaspoon pure vanilla extract $ 1 1/2 to 1 3/4 cups coarsely chopped, salted macadamia nuts $ 1 small recipe Midnight Chocolate Glaze (recipe follows) $ ",Nut $ Dessert $ Bake $ Macadamia Nut $ Kidney Friendly $ Vegetarian $ Pescatarian $ Peanut Free $ Soy Free $ Kosher $ ,American $ ,3.5/4,3,Nut $ Dessert $ Bake $ Macadamia Nut $ Kidney Friendly $ Vegetarian $ Pescatarian $ Peanut Free $ Soy Free $ Kosher $ American $ 
https://www.epicurious.com/recipes/food/views/cobb-salad-with-balsamic-shallot-vinaigrette-365112,Cobb Salad with Balsamic Shallot Vinaigrette ,"1/4 cup balsamic vinegar $ 1/2 teaspoon salt $ 1/4 teaspoon freshly ground black pepper $ 3/4 cup extra-virgin olive oil $ 2 tablespoons minced shallots $ 2 8-ounce skinless, boneless chicken breast halves $ 1/2 teaspoon salt $ 1/4 teaspoon freshly ground black pepper $ 2 teaspoons extra-virgin olive oil $ 2 8-ounce romaine hearts, washed, dried, and torn into bite-sized pieces $ 2 large ripe tomatoes, seeded and diced $ 2 ripe avocados, pitted, peeled, and diced $ 8 strips turkey bacon, cooked and coarsely chopped $ 2 hard-boiled eggs, coarsely chopped $ 1 cup (4 ounces) crumbled reduced-fat blue cheese $ ",Salad $ Chicken $ Egg $ Fourth of July $ Super Bowl $ Father's Day $ Lunch $ Vinegar $ Blue Cheese $ Bacon $ Fall $ Spring $ Summer $ Shallot $ ,American $ ,3.5/4,3,Salad $ Chicken $ Egg $ Fourth of July $ Super Bowl $ Father's Day $ Lunch $ Vinegar $ Blue Cheese $ Bacon $ Fall $ Spring $ Summer $ Shallot $ American $ 
https://www.epicurious.com/recipes/food/views/patricia-wellss-cobb-salad-iceberg-tomato-avocado-bacon-and-blue-cheese-364872,"Patricia Wells's Cobb Salad: Iceberg, Tomato, Avocado, Bacon, and Blue Cheese ","2 1/2 ounces smoked bacon, rind removed, cut into matchsticks (3/4 cup) $ 1 head iceberg lettuce, chopped (4 cups) $ 2 ripe heirloom tomatoes, cored, peeled, seeded, and chopped $ 1 large ripe avocado, halved, pitted, peeled, and cubed $ 4 ounces chilled blue cheese (preferably Roquefort), crumbled (1 cup) $ 4 small spring onions or scallions, white part only, trimmed, peeled, and cut into thin rounds $ Yogurt and Lemon Dressing $ Coarse, freshly ground black pepper $ ",Salad $ Cheese $ Tomato $ Quick & Easy $ Dinner $ Lunch $ Blue Cheese $ Bacon $ Avocado $ Spring $ Summer $ Healthy $ Lettuce $ Sugar Conscious $ Wheat/Gluten-Free $ Peanut Free $ Tree Nut Free $ Soy Free $ No Sugar Added $ ,American $ ,3.5/4,6,Salad $ Cheese $ Tomato $ Quick & Easy $ Dinner $ Lunch $ Blue Cheese $ Bacon $ Avocado $ Spring $ Summer $ Healthy $ Lettuce $ Sugar Conscious $ Wheat/Gluten-Free $ Peanut Free $ Tree Nut Free $ Soy Free $ No Sugar Added $ American $ 
https://www.epicurious.com/recipes/food/views/lake-charles-dirty-rice-363345,Lake Charles Dirty Rice ,"2 tablespoons canola oil $ 4 ounces ground pork $ 1/2 cup chicken livers (about 4 ounces), pureed $ 1 1/2 teaspoons salt $ 1/2 teaspoon ground black pepper $ 1/2 teaspoon chili powder $ 1 1/2 cups chicken broth $ 1 small onion, finely chopped $ 2 celery stalks, finely chopped $ 2 garlic cloves, minced $ 1 jalapeño pepper, stemmed, seeded, and finely chopped $ 1 tablespoon dried oregano $ 3 cups cooked rice $ 1/2 bunch scallions (white and green parts), chopped $ 2 tablespoons chopped parsley $ ",Chicken $ Pork $ Poultry $ Side $ Mardi Gras $ Dinner $ Meat $ Sugar Conscious $ Dairy Free $ Wheat/Gluten-Free $ Peanut Free $ Tree Nut Free $ Soy Free $ No Sugar Added $ ,American $ Cajun/Creole $ ,4/4,9,Chicken $ Pork $ Poultry $ Side $ Mardi Gras $ Dinner $ Meat $ Sugar Conscious $ Dairy Free $ Wheat/Gluten-Free $ Peanut Free $ Tree Nut Free $ Soy Free $ No Sugar Added $ American $ Cajun/Creole $ 
https://www.epicurious.com/recipes/food/views/roasted-pork-tenderloin-with-apples-363378,Roasted Pork Tenderloin with Apples ,"1 small pork tenderloin (about 8 ounces), trimmed $ Salt and black pepper $ 2 teaspoons chopped fresh thyme $ 1 teaspoon olive oil $ 2 green apples, each cut crosswise, or horizontally, into 3 rounds $ 1/2 cup barley $ 1/2 cup white wine or apple cider $ ",Fruit $ Pork $ Roast $ Dinner $ Apple $ Meat $ Pork Tenderloin $ Fall $ Winter $ Dairy Free $ Peanut Free $ Tree Nut Free $ Soy Free $ ,American $ ,4/4,4,Fruit $ Pork $ Roast $ Dinner $ Apple $ Meat $ Pork Tenderloin $ Fall $ Winter $ Dairy Free $ Peanut Free $ Tree Nut Free $ Soy Free $ American $ 
https://www.epicurious.com/recipes/food/views/the-ultimate-spice-rubbed-rib-steak-363369,The Ultimate Spice-Rubbed Rib Steak ,2 teaspoons packed light brown sugar $ 2 teaspoons The Lady's House Seasoning $ 1/4 teaspoon Cajun seasoning $ 1/4 teaspoon cayenne pepper or to taste $ Two 1-pound bone in rib-eye steaks $ ,Beef $ Broil $ Dinner $ Meat $ Steak $ Spice $ Summer $ Grill/Barbecue $ Sugar Conscious $ Dairy Free $ Wheat/Gluten-Free $ Peanut Free $ Tree Nut Free $ Soy Free $ Kosher $ ,American $ Southern $ ,4/4,2,Beef $ Broil $ Dinner $ Meat $ Steak $ Spice $ Summer $ Grill/Barbecue $ Sugar Conscious $ Dairy Free $ Wheat/Gluten-Free $ Peanut Free $ Tree Nut Free $ Soy Free $ Kosher $ American $ Southern $ 
https://www.epicurious.com/recipes/food/views/mixed-berry-oatmeal-crisps-364075,Mixed-Berry Oatmeal Crisps ,"2 12-ounce packages frozen mixed berries $ 2 tablespoons cornstarch $ 2/3 cup (packed) golden brown sugar $ 1/2 cup unbleached all purpose flour $ 1/2 cup old-fashioned oats $ 1/2 cup finely chopped walnuts or pecans $ 1/2 teaspoon ground cinnamon $ 6 tablespoons (3/4 stick) chilled unsalted butter, cut into 1/2-inch cubes $ Vanilla ice cream $ 6 4 1/2-inch-diameter crème brûlée dishes with 1-inch-high sides or other 1-cup ramekins or custard cups $ ",Berry $ Dessert $ Quick & Easy $ High Fiber $ Walnut $ Oat $ Winter $ Bon Appétit $ Kidney Friendly $ Vegetarian $ Pescatarian $ Peanut Free $ Soy Free $ Kosher $ ,American $ ,3.5/4,10,Berry $ Dessert $ Quick & Easy $ High Fiber $ Walnut $ Oat $ Winter $ Bon Appétit $ Kidney Friendly $ Vegetarian $ Pescatarian $ Peanut Free $ Soy Free $ Kosher $ American $ 
https://www.epicurious.com/recipes/food/views/whoopie-pies-with-mint-filling-and-chocolate-ganache-362973,Whoopie Pies with Mint Filling and Chocolate Ganache ,"2 cups all purpose flour $ 5 tablespoons unsweetened cocoa powder $ 1 1/8 teaspoons baking powder $ 1 teaspoon baking soda $ 1/2 cup nonhydrogenated solid vegetable shortening or unsalted butter (1 stick), room temperature $ 1 cup sugar $ 2 large egg yolks $ 1 tablespoon vanilla extract $ 1 cup whole milk $ 1/2 cup plus 2 tablespoons nonhydrogenated solid vegetable shortening or unsalted butter, room temperature $ 1/2 teaspoon peppermint extract $ 1/4 teaspoon vanilla extract $ 2 cups plus 3 tablespoons powdered sugar $ 1/4 cup egg whites (from about 2 large eggs) $ 3 to 4 drops green food coloring $ 3 tablespoons heavy whipping cream $ 1/2 cup bittersweet or semisweet chocolate chips $ Pastry bag or resealable plastic bag $ Medium-size star pastry tip $ ",Cake $ Chocolate $ Dessert $ Bake $ Fourth of July $ Birthday $ Party $ Advance Prep Required $ Bon Appétit $ Kidney Friendly $ Vegetarian $ Pescatarian $ Peanut Free $ Tree Nut Free $ Soy Free $ Kosher $ ,American $ ,3.5/4,15,Cake $ Chocolate $ Dessert $ Bake $ Fourth of July $ Birthday $ Party $ Advance Prep Required $ Bon Appétit $ Kidney Friendly $ Vegetarian $ Pescatarian $ Peanut Free $ Tree Nut Free $ Soy Free $ Kosher $ American $ 
https://www.epicurious.com/recipes/food/views/pigs-in-a-blanket-363440,Pigs in a Blanket ,"8 sheets phyllo dough, thawed if frozen $ Nonstick cooking spray $ 4 reduced-fat hot dogs, such as Ball Park Lite Beef Franks, each cut into 3 pieces $ 2 tablespoons skim milk $ 5 slices 2% reduced-fat cheddar singles, roughly chopped $ 1 tablespoon reduced-sugar ketchup, such as Heinz $ 2 teaspoons yellow mustard $ ",Beef $ Cheese $ Appetizer $ Bake $ Cocktail Party $ Kid-Friendly $ Quick & Easy $ Low Cal $ Oscars $ Poker/Game Night $ Party $ Phyllo/Puff Pastry Dough $ Sugar Conscious $ ,American $ ,0/4,0,Beef $ Cheese $ Appetizer $ Bake $ Cocktail Party $ Kid-Friendly $ Quick & Easy $ Low Cal $ Oscars $ Poker/Game Night $ Party $ Phyllo/Puff Pastry Dough $ Sugar Conscious $ American $ 
https://www.epicurious.com/recipes/food/views/flash-fried-finger-lickin-chicken-363444,Flash-Fried Finger-Lickin' Chicken ,"3 cups low-fat, low sodium chicken broth $ Salt $ 4 skinless, bone-in chicken thighs $ 2 quarts grapeseed oil $ 1 1/2 cups whole wheat flour $ 1 tablespoon sweet paprika $ 1 1/2 teaspoon celery salt $ 1 tablespoon freshly ground black pepper $ 2 cups low-fat buttermilk $ ",Chicken $ Fourth of July $ Picnic $ Kid-Friendly $ Low Cal $ Dinner $ Lunch $ Buffet $ Family Reunion $ Healthy $ Potluck $ Buttermilk $ Paprika $ Peanut Free $ Tree Nut Free $ Soy Free $ No Sugar Added $ ,American $ Southern $ ,0/4,2,Chicken $ Fourth of July $ Picnic $ Kid-Friendly $ Low Cal $ Dinner $ Lunch $ Buffet $ Family Reunion $ Healthy $ Potluck $ Buttermilk $ Paprika $ Peanut Free $ Tree Nut Free $ Soy Free $ No Sugar Added $ American $ Southern $ 
https://www.epicurious.com/recipes/food/views/viet-mex-fajita-rolls-363419,Viet-Mex Fajita Rolls ,"2 pounds grilled fajita meat of your choice, sliced in thin strips $ 1 cup cilantro sprigs $ 1 large tomato, chopped $ 1 avocado, peeled and sliced $ 4 green onions, chopped $ 1/2 cup thin-sliced raw carrot strips $ 1/2 cup thin-sliced jicama strips $ 1/4 cup dry-roasted peanuts, chopped $ 2 limes, cut into wedges $ 1 head of romaine lettuce, washed and dried, for wrappers $ 1 cup salsa of your choice $ ",Tomato $ Appetizer $ Side $ Low Cal $ Dinner $ Lunch $ Meat $ Peanut $ Avocado $ Grill $ Grill/Barbecue $ Healthy $ Jícama $ Cilantro $ Lettuce $ Dairy Free $ Wheat/Gluten-Free $ Tree Nut Free $ Soy Free $ No Sugar Added $ Kosher $ ,American $ Southwestern $ Vietnamese $ Tex-Mex $ ,0/4,0,Tomato $ Appetizer $ Side $ Low Cal $ Dinner $ Lunch $ Meat $ Peanut $ Avocado $ Grill $ Grill/Barbecue $ Healthy $ Jícama $ Cilantro $ Lettuce $ Dairy Free $ Wheat/Gluten-Free $ Tree Nut Free $ Soy Free $ No Sugar Added $ Kosher $ American $ Southwestern $ Vietnamese $ Tex-Mex $ 
https://www.epicurious.com/recipes/food/views/herb-roasted-chicken-with-lemon-and-sage-363432,Herb-Roasted Chicken with Lemon and Sage ,"1 (3- to 3 1/2-pound) whole chicken, patted dry with paper towels $ 1/2 cup extra-virgin olive oil $ 1 lemon, thinly sliced $ 1 bunch of fresh sage leaves (about 1/2 cup) $ 2 teaspoons kosher salt and freshly ground black pepper $ 3 medium carrots, peeled and halved crosswise, optional $ 3 celery stalks, cut crosswise into thirds, optional $ 1 large onion, peeled and cut into large chunks, optional $ ",Chicken $ Marinate $ Roast $ Dinner $ Lemon $ Sage $ Advance Prep Required $ Paleo $ Dairy Free $ Wheat/Gluten-Free $ Peanut Free $ Tree Nut Free $ Soy Free $ No Sugar Added $ Kosher $ ,American $ ,3/4,3,Chicken $ Marinate $ Roast $ Dinner $ Lemon $ Sage $ Advance Prep Required $ Paleo $ Dairy Free $ Wheat/Gluten-Free $ Peanut Free $ Tree Nut Free $ Soy Free $ No Sugar Added $ Kosher $ American $ 
https://www.epicurious.com/recipes/food/views/chicken-fried-steak-with-sausage-gravy-363443,Chicken-Fried Steak with Sausage Gravy ,"1 cup whole-wheat flour $ 2 cups whole-wheat panko breadcrumbs, such as lan's All-Natural $ 3 large egg whites $ Four 3-ounce portions lean filet mignon, pounded about 1/3 inch thick $ Nonstick cooking spray $ Salt and freshly ground black pepper $ One 6-ounce link hot Italian turkey sausage, casing removed $ 1 cup low-fat,low-sodium chicken broth $ 1 tablespoon cornstarch $ 1/2 cup nonfat Greek yogurt $ ",Beef $ Roast $ Sauté $ Quick & Easy $ Yogurt $ Low Cal $ Dinner $ Steak $ Poultry Sausage $ Healthy $ Sugar Conscious $ Diabetes-Friendly $ ,American $ Southern $ ,3/4,2,Beef $ Roast $ Sauté $ Quick & Easy $ Yogurt $ Low Cal $ Dinner $ Steak $ Poultry Sausage $ Healthy $ Sugar Conscious $ Diabetes-Friendly $ American $ Southern $ 
https://www.epicurious.com/recipes/food/views/grilled-stuffed-peppers-363417,Grilled Stuffed Peppers ,"2 tablespoons seasoning blend of your choice $ 1 teaspoon salt (omit if there is salt in the seasoning mix) $ 1/2 cup white wine $ 1/2 pound venison sausage (substitute breakfast sausage meat) $ 1/2 pound ground beef $ 1 cup cooked rice $ 2 cloves garlic, minced $ 1 egg, beaten $ 1/2 cup minced fresh parsley leaves $ Cayenne pepper $ Ground cumin $ Oil, for frying $ 3 small green bell peppers (four lobes preferred) $ ",Beef $ Pepper $ Appetizer $ Side $ Super Bowl $ Backyard BBQ $ Dinner $ Lunch $ Ground Beef $ Venison $ Sausage $ Bell Pepper $ Summer $ Winter $ Tailgating $ Poker/Game Night $ Grill $ Grill/Barbecue $ Party $ Sugar Conscious $ Dairy Free $ Wheat/Gluten-Free $ Peanut Free $ Tree Nut Free $ Soy Free $ ,American $ Southwestern $ Tex-Mex $ ,3/4,2,Beef $ Pepper $ Appetizer $ Side $ Super Bowl $ Backyard BBQ $ Dinner $ Lunch $ Ground Beef $ Venison $ Sausage $ Bell Pepper $ Summer $ Winter $ Tailgating $ Poker/Game Night $ Grill $ Grill/Barbecue $ Party $ Sugar Conscious $ Dairy Free $ Wheat/Gluten-Free $ Peanut Free $ Tree Nut Free $ Soy Free $ American $ Southwestern $ Tex-Mex $ 
https://www.epicurious.com/recipes/food/views/teddies-apple-cake-362089,Teddie's Apple Cake ,"3 cups all-purpose flour $ 1 teaspoon salt $ 1 teaspoon ground cinnamon $ 1 teaspoon baking soda $ 1 1/2 cups peanut, vegetable, or corn oil $ 2 cups sugar $ 3 large eggs $ 1 teaspoon vanilla extract $ 3 cups peeled, cored, and thickly sliced apples $ 1 cup chopped walnuts $ 1 cup raisins $ Vanilla ice cream for serving (optional) $ ",Cake $ Dessert $ Bake $ Quick & Easy $ Apple $ Walnut $ Fall $ Cinnamon $ Potluck $ Vegetarian $ Pescatarian $ Dairy Free $ Soy Free $ Kosher $ ,American $ ,3.5/4,25,Cake $ Dessert $ Bake $ Quick & Easy $ Apple $ Walnut $ Fall $ Cinnamon $ Potluck $ Vegetarian $ Pescatarian $ Dairy Free $ Soy Free $ Kosher $ American $ 
https://www.epicurious.com/recipes/food/views/shaker-lemon-pie-361949,Shaker Lemon Pie ,"2 medium lemons $ 2 cups sugar $ Pastry for a 9-inch single-crust pie, such as Barry Maiden's Butter/Shortening Piecrust $ 4 eggs, beaten well $ 2 tablespoons all-purpose flour $ 1/4 teaspoon salt $ ",Citrus $ Fruit $ Dessert $ Bake $ Vegetarian $ Lemon $ Family Reunion $ Party $ Advance Prep Required $ Kidney Friendly $ Pescatarian $ Peanut Free $ Tree Nut Free $ Soy Free $ Kosher $ ,American $ Southern $ ,3/4,8,Citrus $ Fruit $ Dessert $ Bake $ Vegetarian $ Lemon $ Family Reunion $ Party $ Advance Prep Required $ Kidney Friendly $ Pescatarian $ Peanut Free $ Tree Nut Free $ Soy Free $ Kosher $ American $ Southern $ 
https://www.epicurious.com/recipes/food/views/aunt-marians-summer-squash-custard-pie-361910,Aunt Marian's Summer Squash Custard Pie ,"Pastry for a 9-inch single-crust pie, such as Barry Maiden's Butter/Shortening Piecrust $ 6 medium zucchini or yellow squash (about 1 1/2 pounds) $ 3/4 cup sugar $ 1 tablespoon cornstarch $ 1/4 teaspoon ground nutmeg $ 1/4 teaspoon salt $ 1/2 cup heavy cream $ 3 eggs, beaten well $ 1/4 cup butter, melted $ 1 teaspoon vanilla extract $ 1/2 teaspoon white vinegar $ ",Vegetable $ Bake $ Fourth of July $ Vegetarian $ Squash $ Zucchini $ Summer $ Family Reunion $ Yellow Squash $ Boil $ Advance Prep Required $ ,American $ Southern $ ,3.5/4,4,Vegetable $ Bake $ Fourth of July $ Vegetarian $ Squash $ Zucchini $ Summer $ Family Reunion $ Yellow Squash $ Boil $ Advance Prep Required $ American $ Southern $ 
https://www.epicurious.com/recipes/food/views/bean-pie-361909,Bean Pie ,"Pastry for a 9-inch single-crust pie, such as Barry Maiden's Butter/Shortening Piecrust $ 1 cup sugar $ 1 tablespoon flour $ 1/2 teaspoon ground cinnamon $ 1/2 teaspoon ground nutmeg $ 1/2 cup evaporated milk or half-and-half $ 1/4 cup butter, melted $ 2 eggs $ 1 tablespoon vanilla extract $ 1 cup mashed, cooked navy beans $ ",Milk/Cream $ Bean $ Dairy $ Vegetable $ Bake $ Vegetarian $ Legume $ Family Reunion $ Advance Prep Required $ ,American $ Southern $ ,3/4,3,Milk/Cream $ Bean $ Dairy $ Vegetable $ Bake $ Vegetarian $ Legume $ Family Reunion $ Advance Prep Required $ American $ Southern $ 
https://www.epicurious.com/recipes/food/views/pie-crust-361794,Pie Crust ,"2 1/2 cups unbleached all purpose flour $ 1 1/2 teaspoons sugar $ 1 teaspoon salt $ 1/2 cup (1 stick) chilled unsalted butter, cut into 1/2-inch cubes $ 1/2 cup frozen non-hydrogenated solid vegetable shortening, cut into pieces $ 5 tablespoons (or more) ice water $ ",Food Processor $ Christmas $ Thanksgiving $ Chill $ Christmas Eve $ Butter $ Bon Appétit $ ,American $ ,4/4,5,Food Processor $ Christmas $ Thanksgiving $ Chill $ Christmas Eve $ Butter $ Bon Appétit $ American $ 
https://www.epicurious.com/recipes/food/views/sauteed-shredded-brussels-sprouts-with-smoked-ham-and-toasted-pecans-361793,Sautéed Shredded Brussels Sprouts with Smoked Ham and Toasted Pecans ,"2 pounds brussels sprouts $ 2 tablespoons (1/4 stick) butter $ 3 tablespoons extra-virgin olive oil $ 2 1/4-inch-thick slices smoked ham (about 6 ounces), coarsely chopped $ 1 large garlic clove, minced $ 2/3 cup low-salt chicken broth $ Coarse kosher salt $ 1/2 cup pecans, toasted, chopped $ ",Side $ Sauté $ Christmas $ Thanksgiving $ Quick & Easy $ Low Cal $ High Fiber $ Dinner $ Ham $ Pecan $ Brussels Sprout $ Christmas Eve $ Bon Appétit $ Sugar Conscious $ Wheat/Gluten-Free $ Peanut Free $ Soy Free $ No Sugar Added $ ,American $ ,3/4,20,Side $ Sauté $ Christmas $ Thanksgiving $ Quick & Easy $ Low Cal $ High Fiber $ Dinner $ Ham $ Pecan $ Brussels Sprout $ Christmas Eve $ Bon Appétit $ Sugar Conscious $ Wheat/Gluten-Free $ Peanut Free $ Soy Free $ No Sugar Added $ American $ 
https://www.epicurious.com/recipes/food/views/apple-pie-with-oat-streusel-361836,Apple Pie with Oat Streusel ,"3 pounds Pippin apples or Granny Smith apples, peeled, cored, cut into scant 1/4-inch-thick slices $ 1/2 cup sugar $ 2 tablespoons (packed) golden brown sugar $ 3 tablespoons unsalted butter, melted $ 2 tablespoons all purpose flour $ 2 teaspoons ground cinnamon $ 1/2 teaspoon ground allspice $ Generous pinch of salt $ 1 Pie Crust dough disk $ 1/4 cup old-fashioned oats $ 3/4 cup unbleached all purpose flour $ 1/2 cup (packed) golden brown sugar $ 1/4 cup sugar $ 1/2 teaspoon ground cinnamon $ 1/2 teaspoon salt $ 1/4 teaspoon ground allspice $ 7 tablespoons chilled unsalted butter, cut into 1/2-inch cubes $ 1/2 cup old-fashioned oats $ ",Dessert $ Christmas $ Thanksgiving $ High Fiber $ Apple $ Oat $ Fall $ Family Reunion $ Cinnamon $ Christmas Eve $ Butter $ Bon Appétit $ Vegetarian $ Pescatarian $ Peanut Free $ Tree Nut Free $ Soy Free $ Kosher $ ,American $ ,3.5/4,28,Dessert $ Christmas $ Thanksgiving $ High Fiber $ Apple $ Oat $ Fall $ Family Reunion $ Cinnamon $ Christmas Eve $ Butter $ Bon Appétit $ Vegetarian $ Pescatarian $ Peanut Free $ Tree Nut Free $ Soy Free $ Kosher $ American $ 
https://www.epicurious.com/recipes/food/views/peel-and-eat-spiced-shrimp-with-chipotle-remoulade-361276,Peel-and-Eat Spiced Shrimp with Chipotle Remoulade ,"6 quarts water $ 1/2 cup coarse kosher salt $ 6 tablespoons whole black peppercorns $ 1/4 cup mustard seeds $ 2 tablespoons whole allspice $ 2 tablespoons whole cloves $ 2 tablespoons chopped fresh thyme $ 4 dried chiles de árbol $ 4 Turkish bay leaves $ 36 uncooked large shrimp, unpeeled $ 2 quarts ice cubes $ Chipotle Remoulade $ Ingredient info: Chiles de árbol are thin, red, very hot chiles available at supermarkets, specialty foods stores, and Latin markets. $ ",Appetizer $ Quick & Easy $ Low Cal $ Shrimp $ Spice $ Party $ Bon Appétit $ Sugar Conscious $ Pescatarian $ Paleo $ Dairy Free $ Wheat/Gluten-Free $ Peanut Free $ Tree Nut Free $ Soy Free $ No Sugar Added $ ,American $ Cajun/Creole $ ,3/4,7,Appetizer $ Quick & Easy $ Low Cal $ Shrimp $ Spice $ Party $ Bon Appétit $ Sugar Conscious $ Pescatarian $ Paleo $ Dairy Free $ Wheat/Gluten-Free $ Peanut Free $ Tree Nut Free $ Soy Free $ No Sugar Added $ American $ Cajun/Creole $ 
https://www.epicurious.com/recipes/food/views/beer-can-chicken-102216,Beer Can Chicken ,"1 large whole chicken (4 to 5 pounds) $ 3 tablespoons Memphis Rub* or your favorite dry barbecue rub $ 1 can (12 ounces) beer $ 1/4 cup paprika $ 1 tablespoon firmly packed dark brown sugar $ 1 tablespoon granulated sugar $ 2 teaspoons salt $ 2 teaspoons accent (MSG; optional) $ 1 teaspoon celery salt $ 1 teaspoon freshly ground black pepper $ 1 to 3 teaspoons cayenne pepper, or to taste $ 1 teaspoon dry mustard $ 1 teaspoon garlic powder $ 1 teaspoon onion powder $ ",Beer $ Chicken $ Poultry $ Picnic $ Summer $ Grill/Barbecue $ ,American $ ,3.5/4,224,Beer $ Chicken $ Poultry $ Picnic $ Summer $ Grill/Barbecue $ American $ 
https://www.epicurious.com/recipes/food/views/rib-eye-steak-with-blue-cheese-butter-and-walla-walla-onion-rings-360669,Rib-Eye Steak with Blue Cheese Butter and Walla Walla Onion Rings ,"2 1-pound rib-eye steaks (each about 1 to 1 1/4 inches thick) $ Coarse kosher salt $ 3 tablespoons unsalted butter, room temperature $ 3 tablespoons crumbled American blue cheese (such as Maytag), room temperature $ 1 1/2 teaspoons finely grated lemon peel $ 1 1/2 teaspoons chopped fresh Italian parsley $ 1 1/2 teaspoons freshly cracked black pepper $ 1 cup cake flour $ 1/2 teaspoon coarse kosher salt $ 1/4 teaspoon baking powder $ 1/2 cup beer $ 2 tablespoons vodka $ Canola or peanut oil (for deep-frying) $ 1 large (about 12 ounces) Walla Walla onion or other sweet onion (such as Vidalia or Maui), cut into 1/3-inch-thick rounds, separated into rings $ ",Onion $ Father's Day $ Backyard BBQ $ Dinner $ Blue Cheese $ Steak $ Grill $ Grill/Barbecue $ Butter $ Bon Appétit $ Sugar Conscious $ Tree Nut Free $ Soy Free $ No Sugar Added $ ,American $ ,3.5/4,8,Onion $ Father's Day $ Backyard BBQ $ Dinner $ Blue Cheese $ Steak $ Grill $ Grill/Barbecue $ Butter $ Bon Appétit $ Sugar Conscious $ Tree Nut Free $ Soy Free $ No Sugar Added $ American $ 
https://www.epicurious.com/recipes/food/views/cinnamon-rolls-with-cream-cheese-glaze-241631,Cinnamon Rolls with Cream Cheese Glaze ,"1 cup whole milk $ 3 tablespoons unsalted butter $ 3 1/2 cups (or more) unbleached all purpose flour, divided $ 1/2 cup sugar $ 1 large egg $ 2 1/4 teaspoons rapid-rise yeast (from 2 envelopes yeast) $ 1 teaspoon salt $ Nonstick vegetable oil spray $ 3/4 cup (packed) golden brown sugar $ 2 tablespoons ground cinnamon $ 1/4 cup (1/2 stick) unsalted butter, room temperature $ 4 ounces cream cheese, room temperature $ 1 cup powdered sugar $ 1/4 cup (1/2 stick) unsalted butter, room temperature $ 1/2 teaspoon vanilla extract $ ",Bread $ Cake $ Microwave $ Breakfast $ Brunch $ Bake $ Mother's Day $ Cream Cheese $ Cinnamon $ Bon Appétit $ Kidney Friendly $ Vegetarian $ Pescatarian $ Wheat/Gluten-Free $ Peanut Free $ Tree Nut Free $ Soy Free $ Kosher $ ,American $ ,3.5/4,176,Bread $ Cake $ Microwave $ Breakfast $ Brunch $ Bake $ Mother's Day $ Cream Cheese $ Cinnamon $ Bon Appétit $ Kidney Friendly $ Vegetarian $ Pescatarian $ Wheat/Gluten-Free $ Peanut Free $ Tree Nut Free $ Soy Free $ Kosher $ American $ 
https://www.epicurious.com/recipes/food/views/huguenot-torte-359969,Huguenot Torte ,"2 Gala apples $ 7 ounces (1 cup + 5 tablespoons) all-purpose flour, divided $ 4 ounces (1 cup) walnuts $ 3 ounces (3/4 cup) pecans $ 13 ounces (1 3/4 cups) superfine granulated sugar, divided $ 2 ounces (1/2 cup) confectioners' sugar, sifted, plus more for dusting $ 1/4 teaspoon salt $ 4 eggs $ ",Cake $ Fruit $ Dessert $ Bake $ Vegetarian $ Apple $ Party $ Kidney Friendly $ Pescatarian $ Dairy Free $ Peanut Free $ Soy Free $ Kosher $ ,American $ ,0/4,0,Cake $ Fruit $ Dessert $ Bake $ Vegetarian $ Apple $ Party $ Kidney Friendly $ Pescatarian $ Dairy Free $ Peanut Free $ Soy Free $ Kosher $ American $ 
https://www.epicurious.com/recipes/food/views/chipotle-cherry-barbecue-sauce-359752,Chipotle-Cherry Barbecue Sauce ,"1 cup ketchup $ 1/2 cup cherry preserves $ 2 tablespoons fresh lemon juice $ 2 tablespoons mild-flavored (light) molasses $ 2 tablespoons golden brown sugar $ 1 tablespoon Worcestershire sauce $ 1 tablespoon soy sauce $ 1 teaspoon finely grated lemon peel $ 1 to 2 canned chipotle chiles in adobo, minced, plus 1 tablespoon adobo sauce from can $ 1 teaspoon liquid smoke $ 1 teaspoon onion powder $ 1 teaspoon unsweetened cocoa powder $ Ingredient info: Chipotle chiles in adobo (a spicy tomato sauce) are available at some supermarkets and at specialty foods stores and Latin markets. Liquid smoke is a smoke-flavored liquid seasoning. Look for it at supermarkets and specialty foods stores. $ ",Sauce $ Low Fat $ Low Cal $ Backyard BBQ $ Low Cholesterol $ Molasses $ Simmer $ Chile Pepper $ Bon Appétit $ ,American $ ,4/4,22,Sauce $ Low Fat $ Low Cal $ Backyard BBQ $ Low Cholesterol $ Molasses $ Simmer $ Chile Pepper $ Bon Appétit $ American $ 
https://www.epicurious.com/recipes/food/views/dinosaur-bones-with-chipotle-cherry-barbecue-sauce-359751,Dinosaur Bones with Chipotle-Cherry Barbecue Sauce ,"3 tablespoons paprika $ 3 tablespoons golden brown sugar $ 3 tablespoons coarse kosher salt $ 1 1/2 tablespoons onion powder $ 1 1/2 tablespoons ground black pepper $ 1 1/2 teaspoons ground cinnamon $ 3/4 teaspoon ground cardamom $ 2 beef rib racks (6 to 8 pounds total; 8- to 10-inch-long rib bones) $ 1 1/2 cups cherry juice or apple cider $ 1 11 3/4 x 8 1/2 x 1 1/4-inch disposable aluminum baking pan (to catch drips) $ 2 cups hardwood chips, soaked in water 1 hour $ 4 6 x 3 3/4 x 2-inch disposable mini aluminum loaf pans (for wood chips,if using gas grill) $ Chipotle-Cherry Barbecue Sauce $ Spray bottle $ ",Backyard BBQ $ Dinner $ Lunch $ Cherry $ Beef Rib $ Summer $ Grill $ Grill/Barbecue $ Cinnamon $ Paprika $ Bon Appétit $ Dairy Free $ Peanut Free $ Tree Nut Free $ Soy Free $ ,American $ ,4/4,14,Backyard BBQ $ Dinner $ Lunch $ Cherry $ Beef Rib $ Summer $ Grill $ Grill/Barbecue $ Cinnamon $ Paprika $ Bon Appétit $ Dairy Free $ Peanut Free $ Tree Nut Free $ Soy Free $ American $ 
https://www.epicurious.com/recipes/food/views/kansas-city-sweet-and-smoky-ribs-242246,Kansas City Sweet-and-Smoky Ribs ,"4 racks of spareribs (4 to 6 pounds total) $ 6 cups apple cider, plus additional for spraying the ribs $ 2 whole lemons (optional), halved $ 2/3 cup Basic Barbecue Rub or your favorite commercial brand $ 3 cups of your favorite homemade barbecue sauce or your favorite commercial brand $ 3 cups wood chips (preferably hickory), soaked for 1 hour in apple cider to cover, then drained; spray bottle; rib rack (optional) $ ",Marinate $ Graduation $ Backyard BBQ $ Dinner $ Beef Rib $ Spring $ Summer $ Tailgating $ Grill $ Grill/Barbecue $ ,American $ Midwestern $ ,4/4,8,Marinate $ Graduation $ Backyard BBQ $ Dinner $ Beef Rib $ Spring $ Summer $ Tailgating $ Grill $ Grill/Barbecue $ American $ Midwestern $ 
https://www.epicurious.com/recipes/food/views/strawberry-shortcakes-with-balsamic-and-black-pepper-syrup-359412,Strawberry Shortcakes with Balsamic and Black Pepper Syrup ,"2 cups unbleached all purpose flour $ 5 tablespoons sugar, divided $ 2 1/2 teaspoons baking powder $ 1/4 teaspoon salt $ 1/2 cup (1 stick) chilled unsalted butter, cut into 1/2-inch cubes $ 1 cup chilled heavy whipping cream $ 1 large egg, beaten to blend (for glaze) $ 2 pounds fresh strawberries (about 8 cups), hulled, quartered if small, sliced if large $ 6 tablespoons sugar, divided $ 3 tablespoons balsamic vinegar $ 1 large pinch of freshly ground black pepper $ 1 cup chilled heavy whipping cream $ 1 teaspoon vanilla extract $ ",Milk/Cream $ Food Processor $ Dessert $ Bake $ Fourth of July $ High Fiber $ Backyard BBQ $ Vinegar $ Strawberry $ Summer $ Butter $ Bon Appétit $ Kidney Friendly $ Vegetarian $ Pescatarian $ Peanut Free $ Tree Nut Free $ Soy Free $ Kosher $ ,American $ ,4/4,15,Milk/Cream $ Food Processor $ Dessert $ Bake $ Fourth of July $ High Fiber $ Backyard BBQ $ Vinegar $ Strawberry $ Summer $ Butter $ Bon Appétit $ Kidney Friendly $ Vegetarian $ Pescatarian $ Peanut Free $ Tree Nut Free $ Soy Free $ Kosher $ American $ 
https://www.epicurious.com/recipes/food/views/citrus-salad-with-ginger-yogurt-231279,Citrus Salad with Ginger Yogurt ,"1 pink grapefruit, peeled $ 2 large tangerines or Minneolas, peeled $ 3 navel oranges $ 1/2 cup dried cranberries $ 2 tablespoons honey $ 1/4 teaspoon ground cinnamon $ 1 16- or 17.6-ounce container Greek yogurt $ 2/3 cup minced crystallized ginger $ 1/4 cup golden brown sugar $ Additional dried cranberries $ ",Salad $ Citrus $ Ginger $ Breakfast $ Brunch $ Christmas $ Quick & Easy $ Mother's Day $ Cranberry $ Grapefruit $ Orange $ Winter $ Honey $ Tangerine $ Bon Appétit $ Vegetarian $ Pescatarian $ Wheat/Gluten-Free $ Peanut Free $ Soy Free $ Kosher $ ,American $ ,3.5/4,40,Salad $ Citrus $ Ginger $ Breakfast $ Brunch $ Christmas $ Quick & Easy $ Mother's Day $ Cranberry $ Grapefruit $ Orange $ Winter $ Honey $ Tangerine $ Bon Appétit $ Vegetarian $ Pescatarian $ Wheat/Gluten-Free $ Peanut Free $ Soy Free $ Kosher $ American $ 
https://www.epicurious.com/recipes/food/views/cornmeal-tamales-358315,Cornmeal Tamales ,3 pounds ground beef $ 1 1/2 teaspoons ground cumin $ 1 tablespoon garlic powder $ 1 1/2 teaspoons cayenne pepper $ 1 teaspoon ground black pepper $ 1 tablespoon salt $ 1 1/2 teaspoons onion powder $ 1/4 cup chili powder $ 4 tablespoons sugar $ 1/2 cup yellow cornmeal $ Two 8-ounce cans tomato sauce $ 36 pieces parchment or wax paper cut into 5-inch squares $ 4 cups yellow cornmeal mixed with 2 teaspoons salt $ ,Beef $ Tomato $ Steam $ Cinco de Mayo $ Meat $ Cornmeal $ ,American $ Tex-Mex $ ,4/4,3,Beef $ Tomato $ Steam $ Cinco de Mayo $ Meat $ Cornmeal $ American $ Tex-Mex $ 
https://www.epicurious.com/recipes/food/views/classic-manhattan-clam-chowder-358314,Classic Manhattan Clam Chowder ,"48 cherrystone clams $ A little bottled clam juice (if necessary) $ Quarter pound bacon, cut into quarter-inch dice $ 1 large onion, peeled and cut into quarter-inch dice $ 1 celery stalk, cut into quarter-inch dice $ 1 carrot, cut into quarter-inch dice $ 2 medium russet potatoes, peeled and cut into half-inch cubes $ 28-ounce can plum tomatoes, drained and coarsely chopped $ 2 teaspoons fresh thyme leaves $ ",Soup/Stew $ Potato $ Shellfish $ Tomato $ Vegetable $ Appetizer $ Dinner $ Seafood $ Clam $ Boil $ Dairy Free $ Wheat/Gluten-Free $ Peanut Free $ Tree Nut Free $ Soy Free $ No Sugar Added $ ,American $ ,3.5/4,3,Soup/Stew $ Potato $ Shellfish $ Tomato $ Vegetable $ Appetizer $ Dinner $ Seafood $ Clam $ Boil $ Dairy Free $ Wheat/Gluten-Free $ Peanut Free $ Tree Nut Free $ Soy Free $ No Sugar Added $ American $ 
https://www.epicurious.com/recipes/food/views/southwest-rice-and-corn-salad-with-lemon-dressing-358511,Southwest Rice and Corn Salad with Lemon Dressing ,"1 cup long-grain white rice $ 1/4 cup fresh lemon juice $ 4 tablespoons olive oil, divided $ 1 1/2 cups fresh corn kernels (cut from 2 ears) or frozen corn kernels, thawed $ 1 cup chopped fresh poblano chiles or green bell pepper $ 1 cup diced seeded yellow bell pepper $ 1 cup 1/2-inch cubes yellow zucchini $ 1 avocado, halved, peeled, diced $ 1/2 cup thinly sliced green onions $ 1/2 cup chopped fresh cilantro $ ",Side $ Picnic $ Vegetarian $ Quick & Easy $ High Fiber $ Lemon $ Avocado $ Corn $ Bell Pepper $ Healthy $ Low Cholesterol $ Potluck $ Bon Appétit $ Sugar Conscious $ Vegan $ Pescatarian $ Dairy Free $ Wheat/Gluten-Free $ Peanut Free $ Tree Nut Free $ Soy Free $ No Sugar Added $ Kosher $ ,American $ Southwestern $ ,3.5/4,41,Side $ Picnic $ Vegetarian $ Quick & Easy $ High Fiber $ Lemon $ Avocado $ Corn $ Bell Pepper $ Healthy $ Low Cholesterol $ Potluck $ Bon Appétit $ Sugar Conscious $ Vegan $ Pescatarian $ Dairy Free $ Wheat/Gluten-Free $ Peanut Free $ Tree Nut Free $ Soy Free $ No Sugar Added $ Kosher $ American $ Southwestern $ 
https://www.epicurious.com/recipes/food/views/roasted-beets-with-horseradish-creme-fraiche-358288,Roasted Beets with Horseradish Crème Fraîche ,"4 bunches different-colored beets $ 1/2 cup plus 2 tablespoons extra-virgin olive oil $ 1 tablespoon diced shallot, plus 1/4 cup sliced shallots $ 1 tablespoon plus 1 teaspoon balsamic vinegar $ 2 tablespoons red wine vinegar $ 2 1/2 teaspoons lemon juice $ 1/2 cup crème fraîche $ 1 tablespoon prepared horseradish $ 1/4 cup heavy cream $ Kosher salt and freshly ground black pepper $ ",Dairy $ Side $ Roast $ Horseradish $ Beet $ Fall $ Winter $ Sour Cream $ ,American $ Californian $ ,3.5/4,9,Dairy $ Side $ Roast $ Horseradish $ Beet $ Fall $ Winter $ Sour Cream $ American $ Californian $ 
https://www.epicurious.com/recipes/food/views/moms-meatloaf-358340,Mom's Meatloaf ,"3 pounds ground beef $ 1/2 small box Saltines or similar crackers $ 2 eggs $ 1 cup milk $ 2 large green peppers, chopped $ 2 medium-sized onions, chopped $ 8 ounces button mushrooms, sliced thick $ 1 28-ounce can chopped tomatoes $ 1 32-ounce jar prepared tomato sauce $ A few teaspoons of butter or olive oil $ Salt and pepper $ ",Beef $ Mushroom $ Onion $ Pepper $ Tomato $ Sauté $ Dinner $ Casserole/Gratin $ Meat $ Winter $ Pan-Fry $ Simmer $ ,American $ ,2.5/4,3,Beef $ Mushroom $ Onion $ Pepper $ Tomato $ Sauté $ Dinner $ Casserole/Gratin $ Meat $ Winter $ Pan-Fry $ Simmer $ American $ 
https://www.epicurious.com/recipes/food/views/julias-american-style-potato-salad-358335,Julia's American-Style Potato Salad ,"2 pounds large Yukon Gold potatoes, or other waxy, boiling potatoes $ 2 tablespoons cider vinegar $ 1/3 cup chicken stock or potato-cooking water $ 2/3 cup finely chopped onion $ 1/2 cup finely chopped celery $ 3 or 4 slices crisply cooked bacon, chopped or crumbled $ 2 to 3 tablespoons finely chopped pickle, sweet or dill $ 2 hard-boiled eggs, peeled and sliced thin $ 3 tablespoons or so finely chopped fresh chives or scallions, including a bit of their tender green $ Salt and freshly ground white pepper $ 1 cup or so mayonnaise, homemade if possible $ Sour cream (optional) $ Crisp whole red-leaf or other lettuce leaves $ Canned red pimiento, diced; sliced hard-boiled eggs; tomato quarters; parsley sprigs (optional) $ ",Salad $ Egg $ Onion $ Potato $ Side $ Fourth of July $ Picnic $ Kid-Friendly $ Backyard BBQ $ Lunch $ Mayonnaise $ Vinegar $ Bacon $ Family Reunion $ Lettuce $ Sugar Conscious $ Peanut Free $ Tree Nut Free $ Soy Free $ ,American $ ,4/4,55,Salad $ Egg $ Onion $ Potato $ Side $ Fourth of July $ Picnic $ Kid-Friendly $ Backyard BBQ $ Lunch $ Mayonnaise $ Vinegar $ Bacon $ Family Reunion $ Lettuce $ Sugar Conscious $ Peanut Free $ Tree Nut Free $ Soy Free $ American $ 
https://www.epicurious.com/recipes/food/views/simple-fried-rice-358301,Simple Fried Rice ,"1 medium onion, halved from pole to pole; each half cut into 6 wedges $ 4 to 6 ounces meat of choice, cooked or raw, cut into bite-size pieces $ 4 to 6 ounces vegetable of choice, cooked or raw, cut into bite-size pieces $ 1 large garlic clove, minced $ 2 large eggs, beaten $ 4 tablespoons soy sauce $ 4 tablespoons vegetable oil $ 4 cups cooked rice $ 4 scallions, white and green parts, minced $ ",Egg $ Rice $ Side $ Fry $ ,American $ Asian $ ,3.5/4,31,Egg $ Rice $ Side $ Fry $ American $ Asian $ 
https://www.epicurious.com/recipes/food/views/mashed-potatoes-and-parsnips-358295,Mashed Potatoes and Parsnips ,"8 medium red or white new potatoes, washed and cubed. $ 4 parsnips, peeled and cubed $ 1 cup milk $ 3 tablespoons butter $ 1 tablespoon chopped parsley $ Dash cayenne pepper $ Several grindings of black pepper $ 1 teaspoon salt $ ",Potato $ Side $ Christmas $ Thanksgiving $ St. Patrick's Day $ Dinner $ Parsnip $ Parsley $ Simmer $ Boil $ Butter $ ,American $ ,3/4,2,Potato $ Side $ Christmas $ Thanksgiving $ St. Patrick's Day $ Dinner $ Parsnip $ Parsley $ Simmer $ Boil $ Butter $ American $ 
https://www.epicurious.com/recipes/food/views/sauteed-halibut-with-arugula-roasted-beets-and-horseradish-creme-fraiche-358351,"Sautéed Halibut with Arugula, Roasted Beets, and Horseradish Crème Fraîche ","6 halibut fillets, 5 to 6 ounces each $ 1 lemon, zested $ 1 tablespoon thyme leaves $ 2 tablespoons coarsely chopped flat-leaf parsley $ 2 tablespoons extra-virgin olive oil $ 4 ounces arugula, cleaned $ Roasted beets with Horseradish Crème Fraîche $ 2 tablespoons super-good extra-virgin olive oil, for drizzling $ Kosher salt and freshly ground black pepper $ ",Dairy $ Fish $ Roast $ Sauté $ Dinner $ Horseradish $ Halibut $ Arugula $ Beet $ Sour Cream $ Sugar Conscious $ Pescatarian $ Paleo $ Dairy Free $ Wheat/Gluten-Free $ Peanut Free $ Tree Nut Free $ Soy Free $ No Sugar Added $ Kosher $ ,American $ Californian $ ,4/4,10,Dairy $ Fish $ Roast $ Sauté $ Dinner $ Horseradish $ Halibut $ Arugula $ Beet $ Sour Cream $ Sugar Conscious $ Pescatarian $ Paleo $ Dairy Free $ Wheat/Gluten-Free $ Peanut Free $ Tree Nut Free $ Soy Free $ No Sugar Added $ Kosher $ American $ Californian $ 
https://www.epicurious.com/recipes/food/views/vanilla-sauce-358370,Vanilla Sauce ,1 cup whole milk $ 4 egg yolks $ 1/3 cup (2 1/4 ounces) granulated sugar $ 1/8 teaspoon fine sea salt $ 1 teaspoon pure vanilla extract $ 2 to 4 tablespoons liquor (optional) $ ,Sauce $ Egg $ Dessert $ Quick & Easy $ Vanilla $ Kidney Friendly $ Vegetarian $ Pescatarian $ Wheat/Gluten-Free $ Peanut Free $ Tree Nut Free $ Soy Free $ Kosher $ ,American $ ,3.5/4,6,Sauce $ Egg $ Dessert $ Quick & Easy $ Vanilla $ Kidney Friendly $ Vegetarian $ Pescatarian $ Wheat/Gluten-Free $ Peanut Free $ Tree Nut Free $ Soy Free $ Kosher $ American $ 
https://www.epicurious.com/recipes/food/views/banana-cupcakes-with-peanut-butter-frosting-358240,Banana Cupcakes with Peanut Butter Frosting ,"1 1/4 cups all purpose flour $ 1 1/2 teaspoons baking powder $ 1/2 teaspoon baking soda $ 1/4 teaspoon salt $ 2 very ripe large bananas, peeled $ 1/2 cup sour cream $ 1 1/2 teaspoons vanilla extract $ 3/4 cup sugar $ 1/2 cup (1 stick) unsalted butter, room temperature $ 1 large egg $ 1 large egg yolk $ 1 1/2 cups powdered sugar $ 1 8-ounce package cream cheese, room temperature $ 1/2 cup (1 stick) unsalted butter, room temperature $ 1/2 cup smooth peanut butter (do not use old-fashioned or freshly ground) $ Chopped lightly salted roasted peanuts (optional) $ ",Cake $ Mixer $ Egg $ Breakfast $ Dessert $ Bake $ Kid-Friendly $ Cream Cheese $ Banana $ Peanut $ Birthday $ Party $ Sour Cream $ Peanut Butter $ Bon Appétit $ Kidney Friendly $ Vegetarian $ Pescatarian $ Tree Nut Free $ Soy Free $ Kosher $ ,American $ ,3.5/4,79,Cake $ Mixer $ Egg $ Breakfast $ Dessert $ Bake $ Kid-Friendly $ Cream Cheese $ Banana $ Peanut $ Birthday $ Party $ Sour Cream $ Peanut Butter $ Bon Appétit $ Kidney Friendly $ Vegetarian $ Pescatarian $ Tree Nut Free $ Soy Free $ Kosher $ American $ 
https://www.epicurious.com/recipes/food/views/chocolate-mayonnaise-cake-358241,Chocolate Mayonnaise Cake ,"2 ounces bittersweet chocolate (do not exceed 61% cacao), chopped $ 2/3 cup unsweetened cocoa powder $ 1 3/4 cups boiling water $ 2 3/4 cups all purpose flour $ 1 1/4 teaspoons baking soda $ 1/4 teaspoon baking powder $ 1 cup sugar $ 1 cup (packed) dark brown sugar $ 1 1/3 cups mayonnaise (do not use reduced-fat or fat-free) $ 2 large eggs $ 1 teaspoon vanilla extract $ 10 ounces bittersweet chocolate (do not exceed 61% cacao), chopped $ 1 1/2 cups (3 sticks) unsalted butter, room temperature $ 3 cups powdered sugar $ 1 tablespoon vanilla extract $ Three 8-inch-diameter cake pans with 1 1/2-inch-high sides $ ",Cake $ Mixer $ Chocolate $ Egg $ Dessert $ Valentine's Day $ Kid-Friendly $ High Fiber $ Mayonnaise $ Birthday $ Family Reunion $ Shower $ Engagement Party $ Potluck $ Bon Appétit $ Vegetarian $ Pescatarian $ Peanut Free $ Tree Nut Free $ Soy Free $ Kosher $ ,American $ ,3.5/4,60,Cake $ Mixer $ Chocolate $ Egg $ Dessert $ Valentine's Day $ Kid-Friendly $ High Fiber $ Mayonnaise $ Birthday $ Family Reunion $ Shower $ Engagement Party $ Potluck $ Bon Appétit $ Vegetarian $ Pescatarian $ Peanut Free $ Tree Nut Free $ Soy Free $ Kosher $ American $ 
https://www.epicurious.com/recipes/food/views/new-york-style-crumb-cake-358217,New York-Style Crumb Cake ,"1 cup (packed) dark brown sugar $ 1/2 cup sugar $ 1 1/2 tablespoons ground cinnamon $ 1/2 teaspoon salt $ 1 cup (2 sticks) unsalted butter, melted, warm $ 2 1/2 cups all purpose flour $ 2 1/2 cups all purpose flour $ 1 teaspoon baking soda $ 3/4 teaspoon baking powder $ 1/2 teaspoon salt $ 3/4 cup (1 1/2 sticks) unsalted butter, room temperature $ 1 1/2 cups sugar $ 2 large eggs $ 1 1/3 cups sour cream $ 1 teaspoon vanilla extract $ ",Cake $ Mixer $ Breakfast $ Brunch $ Bake $ Easter $ Mother's Day $ Family Reunion $ Shower $ Cinnamon $ Sour Cream $ Butter $ Bon Appétit $ Kidney Friendly $ Vegetarian $ Pescatarian $ Peanut Free $ Tree Nut Free $ Soy Free $ Kosher $ ,American $ ,3.5/4,46,Cake $ Mixer $ Breakfast $ Brunch $ Bake $ Easter $ Mother's Day $ Family Reunion $ Shower $ Cinnamon $ Sour Cream $ Butter $ Bon Appétit $ Kidney Friendly $ Vegetarian $ Pescatarian $ Peanut Free $ Tree Nut Free $ Soy Free $ Kosher $ American $ 
https://www.epicurious.com/recipes/food/views/lime-angel-food-cake-with-lime-glaze-and-pistachios-358238,Lime Angel Food Cake with Lime Glaze and Pistachios ,"1 cup cake flour $ 1 1/2 cups superfine sugar, divided $ 1/4 teaspoon salt $ 10 large egg whites, room temperature $ 2 teaspoons finely grated lime peel $ 1 teaspoon vanilla extract $ 1 teaspoon cream of tartar $ 1/2 cup sugar $ 4 tablespoons fresh lime juice, divided $ 1/2 cup unsalted raw pistachios (about 2 ounces), finely chopped in processor $ 1/2 cup powdered sugar $ 10-inch-diameter angel food cake pan with 4-inch-high sides and removable bottom (do not use nonstick pan) $ ",Cake $ Mixer $ Egg $ Dessert $ Low Fat $ Low Cal $ Lime $ Pistachio $ Birthday $ Family Reunion $ Healthy $ Low Cholesterol $ Engagement Party $ Party $ Potluck $ Bon Appétit $ Vegetarian $ Pescatarian $ Dairy Free $ Peanut Free $ Soy Free $ Kosher $ ,American $ ,3.5/4,32,Cake $ Mixer $ Egg $ Dessert $ Low Fat $ Low Cal $ Lime $ Pistachio $ Birthday $ Family Reunion $ Healthy $ Low Cholesterol $ Engagement Party $ Party $ Potluck $ Bon Appétit $ Vegetarian $ Pescatarian $ Dairy Free $ Peanut Free $ Soy Free $ Kosher $ American $ 
https://www.epicurious.com/recipes/food/views/maple-cake-with-maple-syrup-frosting-358216,Maple Cake with Maple Syrup Frosting ,"3 cups all purpose flour $ 1 tablespoon baking powder $ 1 teaspoon salt $ 1/2 cup (1 stick) unsalted butter, room temperature $ 2 tablespoons non-hydrogenated solid vegetable shortening, room temperature $ 2 cups pure maple syrup (preferably Grade B) $ 3 large egg yolks $ 1 large egg $ 1 1/4 cups whole milk $ 1 cup walnuts, toasted, coarsely chopped $ 3 cups powdered sugar $ 1 8-ounce package cream cheese, room temperature $ 1/2 cup (1 stick) unsalted butter, room temperature $ 2 tablespoons pure maple syrup (preferably Grade B) $ Toasted walnut halves (for garnish) $ Two 8-inch-diameter cake pans with 2-inch-high sides $ ",Cake $ Milk/Cream $ Mixer $ Egg $ Dessert $ Bake $ Easter $ Fourth of July $ Mother's Day $ Walnut $ Birthday $ Maple Syrup $ Bon Appétit $ Vegetarian $ Pescatarian $ Peanut Free $ Soy Free $ Kosher $ ,American $ ,3.5/4,18,Cake $ Milk/Cream $ Mixer $ Egg $ Dessert $ Bake $ Easter $ Fourth of July $ Mother's Day $ Walnut $ Birthday $ Maple Syrup $ Bon Appétit $ Vegetarian $ Pescatarian $ Peanut Free $ Soy Free $ Kosher $ American $ 
https://www.epicurious.com/recipes/food/views/basic-creole-spices-356852,Basic Creole Spices ,2 tablespoons celery salt $ 1 tablespoon sweet paprika $ 1 tablespoon coarse sea salt $ 1 tablespoon freshly ground black pepper $ 1 tablespoon garlic powder $ 1 tablespoon onion powder $ 2 teaspoons cayenne pepper $ 1/2 teaspoon ground allspice $ ,,American $ Cajun/Creole $ Southern $ ,4/4,1,American $ Cajun/Creole $ Southern $ 
https://www.epicurious.com/recipes/food/views/grandmother-walterss-biscuits-356831,Grandmother Walters's Biscuits ,"2 cups all-purpose flour, plus more for dusting $ 2 tablespoons baking powder $ 2 teaspoons sugar $ 1 teaspoon salt $ 5 tablespoons cold butter, preferably European style, diced $ 1 cup whole milk $ ",Bread $ Milk/Cream $ Breakfast $ Brunch $ Side $ Bake $ Kid-Friendly $ Mardi Gras $ Potluck $ Butter $ Sugar Conscious $ Vegetarian $ Pescatarian $ Peanut Free $ Tree Nut Free $ Soy Free $ Kosher $ ,American $ Cajun/Creole $ Southern $ ,3.5/4,13,Bread $ Milk/Cream $ Breakfast $ Brunch $ Side $ Bake $ Kid-Friendly $ Mardi Gras $ Potluck $ Butter $ Sugar Conscious $ Vegetarian $ Pescatarian $ Peanut Free $ Tree Nut Free $ Soy Free $ Kosher $ American $ Cajun/Creole $ Southern $ 
https://www.epicurious.com/recipes/food/views/new-england-clam-and-corn-chowder-with-herbs-350962,New England Clam and Corn Chowder with Herbs ,"6 thick bacon slices, cut crosswise into 1/2-inch pieces $ 1 large onion, chopped $ 2 large carrots, peeled, chopped $ 1 1/4 teaspoons dried thyme $ 3/4 teaspoon crushed dried rosemary $ 3 tablespoons all purpose flour $ 4 cups whole milk $ 1 8-ounce unpeeled white-skinned potato, cut into 1/2-inch cubes $ 3 6 1/2-ounce cans chopped clams in juice $ 1 8 3/4-ounce can corn kernels, drained $ Chopped fresh parsley $ ",Soup/Stew $ Herb $ Appetizer $ Sauté $ Quick & Easy $ High Fiber $ Dinner $ Lunch $ Bacon $ Clam $ Corn $ Winter $ Bon Appétit $ Peanut Free $ Tree Nut Free $ Soy Free $ No Sugar Added $ Diabetes-Friendly $ ,American $ ,3.5/4,6,Soup/Stew $ Herb $ Appetizer $ Sauté $ Quick & Easy $ High Fiber $ Dinner $ Lunch $ Bacon $ Clam $ Corn $ Winter $ Bon Appétit $ Peanut Free $ Tree Nut Free $ Soy Free $ No Sugar Added $ Diabetes-Friendly $ American $ 
https://www.epicurious.com/recipes/food/views/nepenthes-triple-berry-pie-356389,Nepenthe's Triple-Berry Pie ,Nepenthe Pie Dough $ 3 cups fresh strawberries $ 3 cups fresh blackberries $ 3 cups fresh raspberries $ 2 tablespoons Grand Marnier $ 1/2 cup firmly packed brown sugar $ 1/4 cup cornstarch $ 1 1/2 teaspoons cinnamon $ 2/3 cup flour $ 2/3 cup whole oats $ 2/3 cup firmly packed brown sugar $ 2/3 cup walnuts $ 1/2 cup (1 stick) cold butter $ ,Berry $ Fruit $ Dessert $ Bake $ Vegetarian $ Kid-Friendly $ Blackberry $ Raspberry $ Strawberry $ Summer $ Family Reunion $ Party $ Advance Prep Required $ Pescatarian $ Peanut Free $ Soy Free $ Kosher $ ,American $ Californian $ ,3.5/4,4,Berry $ Fruit $ Dessert $ Bake $ Vegetarian $ Kid-Friendly $ Blackberry $ Raspberry $ Strawberry $ Summer $ Family Reunion $ Party $ Advance Prep Required $ Pescatarian $ Peanut Free $ Soy Free $ Kosher $ American $ Californian $ 
https://www.epicurious.com/recipes/food/views/leek-bread-pudding-356429,Leek Bread Pudding ,2 cups 1/2-inch-thick slices leeks (white and light green parts only) $ Kosher salt $ 4 tablespoons (2 ounces) unsalted butter $ Freshly ground black pepper $ 12 cups 1-inch cubes crustless Brioche or Pullman sandwich loaf $ 1 tablespoon finely chopped chives $ 1 teaspoon thyme leaves $ 3 large eggs $ 3 cups whole milk $ 3 cups heavy cream $ Freshly grated nutmeg $ 1 cup shredded Comté or Emmentaler $ ,Cheese $ Dairy $ Vegetable $ Brunch $ Side $ Bake $ Vegetarian $ Dinner $ Lunch $ Leek $ Fall $ Winter $ Kidney Friendly $ Pescatarian $ Peanut Free $ Tree Nut Free $ Soy Free $ Kosher $ ,American $ ,3.5/4,25,Cheese $ Dairy $ Vegetable $ Brunch $ Side $ Bake $ Vegetarian $ Dinner $ Lunch $ Leek $ Fall $ Winter $ Kidney Friendly $ Pescatarian $ Peanut Free $ Tree Nut Free $ Soy Free $ Kosher $ American $ 
https://www.epicurious.com/recipes/food/views/cider-glazed-turkey-356013,Cider-Glazed Turkey ,"1 (12-to 14-pounds) turkey at room temperature 1 hour, neck and giblets (excluding liver) reserved for turkey stock $ 1 apple, cut into chunks $ 1 small onion, quartered $ 1 small bunch thyme $ 1 cup water $ 1 cup unfiltered apple cider $ 2 tablespoons sugar $ 1/2 stick unsalted butter, cut into tablespoons $ 2 cups dry white wine $ Melted unsalted butter if necessary $ 1/3 cup all-purpose flour $ About 4 cups hot turkey giblet stock $ Equipment: a 17- by 14-inch flameproof roasting pan with a flat rack; kitchen String; a 2-quart measuring cup or a fat separator $ ",Poultry $ turkey $ Roast $ Christmas $ Thanksgiving $ Dinner $ Apple $ Christmas Eve $ Gourmet $ Peanut Free $ Tree Nut Free $ Soy Free $ ,American $ ,3.5/4,17,Poultry $ turkey $ Roast $ Christmas $ Thanksgiving $ Dinner $ Apple $ Christmas Eve $ Gourmet $ Peanut Free $ Tree Nut Free $ Soy Free $ American $ 
https://www.epicurious.com/recipes/food/views/smoked-sausage-jambalaya-356042,Smoked Sausage Jambalaya ,"1 pound pork andouille sausage, sliced crosswise 1/3 inch thick $ 1 tablespoon vegetable oil $ 2 green bell peppers, finely chopped $ 2 celery ribs, finely chopped $ 1 medium onion, finely chopped $ 3 scallions, finely chopped $ 2 garlic cloves, finely chopped $ 2 1/2 cups long-grain white rice (1 pound) $ 1 (28-ounces) can diced tomatoes $ 3 1/2 cups water $ ",Onion $ Side $ Thanksgiving $ Quick & Easy $ Father's Day $ Dinner $ Meat $ Sausage $ Bell Pepper $ Gourmet $ Dairy Free $ Wheat/Gluten-Free $ Peanut Free $ Tree Nut Free $ Soy Free $ No Sugar Added $ ,American $ Cajun/Creole $ Southern $ ,3/4,18,Onion $ Side $ Thanksgiving $ Quick & Easy $ Father's Day $ Dinner $ Meat $ Sausage $ Bell Pepper $ Gourmet $ Dairy Free $ Wheat/Gluten-Free $ Peanut Free $ Tree Nut Free $ Soy Free $ No Sugar Added $ American $ Cajun/Creole $ Southern $ 
https://www.epicurious.com/recipes/food/views/golden-onion-pie-356012,Golden Onion Pie ,"1 1/2 teaspoons active dry yeast $ 1/3 cup warm whole milk (105-115°F) $ 1/4 teaspoon sugar $ 2 cups all-purpose flour $ 1/2 teaspoon salt $ 1 large egg $ 1/2 stick unsalted butter, melted and cooled $ 3 1/2 pounds onions, thinly sliced $ 1/4 pounds bacon, finely chopped $ 1/2 stick unsalted butter $ 1 cup sour cream $ 2 large egg yolks $ Equipment: a 9-inch springform pan $ Accompaniment: green salad with mustard vinaigrette $ ",Milk/Cream $ Mixer $ Egg $ Onion $ Appetizer $ Bake $ Thanksgiving $ Bacon $ Sour Cream $ Gourmet $ Peanut Free $ Tree Nut Free $ Soy Free $ ,American $ ,3.5/4,20,Milk/Cream $ Mixer $ Egg $ Onion $ Appetizer $ Bake $ Thanksgiving $ Bacon $ Sour Cream $ Gourmet $ Peanut Free $ Tree Nut Free $ Soy Free $ American $ 
https://www.epicurious.com/recipes/food/views/sauerkraut-with-apples-356038,Sauerkraut with Apples ,"1 large onion, thinly sliced $ 2 tablespoons unsalted butter $ 4 pounds sauerkraut, rinsed and drained $ 2 Gala, Fuji, or Red Delicious apples, thinly sliced $ 1 cup dry white wine $ 1 to 2 tablespoons packed dark brown sugar $ ",Side $ Christmas $ Thanksgiving $ Vegetarian $ Quick & Easy $ Dinner $ Apple $ White Wine $ Cabbage $ Christmas Eve $ Simmer $ Gourmet $ Pescatarian $ Wheat/Gluten-Free $ Peanut Free $ Tree Nut Free $ Soy Free $ Kosher $ ,American $ ,4/4,11,Side $ Christmas $ Thanksgiving $ Vegetarian $ Quick & Easy $ Dinner $ Apple $ White Wine $ Cabbage $ Christmas Eve $ Simmer $ Gourmet $ Pescatarian $ Wheat/Gluten-Free $ Peanut Free $ Tree Nut Free $ Soy Free $ Kosher $ American $ 
https://www.epicurious.com/recipes/food/views/rye-bread-stuffing-356056,Rye Bread Stuffing ,"1 (1-pound) unsliced loaf rye bread, cut into 1-inch chunks $ 1 teaspoon caraway seeds $ 1 stick unsalted butter, divided $ 3 cups chopped celery $ 2 Golden Delicious apples, peeled and chopped $ 1 medium onion, finely chopped $ 5 garlic cloves, finely chopped $ 2 cups chicken stock or reduced-sodium chicken broth $ ",Bread $ Garlic $ Side $ Sauté $ Thanksgiving $ Dinner $ Stuffing/Dressing $ Apple $ Caraway $ Gourmet $ Peanut Free $ Tree Nut Free $ Soy Free $ ,American $ ,3.5/4,6,Bread $ Garlic $ Side $ Sauté $ Thanksgiving $ Dinner $ Stuffing/Dressing $ Apple $ Caraway $ Gourmet $ Peanut Free $ Tree Nut Free $ Soy Free $ American $ 
https://www.epicurious.com/recipes/food/views/toasted-sweet-corn-pudding-356014,Toasted Sweet Corn Pudding ,"1 (7 1/2-ounces) package Cope's corn (toasted dried sweet corn) $ 4 cups whole milk $ 1 cup well-shaken buttermilk (not powdered) $ 4 large eggs, lightly beaten $ 1/2 stick unsalted butter, melted and cooled $ 2 tablespoons sugar $ 2 tablespoons all-purpose flour $ ",Milk/Cream $ Egg $ Side $ Bake $ Christmas $ Thanksgiving $ Vegetarian $ Dinner $ Corn $ Family Reunion $ Christmas Eve $ Potluck $ Buttermilk $ Gourmet $ Pescatarian $ Peanut Free $ Tree Nut Free $ Soy Free $ Kosher $ ,American $ ,3/4,16,Milk/Cream $ Egg $ Side $ Bake $ Christmas $ Thanksgiving $ Vegetarian $ Dinner $ Corn $ Family Reunion $ Christmas Eve $ Potluck $ Buttermilk $ Gourmet $ Pescatarian $ Peanut Free $ Tree Nut Free $ Soy Free $ Kosher $ American $ 
https://www.epicurious.com/recipes/food/views/angry-lobster-with-lemon-rice-and-crispy-basil-355916,Angry Lobster with Lemon Rice and Crispy Basil ,"2 cups Wondra flour $ 1/4 cup chili powder $ 2 tablespoons cayenne pepper $ 2 tablespoons coarse salt plus more to taste $ 3 2-pound live lobsters $ 1 cup peanut oil $ 8 cloves garlic, minced $ 1 tablespoon hot red pepper flakes $ 1 cup lobster or chicken stock $ 2 tablespoons unsalted butter $ 1 tablespoon fresh lemon juice $ 1/2 loosely packed cup fresh basil leaves $ 1/2 cup julienned Oven-Dried Tomatoes $ Freshly ground black pepper $ Lemon Rice (recipe follows) $ Fried Basil (recipe follows) $ 1 1/2 tablespoons olive oil plus 2 optional tablespoons $ 1/2 cup finely diced onions $ 1 clove garlic, minced $ 3 cups converted rice $ 4 cups chicken stock or water $ 1 cup fresh lemon juice $ 1 1/2 teaspoons coarse salt plus more to taste $ 1/4 teaspoon freshly ground black pepper plus more to taste $ 1 large zucchini, trimmed, seeded, and diced, optional $ 4 cups vegetable oil $ 1 large bunch fresh basil, leaves only, well washed and dried $ ",Rice $ Bake $ Fry $ Dinner $ Lemon $ Basil $ Lobster $ Candy Thermometer $ Tree Nut Free $ Soy Free $ No Sugar Added $ ,American $ ,3.5/4,5,Rice $ Bake $ Fry $ Dinner $ Lemon $ Basil $ Lobster $ Candy Thermometer $ Tree Nut Free $ Soy Free $ No Sugar Added $ American $ 
https://www.epicurious.com/recipes/food/views/not-so-basic-meatloaf-355903,Not-So-Basic Meatloaf ,"5 strips lean bacon, finely chopped $ 6 cloves garlic, minced $ 2 medium onions, finely chopped $ 1 medium carrot, finely chopped $ 2 pounds very lean ground beef sirloin $ 2 large eggs $ 1/2 cup milk $ 1 cup finely ground fresh bread crumbs $ 1/4 cup Dijon mustard $ 1/4 cup barbecue sauce $ 1 tablespoon bottled horseradish, well drained $ 1/2 cup finely chopped fresh flat-leaf parsley $ 2 tablespoons coarse salt $ 1 tablespoon freshly ground black pepper $ 1 teaspoon finely minced fresh thyme (or 1/4 teaspoon dried thyme) $ 2 to 3 cups croutons $ 10 whole, unpeeled, garlic cloves $ 4 bay leaves $ 1 sprig fresh thyme $ ",Beef $ Garlic $ Mustard $ Onion $ Pepper $ Bake $ Horseradish $ Ground Beef $ Bacon $ Thyme $ Parsley $ ,American $ ,3/4,26,Beef $ Garlic $ Mustard $ Onion $ Pepper $ Bake $ Horseradish $ Ground Beef $ Bacon $ Thyme $ Parsley $ American $ 
https://www.epicurious.com/recipes/food/views/napa-valley-basil-smoked-burgers-355970,Napa Valley Basil-Smoked Burgers ,"2 pounds ground sirloin $ 1/4 cup Zinfandel $ 1/4 cup lightly packed minced fresh basil $ 1/4 cup minced red onion $ 1/4 cup fresh Italian bread crumbs $ 8 sun-dried tomatoes packed in olive oil, finely chopped $ 2 teaspoons garlic salt $ Vegetable oil, for brushing on the grill rack $ 8 large basil sprigs, moistened with water, for grilling $ 6 large seeded sandwich rolls, split $ 6 slices Monterey Jack cheese $ 6 red leaf lettuce leaves $ 6 (1/4-inch-thick) large tomato slices $ 6 paper-thin red onion slices, separated into rings $ 6 basil sprigs, for serving $ 2/3 cup mayonnaise $ 2 tablespoons prepared basil pesto $ ",Sandwich $ Beef $ Cheese $ Tomato $ Fourth of July $ Father's Day $ Backyard BBQ $ Dinner $ Lunch $ Mayonnaise $ Basil $ Meat $ Ground Beef $ Grill $ Grill/Barbecue $ Peanut Free $ Soy Free $ Diabetes-Friendly $ ,American $ Californian $ ,4/4,9,Sandwich $ Beef $ Cheese $ Tomato $ Fourth of July $ Father's Day $ Backyard BBQ $ Dinner $ Lunch $ Mayonnaise $ Basil $ Meat $ Ground Beef $ Grill $ Grill/Barbecue $ Peanut Free $ Soy Free $ Diabetes-Friendly $ American $ Californian $ 
https://www.epicurious.com/recipes/food/views/blisters-on-my-sisters-355904,Blisters on My Sisters ,"6 corn tortillas, warmed $ 2 cups cooked white rice $ 1 cup Cuban Black Bean Soup, or canned black bean soup or black beans, drained $ 2 roma tomatoes (fresh or from a can of San Marzano tomatoes), chopped $ Minced jalapeño or chipotle peppers $ 2 extra-large eggs $ 2 big handfuls of arugula $ ",Bean $ Egg $ Rice $ Tomato $ Breakfast $ Brunch $ Side $ Quick & Easy $ Dinner $ Lunch $ Corn $ Arugula $ Hot Pepper $ Jalapeño $ Tortillas $ ,American $ Latin American $ Tex-Mex $ ,0/4,3,Bean $ Egg $ Rice $ Tomato $ Breakfast $ Brunch $ Side $ Quick & Easy $ Dinner $ Lunch $ Corn $ Arugula $ Hot Pepper $ Jalapeño $ Tortillas $ American $ Latin American $ Tex-Mex $ 
https://www.epicurious.com/recipes/food/views/peppered-lamb-burgers-with-hot-tomato-jam-355971,"Peppered Lamb Burgers with ""Hot Tomato"" Jam ","4 cups ripe tomatoes, peeled, cored, and roughly chopped (for best results, use a variety of tomatoes) $ 1/3 cup sugar $ 3 tablespoons finely minced fresh ginger $ 2 tablespoons unseasoned rice vinegar $ 1 teaspoon hot pepper sauce $ 3 tablespoons fresh basil, cut into chiffonade $ Salt $ 1 1/3 pounds freshly ground lamb $ 2 tablespoons five-peppercorn blend, cracked or very coarsely ground $ 1 garlic clove, finely minced $ 2 tablespoons sesame oil $ 1/4 cup Merlot $ Salt $ Olive oil, for brushing on the grill rack $ 4 hamburger buns, split $ 4 red leaf lettuce leaves $ ",Sandwich $ Wine $ Lamb $ Tomato $ Fourth of July $ Father's Day $ Backyard BBQ $ Dinner $ Lunch $ Basil $ Meat $ Red Wine $ Family Reunion $ Grill $ Grill/Barbecue $ Party $ Sesame Oil $ Dairy Free $ Peanut Free $ Tree Nut Free $ Soy Free $ Kosher $ Diabetes-Friendly $ ,American $ Californian $ ,4/4,5,Sandwich $ Wine $ Lamb $ Tomato $ Fourth of July $ Father's Day $ Backyard BBQ $ Dinner $ Lunch $ Basil $ Meat $ Red Wine $ Family Reunion $ Grill $ Grill/Barbecue $ Party $ Sesame Oil $ Dairy Free $ Peanut Free $ Tree Nut Free $ Soy Free $ Kosher $ Diabetes-Friendly $ American $ Californian $ 
https://www.epicurious.com/recipes/food/views/cream-of-tomato-soup-with-souffleed-cheese-toasts-355878,Cream of Tomato Soup with Souffléed Cheese Toasts ,"2 1/2 tablespoons butter $ 1 small onion, chopped $ 1 celery rib, chopped $ 1 1/2 teaspoons dried basil, crumbled between your fingers $ Pinch of ground cloves $ 2 tablespoons flour $ Two 15-ounce cans diced tomatoes in puree or juice $ Pinch of baking soda $ 2 1/2 cups vegetable stock or water $ 1 1/2 cups milk $ Sea salt and freshly ground pepper $ Tomato paste if needed $ 1 egg, separated, or 1 egg white only $ 1 teaspoon Dijon mustard $ Pinch of cayenne $ 1 cup grated sharp Cheddar cheese $ 1 teaspoon minced scallion or shallot $ 4 slices sandwich bread, lightly toasted $ ",Soup/Stew $ Blender $ Cheese $ Dairy $ Egg $ Mustard $ Onion $ Tomato $ Vegetable $ Vegetarian $ Cheddar $ Basil $ Celery $ Fall $ Winter $ Shallot $ Simmer $ ,American $ ,3/4,14,Soup/Stew $ Blender $ Cheese $ Dairy $ Egg $ Mustard $ Onion $ Tomato $ Vegetable $ Vegetarian $ Cheddar $ Basil $ Celery $ Fall $ Winter $ Shallot $ Simmer $ American $ 
https://www.epicurious.com/recipes/food/views/homemade-ranch-dressing-355909,Homemade Ranch Dressing ,1/2 cup mayonnaise $ 1 cup sour cream (or substitute plain yogurt) $ 3/4 cup buttermilk $ 3 tablespoons minced red bell pepper $ 2 tablespoons minced onion $ 2 tablespoons minced fresh cilantro $ 1 tablespoon minced garlic $ 1/2 teaspoon freshly ground black pepper $ 1/2 teaspoon salt $ ,Condiment/Spread $ Sauce $ Garlic $ Onion $ Pepper $ Quick & Easy $ Yogurt $ Salad Dressing $ Mayonnaise $ Bell Pepper $ Sour Cream $ Cilantro $ Buttermilk $ ,American $ Southwestern $ ,3.5/4,5,Condiment/Spread $ Sauce $ Garlic $ Onion $ Pepper $ Quick & Easy $ Yogurt $ Salad Dressing $ Mayonnaise $ Bell Pepper $ Sour Cream $ Cilantro $ Buttermilk $ American $ Southwestern $ 
https://www.epicurious.com/recipes/food/views/pumpkin-pie-with-brown-sugar-walnut-topping-355849,Pumpkin Pie with Brown Sugar-Walnut Topping ,1/2 cup walnut pieces $ 1/4 cup (packed) golden brown sugar $ 1/2 teaspoon ground cinnamon $ Pinch of fine sea salt $ 1 12-inch round Pie Crust $ 1 cup (packed) golden brown sugar $ 2 large eggs $ 1/2 teaspoon fine sea salt $ 1/2 teaspoon ground cinnamon $ 1/2 teaspoon ground ginger $ 1/4 teaspoon ground cloves $ 1 cup canned pure pumpkin $ 1 cup heavy whipping cream $ ,Ginger $ Dessert $ Christmas $ Thanksgiving $ High Fiber $ Walnut $ Pumpkin $ Fall $ Family Reunion $ Cinnamon $ Clove $ Christmas Eve $ Bon Appétit $ Kidney Friendly $ Vegetarian $ Pescatarian $ Wheat/Gluten-Free $ Peanut Free $ Soy Free $ Kosher $ ,American $ ,3.5/4,60,Ginger $ Dessert $ Christmas $ Thanksgiving $ High Fiber $ Walnut $ Pumpkin $ Fall $ Family Reunion $ Cinnamon $ Clove $ Christmas Eve $ Bon Appétit $ Kidney Friendly $ Vegetarian $ Pescatarian $ Wheat/Gluten-Free $ Peanut Free $ Soy Free $ Kosher $ American $ 
https://www.epicurious.com/recipes/food/views/cornbread-stuffing-with-andouille-fennel-and-bell-peppers-355797,"Cornbread Stuffing with Andouille, Fennel, and Bell Peppers ","1 1/2 pounds purchased cornbread, cut into 1-inch cubes $ 5 tablespoons butter, divided $ 12 ounces fully cooked andouille sausages (about 4), halved lengthwise, then cut crosswise into 1/2-inch-wide pieces $ 1 medium fennel bulb, trimmed, cutinto 1/2-inch cubes $ 1 medium onion, cut into 1/2-inch pieces $ 1 medium red bell pepper, cut into 1/2-inch pieces $ 2 tablespoons chopped fresh thyme $ 1/4 teaspoon coarse kosher salt plus additional for sprinkling $ 1/8 teaspoon freshly ground black pepper plus additional for sprinkling $ 2 cups low-salt chicken broth $ 1 large egg $ ",Bread $ Side $ Bake $ Sauté $ Thanksgiving $ Stuffing/Dressing $ Sausage $ Fennel $ Bell Pepper $ Family Reunion $ Potluck $ Butter $ Bon Appétit $ ,American $ ,3.5/4,10,Bread $ Side $ Bake $ Sauté $ Thanksgiving $ Stuffing/Dressing $ Sausage $ Fennel $ Bell Pepper $ Family Reunion $ Potluck $ Butter $ Bon Appétit $ American $ 
https://www.epicurious.com/recipes/food/views/real-creamed-corn-pudding-355802,Real Creamed Corn Pudding ,"10 to 12 large ears of corn, shucked $ 4 tablespoons (1/2 stick) butter, divided $ 2 cups chopped onions $ 1 cup chopped celery $ 2 1/2 teaspoons coarse kosher salt, divided $ 4 large eggs, separated $ 1/2 cup crème fraîche or sour cream $ 1/8 teaspoon freshly ground black pepper $ ",Milk/Cream $ Side $ Thanksgiving $ Vegetarian $ Low Cal $ High Fiber $ Dinner $ Celery $ Corn $ Fall $ Family Reunion $ Potluck $ Bon Appétit $ Pescatarian $ Wheat/Gluten-Free $ Peanut Free $ Tree Nut Free $ Soy Free $ No Sugar Added $ Kosher $ ,American $ ,3/4,19,Milk/Cream $ Side $ Thanksgiving $ Vegetarian $ Low Cal $ High Fiber $ Dinner $ Celery $ Corn $ Fall $ Family Reunion $ Potluck $ Bon Appétit $ Pescatarian $ Wheat/Gluten-Free $ Peanut Free $ Tree Nut Free $ Soy Free $ No Sugar Added $ Kosher $ American $ 
https://www.epicurious.com/recipes/food/views/mashed-potatoes-with-ranch-dressing-355758,Mashed Potatoes with Ranch Dressing ,"1/2 cup buttermilk $ 1/2 cup mayonnaise $ 3 tablespoons finely chopped fresh chives $ 3 tablespoons finely chopped fresh Italian parsley $ 1/2 teaspoon garlic salt $ 1/2 teaspoon onion powder $ 1/4 teaspoon freshly ground black pepper $ 5 3/4 to 6 pounds russet potatoes, peeled, cut into 11/2-inch chunks $ 1 tablespoon (or more) coarse kosher salt $ 3/4 cup heavy whipping cream $ 1/2 cup whole milk $ 1/4 cup (1/2 stick) butter $ Potato ricer $ ",Milk/Cream $ Potato $ Side $ Thanksgiving $ Vegetarian $ High Fiber $ Mayonnaise $ Butter $ Buttermilk $ Bon Appétit $ Sugar Conscious $ Pescatarian $ Wheat/Gluten-Free $ Peanut Free $ Tree Nut Free $ Soy Free $ Kosher $ ,American $ ,3.5/4,9,Milk/Cream $ Potato $ Side $ Thanksgiving $ Vegetarian $ High Fiber $ Mayonnaise $ Butter $ Buttermilk $ Bon Appétit $ Sugar Conscious $ Pescatarian $ Wheat/Gluten-Free $ Peanut Free $ Tree Nut Free $ Soy Free $ Kosher $ American $ 
https://www.epicurious.com/recipes/food/views/sourdough-stuffing-with-sausage-apples-and-golden-raisins-355795,"Sourdough Stuffing with Sausage, Apples, and Golden Raisins ","1 1 1/2-pound loaf sourdough bread, crusts removed, bread cut into 1/2-inch cubes (about 13 cups) $ 2 pounds bulk pork breakfast sausage $ 2 large onions, chopped (about 4 generous cups) $ 2 cups chopped celery (about 5 stalks) $ 4 tablespoons (1/2 stick) butter, divided $ 6 cups 1/2-inch cubes peeled Granny Smith apples (about 28 ounces) $ 3/4 cup golden raisins (about 4 ounces) $ 2 tablespoons chopped fresh sage $ 2 1/2 cups low-salt chicken broth $ 3 large eggs $ ",Side $ Bake $ Sauté $ Thanksgiving $ High Fiber $ Dinner $ Stuffing/Dressing $ Raisin $ Apple $ Sausage $ Family Reunion $ Potluck $ Bon Appétit $ Peanut Free $ Tree Nut Free $ Soy Free $ ,American $ ,3.5/4,25,Side $ Bake $ Sauté $ Thanksgiving $ High Fiber $ Dinner $ Stuffing/Dressing $ Raisin $ Apple $ Sausage $ Family Reunion $ Potluck $ Bon Appétit $ Peanut Free $ Tree Nut Free $ Soy Free $ American $ 
https://www.epicurious.com/recipes/food/views/rustic-bread-stuffing-with-red-mustard-greens-currants-and-pine-nuts-355796,"Rustic Bread Stuffing with Red Mustard Greens, Currants, and Pine Nuts ","1 1-pound loaf pain rustique or other rustic country-style bread $ 2 tablespoons extra-virgin olive oil $ 2 garlic cloves; 1 pressed, 1 minced $ 4 tablespoons (1/2 stick) butter, divided $ 1/3 cup pine nuts $ 2 cups chopped onions $ 6 cups coarsely chopped stemmed red mustard greens $ 1 tablespoon chopped fresh thyme $ 2 cups turkey stock or low-salt chicken broth $ 1/3 cup dried currants $ 1/2 teaspoon finely grated lemon peel $ ",Garlic $ Leafy Green $ Onion $ Side $ Bake $ Thanksgiving $ High Fiber $ Stuffing/Dressing $ Currant $ Pine Nut $ Bon Appétit $ Peanut Free $ Soy Free $ ,American $ ,4/4,3,Garlic $ Leafy Green $ Onion $ Side $ Bake $ Thanksgiving $ High Fiber $ Stuffing/Dressing $ Currant $ Pine Nut $ Bon Appétit $ Peanut Free $ Soy Free $ American $ 
https://www.epicurious.com/recipes/food/views/sweet-potato-stuffing-with-bacon-and-thyme-355798,Sweet Potato Stuffing with Bacon and Thyme ,"10 cups 1-inch cubes sourdough baguette with crust (from about 1 1/2 one-pound baguettes) $ 1 pound thick-cut bacon slices, cut into 1/2-inch pieces $ 2 tablespoons (1/4 stick) butter $ 6 1/2 cups 3/4-inch cubes peeled redskinned sweet potatoes (yams; about 2 3/4 pounds) $ 4 cups 1/2-inch onion pieces (from about 2 large onions) $ 3 cups 1/2- to 3/4-inch celery pieces $ 1 1/2 tablespoons chopped fresh thyme $ 1 1/4 teaspoons (or more) coarse kosher salt $ 1 1/3 cups fresh orange juice $ 3 large eggs $ 1 1/3 cups low-salt chicken broth $ ",Onion $ Side $ Thanksgiving $ High Fiber $ Dinner $ Stuffing/Dressing $ Bacon $ Sweet Potato/Yam $ Family Reunion $ Thyme $ Potluck $ Orange Juice $ Bon Appétit $ Peanut Free $ Tree Nut Free $ Soy Free $ ,American $ ,3.5/4,8,Onion $ Side $ Thanksgiving $ High Fiber $ Dinner $ Stuffing/Dressing $ Bacon $ Sweet Potato/Yam $ Family Reunion $ Thyme $ Potluck $ Orange Juice $ Bon Appétit $ Peanut Free $ Tree Nut Free $ Soy Free $ American $ 
https://www.epicurious.com/recipes/food/views/confetti-corn-bread-crusted-shrimp-in-creole-filling-355390,Confetti Corn BreadCrusted Shrimp in Creole Filling ,"4 tablespoons unsalted butter $ 1 medium onion, chopped $ 2 stalks celery, thinly sliced $ 1/2 green bell pepper, chopped $ 2 cloves garlic, minced $ 1 tablespoon Creole seasoning $ 2 tablespoons flour $ One 14-ounce can diced tomatoes $ 1/2 cup tomato sauce $ 1 cup chicken broth $ 1 bay leaf $ 8 ounces bay shrimp $ 1/2 cup (1 stick) unsalted butter at room temperature $ 2 teaspoons granulated sugar $ 2 eggs at room temperature $ 1/4 cup peeled and diced mild green chiles, fresh or canned (drained) $ 1/2 cup corn kernels $ 1/2 cup canned cream-style corn $ 2 tablespoons finely chopped red bell pepper $ 2 tablespoons finely chopped green bell pepper $ 1/2 cup all-purpose flour $ 1/2 cup yellow cornmeal $ 1 tablespoon baking powder $ 1/2 teaspoon salt $ ",Bread $ Shellfish $ Vegetable $ Appetizer $ Side $ Bake $ Dinner $ Lunch $ Seafood $ Shrimp $ Fall $ Tailgating $ Potluck $ Chile Pepper $ Peanut Free $ Tree Nut Free $ Soy Free $ ,American $ Cajun/Creole $ Southern $ ,3.5/4,39,Bread $ Shellfish $ Vegetable $ Appetizer $ Side $ Bake $ Dinner $ Lunch $ Seafood $ Shrimp $ Fall $ Tailgating $ Potluck $ Chile Pepper $ Peanut Free $ Tree Nut Free $ Soy Free $ American $ Cajun/Creole $ Southern $ 
https://www.epicurious.com/recipes/food/views/true-texas-chili-355049,True Texas Chili ,"2 ounces dried, whole New Mexico (California), guajillo, or pasilla chiles, or a combination (6 to 8 chiles) $ 1 1/2 teaspoons ground cumin seed $ 1/2 teaspoon freshly ground black pepper $ Kosher salt $ 5 tablespoons lard, vegetable oil, or rendered beef suet $ 2 1/2 pounds boneless beef chuck, well trimmed and cut into 3/4-inch cubes (to yield 2 pounds after trimming) $ 1/3 cup finely chopped onion $ 3 large cloves garlic, minced $ 2 cups beef stock , or canned low-sodium beef broth, plus more as needed $ 2 1/4 cups water, plus more as needed $ 2 tablespoons masa harina (corn tortilla flour) $ 1 tablespoon firmly packed dark brown sugar, plus more as needed $ 1 1/2 tablespoons distilled white vinegar, plus more as needed $ Sour cream $ Lime wedges $ ",Beef $ Pepper $ Vegetable $ Sauté $ Super Bowl $ Dinner $ Meat $ Ground Beef $ Fall $ Winter $ Tailgating $ Family Reunion $ Poker/Game Night $ Chile Pepper $ Wheat/Gluten-Free $ Peanut Free $ Tree Nut Free $ Soy Free $ ,American $ Southwestern $ Tex-Mex $ ,4/4,72,Beef $ Pepper $ Vegetable $ Sauté $ Super Bowl $ Dinner $ Meat $ Ground Beef $ Fall $ Winter $ Tailgating $ Family Reunion $ Poker/Game Night $ Chile Pepper $ Wheat/Gluten-Free $ Peanut Free $ Tree Nut Free $ Soy Free $ American $ Southwestern $ Tex-Mex $ 
https://www.epicurious.com/recipes/food/views/horseradish-cheese-grits-with-confetti-of-roasted-poblano-peppers-and-red-onions-354949,Horseradish Cheese Grits with Confetti of Roasted Poblano Peppers and Red Onions ,"3 cups whole milk $ 3/4 teaspoon salt $ 1/4 teaspoon ground pepper $ 3/4 cup stone-ground grits (yellow, white, or a blend) $ 2 poblano peppers $ 1 tablespoon olive oil $ 1/2 large red onion, thinly sliced $ Salt and freshly ground pepper $ 3/4 cup grated aged white cheddar cheese $ 2 tablespoons prepared horseradish $ ",Onion $ Vegetable $ Side $ Vegetarian $ Dinner $ Hominy/Cornmeal/Masa $ Poblano $ Pescatarian $ Wheat/Gluten-Free $ Peanut Free $ Tree Nut Free $ Soy Free $ Kosher $ ,American $ Southern $ ,3.5/4,9,Onion $ Vegetable $ Side $ Vegetarian $ Dinner $ Hominy/Cornmeal/Masa $ Poblano $ Pescatarian $ Wheat/Gluten-Free $ Peanut Free $ Tree Nut Free $ Soy Free $ Kosher $ American $ Southern $ 
https://www.epicurious.com/recipes/food/views/vidalia-onion-tart-with-bacon-local-honey-and-fresh-thyme-354950,"Vidalia Onion Tart with Bacon, Local Honey, and Fresh Thyme ","3 cups all-purpose flour $ 1 cup cold, unsweetened butter, cut into 1-inch cubes $ 1 teaspoon salt $ 4 to 6 tablespoons ice water $ 4 slices bacon $ 5 large Vidalia onions, peeled, halved, and thinly sliced $ Salt and freshly ground pepper $ 2 tablespoons coarsely chopped fresh thyme leaves $ 1/4 cup dry white wine $ 3 tablespoons local honey $ 1 egg, beaten $ 2 tablespoons whole cream $ 1 (12-inch) tart pan or 2 (9-inch) tart pans $ ",Food Processor $ Onion $ Vegetable $ Brunch $ Bake $ Dinner $ Condiment $ Meat $ Bacon $ Honey $ Thyme $ Peanut Free $ Tree Nut Free $ Soy Free $ ,American $ Southern $ ,3.5/4,10,Food Processor $ Onion $ Vegetable $ Brunch $ Bake $ Dinner $ Condiment $ Meat $ Bacon $ Honey $ Thyme $ Peanut Free $ Tree Nut Free $ Soy Free $ American $ Southern $ 
https://www.epicurious.com/recipes/food/views/saffron-corn-mashed-potatoes-236531,Saffron-Corn Mashed Potatoes ,Perfect Mashed Potatoes $ 2 tablespoons olive oil $ 3/4 cup chopped onion $ 1 cup fresh corn kernels (cut from 1 ear of corn) $ 4 minced garlic cloves $ 1/2 cup milk $ 1/8 teaspoon saffron threads $ Salt $ ,Garlic $ Onion $ Potato $ Side $ Sauté $ Thanksgiving $ Vegetarian $ Quick & Easy $ Saffron $ Corn $ Fall $ Simmer $ Bon Appétit $ Sugar Conscious $ Kidney Friendly $ Pescatarian $ Wheat/Gluten-Free $ Peanut Free $ Tree Nut Free $ Soy Free $ No Sugar Added $ Kosher $ ,American $ ,3/4,1,Garlic $ Onion $ Potato $ Side $ Sauté $ Thanksgiving $ Vegetarian $ Quick & Easy $ Saffron $ Corn $ Fall $ Simmer $ Bon Appétit $ Sugar Conscious $ Kidney Friendly $ Pescatarian $ Wheat/Gluten-Free $ Peanut Free $ Tree Nut Free $ Soy Free $ No Sugar Added $ Kosher $ American $ 
https://www.epicurious.com/recipes/food/views/fresh-mint-tea-juleps-354229,Fresh Mint Tea Juleps ,2 quarts water $ 4 quarts mint sprigs (6 ounces) $ 1/2 cup sugar $ 8 ounces (1 cup) bourbon $ Garnish: mint sprigs $ ,Bourbon $ Alcoholic $ Kentucky Derby $ Backyard BBQ $ Cocktail $ Mint $ Summer $ Engagement Party $ Party $ Boil $ Gourmet $ Drink $ ,American $ ,4/4,3,Bourbon $ Alcoholic $ Kentucky Derby $ Backyard BBQ $ Cocktail $ Mint $ Summer $ Engagement Party $ Party $ Boil $ Gourmet $ Drink $ American $ 
https://www.epicurious.com/recipes/food/views/sticky-balsamic-ribs-354213,Sticky Balsamic Ribs ,"8 large garlic cloves $ 2 tablespoons finely chopped rosemary $ 2 tablespoons packed dark brown sugar $ 2 tablespoons balsamic vinegar $ 1 teaspoon cayenne $ 8 pounds baby back pork ribs (8 racks; see cooks' note, below) $ 1 cup water $ 2 cups hot water $ 1 cup balsamic vinegar $ 1/2 cup packed dark brown sugar $ Equipment: 2 large roasting pans $ ",Kid-Friendly $ Backyard BBQ $ Dinner $ Lunch $ Vinegar $ Pork Rib $ Summer $ Grill $ Grill/Barbecue $ Gourmet $ Dairy Free $ Wheat/Gluten-Free $ Peanut Free $ Tree Nut Free $ Soy Free $ ,American $ ,3.5/4,78,Kid-Friendly $ Backyard BBQ $ Dinner $ Lunch $ Vinegar $ Pork Rib $ Summer $ Grill $ Grill/Barbecue $ Gourmet $ Dairy Free $ Wheat/Gluten-Free $ Peanut Free $ Tree Nut Free $ Soy Free $ American $ 
https://www.epicurious.com/recipes/food/views/honey-caramel-peach-pie-354193,Honey Caramel Peach Pie ,"3 pounds ripe peaches $ 2 tablespoons cornstarch $ 1 1/2 tablespoons all-purpose flour $ 2 teaspoons fresh lemon juice $ 1/2 teaspoon cinnamon $ 1/4 teaspoon salt $ 1/2 cup plus 1 tablespoon sugar, divided $ 1/4 cup mild honey $ 2 tablespoons water $ 3 tablespoons unsalted butter $ All-butter pastry dough $ 1 tablespoon whole milk $ ",Dessert $ Bake $ Picnic $ Kid-Friendly $ Backyard BBQ $ Peach $ Summer $ Honey $ Gourmet $ Vegetarian $ Pescatarian $ Peanut Free $ Tree Nut Free $ Soy Free $ Kosher $ ,American $ ,3/4,13,Dessert $ Bake $ Picnic $ Kid-Friendly $ Backyard BBQ $ Peach $ Summer $ Honey $ Gourmet $ Vegetarian $ Pescatarian $ Peanut Free $ Tree Nut Free $ Soy Free $ Kosher $ American $ 
https://www.epicurious.com/recipes/food/views/lemony-potato-salad-354231,Lemony Potato Salad ,3 pounds small boiling potatoes $ 1 cup chopped celery (about 4 ribs) $ 1/2 cup mayonnaise $ 1/4 cup finely chopped chives $ 1 teaspoon grated lemon zest $ 2 tablespoons fresh lemon juice $ 1 teaspoon sugar $ ,Salad $ Potato $ Side $ Fourth of July $ Picnic $ Vegetarian $ Quick & Easy $ Backyard BBQ $ Dinner $ Lunch $ Mayonnaise $ Summer $ Potluck $ Simmer $ Boil $ Lemon Juice $ Gourmet $ Sugar Conscious $ Pescatarian $ Dairy Free $ Wheat/Gluten-Free $ Peanut Free $ Tree Nut Free $ Soy Free $ Kosher $ ,American $ ,3.5/4,63,Salad $ Potato $ Side $ Fourth of July $ Picnic $ Vegetarian $ Quick & Easy $ Backyard BBQ $ Dinner $ Lunch $ Mayonnaise $ Summer $ Potluck $ Simmer $ Boil $ Lemon Juice $ Gourmet $ Sugar Conscious $ Pescatarian $ Dairy Free $ Wheat/Gluten-Free $ Peanut Free $ Tree Nut Free $ Soy Free $ Kosher $ American $ 
https://www.epicurious.com/recipes/food/views/eggplant-and-sun-dried-tomato-spread-354212,Eggplant and Sun-dried Tomato Spread ,"1 head garlic $ 6 1/2 tablespoons extra-virgin olive oil, divided $ 2 1/2 pounds eggplant $ 1/2 cup oil-packed sun-dried tomatoes (3 ounces), chopped, plus 2 tablespoons tomato oil $ 1/2 cup chopped flat-leaf parsley $ 1/2 cup chopped basil $ 1 tablespoon fresh lemon juice $ Accompaniment: toasted baguette slices $ ",Tomato $ Vegetarian $ Quick & Easy $ Dinner $ Lunch $ Eggplant $ Healthy $ Potluck $ Gourmet $ Vegan $ Pescatarian $ Dairy Free $ Wheat/Gluten-Free $ Peanut Free $ Tree Nut Free $ Soy Free $ No Sugar Added $ Kosher $ ,American $ ,3.5/4,19,Tomato $ Vegetarian $ Quick & Easy $ Dinner $ Lunch $ Eggplant $ Healthy $ Potluck $ Gourmet $ Vegan $ Pescatarian $ Dairy Free $ Wheat/Gluten-Free $ Peanut Free $ Tree Nut Free $ Soy Free $ No Sugar Added $ Kosher $ American $ 
https://www.epicurious.com/recipes/food/views/chocolate-chip-cookies-cookie-sandwiches-353949,Chocolate Chip Cookies/Cookie Sandwiches ,1 cup coconut oil $ 6 tablespoons homemade applesauce or store-bought unsweetened applesauce $ 1 teaspoon salt $ 2 tablespoons pure vanilla extract $ 1 ¼ cups evaporated cane juice $ 2 cups Bob's Red Mill gluten-free all-purpose baking flour $ ¼ cup flax meal $ 1 teaspoon baking soda $ 1 ½ teaspoons xanthan gum $ 1 cup vegan chocolate chips $ ,Cookies $ Chocolate $ Dessert $ Bake $ Vegetarian $ Wheat/Gluten-Free $ Birthday $ Vegan $ Party $ Kidney Friendly $ Pescatarian $ Peanut Free $ Tree Nut Free $ Soy Free $ Kosher $ ,American $ ,3/4,7,Cookies $ Chocolate $ Dessert $ Bake $ Vegetarian $ Wheat/Gluten-Free $ Birthday $ Vegan $ Party $ Kidney Friendly $ Pescatarian $ Peanut Free $ Tree Nut Free $ Soy Free $ Kosher $ American $ 
https://www.epicurious.com/recipes/food/views/vanilla-frosting-vanilla-sauce-353929,Vanilla Frosting/Vanilla Sauce ,1 ½ cups unsweetened soy milk $ ¾ cup dry soy milk powder $ 1 tablespoon coconut flour $ ¼ cup agave nectar $ 1 tablespoon pure vanilla extract $ 1 ½ cups coconut oil $ 2 tablespoons fresh lemon juice $ ,Sauce $ Blender $ Food Processor $ Dessert $ Vegetarian $ Birthday $ Shower $ Vegan $ Party $ Kidney Friendly $ Pescatarian $ Wheat/Gluten-Free $ Peanut Free $ No Sugar Added $ Kosher $ ,American $ ,3/4,5,Sauce $ Blender $ Food Processor $ Dessert $ Vegetarian $ Birthday $ Shower $ Vegan $ Party $ Kidney Friendly $ Pescatarian $ Wheat/Gluten-Free $ Peanut Free $ No Sugar Added $ Kosher $ American $ 
https://www.epicurious.com/recipes/food/views/vanilla-cupcakes-353909,Vanilla Cupcakes ,2 cups garbanzo-fava bean flour $ 1 cup potato starch $ ½ cup arrowroot $ 1 tablespoon plus 1 ½ teaspoons baking powder $ ½ teaspoon baking soda $ 1 teaspoon xanthan gum $ 2 teaspoons salt $ 2/3 cup coconut oil $ 1 1/3 cups agave nectar $ ¾ cup homemade applesauce or store‑bought unsweetened applesauce $ 3 tablespoons pure vanilla extract $ grated zest of 1 lemon $ 1 cup hot water $ vanilla frosting $ ,Cake $ Dessert $ Bake $ Vegetarian $ Wheat/Gluten-Free $ Birthday $ Shower $ Vegan $ Party $ Kidney Friendly $ Pescatarian $ Peanut Free $ Tree Nut Free $ Soy Free $ Kosher $ ,American $ ,3.5/4,8,Cake $ Dessert $ Bake $ Vegetarian $ Wheat/Gluten-Free $ Birthday $ Shower $ Vegan $ Party $ Kidney Friendly $ Pescatarian $ Peanut Free $ Tree Nut Free $ Soy Free $ Kosher $ American $ 
https://www.epicurious.com/recipes/food/views/blueberry-shortcakes-with-lemon-and-thyme-biscuits-353380,Blueberry Shortcakes with Lemon and Thyme Biscuits ,"4 cups fresh blueberries (21 to 22 ounces), rinsed, drained well $ 2/3 cup powdered sugar $ 2 tablespoons water $ 3/4 cup chilled buttermilk $ 1 tablespoon finely grated lemon peel $ 1 teaspoon chopped fresh thyme $ 2 1/4 cups all purpose flour $ 1/2 cup (packed) golden brown sugar $ 1 1/2 teaspoons baking powder $ 1 teaspoon baking soda $ 1/4 teaspoon salt $ 6 tablespoons (3/4 stick) chilled unsalted butter, cut into 1/3-inch cubes $ 1 tablespoon raw sugar* $ Vanilla ice cream or lightly sweetened whipped cream $ ",Dessert $ Bake $ Fourth of July $ Kid-Friendly $ Graduation $ Blueberry $ Lemon $ Summer $ Thyme $ Party $ Bon Appétit $ Kidney Friendly $ Vegetarian $ Pescatarian $ Peanut Free $ Tree Nut Free $ Soy Free $ Kosher $ ,American $ ,3/4,11,Dessert $ Bake $ Fourth of July $ Kid-Friendly $ Graduation $ Blueberry $ Lemon $ Summer $ Thyme $ Party $ Bon Appétit $ Kidney Friendly $ Vegetarian $ Pescatarian $ Peanut Free $ Tree Nut Free $ Soy Free $ Kosher $ American $ 
https://www.epicurious.com/recipes/food/views/peanut-butter-berry-wich-243125,Peanut Butter Berry–Wich ,"2 slices whole-wheat bread or Banana Bread $ 1 tablespoon natural peanut butter $ 1 tablespoon softened Neufchâtel (reduced-fat) cream cheese $ 2 medium strawberries, hulled and sliced $ 1 teaspoon honey $ ",Sandwich $ No-Cook $ Kid-Friendly $ Back to School $ Lunch $ Cream Cheese $ Strawberry $ Peanut $ Birthday $ Honey $ Party $ Vegetarian $ Pescatarian $ Tree Nut Free $ Soy Free $ Kosher $ ,American $ ,3/4,16,Sandwich $ No-Cook $ Kid-Friendly $ Back to School $ Lunch $ Cream Cheese $ Strawberry $ Peanut $ Birthday $ Honey $ Party $ Vegetarian $ Pescatarian $ Tree Nut Free $ Soy Free $ Kosher $ American $ 
https://www.epicurious.com/recipes/food/views/turkey-pinwheels-243128,Turkey Pinwheels ,"1 large whole-wheat wrap (11 to 12 inches), or 2 smaller wraps (8 inches), or a 12-by 9-inch rectangular lavosh $ 1 tablespoon mayonnaise $ 1 lightly packed handful rinsed baby spinach leaves $ 1 tablespoon dried cranberries $ 2 medium carrots, ends cut off, peeled and coarsely shredded $ 2 slices Swiss cheese, such as Jarlsburg (2 ounces) $ 2 thin slices store-bought roasted turkey breast (2 ounces) $ ",turkey $ No-Cook $ Kid-Friendly $ Quick & Easy $ Back to School $ Lunch $ Cranberry $ Spinach $ Carrot $ Healthy $ Swiss Cheese $ Tortillas $ Peanut Free $ Tree Nut Free $ Soy Free $ ,American $ ,2/4,7,turkey $ No-Cook $ Kid-Friendly $ Quick & Easy $ Back to School $ Lunch $ Cranberry $ Spinach $ Carrot $ Healthy $ Swiss Cheese $ Tortillas $ Peanut Free $ Tree Nut Free $ Soy Free $ American $ 
https://www.epicurious.com/recipes/food/views/chocolate-chip-flying-saucers-243131,Chocolate Chip Flying Saucers ,"2 sticks unsalted butter, at room temperature $ 1 cup granulated sugar $ 1 cup (packed) dark brown sugar $ 2 large eggs $ 1 teaspoon vanilla extract $ 3/4 teaspoon fine salt $ 1/2 teaspoon baking soda $ 1 cup unbleached all-purpose flour $ 2/3 cup white whole-wheat flour $ 1 cup semisweet chocolate chips $ ",Cookies $ Chocolate $ Dessert $ Bake $ Kid-Friendly $ Back to School $ Healthy $ Whole Wheat $ Kidney Friendly $ Vegetarian $ Pescatarian $ Peanut Free $ Tree Nut Free $ Soy Free $ Kosher $ ,American $ ,2.5/4,7,Cookies $ Chocolate $ Dessert $ Bake $ Kid-Friendly $ Back to School $ Healthy $ Whole Wheat $ Kidney Friendly $ Vegetarian $ Pescatarian $ Peanut Free $ Tree Nut Free $ Soy Free $ Kosher $ American $ 
https://www.epicurious.com/recipes/food/views/mini-whoopie-pies-243133,Mini Whoopie Pies ,"1 1/4 cups unbleached all-purpose flour $ 3/4 cup whole-wheat flour $ 1/2 cup unsweetened cocoa, such as Droste $ 1/2 teaspoon baking soda $ 1/2 teaspoon fine salt $ 1 stick unsalted butter, at room temperature $ 1 cup granulated sugar $ 1 large egg $ 1 cup milk $ 1 stick unsalted butter, softened $ 1 2/3 cups confectioners' sugar $ 1/2 teaspoon vanilla extract $ 2 cups marshmallow cream $ ",Mixer $ Chocolate $ Dessert $ Bake $ Kid-Friendly $ Whole Wheat $ Kidney Friendly $ Vegetarian $ Pescatarian $ Peanut Free $ Tree Nut Free $ Soy Free $ Kosher $ ,American $ ,3.5/4,13,Mixer $ Chocolate $ Dessert $ Bake $ Kid-Friendly $ Whole Wheat $ Kidney Friendly $ Vegetarian $ Pescatarian $ Peanut Free $ Tree Nut Free $ Soy Free $ Kosher $ American $ 
https://www.epicurious.com/recipes/food/views/red-white-and-blue-ice-cream-cake-232354,"Red, White, and Blue Ice Cream Cake ","One recipe Simply Strawberry Sorbet $ 3/4 cup cookie crumbs (process 7 Newman's Own Organic O's — creamy fillings and all — in the food processor until finely ground) or finely chopped candied ginger $ One recipe Lemon Ice Cream with Candied Lemon Peel $ One recipe Simply Blueberry Sorbet $ Freshly whipped cream, fresh berries, and sprigs of mint, for serving $ fresh berries $ sprigs of mint $ ",Berry $ Citrus $ Dairy $ Dessert $ Freeze/Chill $ Fourth of July $ Kid-Friendly $ Backyard BBQ $ Frozen Dessert $ Blueberry $ Strawberry $ Lemon $ Summer $ Kidney Friendly $ Vegetarian $ Pescatarian $ Peanut Free $ Tree Nut Free $ Soy Free $ Kosher $ ,American $ ,4/4,7,Berry $ Citrus $ Dairy $ Dessert $ Freeze/Chill $ Fourth of July $ Kid-Friendly $ Backyard BBQ $ Frozen Dessert $ Blueberry $ Strawberry $ Lemon $ Summer $ Kidney Friendly $ Vegetarian $ Pescatarian $ Peanut Free $ Tree Nut Free $ Soy Free $ Kosher $ American $ 
https://www.epicurious.com/recipes/food/views/citrus-collards-with-raisins-redux-352451,Citrus Collards with Raisins Redux ,"2 large bunches collard greens, ribs removed, cut into a chiffonade, rinsed and drained $ 1 tablespoon extra-virgin olive oil $ 2 cloves garlic, minced $ 2/3 cup raisins $ 1/3 cup freshly squeezed orange juice $ ",Fruit $ Leafy Green $ Vegetable $ Side $ Vegetarian $ Dried Fruit $ Raisin $ Vegan $ Collard Greens $ Pescatarian $ Paleo $ Dairy Free $ Wheat/Gluten-Free $ Peanut Free $ Tree Nut Free $ Soy Free $ No Sugar Added $ Kosher $ ,American $ Southern $ ,3.5/4,12,Fruit $ Leafy Green $ Vegetable $ Side $ Vegetarian $ Dried Fruit $ Raisin $ Vegan $ Collard Greens $ Pescatarian $ Paleo $ Dairy Free $ Wheat/Gluten-Free $ Peanut Free $ Tree Nut Free $ Soy Free $ No Sugar Added $ Kosher $ American $ Southern $ 
https://www.epicurious.com/recipes/food/views/black-eyed-pea-fritters-with-hot-pepper-sauce-352350,Black-Eyed Pea Fritters with Hot Pepper Sauce ,"1 cup dried black-eyed peas, sorted, soaked overnight, drained, and rinsed $ 1/2 medium onion, diced $ 1/2 cup raw peanuts $ 1 teaspoon minced thyme $ 1/4 teaspoon cayenne $ 1 tablespoon apple cider vinegar $ 1/4 cup plus 2 tablespoons water $ 1 teaspoon coarse sea salt $ 1/2 cup finely chopped green bell pepper $ 1 tablespoon cornmeal $ 5 cups coconut oil $ ",Food Processor $ Vegetable $ Side $ Vegetarian $ Dinner $ Lunch $ Legume $ Deep-Fry $ Vegan $ New Year's Day $ Sugar Conscious $ Pescatarian $ Dairy Free $ Wheat/Gluten-Free $ Tree Nut Free $ Soy Free $ No Sugar Added $ Kosher $ ,African $ American $ Southern $ ,3.5/4,10,Food Processor $ Vegetable $ Side $ Vegetarian $ Dinner $ Lunch $ Legume $ Deep-Fry $ Vegan $ New Year's Day $ Sugar Conscious $ Pescatarian $ Dairy Free $ Wheat/Gluten-Free $ Tree Nut Free $ Soy Free $ No Sugar Added $ Kosher $ African $ American $ Southern $ 
https://www.epicurious.com/recipes/food/views/cucumber-and-chayote-slaw-352369,Cucumber and Chayote Slaw ,"2 tablespoons canola oil $ 2 tablespoons unsweetened pineapple juice $ 1/2 tablespoon sugar $ 1 teaspoon chipotle puree (see Cook's tip) $ 1 teaspoon Dijon mustard $ Salt and freshly ground black pepper, to taste $ 1 large cucumber (about 12 ounces), peeled, seeded, quartered lengthwise, and thinly sliced crosswise $ 1 large chayote, peeled under cold-running water to remove stickiness, pitted, quartered lengthwise, and thinly sliced crosswise $ 2 cups cubed fresh pineapple $ ",Salad $ Vegetable $ Side $ Vegetarian $ Low Cal $ High Fiber $ Low Sodium $ Cinco de Mayo $ Backyard BBQ $ Dinner $ Lunch $ Cucumber $ Healthy $ Vegan $ Party $ Pescatarian $ Dairy Free $ Wheat/Gluten-Free $ Peanut Free $ Tree Nut Free $ Soy Free $ Kosher $ ,American $ Mexican $ Southwestern $ Latin American $ ,2/4,1,Salad $ Vegetable $ Side $ Vegetarian $ Low Cal $ High Fiber $ Low Sodium $ Cinco de Mayo $ Backyard BBQ $ Dinner $ Lunch $ Cucumber $ Healthy $ Vegan $ Party $ Pescatarian $ Dairy Free $ Wheat/Gluten-Free $ Peanut Free $ Tree Nut Free $ Soy Free $ Kosher $ American $ Mexican $ Southwestern $ Latin American $ 
https://www.epicurious.com/recipes/food/views/agave-sweetened-orange-orange-pekoe-tea-352390,Agave-Sweetened Orange-Orange Pekoe Tea ,"12 cups cold water $ 2 2-inch cinnamon sticks $ 12 tea bags orange-flavored black tea $ 2 cups freshly squeezed orange juice $ 1/2 cup freshly squeezed lemon juice $ 1 1/2 cups agave nectar $ Ice cubes $ Thin orange wedges, for garnish $ ",Tea $ Non-Alcoholic $ Fourth of July $ Picnic $ Vegetarian $ Kid-Friendly $ Kentucky Derby $ Graduation $ Father's Day $ Backyard BBQ $ Iced Tea $ Summer $ Birthday $ Family Reunion $ Party $ Drink $ ,American $ Southern $ ,4/4,5,Tea $ Non-Alcoholic $ Fourth of July $ Picnic $ Vegetarian $ Kid-Friendly $ Kentucky Derby $ Graduation $ Father's Day $ Backyard BBQ $ Iced Tea $ Summer $ Birthday $ Family Reunion $ Party $ Drink $ American $ Southern $ 
https://www.epicurious.com/recipes/food/views/hot-pepper-sauce-352373,Hot Pepper Sauce ,"1/4 cup extra-virgin olive oil $ 1 small red onion, diced $ 1/2 teaspoon cumin $ 1/8 teaspoon cayenne $ Coarse sea salt $ 1 large clove garlic, minced $ 1 habanero chile, minced $ 1/4 cup tomato paste $ 1/4 cup tomato sauce $ 2 teaspoons apple cider vinegar $ 1/4 cup water $ 1/4 teaspoon freshly ground white pepper $ ",Sauce $ Blender $ Pepper $ Vegetable $ Sauté $ Vegetarian $ Hot Pepper $ Vegan $ ,American $ Southern $ ,3.5/4,6,Sauce $ Blender $ Pepper $ Vegetable $ Sauté $ Vegetarian $ Hot Pepper $ Vegan $ American $ Southern $ 
https://www.epicurious.com/recipes/food/views/double-dutch-mac-and-cheese-with-chard-352670,Double-Dutch Mac and Cheese with Chard ,"6 tablespoons (3/4 stick) butter, divided $ 1 cup chopped onion $ 2 garlic cloves, minced $ 1/4 cup unbleached all purpose flour $ 3 cups reduced-fat (2%) milk $ 2 cups (packed) coarsely grated aged Gouda cheese plus 1/2 cup finely grated (about 10 ounces total) $ 2 cups (packed) coarsely grated Edam cheese, divided $ 1/4 teaspoon cayenne pepper $ 1/8 teaspoon ground nutmeg $ 1 1/2 pounds Swiss chard, stems and center ribs removed $ 12 ounces elbow macaroni $ 1 cup fresh breadcrumbs made from crustless sourdough bread $ 1 teaspoon cumin seeds (optional) $ ",Cheese $ Pasta $ Side $ Bake $ Thanksgiving $ Vegetarian $ Kid-Friendly $ High Fiber $ Dinner $ Gouda $ Family Reunion $ Chard $ Bon Appétit $ Peanut Free $ Tree Nut Free $ Soy Free $ ,American $ ,3.5/4,70,Cheese $ Pasta $ Side $ Bake $ Thanksgiving $ Vegetarian $ Kid-Friendly $ High Fiber $ Dinner $ Gouda $ Family Reunion $ Chard $ Bon Appétit $ Peanut Free $ Tree Nut Free $ Soy Free $ American $ 
https://www.epicurious.com/recipes/food/views/caramel-apple-tartlets-with-cinnamon-rum-ice-cream-352651,Caramel-Apple Tartlets with Cinnamon-Rum Ice Cream ,"1/2 cup (1 stick) unsalted butter, room temperature $ 1/4 cup sugar $ 1 large egg $ 1 1/2 cups all purpose flour $ 1/4 teaspoon salt $ 2/3 cup sugar $ 1/4 cup water $ 1/4 cup heavy whipping cream $ 3 tablespoons unsalted butter $ 1/4 teaspoon fleur de sel or other fine sea salt $ 6 tablespoons all purpose flour $ 6 tablespoons (packed) dark brown sugar $ 1/4 teaspoon salt $ 1/3 cup pecans, toasted $ 3 tablespoons chilled unsalted butter, cut into 1/2-inch cubes $ 1/2 cup (packed) golden brown sugar $ 1/2 teaspoon cornstarch $ 2 tablespoons (1/4 stick) unsalted butter $ 2 pounds Granny Smith apples, peeled, cored, cut into 3/4-inch pieces $ 1 teaspoon vanilla extract $ 1 teaspoon whiskey $ 3/4 teaspoon ground cinnamon $ Cinnamon-Rum Ice Cream $ Six 4 1/2-inch tartlet pans with removable bottom $ ",Rum $ Mixer $ Dessert $ Bake $ Kid-Friendly $ Apple $ Cinnamon $ Bon Appétit $ Vegetarian $ Pescatarian $ Peanut Free $ Soy Free $ Kosher $ ,American $ ,4/4,7,Rum $ Mixer $ Dessert $ Bake $ Kid-Friendly $ Apple $ Cinnamon $ Bon Appétit $ Vegetarian $ Pescatarian $ Peanut Free $ Soy Free $ Kosher $ American $ 
https://www.epicurious.com/recipes/food/views/creamy-polenta-352671,Creamy Polenta ,2 cups whole milk $ 2 cups water $ 1 teaspoon coarse kosher salt $ 1 cup polenta (coarse cornmeal)* $ ,Milk/Cream $ Side $ Low Fat $ Vegetarian $ Quick & Easy $ Low Cal $ Father's Day $ Cornmeal $ Simmer $ Boil $ Bon Appétit $ Kidney Friendly $ Pescatarian $ Wheat/Gluten-Free $ Peanut Free $ Tree Nut Free $ Soy Free $ No Sugar Added $ Kosher $ ,American $ ,3.5/4,24,Milk/Cream $ Side $ Low Fat $ Vegetarian $ Quick & Easy $ Low Cal $ Father's Day $ Cornmeal $ Simmer $ Boil $ Bon Appétit $ Kidney Friendly $ Pescatarian $ Wheat/Gluten-Free $ Peanut Free $ Tree Nut Free $ Soy Free $ No Sugar Added $ Kosher $ American $ 
https://www.epicurious.com/recipes/food/views/mile-high-chocolate-cake-with-vanilla-buttercream-352650,Mile-High Chocolate Cake With Vanilla Buttercream ,"1 1/4 cups hot water $ 3/4 cup natural unsweetened cocoa powder (such as Scharffen Berger) $ 2/3 cup sour cream $ 2 2/3 cups all purpose flour $ 2 teaspoons baking powder $ 1 teaspoon baking soda $ 1/2 teaspoon salt $ 3/4 cup (1 1/2 sticks) unsalted butter, room temperature $ 1/2 cup solid vegetable shortening (preferably nonhydrogenated), room temperature $ 1 1/2 cups sugar $ 1 cup (packed) dark brown sugar $ 3 large eggs $ 1 tablespoon vanilla extract $ 5 large egg whites $ 1 2/3 cups sugar, divided $ 1 vanilla bean, split lengthwise $ 1/3 cup water $ 1 pound (4 sticks) unsalted butter, diced, room temperature $ 5 ounces high-quality milk chocolate (such as Lindt), chopped $ 5 ounces bittersweet chocolate (54% to 60% cacao), chopped $ 1 1/4 cups heavy whipping cream $ 2 tablespoons light corn syrup $ 2 tablespoons (1/4 stick) unsalted butter, cut into 1/2-inch cubes, room temperature $ Candy thermometer $ Instant-read thermometer $ Offset spatula $ ",Cake $ Mixer $ Chocolate $ Egg $ Dessert $ Bake $ Kid-Friendly $ Vanilla $ Birthday $ Chill $ Candy Thermometer $ Butter $ Bon Appétit $ Kidney Friendly $ Vegetarian $ Pescatarian $ Peanut Free $ Tree Nut Free $ Soy Free $ Kosher $ ,American $ ,3.5/4,14,Cake $ Mixer $ Chocolate $ Egg $ Dessert $ Bake $ Kid-Friendly $ Vanilla $ Birthday $ Chill $ Candy Thermometer $ Butter $ Bon Appétit $ Kidney Friendly $ Vegetarian $ Pescatarian $ Peanut Free $ Tree Nut Free $ Soy Free $ Kosher $ American $ 
https://www.epicurious.com/recipes/food/views/oven-baked-chicken-breasts-with-lemon-mustard-arugula-salad-352669,Oven-Baked Chicken Breasts with Lemon-Mustard Arugula Salad ,"1 1/3 cups buttermilk $ 1/4 cup Dijon mustard $ 2 tablespoons extra-virgin olive oil $ 2 tablespoons fresh lemon juice $ 2 garlic cloves, pressed $ 1/2 teaspoon salt $ 1/2 teaspoon coarsely ground black pepper $ 6 chicken breast halves with skin and bones (about 4 pounds) $ 1 1/3 cups panko (Japanese breadcrumbs)* $ 3/4 cup grated Parmesan cheese $ 6 tablespoons all purpose flour $ 1 tablespoon minced fresh thyme $ 1 1/2 teaspoons finely grated lemon peel $ 1 1/2 teaspoons dry mustard $ 1 teaspoon paprika $ 1/2 teaspoon cayenne pepper $ 1/2 teaspoon salt $ 1/2 teaspoon freshly ground black pepper $ 3 tablespoons butter, melted $ 3 tablespoons fresh lemon juice $ 1 tablespoon minced shallot $ 1 1/2 teaspoons Dijon mustard $ 1 teaspoon minced fresh thyme $ 1/2 teaspoon salt $ 1/4 cup extra-virgin olive oil $ 1 5-ounce package arugula $ 1 ounce Parmesan cheese, shaved with vegetable peeler into strips $ ",Chicken $ Mustard $ Bake $ Marinate $ Kid-Friendly $ Quick & Easy $ Dinner $ Lemon $ Arugula $ Bon Appétit $ ,American $ ,3.5/4,29,Chicken $ Mustard $ Bake $ Marinate $ Kid-Friendly $ Quick & Easy $ Dinner $ Lemon $ Arugula $ Bon Appétit $ American $ 
