link,name,ingredients,recipe_category,recipe_cuisine,rating,rating_count,keywords
https://www.epicurious.com/recipes/food/views/spicy-black-beans-with-bell-peppers-and-rice-667,Spicy Black Beans with Bell Peppers and Rice ,"1 tablespoon vegetable oil $ 1 large onion, diced $ 1 cup chopped green bell pepper $ 1 cup chopped red bell pepper $ 3 large garlic cloves, chopped $ 1 tablespoon ground cumin $ 1 jalapeño chili, seeded, chopped $ 1 teaspoon dried oregano $ 2 15- to 16-ounce cans black beans, drained $ 2 cups canned crushed tomatoes with added puree $ 1/4 cup orange juice $ 1 1/2 teaspoons hot pepper sauce (such as Tabasco) $ 1 1/3 cups rice, cooked $ ",Bean $ Pepper $ Rice $ Tomato $ Side $ Vegetarian $ Quick & Easy $ Summer $ Jalapeño $ Bon Appétit $ Florida $ ,Southwestern $ ,3.5/4,39,Bean $ Pepper $ Rice $ Tomato $ Side $ Vegetarian $ Quick & Easy $ Summer $ Jalapeño $ Bon Appétit $ Florida $ Southwestern $ 
https://www.epicurious.com/recipes/food/views/skewered-beef-fajitas-103631,Skewered Beef Fajitas ,"2 tablespoons vegetable oil $ 2 tablespoons fresh lime juice $ 1 1/2 tablespoons tequila $ 2 teaspoons minced jalapeño chili $ 1 teaspoon grated lime peel $ 8 to 10 ounces skirt steak, cut crosswise into 1-inch-wide strips $ 6 large green onions, trimmed to 8-inch length $ 8 1-inch squares green bell pepper $ 4 6- to 7-inch-diameter flour tortillas $ ",Tequila $ Beef $ Vegetable $ Quick & Easy $ Backyard BBQ $ Bell Pepper $ Summer $ Grill $ Grill/Barbecue $ Jalapeño $ Tortillas $ Bon Appétit $ ,Southwestern $ Tex-Mex $ ,2/4,9,Tequila $ Beef $ Vegetable $ Quick & Easy $ Backyard BBQ $ Bell Pepper $ Summer $ Grill $ Grill/Barbecue $ Jalapeño $ Tortillas $ Bon Appétit $ Southwestern $ Tex-Mex $ 
https://www.epicurious.com/recipes/food/views/red-chili-and-honey-glazed-turkey-with-ancho-pan-gravy-104309,Red Chili and Honey-Glazed Turkey with Ancho Pan Gravy ,"3 1/2 cups water $ 4 ounces dried ancho chilies,* stemmed, seeded, torn into small pieces $ 1 pound plum tomatoes, halved $ 5 large heads of garlic $ 2 tablespoons plus 2 1/3 cups (about) canned low-salt chicken broth $ 1 tablespoon olive oil $ 1/4 cup (1/2 stick) unsalted butter, room temperature $ 2 tablespoons chili powder $ 2 tablespoons honey $ 1 14-pound turkey, wing tips cut off; neck, heart, gizzard and wing tips reserved for stock $ 1/2 cup fresh orange juice $ 5 1/2 cupsGiblet Stock $ 1/2 ounce unsweetened chocolate $ ",Food Processor $ Chocolate $ Garlic $ turkey $ Roast $ Thanksgiving $ Orange $ Hot Pepper $ Fall $ Honey $ Bon Appétit $ ,American $ Mexican $ Southwestern $ ,3/4,6,Food Processor $ Chocolate $ Garlic $ turkey $ Roast $ Thanksgiving $ Orange $ Hot Pepper $ Fall $ Honey $ Bon Appétit $ American $ Mexican $ Southwestern $ 
https://www.epicurious.com/recipes/food/views/carne-asada-tacos-103,Carne Asada Tacos ,"8 corn tortillas $ 1 teaspoon vegetable oil $ 6 ounces flank steak, well trimmed, cut lengthwise in half $ 3/4 teaspoon garlic salt $ 2 small tomatoes, diced $ 1/2 small onion, diced $ 1/2 avocado, diced $ Chopped fresh cilantro $ Hot pepper sauce (such as Tabasco) $ ",Beef $ Low Fat $ Quick & Easy $ Cinco de Mayo $ Dinner $ Lunch $ Bon Appétit $ ,Mexican $ Southwestern $ Tex-Mex $ ,2.5/4,23,Beef $ Low Fat $ Quick & Easy $ Cinco de Mayo $ Dinner $ Lunch $ Bon Appétit $ Mexican $ Southwestern $ Tex-Mex $ 
https://www.epicurious.com/recipes/food/views/southwest-chicken-salad-with-rice-corn-and-chilies-105160,"Southwest Chicken Salad with Rice, Corn, and Chilies ","3/4 cup olive oil $ 4 green onions, sliced $ 3 tablespoons fresh lime juice $ 1 tablespoon minced canned chipotle chilies* $ 1 tablespoon ground cumin $ 3/4 cup chopped fresh cilantro $ 4 skinless boneless chicken breast halves $ 4 ears fresh corn, shucked $ 2 poblano chilies,** quartered lengthwise, seeded $ 2 red bell peppers, quartered lengthwise, seeded $ 3 1/2 cups water $ 1 teaspoon salt $ 2 cups long-grain white rice $ ",Salad $ Chicken $ Rice $ Corn $ Hot Pepper $ Summer $ Bon Appétit $ ,Southwestern $ ,3.5/4,24,Salad $ Chicken $ Rice $ Corn $ Hot Pepper $ Summer $ Bon Appétit $ Southwestern $ 
https://www.epicurious.com/recipes/food/views/chipotle-turkey-cutlets-with-charred-corn-salsa-108578,Chipotle Turkey Cutlets with Charred Corn Salsa ,"1 1/2 cups frozen corn kernels, thawed $ 1 1/4 pounds fresh turkey breast fillets $ 2 teaspoons chipotle chile powder $ 4 tablespoons corn oil $ 1 medium green bell pepper, diced $ 1 small red onion, diced $ 1/4 cup chopped fresh cilantro $ 1 tablespoon fresh lime juice $ Lime wedges $ ",Pepper $ turkey $ Sauté $ Super Bowl $ Quick & Easy $ Corn $ Bell Pepper $ Hot Pepper $ Cilantro $ Bon Appétit $ ,Southwestern $ ,3.5/4,27,Pepper $ turkey $ Sauté $ Super Bowl $ Quick & Easy $ Corn $ Bell Pepper $ Hot Pepper $ Cilantro $ Bon Appétit $ Southwestern $ 
https://www.epicurious.com/recipes/food/views/southwestern-pumpkin-soup-104064,Southwestern Pumpkin Soup ,3 cups chicken stock or canned low-salt chicken broth $ 1 cup whipping cream $ 1 15-ounce can pure pumpkin $ 3 tablespoons (packed) dark brown sugar $ 1 teaspoon ground cumin $ 1/2 teaspoon chili powder $ 1/2 teaspoon ground coriander $ 1/8 teaspoon ground nutmeg $ 3/4 cup (packed) grated sharp cheddar cheese $ Chopped fresh cilantro $ ,Soup/Stew $ Appetizer $ Cheddar $ Spice $ Pumpkin $ Fall $ Simmer $ Bon Appétit $ Wheat/Gluten-Free $ Peanut Free $ Tree Nut Free $ Soy Free $ ,Southwestern $ ,3.5/4,174,Soup/Stew $ Appetizer $ Cheddar $ Spice $ Pumpkin $ Fall $ Simmer $ Bon Appétit $ Wheat/Gluten-Free $ Peanut Free $ Tree Nut Free $ Soy Free $ Southwestern $ 
https://www.epicurious.com/recipes/food/views/southwestern-lime-chicken-with-ancho-chili-sauce-5496,Southwestern Lime Chicken with Ancho Chili Sauce ,1/2 cup fresh lime juice $ 6 tablespoons soy sauce $ 1/4 cup vegetable oil $ 2 tablespoons sugar $ 2 tablespoons chopped fresh oregano $ 1 tablespoon chopped fresh rosemary $ 1 tablespoon minced garlic $ 1 1/2 teaspoons chili powder $ 1/2 teaspoon cayenne pepper $ 8 skinless boneless chicken breast halves $ 8 slices Monterey Jack cheese $ Ancho Chili Sauce $ ,Chicken $ Pepper $ Marinate $ Low Carb $ Lime $ Summer $ Bon Appétit $ ,Southwestern $ ,3.5/4,169,Chicken $ Pepper $ Marinate $ Low Carb $ Lime $ Summer $ Bon Appétit $ Southwestern $ 
https://www.epicurious.com/recipes/food/views/chipotle-tartar-sauce-102880,Chipotle Tartar Sauce ,"1 cup mayonnaise $ 2 tablespoons drained capers, chopped $ 2 tablespoons chopped cornichons, gherkins or dill pickles $ 1 1/2 tablespoons fresh lime juice $ 1 tablespoon minced canned chipotle chilies* $ ",Condiment/Spread $ Sauce $ Pepper $ No-Cook $ Quick & Easy $ Mayonnaise $ Lime $ Hot Pepper $ Winter $ Capers $ Bon Appétit $ ,Southwestern $ ,3.5/4,8,Condiment/Spread $ Sauce $ Pepper $ No-Cook $ Quick & Easy $ Mayonnaise $ Lime $ Hot Pepper $ Winter $ Capers $ Bon Appétit $ Southwestern $ 
https://www.epicurious.com/recipes/food/views/smoky-black-bean-dip-104800,Smoky Black Bean Dip ,"4 bacon slices $ 1 medium onion, chopped $ 1 small red bell pepper, seeded, chopped $ 1/2 teaspoon ground cumin $ 1/2 teaspoon dried oregano $ 2 15-ounce cans black beans, undrained $ 1 teaspoon chopped seeded canned chipotle chilies* $ 1/2 cup sour cream $ 2 tablespoons chopped fresh cilantro $ ",Condiment/Spread $ Food Processor $ Bean $ Cocktail Party $ Super Bowl $ Buffet $ Bacon $ Bell Pepper $ Hot Pepper $ Bon Appétit $ ,Southwestern $ Tex-Mex $ ,3/4,45,Condiment/Spread $ Food Processor $ Bean $ Cocktail Party $ Super Bowl $ Buffet $ Bacon $ Bell Pepper $ Hot Pepper $ Bon Appétit $ Southwestern $ Tex-Mex $ 
https://www.epicurious.com/recipes/food/views/grill-roasted-brined-turkey-with-anaheim-chile-salsa-verde-15706,Grill-Roasted Brined Turkey with Anaheim Chile Salsa Verde ,"a 12- to 14-pound turkey $ 8 quarts cold water $ 2 cups coarse salt $ 1/2 cup packed brown sugar $ 1 tablespoon chili powder $ kitchen string $ Garnish: fresh Anaheim chiles, small heads of garlic, and tomatillos $ Accompaniment: Anaheim chile salsa verde $ ",turkey $ Roast $ Thanksgiving $ Fall $ Grill $ Brine $ Grill/Barbecue $ Gourmet $ ,Southwestern $ ,3.5/4,12,turkey $ Roast $ Thanksgiving $ Fall $ Grill $ Brine $ Grill/Barbecue $ Gourmet $ Southwestern $ 
https://www.epicurious.com/recipes/food/views/salad-of-black-beans-hearts-of-palm-and-corn-1165,"Salad of Black Beans, Hearts of Palm and Corn ","1 16-ounce can black beans, rinsed, drained $ 1 10-ounce package frozen corn, thawed, drained $ 1 7 1/2-ounce can hearts of palm, drained, cut into 1/4-inch-thick rounds $ 2 large tomatoes, seeded, diced $ 1/2 red onion, minced $ 1/2 cup chopped fresh cilantro $ 1/4 cup olive oil $ 3 tablespoons fresh lime juice $ 1 teaspoon ground coriander $ ",Salad $ Bean $ Tomato $ Side $ No-Cook $ Vegetarian $ Quick & Easy $ Low Cal $ High Fiber $ Lunch $ Corn $ Summer $ Healthy $ Vegan $ Bon Appétit $ ,Southwestern $ ,3.5/4,62,Salad $ Bean $ Tomato $ Side $ No-Cook $ Vegetarian $ Quick & Easy $ Low Cal $ High Fiber $ Lunch $ Corn $ Summer $ Healthy $ Vegan $ Bon Appétit $ Southwestern $ 
https://www.epicurious.com/recipes/food/views/rice-and-green-chile-pilaf-10028,Rice and Green Chile Pilaf ,"1 small onion, chopped fine $ 1 tablespoon vegetable oil $ 1 large garlic clove, minced $ 4-ounce can mild green chiles, drained and chopped $ 1/2 cup long-grain white rice $ 3/4 cup low-salt chicken broth $ 1 scallion green, sliced thin, if desired $ ",Rice $ Side $ Quick & Easy $ Wheat/Gluten-Free $ Hot Pepper $ Gourmet $ Dairy Free $ Peanut Free $ Tree Nut Free $ Soy Free $ No Sugar Added $ Kosher $ ,Southwestern $ ,3.5/4,10,Rice $ Side $ Quick & Easy $ Wheat/Gluten-Free $ Hot Pepper $ Gourmet $ Dairy Free $ Peanut Free $ Tree Nut Free $ Soy Free $ No Sugar Added $ Kosher $ Southwestern $ 
https://www.epicurious.com/recipes/food/views/cumin-black-beans-10089,Cumin Black Beans ,"1 onion, chopped $ 1 tablespoon vegetable oil $ 3/4 teaspoon ground cumin $ a 16- to 19-ounce can black beans, rinsed and drained $ 2 tablespoons fresh orange juice $ 1 tablespoon chopped fresh coriander $ ",Bean $ Onion $ Side $ Vegetarian $ Quick & Easy $ Orange $ Spice $ Healthy $ Vegan $ Gourmet $ ,Southwestern $ ,2.5/4,6,Bean $ Onion $ Side $ Vegetarian $ Quick & Easy $ Orange $ Spice $ Healthy $ Vegan $ Gourmet $ Southwestern $ 
https://www.epicurious.com/recipes/food/views/chile-relleno-tart-2982,Chile Relleno Tart ,"1 cup all purpose flour $ 3/4 cup blue cornmeal* or yellow cornmeal $ 1 teaspoon salt $ 3/4 cup (1 1/2 sticks) chilled unsalted butter, cut into 1/2-inch pieces $ 4 tablespoons (about) ice water $ 3 large fresh poblano** or New Mexico chilies $ 1 cup grated Gruyère cheese $ 1 cup grated mozzarella cheese $ 4 large eggs $ 3/4 cup whipping cream $ 3/4 cup crumbled soft fresh goat cheese (such as Montrachet), room temperature $ 1/4 cup ( 1/2 stick) butter, room temperature $ 3/4 teaspoon salt $ 1/4 teaspoon ground black pepper $ 1 cup grated Colby cheese $ *Blue cornmeal is available at natural foods stores and some specialty foods stores. $ **A fresh green chili, often called a pasilla, available at Latin American markets and some supermarkets. $ ",Food Processor $ Cheese $ Egg $ Bake $ Cornmeal $ Hot Pepper $ Winter $ Bon Appétit $ Seattle $ Washington $ ,Southwestern $ ,3/4,23,Food Processor $ Cheese $ Egg $ Bake $ Cornmeal $ Hot Pepper $ Winter $ Bon Appétit $ Seattle $ Washington $ Southwestern $ 
https://www.epicurious.com/recipes/food/views/griddled-tomato-chipotle-salsa-104139,Griddled Tomato-Chipotle Salsa ,"6 ripe tomatoes, cut in half $ 2 tablespoons olive oil $ 1 cup sliced onions $ 4 jalapeño chiles, seeded and sliced $ 4 garlic cloves, chopped $ 2 tablespoons chipotle chile puree $ 1/2 cup chopped fresh cilantro leaves $ 1/2 cup freshly squeezed lime juice $ 2 teaspoons salt $ ",Condiment/Spread $ Onion $ Tomato $ Side $ Sauté $ Lime $ Jalapeño $ Cilantro $ Sugar Conscious $ Vegan $ Vegetarian $ Pescatarian $ Paleo $ Dairy Free $ Wheat/Gluten-Free $ Peanut Free $ Tree Nut Free $ Soy Free $ No Sugar Added $ Kosher $ ,Mexican $ Southwestern $ ,3.5/4,9,Condiment/Spread $ Onion $ Tomato $ Side $ Sauté $ Lime $ Jalapeño $ Cilantro $ Sugar Conscious $ Vegan $ Vegetarian $ Pescatarian $ Paleo $ Dairy Free $ Wheat/Gluten-Free $ Peanut Free $ Tree Nut Free $ Soy Free $ No Sugar Added $ Kosher $ Mexican $ Southwestern $ 
https://www.epicurious.com/recipes/food/views/quinoa-fennel-pilaf-103723,Quinoa-Fennel Pilaf ,"1 cup quinoa $ 1/2 small white onion, finely chopped $ 1 celery rib, cut into 1/4-inch dice $ 1 carrot, cut into 1/4-inch dice $ 1 small fennel bulb (sometimes called anise), trimmed, cored, and cut into 1/4-inch dice $ 1 tablespoon unsalted butter $ 1 1/2 cups water $ ",Side $ Sauté $ Quick & Easy $ Wheat/Gluten-Free $ Quinoa $ Fennel $ Summer $ Healthy $ Gourmet $ Sugar Conscious $ Kidney Friendly $ Vegetarian $ Pescatarian $ Peanut Free $ Tree Nut Free $ Soy Free $ No Sugar Added $ Kosher $ ,Southwestern $ ,3/4,15,Side $ Sauté $ Quick & Easy $ Wheat/Gluten-Free $ Quinoa $ Fennel $ Summer $ Healthy $ Gourmet $ Sugar Conscious $ Kidney Friendly $ Vegetarian $ Pescatarian $ Peanut Free $ Tree Nut Free $ Soy Free $ No Sugar Added $ Kosher $ Southwestern $ 
https://www.epicurious.com/recipes/food/views/santa-fe-gazpacho-102142,Santa Fe Gazpacho ,"1 11-ounce cucumber, peeled, halved lengthwise, seeded $ 1 1/4 cups canned low-salt chicken broth or vegetable broth $ 1 1/4 pounds tomatoes, quartered $ 1 7.25-ounce jar roasted red peppers, drained $ 3 tablespoons chopped fresh cilantro $ 2 tablespoons fresh lime juice $ 2 teaspoons minced canned chipotle chilies $ 2 large green onions, finely chopped $ 1/2 avocado, peeled, finely chopped $ 1/2 cup finely chopped peeled jicama $ 1/2 cup finely chopped plum tomatoes $ ",Soup/Stew $ Tomato $ No-Cook $ Lime $ Avocado $ Cucumber $ Fall $ Cilantro $ Bon Appétit $ ,American $ Mexican $ Southwestern $ ,3/4,5,Soup/Stew $ Tomato $ No-Cook $ Lime $ Avocado $ Cucumber $ Fall $ Cilantro $ Bon Appétit $ American $ Mexican $ Southwestern $ 
https://www.epicurious.com/recipes/food/views/black-bean-tostadas-with-curly-endive-salad-11878,Black Bean Tostadas with Curly Endive Salad ,"3/4 teaspoon ground cumin $ 1 tablespoon wine vinegar, or to taste $ 3 tablespoons olive oil $ a 15-to-16 ounce can black beans, rinsed and drained $ 1/4 cup chopped drained sun-dried tomatoes packed in oil $ 1 avocado (preferably California) $ 1 scallion, chopped $ vegetable oil for frying the tortillas $ two 7-inch corn tortillas $ enough inner leaves of curly endives (chicory), torn into pieces, washed well and spun dry, to measure 3 cups $ 1/3 cup thinly sliced red cabbage $ ",Salad $ Bean $ Leafy Green $ Tomato $ Fry $ Vegetarian $ Quick & Easy $ Avocado $ Tortillas $ Gourmet $ ,Southwestern $ ,3.5/4,11,Salad $ Bean $ Leafy Green $ Tomato $ Fry $ Vegetarian $ Quick & Easy $ Avocado $ Tortillas $ Gourmet $ Southwestern $ 
https://www.epicurious.com/recipes/food/views/chipotle-sauce-5701,Chipotle Sauce ,"1 tablespoon corn oil $ 3/4 cup coarsely chopped drained roasted red peppers from jar $ 1/2 cup chopped onion $ 1/4 cup chopped celery $ 1/4 cup chopped carrot $ 2 garlic cloves, chopped $ 1 cup (or more) beef stock or canned beef broth $ 1/2 cup (or more) apple juice $ 3 tablespoons whipping cream $ 1/2 tablespoon coarsely chopped canned chipotle chilies $ ",Sauce $ Milk/Cream $ Blender $ Apple $ Bell Pepper $ Hot Pepper $ Bon Appétit $ ,Southwestern $ ,3.5/4,5,Sauce $ Milk/Cream $ Blender $ Apple $ Bell Pepper $ Hot Pepper $ Bon Appétit $ Southwestern $ 
https://www.epicurious.com/recipes/food/views/chili-relleno-casserole-2883,Chili Relleno Casserole ,"4 eggs $ 1 1/2 cups milk $ 2 tablespoons all purpose flour $ 1/2 teaspoon pepper $ 1/4 teaspoon salt $ 3 7-ounce cans whole green chilies, split open $ 4 cups shredded cheddar (about 1 pound) $ 4 cups shredded Monterey Jack (about 1 pound) $ ",Cheese $ Dairy $ Egg $ Bake $ Vegetarian $ Casserole/Gratin $ Hot Pepper $ Bon Appétit $ ,Southwestern $ Tex-Mex $ ,3.5/4,109,Cheese $ Dairy $ Egg $ Bake $ Vegetarian $ Casserole/Gratin $ Hot Pepper $ Bon Appétit $ Southwestern $ Tex-Mex $ 
https://www.epicurious.com/recipes/food/views/layered-rice-salad-with-red-and-green-salsas-3013,Layered Rice Salad with Red and Green Salsas ,"5 1/2 cups water $ 1 tablespoon plus 1 teaspoon olive oil $ 1 1/2 teaspoons salt $ 2 cups long-grain white rice $ 9 tomatillos,* husked, coarsely chopped $ 1 1/2 cups chopped green bell peppers $ 3/4 cup chopped green onions (dark green parts only) $ 1/2 cup chopped fresh basil $ 2 tablespoons olive oil $ 2 15-ounce cans black beans, drained, rinsed $ 2 teaspoons ground coriander $ 1 teaspoon onion salt $ 1 cup purchased medium-hot red salsa $ 2 cups chopped red bell peppers $ 1/2 cup chopped red onion $ 1/3 cup chopped fresh parsley $ 1 tablespoon olive oil $ 1 cup sour cream $ 3 tablespoons thinly sliced fresh basil $ *A green tomato-like vegetable with a paper-thin husk. Available at Latin American markets and some supermarkets. $ ",Salad $ Bean $ Rice $ Side $ Picnic $ Basil $ Bell Pepper $ Chill $ Sour Cream $ Bon Appétit $ Sugar Conscious $ ,American $ Southwestern $ ,3.5/4,10,Salad $ Bean $ Rice $ Side $ Picnic $ Basil $ Bell Pepper $ Chill $ Sour Cream $ Bon Appétit $ Sugar Conscious $ American $ Southwestern $ 
https://www.epicurious.com/recipes/food/views/turkey-chili-2673,Turkey Chili ,"2 tablespoons (1/4 stick) butter $ 1 cup chopped red onion $ 2 large celery stalks, chopped $ 1 14 1/2-ounce can chicken broth $ 1 14 1/2-ounce can Mexican-style stewed tomatoes $ 1 cup water $ 1 8-ounce can tomato sauce $ 1/2 cup packaged chili seasoning mix with masa flour $ 1 15- to 16-ounce can kidney beans, drained $ 1 12-ounce can whole kernel corn, drained $ 4 cups diced cooked turkey $ ",Soup/Stew $ Bean $ Onion $ Tomato $ turkey $ Super Bowl $ Quick & Easy $ Corn $ Winter $ Tailgating $ Bon Appétit $ South Carolina $ ,American $ Southwestern $ ,2.5/4,4,Soup/Stew $ Bean $ Onion $ Tomato $ turkey $ Super Bowl $ Quick & Easy $ Corn $ Winter $ Tailgating $ Bon Appétit $ South Carolina $ American $ Southwestern $ 
https://www.epicurious.com/recipes/food/views/steak-taquitos-701,Steak Taquitos ,"2 1/2 cups chopped tomatoes $ 2 cups chopped onions $ 3/4 cup chopped fresh cilantro $ 6 tablespoons fresh lime juice $ 1 1/2 tablespoons chopped serrano chilies or jalapeño chilies $ 3 cups crumbled queso fresco or mild feta cheese (about 18 ounces). Queso fresco, also known as queso blanco, is available at Latin American markets and in some supermarkets. $ 24 4-inch corn tortillas $ 2 pounds skirt steaks, trimmed $ ",Beef $ Cheese $ Tomato $ Appetizer $ Super Bowl $ Grill $ Chill $ Grill/Barbecue $ Bon Appétit $ ,Mexican $ Southwestern $ Tex-Mex $ ,3/4,4,Beef $ Cheese $ Tomato $ Appetizer $ Super Bowl $ Grill $ Chill $ Grill/Barbecue $ Bon Appétit $ Mexican $ Southwestern $ Tex-Mex $ 
https://www.epicurious.com/recipes/food/views/spicy-black-bean-cakes-104929,Spicy Black Bean Cakes ,"2 15-ounce cans black beans, drained well $ 6 green onions, finely chopped $ 1/2 cup finely chopped seeded red bell pepper $ 1/4 cup chopped fresh cilantro $ 2 large garlic cloves, minced $ 1 1/2 tablespoons minced seeded jalapeño chili $ 2 teaspoons ground cumin $ 1 large egg $ 2 tablespoons plus 1 cup yellow cornmeal $ 6 tablespoons (about) olive oil $ Sour cream $ Purchased salsa $ ",Bean $ Appetizer $ Cocktail Party $ Vegetarian $ Cornmeal $ Bell Pepper $ Pan-Fry $ Jalapeño $ Cilantro $ Bon Appétit $ Sugar Conscious $ Kidney Friendly $ ,Southwestern $ ,2.5/4,22,Bean $ Appetizer $ Cocktail Party $ Vegetarian $ Cornmeal $ Bell Pepper $ Pan-Fry $ Jalapeño $ Cilantro $ Bon Appétit $ Sugar Conscious $ Kidney Friendly $ Southwestern $ 
https://www.epicurious.com/recipes/food/views/roast-new-york-strip-loin-with-adobo-rub-109170,Roast New York Strip Loin with Adobo Rub ,"6 large garlic cloves, peeled $ 1/4 cup Spanish sweet paprika $ 1/4 cup red wine vinegar $ 2 tablespoons olive oil $ 1 tablespoon chopped fresh rosemary $ 2 teaspoons salt $ 1 teaspoon freshly ground black pepper $ 1 6-pound New York strip loin, all but 1/2 inch fat trimmed $ ",Beef $ Garlic $ Marinate $ Roast $ Super Bowl $ Quick & Easy $ Vinegar $ Rosemary $ Steak $ Winter $ Bon Appétit $ ,American $ Southwestern $ ,4/4,7,Beef $ Garlic $ Marinate $ Roast $ Super Bowl $ Quick & Easy $ Vinegar $ Rosemary $ Steak $ Winter $ Bon Appétit $ American $ Southwestern $ 
https://www.epicurious.com/recipes/food/views/southwestern-chicory-salad-10688,Southwestern Chicory Salad ,"1 1/2 tablespoons extra-virgin olive oil $ 1 tablespoon white-wine vinegar $ 1/2 teaspoon Dijon mustard $ 1/4 teaspoon chili powder $ 1 navel orange $ 3 cups packed chicory (curly endive) or escarole, washed well, spun dry, and chopped $ 1 large vine-ripened tomato, cut into 1/2-inch pieces $ 1 avocado (preferably California), pitted, peeled, and cut into 1/2-inch pieces $ 1/2 small red onion, sliced thin $ ",Salad $ Citrus $ Leafy Green $ Tomato $ Quick & Easy $ Avocado $ Fall $ Gourmet $ ,American $ Southwestern $ ,3.5/4,3,Salad $ Citrus $ Leafy Green $ Tomato $ Quick & Easy $ Avocado $ Fall $ Gourmet $ American $ Southwestern $ 
https://www.epicurious.com/recipes/food/views/turkey-tortilla-soup-989,Turkey Tortilla Soup ,"2 teaspoons chili powder $ 3 cups canned low-salt chicken broth $ 1 15- to 16-ounce can Mexican-style stewed tomatoes, coarsely mashed $ 1 10-ounce package frozen corn and lima bean succotash or 1 cup each frozen corn and lima beans $ 2 cups diced cooked turkey (about 8 ounces) $ 1 cup coarsely broken corn tortilla chips $ 2 teaspoons minced fresh or canned jalapeño chili $ ",Soup/Stew $ Tomato $ turkey $ Quick & Easy $ Corn $ Lima Bean $ Winter $ Jalapeño $ Bon Appétit $ ,Southwestern $ Tex-Mex $ ,3/4,19,Soup/Stew $ Tomato $ turkey $ Quick & Easy $ Corn $ Lima Bean $ Winter $ Jalapeño $ Bon Appétit $ Southwestern $ Tex-Mex $ 
https://www.epicurious.com/recipes/food/views/southwestern-pinto-bean-soup-11523,Southwestern Pinto Bean Soup ,"1 pound dried pinto beans, picked over $ 3 medium onions, chopped fine $ 5 garlic cloves, minced $ 1/4 cup vegetable oil $ 2 red bell peppers, chopped $ 1 tablespoon chili powder $ 2 teaspoons ground cumin $ 6 cups water $ 1/2 pound cured chorizo (Spanish sausage)*, sliced 1/4 inch thick, if desired $ a 28- to 32-ounce can whole tomatoes, drained and puréed coarse $ 2 cups chicken broth $ 1/2 cup canned mild enchilada sauce (not salsa), or to taste $ 3 tablespoons fresh lime juice, or to taste $ 1/3 to 1/2 cup chopped fresh coriander $ *available at Hispanic markets and some specialty foods shops and supermarkets $ ",Soup/Stew $ Bean $ Onion $ Tomato $ Sausage $ Spice $ Bell Pepper $ Gourmet $ ,Southwestern $ ,3/4,17,Soup/Stew $ Bean $ Onion $ Tomato $ Sausage $ Spice $ Bell Pepper $ Gourmet $ Southwestern $ 
https://www.epicurious.com/recipes/food/views/chicken-and-three-bean-burritos-489,Chicken and Three-Bean Burritos ,"12 large flour tortillas $ 6 skinless boneless chicken breast halves $ Fresh lime juice $ Chili powder $ Ground cumin $ 1 tablespoon olive oil $ Three-Bean Salad (see recipe) Three-Bean Salad $ 2 avocados, peeled, sliced, rinsed under cold water, drained $ 1 head romaine lettuce, shredded $ Grated cheddar cheese $ Sour cream or plain yogurt $ ",Sandwich $ Bean $ Chicken $ Super Bowl $ Kid-Friendly $ Quick & Easy $ Cheddar $ Avocado $ Spring $ Bon Appétit $ ,Southwestern $ Tex-Mex $ ,3/4,4,Sandwich $ Bean $ Chicken $ Super Bowl $ Kid-Friendly $ Quick & Easy $ Cheddar $ Avocado $ Spring $ Bon Appétit $ Southwestern $ Tex-Mex $ 
https://www.epicurious.com/recipes/food/views/scrod-with-chipotle-butter-and-black-beans-baked-in-parchment-10047,Scrod with Chipotle Butter and Black Beans Baked in Parchment ,"3 tablespoons unsalted butter, softened $ 1 canned chipotle chili in adobo, chopped fine (about 1 tablespoon) $ 1/4 teaspoon salt $ 1/2 teaspoon fresh lime juice $ six 15-inch squares of parchment paper $ 3 plum tomatoes, each cut lengthwise into 6 slices $ six 6- to 7-ounce pieces scrod or cod fillet, skinned $ 24 pitted green olives, halved lengthwise $ 1 small red onion, cut into 1/4-inch-thick slices $ 3/4 cup dry white wine $ 4 tablespoons fresh lime juice $ 6 sprigs oregano, if desired $ six 7-inch pieces of kitchen string $ three 15-ounce cans black beans, rinsed and drained (about 4 1/2 cups) $ 1 1/2 teaspoons chopped fresh oregano leaves or 1/2 teaspoon dried, crumbled $ 1 tablespoon vegetable oil $ 3 tablespoons fresh lime juice. $ ",Bean $ Fish $ Olive $ Bake $ Lime $ Hot Pepper $ White Wine $ Healthy $ Gourmet $ ,Southwestern $ ,3.5/4,24,Bean $ Fish $ Olive $ Bake $ Lime $ Hot Pepper $ White Wine $ Healthy $ Gourmet $ Southwestern $ 
https://www.epicurious.com/recipes/food/views/fontina-corn-and-jalapeno-quesadillas-1294,"Fontina, Corn and Jalapeño Quesadillas ","2 teaspoons olive oil $ 1 cup frozen corn kernels, thawed $ 2 jalapeño chilies, seeded, minced $ 1 teaspoon dried oregano, crumbled $ Olive oil $ 8 7-inch flour tortillas $ 2 cups grated Fontina cheese (about 8 ounces) $ ",Cheese $ Vegetable $ Vegetarian $ Quick & Easy $ Lunch $ Corn $ Poker/Game Night $ Jalapeño $ Bon Appétit $ ,Southwestern $ Tex-Mex $ ,2.5/4,7,Cheese $ Vegetable $ Vegetarian $ Quick & Easy $ Lunch $ Corn $ Poker/Game Night $ Jalapeño $ Bon Appétit $ Southwestern $ Tex-Mex $ 
https://www.epicurious.com/recipes/food/views/blue-corn-bread-104360,Blue Corn Bread ,"1/4 pound unsalted butter (1 stick) $ 8 tablespoon shortening $ 4 serranos, seeded and minced $ 3 garlic cloves, minced $ 1 cup all-purpose flour $ 1 1/4 cups blue cornmeal $ 2 tablespoons sugar $ 1 teaspoon baking powder $ 1 1/2 teaspoons salt $ 3 large eggs $ 1 1/4 cups milk, at room temperature $ 3 tablespoons chopped fresh cilantro $ Olive oil for brushing $ ",Bread $ Brunch $ Side $ Bake $ Thanksgiving $ Vegetarian $ Dinner $ Lunch $ Cornmeal $ Fall $ Pescatarian $ Peanut Free $ Tree Nut Free $ Soy Free $ Kosher $ ,American $ Southwestern $ ,3/4,7,Bread $ Brunch $ Side $ Bake $ Thanksgiving $ Vegetarian $ Dinner $ Lunch $ Cornmeal $ Fall $ Pescatarian $ Peanut Free $ Tree Nut Free $ Soy Free $ Kosher $ American $ Southwestern $ 
https://www.epicurious.com/recipes/food/views/chiles-rellenos-13120,Chiles Rellenos ,"eight to ten 7-inch green chiles (Anaheims, poblanos, or Big Jims)*, roasted and peeled, seeds intact, stems attached (procedure follows) $ 3/4 pound grated mild Cheddar (about 3 cups) $ 1/2 cup all-purpose flour $ 2 1/2 teaspoons salt $ 1/2 teaspoon freshly ground black pepper $ vegetable shortening for frying $ 4 large egg yolks, beaten $ 4 large egg whites, beaten until foamy $ 1/4 pound grated sharp Cheddar (about 1 cup) $ Accompaniment: prepared salsa (optional) $ *available at Hispanic markets and some specialty foods shops $ ",Cheese $ Pepper $ Appetizer $ Broil $ Fry $ Vegetarian $ Gourmet $ Sugar Conscious $ ,Mexican $ Southwestern $ Tex-Mex $ ,3/4,45,Cheese $ Pepper $ Appetizer $ Broil $ Fry $ Vegetarian $ Gourmet $ Sugar Conscious $ Mexican $ Southwestern $ Tex-Mex $ 
https://www.epicurious.com/recipes/food/views/cowboy-steaks-in-a-skillet-1113,Cowboy Steaks in a Skillet ,"2 tablespoons olive oil $ 1 teaspoon coarse salt $ 1 large onion, sliced $ 2 large garlic cloves, chopped $ 2 tablespoons chopped fresh cilantro $ 1 tablespoon plus 1 teaspoon chili powder $ 1/4 teaspoon dried crushed red pepper $ 1 tablespoon water $ 2 poblano chilies, seeded, sliced $ 2 8-ounce New York strip steaks (about 1 inch thick), trimmed $ Additional chopped fresh cilantro $ ",Beef $ Onion $ Sauté $ Quick & Easy $ Low/No Sugar $ Steak $ Hot Pepper $ Winter $ Bon Appétit $ Maryland $ ,Southwestern $ ,3.5/4,15,Beef $ Onion $ Sauté $ Quick & Easy $ Low/No Sugar $ Steak $ Hot Pepper $ Winter $ Bon Appétit $ Maryland $ Southwestern $ 
https://www.epicurious.com/recipes/food/views/tucson-black-and-white-bean-salsa-2112,Tucson Black and White Bean Salsa ,"3 tablespoons corn oil $ 1 1/4 cups fresh corn kernels or frozen, thawed $ 1 16-ounce can black beans, rinsed, drained $ 1 15-ounce can Great Northern white beans, drained $ 1 cup chopped red bell pepper $ 3/4 cup chopped red onion $ 2 tablespoons fresh lime juice $ 3 large garlic cloves, pressed $ 1 large jalapeño chili, seeded, minced $ 1 tablespoon minced fresh oregano or 1 teaspoon dried $ 1 tablespoon chili powder $ 1 1/2 teaspoons ground cumin $ ",Condiment/Spread $ Bean $ Onion $ Pepper $ Super Bowl $ Vegetarian $ Corn $ Healthy $ Vegan $ Jalapeño $ Bon Appétit $ ,Southwestern $ ,3/4,23,Condiment/Spread $ Bean $ Onion $ Pepper $ Super Bowl $ Vegetarian $ Corn $ Healthy $ Vegan $ Jalapeño $ Bon Appétit $ Southwestern $ 
https://www.epicurious.com/recipes/food/views/spicy-steak-and-corn-soft-tacos-1592,Spicy Steak and Corn Soft Tacos ,"2 tablespoons olive oil $ 1 medium red onion, sliced $ 1 red bell pepper, sliced $ 1/2 pound round, flank or skirt steak, cut into 1/4-inch-thick, long narrow strips $ 3/4 cup frozen whole kernel corn, cooked according to package directions, drained $ 1 jalapeño chili, minced with seeds $ 1/2 teaspoon ground cumin $ 1/2 teaspoon chili powder $ Salt and freshly ground pepper $ 1 1/2 tablespoons minced fresh cilantro $ Corn or flour tortillas $ Grated cheddar cheese $ Chopped fresh tomatoes $ Sour cream $ ",Beef $ Herb $ Vegetable $ Sauté $ Quick & Easy $ Cinco de Mayo $ Bon Appétit $ ,Mexican $ Southwestern $ Tex-Mex $ ,3/4,13,Beef $ Herb $ Vegetable $ Sauté $ Quick & Easy $ Cinco de Mayo $ Bon Appétit $ Mexican $ Southwestern $ Tex-Mex $ 
https://www.epicurious.com/recipes/food/views/southwestern-black-bean-and-hominy-salad-103777,Southwestern Black Bean and Hominy Salad ,"1 15-ounce can black beans, rinsed, drained well $ 1 15-ounce can golden hominy, rinsed, drained well $ 1 avocado, peeled, pitted, diced $ 1 cup diced yellow bell pepper $ 1/2 cup chopped red onion $ 1/4 cup chopped fresh cilantro $ 1 1/2 tablespoons minced seeded jalape‱o chili $ 1/2 cup (or more) salsa verde $ ",Salad $ Bean $ Pepper $ Side $ No-Cook $ Picnic $ Vegetarian $ Quick & Easy $ High Fiber $ Backyard BBQ $ Avocado $ Legume $ Bell Pepper $ Summer $ Vegan $ Raw $ Jalapeño $ Cilantro $ Hominy/Cornmeal/Masa $ Bon Appétit $ ,American $ Southwestern $ ,3/4,22,Salad $ Bean $ Pepper $ Side $ No-Cook $ Picnic $ Vegetarian $ Quick & Easy $ High Fiber $ Backyard BBQ $ Avocado $ Legume $ Bell Pepper $ Summer $ Vegan $ Raw $ Jalapeño $ Cilantro $ Hominy/Cornmeal/Masa $ Bon Appétit $ American $ Southwestern $ 
https://www.epicurious.com/recipes/food/views/green-chili-hash-browns-2240,Green Chili Hash Browns ,"1 32-ounce bag frozen hash browns $ 3 4-ounce cans diced green chilies, drained $ 1 10 3/4-ounce can cream of chicken soup $ 2 cups grated sharp cheddar cheese (about 8 ounces) $ 1 cup sour cream $ ",Cheese $ Dairy $ Potato $ Breakfast $ Side $ Bake $ Cheddar $ Hot Pepper $ Sour Cream $ Bon Appétit $ New Mexico $ Peanut Free $ Tree Nut Free $ Soy Free $ No Sugar Added $ ,American $ Southwestern $ ,3.5/4,11,Cheese $ Dairy $ Potato $ Breakfast $ Side $ Bake $ Cheddar $ Hot Pepper $ Sour Cream $ Bon Appétit $ New Mexico $ Peanut Free $ Tree Nut Free $ Soy Free $ No Sugar Added $ American $ Southwestern $ 
https://www.epicurious.com/recipes/food/views/turkey-enchiladas-adobo-109175,Turkey Enchiladas Adobo ,"8 6-inch-diameter corn tortillas $ 2 tablespoons olive oil $ 1 medium onion, coarsely chopped $ 1 16-ounce can or jar enchilada sauce $ 6 tablespoons chopped fresh cilantro, divided $ 2 teaspoons chopped canned chipotle chiles plus 1 teaspoon adobo sauce $ 2 cups (about 10 ounces) diced roasted turkey $ 3/4 cup 1/3-inch dice assorted red, green, yellow, and/or orange bell peppers, divided $ 1 cup (packed) grated Monterey Jack cheese or Mexican-style cheese blend (about 4 ounces) $ ",Cheese $ Poultry $ turkey $ Broil $ Sauté $ Bell Pepper $ Hot Pepper $ Fall $ Winter $ Cilantro $ Tortillas $ Bon Appétit $ ,American $ Southwestern $ ,2.5/4,12,Cheese $ Poultry $ turkey $ Broil $ Sauté $ Bell Pepper $ Hot Pepper $ Fall $ Winter $ Cilantro $ Tortillas $ Bon Appétit $ American $ Southwestern $ 
https://www.epicurious.com/recipes/food/views/crab-stuffed-jalapeno-fritters-1710,Crab-Stuffed Jalapeño Fritters ,"12 large jalapeños $ 4 ounces crabmeat, well drained $ 1/3 cup minced red onion $ 1/4 cup minced green bell pepper $ 1/4 cup mayonnaise $ 1/2 cup all purpose flour $ 3/4 cup Mexican beer $ Corn oil (for deep frying) $ All purpose flour $ 1/2 avocado, peeled, diced $ 1/2 cup mild salsa, drained $ 1 tablespoon mayonnaise $ ",Appetizer $ Fry $ Crab $ Jalapeño $ Bon Appétit $ Sugar Conscious $ Kidney Friendly $ Pescatarian $ Dairy Free $ Peanut Free $ Tree Nut Free $ Soy Free $ ,Mexican $ Southwestern $ Tex-Mex $ ,2.5/4,12,Appetizer $ Fry $ Crab $ Jalapeño $ Bon Appétit $ Sugar Conscious $ Kidney Friendly $ Pescatarian $ Dairy Free $ Peanut Free $ Tree Nut Free $ Soy Free $ Mexican $ Southwestern $ Tex-Mex $ 
https://www.epicurious.com/recipes/food/views/cheddar-jalapeno-corn-sticks-108741,Cheddar Jalapeño Corn Sticks ,"1 cup yellow cornmeal $ 1 teaspoon sugar $ 1/2 teaspoon baking soda $ 1/2 teaspoon salt $ 1 cup well-shaken buttermilk $ 1 large egg $ 1/4 pound coarsely grated extra-sharp Cheddar (1 cup) $ 1/4 cup finely chopped scallion (white and pale green parts only) $ 1 to 2 tablespoons finely chopped drained pickled jalapeños $ 1/2 stick (1/4 cup) unsalted butter, melted $ Special equipment: 2 well-seasoned cast-iron corn-stick pans, each with 7 (5- by 1 1/2-inch) molds*, or a well-seasoned 9-inch cast-iron skillet $ ",Bread $ Bake $ Thanksgiving $ Vegetarian $ Quick & Easy $ Cheddar $ Cornmeal $ Fall $ Jalapeño $ Gourmet $ ,American $ Southwestern $ ,3.5/4,7,Bread $ Bake $ Thanksgiving $ Vegetarian $ Quick & Easy $ Cheddar $ Cornmeal $ Fall $ Jalapeño $ Gourmet $ American $ Southwestern $ 
https://www.epicurious.com/recipes/food/views/bacon-and-green-chili-quiche-2224,Bacon and Green Chili Quiche ,"1 refrigerated pie crust (half of15-ounce package), room temperature $ 8 strips bacon $ 1 4-ounce can diced green chilies, drained $ 4 green onions, chopped $ 1 cup shredded Monterey Jack cheese (about 4 ounces) $ 1 cup shredded sharp cheddar cheese (about 4 ounces) $ 1 1/4 cups half and half $ 4 eggs $ 1/2 teaspoon salt $ ",Milk/Cream $ Cheese $ Dairy $ Egg $ Onion $ Pork $ Appetizer $ Brunch $ Bake $ Lunch $ Cheddar $ Bacon $ Summer $ Bon Appétit $ New Mexico $ Sugar Conscious $ Peanut Free $ Tree Nut Free $ Soy Free $ ,Southwestern $ ,3.5/4,78,Milk/Cream $ Cheese $ Dairy $ Egg $ Onion $ Pork $ Appetizer $ Brunch $ Bake $ Lunch $ Cheddar $ Bacon $ Summer $ Bon Appétit $ New Mexico $ Sugar Conscious $ Peanut Free $ Tree Nut Free $ Soy Free $ Southwestern $ 
https://www.epicurious.com/recipes/food/views/spaghetti-with-green-chili-pine-nut-meatballs-103903,Spaghetti with Green Chili-Pine Nut Meatballs ,"2 tablespoons extra-virgin olive oil $ 3 garlic cloves, chopped $ 1 28-ounce can crushed tomatoes $ 2 14 1/2-ounce cans diced tomatoes in juice $ Pinch of sugar $ 2/3 cup chicken stock or canned low-salt chicken broth $ 1/3 cup red wine $ 1 tablespoon butter $ 1 pound lean ground beef $ 1/3 cup fresh breadcrumbs made from white bread $ 1/4 cup diced canned mild green chilies $ 1/4 cup pine nuts, toasted $ 1/4 cup chopped onion $ 1/4 cup chopped green bell pepper $ 1 large egg, beaten to blend $ 1 tablespoon tomato paste $ 2 garlic cloves, minced $ 1 teaspoon salt $ 1 teaspoon pepper $ 1/2 teaspoon fennel seeds $ 1/4 teaspoon dried thyme $ 20 ounces (1 1/4 pounds) spaghetti $ Freshly grated Parmesan cheese $ ",Beef $ Dairy $ Nut $ Pasta $ Pepper $ Tomato $ Dinner $ Parmesan $ Meat $ Ground Beef $ Pine Nut $ Fall $ Winter $ Party $ Noodle $ Bon Appétit $ ,Southwestern $ ,3.5/4,12,Beef $ Dairy $ Nut $ Pasta $ Pepper $ Tomato $ Dinner $ Parmesan $ Meat $ Ground Beef $ Pine Nut $ Fall $ Winter $ Party $ Noodle $ Bon Appétit $ Southwestern $ 
https://www.epicurious.com/recipes/food/views/chile-con-queso-y-cerveza-13162,Chile con Queso y Cerveza ,"2 cups grated sharp Cheddar (about 1/4 pound) $ 2 cups grated Jarlsberg (about 1/4 pound) $ 2 tablespoons all-purpose flour $ 1 small onion, minced $ 1 tablespoon unsalted butter $ 3/4 cup beer (not dark) $ 1/2 cup drained canned tomatoes, chopped fine $ 1 bottle pickled jalapeño chili, minced (wear rubber gloves) $ tortilla chips as an accompaniment. $ ",Condiment/Spread $ Beer $ Tomato $ Appetizer $ Vegetarian $ Quick & Easy $ Cheddar $ Swiss Cheese $ Jalapeño $ Gourmet $ Sugar Conscious $ Kidney Friendly $ ,Mexican $ Southwestern $ Tex-Mex $ ,2.5/4,15,Condiment/Spread $ Beer $ Tomato $ Appetizer $ Vegetarian $ Quick & Easy $ Cheddar $ Swiss Cheese $ Jalapeño $ Gourmet $ Sugar Conscious $ Kidney Friendly $ Mexican $ Southwestern $ Tex-Mex $ 
https://www.epicurious.com/recipes/food/views/red-cabbage-blue-cheese-and-walnut-empanadas-104136,"Red Cabbage, Blue Cheese, and Walnut Empañadas ","1 1/3 cups all-purpose flour $ 1 tablespoon dried oregano $ 6 tablespoons vegetable shortening $ 1/4 cup cold water $ 1/4 teaspoon salt $ 1/2 head of red cabbage, cored and juilienned $ 1/2 onion, minced $ 1 jalapeño chile, seeded and minced $ 1 tablespoon whole-grain mustard $ 1 teaspoon prepared horseradish $ Pinch of ground canela or cinnamon $ Pinch of ground allspice $ 1 cup cider vinegar $ 1/2 cup sugar $ 1/2 tablespoon salt $ 1/3 cup crumbled Gorgonzola cheese $ 1/4 cup toasted chopped walnuts $ 1 large egg $ 1/4 cup water $ ",Appetizer $ Bake $ Vegetarian $ Vinegar $ Blue Cheese $ Walnut $ Winter $ Cabbage $ Jalapeño $ Pescatarian $ Peanut Free $ Soy Free $ Kosher $ ,Mexican $ Southwestern $ ,3/4,17,Appetizer $ Bake $ Vegetarian $ Vinegar $ Blue Cheese $ Walnut $ Winter $ Cabbage $ Jalapeño $ Pescatarian $ Peanut Free $ Soy Free $ Kosher $ Mexican $ Southwestern $ 
https://www.epicurious.com/recipes/food/views/scrambled-egg-potato-and-bacon-tostadas-13142,"Scrambled Egg, Potato, and Bacon Tostadas ","vegetable oil for frying tortillas $ twelve 8-inch corn tortillas $ 12 slices bacon (about 1 pound) $ 4 russet (baking) potatoes $ 1/4 cup water $ 1/2 stick (1/4 cup) unsalted butter $ 12 large eggs $ 1 bunch scallions, sliced thin $ red and green tomato salsa $ corn and avocado relish $ sour cream $ chopped fresh coriander sprigs $ ",Egg $ Potato $ Breakfast $ Brunch $ Bake $ Fry $ Kid-Friendly $ Bacon $ Fall $ Gourmet $ Wheat/Gluten-Free $ Peanut Free $ Tree Nut Free $ Soy Free $ No Sugar Added $ ,Southwestern $ ,3/4,5,Egg $ Potato $ Breakfast $ Brunch $ Bake $ Fry $ Kid-Friendly $ Bacon $ Fall $ Gourmet $ Wheat/Gluten-Free $ Peanut Free $ Tree Nut Free $ Soy Free $ No Sugar Added $ Southwestern $ 
https://www.epicurious.com/recipes/food/views/mashed-potatoes-with-cilantro-and-roasted-chilies-3121,Mashed Potatoes with Cilantro and Roasted Chilies ,"2 poblano chilies* $ 4 pounds russet potatoes (about 6 large), peeled, quartered $ 3 garlic cloves, peeled, bruised $ 1 cup warm half and half $ 1/4 cup (1/2 stick) butter, room temperature $ 1/4 cup chopped fresh cilantro $ ",Milk/Cream $ Mixer $ Herb $ Potato $ Side $ Hot Pepper $ Winter $ Bon Appétit $ Sugar Conscious $ Vegetarian $ Pescatarian $ Wheat/Gluten-Free $ Peanut Free $ Tree Nut Free $ Soy Free $ No Sugar Added $ Kosher $ ,Southwestern $ ,3.5/4,9,Milk/Cream $ Mixer $ Herb $ Potato $ Side $ Hot Pepper $ Winter $ Bon Appétit $ Sugar Conscious $ Vegetarian $ Pescatarian $ Wheat/Gluten-Free $ Peanut Free $ Tree Nut Free $ Soy Free $ No Sugar Added $ Kosher $ Southwestern $ 
https://www.epicurious.com/recipes/food/views/santa-fe-clam-chowder-106296,Santa Fe Clam Chowder ,"2 tablespoons extra-virgin olive oil $ 4 ounces Spanish chorizo * or andouille sausage, cut into 1/3-inch dice $ 12 ounces white-skinned potatoes, peeled, cut into 1/2-inch cubes $ 1 medium onion, chopped $ 1 celery stalk, chopped $ 1/3 cup canned diced green chilies $ 1 large jalapeño chili, seeded, chopped $ 1 garlic clove, minced $ 1 teaspoon dried oregano $ 1 teaspoon ground cumin $ 1 cup canned crushed tomatoes with added puree $ 1 cup frozen white corn kernels $ 3 8-ounce bottles clam juice $ 24 littleneck clams, scrubbed $ 6 tablespoons chopped fresh cilantro $ ",Soup/Stew $ Potato $ Tomato $ Sauté $ Sausage $ Clam $ Corn $ Jalapeño $ Cilantro $ Bon Appétit $ ,Southwestern $ ,3.5/4,14,Soup/Stew $ Potato $ Tomato $ Sauté $ Sausage $ Clam $ Corn $ Jalapeño $ Cilantro $ Bon Appétit $ Southwestern $ 
https://www.epicurious.com/recipes/food/views/grilled-chicken-breasts-with-corn-salsa-433,Grilled Chicken Breasts with Corn Salsa ,"1 1/4 cups frozen corn kernels, thawed $ 1/4 cup chopped red onion $ 1/4 cup chopped red bell pepper $ 1/4 cup chopped fresh cilantro $ 1 1/2 tablespoons fresh lime juice $ 2 teaspoons chopped seeded jalapeño chili $ 1/2 cup dark beer $ 1 tablespoon low-sodium soy sauce $ 1 tablespoon chopped fresh cilantro $ 2 teaspoons chopped seeded jalapeño chili $ 2 teaspoons fresh lime juice $ 4 skinless boneless chicken breast halves $ ",Chicken $ Herb $ Low Fat $ Quick & Easy $ Backyard BBQ $ Corn $ Bell Pepper $ Spring $ Summer $ Grill $ Grill/Barbecue $ Healthy $ Jalapeño $ Bon Appétit $ ,American $ Southwestern $ ,3/4,63,Chicken $ Herb $ Low Fat $ Quick & Easy $ Backyard BBQ $ Corn $ Bell Pepper $ Spring $ Summer $ Grill $ Grill/Barbecue $ Healthy $ Jalapeño $ Bon Appétit $ American $ Southwestern $ 
https://www.epicurious.com/recipes/food/views/roasted-red-bell-peppers-106700,Roasted Red Bell Peppers ,2 large red bell peppers $ ,Pepper $ Side $ Roast $ Vegetarian $ Quick & Easy $ Bell Pepper $ Winter $ Parade $ ,Southwestern $ ,0/4,0,Pepper $ Side $ Roast $ Vegetarian $ Quick & Easy $ Bell Pepper $ Winter $ Parade $ Southwestern $ 
https://www.epicurious.com/recipes/food/views/grilled-cumin-chicken-breasts-with-avocado-salsa-10504,Grilled Cumin Chicken Breasts with Avocado Salsa ,"3 whole boneless chicken breasts with skin (about 2 1/2 pounds), halved $ 1 tablespoon vegetable oil $ 4 teaspoons ground cumin $ Accompaniment: Avocado Salsa and corn tortilla chips $ ",Chicken $ Quick & Easy $ Backyard BBQ $ Spice $ Grill $ Grill/Barbecue $ Gourmet $ ,Mexican $ Southwestern $ Tex-Mex $ ,3/4,21,Chicken $ Quick & Easy $ Backyard BBQ $ Spice $ Grill $ Grill/Barbecue $ Gourmet $ Mexican $ Southwestern $ Tex-Mex $ 
https://www.epicurious.com/recipes/food/views/black-bean-green-pepper-and-red-onion-dip-13155,"Black Bean, Green Pepper, and Red Onion Dip ","1 1/2 cups dried black beans, picked over and rinsed $ 2 quarts plus 1/4 cup water $ 1 large green bell pepper, chopped fine, reserving about 1 teaspoon for garnish $ 1 small red onion, chopped fine, reserving about 1 teaspoon for garnish $ 3 tablespoons vegetable oil $ 1 1/2 teaspoons ground cumin, or to taste $ 2 tablespoons cider vinegar, or to taste $ tortilla chips as an accompaniment $ cherry peppers for garnish if desired $ ",Condiment/Spread $ Food Processor $ Bean $ Onion $ Appetizer $ Vegetarian $ Bell Pepper $ Chill $ Gourmet $ ,Mexican $ Southwestern $ Tex-Mex $ ,2/4,9,Condiment/Spread $ Food Processor $ Bean $ Onion $ Appetizer $ Vegetarian $ Bell Pepper $ Chill $ Gourmet $ Mexican $ Southwestern $ Tex-Mex $ 
https://www.epicurious.com/recipes/food/views/chicken-enchiladas-772,Chicken Enchiladas ,"1 16-ounce container light sour cream $ 1 7-ounce can diced green chilies $ 4 large green onions, chopped $ 1/2 cup chopped fresh cilantro $ 1 1/2 teaspoons ground cumin $ 2 cups diced cooked chicken $ 2 cups packed grated sharp cheddar cheese (about 8 ounces) $ 8 8-inch-diameter flour tortillas $ 1 8-ounce package light cream cheese, cut lengthwise into 8 strips $ 1 1/2 16-ounce bottles mild picante sauce or salsa $ Additional chopped fresh cilantro (optional) $ ",Chicken $ Herb $ Bake $ Kid-Friendly $ Cheddar $ Cream Cheese $ Sour Cream $ Bon Appétit $ Washington $ ,Mexican $ Southwestern $ Tex-Mex $ ,3.5/4,263,Chicken $ Herb $ Bake $ Kid-Friendly $ Cheddar $ Cream Cheese $ Sour Cream $ Bon Appétit $ Washington $ Mexican $ Southwestern $ Tex-Mex $ 
https://www.epicurious.com/recipes/food/views/black-bean-soup-with-cilantro-lime-sour-cream-3186,Black Bean Soup with Cilantro-Lime Sour Cream ,"1 16-ounce package (about 2 1/2 cups) dried black beans $ 6 bacon slices, chopped $ 3/4 cup finely chopped celery $ 3/4 cup finely chopped onion $ 3/4 cup finely chopped carrots $ 3/4 cup finely chopped leeks $ 10 cups canned low-salt chicken broth $ 1 large tomato, chopped $ 1 cup (packed) chopped fresh cilantro $ 1/3 cup (packed) chopped fresh parsley $ 1 1/2 tablespoons minced garlic $ 1 jalapeño chili, minced $ 1 tablespoon red wine vinegar $ 2 teaspoons ground cumin $ 1 teaspoon ground coriander $ 3/4 cup sour cream $ 2 teaspoons fresh lemon juice $ 2 teaspoons fresh lime juice $ Additional chopped fresh cilantro $ Additional chopped tomato $ ",Soup/Stew $ Blender $ Bean $ Tomato $ Super Bowl $ Lunch $ Lime $ Bacon $ Healthy $ Sour Cream $ Bon Appétit $ Wheat/Gluten-Free $ Peanut Free $ Tree Nut Free $ Soy Free $ No Sugar Added $ ,Southwestern $ ,3.5/4,55,Soup/Stew $ Blender $ Bean $ Tomato $ Super Bowl $ Lunch $ Lime $ Bacon $ Healthy $ Sour Cream $ Bon Appétit $ Wheat/Gluten-Free $ Peanut Free $ Tree Nut Free $ Soy Free $ No Sugar Added $ Southwestern $ 
https://www.epicurious.com/recipes/food/views/santa-fe-potato-salad-2266,Santa Fe Potato Salad ,"1/2 cup olive oil $ 6 tablespoons fresh lime juice $ 3 large garlic cloves, peeled $ 2 tablespoons chopped jalapeño chilies with seeds $ 3 1/2 teaspoons ground cumin $ 1 teaspoon dried oregano $ 1 15-ounce can golden hominy, drained $ 3/4 cup chopped fresh cilantro $ 2/3 cup diced peeled jicama $ 1/2 cup chopped white onion $ 2 pounds medium-large Yukon Gold potatoes (about 6), unpeeled $ ",Salad $ Potato $ Side $ Steam $ Summer $ Jícama $ Jalapeño $ Bon Appétit $ ,Southwestern $ ,3/4,18,Salad $ Potato $ Side $ Steam $ Summer $ Jícama $ Jalapeño $ Bon Appétit $ Southwestern $ 
https://www.epicurious.com/recipes/food/views/tomatillo-salsa-10501,Tomatillo Salsa ,"1 large fresh jalapeño chili $ 1 pound tomatillos, husks discarded $ 1 tablespoon minced fresh coriander sprigs $ 1/2 cup finely chopped red onion $ 1/2 cup sour cream $ Garnish: small coriander sprig $ Accompaniment: Spiced Curly Tortilla Chips $ ",Condiment/Spread $ Sauce $ Blender $ Food Processor $ Herb $ Onion $ Vegetable $ Vegetarian $ Quick & Easy $ Chill $ Tomatillo $ Jalapeño $ Sour Cream $ Gourmet $ ,Mexican $ Southwestern $ Tex-Mex $ ,3/4,1,Condiment/Spread $ Sauce $ Blender $ Food Processor $ Herb $ Onion $ Vegetable $ Vegetarian $ Quick & Easy $ Chill $ Tomatillo $ Jalapeño $ Sour Cream $ Gourmet $ Mexican $ Southwestern $ Tex-Mex $ 
https://www.epicurious.com/recipes/food/views/avocado-salsa-14221,Avocado Salsa ,"2 large shallots $ 3 garlic cloves $ 2 tablespoons chopped fresh coriander $ 10 medium tomatillos (about 1/2 pound) $ 2 firm-ripe California avocados $ 1 tablespoon fresh lime juice, or to taste $ ",Condiment/Spread $ Garlic $ No-Cook $ Quick & Easy $ Wheat/Gluten-Free $ Lime $ Avocado $ Chill $ Tomatillo $ Shallot $ Cilantro $ Gourmet $ ,Mexican $ Southwestern $ Tex-Mex $ ,4/4,1,Condiment/Spread $ Garlic $ No-Cook $ Quick & Easy $ Wheat/Gluten-Free $ Lime $ Avocado $ Chill $ Tomatillo $ Shallot $ Cilantro $ Gourmet $ Mexican $ Southwestern $ Tex-Mex $ 
https://www.epicurious.com/recipes/food/views/southwest-turkey-burgers-105263,Southwest Turkey Burgers ,10 ounces ground turkey $ 1/2 cup plus 2 tablespoons chopped green onions $ 6 tablespoons chopped fresh cilantro $ 2 teaspoons minced canned chipotle chilies $ 2 teaspoons ground cumin $ 2 9- to 10-inch flour tortillas $ 4 tablespoons purchased guacamole $ Purchased fresh salsa $ ,turkey $ Summer $ Grill/Barbecue $ Cilantro $ Tortillas $ Bon Appétit $ ,Southwestern $ ,3/4,23,turkey $ Summer $ Grill/Barbecue $ Cilantro $ Tortillas $ Bon Appétit $ Southwestern $ 
https://www.epicurious.com/recipes/food/views/southwest-corn-chili-and-cumin-saute-107315,"Southwest Corn, Chili, and Cumin Sauté ","3 medium poblano chilies* (about 9 ounces total) $ 1/4 cup (1/2 stick) butter $ 1 1/2 tablespoons cumin seeds $ 1 medium-size red onion, chopped $ 2 16-ounce bags frozen mixed white and yellow corn kernels or one 16-ounce bag each yellow and white corn kernels, thawed, drained $ 2 teaspoons dried oregano $ 1 teaspoon (or more) chopped canned chipotle chilies** $ 1 large bunch radishes, trimmed, sliced into rounds $ 3/4 cup chopped fresh cilantro $ 1 tablespoon fresh lime juice $ 2 teaspoons grated lime peel $ Lime wedges (optional) $ ",Pepper $ Vegetable $ Side $ Sauté $ Thanksgiving $ Fall $ Bon Appétit $ Vegetarian $ Pescatarian $ Wheat/Gluten-Free $ Peanut Free $ Tree Nut Free $ Soy Free $ No Sugar Added $ Kosher $ ,American $ Southwestern $ ,2.5/4,4,Pepper $ Vegetable $ Side $ Sauté $ Thanksgiving $ Fall $ Bon Appétit $ Vegetarian $ Pescatarian $ Wheat/Gluten-Free $ Peanut Free $ Tree Nut Free $ Soy Free $ No Sugar Added $ Kosher $ American $ Southwestern $ 
https://www.epicurious.com/recipes/food/views/tomatillo-celery-salsa-15188,Tomatillo Celery Salsa ,1 pound fresh tomatillos $ 4 celery ribs $ 1 cup packed fresh cilantro sprigs $ 6 radishes $ 1 tablespoon fresh lemon juice $ ,Condiment/Spread $ Sauce $ Blender $ Food Processor $ Vegetable $ No-Cook $ Low Fat $ Vegetarian $ Quick & Easy $ Low/No Sugar $ Celery $ Radish $ Summer $ Healthy $ Vegan $ Tomatillo $ Cilantro $ Gourmet $ ,Southwestern $ Tex-Mex $ ,3/4,2,Condiment/Spread $ Sauce $ Blender $ Food Processor $ Vegetable $ No-Cook $ Low Fat $ Vegetarian $ Quick & Easy $ Low/No Sugar $ Celery $ Radish $ Summer $ Healthy $ Vegan $ Tomatillo $ Cilantro $ Gourmet $ Southwestern $ Tex-Mex $ 
https://www.epicurious.com/recipes/food/views/spicy-garbanzo-bean-and-turkey-sausage-soup-458,Spicy Garbanzo Bean and Turkey Sausage Soup ,"1 teaspoon olive oil $ 3/4 pound turkey sausage, casings removed, crumbled $ 8 large garlic cloves, chopped $ 1 cup canned diced peeled tomatoes with juices $ 2 tablespoons thinly sliced seeded jalapeño chili $ 1 teaspoon ground cumin $ 1 teaspoon chopped fresh rosemary or 1/2 teaspoon dried $ 3 15- to 16-ounce cans garbanzo beans (chick-peas), undrained $ 2 cups canned chicken broth or beef broth $ 2 tablespoons fresh lemon juice $ Chopped fresh cilantro $ 1 avocado, peeled, sliced $ ",Soup/Stew $ Bean $ Tomato $ turkey $ Quick & Easy $ High Fiber $ Poultry Sausage $ Chickpea $ Winter $ Healthy $ Jalapeño $ Bon Appétit $ ,Southwestern $ ,3.5/4,120,Soup/Stew $ Bean $ Tomato $ turkey $ Quick & Easy $ High Fiber $ Poultry Sausage $ Chickpea $ Winter $ Healthy $ Jalapeño $ Bon Appétit $ Southwestern $ 
https://www.epicurious.com/recipes/food/views/santa-fe-pizza-104827,Santa Fe Pizza ,"1 10-ounce purchased fully baked thin pizza crust $ 1 3/4 cups grated sharp cheddar cheese $ 2 cups roast chicken strips $ 1/2 teaspoon ground cumin $ 1/2 cup thinly sliced red onion $ 6 tablespoons frozen corn kernels, thawed, drained $ 6 tablespoons chopped fresh cilantro $ 2 large jalapeño chilies, cut into thin rounds, seeded $ 2/3 cup drained purchased refrigerated fresh salsa $ ",Cheese $ Chicken $ Bake $ Kid-Friendly $ Quick & Easy $ Back to School $ Cheddar $ Corn $ Jalapeño $ Cilantro $ Bon Appétit $ ,Southwestern $ ,3.5/4,39,Cheese $ Chicken $ Bake $ Kid-Friendly $ Quick & Easy $ Back to School $ Cheddar $ Corn $ Jalapeño $ Cilantro $ Bon Appétit $ Southwestern $ 
https://www.epicurious.com/recipes/food/views/sweet-onion-quesadillas-11920,Sweet-Onion Quesadillas ,"1 medium-large sweet onion such as Vidalia or Walla Walla $ olive oil for brushing onion and tortillas $ four 6- to 7-inch flour tortillas $ 3/4 cup grated Monterey Jack cheese with hot peppers (about 3 ounces) $ 1/4 cup packed fresh coriander sprigs, washed well, spun dry, and chopped coarse. $ ",Cheese $ Onion $ Side $ Vegetarian $ Quick & Easy $ Backyard BBQ $ Lunch $ Grill $ Grill/Barbecue $ Gourmet $ Pescatarian $ Peanut Free $ Tree Nut Free $ Soy Free $ Kosher $ ,Southwestern $ Tex-Mex $ ,3.5/4,7,Cheese $ Onion $ Side $ Vegetarian $ Quick & Easy $ Backyard BBQ $ Lunch $ Grill $ Grill/Barbecue $ Gourmet $ Pescatarian $ Peanut Free $ Tree Nut Free $ Soy Free $ Kosher $ Southwestern $ Tex-Mex $ 
https://www.epicurious.com/recipes/food/views/nopalito-salsa-1117,Nopalito Salsa ,"1 1/3 cups canned or bottled nopalitos, rinsed, drained, diced (about one 11-ounce jar) or 1 1/3 cups diced cooked green beans $ 3/4 cup diced peeled jicama $ 2 small tomatoes, diced $ 1/3 cup diced onion $ 1/4 cup chopped fresh cilantro $ 3 tablespoons red wine vinegar $ 1 tablespoon olive oil $ 1 serrano chili or small jalapeño chili, minced $ 1 garlic clove, minced $ ",Condiment/Spread $ Tomato $ No-Cook $ Vegetarian $ Quick & Easy $ Cinco de Mayo $ Hot Pepper $ Summer $ Healthy $ Vegan $ Jícama $ Bon Appétit $ ,Southwestern $ Tex-Mex $ ,3.5/4,1,Condiment/Spread $ Tomato $ No-Cook $ Vegetarian $ Quick & Easy $ Cinco de Mayo $ Hot Pepper $ Summer $ Healthy $ Vegan $ Jícama $ Bon Appétit $ Southwestern $ Tex-Mex $ 
https://www.epicurious.com/recipes/food/views/two-bean-chili-with-vegetables-1125,Two-Bean Chili with Vegetables ,"3 tablespoons butter $ 2 large onions, chopped $ 4 garlic cloves, chopped $ 2 pounds ground beef $ 2 1/2 tablespoons chili powder $ 1 tablespoon ground cumin $ 1/2 teaspoon cayenne pepper $ 1 28-ounce can crushed tomatoes $ 1 14 1/2-ounce can beef broth $ 2 medium white potatoes, peeled, diced $ 2 large carrots, peeled, diced $ 1 bell pepper, diced $ 3/4 cup chili sauce $ 1 15 1/4-ounce can kidney beans, drained $ 1 15-ounce can pinto beans, drained $ ",Soup/Stew $ Bean $ Onion $ Tomato $ Super Bowl $ Kid-Friendly $ Quick & Easy $ Spice $ Winter $ Potluck $ Bon Appétit $ Arizona $ ,American $ Southwestern $ ,3.5/4,31,Soup/Stew $ Bean $ Onion $ Tomato $ Super Bowl $ Kid-Friendly $ Quick & Easy $ Spice $ Winter $ Potluck $ Bon Appétit $ Arizona $ American $ Southwestern $ 
https://www.epicurious.com/recipes/food/views/southwest-style-salisbury-steaks-102181,Southwest-Style Salisbury Steaks ,"1 1/2 pounds ground chuck beef $ 1/2 cup shredded Monterey Jack cheese $ 1/4 cup chopped fresh cilantro $ 1 4-ounce can chopped mild green chilies $ 2 tablespoons minced green onions $ 1 tablespoon tequila $ 2 teaspoons chili powder $ 1 teaspoon salt $ 1 avocado, pitted, peeled, sliced $ Lime-pickled Red Onions $ Purchased salsas $ ",Beef $ Hot Pepper $ Fall $ Grill/Barbecue $ Monterey Jack $ Bon Appétit $ ,American $ Southwestern $ ,3/4,17,Beef $ Hot Pepper $ Fall $ Grill/Barbecue $ Monterey Jack $ Bon Appétit $ American $ Southwestern $ 
https://www.epicurious.com/recipes/food/views/chicken-and-bell-pepper-fajitas-1522,Chicken and Bell Pepper Fajitas ,"4 skinless boneless chicken breast halves $ 5 tablespoons vegetable oil $ 1/4 cup fresh lime juice $ 1 tablespoon minced garlic $ 1/2 teaspoon salt $ 1/4 teaspoon ground pepper $ 8 6-inch diameter flour tortillas $ 1 large red onion, sliced $ 1 large red bell pepper, cut into 3/4-inch-wide strips $ 1 large yellow or green bell pepper, cut into 3/4-inch-wide strips $ Sour Cream $ ",Chicken $ Onion $ Pepper $ Marinate $ Sauté $ Bon Appétit $ ,Mexican $ Southwestern $ Tex-Mex $ ,3.5/4,90,Chicken $ Onion $ Pepper $ Marinate $ Sauté $ Bon Appétit $ Mexican $ Southwestern $ Tex-Mex $ 
https://www.epicurious.com/recipes/food/views/southwestern-corn-bread-stuffing-5001,Southwestern Corn Bread Stuffing ,"Buttermilk Corn Bread $ 6 tablespoons (3/4 stick) butter $ 1 1/2 cups chopped onions $ 1 1/2 cups chopped green bell peppers $ 4 large poblano chilies, stemmed, seeded, chopped $ 3 large jalapeño chilies, stemmed, seeded, chopped $ 1/4 cup chopped fresh sage or 4 teaspoons dried rubbed sage $ 1 1/2 tablespoons dried oregano $ 3/4 cup chopped fresh cilantro $ 1 1/2 cups crushed corn chips (such as Fritos) $ 1 1/2 cups frozen corn kernels, thawed $ 3 large eggs, beaten to blend $ 1 1/4 cups (about) canned cream-style corn $ ",Herb $ Pepper $ Side $ Bake $ Christmas $ Thanksgiving $ Stuffing/Dressing $ Corn $ Fall $ Winter $ Jalapeño $ Hominy/Cornmeal/Masa $ Bon Appétit $ ,American $ Southwestern $ ,3.5/4,13,Herb $ Pepper $ Side $ Bake $ Christmas $ Thanksgiving $ Stuffing/Dressing $ Corn $ Fall $ Winter $ Jalapeño $ Hominy/Cornmeal/Masa $ Bon Appétit $ American $ Southwestern $ 
https://www.epicurious.com/recipes/food/views/spicy-guacamole-1314,Spicy Guacamole ,"1 large ripe avocado, peeled, pitted $ 2 teaspoons fresh lime juice $ 1/2 cup chopped fresh cilantro $ 1/4 cup finely chopped onion $ 2 large garlic cloves, finely chopped $ 2 large serrano chilies seeded, chopped $ 1/4 teaspoon salt $ ",Condiment/Spread $ No-Cook $ Quick & Easy $ Cinco de Mayo $ Avocado $ Hot Pepper $ Bon Appétit $ New Mexico $ snack $ snack week $ ,Southwestern $ ,3.5/4,36,Condiment/Spread $ No-Cook $ Quick & Easy $ Cinco de Mayo $ Avocado $ Hot Pepper $ Bon Appétit $ New Mexico $ snack $ snack week $ Southwestern $ 
https://www.epicurious.com/recipes/food/views/tomatillo-avocado-dip-4089,Tomatillo-Avocado Dip ,"1 pound tomatillos, husked $ 1 avocado, pitted, peeled $ 1 cup loosely packed cilantro leaves $ 1/3 cup sour cream $ 5 garlic cloves $ 3 tablespoons fresh lime juice $ 1 1/2 medium jalape&;ntilde;o chilies, stemmed, seeded, chopped $ ",Condiment/Spread $ Blender $ Garlic $ Super Bowl $ Vegetarian $ Quick & Easy $ Avocado $ Tomatillo $ Jalapeño $ Sour Cream $ Bon Appétit $ ,Southwestern $ Tex-Mex $ ,3/4,7,Condiment/Spread $ Blender $ Garlic $ Super Bowl $ Vegetarian $ Quick & Easy $ Avocado $ Tomatillo $ Jalapeño $ Sour Cream $ Bon Appétit $ Southwestern $ Tex-Mex $ 
https://www.epicurious.com/recipes/food/views/toasted-jalapeno-corn-bread-3014,Toasted Jalapeño Corn Bread ,"3 tablespoons olive oil $ 1 1/2 cups chopped onions $ 1/4 cup minced seeded jalapeño chilies $ 1 1/2 cups yellow cornmeal $ 1 1/2 cups all purpose flour $ 1 tablespoon baking powder $ 2 teaspoons salt $ 3/4 teaspoon baking soda $ 1 1/2 cups buttermilk $ 3 large eggs, separated $ 1/4 cup ( 1/2 stick) unsalted butter, melted $ 1 tablespoon plus 1 teaspoon sugar $ ",Bread $ Mixer $ Egg $ Onion $ Bake $ Cinco de Mayo $ Lunch $ Cornmeal $ Winter $ Shower $ Jalapeño $ Bon Appétit $ Sugar Conscious $ Kidney Friendly $ Vegetarian $ Pescatarian $ Peanut Free $ Tree Nut Free $ Soy Free $ Kosher $ ,American $ Southwestern $ ,2.5/4,2,Bread $ Mixer $ Egg $ Onion $ Bake $ Cinco de Mayo $ Lunch $ Cornmeal $ Winter $ Shower $ Jalapeño $ Bon Appétit $ Sugar Conscious $ Kidney Friendly $ Vegetarian $ Pescatarian $ Peanut Free $ Tree Nut Free $ Soy Free $ Kosher $ American $ Southwestern $ 
https://www.epicurious.com/recipes/food/views/southwestern-black-bean-dip-14652,Southwestern Black Bean Dip ,"2 large garlic cloves, minced $ 1/2 large green bell pepper, chopped $ 1/2 medium onion, chopped $ 1 teaspoon vegetable oil $ two 15-ounce cans black beans, rinsed and drained well $ 3 tablespoons fresh lime juice $ 1/4 cup packed fresh coriander sprigs, washed well and spun dry $ 1 teaspoon ground coriander seeds $ 1 teaspoon ground cumin, or to taste $ 1/2 teaspoon cayenne, or to taste $ 1/4 teaspoon salt, or to taste $ freshly ground black pepper to taste $ 2 tablespoons water $ Accompaniment: baked tortilla chips or crudités $ ",Condiment/Spread $ Bean $ Herb $ Onion $ Chill $ Gourmet $ ,Southwestern $ ,3.5/4,27,Condiment/Spread $ Bean $ Herb $ Onion $ Chill $ Gourmet $ Southwestern $ 
https://www.epicurious.com/recipes/food/views/southwest-turkey-burgers-with-corn-salsa-108309,Southwest Turkey Burgers with Corn Salsa ,1 1/2 pounds ground turkey $ 1/2 cup finely crushed tortilla chips (crushed in resealable plastic bag with mallet) $ 6 tablespoons chopped fresh cilantro $ 1 tablespoon chili powder $ 1 teaspoon salt $ 1 teaspoon ground cumin $ 1/2 teaspoon ground black pepper $ 1 cup purchased chunky salsa $ 1/3 cup fresh corn kernels $ ,Sandwich $ Poultry $ turkey $ Vegetable $ Corn $ Summer $ Grill/Barbecue $ Bon Appétit $ ,American $ Southwestern $ ,3.5/4,56,Sandwich $ Poultry $ turkey $ Vegetable $ Corn $ Summer $ Grill/Barbecue $ Bon Appétit $ American $ Southwestern $ 
https://www.epicurious.com/recipes/food/views/light-and-creamy-guacamole-3089,Light and Creamy Guacamole ,"1 1/2 cups plain nonfat yogurt $ 1 large ripe avocado, peeled, pitted, $ 1/4 cup chopped green onions $ 1/4 cup chopped fresh cilantro $ 1 teaspoon fresh lemon juice $ 1/4 teaspoon ground cumin $ 3 carrots, peeled, sliced diagonally $ 1 small jicama, peeled, cut into 1/4-inch-thick triangles $ 1 bunch radishes, trimmed sliced $ Fresh cilantro sprigs $ ",Condiment/Spread $ Food Processor $ No-Cook $ Super Bowl $ Low Fat $ Vegetarian $ Yogurt $ Graduation $ Buffet $ Avocado $ Healthy $ Bon Appétit $ ,Mexican $ Southwestern $ ,3/4,7,Condiment/Spread $ Food Processor $ No-Cook $ Super Bowl $ Low Fat $ Vegetarian $ Yogurt $ Graduation $ Buffet $ Avocado $ Healthy $ Bon Appétit $ Mexican $ Southwestern $ 
https://www.epicurious.com/recipes/food/views/roasted-tomatillo-salsa-102586,Roasted Tomatillo Salsa ,"1 1/2 pounds fresh tomatillos or 3 (11-ounce) cans tomatillos $ 5 fresh serrano chiles $ 3 garlic cloves, unpeeled $ 1/2 cup fresh cilantro $ 1 large onion, coarsely chopped $ 2 teaspoons coarse salt $ ",Condiment/Spread $ Blender $ Garlic $ Pepper $ Side $ Broil $ Fall $ Tomatillo $ Gourmet $ ,Mexican $ Southwestern $ ,3.5/4,86,Condiment/Spread $ Blender $ Garlic $ Pepper $ Side $ Broil $ Fall $ Tomatillo $ Gourmet $ Mexican $ Southwestern $ 
https://www.epicurious.com/recipes/food/views/southwestern-succotash-105826,Southwestern Succotash ,"1 16-ounce bag frozen lima beans $ 1 16-ounce bag frozen sweet white corn $ 2 tablespoons olive oil $ 1 tablespoon cumin seeds $ 1 onion, chopped $ 2 red bell peppers, chopped $ 2 poblano chilies,* seeded, chopped $ 4 garlic cloves, minced $ 2 tablespoons chopped fresh oregano $ 1 14 1/2-ounce can low-salt chicken broth $ 1/2 cup whipping cream $ 2/3 cup chopped fresh cilantro $ ",Corn $ Lima Bean $ Bell Pepper $ Hot Pepper $ Summer $ Cilantro $ Bon Appétit $ ,Southwestern $ ,3.5/4,18,Corn $ Lima Bean $ Bell Pepper $ Hot Pepper $ Summer $ Cilantro $ Bon Appétit $ Southwestern $ 
https://www.epicurious.com/recipes/food/views/lime-mojo-102882,Lime Mojo ,"2 tablespoons ground cumin $ 1 1/2 cups olive oil $ 1/4 cup minced seeded jalapeño chilies $ 12 garlic cloves, minced $ 1 teaspoon salt $ 1 teaspoon ground black pepper $ 3/4 cup fresh lime juice $ 1/2 cup chopped fresh cilantro $ 3 tablespoons Sherry wine vinegar $ ",Sauce $ Fruit Juice $ Garlic $ Pepper $ Quick & Easy $ Vinegar $ Lime $ Winter $ Jalapeño $ Cilantro $ Bon Appétit $ ,Southwestern $ ,4/4,18,Sauce $ Fruit Juice $ Garlic $ Pepper $ Quick & Easy $ Vinegar $ Lime $ Winter $ Jalapeño $ Cilantro $ Bon Appétit $ Southwestern $ 
https://www.epicurious.com/recipes/food/views/southwest-fusilli-with-tomatoes-garlic-and-chilies-100961,"Southwest Fusilli with Tomatoes, Garlic and Chilies ",2 3/4 pounds plum tomatoes $ 1/3 cup olive oil $ 2 tablespoons plus 2 teaspoons minced garlic $ 2/3 cup chopped fresh cilantro $ 1/3 cup chopped red onion $ 2 tablespoons plus 2 teaspoons fresh lime juice $ 4 teaspoons minced serrano or jalapeño chilies $ 4 teaspoons tomato paste $ 2 3/4 teaspoons chili powder $ 12 ounces fusilli or other corkscrew pasta $ 1 1/3 cups (about 6 ounces) crumbled feta cheese $ 1/4 cup chopped fresh cilantro $ ,Garlic $ Pasta $ Tomato $ Vegetable $ Appetizer $ Father's Day $ Summer $ Potluck $ Bon Appétit $ Vegetarian $ Pescatarian $ Peanut Free $ Tree Nut Free $ Soy Free $ No Sugar Added $ Kosher $ ,Southwestern $ ,3/4,26,Garlic $ Pasta $ Tomato $ Vegetable $ Appetizer $ Father's Day $ Summer $ Potluck $ Bon Appétit $ Vegetarian $ Pescatarian $ Peanut Free $ Tree Nut Free $ Soy Free $ No Sugar Added $ Kosher $ Southwestern $ 
https://www.epicurious.com/recipes/food/views/beef-tenderloin-steaks-with-chili-sauce-102999,Beef Tenderloin Steaks with Chili Sauce ,"1 large dried ancho chili* $ 1/2 dried New Mexico chili* $ 1 large plum tomato $ 1 cup water $ 4 tablespoons olive oil $ 6 garlic cloves, chopped $ 1 cup (or more) chicken stock or canned low-salt chicken broth $ 1 cup beef stock or canned beef broth $ 2 cups dry red wine $ 2 tablespoons (1/4 stick) butter $ 1/2 teaspoon minced fresh rosemary $ 4 6- to 7-ounce beef tenderloin steaks (about 1 inch thick) $ ",Beef $ Pepper $ Vegetable $ Sauté $ Low Carb $ Dinner $ Beef Tenderloin $ Steak $ Hot Pepper $ Fall $ Spring $ Summer $ Winter $ Bon Appétit $ Wheat/Gluten-Free $ Peanut Free $ Tree Nut Free $ Soy Free $ ,Mexican $ Southwestern $ ,3.5/4,20,Beef $ Pepper $ Vegetable $ Sauté $ Low Carb $ Dinner $ Beef Tenderloin $ Steak $ Hot Pepper $ Fall $ Spring $ Summer $ Winter $ Bon Appétit $ Wheat/Gluten-Free $ Peanut Free $ Tree Nut Free $ Soy Free $ Mexican $ Southwestern $ 
https://www.epicurious.com/recipes/food/views/pork-and-new-mexican-chile-sauce-107204,Pork and New Mexican Chile Sauce ,"2 pounds boneless pork shoulder, cut into 1-inch cubes $ 3 ounces dried mild red New Mexican chile pods (10 to 12) $ 4 garlic cloves $ 1 tablespoon garlic powder $ 3 cups water $ 1 1/2 teaspoons salt $ Accompaniments: refried beans and cooked white rice $ ",Blender $ Garlic $ Pork $ Bake $ Roast $ Hot Pepper $ Gourmet $ ,Southwestern $ ,3/4,11,Blender $ Garlic $ Pork $ Bake $ Roast $ Hot Pepper $ Gourmet $ Southwestern $ 
https://www.epicurious.com/recipes/food/views/chipotle-pico-de-gallo-1565,Chipotle Pico de Gallo ,"1/4 cup fresh lime juice $ 2 teaspoons minced canned chipotle chilies in adobo sauce $ 4 garlic cloves, minced $ 2 cups chopped seed tomatoes $ 1 cup chopped onion $ 1/2 cup chopped fresh cilantro $ ",Condiment/Spread $ Herb $ Onion $ Pepper $ Tomato $ Appetizer $ No-Cook $ Vegetarian $ Quick & Easy $ Wheat/Gluten-Free $ Lime $ Summer $ Bon Appétit $ Fat Free $ Vegan $ Pescatarian $ Paleo $ Dairy Free $ Peanut Free $ Tree Nut Free $ Soy Free $ No Sugar Added $ Kosher $ ,Mexican $ Southwestern $ Tex-Mex $ ,2.5/4,3,Condiment/Spread $ Herb $ Onion $ Pepper $ Tomato $ Appetizer $ No-Cook $ Vegetarian $ Quick & Easy $ Wheat/Gluten-Free $ Lime $ Summer $ Bon Appétit $ Fat Free $ Vegan $ Pescatarian $ Paleo $ Dairy Free $ Peanut Free $ Tree Nut Free $ Soy Free $ No Sugar Added $ Kosher $ Mexican $ Southwestern $ Tex-Mex $ 
https://www.epicurious.com/recipes/food/views/chili-con-carne-with-chili-cheddar-shortcakes-10299,Chili con Carne with Chili Cheddar Shortcakes ,"1 1/2 cups all-purpose flour $ 2 teaspoons double-acting baking powder $ 1/2 teaspoon baking soda $ 1/2 teaspoon salt $ 2 tablespoons cold unsalted butter, cut into bits $ 1/4 pound sharp Cheddar, grated coarse (about 1 1/2 cups) $ four 2-inch pickled jalapeño chilies, seeded and minced (wear rubber gloves) $ 1 cup sour cream $ 2 large onions, chopped (about 3 cups) $ 1/4 cup vegetable oil $ 1 tablespoon minced garlic $ 2 carrots, sliced thin $ 3 pounds boneless beef chuck, ground coarse in batches in a food processor or by the butcher $ 1/4 cup chili powder $ 1 tablespoon ground cumin $ 2 tablespoons paprika $ 1 tablespoon crumbled dried oregano $ 1 tablespoon dried hot red pepper flakes, or to taste $ two 8-ounce cans tomato sauce $ 1 1/4 cups beef broth $ 3 tablespoons cider vinegar $ a 19-ounce can kidney beans, rinsed and drained $ 2 green bell peppers, chopped $ ",Bean $ Beef $ Cheese $ Tomato $ Bake $ Super Bowl $ Cheddar $ Bell Pepper $ Winter $ Jalapeño $ Gourmet $ ,Southwestern $ Tex-Mex $ ,3.5/4,226,Bean $ Beef $ Cheese $ Tomato $ Bake $ Super Bowl $ Cheddar $ Bell Pepper $ Winter $ Jalapeño $ Gourmet $ Southwestern $ Tex-Mex $ 
https://www.epicurious.com/recipes/food/views/chicken-and-black-bean-guacamole-tostadas-1761,Chicken and Black-Bean Guacamole Tostadas ,"1 large ripe avocado, peeled, pitted $ 4 teaspoons fresh lime juice $ 2/3 cup canned black beans, rinsed, drained $ 2 green onions, chopped $ Hot pepper sauce (such as Tabasco) $ 2 cooked chicken breast halves, shredded (about 1 3/4 cups) $ 1 tomato, seeded, chopped $ 2 tablespoons chopped fresh cilantro $ 1 teaspoon ground cumin $ Lime juice $ 4 purchased tostada shells (crisp corn tortillas) $ 2 cups shredded lettuce $ 2/3 cup crumbled mild goat cheese (such as Montrachet) or feta cheese $ Purchased salsa $ ",Bean $ Cheese $ Chicken $ Tomato $ No-Cook $ Quick & Easy $ Avocado $ Bon Appétit $ New York $ ,Mexican $ Southwestern $ Tex-Mex $ ,3.5/4,40,Bean $ Cheese $ Chicken $ Tomato $ No-Cook $ Quick & Easy $ Avocado $ Bon Appétit $ New York $ Mexican $ Southwestern $ Tex-Mex $ 
https://www.epicurious.com/recipes/food/views/southwestern-christmas-salad-2818,Southwestern Christmas Salad ,"2 tablespoons fresh lemon juice $ 1 teaspoon Dijon mustard $ 7 tablespoons olive oil $ 1 jalapeno chili, seeded, minced $ 2 teaspoons chopped fresh rosemary or 1 teaspoon dried, crumbled $ 4 navel oranges $ 2 pink grapefruit $ 1 head red leaf lettuce or Boston lettuce $ 3 avocados, peeled, pitted, sliced $ 1/4 cup pine nuts, toasted $ Pomegranate seeds (optional) $ 1 small red onion, thinly sliced, rings separated $ ",Salad $ Fruit $ Leafy Green $ No-Cook $ Vegetarian $ Grapefruit $ Orange $ Pine Nut $ Avocado $ Winter $ Healthy $ Christmas Eve $ Bon Appétit $ ,Mexican $ Southwestern $ ,3/4,20,Salad $ Fruit $ Leafy Green $ No-Cook $ Vegetarian $ Grapefruit $ Orange $ Pine Nut $ Avocado $ Winter $ Healthy $ Christmas Eve $ Bon Appétit $ Mexican $ Southwestern $ 
https://www.epicurious.com/recipes/food/views/southwestern-club-sandwich-86,Southwestern Club Sandwich ,"4 tablespoons mayonnaise $ 2 tablespoons chopped fresh cilantro $ 1 large garlic clove, pressed $ 1 small jalapeño chili, minced $ 1/2 teaspoon ground cumin $ 6 slices hickory-smoked bacon $ 4 slices sourdough bread $ 8 thin slices smoked turkey (about 4 ounces) $ 4 large tomato slices $ 1/2 avocado, pitted, peeled, sliced $ Romaine lettuce leaves $ ",Pork $ Poultry $ turkey $ Quick & Easy $ Poker/Game Night $ Bon Appétit $ ,American $ Southwestern $ ,3.5/4,27,Pork $ Poultry $ turkey $ Quick & Easy $ Poker/Game Night $ Bon Appétit $ American $ Southwestern $ 
https://www.epicurious.com/recipes/food/views/guacamole-with-scallion-and-coriander-13154,Guacamole with Scallion and Coriander ,"3 avocados (preferably California) $ 1/4 cup finely chopped scallion, or to taste $ 1/4 cup finely chopped fresh coriander $ 2 tablespoons fresh lemon juice, or to taste $ tortilla chips as an accompaniment $ cherry peppers for garnish if desired $ ",Condiment/Spread $ Herb $ Appetizer $ No-Cook $ Vegetarian $ Quick & Easy $ Avocado $ Chill $ Gourmet $ Sugar Conscious $ Vegan $ Pescatarian $ Dairy Free $ Wheat/Gluten-Free $ Peanut Free $ Tree Nut Free $ Soy Free $ Kosher $ ,Mexican $ Southwestern $ Tex-Mex $ ,1.5/4,3,Condiment/Spread $ Herb $ Appetizer $ No-Cook $ Vegetarian $ Quick & Easy $ Avocado $ Chill $ Gourmet $ Sugar Conscious $ Vegan $ Pescatarian $ Dairy Free $ Wheat/Gluten-Free $ Peanut Free $ Tree Nut Free $ Soy Free $ Kosher $ Mexican $ Southwestern $ Tex-Mex $ 
https://www.epicurious.com/recipes/food/views/chipotle-salsa-750,Chipotle Salsa ,3 cups chopped tomatoes $ 3/4 cup chopped fresh cilantro $ 3 tablespoons fresh lime juice $ 1 1/2 tablespoons chopped canned chipotle chilies in adobo sauce (sold at Latin American markets) $ 1 1/2 teaspoons ground cumin $ ,Condiment/Spread $ Tomato $ Appetizer $ No-Cook $ Super Bowl $ Vegetarian $ Quick & Easy $ Low Cal $ Lime $ Hot Pepper $ Healthy $ Vegan $ Bon Appétit $ Denver $ Colorado $ Fat Free $ Sugar Conscious $ Kidney Friendly $ Pescatarian $ Paleo $ Dairy Free $ Wheat/Gluten-Free $ Peanut Free $ Tree Nut Free $ Soy Free $ No Sugar Added $ Kosher $ ,Mexican $ Southwestern $ Tex-Mex $ ,3.5/4,15,Condiment/Spread $ Tomato $ Appetizer $ No-Cook $ Super Bowl $ Vegetarian $ Quick & Easy $ Low Cal $ Lime $ Hot Pepper $ Healthy $ Vegan $ Bon Appétit $ Denver $ Colorado $ Fat Free $ Sugar Conscious $ Kidney Friendly $ Pescatarian $ Paleo $ Dairy Free $ Wheat/Gluten-Free $ Peanut Free $ Tree Nut Free $ Soy Free $ No Sugar Added $ Kosher $ Mexican $ Southwestern $ Tex-Mex $ 
https://www.epicurious.com/recipes/food/views/southwestern-style-watermelon-salad-12105,Southwestern-Style Watermelon Salad ,"1/2 teaspoon ground cumin $ 1/2 teaspoon salt, or to taste $ 1/4 teaspoon chili powder $ 1/8 teaspoon cayenne, or to taste $ 2 pounds watermelon, seeds and rind discarded and the flesh cut into 3/4-inch pieces (about 4 cups) $ 3 tablespoons fresh lime juice, or to taste $ 2 tablespoons shredded fresh coriander or basil leaves $ ",Salad $ No-Cook $ Vegetarian $ Quick & Easy $ Lime $ Watermelon $ Summer $ Vegan $ Cilantro $ Gourmet $ ,Southwestern $ ,2.5/4,9,Salad $ No-Cook $ Vegetarian $ Quick & Easy $ Lime $ Watermelon $ Summer $ Vegan $ Cilantro $ Gourmet $ Southwestern $ 
https://www.epicurious.com/recipes/food/views/smoked-chicken-salad-on-toasted-corn-bread-triangles-5772,Smoked Chicken Salad on Toasted Corn Bread Triangles ,"6 tablespoons mayonnaise $ 1 tablespoon fresh lime juice $ 2 teaspoons chopped canned chipotle chilies* $ 1/2 teaspoon ground cumin $ 1 1/2 cups finely chopped smoked chicken or turkey (about 12 ounces) $ 1/2 cup finely chopped yellow bell pepper $ 1/2 cup finely chopped seeded tomato $ 1/2 cup finely chopped peeled jicama $ 1/4 cup finely chopped red onion $ Green Chili Corn Bread $ Fresh parsley leaves (optional) $ *Chipotle chilies canned in a spicy tomato sauce are available at Latin American markets, specialty foods stores and some supermarkets. $ ",Chicken $ Tomato $ Cocktail Party $ Mayonnaise $ Bell Pepper $ Hot Pepper $ Jícama $ Bon Appétit $ ,Southwestern $ ,3.5/4,21,Chicken $ Tomato $ Cocktail Party $ Mayonnaise $ Bell Pepper $ Hot Pepper $ Jícama $ Bon Appétit $ Southwestern $ 
https://www.epicurious.com/recipes/food/views/pinto-beans-with-tortilla-cheese-crust-279,Pinto Beans with Tortilla-Cheese Crust ,"4 15-ounce cans pinto beans, rinsed, drained $ 2 tablespoons vegetable oil $ 2 cups chopped onions $ 1 cup chopped red bell pepper $ 1 cup chopped yellow bell pepper $ 2 tablespoons chopped garlic $ 2 tablespoons chili powder $ 2 teaspoons ground cumin $ 1 28-ounce can Italian-style tomatoes, drained, chopped, juices reserved $ 1 cup canned chicken broth $ 1 teaspoon hot pepper sauce (such as Tabasco) $ 8 tablespoons chopped fresh cilantro $ 3/4 cup finely crushed tortilla chips $ 1 cup packed grated Monterey Jack cheese with jalapeños $ ",Bean $ Onion $ Side $ Bake $ Bon Appétit $ Peanut Free $ Tree Nut Free $ Soy Free $ ,Southwestern $ Tex-Mex $ ,3/4,16,Bean $ Onion $ Side $ Bake $ Bon Appétit $ Peanut Free $ Tree Nut Free $ Soy Free $ Southwestern $ Tex-Mex $ 
https://www.epicurious.com/recipes/food/views/arizona-cheese-strata-1546,Arizona Cheese Strata ,1 cup milk $ 2 large eggs $ 1/2 teaspoon salt $ 1/2 teaspoon pepper $ 1 cup (packed) grated Monterey Jack cheese $ 3 tablespoons sliced green onion $ 2 teaspoons minced jalapeño chili $ 2 cups cubed white sandwich bread (about 3 slices) $ 1/2 cup bottled chunky salsa $ 2 tablespoons chopped fresh cilantro $ ,Cheese $ Dairy $ Egg $ Appetizer $ Bake $ Vegetarian $ Quick & Easy $ Bon Appétit $ Pescatarian $ Peanut Free $ Tree Nut Free $ Soy Free $ Kosher $ ,Southwestern $ ,3/4,7,Cheese $ Dairy $ Egg $ Appetizer $ Bake $ Vegetarian $ Quick & Easy $ Bon Appétit $ Pescatarian $ Peanut Free $ Tree Nut Free $ Soy Free $ Kosher $ Southwestern $ 
https://www.epicurious.com/recipes/food/views/southwestern-style-chicken-burritos-1742,Southwestern-Style Chicken Burritos ,"1/2 cup fresh lime juice $ 1/3 cup vegetable oil $ 1/3 cup tequila $ 4 garlic cloves, minced $ 1 1/2 teaspoons ground cumin $ 1 teaspoon dried oregano, crumbled $ 1/2 teaspoon dried crushed red pepper $ 4 large boneless skinless chicken breast halves (about 1 1/4 pounds) $ 4 10-inch flour tortillas $ 3 tablespoons vegetable oil $ 1 red bell pepper, thinly sliced $ 1 yellow bell pepper, thinly sliced $ 1 red onion, sliced $ 1 garlic clove, minced $ 2 cups shredded Monterey Jack cheese (about 8 ounces) $ 4 canned whole green chilies (about 1 4-ounce can) $ Fresh cilantro $ Purchased salsa $ ",Sandwich $ Cheese $ Chicken $ Pepper $ Marinate $ Sauté $ Kid-Friendly $ Backyard BBQ $ Grill $ Grill/Barbecue $ Bon Appétit $ California $ ,Southwestern $ ,3/4,15,Sandwich $ Cheese $ Chicken $ Pepper $ Marinate $ Sauté $ Kid-Friendly $ Backyard BBQ $ Grill $ Grill/Barbecue $ Bon Appétit $ California $ Southwestern $ 
https://www.epicurious.com/recipes/food/views/cornmeal-blini-with-tomato-corn-salsa-1225,Cornmeal Blini with Tomato-Corn Salsa ,"1 cup plus 2 tablespoons low-fat milk $ 2 tablespoons water $ 1/4 cup sugar $ 1 teaspoon dry yeast $ 3/4 cup unbleached all purpose flour $ 2/3 cup yellow cornmeal $ 1 teaspoon salt $ 1/2 cup buttermilk $ 2 large eggs, separated $ 5 teaspoons (about) vegetable oil $ 2 cups frozen corn, thawed, drained $ 1 1/2 pounds tomatoes, seeded, chopped $ 1/2 small red onion, finely chopped $ 6 tablespoons chopped fresh cilantro $ 2 jalapeño chilies, seeded, minced $ 1 tablespoon balsamic vinegar $ 1/2 cup nonfat plain yogurt $ ",Mixer $ Tomato $ Cocktail Party $ Vegetarian $ Yogurt $ Cinco de Mayo $ Cornmeal $ Corn $ Summer $ Winter $ Pan-Fry $ Healthy $ Jalapeño $ Bon Appétit $ ,Southwestern $ ,2.5/4,1,Mixer $ Tomato $ Cocktail Party $ Vegetarian $ Yogurt $ Cinco de Mayo $ Cornmeal $ Corn $ Summer $ Winter $ Pan-Fry $ Healthy $ Jalapeño $ Bon Appétit $ Southwestern $ 
https://www.epicurious.com/recipes/food/views/turkey-chili-verde-492,Turkey Chili Verde ,"1 tablespoon vegetable oil $ 8 ounces turkey breast strips, cut into 1/2-inch-long pieces $ 1 tablespoon cornmeal $ 3/4 teaspoon ground cumin $ 1 cup chopped green onions $ 1 cup (or more) canned low-salt chicken broth $ 1/4 cup canned diced green chilis $ 1/4 cup chopped fresh cilantro $ Cooked white rice $ ",Soup/Stew $ Pepper $ turkey $ Super Bowl $ Quick & Easy $ Low Cal $ Hot Pepper $ Spring $ Bon Appétit $ ,Southwestern $ Tex-Mex $ ,3/4,5,Soup/Stew $ Pepper $ turkey $ Super Bowl $ Quick & Easy $ Low Cal $ Hot Pepper $ Spring $ Bon Appétit $ Southwestern $ Tex-Mex $ 
https://www.epicurious.com/recipes/food/views/southwestern-onion-rings-2244,Southwestern Onion Rings ,"4 cups buttermilk $ 2 large Vidalia onions (about 2 pounds), cut into 1/4-inch-thick rounds, separated into rings $ Vegetable oil (for deep frying) $ 3 cups all purpose flour $ 3 tablespoons ground cumin $ 3 tablespoon chili powder $ 1 tablespoon salt $ 1 tablespoon cayenne pepper $ ",Herb $ Onion $ Side $ Fry $ Summer $ Bon Appétit $ ,Southwestern $ ,3/4,10,Herb $ Onion $ Side $ Fry $ Summer $ Bon Appétit $ Southwestern $ 
https://www.epicurious.com/recipes/food/views/tomatillo-salsa-343,Tomatillo Salsa ,"3/4 pound tomatillos,* husks removed, rinsed, quartered (about 3 cups) $ 1/2 cup coarsely chopped unpeeled green apple (such as Granny Smith) $ 2 tablespoons coarsely chopped fresh basil $ 2 tablespoons coarsely chopped fresh mint $ ",Condiment/Spread $ Fruit $ Herb $ No-Cook $ Vegetarian $ Quick & Easy $ Apple $ Mint $ Basil $ Spring $ Summer $ Healthy $ Tomatillo $ Bon Appétit $ ,Southwestern $ Tex-Mex $ ,2.5/4,11,Condiment/Spread $ Fruit $ Herb $ No-Cook $ Vegetarian $ Quick & Easy $ Apple $ Mint $ Basil $ Spring $ Summer $ Healthy $ Tomatillo $ Bon Appétit $ Southwestern $ Tex-Mex $ 
https://www.epicurious.com/recipes/food/views/spinach-salad-with-chili-pepper-dressing-14030,Spinach Salad with Chili Pepper Dressing ,"4 bacon slices $ 2 pounds spinach (about 2 large bunches) $ 1/2 cup pitted ripe black olives $ 1/4 pound mushrooms $ 1/2 pound jícama $ 6 scallions $ 2 hard-boiled large eggs $ 1/2 to 3/4 cup Chili Pepper Dressing , or to taste $ 4 ounces queso blanco cheese or feta $ ",Salad $ Cheese $ Egg $ Mushroom $ Olive $ Side $ Lunch $ Bacon $ Spinach $ Jícama $ Gourmet $ Sugar Conscious $ Wheat/Gluten-Free $ Peanut Free $ Tree Nut Free $ Soy Free $ No Sugar Added $ ,Southwestern $ ,3.5/4,2,Salad $ Cheese $ Egg $ Mushroom $ Olive $ Side $ Lunch $ Bacon $ Spinach $ Jícama $ Gourmet $ Sugar Conscious $ Wheat/Gluten-Free $ Peanut Free $ Tree Nut Free $ Soy Free $ No Sugar Added $ Southwestern $ 
https://www.epicurious.com/recipes/food/views/southwestern-breakfast-scramble-104327,Southwestern Breakfast Scramble ,"1 cup purchased tomatillo salsa $ 1/2 cup chopped fresh cilantro $ 2 tablespoons (1/4 stick) butter $ 2 5-inch-diameter corn tortillas, cut into 1/2-inch pieces $ 8 ounces pork chorizo sausage, casing removed $ 1/2 cup chopped red onion $ 12 large eggs, beaten to blend $ 1 cup grated white cheddar cheese $ Sour cream $ 1 avocado, halved, pitted, peeled, sliced $ ",Egg $ Breakfast $ Brunch $ Sauté $ Cheddar $ Sausage $ Avocado $ Tomatillo $ Tortillas $ Bon Appétit $ ,Southwestern $ ,3/4,5,Egg $ Breakfast $ Brunch $ Sauté $ Cheddar $ Sausage $ Avocado $ Tomatillo $ Tortillas $ Bon Appétit $ Southwestern $ 
https://www.epicurious.com/recipes/food/views/southwestern-corn-pudding-107503,Southwestern Corn Pudding ,"Cheddar-Buttermilk Corn Bread , room temperature $ 2 cups frozen corn kernels, thawed, drained $ 2 cups (packed) coarsely grated hot pepper Monterey Jack cheese (about 8 ounces) $ 1 medium-size red bell pepper, chopped $ 1 Anaheim chili,* seeded, chopped $ 1/2 cup chopped green onions $ 1 3/4 cups buttermilk $ 1 cup canned enchilada sauce $ 4 large eggs $ 1/2 teaspoon salt $ ",Cheese $ Dairy $ Vegetable $ Side $ Bake $ Cornmeal $ Corn $ Bell Pepper $ Winter $ Monterey Jack $ Bon Appétit $ Vegetarian $ Pescatarian $ Wheat/Gluten-Free $ Peanut Free $ Tree Nut Free $ Soy Free $ No Sugar Added $ Kosher $ ,American $ Southwestern $ ,3.5/4,28,Cheese $ Dairy $ Vegetable $ Side $ Bake $ Cornmeal $ Corn $ Bell Pepper $ Winter $ Monterey Jack $ Bon Appétit $ Vegetarian $ Pescatarian $ Wheat/Gluten-Free $ Peanut Free $ Tree Nut Free $ Soy Free $ No Sugar Added $ Kosher $ American $ Southwestern $ 
