link,name,ingredients,recipe_category,recipe_cuisine,rating,rating_count,keywords
https://www.epicurious.com/recipes/food/views/caponata-in-lavash-cups-14562,Caponata in Lavash Cups ,"1 eggplant (about 3/4 pound) $ 1/2 yellow bell pepper $ 1/2 red bell pepper $ 1 onion $ 1 large garlic clove $ 1/4 cup water $ 1 tablespoon packed brown sugar $ 2 tablespoons fresh lemon juice $ 1 teaspoon salt $ 1/4 cup golden raisins $ 2 tablespoons drained capers $ 2 tablespoons chopped fresh flat-leafed parsley leaves $ 1/2 teaspoon anise seeds $ a 16- to 18-inch round of very thin, pliable lavash (such as Damascus mountain shepherd bread) $ 1/2 teaspoon coarse salt $ ",Fruit $ Pepper $ Vegetable $ Bake $ Cocktail Party $ Low Fat $ Raisin $ Eggplant $ Bell Pepper $ Winter $ Gourmet $ ,Middle Eastern $ ,2.5/4,2,Fruit $ Pepper $ Vegetable $ Bake $ Cocktail Party $ Low Fat $ Raisin $ Eggplant $ Bell Pepper $ Winter $ Gourmet $ Middle Eastern $ 
https://www.epicurious.com/recipes/food/views/catfish-fillets-with-egyptian-tahini-sauce-102050,Catfish Fillets with Egyptian Tahini Sauce ,1 garlic clove $ 1/4 cup well-stirred tahini $ 1/3 cup water $ 1 1/2 tablespoons fresh lemon juice $ 1/4 teaspoon ground cumin $ 1/4 teaspoon salt $ 2 teaspoons coriander seeds $ two 6-ounce catfish fillets $ 1 tablespoon olive oil $ 2 tablespoons coarsely chopped fresh flat-leafed parsley leaves $ ,Blender $ Fish $ Sauté $ Quick & Easy $ Summer $ Gourmet $ ,Middle Eastern $ ,3/4,25,Blender $ Fish $ Sauté $ Quick & Easy $ Summer $ Gourmet $ Middle Eastern $ 
https://www.epicurious.com/recipes/food/views/spiced-mushrooms-with-herbs-105211,Spiced Mushrooms with Herbs ,"2 teaspoons coriander seeds $ 1 teaspoon whole allspice $ 5 tablespoons extra-virgin olive oil $ 1 1/2 lb mushrooms (1 to 1 1/2 inches in diameter), stems trimmed flush with caps $ 1 1/2 tablespoons fresh lemon juice $ 2 teaspoons chopped fresh oregano $ 2 teaspoons chopped fresh flat-leaf parsley $ 2 teaspoons chopped fresh mint $ 1/2 teaspoon salt $ 1/4 teaspoon black pepper $ ",Mushroom $ Vegetarian $ Mint $ Summer $ Parsley $ Oregano $ Coriander $ Gourmet $ ,Middle Eastern $ ,3/4,3,Mushroom $ Vegetarian $ Mint $ Summer $ Parsley $ Oregano $ Coriander $ Gourmet $ Middle Eastern $ 
https://www.epicurious.com/recipes/food/views/lamb-stuffed-tomatoes-middle-eastern-style-101411,"Lamb-Stuffed Tomatoes, Middle Eastern Style ","12 8-ounce tomatoes $ 1 1/2 pounds ground lamb $ 1 large onion, chopped $ 3/4 cup unsalted matzo meal $ 1/2 cup chopped fresh parsley $ 1/4 cup pine nuts $ 1 large egg $ 2 tablespoons chopped fresh mint $ 1 1/2 teaspoons salt $ 1 teaspoon ground black pepper $ 1 teaspoon ground turmeric $ ",Lamb $ Tomato $ Appetizer $ Side $ Bake $ Passover $ Sukkot $ Mint $ Spring $ Kosher $ Bon Appétit $ Dairy Free $ Peanut Free $ Soy Free $ No Sugar Added $ ,Jewish $ Middle Eastern $ ,3.5/4,20,Lamb $ Tomato $ Appetizer $ Side $ Bake $ Passover $ Sukkot $ Mint $ Spring $ Kosher $ Bon Appétit $ Dairy Free $ Peanut Free $ Soy Free $ No Sugar Added $ Jewish $ Middle Eastern $ 
https://www.epicurious.com/recipes/food/views/fresh-hot-pepper-paste-4813,Fresh Hot-Pepper Paste ,1 cup chopped fresh cilantro $ 1 cup chopped fresh parsley $ 1/4 cup chopped seeded fresh red serrano or red jalapeño chilies $ 1/4 cup water $ 1/4 cup olive oil $ 1 1/2 tablespoons minced garlic $ 1 teaspoon salt $ 1 teaspoon ground black pepper $ 1 teaspoon ground cumin $ ,Condiment/Spread $ Sauce $ Food Processor $ Garlic $ Herb $ Pepper $ Hot Pepper $ Bon Appétit $ ,Middle Eastern $ ,3/4,15,Condiment/Spread $ Sauce $ Food Processor $ Garlic $ Herb $ Pepper $ Hot Pepper $ Bon Appétit $ Middle Eastern $ 
https://www.epicurious.com/recipes/food/views/carrot-couscous-with-thyme-11907,Carrot Couscous with Thyme ,"1 carrot, grated coarse $ 1 1/2 tablespoons olive oil $ 1 teaspoon fresh lemon juice $ 1/4 teaspoon sugar $ 1 cup plus 1 tablespoon water $ 1/2 teaspoon finely chopped fresh thyme leaves or a pinch of crumbled dried thyme $ 3/4 cup couscous $ ",Vegetable $ Side $ Vegetarian $ Quick & Easy $ High Fiber $ Carrot $ Healthy $ Vegan $ Thyme $ Couscous $ Gourmet $ Sugar Conscious $ Kidney Friendly $ Pescatarian $ Dairy Free $ Peanut Free $ Tree Nut Free $ Soy Free $ Kosher $ ,Mediterranean $ Middle Eastern $ ,1.5/4,3,Vegetable $ Side $ Vegetarian $ Quick & Easy $ High Fiber $ Carrot $ Healthy $ Vegan $ Thyme $ Couscous $ Gourmet $ Sugar Conscious $ Kidney Friendly $ Pescatarian $ Dairy Free $ Peanut Free $ Tree Nut Free $ Soy Free $ Kosher $ Mediterranean $ Middle Eastern $ 
https://www.epicurious.com/recipes/food/views/red-bell-pepper-sauce-105560,Red Bell Pepper Sauce ,1 7-ounce jar roasted red peppers $ 1/2 cup olive oil $ ,Sauce $ Food Processor $ Pepper $ No-Cook $ Quick & Easy $ Bon Appétit $ ,Middle Eastern $ ,1.5/4,4,Sauce $ Food Processor $ Pepper $ No-Cook $ Quick & Easy $ Bon Appétit $ Middle Eastern $ 
https://www.epicurious.com/recipes/food/views/pearl-couscous-with-olives-and-roasted-tomatoes-107025,Pearl Couscous with Olives and Roasted Tomatoes ,"2 pints red grape or cherry tomatoes (1 1/2 pound) $ 3 large garlic cloves, left unpeeled $ 1/4 cup extra-virgin olive oil $ 1/4 cup warm water $ 1 teaspoon fresh lemon juice $ 1 teaspoon salt $ 1/4 teaspoon black pepper $ 2 3/4 cups chicken broth $ 2 1/4 cups pearl (Israeli) couscous $ 1 tablespoon olive oil $ 1/2 cup Kalamata or other brine-cured black olives, pitted and chopped $ 1/3 cup chopped fresh flat-leaf parsley $ 1/4 cup chopped fresh mint $ 1 teaspoon chopped fresh thyme $ ",Blender $ Olive $ Tomato $ Side $ Roast $ Vegetarian $ Lemon $ Mint $ Healthy $ Couscous $ Parsley $ Simmer $ Gourmet $ Dairy Free $ Peanut Free $ Tree Nut Free $ Soy Free $ No Sugar Added $ Kosher $ ,Middle Eastern $ Moroccan $ ,3.5/4,66,Blender $ Olive $ Tomato $ Side $ Roast $ Vegetarian $ Lemon $ Mint $ Healthy $ Couscous $ Parsley $ Simmer $ Gourmet $ Dairy Free $ Peanut Free $ Tree Nut Free $ Soy Free $ No Sugar Added $ Kosher $ Middle Eastern $ Moroccan $ 
https://www.epicurious.com/recipes/food/views/stabilized-whole-milk-yogurt-109483,Stabilized Whole-Milk Yogurt ,"2 cups whole-milk plain yogurt $ 1 large egg white, lightly beaten $ 2 teaspoons cornstarch $ 1 teaspoon salt $ ",Sauce $ Egg $ Quick & Easy $ Yogurt $ Simmer $ Gourmet $ ,Middle Eastern $ ,1/4,1,Sauce $ Egg $ Quick & Easy $ Yogurt $ Simmer $ Gourmet $ Middle Eastern $ 
https://www.epicurious.com/recipes/food/views/caramel-pistachio-torte-with-halvah-and-dark-chocolate-109593,Caramel-Pistachio Torte with Halvah and Dark Chocolate ,"2 1/2 cups all purpose flour $ 1 cup (packed) crumbled pistachio halvah or plain halvah* (about 7 ounces) $ 2 tablespoons sugar $ 1/2 teaspoon salt $ 3/4 cup (1 1/2 sticks) chilled unsalted butter, cut into 1/2-inch cubes $ 2 large egg yolks $ 2 tablespoons ice water $ 2 cups sugar $ 1/2 cup water $ 1/2 cup heavy whipping cream $ 10 tablespoons (1 1/4 sticks) chilled unsalted butter, cut into 1/2-inch cubes $ 1 cup natural unsalted pistachios (about 4 ounces), toasted $ Nonstick vegetable oil spray $ 1 large egg white $ 1/2 cup heavy whipping cream $ 2 tablespoons (1/4 stick) unsalted butter $ 8 ounces bittersweet (not unsweetened) or semisweet chocolate, chopped $ 1 tablespoon light corn syrup $ ",Milk/Cream $ Chocolate $ Dessert $ Bake $ Pistachio $ Winter $ Bon Appétit $ Vegetarian $ Pescatarian $ Peanut Free $ Soy Free $ Kosher $ ,Middle Eastern $ ,4/4,35,Milk/Cream $ Chocolate $ Dessert $ Bake $ Pistachio $ Winter $ Bon Appétit $ Vegetarian $ Pescatarian $ Peanut Free $ Soy Free $ Kosher $ Middle Eastern $ 
https://www.epicurious.com/recipes/food/views/cooked-olive-salad-330,Cooked Olive Salad ,"1 pound pitted brine-cured green olives, left whole or coarsely chopped $ 2 cups chopped tomatoes $ 1/3 cup olive oil $ 2 tablespoons minced garlic $ 1 tablespoon tomato paste $ 1/2 cup water $ 3 1/4-inch-thick lemon slices $ 1 teaspoon paprika $ 1/2 teaspoon cayenne pepper $ ",Condiment/Spread $ Salad $ Olive $ Tomato $ Vegetarian $ Quick & Easy $ Vegan $ Bon Appétit $ ,Mediterranean $ Middle Eastern $ ,3.5/4,2,Condiment/Spread $ Salad $ Olive $ Tomato $ Vegetarian $ Quick & Easy $ Vegan $ Bon Appétit $ Mediterranean $ Middle Eastern $ 
https://www.epicurious.com/recipes/food/views/couscous-with-leeks-corn-and-olives-105311,"Couscous with Leeks, Corn, and Olives ","3 tablespoons olive oil $ 2 medium leeks (white and pale green parts only), chopped $ 1 cup fresh corn kernels (from about 2 ears of corn) $ 1 cup water $ 1 cup dry white wine $ 1 cup canned low-salt chicken broth $ 2 teaspoons chopped fresh thyme $ 1 10-ounce package couscous $ 1 cup pitted Kalamata olives or other brine-cured black olives (about 4 ounces), coarsely chopped $ 3 tablespoons fresh lemon juice $ ",Olive $ Vegetable $ Side $ Quick & Easy $ Leek $ Corn $ Summer $ Couscous $ Bon Appétit $ Sugar Conscious $ Kidney Friendly $ Dairy Free $ Peanut Free $ Tree Nut Free $ Soy Free $ Kosher $ ,Middle Eastern $ ,3/4,11,Olive $ Vegetable $ Side $ Quick & Easy $ Leek $ Corn $ Summer $ Couscous $ Bon Appétit $ Sugar Conscious $ Kidney Friendly $ Dairy Free $ Peanut Free $ Tree Nut Free $ Soy Free $ Kosher $ Middle Eastern $ 
https://www.epicurious.com/recipes/food/views/pita-bread-salad-713,Pita Bread Salad ,"3 pita bread rounds $ 2 tablespoons plus 1/3 cup olive oil $ 2 garlic cloves, pressed $ 3 medium tomatoes, seeded, chopped $ 1/4 head romaine lettuce, torn into bite-size pieces (about 6 cups) $ 1/2 cup chopped fresh parsley $ 1/2 cup chopped fresh mint $ 3 green onions, chopped $ 1 small onion, chopped $ 1 cucumber, peeled, chopped $ 1 small green bell pepper, chopped $ 1/3 cup fresh lemon juice $ ",Salad $ Garlic $ Leafy Green $ Herb $ Tomato $ Appetizer $ Bake $ Vegetarian $ Vegan $ Bon Appétit $ Pescatarian $ Dairy Free $ Peanut Free $ Tree Nut Free $ Soy Free $ No Sugar Added $ Kosher $ ,Middle Eastern $ ,3.5/4,4,Salad $ Garlic $ Leafy Green $ Herb $ Tomato $ Appetizer $ Bake $ Vegetarian $ Vegan $ Bon Appétit $ Pescatarian $ Dairy Free $ Peanut Free $ Tree Nut Free $ Soy Free $ No Sugar Added $ Kosher $ Middle Eastern $ 
https://www.epicurious.com/recipes/food/views/tahini-sauce-109039,Tahini Sauce ,"2 garlic cloves $ 1/2 teaspoon fine sea salt, or to taste $ 1/2 cup well-stirred tahini (Middle Eastern sesame paste) $ 1/3 cup fresh lemon juice $ 1/4 cup water $ 1/4 cup olive oil $ 1 tablespoon finely chopped fresh cilantro $ 1 tablespoon finely chopped fresh flat-leaf parsley $ 1/4 teaspoon ground cumin $ ",Condiment/Spread $ Side $ No-Cook $ Quick & Easy $ Low/No Sugar $ Lemon $ Winter $ Clove $ Cilantro $ Parsley $ Gourmet $ Sugar Conscious $ Vegan $ Vegetarian $ Pescatarian $ Paleo $ Dairy Free $ Wheat/Gluten-Free $ Peanut Free $ Tree Nut Free $ Soy Free $ No Sugar Added $ Kosher $ ,Middle Eastern $ ,3/4,14,Condiment/Spread $ Side $ No-Cook $ Quick & Easy $ Low/No Sugar $ Lemon $ Winter $ Clove $ Cilantro $ Parsley $ Gourmet $ Sugar Conscious $ Vegan $ Vegetarian $ Pescatarian $ Paleo $ Dairy Free $ Wheat/Gluten-Free $ Peanut Free $ Tree Nut Free $ Soy Free $ No Sugar Added $ Kosher $ Middle Eastern $ 
https://www.epicurious.com/recipes/food/views/grilled-zucchini-with-coriander-109461,Grilled Zucchini with Coriander ,"1 tablespoon olive oil $ 1/4 teaspoon ground coriander $ 1/8 teaspoon salt $ 1 medium zucchini (1/4 lb), cut lengthwise into 1/4-inch-thick slices $ ",Side $ Vegetarian $ Quick & Easy $ Zucchini $ Summer $ Grill $ Grill/Barbecue $ Vegan $ Gourmet $ ,Middle Eastern $ ,2/4,7,Side $ Vegetarian $ Quick & Easy $ Zucchini $ Summer $ Grill $ Grill/Barbecue $ Vegan $ Gourmet $ Middle Eastern $ 
https://www.epicurious.com/recipes/food/views/middle-eastern-chicken-14659,Middle Eastern Chicken ,"1/4 cup low-salt soy sauce $ 1/2 cup plus 2 tablespoons water $ 3 tablespoons fresh lime juice $ 2 teaspoons dry Sherry $ 2 garlic cloves, minced $ 1 teaspoon minced peeled fresh gingerroot $ 1/4 teaspoon curry powder $ 1/4 teaspoon dried thyme, crumbled $ 1/4 teaspoon dried oregano, crumbled $ 2 skinless boneless whole chicken breasts (about 1 1/4 pounds), halved $ vegetable-oil cooking spray $ 1 small onion, sliced thin $ Accompaniment: cooked couscous if desired $ ",Chicken $ Ginger $ Herb $ Low Fat $ Curry $ Gourmet $ ,Middle Eastern $ ,3/4,27,Chicken $ Ginger $ Herb $ Low Fat $ Curry $ Gourmet $ Middle Eastern $ 
https://www.epicurious.com/recipes/food/views/herbed-lima-bean-hummus-103043,Herbed Lima Bean Hummus ,"2 (10-oz) packages frozen baby lima beans $ 1 large onion, chopped $ 5 garlic cloves, smashed with side of a large knife $ 1 teaspoon salt $ 2 cups water $ 1/4 cup chopped fresh cilantro $ 1/4 cup chopped fresh flat-leaf parsley $ 1 teaspoon ground cumin $ 1/4 teaspoon cayenne, or to taste $ 3 to 4 tablespoons fresh lemon juice $ 5 tablespoons extra-virgin olive oil $ 2 tablespoons chopped fresh dill $ 2 tablespoons chopped fresh mint $ Accompaniment:sesame won ton crisps or toasted pita wedges $ ",Condiment/Spread $ Bean $ Garlic $ Herb $ Appetizer $ Mint $ Lima Bean $ Party $ Dill $ Cilantro $ Parsley $ Gourmet $ Sugar Conscious $ Vegan $ Vegetarian $ Pescatarian $ Dairy Free $ Wheat/Gluten-Free $ Peanut Free $ Tree Nut Free $ Soy Free $ No Sugar Added $ Kosher $ ,Middle Eastern $ ,3.5/4,28,Condiment/Spread $ Bean $ Garlic $ Herb $ Appetizer $ Mint $ Lima Bean $ Party $ Dill $ Cilantro $ Parsley $ Gourmet $ Sugar Conscious $ Vegan $ Vegetarian $ Pescatarian $ Dairy Free $ Wheat/Gluten-Free $ Peanut Free $ Tree Nut Free $ Soy Free $ No Sugar Added $ Kosher $ Middle Eastern $ 
https://www.epicurious.com/recipes/food/views/falafel-109010,Falafel ,"1 1/4 cups dried chickpeas (7 oz) $ 2 garlic cloves, finely chopped $ 3/4 cup finely chopped onion (1 medium) $ 1/2 cup chopped fresh cilantro $ 1/4 cup chopped fresh flat-leaf parsley $ 1 teaspoon fine sea salt $ 3/4 teaspoon ground cumin $ 1/2 teaspoon ground coriander $ 1/2 teaspoon black pepper $ 1/2 teaspoon baking soda $ 1/4 teaspoon cayenne $ About 6 cups vegetable oil (48 fl oz) $ Accompaniment: tahini sauce $ a deep-fat thermometer $ ",Fry $ Vegetarian $ Chickpea $ Cilantro $ Gourmet $ ,Middle Eastern $ ,3/4,23,Fry $ Vegetarian $ Chickpea $ Cilantro $ Gourmet $ Middle Eastern $ 
https://www.epicurious.com/recipes/food/views/lamb-in-spiced-yogurt-sauce-with-rice-and-bread-109441,Lamb in Spiced Yogurt Sauce with Rice and Bread ,"3 lb bone-in lamb shoulder, cut by butcher into 6 large chunks $ 7 cups water $ 1/2 teaspoon black pepper $ 2 teaspoons salt $ 1/4 cup clarified butter (see cooks' note, below) $ 1/4 cup pine nuts (1 1/2 oz) $ 1 large onion, chopped $ 1 1/2 teaspoons ground turmeric $ 1/2 teaspoon ground allspice $ 2 cardamom pods*, lightly cracked $ 1 (2-inch piece) cinnamon stick $ 2 cups stabilized whole-milk yogurt $ 2 cups long-grain white rice $ 4 (5-inch) rounds pita bread, halved $ Accompaniment: 3 small red onions, quartered $ ",Lamb $ Onion $ Rice $ Yogurt $ Pine Nut $ Spice $ Boil $ Gourmet $ ,Middle Eastern $ ,3.5/4,5,Lamb $ Onion $ Rice $ Yogurt $ Pine Nut $ Spice $ Boil $ Gourmet $ Middle Eastern $ 
https://www.epicurious.com/recipes/food/views/falafel-with-cilantro-yogurt-in-pita-bread-104489,Falafel with Cilantro Yogurt in Pita Bread ,"1 cup plain yogurt $ 1 cup chopped fresh cilantro $ 1 cup chopped onion $ 5 large garlic cloves, chopped $ 1 tablespoon fresh lemon juice $ 1/2 teaspoon cayenne pepper $ 2 15-ounce cans garbanzo beans (chickpeas), drained $ 3 tablespoons plus 1/2 cup all purpose flour $ 2 teaspoons ground cumin $ 1 large egg $ Olive oil $ 4 warm pita breads, top third cut off $ Sliced tomatoes $ Crisp lettuce leaves $ ",Bean $ Fry $ Yogurt $ Cilantro $ Bon Appétit $ Israel $ ,Middle Eastern $ ,3/4,45,Bean $ Fry $ Yogurt $ Cilantro $ Bon Appétit $ Israel $ Middle Eastern $ 
https://www.epicurious.com/recipes/food/views/walnut-acorn-cookies-104429,Walnut Acorn Cookies ,"2 cups all-purpose flour $ 1/2 teaspoon baking powder $ 1/4 teaspoon salt $ 2 sticks (1 cup) unsalted butter, melted $ 3/4 cup packed light brown sugar $ 1 teaspoon vanilla $ 1 cup finely chopped walnuts (4 oz) $ 8 oz semisweet chocolate, melted $ 1/2 cup finely chopped walnuts (2 oz) $ ",Chocolate $ Nut $ Bake $ Christmas $ Walnut $ Winter $ Gourmet $ ,Middle Eastern $ ,3.5/4,28,Chocolate $ Nut $ Bake $ Christmas $ Walnut $ Winter $ Gourmet $ Middle Eastern $ 
https://www.epicurious.com/recipes/food/views/moroccan-chickpea-soup-104356,Moroccan Chickpea Soup ,"1 1/2 cups dried chickpeas $ 8 cups water $ 1 (35-oz) can whole tomatoes, drained $ 1 large onion, finely chopped $ 1 small celery rib (including leaves), finely chopped $ 3 tablespoons unsalted butter $ 1 teaspoon turmeric $ 1 teaspoon black pepper $ 1/2 teaspoon cinnamon $ 2/3 cup chopped fresh cilantro $ 4 cups vegetable broth (preferably organic) or chicken broth $ 1 cup lentils $ 2 oz dried _capellini,_broken into 1-inch pieces, or fine egg noodles (3/4 cup) $ 1/2 cup chopped fresh parsley $ Accompaniment: lemon wedges $ ",Soup/Stew $ Pasta $ Tomato $ Chickpea $ Fall $ Cilantro $ Parsley $ Gourmet $ ,Middle Eastern $ Moroccan $ ,3.5/4,130,Soup/Stew $ Pasta $ Tomato $ Chickpea $ Fall $ Cilantro $ Parsley $ Gourmet $ Middle Eastern $ Moroccan $ 
https://www.epicurious.com/recipes/food/views/pistachio-cookies-105039,Pistachio Cookies ,"3 cups unsalted shelled natural pistachios (15 oz) $ 1 2/3 cups confectioners sugar $ 1 whole large egg $ 2 large egg yolks $ 1 tablespoon unsalted butter, melted $ 1 teaspoon rose water (preferably French) $ ",Cookies $ Bake $ Pistachio $ Spring $ Gourmet $ ,Middle Eastern $ ,2/4,6,Cookies $ Bake $ Pistachio $ Spring $ Gourmet $ Middle Eastern $ 
https://www.epicurious.com/recipes/food/views/rice-and-chicken-pilaf-with-dried-currants-and-toasted-almonds-104958,Rice and Chicken Pilaf with Dried Currants and Toasted Almonds ,"1 tablespoon olive oil $ 1 onion, cut through root end into 1/4-inch-thick wedges $ 12 ounces skinless boneless chicken thighs, cut crosswise into 1/4-inch-wide strips $ 1 garlic clove, minced $ 1 1/2 cups arborio rice or medium-grain white rice $ 1/4 cup dried currants $ 2 cinnamon sticks, broken in half $ 4 cups canned low-salt chicken broth $ 2 tablespoons sliced almonds, toasted $ ",Chicken $ Rice $ Sauté $ Low Fat $ Kid-Friendly $ Quick & Easy $ Currant $ Dried Fruit $ Almond $ Cinnamon $ Simmer $ Bon Appétit $ ,Mediterranean $ Middle Eastern $ ,3.5/4,27,Chicken $ Rice $ Sauté $ Low Fat $ Kid-Friendly $ Quick & Easy $ Currant $ Dried Fruit $ Almond $ Cinnamon $ Simmer $ Bon Appétit $ Mediterranean $ Middle Eastern $ 
https://www.epicurious.com/recipes/food/views/moroccan-lamb-tagine-with-potatoes-and-peas-lham-bel-btata-wa-jeblana,Lamb Tagine with Potatoes and Peas (L'Ham Bel B'Tata Wa Jeblana) ,"4 lamb shanks (3 pounds 5 ounces/1.5 kg total) $ 2 medium onions (10 1/2 ounces/300 g total), halved and cut into thin wedges $ 2 cloves garlic, finely chopped $ 1 teaspoon paprika $ 1/2 teaspoon ground cumin $ 1/2 teaspoon ground ginger $ 1/2 teaspoon finely ground black pepper $ Good pinch of saffron threads $ Sea salt $ 1/4 cup (60 ml) extra-virgin olive oil $ 1/4 bunch flat-leaf parsley (2 ounces/50 g), most of the bottom stems discarded, finely chopped $ 1/4 bunch cilantro (2 ounces/50 g), most of the bottom stems discarded, finely chopped $ 1 pound 2 ounces (500 g) new potatoes, scrubbed clean and left whole if very small or halved if medium $ 9 ounces (250 g) fresh or thawed frozen petits pois (see Note) $ Moroccan bread, for serving $ ",HarperCollins $ HarperCollins $ Dinner $ Lamb $ Onion $ Parsley $ Cilantro $ Potato $ Lamb Shank $ ,Moroccan $ African $ ,0/4,0,HarperCollins $ HarperCollins $ Dinner $ Lamb $ Onion $ Parsley $ Cilantro $ Potato $ Lamb Shank $ Moroccan $ African $ 
https://www.epicurious.com/recipes/food/views/moroccan-spiced-chicken-with-millet-tabbouleh,Moroccan-Spiced Chicken with Millet Tabbouleh ,"2 cups coconut yogurt, plain $ Juice of 1 lemon $ Zest of 1 lemon $ Zest of 1 orange $ 1/2 teaspoon cinnamon $ 1/2 teaspoon cumin $ 1/2 teaspoon paprika $ 1/2 teaspoon black pepper $ 1/2 teaspoon turmeric $ 1/2 teaspoon sea salt $ 4 pasture-raised chicken thighs $ 2 cups cooked millet $ 1/2 cup minced parsley $ 1/2 cup minced mint $ 1/4 cup minced dill $ 1 teaspoon iodized sea salt $ 1 tablespoon extra-virgin olive oil $ Juice of 1 lemon $ 1/4 cup red wine vinegar $ ",HarperCollins $ HarperCollins $ Dinner $ Chicken $ Grains $ Dairy Free $ Wheat/Gluten-Free $ Quick & Easy $ ,Moroccan $ Middle Eastern $ African $ ,0/4,0,HarperCollins $ HarperCollins $ Dinner $ Chicken $ Grains $ Dairy Free $ Wheat/Gluten-Free $ Quick & Easy $ Moroccan $ Middle Eastern $ African $ 
https://www.epicurious.com/recipes/food/views/spiced-moroccan-vegetable-soup-with-chickpeas-cilantro-and-lemon-harira,"Spiced Moroccan Vegetable Soup with Chickpeas, Cilantro, and Lemon (Harira) ","4 tablespoons olive oil $ 1 large onion, diced (about 2 cups) $ 3 stalks celery, diced (about 1 1/2 cups) $ 3 large carrots, peeled and cut in rounds $ 1/2 teaspoon ground turmeric $ 1 teaspoon ground cumin $ 1/2 to 1 teaspoon harissa or dried red chile flakes, plus more for serving $ Salt to taste $ 1 bunch parsley, chopped (about 1 1/2 cups/75 grams), divided $ 1 bunch cilantro, chopped (about 1 1/2 cups/75 grams), divided $ 1 (15-ounce/425-gram) can tomatoes, crushed, or 2 cups (450 grams) tomato sauce $ 7 cups (1 2/3 liters) chicken or vegetable stock $ 1 cup (200 grams) dried chickpeas, soaked overnight and cooked or 1 (15-ounce/425-gram) can chickpeas, drained $ 1 cup (370 grams) green lentils $ 1 teaspoon freshly ground black pepper $ 2 tablespoons all-purpose unbleached flour $ 1 large egg $ Juice of 2 lemons (about 1/4 cup) $ ",Rosh Hashanah/Yom Kippur $ Soup/Stew $ Dinner $ Kosher $ Vegetarian $ Chickpea $ Lentil $ Parsley $ Cilantro $ Carrot $ Tomato $ ,Moroccan $ African $ Jewish $ ,4/4,33,Rosh Hashanah/Yom Kippur $ Soup/Stew $ Dinner $ Kosher $ Vegetarian $ Chickpea $ Lentil $ Parsley $ Cilantro $ Carrot $ Tomato $ Moroccan $ African $ Jewish $ 
https://www.epicurious.com/recipes/food/views/dark-chocolate-tahini-truffles,"Chocolate, Pistachio, and Tahini Truffles ","1 cup tahini $ 6 ounces bittersweet chocolate, chopped $ 1/4 cup plus 2 tablespoons honey $ 2 teaspoons kosher salt $ 1 1/2 teaspoons ground cinnamon $ 1/2 teaspoon finely grated orange zest $ 1 cup shelled roasted, salted pistachios $ 1/4 cup plus 2 tablespoons toasted white sesame seeds $ ",Dessert $ Chocolate $ Sesame $ Cinnamon $ Orange $ Pistachio $ New Year's Eve $ Cookies $ Wheat/Gluten-Free $ Dairy Free $ ,Moroccan $ ,3.5/4,19,Dessert $ Chocolate $ Sesame $ Cinnamon $ Orange $ Pistachio $ New Year's Eve $ Cookies $ Wheat/Gluten-Free $ Dairy Free $ Moroccan $ 
https://www.epicurious.com/recipes/food/views/cauliflower-couscous-with-dried-fruit-and-almonds,"Cauliflower ""Couscous"" With Dried Fruit and Almonds ","1/4 cup sliced almonds $ 1 medium head cauliflower (about 2 pounds), coarsely chopped $ 1/2 cup low-sodium vegetable or chicken broth $ 2 tablespoons honey $ 2 tablespoons olive oil $ 3/4 teaspoon ground cumin $ 3/4 teaspoon ground turmeric $ 3/4 teaspoon paprika $ 1/2 teaspoon ground cinnamon $ 3/4 teaspoon kosher salt $ 1/4 teaspoon freshly ground black pepper $ 1/4 cup dried currants or raisins $ 1/4 cup sliced dried apricots $ ",New Year's Eve $ Couscous $ Cauliflower $ Wheat/Gluten-Free $ Almond $ Vegetarian $ Vegan $ Dried Fruit $ Raisin $ Currant $ Spice $ Paprika $ Healthy $ ,Moroccan $ ,4/4,15,New Year's Eve $ Couscous $ Cauliflower $ Wheat/Gluten-Free $ Almond $ Vegetarian $ Vegan $ Dried Fruit $ Raisin $ Currant $ Spice $ Paprika $ Healthy $ Moroccan $ 
https://www.epicurious.com/recipes/food/views/easy-lamb-tagine-with-pomegranate,Easy Lamb Tagine with Pomegranate ,"2 cups low-sodium chicken broth $ 1 cup pomegranate juice $ 1 teaspoon ground coriander $ 1 teaspoon ground cumin $ 1 teaspoon paprika $ 3/4 teaspoon ground cinnamon $ 3/4 teaspoon ground ginger $ 1 3/4 teaspoons kosher salt, plus more $ 3/4 teaspoon freshly ground black pepper, plus more $ 4 pounds boneless lamb shoulder, trimmed, cut into 1"" cubes $ 1 medium onion, grated $ 3 garlic cloves, finely chopped $ 2 tablespoons parsley or cilantro leaves, coarsely chopped $ 2 tablespoons pomegranate arils $ 1 tablespoon mint leaves, coarsely chopped $ ",New Year's Eve $ Dinner $ Lamb $ Pomegranate $ Pomegranate Juice $ Coriander $ Cumin $ Mint $ Cilantro $ Braise $ Stew $ Wheat/Gluten-Free $ ,Moroccan $ ,3/4,9,New Year's Eve $ Dinner $ Lamb $ Pomegranate $ Pomegranate Juice $ Coriander $ Cumin $ Mint $ Cilantro $ Braise $ Stew $ Wheat/Gluten-Free $ Moroccan $ 
https://www.epicurious.com/recipes/food/views/marrakech-chicken-stew-with-preserved-lemon-and-olives,Slow-Cooker Marrakech Chicken Stew With Preserved Lemon and Olives ,"1 tablespoon cumin seed $ 2 teaspoons coriander seed $ 1/2 cup flour $ 1 teaspoon salt $ 1 teaspoon ground black pepper $ 4 pounds chicken pieces, or 1 cut-up chicken, skin removed $ 2 tablespoons extra-virgin olive oil $ 2 onions, chopped $ 2 cloves garlic, minced $ 1/2 cup white wine $ 1 1/2 cups chicken broth $ Juice and finely grated zest of 1 lemon $ 1 preserved lemon, homemade or purchased, finely chopped $ 1/4 cup chopped fresh Italian (flat-leaf) parsley $ 1/2 cup pitted kalamata olives $ 5–6 quart slow cooker $ ",Slow Cooker $ Chicken $ Lemon $ Dinner $ Olive $ ,Moroccan $ African $ ,4/4,2,Slow Cooker $ Chicken $ Lemon $ Dinner $ Olive $ Moroccan $ African $ 
https://www.epicurious.com/recipes/food/views/blender-chermoula-sauce,Blender Chermoula Sauce ,3/4 teaspoon coriander seeds $ 3/4 teaspoon cumin seeds $ 2 garlic cloves $ 3/4 cup extra-virgin olive oil $ 1/4 teaspoon finely grated lemon zest $ 1/4 cup fresh lemon juice $ 1 teaspoon smoked paprika $ 3/4 teaspoon kosher salt $ 1/4–1/2 teaspoon crushed red pepper flakes $ 1 cup (packed) cilantro leaves with tender stems $ 1 cup (packed) parsley leaves with tender stems $ 1/2 cup (packed) mint leaves $ ,Sauce $ Herb $ Parsley $ Cilantro $ Mint $ Coriander $ Cumin $ Lemon Juice $ Paprika $ Flaming Hot Summer $ Sauce Secrets $ ,African $ Moroccan $ ,4/4,4,Sauce $ Herb $ Parsley $ Cilantro $ Mint $ Coriander $ Cumin $ Lemon Juice $ Paprika $ Flaming Hot Summer $ Sauce Secrets $ African $ Moroccan $ 
https://www.epicurious.com/recipes/food/views/moroccan-skirt-steak-salad-with-chermoula,Moroccan Skirt Steak Salad With Chermoula ,"1 pound skirt steak, sliced crosswise into 5–6-inch-long pieces $ 1/2 teaspoon kosher salt $ 1/4 teaspoon freshly ground black pepper $ 1/2 cup Blender Chermoula Sauce $ Vegetable oil (for grill) $ 2 medium carrots, shaved into long thin ribbons $ 2 small Persian cucumbers, thinly sliced into rounds $ 6 cups baby arugula $ 1/4 teaspoon kosher salt $ 1/4 teaspoon freshly ground black pepper $ 1 cup (packed) mixed herb leaves, such as parsley, cilantro, and mint, divided $ 1/2 cup Blender Chermoula Sauce, divided $ 1/4 cup crumbled feta $ 1/4 cup pomegranate seeds $ ",Steak $ Salad $ Sauce $ Cilantro $ Parsley $ Cucumber $ Arugula $ Pomegranate $ Feta $ Dinner $ Flaming Hot Summer $ Wheat/Gluten-Free $ Peanut Free $ Soy Free $ No Sugar Added $ ,Moroccan $ ,3/4,8,Steak $ Salad $ Sauce $ Cilantro $ Parsley $ Cucumber $ Arugula $ Pomegranate $ Feta $ Dinner $ Flaming Hot Summer $ Wheat/Gluten-Free $ Peanut Free $ Soy Free $ No Sugar Added $ Moroccan $ 
https://www.epicurious.com/recipes/food/views/moroccan-roasted-chicken-56390035,Moroccan Roasted Chicken ,"Cooking spray $ 2 tablespoons honey $ 1/4 cup olive oil $ 2 teaspoons ground cumin $ 2 teaspoons ground turmeric $ 1/2 teaspoon ground cinnamon $ 4 garlic cloves, chopped $ 1 (3 1/2-pound) chicken, cut into 8 pieces $ 2 medium red onions, quartered $ 1 pound small red-skin potatoes, scrubbed and halved $ 1 cup dried apricots $ 1/2 cup golden raisins $ 1/2 cup coarsely chopped pistachios $ 2 tablespoons chopped fresh cilantro $ ",Chicken $ Potato $ Kid-Friendly $ Dinner $ Raisin $ Apricot $ Pistachio $ Kosher $ Cinnamon $ Cumin $ Dairy Free $ Wheat/Gluten-Free $ Peanut Free $ Soy Free $ ,Moroccan $ ,3.5/4,5,Chicken $ Potato $ Kid-Friendly $ Dinner $ Raisin $ Apricot $ Pistachio $ Kosher $ Cinnamon $ Cumin $ Dairy Free $ Wheat/Gluten-Free $ Peanut Free $ Soy Free $ Moroccan $ 
https://www.epicurious.com/recipes/food/views/preserved-lemons-231570,Preserved Lemons ,"5 lemons $ 1/4 cup salt, more if desired $ 1 cinnamon stick $ 3 cloves $ 5 to 6 coriander seeds $ 3 to 4 black peppercorns $ 1 bay leaf $ Freshly squeezed lemon juice, if necessary $ Shallow bowl $ Sterile 1-pint mason jar $ Sharp knife $ ",Citrus $ Condiment $ Lemon $ Spice $ ,Moroccan $ ,3/4,17,Citrus $ Condiment $ Lemon $ Spice $ Moroccan $ 
https://www.epicurious.com/recipes/food/views/chicken-with-lemons-and-olives-emshmel-231572,Chicken with Lemons and Olives Emshmel ,"2 to 3 chickens, whole or quartered, with their livers $ 6 cloves garlic, peeled $ Salt $ 1 teaspoon ground ginger $ 1 teaspoon sweet paprika $ 1/4 teaspoon ground cumin $ 1/4 teaspoon ground black pepper $ 1/4 cup salad oil $ 2 1/2 cups grated onion, drained $ 1/4 teaspoon pulverized saffron (mixed with turmeric, if desired) $ 1/2 cup mixed, chopped fresh herbs (green coriander and parsley) $ 1 1/2 cups ripe ""green-brown"" olives, such as Royal-Victorias $ 2 preserved lemon $ 2 to 3 fresh lemons $ Large bowl $ Paring knife $ 6-quart casserole with cover $ Strainer, if necessary $ Small mixing bowl $ ",Slow Cooker $ Chicken $ Citrus $ Olive $ Poultry $ Lemon $ ,Moroccan $ ,4/4,16,Slow Cooker $ Chicken $ Citrus $ Olive $ Poultry $ Lemon $ Moroccan $ 
https://www.epicurious.com/recipes/food/views/steamed-lamb-231571,Steamed Lamb ,"5 to 5 1/2 pounds shoulder and part of the rib section of young spring lamb $ Pinch pulverized saffron $ Sweet butter, softened $ 1 1/2 teaspoons coarse salt $ 1/2 teaspoon freshly ground black pepper $ 1 bunch fresh parsley sprigs $ 4 to 5 whole baby onions (optional) $ Vegetable oil (optional) $ Paring knife $ Steamer, or couscousiere, or colander over a kettle $ Cheesecloth $ Tight-fitting lid $ ",Lamb $ Steam $ Low/No Sugar $ Ramadan $ ,Moroccan $ ,0/4,0,Lamb $ Steam $ Low/No Sugar $ Ramadan $ Moroccan $ 
https://www.epicurious.com/recipes/food/views/moroccan-chicken-brochettes-51239640,Moroccan Chicken Brochettes ,"4 garlic cloves, finely chopped $ Kosher salt $ 1/3 cup olive oil $ 3 tablespoons plain yogurt $ 2 pounds skinless, boneless chicken thighs, cut into 2"" pieces $ 2 garlic cloves, chopped $ 1/2 cup finely chopped fresh flat-leaf parsley $ 2 teaspoons ground cumin $ 2 teaspoons paprika $ 1/4 teaspoon crushed red pepper flakes $ Kosher salt $ Vegetable oil (for grilling) $ Warm pita bread, labneh (Lebanese strained yogurt),chopped tomatoes, and fresh mint leaves (for serving) $ Sixteen 8"" bamboo or metal skewers $ ",Chicken $ Garlic $ Summer $ Grill $ Grill/Barbecue $ Parsley $ Cumin $ Bon Appétit $ ,Moroccan $ ,4/4,25,Chicken $ Garlic $ Summer $ Grill $ Grill/Barbecue $ Parsley $ Cumin $ Bon Appétit $ Moroccan $ 
https://www.epicurious.com/recipes/food/views/grilled-moroccan-spiced-pork-tenderloin-51239020,Grilled Moroccan Spiced Pork Tenderloin ,"1 1/2 tablespoons ground coriander $ 1 1/2 tablespoons ground cumin $ 1 1/2 tablespoons ground chile powder, preferably ancho $ 2 tablespoons light brown sugar $ 1 1/2 teaspoons Kosher salt (Diamond crystal) $ 1/2 teaspoon ground cinnamon $ 1/2 teaspoon ground caraway $ 1/2 teaspoon ground black pepper $ 1/2 cup extra-virgin olive oil $ 2 pork tenderloins, about 1 1/4 pounds each, butterflied and lightly pounded to 1/2-inch thickness $ Grilled naan, grilled haloumi and plain yogurt for serving $ ",Pork $ Grill $ Grill/Barbecue $ Coriander $ Cumin $ ,Moroccan $ ,3.5/4,33,Pork $ Grill $ Grill/Barbecue $ Coriander $ Cumin $ Moroccan $ 
https://www.epicurious.com/recipes/food/views/stuffed-dates-51173800,Stuffed Dates ,"3/4 cup/100 g ground almonds $ 3 Tbsp powdered sugar $ 2 tsp orange flower water $ Food coloring (optional) $ 12 mejhoul dates or other large, sweet date variety with pits $ 12 walnut halves or 12 unsalted toasted almonds without skins $ ",Fruit $ Nut $ Dessert $ Ramadan $ Date $ Tree Nut $ Almond $ Party $ Vegan $ Vegetarian $ Pescatarian $ Dairy Free $ Wheat/Gluten-Free $ Peanut Free $ Soy Free $ Kosher $ ,African $ Moroccan $ ,0/4,0,Fruit $ Nut $ Dessert $ Ramadan $ Date $ Tree Nut $ Almond $ Party $ Vegan $ Vegetarian $ Pescatarian $ Dairy Free $ Wheat/Gluten-Free $ Peanut Free $ Soy Free $ Kosher $ African $ Moroccan $ 
https://www.epicurious.com/recipes/food/views/phyllo-triangles-stuffed-with-fresh-cheese-em-briouats-bil-jben-em-51173810,Phyllo Triangles Stuffed with Fresh Cheese (briouats bil jben) ,"1/2 lb/225 g ricotta, fresh semisoft farmer's cheese, or Mexican queso fresco $ 1 large egg $ Heaped 1 Tbsp finely chopped fresh cilantro $ 4 sheets phyllo dough or warqa, plus more in case of breakage $ Olive oil for brushing $ 1 egg yolk, whisked $ Honey $ Light olive oil or vegetable oil for frying $ 1 Tbsp toasted sesame seeds $ ",Cheese $ Dairy $ Appetizer $ Fry $ Ramadan $ Ricotta $ Phyllo/Puff Pastry Dough $ Sugar Conscious $ Kidney Friendly $ Vegetarian $ Pescatarian $ Peanut Free $ Tree Nut Free $ Soy Free $ Kosher $ ,African $ Moroccan $ ,4/4,2,Cheese $ Dairy $ Appetizer $ Fry $ Ramadan $ Ricotta $ Phyllo/Puff Pastry Dough $ Sugar Conscious $ Kidney Friendly $ Vegetarian $ Pescatarian $ Peanut Free $ Tree Nut Free $ Soy Free $ Kosher $ African $ Moroccan $ 
https://www.epicurious.com/recipes/food/views/harira-51174000,Harira ,"1 lb/455 g stewing beef, cut into 1/2-in/12-mm cubes $ 1 cup/170 g finely chopped celery stalks, tender green parts and leaves only $ 1 medium onion, finely chopped $ 1/3 cup/15 g loosely packed, finely chopped fresh flat-leaf parsley $ 1/3 cup/15 g loosely packed, finely chopped fresh cilantro $ 1 Tbsp butter, smen, or olive oil $ 1 tsp ground ginger $ 1/2 tsp ground cinnamon $ Salt and freshly ground black pepper $ Two 14-oz/410-g cans peeled whole tomatoes, seeded and puréed with all the juices $ 3 Tbsp tomato paste $ 1 cup/170 g canned chickpeas, rinsed $ 1/4 cup/30 g all-purpose flour $ Juice of 1 lemon $ 1 oz/30 g vermicelli or angel hair pasta, broken into 3/4-in/2-cm lengths $ 1 lemon, cut into wedges $ 12 dates, preferably mejhoul $ 12 dried figs $ ",Soup/Stew $ Beef $ Tomato $ Ramadan $ Meat $ Simmer $ ,African $ Moroccan $ ,0/4,1,Soup/Stew $ Beef $ Tomato $ Ramadan $ Meat $ Simmer $ African $ Moroccan $ 
https://www.epicurious.com/recipes/food/views/chilled-cucumber-and-orange-juice-with-oregano-51173620,Chilled Cucumber and Orange Juice with Oregano ,"2 lb/910 g medium cucumbers $ 2 1/4 cups/530 ml fresh orange or mandarin orange juice, preferably clementine $ 1 1/2 tsp superfine sugar, plus more as needed $ 1/2 tsp dried oregano or zaâtar, plus more as needed $ ",Non-Alcoholic $ Food Processor $ Herb $ Ramadan $ Cucumber $ Chill $ Oregano $ Orange Juice $ Drink $ ,African $ Moroccan $ ,4/4,1,Non-Alcoholic $ Food Processor $ Herb $ Ramadan $ Cucumber $ Chill $ Oregano $ Orange Juice $ Drink $ African $ Moroccan $ 
https://www.epicurious.com/recipes/food/views/moroccan-salmon-crudo-with-yogurt-51168210,Moroccan Salmon Crudo with Yogurt ,"1 teaspoon finely chopped fresh dill, plus more, coarsely chopped, for garnish $ 1 teaspoon finely chopped fresh mint, plus more, coarsely chopped, for garnish $ Zest and juice of 1 lemon $ 1 teaspoon ras el hanout spice blend $ 1 teaspoon extra-virgin olive oil $ 1/2 English cucumber, peeled, seeded, and diced $ 1/2 cup plain Greek yogurt $ 1/2 pound fresh sockeye salmon fillet, thinly sliced $ sea salt $ ",Fish $ Appetizer $ No-Cook $ Yogurt $ Seafood $ Salmon $ Cucumber $ Sugar Conscious $ ,Moroccan $ ,3.5/4,2,Fish $ Appetizer $ No-Cook $ Yogurt $ Seafood $ Salmon $ Cucumber $ Sugar Conscious $ Moroccan $ 
https://www.epicurious.com/recipes/food/views/lamb-tagine-with-chickpeas-and-apricots-367761,Lamb Tagine With Chickpeas and Apricots ,"3/4 cup dried chickpeas $ 5 garlic cloves (2 whole, 3 chopped) $ 1 large cinnamon stick, broken in half $ 2 tablespoons olive oil $ 3 pounds 1"" cubes lamb shoulder $ Kosher salt and freshly ground black pepper $ 1 large onion, diced $ 5 teaspoons Ras-el-Hanout spice blend $ 1 tablespoon chopped peeled ginger $ 1 cup canned diced tomatoes with juices $ 2 1/2 cups (or more) low-salt chicken stock $ 1/2 cup halved dried apricots $ Steamed couscous $ Chopped fresh cilantro $ ",Lamb $ Dinner $ Apricot $ Spice $ Chickpea $ Potluck $ Bon Appétit $ Peanut Free $ Tree Nut Free $ Soy Free $ No Sugar Added $ ,Moroccan $ ,4/4,40,Lamb $ Dinner $ Apricot $ Spice $ Chickpea $ Potluck $ Bon Appétit $ Peanut Free $ Tree Nut Free $ Soy Free $ No Sugar Added $ Moroccan $ 
https://www.epicurious.com/recipes/food/views/moroccan-lamb-with-tabbouleh-and-crispy-garlic-363297,Moroccan Lamb with Tabbouleh and Crispy Garlic ,"1/2 cup bulgur $ 1 tablespoon fresh lemon juice $ 3 tablespoons finely chopped flatleaf parsley $ 2 tablespoons finely diced tomato $ 2 tablespoons olive oil $ Salt and freshly ground black pepper $ 1 pound lamb shank or shoulder $ 1 cup chopped onions $ 1/2 cup chopped carrots $ 1/2 cup chopped celery $ 3 tablespoons fresh thyme leaves $ 2 cups dry red wine $ Vegetable oil $ 2 cloves garlic, sliced paper thin $ ",Garlic $ Dinner $ Lamb Shank $ Winter $ Bulgur $ Sugar Conscious $ Dairy Free $ Peanut Free $ Tree Nut Free $ Soy Free $ ,Moroccan $ ,0/4,0,Garlic $ Dinner $ Lamb Shank $ Winter $ Bulgur $ Sugar Conscious $ Dairy Free $ Peanut Free $ Tree Nut Free $ Soy Free $ Moroccan $ 
https://www.epicurious.com/recipes/food/views/moroccan-spiced-pastitsio-with-lamb-and-feta-364070,Moroccan-Spiced Pastitsio with Lamb and Feta ,"2 tablespoons olive oil $ 1 1/4 cups chopped red onion $ 2 large garlic cloves, chopped $ 1 pound ground lamb $ 1 28-ounce can diced tomatoes in juice $ 2 tablespoons dried mint $ 1 1/2 tablespoons ras-el-hanout $ 1 tablespoon tomato paste $ 3 teaspoons ground cumin, divided $ 1 teaspoon ground cinnamon $ 3 cups whole milk, divided $ 8 tablespoons (1 stick) unsalted butter, divided $ 6 tablespoons all purpose flour $ 3 large eggs, separated $ 6 ounces feta cheese, crumbled $ 1 pound penne rigate $ 1/2 cup freshly grated Parmesan cheese, divided $ Ingredient info: Look for ras-el-hanout at specialty foods stores or order it online at adrianascaravan.com. $ ",Lamb $ Pasta $ Bake $ Sauté $ Low Cal $ Dinner $ Buffet $ Casserole/Gratin $ Feta $ Potluck $ Bon Appétit $ Peanut Free $ Tree Nut Free $ Soy Free $ No Sugar Added $ Diabetes-Friendly $ ,Moroccan $ ,4/4,31,Lamb $ Pasta $ Bake $ Sauté $ Low Cal $ Dinner $ Buffet $ Casserole/Gratin $ Feta $ Potluck $ Bon Appétit $ Peanut Free $ Tree Nut Free $ Soy Free $ No Sugar Added $ Diabetes-Friendly $ Moroccan $ 
https://www.epicurious.com/recipes/food/views/persian-new-years-soup-with-beans-noodles-and-herbs-em-ash-e-reshteh-em-363446,"Persian New Year's Soup with Beans, Noodles, and Herbs (Ash-e-reshteh) ","1/2 cup chickpeas, soaked overnight in water to cover $ 1/4 cup kidney beans, soaked overnight in water to cover $ 1/2 cup dried fava beans, soaked overnight in water to cover, or 1 1/2 cups frozen lima beans $ 3 yellow onions $ 7 tablespoons olive oil $ 5 cloves garlic, minced $ 1 teaspoon ground turmeric $ 1/4 cup dried lentils $ 14 cups vegetable or chicken stock $ Salt $ 1 large handful fresh mint leaves, torn into pieces $ 6 ounces thin egg noodles or linguine, broken into thirds $ 1 bunch leafy greens, stemmed, and coarsely chopped $ 1/4 cup fresh dill leaves, minced $ 1/2 cup fresh cilantro, minced $ 1/2 cup fresh flat-leaf parsley, minced $ 2 cups plain yogurt $ ",Soup/Stew $ Bean $ Garlic $ Leafy Green $ Herb $ Pasta $ Yogurt $ High Fiber $ Dinner $ Lunch $ Mint $ Legume $ Chickpea $ Lentil $ Healthy $ Persian New Year $ Dill $ Cilantro $ Parsley $ Simmer $ Advance Prep Required $ Pescatarian $ Peanut Free $ Tree Nut Free $ Soy Free $ No Sugar Added $ Kosher $ ,Middle Eastern $ Moroccan $ Central Asian $ ,3/4,12,Soup/Stew $ Bean $ Garlic $ Leafy Green $ Herb $ Pasta $ Yogurt $ High Fiber $ Dinner $ Lunch $ Mint $ Legume $ Chickpea $ Lentil $ Healthy $ Persian New Year $ Dill $ Cilantro $ Parsley $ Simmer $ Advance Prep Required $ Pescatarian $ Peanut Free $ Tree Nut Free $ Soy Free $ No Sugar Added $ Kosher $ Middle Eastern $ Moroccan $ Central Asian $ 
https://www.epicurious.com/recipes/food/views/braised-chicken-with-dates-and-moroccan-spices-361592,Braised Chicken with Dates and Moroccan Spices ,"3 1/2 pounds chicken breast halves, thighs, and drumsticks $ 1 tablespoon all purpose flour $ 1 tablespoon extra-virgin olive oil $ 2 pounds shallots (about 11 large), peeled $ 3 cinnamon sticks $ 1 1/2 teaspoons ground ginger $ 1 teaspoon ground cumin $ 1/2 teaspoon turmeric $ 1/8 teaspoon cayenne pepper $ 3 cups low-salt chicken broth $ 5 tablespoons fresh lemon juice, divided $ 12 dates, pitted, halved $ 1/4 cup almonds, toasted, coarsely chopped $ 1/4 cup chopped fresh cilantro $ ",Chicken $ Braise $ Quick & Easy $ Low Cal $ Dinner $ Date $ Almond $ Healthy $ Bon Appétit $ Dairy Free $ Peanut Free $ Soy Free $ No Sugar Added $ Kosher $ ,African $ Moroccan $ ,3.5/4,70,Chicken $ Braise $ Quick & Easy $ Low Cal $ Dinner $ Date $ Almond $ Healthy $ Bon Appétit $ Dairy Free $ Peanut Free $ Soy Free $ No Sugar Added $ Kosher $ African $ Moroccan $ 
https://www.epicurious.com/recipes/food/views/mhanncha-snake-cake-361411,M'hanncha (Snake Cake) ,"3 cups almonds $ 3/4 cup confectioners' sugar $ 1/2 teaspoon ground cinnamon $ 1/4 teaspoon ground cardamom $ 3/4 cup (1 1/2 sticks) unsalted butter, melted $ 2 egg yolks, beaten $ 1 tablespoon orange-flower water $ 1 tablespoon orange juice $ 1 tablespoon grated orange zest $ 1 teaspoon vanilla extract $ 12 (12- by 17-inch) sheets phyllo dough $ 3/4 cup (1 1/2 sticks) unsalted butter, melted $ 2 egg yolks, beaten $ 1 tablespoon water $ 1/2 teaspoon cinnamon $ 1/4 cup confectioners' sugar $ 4 teaspoons ground cinnamon $ 1/4 cup sliced almonds $ ",Cake $ Nut $ Dessert $ Bake $ Vegetarian $ Tree Nut $ Almond $ Spice $ Chill $ Cinnamon $ Phyllo/Puff Pastry Dough $ Pescatarian $ Peanut Free $ Soy Free $ Kosher $ ,African $ Moroccan $ ,3.5/4,4,Cake $ Nut $ Dessert $ Bake $ Vegetarian $ Tree Nut $ Almond $ Spice $ Chill $ Cinnamon $ Phyllo/Puff Pastry Dough $ Pescatarian $ Peanut Free $ Soy Free $ Kosher $ African $ Moroccan $ 
https://www.epicurious.com/recipes/food/views/root-vegetable-tagine-with-sweet-potatoes-carrots-turnips-and-spice-roasted-chickpeas-361252,"Root Vegetable Tagine with Sweet Potatoes, Carrots, Turnips, and Spice-Roasted Chickpeas ","1 teaspoon coriander seeds $ 1 teaspoon cumin seeds $ 1/2 teaspoon caraway seeds $ 1/2 teaspoon dried crushed red pepper $ 1/4 teaspoon turmeric $ 4 1/2 teaspoons coarse kosher salt, divided $ 1/2 cup fresh lemon juice $ 3 tablespoons extra-virgin olive oil $ 1 1/2 cups chopped onion $ 3 garlic cloves, minced $ 1 1/2 tablespoons tomato paste $ 1 1/4 cups 1/2-inch cubes peeled carrots $ 1 celery stalk, chopped $ 4 cups water $ 1 1/4 pounds red-skinned sweet potatoes $ (yams), peeled, cut into 1-inch cubes $ 1 pound turnips (about 2 medium), peeled, cut into 3/4-inch wedges $ 3/4 cup brine-cured green olives, pitted, coarsely chopped $ 1/4 cup sun-dried tomatoes (about 1 ounce; not oil-packed), thinly sliced $ 1/4 cup chopped fresh Italian parsley $ 2 tablespoons chopped fresh cilantro $ 1 teaspoon dried mint $ 1 10-ounce box plain couscous (cooked according to package directions) $ Spice-Roasted Chickpeas $ ",Roast $ Low Fat $ Low Cal $ High Fiber $ Dinner $ Chickpea $ Root Vegetable $ Carrot $ Turnip $ Sweet Potato/Yam $ Healthy $ Low Cholesterol $ Bon Appétit $ Vegan $ Vegetarian $ Pescatarian $ Dairy Free $ Peanut Free $ Tree Nut Free $ Soy Free $ No Sugar Added $ Kosher $ ,Moroccan $ ,3/4,36,Roast $ Low Fat $ Low Cal $ High Fiber $ Dinner $ Chickpea $ Root Vegetable $ Carrot $ Turnip $ Sweet Potato/Yam $ Healthy $ Low Cholesterol $ Bon Appétit $ Vegan $ Vegetarian $ Pescatarian $ Dairy Free $ Peanut Free $ Tree Nut Free $ Soy Free $ No Sugar Added $ Kosher $ Moroccan $ 
https://www.epicurious.com/recipes/food/views/moroccan-carrot-apple-salad-with-cilantro-360929,Moroccan Carrot-Apple Salad with Cilantro ,"2 cups finely diced Cortland apple $ 1 cup 1 cup grated carrot $ 8 green olives, pitted and coarsely chopped $ 1/2 cup chopped fresh cilantro $ 1 clove garlic, finely chopped $ 1 tablespoon extra-virgin olive oil $ 2 1/2 teaspoons lemon juice $ 1/2 teaspoon ground cumin $ ",Side $ Picnic $ Quick & Easy $ Low Cal $ Lunch $ Apple $ Carrot $ Healthy $ Cilantro $ Self $ Kidney Friendly $ Vegan $ Vegetarian $ Pescatarian $ Paleo $ Dairy Free $ Wheat/Gluten-Free $ Peanut Free $ Tree Nut Free $ Soy Free $ No Sugar Added $ Kosher $ ,Moroccan $ ,1.5/4,4,Side $ Picnic $ Quick & Easy $ Low Cal $ Lunch $ Apple $ Carrot $ Healthy $ Cilantro $ Self $ Kidney Friendly $ Vegan $ Vegetarian $ Pescatarian $ Paleo $ Dairy Free $ Wheat/Gluten-Free $ Peanut Free $ Tree Nut Free $ Soy Free $ No Sugar Added $ Kosher $ Moroccan $ 
https://www.epicurious.com/recipes/food/views/moroccan-beet-leaf-or-swiss-chard-salad-em-salade-de-blettes-em-360489,Moroccan Beet Leaf or Swiss Chard Salad (Salade de Blettes) ,"1/3 cup peanut, grapeseed, or vegetable oil $ 2 bunches of Swiss chard or beet leaves with stems, coarsely chopped (about 1 pound) $ 4 cloves garlic, minced $ Salt to taste $ 1 teaspoon sweet paprika $ 1 teaspoon ground cumin $ 1 teaspoon harissa*, or to taste $ 1/4 cup white vinegar or lemon juice $ Freshly ground pepper to taste $ ",Salad $ Appetizer $ Quick & Easy $ Rosh Hashanah/Yom Kippur $ Swiss Cheese $ Paprika $ Sugar Conscious $ Vegan $ Vegetarian $ Pescatarian $ Dairy Free $ Wheat/Gluten-Free $ Tree Nut Free $ Soy Free $ No Sugar Added $ Kosher $ ,African $ Jewish $ Moroccan $ ,3/4,8,Salad $ Appetizer $ Quick & Easy $ Rosh Hashanah/Yom Kippur $ Swiss Cheese $ Paprika $ Sugar Conscious $ Vegan $ Vegetarian $ Pescatarian $ Dairy Free $ Wheat/Gluten-Free $ Tree Nut Free $ Soy Free $ No Sugar Added $ Kosher $ African $ Jewish $ Moroccan $ 
https://www.epicurious.com/recipes/food/views/chickpea-raita-358035,Chickpea Raita ,"1 cup whole-milk plain yogurt $ 1/2 cup drained canned chickpeas, rinsed $ 1/2 cup diced (1/3 inch) plum tomato $ 1/2 teaspoon cumin seed, toasted $ 2 tablespoons chopped fresh mint (optional) $ naan or flatbread $ ",Tomato $ Appetizer $ Side $ Cocktail Party $ Quick & Easy $ Yogurt $ Chickpea $ Chill $ Cumin $ Gourmet $ Vegetarian $ Pescatarian $ Peanut Free $ Tree Nut Free $ Soy Free $ No Sugar Added $ Kosher $ ,Moroccan $ ,0/4,0,Tomato $ Appetizer $ Side $ Cocktail Party $ Quick & Easy $ Yogurt $ Chickpea $ Chill $ Cumin $ Gourmet $ Vegetarian $ Pescatarian $ Peanut Free $ Tree Nut Free $ Soy Free $ No Sugar Added $ Kosher $ Moroccan $ 
https://www.epicurious.com/recipes/food/views/moroccan-carrot-soup-357911,Moroccan Carrot Soup ,"2 tablespoons (1/4 stick) butter $ 1 cup chopped white onion $ 1 pound large carrots, peeled, cut into 1/2-inch dice (about 2 2/3 cups) $ 2 1/2 cups low-salt chicken broth $ 1 1/2 teaspoons cumin seeds $ 1 tablespoon honey $ 1 teaspoon fresh lemon juice $ 1/8 teaspoon ground allspice $ 1/2 cup plain yogurt, stirred to loosen $ ",Soup/Stew $ Onion $ Quick & Easy $ Low Cal $ High Fiber $ Lunch $ Carrot $ Healthy $ Honey $ Cumin $ Bon Appétit $ Wheat/Gluten-Free $ Peanut Free $ Tree Nut Free $ Soy Free $ ,African $ Moroccan $ ,3.5/4,201,Soup/Stew $ Onion $ Quick & Easy $ Low Cal $ High Fiber $ Lunch $ Carrot $ Healthy $ Honey $ Cumin $ Bon Appétit $ Wheat/Gluten-Free $ Peanut Free $ Tree Nut Free $ Soy Free $ African $ Moroccan $ 
https://www.epicurious.com/recipes/food/views/moroccan-beef-meatball-tagine-356751,Moroccan Beef Meatball Tagine ,"1 1/2 pounds ground beef (20% fat) $ 1/3 cup coarsely grated onion $ 1/3 cup panko (Japanese breadcrumbs)* $ 1/4 cup chopped fresh cilantro $ 1 large egg, beaten to blend $ 2 garlic cloves, minced $ 1 teaspoon turmeric $ 1/2 teaspoon cayenne pepper $ 1/2 teaspoon ground cinnamon $ 1/2 teaspoon ground nutmeg $ 1/2 teaspoon freshly ground black pepper $ 1/2 teaspoon coarse kosher salt $ 1/4 teaspoon ground ginger $ 1 tablespoon olive oil $ 3 1/2 cups chopped onions $ 4 garlic cloves, minced $ 2 cinnamon sticks $ 1 teaspoon turmeric $ 1/8 teaspoon saffron threads, crumbled $ 2 cups beef broth $ 1 14.5-ounce can diced tomatoes in juice $ 1/4 cup golden raisins $ 2 cups 1/2-inch-thick carrot slices (cut on diagonal) $ 1/4 cup chopped fresh cilantro plus additional for garnish $ 1 5-ounce package baby spinach leaves $ Couscous with Fresh Cilantro and Lemon Juice $ Lemon wedges (for garnish) $ ",Garlic $ Ginger $ Onion $ Bake $ Sauté $ Dinner $ Raisin $ Ground Beef $ Saffron $ Spinach $ Cinnamon $ Cilantro $ Nutmeg $ Chile Pepper $ Breadcrumbs $ Bon Appétit $ Dairy Free $ ,Moroccan $ ,3.5/4,85,Garlic $ Ginger $ Onion $ Bake $ Sauté $ Dinner $ Raisin $ Ground Beef $ Saffron $ Spinach $ Cinnamon $ Cilantro $ Nutmeg $ Chile Pepper $ Breadcrumbs $ Bon Appétit $ Dairy Free $ Moroccan $ 
https://www.epicurious.com/recipes/food/views/chicken-tagine-with-fennel-and-olives-356692,Chicken Tagine with Fennel and Olives ,"1 teaspoon ground cumin $ 1/2 teaspoon paprika $ 1/2 teaspoon fine sea salt $ 1/4 teaspoon cayenne pepper $ 6 skinless boneless chicken thighs (1 1/2 pounds) $ 2 tablespoons olive oil, divided $ 2 medium fennel bulbs, stalks trimmed, bulbs halved vertically, then cut crosswise into 1/2-inch slices $ 2 cups low-salt chicken broth $ 2 tablespoons fresh lemon juice $ 1/2 cup pitted brine-cured green olives, quartered lengthwise $ 1 cup coarsely chopped fresh cilantro $ ",Olive $ Low Cal $ High Fiber $ Dinner $ Fennel $ Healthy $ Cilantro $ Cumin $ Paprika $ Bon Appétit $ Sugar Conscious $ Paleo $ Dairy Free $ Wheat/Gluten-Free $ Peanut Free $ Tree Nut Free $ Soy Free $ No Sugar Added $ Kosher $ ,Moroccan $ ,3.5/4,33,Olive $ Low Cal $ High Fiber $ Dinner $ Fennel $ Healthy $ Cilantro $ Cumin $ Paprika $ Bon Appétit $ Sugar Conscious $ Paleo $ Dairy Free $ Wheat/Gluten-Free $ Peanut Free $ Tree Nut Free $ Soy Free $ No Sugar Added $ Kosher $ Moroccan $ 
https://www.epicurious.com/recipes/food/views/roasted-leg-of-lamb-with-north-african-spices-lemon-and-onions-355937,"Roasted Leg of Lamb with North African Spices, Lemon, and Onions ","3 tablespoons coarse sea salt $ 2 teaspoons dried Greek oregano or savory $ 1 teaspoon chopped fresh rosemary leaves $ 3 teaspoons caraway seeds $ 1 teaspoon cumin seeds $ 1/2 teaspoon ground turmeric $ 2 tablespoons Harissa or Aleppo or Mara's pepper to taste $ 1 teaspoon chopped garlic $ 1/4 cup olive oil $ One 5-to 6-pound bone-in leg of lamb $ 1/4 cup fresh lemon juice $ 1/3 cup dry white wine, or more if needed $ 1½ pounds medium or small red onions, peeled and halved or quartered $ 2 or 3 fresh rosemary sprigs, or 1 tablespoon dried $ ",Wine $ Garlic $ Herb $ Lamb $ Olive $ Onion $ Broil $ Roast $ Dinner $ Lemon $ Rosemary $ Meat $ Spice $ Oregano $ Caraway $ Cumin $ Coffee Grinder $ Paleo $ Dairy Free $ Wheat/Gluten-Free $ Peanut Free $ Tree Nut Free $ Soy Free $ ,African $ Moroccan $ ,3.5/4,10,Wine $ Garlic $ Herb $ Lamb $ Olive $ Onion $ Broil $ Roast $ Dinner $ Lemon $ Rosemary $ Meat $ Spice $ Oregano $ Caraway $ Cumin $ Coffee Grinder $ Paleo $ Dairy Free $ Wheat/Gluten-Free $ Peanut Free $ Tree Nut Free $ Soy Free $ African $ Moroccan $ 
https://www.epicurious.com/recipes/food/views/moroccan-halibut-and-carrots-355750,Moroccan Halibut and Carrots ,"2 5-ounce 1-inch-thick halibut fillets $ 1/4 teaspoon (generous) ground cinnamon $ 1/4 teaspoon (generous) cayenne pepper $ 2 tablespoons (1/4 stick) butter, divided $ 1 cup 1/4 x 1/4 x 2 1/2-inch sticks peeled carrots (cut from 2 large) $ 1 tablespoon fresh lemon juice $ 3/4 teaspoon finely grated lemon peel $ 2 tablespoons thinly sliced fresh mint $ ",Sauté $ Quick & Easy $ Low Cal $ Dinner $ Mint $ Halibut $ Carrot $ Healthy $ Cinnamon $ Party $ Potluck $ Bon Appétit $ Sugar Conscious $ Pescatarian $ Wheat/Gluten-Free $ Peanut Free $ Tree Nut Free $ Soy Free $ No Sugar Added $ Kosher $ ,Moroccan $ ,3.5/4,42,Sauté $ Quick & Easy $ Low Cal $ Dinner $ Mint $ Halibut $ Carrot $ Healthy $ Cinnamon $ Party $ Potluck $ Bon Appétit $ Sugar Conscious $ Pescatarian $ Wheat/Gluten-Free $ Peanut Free $ Tree Nut Free $ Soy Free $ No Sugar Added $ Kosher $ Moroccan $ 
https://www.epicurious.com/recipes/food/views/chicken-with-figs-in-ras-el-hanout-and-couscous-354852,Chicken with Figs in Ras-el-Hanout and Couscous ,"6 whole chicken leg-thigh pieces (about 4 1/2 pounds total) $ 1 tablespoon salt plus additional for seasoning $ 4 tablespoons olive oil, divided $ 12 baby carrots, peeled $ 1 cup shallots, peeled, halved (about 4 large) $ 3 garlic cloves, peeled $ 1 teaspoon fresh chopped thyme plus additional for garnish $ 1/2 teaspoon finely grated lemon peel $ 2 tablespoons ras-el-hanout $ 3 cups low-salt chicken broth $ 3/4 cup dry white wine $ 14 Brown Turkey figs, halved $ 2 teaspoons Sherry wine vinegar $ Couscous (prepared according to package directions) $ ",Chicken $ Dinner $ Fig $ Spice $ Chill $ Couscous $ Bon Appétit $ Dairy Free $ Peanut Free $ Tree Nut Free $ Soy Free $ Kosher $ ,Moroccan $ ,3.5/4,15,Chicken $ Dinner $ Fig $ Spice $ Chill $ Couscous $ Bon Appétit $ Dairy Free $ Peanut Free $ Tree Nut Free $ Soy Free $ Kosher $ Moroccan $ 
https://www.epicurious.com/recipes/food/views/grilled-turkey-burgers-with-cheddar-and-smoky-aioli-354289,Grilled Turkey Burgers with Cheddar and Smoky Aioli ,"1/2 teaspoon cumin seeds $ 1/2 teaspoon coriander seeds $ 1/2 cup mayonnaise $ 2 tablespoons extra-virgin olive oil plus additional for brushing $ 2 teaspoons fresh lemon juice $ 1 1/2 teaspoons smoked paprika $ 1 garlic clove, pressed $ 1 pound ground dark-meat turkey $ 4 1/3 -inch-thick red onion slices $ 1 large or 2 small red bell peppers, quartered $ 4 slices white cheddar cheese or Monterey Jack cheese $ 4 sesame-seed hamburger buns $ Arugula $ Pickle wedges $ Corn chips $ ",Dairy $ turkey $ Kid-Friendly $ Quick & Easy $ Backyard BBQ $ Dinner $ Lunch $ Cheddar $ Grill $ Grill/Barbecue $ Bon Appétit $ Peanut Free $ Tree Nut Free $ Soy Free $ ,Moroccan $ ,3.5/4,101,Dairy $ turkey $ Kid-Friendly $ Quick & Easy $ Backyard BBQ $ Dinner $ Lunch $ Cheddar $ Grill $ Grill/Barbecue $ Bon Appétit $ Peanut Free $ Tree Nut Free $ Soy Free $ Moroccan $ 
https://www.epicurious.com/recipes/food/views/moroccan-chicken-with-green-olives-and-lemon-352532,Moroccan Chicken with Green Olives and Lemon ,"2 Meyer lemons or regular lemons $ 1 tablespoon olive oil $ 1 large onion, halved, thinly sliced $ 2 garlic cloves, pressed $ 1 tablespoon paprika $ 2 teaspoons ground cumin $ 1 teaspoon ground cinnamon $ 1 teaspoon ground ginger $ 2 cups low-salt chicken broth $ 1 4 1/2-pound chicken, cut into 8 pieces, skin removed $ 1/2 cup green olives $ ",Chicken $ Ginger $ Olive $ Sauté $ Low Cal $ Dinner $ Lemon $ Healthy $ Cinnamon $ Simmer $ Cumin $ Bon Appétit $ Sugar Conscious $ Paleo $ Dairy Free $ Wheat/Gluten-Free $ Peanut Free $ Tree Nut Free $ Soy Free $ No Sugar Added $ Kosher $ ,African $ Moroccan $ ,3.5/4,145,Chicken $ Ginger $ Olive $ Sauté $ Low Cal $ Dinner $ Lemon $ Healthy $ Cinnamon $ Simmer $ Cumin $ Bon Appétit $ Sugar Conscious $ Paleo $ Dairy Free $ Wheat/Gluten-Free $ Peanut Free $ Tree Nut Free $ Soy Free $ No Sugar Added $ Kosher $ African $ Moroccan $ 
https://www.epicurious.com/recipes/food/views/moroccan-spiced-olives-352280,Moroccan Spiced Olives ,"2 cups green olives (with pits) in brine (10 ounces), such as picholine or Cerignola, lightly smashed to crack open slightly $ 4 garlic cloves, sliced $ 1/4 cup extra-virgin olive oil $ 2 teaspoons tomato paste $ 1/3 cup water $ 2 teaspoons harissa (North African spice paste) $ 3 (4-to 5-inch) thyme sprigs $ 2 thin lemon slices $ ",Garlic $ Olive $ Passover $ Vegetarian $ Dinner $ Healthy $ Kosher $ Kosher for Passover $ Thyme $ Lemon Juice $ Gourmet $ Sugar Conscious $ Vegan $ Pescatarian $ Dairy Free $ Wheat/Gluten-Free $ Peanut Free $ Tree Nut Free $ Soy Free $ No Sugar Added $ ,African $ Moroccan $ Sephardic $ ,3.5/4,6,Garlic $ Olive $ Passover $ Vegetarian $ Dinner $ Healthy $ Kosher $ Kosher for Passover $ Thyme $ Lemon Juice $ Gourmet $ Sugar Conscious $ Vegan $ Pescatarian $ Dairy Free $ Wheat/Gluten-Free $ Peanut Free $ Tree Nut Free $ Soy Free $ No Sugar Added $ African $ Moroccan $ Sephardic $ 
https://www.epicurious.com/recipes/food/views/moroccan-style-vegetable-stew-with-harissa-yogurt-sauce-352047,Moroccan-Style Vegetable Stew with Harissa Yogurt Sauce ,"1 cup (8 ounces) Greek-style yogurt* $ 1 tablespoon extra-virgin olive oil $ 1 teaspoon harissa sauce** $ 1 garlic clove, minced $ Coarse kosher salt $ Coarse kosher salt $ 1 pound carrots, peeled, cut into 1/2-to 3/4-inch pieces $ 1 3/4-pound turnip, peeled, cut into 1/2-to 3/4-inch pieces $ 3 tablespoons butter $ 1/2 pound spring onions or green onions, coarsely chopped (about 1 3/4 cups) $ 2 tablespoons chopped fresh Italian parsley $ 2 tablespoons chopped fresh mint $ 2 garlic cloves, minced $ 1 teaspoon paprika $ 1 teaspoon ground cumin $ 1/2 teaspoon ground coriander $ 1/2 cup dry white wine $ 2 teaspoons all purpose flour $ 1 15-ounce can garbanzo beans (chickpeas), drained, rinsed $ 1 5-ounce bag baby spinach $ 1 to 3 teaspoons fresh lemon juice $ ",Soup/Stew $ Stew $ Vegetarian $ Yogurt $ Low Cal $ High Fiber $ Dinner $ Spinach $ Chickpea $ Carrot $ Turnip $ Family Reunion $ Healthy $ Green Onion/Scallion $ Bon Appétit $ Pescatarian $ Peanut Free $ Soy Free $ Kosher $ ,Moroccan $ ,3/4,23,Soup/Stew $ Stew $ Vegetarian $ Yogurt $ Low Cal $ High Fiber $ Dinner $ Spinach $ Chickpea $ Carrot $ Turnip $ Family Reunion $ Healthy $ Green Onion/Scallion $ Bon Appétit $ Pescatarian $ Peanut Free $ Soy Free $ Kosher $ Moroccan $ 
https://www.epicurious.com/recipes/food/views/oasis-carrot-salad-351902,Oasis Carrot Salad ,"1 pound carrots, sliced crosswise 1/4 inch thick $ 2 tablespoons chopped onion, rinsed and drained $ 1 garlic clove, chopped $ 2 tablespoons olive oil $ 2 tablespoons distilled white vinegar $ 2 tablespoons chopped cilantro $ 2 tablespoons chopped flat-leaf parsley $ ",Salad $ Onion $ Appetizer $ Side $ Vegetarian $ Quick & Easy $ Carrot $ Healthy $ Vegan $ Cilantro $ Gourmet $ Pescatarian $ Paleo $ Dairy Free $ Wheat/Gluten-Free $ Peanut Free $ Tree Nut Free $ Soy Free $ No Sugar Added $ Kosher $ ,Moroccan $ ,3/4,5,Salad $ Onion $ Appetizer $ Side $ Vegetarian $ Quick & Easy $ Carrot $ Healthy $ Vegan $ Cilantro $ Gourmet $ Pescatarian $ Paleo $ Dairy Free $ Wheat/Gluten-Free $ Peanut Free $ Tree Nut Free $ Soy Free $ No Sugar Added $ Kosher $ Moroccan $ 
https://www.epicurious.com/recipes/food/views/chickpea-ragout-351710,Chickpea Ragout ,"2 tablespoons extra-virgin olive oil $ 1 red onion, diced $ 2 tablespoons minced garlic $ 1 teaspoon ground cumin $ 2 cans (15 ounce each) chickpeas, drained and rinsed $ 1 can (14 ounce) diced tomatoes $ 2 sprigs fresh thyme or 1/2 teaspoon dried $ 2 teaspoons each honey and fresh lemon juice $ 1 3/4 cups chicken or vegetable broth $ Couscous, for serving $ 1/2 cup chopped flat-leaf parsley $ ",Soup/Stew $ Tomato $ Side $ Vegetarian $ Dinner $ Chickpea $ Healthy $ Low Cholesterol $ Vegan $ Cumin $ Parade $ Dairy Free $ Wheat/Gluten-Free $ Peanut Free $ Tree Nut Free $ Soy Free $ Kosher $ ,Moroccan $ ,3/4,11,Soup/Stew $ Tomato $ Side $ Vegetarian $ Dinner $ Chickpea $ Healthy $ Low Cholesterol $ Vegan $ Cumin $ Parade $ Dairy Free $ Wheat/Gluten-Free $ Peanut Free $ Tree Nut Free $ Soy Free $ Kosher $ Moroccan $ 
https://www.epicurious.com/recipes/food/views/moroccan-style-chicken-pie-351511,Moroccan-Style Chicken Pie ,"2 tablespoons olive oil $ 1 large onion, chopped $ 1 teaspoon ground cinnamon $ 1 teaspoon ground ginger $ 1/2 teaspoon turmeric $ 1/8 teaspoon crumbled saffron threads $ 1 tablespoon all purpose flour $ 2 cups low-salt chicken broth $ 1 1/2 pounds skinless boneless chicken thighs $ 1/4 cup chopped golden raisins $ 2 tablespoons chopped fresh cilantro $ 2 tablespoons chopped fresh Italian parsley $ 1/2 cup slivered almonds $ 3 tablespoons powdered sugar $ 1/2 teaspoon coarse kosher salt $ 1/4 teaspoon ground cinnamon $ 10 sheets (about 17x12 inches) fresh phyllo pastry or frozen, thawed $ 1/2 cup (about) unsalted butter, melted (for brushing) $ ",Food Processor $ Chicken $ Bake $ Sauté $ High Fiber $ Father's Day $ Dinner $ Raisin $ Almond $ Winter $ Cinnamon $ Phyllo/Puff Pastry Dough $ Butter $ Bon Appétit $ Peanut Free $ Soy Free $ ,Moroccan $ ,3.5/4,44,Food Processor $ Chicken $ Bake $ Sauté $ High Fiber $ Father's Day $ Dinner $ Raisin $ Almond $ Winter $ Cinnamon $ Phyllo/Puff Pastry Dough $ Butter $ Bon Appétit $ Peanut Free $ Soy Free $ Moroccan $ 
https://www.epicurious.com/recipes/food/views/moroccan-spiced-scallops-with-lentils-351273,Moroccan-Spiced Scallops with Lentils ,"1 teaspoon ground cumin $ 1 teaspoon ground coriander $ 1/2 teaspoon ground cinnamon $ 2 tablespoons olive oil, divided $ 1/2 cup chopped onion $ 2 1/2 cups (or more) vegetable broth $ 1 cup red lentils,* rinsed $ 1/4 cup chopped fresh cilantro plus additional for sprinkling $ 1 1/2 pounds sea scallops, patted dry $ ",Quick & Easy $ Low Cal $ High Fiber $ Dinner $ Scallop $ Lentil $ Healthy $ Cinnamon $ Bon Appétit $ Pescatarian $ Wheat/Gluten-Free $ Peanut Free $ Tree Nut Free $ Soy Free $ No Sugar Added $ ,Moroccan $ ,3.5/4,28,Quick & Easy $ Low Cal $ High Fiber $ Dinner $ Scallop $ Lentil $ Healthy $ Cinnamon $ Bon Appétit $ Pescatarian $ Wheat/Gluten-Free $ Peanut Free $ Tree Nut Free $ Soy Free $ No Sugar Added $ Moroccan $ 
https://www.epicurious.com/recipes/food/views/moroccan-eggplant-salad-243165,Moroccan Eggplant Salad ,"Scant teaspoon cumin seeds $ 1 pound firm eggplant $ 1 small red onion, chopped (1/4 cup) $ 2 teaspoons red-wine vinegar $ 1 teaspoon sugar $ 2 tablespoons extra-virgin olive oil, divided $ 2 tablespoons chopped flat-leaf parsley, divided $ an electric coffee/spice grinder $ toasted pita $ ",Condiment/Spread $ Salad $ Onion $ Side $ Roast $ Quick & Easy $ Dinner $ Lunch $ Eggplant $ Healthy $ Gourmet $ ,African $ Moroccan $ ,3/4,33,Condiment/Spread $ Salad $ Onion $ Side $ Roast $ Quick & Easy $ Dinner $ Lunch $ Eggplant $ Healthy $ Gourmet $ African $ Moroccan $ 
https://www.epicurious.com/recipes/food/views/grilled-lemon-chicken-and-moroccan-couscous-salad-242984,Grilled Lemon Chicken and Moroccan Couscous Salad ,"2 cups low-salt chicken broth $ 2 tablespoons extra-virgin olive oil, divided $ 1 tablespoon ground ginger $ 2 garlic cloves, pressed $ 2 teaspoons salt, divided $ 1 teaspoon ground turmeric $ 1/2 teaspoon ground cinnamon $ 1/4 teaspoon ground cumin $ 1 10-ounce box plain couscous $ 1/2 cup raisins $ 1 cucumber, peeled, seeded, cut into 1/2-inch cubes $ 1 large red bell pepper, cut into 1/2-inch cubes (about 2 cups) $ 1 large carrot, peeled, quartered lengthwise, thinly sliced crosswise $ 1 cup thinly sliced green beans or trimmed sugar snap peas $ 2 teaspoons finely grated lemon peel $ 1/4 cup fresh lemon juice $ 2 1/2 tablespoons extra-virgin olive oil plus additional for drizzling $ 2 tablespoons fresh lemon juice $ 1/2 teaspoon salt $ 1/2 teaspoon ground black pepper $ 6 large skinless boneless chicken breast halves, pounded to 1/3-inch thickness $ 3/4 cup plus 1/3 cup (loosely packed) chopped fresh cilantro $ 1/2 cup chopped toasted almonds (optional) $ 1 lemon, cut into 6 wedges $ ",Chicken $ Low Cal $ High Fiber $ Backyard BBQ $ Dinner $ Summer $ Grill $ Grill/Barbecue $ Healthy $ Couscous $ Bon Appétit $ ,Moroccan $ ,3.5/4,58,Chicken $ Low Cal $ High Fiber $ Backyard BBQ $ Dinner $ Summer $ Grill $ Grill/Barbecue $ Healthy $ Couscous $ Bon Appétit $ Moroccan $ 
https://www.epicurious.com/recipes/food/views/moroccan-style-lamb-and-carrots-with-chickpea-puree-243533,Moroccan Style Lamb and Carrots with Chickpea Purée ,"1/4 cup olive oil $ 1 teaspoon ground allspice $ 1/2 teaspoon cinnamon $ 1/4 teaspoon cayenne $ 6 medium carrots, halved crosswise and quartered lengthwise $ 8 to 12 rib lamb chops (1/4 to 1/2 inch thick; 1 1/2 pounds total $ 1 small garlic clove $ 1 cup canned chickpeas, rinsed $ 1/3 cup warm water $ 1/4 teaspoon ground cumin $ 1 tablespoon olive oil $ ",Food Processor $ Lamb $ Roast $ Dinner $ Spice $ Chickpea $ Carrot $ Fall $ Cinnamon $ Gourmet $ Dairy Free $ Wheat/Gluten-Free $ Peanut Free $ Tree Nut Free $ Soy Free $ No Sugar Added $ Kosher $ ,Moroccan $ ,3/4,9,Food Processor $ Lamb $ Roast $ Dinner $ Spice $ Chickpea $ Carrot $ Fall $ Cinnamon $ Gourmet $ Dairy Free $ Wheat/Gluten-Free $ Peanut Free $ Tree Nut Free $ Soy Free $ No Sugar Added $ Kosher $ Moroccan $ 
https://www.epicurious.com/recipes/food/views/sauteed-fennel-with-almonds-raisins-and-saffron-243631,"Sautéed Fennel with Almonds, Raisins, and Saffron ","2 fennel bulbs (1 pound total), stalks discarded $ 1/4 cup whole almonds (preferably Marcona), lightly toasted $ 1/4 cup extra-virgin olive oil $ 10 garlic cloves, finely chopped $ 1/4 cup raisins $ 2 teaspoons whole coriander seeds $ 1/2 teaspoon grated orange zest $ 1/4 cup fresh orange juice $ Pinch of saffron threads, crumbled $ 1/2 cup chopped cilantro $ fennel fronds and chervil leaves $ ",Garlic $ Side $ Sauté $ Orange $ Raisin $ Almond $ Saffron $ Fennel $ Fall $ Healthy $ Vegan $ Gourmet $ Vegetarian $ Pescatarian $ Paleo $ Dairy Free $ Wheat/Gluten-Free $ Peanut Free $ Soy Free $ No Sugar Added $ Kosher $ ,French $ Moroccan $ ,3.5/4,24,Garlic $ Side $ Sauté $ Orange $ Raisin $ Almond $ Saffron $ Fennel $ Fall $ Healthy $ Vegan $ Gourmet $ Vegetarian $ Pescatarian $ Paleo $ Dairy Free $ Wheat/Gluten-Free $ Peanut Free $ Soy Free $ No Sugar Added $ Kosher $ French $ Moroccan $ 
https://www.epicurious.com/recipes/food/views/orange-scented-couscous-242696,Orange-Scented Couscous ,"2 cups water $ 5 to 6 tablespoons fresh orange juice, divided $ 1 tablespoon olive oil $ 1 teaspoon finely grated orange peel $ 1 10-ounce box (1 1/2 cups) plain couscous $ ",Fruit Juice $ Side $ Low Fat $ Vegetarian $ Quick & Easy $ High Fiber $ Orange $ Summer $ Healthy $ Low Cholesterol $ Couscous $ Bon Appétit $ Sugar Conscious $ Kidney Friendly $ Vegan $ Pescatarian $ Dairy Free $ Peanut Free $ Tree Nut Free $ Soy Free $ No Sugar Added $ Kosher $ ,Moroccan $ ,2.5/4,6,Fruit Juice $ Side $ Low Fat $ Vegetarian $ Quick & Easy $ High Fiber $ Orange $ Summer $ Healthy $ Low Cholesterol $ Couscous $ Bon Appétit $ Sugar Conscious $ Kidney Friendly $ Vegan $ Pescatarian $ Dairy Free $ Peanut Free $ Tree Nut Free $ Soy Free $ No Sugar Added $ Kosher $ Moroccan $ 
https://www.epicurious.com/recipes/food/views/moroccan-style-preserved-lemons-242341,Moroccan-Style Preserved Lemons ,10 to 12 lemons (2 1/2 to 3 lb) $ 2/3 cup kosher salt $ 1/4 cup extra-virgin olive oil $ a 4- to 6-cup jar with a tight-fitting lid $ ,Lemon $ Boil $ Gourmet $ Australia $ ,Moroccan $ ,4/4,3,Lemon $ Boil $ Gourmet $ Australia $ Moroccan $ 
https://www.epicurious.com/recipes/food/views/lamb-tagine-with-prunes-and-cinnamon-242302,Lamb Tagine with Prunes and Cinnamon ,"2 1/2 lb boneless lamb shoulder, cut into 1 1/2-inch pieces $ 1 medium red onion, halved and thinly sliced $ 3 tablespoons plus 1/4 cup olive oil, divided $ 3 (3-inch) cinnamon sticks $ 1 teaspoon ground cinnamon $ 1 teaspoon ground ginger $ 1 teaspoon turmeric $ 1 pinch saffron threads $ 1 tablespoon white wine or water $ About 2 1/2 cups water $ 1/2 lb prunes (about 2 cups) $ 3 tablespoons mild honey $ 1 tablespoon sesame seeds $ 1/2 cup whole blanched almonds $ ",Soup/Stew $ Lamb $ Dinner $ Prune $ Fall $ Winter $ Cinnamon $ Gourmet $ Marrakech $ Morocco $ Paleo $ Dairy Free $ Wheat/Gluten-Free $ Peanut Free $ Soy Free $ Kosher $ ,Moroccan $ ,3/4,15,Soup/Stew $ Lamb $ Dinner $ Prune $ Fall $ Winter $ Cinnamon $ Gourmet $ Marrakech $ Morocco $ Paleo $ Dairy Free $ Wheat/Gluten-Free $ Peanut Free $ Soy Free $ Kosher $ Moroccan $ 
https://www.epicurious.com/recipes/food/views/roasted-pepper-cucumber-and-tomato-salad-242144,"Roasted Pepper, Cucumber, and Tomato Salad ","1 large green bell pepper $ 3 (6-to 8-ounce) tomatoes, halved, seeded, cut into 1/2-inch cubes $ 1 large English hothouse cucumber, peeled, halved lengthwise, seeded, cut into 1/2 -inch cubes $ 3/4 cup oil-cured black olives, pitted, quartered $ 2/3 cup chopped red onion $ 1/3 cup chopped fresh Italian parsley $ 5 tablespoons olive oil $ 3 tablespoons fresh lemon juice $ ",Salad $ Pepper $ Tomato $ Vegetable $ Side $ Broil $ Low Carb $ Vegetarian $ Low Cal $ Cucumber $ Bell Pepper $ Summer $ Healthy $ Bon Appétit $ Vegan $ Pescatarian $ Paleo $ Dairy Free $ Wheat/Gluten-Free $ Peanut Free $ Tree Nut Free $ Soy Free $ No Sugar Added $ Kosher $ ,African $ Moroccan $ ,3/4,7,Salad $ Pepper $ Tomato $ Vegetable $ Side $ Broil $ Low Carb $ Vegetarian $ Low Cal $ Cucumber $ Bell Pepper $ Summer $ Healthy $ Bon Appétit $ Vegan $ Pescatarian $ Paleo $ Dairy Free $ Wheat/Gluten-Free $ Peanut Free $ Tree Nut Free $ Soy Free $ No Sugar Added $ Kosher $ African $ Moroccan $ 
https://www.epicurious.com/recipes/food/views/fish-and-vegetable-bstillas-242143,Fish and Vegetable B'stillas ,"2 large garlic cloves, unpeeled $ 1 (1-pound) black cod fillet with skin $ 5 tablespoons olive oil, divided $ 1 red bell pepper, chopped $ 1 green bell pepper, chopped $ 1 preserved lemon,* flesh scraped out and discarded, peel chopped $ 2 tablespoons tomato paste $ 2 teaspoons Hungarian sweet paprika $ 2 teaspoons ground ginger $ 2 teaspoons ground cumin $ 1 teaspoon coarsely ground black pepper $ 1/8 teaspoon turmeric $ 1/4 cup chopped fresh cilantro $ 1/4 cup chopped fresh Italian parsley $ 1 tablespoon harissa sauce** $ 1 bundle rice stick noodles (maifun; half of 6- to 7-ounce package)*** $ 12 (18x12-inch) sheets phyllo pastry, thawed if frozen $ Melted butter $ *Lemons that have been soaked in salt and lemon juice for several weeks; available at specialty foods stores and Middle Eastern markets, and from igourmet.com. $ ** A spicy North African red chile paste; available at specialty foods stores and at Middle Eastern markets. $ *** Available in the Asian foods section of some supermarkets and at Asian markets. $ ",Fish $ Tomato $ Vegetable $ Bake $ Dinner $ Lemon $ Seafood $ Cod $ Bell Pepper $ Fall $ Spring $ Summer $ Winter $ Bon Appétit $ Sugar Conscious $ Pescatarian $ Peanut Free $ Tree Nut Free $ Soy Free $ Kosher $ ,African $ Moroccan $ ,0/4,0,Fish $ Tomato $ Vegetable $ Bake $ Dinner $ Lemon $ Seafood $ Cod $ Bell Pepper $ Fall $ Spring $ Summer $ Winter $ Bon Appétit $ Sugar Conscious $ Pescatarian $ Peanut Free $ Tree Nut Free $ Soy Free $ Kosher $ African $ Moroccan $ 
https://www.epicurious.com/recipes/food/views/spiced-pears-with-oranges-and-caramel-sauce-242131,Spiced Pears with Oranges and Caramel Sauce ,"4 7-to 8-ounce Anjou pears, peeled $ 3/4 cup sugar $ 1/4 cup plus 2 tablespoons water $ 1/4 cup (1/2 stick) unsalted butter $ 1/4 teaspoon ground cinnamon $ 1/4 teaspoon ground ras-el-hanout* $ 4 1/4- to 1/2-inch-thick orange slices $ 1/4 cup sliced almonds, toasted $ ",Dessert $ High Fiber $ Pear $ Spice $ Fall $ Bon Appétit $ Vegetarian $ Pescatarian $ Wheat/Gluten-Free $ Peanut Free $ Soy Free $ Kosher $ ,Moroccan $ ,2.5/4,3,Dessert $ High Fiber $ Pear $ Spice $ Fall $ Bon Appétit $ Vegetarian $ Pescatarian $ Wheat/Gluten-Free $ Peanut Free $ Soy Free $ Kosher $ Moroccan $ 
https://www.epicurious.com/recipes/food/views/lamb-tagine-with-tomatoes-and-caramelized-sweet-onions-242123,Lamb Tagine with Tomatoes and Caramelized Sweet Onions ,"9 cups chopped sweet onions (such as Vidalia or Maui; about 3 pounds), divided $ 3 pounds boneless lamb stew meat, cut into 3/4- to 1-inch pieces $ 2 cups water $ 2 cinnamon sticks $ 1 teaspoon ground cinnamon $ 1 teaspoon salt $ 1 teaspoon coarsely ground black pepper $ 1 teaspoon ground ginger $ 1/8 teaspoon crumbled saffron threads $ 4 cups chopped plum tomatoes (about 1 1/2 pounds) $ 4 tablespoons chopped fresh Italian parsley, divided $ 1/4 cup olive oil $ ",Lamb $ Tomato $ Stew $ Low Cal $ High Fiber $ Dinner $ Fall $ Winter $ Healthy $ Bon Appétit $ Paleo $ Dairy Free $ Wheat/Gluten-Free $ Peanut Free $ Tree Nut Free $ Soy Free $ No Sugar Added $ Kosher $ ,Moroccan $ ,3.5/4,12,Lamb $ Tomato $ Stew $ Low Cal $ High Fiber $ Dinner $ Fall $ Winter $ Healthy $ Bon Appétit $ Paleo $ Dairy Free $ Wheat/Gluten-Free $ Peanut Free $ Tree Nut Free $ Soy Free $ No Sugar Added $ Kosher $ Moroccan $ 
https://www.epicurious.com/recipes/food/views/fish-tagine-with-tomatoes-capers-and-cinnamon-240945,"Fish Tagine with Tomatoes, Capers, and Cinnamon ","3/4 teaspoon ground cumin $ 1/4 cup extra-virgin olive oil $ 1 (15-ounce) can stewed tomatoes, chopped $ 1 1/2 tablespoons drained capers $ 1/2 teaspoon cinnamon $ 4 (6-ounce) pieces hake or halibut fillet (about 1-inch-thick) $ ",Soup/Stew $ Tomato $ Sauté $ Low Carb $ Quick & Easy $ Low Cal $ Halibut $ Healthy $ Cinnamon $ Capers $ Gourmet $ ,Moroccan $ ,3.5/4,89,Soup/Stew $ Tomato $ Sauté $ Low Carb $ Quick & Easy $ Low Cal $ Halibut $ Healthy $ Cinnamon $ Capers $ Gourmet $ Moroccan $ 
https://www.epicurious.com/recipes/food/views/moroccan-chicken-pot-pie-240752,Moroccan Chicken Pot Pie ,"1 1/2 pounds skinless boneless chicken breast halves, cut into 1-inch cubes $ 1 teaspoon paprika $ 1 teaspoon ground cumin $ 1/4 teaspoon ground cinnamon $ 1 lemon $ 3 tablespoons butter $ 1 large onion, cut into 1/2-inch cubes $ 1 cup imported green olives, pitted, coarsely chopped $ 1/3 cup golden raisins $ 2 tablespoons all purpose flour $ 1 cup low-salt chicken broth $ 1 refrigerated pie crust (half of 15-ounce package) $ ",Chicken $ Olive $ Bake $ Quick & Easy $ Low Cal $ Raisin $ Spice $ Fall $ Bon Appétit $ ,Moroccan $ ,3.5/4,92,Chicken $ Olive $ Bake $ Quick & Easy $ Low Cal $ Raisin $ Spice $ Fall $ Bon Appétit $ Moroccan $ 
https://www.epicurious.com/recipes/food/views/moroccan-lamb-with-garbanzo-bean-mash-240363,Moroccan Lamb with Garbanzo Bean Mash ,"1 1 1/2-pound piece butterflied boneless leg of lamb, trimmed $ 2 tablespoons olive oil, divided $ 1/2 cup dry red wine $ 6 tablespoons fresh orange juice $ 1 tablespoon grated peeled fresh ginger $ 2 teaspoons finely grated orange peel $ 2 teaspoons ground cumin $ 1 teaspoon ground coriander $ 1 teaspoon ground cinnamon $ 4 tablespoons chopped fresh cilantro, divided $ 2 cups chopped red onions $ 6 garlic cloves, chopped $ 2 15 1/2-ounce cans garbanzo beans (chickpeas), rinsed, drained $ 1 cup low-salt chicken broth $ ",Lamb $ Roast $ Thanksgiving $ Low Cal $ High Fiber $ Dinner $ Chickpea $ Fall $ Healthy $ Bon Appétit $ Dairy Free $ Wheat/Gluten-Free $ Peanut Free $ Tree Nut Free $ Soy Free $ ,African $ Moroccan $ ,3/4,13,Lamb $ Roast $ Thanksgiving $ Low Cal $ High Fiber $ Dinner $ Chickpea $ Fall $ Healthy $ Bon Appétit $ Dairy Free $ Wheat/Gluten-Free $ Peanut Free $ Tree Nut Free $ Soy Free $ African $ Moroccan $ 
https://www.epicurious.com/recipes/food/views/spiced-couscous-with-raisins-and-almonds-240139,Spiced Couscous with Raisins and Almonds ,"2 cups hot water $ 3/4 cup raisins $ 4 tablespoons ( 1/2 stick) butter, divided $ 3 tablespoons dry white wine $ 1/2 teaspoon saffron threads $ 1 cup couscous $ 1 medium onion, chopped (about 1 1/2 cups) $ 3/4 cup sliced almonds, toasted $ 2 teaspoons ground cinnamon $ ",Pasta $ Side $ Vegetarian $ Quick & Easy $ High Fiber $ Raisin $ Almond $ Couscous $ Bon Appétit $ Pescatarian $ Peanut Free $ Soy Free $ Kosher $ ,Moroccan $ ,3.5/4,17,Pasta $ Side $ Vegetarian $ Quick & Easy $ High Fiber $ Raisin $ Almond $ Couscous $ Bon Appétit $ Pescatarian $ Peanut Free $ Soy Free $ Kosher $ Moroccan $ 
https://www.epicurious.com/recipes/food/views/moroccan-style-roast-chicken-240138,Moroccan-Style Roast Chicken ,"1/4 cup ( 1/2 stick) unsalted butter, melted $ 1/4 cup honey $ 1 teaspoon ground cinnamon $ 1/4 teaspoon turmeric $ 1 (4 3/4- to 5-pound) whole chicken, rinsed, patted dry $ ",Chicken $ Roast $ Dinner $ Bon Appétit $ Wheat/Gluten-Free $ Peanut Free $ Tree Nut Free $ Soy Free $ ,Moroccan $ ,3/4,26,Chicken $ Roast $ Dinner $ Bon Appétit $ Wheat/Gluten-Free $ Peanut Free $ Tree Nut Free $ Soy Free $ Moroccan $ 
https://www.epicurious.com/recipes/food/views/roasted-beets-with-cumin-and-mint-238419,Roasted Beets with Cumin and Mint ,"1 tablespoon fresh lemon juice $ 1 teaspoon cumin seeds, toasted and lightly crushed $ 1/2 teaspoon salt $ 1/4 teaspoon black pepper $ 2 tablespoons extra-virgin olive oil $ 3 medium beets (1 1/4 pound total without greens), trimmed, leaving 1 inch of stems attached $ 1/3 cup fresh mint, coarsely chopped $ ",Citrus $ Herb $ Vegetable $ Roast $ Vegetarian $ Mint $ Beet $ Vegan $ Gourmet $ ,Moroccan $ ,3.5/4,38,Citrus $ Herb $ Vegetable $ Roast $ Vegetarian $ Mint $ Beet $ Vegan $ Gourmet $ Moroccan $ 
https://www.epicurious.com/recipes/food/views/moroccan-mint-tea-238428,Moroccan Mint Tea ,"1 tablespoon loose Chinese gunpowder green tea $ 5 cups boiling water $ 3 to 4 tablespoons sugar, or to taste $ 1 large bunch fresh mint (1 ounce) $ a 1- to 1 1/2-quart teapot $ ",Tea $ Hot Drink $ Non-Alcoholic $ Mint $ Gourmet $ Drink $ ,Moroccan $ ,4/4,2,Tea $ Hot Drink $ Non-Alcoholic $ Mint $ Gourmet $ Drink $ Moroccan $ 
https://www.epicurious.com/recipes/food/views/rose-water-candied-peanuts-238429,Rosé-Water Candied Peanuts ,3/4 cup sugar $ 1/4 cup water $ 1 3/4 cups dry-roasted peanuts $ 1 1/2 teaspoons Middle Eastern rose water $ ,Nut $ Cocktail Party $ Peanut $ Gourmet $ ,Moroccan $ ,3/4,3,Nut $ Cocktail Party $ Peanut $ Gourmet $ Moroccan $ 
https://www.epicurious.com/recipes/food/views/fig-and-sesame-tart-with-cardamom-orange-cream-238427,Fig and Sesame Tart with Cardamom Orange Cream ,"1 1/2 cups all-purpose flour $ 1/2 cup confectioners sugar $ 1/4 teaspoon salt $ 3/4 stick (6 tablespoons) cold unsalted butter, cut into 1/2-inch cubes $ 4 large egg yolks $ 1 tablespoon heavy cream $ 1 teaspoon sesame seeds, toasted $ 9 ounces dried Turkish figs, stemmed and finely chopped (1 1/2 cups) $ 1/2 cup water $ 4 1/2 tablespoons granulated sugar $ 3/4 teaspoon cinnamon $ 3 tablespoons sesame seeds, toasted $ 1 tablespoon orange-flower water (preferably Mymouné) $ 1 cup heavy cream $ 2 tablespoons mild honey $ 1 1/2 teaspoons finely grated fresh orange zest $ 1/4 teaspoon ground cardamom $ Accompaniment: fresh orange sections $ parchment paper; an 8-inch flan ring (3/4 inch high) or round tart pan $ ",Food Processor $ Citrus $ Dairy $ Egg $ Fruit $ Dessert $ Bake $ Gourmet $ Kidney Friendly $ Vegetarian $ Pescatarian $ Peanut Free $ Tree Nut Free $ Soy Free $ Kosher $ ,Moroccan $ ,3/4,7,Food Processor $ Citrus $ Dairy $ Egg $ Fruit $ Dessert $ Bake $ Gourmet $ Kidney Friendly $ Vegetarian $ Pescatarian $ Peanut Free $ Tree Nut Free $ Soy Free $ Kosher $ Moroccan $ 
https://www.epicurious.com/recipes/food/views/honeyed-red-onion-confit-238426,Honeyed Red-Onion Confit ,"3 tablespoons vegetable oil $ 2 1/4 pound red onions, halved lengthwise, then thinly sliced $ 1 cup golden raisins $ 1/2 cup mild honey $ 1 1/2 teaspoons ground ginger $ 1 1/4 teaspoons cinnamon $ ",Condiment/Spread $ Sauce $ Ginger $ Onion $ Vegetarian $ Raisin $ Honey $ Cinnamon $ Gourmet $ ,Moroccan $ ,3/4,0,Condiment/Spread $ Sauce $ Ginger $ Onion $ Vegetarian $ Raisin $ Honey $ Cinnamon $ Gourmet $ Moroccan $ 
https://www.epicurious.com/recipes/food/views/vegetable-barley-couscous-238425,Vegetable Barley Couscous ,"3/4 cup dried chickpeas (4 1/2 ounces) $ 1/2 teaspoon crumbled saffron threads $ 2 medium tomatoes $ 1/3 cup extra-virgin olive oil $ 2 medium onions, coarsely chopped $ 1 teaspoon black pepper $ 2 teaspoons ground ginger $ 1 tablespoon salt $ 1 tablespoon tomato paste $ 6 cups water $ 1 teaspoon ground ras-el-hanout $ 3/4 pound carrots, peeled and halved crosswise, then halved lengthwise $ 2 medium turnips, peeled and cut into 1 1/2-inch-wide wedges $ 2 medium zucchini, trimmed, halved crosswise, then halved lengthwise $ 1/2 medium green cabbage, cut into 6 wedges $ 3/4 pound butternut squash, peeled, seeded, and cut into 2-inch pieces $ 1/2 teaspoon fiery harissa plus additional for serving $ 2 1/2 cups barley couscous $ 1 1/4 teaspoons salt $ 1/4 cup extra-virgin olive oil $ 2 1/2 to 3 cups water $ 1/2 cup olive oil $ 3/4 cup whole blanched almonds (4 ounces) $ Accompaniment: ""epi:recipeLink id=""238426"">honeyed red-onion confit $ a couscoussière $ ",Bean $ Nut $ Onion $ Tomato $ Vegetable $ Vegetarian $ Vegan $ Gourmet $ ,Moroccan $ ,3.5/4,12,Bean $ Nut $ Onion $ Tomato $ Vegetable $ Vegetarian $ Vegan $ Gourmet $ Moroccan $ 
https://www.epicurious.com/recipes/food/views/fiery-harissa-238424,Fiery Harissa ,1/2 cup Dea brand harissa $ 2 teaspoons dried hot red-pepper flakes $ 1/4 teaspoon salt $ 1/4 teaspoon ground cumin $ 2 tablespoons olive oil $ ,Condiment/Spread $ Sauce $ Food Processor $ Marinate $ Quick & Easy $ Gourmet $ ,Moroccan $ ,1/4,6,Condiment/Spread $ Sauce $ Food Processor $ Marinate $ Quick & Easy $ Gourmet $ Moroccan $ 
https://www.epicurious.com/recipes/food/views/harissa-spiced-lamb-chops-238423,Harissa-Spiced Lamb Chops ,"6 double-rib lamb chops, frenched $ 2 tablespoons fiery harissa $ 1 teaspoon salt $ 1 tablespoon olive oil $ 2 tablespoons unsalted butter $ 2 sprigs fresh thyme $ Ground cumin for sprinkling $ an instant-read thermometer $ ",Herb $ Lamb $ Quick & Easy $ Thyme $ Gourmet $ ,Moroccan $ ,4/4,5,Herb $ Lamb $ Quick & Easy $ Thyme $ Gourmet $ Moroccan $ 
https://www.epicurious.com/recipes/food/views/moroccan-style-preserved-lemons-238422,Moroccan-Style Preserved Lemons ,6 lemons $ 2/3 cup kosher salt $ 1 to 1 1/2 cups fresh lemon juice (from 5 to 6 additional lemons) $ 2 tablespoons olive oil $ a 6-cup jar with a tight-fitting lid $ ,Citrus $ Gourmet $ ,Moroccan $ ,4/4,8,Citrus $ Gourmet $ Moroccan $ 
https://www.epicurious.com/recipes/food/views/grilled-fresh-sardines-with-fennel-and-preserved-lemon-238421,Grilled Fresh Sardines with Fennel and Preserved Lemon ,"2 tablespoons extra-virgin olive oil $ 2 medium fennel bupounds (sometimes labeled ""anise""; about 1 1/2 pounds total), stalks discarded and bulb halved lengthwise, then cut into 1/2-inch-wide wedges $ 1/2 red onion, cut into 1/4-inch-thick slices (1/2 cup) $ 4 teaspoons finely chopped rind (zest and white pith) from preserved lemon $ 1/4 teaspoon fennel seeds, crushed $ 1/2 teaspoon salt $ 1/4 teaspoon black pepper $ 1/2 cup water $ 12 fresh sardines (about 2 to 3 ounces each), cleaned, leaving head and tail intact $ 3 tablespoons extra-virgin olive oil $ 1/2 teaspoon fine sea salt $ 1/4 teaspoon crushed fennel seeds $ 1/8 teaspoon black pepper $ 2 teaspoons fresh lemon juice $ 1/3 cup coarsely chopped fresh dill $ a well-seasoned ridged grill pan $ ",Citrus $ Fish $ Herb $ Onion $ Braise $ Lemon $ Fennel $ Grill/Barbecue $ Gourmet $ ,Moroccan $ ,4/4,6,Citrus $ Fish $ Herb $ Onion $ Braise $ Lemon $ Fennel $ Grill/Barbecue $ Gourmet $ Moroccan $ 
https://www.epicurious.com/recipes/food/views/pomegranate-glazed-carrots-238420,Pomegranate-Glazed Carrots ,"1 tablespoon olive oil $ 1 pound carrots, cut diagonally into 1/4-inch-thick slices $ 1 cup pomegranate juice $ 1 (3-inch) cinnamon stick $ 1/2 teaspoon salt $ 1/8 teaspoon black pepper $ 3/4 teaspoon coriander seeds, toasted and lightly crushed $ ",Appetizer $ Sauté $ Vegetarian $ Carrot $ Healthy $ Vegan $ Pomegranate $ Gourmet $ Pescatarian $ Dairy Free $ Wheat/Gluten-Free $ Peanut Free $ Tree Nut Free $ Soy Free $ No Sugar Added $ Kosher $ ,Moroccan $ ,3.5/4,6,Appetizer $ Sauté $ Vegetarian $ Carrot $ Healthy $ Vegan $ Pomegranate $ Gourmet $ Pescatarian $ Dairy Free $ Wheat/Gluten-Free $ Peanut Free $ Tree Nut Free $ Soy Free $ No Sugar Added $ Kosher $ Moroccan $ 
https://www.epicurious.com/recipes/food/views/spiced-beef-stew-with-carrots-and-mint-237295,Spiced Beef Stew with Carrots and Mint ,"2 tablespoons olive oil, divided $ 12 ounces beef tenderloin, cut into 1-inch cubes $ 1 cup sliced shallots (about 3 large) $ 8 ounces peeled baby carrots $ 2 teaspoons ground cumin $ 1 1/2 teaspoons pumpkin pie spice $ 1/8 teaspoon cayenne pepper $ 1 tablespoon all purpose flour $ 2 1/2 cups beef broth $ 1/3 cup chopped fresh mint, divided $ ",Soup/Stew $ Beef $ Herb $ Low Carb $ Quick & Easy $ Low Cal $ High Fiber $ Dinner $ Mint $ Carrot $ Healthy $ Bon Appétit $ Dairy Free $ Peanut Free $ Tree Nut Free $ Soy Free $ No Sugar Added $ ,African $ Moroccan $ ,3.5/4,37,Soup/Stew $ Beef $ Herb $ Low Carb $ Quick & Easy $ Low Cal $ High Fiber $ Dinner $ Mint $ Carrot $ Healthy $ Bon Appétit $ Dairy Free $ Peanut Free $ Tree Nut Free $ Soy Free $ No Sugar Added $ African $ Moroccan $ 
https://www.epicurious.com/recipes/food/views/moroccan-style-potato-and-egg-sandwiches-237207,Moroccan-Style Potato and Egg Sandwiches ,"4 large eggs $ 1 tablespoon cumin seeds $ 1/2 lb Italian frying peppers, cut into 2- by 1/4-inch strips $ 1 large onion, halved lengthwise, then cut lengthwise into 1/4-inch-thick slices $ 3/4 lb boiling potatoes, peeled and thinly sliced crosswise $ 1/2 teaspoon salt $ 1/4 teaspoon black pepper $ 3 tablespoons extra-virgin olive oil $ 4 Portuguese, challah, or kaiser rolls (about 4 inches in diameter) $ Accompaniments: extra-virgin olive oil; harissa (spicy North African condiment) or cayenne (optional) $ an electric coffee/spice grinder $ ",Egg $ Onion $ Pepper $ Potato $ Quick & Easy $ Gourmet $ ,Moroccan $ ,3.5/4,8,Egg $ Onion $ Pepper $ Potato $ Quick & Easy $ Gourmet $ Moroccan $ 
https://www.epicurious.com/recipes/food/views/marinated-sturgeon-with-moroccan-chickpea-salad-236887,Marinated Sturgeon with Moroccan Chickpea Salad ,"1 tablespoon fennel seeds $ 2 teaspoons coarsely chopped fresh rosemary $ 1 teaspoon cumin seeds $ 1 teaspoon dried crushed red pepper $ 1 teaspoon whole white peppercorns $ 1 cup coarsely chopped fresh parsley leaves $ 1 cup coarsely chopped fresh cilantro leaves $ 1/3 cup chopped fresh mint $ 1/4 cup fresh lemon juice $ 3 garlic cloves, chopped $ 1 cup olive oil $ 6 (6- to 7-ounce) sturgeon fillets or steaks $ 2 large red bell peppers $ 2 flatbreads (such as pita bread) $ 1 15 1/2-ounce can chickpeas, drained $ 1 cup diced seeded peeled cucumber $ 1/2 cup walnuts, toasted, coarsely chopped $ 1/4 cup raisins $ 2 tablespoons drained capers $ 2 tablespoons olive oil $ ",Blender $ Citrus $ Fish $ Garlic $ Herb $ Marinate $ Roast $ High Fiber $ Raisin $ Walnut $ Cucumber $ Chickpea $ Bell Pepper $ Capers $ Seed $ Bon Appétit $ ,Moroccan $ ,4/4,13,Blender $ Citrus $ Fish $ Garlic $ Herb $ Marinate $ Roast $ High Fiber $ Raisin $ Walnut $ Cucumber $ Chickpea $ Bell Pepper $ Capers $ Seed $ Bon Appétit $ Moroccan $ 
https://www.epicurious.com/recipes/food/views/cinnamon-chicken-with-couscous-and-dried-fruit-233401,Cinnamon Chicken with Couscous and Dried Fruit ,"4 whole chicken legs (about 3 pounds), cut into leg and thigh pieces $ 2 teaspoons ground cinnamon, divided $ 1 teaspoon ground ginger, divided $ 1 tablespoon olive oil $ 1 cup chopped onion $ 3/4 cup mixed chopped dried fruit (such as currants, apricots, and prunes) $ 1 14-ounce can low-salt chicken broth $ 1 cup couscous $ 2 teaspoons finely chopped fresh mint, divided $ ",Chicken $ Onion $ Hanukkah $ Quick & Easy $ High Fiber $ Dried Fruit $ Winter $ Cinnamon $ Couscous $ Bon Appétit $ ,Moroccan $ ,3.5/4,40,Chicken $ Onion $ Hanukkah $ Quick & Easy $ High Fiber $ Dried Fruit $ Winter $ Cinnamon $ Couscous $ Bon Appétit $ Moroccan $ 
https://www.epicurious.com/recipes/food/views/charmoula-236204,Charmoula ,"1 tablespoon cumin seeds $ 1 garlic clove, minced $ 1 1/4 cups finely chopped fresh cilantro $ 1/2 cup finely chopped fresh Italian parsley $ 2 teaspoons fresh lemon juice $ 1 1/2 teaspoons paprika $ 1/8 teaspoon cayenne pepper $ 1/2 cup plus 2 tablespoons extra-virgin olive oil $ ",Sauce $ Garlic $ Lemon $ Cilantro $ Parsley $ Seed $ Bon Appétit $ ,Mediterranean $ Moroccan $ ,4/4,3,Sauce $ Garlic $ Lemon $ Cilantro $ Parsley $ Seed $ Bon Appétit $ Mediterranean $ Moroccan $ 
