link,name,ingredients,recipe_category,recipe_cuisine,rating,rating_count,keywords
https://www.epicurious.com/recipes/food/views/potato-salad-with-mint-and-peas-109647,Potato Salad with Mint and Peas ,2 lb small red potatoes $ 2 tablespoons white-wine vinegar $ 1 tablespoon minced shallot $ 1 teaspoon salt $ 1/2 teaspoon black pepper $ 3 tablespoons extra-virgin olive oil $ 1 cup thawed frozen or cooked fresh baby peas (5 oz) $ 1/3 cup chopped or torn fresh mint leaves $ ,Salad $ Potato $ Side $ Vegetarian $ Quick & Easy $ Mint $ Pea $ Summer $ Vegan $ Gourmet $ Sugar Conscious $ Pescatarian $ Dairy Free $ Wheat/Gluten-Free $ Peanut Free $ Tree Nut Free $ Soy Free $ No Sugar Added $ Kosher $ ,American $ ,3.5/4,25,Salad $ Potato $ Side $ Vegetarian $ Quick & Easy $ Mint $ Pea $ Summer $ Vegan $ Gourmet $ Sugar Conscious $ Pescatarian $ Dairy Free $ Wheat/Gluten-Free $ Peanut Free $ Tree Nut Free $ Soy Free $ No Sugar Added $ Kosher $ American $ 
https://www.epicurious.com/recipes/food/views/cinnamon-scented-devils-food-cupcakes-109594,Cinnamon-Scented Devil's Food Cupcakes ,"30 2 1/2-inch-wide by 1 1/2-inch-high paperpanettone molds $ Nonstick vegetable oil spray $ 2 2/3 cups all purpose flour $ 1 1/2 cups unsweetened cocoa powder $ 1 tablespoon ground cinnamon $ 1 1/2 teaspoons baking powder $ 1 1/2 teaspoons salt $ 1 teaspoon baking soda $ 3 1/2 cups sugar $ 1 1/4 cups freshly brewed coffee, cooled to room temperature $ 1 1/4 cups buttermilk $ 3/4 cup vegetable oil $ 2 large eggs $ 2 large egg yolks $ 1 tablespoon vanilla extract $ 1 1/4 cups (about 7 ounces) mini semisweet chocolate chips $ ",Cake $ Coffee $ Milk/Cream $ Chocolate $ Egg $ Dessert $ Bake $ Kid-Friendly $ Summer $ Cinnamon $ Bon Appétit $ Kidney Friendly $ Vegetarian $ Pescatarian $ Peanut Free $ Tree Nut Free $ Soy Free $ Kosher $ ,American $ ,3.5/4,65,Cake $ Coffee $ Milk/Cream $ Chocolate $ Egg $ Dessert $ Bake $ Kid-Friendly $ Summer $ Cinnamon $ Bon Appétit $ Kidney Friendly $ Vegetarian $ Pescatarian $ Peanut Free $ Tree Nut Free $ Soy Free $ Kosher $ American $ 
https://www.epicurious.com/recipes/food/views/brioche-bread-pudding-with-caramelized-apples-108773,"Brioche ""Bread Pudding"" with Caramelized Apples ","1/4 cup sugar $ 3 tablespoons water $ 2 cups walnuts $ 1/4 cup simple syrup $ 1/4 cup turbinado sugar $ 1/2 cup granulated sugar $ 1-inch piece vanilla bean, split in half lengthwise $ 4 tablespoons unsalted butter, cut into 1/2-inch dice $ 4 large Mutsu or Granny Smith apples, peeled, cored, cut into 1/3-inch dice $ 1/2 cup apple cider $ 1/2 cup golden raisins $ 8 one-inch thick slices brioche $ 1/2 cup heavy cream $ 1/2 cup milk $ 1 large egg yolk $ 1 large whole egg $ 3 tablespoons sugar $ 1/4 teaspoon vanilla extract $ 1/4 teaspoon ground cinnamon $ 1/8 teaspoon ground nutmeg $ 1/8 teaspoon ground cardamom $ 2 tablespoons unsalted butter $ ",Milk/Cream $ Fruit $ Dessert $ Bake $ Raisin $ Apple $ Walnut $ Spice $ Fall $ ,American $ ,4/4,2,Milk/Cream $ Fruit $ Dessert $ Bake $ Raisin $ Apple $ Walnut $ Spice $ Fall $ American $ 
https://www.epicurious.com/recipes/food/views/green-bean-salad-with-fresh-tomato-chutney-109779,Green Bean Salad with Fresh Tomato Chutney ,"2 1/4 pounds green beans, trimmed $ 4 medium tomatoes, quartered $ 11/2 tablespoons dark brown sugar $ 1 large garlic clove, chopped $ 1 tablespoon chopped peeled fresh ginger $ 1 teaspoon ground cumin $ 1/2 teaspoon chopped seeded serrano chile $ ",Ginger $ Tomato $ Side $ Marinate $ Picnic $ Low Sodium $ Green Bean $ Summer $ Bon Appétit $ Fat Free $ Vegan $ Vegetarian $ Pescatarian $ Dairy Free $ Wheat/Gluten-Free $ Peanut Free $ Tree Nut Free $ Soy Free $ Kosher $ ,American $ ,1.5/4,6,Ginger $ Tomato $ Side $ Marinate $ Picnic $ Low Sodium $ Green Bean $ Summer $ Bon Appétit $ Fat Free $ Vegan $ Vegetarian $ Pescatarian $ Dairy Free $ Wheat/Gluten-Free $ Peanut Free $ Tree Nut Free $ Soy Free $ Kosher $ American $ 
https://www.epicurious.com/recipes/food/views/almond-apricot-and-cherry-tart-109602,"Almond, Apricot, and Cherry Tart ","1 1/2 cups all purpose flour $ 1/3 cup whole almonds, toasted $ 1/4 teaspoon salt $ 1/2 cup (1 stick) unsalted butter, room temperature $ 1/3 cup powdered sugar $ 1 large egg $ 2 ounces crumbled almond paste (about 3 packed tablespoons) $ 6 tablespoons sugar, divided $ 3 1/2 tablespoons unsalted butter, room temperature $ 1 large egg $ 3 tablespoons cake flour $ 9 medium apricots (about 22 ounces), pitted, quartered $ 20 cherries, pitted, halved $ ",Dessert $ Bake $ Apricot $ Cherry $ Almond $ Summer $ Bon Appétit $ Vegetarian $ Pescatarian $ Peanut Free $ Soy Free $ Kosher $ ,American $ ,3/4,10,Dessert $ Bake $ Apricot $ Cherry $ Almond $ Summer $ Bon Appétit $ Vegetarian $ Pescatarian $ Peanut Free $ Soy Free $ Kosher $ American $ 
https://www.epicurious.com/recipes/food/views/spice-laquered-plum-109661,Spice-Laquered Plum ,"1 firm large black or red plum $ 1 tablespoon mild honey $ 1/4 teaspoon, plus a pinch, cinnamon $ 1/8 teaspoon, plus a pinch, finely crushed anise seeds $ 2 tablespoons sour cream $ 1 teaspoon packed light brown sugar $ ",Dessert $ Broil $ Quick & Easy $ Plum $ Summer $ Honey $ Cinnamon $ Sour Cream $ Seed $ Gourmet $ Kidney Friendly $ Vegetarian $ Pescatarian $ Wheat/Gluten-Free $ Peanut Free $ Tree Nut Free $ Soy Free $ Kosher $ ,American $ ,3.5/4,2,Dessert $ Broil $ Quick & Easy $ Plum $ Summer $ Honey $ Cinnamon $ Sour Cream $ Seed $ Gourmet $ Kidney Friendly $ Vegetarian $ Pescatarian $ Wheat/Gluten-Free $ Peanut Free $ Tree Nut Free $ Soy Free $ Kosher $ American $ 
https://www.epicurious.com/recipes/food/views/pasta-with-pesto-broccoli-and-potatoes-109790,"Pasta with Pesto, Broccoli, and Potatoes ","4 red-skinned potatoes, peeled (about 1/2 pound) $ 1 pound broccoli, cut into 2-inch pieces $ 1 pound linguine $ 1 cup Classic Pesto $ Freshly grated Parmesan cheese $ ",Dairy $ Pasta $ Potato $ Vegetable $ Broccoli $ Summer $ Bon Appétit $ ,American $ ,3/4,9,Dairy $ Pasta $ Potato $ Vegetable $ Broccoli $ Summer $ Bon Appétit $ American $ 
https://www.epicurious.com/recipes/food/views/deep-chocolate-torte-with-coffee-buttercream-11038,Deep Chocolate Torte with Coffee Buttercream ,"14 large eggs, separated $ 1 3/4 cups sugar $ 9 ounces fine-quality bittersweet chocolate, melted and cooled $ 1 cup sugar $ 2 large eggs $ 3 sticks (1 1/2 cups) unsalted butter, softened $ 3 tablespoons instant espresso powder dissolved in 1 tablespoon hot water $ 1 1/2 cups heavy cream $ 6 ounces fine-quality bittersweet chocolate, chopped fine $ 3/4 cup apricot preserves or red currant jelly, heated to lukewarm $ chocolate coffee beans (available at specialty foods shops) for decoration $ ",Coffee $ Milk/Cream $ Chocolate $ Egg $ Dessert $ Gourmet $ ,American $ ,3.5/4,7,Coffee $ Milk/Cream $ Chocolate $ Egg $ Dessert $ Gourmet $ American $ 
https://www.epicurious.com/recipes/food/views/buffalo-chicken-wings-101925,Buffalo Chicken Wings ,1/2 cup mayonnaise $ 1/4 cup plain yogurt $ 2 ounces crumbled blue cheese (about 1/2 cup) $ 4 celery ribs $ 3 pounds chicken wings (12 to 14) $ 2 tablespoons vegetable oil (if grilling) or 6 cups vegetable oil (if deep-frying) $ 1/4 cup unsalted butter $ 3 to 4 tablespoons hot sauce such as Frank's or Goya $ 1 1/2 tablespoons cider vinegar $ ,Chicken $ Cocktail Party $ Super Bowl $ Blue Cheese $ Summer $ Tailgating $ Poker/Game Night $ Grill $ Deep-Fry $ Grill/Barbecue $ Gourmet $ ,American $ ,3/4,76,Chicken $ Cocktail Party $ Super Bowl $ Blue Cheese $ Summer $ Tailgating $ Poker/Game Night $ Grill $ Deep-Fry $ Grill/Barbecue $ Gourmet $ American $ 
https://www.epicurious.com/recipes/food/views/sante-fe-chicken-40,Sante Fe Chicken ,"2 tablespoons olive oil $ 6 chicken thighs $ 6 garlic cloves, chopped $ 1 14 1/2-ounce can Mexican-style stewed tomatoes $ 1 large 8- to 10-ounce) yam, peeled, cut into 1/2- to 3/4-inch dice $ 1 4-ounce can diced green chilies $ 1/2 cup low-salt chicken broth $ 1/2 cup packed chopped fresh cilantro $ 1/4 cup bottled mild green taco sauce $ 1 15-ounce can golden hominy, drained $ ",Chicken $ Garlic $ Poultry $ Tomato $ Braise $ Quick & Easy $ Bon Appétit $ ,American $ Southwestern $ ,3.5/4,67,Chicken $ Garlic $ Poultry $ Tomato $ Braise $ Quick & Easy $ Bon Appétit $ American $ Southwestern $ 
https://www.epicurious.com/recipes/food/views/beef-and-bean-chili-107079,Beef and Bean Chili ,"1 tablespoon olive oil $ 2 large red onions, chopped $ 5 tablespoons chopped jalapeño chilies with seeds $ 8 garlic cloves, chopped $ 2 1/3 pounds ground beef (15% fat) $ 1/4 cup chili powder $ 2 tablespoons ground cumin $ 1 teaspoon sweet paprika $ 1 28-ounce can diced tomatoes in juice $ 2 15 1/4-ounce cans kidney beans, drained $ 1 14-ounce can beef broth $ Sour cream $ Grated cheddar cheese $ Chopped green onions $ Chopped fresh cilantro $ ",Bean $ Beef $ Tomato $ Super Bowl $ Low Cal $ Meat $ Ground Beef $ Fall $ Tailgating $ Healthy $ Jalapeño $ Simmer $ Bon Appétit $ ,American $ ,3.5/4,135,Bean $ Beef $ Tomato $ Super Bowl $ Low Cal $ Meat $ Ground Beef $ Fall $ Tailgating $ Healthy $ Jalapeño $ Simmer $ Bon Appétit $ American $ 
https://www.epicurious.com/recipes/food/views/christmas-cheesecake-with-english-toffee-filling-104513,Christmas Cheesecake with English Toffee Filling ,"1 1/2 cups graham cracker crumbs (from about 5 ounces graham crackers) $ 1/2 cup toasted almonds, finely chopped $ 1/2 cup English toffee bits (such as Skor) $ 2 tablespoons (packed) dark brown sugar $ 1/4 teaspoon salt $ 6 tablespoons unsalted butter, melted $ 4 8-ounce packages cream cheese, room temperature $ 1 cup (packed) dark brown sugar $ 4 large eggs $ 1 tablespoon vanilla extract $ 1/4 teaspoon almond extract $ 8 ounces chocolate-covered English toffee (such as Skor or Heath bars), cut into 1/2-inch pieces $ 1 16-ounce container sour cream $ 1/2 cup sugar $ 1 teaspoon vanilla extract $ Assorted candies (such as gumdrops and holiday M&M’s) $ ",Cake $ Dairy $ Nut $ Dessert $ Bake $ Christmas $ Cream Cheese $ Winter $ Bon Appétit $ Vegetarian $ Pescatarian $ Peanut Free $ Soy Free $ Kosher $ ,American $ English $ ,3.5/4,169,Cake $ Dairy $ Nut $ Dessert $ Bake $ Christmas $ Cream Cheese $ Winter $ Bon Appétit $ Vegetarian $ Pescatarian $ Peanut Free $ Soy Free $ Kosher $ American $ English $ 
https://www.epicurious.com/recipes/food/views/oatmeal-almond-pear-and-plum-crisp-102207,"Oatmeal, Almond, Pear and Plum Crisp ","1/2 cup quick-cooking oats $ 1/2 cup (packed) golden brown sugar $ 3 tablespoons all-purpose flour $ 2 tablespoons vegetable oil $ 2 tablespoons sliced almonds $ 3 medium pears (about 18 ounces), peeled, cored, thinly sliced $ 3 large plums (about 10 ounces), halved, pitted, thinly sliced $ 2 tablespoons sugar $ 1 tablespoon fresh lemon juice $ Pinch of ground nutmeg $ Nonfat frozen yogurt (optional) $ ",Fruit $ Nut $ Dessert $ Bake $ Low Sodium $ Pear $ Plum $ Almond $ Oat $ Fall $ Healthy $ Vegetarian $ Pescatarian $ Peanut Free $ Soy Free $ Kosher $ ,American $ ,3/4,5,Fruit $ Nut $ Dessert $ Bake $ Low Sodium $ Pear $ Plum $ Almond $ Oat $ Fall $ Healthy $ Vegetarian $ Pescatarian $ Peanut Free $ Soy Free $ Kosher $ American $ 
https://www.epicurious.com/recipes/food/views/venison-chili-with-snowcap-beans-100552,Venison Chili with Snowcap Beans ,"16 ounces dried snowcap beans (found in gourmet or health food stores) $ 5 garlic cloves $ 1 tablespoon whole coriander seeds $ 1 bay leaf $ 1 tablespoon salt $ 8 dried ancho chiles $ 1 large green bell pepper, seeded and chopped $ 1 cup chopped onions $ 3 garlic cloves, minced $ 4 tablespoons vegetable oil $ 3 1/2 pounds lean venison (or beef), cut into 1/2-inch cubes $ 1 1/2 pounds sweet pork sausage, cut into 1-inch cubes $ 1 tablespoon salt $ 1 1/2 teaspoons freshly ground black pepper $ 1 1/2 teaspoons dried Mexican oregano $ 2 teaspoons ground cumin $ 2 tablespoons sugar $ two 14 1/2-ounce cans whole tomatoes $ 2 tablespoons masa harina dissolved in 1/2 cup water $ ",Soup/Stew $ Bean $ Onion $ Pork $ Tomato $ Super Bowl $ Venison $ Sausage $ Bell Pepper $ Winter $ Tailgating $ ,American $ ,3.5/4,17,Soup/Stew $ Bean $ Onion $ Pork $ Tomato $ Super Bowl $ Venison $ Sausage $ Bell Pepper $ Winter $ Tailgating $ American $ 
https://www.epicurious.com/recipes/food/views/cafe-brenda-black-bean-vegetable-chili-100550,Café Brenda Black Bean Vegetable Chili ,"2 1/2 cups dried black beans $ 1 large onion, chopped $ 2 tablespoons olive oil $ 4 garlic cloves, minced $ 2 large carrots, diced $ 2 ribs celery, chopped $ 1 red bell pepper, seeded and chopped $ 2 to 3 jalapeño peppers, seeded and minced $ 1 tablespoon minced fresh marjoram or 1 teaspoon dried $ 1 tablespoon minced fresh oregano or 1 teaspoon dried Mexican $ 1 tablespoon chili powder $ 1 tablespoon ground cumin $ 1/2 teaspoon cayenne $ 1/2 teaspoon crushed coriander seeds $ 1 1/2 teaspoons salt $ juice of 1/2 lemon $ 1 ounce unsweetened chocolate $ 1 cup raw pumpkin seeds $ soy sauce $ sour cream, optional $ 1 1/2 cups grated Cheddar cheese, optional $ ",Soup/Stew $ Bean $ Herb $ Onion $ Super Bowl $ Celery $ Carrot $ Winter $ Jalapeño $ Seed $ ,American $ ,2.5/4,16,Soup/Stew $ Bean $ Herb $ Onion $ Super Bowl $ Celery $ Carrot $ Winter $ Jalapeño $ Seed $ American $ 
https://www.epicurious.com/recipes/food/views/havana-moon-chili-100551,Havana Moon Chili ,"2 tablespoons vegetable oil $ 1/2 cup chopped onion $ 3 garlic cloves, minced $ 1 pound ground pork $ 1 pound ground chuck $ one 14 1/2-ounce can beef broth $ one 28-ounce can whole peeled tomatoes, drained $ 2 tablespoons balsamic vinegar $ 1/3 cup raisins $ 2 tablespoons chili powder $ 1 teaspoon ground cinnamon $ 1 teaspoon ground cumin $ 1/2 teaspoon ground allspice $ 1/4 teaspoon ground cloves $ 1/2 teaspoon salt $ 1/4 cup pimiento-stuffed green olives, halved $ 1/4 cup slivered blanched almonds $ 2 cups cooked black beans $ 2 cups cooked white rice $ ",Soup/Stew $ Bean $ Beef $ Olive $ Pork $ Rice $ Tomato $ Super Bowl $ Raisin $ Almond $ Winter $ ,American $ ,3.5/4,101,Soup/Stew $ Bean $ Beef $ Olive $ Pork $ Rice $ Tomato $ Super Bowl $ Raisin $ Almond $ Winter $ American $ 
https://www.epicurious.com/recipes/food/views/peanut-rice-noodles-with-pork-and-collard-greens,Peanut Rice Noodles with Pork and Collard Greens ,"Kosher salt $ 12 oz. regular-width rice stick noodles $ 1/4 cup smooth natural peanut butter $ 1/4 cup soy sauce $ 2 Tbsp. unseasoned rice vinegar $ 1 Tbsp. sugar $ 2 tsp. crushed red pepper flakes $ 1 Tbsp. vegetable oil $ 1 lb. ground pork $ 1 (1 1/2"") piece ginger, peeled, cut into matchsticks $ 4 garlic cloves, thinly sliced $ 1 bunch collard greens, ribs and stems removed, leaves thinly sliced $ ",Bon Appétit $ Dinner $ Noodle $ Pork $ Peanut Butter $ Soy Sauce $ Ginger $ Collard Greens $ Garlic $ ,Asian $ ,0/4,0,Bon Appétit $ Dinner $ Noodle $ Pork $ Peanut Butter $ Soy Sauce $ Ginger $ Collard Greens $ Garlic $ Asian $ 
https://www.epicurious.com/recipes/food/views/turmeric-kale-fried-rice,Turmeric-Kale Fried Rice ,"2 cups uncooked brown rice (or your choice of grains) $ 2 tablespoons toasted sesame oil $ 1/2 large yellow onion, finely chopped $ 2 garlic cloves, finely minced $ 2 carrots, finely chopped $ 3 tablespoons reduced-sodium tamari soy sauce $ 3 green onions, finely sliced on the bias $ 1 tablespoon ground turmeric $ 1 cup (3/4-inch cubes) savory tofu $ 1 cup chopped kale or broccoli rabe $ Gomashio, for topping (optional) $ ",HarperCollins $ HarperCollins $ Dinner $ Rice $ Kale $ Sesame Oil $ Green Onion/Scallion $ Tofu $ Sesame $ Vegetarian $ Vegan $ Wheat/Gluten-Free $ ,Asian $ ,0/4,0,HarperCollins $ HarperCollins $ Dinner $ Rice $ Kale $ Sesame Oil $ Green Onion/Scallion $ Tofu $ Sesame $ Vegetarian $ Vegan $ Wheat/Gluten-Free $ Asian $ 
https://www.epicurious.com/recipes/food/views/miso-carrot-cucumber-salad,Miso-Carrot-Cucumber Salad ,"2 tablespoons organic red or white miso paste $ 1 tablespoon toasted sesame oil $ 3 tablespoons rice vinegar or raw $ Unfiltered apple cider vinegar $ 2 teaspoons toasted sesame seeds $ 2 large cucumbers, julienned $ 1 large carrot, spiralized $ 2 tablespoons reconstituted wakame $ ",HarperCollins $ HarperCollins $ Salad $ Cucumber $ Carrot $ Vegetarian $ Vegan $ Sesame Oil $ Sesame $ Wheat/Gluten-Free $ ,Japanese $ Asian $ ,3/4,1,HarperCollins $ HarperCollins $ Salad $ Cucumber $ Carrot $ Vegetarian $ Vegan $ Sesame Oil $ Sesame $ Wheat/Gluten-Free $ Japanese $ Asian $ 
https://www.epicurious.com/recipes/food/views/cold-sesame-noodles-with-cucumber,Cold Sesame Noodles with Cucumber ,"8 ounces Chinese egg noodles, cappellini, or pad thai– style rice noodles $ 1 tablespoon peanut oil $ 1/4 cup peanut butter $ 1/2 teaspoon toasted sesame oil $ 3 tablespoons rice vinegar $ 1/4 cup soy sauce $ 2 teaspoons toasted sesame seeds $ 1 tablespoon honey $ 2 tablespoons freshly grated ginger, or 1 tablespoon ground ginger $ 2 garlic cloves, minced $ 1 tablespoon red pepper flakes $ 1 tablespoon sriracha or other red chile sauce $ 2 Persian cucumbers, 1 grated, 1 thinly sliced $ 1 scallion, chopped $ 1/4 cup salted roasted peanuts, chopped $ 1/4 cup fresh cilantro leaves, chopped $ ",HarperCollins $ HarperCollins $ Noodle $ Dinner $ Cucumber $ Peanut $ Peanut Butter $ Soy Sauce $ Ginger $ Vegetarian $ Vegan $ Sesame $ Chill $ Summer $ ,Asian $ ,2.5/4,3,HarperCollins $ HarperCollins $ Noodle $ Dinner $ Cucumber $ Peanut $ Peanut Butter $ Soy Sauce $ Ginger $ Vegetarian $ Vegan $ Sesame $ Chill $ Summer $ Asian $ 
https://www.epicurious.com/recipes/food/views/indonesian-chicken-satay-sate-ayam,Chicken Satay (Sate Ayam) ,"5 candlenuts or cashews, or 10 blanched almonds $ 5 cloves garlic $ 2 fresh chiles, cut into medium chunks $ Sea salt $ 1 tablespoon ground coriander $ Finely ground black pepper $ 1/2 teaspoon cayenne pepper $ 2 tablespoons vegetable oil $ 1/2 cup (75 g) raw peanuts, finely ground $ 1 tablespoon kecap manis (or 1 teaspoon sugar), plus more for the sauce $ 1 pound 10 ounces (750 g) boneless, skinless dark chicken meat, cut into long strips 1/4-inch (0.5 cm) thick $ ",HarperCollins $ HarperCollins $ Grill $ Peanut $ Nut $ Chicken $ Dinner $ Chile Pepper $ Garlic $ Soy Sauce $ ,Indonesian $ Southeast Asian $ Asian $ ,0/4,0,HarperCollins $ HarperCollins $ Grill $ Peanut $ Nut $ Chicken $ Dinner $ Chile Pepper $ Garlic $ Soy Sauce $ Indonesian $ Southeast Asian $ Asian $ 
https://www.epicurious.com/recipes/food/views/thai-style-squid-and-cucumber-salad,Thai-Style Squid and Cucumber Salad ,"1/4 cup fresh lime juice (from about 3 limes) $ 1 garlic clove, finely grated $ 1 Tbsp. fish sauce $ 1 1/2 tsp. dark brown sugar $ 1/4 cup plus 1 Tbsp. (or more) vegetable oil $ 2 tsp. kosher salt, divided $ 4 mini seedless or Persian cucumbers, halved lengthwise, sliced diagonally into 1/4""-thick slices $ 1–2 Fresno chiles, seeded, thinly sliced $ 1/2 cup salted, roasted peanuts $ 1 1/2 lb. cleaned squid, patted dry $ 1/4 cup cilantro sprigs $ Steamed white rice (for serving; optional) $ ",Salad $ Lime Juice $ Garlic $ Cucumber $ Chile $ Peanut $ Squid $ Cilantro $ Rice $ Dinner $ Thailand $ Seafood $ Summer $ Spring $ ,Asian $ Southeast Asian $ Thai $ ,4/4,1,Salad $ Lime Juice $ Garlic $ Cucumber $ Chile $ Peanut $ Squid $ Cilantro $ Rice $ Dinner $ Thailand $ Seafood $ Summer $ Spring $ Asian $ Southeast Asian $ Thai $ 
https://www.epicurious.com/recipes/food/views/summertime-japanese-somen-noodles-on-ice,Summertime Sōmen Noodles ,"1 (9.5-ounce) package sōmen noodles $ 1 large bowl filled with 1 to 2 cups ice and water $ Rice vinegar $ Reduced-sodium tamari soy sauce $ Sriracha sauce $ Katsuobushi (Japanese dried bonito flakes) $ Negi (green onions, thinly sliced on the bias) $ Furikake (Japanese seaweed seasoning) $ Arugula or your favorite leafy greens $ Kaiware sprouts (daikon radish sprouts) $ Gomashio (toasted, salted, crushed sesame seeds) $ Tofu cubes $ Avocado slices $ ",Summer $ Dinner $ Chill $ Freeze/Chill $ Noodle $ Quick & Easy $ ,Japanese $ Asian $ ,0/4,0,Summer $ Dinner $ Chill $ Freeze/Chill $ Noodle $ Quick & Easy $ Japanese $ Asian $ 
https://www.epicurious.com/recipes/food/views/spicy-tahini-and-avocado-soba,Spicy Tahini and Avocado Soba ,"1/4 cup tahini paste $ 3 1/2 tablespoons organic red miso paste $ 1/4 cup plus 1 tablespoon rice vinegar $ 1 to 2 tablespoons sriracha sauce (depending on how hot you like it) $ 1 (8- to 9.5-ounce) pack dried soba noodles $ 1 cup thin jicama matchsticks $ 2 cups baby spinach $ 1 avocado, pitted, peeled, and sliced $ 2 tablespoons gomashio, plus more as needed $ ",Summer $ Noodle $ Dinner $ Vegetarian $ Vegan $ Wheat/Gluten-Free $ Sesame $ Avocado $ Jícama $ Spinach $ ,Japanese $ Asian $ ,3.5/4,2,Summer $ Noodle $ Dinner $ Vegetarian $ Vegan $ Wheat/Gluten-Free $ Sesame $ Avocado $ Jícama $ Spinach $ Japanese $ Asian $ 
https://www.epicurious.com/recipes/food/views/hot-sesame-noodles-with-scallions-and-pork,Hot Sesame Noodles with Scallions and Pork ,"1 (3"") piece ginger, peeled, finely grated $ 2 garlic cloves, finely grated $ 1/2 cup tahini $ 1/4 cup low-sodium soy sauce or tamari $ 1/4 cup mirin (Japanese rice wine) $ 1/4 cup unseasoned rice vinegar $ 1/4 cup hot chili sesame oil, plus more for serving $ 2 Tbsp. vegetable oil $ 1 lb. ground pork, beef, chicken, or turkey $ 1 tsp. kosher salt, divided, plus more $ 2 cups sliced carrots, zucchini, or whole snow or sugar snap peas $ 1 bunch scallions, white and pale green parts cut into 1"" pieces, dark green parts thinly sliced $ 8 oz. rice noodles of any shape $ Toasted sesame seeds and sliced seaweed snacks (for serving; optional) $ ",Ginger $ Garlic $ Vinegar $ Sesame Oil $ Ground Beef $ Carrot $ Zucchini $ Pea $ Green Onion/Scallion $ Noodle $ Dinner Party Gameplan $ Kitchen Organization $ Wheat/Gluten-Free $ Beef $ Pork $ ,Asian $ ,4/4,1,Ginger $ Garlic $ Vinegar $ Sesame Oil $ Ground Beef $ Carrot $ Zucchini $ Pea $ Green Onion/Scallion $ Noodle $ Dinner Party Gameplan $ Kitchen Organization $ Wheat/Gluten-Free $ Beef $ Pork $ Asian $ 
https://www.epicurious.com/recipes/food/views/vietnamese-candy-pork,Candy Pork ,"8 ounces palm sugar, finely chopped (dark brown sugar can be substituted) $ 3/4 cup fish sauce $ 3 tablespoons canola oil $ 4 pounds boneless pork shoulder, cut into 2-inch-by-3-inch chunks $ Kosher salt and freshly ground black pepper $ 1 cup thinly sliced shallots $ 1 (2-inch-by-1-inch) piece fresh ginger, peeled and julienned $ 2 cloves garlic, peeled and crushed $ 2 to 3 Thai chilies (substitute 1 serrano chile), stemmed and crushed $ 3 cups coconut water $ ",Small Plates $ Kid-Friendly $ Dinner $ Pork $ Braise $ Butterscotch/Caramel $ Ginger $ Garlic $ Chile Pepper $ ,Asian $ Southeast Asian $ Vietnamese $ ,3.5/4,5,Small Plates $ Kid-Friendly $ Dinner $ Pork $ Braise $ Butterscotch/Caramel $ Ginger $ Garlic $ Chile Pepper $ Asian $ Southeast Asian $ Vietnamese $ 
https://www.epicurious.com/recipes/food/views/smashed-cucumber-salad-with-hot-vinegar,Smashed Cucumber Salad with Hot Vinegar ,"5 mini seedless or Persian cucumbers or 1 small English hothouse cucumber (about 12 oz.) $ Kosher salt $ 4 red or green Thai chiles, halved lengthwise keeping stem end intact, or 1 serrano chile, thinly sliced $ 2 garlic cloves, lightly smashed $ 1/2 cup unseasoned rice vinegar $ 2 Tbsp. fish sauce $ 1 Tbsp. sugar $ Chopped unsalted or salted roasted peanuts (for serving) $ ",Bon Appétit $ Salad $ Cucumber $ Vinegar $ Chile Pepper $ Peanut $ Vegan $ Vegetarian $ Side $ ,Asian $ ,0/4,0,Bon Appétit $ Salad $ Cucumber $ Vinegar $ Chile Pepper $ Peanut $ Vegan $ Vegetarian $ Side $ Asian $ 
https://www.epicurious.com/recipes/food/views/spicy-larb-with-cabbage-cups,Spicy Larb with Cabbage Cups ,"1/2 cup raw skin-on peanuts $ 2 Tbsp. vegetable oil $ 4 garlic cloves, crushed $ 1 lb. ground pork, beef, or lamb $ Kosher salt $ 1 large shallot, thinly sliced into rings $ 5 scallions, thinly sliced $ 4 red or green Thai chiles, thinly sliced $ 1 lemongrass stalk, bottom third only, tough outer layers removed, thinly sliced $ 2 Tbsp. fresh lime juice $ 1 Tbsp. plus 1 tsp. fish sauce $ 1 cup torn mint leaves $ 1/4 head of green cabbage, halved crosswise, leaves separated $ Cooked short-grain rice and lime wedges (for serving) $ ",Bon Appétit $ Dinner $ Ground Lamb $ Ground Beef $ Chile Pepper $ Lemongrass $ Mint $ Cabbage $ Rice $ Peanut $ Garlic $ Green Onion/Scallion $ ,Asian $ Southeast Asian $ ,3/4,2,Bon Appétit $ Dinner $ Ground Lamb $ Ground Beef $ Chile Pepper $ Lemongrass $ Mint $ Cabbage $ Rice $ Peanut $ Garlic $ Green Onion/Scallion $ Asian $ Southeast Asian $ 
https://www.epicurious.com/recipes/food/views/chicken-teriyaki,Chicken Teriyaki ,"5 skin-on, boneless chicken thighs (about 1 1/2 lb. total) $ 1 1/2 tsp. kosher salt, divided $ 1/3 cup low-sodium soy sauce $ 1/3 cup mirin (sweet Japanese rice wine) $ 1/3 cup sake $ 5 radishes, trimmed, thinly sliced $ 5 scallions, thinly sliced on a diagonal $ 2 tsp. unseasoned rice vinegar $ Cooked white rice (for serving) $ ",Chicken $ Soy Sauce $ Sake $ Radish $ Green Onion/Scallion $ Rice $ Vinegar $ Dinner $ Kid-Friendly $ Dairy Free $ ,Asian $ Japanese $ ,3/4,5,Chicken $ Soy Sauce $ Sake $ Radish $ Green Onion/Scallion $ Rice $ Vinegar $ Dinner $ Kid-Friendly $ Dairy Free $ Asian $ Japanese $ 
https://www.epicurious.com/recipes/food/views/spicy-dry-fried-beef,Spicy Dry-Fried Beef ,"12 ounces lean flank steak $ 3 tablespoons peanut or vegetable oil $ 2 cups julienned carrots $ 1 cup julienned celery $ 3 small dried red chilies, snipped on one end $ 2 tablespoons soy sauce $ 1 tablespoon minced ginger $ 1 teaspoon minced garlic $ 2 teaspoons sesame oil $ 2 scallions, finely shredded $ 1/2 teaspoon salt $ 1/8 teaspoon freshly ground pepper $ ",Dinner $ Beef $ Quick & Easy $ Soy Sauce $ Carrot $ Celery $ Sesame Oil $ Ginger $ ,Chinese $ Central Asian $ Asian $ ,2/4,1,Dinner $ Beef $ Quick & Easy $ Soy Sauce $ Carrot $ Celery $ Sesame Oil $ Ginger $ Chinese $ Central Asian $ Asian $ 
https://www.epicurious.com/recipes/food/views/arroz-caldo-filipino-chicken-rice-porridge,Arroz Caldo (Chicken Rice Porridge) ,"200 g (7 oz / 1 cup) white glutinous rice $ 100 g (3 1/2 oz / 1/2 cup) jasmine or medium-grain rice $ 1.7 kg (3 lb 12 oz) whole chicken, jointed into 4 pieces, bone in $ 60 ml (2 fl oz / 1/4 cup) vegetable oil $ 9 garlic cloves, 6 thinly sliced, 3 finely chopped $ 1 large onion, finely chopped $ 4 cm (1 1/2-inch) piece ginger, peeled and cut into julienne $ 60 ml (2 fl oz / 1/4 cup) fish sauce $ 2 spring onions (scallions), very thinly sliced $ 6 hard-boiled eggs, peeled and halved $ Sesame oil (optional) and 8 kalamansi or lime wedges, to serve $ ",Soup/Stew $ Philippines $ Chicken $ Rice $ Ginger $ Garlic $ Egg $ ,Asian $ Southeast Asian $ ,4/4,6,Soup/Stew $ Philippines $ Chicken $ Rice $ Ginger $ Garlic $ Egg $ Asian $ Southeast Asian $ 
https://www.epicurious.com/recipes/food/views/chinese-five-spice-steak-with-oranges-and-sesame-broccolini,Chinese Five-Spice Steak with Oranges and Sesame Broccolini ,"3 small oranges (about 1 lb.) $ 1 1/2 tsp. Chinese five-spice powder $ 1 tsp. light brown sugar $ 2 1/4 tsp. kosher salt, divided $ 1 hanger steak (about 1 1/4 lb.), cut in half lengthwise, center gristle removed $ 2 Tbsp. vegetable oil $ 3 bunches broccolini (about 1 1/2 lb.), trimmed, halved lengthwise if large $ 2 Tbsp. toasted sesame oil $ 1/2 tsp. crushed red pepper flakes $ 1 tsp. toasted sesame seeds, plus more for serving $ 3 scallions, thinly sliced $ Flaky sea salt $ Steamed rice and hot sauce (for serving; optional) $ ",Orange $ Steak $ Sesame Oil $ Green Onion/Scallion $ Rice $ Dinner $ Wheat/Gluten-Free $ Winter $ Citrus $ Broccoli $ One-Pot Meal $ Dairy Free $ ,Chinese $ Asian $ ,3.5/4,2,Orange $ Steak $ Sesame Oil $ Green Onion/Scallion $ Rice $ Dinner $ Wheat/Gluten-Free $ Winter $ Citrus $ Broccoli $ One-Pot Meal $ Dairy Free $ Chinese $ Asian $ 
https://www.epicurious.com/recipes/food/views/breakfast-rice-bowls-with-smoked-fish,Breakfast Rice Bowls with Smoked Fish ,"1 bunch scallions, chopped $ 1 1/2-inch piece ginger, peeled, finely grated $ 2 tablespoons extra-virgin olive oil $ 1 tablespoons unseasoned rice vinegar $ 1 teaspoon soy sauce $ 1 teaspoon toasted sesame seeds $ Pinch of crushed red pepper flakes $ Kosher salt $ 1/4 cup unseasoned rice vinegar $ 3 tablespoons sugar $ 1 teaspoon kosher salt, plus more $ 2 Persian cucumbers, thinly sliced $ 1 (4-inch) piece daikon, peeled, thinly sliced $ 4 radishes, trimmed, thinly sliced $ 1 (4-inch) piece daikon, peeled, coarsely grated $ 1 cup plain Greek yogurt $ 1 tablespoon fresh lemon juice $ Kosher salt $ Hot-smoked salmon or whitefish, cooked rice, salmon or trout roe, furikake or toasted sesame seeds, and/or pickled ginger (for serving) $ ",Bon Appétit $ Breakfast $ Fish $ Rice $ Pickles $ Radish $ Ginger $ Soy Sauce $ Green Onion/Scallion $ Yogurt $ ,Asian $ Japanese $ ,0/4,0,Bon Appétit $ Breakfast $ Fish $ Rice $ Pickles $ Radish $ Ginger $ Soy Sauce $ Green Onion/Scallion $ Yogurt $ Asian $ Japanese $ 
https://www.epicurious.com/recipes/food/views/coconut-shrimp-pancakes-with-fresh-herbs,Coconut Shrimp Pancakes with Fresh Herbs ,"1 cup chickpea flour $ 1 (5.5-oz.) can unsweetened coconut milk $ 3 large eggs $ 1 tsp. kosher salt, divided $ 3/4 tsp. ground turmeric, divided $ 6 slices thick-cut bacon, cut into 1/4"" pieces $ 1 lb. small peeled and deveined shrimp $ 1 bunch scallions, thinly sliced $ 8 tsp. virgin coconut oil, divided $ Mung bean sprouts, fresh herbs, such as cilantro, mint, and/or basil, chile oil (optional), and lime wedges (for serving) $ ",Pancake $ Chickpea $ Egg $ Bacon $ Shrimp $ Green Onion/Scallion $ Bean $ Herb $ Lime $ Wheat/Gluten-Free $ Dairy Free $ Dinner $ One-Pot Meal $ ,Asian $ ,0/4,0,Pancake $ Chickpea $ Egg $ Bacon $ Shrimp $ Green Onion/Scallion $ Bean $ Herb $ Lime $ Wheat/Gluten-Free $ Dairy Free $ Dinner $ One-Pot Meal $ Asian $ 
https://www.epicurious.com/recipes/food/views/feel-good-asian-style-chicken-soup-donna-hay,Feel-Good Chicken Soup ,"2 liters Asian-Style Poached Chicken stock $ 1 tablespoon finely shredded ginger $ 2 tablespoons soy sauce $ 1 bunch gai lan (Chinese broccoli) (300g), trimmed $ 1 quantity shredded Asian-Style Poached Chicken (see basic recipe), heated through $ 3 green onions (scallions), sliced $ 2 long green chiles, thinly sliced $ ",HarperCollins $ Dinner $ Winter $ Soup/Stew $ Chicken $ Chile Pepper $ Ginger $ Garlic $ ,Asian $ ,0/4,0,HarperCollins $ Dinner $ Winter $ Soup/Stew $ Chicken $ Chile Pepper $ Ginger $ Garlic $ Asian $ 
https://www.epicurious.com/recipes/food/views/brothy-poached-chicken-with-mushrooms-and-fresh-chile-51260240,Brothy Poached Chicken with Mushrooms and Fresh Chile ,"1 1/2 pounds boneless, skinless chicken breasts (about 3 large) $ 1 head garlic, halved crosswise $ 2 bay leaves $ 4 whole allspice $ 1 1/2 teaspoon kosher salt, plus more $ 8 ounces maitake or shiitake mushrooms, torn into bite-size pieces $ 1 fresh red chile (such as Fresno), thinly sliced $ 1 (1-inch) piece ginger, peeled, finely chopped $ 1 tablespoon distilled white vinegar $ 1 tablespoon soy sauce $ Freshly ground black pepper $ Sliced scallions and cilantro sprigs (for serving) $ ",Soup/Stew $ Chicken $ Low Carb $ Low Fat $ Kid-Friendly $ Quick & Easy $ Low Cal $ Dinner $ Lunch $ Healthy $ Boil $ Bon Appétit $ Quick and Healthy $ ,Asian $ ,3.5/4,23,Soup/Stew $ Chicken $ Low Carb $ Low Fat $ Kid-Friendly $ Quick & Easy $ Low Cal $ Dinner $ Lunch $ Healthy $ Boil $ Bon Appétit $ Quick and Healthy $ Asian $ 
https://www.epicurious.com/recipes/food/views/asian-style-poached-chicken,Asian-Style Poached Chicken ,"5 green onions (scallions), cut into 3 pieces $ 1 brown onion, quartered $ 2 long red chiles, halved $ 100g ginger, peeled and sliced $ 6 cloves garlic, bruised $ 1/4 cup (60ml) light soy sauce $ 1 cup (250ml) Chinese cooking wine (Shaoxing) $ 1/4 cup (55g) caster (superfine) sugar $ 4 liters water $ 1 (1.8kg) whole chicken $ ",HarperCollins $ Soup/Stew $ Chicken $ Ginger $ Garlic $ ,Asian $ ,0/4,0,HarperCollins $ Soup/Stew $ Chicken $ Ginger $ Garlic $ Asian $ 
https://www.epicurious.com/recipes/food/views/leche-flan-with-grapefruit,Leche Flan with Grapefruit ,"1 small grapefruit $ 1 2/3 cups sugar, divided $ 4 large eggs $ 5 large egg yolks $ 1 1/3 cups heavy cream $ 1 1/3 cups whole milk $ 1/4 teaspoon kosher salt $ ",Bon Appétit $ Dessert $ Philippines $ Custard $ Milk/Cream $ Egg $ Grapefruit $ Christmas $ Christmas Eve $ ,Asian $ Southeast Asian $ ,2/4,1,Bon Appétit $ Dessert $ Philippines $ Custard $ Milk/Cream $ Egg $ Grapefruit $ Christmas $ Christmas Eve $ Asian $ Southeast Asian $ 
https://www.epicurious.com/recipes/food/views/filipino-style-beef-steak-with-onion-and-bay-leaves-bistek,Filipino-Style Beef Steak with Onion and Bay Leaves (Bistek) ,"2 (1-inch-thick) boneless rib-eye steaks, excess fat trimmed $ 2 tablespoons vegetable oil, divided $ 8 fresh bay leaves $ 1 large white onion, sliced into 1/2"" thick rounds $ 1/4 cup fresh lemon juice $ 1/4 cup soy sauce $ Kosher salt $ ",Bon Appétit $ Dinner $ Christmas Eve $ Steak $ Beef Rib $ Beef $ Onion $ Soy Sauce $ Philippines $ Quick & Easy $ Christmas $ ,Asian $ Southeast Asian $ ,0/4,0,Bon Appétit $ Dinner $ Christmas Eve $ Steak $ Beef Rib $ Beef $ Onion $ Soy Sauce $ Philippines $ Quick & Easy $ Christmas $ Asian $ Southeast Asian $ 
https://www.epicurious.com/recipes/food/views/ensaymadas-philippine-filipino-sweet-cheese-yeast-rolls,Ensaymadas ,"1 1/4-ounce envelope active dry yeast (about 2 1/4 tsp.) $ 6 1/2 teaspoons plus 1/2 cup sugar $ 1/2 cup lukewarm milk (105°F–110°F) $ 6 large egg yolks $ 3 cups all-purpose flour, divided $ 1 1/2 teaspoon kosher salt $ 8 tablespoons unsalted butter, room temperature; plus 4 tablespoons melted, slightly cooled, divided $ Nonstick vegetable oil spray $ 1/2 cup grated Parmesan, plus more $ Two 6-cup jumbo muffin pans; a 1/2-inch-diameter wooden dowel $ ",Bon Appétit $ Bread $ Parmesan $ Cheese $ Christmas $ Philippines $ ,Southeast Asian $ Asian $ ,0/4,0,Bon Appétit $ Bread $ Parmesan $ Cheese $ Christmas $ Philippines $ Southeast Asian $ Asian $ 
https://www.epicurious.com/recipes/food/views/ube-purple-yam-sweet-potato-candies,Ube (Purple Yam) Candies ,"12 ounces purple- or orange-fleshed sweet potatoes (about 2 medium) $ 7 ounces sweetened condensed milk $ 1/2 cup nonfat instant dry milk $ 1/2 teaspoon finely grated lime zest $ Pinch of kosher salt $ 2 tablespoons sugar, plus more $ A potato ricer or food mill $ ",Bon Appétit $ Candy $ Sweet Potato/Yam $ Milk/Cream $ Lime $ Dessert $ Philippines $ ,Asian $ Southeast Asian $ ,3/4,2,Bon Appétit $ Candy $ Sweet Potato/Yam $ Milk/Cream $ Lime $ Dessert $ Philippines $ Asian $ Southeast Asian $ 
https://www.epicurious.com/recipes/food/views/good-luck-beef-and-korean-rice-cake-soup-tteokguk,Good Luck Beef and Korean Rice Cake Soup (Tteokguk) ,"1 1/2-pound piece point- or flat-cut beef brisket or stew meat, fat trimmed $ 1 teaspoon toasted sesame oil $ 1 tablespoon plus 2 teaspoons vegetable oil $ Kosher salt $ 4 scallions $ 1 (3-inch) piece ginger, peeled $ 4 garlic cloves, finely grated $ 1/3 Korean radish, peeled, quartered lengthwise, sliced crosswise 1/2"" thick, or 1/2 medium daikon, halved lengthwise, sliced crosswise 1/2"" thick $ 4 large eggs $ 8–10 ounces Korean rice cakes (tteok), sliced $ 2 teaspoons fish sauce $ Freshly ground black pepper $ Korean red chile threads (optional; for serving) $ ",Bon Appétit $ Soup/Stew $ Winter $ Beef $ Green Onion/Scallion $ Ginger $ Garlic $ Radish $ Rice $ Wheat/Gluten-Free $ ,Asian $ Korean $ ,0/4,0,Bon Appétit $ Soup/Stew $ Winter $ Beef $ Green Onion/Scallion $ Ginger $ Garlic $ Radish $ Rice $ Wheat/Gluten-Free $ Asian $ Korean $ 
https://www.epicurious.com/recipes/food/views/filipino-style-roast-pork-belly-with-chile-vinegar,Filipino-Style Roast Pork Belly with Chile Vinegar ,"1 (4–5-pound) skin-on, boneless pork belly $ Kosher salt $ 1 tablespoon vegetable oil $ 1 (12-ounce) bottle unseasoned rice vinegar $ 12 garlic cloves, chopped $ 6–12 green Thai chiles, lightly crushed but left whole $ 2 serrano chiles, torn into small pieces $ 4 (12-oz.) bottles hard apple cider $ 2 tablespoons honey $ ",Bon Appétit $ Dinner $ Party $ Christmas $ Christmas Eve $ Pork $ Roast $ Philippines $ Vinegar $ Garlic $ Chile Pepper $ ,Asian $ Southeast Asian $ ,0/4,0,Bon Appétit $ Dinner $ Party $ Christmas $ Christmas Eve $ Pork $ Roast $ Philippines $ Vinegar $ Garlic $ Chile Pepper $ Asian $ Southeast Asian $ 
https://www.epicurious.com/recipes/food/views/filipino-style-meatloaf-embutido,Filipino-Style Meatloaf (Embutido) ,"12 large eggs $ 2 tablespoons plus 1 1/2 teaspoons Diamond Crystal or 4 1/2 teaspoons Morton kosher salt; plus more $ 8 garlic cloves, finely chopped $ 1 cup grated Parmesan $ 1 cup panko (Japanese breadcrumbs) $ 3/4 cup (1 1/2 sticks) unsalted butter, room temperature $ 1/2 cup chopped bread-and-butter pickles $ 1/2 cup coarsely chopped pitted green olives $ 1/2 cup raisins $ 1/4 cup distilled white vinegar $ 4 1/2 teaspoons hot smoked Spanish paprika $ 4 1/2 teaspoons paprika $ 2 teaspoons freshly ground black pepper $ 3 pounds ground pork $ Nonstick vegetable oil spray $ 1/4 cup ketchup $ 2 teaspoons Worcestershire sauce $ ",Bon Appétit $ Dinner $ Christmas $ Christmas Eve $ Meatloaf $ Pork $ Egg $ Philippines $ Garlic $ Parmesan $ Olive $ Pickles $ Raisin $ Paprika $ ,Asian $ Southeast Asian $ ,2/4,2,Bon Appétit $ Dinner $ Christmas $ Christmas Eve $ Meatloaf $ Pork $ Egg $ Philippines $ Garlic $ Parmesan $ Olive $ Pickles $ Raisin $ Paprika $ Asian $ Southeast Asian $ 
https://www.epicurious.com/recipes/food/views/chile-marinated-pork-with-vietnamese-brussels-sprouts-51248500,Chile-Marinated Pork with Vietnamese Brussels Sprouts ,"5 1/2 tablespoons vegetable oil, such as grapeseed, divided $ 2 tablespoons rice wine vinegar $ 1 1/2 tablespoons soy sauce $ 3 garlic cloves, finely grated, divided $ 2 teaspoons finely grated ginger $ 1 1/2 tablespoon hot chile paste, such as sambal oelek $ 3/4 teaspoon kosher salt $ 2 pork tenderloins (each about 1 pound) $ 2 tablespoons fish sauce $ 2 tablespoons lime juice $ 1/2 teaspoon honey $ 1/2 to 1 red Thai chile pepper, very thinly sliced $ 1 1/2 tablespoons finely chopped roasted unsalted peanuts $ 1 1/2 pounds Brussels sprouts, trimmed and halved $ 3/4 cup low-sodium chicken broth or water $ 1 tablespoon butter $ 1 tablespoon roughly chopped mint $ Large oven-safe skillet $ ",Pork $ Dinner $ Mint $ Pork Tenderloin $ Peanut $ Brussels Sprout $ Soy Sauce $ Chile Pepper $ Tree Nut Free $ ,Asian $ ,3.5/4,26,Pork $ Dinner $ Mint $ Pork Tenderloin $ Peanut $ Brussels Sprout $ Soy Sauce $ Chile Pepper $ Tree Nut Free $ Asian $ 
https://www.epicurious.com/recipes/food/views/sambal-short-rib-stir-fry,Sambal Short Rib Stir-Fry ,"3 tablespoons toasted sesame oil $ 1 pound boneless beef short ribs, thinly sliced against the grain $ Kosher salt, freshly ground pepper $ 2 small onions, thinly sliced $ 8 ounces shiitake mushrooms, stems removed, caps thinly sliced $ 1 bunch scallions, cut into 1-inch pieces $ 1 (2-inch) piece ginger, peeled, finely grated $ 4 garlic cloves, finely grated $ 1/4 cup sambal oelek $ 1 tablespoon mirin $ 6 medium radishes, trimmed, quartered $ 6 ounces snow peas $ 1 cup low-sodium chicken broth $ Cooked short-grain rice (for serving) $ 1 cup torn basil leaves $ ",Bon Appétit $ Dinner $ Sesame Oil $ Beef $ Beef Rib $ Mushroom $ Green Onion/Scallion $ Ginger $ Garlic $ Radish $ Rice $ Chile Pepper $ Stir-Fry $ ,Asian $ ,2.5/4,3,Bon Appétit $ Dinner $ Sesame Oil $ Beef $ Beef Rib $ Mushroom $ Green Onion/Scallion $ Ginger $ Garlic $ Radish $ Rice $ Chile Pepper $ Stir-Fry $ Asian $ 
https://www.epicurious.com/recipes/food/views/spicy-korean-steak-tacos-with-kimchi,Spicy Korean Steak Tacos with Kimchi ,"2 (1 1/2-inch/4-cm–thick) rump steaks or boneless sirloin steaks (700g) $ 1 tablespoon extra virgin olive oil $ 2 cups (600g) coarse salt $ Cracked black pepper $ 2 tablespoons oyster sauce $ 1 tablespoon Chinese cooking wine (Shaoxing) $ 1 tablespoon finely grated ginger $ 1 teaspoon dried chile flakes $ 1 tablespoon finely grated palm sugar or brown sugar $ 16 small flour tortillas, lightly toasted $ 1/2 cup (150g) Japanese mayonnaise $ 2 cups (160g) finely shredded daikon $ 1 cup (200g) store-bought kimchi $ 1/2 cup coriander (cilantro) leaves $ ",HarperCollins $ Taco $ Steak $ Dinner $ ,Korean $ Asian $ ,4/4,2,HarperCollins $ Taco $ Steak $ Dinner $ Korean $ Asian $ 
https://www.epicurious.com/recipes/food/views/quick-sweet-and-sour-chicken,Quick Sweet and Sour Chicken ,"6 tablespoons cornstarch $ 1/2 teaspoon freshly ground black pepper $ 1 3/4 teaspoons kosher salt, divided $ 2 pounds boneless, skinless chicken breasts and/or thighs $ 4 tablespoons vegetable oil, divided $ 1/2 cup apple cider vinegar $ 1/4 cup honey $ 1 cup canned pineapple chunks plus 1/4 cup pineapple juice $ 3 tablespoons ketchup $ 2 tablespoons low-sodium soy sauce or tamari $ 2 teaspoons light brown sugar $ 1 large garlic clove, finely grated $ 1/2 medium onion, thinly sliced $ 1 medium green or red bell pepper, seeds and ribs removed, sliced into 1"" pieces $ 1 scallion, thinly sliced $ Cooked white or brown rice (for serving) $ ",22-Minute Meals $ Takeout at Home $ Chicken $ Dinner $ Pineapple $ Bell Pepper $ Kid-Friendly $ ,Chinese $ American $ Asian $ ,2.5/4,11,22-Minute Meals $ Takeout at Home $ Chicken $ Dinner $ Pineapple $ Bell Pepper $ Kid-Friendly $ Chinese $ American $ Asian $ 
https://www.epicurious.com/recipes/food/views/rice-balls-with-salmon-filling-onigiri,Rice Balls With Salmon Filling (Onigiri) ,"1 teaspoon salt $ 1 cup warm cooked rice $ 4 teaspoons cooked flaked fresh salmon or flaked canned salmon $ 2 sheets yakinori, halved $ ",Breakfast $ Lunch $ snack $ Rice $ Salmon $ Quick & Easy $ Kid-Friendly $ ,Japanese $ Asian $ ,0/4,0,Breakfast $ Lunch $ snack $ Rice $ Salmon $ Quick & Easy $ Kid-Friendly $ Japanese $ Asian $ 
https://www.epicurious.com/recipes/food/views/spicy-peanut-sauce-10602,Spicy Peanut Sauce ,"3 garlic cloves, minced $ 1/4 teaspoon dried hot red pepper flakes, or to taste $ 1 tablespoon vegetable oil $ 1 tablespoon tomato paste $ 3 tablespoons creamy peanut butter $ 3 tablespoons hoisin sauce $ 1/2 teaspoon sugar $ 3/4 cup water $ ",Condiment/Spread $ Sauce $ Garlic $ Nut $ Quick & Easy $ Summer $ Gourmet $ ,Asian $ ,4/4,40,Condiment/Spread $ Sauce $ Garlic $ Nut $ Quick & Easy $ Summer $ Gourmet $ Asian $ 
https://www.epicurious.com/recipes/food/views/kid-friendly-peanut-sauce,Kid-Friendly Peanut Sauce ,1 cup unsweetened creamy peanut butter $ 3 tablespoons unseasoned rice wine vinegar $ 2 tablespoons low-sodium soy sauce or tamari $ 2 tablespoons toasted sesame oil $ 1 tablespoon honey $ Kosher salt (optional) $ ,Small Plates $ Peanut Butter $ Vinegar $ Soy Sauce $ Sesame Oil $ Honey $ Sauce $ Condiment $ Kid-Friendly $ ,Asian $ ,3.5/4,6,Small Plates $ Peanut Butter $ Vinegar $ Soy Sauce $ Sesame Oil $ Honey $ Sauce $ Condiment $ Kid-Friendly $ Asian $ 
https://www.epicurious.com/recipes/food/views/crab-rangoon-cream-cheese-crab-wonton,Crab Rangoon (Cream Cheese Crab Wonton) ,"8 oz (227 g) lump crab meat or snow crab $ 16 oz (454 g) cream cheese, room temp $ 2 green onions (whites only), very finely chopped $ 2 tbsp (5 g) finely chopped tarragon $ Salt and pepper $ 24 wonton skins (square) $ 1 egg, slightly beaten, for sealing $ 2 qt (1.9 L) vegetable oil for frying $ ",Appetizer $ Crab $ Cream Cheese $ Fry $ Deep-Fry $ Green Onion/Scallion $ Hors D'Oeuvre $ Kid-Friendly $ ,Chinese $ American $ Asian $ ,2/4,1,Appetizer $ Crab $ Cream Cheese $ Fry $ Deep-Fry $ Green Onion/Scallion $ Hors D'Oeuvre $ Kid-Friendly $ Chinese $ American $ Asian $ 
https://www.epicurious.com/recipes/food/views/chile-lime-sauce,Chile-Lime Sauce ,"1/4 cup (60 ml) fresh lime juice $ 2 tablespoons fish sauce $ 1 large garlic clove, minced $ 1/4 red or green jalapeño, unseeded and thinly sliced crosswise, or more to taste $ 1 packed tablespoon light brown sugar $ ",Sauce $ Condiment $ Chile Pepper $ Garlic $ Lime Juice $ ,Thai $ Asian $ Southeast Asian $ ,0/4,0,Sauce $ Condiment $ Chile Pepper $ Garlic $ Lime Juice $ Thai $ Asian $ Southeast Asian $ 
https://www.epicurious.com/recipes/food/views/sesame-chicken-drumettes-33,Sesame Chicken Drumettes ,"1/4 cup plus 2 tablespoons Sherry $ 3 tablespoons soy sauce $ 2 tablespoons honey $ 1 1/2 tablespoons minced peeled fresh ginger $ 3 garlic cloves, minced $ 1 1/2 teaspoons toasted sesame oil $ 14 chicken wing drumettes $ 2 teaspoons sesame seeds, toasted $ ",Chicken $ Poultry $ Appetizer $ Bake $ Marinate $ Kid-Friendly $ Poker/Game Night $ Party $ Bon Appétit $ Dairy Free $ Peanut Free $ Tree Nut Free $ Kosher $ Sesame $ Sesame Oil $ Quick & Easy $ ,Asian $ ,3.5/4,16,Chicken $ Poultry $ Appetizer $ Bake $ Marinate $ Kid-Friendly $ Poker/Game Night $ Party $ Bon Appétit $ Dairy Free $ Peanut Free $ Tree Nut Free $ Kosher $ Sesame $ Sesame Oil $ Quick & Easy $ Asian $ 
https://www.epicurious.com/recipes/food/views/chilled-ramen-with-soy-milk-and-chili-oil,Chilled Ramen with Soy Milk and Chili Oil ,"1 (1-inch) piece ginger, peeled, very finely chopped $ 1/4 cup toasted sesame oil $ 1/4 cup vegetable oil $ 4 1/2 teaspoons crushed red pepper flakes $ 1 tablespoon paprika $ 4 teaspoons toasted sesame seeds $ 1 tablespoon mirin (sweet Japanese rice wine) $ 1 tablespoon raw or granulated sugar $ 1 tablespoon red or white miso $ 1 tablespoon sake $ 1 tablespoon Sichuan peppercorns $ 2 scallions, thinly sliced $ 1 (1 1/2-inch) piece ginger, peeled, finely grated $ 1 apple wedge (about 1/8 of apple), peeled, finely grated $ 2 garlic cloves, finely grated $ 2/3 cup white, sweet white, and/or red miso $ 1 tablespoon mirin (sweet Japanese rice wine) $ 1 tablespoon sake $ 1 1/2 teaspoons toban djan (chili bean paste) $ 1/2 teaspoon crushed red pepper flakes $ 1/4 cup vegetable or other neutral oil $ 2 scallions, thinly sliced $ 1 teaspoon paprika $ Kosher salt $ 20 ounces frozen ramen noodles or 12 ounces dried ramen noodles $ Kosher salt $ 3 Persian cucumbers, cut into 1/2-inch pieces $ 1 small red or orange bell pepper, ribs and seeds removed, very thinly sliced $ 1/2 cup thinly sliced radishes $ 1/4 cup thinly sliced basil $ 4 cups soy milk or other nondairy milk or regular milk $ 1 (3x1-inch) strip grapefruit zest, very thinly sliced $ 2 tablespoons white or regular soy sauce $ Plain unsweetened granola or fried shallots, garlic chips, unsalted, dry-roasted peanuts, and/or any other store-bought crunchy toppings you want (for serving) $ ",Bon Appétit $ Soup/Stew $ Freeze/Chill $ Chile Pepper $ Noodle $ Ginger $ Sesame $ Garlic $ Sesame Oil $ Soy $ Vegetarian $ Vegan $ Dinner $ Summer $ Radish $ Cucumber $ ,Japanese $ Asian $ ,4/4,1,Bon Appétit $ Soup/Stew $ Freeze/Chill $ Chile Pepper $ Noodle $ Ginger $ Sesame $ Garlic $ Sesame Oil $ Soy $ Vegetarian $ Vegan $ Dinner $ Summer $ Radish $ Cucumber $ Japanese $ Asian $ 
https://www.epicurious.com/recipes/food/views/shredded-chicken-salad-with-creamy-miso-dressing,Shredded Chicken Salad with Creamy Miso Dressing ,"4 slices bacon $ 1 (1 1/2-inch) piece ginger, peeled, cut into very thin matchsticks $ 1 tablespoon soy sauce $ 1 tablespoon tahini $ 1 tablespoon white miso $ 2 teaspoons fish sauce $ 3/4 teaspoon toasted sesame oil $ Pinch of sugar $ 4 tablespoons fresh lemon juice, divided $ 1 large egg yolk $ 3/4 cup vegetable oil, divided $ Kosher salt, freshly ground pepper $ 1 small rotisserie chicken, skin removed, meat shredded (about 4 cups) $ 1 head of green leaf lettuce, cut crosswise into 1/2-inch-thick ribbons $ 2 scallions, thinly sliced $ Toasted sesame seeds (for serving) $ ",Bon Appétit $ Dinner $ Salad $ Chicken $ Bacon $ Ginger $ Sesame $ Sesame Oil $ Green Onion/Scallion $ Summer $ ,Asian $ ,3/4,7,Bon Appétit $ Dinner $ Salad $ Chicken $ Bacon $ Ginger $ Sesame $ Sesame Oil $ Green Onion/Scallion $ Summer $ Asian $ 
https://www.epicurious.com/recipes/food/views/tekka-don-no-poke,Tekka Don No Poke ,"1/4 cup Japanese soy sauce $ 1 tablespoon plus 1 teaspoon mirin (sweet rice wine) $ 2 teaspoons toasted sesame oil $ 1 to 2 teaspoons tobanjan (chile bean sauce), preferably a Japanese brand $ 1 teaspoon granulated sugar $ 1 pound sushi-grade tuna, cut into 1/2-inch cubes $ 1/2 medium Hass avocado, peeled, pitted, cut into 1/2-inch pieces $ 6 cups cooked short-grain white rice or cooked, vinegared short-grain white rice, warm $ 1 nori seaweed sheet $ 1/4 cup thinly sliced fresh shiso leaves (also called Japanese mint and perilla) or scallion greens $ 1 teaspoon toasted sesame seeds $ ",Seafood $ Rice $ Hawaii $ Soy Sauce $ Sesame Oil $ Sesame $ Tuna $ Avocado $ HarperCollins $ HarperCollins $ ,Asian $ Japanese $ ,4/4,1,Seafood $ Rice $ Hawaii $ Soy Sauce $ Sesame Oil $ Sesame $ Tuna $ Avocado $ HarperCollins $ HarperCollins $ Asian $ Japanese $ 
https://www.epicurious.com/recipes/food/views/grilled-thai-green-bean-salad,Grilled Thai Green Bean Salad ,"2–3 Thai or serrano chiles, ribs and seeds removed, finely chopped $ 4 garlic cloves, pressed $ 1/2 cup fresh lime juice $ 1/4 cup sugar $ 2 tablespoons soy sauce $ 1 teaspoon kosher salt $ 1 tablespoon vegetable oil, plus more for grill $ 1 (14-ounce) block firm tofu, cut into 1/2"" planks $ 1 pound green beans or mix of green beans and yellow wax beans, trimmed $ 1 ripe but firm mango (about 1 pound), thinly sliced on the bias $ 1 small carrot (about 5 ounces), thinly sliced on the bias $ 1/2 cup cilantro, coarsely chopped, plus 1 tablespoon leaves $ 2 ripe avocados, cut into quarters, skin removed $ 2 tablespoons chopped salted, roasted peanuts $ 1 small head of lettuce (such as romaine hearts or Bibb), separated into leaves for wrapping $ A flat grill basket (about 13 1/2 x 8 1/2"") or grill pan $ ","No Meat, No Problem $ Vegetarian $ Salad $ Dinner $ Chile Pepper $ Green Bean $ Mango $ Tofu $ Lime Juice $ Avocado $ Peanut $ Vegan $ Cilantro $ Grill $ ",Thai $ Asian $ ,3.5/4,4,"No Meat, No Problem $ Vegetarian $ Salad $ Dinner $ Chile Pepper $ Green Bean $ Mango $ Tofu $ Lime Juice $ Avocado $ Peanut $ Vegan $ Cilantro $ Grill $ Thai $ Asian $ "
https://www.epicurious.com/recipes/food/views/garlicky-peanut-dressing,Garlicky Peanut Dressing ,"1/4 cup natural creamy peanut butter $ 1/4 cup soy sauce $ 1/4 cup unseasoned rice vinegar $ 1 tablespoon honey $ 1 garlic clove, finely grated $ 1/4 cup vegetable oil $ ",Bon Appétit $ Salad Dressing $ Condiment/Spread $ Peanut Butter $ Soy Sauce $ Vinegar $ ,Asian $ ,4/4,1,Bon Appétit $ Salad Dressing $ Condiment/Spread $ Peanut Butter $ Soy Sauce $ Vinegar $ Asian $ 
https://www.epicurious.com/recipes/food/views/green-beans-and-cucumbers-with-miso-dressing,Green Beans and Cucumbers with Miso Dressing ,"3 Persian cucumbers or 1/2 English hothouse cucumber $ Kosher salt $ 1 pound green beans, trimmed $ 1 (1 1/2)-inch piece ginger, peeled, finely grated $ 1 serrano or Fresno chile, finely grated $ 1 garlic clove, finely grated $ 1/3 cup unseasoned rice vinegar $ 1/4 cup white miso $ 1/4 cup olive oil $ 1/2 teaspoon toasted sesame oil $ Toasted sesame seeds and sliced scallions (for serving) $ ",Bon Appétit $ Summer $ Salad $ Salad Dressing $ Cucumber $ Sesame $ Sesame Oil $ Green Bean $ Wheat/Gluten-Free $ Side $ Ginger $ ,Asian $ ,3.5/4,8,Bon Appétit $ Summer $ Salad $ Salad Dressing $ Cucumber $ Sesame $ Sesame Oil $ Green Bean $ Wheat/Gluten-Free $ Side $ Ginger $ Asian $ 
https://www.epicurious.com/recipes/food/views/korean-fried-chicken,Korean Fried Chicken ,"Vegetable or canola oil (for frying; about 2 quarts) $ 2 teaspoons sesame seeds $ 1 tablespoon toasted sesame oil $ 1 tablespoon finely chopped peeled fresh ginger $ 2 scallions, white and green parts separated, thinly sliced $ 1/2 cup gochujang (Korean hot pepper paste) $ 1 tablespoon light brown sugar $ 1/2 cup cornstarch $ 1/2 cup unbleached all-purpose flour $ 2 teaspoons kosher salt $ 1 teaspoon baking powder $ Freshly ground black pepper $ 1/2 cup vodka $ 2 pounds boneless, skinless chicken thighs, quartered $ A deep-fry thermometer $ ",Dinner $ Chicken $ Fry $ Sesame Oil $ Appetizer $ Ginger $ Green Onion/Scallion $ Vodka $ ,Korean $ Asian $ ,4/4,9,Dinner $ Chicken $ Fry $ Sesame Oil $ Appetizer $ Ginger $ Green Onion/Scallion $ Vodka $ Korean $ Asian $ 
https://www.epicurious.com/recipes/food/views/cooked-semi-polished-rice-haiga-mai,Cooked Semi-Polished Rice (Haiga Mai) ,"1 cup Japanese-style semi-polished rice $ 1 cup plus 3 tablespoons water, soft tap or filtered $ 1 1/2 cups Japanese-style semi-polished rice $ Generous 1 3/4 cups, soft tap or filtered water $ ",Side $ Rice $ Wheat/Gluten-Free $ Vegetarian $ Vegan $ ,Japanese $ Asian $ ,0/4,0,Side $ Rice $ Wheat/Gluten-Free $ Vegetarian $ Vegan $ Japanese $ Asian $ 
https://www.epicurious.com/recipes/food/views/sesame-ginger-dressing,Sesame-Ginger Dressing ,"3 tablespoons fresh lemon juice $ 2 tablespoons soy sauce $ 2 tablespoons tahini $ 1 1/2 teaspoons sugar $ 1 teaspoon finely grated peeled ginger $ 1 garlic clove, finely grated $ 1/2 cup vegetable oil $ 1 1/2 teaspoons toasted sesame oil $ ",Bon Appétit $ Salad Dressing $ Sesame Oil $ Soy Sauce $ Sesame $ Ginger $ Garlic $ Sauce $ ,Asian $ ,4/4,1,Bon Appétit $ Salad Dressing $ Sesame Oil $ Soy Sauce $ Sesame $ Ginger $ Garlic $ Sauce $ Asian $ 
https://www.epicurious.com/recipes/food/views/miso-mustard-dressing,Miso-Mustard Dressing ,"3 tablespoons fresh lemon juice $ 3 tablespoons white miso $ 1 tablespoon spicy Chinese or Dijon mustard $ 1 teaspoon pure maple syrup $ 1 garlic clove, finely grated $ 1/2 cup olive oil $ ",Bon Appétit $ Salad Dressing $ Mustard $ Maple Syrup $ Condiment/Spread $ Lemon Juice $ ,Asian $ ,0/4,0,Bon Appétit $ Salad Dressing $ Mustard $ Maple Syrup $ Condiment/Spread $ Lemon Juice $ Asian $ 
https://www.epicurious.com/recipes/food/views/singaporean-chili-crab,Singaporean Chili Crab ,"3 cups Super-Concentrated Cantonese Chicken Stock, hot $ 1 cup Hunt's brand ketchup $ 4 tablespoons Lee Kum Kee brand chili garlic sauce $ 4 tablespoons rice vinegar $ 4 tablespoons sugar $ 1 fresh Dungeness crab, or equally large and meaty crab $ 1 cup cornstarch $ 2 tablespoons minced garlic $ 2 tablespoons minced shallots $ 1 tablespoon minced ginger $ 5 Thai chile peppers, chopped $ 1 stalk scallion, cut diagonally $ 4 cups Chili Crab Sauce $ 2 large eggs $ Scallions, for garnish, cut diagonally $ Cilantro sprigs, for garnish $ 5 Buttermilk Beer Beignets $ ",HarperCollins $ Crab $ Shellfish $ Seafood $ Singapore $ Chile Pepper $ Ginger $ Garlic $ ,Southeast Asian $ Asian $ ,0/4,0,HarperCollins $ Crab $ Shellfish $ Seafood $ Singapore $ Chile Pepper $ Ginger $ Garlic $ Southeast Asian $ Asian $ 
https://www.epicurious.com/recipes/food/views/grilled-beef-wrapped-in-sesame-leaves-bo-la-lot,Grilled Beef Wrapped in Sesame Leaves (Bo La Lot) ,"16 whole large Korean sesame leaves, stemmed $ 2/3 tablespoon finely minced shallots $ 1 1/3 tablespoons minced garlic $ 1/4 cup finely minced lemongrass $ 1 pound 80/20 ground chuck $ 5 2/3 teaspoons fish sauce $ 1 1/4 teaspoons five-spice powder $ 1 1/3 palm (aka coconut) sugar $ 2/3 teaspoon turmeric powder $ 6-inch bamboo skewers, presoaked in water overnight $ Cooking oil, for brushing $ White or black sesame seeds $ Red bell pepper, finely diced $ Pickled shredded carrots and daikon $ ",HarperCollins $ Grill $ Appetizer $ Hors D'Oeuvre $ Beef $ Shallot $ Garlic $ Lemongrass $ Ground Beef $ ,Vietnamese $ Southeast Asian $ Asian $ ,0/4,0,HarperCollins $ Grill $ Appetizer $ Hors D'Oeuvre $ Beef $ Shallot $ Garlic $ Lemongrass $ Ground Beef $ Vietnamese $ Southeast Asian $ Asian $ 
https://www.epicurious.com/recipes/food/views/asian-vegetable-noodle-toss,Asian Vegetable Noodle Toss ,"1 pound asparagus, trimmed and cut into 1-inch pieces $ 1 1/2 cups trimmed and halved snow peas $ 1 cup Marinated Sautéed Tofu cubes $ 9.5 ounces buckwheat soba noodles $ 1 tablespoon low-sodium soy sauce $ 2 tablespoons low-sodium soy sauce $ 1 tablespoon mirin $ 1/2 tablespoon agave nectar $ 1/2 tablespoon rice vinegar $ 1 clove garlic, crushed $ 2 teaspoons cornstarch mixed in 1 tablespoon cold water $ Dash sesame oil or chili oil (optional) $ Pinch crushed red pepper flakes (optional) $ ",HarperCollins $ Dinner $ Vegetarian $ Vegan $ Tofu $ Asparagus $ Soy Sauce $ Quick & Easy $ ,Asian $ ,0/4,0,HarperCollins $ Dinner $ Vegetarian $ Vegan $ Tofu $ Asparagus $ Soy Sauce $ Quick & Easy $ Asian $ 
https://www.epicurious.com/recipes/food/views/super-green-stir-fry,Super Green Stir-Fry ,"2 tablespoons peanut oil $ 1 tablespoon finely shredded ginger $ 2 cloves garlic, thinly sliced $ 2 bunches asparagus, sliced $ 2 green onions (scallions), sliced $ 7oz (200g) sugar snap peas, trimmed and halved $ 2 tablespoons chilli bean paste $ 2 tablespoons light soy sauce $ 2 teaspoons water $ 1 cup (140g) shelled edamame $ 7oz (200g) enoki mushrooms $ 9 ounces (250g)  mature spinach, trimmed $ 8.8oz (250g) thin brown rice noodles, cooked and drained $ Thinly sliced small red chile or store-bought Asian chilli jam, to serve $ Cilantro leaves, to serve $ ",HarperCollins $ Dinner $ Green Onion/Scallion $ Leafy Green $ Asparagus $ Sugar Snap Pea $ Mushroom $ Vegetarian $ Noodle $ Cilantro $ ,Asian $ ,3/4,4,HarperCollins $ Dinner $ Green Onion/Scallion $ Leafy Green $ Asparagus $ Sugar Snap Pea $ Mushroom $ Vegetarian $ Noodle $ Cilantro $ Asian $ 
https://www.epicurious.com/recipes/food/views/asian-chicken-and-cilantro-meatballs,Asian Chicken and Cilantro Meatballs ,"12 fresh, frozen, or dried kaffir lime leaves, coarsely chopped $ 1 pound (500 g) boneless, skinless free-range chicken breast meat $ 2 tablespoons toasted sesame oil $ 1 tablespoon soy sauce $ 1 tablespoon Vietnamese fish sauce $ 3 tablespoons minced fresh ginger, or 1 tablespoon ground ginger $ 1 teaspoon fine sea salt $ 1/2 cup (40 g) plain dry bread crumbs $ 1/2 cup (125 ml) minced scallions, white and green parts $ 1 large egg, free-range and organic $ 1/4 cup minced fresh chives $ 1 cup loosely packed fresh cilantro leaves, plus more for garnish $ 1 tablespoon Kaffir Lime Powder (optional) $ Chicken stock or vegetable bouillon, warmed, for serving $ An electric spice mill; a small jar with a lid; a baking sheet lined with baking parchment; a food processor; a bamboo steamer. $ ",HarperCollins $ Chicken $ Meatball $ Cilantro $ Dinner $ Soup/Stew $ Sesame Oil $ Green Onion/Scallion $ Ginger $ ,Asian $ ,4/4,1,HarperCollins $ Chicken $ Meatball $ Cilantro $ Dinner $ Soup/Stew $ Sesame Oil $ Green Onion/Scallion $ Ginger $ Asian $ 
https://www.epicurious.com/recipes/food/views/gluten-free-sticky-rice-buns,Gluten-Free Sticky Rice Buns ,"2 cups white sushi rice $ 2 teaspoons kosher salt $ 1 teaspoon rice wine vinegar or white wine vinegar $ 2 scallions, finely chopped $ 2 tablespoons sesame seeds, plus more for serving $ Sesame oil (for brushing) $ ",Wheat/Gluten-Free $ Rice $ Green Onion/Scallion $ Sesame $ Backyard BBQ $ ,Asian $ ,4/4,2,Wheat/Gluten-Free $ Rice $ Green Onion/Scallion $ Sesame $ Backyard BBQ $ Asian $ 
https://www.epicurious.com/recipes/food/views/kare-kare-with-beans-baby-bok-choy-and-eggplant,"Kare-Kare with Beans, Baby Bok Choy, and Eggplant ","1/4 cup achiote (annatto) seeds $ 1/4 cup black peppercorns $ 1/3 cup dried bay leaves $ 4 tablespoons (or more) vegetable oil, divided $ 5 pounds oxtails $ Kosher salt, freshly ground pepper $ 2 medium onions, 1 coarsely chopped, 1 thinly sliced $ 2 large carrots, peeled, coarsely chopped $ 3 celery stalks, coarsely chopped $ 1 pound shiitake mushrooms, stems removed, coarsely chopped $ 1 cup dry white wine $ 5 garlic cloves, coarsely chopped $ 1 cup chopped garlic chives or 1 medium leek, white and pale green parts only, thinly sliced $ 4 medium baby bok choy, quartered $ 1 medium Japanese eggplant, halved lengthwise, cut into 2-inch pieces $ 1 medium taro root, peeled, cut into 2-inch pieces (optional) $ 1 pound Chinese long beans or green beans, trimmed, cut into 4-inch pieces $ 3/4 cup creamy natural peanut butter $ Crushed unsalted, roasted peanuts, sliced red chile, and shrimp paste (for serving) $ A 12-inch square of cheesecloth $ ",Bon Appétit $ Stew $ Dinner $ Philippines $ Beef $ Pepper $ Eggplant $ Green Bean $ Peanut Butter $ Peanut $ Mushroom $ Bok Choy $ Root Vegetable $ Wheat/Gluten-Free $ ,Southeast Asian $ Asian $ ,0/4,0,Bon Appétit $ Stew $ Dinner $ Philippines $ Beef $ Pepper $ Eggplant $ Green Bean $ Peanut Butter $ Peanut $ Mushroom $ Bok Choy $ Root Vegetable $ Wheat/Gluten-Free $ Southeast Asian $ Asian $ 
https://www.epicurious.com/recipes/food/views/teriyaki-steak-skewers-with-asian-style-greens,Teriyaki Steak Skewers with Asian-Style Greens ,"14 oz (400g) lean diced steak, with fat trimmed $ 1 large bok choy, shredded $ 1 large handful of kale, shredded $ 1 spring onion, sliced $ 1/2 cucumber, deseeded and diced $ 1 tbsp sherry vinegar $ 1 tsp olive oil $ 1 tsp soy sauce $ 1 red chile, deseeded and thinly sliced (optional) $ 1 tbsp soy sauce $ 1 tbsp mirin $ 1 tbsp honey $ 1 thumb-sized piece of fresh ginger, grated $ ",HarperCollins $ Steak $ Soy Sauce $ Bok Choy $ Skewer $ Cucumber $ Kale $ Ginger $ Dinner $ ,Asian $ ,0/4,0,HarperCollins $ Steak $ Soy Sauce $ Bok Choy $ Skewer $ Cucumber $ Kale $ Ginger $ Dinner $ Asian $ 
https://www.epicurious.com/recipes/food/views/kombu-cured-salmon-with-fresh-yuzu-kosho,Kombu-Cured Salmon with Fresh Yuzu Kosho ,"1 (1 1/2-pound) piece boneless salmon fillet $ 4 (6x5-inch) pieces dried dashi kombu (should be flat and not wrinkled) $ 1/2 lemon, thinly sliced, seeds removed $ 2 tablespoons mirin (sweet Japanese rice wine) $ 1 tablespoon mild miso (such as white or yellow) $ 1 teaspoon soy sauce $ 1 jalapeño, seeds removed, chopped $ 1 serrano chile, seeds removed, chopped $ Kosher salt $ Zest and juice of 1 yuzu or zest of 1/8 white grapefruit, 1/2 lemon, 1/2 lime, and 1 tablespoon mixed juice from all three $ Nonstick vegetable oil spray $ Yuzu or lime wedges (for serving) $ ",Bon Appétit $ Salmon $ Fish $ Seafood $ Citrus $ Chile Pepper $ Dinner $ Wheat/Gluten-Free $ Broil $ ,Asian $ ,0/4,0,Bon Appétit $ Salmon $ Fish $ Seafood $ Citrus $ Chile Pepper $ Dinner $ Wheat/Gluten-Free $ Broil $ Asian $ 
https://www.epicurious.com/recipes/food/views/coconut-pandan-jam-kaya-jam,Coconut-Pandan Jam (Kaya Jam) ,"1 (13.5-ounce) can unsweetened coconut milk $ 1/4 cup sugar $ 8 pandan leaves, 17–20"" long $ 8 large egg yolks $ ",Jam or Jelly $ Singapore $ Malaysia $ Coconut $ Breakfast $ Custard $ ,Southeast Asian $ Asian $ ,2/4,4,Jam or Jelly $ Singapore $ Malaysia $ Coconut $ Breakfast $ Custard $ Southeast Asian $ Asian $ 
https://www.epicurious.com/recipes/food/views/slow-cooker-chicken-congee,Slow-Cooker Chicken Congee ,"2 pounds boneless, skinless chicken thighs $ 8 cups chicken stock $ 1 cup long-grain rice $ 3 small dried red chiles, such as Thai or chile de arbol $ 1 (3"") piece ginger, thinly sliced $ 2 garlic cloves, pressed $ 1 1/2 teaspoons kosher salt $ Cubed avocado, lime wedges, cilantro, sliced jalapeño, sliced scallions, chopped roasted, salted peanuts, chili oil, fish sauce, hot sauce, soy sauce, and/or crispy fried shallots (for serving; choose as many as you like) $ ",Dinner $ Rice $ Chicken $ Ginger $ Garlic $ Wheat/Gluten-Free $ ,Chinese $ Asian $ ,3/4,9,Dinner $ Rice $ Chicken $ Ginger $ Garlic $ Wheat/Gluten-Free $ Chinese $ Asian $ 
https://www.epicurious.com/recipes/food/views/lamb-larb,Lamb Larb ,"1 lemongrass stalk $ 4 garlic cloves $ 1/2 bunch cilantro, stems and leaves separated, stems coarsely chopped, plus sprigs for serving $ 1 large shallot, coarsely chopped $ 4 red Thai chiles, divided $ 1/2 cup salted, roasted peanuts $ 3 tablespoons fresh lime juice $ 1 tablespoon (or more) fish sauce $ 1 1/2 teaspoons demerara sugar or dark brown sugar $ 2 tablespoons vegetable oil $ 1 pound ground lamb (at least 10% fat) $ Cooked white rice, Bibb lettuce leaves, sliced cucumber, lime wedges, and mint sprigs (for serving) $ ",Bon Appétit $ Lamb $ Ground Lamb $ Laos $ Peanut $ Rice $ Lemongrass $ Garlic $ Cilantro $ Chile Pepper $ Lime Juice $ Cucumber $ Mint $ Dinner $ Salad $ Lettuce $ Wheat/Gluten-Free $ ,Thai $ Southeast Asian $ Asian $ ,4/4,3,Bon Appétit $ Lamb $ Ground Lamb $ Laos $ Peanut $ Rice $ Lemongrass $ Garlic $ Cilantro $ Chile Pepper $ Lime Juice $ Cucumber $ Mint $ Dinner $ Salad $ Lettuce $ Wheat/Gluten-Free $ Thai $ Southeast Asian $ Asian $ 
https://www.epicurious.com/recipes/food/views/beef-pho,Beef Pho ,"1 (2 1/3-in) piece ginger, peeled and halved $ 2 cloves garlic $ 1 shallot, halved $ 6 1/3 cups beef stock $ 1 star anise $ 1 stick cinnamon $ 3 teaspoons fish sauce $ 1 tablespoon palm sugar $ 7 ounces thin brown rice noodles, cooked and drained $ 1 small white onion, thinly sliced $ 1/2 pound beef fillet, frozen for 2 hours and thinly sliced $ Cracked black pepper $ 1 cup bean sprouts, trimmed $ 2 long red chilies, sliced $ 1/2 cup Thai basil leaves $ 1/2 cup Vietnamese mint leaves $ ",HarperCollins $ Soup/Stew $ Beef $ Beef Tenderloin $ Ginger $ Chile Pepper $ Basil $ Mint $ Anise $ Cinnamon $ Wheat/Gluten-Free $ Winter $ Dinner $ ,Vietnamese $ Southeast Asian $ Asian $ ,3.5/4,6,HarperCollins $ Soup/Stew $ Beef $ Beef Tenderloin $ Ginger $ Chile Pepper $ Basil $ Mint $ Anise $ Cinnamon $ Wheat/Gluten-Free $ Winter $ Dinner $ Vietnamese $ Southeast Asian $ Asian $ 
https://www.epicurious.com/recipes/food/views/classic-chicken-pho-ph-ga,Classic Chicken Pho (Phở Gà) ,"Chubby 4-inch (10 cm) section ginger, unpeeled $ 1 pound (450 g) yellow onion, unpeeled $ 3 pounds (1.35 kg) chicken parts, such as backs, necks, wings, feet, and drumsticks $ 1 (4-lb | 1.8-kg) whole chicken, rinsed and patted dry $ 5 quarts (5 l) water $ 2 tablespoons coriander seeds $ 4 whole cloves $ 1 small bunch (1 oz | 30 g) cilantro $ 1/2 ounce (15 g) Chinese yellow rock sugar $ 1 1/2 tablespoons fine sea salt $ About 3 tablespoons fish sauce $ 1 1/4 pounds (565 g) dried narrow flat rice noodles, or 2 pounds (900 g) fresh pho noodles $ Cooked chicken from the broth, cut or torn into bite-size pieces about 1/4-inch (6-mm) thick $ 1/2 medium (3 oz | 90 g) yellow or red onion, thinly sliced against the grain and soaked in water for 10 minutes $ 3 or 4 thinly sliced green onions, green parts only $ 1/2 cup (.35 oz | 10 g) chopped fresh cilantro, leafy tops only $ Pepper (optional) $ Optional extras: Garnish Plate for 8, Ginger Dipping Sauce $ ",Soup/Stew $ Chicken $ Noodle $ Winter $ Dinner $ Ginger $ Coriander $ Cilantro $ ,Vietnamese $ Southeast Asian $ Asian $ ,3/4,1,Soup/Stew $ Chicken $ Noodle $ Winter $ Dinner $ Ginger $ Coriander $ Cilantro $ Vietnamese $ Southeast Asian $ Asian $ 
https://www.epicurious.com/recipes/food/views/kale-snow-pea-and-pork-dumplings,"Kale, Snow Pea, and Pork Dumplings ","2 1/2 cups finely shredded kale leaves $ 3 1/2 ounces snow peas, trimmed and finely chopped $ 2 tablespoons finely chopped water chestnuts $ 1/2 cup cilantro leaves, chopped $ 2 tablespoons chopped garlic chives $ 1 teaspoon finely grated ginger $ 1 tablespoon mirin (Japanese rice wine) $ 1 teaspoon sesame oil $ 1/3 pound ground pork $ Sea salt and cracked black pepper $ 30 wonton wrappers $ Scallions, thinly sliced, to serve $ Chili sauce and Chinese black vinegar, to serve $ ",HarperCollins $ Pork $ Kale $ Pea $ Appetizer $ snack $ Cilantro $ ,Chinese $ Asian $ ,0/4,0,HarperCollins $ Pork $ Kale $ Pea $ Appetizer $ snack $ Cilantro $ Chinese $ Asian $ 
https://www.epicurious.com/recipes/food/views/japanese-style-curry-karei-raisu,Japanese-Style Curry (Karei Raisu) ,"4 tablespoons unsalted butter $ 2 tablespoons vegetable oil $ 1 large yellow onion, thinly sliced into half moons $ 1 pound boneless fatty beef (such as chuck, short rib, or belly), cut into 3/4-inch pieces $ 1/2 pound carrots (about 2 medium), peeled and roughly chopped into irregular 3/4-inch pieces $ 1/2 pound russet potato (about 1 small), peeled and roughly chopped into irregular 3/4-inch pieces $ 5 ounces medium-hot Vermont Curry (7 pieces; see Note) $ 1 teaspoon kosher salt $ 6 cups cooked short- grain white rice, hot $ ",Curry $ Beef $ Rice $ Potato $ Dinner $ ,Japanese $ Asian $ ,3.5/4,3,Curry $ Beef $ Rice $ Potato $ Dinner $ Japanese $ Asian $ 
https://www.epicurious.com/recipes/food/views/instant-pot-vietnamese-chicken-noodle-soup-pho-ga,Instant-Pot Vietnamese Chicken Noodle Soup (Pho Ga) ,"2 tablespoons canola oil $ 2 medium yellow onions, halved $ 1 (2-inch) piece ginger, cut into 1/4-inch slices $ 1 tablespoon coriander seeds $ 3 star anise pods $ 5 cloves $ 1 cinnamon stick $ 3 cardamom pods, lightly smashed $ 6 bone-in, skin-on chicken thighs $ 3 tablespoons fish sauce $ 1 tablespoon sugar $ 8 cups water $ Kosher salt $ Freshly ground black pepper $ 4 servings rice noodles, prepared according to package directions $ 3 scallions, sliced $ 1 small handful fresh herbs, such as mint, cilantro, and Thai basil, chopped $ 1 lime, cut into wedges $ Handful of bean sprouts (optional) $ 1 jalapeño, thinly sliced (optional) $ ",Instant Pot $ Pressure Cooker $ Soup/Stew $ Chicken $ Cilantro $ Ginger $ Coriander $ Anise $ Cardamom $ Clove $ Wheat/Gluten-Free $ Lime $ ,Vietnamese $ Southeast Asian $ Asian $ ,3.5/4,13,Instant Pot $ Pressure Cooker $ Soup/Stew $ Chicken $ Cilantro $ Ginger $ Coriander $ Anise $ Cardamom $ Clove $ Wheat/Gluten-Free $ Lime $ Vietnamese $ Southeast Asian $ Asian $ 
https://www.epicurious.com/recipes/food/views/stir-fried-chicken-with-black-beans,Stir-Fried Chicken With Black Beans ,"2 tablespoons fermented black beans $ 2 tablespoons rice wine, dry sherry, or white wine $ 1/4 cup peanut or neutral oil, like grapeseed or corn $ 2 tablespoons minced garlic $ 1 tablespoon grated fresh ginger $ 1 cup sliced onion $ 1 pound boneless, skinless chicken breast or thighs, cut into 1/2- to 3/4-inch chunks or thin slices and blotted dry $ 1/4 cup chopped scallion, plus more for garnish $ 1 teaspoon sugar (optional) $ 2 tablespoons soy sauce $ Salt and freshly ground black pepper $ 1/4 cup chicken or vegetable stock, white wine, or water $ 1 tablespoon dark sesame oil $ ",Stir-Fry $ Dinner $ Quick & Easy $ Quick and Healthy $ Chicken $ Bean $ Garlic $ Ginger $ Green Onion/Scallion $ Sesame Oil $ ,Asian $ Chinese $ ,3.5/4,6,Stir-Fry $ Dinner $ Quick & Easy $ Quick and Healthy $ Chicken $ Bean $ Garlic $ Ginger $ Green Onion/Scallion $ Sesame Oil $ Asian $ Chinese $ 
https://www.epicurious.com/recipes/food/views/japanese-style-fried-rice-chahan,Japanese-Style Fried Rice (Chahan) ,"1/4 cup diced (1/4-inch cubes) carrot $ 12 medium shrimp (about 6 ounces), peeled and deveined, cut crosswise into thirds $ 1/4 cup fresh or frozen corn kernels $ 1/4 cup fresh or frozen shelled edamame $ 1/4 cup diced (1/4-inch pieces) fresh shiitake mushrooms or rehydrated dried shiitakes $ 2 1/4 cups low-sodium chicken stock $ 3 tablespoons Japanese soy sauce $ 3 tablespoons sake (Japanese rice wine) $ 2 teaspoons granulated sugar $ 1 1/2 teaspoons kosher salt $ 3 tablespoons cornstarch $ 2 teaspoons toasted sesame oil $ White or black pepper to taste $ 1/4 cup vegetable oil $ 4 large eggs, lightly beaten $ 6 packed cups cooked short-grain white rice, preferably 1 or 2 days old $ 1 generous tablespoon thinly sliced scallion greens $ ",HarperCollins $ Rice $ Shrimp $ Dinner $ Mushroom $ Egg $ Quick & Easy $ ,Japanese $ Asian $ ,3.5/4,3,HarperCollins $ Rice $ Shrimp $ Dinner $ Mushroom $ Egg $ Quick & Easy $ Japanese $ Asian $ 
https://www.epicurious.com/recipes/food/views/cornmeal-bao-with-turkey-and-black-pepper-sauce,Cornmeal Bao With Turkey and Black Pepper Sauce ,"2 tablespoons sugar $ 1 (1/4-ounce) envelope active dry yeast (about 2 1/4 teaspoons) $ 2 cups all-purpose flour $ 1 cup Jiffy corn muffin mix $ 1 tablespoon kosher salt $ 1 teaspoon baking powder $ 2 tablespoons vegetable oil, plus more $ 1/4 cup sugar $ 3 tablespoons soy sauce $ 1 green or red Thai chile, thinly sliced $ 1 (1/2-inch) piece ginger, peeled, thinly sliced $ 1 garlic clove, thinly sliced $ 2 tablespoons dark or regular soy sauce $ 2 tablespoons mushroom or regular soy sauce $ 2 teaspoons unseasoned rice vinegar $ 1 teaspoon freshly ground black pepper $ Pastrami-Style Grilled Turkey Breast, mayonnaise, bread-and-butter pickles, shredded carrots, and cilantro leaves with tender stems (for serving) $ ",Bon Appétit $ Thanksgiving $ turkey $ Cornmeal $ Chile Pepper $ Sandwich $ Dinner $ ,Asian $ ,0/4,0,Bon Appétit $ Thanksgiving $ turkey $ Cornmeal $ Chile Pepper $ Sandwich $ Dinner $ Asian $ 
https://www.epicurious.com/recipes/food/views/alt-grain-porridge-with-kimchi-and-jammy-eggs,Alt-Grain Porridge With Kimchi and Jammy Eggs ,"1 cup spelt, wheat berries, or barley $ Kosher salt, freshly ground pepper $ 1 ounce Parmesan, grated (about 1 cup) $ 2 tablespoons unsalted butter $ 4 large eggs $ 1 tablespoon vegetable oil $ 1 cup Napa kimchi $ ",Bon Appétit $ Grains $ Barley $ Parmesan $ Egg $ Cabbage $ Dinner $ ,Asian $ ,0/4,0,Bon Appétit $ Grains $ Barley $ Parmesan $ Egg $ Cabbage $ Dinner $ Asian $ 
https://www.epicurious.com/recipes/food/views/stuffing-fried-rice,Stuffing Fried Rice ,"4 cups cooled cooked short-grain white rice (from 1 1/2 cups uncooked rice) $ 3 tablespoons vegetable oil, divided $ 1 large egg $ 1/4 cup sliced garlic chives or regular chives, plus more for serving $ 1/2 teaspoon ground coriander, plus more for serving $ 2 tablespoons (or more) mushroom soy sauce or 1 tablespoon regular soy sauce $ 8 cups (2-inch) cubes stuffing $ 1 bunch small Tuscan kale, ribs and stems removed, leaves torn $ 1 (3.5-ounce) package honshimeji or oyster mushrooms, torn into bite-size pieces $ ",Bon Appétit $ Thanksgiving $ Side $ leftovers $ Dinner $ Rice $ Stuffing/Dressing $ Chive $ Coriander $ Kale $ Mushroom $ ,Asian $ ,0/4,0,Bon Appétit $ Thanksgiving $ Side $ leftovers $ Dinner $ Rice $ Stuffing/Dressing $ Chive $ Coriander $ Kale $ Mushroom $ Asian $ 
https://www.epicurious.com/recipes/food/views/weeknight-mapo-tofu-with-ground-pork,Weeknight Mapo Tofu with Ground Pork ,"2 tablespoons vegetable oil $ 8 ounces ground pork $ 1 jalapeño, thinly sliced $ 4 garlic cloves, sliced $ 1 (1 1/2-inch) piece ginger, peeled, finely chopped $ 4 scallions, chopped, plus more for serving $ 1 tablespoon tomato paste $ 1 teaspoon ground Sichuan peppercorns or freshly ground black pepper $ 2 cups low-sodium chicken broth $ 3 tablespoons Chinese black bean garlic sauce $ 1 tablespoon cornstarch $ 1 pound silken tofu, drained, cut into 1-inch pieces $ Torn basil leaves and steamed white rice (for serving) $ ",Bon Appétit $ Tofu $ Pork $ Quick & Easy $ Ginger $ Chile Pepper $ Hot Pepper $ Jalapeño $ Green Onion/Scallion $ Dinner $ ,Chinese $ Asian $ ,3.5/4,14,Bon Appétit $ Tofu $ Pork $ Quick & Easy $ Ginger $ Chile Pepper $ Hot Pepper $ Jalapeño $ Green Onion/Scallion $ Dinner $ Chinese $ Asian $ 
https://www.epicurious.com/recipes/food/views/kabocha-squash-and-pork-stir-fry,Kabocha Squash and Pork Stir-Fry ,"2 cups (1-inch pieces) peeled kabocha squash $ 2 tablespoons vegetable oil, divided $ 8 ounces pork sausage, casing removed $ 2 scallions, chopped $ 2 garlic cloves, chopped $ 1 serrano chile, sliced $ 2 teaspoons grated peeled ginger $ 2 tablespoons fresh lime juice $ 2 teaspoons fish sauce $ 1 teaspoon sugar $ Crushed salted, roasted peanuts and chopped cilantro (for serving) $ ",Bon Appétit $ Dinner $ Quick & Easy $ Pumpkin $ Squash $ Pork $ Garlic $ Lime Juice $ Wheat/Gluten-Free $ ,Asian $ ,4/4,12,Bon Appétit $ Dinner $ Quick & Easy $ Pumpkin $ Squash $ Pork $ Garlic $ Lime Juice $ Wheat/Gluten-Free $ Asian $ 
https://www.epicurious.com/recipes/food/views/asian-rice-noodle-salad,Asian Rice Noodle Salad ,"1 (8-ounce) box Asian brown rice (whole-grain) noodles $ 1/4 cup soy sauce (preferably reduced-sodium) $ 1 tablespoon rice vinegar $ 2 teaspoons fresh lime juice (from 1/2 lime) $ 2 teaspoons honey $ 2 teaspoons toasted sesame oil $ 1 teaspoon minced fresh ginger $ 1 garlic clove, minced $ 3/4 cup fresh cilantro leaves, chopped $ 3/4 cup chopped salted, dry-roasted peanuts or cashews $ 2 1/2 cups coleslaw mix (shredded green and red cabbage plus carrots, found in the produce aisle) $ Red pepper flakes (optional) $ ",HarperCollins $ Noodle $ Salad $ Rice $ Side $ Quick & Easy $ Vegetarian $ Peanut $ Cabbage $ Ginger $ Dinner $ ,Asian $ ,4/4,9,HarperCollins $ Noodle $ Salad $ Rice $ Side $ Quick & Easy $ Vegetarian $ Peanut $ Cabbage $ Ginger $ Dinner $ Asian $ 
https://www.epicurious.com/recipes/food/views/kohlrabi-pickles-with-chile-oil,Kohlrabi Pickles With Chile Oil ,"1 pound small kohlrabies, peeled, halved lengthwise, thinly sliced crosswise $ 1 teaspoon kosher salt $ 1 garlic clove, finely grated $ 2 tablespoons coarsely chopped cilantro $ 1 tablespoon unseasoned rice vinegar $ 2 teaspoons chile oil $ 1 teaspoon finely grated lime zest $ 1 1/2 teaspoons fresh lime juice $ 1/2 teaspoon black sesame seeds $ 1/2 teaspoon fish sauce $ 1/2 teaspoon sugar $ 1/2 teaspoon toasted sesame oil $ ",Bon Appétit $ Side $ Pickles $ Chile Pepper $ Cilantro $ Lime $ Vinegar $ Sesame Oil $ Wheat/Gluten-Free $ Vegetarian $ ,Asian $ ,4/4,1,Bon Appétit $ Side $ Pickles $ Chile Pepper $ Cilantro $ Lime $ Vinegar $ Sesame Oil $ Wheat/Gluten-Free $ Vegetarian $ Asian $ 
https://www.epicurious.com/recipes/food/views/wonton-soup-with-mushroom-zucchini-meatballs,"Wonton Soup with Mushroom-Zucchini ""Meatballs"" ","1 (4"") piece ginger, finely grated $ 6 garlic cloves, very finely chopped $ 2 tablespoons white miso paste $ 1 medium zucchini (about 8 ounces), coarsely chopped, divided $ 8 ounces cremini mushrooms, coarsely chopped, divided $ 2 tablespoons coconut oil, divided, plus more for pan $ 2 teaspoons kosher salt, divided $ 1 large egg $ 1 1/4 cups breadcrumbs $ 2 tablespoons low-sodium soy sauce, divided $ 2 tablespoons toasted sesame oil, divided $ 2 tablespoons chopped cilantro plus 1 tablespoon cilantro leaves $ 8 cups homemade or store-bought low-sodium vegetable broth $ 2 small heads baby bok choy, cut crosswise in 2"" pieces $ 8 ounces snow peas $ 4 ounces white beech or thinly sliced cremini mushrooms $ 12 fresh wonton wrappers, brushed with a pastry brush to remove excess flour, cut in half on the bias $ 2 scallions, white and pale-green parts only, thinly sliced $ ","Vegetarian $ Zucchini $ Dinner $ Meatball $ Ginger $ Mushroom $ Bok Choy $ Green Onion/Scallion $ Soup/Stew $ Noodle $ Cilantro $ No Meat, No Problem $ ",Asian $ ,3/4,11,"Vegetarian $ Zucchini $ Dinner $ Meatball $ Ginger $ Mushroom $ Bok Choy $ Green Onion/Scallion $ Soup/Stew $ Noodle $ Cilantro $ No Meat, No Problem $ Asian $ "
https://www.epicurious.com/recipes/food/views/kombu-celery,Kombu Celery ,"5 celery stalks, strings removed, cut into 3x1/2-inch sticks $ 1 tablespoon furikake $ 1 tablespoon toasted sesame oil $ 1 teaspoon soy sauce $ Toasted sesame seeds (for serving) $ ",Bon Appétit $ Celery $ Sesame Oil $ Soy Sauce $ Vegetarian $ Vegan $ Side $ Hors D'Oeuvre $ Sesame $ ,Japanese $ Asian $ ,0/4,0,Bon Appétit $ Celery $ Sesame Oil $ Soy Sauce $ Vegetarian $ Vegan $ Side $ Hors D'Oeuvre $ Sesame $ Japanese $ Asian $ 
https://www.epicurious.com/recipes/food/views/vietnamese-chicken-soup-with-rice,Vietnamese Chicken Soup With Rice ,"2 skinless, boneless chicken thighs $ 1 (4x4-inch) piece dried kombu $ 1 (2-inch) piece ginger, peeled, crushed $ 3 star anise pods $ 1 (2-inch) cinnamon stick $ 2 whole cloves $ 4 cups chicken stock or low-sodium chicken broth $ 1 cup glutinous (sticky) rice or sushi rice, rinsed $ 1 tablespoon (or more) fish sauce $ 1 teaspoon palm or light brown sugar $ 1 scallion, thinly sliced $ 1 jalapeño, thinly sliced $ 1/2 cup cilantro leaves with tender stems $ 1/4 cup thinly sliced white onion $ ",Bon Appétit $ Soup/Stew $ Chicken $ Jalapeño $ Cilantro $ Rice $ Anise $ Dinner $ Wheat/Gluten-Free $ ,Southeast Asian $ Asian $ Vietnamese $ ,3.5/4,4,Bon Appétit $ Soup/Stew $ Chicken $ Jalapeño $ Cilantro $ Rice $ Anise $ Dinner $ Wheat/Gluten-Free $ Southeast Asian $ Asian $ Vietnamese $ 
https://www.epicurious.com/recipes/food/views/hoisin-glazed-pork-and-turkey-meat-loaf,Hoisin-Glazed Pork and Turkey Meat Loaf ,"Cooking spray $ 1 1/4 cups whole wheat panko breadcrumbs $ 1/2 cup whole milk $ 3 large eggs $ 1/2 cup minced fresh parsley leaves or cilantro $ 1/4 cup minced fresh basil leaves $ 4 scallions, minced $ 6 garlic cloves, finely minced $ 1/2 medium white onion, grated on a box grater $ 1 tablespoon finely grated fresh ginger $ 2 teaspoons toasted sesame oil $ 2 teaspoons kosher salt $ Freshly cracked black pepper $ 1 pound ground pork $ 1 pound ground turkey $ 1/3 cup hoisin sauce $ 2 tablespoons ketchup $ ",HarperCollins $ Meatloaf $ Pork $ turkey $ Dinner $ Ginger $ Sesame Oil $ ,Asian $ ,3.5/4,4,HarperCollins $ Meatloaf $ Pork $ turkey $ Dinner $ Ginger $ Sesame Oil $ Asian $ 
https://www.epicurious.com/recipes/food/views/yellow-chicken-adobo,Yellow Chicken Adobo ,"10 dried bay leaves $ 2 tablespoons black peppercorns $ 2 tablespoons ground turmeric $ 1/4 cup unsweetened shredded coconut $ 1/2 head of cauliflower, broken into small florets $ 1/4 kabocha squash, cut into 1-inch pieces (about 2 cups) $ 3 tablespoons vegetable oil, divided $ Kosher salt, freshly ground pepper $ 1 small white onion, chopped $ 2 medium shallots, chopped $ 6 large garlic cloves, chopped $ 1 (3-inch) piece ginger, peeled, finely grated $ 1 teaspoon crushed red pepper flakes $ 2 (13.5-ounce) cans unsweetened coconut milk $ 1 cup sugarcane vinegar or distilled white vinegar, divided $ 4 chicken legs, drumsticks and thighs, separated $ 3 tablespoons (or more) honey $ Unsalted, roasted pumpkin seeds (pepitas), thinly sliced Fresno chiles, and sliced scallion (for serving) $ A layer of cheesecloth $ ",Bon Appétit $ Philippines $ Soup/Stew $ Fall $ Winter $ Vinegar $ Coconut $ Chicken $ Ginger $ Dinner $ Stew $ ,Southeast Asian $ Asian $ ,3.5/4,5,Bon Appétit $ Philippines $ Soup/Stew $ Fall $ Winter $ Vinegar $ Coconut $ Chicken $ Ginger $ Dinner $ Stew $ Southeast Asian $ Asian $ 
https://www.epicurious.com/recipes/food/views/shredded-sweet-potato-and-carrot-fritters-ukoy,Shredded Sweet Potato and Carrot Fritters (Ukoy) ,"3 Thai chiles, thinly sliced $ 1 garlic clove, finely chopped $ 2 tablespoons chopped red onion $ 1/4 cup sugarcane vinegar or distilled white vinegar $ Kosher salt $ 1 medium sweet potato, peeled $ 4 medium carrots, peeled $ Kosher salt $ 8 cups (or more) vegetable oil $ 3/4 cup (or more) club soda $ 1 teaspoon fish sauce $ 1 1/4 cups cornstarch $ 4 ounces small or medium shrimp, peeled, deveined $ 1 cup cilantro leaves with tender stems $ A deep-fry thermometer $ ",Bon Appétit $ Philippines $ Appetizer $ Sweet Potato/Yam $ Carrot $ Vinegar $ Cilantro $ Shrimp $ Deep-Fry $ Fry $ ,Southeast Asian $ Asian $ ,4/4,1,Bon Appétit $ Philippines $ Appetizer $ Sweet Potato/Yam $ Carrot $ Vinegar $ Cilantro $ Shrimp $ Deep-Fry $ Fry $ Southeast Asian $ Asian $ 
https://www.epicurious.com/recipes/food/views/blistered-green-beans-with-garlic-and-miso,Blistered Green Beans with Garlic and Miso ,"3 garlic cloves, finely chopped $ 3 tablespoons fresh lime juice $ 3 tablespoons white miso $ 1 tablespoon coconut or agave nectar $ 3 tablespoons virgin coconut oil $ 1 1/2 pounds haricots verts or green beans, trimmed $ Pinch of crushed red pepper flakes $ Flaky sea salt, freshly ground pepper $ 1/3 cup coarsely chopped cilantro $ ",Bon Appétit $ Side $ Green Bean $ Summer $ Spring $ Dinner $ Lime Juice $ Garlic $ Sauté $ Vegan $ Vegetarian $ Cilantro $ Wheat/Gluten-Free $ Labor Day $ ,Asian $ ,3.5/4,12,Bon Appétit $ Side $ Green Bean $ Summer $ Spring $ Dinner $ Lime Juice $ Garlic $ Sauté $ Vegan $ Vegetarian $ Cilantro $ Wheat/Gluten-Free $ Labor Day $ Asian $ 
https://www.epicurious.com/recipes/food/views/quick-pork-ramen-with-carrots-zucchini-and-bok-choy,"Quick Pork Ramen with Carrots, Zucchini, and Bok Choy ","1 ounce dried mushrooms (preferably shiitake or porcini) $ Kosher salt $ 16 ounces fresh or 10 ounces dried ramen noodles $ 2 small heads baby bok choy, quartered lengthwise $ 1 tablespoon toasted sesame oil, plus more $ 1 pound ground pork $ 1/2 teaspoon freshly ground black pepper $ 4 scallions, thinly sliced, divided $ 3 tablespoons white or yellow miso paste $ 6 cups homemade chicken stock or low-sodium chicken broth $ 2 tablespoons low-sodium soy sauce $ 2 teaspoons Sriracha, plus more for serving $ 1 medium carrot $ 1 medium zucchini $ 4 large soft-boiled eggs (optional) $ 1/4 cup coarsely chopped basil $ ",22-Minute Meals $ Soup/Stew $ Summer $ Noodle $ Pork $ Dinner $ Carrot $ Zucchini $ Egg $ Basil $ Green Onion/Scallion $ Sesame Oil $ Dairy Free $ Peanut Free $ Tree Nut Free $ No Sugar Added $ Takeout at Home $ ,Japanese $ Asian $ ,4/4,17,22-Minute Meals $ Soup/Stew $ Summer $ Noodle $ Pork $ Dinner $ Carrot $ Zucchini $ Egg $ Basil $ Green Onion/Scallion $ Sesame Oil $ Dairy Free $ Peanut Free $ Tree Nut Free $ No Sugar Added $ Takeout at Home $ Japanese $ Asian $ 
https://www.epicurious.com/recipes/food/views/soy-sauce-chicken-kebabs-with-sesame-lemon-sprinkle,Soy-Basted Chicken Kebabs with Sesame-Citrus Sprinkle ,"2 tablespoons toasted white and/or black sesame seeds $ 1 tablespoon thinly sliced chives $ 1 teaspoon Aleppo-style pepper or other mild red pepper flakes $ 1/2 teaspoon finely grated lemon zest $ Kosher salt $ 1/3 cup (packed) light brown sugar $ 1/3 cup mirin (sweet Japanese rice wine) $ 1/3 cup soy sauce $ 1/4 cup unseasoned rice vinegar $ 1 1/4 pounds skinless, boneless chicken thighs $ Vegetable oil (for grill) $ Kosher salt $ 8 (8–12-inch-long) metal skewers $ ",Bon Appétit $ Chicken $ Skewer $ Grill $ Sesame $ Citrus $ Soy Sauce $ Chile $ Dinner $ Summer $ Dairy Free $ Peanut Free $ Tree Nut Free $ Kosher $ ,Asian $ Japanese $ ,3.5/4,6,Bon Appétit $ Chicken $ Skewer $ Grill $ Sesame $ Citrus $ Soy Sauce $ Chile $ Dinner $ Summer $ Dairy Free $ Peanut Free $ Tree Nut Free $ Kosher $ Asian $ Japanese $ 
https://www.epicurious.com/recipes/food/views/sesame-lime-vinaigrette,Sesame-Lime Vinaigrette ,"1 large shallot, finely chopped $ 1 cup fresh lime juice $ Kosher salt, freshly ground pepper $ 1/2 cup toasted sesame oil $ 1/2 cup vegetable oil $ 1/4 cup soy sauce $ 2 tablespoons honey or maple syrup $ ",Bon Appétit $ Salad Dressing $ Sesame Oil $ Lime Juice $ Shallot $ Soy $ Honey $ ,Asian $ ,0/4,0,Bon Appétit $ Salad Dressing $ Sesame Oil $ Lime Juice $ Shallot $ Soy $ Honey $ Asian $ 
