link,name,ingredients,recipe_category,recipe_cuisine,rating,rating_count,keywords
https://www.epicurious.com/recipes/food/views/asparagus-fingerling-potato-and-goat-cheese-pizza-352629,"Asparagus, Fingerling Potato, and Goat Cheese Pizza ","5 ounces fingerling potatoes $ Cornmeal (for sprinkling) $ Pizza Dough $ 2 tablespoons extra-virgin olive oil, divided $ 1 garlic clove, pressed $ 4 green onions, thinly sliced, divided $ 1 1/3 cups grated whole-milk mozzarella cheese (about 6 ounces) $ 4 ounces soft fresh goat cheese, crumbled $ 8 ounces asparagus, trimmed, each spear cut in half lengthwise, then crosswise into 2- to 3-inch pieces $ 1/2 cup grated Parmesan cheese $ ",Potato $ Appetizer $ Bake $ Vegetarian $ High Fiber $ Mother's Day $ Father's Day $ Dinner $ Lunch $ Goat Cheese $ Asparagus $ Spring $ Party $ Bon Appétit $ Sugar Conscious $ Pescatarian $ Wheat/Gluten-Free $ Peanut Free $ Tree Nut Free $ Soy Free $ No Sugar Added $ Kosher $ ,American $ ,3.5/4,64,Potato $ Appetizer $ Bake $ Vegetarian $ High Fiber $ Mother's Day $ Father's Day $ Dinner $ Lunch $ Goat Cheese $ Asparagus $ Spring $ Party $ Bon Appétit $ Sugar Conscious $ Pescatarian $ Wheat/Gluten-Free $ Peanut Free $ Tree Nut Free $ Soy Free $ No Sugar Added $ Kosher $ American $ 
https://www.epicurious.com/recipes/food/views/asiago-stuffed-dates-with-bacon-and-smoked-paprika-352609,Asiago-Stuffed Dates with Bacon and Smoked Paprika ,"12 Medjool dates $ 12 1 1/2 x 1/4 x 1/4-inch pieces Asiago, Manchego, or pecorino cheese $ 4 slices applewood-smoked bacon, each cut crosswise into 3 pieces $ Smoked paprika* $ ",Cheese $ Appetizer $ Roast $ Cocktail Party $ Quick & Easy $ Father's Day $ Dinner $ Date $ Bacon $ Shower $ Party $ Paprika $ Bon Appétit $ ,American $ ,3.5/4,26,Cheese $ Appetizer $ Roast $ Cocktail Party $ Quick & Easy $ Father's Day $ Dinner $ Date $ Bacon $ Shower $ Party $ Paprika $ Bon Appétit $ American $ 
https://www.epicurious.com/recipes/food/views/open-face-crab-burgers-with-red-pepper-dressing-352591,Open-Face Crab Burgers with Red Pepper Dressing ,"1/4 cup mayonnaise (preferably organic) $ 2 green onions, thinly sliced $ 2 tablespoons minced drained roasted red pepper from jar $ 1 tablespoon fresh lemon juice $ 1 tablespoon ketchup (preferably organic) $ 1 tablespoon hot chili sauce (such as sriracha)* $ 1/4 teaspoon finely grated lemon peel $ 1/4 cup mayonnaise (preferably organic) $ 1 large egg $ 2 tablespoons fresh lemon juice $ 1 tablespoon ketchup $ 1 teaspoon finely grated lemon peel $ 1 teaspoon hot chili sauce (such as sriracha)* $ 1/2 teaspoon coarse kosher salt $ 2 tablespoons minced drained roasted red pepper from jar $ 1 green onion, thinly sliced $ 1 pound fresh lump crabmeat, picked over $ 1 3/4 cups panko (Japanese breadcrumbs),* divided $ 3 3-to 4-inch ciabatta rolls, halved horizontally $ 2 tablespoons (1/4 stick) butter plus more for rolls $ 2 tablespoons grapeseed oil or vegetable oil $ 6 crisp heart of romaine lettuce leaves, trimmed to 6-inch length $ ",Broil $ Low Cal $ Father's Day $ Dinner $ Lunch $ Mayonnaise $ Crab $ Bell Pepper $ Summer $ Green Onion/Scallion $ Breadcrumbs $ Bon Appétit $ Pescatarian $ ,American $ ,4/4,17,Broil $ Low Cal $ Father's Day $ Dinner $ Lunch $ Mayonnaise $ Crab $ Bell Pepper $ Summer $ Green Onion/Scallion $ Breadcrumbs $ Bon Appétit $ Pescatarian $ American $ 
https://www.epicurious.com/recipes/food/views/fried-chicken-with-bacon-and-pepper-cream-gravy-241168,Fried Chicken with Bacon and Pepper Cream Gravy ,"1 whole chicken (about 3 1/2 pounds), cut into 8 pieces $ 3 cups well-shaken buttermilk $ 1 large onion, thinly sliced $ 2 teaspoons hot sauce such as Tabasco $ 2 cups all-purpose flour $ 2 teaspoons paprika $ 1/8 teaspoon cayenne $ 8 bacon slices (1/2 pound) $ About 3 cups vegetable oil $ 4 teaspoons all-purpose flour $ 2 cups whole milk $ Equipment: a deep-fat thermometer $ ",Milk/Cream $ Chicken $ Fry $ Marinate $ Fourth of July $ Picnic $ Dinner $ Lunch $ Bacon $ Spice $ Gourmet $ Peanut Free $ Tree Nut Free $ Soy Free $ No Sugar Added $ ,American $ Southern $ ,3.5/4,10,Milk/Cream $ Chicken $ Fry $ Marinate $ Fourth of July $ Picnic $ Dinner $ Lunch $ Bacon $ Spice $ Gourmet $ Peanut Free $ Tree Nut Free $ Soy Free $ No Sugar Added $ American $ Southern $ 
https://www.epicurious.com/recipes/food/views/mashed-red-skinned-potatoes-241169,Mashed Red-Skinned Potatoes ,"2 pound red potatoes (preferably organic) $ 1 cup whole milk $ 1/2 stick unsalted butter, softened $ ",Milk/Cream $ Potato $ Side $ Quick & Easy $ Simmer $ Gourmet $ Vegetarian $ Pescatarian $ Wheat/Gluten-Free $ Peanut Free $ Tree Nut Free $ Soy Free $ No Sugar Added $ Kosher $ ,American $ Southern $ ,3.5/4,12,Milk/Cream $ Potato $ Side $ Quick & Easy $ Simmer $ Gourmet $ Vegetarian $ Pescatarian $ Wheat/Gluten-Free $ Peanut Free $ Tree Nut Free $ Soy Free $ No Sugar Added $ Kosher $ American $ Southern $ 
https://www.epicurious.com/recipes/food/views/sweet-cucumber-and-radish-salad-241171,Sweet Cucumber and Radish Salad ,1 large cucumber (1 pound) $ 1 bunch radishes $ 1/4 cup cider vinegar $ 1 1/2 tablespoons sugar $ 1 tablespoon vegetable oil $ ,Salad $ Side $ Vegetarian $ Quick & Easy $ Cucumber $ Radish $ Healthy $ Gourmet $ Kidney Friendly $ Vegan $ Pescatarian $ Dairy Free $ Wheat/Gluten-Free $ Peanut Free $ Tree Nut Free $ Soy Free $ Kosher $ ,American $ Southern $ ,2/4,9,Salad $ Side $ Vegetarian $ Quick & Easy $ Cucumber $ Radish $ Healthy $ Gourmet $ Kidney Friendly $ Vegan $ Pescatarian $ Dairy Free $ Wheat/Gluten-Free $ Peanut Free $ Tree Nut Free $ Soy Free $ Kosher $ American $ Southern $ 
https://www.epicurious.com/recipes/food/views/roasted-orange-molasses-sweet-potatoes-238080,Roasted Orange Molasses Sweet Potatoes ,"Unsalted butter for buttering pan $ 1 teaspoon finely grated fresh orange zest $ 1 1/4 cups fresh orange juice $ 2 tablespoons molasses (not robust or blackstrap) $ 1/2 teaspoon salt $ 1/4 teaspoon black pepper $ 4 large sweet potatoes (2 3/4 pounds), peeled and cut lengthwise into 1-inch-wide wedges $ ",Citrus $ Side $ Bake $ Easter $ Vegetarian $ Dinner $ Orange $ Root Vegetable $ Sweet Potato/Yam $ Gourmet $ Fat Free $ Pescatarian $ Wheat/Gluten-Free $ Peanut Free $ Tree Nut Free $ Soy Free $ Kosher $ ,American $ Southern $ ,2.5/4,8,Citrus $ Side $ Bake $ Easter $ Vegetarian $ Dinner $ Orange $ Root Vegetable $ Sweet Potato/Yam $ Gourmet $ Fat Free $ Pescatarian $ Wheat/Gluten-Free $ Peanut Free $ Tree Nut Free $ Soy Free $ Kosher $ American $ Southern $ 
https://www.epicurious.com/recipes/food/views/cactus-chayote-and-green-apple-salad-233783,"Cactus, Chayote, and Green-Apple Salad ","1 lb fresh nopales (prickly pear cactus paddles; about 5; see cooks' note, below) $ 2 chayotes (1 pound total), peeled, halved lengthwise, and seeds discarded, then cut into 1/4-inch-thick sticks (3 to 4 inches long) $ 1 Granny Smith apple, left unpeeled, halved, cored, and thinly sliced lengthwise $ 2 scallions, trimmed and thinly sliced $ 4 navel oranges $ 3 tablespoons fresh lime juice $ 1/4 teaspoon salt $ 1/8 teaspoon black pepper $ 1/3 cup raw (green) hulled pumpkin seeds $ 5 tablespoons olive oil $ Rounded 1/8 teaspoon cayenne $ ",Salad $ Fruit $ Vegetable $ Quick & Easy $ Lime $ Orange $ Apple $ Pumpkin $ Spring $ Seed $ Gourmet $ ,American $ Southwestern $ ,2/4,4,Salad $ Fruit $ Vegetable $ Quick & Easy $ Lime $ Orange $ Apple $ Pumpkin $ Spring $ Seed $ Gourmet $ American $ Southwestern $ 
https://www.epicurious.com/recipes/food/views/easy-does-it-meat-loaf-351308,Easy-Does-It Meat Loaf ,"8 ounces. ground beef chuck $ 2 tablespoons grated onion $ 2 tablespoons chopped parsley $ 3 tablespoons American chili sauce $ 1 tablespoon Worcestershire sauce $ Salt and pepper, to taste $ ",Beef $ Onion $ Bake $ Super Bowl $ Quick & Easy $ Low Cal $ Dinner $ Parsley $ Parade $ Sugar Conscious $ Dairy Free $ Peanut Free $ Tree Nut Free $ Soy Free $ No Sugar Added $ Kosher $ ,American $ ,3/4,3,Beef $ Onion $ Bake $ Super Bowl $ Quick & Easy $ Low Cal $ Dinner $ Parsley $ Parade $ Sugar Conscious $ Dairy Free $ Peanut Free $ Tree Nut Free $ Soy Free $ No Sugar Added $ Kosher $ American $ 
https://www.epicurious.com/recipes/food/views/crawfish-etouffee-242926,Crawfish Etouffée ,"2 pounds peeled crawfish tails $ 1 stick (8 tablespoons) butter $ 2 cups chopped onions $ 1 cup chopped green bell peppers $ 1/2 cup chopped celery $ 1 tablespoon cornstarch $ 1 cup water $ Salt and cayenne pepper, to taste $ 1/3 cup chopped green onions $ 1/4 cup chopped fresh parsley $ ",Onion $ Shellfish $ Sauté $ Quick & Easy $ Mardi Gras $ Dinner $ Bell Pepper $ Sugar Conscious $ Pescatarian $ Wheat/Gluten-Free $ Peanut Free $ Tree Nut Free $ Soy Free $ No Sugar Added $ ,American $ Cajun/Creole $ ,2.5/4,13,Onion $ Shellfish $ Sauté $ Quick & Easy $ Mardi Gras $ Dinner $ Bell Pepper $ Sugar Conscious $ Pescatarian $ Wheat/Gluten-Free $ Peanut Free $ Tree Nut Free $ Soy Free $ No Sugar Added $ American $ Cajun/Creole $ 
https://www.epicurious.com/recipes/food/views/wine-braised-brisket-of-beef-with-caramelized-pearl-onions-and-dried-apricots-234062,Wine-Braised Brisket of Beef with Caramelized Pearl Onions and Dried Apricots ,"5 pounds beef brisket $ 2 tablespoons kosher salt $ 1 tablespoon freshly ground black pepper $ 1 bottle red wine $ All-purpose flour $ 6 tablespoons vegetable oil $ 10 garlic cloves, peeled and smashed $ 6 large shallots, peeled and thinly sliced $ 2 medium carrots, peeled, cut into 1-inch chunks $ 2 celery stalks, cut into 1-inch chunks $ 1 medium leek, white part only, cut into 1-inch chunks $ 1 cup dried apricots $ 6 sprigs fresh flat-leaf parsley $ 2 sprigs fresh thyme $ 2 bay leaves $ 2 tablespoons tomato paste $ 2 quarts plus 1/4 cup homemade beef stock or good-quality canned beef broth $ 1 cup pearl onions $ Minced parsley, for garnish $ ",Beef $ Fruit $ Onion $ Braise $ Super Bowl $ Oscars $ Apricot $ Brisket $ Leek $ Red Wine $ Fall $ Winter $ Thyme $ ,American $ ,3.5/4,47,Beef $ Fruit $ Onion $ Braise $ Super Bowl $ Oscars $ Apricot $ Brisket $ Leek $ Red Wine $ Fall $ Winter $ Thyme $ American $ 
https://www.epicurious.com/recipes/food/views/roasted-garlic-crostini-with-assorted-toppings-234057,Roasted Garlic Crostini with Assorted Toppings ,"4 heads garlic $ 1/4 cup olive oil $ 12 slices of baguette or country-style Italian bread, sliced at a 45-degree angle about 1/2 inch thick $ 1/4 cup extra-virgin olive oil $ Pureed garlic from 4 whole roasted heads of garlic (see above) $ Shaved Parmesan, dry jack or Gruyère cheese $ Fresh, creamy goat cheese, at room temperature $ Roasted red bell peppers, home-roasted or bottled, cut into thin strips $ Prepared tapenade (black olive and anchovy paste) $ Oil-packed sun-dried tomatoes, cut into thin strips $ Capers, drained $ Roma tomatoes, thinly sliced, or halved, seeded, and diced $ Fresh basil leaves, cut into fine julienne strips or left whole $ Crushed red pepper flakes $ Balsamic vinegar $ Thinly sliced prosciutto $ Anchovy fillets packed in olive oil, drained $ Fresh mozzarella cheese, sliced $ ",Garlic $ Appetizer $ Roast $ Cocktail Party $ Oscars $ Fall $ Winter $ ,American $ ,3.5/4,7,Garlic $ Appetizer $ Roast $ Cocktail Party $ Oscars $ Fall $ Winter $ American $ 
https://www.epicurious.com/recipes/food/views/caesar-salad-with-homemade-tapenade-croutons-234058,Caesar Salad with Homemade Tapenade Croutons ,"1/3 cup olive oil $ 2 tablespoons freshly grated Parmesan cheese $ 2 tablespoons minced garlic $ 1 teaspoon chopped fresh oregano leaves $ 1 teaspoon chopped fresh thyme leaves $ One 1-pound loaf of day-old bread, preferably sourdough, sliced and cut into large cubes (about 2 cups) $ 1 recipe Black and Green Olive Tapenade $ 2 heads of baby romaine lettuce, or 1 large head of romaine $ 1 recipe Caesar Vinaigrette $ Freshly grated Parmesan cheese, optional $ ",Salad $ Garlic $ Leafy Green $ Olive $ Oscars $ Lunch $ Parmesan $ Fall $ Winter $ Lettuce $ Vegetarian $ Pescatarian $ Peanut Free $ Tree Nut Free $ Soy Free $ Kosher $ ,American $ ,4/4,15,Salad $ Garlic $ Leafy Green $ Olive $ Oscars $ Lunch $ Parmesan $ Fall $ Winter $ Lettuce $ Vegetarian $ Pescatarian $ Peanut Free $ Tree Nut Free $ Soy Free $ Kosher $ American $ 
https://www.epicurious.com/recipes/food/views/oven-dried-tomatoes-234060,Oven-Dried Tomatoes ,"About 12 medium Roma tomatoes (2 pounds) $ 1/2 cup extra-virgin olive oil, plus additional as needed $ 1 teaspoon minced fresh thyme leaves $ 6 garlic cloves, crushed $ 1/2 teaspoon kosher salt $ 1/4 teaspoon freshly ground black pepper $ 1/2 teaspoon sugar $ ",Garlic $ Tomato $ Roast $ Quick & Easy $ Fall $ Winter $ Thyme $ ,American $ ,2/4,1,Garlic $ Tomato $ Roast $ Quick & Easy $ Fall $ Winter $ Thyme $ American $ 
https://www.epicurious.com/recipes/food/views/caesar-vinaigrette-234061,Caesar Vinaigrette ,"1 egg $ 3 tablespoons fresh lemon juice $ 1 tablespoon minced garlic $ 1/2 teaspoon Worcestershire sauce $ 1/4 teaspoon red pepper flakes $ 1 tablespoon Dijon mustard $ 2 anchovy fillets, mashed $ Scant cup peanut oil $ 1/4 cup freshly grated Parmesan cheese $ Kosher salt and freshly ground black pepper $ freshly ground black pepper $ ",Cheese $ Citrus $ Mustard $ Quick & Easy $ Salad Dressing $ Parmesan $ Fall $ Winter $ ,American $ ,4/4,60,Cheese $ Citrus $ Mustard $ Quick & Easy $ Salad Dressing $ Parmesan $ Fall $ Winter $ American $ 
https://www.epicurious.com/recipes/food/views/mushroom-strudel-234217,Mushroom Strudel ,"2 lbs. mushrooms $ 1/4 cup minced shallots or green onions $ 6 tbsp butter $ 2 tbsp oil $ Salt and pepper $ 2 8-oz packages cream cheese $ 8 sheets frozen strudel or filo dough, 16 inches x 22 inches $ 3/4 cup melted butter $ Bread crumbs $ ",Cheese $ Mushroom $ Appetizer $ Side $ Bake $ Christmas $ Cocktail Party $ Easter $ Thanksgiving $ Quick & Easy $ Cream Cheese $ Birthday $ Shallot $ Phyllo/Puff Pastry Dough $ Vegetarian $ Pescatarian $ Peanut Free $ Tree Nut Free $ Soy Free $ Kosher $ ,American $ ,3.5/4,11,Cheese $ Mushroom $ Appetizer $ Side $ Bake $ Christmas $ Cocktail Party $ Easter $ Thanksgiving $ Quick & Easy $ Cream Cheese $ Birthday $ Shallot $ Phyllo/Puff Pastry Dough $ Vegetarian $ Pescatarian $ Peanut Free $ Tree Nut Free $ Soy Free $ Kosher $ American $ 
https://www.epicurious.com/recipes/food/views/coconut-angel-food-cake-236927,Coconut Angel Food Cake ,"1 1/4 cups egg whites (from about 9 large eggs), at room temperature $ 1/4 teaspoon salt $ 1 teaspoon cream of tartar $ 1 cup superfine sugar $ 2 teaspoons pure vanilla extract $ 2 teaspoons fresh lemon juice $ 1 cup sifted cake flour $ 1/3 cup dry unsweetened shredded coconut $ 1/3 cup fresh coconut shavings $ 1 bag (12 ounces) cranberries, fresh or frozen and thawed $ 2/3 cup granulated sugar $ 1 tablespoon grated orange zest $ 2/3 cup fresh orange juice $ 2 tablespoons orange-flavored liqueur $ 1/2 teaspoon cinnamon $ ",Cake $ Mixer $ Berry $ Citrus $ Egg $ Fruit $ Dessert $ Bake $ Christmas $ Low Fat $ Vegetarian $ Winter $ Chill $ Healthy $ Self $ Kidney Friendly $ Pescatarian $ Dairy Free $ Peanut Free $ Tree Nut Free $ Soy Free $ Kosher $ ,American $ ,2/4,2,Cake $ Mixer $ Berry $ Citrus $ Egg $ Fruit $ Dessert $ Bake $ Christmas $ Low Fat $ Vegetarian $ Winter $ Chill $ Healthy $ Self $ Kidney Friendly $ Pescatarian $ Dairy Free $ Peanut Free $ Tree Nut Free $ Soy Free $ Kosher $ American $ 
https://www.epicurious.com/recipes/food/views/porterfield-pumpkin-bundt-with-snow-white-glaze-240344,Porterfield Pumpkin Bundt with Snow White Glaze ,"3 1/3 cups sifted all-purpose flour $ 1 1/2 teaspoons baking powder $ 1/4 teaspoon baking soda $ 3/4 teaspoon salt $ 2 teaspoons ground cinnamon $ 1 1/2 teaspoons ground nutmeg $ 3/4 teaspoon ground ginger $ 1/2 teaspoon ground allspice or mace $ 1/8 teaspoon ground cloves $ 1 1/2 cups granulated sugar $ 1 1/4 cups dark brown sugar, packed $ 1 cup canola or light olive oil $ 5 large eggs, at room temperature $ 2 cups canned unsweetened pumpkin $ 2/3 cup orange juice or milk (or buttermilk if using) $ 1 1/2 cups sifted confectioners' sugar $ 2 tablespoons honey $ Scant pinch of salt $ 2 to 3 drops fresh lemon juice $ 1/4 teaspoon vanilla extract $ 2 to 3 tablespoons milk or cream, or as needed $ Garnish: 1/4 cups chopped walnuts, optional $ Pan Preparation: Generously coat the pan with butter-flavor nonstick vegetable spray or solid shortening, dust with flour, and tap out the excess flour. $ A 9 1/2- to 10-inch (10- to 12-cup) Bundt or plain tube pan; baking parchment, wax paper, or aluminum foil; sifter; foil-covered 10-inch cardboard cake disk or flat plate; wooden skewer or cake tester $ ",Cake $ Milk/Cream $ Dairy $ Egg $ Vegetable $ Dessert $ Bake $ Squash $ Pumpkin $ Fall $ Winter $ Kidney Friendly $ Vegetarian $ Pescatarian $ Peanut Free $ Soy Free $ Kosher $ ,American $ ,3.5/4,29,Cake $ Milk/Cream $ Dairy $ Egg $ Vegetable $ Dessert $ Bake $ Squash $ Pumpkin $ Fall $ Winter $ Kidney Friendly $ Vegetarian $ Pescatarian $ Peanut Free $ Soy Free $ Kosher $ American $ 
https://www.epicurious.com/recipes/food/views/daredevils-food-cake-with-mocha-buttercream-icing-240347,Daredevil's Food Cake with Mocha Buttercream Icing ,"2 1/4 cups sifted all-purpose flour $ 1 1/4 teaspoons baking soda $ 1/4 teaspoon salt $ 1/2 cup sifted natural cocoa, such as Hershey's regular $ 8 tablespoons (1 stick) unsalted butter, at room temperature $ 1 1/2 cups granulated sugar $ 1 teaspoon vanilla extract $ 2 large eggs, at room temperature $ 1 1/2 cups buttermilk $ 8 tablespoons (1 stick) unsalted butter, at room temperature $ 6 cups sifted confectioners' sugar, or more as needed $ 1/3 cup sifted unsweetened natural cocoa, such as Hershey's regular $ 5 to 6 tablespoons extra-strength coffee or espresso (or 1 tablespoon instant coffee powder dissolved in 1/2 cup hot water) $ 1 teaspoon vanilla extract $ Pan Preparation: Generously coat the pan(s) with solid shortening, line with baking parchment or wax paper (for a tube or Bundt pan, cut a paper or foil ring), grease the liner, and dust with sifted cocoa; tap out the excess cocoa. $ Two 8 by 1 1/2-inch round cake pans or 9- to 9 1/2-inch (6 1/2 to 8-cup) tube or Bundt pan; baking parchment, wax paper, or foil; 1 or 2 foil-covered 8- or 9- or 10-inch cardboard cake disks or flat plates; wooden skewer or cake tester. $ ",Cake $ Coffee $ Chocolate $ Egg $ Dessert $ Bake $ Kid-Friendly $ Fall $ Winter $ Birthday $ Vegetarian $ Pescatarian $ Peanut Free $ Tree Nut Free $ Soy Free $ Kosher $ ,American $ ,2.5/4,14,Cake $ Coffee $ Chocolate $ Egg $ Dessert $ Bake $ Kid-Friendly $ Fall $ Winter $ Birthday $ Vegetarian $ Pescatarian $ Peanut Free $ Tree Nut Free $ Soy Free $ Kosher $ American $ 
https://www.epicurious.com/recipes/food/views/trout-dale-oatmeal-raisin-cookies-240345,Trout Dale Oatmeal-Raisin Cookies ,"1 1/2 cups all-purpose flour $ 1/2 teaspoon baking soda $ 1 teaspoon salt $ 1/2 teaspoon ground cinnamon $ 1/2 pound (2 sticks) unsalted butter, at room temperature $ 1 cup granulated sugar $ 1/2 cup dark brown sugar, packed $ 2 large eggs at room temperature $ 1 teaspoon vanilla extract $ 3 cups old-fashioned rolled oats $ 1 cup (6 ounces) raisins $ Pan Preparation: Line the cookie sheets with baking parchment or nonstick mats or coat with butter or nonstick vegetable spray. $ Cookie sheets (not insulated); baking parchment or Silpat or other nonstick baking mats (optional); flat paddle aattachment for electric mixer (optional) $ ",Cookies $ Mixer $ Dessert $ Bake $ Kid-Friendly $ Raisin $ Oat $ Fall $ Winter $ Kidney Friendly $ Vegetarian $ Pescatarian $ Peanut Free $ Tree Nut Free $ Soy Free $ Kosher $ ,American $ ,3.5/4,16,Cookies $ Mixer $ Dessert $ Bake $ Kid-Friendly $ Raisin $ Oat $ Fall $ Winter $ Kidney Friendly $ Vegetarian $ Pescatarian $ Peanut Free $ Tree Nut Free $ Soy Free $ Kosher $ American $ 
https://www.epicurious.com/recipes/food/views/cranberry-pecan-streusel-muffins-240343,Cranberry Pecan Streusel Muffins ,"2 tablespoons all-purpose flour $ 2 tablespoons granulated sugar $ Pinch of salt $ 1/4 teaspoon ground cinnamon $ 1 tablespoon unsalted butter, cut up $ 1/4 cup (1 ounce) pecans or walnuts, finely chopped $ 1/2 cup granulated sugar $ 1 cup cranberries, coarsely chopped $ 1/2 cup (2 ounces) pecans or walnuts, chopped $ 1 teaspoon grated orange zest $ 1 teaspoon orange extract $ 1 large egg at room temperature $ 1 cup plain or orange yogurt, top liquid poured off $ 4 tablespoons (1/4 cup) unsalted butter, melted, or canola oil $ 2 tablespoons wheat germ $ 1 1/2 cups unsifted all-purpose flour $ 2 teaspoons baking powder $ 1/2 teaspoon baking soda, if using $ 1/2 teaspoon salt $ 1/2 teaspoon cinnamon $ Pan Preparation: Coat the muffin cups with nonstick vegetable spray (then wipe the top of the pan with a paper towel) or coat with solid shortening. $ 2 1/2-inch muffin cups; sifter; wooden skewer or cake tester $ ",Bread $ Berry $ Dairy $ Fruit $ Nut $ Breakfast $ Brunch $ Bake $ Yogurt $ Cranberry $ Tree Nut $ Almond $ Pecan $ Walnut $ Kidney Friendly $ Vegetarian $ Pescatarian $ Peanut Free $ Soy Free $ Kosher $ ,American $ ,3/4,16,Bread $ Berry $ Dairy $ Fruit $ Nut $ Breakfast $ Brunch $ Bake $ Yogurt $ Cranberry $ Tree Nut $ Almond $ Pecan $ Walnut $ Kidney Friendly $ Vegetarian $ Pescatarian $ Peanut Free $ Soy Free $ Kosher $ American $ 
https://www.epicurious.com/recipes/food/views/apricot-almond-gift-bread-240346,Apricot-Almond Gift Bread ,"2 cups all-purpose flour $ 1 1/2 teaspoons baking powder $ 1/2 teaspoon baking soda $ 1/2 teaspoon salt $ 1 cup granulated sugar $ 3 tablespoons wheat germ $ 1 cup dried apricots (moist-style) $ 1/2 cup (2 1/2 ounces) blanched almonds $ 1/3 cup canola or light olive oil $ 1 large egg, at room temperature $ 3/4 cup apricot nectar or buttermilk $ 1 teaspoon almond extract $ 1 teaspoon vanilla extract $ 2/3 cup sifted confectioners' sugar $ 2 to 3 tablespoons milk, water, or fruit juice (or as needed) $ Pan Preparation: Butter the pan(s) or spray with butter-flavor nonstick vegetable spray and dust with flour. Tap out the excess flour. $ 9- by 5- by 3-inch loaf pan or three 5 3/4- by 3 1/4- by 2-inch baby loaf pans; food processor and kitchen shears or cutting board and knife; wooden skewer or cake tester. $ ",Bread $ Food Processor $ Breakfast $ Brunch $ Dessert $ Bake $ Dried Fruit $ Almond $ Fall $ Winter $ Edible Gift $ Kidney Friendly $ Vegetarian $ Pescatarian $ Peanut Free $ Soy Free $ Kosher $ ,American $ ,0/4,1,Bread $ Food Processor $ Breakfast $ Brunch $ Dessert $ Bake $ Dried Fruit $ Almond $ Fall $ Winter $ Edible Gift $ Kidney Friendly $ Vegetarian $ Pescatarian $ Peanut Free $ Soy Free $ Kosher $ American $ 
https://www.epicurious.com/recipes/food/views/beef-and-bacon-meatloaf-351032,Beef and Bacon Meatloaf ,"1 12-ounce red onion, coarsely diced $ 3 large garlic cloves, peeled $ 1 1/4 pounds ground beef (10% fat) $ 1/2 cup ketchup, divided $ 2 large eggs $ 1 teaspoon salt $ 1 teaspoon ground black pepper $ 7 slices thick-cut bacon, 5 coarsely chopped, 2 halved crosswise $ 4 slices white sandwich bread, torn into pieces $ 3 tablespoons chopped fresh parsley $ ",Food Processor $ Kid-Friendly $ Low Cal $ Dinner $ Ground Beef $ Bacon $ Family Reunion $ Bon Appétit $ Dairy Free $ Peanut Free $ Tree Nut Free $ Soy Free $ ,American $ ,3/4,24,Food Processor $ Kid-Friendly $ Low Cal $ Dinner $ Ground Beef $ Bacon $ Family Reunion $ Bon Appétit $ Dairy Free $ Peanut Free $ Tree Nut Free $ Soy Free $ American $ 
https://www.epicurious.com/recipes/food/views/vegetarian-black-bean-chili-with-orange-and-cumin-351017,Vegetarian Black Bean Chili with Orange and Cumin ,"2 oranges $ 2 tablespoons olive oil $ 2 cups chopped onions $ 4 garlic cloves, pressed $ 4 teaspoons chili powder $ 4 teaspoons ground cumin $ 2 teaspoons ground cinnamon $ 3 15.5-ounce cans seasoned black beans, drained $ 2 14.5-ounce cans diced tomatoes in juice $ Hot pepper sauce $ Sour cream or plain yogurt $ Chopped fresh cilantro $ ",Soup/Stew $ Bean $ Sauté $ Low Fat $ Vegetarian $ Quick & Easy $ Low Cal $ High Fiber $ Dinner $ Lunch $ Orange $ Family Reunion $ Low Cholesterol $ Potluck $ Bon Appétit $ ,American $ ,3.5/4,82,Soup/Stew $ Bean $ Sauté $ Low Fat $ Vegetarian $ Quick & Easy $ Low Cal $ High Fiber $ Dinner $ Lunch $ Orange $ Family Reunion $ Low Cholesterol $ Potluck $ Bon Appétit $ American $ 
https://www.epicurious.com/recipes/food/views/bacon-swiss-burgers-with-tomato-and-avocado-350990,Bacon Swiss Burgers with Tomato and Avocado ,"8 slices bacon $ 1 pound ground beef chuck or sirloin $ 1 teaspoon Worcestershire sauce $ 1 or 2 dashes Tabasco sauce $ 1/4 teaspoon dried thyme leaves $ Salt and freshly ground black pepper, to taste $ Vegetable oil, for grilling $ 4 slices Swiss cheese $ 4 hamburger buns, toasted, for serving $ Thinly sliced ripe tomato, for garnish $ Thinly sliced red onion, for garnish $ Sliced ripe avocado, for garnish $ Boston lettuce leaves, for garnish $ ",Beef $ Tomato $ Kid-Friendly $ Quick & Easy $ Backyard BBQ $ Dinner $ Lunch $ Ground Beef $ Bacon $ Avocado $ Grill $ Grill/Barbecue $ Swiss Cheese $ Sugar Conscious $ Peanut Free $ Tree Nut Free $ Soy Free $ No Sugar Added $ ,American $ ,3/4,12,Beef $ Tomato $ Kid-Friendly $ Quick & Easy $ Backyard BBQ $ Dinner $ Lunch $ Ground Beef $ Bacon $ Avocado $ Grill $ Grill/Barbecue $ Swiss Cheese $ Sugar Conscious $ Peanut Free $ Tree Nut Free $ Soy Free $ No Sugar Added $ American $ 
https://www.epicurious.com/recipes/food/views/cornbread-stuffing-muffins-with-ham-and-sage-240385,Cornbread Stuffing Muffins with Ham and Sage ,"10 cups 1/2-inch cubes Cornbread for Dressing $ 4 cups 1/2-inch cubes crustless firm white sandwich bread (from 6 to 7 slices) $ 1/2 cup (1 stick) butter $ 2 cups thinly sliced leeks (white and pale green parts only; about 3) $ 2 cups chopped celery $ 1 1/4 cups finely chopped smoked ham (about 7 ounces) $ 1/4 cup chopped fresh parsley $ 4 teaspoons chopped fresh thyme $ 4 teaspoons dried rubbed sage $ 1 teaspoon coarse kosher salt $ 1 teaspoon freshly ground black pepper $ 4 large eggs, beaten to blend $ 2 cups low-salt chicken broth $ ",Bread $ Side $ Bake $ Thanksgiving $ High Fiber $ Stuffing/Dressing $ Ham $ Corn $ Sage $ Bon Appétit $ Sugar Conscious $ Peanut Free $ Tree Nut Free $ Soy Free $ ,American $ ,3.5/4,12,Bread $ Side $ Bake $ Thanksgiving $ High Fiber $ Stuffing/Dressing $ Ham $ Corn $ Sage $ Bon Appétit $ Sugar Conscious $ Peanut Free $ Tree Nut Free $ Soy Free $ American $ 
https://www.epicurious.com/recipes/food/views/country-harvest-stuffing-350870,Country Harvest Stuffing ,"4 cups each 1-inch cubed French bread and prepared cornbread $ 4 tablespoons olive oil $ 1 tablespoon dried thyme $ 1 pound well-spiced turkey or sweet Italian pork sausage, bulk or links (casings removed), broken into clumps $ 1 cup chopped red onions $ 1 cup chopped celery $ 1 tablespoon finely minced garlic $ 2 teaspoons dried sage leaves, crumbled $ 3/4 cup dried cranberries $ 3/4 cup chopped pecans $ 1/2 cup pitted prunes, quartered $ 1 cup defatted chicken broth $ ",Side $ Thanksgiving $ Dinner $ Dried Fruit $ Sausage $ Pecan $ Potluck $ Parade $ Peanut Free $ Soy Free $ ,American $ ,3/4,4,Side $ Thanksgiving $ Dinner $ Dried Fruit $ Sausage $ Pecan $ Potluck $ Parade $ Peanut Free $ Soy Free $ American $ 
https://www.epicurious.com/recipes/food/views/ginger-cranberry-sauce-350852,Ginger Cranberry Sauce ,"16 ounces fresh cranberries, picked over and rinsed $ 2 cups granulated sugar $ 1/2 cup water $ 1/2 cup fresh orange juice $ 1 tablespoon finely chopped ginger $ Finely grated zest from 1 orange $ ",Sauce $ Ginger $ Thanksgiving $ Quick & Easy $ Cranberry $ Christmas Eve $ Parade $ ,American $ ,3.5/4,18,Sauce $ Ginger $ Thanksgiving $ Quick & Easy $ Cranberry $ Christmas Eve $ Parade $ American $ 
https://www.epicurious.com/recipes/food/views/mashed-candied-sweets-350869,Mashed Candied Sweets ,"5 sweet potatoes (about 8 ounces each), $ peeled $ 3/4 cup fresh orange juice $ (from 1 or 2 oranges) $ 1/2 cup pure maple syrup $ 3 tablespoons unsalted butter $ 1 1/2teaspoons ground ginger $ Salt, to taste $ Miniature marshmallows, optional $ 5 sweet potatoes (about 8 ounces each), peeled $ 3/4 cup fresh orange juice (from 1 or 2 oranges) $ 1/2 cup pure maple syrup $ 3 tablespoons unsalted butter $ 1 1/2 teaspoons ground ginger $ Salt, to taste $ Miniature marshmallows, optional $ ",Side $ Christmas $ Thanksgiving $ Orange $ Sweet Potato/Yam $ Christmas Eve $ Maple Syrup $ Boil $ Parade $ Wheat/Gluten-Free $ Peanut Free $ Tree Nut Free $ Soy Free $ ,American $ ,2/4,2,Side $ Christmas $ Thanksgiving $ Orange $ Sweet Potato/Yam $ Christmas Eve $ Maple Syrup $ Boil $ Parade $ Wheat/Gluten-Free $ Peanut Free $ Tree Nut Free $ Soy Free $ American $ 
https://www.epicurious.com/recipes/food/views/giggle-juice-350703,Giggle Juice ,"2 bottles dry white wine, such as Sauvignon Blanc, chilled $ 5 cups lemon-lime soda, chilled $ 2 cups white grape juice, chilled $ 6 limes, thinly sliced crosswise $ ",Alcoholic $ Cocktail Party $ Quick & Easy $ New Year's Eve $ Lime $ White Wine $ Fall $ Winter $ Grape $ Drink $ ,American $ ,3.5/4,2,Alcoholic $ Cocktail Party $ Quick & Easy $ New Year's Eve $ Lime $ White Wine $ Fall $ Winter $ Grape $ Drink $ American $ 
https://www.epicurious.com/recipes/food/views/grilled-steak-sandwiches-with-marinated-watercress-onion-and-tomato-salad-242965,"Grilled Steak Sandwiches with Marinated Watercress, Onion, and Tomato Salad ","1/2 cup olive oil $ 6 tablespoons white balsamic vinegar $ 1 3/4 teaspoons dry mustard, divided $ 1 tablespoon dark brown sugar $ 1 2-pound well-trimmed tri-tip beef roast $ 4 large plum tomatoes, very thinly sliced $ 1 bunch watercress, stems trimmed $ 1/2 white onion, very thinly sliced $ 6 5-inch pieces French baguette, cut horizontally almost in half, opened flat $ ",Sandwich $ Beef $ Onion $ Tomato $ Marinate $ Super Bowl $ Dinner $ Lunch $ Fall $ Summer $ Winter $ Tailgating $ Family Reunion $ Grill $ Grill/Barbecue $ Party $ Watercress $ Bon Appétit $ Dairy Free $ Peanut Free $ Tree Nut Free $ Soy Free $ ,American $ ,4/4,12,Sandwich $ Beef $ Onion $ Tomato $ Marinate $ Super Bowl $ Dinner $ Lunch $ Fall $ Summer $ Winter $ Tailgating $ Family Reunion $ Grill $ Grill/Barbecue $ Party $ Watercress $ Bon Appétit $ Dairy Free $ Peanut Free $ Tree Nut Free $ Soy Free $ American $ 
https://www.epicurious.com/recipes/food/views/sour-cream-tart-with-santa-rosa-plum-compote-242998,Sour Cream Tart with Santa Rosa Plum Compote ,"3/4 cup unbleached all purpose flour $ 3/4 cup assorted nuts (such as walnuts, almonds, and hazelnuts), toasted, cooled $ 1/4 cup sugar $ 3/4 teaspoon salt $ 6 tablespoons (3/4 stick) chilled unsalted butter, diced $ 1 large egg yolk $ 2 teaspoons water $ 1/4 teaspoon unflavored gelatin $ 3 large egg yolks $ 1/4 cup sugar $ 1 1/2 tablespoons cornstarch $ 1 cup whole milk $ 1/2 vanilla bean, split lengthwise $ 1/2 cup sour cream $ Santa Rosa Plum Compote $ ",Food Processor $ Dessert $ Bake $ Picnic $ Kid-Friendly $ Plum $ Summer $ Anniversary $ Birthday $ Family Reunion $ Shower $ Chill $ Engagement Party $ Party $ Potluck $ Sour Cream $ Bon Appétit $ Kidney Friendly $ Soy Free $ ,American $ ,3.5/4,3,Food Processor $ Dessert $ Bake $ Picnic $ Kid-Friendly $ Plum $ Summer $ Anniversary $ Birthday $ Family Reunion $ Shower $ Chill $ Engagement Party $ Party $ Potluck $ Sour Cream $ Bon Appétit $ Kidney Friendly $ Soy Free $ American $ 
https://www.epicurious.com/recipes/food/views/zucchini-poppers-with-sour-cream-dip-350663,Zucchini Poppers with Sour Cream Dip ,"2 cups sour cream $ ¼ cup fresh flat-leaf parsley, coarsely chopped $ 1 teaspoon sugar $ 2 tablespoons freshly squeezed lime juice (from 1 lime) $ ½ teaspoon kosher salt $ 1/4 teaspoon freshly ground black pepper $ 3 medium zucchini $ 1 large egg plus 1 large egg yolk, lightly whisked $ 2/3 cup all-purpose flour $ 2 ounces Parmesan cheese, finely grated (about ½ cup) $ 20 fresh large sage leaves, finely chopped $ 1 clove garlic, finely chopped $ About 1 1/4 cups vegetable oil $ ",Food Processor $ Appetizer $ Fry $ Cocktail Party $ Quick & Easy $ New Year's Eve $ Zucchini $ Sour Cream $ Sugar Conscious $ Kidney Friendly $ Vegetarian $ Pescatarian $ Peanut Free $ Tree Nut Free $ Soy Free $ Kosher $ ,American $ ,3/4,9,Food Processor $ Appetizer $ Fry $ Cocktail Party $ Quick & Easy $ New Year's Eve $ Zucchini $ Sour Cream $ Sugar Conscious $ Kidney Friendly $ Vegetarian $ Pescatarian $ Peanut Free $ Tree Nut Free $ Soy Free $ Kosher $ American $ 
https://www.epicurious.com/recipes/food/views/white-bean-sun-dried-tomato-and-feta-bites-350622,"White Bean, Sun-dried Tomato, and Feta Bites ","6 tablespoons extra-virgin olive oil $ 1 (8.5-ounce) jar sun-dried tomatoes in oil, 2 tablespoons oil reserved and tomatoes chopped $ 1/3 cup pine nuts $ 2 cloves garlic, finely chopped $ 2 teaspoons fresh thyme, chopped (from about 10 sprigs) $ 1/2 teaspoon red pepper flakes $ 1 ½ (15-ounce) cans white beans, drained and rinsed $ ¼ cup fresh lemon juice (from 1 ½ lemons) $ ½ cup fresh basil, coarsely chopped and loosely packed $ 1 ounce Parmesan cheese, finely grated (about ¼ cup) $ 3 ½ ounces Feta cheese, crumbled (about ½ cup) $ 10 slices white sandwich bread, each slice cut into 4 squares $ ¼ teaspoon kosher salt $ 1/8 teaspoon freshly ground black pepper $ ",Bean $ Cheese $ Tomato $ Appetizer $ Bake $ Cocktail Party $ Quick & Easy $ New Year's Eve $ Feta $ Fall $ Winter $ Sugar Conscious $ Kidney Friendly $ Vegetarian $ Pescatarian $ Peanut Free $ Soy Free $ Kosher $ ,American $ ,3.5/4,23,Bean $ Cheese $ Tomato $ Appetizer $ Bake $ Cocktail Party $ Quick & Easy $ New Year's Eve $ Feta $ Fall $ Winter $ Sugar Conscious $ Kidney Friendly $ Vegetarian $ Pescatarian $ Peanut Free $ Soy Free $ Kosher $ American $ 
https://www.epicurious.com/recipes/food/views/blue-cheese-with-rosemary-honey-on-crackers-350621,Blue Cheese with Rosemary Honey on Crackers ,"1 cup mild honey such as alfalfa or clover $ 3 sprigs fresh rosemary $ 1/8 teaspoon kosher salt $ 1 (10-ounce) block blue cheese, frozen $ 40 crackers $ 3 scallions (white and light green parts), thinly sliced on diagonal $ ",Cheese $ Dairy $ Appetizer $ Cocktail Party $ Quick & Easy $ New Year's Eve $ Blue Cheese $ Rosemary $ Winter $ Honey $ Kidney Friendly $ Vegetarian $ Pescatarian $ Peanut Free $ Tree Nut Free $ Soy Free $ Kosher $ ,American $ ,3.5/4,23,Cheese $ Dairy $ Appetizer $ Cocktail Party $ Quick & Easy $ New Year's Eve $ Blue Cheese $ Rosemary $ Winter $ Honey $ Kidney Friendly $ Vegetarian $ Pescatarian $ Peanut Free $ Tree Nut Free $ Soy Free $ Kosher $ American $ 
https://www.epicurious.com/recipes/food/views/skillet-corn-bread-350595,Skillet Corn Bread ,1 1/2 cups yellow cornmeal (preferably stone-ground) $ 1 tablespoon sugar $ 3/4 teaspoon baking soda $ 1/2 teaspoon salt $ 2 large eggs $ 1 3/4 cups well-shaken buttermilk (do not use powdered) $ 1/2 stick unsalted butter $ Equipment: a well-seasoned 10-inch cast-iron skillet $ ,Bread $ Side $ Bake $ Thanksgiving $ Kid-Friendly $ Quick & Easy $ Dinner $ Cornmeal $ Fall $ Family Reunion $ Potluck $ Gourmet $ Kidney Friendly $ Vegetarian $ Pescatarian $ Wheat/Gluten-Free $ Peanut Free $ Tree Nut Free $ Soy Free $ Kosher $ ,American $ ,3.5/4,18,Bread $ Side $ Bake $ Thanksgiving $ Kid-Friendly $ Quick & Easy $ Dinner $ Cornmeal $ Fall $ Family Reunion $ Potluck $ Gourmet $ Kidney Friendly $ Vegetarian $ Pescatarian $ Wheat/Gluten-Free $ Peanut Free $ Tree Nut Free $ Soy Free $ Kosher $ American $ 
https://www.epicurious.com/recipes/food/views/shrimp-boil-with-spicy-horseradish-sauce-243174,Shrimp Boil With Spicy Horseradish Sauce ,"1 lemon, quartered $ 5 tablespoons Creole or Cajun seasoning $ 2 1/2 teaspoons cayenne, divided $ 2 Turkish bay leaves or 1 California $ 4 garlic cloves $ 8 small boiling potatoes (about 2 inches) $ 4 ears of corn, shucked and halved $ 1 1/2 pounds large shrimp in shell $ 1/3 cup ketchup $ 1/3 cup mayonnaise $ 1 1/2 tablespoons bottled horseradish $ ",Potato $ Shellfish $ Fourth of July $ Picnic $ Quick & Easy $ Dinner $ Seafood $ Shrimp $ Corn $ Root Vegetable $ Summer $ Family Reunion $ Party $ Potluck $ Boil $ Gourmet $ Pescatarian $ Dairy Free $ Wheat/Gluten-Free $ Peanut Free $ Tree Nut Free $ Soy Free $ ,American $ Cajun/Creole $ ,3.5/4,29,Potato $ Shellfish $ Fourth of July $ Picnic $ Quick & Easy $ Dinner $ Seafood $ Shrimp $ Corn $ Root Vegetable $ Summer $ Family Reunion $ Party $ Potluck $ Boil $ Gourmet $ Pescatarian $ Dairy Free $ Wheat/Gluten-Free $ Peanut Free $ Tree Nut Free $ Soy Free $ American $ Cajun/Creole $ 
https://www.epicurious.com/recipes/food/views/neo-classical-thanksgiving-dressing-with-apricots-and-prunes-stuffed-in-a-whole-pumpkin-231053,"Neo-Classical Thanksgiving Dressing with Apricots and Prunes, Stuffed in a Whole Pumpkin ","1 cup dried apricots $ 1 cup dried pitted prunes $ 1 cup apple juice $ 1 loaf good-quality commercially made presliced whole wheat bread $ 1 large onion, diced $ 1 to 2 stalks leafy celery, diced (leaves included) $ 1 1/2 teaspoons to 1 tablespoon dried leaf (not ground) sage $ 1/4 cup butter, melted $ Vegetable stock (see tip, below) as needed $ Tamari or shoyu soy sauce to taste $ A small amount of dried leaf basil and oregano to taste (optional) $ Salt and freshly ground black pepper to taste $ Cooking spray (optional) $ 1 medium-large pumpkin, preferably one of the buff-colored pumpkins, prepared as follows: $ ",Vegetable $ Side $ Bake $ Thanksgiving $ Vegetarian $ Dinner $ Stuffing/Dressing $ Prune $ Pumpkin $ Pescatarian $ Peanut Free $ Tree Nut Free $ Kosher $ ,American $ ,3.5/4,11,Vegetable $ Side $ Bake $ Thanksgiving $ Vegetarian $ Dinner $ Stuffing/Dressing $ Prune $ Pumpkin $ Pescatarian $ Peanut Free $ Tree Nut Free $ Kosher $ American $ 
https://www.epicurious.com/recipes/food/views/lentil-croquettes-231050,Lentil Croquettes ,"1 1/4 cups lentils $ 3 3/4 cups water, preferably spring or filtered $ 2 bay leaves $ 1/2 cup uncooked oatmeal $ 3 cloves garlic, peeled and quartered $ 1 large egg $ 2 tablespoons cornstarch $ 1 teaspoon dried basil $ 1/4 teaspoon Tabasco or similar hot sauce $ Salt and freshly ground black pepper to taste $ 1 cup crisp, fine breadcrumbs $ 1/2 cup crushed Nutri-Grain or other no-sugar-added corn- or wheat flakes $ 1/4 cup unbleached all-purpose flour $ 1 tablespoon nutritional yeast (see tip, below) $ 1 teaspoon paprika $ 1/2 teaspoon dried leaf sage, crumbled $ Salt and plenty of freshly ground black pepper $ 1/2 teaspoon dried thyme $ 1 1/2 teaspoons olive oil $ 1 large egg (optional) $ Cooking spray or olive oil spray $ ",Bake $ Thanksgiving $ Vegetarian $ Lentil $ Fall $ ,American $ ,3/4,6,Bake $ Thanksgiving $ Vegetarian $ Lentil $ Fall $ American $ 
https://www.epicurious.com/recipes/food/views/roasted-turkey-breast-with-corn-bread-sage-stuffing-and-brandy-gravy-233096,Roasted Turkey Breast with Corn Bread-Sage Stuffing and Brandy Gravy ,"2 tablespoons unsalted butter $ 1 small red onion, finely chopped $ 2 stalks celery, finely chopped $ 1 garlic clove, minced $ 1/4 teaspoon freshly grated nutmeg $ 1/4 teaspoon freshly ground black pepper $ 1 bay leaf $ 2 tablespoons finely chopped fresh sage $ 1/2 cup chicken stock $ 4 cups stale corn bread, crumbled into large pieces $ 2 large eggs, beaten $ One 3 1/2- to 4-pound bone-in turkey breast, halved at the breast bone (see Tips, below) $ 1 1/2 tablespoons olive oil $ One 1 1/2-ounce container veal or chicken demi-glace $ 1 tablespoon brandy $ 1 tablespoon unsalted butter $ 1/2 cup heavy cream $ ",turkey $ Roast $ Thanksgiving $ Quick & Easy $ Cornmeal $ Brandy $ Sage $ ,American $ ,3.5/4,23,turkey $ Roast $ Thanksgiving $ Quick & Easy $ Cornmeal $ Brandy $ Sage $ American $ 
https://www.epicurious.com/recipes/food/views/corn-bread-dressing-with-pecans-and-bacon-350517,Corn Bread Dressing with Pecans and Bacon ,"12 cups (3 quarts) 3/4- to 1-inch chunks stale, dry corn bread (use your favorite recipe; see headnote) $ 6 slices stale, dry firm-textured white bread, cut into 1/2- inch cubes (see headnote) $ 2 cups coarsely chopped toasted pecans (see Note above) $ 1/2 cup coarsely chopped parsley $ 1 pound hickory-smoked bacon, each slice cut crosswise into strips 1/2 inch wide $ 1 cup (2 sticks) butter, melted, or 1 cup bacon drippings or vegetable oil $ 2 very large yellow onions, coarsely chopped $ 4 large celery ribs, trimmed and coarsely chopped (include a few leaves) $ 1 tablespoon rubbed sage $ 1 1/2 teaspoons dried leaf thyme, crumbled $ 6 cups chicken broth or stock $ 3 extra-large eggs, well beaten $ 1 teaspoon salt $ 1/2 teaspoon black pepper $ ",Side $ Bake $ Thanksgiving $ Dinner $ Stuffing/Dressing $ Bacon $ Pecan $ Corn $ Fall $ Family Reunion $ Potluck $ Peanut Free $ Soy Free $ ,American $ Southern $ ,3.5/4,15,Side $ Bake $ Thanksgiving $ Dinner $ Stuffing/Dressing $ Bacon $ Pecan $ Corn $ Fall $ Family Reunion $ Potluck $ Peanut Free $ Soy Free $ American $ Southern $ 
https://www.epicurious.com/recipes/food/views/sausage-stuffed-potatoes-with-green-salad-243538,Sausage Stuffed Potatoes with Green Salad ,"2 large russet (baking) potatoes (preferably organic; 3/4 pound each, scrubbed $ 3 tablespoons mayonnaise $ 1 tablespoon plus 1/2 teaspoon water, divided $ 3/4 teaspoon tomato paste $ 1/2 teaspoon anchovy paste $ 2 tablespoons Dijon mustard, divided $ 1/2 medium onion, finely chopped $ 1 tablespoon olive oil plus additional for coating potatoes $ 1/2 slice firm white sandwich bread $ 1 tablespoon milk $ 1/2 pound bulk breakfast sausage (1 cup) $ 1 tablespoon chopped parsley $ 1/2 teaspoon fresh lemon juice $ 5 cups salad greens (2 ounces) $ ",Potato $ Bake $ Sausage $ Winter $ Lettuce $ Gourmet $ ,American $ ,2.5/4,7,Potato $ Bake $ Sausage $ Winter $ Lettuce $ Gourmet $ American $ 
https://www.epicurious.com/recipes/food/views/butternut-squash-soup-with-chestnuts-243605,Butternut Squash Soup with Chestnuts ,"4 large shallots, chopped $ 1 medium carrot, chopped $ 1 celery rib, chopped $ 1 (15-ounce) can diced tomatoes, drained $ 3 large thyme sprigs $ 1 Turkish or 1/2 California bay leaf $ 2 tablespoons extra-virgin olive oil $ 1 1/2 pounds butternut squash, peeled, seeded, and cut into (1-inch) cubes (about 3 1/2 cups) $ 5 cups water $ 1/4 teaspoon grated nutmeg $ 12 bottled cooked chestnuts, chopped (1/2 cup) $ softly whipped cream $ ",Soup/Stew $ Blender $ Tomato $ Thanksgiving $ Vegetarian $ Lunch $ Butternut Squash $ Fall $ Healthy $ Chestnut $ Nutmeg $ Simmer $ Gourmet $ Pescatarian $ Wheat/Gluten-Free $ Peanut Free $ Soy Free $ No Sugar Added $ Kosher $ ,American $ ,3/4,11,Soup/Stew $ Blender $ Tomato $ Thanksgiving $ Vegetarian $ Lunch $ Butternut Squash $ Fall $ Healthy $ Chestnut $ Nutmeg $ Simmer $ Gourmet $ Pescatarian $ Wheat/Gluten-Free $ Peanut Free $ Soy Free $ No Sugar Added $ Kosher $ American $ 
https://www.epicurious.com/recipes/food/views/wild-rice-with-butternut-squash-leeks-and-corn-350425,"Wild Rice with Butternut Squash, Leeks, and Corn ","1 1/2 cups wild rice (about 9 ounces) $ 2 teaspoons coarse kosher salt $ 3 cups 1/2-inch cubes peeled butternut squash (from 11/2-pound squash) $ 3 tablespoons olive oil $ 6 tablespoons (3/4 stick) butter, divided $ 1 1/2 cups finely chopped leeks (white part only) $ 1 1/2 cups frozen white corn kernels, thawed $ 1 tablespoon chopped fresh Italian parsley $ ",Side $ Roast $ Christmas $ Thanksgiving $ Vegetarian $ High Fiber $ Dinner $ Leek $ Corn $ Butternut Squash $ Fall $ Family Reunion $ Potluck $ Wild Rice $ Simmer $ Bon Appétit $ Sugar Conscious $ Pescatarian $ Wheat/Gluten-Free $ Peanut Free $ Tree Nut Free $ Soy Free $ No Sugar Added $ Kosher $ ,American $ ,3.5/4,117,Side $ Roast $ Christmas $ Thanksgiving $ Vegetarian $ High Fiber $ Dinner $ Leek $ Corn $ Butternut Squash $ Fall $ Family Reunion $ Potluck $ Wild Rice $ Simmer $ Bon Appétit $ Sugar Conscious $ Pescatarian $ Wheat/Gluten-Free $ Peanut Free $ Tree Nut Free $ Soy Free $ No Sugar Added $ Kosher $ American $ 
https://www.epicurious.com/recipes/food/views/cranberry-and-tart-cherry-compote-350429,Cranberry and Tart-Cherry Compote ,1 lime $ 1 1/2 cups cranberry juice cocktail $ 1 1/2 cups fresh cranberries $ 1 cup dried tart cherries $ 1/2 cup dried cranberries (about 3 ounces) $ 1 cinnamon stick $ 1/4 teaspoon ground allspice $ 1 cup currant jelly (about one 10-ounce jar) $ Pinch of coarse kosher salt $ ,Sauce $ Side $ Thanksgiving $ Low Fat $ Vegetarian $ Low Cal $ High Fiber $ Cranberry $ Dried Fruit $ Cherry $ Fall $ Family Reunion $ Low Cholesterol $ Potluck $ Simmer $ Boil $ Bon Appétit $ Fat Free $ Kidney Friendly $ Vegan $ Pescatarian $ Dairy Free $ Wheat/Gluten-Free $ Peanut Free $ Tree Nut Free $ Soy Free $ Kosher $ ,American $ ,4/4,20,Sauce $ Side $ Thanksgiving $ Low Fat $ Vegetarian $ Low Cal $ High Fiber $ Cranberry $ Dried Fruit $ Cherry $ Fall $ Family Reunion $ Low Cholesterol $ Potluck $ Simmer $ Boil $ Bon Appétit $ Fat Free $ Kidney Friendly $ Vegan $ Pescatarian $ Dairy Free $ Wheat/Gluten-Free $ Peanut Free $ Tree Nut Free $ Soy Free $ Kosher $ American $ 
https://www.epicurious.com/recipes/food/views/smoked-turkey-blue-cheese-and-red-onion-sandwiches-243385,"Smoked Turkey, Blue Cheese, and Red Onion Sandwiches ","1 1/2 tablespoons olive oil $ 2 8- to 10-ounce red onions, cut into 1/3-inch-thick rounds $ 3 1/2 tablespoons red wine vinegar $ 6 cups trimmed large arugula leaves (about 4 ounces), divided $ 3/4 cup mayonnaise $ 8 1/3-inch-thick slices seeded wheat bread (such as La Brea Bakery) or four ciabatta rolls, cut horizontally in half $ 12 ounces thinly sliced smoked turkey $ 3/4 cup coarsely crumbled blue cheese (such as Maytag; about 3 ounces) $ ",Sandwich $ Onion $ turkey $ Picnic $ Super Bowl $ Quick & Easy $ Lunch $ Blue Cheese $ Arugula $ Tailgating $ Bon Appétit $ Peanut Free $ Tree Nut Free $ Soy Free $ ,American $ ,3.5/4,17,Sandwich $ Onion $ turkey $ Picnic $ Super Bowl $ Quick & Easy $ Lunch $ Blue Cheese $ Arugula $ Tailgating $ Bon Appétit $ Peanut Free $ Tree Nut Free $ Soy Free $ American $ 
https://www.epicurious.com/recipes/food/views/iced-maple-cream-with-berries-243389,Iced Maple Cream with Berries ,"3 large egg yolks $ 3/4 cup chilled whipping cream, divided $ 1/3 cup pure maple syrup $ 1/4 teaspoon maple extract $ 2 tablespoons raspberry jam $ 3 cups mixed berries (such as blackberries, raspberries, and blueberries) $ ",Milk/Cream $ Mixer $ Berry $ Egg $ Dessert $ Kid-Friendly $ Frozen Dessert $ Raspberry $ Summer $ Maple Syrup $ Jam or Jelly $ Candy Thermometer $ Bon Appétit $ Kidney Friendly $ Vegetarian $ Pescatarian $ Wheat/Gluten-Free $ Peanut Free $ Tree Nut Free $ Soy Free $ Kosher $ ,American $ ,3.5/4,6,Milk/Cream $ Mixer $ Berry $ Egg $ Dessert $ Kid-Friendly $ Frozen Dessert $ Raspberry $ Summer $ Maple Syrup $ Jam or Jelly $ Candy Thermometer $ Bon Appétit $ Kidney Friendly $ Vegetarian $ Pescatarian $ Wheat/Gluten-Free $ Peanut Free $ Tree Nut Free $ Soy Free $ Kosher $ American $ 
https://www.epicurious.com/recipes/food/views/golden-pan-fried-fish-350404,Golden Pan-Fried Fish ,2 pounds 1 1/2-inch-thick halibut $ 1 3 1/2-ounce package panko (Japanese breadcrumbs; 1 1/2 cups)* $ 1 tablespoon finely chopped fresh Italian parsley $ 2 teaspoons coarse kosher salt $ 2 teaspoons finely grated lemon $ 1/2 teaspoon cayenne pepper $ 3 large egg whites $ 1/4 cup dark ale or non-alcoholic (such as O'Doul's) $ 3 tablespoons (or more) extra-olive oil $ Quick Tartar Sauce $ ,Beer $ Back to School $ Dinner $ Halibut $ Family Reunion $ Pan-Fry $ Bon Appétit $ Sugar Conscious $ Pescatarian $ ,American $ Southern $ ,4/4,34,Beer $ Back to School $ Dinner $ Halibut $ Family Reunion $ Pan-Fry $ Bon Appétit $ Sugar Conscious $ Pescatarian $ American $ Southern $ 
https://www.epicurious.com/recipes/food/views/buttermilk-biscuits-with-green-onions-black-pepper-and-sea-salt-350396,"Buttermilk Biscuits with Green Onions, Black Pepper, and Sea Salt ","3/4 cup chilled buttermilk $ 1/2 cup finely chopped green onions $ 2 cups self-rising flour $ 1/2 cup yellow cornmeal $ 3 tablespoons sugar $ 1/2 teaspoon coarsely ground black pepper plus additional for sprinkling $ 1/2 cup (1 stick) chilled unsalted butter, cut into 1/2-inch cubes, plus 1 tablespoon melted butter $ Coarse sea salt $ ",Bread $ Onion $ Breakfast $ Brunch $ Bake $ Christmas $ Thanksgiving $ Quick & Easy $ Low Cal $ Fall $ Bon Appétit $ Kidney Friendly $ Vegetarian $ Pescatarian $ Peanut Free $ Tree Nut Free $ Soy Free $ Kosher $ ,American $ ,3.5/4,66,Bread $ Onion $ Breakfast $ Brunch $ Bake $ Christmas $ Thanksgiving $ Quick & Easy $ Low Cal $ Fall $ Bon Appétit $ Kidney Friendly $ Vegetarian $ Pescatarian $ Peanut Free $ Tree Nut Free $ Soy Free $ Kosher $ American $ 
https://www.epicurious.com/recipes/food/views/5-minute-slaw-350407,5-Minute Slaw ,"1/4 cup red wine vinegar $ 2 tablespoons sugar $ 2 teaspoons coarse kosher salt $ 1/4 teaspoon celery seeds $ 3 green onions, thinly sliced $ 2 8-ounce packages coleslaw mix $ ",Side $ No-Cook $ Fourth of July $ Picnic $ Low Fat $ Vegetarian $ Quick & Easy $ Low Cal $ High Fiber $ Back to School $ Backyard BBQ $ Dinner $ Lunch $ Vinegar $ Summer $ Healthy $ Low Cholesterol $ Vegan $ Cabbage $ Seed $ Bon Appétit $ Pescatarian $ Dairy Free $ Wheat/Gluten-Free $ Peanut Free $ Tree Nut Free $ Soy Free $ Kosher $ ,American $ ,3/4,7,Side $ No-Cook $ Fourth of July $ Picnic $ Low Fat $ Vegetarian $ Quick & Easy $ Low Cal $ High Fiber $ Back to School $ Backyard BBQ $ Dinner $ Lunch $ Vinegar $ Summer $ Healthy $ Low Cholesterol $ Vegan $ Cabbage $ Seed $ Bon Appétit $ Pescatarian $ Dairy Free $ Wheat/Gluten-Free $ Peanut Free $ Tree Nut Free $ Soy Free $ Kosher $ American $ 
https://www.epicurious.com/recipes/food/views/coconut-mint-cream-cake-243444,Coconut Mint Cream Cake ,"2 3/4 cups cake flour $ 4 teaspoons baking powder $ 3/4 teaspoon salt $ 1 cup whole milk $ 1 teaspoon vanilla extract $ 1 teaspoon coconut extract (optional) $ 3/4 cup (1 1/2 sticks) unsalted butter, room temperature $ 1 1/2 cups sugar, divided $ 4 large egg whites $ 1 14-ounce can sweetened condensed milk $ 1 14-ounce can coconut cream $ 1/3 cup chopped fresh mint leaves $ 1/4 cup sugar $ 3 tablespoons water $ 1 1/2 cups heavy whipping cream, chilled $ Sweetened flaked coconut $ ",Cake $ Milk/Cream $ Mixer $ Dessert $ Bake $ Coconut $ Mint $ Birthday $ Bon Appétit $ Vegetarian $ Pescatarian $ Peanut Free $ Tree Nut Free $ Soy Free $ Kosher $ ,American $ ,3.5/4,12,Cake $ Milk/Cream $ Mixer $ Dessert $ Bake $ Coconut $ Mint $ Birthday $ Bon Appétit $ Vegetarian $ Pescatarian $ Peanut Free $ Tree Nut Free $ Soy Free $ Kosher $ American $ 
https://www.epicurious.com/recipes/food/views/lemon-verbena-ice-cream-243445,Lemon Verbena Ice Cream ,"1 cup heavy whipping cream $ 1 cup whole milk $ 1/2 cup sugar, divided $ 1/4 cup fresh lemon verbena leaves $ 7 large egg yolks $ ",Milk/Cream $ Ice Cream Machine $ Egg $ Herb $ Dessert $ Frozen Dessert $ Lemon $ Summer $ Bon Appétit $ Brooklyn $ New York $ Kidney Friendly $ Vegetarian $ Pescatarian $ Wheat/Gluten-Free $ Peanut Free $ Tree Nut Free $ Soy Free $ Kosher $ ,American $ ,4/4,2,Milk/Cream $ Ice Cream Machine $ Egg $ Herb $ Dessert $ Frozen Dessert $ Lemon $ Summer $ Bon Appétit $ Brooklyn $ New York $ Kidney Friendly $ Vegetarian $ Pescatarian $ Wheat/Gluten-Free $ Peanut Free $ Tree Nut Free $ Soy Free $ Kosher $ American $ 
https://www.epicurious.com/recipes/food/views/seared-sea-scallops-with-lemongrass-sauce-and-basil-mint-and-cilantro-salad-242786,"Seared Sea Scallops with Lemongrass Sauce and Basil, Mint and Cilantro Salad ","2 teaspoons canola oil $ 1 onion, chopped $ 6 stalks lemongrass, dry leaves removed, stems pounded; cut into 3-inch lengths $ 4 cloves garlic, finely chopped $ 3 red Thai bird chiles, finely chopped (found in grocery stores' Asian section) $ 2 cups dry white wine $ 1 can (28 ounce) whole tomatoes, plus juice $ 1/2 cup Thai basil $ 1/2 cup fresh mint $ 1/2 cup cilantro sprigs $ Juice from 1/2 lime $ 2 teaspoon canola oil $ 24 jumbo sea scallops $ 1 tablespoon canola oil $ ",Tomato $ Sauté $ Mint $ Basil $ Scallop $ White Wine $ Healthy $ Lemongrass $ Cilantro $ Self $ ,American $ Thai $ ,3.5/4,22,Tomato $ Sauté $ Mint $ Basil $ Scallop $ White Wine $ Healthy $ Lemongrass $ Cilantro $ Self $ American $ Thai $ 
https://www.epicurious.com/recipes/food/views/blue-claw-crab-boil-with-asian-condiments-242785,Blue Claw Crab Boil with Asian Condiments ,"24 live blue crabs $ 1/2 cup ketchup $ 2 tablespoons wasabi paste $ 1 tablespoon soy sauce $ 1 tablespoon mustard powder $ Fresh lemon juice $ Worcestershire sauce $ 3/4 cup ponzu sauce (found in grocery stores' Asian section) $ 3/4 cup Thai sweet chile sauce $ 2 limes, cut into wedges $ ",Self $ ,American $ Asian $ ,2.5/4,12,Self $ American $ Asian $ 
https://www.epicurious.com/recipes/food/views/goat-cheese-bread-pudding-243014,Goat Cheese Bread Pudding ,"2 cups whole milk $ 5 farm-fresh eggs $ 1 1/2 tablespoons fresh, finely chopped rosemary $ Salt and freshly ground black pepper $ 1 loaf of ciabatta bread, cut into 1/2-inch cubes $ 1 cup crumbled fresh goat cheese (4-6 ounces) $ ",Milk/Cream $ Egg $ Side $ Bake $ Vegetarian $ Quick & Easy $ Goat Cheese $ Fall $ Atlanta $ Georgia $ Pescatarian $ Peanut Free $ Tree Nut Free $ Soy Free $ No Sugar Added $ Kosher $ ,American $ ,3.5/4,9,Milk/Cream $ Egg $ Side $ Bake $ Vegetarian $ Quick & Easy $ Goat Cheese $ Fall $ Atlanta $ Georgia $ Pescatarian $ Peanut Free $ Tree Nut Free $ Soy Free $ No Sugar Added $ Kosher $ American $ 
https://www.epicurious.com/recipes/food/views/lobster-pot-pie-243013,Lobster Pot Pie ,"4 cups cooked lobster meat, cut in chunks (from four 1 1/4-pound lobsters) $ 3 tablespoons butter $ 3 tablespoons all-purpose flour $ 3 cups heavy cream $ 1/2 cup medium-dry sherry $ 1/2 teaspoon paprika $ Salt and freshly ground black pepper $ 1 1/2 cups crushed Ritz cracker crumbs (about 1 sleeve of crackers) $ 3 tablespoons butter, melted $ 1/2 teaspoon paprika $ ",Milk/Cream $ Bake $ Quick & Easy $ Dinner $ Lobster $ Sherry $ Winter $ ,American $ ,4/4,26,Milk/Cream $ Bake $ Quick & Easy $ Dinner $ Lobster $ Sherry $ Winter $ American $ 
https://www.epicurious.com/recipes/food/views/cobb-salad-with-warm-bacon-vinaigrette-243177,Cobb Salad with Warm Bacon Vinaigrette ,"1 heart of romaine, torn into bite-size pieces $ 3 cups packed baby spinach $ 4 bacon slices, chopped $ 1 tablespoon vegetable oil $ 6 chicken tenders (about 1/2 pound) $ 2 tablespoons red-wine vinegar $ 1 1/2 tablespoons cider vinegar $ 1 teaspoon grainy mustard $ 2 hard-boiled eggs, halved $ 1 small tomato, cut into wedges $ 1/2 avocado $ 1/2 cup crumbled blue cheese (3 ounces) $ ",Salad $ Egg $ Picnic $ Quick & Easy $ Mother's Day $ Father's Day $ Back to School $ Lunch $ Bacon $ Avocado $ Summer $ Potluck $ Gourmet $ ,American $ ,2.5/4,13,Salad $ Egg $ Picnic $ Quick & Easy $ Mother's Day $ Father's Day $ Back to School $ Lunch $ Bacon $ Avocado $ Summer $ Potluck $ Gourmet $ American $ 
https://www.epicurious.com/recipes/food/views/extreme-granola-243134,Extreme Granola ,"3/4 cups pecans $ 1/2 cup natural almonds $ 4 cups old-fashioned rolled oats $ 1/4 cup sesame seeds (optional) $ 1 stick (8 tablespoons) unsalted butter $ 1/3 cup pure maple syrup, cane syrup or honey, at room temperature $ 1/4 teaspoon fine salt $ 3/4 cup chopped dates $ 1/2 cup dried blueberries or raisins $ ",Breakfast $ Brunch $ Bake $ Kid-Friendly $ Blueberry $ Dried Fruit $ Date $ Almond $ Pecan $ Oat $ Healthy $ Maple Syrup $ Kidney Friendly $ Vegetarian $ Pescatarian $ Wheat/Gluten-Free $ Peanut Free $ Soy Free $ Kosher $ ,American $ ,3.5/4,52,Breakfast $ Brunch $ Bake $ Kid-Friendly $ Blueberry $ Dried Fruit $ Date $ Almond $ Pecan $ Oat $ Healthy $ Maple Syrup $ Kidney Friendly $ Vegetarian $ Pescatarian $ Wheat/Gluten-Free $ Peanut Free $ Soy Free $ Kosher $ American $ 
https://www.epicurious.com/recipes/food/views/smokin-chipotle-pork-stew-243224,Smokin' Chipotle Pork Stew ,"2 tablespoons olive or vegetable oil $ 1 1/2 pounds boneless pork shoulder, cut into one-inch cubes $ 2 medium onions, diced $ 1 (12-ounce) bottle or can beer $ 5 to 7 chipotle peppers in adobo sauce plus 3 tablespoons adobo sauce $ 2 teaspoons ground cumin, or to taste $ Salt and freshly ground pepper, to taste $ ",Soup/Stew $ Beer $ Onion $ Pork $ Super Bowl $ Dinner $ Hot Pepper $ Fall $ Winter $ Tailgating $ Poker/Game Night $ Potluck $ Simmer $ Dairy Free $ Peanut Free $ Tree Nut Free $ Soy Free $ No Sugar Added $ ,American $ ,3.5/4,27,Soup/Stew $ Beer $ Onion $ Pork $ Super Bowl $ Dinner $ Hot Pepper $ Fall $ Winter $ Tailgating $ Poker/Game Night $ Potluck $ Simmer $ Dairy Free $ Peanut Free $ Tree Nut Free $ Soy Free $ No Sugar Added $ American $ 
https://www.epicurious.com/recipes/food/views/southern-deviled-eggs-243228,Southern Deviled Eggs ,"9 large eggs $ 1/3 cup mayonnaise (preferably Hellmann's) $ 1 1/2 tablespoons Dijon mustard $ 2 teaspoons apple-cider vinegar $ Kosher salt and freshly ground pepper, to taste $ 2 teaspoons scallion (white part only), minced $ 2 teaspoons fresh tarragon, minced $ Paprika, to taste $ Tarragon leaves, for garnish $ ",Egg $ Freeze/Chill $ Cocktail Party $ Super Bowl $ Mayonnaise $ Fall $ Summer $ Tailgating $ Family Reunion $ Tarragon $ Engagement Party $ Party $ ,American $ Southern $ ,3.5/4,12,Egg $ Freeze/Chill $ Cocktail Party $ Super Bowl $ Mayonnaise $ Fall $ Summer $ Tailgating $ Family Reunion $ Tarragon $ Engagement Party $ Party $ American $ Southern $ 
https://www.epicurious.com/recipes/food/views/jayhawk-double-clutch-pork-ribs-243229,Jayhawk Double-Clutch Pork Ribs ,"3 pounds pork baby back or spareribs, rinsed and patted dry $ 1 tablespoon packed brown sugar $ 1 tablespoon paprika $ 1 teaspoon chili powder $ 1/4 teaspoon ground red pepper $ 1/4 teaspoon kosher salt $ 1/4 cup Dijon mustard $ Freshly ground black pepper, to taste< $ 1 cup prepared barbecue sauce (preferably hickory flavor) $ 2 tablespoons honey $ ",Bake $ Super Bowl $ Dinner $ Lunch $ Pork Rib $ Fall $ Summer $ Tailgating $ Honey $ Dairy Free $ Wheat/Gluten-Free $ Peanut Free $ Tree Nut Free $ Soy Free $ ,American $ Southern $ ,4/4,7,Bake $ Super Bowl $ Dinner $ Lunch $ Pork Rib $ Fall $ Summer $ Tailgating $ Honey $ Dairy Free $ Wheat/Gluten-Free $ Peanut Free $ Tree Nut Free $ Soy Free $ American $ Southern $ 
https://www.epicurious.com/recipes/food/views/bratwurst-in-beer-243230,Bratwurst in Beer ,"1/4 cup butter $ 2 medium onions, sliced into thin rings $ 4 garlic cloves, finely chopped (optional) $ 3 to 4 (12-ounce) cans cheap beer (Wisconsin fans insist on Pabst Blue Ribbon) $ 8 bratwurst links $ 8 small, crusty hoagie rolls< $ Whole-grain mustard $ Dill pickle spears $ ",Beer $ Mustard $ Onion $ Fourth of July $ Super Bowl $ Quick & Easy $ Dinner $ Lunch $ Sausage $ Fall $ Summer $ Tailgating $ Grill $ Grill/Barbecue $ Party $ ,American $ Midwestern $ ,4/4,13,Beer $ Mustard $ Onion $ Fourth of July $ Super Bowl $ Quick & Easy $ Dinner $ Lunch $ Sausage $ Fall $ Summer $ Tailgating $ Grill $ Grill/Barbecue $ Party $ American $ Midwestern $ 
https://www.epicurious.com/recipes/food/views/freds-famous-tar-heel-chili-243231,Fred's Famous Tar Heel Chili ,"1 (1-pound) bag dried pinto beans, picked over and rinsed $ 2 1/2 pounds ground beef chuck $ 2 pounds ground pork $ 3 large bell peppers of assorted colors, chopped $ 2 large onions, chopped $ 1/2 cup chili powder $ 2 tablespoons cumin seeds $ 1 teaspoon dried oregano $ 1 (28-ounce) can plus 1 (14 1/2-ounce) can diced tomatoes, with their juice $ 1/2 cup fresh parsley leaves, chopped $ Salt and freshly ground pepper, to taste $ Chopped onion, shredded cheddar cheese, sour cream, and salsa for garnish $ ",Bean $ Onion $ Pork $ Tomato $ Super Bowl $ Dinner $ Lunch $ Ground Beef $ Bell Pepper $ Fall $ Winter $ Tailgating $ Sugar Conscious $ Wheat/Gluten-Free $ Peanut Free $ Tree Nut Free $ Soy Free $ No Sugar Added $ ,American $ ,2/4,3,Bean $ Onion $ Pork $ Tomato $ Super Bowl $ Dinner $ Lunch $ Ground Beef $ Bell Pepper $ Fall $ Winter $ Tailgating $ Sugar Conscious $ Wheat/Gluten-Free $ Peanut Free $ Tree Nut Free $ Soy Free $ No Sugar Added $ American $ 
https://www.epicurious.com/recipes/food/views/melissa-hoteks-granola-242864,Melissa Hotek's Granola ,"1/2 cup vegetable oil $ 1/2 cup mild honey or maple syrup $ 1 cup raw wheat germ $ 1 tablespoon pure vanilla extract $ 3 1/2 cups old-fashioned oats $ 1 1/2 cups chopped mixed nuts (almonds, walnuts, and pecans) $ 2 cups mixed dried fruit (cranberries and raisins or other dried fruit) $ ",Nut $ Breakfast $ Brunch $ Bake $ Quick & Easy $ Dried Fruit $ Oat $ Healthy $ Honey $ Gourmet $ Vegetarian $ Pescatarian $ Dairy Free $ Soy Free $ Kosher $ ,American $ ,3.5/4,32,Nut $ Breakfast $ Brunch $ Bake $ Quick & Easy $ Dried Fruit $ Oat $ Healthy $ Honey $ Gourmet $ Vegetarian $ Pescatarian $ Dairy Free $ Soy Free $ Kosher $ American $ 
https://www.epicurious.com/recipes/food/views/potato-corn-chowder-242862,Potato Corn Chowder ,"3 ears corn, shucked $ 2 quarts water $ 1 pound red potatoes, cut into 1/2-inch cubes (2 1/4 cups) $ 1 medium onion, chopped $ 1 large carrot, halved lengthwise, then sliced 1/4 inch thick $ 1 tablespoon olive oil $ 1 red bell pepper, chopped $ 2 thyme sprigs $ 2 Turkish bay leaves or 1 California $ 3 cups heavy cream $ 3 scallions, finely chopped $ 1/2 teaspoon white pepper $ 1/8 teaspoon cayenne $ chopped cilantro $ ",Soup/Stew $ Milk/Cream $ Potato $ Vegetarian $ Corn $ Bell Pepper $ Summer $ Simmer $ Gourmet $ California $ ,American $ ,3.5/4,22,Soup/Stew $ Milk/Cream $ Potato $ Vegetarian $ Corn $ Bell Pepper $ Summer $ Simmer $ Gourmet $ California $ American $ 
https://www.epicurious.com/recipes/food/views/new-england-clam-chowder-243296,New England Clam Chowder ,"1 1/4 pound canned clams, minced, juices reserved $ 2-3 cups bottled clam juice $ 2 bacon slices, minced $ 1 onion, diced $ 2 tablespoons all-purpose flour $ 1 bay leaf $ 1/2 teaspoon thyme leaves, chopped $ 1 pound potatoes, peeled, diced $ 3 cups heavy cream or half and half $ 6 tablespoons dry sherry, or to taste $ Salt, to taste $ Freshly ground black pepper, to taste $ Tabasco sauce, to taste $ Worcestershire sauce, to taste $ Oyster or saltine crackers, as needed $ ",Soup/Stew $ Milk/Cream $ Quick & Easy $ Lunch $ Clam $ Fall $ Winter $ Family Reunion $ Potluck $ ,American $ New England $ ,3.5/4,87,Soup/Stew $ Milk/Cream $ Quick & Easy $ Lunch $ Clam $ Fall $ Winter $ Family Reunion $ Potluck $ American $ New England $ 
https://www.epicurious.com/recipes/food/views/beer-and-coffee-steaks-243595,Beer and Coffee Steaks ,"12 ounces dark beer, such as Negra Modelo $ 1/4 cup Worcestershire sauce $ 1 tablespoon Tabasco $ 4 boneless strip steaks (1 1/2 to 2 pounds), trimmed of fat $ 3 tablespoons finely ground espresso or dark roast coffee $ 1 tablespoon pure chile powder (such as ancho) $ 1 teaspoon ground cumin $ 1 teaspoon sugar $ 1/2 teaspoon cayenne, or more to taste $ 1 teaspoon salt $ 1/2 teaspoon ground black pepper $ ",Beer $ Coffee $ Breakfast $ Marinate $ Fourth of July $ Super Bowl $ Father's Day $ Backyard BBQ $ Dinner $ Steak $ Fall $ Summer $ Tailgating $ Grill $ Grill/Barbecue $ Party $ Sugar Conscious $ Dairy Free $ Peanut Free $ Tree Nut Free $ Soy Free $ ,American $ ,3/4,4,Beer $ Coffee $ Breakfast $ Marinate $ Fourth of July $ Super Bowl $ Father's Day $ Backyard BBQ $ Dinner $ Steak $ Fall $ Summer $ Tailgating $ Grill $ Grill/Barbecue $ Party $ Sugar Conscious $ Dairy Free $ Peanut Free $ Tree Nut Free $ Soy Free $ American $ 
https://www.epicurious.com/recipes/food/views/dr-bbqs-lobster-with-chili-lime-butter-243393,Dr. BBQ's Lobster with Chili-Lime Butter ,"Chili-Lime Butter $ 1 cup (8 ounces) butter $ Juice of 2 limes $ 2 tablespoons good-quality chili powder $ Salt, as needed $ Black pepper, as needed $ 2 whole live Maine lobsters, about 1 1/2 pounds each $ Your favorite barbecue rub, as needed $ ",Super Bowl $ Backyard BBQ $ Seafood $ Lobster $ Fall $ Winter $ Tailgating $ Grill $ Grill/Barbecue $ ,American $ New England $ ,1/4,1,Super Bowl $ Backyard BBQ $ Seafood $ Lobster $ Fall $ Winter $ Tailgating $ Grill $ Grill/Barbecue $ American $ New England $ 
https://www.epicurious.com/recipes/food/views/owl-brownie-pops-350144,Owl Brownie Pops ,12 (2 ¾- x 2 ¾-inch) brownies* made from Dylan's Candy Bar Brownie Mix or your favorite recipe $ Seven Minute Frosting or 1 (16-ounce) container purchased vanilla frosting $ 1 (8.25-ounce) container white sugar crystal sprinkles $ 24 butterscotch candies $ 24 black M&Ms $ 12 cashews $ About 1 cup candy corn $ 12 old-fashioned candy sticks or craft sticks* $ 1 (2 ¾-inch) round cookie cutter $ *Baking the brownies in a 9- x 13-inch pan allows you to cut them into 12 (2 ¾- x 2 ¾-inch) squares. $ ** Old-fashioned candy sticks can be purchased at candy stores or ohnuts.com. Craft sticks can be purchased at craft stores or craftsetc.com. $ ,Chocolate $ Dessert $ Kid-Friendly $ Halloween $ ,American $ ,1/4,0,Chocolate $ Dessert $ Kid-Friendly $ Halloween $ American $ 
https://www.epicurious.com/recipes/food/views/pumpkin-brownie-pops-350145,Pumpkin Brownie Pops ,"12 (2 ¾- x 2 ¾-inch) brownies* made from Dylan's Candy Bar Brownie Mix or your favorite recipe $ Seven Minute Frosting or 1 (16-ounce) container purchased vanilla frosting $ Liquid food coloring in red and yellow $ 1 (8.25 ounce) container orange sugar crystal sprinkles $ 36 candy corn (less than ½ cup) $ 48 sugar candy bats (also called dextrose candy bats) $ 1 (7-inch) green apple licorice twist, cut into 12 (1/2-inch-long) pieces $ 24 mini green gummy candies $ 12 old-fashioned candy sticks or craft sticks* $ 1 (2 ¾-inch) round cookie cutter $ *Baking the brownies in a 9- x 13-inch pan allows you to cut them into 12 (2 ¾- x 2 ¾-inch) squares. $ **Old-fashioned candy sticks can be purchased at candy stores or ohnuts.com. Craft sticks can be purchased at craft stores or craftsetc.com. $ ",Chocolate $ Dessert $ Kid-Friendly $ Halloween $ ,American $ ,3/4,1,Chocolate $ Dessert $ Kid-Friendly $ Halloween $ American $ 
https://www.epicurious.com/recipes/food/views/haunted-gingerbread-house-350143,Haunted Gingerbread House ,"Royal icing or 1 (16-ounce) container vanilla frosting $ Liquid food coloring in red, yellow, green, and blue $ 1 undecorated gingerbread house* $ Black licorice laces $ Gummy spiders $ Candy corn in assorted flavors $ Green apple sour belts $ Mellocreme pumpkins $ Sugar candy bats (also called dextrose candy bats) $ Marshmallow ghosts $ *Undecorated gingerbread houses can be purchased from Dylans Candy Bar or Amazon.com $ ",Dessert $ Kid-Friendly $ Halloween $ ,American $ ,1/4,0,Dessert $ Kid-Friendly $ Halloween $ American $ 
https://www.epicurious.com/recipes/food/views/pineapple-upside-down-pumpkin-gingerbread-350121,Pineapple Upside-Down Pumpkin Gingerbread ,"Nonstick vegetable oil spray $ 2/3 cup (packed) golden brown sugar $ 1/2 cup (1 stick) unsalted butter $ 2 tablespoons frozen pineapple juice concentrate, thawed $ 1 teaspoon mild-flavored (light) molasses $ 1 ripe pineapple, peeled $ 2 cups all purpose flour $ 2 teaspoons baking soda $ 2 teaspoons baking powder $ 1 1/4 teaspoons ground cinnamon $ 3/4 teaspoon ground ginger $ 1/2 teaspoon salt $ 1/2 cup (1 stick) unsalted butter, room temperature $ 1 cup sugar $ 2 large eggs $ 1/2 cup mild-flavored (light) molasses $ 1/2 cup canned pure pumpkin $ 1/2 cup boiling water $ Whipped cream $ ",Cake $ Ginger $ Dessert $ Bake $ Kid-Friendly $ Mother's Day $ Back to School $ Pineapple $ Spice $ Pumpkin $ Family Reunion $ Potluck $ Molasses $ Bon Appétit $ Vegetarian $ Pescatarian $ Peanut Free $ Tree Nut Free $ Soy Free $ Kosher $ ,American $ ,3.5/4,26,Cake $ Ginger $ Dessert $ Bake $ Kid-Friendly $ Mother's Day $ Back to School $ Pineapple $ Spice $ Pumpkin $ Family Reunion $ Potluck $ Molasses $ Bon Appétit $ Vegetarian $ Pescatarian $ Peanut Free $ Tree Nut Free $ Soy Free $ Kosher $ American $ 
https://www.epicurious.com/recipes/food/views/cornflake-fried-chicken-242835,Cornflake Fried Chicken ,1(6- to 8-ounce) skinless boneless chicken breast $ 1 large egg $ 1/4 cup milk $ 1 1/2 cups cornflakes $ 1/3 cup vegetable oil $ ,Chicken $ Poultry $ Fry $ Picnic $ Kid-Friendly $ Quick & Easy $ Dinner $ Lunch $ Shower $ Gourmet $ Peanut Free $ Tree Nut Free $ Soy Free $ ,American $ ,3/4,17,Chicken $ Poultry $ Fry $ Picnic $ Kid-Friendly $ Quick & Easy $ Dinner $ Lunch $ Shower $ Gourmet $ Peanut Free $ Tree Nut Free $ Soy Free $ American $ 
https://www.epicurious.com/recipes/food/views/cherry-cola-barbecue-sauce-242745,Cherry Cola Barbecue Sauce ,"1 tablespoon vegetable oil $ 2 cups chopped onions $ 2 garlic cloves, minced $ 2 12-ounce bottles (ketchup-style) chili sauce $ 1 12- to 13-ounce jar cherry preserves or jam $ 1 cup cherry cola (regular, not diet) $ 1/3 cup (packed) golden brown sugar $ 1/4 cup balsamic vinegar $ 1 teaspoon (or more) hot pepper sauce $ ",Sauce $ Onion $ Tomato $ Fourth of July $ Quick & Easy $ Backyard BBQ $ Vinegar $ Cherry $ Jam or Jelly $ Simmer $ Bon Appétit $ ,American $ ,4/4,32,Sauce $ Onion $ Tomato $ Fourth of July $ Quick & Easy $ Backyard BBQ $ Vinegar $ Cherry $ Jam or Jelly $ Simmer $ Bon Appétit $ American $ 
https://www.epicurious.com/recipes/food/views/grilled-red-and-green-cabbage-slaw-242744,Grilled Red and Green Cabbage Slaw ,"Nonstick vegetable oil spray $ 1/2 cup tarragon vinegar $ 1/2 cup sugar $ 1/2 cup vegetable oil plus additional for brushing $ 2 tablespoons Dijon mustard $ 1 tablespoon chopped fresh tarragon $ 1 medium head of red cabbage (about 1 3/4 pounds), quartered through core $ 1 medium head of green cabbage (about 13/4 pounds), quartered through core $ 1 bunch green onions (about 6), trimmed $ ",Side $ Fourth of July $ Vegetarian $ High Fiber $ Backyard BBQ $ Summer $ Grill $ Grill/Barbecue $ Healthy $ Low Cholesterol $ Tarragon $ Cabbage $ Bon Appétit $ Vegan $ Pescatarian $ Dairy Free $ Wheat/Gluten-Free $ Peanut Free $ Tree Nut Free $ Soy Free $ Kosher $ ,American $ ,3.5/4,22,Side $ Fourth of July $ Vegetarian $ High Fiber $ Backyard BBQ $ Summer $ Grill $ Grill/Barbecue $ Healthy $ Low Cholesterol $ Tarragon $ Cabbage $ Bon Appétit $ Vegan $ Pescatarian $ Dairy Free $ Wheat/Gluten-Free $ Peanut Free $ Tree Nut Free $ Soy Free $ Kosher $ American $ 
https://www.epicurious.com/recipes/food/views/blueberry-pie-with-cornmeal-crust-and-lemon-cream-242725,Blueberry Pie with Cornmeal Crust and Lemon Cream ,"2 1/2 cups all purpose flour $ 1/4 cup cornmeal (preferably stone-ground, medium grind) $ 3 tablespoons sugar $ 3/4 teaspoon salt $ 1/2 cup plus 6 tablespoons (1 3/4 sticks total) chilled unsalted butter, cut into 1/2-inch cubes $ 1/4 cup nonhydrogenated solid vegetable shortening, frozen, cut into 1/2-inch pieces $ 4 tablespoons (or more) ice water $ 5 cups fresh blueberries (about 27 ounces) $ 3/4 cup sugar $ 1/4 cup cornstarch $ 1 tablespoon fresh lemon juice $ 1 tablespoon water $ Milk (for brushing) $ 1 1/2 tablespoons raw sugar* $ Lemon Cream $ ",Mixer $ Dessert $ Bake $ Fourth of July $ Picnic $ High Fiber $ Blueberry $ Lemon $ Cornmeal $ Summer $ Bon Appétit $ Kidney Friendly $ Vegetarian $ Pescatarian $ Peanut Free $ Tree Nut Free $ Soy Free $ Kosher $ ,American $ ,3.5/4,33,Mixer $ Dessert $ Bake $ Fourth of July $ Picnic $ High Fiber $ Blueberry $ Lemon $ Cornmeal $ Summer $ Bon Appétit $ Kidney Friendly $ Vegetarian $ Pescatarian $ Peanut Free $ Tree Nut Free $ Soy Free $ Kosher $ American $ 
https://www.epicurious.com/recipes/food/views/nectarine-raspberry-crisp-with-spiced-oatmeal-crumb-topping-242724,Nectarine-Raspberry Crisp with Spiced-Oatmeal Crumb Topping ,"3/4 cup all purpose flour $ 3/4 cup quick-cooking oats $ 1/4 cup sugar $ 1/4 cup (packed) dark brown sugar $ 1/4 teaspoon (generous) ground cinnamon $ 1/4 teaspoon salt $ 1/8 teaspoon (generous) ground cardamom $ 6 tablespoons (3/4 stick) unsalted butter, melted, cooled slightly $ 2 pounds nectarines, halved, pitted, cut into 3/4-inch-thick slices (about 5 cups) $ 1 1/2-pint container fresh raspberries $ 1/4 cup sugar $ 2 tablespoons cornstarch $ Vanilla ice cream $ ",Mixer $ Dessert $ Bake $ Fourth of July $ High Fiber $ Raspberry $ Nectarine $ Oat $ Spice $ Summer $ Cinnamon $ Potluck $ Bon Appétit $ Vegetarian $ Pescatarian $ Peanut Free $ Tree Nut Free $ Soy Free $ Kosher $ ,American $ ,3.5/4,11,Mixer $ Dessert $ Bake $ Fourth of July $ High Fiber $ Raspberry $ Nectarine $ Oat $ Spice $ Summer $ Cinnamon $ Potluck $ Bon Appétit $ Vegetarian $ Pescatarian $ Peanut Free $ Tree Nut Free $ Soy Free $ Kosher $ American $ 
https://www.epicurious.com/recipes/food/views/peach-and-blackberry-cobbler-with-crystallized-ginger-242722,Peach and Blackberry Cobbler with Crystallized Ginger ,"1 2/3 cups all purpose flour $ 1/4 cup chopped crystallized ginger $ 3 tablespoons sugar $ 1 1/2 tablespoons baking powder $ 1 hard-boiled egg yolk, finely grated on Microplane or small holes of box grater $ 1/4 teaspoon salt $ 6 tablespoons (3/4 stick) chilled unsalted butter, cut into 1/2-inch cubes $ 2/3 cup plus 1 tablespoon heavy whipping cream $ 2 pounds peaches, halved, pitted, cut into 3/4-inch-thick slices (about 5 cups) $ 1 1/2-pint container fresh blackberries $ 1/4 cup sugar $ 1/4 cup chopped crystallized ginger $ 1 tablespoon cornstarch $ 2 tablespoons raw sugar* $ Vanilla ice cream or lightlysweetened whipped cream $ ",Mixer $ Dessert $ Bake $ Fourth of July $ High Fiber $ Blackberry $ Peach $ Summer $ Bon Appétit $ Vegetarian $ Pescatarian $ Peanut Free $ Tree Nut Free $ Soy Free $ Kosher $ ,American $ ,3.5/4,26,Mixer $ Dessert $ Bake $ Fourth of July $ High Fiber $ Blackberry $ Peach $ Summer $ Bon Appétit $ Vegetarian $ Pescatarian $ Peanut Free $ Tree Nut Free $ Soy Free $ Kosher $ American $ 
https://www.epicurious.com/recipes/food/views/red-white-and-blueberry-shortcakes-242721,"Red, White, and Blueberry Shortcakes ","6 ounces high-quality white chocolate (such as Lindt or Perugina), chopped $ 1 1/2 cups heavy whipping cream $ 1 2/3 cups all purpose flour $ 3 1/2 tablespoons sugar $ 1 tablespoon baking powder $ 1 hard-boiled egg yolk, finely grated on Microplane or small holes of box grater $ 1/4 teaspoon salt $ 6 tablespoons (3/4 stick) chilled unsalted butter, cut into 1/2-inch cubes $ 2/3 cup plus 1 tablespoon chilled heavy whipping cream $ 1 tablespoon raw sugar* $ 2 1/2 cups fresh blueberries, divided $ 4 tablespoons sugar, divided $ 1 tablespoon water $ 1 1/2 cups sliced fresh strawberries $ ",Milk/Cream $ Mixer $ Chocolate $ Dessert $ Bake $ Fourth of July $ Kid-Friendly $ Blueberry $ Strawberry $ Summer $ Chill $ Bon Appétit $ Vegetarian $ Pescatarian $ Peanut Free $ Tree Nut Free $ Soy Free $ Kosher $ ,American $ ,3.5/4,8,Milk/Cream $ Mixer $ Chocolate $ Dessert $ Bake $ Fourth of July $ Kid-Friendly $ Blueberry $ Strawberry $ Summer $ Chill $ Bon Appétit $ Vegetarian $ Pescatarian $ Peanut Free $ Tree Nut Free $ Soy Free $ Kosher $ American $ 
https://www.epicurious.com/recipes/food/views/smores-cheesecake-with-summer-berries-242718,S'mores Cheesecake with Summer Berries ,"1 1/2 cups graham cracker crumbs (made from 9 whole crackers finely ground in processor; 1 packet) $ 3 tablespoons sugar $ 6 tablespoons (3/4 stick) unsalted butter, melted $ 9 ounces high-quality milk chocolate (such as Lindt or Ghirardelli), chopped $ 2 8-ounce packages cream cheese, room temperature $ 3/4 cup sugar $ 1/8 teaspoon salt $ 3/4 cup heavy whipping cream $ 3 large eggs $ 1 cup sugar $ 2 large egg whites $ 3 tablespoons water $ 1 teaspoon cream of tartar $ 1/8 teaspoon salt $ 12 large marshmallows, cut into quarters with wet kitchen scissors $ 1/2 teaspoon vanilla extract $ 1 1-pint container fresh raspberries $ 1 1-pint container fresh blueberries $ ",Cake $ Milk/Cream $ Food Processor $ Chocolate $ Egg $ Dessert $ Bake $ Fourth of July $ Kid-Friendly $ Cream Cheese $ Blueberry $ Raspberry $ Summer $ Chill $ Double Boiler $ Bon Appétit $ Peanut Free $ Tree Nut Free $ Soy Free $ ,American $ ,4/4,56,Cake $ Milk/Cream $ Food Processor $ Chocolate $ Egg $ Dessert $ Bake $ Fourth of July $ Kid-Friendly $ Cream Cheese $ Blueberry $ Raspberry $ Summer $ Chill $ Double Boiler $ Bon Appétit $ Peanut Free $ Tree Nut Free $ Soy Free $ American $ 
https://www.epicurious.com/recipes/food/views/cheddar-burgers-with-balsamic-onions-and-chipotle-ketchup-242711,Cheddar Burgers with Balsamic Onions and Chipotle Ketchup ,"1 pound red onions, cut crosswise into 1/3- to 1/2-inch-thick rounds $ Olive oil $ 3/4 teaspoon coarse kosher salt $ 1/2 teaspoon coarsely ground black pepper $ 2 tablespoons balsamic vinegar $ 1 cup ketchup $ 1 1/2 teaspoons chopped chipotle chiles from canned chipotles in adobo* plus 2 tablespoons adobo sauce from can $ 2 teaspoons (or more) balsamic vinegar $ 2 1/4 pounds ground beef (15% to 20% fat) $ Coarse kosher salt $ 6 thick slices sharp cheddar cheese $ 6 large English muffins or hamburger buns, split, cut sides grilled $ 6 tomato slices (optional) $ 2 cups fresh spinach leaves $ ",Onion $ Fourth of July $ Backyard BBQ $ Vinegar $ Cheddar $ Ground Beef $ Hot Pepper $ Summer $ Family Reunion $ Grill $ Grill/Barbecue $ Bon Appétit $ ,American $ ,3.5/4,31,Onion $ Fourth of July $ Backyard BBQ $ Vinegar $ Cheddar $ Ground Beef $ Hot Pepper $ Summer $ Family Reunion $ Grill $ Grill/Barbecue $ Bon Appétit $ American $ 
https://www.epicurious.com/recipes/food/views/blue-cheese-crusted-tomatoes-242707,Blue Cheese Crusted Tomatoes ,1/2 cup fine dry breadcrumbs $ 1 tablespoon olive oil $ 12 medium tomatoes $ 3/4 cup crumbled blue cheese (about 3 ounces) $ ,Tomato $ Side $ Fourth of July $ Vegetarian $ Quick & Easy $ Low Cal $ Backyard BBQ $ Blue Cheese $ Summer $ Grill $ Grill/Barbecue $ Bon Appétit $ Pescatarian $ Peanut Free $ Tree Nut Free $ Soy Free $ Kosher $ ,American $ ,3/4,30,Tomato $ Side $ Fourth of July $ Vegetarian $ Quick & Easy $ Low Cal $ Backyard BBQ $ Blue Cheese $ Summer $ Grill $ Grill/Barbecue $ Bon Appétit $ Pescatarian $ Peanut Free $ Tree Nut Free $ Soy Free $ Kosher $ American $ 
https://www.epicurious.com/recipes/food/views/peach-ice-cream-242620,Peach Ice Cream ,"2 pounds ripe peaches $ 2 teaspoon fresh lemon juice $ 1 cup plus 2 tablespoons sugar, divided $ 1 1/2 tablespoons cornstarch $ 1 3/4 cups heavy cream $ 1 3/4 cups whole milk $ 4 large egg yolks $ 1/2 teaspoon pure vanilla extract $ 1/4 teaspoon pure almond extract $ an ice cream maker $ ",Milk/Cream $ Ice Cream Machine $ Egg $ Dessert $ Kid-Friendly $ Frozen Dessert $ Peach $ Summer $ Gourmet $ Vegetarian $ Pescatarian $ Wheat/Gluten-Free $ Peanut Free $ Soy Free $ Kosher $ ,American $ ,3/4,10,Milk/Cream $ Ice Cream Machine $ Egg $ Dessert $ Kid-Friendly $ Frozen Dessert $ Peach $ Summer $ Gourmet $ Vegetarian $ Pescatarian $ Wheat/Gluten-Free $ Peanut Free $ Soy Free $ Kosher $ American $ 
https://www.epicurious.com/recipes/food/views/fresh-strawberry-pie-with-whipped-cream-242619,Fresh Strawberry Pie with Whipped Cream ,"1 (5-ounce) package shortbread cookies $ 2 tablespoon sugar $ 2 tablespoon cold unsalted butter, cut into pieces $ 2 pounds (1 1/2-inch) strawberries, hulled (see cooks' note, below) $ 3/4 cup sugar $ 1/3 cup fresh lemon juice $ 1 envelope unflavored gelatin (2 1/4 teaspoons) $ lightly sweetened whipped cream $ ",Milk/Cream $ Food Processor $ Dessert $ Bake $ Fourth of July $ Kid-Friendly $ Strawberry $ Lemon $ Summer $ Chill $ Gourmet $ Kidney Friendly $ Peanut Free $ Tree Nut Free $ Soy Free $ ,American $ ,3/4,31,Milk/Cream $ Food Processor $ Dessert $ Bake $ Fourth of July $ Kid-Friendly $ Strawberry $ Lemon $ Summer $ Chill $ Gourmet $ Kidney Friendly $ Peanut Free $ Tree Nut Free $ Soy Free $ American $ 
https://www.epicurious.com/recipes/food/views/jerusalem-artichoke-pickles-242618,Jerusalem Artichoke Pickles ,"2 tablespoons fresh lemon juice $ 2 pounds Jerusalem artichokes (also called Sun Chokes) $ 1 3/4 cups distilled white vinegar $ 3/4 cup sugar $ 3/4 cup water $ 1/2 tablespoons whole mustard seeds $ 1/2 teaspoon turmeric $ 1/4 teaspoon cayenne $ 1/2 large sweet onion, halved lengthwise and thickly sliced $ ",Side $ Vinegar $ Spice $ Artichoke $ Summer $ Brine $ Gourmet $ Fat Free $ Vegan $ Vegetarian $ Pescatarian $ Dairy Free $ Wheat/Gluten-Free $ Peanut Free $ Tree Nut Free $ Soy Free $ Kosher $ ,American $ ,0/4,0,Side $ Vinegar $ Spice $ Artichoke $ Summer $ Brine $ Gourmet $ Fat Free $ Vegan $ Vegetarian $ Pescatarian $ Dairy Free $ Wheat/Gluten-Free $ Peanut Free $ Tree Nut Free $ Soy Free $ Kosher $ American $ 
https://www.epicurious.com/recipes/food/views/three-bean-salad-242616,Three-Bean Salad ,"1 1/2 pound green beans, cut into 1 1/2-inch pieces $ 1 (1-pound) bag frozen baby lima beans, thawed $ 1 (10-ounce) package frozen black-eyed peas, thawed $ 3/4 cup fresh lemon juice $ 1 1/4 cups olive oil $ 1 1/2 bunches large scallions, thinly sliced (1 1/2 cups) $ ",Salad $ Bean $ Side $ Fourth of July $ Picnic $ Vegetarian $ Quick & Easy $ Green Bean $ Lima Bean $ Summer $ Potluck $ Gourmet $ Vegan $ Pescatarian $ Dairy Free $ Wheat/Gluten-Free $ Peanut Free $ Tree Nut Free $ Soy Free $ No Sugar Added $ Kosher $ ,American $ ,3.5/4,6,Salad $ Bean $ Side $ Fourth of July $ Picnic $ Vegetarian $ Quick & Easy $ Green Bean $ Lima Bean $ Summer $ Potluck $ Gourmet $ Vegan $ Pescatarian $ Dairy Free $ Wheat/Gluten-Free $ Peanut Free $ Tree Nut Free $ Soy Free $ No Sugar Added $ Kosher $ American $ 
https://www.epicurious.com/recipes/food/views/hamburger-buns-242614,Hamburger Buns ,"2 cups whole milk $ 1/4 cup warm water (105-115°F) $ 2 (1/4-ounce) packages active dry yeast $ 1/4 cup plus 1/2 tsp sugar, divided $ 1/2 stick unsalted butter, cut into tablespoon pieces and softened $ 2 large eggs, lightly beaten $ 1 tablespoon salt $ 6 cups all-purpose flour, divided $ 1 large egg mixed with 1 tablespoon water for egg wash $ a stand mixer with paddle and dough-hook attachments; a 3-inch round cookie cutter $ ",Bread $ Mixer $ Bake $ Fourth of July $ Backyard BBQ $ Summer $ Tailgating $ Gourmet $ ,American $ ,3.5/4,23,Bread $ Mixer $ Bake $ Fourth of July $ Backyard BBQ $ Summer $ Tailgating $ Gourmet $ American $ 
https://www.epicurious.com/recipes/food/views/peanut-brittle-brownies-242610,Peanut Brittle Brownies ,1 1/2 sticks unsalted butter $ 1/2 cup chunky peanut butter $ 4 ounces unsweetened chocolate $ 2 cups packed light brown sugar $ 1 teaspoon pure vanilla extract $ 4 large eggs $ 1 cup all-purpose flour $ 1/2 teaspoon salt $ 1 1/2 cups coarsely crushed peanut brittle $ ,Chocolate $ Dessert $ Bake $ Kid-Friendly $ Peanut $ Party $ Potluck $ Gourmet $ Kidney Friendly $ Vegetarian $ Pescatarian $ Tree Nut Free $ Soy Free $ Kosher $ ,American $ ,3.5/4,5,Chocolate $ Dessert $ Bake $ Kid-Friendly $ Peanut $ Party $ Potluck $ Gourmet $ Kidney Friendly $ Vegetarian $ Pescatarian $ Tree Nut Free $ Soy Free $ Kosher $ American $ 
https://www.epicurious.com/recipes/food/views/walnut-cherry-brownies-242609,Walnut Cherry Brownies ,"1 1/2 sticks unsalted butter $ 6 ounces unsweetened chocolate $ 1 1/2 cups packed light brown sugar $ 1 teaspoon pure vanilla extract $ 4 large eggs $ 1 cup all-purpose flour $ 1/2 teaspoon salt $ 1 1/2 cups dried sour (tart) cherries (1/2 pound) $ 1 1/2 cups walnuts, chopped and toasted $ ",Chocolate $ Dessert $ Bake $ Picnic $ Dried Fruit $ Cherry $ Walnut $ Party $ Gourmet $ Kidney Friendly $ Vegetarian $ Pescatarian $ Peanut Free $ Soy Free $ Kosher $ ,American $ ,2/4,8,Chocolate $ Dessert $ Bake $ Picnic $ Dried Fruit $ Cherry $ Walnut $ Party $ Gourmet $ Kidney Friendly $ Vegetarian $ Pescatarian $ Peanut Free $ Soy Free $ Kosher $ American $ 
https://www.epicurious.com/recipes/food/views/deep-chocolate-brownies-242608,Deep Chocolate Brownies ,2 sticks (1/2 pound) unsalted butter $ 8 ounces fine-quality bittersweet chocolate (no more than 60% cacao if marked) $ 2 cups sugar $ 1 teaspoon pure vanilla extract $ 5 large eggs $ 2/3 cup all-purpose flour $ 1/3 cup unsweetened Dutch-process cocoa powder $ 1/2 teaspoon salt $ ,Chocolate $ Dessert $ Bake $ Picnic $ Party $ Potluck $ Gourmet $ Kidney Friendly $ Vegetarian $ Pescatarian $ Peanut Free $ Tree Nut Free $ Soy Free $ Kosher $ ,American $ ,3.5/4,50,Chocolate $ Dessert $ Bake $ Picnic $ Party $ Potluck $ Gourmet $ Kidney Friendly $ Vegetarian $ Pescatarian $ Peanut Free $ Tree Nut Free $ Soy Free $ Kosher $ American $ 
https://www.epicurious.com/recipes/food/views/coconut-blondies-242607,Coconut Blondies ,"2 sticks (1/2 pound) unsalted butter $ 2 cups packed light brown sugar $ 1 teaspoon pure vanilla extract $ 2 large eggs $ 1 1/2 cups all-purpose flour $ 3/4 teaspoon baking soda $ 1/2 teaspoon salt $ 1 1/2 cups pecans (6 ounces), toasted and cooled $ 2 cups sweetened flaked coconut, divided $ ",Dessert $ Bake $ Picnic $ Coconut $ Pecan $ Party $ Gourmet $ Kidney Friendly $ Vegetarian $ Pescatarian $ Peanut Free $ Soy Free $ Kosher $ ,American $ ,3.5/4,22,Dessert $ Bake $ Picnic $ Coconut $ Pecan $ Party $ Gourmet $ Kidney Friendly $ Vegetarian $ Pescatarian $ Peanut Free $ Soy Free $ Kosher $ American $ 
https://www.epicurious.com/recipes/food/views/stone-fruit-cobbler-242606,Stone Fruit Cobbler ,"3/4 cup sugar $ 1/4 cup all-purpose flour $ 3 pounds mixed stone fruit, pitted and cut into 1/2-inch-thick wedges (8 cups) $ 1 tablespoon unsalted butter, melted $ 1 teaspoon pure vanilla extract $ 1/4 teaspoon pure almond extract $ 1 1/2 cups all-purpose flour $ 1/2 cup cornmeal (not stone-ground) $ 2 teaspoons baking powder $ Rounded 1/2 teaspoon salt $ 2 tablespoons cold unsalted butter, cut into 1/2-inch cubes $ 1 cup plus 1 tablespoon heavy cream, divided $ 2 teaspoon sugar $ a round cookie cutter (2 to 2 1/2 inches) $ ",Fruit $ Dessert $ Bake $ Fourth of July $ Cornmeal $ Summer $ Gourmet $ Pescatarian $ Peanut Free $ Soy Free $ ,American $ ,3.5/4,10,Fruit $ Dessert $ Bake $ Fourth of July $ Cornmeal $ Summer $ Gourmet $ Pescatarian $ Peanut Free $ Soy Free $ American $ 
https://www.epicurious.com/recipes/food/views/strawberry-shortcakes-242601,Strawberry Shortcakes ,"4 pints strawberries, lightly rinsed, hulled and halved $ 1 tablespoon fresh lemon juice $ 1 tablespoon sugar $ 2 cups heavy (whipping) cream $ 1 tablespoon sugar $ 6 shortcakes (see recipe below), for serving $ 6 whole strawberries, for garnish $ 2 cups self-rising flour $ 2 1/2 tablespoon sugar $ 1/8 teaspoon salt $ 1/2 cup (1 stick) cold, unsalted butter, cut into small pieces $ 3/4 cup milk $ 2 tablespoon heavy (whipping) cream $ ",Milk/Cream $ Dessert $ Bake $ Strawberry $ Lemon $ Summer $ Parade $ ,American $ ,3.5/4,21,Milk/Cream $ Dessert $ Bake $ Strawberry $ Lemon $ Summer $ Parade $ American $ 
https://www.epicurious.com/recipes/food/views/lemon-caesar-salad-242600,Lemon Caesar Salad ,"2 cloves of garlic, very finely mashed into a paste with 1/4 teaspoon coarse salt $ 1 tablespoon anchovies, rinsed, patted dry and finely minced $ 2 teaspoon finely grated lemon zest $ 2 tablespoon fresh lemon juice $ 1 tablespoon red-wine vinegar $ 1 tablespoon Dijon mustard $ 1/2 cup extra-virgin olive oil $ Freshly ground black pepper, to taste $ 3 hearts romaine lettuce, leaves separated, rinsed and patted dry $ 1 large egg, boiled for 1 minute $ 3 tablespoon freshly grated Parmesan cheese $ 2 cups croutons, homemade or store-bought $ ",Salad $ Egg $ Fish $ No-Cook $ Quick & Easy $ Parmesan $ Lemon $ Lettuce $ Parade $ ,American $ ,4/4,8,Salad $ Egg $ Fish $ No-Cook $ Quick & Easy $ Parmesan $ Lemon $ Lettuce $ Parade $ American $ 
https://www.epicurious.com/recipes/food/views/crab-cakes-242592,Crab Cakes ,"2 slices firm white sandwich bread $ 1/2 pound jumbo lump crabmeat, picked over $ 2 tablespoon mayonnaise $ 1/2 teaspoon Worcestershire sauce $ 1 large egg, beaten $ 2 tablespoon unsalted butter $ lemon wedges $ ",Egg $ Quick & Easy $ Lunch $ Mayonnaise $ Crab $ Summer $ Pan-Fry $ Gourmet $ Sugar Conscious $ Peanut Free $ Tree Nut Free $ Soy Free $ ,American $ ,3.5/4,73,Egg $ Quick & Easy $ Lunch $ Mayonnaise $ Crab $ Summer $ Pan-Fry $ Gourmet $ Sugar Conscious $ Peanut Free $ Tree Nut Free $ Soy Free $ American $ 
https://www.epicurious.com/recipes/food/views/blt-chicken-with-rosemary-lemon-mayonnaise-242483,BLT Chicken with Rosemary-Lemon Mayonnaise ,"1/2 cup mayonnaise $ 1 teaspoon minced fresh rosemary $ 1/2 teaspoon finely grated lemon peel $ 5 slices thick-cut bacon, cut into 1/2-inch pieces $ 4 large plum tomatoes, cut into 1/2-inch cubes $ 1 teaspoon cumin seeds $ 1 5-ounce package mixed baby greens $ 1 tablespoon red wine vinegar $ 4 skinless boneless chicken breast halves $ 1 cup panko (Japanese breadcrumbs)* $ 3 tablespoons olive oil $ *Available in the Asian foods section of some supermarkets and at Asian markets. $ ",Chicken $ Leafy Green $ Sauté $ Quick & Easy $ High Fiber $ Dinner $ Lunch $ Mayonnaise $ Bacon $ Poker/Game Night $ Bon Appétit $ Sugar Conscious $ Dairy Free $ ,American $ ,3/4,19,Chicken $ Leafy Green $ Sauté $ Quick & Easy $ High Fiber $ Dinner $ Lunch $ Mayonnaise $ Bacon $ Poker/Game Night $ Bon Appétit $ Sugar Conscious $ Dairy Free $ American $ 
https://www.epicurious.com/recipes/food/views/lemon-pepper-popovers-242299,Lemon-Pepper Popovers ,"3/4 cup whole milk $ 1/4 cup water $ 2 large eggs $ 1 teaspoon grated lemon zest $ 1 tablespoon unsalted butter, melted $ 3/4 cup plus 2 tablespoons all-purpose flour $ 1/2 teaspoon salt $ 1/2 teaspoon black pepper $ a popover pan with 6 (2/3-cup) cups (see cooks' note, below) $ ",Bread $ Brunch $ Side $ Bake $ Picnic $ Vegetarian $ Kid-Friendly $ Quick & Easy $ Lemon $ Potluck $ Gourmet $ ,American $ ,3.5/4,14,Bread $ Brunch $ Side $ Bake $ Picnic $ Vegetarian $ Kid-Friendly $ Quick & Easy $ Lemon $ Potluck $ Gourmet $ American $ 
https://www.epicurious.com/recipes/food/views/buffalo-salmon-242298,Buffalo Salmon ,5 tablespoons unsalted butter $ 1/4 cup hot sauce such as Frank's Redhot $ 1/3 cup panko (Japanese bread crumbs) $ 1 tablespoon vegetable oil $ 1 (2-pound) piece salmon fillet with skin $ ,Bake $ Quick & Easy $ Dinner $ Salmon $ Spring $ Gourmet $ Sugar Conscious $ Pescatarian $ Peanut Free $ Tree Nut Free $ Soy Free $ ,American $ ,3.5/4,77,Bake $ Quick & Easy $ Dinner $ Salmon $ Spring $ Gourmet $ Sugar Conscious $ Pescatarian $ Peanut Free $ Tree Nut Free $ Soy Free $ American $ 
https://www.epicurious.com/recipes/food/views/north-carolina-coleslaw-242265,North Carolina Coleslaw ,"1 small green cabbage*, grated or chopped into 1/8-inch-thick pieces $ 1 to 2 cups Lexington-Style Barbecue Sauce $ Sea salt and freshly ground black pepper to taste $ freshly ground black pepper $ *Some people insist on grating or chopping the cabbage by hand. In all the barbecue restaurants, they use a food processor and I have gotten used to the very finely minced coleslaw that they serve. So, feel free to use a food processor for this coleslaw. $ ",Food Processor $ Side $ Marinate $ No-Cook $ Picnic $ Vegetarian $ Kid-Friendly $ Quick & Easy $ Backyard BBQ $ Summer $ Tailgating $ Cabbage $ ,American $ Southern $ ,3.5/4,3,Food Processor $ Side $ Marinate $ No-Cook $ Picnic $ Vegetarian $ Kid-Friendly $ Quick & Easy $ Backyard BBQ $ Summer $ Tailgating $ Cabbage $ American $ Southern $ 
https://www.epicurious.com/recipes/food/views/lexington-style-bbq-sauce-242264,Lexington-Style Bbq Sauce ,2 cups cider vinegar $ 1 tablespoon sea salt $ 1 tablespoon ground white pepper $ 1 tablespoon red pepper flakes $ 2 tablespoons white sugar $ 1/4 cup dark brown sugar $ 1 teaspoon freshly ground black pepper $ 1/2 cup ketchup $ ,Sauce $ No-Cook $ Backyard BBQ $ Vinegar $ Summer $ Tailgating $ ,American $ Southern $ ,2.5/4,17,Sauce $ No-Cook $ Backyard BBQ $ Vinegar $ Summer $ Tailgating $ American $ Southern $ 
